Z,N,IE_pred_eV
1,1,13.605693122994
2,2,54.422772491976
2,1,54.422772491976
3,3,30.6128095267365
3,2,122.451238106946
3,1,122.451238106946
4,4,54.422772491976
4,3,54.422772491976
4,2,217.691089967904
4,1,217.691089967904
5,5,85.0355820187125
5,4,85.0355820187125
5,3,85.0355820187125
5,2,340.14232807485
5,1,340.14232807485
6,6,122.451238106946
6,5,122.451238106946
6,4,122.451238106946
6,3,122.451238106946
6,2,489.804952427784
6,1,489.804952427784
7,7,166.6697407566765
7,6,166.6697407566765
7,5,166.6697407566765
7,4,166.6697407566765
7,3,166.6697407566765
7,2,666.678963026706
7,1,666.678963026706
8,8,217.691089967904
8,7,217.691089967904
8,6,217.691089967904
8,5,217.691089967904
8,4,217.691089967904
8,3,217.691089967904
8,2,870.764359871616
8,1,870.764359871616
9,9,275.5152857406285
9,8,275.5152857406285
9,7,275.5152857406285
9,6,275.5152857406285
9,5,275.5152857406285
9,4,275.5152857406285
9,3,275.5152857406285
9,2,1102.061142962514
9,1,1102.061142962514
10,10,340.14232807485
10,9,340.14232807485
10,8,340.14232807485
10,7,340.14232807485
10,6,340.14232807485
10,5,340.14232807485
10,4,340.14232807485
10,3,340.14232807485
10,2,1360.5693122994
10,1,1360.5693122994
11,11,182.92098532025202
11,10,411.5722169705685
11,9,411.5722169705685
11,8,411.5722169705685
11,7,411.5722169705685
11,6,411.5722169705685
11,5,411.5722169705685
11,4,411.5722169705685
11,3,411.5722169705685
11,2,1646.288867882274
11,1,1646.288867882274
12,12,217.69108996790496
12,11,217.69108996790322
12,10,489.804952427784
12,9,489.804952427784
12,8,489.804952427784
12,7,489.804952427784
12,6,489.804952427784
12,5,489.804952427784
12,4,489.804952427784
12,3,489.804952427784
12,2,1959.219809711136
12,1,1959.219809711136
13,13,255.48468197621975
13,12,255.4846819762218
13,11,255.48468197621975
13,10,574.8405344464965
13,9,574.8405344464965
13,8,574.8405344464965
13,7,574.8405344464965
13,6,574.8405344464965
13,5,574.8405344464965
13,4,574.8405344464965
13,3,574.8405344464965
13,2,2299.362137785986
13,1,2299.362137785986
14,14,296.30176134520394
14,13,296.3017613452016
14,12,296.30176134520394
14,11,296.3017613452016
14,10,666.678963026706
14,9,666.678963026706
14,8,666.678963026706
14,7,666.678963026706
14,6,666.678963026706
14,5,666.678963026706
14,4,666.678963026706
14,3,666.678963026706
14,2,2666.715852106824
14,1,2666.715852106824
15,15,340.14232807484876
15,14,340.1423280748515
15,13,340.14232807484876
15,12,340.1423280748515
15,11,340.14232807484876
15,10,765.3202381684125
15,9,765.3202381684125
15,8,765.3202381684125
15,7,765.3202381684125
15,6,765.3202381684125
15,5,765.3202381684125
15,4,765.3202381684125
15,3,765.3202381684125
15,2,3061.28095267365
15,1,3061.28095267365
16,16,387.0063821651644
16,15,387.00638216516126
16,14,387.0063821651644
16,13,387.00638216516126
16,12,387.0063821651644
16,11,387.00638216516126
16,10,870.764359871616
16,9,870.764359871616
16,8,870.764359871616
16,7,870.764359871616
16,6,870.764359871616
16,5,870.764359871616
16,4,870.764359871616
16,3,870.764359871616
16,2,3483.057439486464
16,1,3483.057439486464
17,17,436.89392361613915
17,16,436.8939236161426
17,15,436.89392361613915
17,14,436.8939236161426
17,13,436.89392361613915
17,12,436.8939236161426
17,11,436.89392361613915
17,10,983.0113281363165
17,9,983.0113281363165
17,8,983.0113281363165
17,7,983.0113281363165
17,6,983.0113281363165
17,5,983.0113281363165
17,4,983.0113281363165
17,3,983.0113281363165
17,2,3932.045312545266
17,1,3932.045312545266
18,18,489.80495242778613
18,17,489.80495242778227
18,16,489.80495242778613
18,15,489.80495242778227
18,14,489.80495242778613
18,13,489.80495242778227
18,12,489.80495242778613
18,11,489.80495242778227
18,10,1102.061142962514
18,9,1102.061142962514
18,8,1102.061142962514
18,7,1102.061142962514
18,6,1102.061142962514
18,5,1102.061142962514
18,4,1102.061142962514
18,3,1102.061142962514
18,2,4408.244571850056
18,1,4408.244571850056
19,19,306.9784510875521
19,18,545.739468600095
19,17,545.7394686000907
19,16,545.739468600095
19,15,545.7394686000907
19,14,545.739468600095
19,13,545.7394686000907
19,12,545.739468600095
19,11,545.7394686000907
19,10,1227.9138043502085
19,9,1227.9138043502085
19,8,1227.9138043502085
19,7,1227.9138043502085
19,6,1227.9138043502085
19,5,1227.9138043502085
19,4,1227.9138043502085
19,3,1227.9138043502085
19,2,4911.655217400834
19,1,4911.655217400834
20,20,340.14232807485
20,19,340.14232807485
20,18,604.6974721330694
20,17,604.6974721330645
20,16,604.6974721330694
20,15,604.6974721330645
20,14,604.6974721330694
20,13,604.6974721330645
20,12,604.6974721330694
20,11,604.6974721330645
20,10,1360.5693122994
20,9,1360.5693122994
20,8,1360.5693122994
20,7,1360.5693122994
20,6,1360.5693122994
20,5,1360.5693122994
20,4,1360.5693122994
20,3,1360.5693122994
20,2,5442.2772491976
20,1,5442.2772491976
21,21,375.0069167025221
21,20,375.0069167025221
21,19,666.6789630267036
21,18,666.678963026709
21,17,666.6789630267036
21,16,666.678963026709
21,15,666.6789630267036
21,14,666.678963026709
21,13,666.6789630267036
21,12,666.678963026709
21,11,666.6789630267036
21,10,1500.0276668100885
21,9,1500.0276668100885
21,8,1500.0276668100885
21,7,1500.0276668100885
21,6,1500.0276668100885
21,5,1500.0276668100885
21,4,1500.0276668100885
21,3,1500.0276668100885
21,2,6000.110667240354
21,1,6000.110667240354
22,22,411.5722169705685
22,21,411.5722169705685
22,20,731.6839412810081
22,19,731.6839412810081
22,18,731.6839412810139
22,17,731.6839412810081
22,16,731.6839412810139
22,15,731.6839412810081
22,14,731.6839412810139
22,13,731.6839412810081
22,12,731.6839412810139
22,11,731.6839412810081
22,10,1646.288867882274
22,9,1646.288867882274
22,8,1646.288867882274
22,7,1646.288867882274
22,6,1646.288867882274
22,5,1646.288867882274
22,4,1646.288867882274
22,3,1646.288867882274
22,2,6585.155471529096
22,1,6585.155471529096
23,23,99.96405086200042
23,22,799.7124068959779
23,21,799.7124068959843
23,20,799.7124068959779
23,19,799.7124068959779
23,18,799.7124068959843
23,17,799.7124068959779
23,16,799.7124068959843
23,15,799.7124068959779
23,14,799.7124068959843
23,13,799.7124068959779
23,12,799.7124068959843
23,11,799.7124068959779
23,10,1799.3529155159565
23,9,1799.3529155159565
23,8,1799.3529155159565
23,7,1799.3529155159565
23,6,1799.3529155159565
23,5,1799.3529155159565
23,4,1799.3529155159565
23,3,1799.3529155159565
23,2,7197.411662063826
23,1,7197.411662063826
24,24,489.804952427784
24,23,870.7643598716198
24,22,870.7643598716129
24,21,870.7643598716198
24,20,870.7643598716129
24,19,870.7643598716129
24,18,870.7643598716198
24,17,870.7643598716129
24,16,870.7643598716198
24,15,870.7643598716129
24,14,870.7643598716198
24,13,870.7643598716129
24,12,870.7643598716198
24,11,870.7643598716129
24,10,1959.219809711136
24,9,1959.219809711136
24,8,1959.219809711136
24,7,1959.219809711136
24,6,1959.219809711136
24,5,1959.219809711136
24,4,1959.219809711136
24,3,1959.219809711136
24,2,7836.879238844544
24,1,7836.879238844544
25,25,531.4723876169531
25,24,531.4723876169531
25,23,944.8398002079209
25,22,944.8398002079133
25,21,944.8398002079209
25,20,944.8398002079133
25,19,944.8398002079133
25,18,944.8398002079209
25,17,944.8398002079133
25,16,944.8398002079209
25,15,944.8398002079133
25,14,944.8398002079209
25,13,944.8398002079133
25,12,944.8398002079209
25,11,944.8398002079133
25,10,2125.8895504678126
25,9,2125.8895504678126
25,8,2125.8895504678126
25,7,2125.8895504678126
25,6,2125.8895504678126
25,5,2125.8895504678126
25,4,2125.8895504678126
25,3,2125.8895504678126
25,2,8503.55820187125
25,1,8503.55820187125
26,26,574.8405344464965
26,25,574.8405344464965
26,24,1021.938727904879
26,23,1021.9387279048872
26,22,1021.938727904879
26,21,1021.9387279048872
26,20,1021.938727904879
26,19,1021.938727904879
26,18,1021.9387279048872
26,17,1021.938727904879
26,16,1021.9387279048872
26,15,1021.938727904879
26,14,1021.9387279048872
26,13,1021.938727904879
26,12,1021.9387279048872
26,11,1021.938727904879
26,10,2299.362137785986
26,9,2299.362137785986
26,8,2299.362137785986
26,7,2299.362137785986
26,6,2299.362137785986
26,5,2299.362137785986
26,4,2299.362137785986
26,3,2299.362137785986
26,2,9197.448551143943
26,1,9197.448551143943
27,27,137.75764287031816
27,26,1102.06114296251
27,25,1102.0611429625187
27,24,1102.06114296251
27,23,1102.0611429625187
27,22,1102.06114296251
27,21,1102.0611429625187
27,20,1102.06114296251
27,19,1102.06114296251
27,18,1102.0611429625187
27,17,1102.06114296251
27,16,1102.0611429625187
27,15,1102.06114296251
27,14,1102.0611429625187
27,13,1102.06114296251
27,12,1102.0611429625187
27,11,1102.06114296251
27,10,2479.637571665656
27,9,2479.637571665656
27,8,2479.637571665656
27,7,2479.637571665656
27,6,2479.637571665656
27,5,2479.637571665656
27,4,2479.637571665656
27,3,2479.637571665656
27,2,9918.550286662625
27,1,9918.550286662625
28,28,148.15088067259606
28,27,1185.2070453808158
28,26,1185.2070453808064
28,25,1185.2070453808158
28,24,1185.2070453808064
28,23,1185.2070453808158
28,22,1185.2070453808064
28,21,1185.2070453808158
28,20,1185.2070453808064
28,19,1185.2070453808064
28,18,1185.2070453808158
28,17,1185.2070453808064
28,16,1185.2070453808158
28,15,1185.2070453808064
28,14,1185.2070453808158
28,13,1185.2070453808064
28,12,1185.2070453808158
28,11,1185.2070453808064
28,10,2666.715852106824
28,9,2666.715852106824
28,8,2666.715852106824
28,7,2666.715852106824
28,6,2666.715852106824
28,5,2666.715852106824
28,4,2666.715852106824
28,3,2666.715852106824
28,2,10666.863408427296
28,1,10666.863408427296
29,29,715.1492447773721
29,28,1271.376435159768
29,27,1271.376435159778
29,26,1271.376435159768
29,25,1271.376435159778
29,24,1271.376435159768
29,23,1271.376435159778
29,22,1271.376435159768
29,21,1271.376435159778
29,20,1271.376435159768
29,19,1271.376435159768
29,18,1271.376435159778
29,17,1271.376435159768
29,16,1271.376435159778
29,15,1271.376435159768
29,14,1271.376435159778
29,13,1271.376435159768
29,12,1271.376435159778
29,11,1271.376435159768
29,10,2860.5969791094885
29,9,2860.5969791094885
29,8,2860.5969791094885
29,7,2860.5969791094885
29,6,2860.5969791094885
29,5,2860.5969791094885
29,4,2860.5969791094885
29,3,2860.5969791094885
29,2,11442.387916437954
29,1,11442.387916437954
30,30,765.3202381684125
30,29,765.3202381684125
30,28,1360.569312299395
30,27,1360.569312299406
30,26,1360.569312299395
30,25,1360.569312299406
30,24,1360.569312299395
30,23,1360.569312299406
30,22,1360.569312299395
30,21,1360.569312299406
30,20,1360.569312299395
30,19,1360.569312299395
30,18,1360.569312299406
30,17,1360.569312299395
30,16,1360.569312299406
30,15,1360.569312299395
30,14,1360.569312299406
30,13,1360.569312299395
30,12,1360.569312299406
30,11,1360.569312299395
30,10,3061.28095267365
30,9,3061.28095267365
30,8,3061.28095267365
30,7,3061.28095267365
30,6,3061.28095267365
30,5,3061.28095267365
30,4,3061.28095267365
30,3,3061.28095267365
30,2,12245.1238106946
30,1,12245.1238106946
31,31,817.191943199827
31,30,817.191943199827
31,29,817.191943199827
31,28,1452.7856767996875
31,27,1452.785676799699
31,26,1452.7856767996875
31,25,1452.785676799699
31,24,1452.7856767996875
31,23,1452.785676799699
31,22,1452.7856767996875
31,21,1452.785676799699
31,20,1452.7856767996875
31,19,1452.7856767996875
31,18,1452.785676799699
31,17,1452.7856767996875
31,16,1452.785676799699
31,15,1452.7856767996875
31,14,1452.785676799699
31,13,1452.7856767996875
31,12,1452.785676799699
31,11,1452.7856767996875
31,10,3268.767772799308
31,9,3268.767772799308
31,8,3268.767772799308
31,7,3268.767772799308
31,6,3268.767772799308
31,5,3268.767772799308
31,4,3268.767772799308
31,3,3268.767772799308
31,2,13075.071091197233
31,1,13075.071091197233
32,32,870.764359871616
32,31,870.764359871616
32,30,870.764359871616
32,29,870.764359871616
32,28,1548.025528660645
32,27,1548.0255286606575
32,26,1548.025528660645
32,25,1548.0255286606575
32,24,1548.025528660645
32,23,1548.0255286606575
32,22,1548.025528660645
32,21,1548.0255286606575
32,20,1548.025528660645
32,19,1548.025528660645
32,18,1548.0255286606575
32,17,1548.025528660645
32,16,1548.0255286606575
32,15,1548.025528660645
32,14,1548.0255286606575
32,13,1548.025528660645
32,12,1548.0255286606575
32,11,1548.025528660645
32,10,3483.057439486464
32,9,3483.057439486464
32,8,3483.057439486464
32,7,3483.057439486464
32,6,3483.057439486464
32,5,3483.057439486464
32,4,3483.057439486464
32,3,3483.057439486464
32,2,13932.229757945855
32,1,13932.229757945855
33,33,926.037488183779
33,32,926.037488183779
33,31,926.037488183779
33,30,926.037488183779
33,29,926.037488183779
33,28,1646.288867882268
33,27,1646.2888678822812
33,26,1646.288867882268
33,25,1646.2888678822812
33,24,1646.288867882268
33,23,1646.2888678822812
33,22,1646.288867882268
33,21,1646.2888678822812
33,20,1646.288867882268
33,19,1646.288867882268
33,18,1646.2888678822812
33,17,1646.288867882268
33,16,1646.2888678822812
33,15,1646.288867882268
33,14,1646.2888678822812
33,13,1646.288867882268
33,12,1646.2888678822812
33,11,1646.288867882268
33,10,3704.149952735116
33,9,3704.149952735116
33,8,3704.149952735116
33,7,3704.149952735116
33,6,3704.149952735116
33,5,3704.149952735116
33,4,3704.149952735116
33,3,3704.149952735116
33,2,14816.599810940465
33,1,14816.599810940465
34,34,983.0113281363165
34,33,983.0113281363165
34,32,983.0113281363165
34,31,983.0113281363165
34,30,983.0113281363165
34,29,983.0113281363165
34,28,1747.5756944645566
34,27,1747.5756944645705
34,26,1747.5756944645566
34,25,1747.5756944645705
34,24,1747.5756944645566
34,23,1747.5756944645705
34,22,1747.5756944645566
34,21,1747.5756944645705
34,20,1747.5756944645566
34,19,1747.5756944645566
34,18,1747.5756944645705
34,17,1747.5756944645566
34,16,1747.5756944645705
34,15,1747.5756944645566
34,14,1747.5756944645705
34,13,1747.5756944645566
34,12,1747.5756944645705
34,11,1747.5756944645566
34,10,3932.045312545266
34,9,3932.045312545266
34,8,3932.045312545266
34,7,3932.045312545266
34,6,3932.045312545266
34,5,3932.045312545266
34,4,3932.045312545266
34,3,3932.045312545266
34,2,15728.181250181064
34,1,15728.181250181064
35,35,1041.6858797292282
35,34,1041.6858797292282
35,33,1041.6858797292282
35,32,1041.6858797292282
35,31,1041.6858797292282
35,30,1041.6858797292282
35,29,1041.6858797292282
35,28,1851.88600840751
35,27,1851.8860084075247
35,26,1851.88600840751
35,25,1851.8860084075247
35,24,1851.88600840751
35,23,1851.8860084075247
35,22,1851.88600840751
35,21,1851.8860084075247
35,20,1851.88600840751
35,19,1851.88600840751
35,18,1851.8860084075247
35,17,1851.88600840751
35,16,1851.8860084075247
35,15,1851.88600840751
35,14,1851.8860084075247
35,13,1851.88600840751
35,12,1851.8860084075247
35,11,1851.88600840751
35,10,4166.743518916913
35,9,4166.743518916913
35,8,4166.743518916913
35,7,4166.743518916913
35,6,4166.743518916913
35,5,4166.743518916913
35,4,4166.743518916913
35,3,4166.743518916913
35,2,16666.97407566765
35,1,16666.97407566765
36,36,1102.061142962514
36,35,1102.061142962514
36,34,1102.061142962514
36,33,1102.061142962514
36,32,1102.061142962514
36,31,1102.061142962514
36,30,1102.061142962514
36,29,1102.061142962514
36,28,1959.219809711129
36,27,1959.2198097111445
36,26,1959.219809711129
36,25,1959.2198097111445
36,24,1959.219809711129
36,23,1959.2198097111445
36,22,1959.219809711129
36,21,1959.2198097111445
36,20,1959.219809711129
36,19,1959.219809711129
36,18,1959.2198097111445
36,17,1959.219809711129
36,16,1959.2198097111445
36,15,1959.219809711129
36,14,1959.2198097111445
36,13,1959.219809711129
36,12,1959.2198097111445
36,11,1959.219809711129
36,10,4408.244571850056
36,9,4408.244571850056
36,8,4408.244571850056
36,7,4408.244571850056
36,6,4408.244571850056
36,5,4408.244571850056
36,4,4408.244571850056
36,3,4408.244571850056
36,2,17632.978287400223
36,1,17632.978287400223
37,37,745.0477554151521
37,36,1164.1371178361742
37,35,1164.1371178361742
37,34,1164.1371178361742
37,33,1164.1371178361742
37,32,1164.1371178361742
37,31,1164.1371178361742
37,30,1164.1371178361742
37,29,1164.1371178361742
37,28,2069.5770983754132
37,27,2069.57709837543
37,26,2069.5770983754132
37,25,2069.57709837543
37,24,2069.5770983754132
37,23,2069.57709837543
37,22,2069.5770983754132
37,21,2069.57709837543
37,20,2069.5770983754132
37,19,2069.5770983754132
37,18,2069.57709837543
37,17,2069.5770983754132
37,16,2069.57709837543
37,15,2069.5770983754132
37,14,2069.57709837543
37,13,2069.5770983754132
37,12,2069.57709837543
37,11,2069.5770983754132
37,10,4656.548471344697
37,9,4656.548471344697
37,8,4656.548471344697
37,7,4656.548471344697
37,6,4656.548471344697
37,5,4656.548471344697
37,4,4656.548471344697
37,3,4656.548471344697
37,2,18626.193885378787
37,1,18626.193885378787
38,38,785.864834784134
38,37,785.864834784134
38,36,1227.9138043502085
38,35,1227.9138043502085
38,34,1227.9138043502085
38,33,1227.9138043502085
38,32,1227.9138043502085
38,31,1227.9138043502085
38,30,1227.9138043502085
38,29,1227.9138043502085
38,28,2182.957874400363
38,27,2182.95787440038
38,26,2182.957874400363
38,25,2182.95787440038
38,24,2182.957874400363
38,23,2182.95787440038
38,22,2182.957874400363
38,21,2182.95787440038
38,20,2182.957874400363
38,19,2182.957874400363
38,18,2182.95787440038
38,17,2182.957874400363
38,16,2182.95787440038
38,15,2182.957874400363
38,14,2182.95787440038
38,13,2182.957874400363
38,12,2182.95787440038
38,11,2182.957874400363
38,10,4911.655217400834
38,9,4911.655217400834
38,8,4911.655217400834
38,7,4911.655217400834
38,6,4911.655217400834
38,5,4911.655217400834
38,4,4911.655217400834
38,3,4911.655217400834
38,2,19646.620869603335
38,1,19646.620869603335
39,39,1293.391202504617
39,38,362.1495367012942
39,37,1293.391202504617
39,36,1293.391202504617
39,35,1293.391202504617
39,34,1293.391202504617
39,33,1293.391202504617
39,32,1293.391202504617
39,31,1293.391202504617
39,30,1293.391202504617
39,29,1293.391202504617
39,28,2299.3621377859777
39,27,2299.362137785996
39,26,2299.3621377859777
39,25,2299.362137785996
39,24,2299.3621377859777
39,23,2299.362137785996
39,22,2299.3621377859777
39,21,2299.362137785996
39,20,2299.3621377859777
39,19,2299.3621377859777
39,18,2299.362137785996
39,17,2299.3621377859777
39,16,2299.362137785996
39,15,2299.3621377859777
39,14,2299.362137785996
39,13,2299.3621377859777
39,12,2299.362137785996
39,11,2299.3621377859777
39,10,5173.564810018468
39,9,5173.564810018468
39,8,5173.564810018468
39,7,5173.564810018468
39,6,5173.564810018468
39,5,5173.564810018468
39,4,5173.564810018468
39,3,5173.564810018468
39,2,20694.259240073872
39,1,20694.259240073872
40,40,870.7643598716168
40,39,870.7643598716168
40,38,1360.5693122994
40,37,1360.5693122994
40,36,1360.5693122994
40,35,1360.5693122994
40,34,1360.5693122994
40,33,1360.5693122994
40,32,1360.5693122994
40,31,1360.5693122994
40,30,1360.5693122994
40,29,1360.5693122994
40,28,2418.789888532258
40,27,2418.7898885322775
40,26,2418.789888532258
40,25,2418.7898885322775
40,24,2418.789888532258
40,23,2418.7898885322775
40,22,2418.789888532258
40,21,2418.7898885322775
40,20,2418.789888532258
40,19,2418.789888532258
40,18,2418.7898885322775
40,17,2418.789888532258
40,16,2418.7898885322775
40,15,2418.789888532258
40,14,2418.7898885322775
40,13,2418.789888532258
40,12,2418.7898885322775
40,11,2418.789888532258
40,10,5442.2772491976
40,9,5442.2772491976
40,8,5442.2772491976
40,7,5442.2772491976
40,6,5442.2772491976
40,5,5442.2772491976
40,4,5442.2772491976
40,3,5442.2772491976
40,2,21769.1089967904
40,1,21769.1089967904
41,41,914.8468055901175
41,40,1429.4481337345571
41,39,1429.4481337345571
41,38,1429.4481337345571
41,37,1429.4481337345571
41,36,1429.4481337345571
41,35,1429.4481337345571
41,34,1429.4481337345571
41,33,1429.4481337345571
41,32,1429.4481337345571
41,31,1429.4481337345571
41,30,1429.4481337345571
41,29,1429.4481337345571
41,28,2541.2411266392037
41,27,2541.2411266392237
41,26,2541.2411266392037
41,25,2541.2411266392237
41,24,2541.2411266392037
41,23,2541.2411266392237
41,22,2541.2411266392037
41,21,2541.2411266392237
41,20,2541.2411266392037
41,19,2541.2411266392037
41,18,2541.2411266392237
41,17,2541.2411266392037
41,16,2541.2411266392237
41,15,2541.2411266392037
41,14,2541.2411266392237
41,13,2541.2411266392037
41,12,2541.2411266392237
41,11,2541.2411266392037
41,10,5717.7925349382285
41,9,5717.7925349382285
41,8,5717.7925349382285
41,7,5717.7925349382285
41,6,5717.7925349382285
41,5,5717.7925349382285
41,4,5717.7925349382285
41,3,5717.7925349382285
41,2,22871.170139752914
41,1,22871.170139752914
42,42,960.0177067584574
42,41,1500.0276668100885
42,40,1500.0276668100885
42,39,1500.0276668100885
42,38,1500.0276668100885
42,37,1500.0276668100885
42,36,1500.0276668100885
42,35,1500.0276668100885
42,34,1500.0276668100885
42,33,1500.0276668100885
42,32,1500.0276668100885
42,31,1500.0276668100885
42,30,1500.0276668100885
42,29,1500.0276668100885
42,28,2666.7158521068145
42,27,2666.715852106836
42,26,2666.7158521068145
42,25,2666.715852106836
42,24,2666.7158521068145
42,23,2666.715852106836
42,22,2666.7158521068145
42,21,2666.715852106836
42,20,2666.7158521068145
42,19,2666.7158521068145
42,18,2666.715852106836
42,17,2666.7158521068145
42,16,2666.715852106836
42,15,2666.7158521068145
42,14,2666.715852106836
42,13,2666.7158521068145
42,12,2666.715852106836
42,11,2666.7158521068145
42,10,6000.110667240354
42,9,6000.110667240354
42,8,6000.110667240354
42,7,6000.110667240354
42,6,6000.110667240354
42,5,6000.110667240354
42,4,6000.110667240354
42,3,6000.110667240354
42,2,24000.442668961416
42,1,24000.442668961416
43,43,1006.2770633766371
43,42,1006.2770633766371
43,41,1572.307911525994
43,40,1572.307911525994
43,39,1572.307911525994
43,38,1572.307911525994
43,37,1572.307911525994
43,36,1572.307911525994
43,35,1572.307911525994
43,34,1572.307911525994
43,33,1572.307911525994
43,32,1572.307911525994
43,31,1572.307911525994
43,30,1572.307911525994
43,29,1572.307911525994
43,28,2795.214064935091
43,27,2795.214064935113
43,26,2795.214064935091
43,25,2795.214064935113
43,24,2795.214064935091
43,23,2795.214064935113
43,22,2795.214064935091
43,21,2795.214064935113
43,20,2795.214064935091
43,19,2795.214064935091
43,18,2795.214064935113
43,17,2795.214064935091
43,16,2795.214064935113
43,15,2795.214064935091
43,14,2795.214064935113
43,13,2795.214064935091
43,12,2795.214064935113
43,11,2795.214064935091
43,10,6289.231646103976
43,9,6289.231646103976
43,8,6289.231646103976
43,7,6289.231646103976
43,6,6289.231646103976
43,5,6289.231646103976
43,4,6289.231646103976
43,3,6289.231646103976
43,2,25156.926584415905
43,1,25156.926584415905
44,44,1053.6248754446563
44,43,1646.288867882274
44,42,1646.288867882274
44,41,1646.288867882274
44,40,1646.288867882274
44,39,1646.288867882274
44,38,1646.288867882274
44,37,1646.288867882274
44,36,1646.288867882274
44,35,1646.288867882274
44,34,1646.288867882274
44,33,1646.288867882274
44,32,1646.288867882274
44,31,1646.288867882274
44,30,1646.288867882274
44,29,1646.288867882274
44,28,2926.7357651240322
44,27,2926.7357651240554
44,26,2926.7357651240322
44,25,2926.7357651240554
44,24,2926.7357651240322
44,23,2926.7357651240554
44,22,2926.7357651240322
44,21,2926.7357651240554
44,20,2926.7357651240322
44,19,2926.7357651240322
44,18,2926.7357651240554
44,17,2926.7357651240322
44,16,2926.7357651240554
44,15,2926.7357651240322
44,14,2926.7357651240554
44,13,2926.7357651240322
44,12,2926.7357651240554
44,11,2926.7357651240322
44,10,6585.155471529096
44,9,6585.155471529096
44,8,6585.155471529096
44,7,6585.155471529096
44,6,6585.155471529096
44,5,6585.155471529096
44,4,6585.155471529096
44,3,6585.155471529096
44,2,26340.621886116383
44,1,26340.621886116383
45,45,1102.0611429625149
45,44,1721.970535878928
45,43,1721.970535878928
45,42,1721.970535878928
45,41,1721.970535878928
45,40,1721.970535878928
45,39,1721.970535878928
45,38,1721.970535878928
45,37,1721.970535878928
45,36,1721.970535878928
45,35,1721.970535878928
45,34,1721.970535878928
45,33,1721.970535878928
45,32,1721.970535878928
45,31,1721.970535878928
45,30,1721.970535878928
45,29,1721.970535878928
45,28,3061.280952673639
45,27,3061.2809526736633
45,26,3061.280952673639
45,25,3061.2809526736633
45,24,3061.280952673639
45,23,3061.2809526736633
45,22,3061.280952673639
45,21,3061.2809526736633
45,20,3061.280952673639
45,19,3061.280952673639
45,18,3061.2809526736633
45,17,3061.280952673639
45,16,3061.2809526736633
45,15,3061.280952673639
45,14,3061.2809526736633
45,13,3061.280952673639
45,12,3061.2809526736633
45,11,3061.280952673639
45,10,6887.882143515712
45,9,6887.882143515712
45,8,6887.882143515712
45,7,6887.882143515712
45,6,6887.882143515712
45,5,6887.882143515712
45,4,6887.882143515712
45,3,6887.882143515712
45,2,27551.52857406285
45,1,27551.52857406285
46,46,1799.3529155159565
46,45,1799.3529155159565
46,44,1799.3529155159565
46,43,1799.3529155159565
46,42,1799.3529155159565
46,41,1799.3529155159565
46,40,1799.3529155159565
46,39,1799.3529155159565
46,38,1799.3529155159565
46,37,1799.3529155159565
46,36,1799.3529155159565
46,35,1799.3529155159565
46,34,1799.3529155159565
46,33,1799.3529155159565
46,32,1799.3529155159565
46,31,1799.3529155159565
46,30,1799.3529155159565
46,29,1799.3529155159565
46,28,3198.8496275839116
46,27,3198.849627583937
46,26,3198.8496275839116
46,25,3198.849627583937
46,24,3198.8496275839116
46,23,3198.849627583937
46,22,3198.8496275839116
46,21,3198.849627583937
46,20,3198.8496275839116
46,19,3198.8496275839116
46,18,3198.849627583937
46,17,3198.8496275839116
46,16,3198.849627583937
46,15,3198.8496275839116
46,14,3198.849627583937
46,13,3198.8496275839116
46,12,3198.849627583937
46,11,3198.8496275839116
46,10,7197.411662063826
46,9,7197.411662063826
46,8,7197.411662063826
46,7,7197.411662063826
46,6,7197.411662063826
46,5,7197.411662063826
46,4,7197.411662063826
46,3,7197.411662063826
46,2,28789.646648255304
46,1,28789.646648255304
47,47,1202.199044347751
47,46,1878.436006793359
47,45,1878.436006793359
47,44,1878.436006793359
47,43,1878.436006793359
47,42,1878.436006793359
47,41,1878.436006793359
47,40,1878.436006793359
47,39,1878.436006793359
47,38,1878.436006793359
47,37,1878.436006793359
47,36,1878.436006793359
47,35,1878.436006793359
47,34,1878.436006793359
47,33,1878.436006793359
47,32,1878.436006793359
47,31,1878.436006793359
47,30,1878.436006793359
47,29,1878.436006793359
47,28,3339.4417898548486
47,27,3339.4417898548754
47,26,3339.4417898548486
47,25,3339.4417898548754
47,24,3339.4417898548486
47,23,3339.4417898548754
47,22,3339.4417898548486
47,21,3339.4417898548754
47,20,3339.4417898548486
47,19,3339.4417898548486
47,18,3339.4417898548754
47,17,3339.4417898548486
47,16,3339.4417898548754
47,15,3339.4417898548486
47,14,3339.4417898548754
47,13,3339.4417898548486
47,12,3339.4417898548754
47,11,3339.4417898548486
47,10,7513.744027173436
47,9,7513.744027173436
47,8,7513.744027173436
47,7,7513.744027173436
47,6,7513.744027173436
47,5,7513.744027173436
47,4,7513.744027173436
47,3,7513.744027173436
47,2,30054.976108693743
47,1,30054.976108693743
48,48,1253.9006782151282
48,47,1253.9006782151282
48,46,1959.219809711136
48,45,1959.219809711136
48,44,1959.219809711136
48,43,1959.219809711136
48,42,1959.219809711136
48,41,1959.219809711136
48,40,1959.219809711136
48,39,1959.219809711136
48,38,1959.219809711136
48,37,1959.219809711136
48,36,1959.219809711136
48,35,1959.219809711136
48,34,1959.219809711136
48,33,1959.219809711136
48,32,1959.219809711136
48,31,1959.219809711136
48,30,1959.219809711136
48,29,1959.219809711136
48,28,3483.0574394864516
48,27,3483.0574394864793
48,26,3483.0574394864516
48,25,3483.0574394864793
48,24,3483.0574394864516
48,23,3483.0574394864793
48,22,3483.0574394864516
48,21,3483.0574394864793
48,20,3483.0574394864516
48,19,3483.0574394864516
48,18,3483.0574394864793
48,17,3483.0574394864516
48,16,3483.0574394864793
48,15,3483.0574394864516
48,14,3483.0574394864793
48,13,3483.0574394864516
48,12,3483.0574394864793
48,11,3483.0574394864516
48,10,7836.879238844544
48,9,7836.879238844544
48,8,7836.879238844544
48,7,7836.879238844544
48,6,7836.879238844544
48,5,7836.879238844544
48,4,7836.879238844544
48,3,7836.879238844544
48,2,31347.516955378174
48,1,31347.516955378174
49,49,1306.690767532345
49,48,1306.690767532345
49,47,1306.690767532345
49,46,2041.704324269287
49,45,2041.704324269287
49,44,2041.704324269287
49,43,2041.704324269287
49,42,2041.704324269287
49,41,2041.704324269287
49,40,2041.704324269287
49,39,2041.704324269287
49,38,2041.704324269287
49,37,2041.704324269287
49,36,2041.704324269287
49,35,2041.704324269287
49,34,2041.704324269287
49,33,2041.704324269287
49,32,2041.704324269287
49,31,2041.704324269287
49,30,2041.704324269287
49,29,2041.704324269287
49,28,3629.696576478719
49,27,3629.6965764787487
49,26,3629.696576478719
49,25,3629.6965764787487
49,24,3629.696576478719
49,23,3629.6965764787487
49,22,3629.696576478719
49,21,3629.6965764787487
49,20,3629.696576478719
49,19,3629.696576478719
49,18,3629.6965764787487
49,17,3629.696576478719
49,16,3629.6965764787487
49,15,3629.696576478719
49,14,3629.6965764787487
49,13,3629.696576478719
49,12,3629.6965764787487
49,11,3629.696576478719
49,10,8166.817297077148
49,9,8166.817297077148
49,8,8166.817297077148
49,7,8166.817297077148
49,6,8166.817297077148
49,5,8166.817297077148
49,4,8166.817297077148
49,3,8166.817297077148
49,2,32667.269188308594
49,1,32667.269188308594
50,50,1360.5693122994012
50,49,1360.5693122994012
50,48,1360.5693122994012
50,47,1360.5693122994012
50,46,2125.8895504678126
50,45,2125.8895504678126
50,44,2125.8895504678126
50,43,2125.8895504678126
50,42,2125.8895504678126
50,41,2125.8895504678126
50,40,2125.8895504678126
50,39,2125.8895504678126
50,38,2125.8895504678126
50,37,2125.8895504678126
50,36,2125.8895504678126
50,35,2125.8895504678126
50,34,2125.8895504678126
50,33,2125.8895504678126
50,32,2125.8895504678126
50,31,2125.8895504678126
50,30,2125.8895504678126
50,29,2125.8895504678126
50,28,3779.359200831653
50,27,3779.3592008316837
50,26,3779.359200831653
50,25,3779.3592008316837
50,24,3779.359200831653
50,23,3779.3592008316837
50,22,3779.359200831653
50,21,3779.3592008316837
50,20,3779.359200831653
50,19,3779.359200831653
50,18,3779.3592008316837
50,17,3779.359200831653
50,16,3779.3592008316837
50,15,3779.359200831653
50,14,3779.3592008316837
50,13,3779.359200831653
50,12,3779.3592008316837
50,11,3779.359200831653
50,10,8503.55820187125
50,9,8503.55820187125
50,8,8503.55820187125
50,7,8503.55820187125
50,6,8503.55820187125
50,5,8503.55820187125
50,4,8503.55820187125
50,3,8503.55820187125
50,2,34014.232807485
50,1,34014.232807485
51,51,1415.536312516297
51,50,1415.536312516297
51,49,1415.536312516297
51,48,1415.536312516297
51,47,1415.536312516297
51,46,2211.775488306712
51,45,2211.775488306712
51,44,2211.775488306712
51,43,2211.775488306712
51,42,2211.775488306712
51,41,2211.775488306712
51,40,2211.775488306712
51,39,2211.775488306712
51,38,2211.775488306712
51,37,2211.775488306712
51,36,2211.775488306712
51,35,2211.775488306712
51,34,2211.775488306712
51,33,2211.775488306712
51,32,2211.775488306712
51,31,2211.775488306712
51,30,2211.775488306712
51,29,2211.775488306712
51,28,3932.045312545252
51,27,3932.0453125452837
51,26,3932.045312545252
51,25,3932.0453125452837
51,24,3932.045312545252
51,23,3932.0453125452837
51,22,3932.045312545252
51,21,3932.0453125452837
51,20,3932.045312545252
51,19,3932.045312545252
51,18,3932.0453125452837
51,17,3932.045312545252
51,16,3932.0453125452837
51,15,3932.045312545252
51,14,3932.0453125452837
51,13,3932.045312545252
51,12,3932.0453125452837
51,11,3932.045312545252
51,10,8847.101953226847
51,9,8847.101953226847
51,8,8847.101953226847
51,7,8847.101953226847
51,6,8847.101953226847
51,5,8847.101953226847
51,4,8847.101953226847
51,3,8847.101953226847
51,2,35388.40781290739
51,1,35388.40781290739
52,52,1471.5917681830324
52,51,1471.5917681830324
52,50,1471.5917681830324
52,49,1471.5917681830324
52,48,1471.5917681830324
52,47,1471.5917681830324
52,46,2299.362137785986
52,45,2299.362137785986
52,44,2299.362137785986
52,43,2299.362137785986
52,42,2299.362137785986
52,41,2299.362137785986
52,40,2299.362137785986
52,39,2299.362137785986
52,38,2299.362137785986
52,37,2299.362137785986
52,36,2299.362137785986
52,35,2299.362137785986
52,34,2299.362137785986
52,33,2299.362137785986
52,32,2299.362137785986
52,31,2299.362137785986
52,30,2299.362137785986
52,29,2299.362137785986
52,28,4087.754911619516
52,27,4087.7549116195487
52,26,4087.754911619516
52,25,4087.7549116195487
52,24,4087.754911619516
52,23,4087.7549116195487
52,22,4087.754911619516
52,21,4087.7549116195487
52,20,4087.754911619516
52,19,4087.754911619516
52,18,4087.7549116195487
52,17,4087.754911619516
52,16,4087.7549116195487
52,15,4087.754911619516
52,14,4087.7549116195487
52,13,4087.754911619516
52,12,4087.7549116195487
52,11,4087.754911619516
52,10,9197.448551143943
52,9,9197.448551143943
52,8,9197.448551143943
52,7,9197.448551143943
52,6,9197.448551143943
52,5,9197.448551143943
52,4,9197.448551143943
52,3,9197.448551143943
52,2,36789.79420457577
52,1,36789.79420457577
53,53,1528.7356792996072
53,52,1528.7356792996072
53,51,1528.7356792996072
53,50,1528.7356792996072
53,49,1528.7356792996072
53,48,1528.7356792996072
53,47,1528.7356792996072
53,46,2388.649498905634
53,45,2388.649498905634
53,44,2388.649498905634
53,43,2388.649498905634
53,42,2388.649498905634
53,41,2388.649498905634
53,40,2388.649498905634
53,39,2388.649498905634
53,38,2388.649498905634
53,37,2388.649498905634
53,36,2388.649498905634
53,35,2388.649498905634
53,34,2388.649498905634
53,33,2388.649498905634
53,32,2388.649498905634
53,31,2388.649498905634
53,30,2388.649498905634
53,29,2388.649498905634
53,28,4246.487998054446
53,27,4246.487998054479
53,26,4246.487998054446
53,25,4246.487998054479
53,24,4246.487998054446
53,23,4246.487998054479
53,22,4246.487998054446
53,21,4246.487998054479
53,20,4246.487998054446
53,19,4246.487998054446
53,18,4246.487998054479
53,17,4246.487998054446
53,16,4246.487998054479
53,15,4246.487998054446
53,14,4246.487998054479
53,13,4246.487998054446
53,12,4246.487998054479
53,11,4246.487998054446
53,10,9554.597995622536
53,9,9554.597995622536
53,8,9554.597995622536
53,7,9554.597995622536
53,6,9554.597995622536
53,5,9554.597995622536
53,4,9554.597995622536
53,3,9554.597995622536
53,2,38218.391982490146
53,1,38218.391982490146
54,54,1586.9680458660214
54,53,1586.9680458660214
54,52,1586.9680458660214
54,51,1586.9680458660214
54,50,1586.9680458660214
54,49,1586.9680458660214
54,48,1586.9680458660214
54,47,1586.9680458660214
54,46,2479.637571665656
54,45,2479.637571665656
54,44,2479.637571665656
54,43,2479.637571665656
54,42,2479.637571665656
54,41,2479.637571665656
54,40,2479.637571665656
54,39,2479.637571665656
54,38,2479.637571665656
54,37,2479.637571665656
54,36,2479.637571665656
54,35,2479.637571665656
54,34,2479.637571665656
54,33,2479.637571665656
54,32,2479.637571665656
54,31,2479.637571665656
54,30,2479.637571665656
54,29,2479.637571665656
54,28,4408.24457185004
54,27,4408.244571850075
54,26,4408.24457185004
54,25,4408.244571850075
54,24,4408.24457185004
54,23,4408.244571850075
54,22,4408.24457185004
54,21,4408.244571850075
54,20,4408.24457185004
54,19,4408.24457185004
54,18,4408.244571850075
54,17,4408.24457185004
54,16,4408.244571850075
54,15,4408.24457185004
54,14,4408.244571850075
54,13,4408.24457185004
54,12,4408.244571850075
54,11,4408.24457185004
54,10,9918.550286662625
54,9,9918.550286662625
54,8,9918.550286662625
54,7,9918.550286662625
54,6,9918.550286662625
54,5,9918.550286662625
54,4,9918.550286662625
54,3,9918.550286662625
54,2,39674.2011466505
54,1,39674.2011466505
55,55,1143.256158251575
55,54,1646.2888678822756
55,53,1646.2888678822756
55,52,1646.2888678822756
55,51,1646.2888678822756
55,50,1646.2888678822756
55,49,1646.2888678822756
55,48,1646.2888678822756
55,47,1646.2888678822756
55,46,2572.326356066053
55,45,2572.326356066053
55,44,2572.326356066053
55,43,2572.326356066053
55,42,2572.326356066053
55,41,2572.326356066053
55,40,2572.326356066053
55,39,2572.326356066053
55,38,2572.326356066053
55,37,2572.326356066053
55,36,2572.326356066053
55,35,2572.326356066053
55,34,2572.326356066053
55,33,2572.326356066053
55,32,2572.326356066053
55,31,2572.326356066053
55,30,2572.326356066053
55,29,2572.326356066053
55,28,4573.0246330063
55,27,4573.024633006337
55,26,4573.0246330063
55,25,4573.024633006337
55,24,4573.0246330063
55,23,4573.024633006337
55,22,4573.0246330063
55,21,4573.024633006337
55,20,4573.0246330063
55,19,4573.0246330063
55,18,4573.024633006337
55,17,4573.0246330063
55,16,4573.024633006337
55,15,4573.0246330063
55,14,4573.024633006337
55,13,4573.0246330063
55,12,4573.024633006337
55,11,4573.0246330063
55,10,10289.305424264212
55,9,10289.305424264212
55,8,10289.305424264212
55,7,10289.305424264212
55,6,10289.305424264212
55,5,10289.305424264212
55,4,10289.305424264212
55,3,10289.305424264212
55,2,41157.22169705685
55,1,41157.22169705685
56,56,1185.2070453808064
56,55,1185.2070453808064
56,54,1706.6981453483688
56,53,1706.6981453483688
56,52,1706.6981453483688
56,51,1706.6981453483688
56,50,1706.6981453483688
56,49,1706.6981453483688
56,48,1706.6981453483688
56,47,1706.6981453483688
56,46,2666.715852106824
56,45,2666.715852106824
56,44,2666.715852106824
56,43,2666.715852106824
56,42,2666.715852106824
56,41,2666.715852106824
56,40,2666.715852106824
56,39,2666.715852106824
56,38,2666.715852106824
56,37,2666.715852106824
56,36,2666.715852106824
56,35,2666.715852106824
56,34,2666.715852106824
56,33,2666.715852106824
56,32,2666.715852106824
56,31,2666.715852106824
56,30,2666.715852106824
56,29,2666.715852106824
56,28,4740.828181523226
56,27,4740.828181523263
56,26,4740.828181523226
56,25,4740.828181523263
56,24,4740.828181523226
56,23,4740.828181523263
56,22,4740.828181523226
56,21,4740.828181523263
56,20,4740.828181523226
56,19,4740.828181523226
56,18,4740.828181523263
56,17,4740.828181523226
56,16,4740.828181523263
56,15,4740.828181523226
56,14,4740.828181523263
56,13,4740.828181523226
56,12,4740.828181523263
56,11,4740.828181523226
56,10,10666.863408427296
56,9,10666.863408427296
56,8,10666.863408427296
56,7,10666.863408427296
56,6,10666.863408427296
56,5,10666.863408427296
56,4,10666.863408427296
56,3,10666.863408427296
56,2,42667.453633709185
56,1,42667.453633709185
57,57,687.6317304361065
57,56,1768.1958782643019
57,55,1768.1958782643019
57,54,1768.1958782643019
57,53,1768.1958782643019
57,52,1768.1958782643019
57,51,1768.1958782643019
57,50,1768.1958782643019
57,49,1768.1958782643019
57,48,1768.1958782643019
57,47,1768.1958782643019
57,46,2762.806059787969
57,45,2762.806059787969
57,44,2762.806059787969
57,43,2762.806059787969
57,42,2762.806059787969
57,41,2762.806059787969
57,40,2762.806059787969
57,39,2762.806059787969
57,38,2762.806059787969
57,37,2762.806059787969
57,36,2762.806059787969
57,35,2762.806059787969
57,34,2762.806059787969
57,33,2762.806059787969
57,32,2762.806059787969
57,31,2762.806059787969
57,30,2762.806059787969
57,29,2762.806059787969
57,28,4911.655217400816
57,27,4911.655217400856
57,26,4911.655217400816
57,25,4911.655217400856
57,24,4911.655217400816
57,23,4911.655217400856
57,22,4911.655217400816
57,21,4911.655217400856
57,20,4911.655217400816
57,19,4911.655217400816
57,18,4911.655217400856
57,17,4911.655217400816
57,16,4911.655217400856
57,15,4911.655217400816
57,14,4911.655217400856
57,13,4911.655217400816
57,12,4911.655217400856
57,11,4911.655217400816
57,10,11051.224239151876
57,9,11051.224239151876
57,8,11051.224239151876
57,7,11051.224239151876
57,6,11051.224239151876
57,5,11051.224239151876
57,4,11051.224239151876
57,3,11051.224239151876
57,2,44204.8969566075
57,1,44204.8969566075
58,58,711.970803689462
58,57,800.96715415066
58,56,2860.5969791094885
58,55,2860.5969791094885
58,54,1830.782066630074
58,53,1830.782066630074
58,52,1830.782066630074
58,51,1830.782066630074
58,50,1830.782066630074
58,49,1830.782066630074
58,48,1830.782066630074
58,47,1830.782066630074
58,46,2860.5969791094885
58,45,2860.5969791094885
58,44,2860.5969791094885
58,43,2860.5969791094885
58,42,2860.5969791094885
58,41,2860.5969791094885
58,40,2860.5969791094885
58,39,2860.5969791094885
58,38,2860.5969791094885
58,37,2860.5969791094885
58,36,2860.5969791094885
58,35,2860.5969791094885
58,34,2860.5969791094885
58,33,2860.5969791094885
58,32,2860.5969791094885
58,31,2860.5969791094885
58,30,2860.5969791094885
58,29,2860.5969791094885
58,28,5085.505740639072
58,27,5085.505740639112
58,26,5085.505740639072
58,25,5085.505740639112
58,24,5085.505740639072
58,23,5085.505740639112
58,22,5085.505740639072
58,21,5085.505740639112
58,20,5085.505740639072
58,19,5085.505740639072
58,18,5085.505740639112
58,17,5085.505740639072
58,16,5085.505740639112
58,15,5085.505740639072
58,14,5085.505740639112
58,13,5085.505740639072
58,12,5085.505740639112
58,11,5085.505740639072
58,10,11442.387916437954
58,9,11442.387916437954
58,8,11442.387916437954
58,7,11442.387916437954
58,6,11442.387916437954
58,5,11442.387916437954
58,4,11442.387916437954
58,3,11442.387916437954
58,2,45769.55166575182
58,1,45769.55166575182
59,59,1315.5949378094986
59,58,1315.5949378094986
59,57,2960.088610071382
59,56,2960.088610071382
59,55,2960.088610071382
59,54,828.8248108199903
59,53,1894.4567104456862
59,52,1894.4567104456862
59,51,2960.088610071382
59,50,1894.4567104456862
59,49,1894.4567104456862
59,48,1894.4567104456862
59,47,1894.4567104456862
59,46,2960.088610071382
59,45,2960.088610071382
59,44,2960.088610071382
59,43,2960.088610071382
59,42,2960.088610071382
59,41,2960.088610071382
59,40,2960.088610071382
59,39,2960.088610071382
59,38,2960.088610071382
59,37,2960.088610071382
59,36,2960.088610071382
59,35,2960.088610071382
59,34,2960.088610071382
59,33,2960.088610071382
59,32,2960.088610071382
59,31,2960.088610071382
59,30,2960.088610071382
59,29,2960.088610071382
59,28,5262.379751237994
59,27,5262.379751238035
59,26,5262.379751237994
59,25,5262.379751238035
59,24,5262.379751237994
59,23,5262.379751238035
59,22,5262.379751237994
59,21,5262.379751238035
59,20,5262.379751237994
59,19,5262.379751237994
59,18,5262.379751238035
59,17,5262.379751237994
59,16,5262.379751238035
59,15,5262.379751237994
59,14,5262.379751238035
59,13,5262.379751237994
59,12,5262.379751238035
59,11,5262.379751237994
59,10,11840.354440285528
59,9,11840.354440285528
59,8,11840.354440285528
59,7,11840.354440285528
59,6,11840.354440285528
59,5,11840.354440285528
59,4,11840.354440285528
59,3,11840.354440285528
59,2,47361.41776114211
59,1,47361.41776114211
60,60,1360.569312299395
60,59,1360.569312299395
60,58,3061.28095267365
60,57,3061.28095267365
60,56,1959.2198097111375
60,55,1959.2198097111375
60,54,1959.2198097111375
60,53,1959.2198097111375
60,52,1959.2198097111375
60,51,1959.2198097111375
60,50,3061.28095267365
60,49,3061.28095267365
60,48,1959.2198097111375
60,47,1959.2198097111375
60,46,3061.28095267365
60,45,3061.28095267365
60,44,3061.28095267365
60,43,3061.28095267365
60,42,3061.28095267365
60,41,3061.28095267365
60,40,3061.28095267365
60,39,3061.28095267365
60,38,3061.28095267365
60,37,3061.28095267365
60,36,3061.28095267365
60,35,3061.28095267365
60,34,3061.28095267365
60,33,3061.28095267365
60,32,3061.28095267365
60,31,3061.28095267365
60,30,3061.28095267365
60,29,3061.28095267365
60,28,5442.27724919758
60,27,5442.277249197624
60,26,5442.27724919758
60,25,5442.277249197624
60,24,5442.27724919758
60,23,5442.277249197624
60,22,5442.27724919758
60,21,5442.277249197624
60,20,5442.27724919758
60,19,5442.27724919758
60,18,5442.277249197624
60,17,5442.27724919758
60,16,5442.277249197624
60,15,5442.27724919758
60,14,5442.277249197624
60,13,5442.27724919758
60,12,5442.277249197624
60,11,5442.27724919758
60,10,12245.1238106946
60,9,12245.1238106946
60,8,12245.1238106946
60,7,12245.1238106946
60,6,12245.1238106946
60,5,12245.1238106946
60,4,12245.1238106946
60,3,12245.1238106946
60,2,48980.4952427784
60,1,48980.4952427784
61,61,1406.299558629458
61,60,1406.299558629458
61,59,3164.174006916292
61,58,3164.174006916292
61,57,2025.0713644264288
61,56,2025.0713644264288
61,55,2025.0713644264288
61,54,2025.0713644264288
61,53,2025.0713644264288
61,52,2025.0713644264288
61,51,3164.174006916292
61,50,3164.174006916292
61,49,3164.174006916292
61,48,2025.0713644264288
61,47,2025.0713644264288
61,46,3164.174006916292
61,45,3164.174006916292
61,44,3164.174006916292
61,43,3164.174006916292
61,42,3164.174006916292
61,41,3164.174006916292
61,40,3164.174006916292
61,39,3164.174006916292
61,38,3164.174006916292
61,37,3164.174006916292
61,36,3164.174006916292
61,35,3164.174006916292
61,34,3164.174006916292
61,33,3164.174006916292
61,32,3164.174006916292
61,31,3164.174006916292
61,30,3164.174006916292
61,29,3164.174006916292
61,28,5625.198234517832
61,27,5625.198234517878
61,26,5625.198234517832
61,25,5625.198234517878
61,24,5625.198234517832
61,23,5625.198234517878
61,22,5625.198234517832
61,21,5625.198234517878
61,20,5625.198234517832
61,19,5625.198234517832
61,18,5625.198234517878
61,17,5625.198234517832
61,16,5625.198234517878
61,15,5625.198234517832
61,14,5625.198234517878
61,13,5625.198234517832
61,12,5625.198234517878
61,11,5625.198234517832
61,10,12656.696027665168
61,9,12656.696027665168
61,8,12656.696027665168
61,7,12656.696027665168
61,6,12656.696027665168
61,5,12656.696027665168
61,4,12656.696027665168
61,3,12656.696027665168
61,2,50626.78411066067
61,1,50626.78411066067
62,62,1452.7856767996875
62,61,1452.7856767996875
62,60,3268.767772799308
62,59,3268.767772799308
62,58,3268.767772799308
62,57,915.25497638381
62,56,2092.011374591559
62,55,2092.011374591559
62,54,2092.011374591559
62,53,2092.011374591559
62,52,3268.767772799308
62,51,3268.767772799308
62,50,3268.767772799308
62,49,2092.011374591559
62,48,2092.011374591559
62,47,3268.767772799308
62,46,3268.767772799308
62,45,3268.767772799308
62,44,3268.767772799308
62,43,3268.767772799308
62,42,3268.767772799308
62,41,3268.767772799308
62,40,3268.767772799308
62,39,3268.767772799308
62,38,3268.767772799308
62,37,3268.767772799308
62,36,3268.767772799308
62,35,3268.767772799308
62,34,3268.767772799308
62,33,3268.767772799308
62,32,3268.767772799308
62,31,3268.767772799308
62,30,3268.767772799308
62,29,3268.767772799308
62,28,5811.14270719875
62,27,5811.142707198796
62,26,5811.14270719875
62,25,5811.142707198796
62,24,5811.14270719875
62,23,5811.142707198796
62,22,5811.14270719875
62,21,5811.142707198796
62,20,5811.14270719875
62,19,5811.14270719875
62,18,5811.142707198796
62,17,5811.14270719875
62,16,5811.142707198796
62,15,5811.14270719875
62,14,5811.142707198796
62,13,5811.14270719875
62,12,5811.142707198796
62,11,5811.14270719875
62,10,13075.071091197233
62,9,13075.071091197233
62,8,13075.071091197233
62,7,13075.071091197233
62,6,13075.071091197233
62,5,13075.071091197233
62,4,13075.071091197233
62,3,13075.071091197233
62,2,52300.28436478893
62,1,52300.28436478893
63,63,1500.027666810083
63,62,1500.027666810083
63,61,3375.062250322699
63,60,3375.062250322699
63,59,2160.0398402065293
63,58,2160.0398402065293
63,57,2160.0398402065293
63,56,2160.0398402065293
63,55,2160.0398402065293
63,54,2160.0398402065293
63,53,3375.062250322699
63,52,3375.062250322699
63,51,3375.062250322699
63,50,2160.0398402065293
63,49,2160.0398402065293
63,48,3375.062250322699
63,47,3375.062250322699
63,46,3375.062250322699
63,45,3375.062250322699
63,44,3375.062250322699
63,43,3375.062250322699
63,42,3375.062250322699
63,41,3375.062250322699
63,40,3375.062250322699
63,39,3375.062250322699
63,38,3375.062250322699
63,37,3375.062250322699
63,36,3375.062250322699
63,35,3375.062250322699
63,34,3375.062250322699
63,33,3375.062250322699
63,32,3375.062250322699
63,31,3375.062250322699
63,30,3375.062250322699
63,29,3375.062250322699
63,28,6000.110667240332
63,27,6000.11066724038
63,26,6000.110667240332
63,25,6000.11066724038
63,24,6000.110667240332
63,23,6000.11066724038
63,22,6000.110667240332
63,21,6000.11066724038
63,20,6000.110667240332
63,19,6000.110667240332
63,18,6000.11066724038
63,17,6000.110667240332
63,16,6000.11066724038
63,15,6000.110667240332
63,14,6000.11066724038
63,13,6000.110667240332
63,12,6000.11066724038
63,11,6000.110667240332
63,10,13500.249001290797
63,9,13500.249001290797
63,8,13500.249001290797
63,7,13500.249001290797
63,6,13500.249001290797
63,5,13500.249001290797
63,4,13500.249001290797
63,3,13500.249001290797
63,2,54000.996005163186
63,1,54000.996005163186
64,64,1548.025528660645
64,63,1548.025528660645
64,62,2229.156761271339
64,61,3483.057439486464
64,60,2229.156761271339
64,59,2229.156761271339
64,58,2229.156761271339
64,57,2229.156761271339
64,56,3483.057439486464
64,55,2229.156761271339
64,54,2229.156761271339
64,53,3483.057439486464
64,52,975.2560830562138
64,51,5990.8587959167135
64,50,975.2560830562138
64,49,3483.057439486464
64,48,3483.057439486464
64,47,3483.057439486464
64,46,3483.057439486464
64,45,3483.057439486464
64,44,3483.057439486464
64,43,3483.057439486464
64,42,3483.057439486464
64,41,3483.057439486464
64,40,3483.057439486464
64,39,3483.057439486464
64,38,3483.057439486464
64,37,3483.057439486464
64,36,3483.057439486464
64,35,3483.057439486464
64,34,3483.057439486464
64,33,3483.057439486464
64,32,3483.057439486464
64,31,3483.057439486464
64,30,3483.057439486464
64,29,3483.057439486464
64,28,6192.10211464258
64,27,6192.10211464263
64,26,6192.10211464258
64,25,6192.10211464263
64,24,6192.10211464258
64,23,6192.10211464263
64,22,6192.10211464258
64,21,6192.10211464263
64,20,6192.10211464258
64,19,6192.10211464258
64,18,6192.10211464263
64,17,6192.10211464258
64,16,6192.10211464263
64,15,6192.10211464258
64,14,6192.10211464263
64,13,6192.10211464258
64,12,6192.10211464263
64,11,6192.10211464258
64,10,13932.229757945855
64,9,13932.229757945855
64,8,13932.229757945855
64,7,13932.229757945855
64,6,13932.229757945855
64,5,13932.229757945855
64,4,13932.229757945855
64,3,13932.229757945855
64,2,55728.91903178342
64,1,55728.91903178342
65,65,1596.7792623514244
65,64,1596.7792623513224
65,63,3592.753340290603
65,62,3592.753340290603
65,61,2299.3621377859877
65,60,1005.9709352813729
65,59,3592.753340290603
65,58,2299.3621377859877
65,57,3592.753340290603
65,56,2299.3621377859877
65,55,2299.3621377859877
65,54,3592.753340290603
65,53,3592.753340290603
65,52,1005.9709352813729
65,51,3592.753340290603
65,50,3592.753340290603
65,49,3592.753340290603
65,48,3592.753340290603
65,47,3592.753340290603
65,46,3592.753340290603
65,45,3592.753340290603
65,44,3592.753340290603
65,43,3592.753340290603
65,42,3592.753340290603
65,41,3592.753340290603
65,40,3592.753340290603
65,39,3592.753340290603
65,38,3592.753340290603
65,37,3592.753340290603
65,36,3592.753340290603
65,35,3592.753340290603
65,34,3592.753340290603
65,33,3592.753340290603
65,32,3592.753340290603
65,31,3592.753340290603
65,30,3592.753340290603
65,29,3592.753340290603
65,28,6387.117049405493
65,27,6387.117049405544
65,26,6387.117049405493
65,25,6387.117049405544
65,24,6387.117049405493
65,23,6387.117049405544
65,22,6387.117049405493
65,21,6387.117049405544
65,20,6387.117049405493
65,19,6387.117049405493
65,18,6387.117049405544
65,17,6387.117049405493
65,16,6387.117049405544
65,15,6387.117049405493
65,14,6387.117049405544
65,13,6387.117049405493
65,12,6387.117049405544
65,11,6387.117049405493
65,10,14371.013361162411
65,9,14371.013361162411
65,8,14371.013361162411
65,7,14371.013361162411
65,6,14371.013361162411
65,5,14371.013361162411
65,4,14371.013361162411
65,3,14371.013361162411
65,2,57484.053444649646
65,1,57484.053444649646
66,66,1646.2888678823208
66,65,1646.2888678822155
66,64,3704.149952735116
66,63,3704.149952735116
66,62,2370.6559697504767
66,61,2370.6559697504767
66,60,1037.1619867658367
66,59,3704.149952735116
66,58,2370.6559697504767
66,57,2370.6559697504767
66,56,3704.149952735116
66,55,3704.149952735116
66,54,2370.6559697504767
66,53,5037.643935719756
66,52,1037.1619867658367
66,51,3704.149952735116
66,50,3704.149952735116
66,49,3704.149952735116
66,48,3704.149952735116
66,47,3704.149952735116
66,46,3704.149952735116
66,45,3704.149952735116
66,44,3704.149952735116
66,43,3704.149952735116
66,42,3704.149952735116
66,41,3704.149952735116
66,40,3704.149952735116
66,39,3704.149952735116
66,38,3704.149952735116
66,37,3704.149952735116
66,36,3704.149952735116
66,35,3704.149952735116
66,34,3704.149952735116
66,33,3704.149952735116
66,32,3704.149952735116
66,31,3704.149952735116
66,30,3704.149952735116
66,29,3704.149952735116
66,28,6585.155471529072
66,27,6585.155471529125
66,26,6585.155471529072
66,25,6585.155471529125
66,24,6585.155471529072
66,23,6585.155471529125
66,22,6585.155471529072
66,21,6585.155471529125
66,20,6585.155471529072
66,19,6585.155471529072
66,18,6585.155471529125
66,17,6585.155471529072
66,16,6585.155471529125
66,15,6585.155471529072
66,14,6585.155471529125
66,13,6585.155471529072
66,12,6585.155471529125
66,11,6585.155471529072
66,10,14816.599810940465
66,9,14816.599810940465
66,8,14816.599810940465
66,7,14816.599810940465
66,6,14816.599810940465
66,5,14816.599810940465
66,4,14816.599810940465
66,3,14816.599810940465
66,2,59266.39924376186
66,1,59266.39924376186
67,67,1696.5543452533832
67,66,1696.5543452532747
67,65,3817.247276820004
67,64,3817.247276820004
67,63,2443.0382571648047
67,62,2443.0382571648047
67,61,2443.0382571648047
67,60,1068.8292375096055
67,59,3817.247276820004
67,58,2443.0382571648047
67,57,3817.247276820004
67,56,3817.247276820004
67,55,3817.247276820004
67,54,2443.0382571648047
67,53,5191.456296475203
67,52,1068.8292375096055
67,51,3817.247276820004
67,50,3817.247276820004
67,49,3817.247276820004
67,48,3817.247276820004
67,47,3817.247276820004
67,46,3817.247276820004
67,45,3817.247276820004
67,44,3817.247276820004
67,43,3817.247276820004
67,42,3817.247276820004
67,41,3817.247276820004
67,40,3817.247276820004
67,39,3817.247276820004
67,38,3817.247276820004
67,37,3817.247276820004
67,36,3817.247276820004
67,35,3817.247276820004
67,34,3817.247276820004
67,33,3817.247276820004
67,32,3817.247276820004
67,31,3817.247276820004
67,30,3817.247276820004
67,29,3817.247276820004
67,28,6786.217381013316
67,27,6786.217381013371
67,26,6786.217381013316
67,25,6786.217381013371
67,24,6786.217381013316
67,23,6786.217381013371
67,22,6786.217381013316
67,21,6786.217381013371
67,20,6786.217381013316
67,19,6786.217381013316
67,18,6786.217381013371
67,17,6786.217381013316
67,16,6786.217381013371
67,15,6786.217381013316
67,14,6786.217381013371
67,13,6786.217381013316
67,12,6786.217381013371
67,11,6786.217381013316
67,10,15268.989107280016
67,9,15268.989107280016
67,8,15268.989107280016
67,7,15268.989107280016
67,6,15268.989107280016
67,5,15268.989107280016
67,4,15268.989107280016
67,3,15268.989107280016
67,2,61075.956429120066
67,1,61075.956429120066
68,68,1747.5756944646123
68,67,1747.5756944645004
68,66,3932.045312545266
68,65,3932.045312545266
68,64,2516.5090000290284
68,63,2516.5090000289165
68,62,2516.509000028972
68,61,2516.509000028972
68,60,2516.509000028972
68,59,2516.509000028972
68,58,3932.045312545266
68,57,3932.045312545266
68,56,3932.045312545266
68,55,2516.509000028972
68,54,2516.509000028972
68,53,3932.045312545266
68,52,3932.045312545266
68,51,3932.045312545266
68,50,3932.045312545266
68,49,3932.045312545266
68,48,3932.045312545266
68,47,3932.045312545266
68,46,3932.045312545266
68,45,3932.045312545266
68,44,3932.045312545266
68,43,3932.045312545266
68,42,3932.045312545266
68,41,3932.045312545266
68,40,3932.045312545266
68,39,3932.045312545266
68,38,3932.045312545266
68,37,3932.045312545266
68,36,3932.045312545266
68,35,3932.045312545266
68,34,3932.045312545266
68,33,3932.045312545266
68,32,3932.045312545266
68,31,3932.045312545266
68,30,3932.045312545266
68,29,3932.045312545266
68,28,6990.302777858226
68,27,6990.302777858282
68,26,6990.302777858226
68,25,6990.302777858282
68,24,6990.302777858226
68,23,6990.302777858282
68,22,6990.302777858226
68,21,6990.302777858282
68,20,6990.302777858226
68,19,6990.302777858226
68,18,6990.302777858282
68,17,6990.302777858226
68,16,6990.302777858282
68,15,6990.302777858226
68,14,6990.302777858282
68,13,6990.302777858226
68,12,6990.302777858282
68,11,6990.302777858226
68,10,15728.181250181064
68,9,15728.181250181064
68,8,15728.181250181064
68,7,15728.181250181064
68,6,15728.181250181064
68,5,15728.181250181064
68,4,15728.181250181064
68,3,15728.181250181064
68,2,62912.725000724255
68,1,62912.725000724255
69,69,1799.3529155160074
69,68,1799.3529155158926
69,67,4048.544059910902
69,66,4048.544059910902
69,65,2591.0681983430372
69,64,2591.0681983429217
69,63,2591.0681983430372
69,62,2591.0681983429217
69,61,2591.0681983429795
69,60,2591.0681983429795
69,59,4048.544059910902
69,58,4048.544059910902
69,57,2591.0681983429795
69,56,2591.0681983429795
69,55,4048.544059910902
69,54,4048.544059910902
69,53,4048.544059910902
69,52,4048.544059910902
69,51,4048.544059910902
69,50,4048.544059910902
69,49,4048.544059910902
69,48,4048.544059910902
69,47,4048.544059910902
69,46,4048.544059910902
69,45,4048.544059910902
69,44,4048.544059910902
69,43,4048.544059910902
69,42,4048.544059910902
69,41,4048.544059910902
69,40,4048.544059910902
69,39,4048.544059910902
69,38,4048.544059910902
69,37,4048.544059910902
69,36,4048.544059910902
69,35,4048.544059910902
69,34,4048.544059910902
69,33,4048.544059910902
69,32,4048.544059910902
69,31,4048.544059910902
69,30,4048.544059910902
69,29,4048.544059910902
69,28,7197.4116620638
69,27,7197.411662063858
69,26,7197.4116620638
69,25,7197.411662063858
69,24,7197.4116620638
69,23,7197.411662063858
69,22,7197.4116620638
69,21,7197.411662063858
69,20,7197.4116620638
69,19,7197.4116620638
69,18,7197.411662063858
69,17,7197.4116620638
69,16,7197.411662063858
69,15,7197.4116620638
69,14,7197.411662063858
69,13,7197.4116620638
69,12,7197.411662063858
69,11,7197.4116620638
69,10,16194.176239643608
69,9,16194.176239643608
69,8,16194.176239643608
69,7,16194.176239643608
69,6,16194.176239643608
69,5,16194.176239643608
69,4,16194.176239643608
69,3,16194.176239643608
69,2,64776.70495857443
69,1,64776.70495857443
70,70,1851.8860084075693
70,69,1851.8860084074508
70,68,4166.743518916913
70,67,4166.743518916913
70,66,2666.7158521068854
70,65,2666.715852106767
70,64,2666.7158521068854
70,63,2666.715852106767
70,62,2666.7158521068263
70,61,2666.7158521068263
70,60,4166.743518916913
70,59,4166.743518916913
70,58,2666.7158521068263
70,57,2666.7158521068263
70,56,4166.743518916913
70,55,4166.743518916913
70,54,4166.743518916913
70,53,4166.743518916913
70,52,4166.743518916913
70,51,4166.743518916913
70,50,4166.743518916913
70,49,4166.743518916913
70,48,4166.743518916913
70,47,4166.743518916913
70,46,4166.743518916913
70,45,4166.743518916913
70,44,4166.743518916913
70,43,4166.743518916913
70,42,4166.743518916913
70,41,4166.743518916913
70,40,4166.743518916913
70,39,4166.743518916913
70,38,4166.743518916913
70,37,4166.743518916913
70,36,4166.743518916913
70,35,4166.743518916913
70,34,4166.743518916913
70,33,4166.743518916913
70,32,4166.743518916913
70,31,4166.743518916913
70,30,4166.743518916913
70,29,4166.743518916913
70,28,7407.54403363004
70,27,7407.544033630099
70,26,7407.54403363004
70,25,7407.544033630099
70,24,7407.54403363004
70,23,7407.544033630099
70,22,7407.54403363004
70,21,7407.544033630099
70,20,7407.54403363004
70,19,7407.54403363004
70,18,7407.544033630099
70,17,7407.54403363004
70,16,7407.544033630099
70,15,7407.54403363004
70,14,7407.544033630099
70,13,7407.54403363004
70,12,7407.544033630099
70,11,7407.54403363004
70,10,16666.97407566765
70,9,16666.97407566765
70,8,16666.97407566765
70,7,16666.97407566765
70,6,16666.97407566765
70,5,16666.97407566765
70,4,16666.97407566765
70,3,16666.97407566765
70,2,66667.8963026706
70,1,66667.8963026706
71,71,2743.4519613204516
71,70,1905.1749731392972
71,69,1905.1749731391753
71,68,4286.643689563297
71,67,4286.643689563297
71,66,1200.260233077728
71,65,2743.4519613205734
71,64,2743.4519613204516
71,63,4286.643689563297
71,62,2743.4519613205125
71,61,2743.4519613205125
71,60,4286.643689563297
71,59,4286.643689563297
71,58,2743.4519613205125
71,57,2743.4519613205125
71,56,4286.643689563297
71,55,4286.643689563297
71,54,4286.643689563297
71,53,4286.643689563297
71,52,4286.643689563297
71,51,4286.643689563297
71,50,4286.643689563297
71,49,4286.643689563297
71,48,4286.643689563297
71,47,4286.643689563297
71,46,4286.643689563297
71,45,4286.643689563297
71,44,4286.643689563297
71,43,4286.643689563297
71,42,4286.643689563297
71,41,4286.643689563297
71,40,4286.643689563297
71,39,4286.643689563297
71,38,4286.643689563297
71,37,4286.643689563297
71,36,4286.643689563297
71,35,4286.643689563297
71,34,4286.643689563297
71,33,4286.643689563297
71,32,4286.643689563297
71,31,4286.643689563297
71,30,4286.643689563297
71,29,4286.643689563297
71,28,7620.699892556946
71,27,7620.699892557006
71,26,7620.699892556946
71,25,7620.699892557006
71,24,7620.699892556946
71,23,7620.699892557006
71,22,7620.699892556946
71,21,7620.699892557006
71,20,7620.699892556946
71,19,7620.699892556946
71,18,7620.699892557006
71,17,7620.699892556946
71,16,7620.699892557006
71,15,7620.699892556946
71,14,7620.699892557006
71,13,7620.699892556946
71,12,7620.699892557006
71,11,7620.699892556946
71,10,17146.574758253188
71,9,17146.574758253188
71,8,17146.574758253188
71,7,17146.574758253188
71,6,17146.574758253188
71,5,17146.574758253188
71,4,17146.574758253188
71,3,17146.574758253188
71,2,68586.29903301275
71,1,68586.29903301275
72,72,2821.2765259841008
72,71,1097.1630934381571
72,70,2821.2765259841008
72,69,2821.2765259839757
72,68,4408.244571850056
72,67,2821.2765259841008
72,66,2821.2765259839757
72,65,2821.2765259841008
72,64,2821.2765259839757
72,63,4408.244571850056
72,62,2821.276525984038
72,61,2821.276525984038
72,60,4408.244571850056
72,59,2821.276525984038
72,58,2821.276525984038
72,57,4408.244571850056
72,56,4408.244571850056
72,55,4408.244571850056
72,54,4408.244571850056
72,53,4408.244571850056
72,52,4408.244571850056
72,51,4408.244571850056
72,50,4408.244571850056
72,49,4408.244571850056
72,48,4408.244571850056
72,47,4408.244571850056
72,46,4408.244571850056
72,45,4408.244571850056
72,44,4408.244571850056
72,43,4408.244571850056
72,42,4408.244571850056
72,41,4408.244571850056
72,40,4408.244571850056
72,39,4408.244571850056
72,38,4408.244571850056
72,37,4408.244571850056
72,36,4408.244571850056
72,35,4408.244571850056
72,34,4408.244571850056
72,33,4408.244571850056
72,32,4408.244571850056
72,31,4408.244571850056
72,30,4408.244571850056
72,29,4408.244571850056
72,28,7836.879238844516
72,27,7836.879238844578
72,26,7836.879238844516
72,25,7836.879238844578
72,24,7836.879238844516
72,23,7836.879238844578
72,22,7836.879238844516
72,21,7836.879238844578
72,20,7836.879238844516
72,19,7836.879238844516
72,18,7836.879238844578
72,17,7836.879238844516
72,16,7836.879238844578
72,15,7836.879238844516
72,14,7836.879238844578
72,13,7836.879238844516
72,12,7836.879238844578
72,11,7836.879238844516
72,10,17632.978287400223
72,9,17632.978287400223
72,8,17632.978287400223
72,7,17632.978287400223
72,6,17632.978287400223
72,5,17632.978287400223
72,4,17632.978287400223
72,3,17632.978287400223
72,2,70531.91314960089
72,1,70531.91314960089
73,73,2014.0205181231236
73,72,2014.0205181232523
73,71,2900.189546097339
73,70,2900.189546097468
73,69,2900.189546097339
73,68,4531.546165777189
73,67,2900.189546097468
73,66,2900.189546097339
73,65,2900.189546097468
73,64,2900.189546097339
73,63,2900.189546097468
73,62,2900.189546097339
73,61,4531.546165777189
73,60,4531.546165777189
73,59,2900.1895460974038
73,58,2900.1895460974038
73,57,4531.546165777189
73,56,4531.546165777189
73,55,4531.546165777189
73,54,4531.546165777189
73,53,4531.546165777189
73,52,4531.546165777189
73,51,4531.546165777189
73,50,4531.546165777189
73,49,4531.546165777189
73,48,4531.546165777189
73,47,4531.546165777189
73,46,4531.546165777189
73,45,4531.546165777189
73,44,4531.546165777189
73,43,4531.546165777189
73,42,4531.546165777189
73,41,4531.546165777189
73,40,4531.546165777189
73,39,4531.546165777189
73,38,4531.546165777189
73,37,4531.546165777189
73,36,4531.546165777189
73,35,4531.546165777189
73,34,4531.546165777189
73,33,4531.546165777189
73,32,4531.546165777189
73,31,4531.546165777189
73,30,4531.546165777189
73,29,4531.546165777189
73,28,8056.082072492753
73,27,8056.082072492815
73,26,8056.082072492753
73,25,8056.082072492815
73,24,8056.082072492753
73,23,8056.082072492815
73,22,8056.082072492753
73,21,8056.082072492815
73,20,8056.082072492753
73,19,8056.082072492753
73,18,8056.082072492815
73,17,8056.082072492753
73,16,8056.082072492815
73,15,8056.082072492753
73,14,8056.082072492815
73,13,8056.082072492753
73,12,8056.082072492815
73,11,8056.082072492753
73,10,18126.184663108757
73,9,18126.184663108757
73,8,18126.184663108757
73,7,18126.184663108757
73,6,18126.184663108757
73,5,18126.184663108757
73,4,18126.184663108757
73,3,18126.184663108757
73,2,72504.73865243503
73,1,72504.73865243503
74,74,2069.577098375479
74,73,2069.5770983753473
74,72,2980.1910216606743
74,71,2980.191021660542
74,70,2980.1910216606743
74,69,2980.191021660542
74,68,4656.548471344697
74,67,1303.8335719765203
74,66,2980.1910216606743
74,65,2980.191021660542
74,64,4656.548471344697
74,63,1303.8335719765203
74,62,4656.548471344697
74,61,4656.548471344697
74,60,4656.548471344697
74,59,2980.1910216606084
74,58,2980.1910216606084
74,57,4656.548471344697
74,56,4656.548471344697
74,55,4656.548471344697
74,54,4656.548471344697
74,53,4656.548471344697
74,52,4656.548471344697
74,51,4656.548471344697
74,50,4656.548471344697
74,49,4656.548471344697
74,48,4656.548471344697
74,47,4656.548471344697
74,46,4656.548471344697
74,45,4656.548471344697
74,44,4656.548471344697
74,43,4656.548471344697
74,42,4656.548471344697
74,41,4656.548471344697
74,40,4656.548471344697
74,39,4656.548471344697
74,38,4656.548471344697
74,37,4656.548471344697
74,36,4656.548471344697
74,35,4656.548471344697
74,34,4656.548471344697
74,33,4656.548471344697
74,32,4656.548471344697
74,31,4656.548471344697
74,30,4656.548471344697
74,29,4656.548471344697
74,28,8278.308393501653
74,27,8278.30839350172
74,26,8278.308393501653
74,25,8278.30839350172
74,24,8278.308393501653
74,23,8278.30839350172
74,22,8278.308393501653
74,21,8278.30839350172
74,20,8278.308393501653
74,19,8278.308393501653
74,18,8278.30839350172
74,17,8278.308393501653
74,16,8278.30839350172
74,15,8278.308393501653
74,14,8278.30839350172
74,13,8278.308393501653
74,12,8278.30839350172
74,11,8278.308393501653
74,10,18626.193885378787
74,9,18626.193885378787
74,8,18626.193885378787
74,7,18626.193885378787
74,6,18626.193885378787
74,5,18626.193885378787
74,4,18626.193885378787
74,3,18626.193885378787
74,2,74504.77554151515
74,1,74504.77554151515
75,75,2125.889550467737
75,74,2125.8895504678726
75,73,3061.2809526735846
75,72,3061.2809526737205
75,71,3061.2809526735846
75,70,3061.2809526737205
75,69,3061.2809526735846
75,68,3061.2809526737205
75,67,3061.2809526735846
75,66,3061.2809526737205
75,65,3061.2809526735846
75,64,4783.251488552578
75,63,1339.3104167947272
75,62,4783.251488552578
75,61,4783.251488552578
75,60,4783.251488552578
75,59,1339.3104167947272
75,58,4783.251488552578
75,57,4783.251488552578
75,56,4783.251488552578
75,55,4783.251488552578
75,54,4783.251488552578
75,53,4783.251488552578
75,52,4783.251488552578
75,51,4783.251488552578
75,50,4783.251488552578
75,49,4783.251488552578
75,48,4783.251488552578
75,47,4783.251488552578
75,46,4783.251488552578
75,45,4783.251488552578
75,44,4783.251488552578
75,43,4783.251488552578
75,42,4783.251488552578
75,41,4783.251488552578
75,40,4783.251488552578
75,39,4783.251488552578
75,38,4783.251488552578
75,37,4783.251488552578
75,36,4783.251488552578
75,35,4783.251488552578
75,34,4783.251488552578
75,33,4783.251488552578
75,32,4783.251488552578
75,31,4783.251488552578
75,30,4783.251488552578
75,29,4783.251488552578
75,28,8503.55820187122
75,27,8503.558201871287
75,26,8503.55820187122
75,25,8503.558201871287
75,24,8503.55820187122
75,23,8503.558201871287
75,22,8503.55820187122
75,21,8503.558201871287
75,20,8503.55820187122
75,19,8503.55820187122
75,18,8503.558201871287
75,17,8503.55820187122
75,16,8503.558201871287
75,15,8503.55820187122
75,14,8503.558201871287
75,13,8503.55820187122
75,12,8503.558201871287
75,11,8503.55820187122
75,10,19133.00595421031
75,9,19133.00595421031
75,8,19133.00595421031
75,7,19133.00595421031
75,6,19133.00595421031
75,5,19133.00595421031
75,4,19133.00595421031
75,3,19133.00595421031
75,2,76532.02381684125
75,1,76532.02381684125
76,76,2182.9578744004325
76,75,2182.957874400293
76,74,3143.459339136606
76,73,3143.4593391364665
76,72,3143.459339136606
76,71,3143.4593391364665
76,70,3143.459339136606
76,69,3143.4593391364665
76,68,3143.459339136606
76,67,3143.4593391364665
76,66,3143.459339136606
76,65,3143.4593391364665
76,64,4911.655217400834
76,63,1375.263460872239
76,62,4911.655217400834
76,61,4911.655217400834
76,60,3143.459339136536
76,59,3143.459339136536
76,58,4911.655217400834
76,57,4911.655217400834
76,56,4911.655217400834
76,55,4911.655217400834
76,54,4911.655217400834
76,53,4911.655217400834
76,52,4911.655217400834
76,51,4911.655217400834
76,50,4911.655217400834
76,49,4911.655217400834
76,48,4911.655217400834
76,47,4911.655217400834
76,46,4911.655217400834
76,45,4911.655217400834
76,44,4911.655217400834
76,43,4911.655217400834
76,42,4911.655217400834
76,41,4911.655217400834
76,40,4911.655217400834
76,39,4911.655217400834
76,38,4911.655217400834
76,37,4911.655217400834
76,36,4911.655217400834
76,35,4911.655217400834
76,34,4911.655217400834
76,33,4911.655217400834
76,32,4911.655217400834
76,31,4911.655217400834
76,30,4911.655217400834
76,29,4911.655217400834
76,28,8731.831497601452
76,27,8731.83149760152
76,26,8731.831497601452
76,25,8731.83149760152
76,24,8731.831497601452
76,23,8731.83149760152
76,22,8731.831497601452
76,21,8731.83149760152
76,20,8731.831497601452
76,19,8731.831497601452
76,18,8731.83149760152
76,17,8731.831497601452
76,16,8731.83149760152
76,15,8731.831497601452
76,14,8731.83149760152
76,13,8731.831497601452
76,12,8731.83149760152
76,11,8731.831497601452
76,10,19646.620869603335
76,9,19646.620869603335
76,8,19646.620869603335
76,7,19646.620869603335
76,6,19646.620869603335
76,5,19646.620869603335
76,4,19646.620869603335
76,3,19646.620869603335
76,2,78586.48347841334
76,1,78586.48347841334
77,77,2240.7820701730157
77,76,2240.7820701731584
77,75,3226.726181049188
77,74,3226.7261810493314
77,73,3226.726181049188
77,72,3226.7261810493314
77,71,3226.726181049188
77,70,3226.7261810493314
77,69,3226.726181049188
77,68,3226.7261810493314
77,67,3226.726181049188
77,66,3226.7261810493314
77,65,3226.726181049188
77,64,3226.7261810493314
77,63,3226.726181049188
77,62,5041.759657889464
77,61,5041.759657889464
77,60,3226.72618104926
77,59,3226.72618104926
77,58,5041.759657889464
77,57,5041.759657889464
77,56,5041.759657889464
77,55,5041.759657889464
77,54,5041.759657889464
77,53,5041.759657889464
77,52,5041.759657889464
77,51,5041.759657889464
77,50,5041.759657889464
77,49,5041.759657889464
77,48,5041.759657889464
77,47,5041.759657889464
77,46,5041.759657889464
77,45,5041.759657889464
77,44,5041.759657889464
77,43,5041.759657889464
77,42,5041.759657889464
77,41,5041.759657889464
77,40,5041.759657889464
77,39,5041.759657889464
77,38,5041.759657889464
77,37,5041.759657889464
77,36,5041.759657889464
77,35,5041.759657889464
77,34,5041.759657889464
77,33,5041.759657889464
77,32,5041.759657889464
77,31,5041.759657889464
77,30,5041.759657889464
77,29,5041.759657889464
77,28,8963.128280692348
77,27,8963.12828069242
77,26,8963.128280692348
77,25,8963.12828069242
77,24,8963.128280692348
77,23,8963.12828069242
77,22,8963.128280692348
77,21,8963.12828069242
77,20,8963.128280692348
77,19,8963.128280692348
77,18,8963.12828069242
77,17,8963.128280692348
77,16,8963.12828069242
77,15,8963.128280692348
77,14,8963.12828069242
77,13,8963.128280692348
77,12,8963.12828069242
77,11,8963.128280692348
77,10,20167.038631557854
77,9,20167.038631557854
77,8,20167.038631557854
77,7,20167.038631557854
77,6,20167.038631557854
77,5,20167.038631557854
77,4,20167.038631557854
77,3,20167.038631557854
77,2,80668.15452623142
77,1,80668.15452623142
78,78,2299.3621377860513
78,77,3311.0814784117492
78,76,3311.081478411896
78,75,3311.0814784117492
78,74,3311.081478411896
78,73,3311.0814784117492
78,72,3311.081478411896
78,71,3311.0814784117492
78,70,3311.081478411896
78,69,3311.0814784117492
78,68,3311.081478411896
78,67,3311.0814784117492
78,66,3311.081478411896
78,65,3311.0814784117492
78,64,3311.081478411896
78,63,3311.0814784117492
78,62,5173.564810018468
78,61,5173.564810018468
78,60,3311.0814784118224
78,59,3311.0814784118224
78,58,5173.564810018468
78,57,5173.564810018468
78,56,5173.564810018468
78,55,5173.564810018468
78,54,5173.564810018468
78,53,5173.564810018468
78,52,5173.564810018468
78,51,5173.564810018468
78,50,5173.564810018468
78,49,5173.564810018468
78,48,5173.564810018468
78,47,5173.564810018468
78,46,5173.564810018468
78,45,5173.564810018468
78,44,5173.564810018468
78,43,5173.564810018468
78,42,5173.564810018468
78,41,5173.564810018468
78,40,5173.564810018468
78,39,5173.564810018468
78,38,5173.564810018468
78,37,5173.564810018468
78,36,5173.564810018468
78,35,5173.564810018468
78,34,5173.564810018468
78,33,5173.564810018468
78,32,5173.564810018468
78,31,5173.564810018468
78,30,5173.564810018468
78,29,5173.564810018468
78,28,9197.44855114391
78,27,9197.448551143983
78,26,9197.44855114391
78,25,9197.448551143983
78,24,9197.44855114391
78,23,9197.448551143983
78,22,9197.44855114391
78,21,9197.448551143983
78,20,9197.44855114391
78,19,9197.44855114391
78,18,9197.448551143983
78,17,9197.44855114391
78,16,9197.448551143983
78,15,9197.44855114391
78,14,9197.448551143983
78,13,9197.44855114391
78,12,9197.448551143983
78,11,9197.44855114391
78,10,20694.259240073872
78,9,20694.259240073872
78,8,20694.259240073872
78,7,20694.259240073872
78,6,20694.259240073872
78,5,20694.259240073872
78,4,20694.259240073872
78,3,20694.259240073872
78,2,82777.03696029549
78,1,82777.03696029549
79,79,2358.6980772389593
79,78,3396.5252312243
79,77,3396.5252312241496
79,76,3396.5252312243
79,75,3396.5252312241496
79,74,3396.5252312243
79,73,3396.5252312241496
79,72,3396.5252312243
79,71,3396.5252312241496
79,70,3396.5252312243
79,69,3396.5252312241496
79,68,3396.5252312243
79,67,3396.5252312241496
79,66,3396.5252312243
79,65,3396.5252312241496
79,64,3396.5252312243
79,63,3396.5252312241496
79,62,5307.070673787847
79,61,5307.070673787847
79,60,3396.525231224225
79,59,3396.525231224225
79,58,5307.070673787847
79,57,5307.070673787847
79,56,5307.070673787847
79,55,5307.070673787847
79,54,5307.070673787847
79,53,5307.070673787847
79,52,5307.070673787847
79,51,5307.070673787847
79,50,5307.070673787847
79,49,5307.070673787847
79,48,5307.070673787847
79,47,5307.070673787847
79,46,5307.070673787847
79,45,5307.070673787847
79,44,5307.070673787847
79,43,5307.070673787847
79,42,5307.070673787847
79,41,5307.070673787847
79,40,5307.070673787847
79,39,5307.070673787847
79,38,5307.070673787847
79,37,5307.070673787847
79,36,5307.070673787847
79,35,5307.070673787847
79,34,5307.070673787847
79,33,5307.070673787847
79,32,5307.070673787847
79,31,5307.070673787847
79,30,5307.070673787847
79,29,5307.070673787847
79,28,9434.79230895614
79,27,9434.792308956214
79,26,9434.79230895614
79,25,9434.792308956214
79,24,9434.79230895614
79,23,9434.792308956214
79,22,9434.79230895614
79,21,9434.792308956214
79,20,9434.79230895614
79,19,9434.79230895614
79,18,9434.792308956214
79,17,9434.79230895614
79,16,9434.792308956214
79,15,9434.79230895614
79,14,9434.792308956214
79,13,9434.79230895614
79,12,9434.792308956214
79,11,9434.79230895614
79,10,21228.28269515139
79,9,21228.28269515139
79,8,21228.28269515139
79,7,21228.28269515139
79,6,21228.28269515139
79,5,21228.28269515139
79,4,21228.28269515139
79,3,21228.28269515139
79,2,84913.13078060556
79,1,84913.13078060556
80,80,2418.789888532335
80,79,2418.7898885321806
80,78,3483.0574394865444
80,77,3483.0574394863897
80,76,3483.0574394865444
80,75,3483.0574394863897
80,74,3483.0574394865444
80,73,3483.0574394863897
80,72,3483.0574394865444
80,71,3483.0574394863897
80,70,3483.0574394865444
80,69,3483.0574394863897
80,68,3483.0574394865444
80,67,3483.0574394863897
80,66,3483.0574394865444
80,65,3483.0574394863897
80,64,3483.0574394865444
80,63,3483.0574394863897
80,62,5442.2772491976
80,61,3483.057439486467
80,60,3483.057439486467
80,59,5442.2772491976
80,58,5442.2772491976
80,57,5442.2772491976
80,56,5442.2772491976
80,55,5442.2772491976
80,54,5442.2772491976
80,53,5442.2772491976
80,52,5442.2772491976
80,51,5442.2772491976
80,50,5442.2772491976
80,49,5442.2772491976
80,48,5442.2772491976
80,47,5442.2772491976
80,46,5442.2772491976
80,45,5442.2772491976
80,44,5442.2772491976
80,43,5442.2772491976
80,42,5442.2772491976
80,41,5442.2772491976
80,40,5442.2772491976
80,39,5442.2772491976
80,38,5442.2772491976
80,37,5442.2772491976
80,36,5442.2772491976
80,35,5442.2772491976
80,34,5442.2772491976
80,33,5442.2772491976
80,32,5442.2772491976
80,31,5442.2772491976
80,30,5442.2772491976
80,29,5442.2772491976
80,28,9675.159554129032
80,27,9675.15955412911
80,26,9675.159554129032
80,25,9675.15955412911
80,24,9675.159554129032
80,23,9675.15955412911
80,22,9675.159554129032
80,21,9675.15955412911
80,20,9675.159554129032
80,19,9675.159554129032
80,18,9675.15955412911
80,17,9675.159554129032
80,16,9675.15955412911
80,15,9675.159554129032
80,14,9675.15955412911
80,13,9675.159554129032
80,12,9675.15955412911
80,11,9675.159554129032
80,10,21769.1089967904
80,9,21769.1089967904
80,8,21769.1089967904
80,7,21769.1089967904
80,6,21769.1089967904
80,5,21769.1089967904
80,4,21769.1089967904
80,3,21769.1089967904
80,2,87076.4359871616
80,1,87076.4359871616
81,81,2479.6375716655684
81,80,2479.6375716657267
81,79,2479.6375716655684
81,78,3570.678103198628
81,77,3570.678103198469
81,76,3570.678103198628
81,75,3570.678103198469
81,74,3570.678103198628
81,73,3570.678103198469
81,72,3570.678103198628
81,71,3570.678103198469
81,70,3570.678103198628
81,69,3570.678103198469
81,68,3570.678103198628
81,67,3570.678103198469
81,66,3570.678103198628
81,65,3570.678103198469
81,64,3570.678103198628
81,63,3570.678103198469
81,62,5579.184536247727
81,61,3570.6781031985483
81,60,3570.6781031985483
81,59,5579.184536247727
81,58,5579.184536247727
81,57,5579.184536247727
81,56,5579.184536247727
81,55,5579.184536247727
81,54,5579.184536247727
81,53,5579.184536247727
81,52,5579.184536247727
81,51,5579.184536247727
81,50,5579.184536247727
81,49,5579.184536247727
81,48,5579.184536247727
81,47,5579.184536247727
81,46,5579.184536247727
81,45,5579.184536247727
81,44,5579.184536247727
81,43,5579.184536247727
81,42,5579.184536247727
81,41,5579.184536247727
81,40,5579.184536247727
81,39,5579.184536247727
81,38,5579.184536247727
81,37,5579.184536247727
81,36,5579.184536247727
81,35,5579.184536247727
81,34,5579.184536247727
81,33,5579.184536247727
81,32,5579.184536247727
81,31,5579.184536247727
81,30,5579.184536247727
81,29,5579.184536247727
81,28,9918.55028666259
81,27,9918.550286662668
81,26,9918.55028666259
81,25,9918.550286662668
81,24,9918.55028666259
81,23,9918.550286662668
81,22,9918.55028666259
81,21,9918.550286662668
81,20,9918.55028666259
81,19,9918.55028666259
81,18,9918.550286662668
81,17,9918.55028666259
81,16,9918.550286662668
81,15,9918.55028666259
81,14,9918.550286662668
81,13,9918.55028666259
81,12,9918.550286662668
81,11,9918.55028666259
81,10,22316.738144990908
81,9,22316.738144990908
81,8,22316.738144990908
81,7,22316.738144990908
81,6,22316.738144990908
81,5,22316.738144990908
81,4,22316.738144990908
81,3,22316.738144990908
81,2,89266.95257996363
81,1,89266.95257996363
82,82,2541.2411266392846
82,81,2541.2411266391223
82,80,2541.2411266392846
82,79,2541.2411266391223
82,78,3659.387222360551
82,77,3659.3872223603876
82,76,3659.387222360551
82,75,3659.3872223603876
82,74,3659.387222360551
82,73,3659.3872223603876
82,72,3659.387222360551
82,71,3659.3872223603876
82,70,3659.387222360551
82,69,3659.3872223603876
82,68,3659.387222360551
82,67,3659.3872223603876
82,66,3659.387222360551
82,65,3659.3872223603876
82,64,3659.387222360551
82,63,3659.3872223603876
82,62,5717.7925349382285
82,61,3659.38722236047
82,60,3659.38722236047
82,59,5717.7925349382285
82,58,5717.7925349382285
82,57,5717.7925349382285
82,56,5717.7925349382285
82,55,5717.7925349382285
82,54,5717.7925349382285
82,53,5717.7925349382285
82,52,5717.7925349382285
82,51,5717.7925349382285
82,50,5717.7925349382285
82,49,5717.7925349382285
82,48,5717.7925349382285
82,47,5717.7925349382285
82,46,5717.7925349382285
82,45,5717.7925349382285
82,44,5717.7925349382285
82,43,5717.7925349382285
82,42,5717.7925349382285
82,41,5717.7925349382285
82,40,5717.7925349382285
82,39,5717.7925349382285
82,38,5717.7925349382285
82,37,5717.7925349382285
82,36,5717.7925349382285
82,35,5717.7925349382285
82,34,5717.7925349382285
82,33,5717.7925349382285
82,32,5717.7925349382285
82,31,5717.7925349382285
82,30,5717.7925349382285
82,29,5717.7925349382285
82,28,10164.964506556815
82,27,10164.964506556895
82,26,10164.964506556815
82,25,10164.964506556895
82,24,10164.964506556815
82,23,10164.964506556895
82,22,10164.964506556815
82,21,10164.964506556895
82,20,10164.964506556815
82,19,10164.964506556815
82,18,10164.964506556895
82,17,10164.964506556815
82,16,10164.964506556895
82,15,10164.964506556815
82,14,10164.964506556895
82,13,10164.964506556815
82,12,10164.964506556895
82,11,10164.964506556815
82,10,22871.170139752914
82,9,22871.170139752914
82,8,22871.170139752914
82,7,22871.170139752914
82,6,22871.170139752914
82,5,22871.170139752914
82,4,22871.170139752914
82,3,22871.170139752914
82,2,91484.68055901166
82,1,91484.68055901166
83,83,2603.6005534528426
83,82,2603.600553453009
83,81,2603.6005534528426
83,80,2603.600553453009
83,79,2603.6005534528426
83,78,3749.184796972313
83,77,3749.184796972147
83,76,3749.184796972313
83,75,3749.184796972147
83,74,3749.184796972313
83,73,3749.184796972147
83,72,3749.184796972313
83,71,3749.184796972147
83,70,3749.184796972313
83,69,3749.184796972147
83,68,3749.184796972313
83,67,3749.184796972147
83,66,3749.184796972313
83,65,3749.184796972147
83,64,3749.184796972313
83,63,3749.184796972147
83,62,5858.101245269104
83,61,3749.18479697223
83,60,3749.18479697223
83,59,5858.101245269104
83,58,5858.101245269104
83,57,5858.101245269104
83,56,5858.101245269104
83,55,5858.101245269104
83,54,5858.101245269104
83,53,5858.101245269104
83,52,5858.101245269104
83,51,5858.101245269104
83,50,5858.101245269104
83,49,5858.101245269104
83,48,5858.101245269104
83,47,5858.101245269104
83,46,5858.101245269104
83,45,5858.101245269104
83,44,5858.101245269104
83,43,5858.101245269104
83,42,5858.101245269104
83,41,5858.101245269104
83,40,5858.101245269104
83,39,5858.101245269104
83,38,5858.101245269104
83,37,5858.101245269104
83,36,5858.101245269104
83,35,5858.101245269104
83,34,5858.101245269104
83,33,5858.101245269104
83,32,5858.101245269104
83,31,5858.101245269104
83,30,5858.101245269104
83,29,5858.101245269104
83,28,10414.402213811703
83,27,10414.402213811787
83,26,10414.402213811703
83,25,10414.402213811787
83,24,10414.402213811703
83,23,10414.402213811787
83,22,10414.402213811703
83,21,10414.402213811787
83,20,10414.402213811703
83,19,10414.402213811703
83,18,10414.402213811787
83,17,10414.402213811703
83,16,10414.402213811787
83,15,10414.402213811703
83,14,10414.402213811787
83,13,10414.402213811703
83,12,10414.402213811787
83,11,10414.402213811703
83,10,23432.404981076415
83,9,23432.404981076415
83,8,23432.404981076415
83,7,23432.404981076415
83,6,23432.404981076415
83,5,23432.404981076415
83,4,23432.404981076415
83,3,23432.404981076415
83,2,93729.61992430566
83,1,93729.61992430566
84,84,2666.7158521068995
84,83,2666.715852106729
84,82,2666.7158521068995
84,81,2666.715852106729
84,80,2666.7158521068995
84,79,2666.715852106729
84,78,3840.0708270339146
84,77,3840.0708270337445
84,76,3840.0708270339146
84,75,3840.0708270337445
84,74,3840.0708270339146
84,73,3840.0708270337445
84,72,3840.0708270339146
84,71,3840.0708270337445
84,70,3840.0708270339146
84,69,3840.0708270337445
84,68,3840.0708270339146
84,67,3840.0708270337445
84,66,3840.0708270339146
84,65,3840.0708270337445
84,64,3840.0708270339146
84,63,3840.0708270337445
84,62,3840.0708270339146
84,61,3840.0708270337445
84,60,6000.110667240354
84,59,6000.110667240354
84,58,6000.110667240354
84,57,6000.110667240354
84,56,6000.110667240354
84,55,6000.110667240354
84,54,6000.110667240354
84,53,6000.110667240354
84,52,6000.110667240354
84,51,6000.110667240354
84,50,6000.110667240354
84,49,6000.110667240354
84,48,6000.110667240354
84,47,6000.110667240354
84,46,6000.110667240354
84,45,6000.110667240354
84,44,6000.110667240354
84,43,6000.110667240354
84,42,6000.110667240354
84,41,6000.110667240354
84,40,6000.110667240354
84,39,6000.110667240354
84,38,6000.110667240354
84,37,6000.110667240354
84,36,6000.110667240354
84,35,6000.110667240354
84,34,6000.110667240354
84,33,6000.110667240354
84,32,6000.110667240354
84,31,6000.110667240354
84,30,6000.110667240354
84,29,6000.110667240354
84,28,10666.863408427258
84,27,10666.863408427344
84,26,10666.863408427258
84,25,10666.863408427344
84,24,10666.863408427258
84,23,10666.863408427344
84,22,10666.863408427258
84,21,10666.863408427344
84,20,10666.863408427258
84,19,10666.863408427258
84,18,10666.863408427344
84,17,10666.863408427258
84,16,10666.863408427344
84,15,10666.863408427258
84,14,10666.863408427344
84,13,10666.863408427258
84,12,10666.863408427344
84,11,10666.863408427258
84,10,24000.442668961416
84,9,24000.442668961416
84,8,24000.442668961416
84,7,24000.442668961416
84,6,24000.442668961416
84,5,24000.442668961416
84,4,24000.442668961416
84,3,24000.442668961416
84,2,96001.77067584566
84,1,96001.77067584566
85,85,2730.5870226009565
85,84,2730.5870226009565
85,83,2730.5870226007823
85,82,2730.5870226009565
85,81,2730.5870226007823
85,80,2730.5870226009565
85,79,2730.5870226007823
85,78,3932.0453125453564
85,77,3932.0453125451822
85,76,3932.0453125453564
85,75,3932.0453125451822
85,74,3932.0453125453564
85,73,3932.0453125451822
85,72,3932.0453125453564
85,71,3932.0453125451822
85,70,3932.0453125453564
85,69,3932.0453125451822
85,68,3932.0453125453564
85,67,3932.0453125451822
85,66,3932.0453125453564
85,65,3932.0453125451822
85,64,3932.0453125453564
85,63,3932.0453125451822
85,62,3932.0453125453564
85,61,3932.0453125451822
85,60,6143.820800851978
85,59,6143.820800851978
85,58,6143.820800851978
85,57,6143.820800851978
85,56,6143.820800851978
85,55,6143.820800851978
85,54,6143.820800851978
85,53,6143.820800851978
85,52,6143.820800851978
85,51,6143.820800851978
85,50,6143.820800851978
85,49,6143.820800851978
85,48,6143.820800851978
85,47,6143.820800851978
85,46,6143.820800851978
85,45,6143.820800851978
85,44,6143.820800851978
85,43,6143.820800851978
85,42,6143.820800851978
85,41,6143.820800851978
85,40,6143.820800851978
85,39,6143.820800851978
85,38,6143.820800851978
85,37,6143.820800851978
85,36,6143.820800851978
85,35,6143.820800851978
85,34,6143.820800851978
85,33,6143.820800851978
85,32,6143.820800851978
85,31,6143.820800851978
85,30,6143.820800851978
85,29,6143.820800851978
85,28,10922.348090403477
85,27,10922.348090403564
85,26,10922.348090403477
85,25,10922.348090403564
85,24,10922.348090403477
85,23,10922.348090403564
85,22,10922.348090403477
85,21,10922.348090403564
85,20,10922.348090403477
85,19,10922.348090403477
85,18,10922.348090403564
85,17,10922.348090403477
85,16,10922.348090403564
85,15,10922.348090403477
85,14,10922.348090403564
85,13,10922.348090403477
85,12,10922.348090403564
85,11,10922.348090403477
85,10,24575.28320340791
85,9,24575.28320340791
85,8,24575.28320340791
85,7,24575.28320340791
85,6,24575.28320340791
85,5,24575.28320340791
85,4,24575.28320340791
85,3,24575.28320340791
85,2,98301.13281363164
85,1,98301.13281363164
86,86,2795.2140649350013
86,85,2795.21406493518
86,84,2795.21406493518
86,83,2795.2140649350013
86,82,2795.21406493518
86,81,2795.2140649350013
86,80,2795.21406493518
86,79,2795.2140649350013
86,78,4025.108253506638
86,77,4025.108253506459
86,76,4025.108253506638
86,75,4025.108253506459
86,74,4025.108253506638
86,73,4025.108253506459
86,72,4025.108253506638
86,71,4025.108253506459
86,70,4025.108253506638
86,69,4025.108253506459
86,68,4025.108253506638
86,67,4025.108253506459
86,66,4025.108253506638
86,65,4025.108253506459
86,64,4025.108253506638
86,63,4025.108253506459
86,62,4025.108253506638
86,61,4025.108253506459
86,60,6289.231646103976
86,59,6289.231646103976
86,58,6289.231646103976
86,57,6289.231646103976
86,56,6289.231646103976
86,55,6289.231646103976
86,54,6289.231646103976
86,53,6289.231646103976
86,52,6289.231646103976
86,51,6289.231646103976
86,50,6289.231646103976
86,49,6289.231646103976
86,48,6289.231646103976
86,47,6289.231646103976
86,46,6289.231646103976
86,45,6289.231646103976
86,44,6289.231646103976
86,43,6289.231646103976
86,42,6289.231646103976
86,41,6289.231646103976
86,40,6289.231646103976
86,39,6289.231646103976
86,38,6289.231646103976
86,37,6289.231646103976
86,36,6289.231646103976
86,35,6289.231646103976
86,34,6289.231646103976
86,33,6289.231646103976
86,32,6289.231646103976
86,31,6289.231646103976
86,30,6289.231646103976
86,29,6289.231646103976
86,28,11180.856259740363
86,27,11180.856259740453
86,26,11180.856259740363
86,25,11180.856259740453
86,24,11180.856259740363
86,23,11180.856259740453
86,22,11180.856259740363
86,21,11180.856259740453
86,20,11180.856259740363
86,19,11180.856259740363
86,18,11180.856259740453
86,17,11180.856259740363
86,16,11180.856259740453
86,15,11180.856259740363
86,14,11180.856259740453
86,13,11180.856259740363
86,12,11180.856259740453
86,11,11180.856259740363
86,10,25156.926584415905
86,9,25156.926584415905
86,8,25156.926584415905
86,7,25156.926584415905
86,6,25156.926584415905
86,5,25156.926584415905
86,4,25156.926584415905
86,3,25156.926584415905
86,2,100627.70633766362
86,1,100627.70633766362
87,87,2101.663086692756
87,86,2860.5969791093867
87,85,2860.5969791095695
87,84,2860.5969791095695
87,83,2860.5969791093867
87,82,2860.5969791095695
87,81,2860.5969791093867
87,80,2860.5969791095695
87,79,2860.5969791093867
87,78,4119.259649917758
87,77,4119.259649917576
87,76,4119.259649917758
87,75,4119.259649917576
87,74,4119.259649917758
87,73,4119.259649917576
87,72,4119.259649917758
87,71,4119.259649917576
87,70,4119.259649917758
87,69,4119.259649917576
87,68,4119.259649917758
87,67,4119.259649917576
87,66,4119.259649917758
87,65,4119.259649917576
87,64,4119.259649917758
87,63,4119.259649917576
87,62,4119.259649917758
87,61,4119.259649917576
87,60,6436.343202996349
87,59,6436.343202996349
87,58,6436.343202996349
87,57,6436.343202996349
87,56,6436.343202996349
87,55,6436.343202996349
87,54,6436.343202996349
87,53,6436.343202996349
87,52,6436.343202996349
87,51,6436.343202996349
87,50,6436.343202996349
87,49,6436.343202996349
87,48,6436.343202996349
87,47,6436.343202996349
87,46,6436.343202996349
87,45,6436.343202996349
87,44,6436.343202996349
87,43,6436.343202996349
87,42,6436.343202996349
87,41,6436.343202996349
87,40,6436.343202996349
87,39,6436.343202996349
87,38,6436.343202996349
87,37,6436.343202996349
87,36,6436.343202996349
87,35,6436.343202996349
87,34,6436.343202996349
87,33,6436.343202996349
87,32,6436.343202996349
87,31,6436.343202996349
87,30,6436.343202996349
87,29,6436.343202996349
87,28,11442.387916437914
87,27,11442.387916438005
87,26,11442.387916437914
87,25,11442.387916438005
87,24,11442.387916437914
87,23,11442.387916438005
87,22,11442.387916437914
87,21,11442.387916438005
87,20,11442.387916437914
87,19,11442.387916437914
87,18,11442.387916438005
87,17,11442.387916437914
87,16,11442.387916438005
87,15,11442.387916437914
87,14,11442.387916438005
87,13,11442.387916437914
87,12,11442.387916438005
87,11,11442.387916437914
87,10,25745.372811985395
87,9,25745.372811985395
87,8,25745.372811985395
87,7,25745.372811985395
87,6,25745.372811985395
87,5,25745.372811985395
87,4,25745.372811985395
87,3,25745.372811985395
87,2,102981.49124794158
87,1,102981.49124794158
88,88,2150.254847846121
88,87,2150.2548478463077
88,86,2926.7357651239386
88,85,2926.735765124126
88,84,2926.735765124126
88,83,2926.7357651239386
88,82,2926.735765124126
88,81,2926.7357651239386
88,80,2926.735765124126
88,79,2926.7357651239386
88,78,4214.499501778719
88,77,4214.499501778531
88,76,4214.499501778719
88,75,4214.499501778531
88,74,4214.499501778719
88,73,4214.499501778531
88,72,4214.499501778719
88,71,4214.499501778531
88,70,4214.499501778719
88,69,4214.499501778531
88,68,4214.499501778719
88,67,4214.499501778531
88,66,4214.499501778719
88,65,4214.499501778531
88,64,4214.499501778719
88,63,4214.499501778531
88,62,4214.499501778719
88,61,4214.499501778531
88,60,6585.155471529096
88,59,6585.155471529096
88,58,6585.155471529096
88,57,6585.155471529096
88,56,6585.155471529096
88,55,6585.155471529096
88,54,6585.155471529096
88,53,6585.155471529096
88,52,6585.155471529096
88,51,6585.155471529096
88,50,6585.155471529096
88,49,6585.155471529096
88,48,6585.155471529096
88,47,6585.155471529096
88,46,6585.155471529096
88,45,6585.155471529096
88,44,6585.155471529096
88,43,6585.155471529096
88,42,6585.155471529096
88,41,6585.155471529096
88,40,6585.155471529096
88,39,6585.155471529096
88,38,6585.155471529096
88,37,6585.155471529096
88,36,6585.155471529096
88,35,6585.155471529096
88,34,6585.155471529096
88,33,6585.155471529096
88,32,6585.155471529096
88,31,6585.155471529096
88,30,6585.155471529096
88,29,6585.155471529096
88,28,11706.943060496129
88,27,11706.943060496222
88,26,11706.943060496129
88,25,11706.943060496222
88,24,11706.943060496129
88,23,11706.943060496222
88,22,11706.943060496129
88,21,11706.943060496222
88,20,11706.943060496129
88,19,11706.943060496129
88,18,11706.943060496222
88,17,11706.943060496129
88,16,11706.943060496222
88,15,11706.943060496129
88,14,11706.943060496222
88,13,11706.943060496129
88,12,11706.943060496222
88,11,11706.943060496129
88,10,26340.621886116383
88,9,26340.621886116383
88,8,26340.621886116383
88,7,26340.621886116383
88,6,26340.621886116383
88,5,26340.621886116383
88,4,26340.621886116383
88,3,26340.621886116383
88,2,105362.48754446553
88,1,105362.48754446553
89,89,2993.630422978848
89,88,2199.4019434128513
89,87,2199.4019434130428
89,86,2993.6304229786565
89,85,2993.630422978848
89,84,2993.630422978848
89,83,2993.6304229786565
89,82,2993.630422978848
89,81,2993.6304229786565
89,80,2993.630422978848
89,79,2993.6304229786565
89,78,4310.827809089518
89,77,4310.827809089327
89,76,4310.827809089518
89,75,4310.827809089327
89,74,4310.827809089518
89,73,4310.827809089327
89,72,4310.827809089518
89,71,4310.827809089327
89,70,4310.827809089518
89,69,4310.827809089327
89,68,4310.827809089518
89,67,4310.827809089327
89,66,4310.827809089518
89,65,4310.827809089327
89,64,4310.827809089518
89,63,4310.827809089327
89,62,4310.827809089518
89,61,4310.827809089327
89,60,6735.668451702217
89,59,6735.668451702217
89,58,6735.668451702217
89,57,6735.668451702217
89,56,6735.668451702217
89,55,6735.668451702217
89,54,6735.668451702217
89,53,6735.668451702217
89,52,6735.668451702217
89,51,6735.668451702217
89,50,6735.668451702217
89,49,6735.668451702217
89,48,6735.668451702217
89,47,6735.668451702217
89,46,6735.668451702217
89,45,6735.668451702217
89,44,6735.668451702217
89,43,6735.668451702217
89,42,6735.668451702217
89,41,6735.668451702217
89,40,6735.668451702217
89,39,6735.668451702217
89,38,6735.668451702217
89,37,6735.668451702217
89,36,6735.668451702217
89,35,6735.668451702217
89,34,6735.668451702217
89,33,6735.668451702217
89,32,6735.668451702217
89,31,6735.668451702217
89,30,6735.668451702217
89,29,6735.668451702217
89,28,11974.52169191501
89,27,11974.521691915106
89,26,11974.52169191501
89,25,11974.521691915106
89,24,11974.52169191501
89,23,11974.521691915106
89,22,11974.52169191501
89,21,11974.521691915106
89,20,11974.52169191501
89,19,11974.52169191501
89,18,11974.521691915106
89,17,11974.52169191501
89,16,11974.521691915106
89,15,11974.52169191501
89,14,11974.521691915106
89,13,11974.52169191501
89,12,11974.521691915106
89,11,11974.52169191501
89,10,26942.673806808867
89,9,26942.673806808867
89,8,26942.673806808867
89,7,26942.673806808867
89,6,26942.673806808867
89,5,26942.673806808867
89,4,26942.673806808867
89,3,26942.673806808867
89,2,107770.69522723547
89,1,107770.69522723547
90,90,3061.2809526735414
90,89,89.96417493576544
90,88,3061.2809526735414
90,87,4408.244571850158
90,86,3061.2809526735414
90,85,3061.280952673737
90,84,3061.280952673737
90,83,3061.2809526735414
90,82,3061.280952673737
90,81,3061.2809526735414
90,80,3061.280952673737
90,79,3061.2809526735414
90,78,4408.244571850158
90,77,4408.244571849961
90,76,4408.244571850158
90,75,4408.244571849961
90,74,4408.244571850158
90,73,4408.244571849961
90,72,4408.244571850158
90,71,4408.244571849961
90,70,4408.244571850158
90,69,4408.244571849961
90,68,4408.244571850158
90,67,4408.244571849961
90,66,4408.244571850158
90,65,4408.244571849961
90,64,4408.244571850158
90,63,4408.244571849961
90,62,4408.244571850158
90,61,4408.244571849961
90,60,6887.882143515712
90,59,6887.882143515712
90,58,6887.882143515712
90,57,6887.882143515712
90,56,6887.882143515712
90,55,6887.882143515712
90,54,6887.882143515712
90,53,6887.882143515712
90,52,6887.882143515712
90,51,6887.882143515712
90,50,6887.882143515712
90,49,6887.882143515712
90,48,6887.882143515712
90,47,6887.882143515712
90,46,6887.882143515712
90,45,6887.882143515712
90,44,6887.882143515712
90,43,6887.882143515712
90,42,6887.882143515712
90,41,6887.882143515712
90,40,6887.882143515712
90,39,6887.882143515712
90,38,6887.882143515712
90,37,6887.882143515712
90,36,6887.882143515712
90,35,6887.882143515712
90,34,6887.882143515712
90,33,6887.882143515712
90,32,6887.882143515712
90,31,6887.882143515712
90,30,6887.882143515712
90,29,6887.882143515712
90,28,12245.123810694557
90,27,12245.123810694653
90,26,12245.123810694557
90,25,12245.123810694653
90,24,12245.123810694557
90,23,12245.123810694653
90,22,12245.123810694557
90,21,12245.123810694653
90,20,12245.123810694557
90,19,12245.123810694557
90,18,12245.123810694653
90,17,12245.123810694557
90,16,12245.123810694653
90,15,12245.123810694557
90,14,12245.123810694653
90,13,12245.123810694557
90,12,12245.123810694653
90,11,12245.123810694557
90,10,27551.52857406285
90,9,27551.52857406285
90,8,27551.52857406285
90,7,27551.52857406285
90,6,27551.52857406285
90,5,27551.52857406285
90,4,27551.52857406285
90,3,27551.52857406285
90,2,110206.1142962514
90,1,110206.1142962514
91,91,3129.687354208792
91,90,1469.036921363135
91,89,3129.687354208792
91,88,4506.749790060437
91,87,4506.749790060636
91,86,3129.687354208592
91,85,3129.687354208792
91,84,3129.687354208792
91,83,3129.687354208592
91,82,3129.687354208792
91,81,3129.687354208592
91,80,3129.687354208792
91,79,3129.687354208592
91,78,4506.749790060636
91,77,4506.749790060437
91,76,4506.749790060636
91,75,4506.749790060437
91,74,4506.749790060636
91,73,4506.749790060437
91,72,4506.749790060636
91,71,4506.749790060437
91,70,4506.749790060636
91,69,4506.749790060437
91,68,4506.749790060636
91,67,4506.749790060437
91,66,4506.749790060636
91,65,4506.749790060437
91,64,4506.749790060636
91,63,4506.749790060437
91,62,4506.749790060636
91,61,4506.749790060437
91,60,7041.796546969582
91,59,7041.796546969582
91,58,7041.796546969582
91,57,7041.796546969582
91,56,7041.796546969582
91,55,7041.796546969582
91,54,7041.796546969582
91,53,7041.796546969582
91,52,7041.796546969582
91,51,7041.796546969582
91,50,7041.796546969582
91,49,7041.796546969582
91,48,7041.796546969582
91,47,7041.796546969582
91,46,7041.796546969582
91,45,7041.796546969582
91,44,7041.796546969582
91,43,7041.796546969582
91,42,7041.796546969582
91,41,7041.796546969582
91,40,7041.796546969582
91,39,7041.796546969582
91,38,7041.796546969582
91,37,7041.796546969582
91,36,7041.796546969582
91,35,7041.796546969582
91,34,7041.796546969582
91,33,7041.796546969582
91,32,7041.796546969582
91,31,7041.796546969582
91,30,7041.796546969582
91,29,7041.796546969582
91,28,12518.749416834768
91,27,12518.749416834868
91,26,12518.749416834768
91,25,12518.749416834868
91,24,12518.749416834768
91,23,12518.749416834868
91,22,12518.749416834768
91,21,12518.749416834868
91,20,12518.749416834768
91,19,12518.749416834768
91,18,12518.749416834868
91,17,12518.749416834768
91,16,12518.749416834868
91,15,12518.749416834768
91,14,12518.749416834868
91,13,12518.749416834768
91,12,12518.749416834868
91,11,12518.749416834768
91,10,28167.186187878327
91,9,28167.186187878327
91,8,28167.186187878327
91,7,28167.186187878327
91,6,28167.186187878327
91,5,28167.186187878327
91,4,28167.186187878327
91,3,28167.186187878327
91,2,112668.74475151331
91,1,112668.74475151331
92,92,3198.849627583809
92,91,94.00700946374305
92,90,4606.34346372075
92,89,4606.343463720955
92,88,4606.34346372075
92,87,4606.343463720955
92,86,3198.849627583809
92,85,3198.8496275840134
92,84,3198.8496275840134
92,83,3198.849627583809
92,82,3198.8496275840134
92,81,3198.849627583809
92,80,3198.8496275840134
92,79,3198.849627583809
92,78,4606.343463720955
92,77,4606.34346372075
92,76,4606.343463720955
92,75,4606.34346372075
92,74,4606.343463720955
92,73,4606.34346372075
92,72,4606.343463720955
92,71,4606.34346372075
92,70,4606.343463720955
92,69,4606.34346372075
92,68,4606.343463720955
92,67,4606.34346372075
92,66,4606.343463720955
92,65,4606.34346372075
92,64,4606.343463720955
92,63,4606.34346372075
92,62,4606.343463720955
92,61,4606.34346372075
92,60,7197.411662063826
92,59,7197.411662063826
92,58,7197.411662063826
92,57,7197.411662063826
92,56,7197.411662063826
92,55,7197.411662063826
92,54,7197.411662063826
92,53,7197.411662063826
92,52,7197.411662063826
92,51,7197.411662063826
92,50,7197.411662063826
92,49,7197.411662063826
92,48,7197.411662063826
92,47,7197.411662063826
92,46,7197.411662063826
92,45,7197.411662063826
92,44,7197.411662063826
92,43,7197.411662063826
92,42,7197.411662063826
92,41,7197.411662063826
92,40,7197.411662063826
92,39,7197.411662063826
92,38,7197.411662063826
92,37,7197.411662063826
92,36,7197.411662063826
92,35,7197.411662063826
92,34,7197.411662063826
92,33,7197.411662063826
92,32,7197.411662063826
92,31,7197.411662063826
92,30,7197.411662063826
92,29,7197.411662063826
92,28,12795.398510335646
92,27,12795.398510335748
92,26,12795.398510335646
92,25,12795.398510335748
92,24,12795.398510335646
92,23,12795.398510335748
92,22,12795.398510335646
92,21,12795.398510335748
92,20,12795.398510335646
92,19,12795.398510335646
92,18,12795.398510335748
92,17,12795.398510335646
92,16,12795.398510335748
92,15,12795.398510335646
92,14,12795.398510335748
92,13,12795.398510335646
92,12,12795.398510335748
92,11,12795.398510335646
92,10,28789.646648255304
92,9,28789.646648255304
92,8,28789.646648255304
92,7,28789.646648255304
92,6,28789.646648255304
92,5,28789.646648255304
92,4,28789.646648255304
92,3,28789.646648255304
92,2,115158.58659302122
92,1,115158.58659302122
93,93,2401.543669811818
93,92,963.2858497801063
93,91,4707.025592830904
93,90,4707.025592830904
93,89,4707.025592831113
93,88,4707.025592830904
93,87,3268.767772799401
93,86,3268.767772799401
93,85,3268.7677727991922
93,84,3268.767772799401
93,83,4707.025592830904
93,82,3268.767772799401
93,81,3268.7677727991922
93,80,3268.767772799401
93,79,3268.7677727991922
93,78,4707.025592831113
93,77,4707.025592830904
93,76,4707.025592831113
93,75,4707.025592830904
93,74,4707.025592831113
93,73,4707.025592830904
93,72,4707.025592831113
93,71,4707.025592830904
93,70,4707.025592831113
93,69,4707.025592830904
93,68,4707.025592831113
93,67,4707.025592830904
93,66,4707.025592831113
93,65,4707.025592830904
93,64,4707.025592831113
93,63,4707.025592830904
93,62,4707.025592831113
93,61,4707.025592830904
93,60,7354.727488798444
93,59,7354.727488798444
93,58,7354.727488798444
93,57,7354.727488798444
93,56,7354.727488798444
93,55,7354.727488798444
93,54,7354.727488798444
93,53,7354.727488798444
93,52,7354.727488798444
93,51,7354.727488798444
93,50,7354.727488798444
93,49,7354.727488798444
93,48,7354.727488798444
93,47,7354.727488798444
93,46,7354.727488798444
93,45,7354.727488798444
93,44,7354.727488798444
93,43,7354.727488798444
93,42,7354.727488798444
93,41,7354.727488798444
93,40,7354.727488798444
93,39,7354.727488798444
93,38,7354.727488798444
93,37,7354.727488798444
93,36,7354.727488798444
93,35,7354.727488798444
93,34,7354.727488798444
93,33,7354.727488798444
93,32,7354.727488798444
93,31,7354.727488798444
93,30,7354.727488798444
93,29,7354.727488798444
93,28,13075.071091197187
93,27,13075.071091197293
93,26,13075.071091197187
93,25,13075.071091197293
93,24,13075.071091197187
93,23,13075.071091197293
93,22,13075.071091197187
93,21,13075.071091197293
93,20,13075.071091197187
93,19,13075.071091197187
93,18,13075.071091197293
93,17,13075.071091197187
93,16,13075.071091197293
93,15,13075.071091197187
93,14,13075.071091197293
93,13,13075.071091197187
93,12,13075.071091197293
93,11,13075.071091197187
93,10,29418.909955193776
93,9,29418.909955193776
93,8,29418.909955193776
93,7,29418.909955193776
93,6,29418.909955193776
93,5,29418.909955193776
93,4,29418.909955193776
93,3,29418.909955193776
93,2,117675.6398207751
93,1,117675.6398207751
94,94,2453.4674374442566
94,93,2453.4674374444703
94,92,4808.79617739111
94,91,4808.796177390896
94,90,4808.796177390896
94,89,3339.4417898549555
94,88,3339.4417898549555
94,87,3339.441789854742
94,86,3339.4417898549555
94,85,4808.796177390896
94,84,4808.79617739111
94,83,4808.796177390896
94,82,3339.4417898549555
94,81,3339.441789854742
94,80,3339.4417898549555
94,79,3339.441789854742
94,78,4808.79617739111
94,77,4808.796177390896
94,76,4808.79617739111
94,75,4808.796177390896
94,74,4808.79617739111
94,73,4808.796177390896
94,72,4808.79617739111
94,71,4808.796177390896
94,70,4808.79617739111
94,69,4808.796177390896
94,68,4808.79617739111
94,67,4808.796177390896
94,66,4808.79617739111
94,65,4808.796177390896
94,64,4808.79617739111
94,63,4808.796177390896
94,62,4808.79617739111
94,61,4808.796177390896
94,60,7513.744027173436
94,59,7513.744027173436
94,58,7513.744027173436
94,57,7513.744027173436
94,56,7513.744027173436
94,55,7513.744027173436
94,54,7513.744027173436
94,53,7513.744027173436
94,52,7513.744027173436
94,51,7513.744027173436
94,50,7513.744027173436
94,49,7513.744027173436
94,48,7513.744027173436
94,47,7513.744027173436
94,46,7513.744027173436
94,45,7513.744027173436
94,44,7513.744027173436
94,43,7513.744027173436
94,42,7513.744027173436
94,41,7513.744027173436
94,40,7513.744027173436
94,39,7513.744027173436
94,38,7513.744027173436
94,37,7513.744027173436
94,36,7513.744027173436
94,35,7513.744027173436
94,34,7513.744027173436
94,33,7513.744027173436
94,32,7513.744027173436
94,31,7513.744027173436
94,30,7513.744027173436
94,29,7513.744027173436
94,28,13357.767159419394
94,27,13357.767159419502
94,26,13357.767159419394
94,25,13357.767159419502
94,24,13357.767159419394
94,23,13357.767159419502
94,22,13357.767159419394
94,21,13357.767159419502
94,20,13357.767159419394
94,19,13357.767159419394
94,18,13357.767159419502
94,17,13357.767159419394
94,16,13357.767159419502
94,15,13357.767159419394
94,14,13357.767159419502
94,13,13357.767159419394
94,12,13357.767159419502
94,11,13357.767159419394
94,10,30054.976108693743
94,9,30054.976108693743
94,8,30054.976108693743
94,7,30054.976108693743
94,6,30054.976108693743
94,5,30054.976108693743
94,4,30054.976108693743
94,3,30054.976108693743
94,2,120219.90443477497
94,1,120219.90443477497
95,95,2505.946539490306
95,94,2505.946539490306
95,93,4911.655217400729
95,92,4911.655217400948
95,91,4911.655217400729
95,90,4911.655217400729
95,89,3410.871678750676
95,88,3410.871678750676
95,87,3410.8716787504577
95,86,3410.871678750676
95,85,4911.655217400729
95,84,4911.655217400948
95,83,4911.655217400729
95,82,3410.871678750676
95,81,3410.8716787504577
95,80,3410.871678750676
95,79,3410.8716787504577
95,78,4911.655217400948
95,77,4911.655217400729
95,76,4911.655217400948
95,75,4911.655217400729
95,74,4911.655217400948
95,73,4911.655217400729
95,72,4911.655217400948
95,71,4911.655217400729
95,70,4911.655217400948
95,69,4911.655217400729
95,68,4911.655217400948
95,67,4911.655217400729
95,66,4911.655217400948
95,65,4911.655217400729
95,64,4911.655217400948
95,63,4911.655217400729
95,62,4911.655217400948
95,61,4911.655217400729
95,60,7674.461277188803
95,59,7674.461277188803
95,58,7674.461277188803
95,57,7674.461277188803
95,56,7674.461277188803
95,55,7674.461277188803
95,54,7674.461277188803
95,53,7674.461277188803
95,52,7674.461277188803
95,51,7674.461277188803
95,50,7674.461277188803
95,49,7674.461277188803
95,48,7674.461277188803
95,47,7674.461277188803
95,46,7674.461277188803
95,45,7674.461277188803
95,44,7674.461277188803
95,43,7674.461277188803
95,42,7674.461277188803
95,41,7674.461277188803
95,40,7674.461277188803
95,39,7674.461277188803
95,38,7674.461277188803
95,37,7674.461277188803
95,36,7674.461277188803
95,35,7674.461277188803
95,34,7674.461277188803
95,33,7674.461277188803
95,32,7674.461277188803
95,31,7674.461277188803
95,30,7674.461277188803
95,29,7674.461277188803
95,28,13643.486715002267
95,27,13643.486715002377
95,26,13643.486715002267
95,25,13643.486715002377
95,24,13643.486715002267
95,23,13643.486715002377
95,22,13643.486715002267
95,21,13643.486715002377
95,20,13643.486715002267
95,19,13643.486715002267
95,18,13643.486715002377
95,17,13643.486715002267
95,16,13643.486715002377
95,15,13643.486715002267
95,14,13643.486715002377
95,13,13643.486715002267
95,12,13643.486715002377
95,11,13643.486715002267
95,10,30697.845108755213
95,9,30697.845108755213
95,8,30697.845108755213
95,7,30697.845108755213
95,6,30697.845108755213
95,5,30697.845108755213
95,4,30697.845108755213
95,3,30697.845108755213
95,2,122791.38043502085
95,1,122791.38043502085
96,96,3483.05743948634
96,95,102.35923903802646
96,94,5015.602712860624
96,93,5015.602712860401
96,92,5015.602712860624
96,91,5015.602712860401
96,90,1950.512166112502
96,89,3483.05743948634
96,88,3483.057439486563
96,87,5015.602712860401
96,86,5015.602712860624
96,85,5015.602712860401
96,84,5015.602712860624
96,83,3483.05743948634
96,82,3483.057439486563
96,81,5015.602712860401
96,80,3483.057439486563
96,79,3483.05743948634
96,78,5015.602712860624
96,77,5015.602712860401
96,76,5015.602712860624
96,75,5015.602712860401
96,74,5015.602712860624
96,73,5015.602712860401
96,72,5015.602712860624
96,71,5015.602712860401
96,70,5015.602712860624
96,69,5015.602712860401
96,68,5015.602712860624
96,67,5015.602712860401
96,66,5015.602712860624
96,65,5015.602712860401
96,64,5015.602712860624
96,63,5015.602712860401
96,62,5015.602712860624
96,61,5015.602712860401
96,60,7836.879238844544
96,59,7836.879238844544
96,58,7836.879238844544
96,57,7836.879238844544
96,56,7836.879238844544
96,55,7836.879238844544
96,54,7836.879238844544
96,53,7836.879238844544
96,52,7836.879238844544
96,51,7836.879238844544
96,50,7836.879238844544
96,49,7836.879238844544
96,48,7836.879238844544
96,47,7836.879238844544
96,46,7836.879238844544
96,45,7836.879238844544
96,44,7836.879238844544
96,43,7836.879238844544
96,42,7836.879238844544
96,41,7836.879238844544
96,40,7836.879238844544
96,39,7836.879238844544
96,38,7836.879238844544
96,37,7836.879238844544
96,36,7836.879238844544
96,35,7836.879238844544
96,34,7836.879238844544
96,33,7836.879238844544
96,32,7836.879238844544
96,31,7836.879238844544
96,30,7836.879238844544
96,29,7836.879238844544
96,28,13932.229757945806
96,27,13932.229757945917
96,26,13932.229757945806
96,25,13932.229757945917
96,24,13932.229757945806
96,23,13932.229757945917
96,22,13932.229757945806
96,21,13932.229757945917
96,20,13932.229757945806
96,19,13932.229757945806
96,18,13932.229757945917
96,17,13932.229757945806
96,16,13932.229757945917
96,15,13932.229757945806
96,14,13932.229757945917
96,13,13932.229757945806
96,12,13932.229757945917
96,11,13932.229757945806
96,10,31347.516955378174
96,9,31347.516955378174
96,8,31347.516955378174
96,7,31347.516955378174
96,6,31347.516955378174
96,5,31347.516955378174
96,4,31347.516955378174
96,3,31347.516955378174
96,2,125390.0678215127
96,1,125390.0678215127
97,97,2612.570746821528
97,96,2612.570746821528
97,95,5120.6386637699125
97,94,5120.63866377014
97,93,5120.6386637699125
97,92,5120.63866377014
97,91,5120.6386637699125
97,90,426.7198886475685
97,89,3555.9990720623887
97,88,5120.63866377014
97,87,5120.6386637699125
97,86,5120.63866377014
97,85,5120.6386637699125
97,84,3555.999072062616
97,83,3555.9990720623887
97,82,5120.63866377014
97,81,5120.6386637699125
97,80,3555.999072062616
97,79,3555.9990720623887
97,78,5120.63866377014
97,77,5120.6386637699125
97,76,5120.63866377014
97,75,5120.6386637699125
97,74,5120.63866377014
97,73,5120.6386637699125
97,72,5120.63866377014
97,71,5120.6386637699125
97,70,5120.63866377014
97,69,5120.6386637699125
97,68,5120.63866377014
97,67,5120.6386637699125
97,66,5120.63866377014
97,65,5120.6386637699125
97,64,5120.63866377014
97,63,5120.6386637699125
97,62,5120.63866377014
97,61,5120.6386637699125
97,60,8000.997912140659
97,59,8000.997912140659
97,58,8000.997912140659
97,57,8000.997912140659
97,56,8000.997912140659
97,55,8000.997912140659
97,54,8000.997912140659
97,53,8000.997912140659
97,52,8000.997912140659
97,51,8000.997912140659
97,50,8000.997912140659
97,49,8000.997912140659
97,48,8000.997912140659
97,47,8000.997912140659
97,46,8000.997912140659
97,45,8000.997912140659
97,44,8000.997912140659
97,43,8000.997912140659
97,42,8000.997912140659
97,41,8000.997912140659
97,40,8000.997912140659
97,39,8000.997912140659
97,38,8000.997912140659
97,37,8000.997912140659
97,36,8000.997912140659
97,35,8000.997912140659
97,34,8000.997912140659
97,33,8000.997912140659
97,32,8000.997912140659
97,31,8000.997912140659
97,30,8000.997912140659
97,29,8000.997912140659
97,28,14223.99628825001
97,27,14223.996288250124
97,26,14223.99628825001
97,25,14223.996288250124
97,24,14223.99628825001
97,23,14223.996288250124
97,22,14223.99628825001
97,21,14223.996288250124
97,20,14223.99628825001
97,19,14223.99628825001
97,18,14223.996288250124
97,17,14223.99628825001
97,16,14223.996288250124
97,15,14223.99628825001
97,14,14223.996288250124
97,13,14223.99628825001
97,12,14223.996288250124
97,11,14223.99628825001
97,10,32003.991648562635
97,9,32003.991648562635
97,8,32003.991648562635
97,7,32003.991648562635
97,6,32003.991648562635
97,5,32003.991648562635
97,4,32003.991648562635
97,3,32003.991648562635
97,2,128015.96659425054
97,1,128015.96659425054
98,98,2666.715852106914
98,97,2666.7158521066817
98,96,5226.763070129496
98,95,5226.763070129263
98,94,5226.763070129496
98,93,5226.763070129263
98,92,5226.763070129496
98,91,5226.763070129263
98,90,-1161.5029044731439
98,89,5226.763070129263
98,88,5226.763070129496
98,87,5226.763070129263
98,86,5226.763070129496
98,85,3629.696576478603
98,84,3629.696576478835
98,83,5226.763070129263
98,82,5226.763070129496
98,81,5226.763070129263
98,80,3629.696576478835
98,79,3629.696576478603
98,78,5226.763070129496
98,77,5226.763070129263
98,76,5226.763070129496
98,75,5226.763070129263
98,74,5226.763070129496
98,73,5226.763070129263
98,72,5226.763070129496
98,71,5226.763070129263
98,70,5226.763070129496
98,69,5226.763070129263
98,68,5226.763070129496
98,67,5226.763070129263
98,66,5226.763070129496
98,65,5226.763070129263
98,64,5226.763070129496
98,63,5226.763070129263
98,62,5226.763070129496
98,61,5226.763070129263
98,60,8166.817297077148
98,59,8166.817297077148
98,58,8166.817297077148
98,57,8166.817297077148
98,56,8166.817297077148
98,55,8166.817297077148
98,54,8166.817297077148
98,53,8166.817297077148
98,52,8166.817297077148
98,51,8166.817297077148
98,50,8166.817297077148
98,49,8166.817297077148
98,48,8166.817297077148
98,47,8166.817297077148
98,46,8166.817297077148
98,45,8166.817297077148
98,44,8166.817297077148
98,43,8166.817297077148
98,42,8166.817297077148
98,41,8166.817297077148
98,40,8166.817297077148
98,39,8166.817297077148
98,38,8166.817297077148
98,37,8166.817297077148
98,36,8166.817297077148
98,35,8166.817297077148
98,34,8166.817297077148
98,33,8166.817297077148
98,32,8166.817297077148
98,31,8166.817297077148
98,30,8166.817297077148
98,29,8166.817297077148
98,28,14518.786305914877
98,27,14518.786305914995
98,26,14518.786305914877
98,25,14518.786305914995
98,24,14518.786305914877
98,23,14518.786305914995
98,22,14518.786305914877
98,21,14518.786305914995
98,20,14518.786305914877
98,19,14518.786305914877
98,18,14518.786305914995
98,17,14518.786305914877
98,16,14518.786305914995
98,15,14518.786305914877
98,14,14518.786305914995
98,13,14518.786305914877
98,12,14518.786305914995
98,11,14518.786305914877
98,10,32667.269188308594
98,9,32667.269188308594
98,8,32667.269188308594
98,7,32667.269188308594
98,6,32667.269188308594
98,5,32667.269188308594
98,4,32667.269188308594
98,3,32667.269188308594
98,2,130669.07675323437
98,1,130669.07675323437
99,99,2721.4162918054835
99,98,2721.4162918054835
99,97,5333.975931938454
99,96,5333.975931938691
99,95,5333.975931938454
99,94,5333.975931938691
99,93,5333.975931938454
99,92,5333.975931938691
99,91,5333.975931938454
99,90,-1185.3279848751856
99,89,5333.975931938454
99,88,5333.975931938691
99,87,5333.975931938454
99,86,3704.1499527352216
99,85,3704.1499527349847
99,84,5333.975931938691
99,83,5333.975931938454
99,82,5333.975931938691
99,81,5333.975931938454
99,80,3704.1499527352216
99,79,3704.1499527349847
99,78,5333.975931938691
99,77,5333.975931938454
99,76,5333.975931938691
99,75,5333.975931938454
99,74,5333.975931938691
99,73,5333.975931938454
99,72,5333.975931938691
99,71,5333.975931938454
99,70,5333.975931938691
99,69,5333.975931938454
99,68,5333.975931938691
99,67,5333.975931938454
99,66,5333.975931938691
99,65,5333.975931938454
99,64,5333.975931938691
99,63,5333.975931938454
99,62,5333.975931938691
99,61,5333.975931938454
99,60,8334.337393654012
99,59,8334.337393654012
99,58,8334.337393654012
99,57,8334.337393654012
99,56,8334.337393654012
99,55,8334.337393654012
99,54,8334.337393654012
99,53,8334.337393654012
99,52,8334.337393654012
99,51,8334.337393654012
99,50,8334.337393654012
99,49,8334.337393654012
99,48,8334.337393654012
99,47,8334.337393654012
99,46,8334.337393654012
99,45,8334.337393654012
99,44,8334.337393654012
99,43,8334.337393654012
99,42,8334.337393654012
99,41,8334.337393654012
99,40,8334.337393654012
99,39,8334.337393654012
99,38,8334.337393654012
99,37,8334.337393654012
99,36,8334.337393654012
99,35,8334.337393654012
99,34,8334.337393654012
99,33,8334.337393654012
99,32,8334.337393654012
99,31,8334.337393654012
99,30,8334.337393654012
99,29,8334.337393654012
99,28,14816.599810940414
99,27,14816.59981094053
99,26,14816.599810940414
99,25,14816.59981094053
99,24,14816.599810940414
99,23,14816.59981094053
99,22,14816.599810940414
99,21,14816.59981094053
99,20,14816.599810940414
99,19,14816.599810940414
99,18,14816.59981094053
99,17,14816.599810940414
99,16,14816.59981094053
99,15,14816.599810940414
99,14,14816.59981094053
99,13,14816.599810940414
99,12,14816.59981094053
99,11,14816.599810940414
99,10,33337.34957461605
99,9,33337.34957461605
99,8,33337.34957461605
99,7,33337.34957461605
99,6,33337.34957461605
99,5,33337.34957461605
99,4,33337.34957461605
99,3,33337.34957461605
99,2,133349.3982984642
99,1,133349.3982984642
100,100,2776.6720659172365
100,99,2776.6720659169946
100,98,5442.277249197725
100,97,5442.277249197484
100,96,5442.277249197725
100,95,5442.277249197484
100,94,5442.277249197725
100,93,5442.277249197484
100,92,5442.277249197725
100,91,5442.277249197484
100,90,-1209.3949442660808
100,89,5442.277249197484
100,88,5442.277249197725
100,87,3779.3592008315327
100,86,3779.359200831774
100,85,5442.277249197484
100,84,5442.277249197725
100,83,5442.277249197484
100,82,5442.277249197725
100,81,5442.277249197484
100,80,3779.359200831774
100,79,3779.3592008315327
100,78,5442.277249197725
100,77,5442.277249197484
100,76,5442.277249197725
100,75,5442.277249197484
100,74,5442.277249197725
100,73,5442.277249197484
100,72,5442.277249197725
100,71,5442.277249197484
100,70,5442.277249197725
100,69,5442.277249197484
100,68,5442.277249197725
100,67,5442.277249197484
100,66,5442.277249197725
100,65,5442.277249197484
100,64,5442.277249197725
100,63,5442.277249197484
100,62,5442.277249197725
100,61,5442.277249197484
100,60,8503.55820187125
100,59,8503.55820187125
100,58,8503.55820187125
100,57,8503.55820187125
100,56,8503.55820187125
100,55,8503.55820187125
100,54,8503.55820187125
100,53,8503.55820187125
100,52,8503.55820187125
100,51,8503.55820187125
100,50,8503.55820187125
100,49,8503.55820187125
100,48,8503.55820187125
100,47,8503.55820187125
100,46,8503.55820187125
100,45,8503.55820187125
100,44,8503.55820187125
100,43,8503.55820187125
100,42,8503.55820187125
100,41,8503.55820187125
100,40,8503.55820187125
100,39,8503.55820187125
100,38,8503.55820187125
100,37,8503.55820187125
100,36,8503.55820187125
100,35,8503.55820187125
100,34,8503.55820187125
100,33,8503.55820187125
100,32,8503.55820187125
100,31,8503.55820187125
100,30,8503.55820187125
100,29,8503.55820187125
100,28,15117.436803326613
100,27,15117.436803326735
100,26,15117.436803326613
100,25,15117.436803326735
100,24,15117.436803326613
100,23,15117.436803326735
100,22,15117.436803326613
100,21,15117.436803326735
100,20,15117.436803326613
100,19,15117.436803326613
100,18,15117.436803326735
100,17,15117.436803326613
100,16,15117.436803326735
100,15,15117.436803326613
100,14,15117.436803326735
100,13,15117.436803326613
100,12,15117.436803326735
100,11,15117.436803326613
100,10,34014.232807485
100,9,34014.232807485
100,8,34014.232807485
100,7,34014.232807485
100,6,34014.232807485
100,5,34014.232807485
100,4,34014.232807485
100,3,34014.232807485
100,2,136056.93122994
100,1,136056.93122994
101,101,2832.483174442173
101,100,2832.483174442173
101,99,5551.6670219063535
101,98,5551.667021906599
101,97,5551.6670219063535
101,96,5551.667021906599
101,95,5551.6670219063535
101,94,5551.667021906599
101,93,5551.6670219063535
101,92,5551.667021906599
101,91,5551.6670219063535
101,90,-1233.7037826458288
101,89,5551.6670219063535
101,88,3855.3243207684923
101,87,3855.324320768246
101,86,5551.667021906599
101,85,5551.6670219063535
101,84,5551.667021906599
101,83,5551.6670219063535
101,82,5551.667021906599
101,81,5551.6670219063535
101,80,3855.3243207684923
101,79,3855.324320768246
101,78,5551.667021906599
101,77,5551.6670219063535
101,76,5551.667021906599
101,75,5551.6670219063535
101,74,5551.667021906599
101,73,5551.6670219063535
101,72,5551.667021906599
101,71,5551.6670219063535
101,70,5551.667021906599
101,69,5551.6670219063535
101,68,5551.667021906599
101,67,5551.6670219063535
101,66,5551.667021906599
101,65,5551.6670219063535
101,64,5551.667021906599
101,63,5551.6670219063535
101,62,5551.667021906599
101,61,5551.6670219063535
101,60,8674.479721728861
101,59,8674.479721728861
101,58,8674.479721728861
101,57,8674.479721728861
101,56,8674.479721728861
101,55,8674.479721728861
101,54,8674.479721728861
101,53,8674.479721728861
101,52,8674.479721728861
101,51,8674.479721728861
101,50,8674.479721728861
101,49,8674.479721728861
101,48,8674.479721728861
101,47,8674.479721728861
101,46,8674.479721728861
101,45,8674.479721728861
101,44,8674.479721728861
101,43,8674.479721728861
101,42,8674.479721728861
101,41,8674.479721728861
101,40,8674.479721728861
101,39,8674.479721728861
101,38,8674.479721728861
101,37,8674.479721728861
101,36,8674.479721728861
101,35,8674.479721728861
101,34,8674.479721728861
101,33,8674.479721728861
101,32,8674.479721728861
101,31,8674.479721728861
101,30,8674.479721728861
101,29,8674.479721728861
101,28,15421.297283073478
101,27,15421.297283073602
101,26,15421.297283073478
101,25,15421.297283073602
101,24,15421.297283073478
101,23,15421.297283073602
101,22,15421.297283073478
101,21,15421.297283073602
101,20,15421.297283073478
101,19,15421.297283073478
101,18,15421.297283073602
101,17,15421.297283073478
101,16,15421.297283073602
101,15,15421.297283073478
101,14,15421.297283073602
101,13,15421.297283073478
101,12,15421.297283073602
101,11,15421.297283073478
101,10,34697.918886915446
101,9,34697.918886915446
101,8,34697.918886915446
101,7,34697.918886915446
101,6,34697.918886915446
101,5,34697.918886915446
101,4,34697.918886915446
101,3,34697.918886915446
101,2,138791.67554766178
101,1,138791.67554766178
102,102,2888.849617380293
102,101,2888.8496173800413
102,100,5662.145250065314
102,99,5662.145250065062
102,98,5662.145250065314
102,97,5662.145250065062
102,96,5662.145250065314
102,95,5662.145250065062
102,94,5662.145250065314
102,93,5662.145250065062
102,92,5662.145250065314
102,91,5662.145250065062
102,90,-1258.2545000144305
102,89,3932.045312545126
102,88,3932.0453125453773
102,87,5662.145250065062
102,86,5662.145250065314
102,85,5662.145250065062
102,84,5662.145250065314
102,83,5662.145250065062
102,82,5662.145250065314
102,81,5662.145250065062
102,80,3932.0453125453773
102,79,3932.045312545126
102,78,5662.145250065314
102,77,5662.145250065062
102,76,5662.145250065314
102,75,5662.145250065062
102,74,5662.145250065314
102,73,5662.145250065062
102,72,5662.145250065314
102,71,5662.145250065062
102,70,5662.145250065314
102,69,5662.145250065062
102,68,5662.145250065314
102,67,5662.145250065062
102,66,5662.145250065314
102,65,5662.145250065062
102,64,5662.145250065314
102,63,5662.145250065062
102,62,5662.145250065314
102,61,5662.145250065062
102,60,8847.101953226847
102,59,8847.101953226847
102,58,8847.101953226847
102,57,8847.101953226847
102,56,8847.101953226847
102,55,8847.101953226847
102,54,8847.101953226847
102,53,8847.101953226847
102,52,8847.101953226847
102,51,8847.101953226847
102,50,8847.101953226847
102,49,8847.101953226847
102,48,8847.101953226847
102,47,8847.101953226847
102,46,8847.101953226847
102,45,8847.101953226847
102,44,8847.101953226847
102,43,8847.101953226847
102,42,8847.101953226847
102,41,8847.101953226847
102,40,8847.101953226847
102,39,8847.101953226847
102,38,8847.101953226847
102,37,8847.101953226847
102,36,8847.101953226847
102,35,8847.101953226847
102,34,8847.101953226847
102,33,8847.101953226847
102,32,8847.101953226847
102,31,8847.101953226847
102,30,8847.101953226847
102,29,8847.101953226847
102,28,15728.181250181007
102,27,15728.181250181135
102,26,15728.181250181007
102,25,15728.181250181135
102,24,15728.181250181007
102,23,15728.181250181135
102,22,15728.181250181007
102,21,15728.181250181135
102,20,15728.181250181007
102,19,15728.181250181007
102,18,15728.181250181135
102,17,15728.181250181007
102,16,15728.181250181135
102,15,15728.181250181007
102,14,15728.181250181135
102,13,15728.181250181007
102,12,15728.181250181135
102,11,15728.181250181007
102,10,35388.40781290739
102,9,35388.40781290739
102,8,35388.40781290739
102,7,35388.40781290739
102,6,35388.40781290739
102,5,35388.40781290739
102,4,35388.40781290739
102,3,35388.40781290739
102,2,141553.63125162956
102,1,141553.63125162956
103,103,2945.771394731596
103,102,2945.771394731596
103,101,2945.7713947313396
103,100,5773.711933673867
103,99,5773.7119336736105
103,98,5773.711933673867
103,97,5773.7119336736105
103,96,5773.711933673867
103,95,5773.7119336736105
103,94,5773.711933673867
103,93,5773.7119336736105
103,92,5773.711933673867
103,91,5773.7119336736105
103,90,-3047.236853883323
103,89,4009.522176162173
103,88,5773.711933673867
103,87,5773.7119336736105
103,86,5773.711933673867
103,85,5773.7119336736105
103,84,5773.711933673867
103,83,5773.7119336736105
103,82,5773.711933673867
103,81,4009.522176162173
103,80,4009.522176162429
103,79,5773.7119336736105
103,78,5773.711933673867
103,77,5773.7119336736105
103,76,5773.711933673867
103,75,5773.7119336736105
103,74,5773.711933673867
103,73,5773.7119336736105
103,72,5773.711933673867
103,71,5773.7119336736105
103,70,5773.711933673867
103,69,5773.7119336736105
103,68,5773.711933673867
103,67,5773.7119336736105
103,66,5773.711933673867
103,65,5773.7119336736105
103,64,5773.711933673867
103,63,5773.7119336736105
103,62,5773.711933673867
103,61,5773.7119336736105
103,60,9021.424896365208
103,59,9021.424896365208
103,58,9021.424896365208
103,57,9021.424896365208
103,56,9021.424896365208
103,55,9021.424896365208
103,54,9021.424896365208
103,53,9021.424896365208
103,52,9021.424896365208
103,51,9021.424896365208
103,50,9021.424896365208
103,49,9021.424896365208
103,48,9021.424896365208
103,47,9021.424896365208
103,46,9021.424896365208
103,45,9021.424896365208
103,44,9021.424896365208
103,43,9021.424896365208
103,42,9021.424896365208
103,41,9021.424896365208
103,40,9021.424896365208
103,39,9021.424896365208
103,38,9021.424896365208
103,37,9021.424896365208
103,36,9021.424896365208
103,35,9021.424896365208
103,34,9021.424896365208
103,33,9021.424896365208
103,32,9021.424896365208
103,31,9021.424896365208
103,30,9021.424896365208
103,29,9021.424896365208
103,28,16038.088704649203
103,27,16038.088704649332
103,26,16038.088704649203
103,25,16038.088704649332
103,24,16038.088704649203
103,23,16038.088704649332
103,22,16038.088704649203
103,21,16038.088704649332
103,20,16038.088704649203
103,19,16038.088704649203
103,18,16038.088704649332
103,17,16038.088704649203
103,16,16038.088704649332
103,15,16038.088704649203
103,14,16038.088704649332
103,13,16038.088704649203
103,12,16038.088704649332
103,11,16038.088704649203
103,10,36085.69958546083
103,9,36085.69958546083
103,8,36085.69958546083
103,7,36085.69958546083
103,6,36085.69958546083
103,5,36085.69958546083
103,4,36085.69958546083
103,3,36085.69958546083
103,2,144342.79834184333
103,1,144342.79834184333
104,104,4087.7549116193854
104,103,4087.7549116196465
104,102,3003.248506496083
104,101,3003.2485064958214
104,100,5886.36707273226
104,99,5886.367072731999
104,98,5886.36707273226
104,97,5886.367072731999
104,96,5886.36707273226
104,95,5886.367072731999
104,94,5886.36707273226
104,93,5886.367072731999
104,92,5886.36707273226
104,91,11652.604205204352
104,78,5886.36707273226
104,77,5886.367072731999
104,76,5886.36707273226
104,75,5886.367072731999
104,74,5886.36707273226
104,73,5886.367072731999
104,72,5886.36707273226
104,71,5886.367072731999
104,70,5886.36707273226
104,69,16105.754351780852
104,46,9197.448551143943
104,45,9197.448551143943
104,44,9197.448551143943
104,43,9197.448551143943
104,42,9197.448551143943
104,41,9197.448551143943
104,40,9197.448551143943
104,39,9197.448551143943
104,38,9197.448551143943
104,37,9197.448551143943
104,36,9197.448551143943
104,35,9197.448551143943
104,34,9197.448551143943
104,33,9197.448551143943
104,32,9197.448551143943
104,31,9197.448551143943
104,30,9197.448551143943
104,29,9197.448551143943
104,28,16351.019646478064
104,27,16351.019646478195
104,26,16351.019646478064
104,25,16351.019646478195
104,24,16351.019646478064
104,23,16351.019646478195
104,22,16351.019646478064
104,21,16351.019646478195
104,20,16351.019646478064
104,19,16351.019646478064
104,18,16351.019646478195
104,17,16351.019646478064
104,16,16351.019646478195
104,15,16351.019646478064
104,14,16351.019646478195
104,13,16351.019646478064
104,12,16351.019646478195
104,11,16351.019646478064
104,10,36789.79420457577
104,9,36789.79420457577
104,8,36789.79420457577
104,7,36789.79420457577
104,6,36789.79420457577
104,5,36789.79420457577
104,4,36789.79420457577
104,2,147159.1768183031
104,1,147159.1768183031
105,105,4166.743518917031
105,104,3061.280952673487
105,103,3061.2809526737533
105,102,4166.743518917031
105,101,4166.7435189167645
105,100,6000.110667240492
105,99,6000.110667240227
105,98,6000.110667240492
105,97,6000.110667240227
105,96,6000.110667240492
105,95,6000.110667240227
105,94,6000.110667240492
105,93,6000.110667240227
105,92,6000.110667240492
105,91,11877.770096373704
105,78,6000.110667240492
105,77,6000.110667240227
105,76,6000.110667240492
105,75,6000.110667240227
105,74,6000.110667240492
105,73,6000.110667240227
105,72,6000.110667240492
105,71,6000.110667240227
105,70,6000.110667240492
105,69,16416.969464532536
105,46,9375.172917563053
105,45,9375.172917563053
105,44,9375.172917563053
105,43,9375.172917563053
105,42,9375.172917563053
105,41,9375.172917563053
105,40,9375.172917563053
105,39,9375.172917563053
105,38,9375.172917563053
105,37,9375.172917563053
105,36,9375.172917563053
105,35,9375.172917563053
105,34,9375.172917563053
105,33,9375.172917563053
105,32,9375.172917563053
105,31,9375.172917563053
105,30,9375.172917563053
105,29,9375.172917563053
105,28,16666.97407566759
105,27,16666.974075667724
105,26,16666.97407566759
105,25,16666.974075667724
105,24,16666.97407566759
105,23,16666.974075667724
105,22,16666.97407566759
105,21,16666.974075667724
105,20,16666.97407566759
105,19,16666.97407566759
105,18,16666.974075667724
105,17,16666.97407566759
105,16,16666.974075667724
105,15,16666.97407566759
105,14,16666.974075667724
105,13,16666.97407566759
105,12,16666.974075667724
105,11,16666.97407566759
105,10,37500.691670252214
105,9,37500.691670252214
105,8,37500.691670252214
105,7,37500.691670252214
105,6,37500.691670252214
105,5,37500.691670252214
105,4,37500.691670252214
105,2,150002.76668100886
105,1,150002.76668100886
106,106,4246.487998054309
106,105,3119.868733264607
106,104,3119.868733264607
106,103,4246.487998054309
106,102,4246.487998054581
106,101,4246.487998054309
106,100,6114.942717198564
106,99,6114.9427171982925
106,98,6114.942717198564
106,97,6114.9427171982925
106,96,6114.942717198564
106,95,6114.9427171982925
106,94,6114.942717198564
106,93,6114.9427171982925
106,92,6114.942717198564
106,91,12105.090685066209
106,78,6114.942717198564
106,77,6114.9427171982925
106,76,6114.942717198564
106,75,6114.9427171982925
106,74,6114.942717198564
106,73,6114.9427171982925
106,72,6114.942717198564
106,71,6114.9427171982925
106,70,6114.942717198564
106,69,16731.162712334473
106,46,9554.597995622536
106,45,9554.597995622536
106,44,9554.597995622536
106,43,9554.597995622536
106,42,9554.597995622536
106,41,9554.597995622536
106,40,9554.597995622536
106,39,9554.597995622536
106,38,9554.597995622536
106,37,9554.597995622536
106,36,9554.597995622536
106,35,9554.597995622536
106,34,9554.597995622536
106,33,9554.597995622536
106,32,9554.597995622536
106,31,9554.597995622536
106,30,9554.597995622536
106,29,9554.597995622536
106,28,16985.951992217782
106,27,16985.951992217917
106,26,16985.951992217782
106,25,16985.951992217917
106,24,16985.951992217782
106,23,16985.951992217917
106,22,16985.951992217782
106,21,16985.951992217917
106,20,16985.951992217782
106,19,16985.951992217782
106,18,16985.951992217917
106,17,16985.951992217782
106,16,16985.951992217917
106,15,16985.951992217782
106,14,16985.951992217917
106,13,16985.951992217782
106,12,16985.951992217917
106,11,16985.951992217782
106,10,38218.391982490146
106,9,38218.391982490146
106,8,38218.391982490146
106,7,38218.391982490146
106,6,38218.391982490146
106,5,38218.391982490146
106,4,38218.391982490146
106,2,152873.56792996058
106,1,152873.56792996058
107,107,4326.988349032298
107,106,3179.0118482683674
107,105,3179.0118482686444
107,104,4326.988349032298
107,103,4326.988349032021
107,102,4326.988349032298
107,101,4326.988349032021
107,100,6230.863222606476
107,99,6230.863222606199
107,98,6230.863222606476
107,97,6230.863222606199
107,96,6230.863222606476
107,95,6230.863222606199
107,94,6230.863222606476
107,93,6230.863222606199
107,92,6230.863222606476
107,91,12334.565971281863
107,78,6230.863222606476
107,77,6230.863222606199
107,76,6230.863222606476
107,75,6230.863222606199
107,74,6230.863222606476
107,73,6230.863222606199
107,72,6230.863222606476
107,71,6230.863222606199
107,70,6230.863222606476
107,69,17048.334095186667
107,46,9735.723785322394
107,45,9735.723785322394
107,44,9735.723785322394
107,43,9735.723785322394
107,42,9735.723785322394
107,41,9735.723785322394
107,40,9735.723785322394
107,39,9735.723785322394
107,38,9735.723785322394
107,37,9735.723785322394
107,36,9735.723785322394
107,35,9735.723785322394
107,34,9735.723785322394
107,33,9735.723785322394
107,32,9735.723785322394
107,31,9735.723785322394
107,30,9735.723785322394
107,29,9735.723785322394
107,28,17307.953396128636
107,27,17307.953396128778
107,26,17307.953396128636
107,25,17307.953396128778
107,24,17307.953396128636
107,23,17307.953396128778
107,22,17307.953396128636
107,21,17307.953396128778
107,20,17307.953396128636
107,19,17307.953396128636
107,18,17307.953396128778
107,17,17307.953396128636
107,16,17307.953396128778
107,15,17307.953396128636
107,14,17307.953396128778
107,13,17307.953396128636
107,12,17307.953396128778
107,11,17307.953396128636
107,10,38942.89514128958
107,9,38942.89514128958
107,8,38942.89514128958
107,7,38942.89514128958
107,6,38942.89514128958
107,5,38942.89514128958
107,4,38942.89514128958
107,2,155771.5805651583
107,1,155771.5805651583
108,108,4408.244571849899
108,107,3238.7102976858646
108,106,4408.244571849899
108,105,3238.7102976858646
108,104,4408.244571850181
108,103,4408.244571849899
108,102,4408.244571850181
108,101,4408.244571849899
108,100,6347.8721834642265
108,99,6347.8721834639455
108,98,6347.8721834642265
108,97,6347.8721834639455
108,96,6347.8721834642265
108,95,6347.8721834639455
108,94,6347.8721834642265
108,93,6347.8721834639455
108,92,6347.8721834642265
108,91,12566.19595502067
108,78,6347.8721834642265
108,77,6347.8721834639455
108,76,6347.8721834642265
108,75,6347.8721834639455
108,74,6347.8721834642265
108,73,6347.8721834639455
108,72,6347.8721834642265
108,71,6347.8721834639455
108,70,6347.8721834642265
108,69,17368.483613089116
108,46,9918.550286662625
108,45,9918.550286662625
108,44,9918.550286662625
108,43,9918.550286662625
108,42,9918.550286662625
108,41,9918.550286662625
108,40,9918.550286662625
108,39,9918.550286662625
108,38,9918.550286662625
108,37,9918.550286662625
108,36,9918.550286662625
108,35,9918.550286662625
108,34,9918.550286662625
108,33,9918.550286662625
108,32,9918.550286662625
108,31,9918.550286662625
108,30,9918.550286662625
108,29,9918.550286662625
108,28,17632.97828740016
108,27,17632.9782874003
108,26,17632.97828740016
108,25,17632.9782874003
108,24,17632.97828740016
108,23,17632.9782874003
108,22,17632.97828740016
108,21,17632.9782874003
108,20,17632.97828740016
108,19,17632.97828740016
108,18,17632.9782874003
108,17,17632.97828740016
108,16,17632.9782874003
108,15,17632.97828740016
108,14,17632.9782874003
108,13,17632.97828740016
108,12,17632.9782874003
108,11,17632.97828740016
108,10,39674.2011466505
108,9,39674.2011466505
108,8,39674.2011466505
108,7,39674.2011466505
108,6,39674.2011466505
108,5,39674.2011466505
108,4,39674.2011466505
108,2,158696.804586602
108,1,158696.804586602
109,105,6872.8418364921545
109,102,4490.25666650823
109,101,4490.256666507944
109,100,6465.969599771818
109,99,6465.969599771531
109,98,6465.969599771818
109,97,6465.969599771531
109,96,6465.969599771818
109,95,6465.969599771531
109,94,6465.969599771818
109,93,6465.969599771531
109,92,6465.969599771818
109,91,12799.98063628263
109,78,6465.969599771818
109,77,6465.969599771531
109,76,6465.969599771818
109,75,6465.969599771531
109,74,6465.969599771818
109,73,6465.969599771531
109,72,6465.969599771818
109,71,6465.969599771531
109,70,6465.969599771818
109,69,17691.61126604182
109,46,10103.077499643232
109,45,10103.077499643232
109,44,10103.077499643232
109,43,10103.077499643232
109,42,10103.077499643232
109,41,10103.077499643232
109,40,10103.077499643232
109,39,10103.077499643232
109,38,10103.077499643232
109,37,10103.077499643232
109,36,10103.077499643232
109,35,10103.077499643232
109,34,10103.077499643232
109,33,10103.077499643232
109,32,10103.077499643232
109,31,10103.077499643232
109,30,10103.077499643232
109,29,10103.077499643232
109,28,17961.026666032347
109,27,17961.026666032492
109,26,17961.026666032347
109,25,17961.026666032492
109,24,17961.026666032347
109,23,17961.026666032492
109,22,17961.026666032347
109,21,17961.026666032492
109,20,17961.026666032347
109,19,17961.026666032347
109,18,17961.026666032492
109,17,17961.026666032347
109,16,17961.026666032492
109,15,17961.026666032347
109,14,17961.026666032492
109,13,17961.026666032347
109,12,17961.026666032492
109,11,17961.026666032347
109,10,40412.30999857293
109,9,40412.30999857293
109,8,40412.30999857293
109,7,40412.30999857293
109,6,40412.30999857293
109,5,40412.30999857293
109,4,40412.30999857293
109,2,161649.2399942917
109,1,161649.2399942917
110,105,6999.527499499626
110,102,4573.0246330064465
110,101,4573.024633006154
110,100,6585.155471529248
110,99,6585.155471528955
110,98,6585.155471529248
110,97,6585.155471528955
110,96,6585.155471529248
110,95,6585.155471528955
110,94,6585.155471529248
110,93,6585.155471528955
110,92,6585.155471529248
110,91,13035.920015067739
110,78,6585.155471529248
110,77,6585.155471528955
110,76,6585.155471529248
110,75,6585.155471528955
110,74,6585.155471529248
110,73,6585.155471528955
110,72,6585.155471529248
110,71,6585.155471528955
110,70,6585.155471529248
110,69,18017.71705404478
110,46,10289.305424264212
110,45,10289.305424264212
110,44,10289.305424264212
110,43,10289.305424264212
110,42,10289.305424264212
110,41,10289.305424264212
110,40,10289.305424264212
110,39,10289.305424264212
110,38,10289.305424264212
110,37,10289.305424264212
110,36,10289.305424264212
110,35,10289.305424264212
110,34,10289.305424264212
110,33,10289.305424264212
110,32,10289.305424264212
110,31,10289.305424264212
110,30,10289.305424264212
110,29,10289.305424264212
110,28,18292.0985320252
110,27,18292.09853202535
110,26,18292.0985320252
110,25,18292.09853202535
110,24,18292.0985320252
110,23,18292.09853202535
110,22,18292.0985320252
110,21,18292.09853202535
110,20,18292.0985320252
110,19,18292.0985320252
110,18,18292.09853202535
110,17,18292.0985320252
110,16,18292.09853202535
110,15,18292.0985320252
110,14,18292.09853202535
110,13,18292.0985320252
110,12,18292.09853202535
110,11,18292.0985320252
110,10,41157.22169705685
110,9,41157.22169705685
110,8,41157.22169705685
110,7,41157.22169705685
110,6,41157.22169705685
110,5,41157.22169705685
110,4,41157.22169705685
110,2,164628.8867882274
110,1,164628.8867882274
