Z,N,IE_pred_eV
1,1,13.598434559481353
2,2,25.72089695509103
2,1,54.417765458704984
3,3,6.751091396356408
3,2,76.74656879285068
3,1,122.45435907114127
4,4,11.695576911636568
4,3,19.739586769240095
4,2,154.996922039606
4,1,217.71858459335604
5,5,12.635112179861851
5,4,27.717695174548126
5,3,39.53749624330704
5,2,260.4855486045261
5,1,340.2260226671362
6,6,17.60876874581748
6,5,29.157072330355433
6,4,50.55234845000501
6,3,66.14951339787949
6,2,393.228056285289
6,1,489.9932080482995
7,7,23.37532425472448
7,6,36.50286683509601
7,5,52.494997307004
7,4,80.20575647477065
7,3,99.5823340353596
7,2,553.248406883292
7,1,667.0461376339882
8,8,26.037908003800602
8,7,44.61432616845669
8,6,62.217034971506735
8,5,82.65562629598726
8,4,116.68500803100137
8,3,139.84335510857846
8,2,740.5707776983502
8,1,871.4099125114744
9,9,32.91255311773471
9,8,48.26651298733111
9,7,72.66061725944566
9,6,94.75915702454601
9,5,119.64732473332246
9,4,159.9989546594198
9,3,186.94184594732735
9,2,955.2265763403453
9,1,1103.1175254507352
10,10,40.59225571391351
10,9,57.48230497564806
10,8,77.30299109303495
10,7,107.51558446797442
10,6,134.13787787785407
10,5,163.47906269227323
10,4,210.1567864434817
10,3,240.88724368460214
10,2,1197.2454310513622
10,1,1362.1992459962166
11,11,15.643667041673165
11,10,67.5040348572706
11,9,88.86138721854121
11,8,113.14959198796683
11,7,149.18174540169355
11,6,180.3643415507985
11,5,214.16259070919608
11,4,267.1709176989413
11,3,301.6925111246479
11,2,1466.6722507416955
11,1,1648.7022658939889
12,12,20.16494163446453
12,11,26.89950095935138
12,10,101.22611344868724
12,9,127.05153167488767
12,8,155.80802987455053
12,7,197.66077054127294
12,6,233.44969918940845
12,5,271.70936303705906
12,4,331.0529598383931
12,3,369.3694864054708
12,2,1763.5437725511833
12,1,1962.6638579678424
13,13,17.93177938155574
13,12,32.74303218637087
13,11,41.193312536901836
13,10,141.76107858314666
13,9,172.05550586611125
13,8,205.28126484524952
13,7,252.95588902792113
13,6,293.40806859540913
13,5,336.134097164814
13,4,401.8182584404189
13,3,443.93404748640546
13,2,2087.914122076668
13,1,2304.1403065382347
14,14,22.52164528625865
14,13,29.882512456459907
14,12,48.36174818527367
14,11,58.52913978040225
14,10,189.11105040560489
14,9,223.8754235843517
14,8,261.5713944910431
14,7,315.06916258075046
14,6,360.25329272646104
14,5,407.4509589314727
14,4,479.48114914622715
14,3,525.4007818571671
14,2,2439.828888693452
14,1,2673.177882764491
15,15,27.57997595622501
15,14,35.736425693687224
15,13,44.875642589329175
15,12,67.02571582274194
15,11,78.91177555691043
15,10,243.27930434250982
15,9,282.5147432560221
15,8,324.68206902506313
15,7,384.0045044045098
15,6,434.00247932575263
15,5,485.67764977512303
15,4,564.0599240426604
15,3,613.7885021759265
15,2,2819.3514489711715
15,1,3069.842031393941
16,16,30.65689945309564
16,15,42.019519116846006
16,14,51.99661795377997
16,13,62.91585803443825
16,12,88.73980284139157
16,11,102.34620096490956
16,10,304.2683706165154
16,9,347.9759910063642
16,8,394.6158031172064
16,7,459.76440321364146
16,6,514.6722499394914
16,5,570.8311333131809
16,4,655.5717394965698
16,3,709.1146393323133
16,2,3226.536608799123
16,1,3494.188366618073
17,17,36.58862708527403
17,16,45.80024610222275
17,15,59.490942459863035
17,14,71.3074594701312
17,13,84.00856565126828
17,12,113.50969876148778
17,11,128.83827569792703
17,10,372.082198755185
17,9,420.2632976247987
17,8,471.3769154722928
17,7,542.3534324629231
17,6,602.2827343307724
17,5,662.932129021701
17,4,754.0378644902102
17,3,811.4009743793508
17,2,3661.4570631031493
17,1,3946.291582026446
18,18,43.04349384042812
18,17,52.99457876000513
18,16,63.97646262015485
18,15,79.9960772503576
18,14,93.6746258489862
18,13,108.15958877423004
18,12,141.34145348419716
18,11,158.3941907104863
18,10,446.7244340890268
18,9,499.38038876681765
18,8,554.9692108434328
18,7,631.7754980947307
18,6,696.8544779031344
18,5,762.0016418734755
18,4,859.4796840034377
18,3,920.6692811816964
18,2,4124.183515931506
18,1,4426.2237661795825
19,19,20.71186674265389
19,18,60.71217182295297
19,17,72.43446843660286
19,16,85.18726028269685
19,15,103.53664970542916
19,14,119.1040019399301
19,13,135.37491962362148
19,12,172.2411924038994
19,11,191.02016628955468
19,10,528.197644668221
19,9,585.3297698005125
19,8,645.3951237312043
19,7,728.0329300250058
19,6,798.4075123037414
19,5,868.0599953451451
19,4,971.9176422574637
19,3,1036.9402360936388
19,2,4614.779882985789
19,1,4934.049443125719
20,20,24.255771768569133
20,19,29.987732143945824
20,18,81.4162449189695
20,17,94.91046591632566
20,16,109.43488827620445
20,15,130.11501820140293
20,14,147.60254182986216
20,13,165.66170558572446
20,12,206.21639034192657
20,11,226.7238729588522
20,10,616.5072926586412
20,9,678.1171484901342
20,8,742.6606163675393
20,7,831.1320352471669
20,6,906.9674560460595
20,5,981.1334834558311
20,4,1091.3786495180673
20,3,1160.2413366780886
20,2,5133.338364205005
20,1,5469.863147706476
21,21,26.55220487769939
21,20,32.677707484451105
21,19,61.7367742080563
21,18,105.15794776563382
21,17,120.42486472442128
21,16,136.72169949811996
21,15,159.7336144971633
21,14,179.17761057524288
21,13,199.0274774090113
21,12,243.27483800520673
21,11,265.51326274340914
21,10,711.6583602148016
21,9,777.7476385296862
21,8,846.7709353916123
21,7,941.0782356782045
21,6,1022.5601721262245
21,5,1101.2485041724258
21,4,1217.8895382022936
21,3,1290.599871581065
21,2,5679.948262254377
21,1,6033.755871649951
22,22,28.954208707299575
22,21,35.485253956397564
22,20,67.6379519962191
22,19,82.60771174879288
22,18,131.93942633346802
22,17,148.97983224016275
22,16,167.04988074819002
22,15,192.39464792001363
22,14,213.83667463670704
22,13,235.4798202244211
22,12,283.42427342666775
22,11,307.3961822849933
22,10,813.6543748410227
22,9,884.2247380316793
22,8,957.7295438817207
22,7,1057.8749403005806
22,6,1145.210617117108
22,5,1228.4303639891991
22,4,1351.4758180860679
22,3,1428.0416386771903
22,2,6254.69061657945
22,1,6625.809532477173
23,23,12.077531199000518
23,22,57.99073968755078
23,21,72.85947194587632
23,20,89.41647880607285
23,19,106.51818315098839
23,18,161.7632048930634
23,17,180.5779496097169
23,16,200.4220707467293
23,15,228.1008340122464
23,14,251.58812717336946
23,13,275.02729442319844
23,12,326.67351666120464
23,11,352.38161516532386
23,10,922.500757737381
23,9,997.5540001465645
23,8,1075.5421289502792
23,7,1181.5280137375987
23,6,1274.9477026521045
23,5,1362.7085228514704
23,4,1492.1674393459332
23,3,1572.5970595855717
23,2,6857.664952097598
23,1,7246.125421123444
24,24,33.09482563393495
24,23,63.603962237527654
24,22,78.27055356676554
24,21,95.40937390178641
24,20,114.23594125224506
24,19,133.47061274283743
24,18,194.6318443305706
24,17,215.2218178782173
24,16,236.84091031528897
24,15,266.85486535256337
24,14,292.4407007875335
24,13,317.6787798353111
24,12,373.03166036473516
24,11,400.4787950724156
24,10,1038.2024019118373
24,9,1117.740378563532
24,8,1200.2137038966148
24,7,1312.0425453284718
24,6,1411.800822996079
24,5,1504.112844980492
24,4,1639.9944770453724
24,3,1724.2965998502852
24,2,7488.968348708138
24,1,7894.801944773279
25,25,36.796925028662905
25,24,44.61707619709308
25,23,84.74296694180089
25,22,101.59168668986773
25,21,121.00173001030413
25,20,142.0990083184529
25,19,163.46774259574278
25,18,230.54829605399033
25,17,252.91445316251628
25,16,276.3094811441447
25,15,308.6599112317111
25,14,336.4040235852013
25,13,363.4440833484083
25,12,422.50879131345107
25,11,451.69798403407316
25,10,1160.7657020804772
25,9,1244.790423995642
25,8,1331.750977918116
25,7,1449.4254544369417
25,6,1555.8026749865326
25,5,1652.6766130938165
25,4,1794.9907062019915
25,3,1883.1745375670528
25,2,8148.713092631901
25,1,8571.953286134805
26,26,39.780313038915786
26,25,47.7277678996776
26,24,85.62005300393885
26,23,108.91182914493695
26,22,127.95669814786898
26,21,149.63914739315726
26,20,173.00833387270274
26,19,196.51226935060447
26,18,269.51536946518206
26,17,293.6586970154458
26,16,318.8306561556267
26,15,353.5188846597249
26,14,383.4878270289838
26,13,412.33307704589123
26,12,475.114975338476
26,11,506.04938141518556
26,10,1290.1956848508023
26,9,1378.7091925769719
26,8,1470.1590344643353
26,7,1593.6818567769412
26,6,1706.9854050983606
26,5,1808.4324200915196
26,4,1957.1890926137976
26,3,2049.264218205073
26,2,8837.005835619939
26,1,9277.687409843991
27,27,19.34303610201889
27,26,75.67609528495348
27,25,92.54533752539423
27,24,109.90723045801639
27,23,136.1115233331765
27,22,157.3684644863275
27,21,181.32457939014984
27,20,206.96694926869253
27,19,232.60729880712165
27,18,311.5363825676943
27,17,337.45793275179267
27,16,364.40788472126684
27,15,401.4353230633335
27,14,433.70291134070175
27,13,464.35674335639015
27,12,530.8614773117273
27,11,563.5444303646303
27,10,1426.4993776379592
27,9,1519.5038658269837
27,8,1615.4452113073849
27,7,1744.8192968716294
27,6,1865.38515200674
27,5,1971.4170001979833
27,4,2126.626725498484
27,3,2222.603234960242
27,2,9553.968685013828
27,1,10012.128275825005
28,28,20.458069960147057
28,27,81.15778317840405
28,26,98.60080189418647
28,25,117.73723576071265
28,24,137.2255374980736
28,23,166.34287578462877
28,22,189.82979453167152
28,21,216.06087389383075
28,20,243.97773982772196
28,19,271.75574997931227
28,18,356.61434031186195
28,17,384.31518895419805
28,16,413.04421805918275
28,15,452.4123059279218
28,14,487.0599859775638
28,13,519.5259264065886
28,12,589.7593177825091
28,11,624.1942786296513
28,10,1569.6818277373654
28,9,1667.1794929858186
28,8,1767.6145568017093
28,7,1902.8428176772093
28,6,2031.036842272324
28,5,2141.665710049735
28,4,2303.3394891138
28,3,2403.227845006031
28,2,10299.717781967238
28,1,10775.393328495824
29,29,47.575863221908534
29,28,87.8997587540879
29,27,104.84606946133266
29,26,124.55694922737779
29,25,145.96102753357312
29,24,167.57616876895779
29,23,199.6071519115051
29,22,225.34410624521567
29,21,253.8515517664231
29,20,284.0443319660137
29,19,313.9613509234116
29,18,404.7532650314203
29,17,434.2345797989906
29,16,464.74386380818396
29,15,506.4541663402086
29,14,543.5715151882794
29,13,577.8533067705816
29,12,651.8215284194843
29,11,688.0121717603358
29,10,1719.7521758363023
29,9,1821.7454590969508
29,8,1926.6767049962787
29,7,2067.762384560878
29,6,2203.982082201598
29,5,2319.2208663458136
29,4,2487.369540134192
29,3,2591.1807835927852
29,2,11074.390599844402
29,1,11567.622108832407
30,30,53.23012555980556
30,29,61.25294712685729
30,28,112.49239906252716
30,27,131.5662027524716
30,26,153.54538292390725
30,25,177.2175489997791
30,24,200.95994918508657
30,23,235.90515754155808
30,22,263.91440168658465
30,21,294.6996373660647
30,20,327.1697697874662
30,19,359.22716197982584
30,18,455.9562503408739
30,17,487.2192055150356
30,16,519.5099272562938
30,15,563.5640138778009
30,14,603.2490776222154
30,13,639.3505822029988
30,12,717.0599450891988
30,11,755.0100561850345
30,10,1876.715008096835
30,9,1983.2062939875989
30,8,2092.6361249534475
30,7,2239.582380791414
30,6,2384.258094378384
30,5,2504.120072197023
30,4,2678.755378587871
30,3,2786.500898334692
30,2,11878.112301877145
30,1,12388.941033736957
31,31,46.02998040475147
31,30,67.65605453533071
31,29,76.6681990743195
31,28,140.1176053008264
31,27,161.31934899812384
31,26,185.56731188980427
31,25,211.50805388976553
31,24,237.37817621594485
31,23,275.23825273164385
31,22,305.54441700353266
31,21,338.60896211598254
31,20,373.3579818547525
31,19,407.5572047226095
31,18,510.2275845073287
31,17,543.273436888803
31,16,577.3468628480737
31,15,623.7464147996607
31,14,666.1062380986456
31,13,704.0315265453822
31,12,785.488671578558
31,11,825.2022411450286
31,10,2040.5795918762724
31,9,2151.5714726349474
31,8,2265.5025025450177
31,7,2418.3127718555893
31,6,2571.909537435656
31,5,2696.4086702451677
31,4,2877.5424658095435
31,3,2989.2342197058556
31,2,12711.031753815661
31,1,13239.501041282298
32,32,51.75102707586674
32,31,59.51042669219375
32,30,83.82316877466002
32,29,93.82620999152687
32,28,170.77639830262427
32,27,194.10653806834344
32,26,220.62377469804065
32,25,248.8335885175163
32,24,276.83190256265806
32,23,317.6074975610845
32,22,350.23766135914116
32,21,385.5830818409482
32,20,422.612569713364
32,19,458.95512281892263
32,18,567.571023736778
32,17,602.4010626645246
32,16,638.2584912938128
32,15,687.0052310073706
32,14,732.1562567306091
32,13,771.9095536213437
32,12,857.1213293723661
32,11,898.6024950730928
32,10,2211.3525266377064
32,9,2326.8476297385596
32,8,2445.2825060859086
32,7,2603.9602674234825
32,6,2766.9792325763615
32,5,2896.129982059493
32,4,3083.774426530911
32,3,3199.424795736783
32,2,13573.289148866123
32,1,14119.443781211254
33,33,57.331017652658176
33,32,66.00178204958812
33,31,74.73290893736356
33,30,101.73624162407235
33,29,112.73182355424733
33,28,204.4698299835857
33,27,229.92883157642814
33,26,258.7158427235374
33,25,289.19523342250545
33,24,319.3222168185633
33,23,363.0139908056237
33,22,397.9978021190399
33,21,435.62571372504726
33,20,474.93729978902047
33,19,513.4247284575742
33,18,627.9905045415895
33,17,664.6060559116203
33,16,702.2488218698319
33,15,753.3445188868193
33,14,801.4130600558562
33,13,842.9987510132188
33,12,931.9722271688531
33,11,975.2252813887598
33,10,2389.0408365259723
33,9,2509.0418406158506
33,8,2631.9832610776084
33,7,2796.5320568822453
33,6,2969.5121473499985
33,5,3103.3295031475486
33,4,3297.4976333498266
33,3,3417.1194666363526
33,2,14465.036642242438
33,1,15028.923149889371
34,34,60.894063553944825
34,33,72.20191124895759
34,32,81.99788595379343
34,31,91.70239653893407
34,30,121.40042612714956
34,29,133.39027637089063
34,28,241.19923138529373
34,27,268.7875990265926
34,26,299.8449277920259
34,25,332.5944441028767
34,24,364.8506166735247
34,23,411.4592898893002
34,22,448.8291214413911
34,21,488.74123256668753
34,20,530.3366408765447
34,19,570.9705800277294
34,18,691.4908401789907
34,17,729.8933081859195
34,16,769.3228252597235
34,15,822.7693545035487
34,14,873.892119620731
34,13,917.3148007459781
34,12,1010.0573712187796
34,11,1055.0868123476205
34,10,2573.6545338968403
34,9,2698.1643058148757
34,8,2825.615158650852
34,7,2996.038783193778
34,6,3179.5585440356845
34,5,3318.0581838745065
34,4,3518.762906588614
34,3,3642.3696173470926
34,2,15386.438621258123
34,1,15968.105527573132
35,35,67.43889290437836
35,34,76.19734664795952
35,33,88.79134247392398
35,32,99.7443837412798
35,31,110.42400066640087
35,30,142.82097282792736
35,29,155.8068848749926
35,28,280.9656302479226
35,27,310.68386295878287
35,26,344.01204542154784
35,25,379.032227531106
35,24,413.4180997001036
35,23,462.94437733155513
35,22,502.7353876884914
35,21,544.9334354503519
35,20,588.8144172895658
35,19,631.5965260792888
35,18,758.0759395610703
35,17,798.266744545737
35,16,839.4844417588705
35,15,895.2836968185312
35,14,949.6082143584956
35,13,994.8726249458873
35,12,1091.39186063565
35,11,1138.20232291175
35,10,2765.1998330146816
35,9,2894.22122381846
35,8,3026.184378914388
35,7,3202.4865986455634
35,6,3397.165715882717
35,5,3540.3637915034606
35,4,3747.618648733729
35,3,3875.224063327129
35,2,16337.650676580075
35,1,16937.147941076073
36,36,74.32043961897618
36,35,83.50301186031815
36,34,93.22030256799717
36,33,107.10131928139766
36,32,119.2467607196986
36,31,130.90329282239398
36,30,166.00365238249685
36,29,179.9875100350333
36,28,323.77059172199785
36,27,355.61923763972175
36,26,391.21886396531517
36,25,428.5103079158657
36,24,465.0264441061342
36,23,517.4711078482491
36,22,559.7214314234444
36,21,604.2072599756954
36,20,650.3756754363698
36,19,695.3077169175702
36,18,827.751249468105
36,17,869.731903109185
36,16,912.7393019062741
36,15,970.8932996308816
36,14,1028.5785064823992
36,13,1075.6896157737465
36,12,1175.9934473696865
36,11,1224.5897906500452
36,10,2963.688302614103
36,9,3097.2243910033
36,8,3233.7029490065083
36,7,3415.8878356361297
36,6,3622.3891884585937
36,5,3770.3026024248193
36,4,3984.1214602808427
36,3,4115.740039677181
36,2,17318.8590590684
36,1,17936.239006547334
37,37,40.321318727420596
37,36,91.14614985567964
37,35,101.28805681917859
37,34,111.96484686616401
37,33,127.13378044267108
37,32,140.5106051663843
37,31,153.1459291205119
37,30,190.9542628447119
37,29,205.93801761321407
37,28,369.6152231843245
37,27,403.59482462264947
37,26,441.46647739896366
37,25,481.02977024392237
37,24,519.6767251647601
37,23,575.04054139
37,22,619.7913386101586
37,21,666.5668213491833
37,20,715.0245583873783
37,19,762.1083205502389
37,18,900.5210007431187
37,17,944.2930317591594
37,16,989.0916697853077
37,15,1049.6024470634584
37,14,1110.8191285816033
37,13,1159.7820557595276
37,12,1263.8785992701225
37,11,1314.2658260257635
37,10,3169.1267033908434
37,9,3307.1805560391695
37,8,3448.1776031756417
37,7,3636.24920603699
37,6,3855.2804539379636
37,5,4007.9266087979854
37,4,4228.3237396568065
37,3,4363.970371216832
37,2,18330.23082015427
37,1,18965.547212936035
38,38,44.25388961878541
38,37,50.335818589305134
38,36,109.69418620416484
38,35,120.7961154706483
38,34,132.43309720062618
38,33,148.89088425755924
38,32,163.54193437041363
38,31,177.15801027753426
38,30,217.67909260626482
38,29,233.6647823479787
38,28,418.50108362087946
38,27,454.6122174658853
38,26,494.75651693349613
38,25,536.592284192713
38,24,577.3706493739796
38,23,635.6544360634676
38,22,682.9500661663945
38,21,732.0171626847567
38,20,782.7661962800456
38,19,832.0035496727113
38,18,976.3906389844391
38,17,1021.9556471001584
38,16,1068.5471335133054
38,15,1131.4168221045657
38,14,1196.348207034061
38,13,1247.1682841583452
38,12,1355.0659717459162
38,11,1407.249291880188
38,10,3381.5258486583093
38,9,3524.100692627221
38,8,3669.619476976844
38,7,3863.582058427232
38,6,4095.8977249887703
38,5,4253.294722624283
38,4,4480.284607620595
38,3,4619.974766754486
38,2,19371.957958830368
38,1,20025.26668295955
39,39,67.54414089423892
39,38,34.823241257623216
39,37,82.09716111300679
39,36,129.96663392345266
39,35,142.02929544599334
39,34,154.6271834338238
39,33,172.3747902012778
39,32,188.34695876034047
39,31,202.94582207780178
39,30,246.18458954316188
39,29,263.17432865271
39,28,470.4295182527399
39,27,508.6727705820306
39,26,551.0903463061729
39,25,595.1992223330232
39,24,638.1095971441787
39,23,699.3141823190673
39,22,749.2022941889335
39,21,800.5630154971828
39,20,853.6053715831252
39,19,904.9982342292443
39,18,1055.3651237321749
39,17,1102.7247469610884
39,16,1151.1107289266288
39,15,1216.3415101741227
39,14,1285.1837877374683
39,13,1337.8665266370383
39,12,1449.5740332634061
39,11,1503.5588298285331
39,10,3600.8944922898168
39,9,3747.993610931967
39,8,3898.037436069224
39,7,4097.895329556732
39,6,4344.298649449381
39,5,4506.465189957869
39,4,4740.06271882795
39,3,4883.812390555984
39,2,20444.22907985147
39,1,21115.587810470788
40,40,50.072478365034215
40,39,56.84274583047671
40,38,88.59295780964894
40,37,99.750241496455
40,36,151.96571326487214
40,35,164.98984408017478
40,34,178.5493800784409
40,33,197.5878094071627
40,32,214.93225225378765
40,31,230.51602067987645
40,30,276.4775908386588
40,29,294.4735781850156
40,28,525.4020979428141
40,27,565.7780793529953
40,26,610.4695872893545
40,25,656.8522330817398
40,24,701.895242115466
40,23,766.0214887174942
40,22,818.5531634680748
40,21,872.2095931792783
40,20,927.547370567157
40,19,981.0977292480501
40,18,1137.4500020760745
40,17,1186.6059364484024
40,16,1236.788119318212
40,15,1304.382251387801
40,14,1377.345162177274
40,13,1431.8962794609965
40,12,1547.4225711170168
40,11,1603.2144257848524
40,10,3827.2431196619727
40,9,3978.8699144224306
40,8,4133.442202512497
40,7,4339.1998967045865
40,6,4600.544901305335
40,5,4767.5003625524705
40,4,5007.720570194167
40,3,5155.546308324356
40,2,21547.24548329936
40,1,22236.71390768309
41,41,52.3948275582881
41,40,83.10657835351599
41,39,94.63086120088437
41,38,106.90315175197749
41,37,119.12887833830331
41,36,175.6937468023034
41,35,189.68011146542477
41,34,204.20206483002545
41,33,224.53235674822267
41,32,243.30470502607932
41,31,259.8755800801918
41,30,308.5652549049025
41,29,327.5697754413517
41,28,583.4204707387305
41,27,625.9298168815867
41,26,672.8959399185568
41,25,721.5530436307668
41,24,768.7293371554813
41,23,835.7781436235814
41,22,891.0080197003246
41,21,946.9623147054822
41,20,1004.5976857305919
41,19,1060.3075965662456
41,18,1222.6510293925382
41,17,1273.6050293602934
41,16,1325.5851770600855
41,15,1395.5449954230683
41,14,1472.8524193668163
41,13,1529.277840177903
41,12,1648.6321803706942
41,11,1706.2368771124284
41,10,4060.5825849140565
41,9,4216.74057567139
41,8,4375.844867760338
41,7,4587.507006845609
41,6,4864.700609354362
41,5,5036.46506028148
41,4,5283.322609769574
41,3,5435.241534027764
41,2,22681.2121156708
41,1,23388.851846105375
42,42,55.66899492149618
42,41,89.29067816803973
42,40,100.87084872231581
42,39,113.53145650026707
42,38,126.94033499483389
42,37,140.2353532700028
42,36,201.15313301076662
42,35,216.10252192177214
42,34,231.5876878568267
42,33,253.21091708633674
42,32,273.47149354703527
42,31,291.0317597738622
42,30,342.4550213499865
42,29,362.47044497338595
42,28,644.4862732538767
42,27,689.1296391016641
42,26,738.3710806928423
42,25,789.3033510073806
42,24,838.6135985132294
42,23,908.5858895689756
42,22,966.5722815839672
42,21,1024.8266646415582
42,20,1084.7618674959645
42,19,1142.6334485037416
42,18,1310.9739897074312
42,17,1363.7278612511157
42,16,1417.5077892304248
42,15,1489.8356971482574
42,14,1571.7262526835582
42,13,1630.0321066935178
42,12,1753.2240411870378
42,11,1812.647561854351
42,10,4300.923517989946
42,9,4461.616321194388
42,8,4625.256254896402
42,7,4842.827608844416
42,6,5136.8317345966725
42,5,5313.425925370925
42,4,5566.935310450295
42,3,5722.965106038688
42,2,23846.340943213992
42,1,24572.215543168528
43,43,59.501602346096824
43,42,67.37550735333996
43,41,107.6192230106388
43,40,120.36256230383437
43,39,134.16040953164696
43,38,148.70679692006044
43,37,163.07197898062708
43,36,228.3462768684036
43,35,244.25950028386941
43,34,260.70869365074805
43,33,283.6259609805081
43,32,305.4399980300776
43,31,323.9920174049148
43,30,378.1545103621679
43,29,399.1832854539419
43,28,708.6009250112339
43,27,755.3789668929735
43,26,806.8964312793704
43,25,860.1045769860438
43,24,911.5494474459524
43,23,984.4461461316937
43,22,1045.2511507691274
43,21,1105.8078877253824
43,20,1168.045203043759
43,19,1228.0806115506196
43,18,1402.4243156117202
43,17,1456.9798957085166
43,16,1512.5614500215754
43,15,1587.2598904299891
43,14,1673.9875392512847
43,13,1734.1801421444552
43,12,1861.2194580854296
43,11,1922.4679634724687
43,10,4548.2751207636475
43,9,4713.506386865771
43,8,4881.685632675826
43,7,5105.171012606659
43,6,5417.004758997379
43,5,5598.45006850551
43,4,5858.629714024746
43,3,6018.788700782077
43,2,25042.875663887775
43,1,25787.051405416103
44,44,62.20341378700979
44,43,98.80603418581153
44,42,110.55261563004251
44,41,127.66152580329356
44,40,141.58414911660358
44,39,156.5201877047569
44,38,172.20504273954052
44,37,187.64129661304486
44,36,257.2758694553213
44,35,274.1537715980397
44,34,291.56784151857704
44,33,315.78029417783694
44,32,339.21818145469337
44,31,358.7644110641678
44,30,415.67199251455446
44,29,437.7166658926909
44,28,775.7665125746811
44,27,824.6799299897757
44,26,878.4741683005609
44,25,933.9589459607677
44,24,987.539153959704
44,23,1063.3612470709797
44,22,1127.0509207571931
44,21,1189.9123750168183
44,20,1254.4541818944367
44,19,1316.6556686045856
44,18,1497.0088532729162
44,17,1553.3680591205468
44,16,1610.7531665946958
44,15,1687.8246895553305
44,14,1779.6594368590343
44,13,1841.7453477290169
44,12,1972.6421894940445
44,11,2035.7220775693772
44,10,4802.650932425817
44,9,4972.424495537047
44,8,5145.146909209464
44,7,5374.551369952789
44,6,5705.293466473103
44,5,5891.612077833683
44,4,6158.476578711429
44,3,6322.783642493857
44,2,26271.026926194198
44,1,27033.571579061085
45,45,65.61298288811739
45,44,105.1516081169962
45,43,118.04727840335515
45,42,130.85722876063798
45,41,149.41865694573548
45,40,164.53802971933618
45,39,180.61323699111827
45,38,197.43754357445337
45,37,213.94580070353547
45,36,287.94449817382326
45,35,305.7879432806004
45,34,324.16775870222364
45,33,349.6765702302829
45,32,374.8140777854546
45,31,395.3570551426556
45,30,455.0157499617833
45,29,478.07895003880134
45,28,845.9845533261168
45,27,897.0340471797022
45,26,953.1058114146454
45,25,1010.8679778122279
45,24,1066.5842375549669
45,23,1145.3327104414345
45,22,1211.9771495752912
45,21,1277.1457285270837
45,20,1343.9944494325337
45,19,1408.3643052659718
45,18,1594.7333970653965
45,17,1652.898177706118
45,16,1712.0887966422263
45,15,1791.5359930661662
45,14,1888.7645059461483
45,13,1952.7504788910521
45,12,2087.515240847563
45,11,2152.433097252022
45,10,5064.060769048178
45,9,5238.380499513425
45,8,5415.649971974937
45,7,5650.978612583613
45,6,6001.769647798735
45,5,6192.984406307049
45,4,6466.552387786969
45,3,6635.02707645075
45,2,27531.055889927004
45,1,28312.040018524414
46,46,99.88535753560042
46,45,111.69626743066343
46,44,124.97698519975107
46,43,139.0035266973659
46,42,152.87727310572862
46,41,172.89180706825
46,40,189.2268067687637
46,39,206.44219502935573
46,38,224.40697226804375
46,37,241.98819741136742
46,36,320.3550067642339
46,35,339.1648899337917
46,34,358.5113508253214
46,33,385.31773664313374
46,32,412.2362736432063
46,31,433.7786305911698
46,30,496.194670563294
46,29,520.2791229109838
46,28,919.2571112665765
46,27,972.4434152634656
46,26,1030.793492835476
46,25,1090.8338406207486
46,24,1148.686900366439
46,23,1230.3627856821447
46,22,1300.036294181906
46,21,1367.5144897518564
46,20,1436.672632170099
46,19,1503.213228400927
46,18,1695.604879036308
46,17,1755.5772517404482
46,16,1816.5754089618842
46,15,1898.4009603732848
46,14,2001.327299971922
46,13,2067.220327781361
46,12,2205.8637442149543
46,11,2272.6263865373944
46,10,5332.517826771343
46,9,5511.3877408429635
46,8,5693.208309782565
46,7,5934.46642175884
46,6,6306.511426012754
46,5,6502.645972938407
46,4,6782.933141294401
46,3,6955.595591631687
46,2,28823.19311969916
46,1,29622.68898634837
47,47,72.71923596216936
47,46,119.23136319233494
47,45,132.10613036714932
47,44,146.51804550611055
47,43,161.67592036409178
47,42,176.61390018150448
47,41,198.0821414392289
47,40,215.6531050195243
47,39,234.00971442597236
47,38,253.11600915516016
47,37,271.7711930393812
47,36,354.51020605580976
47,35,374.2874452552623
47,34,394.6014743654681
47,33,422.7066803259292
47,32,451.49354078838695
47,31,474.03799596043115
47,30,539.2177956718874
47,29,564.326314364589
47,28,995.5859218465076
47,27,1050.909779043329
47,26,1111.5389670135278
47,25,1173.858298151339
47,24,1233.8489145929636
47,23,1318.4532560708421
47,22,1391.234450191159
47,21,1461.0248093754444
47,20,1532.4949355645476
47,19,1601.208694684474
47,18,1799.6296966105083
47,17,1861.4117205060022
47,16,1924.219484514233
47,15,2008.4261270058216
47,14,2117.372438677589
47,13,2185.1797288437
47,12,2327.7128163149628
47,11,2396.3272694587613
47,10,5608.033309564954
47,9,5791.457489700359
47,8,5977.833258500531
47,7,6225.026218149577
47,6,6619.597136328521
47,5,6820.675841232751
47,4,7107.700857609985
47,3,7284.571892266961
47,2,30147.71283795558
47,1,30965.795440158145
48,48,78.02115443670617
48,47,86.06653452613972
48,46,140.29336565749315
48,45,154.23243589730677
48,44,169.7760254011262
48,43,186.06571375547043
48,42,202.0683814547465
48,41,224.9909552087507
48,40,243.81974129610532
48,39,263.31864847646347
48,38,283.5675442390611
48,37,303.2977123334864
48,36,390.4131643078423
48,35,411.1587097056936
48,34,432.44126215425655
48,33,461.8465778187668
48,32,492.5952140951159
48,31,516.1445850501374
48,30,584.0947753270616
48,29,610.2302763438469
48,28,1074.9732348040882
48,27,1132.4354236762692
48,26,1195.344557339649
48,25,1259.943712510949
48,24,1322.0726790950507
48,23,1409.606571511784
48,22,1485.5785433969977
48,21,1557.6837014079301
48,20,1631.4684623520473
48,19,1702.3578907221392
48,18,1906.8152714708106
48,17,1970.409076925001
48,16,2035.0285877741903
48,15,2121.6191520677376
48,14,2236.926440768976
48,13,2306.6554518182643
48,12,2453.0895817312344
48,11,2523.5631145331067
48,10,5890.6213593753655
48,9,6078.604041555266
48,8,6269.5392680306595
48,7,6522.672654178662
48,6,6941.111088180463
48,5,7147.159159980081
48,4,7440.936941672506
48,3,7622.037994028726
48,2,31504.85966382928
48,1,32341.605715565962
49,49,69.74828068790572
49,48,91.83779066468995
49,47,100.55399129570546
49,46,163.07254180448734
49,45,178.07637020488718
49,44,194.75212076914042
49,43,212.1741122524541
49,42,229.24193105256725
49,41,253.61947415774824
49,40,273.729508931308
49,39,294.3718168900754
49,38,315.764423423193
49,37,336.5706256685421
49,36,428.06684979694535
49,35,449.78167284915946
49,34,472.03372491272967
49,33,502.7404680304974
49,32,535.5507509522504
49,31,560.1079436284302
49,30,630.835338843717
49,29,658.0008281528138
49,28,1157.420796766733
49,27,1217.022100106696
49,26,1282.2120189063216
49,25,1349.0918424706983
49,24,1413.3599556678823
49,23,1503.824497273446
49,22,1583.074914127056
49,21,1657.4975557792995
49,20,1733.599651636648
49,19,1806.667301452828
49,18,2017.168213764221
49,17,2082.5759681633317
49,16,2149.009402666894
49,15,2237.9867674583443
49,14,2360.015633328125
49,13,2431.674042965351
49,12,2582.0208680607425
49,11,2654.3609607994636
49,10,6180.293304147055
49,9,6372.838775629582
49,8,6568.337768127771
49,7,6827.417224306916
49,6,7271.137076171247
49,5,7482.180473505664
49,4,7782.730648679277
49,3,7968.083897361633
49,2,32894.937823345594
49,1,33750.427162407286
50,50,75.55529263096552
50,49,82.84889938547732
50,48,106.79735621621056
50,47,116.18586514711882
50,46,187.57016969866564
50,45,203.63922676777
50,44,221.44764160367075
50,43,240.0024424975958
50,42,258.13589139901023
50,41,283.9690624550357
50,40,305.3854031163554
50,39,327.1722499402673
50,38,349.7097122189475
50,37,371.5930318421224
50,36,467.4744981688806
50,35,490.1596008987611
50,34,513.3821595328105
50,33,545.3916891995395
50,32,580.3701999661829
50,31,605.9382208524781
50,30,679.4498522257985
50,29,707.6484391619593
50,28,1242.9308817777821
50,27,1304.6721122826523
50,26,1372.1436878349589
50,25,1441.305056620953
50,24,1507.7131436260356
50,23,1601.1094751870617
50,22,1683.730745005132
50,21,1760.473637060487
50,20,1838.895850264663
50,19,1914.144351362873
50,18,2130.696164930433
50,17,2197.920101219509
50,16,2266.16970195204
50,15,2357.536832776799
50,14,2486.668302150188
50,13,2560.2640430695114
50,12,2714.5355683311172
50,11,2788.7499487507325
50,10,6477.063399800188
50,9,6674.1760834702045
50,8,6874.243286553335
50,7,7139.274634605772
50,6,7609.765050210481
50,5,7825.830590947867
50,4,8133.16956436899
50,3,8322.797831673912
50,2,34318.213361101785
50,1,35192.52772168747
51,51,80.3989810201292
51,50,89.17954699733968
51,49,97.09304626266065
51,48,122.90420154418042
51,47,132.96655604549164
51,46,213.78750049627627
51,45,230.9222660236736
51,44,249.8638580483988
51,43,269.551984173731
51,42,288.751550997009
51,41,316.04102041147576
51,40,338.79040394963954
51,39,361.72295459957996
51,38,385.40644432907453
51,37,408.36798956750596
51,36,508.63926858154235
51,35,532.2956749378553
51,34,556.4897689202542
51,33,589.8034733555692
51,32,627.0637858089658
51,31,653.6457342198099
51,30,729.9488258129703
51,29,759.1837143964981
51,28,1331.5053443080822
51,27,1395.3873203637233
51,26,1465.1414299776743
51,25,1536.5852261213013
51,24,1605.1341187576554
51,23,1701.4633868327833
51,22,1787.5527687819595
51,21,1866.6187303579
51,20,1947.3638953562686
51,19,2024.7959261553858
51,18,2247.4061439047637
51,17,2316.4485345705707
51,16,2386.5165834414915
51,15,2480.276497278448
51,14,2616.912826738276
51,13,2692.4540641842136
51,12,2850.6625959059643
51,11,2926.7592163954446
51,10,6780.943722881988
51,9,6982.628100136741
51,8,7187.268016284611
51,7,7458.257152602182
51,6,7957.085407209712
51,5,8178.200707666701
51,4,8492.347023809683
51,3,8686.273853991555
51,2,35774.9915448124
51,1,36668.21538532749
52,52,83.93508155990979
52,51,94.28038869436737
52,50,103.95037046065234
52,49,112.48520675043073
52,48,140.16294011294187
52,47,150.9007343827218
52,46,241.72596375457766
52,45,259.92693799525364
52,44,280.0022422053897
52,43,300.8242317932989
52,42,321.09042573979684
52,41,349.8368935948884
52,40,373.9478073910406
52,39,398.02726880383426
52,38,422.8580000197474
52,37,446.89891924938905
52,36,551.5647479798807
52,35,576.1935194370429
52,34,601.360215325078
52,33,635.9795338477696
52,32,675.6425337701479
52,31,703.2416210377102
52,30,782.3436418033299
52,29,812.6181516789056
52,28,1423.1469633873767
52,27,1489.1705512092406
52,26,1561.2081239138165
52,25,1634.935282014065
52,24,1705.6258619899775
52,23,1804.8892825447679
52,22,1894.5490741264387
52,21,1975.9410289326077
52,20,2059.0120855365994
52,19,2138.6304242035803
52,18,2367.30682940737
52,17,2438.1700321113144
52,16,2510.058896678078
52,15,2606.214723926156
52,14,2750.7803122035393
52,13,2828.2754983771733
52,12,2990.433747631809
52,11,3068.4208397031916
52,10,7091.951117168087
52,9,7298.211861379713
52,8,7507.429186417332
52,7,7784.382261291674
52,6,8313.196982157953
52,5,8539.390620085846
52,4,8860.358001187786
52,3,9058.607638886615
52,2,37265.55762301435
52,1,38177.77742263171
53,53,90.20967879841146
53,52,98.11086119486531
53,51,109.27362707901824
53,50,119.87227949859947
53,49,129.02994090627257
53,48,158.57823281115657
53,47,169.99310763261104
53,46,271.3867767498927
53,45,290.6544606784
53,44,311.8640123431913
53,43,333.82040339006176
53,42,355.1537329771914
53,41,385.35789769569107
53,40,410.86061337484773
53,39,436.08820848706574
53,38,462.0674107413386
53,37,487.1888664913207
53,36,596.2540351412629
53,35,621.8562439755934
53,34,647.9966187823229
53,33,683.9230041989923
53,32,726.1171738089746
53,31,754.7366959100325
53,30,836.6452795002177
53,29,867.9628157365827
53,28,1517.857031848286
53,27,1586.0230726200389
53,26,1660.3450096318447
53,25,1736.3564353184604
53,24,1809.1895561182412
53,23,1911.3883047979964
53,22,2004.7259007976033
53,21,2088.4467882415533
53,20,2173.846690860727
53,19,2255.6541282834914
53,18,2490.404534438031
53,17,2563.0909144605516
53,16,2636.802969229804
53,15,2735.3578484122754
53,14,2888.300052846863
53,13,2967.7578501233224
53,12,3133.878769157293
53,11,3213.7647659942763
53,10,7410.095023663568
53,9,7620.936772899098
53,8,7834.736165411273
53,7,8117.659277724317
53,6,8678.193413972083
53,5,8909.494711502479
53,4,9237.307785892011
53,3,9439.90534698205
53,2,38790.28849636826
53,1,39721.59480022955
54,54,96.71388816216627
54,53,104.89079239626831
54,52,113.39948100604214
54,51,125.38046132517819
54,50,136.95012278813354
54,49,146.7321533765038
54,48,178.1551241730086
54,47,190.24878234085014
54,46,302.7715283928393
54,45,323.1064485069329
54,44,345.4508105259167
54,43,368.5421691682583
54,42,390.94316984675737
54,41,422.6057673652506
54,40,449.5324289054628
54,39,475.9094294323885
54,38,503.0383815901347
54,37,529.2415832603299
54,36,642.7110776060495
54,35,669.2878403952125
54,34,696.4030158177246
54,33,733.6379815027993
54,32,778.499761115921
54,31,808.1431376480724
54,30,892.866191750668
54,29,925.2302874360118
54,28,1615.6388406000528
54,27,1685.9482405277204
54,26,1762.5555135081706
54,25,1840.8521840035207
54,24,1915.8287673076927
54,23,2020.9641148304731
54,22,2118.092251455624
54,21,2204.145137186559
54,20,2291.8769676456
54,19,2375.876415554492
54,18,2616.7089768895735
54,17,2691.2210033432975
54,16,2766.7587273726303
54,15,2867.7159356795755
54,14,3029.506107491237
54,13,3110.9354971861944
54,12,3281.0325005832683
54,11,3362.826146261009
54,10,7735.394847185317
54,9,7950.822484690781
54,8,8169.208850520453
54,7,8458.108424342015
54,6,9052.1828771445
54,5,9288.622220843468
54,4,9623.295195702169
54,3,9830.266460539622
54,2,40349.45944595051
54,1,41299.94416489461
55,55,57.4010794289991
55,54,111.90103187467507
55,53,120.6858736042278
55,52,129.80263852311555
55,51,142.6026051787051
55,50,155.18883083705612
55,49,165.59682245430406
55,48,198.89870468587097
55,47,211.67290058804667
55,46,335.8815764760965
55,45,357.284264837478
55,44,380.7640057459394
55,43,404.99090346775114
55,42,428.46011545502193
55,41,461.5818878083232
55,40,489.96654678074
55,39,517.4942472701313
55,38,545.77425076591
55,37,573.0604287445035
55,36,690.9393175558438
55,35,718.4917687087719
55,34,746.5828840870887
55,33,785.1279667960292
55,32,832.8020639983562
55,31,863.4728113913295
55,30,951.0184382226378
55,29,984.4327249375814
55,28,1716.4941671893569
55,27,1788.9478258057215
55,26,1867.8413986606213
55,25,1948.4242827711996
55,24,2025.5452417663969
55,23,2133.6184462706287
55,22,2234.655265105529
55,21,2323.043253947974
55,20,2413.1101326397456
55,19,2499.304538467249
55,18,2746.2275054787997
55,17,2822.5676755710633
55,16,2899.9335756438536
55,15,3003.2964261865127
55,14,3174.4308032131207
55,13,3257.84101145275
55,12,3431.9278129542627
55,11,3515.6380875916525
55,10,8067.862628205725
55,9,8287.881061196724
55,8,8510.859329089197
55,7,8805.74181672052
55,6,9435.268684790672
55,5,9676.87731760869
55,4,10018.430972062497
55,3,10229.802586502596
55,2,41943.447604242516
55,1,42913.206268629154
56,56,61.33841611838657
56,55,67.28316920062767
56,54,128.20336401247673
56,53,137.59672808219867
56,52,147.3221569552436
56,51,160.9419056277254
56,50,174.59362044896062
56,49,185.62921982285965
56,48,220.81437993166034
56,47,234.27092819619864
56,46,370.7185081797642
56,45,393.18951523283
56,44,417.8052232969666
56,43,443.1682515057936
56,42,467.70623393472584
56,41,502.2879492674457
56,40,532.1666398063065
56,39,560.8463743937027
56,38,590.278770468326
56,37,618.6491927838465
56,36,740.942699966777
56,35,769.4720086276355
56,34,798.5402381934421
56,33,838.3970217525166
56,32,889.0367807037868
56,31,920.7385330754876
56,30,1011.1150869254282
56,29,1045.5833173877913
56,28,1820.4258622909797
56,27,1895.0247172095653
56,26,1976.2055948651812
56,25,2059.075702846735
56,24,2138.341989988295
56,23,2249.3543640258586
56,22,2354.423608411757
56,21,2445.1498991956555
56,20,2537.555040985763
56,19,2625.9474413968987
56,18,2878.969314343354
56,17,2957.140200872765
56,16,3036.33685965112
56,15,3142.1087658228575
56,14,3323.1095350047967
56,13,3408.510090076572
56,12,3586.6008178073753
56,11,3672.2369950065327
56,10,8407.515627585417
56,9,8632.129924762576
56,8,8859.70518577951
56,7,9160.577252196237
56,6,9827.563597274653
56,5,10074.37378986748
56,4,10422.823252483404
56,3,10638.62260935203
56,2,43572.57548307564
56,1,44561.70573992843
57,57,41.90477587518104
57,56,92.68848637736147
57,55,101.30976881837857
57,54,145.62267596822295
57,53,155.62516052970435
57,52,165.95985424261426
57,51,180.40019833622233
57,50,195.16984505397102
57,49,206.83475001054344
57,48,243.90767486712878
57,47,258.048445558704
57,46,407.2837904523172
57,45,430.82367465676487
57,44,456.5759464981289
57,43,483.07570478547206
57,42,508.68302433019585
57,41,544.7254608416738
57,40,576.1362480843062
57,39,605.9693774178844
57,38,636.5555336798628
57,37,666.0114930294857
57,36,792.7249415345
57,35,822.2322984613571
57,34,852.278837956461
57,33,893.4489348956586
57,32,947.2166872203825
57,31,979.9531845698483
57,30,1073.1692346676
57,29,1108.6952696774117
57,28,1927.4359996484175
57,27,2004.1809913101033
57,26,2087.6501813240407
57,25,2172.8085256681306
57,24,2254.22109514923
57,23,2368.173953088536
57,22,2477.4050769402666
57,21,2570.4729203329307
57,20,2665.2195915813063
57,19,2755.813071334711
57,18,3014.9424823437
57,17,3094.946697239943
57,16,3175.9767363094447
57,15,3284.161162404766
57,14,3475.577476913435
57,13,3562.9781777535295
57,12,3745.087297682642
57,11,3832.6589125651867
57,10,8754.367553251499
57,9,8983.582838888538
57,8,9215.760239061854
57,7,9522.628619937996
57,6,10229.180133850014
57,5,10481.225101003385
57,4,10836.591408483286
57,3,11056.846821165203
57,2,45237.24511971117
57,1,46245.84835478814
58,58,43.16612235635113
58,57,19.097003192795444
58,56,187.12222794185394
58,55,206.29796323335842
58,54,164.1608586249183
58,53,174.7730784346977
58,52,185.7176545303168
58,51,200.97942996035323
58,50,216.92313116956063
58,49,229.2190955624534
58,48,268.1844070167576
58,47,283.01133152257586
58,46,445.5790577741416
58,45,470.1883934332116
58,44,497.07784261102165
58,43,524.7149476021247
58,42,551.3921870460476
58,41,588.896145074738
58,40,621.8791956510652
58,39,652.8671170416283
58,38,684.6084378852606
58,37,715.1512616785341
58,36,846.29011681012
58,35,876.7767444814891
58,34,907.802821456331
58,33,950.2878871317454
58,32,1007.3553425853986
58,31,1041.130444396878
58,30,1137.1948114702495
58,29,1173.782634569716
58,28,2037.5273398794463
58,27,2116.419437835941
58,26,2202.1779790096602
58,25,2289.625603661641
58,24,2373.1854393696526
58,23,2490.080136562336
58,22,2603.6084836192094
58,21,2699.0212143276426
58,20,2796.1127656885624
58,19,2888.9104890137446
58,18,3154.156291907001
58,17,3235.996513984394
58,16,3318.8626219728244
58,15,3429.463120743127
58,14,3631.87222953922
58,13,3721.28318270965
58,12,3907.4255708686233
58,11,3996.942456978829
58,10,9108.435387660435
58,9,9342.25692131631
58,8,9579.041742417105
58,7,9891.91335091661
58,6,10640.238379610515
58,5,10897.552393206393
58,4,11259.852211269215
58,3,11484.592795554523
58,2,46937.8107329315
58,1,47965.99076118502
59,59,67.95658171040944
59,58,74.38575261655551
59,57,193.36978948664984
59,56,213.3390608260973
59,55,233.78481781792476
59,54,121.71967857582212
59,53,190.39996629736711
59,52,206.04180023499558
59,51,292.05637903150097
59,50,239.8593104562907
59,49,252.78814422425896
59,48,293.6505979093103
59,47,309.165668840938
59,46,485.6059479622466
59,45,511.28532270351167
59,44,539.3125769496518
59,43,568.0876594492087
59,42,595.8354149188347
59,41,634.8017130366746
59,40,669.3993542884191
59,39,701.5434986742328
59,38,734.4414221557876
59,37,766.07246949552
59,36,901.6423258199018
59,35,933.1094753645341
59,34,965.1163460444998
59,33,1008.91807433313
59,32,1069.466712930158
59,31,1104.284397564858
59,30,1203.2061490406945
59,29,1240.8598656665768
59,28,2150.7024977771644
59,27,2231.74269207222
59,26,2319.7916450649072
59,25,2409.5296158355345
59,24,2495.237722174411
59,23,2615.0756420925477
59,22,2733.0425882413715
59,21,2830.80361507267
59,20,2930.2434713574544
59,19,3025.2486722454087
59,18,3296.6199146844942
59,17,3380.298881019405
59,16,3465.0038048534034
59,15,3578.0240058182553
59,14,3792.0323929301417
59,13,3883.4640113792975
59,12,4073.65494276778
59,11,4165.1272305384855
59,10,9469.735516033066
59,9,9708.168667133586
59,8,9949.566300903336
59,7,10268.44819358904
59,6,11060.861825666501
59,5,11323.480218603869
59,4,11692.732944081987
59,3,11921.988767543613
59,2,48674.68776002854
59,1,49722.5519761666
60,60,70.24563348536907
60,59,76.84074826647885
60,58,198.5584541252556
60,57,220.0112980085223
60,56,173.3408835515138
60,55,185.238112645023
60,54,195.484264528649
60,53,211.4768980157776
60,52,229.29841882177288
60,51,241.1567598298275
60,50,331.6325282522517
60,49,357.01170389343685
60,48,320.31250335285256
60,47,336.51777600051054
60,46,527.3661423980768
60,45,554.1161572085771
60,44,583.2818584648595
60,43,613.19556349418
60,42,642.0144444939759
60,41,682.4439195538683
60,40,718.7007025771267
60,39,752.0025347570032
60,38,786.0585328283523
60,37,818.7791947308648
60,36,958.7857769771199
60,35,991.2347283743416
60,34,1024.223677860493
60,33,1069.3438014302428
60,32,1133.5652856506752
60,31,1169.4296534363968
60,30,1271.218108750173
60,29,1309.94194939734
60,28,2266.964147611057
60,27,2350.1534488213438
60,26,2440.4938961931903
60,25,2532.5233008015857
60,24,2620.3807027318758
60,23,2743.1632570223587
60,22,2865.7163642658934
60,21,2965.8291706689215
60,20,3067.6208313888187
60,19,3164.836814103441
60,18,3442.342739014415
60,17,3527.86324537452
60,16,3614.4097907095806
60,15,3729.853400723678
60,14,3956.0979846658447
60,13,4049.560996491288
60,12,4243.816153173398
60,11,4337.2542783891295
60,10,9838.284688658356
60,9,10081.334937243182
60,8,10327.350886142132
60,7,10652.250263952707
60,6,11491.178630643912
60,5,11759.137829825635
60,4,12135.35909560148
60,3,12369.161076900196
60,2,50448.259852118885
60,1,51515.91831547121
61,61,72.57667267496666
61,60,79.3399991377318
61,59,203.8178903284347
61,58,225.5484217709962
61,57,178.38723989710599
61,56,189.85250224793654
61,55,200.84642216229528
61,54,217.1822621486318
61,53,234.97134856595886
61,52,247.5633431321457
61,51,339.9567035936828
61,50,366.28084119471396
61,49,392.9322765040279
61,48,348.17663943929506
61,47,365.0742341920259
61,46,570.8613965654828
61,45,598.6826673082642
61,44,628.9874733773494
61,43,660.0404618650376
61,42,689.93109290394
61,41,731.8246023180354
61,40,769.7873675428399
61,39,804.2483882341137
61,38,839.4639688411215
61,37,873.2756702468347
61,36,1017.7248418558298
61,35,1051.1569059057658
61,34,1085.1292501740022
61,33,1131.5695432120528
61,32,1199.6661496313618
61,31,1236.5814279972446
61,30,1341.2461717356289
61,29,1381.0444973842739
61,28,2386.3151505624587
61,27,2471.6545943905858
61,26,2564.2876455873065
61,25,2658.609598735286
61,24,2748.6173466154155
61,23,2874.345981861099
61,22,3001.6391593352064
61,21,3104.107309360083
61,20,3208.2543547755727
61,19,3307.684499621976
61,18,3591.3345616160036
61,17,3678.699467508122
61,16,3767.0905038313454
61,15,3884.9613138825143
61,14,4124.110705578466
61,13,4219.61616807674
61,12,4417.951667465782
61,11,4513.366385206809
61,10,10214.1005655096
61,9,10461.773516116147
61,8,10712.413407365895
61,7,11043.33763414515
61,6,11931.322418325926
61,5,12204.659993022904
61,4,12587.856102190177
61,3,12826.235951967694
61,2,52258.88973189815
61,1,53346.454553421514
62,62,74.95000810169924
62,61,81.8838343380054
62,60,210.34286621523793
62,59,231.1566646273937
62,58,254.26587693498414
62,57,130.57260983530617
62,56,206.35531323925505
62,55,223.04968344700364
62,54,240.60505476278314
62,53,254.10645651570195
62,52,346.8495719148846
62,51,375.0333294028973
62,50,402.66091108264214
62,49,355.9678160708889
62,48,373.2891342813842
62,47,467.5189957931556
62,46,616.0935125387792
62,45,644.9866698931826
62,44,676.4312543669522
62,43,708.6242030688825
62,42,739.5872235773649
62,41,782.9456451917972
62,40,822.663587039639
62,39,858.2853329702587
62,38,894.6620401371451
62,37,929.566239982876
62,36,1078.4640033308965
62,35,1112.8805216886374
62,34,1147.8376076183274
62,33,1195.599885860866
62,32,1267.7849532951107
62,31,1305.7554999649624
62,30,1413.3063852518214
62,29,1454.1836905575876
62,28,2508.758425632931
62,27,2596.249072428318
62,26,2691.175863251694
62,25,2787.79150607516
62,24,2879.9506751294425
62,23,3008.6268720929384
62,22,3140.820533588576
62,21,3245.647671784916
62,20,3352.1537627865723
62,19,3453.801525983271
62,18,3743.60539092178
62,17,3832.817619438381
62,16,3923.056079904382
62,15,4043.3579648815435
62,14,4296.1137770939595
62,13,4393.67308575428
62,12,4596.105479935302
62,11,4693.507873047248
62,10,10597.201141861833
62,9,10849.50252247492
62,8,11104.772106976785
62,7,11441.72870801791
62,6,12381.431845200426
62,5,12660.186541506708
62,4,13050.343273386528
62,3,13293.333327014994
62,2,54106.87980064336
62,1,55214.46377373196
63,63,77.36593754642809
63,62,84.47257061787407
63,61,216.49304443930626
63,60,238.10740150452895
63,59,188.77604618993067
63,58,199.12575677660553
63,57,211.87225407962748
63,56,228.96475548457178
63,55,246.44322386370197
63,54,260.6612399192919
63,53,353.8147013094987
63,52,382.2781159315311
63,51,411.8425724687867
63,50,363.8650359008329
63,49,381.6162931557273
63,48,478.1382095623327
63,47,508.5292760536202
63,46,663.0641559949634
63,45,693.0298371380405
63,44,725.6148803466159
63,43,758.948472581745
63,42,790.9845280035256
63,41,835.8087476268676
63,40,877.3334708294345
63,39,914.1175047981991
63,38,951.6569084752406
63,37,987.6550899511863
63,36,1141.0075447708184
63,35,1176.4098803323486
63,34,1212.35307594008
63,33,1261.439183326736
63,32,1337.9375704437184
63,31,1376.967866466305
63,30,1487.4149933622937
63,29,1529.3758990349909
63,28,2634.2962222717433
63,27,2723.939131857641
63,26,2821.16079715673
63,25,2920.071269434806
63,24,3014.382933247826
63,23,3146.0081698685444
63,22,3283.269366556323
63,21,3390.459188725094
63,20,3499.328037113395
63,19,3603.196922424579
63,18,3899.1643865250435
63,17,3990.2268994375518
63,16,4082.3157556732444
63,15,4205.052640774223
63,14,4472.150832207973
63,13,4571.775704144992
63,12,4778.321943095849
63,11,4877.7234055270765
63,10,10987.601744921945
63,9,11244.537335785757
63,8,11504.442416093647
63,7,11847.438983060787
63,6,12841.64751026669
63,5,13125.859214239996
63,4,13523.022312552777
63,3,13770.656997685848
63,2,55993.09808599043
63,1,57120.82603447755
64,64,80.84199819802383
64,63,88.27084564312821
64,62,125.4922595118333
64,61,244.5537810965671
64,60,193.84958174701566
64,59,204.3382233100993
64,58,217.25113212388902
64,57,234.80696039391634
64,56,329.36299851865294
64,55,270.9864277887645
64,54,285.8960622554827
64,53,389.5956423286826
64,52,331.5261002591374
64,51,610.079263014006
64,50,350.3844311589413
64,49,488.1519122206925
64,48,519.6106506224361
64,47,551.2764857569456
64,46,711.775334352697
64,45,742.8141969499557
64,44,776.5404011871038
64,43,811.0153424244206
64,42,844.1250992071938
64,41,890.4160316013119
64,40,933.8016335645476
64,39,971.7495617524568
64,38,1010.4532754895712
64,37,1047.5469629933139
64,36,1205.3603786566991
64,35,1241.7499322581564
64,34,1278.6806436563616
64,33,1329.092475496455
64,32,1410.1410673141631
64,31,1450.2357384725535
64,30,1563.5895100337311
64,29,1606.638785677048
64,28,2762.932064012441
64,27,2854.728338066044
64,26,2954.246057718566
64,25,3055.4525446722623
64,24,3151.9178198282207
64,23,3286.4936335484836
64,22,3428.9962628828557
64,21,3538.5525668145806
64,20,3649.7879868427794
64,19,3755.8815947629005
64,18,4058.0227247914263
64,17,4150.9385656967015
64,16,4244.880871439626
64,15,4370.056790341113
64,14,4652.269144756565
64,13,4753.971674284165
64,12,4964.649207203101
64,11,5066.061499105397
64,10,11385.323172922212
64,9,11646.898928576888
64,8,11911.445482361905
64,7,12260.489836252398
64,6,13312.121174912929
64,5,13601.831079440133
64,4,14006.005457626374
64,3,14258.319546596736
64,2,57917.746589776965
64,1,59065.74140350864
65,65,82.44635479373794
65,64,89.6615614835227
65,63,222.85522803009312
65,62,243.70675129748997
65,61,198.65116768957807
65,60,153.2599915242559
65,59,286.955514101604
65,58,240.44968517706374
65,57,336.93510861488244
65,56,277.61891307925293
65,55,292.6636518856965
65,54,398.63184433180834
65,53,427.11108011806186
65,52,351.3981047287939
65,51,463.91265481009754
65,50,496.43362473993875
65,49,530.056194049101
65,48,562.8209827720045
65,47,595.7623568383176
65,46,762.2288265649635
65,45,794.3415363678923
65,44,829.209612400367
65,43,864.8266164542379
65,42,899.010748778732
65,41,946.7693190847583
65,40,992.0724435486254
65,39,1031.1859006301922
65,38,1071.055566374951
65,37,1109.2463109268485
65,36,1271.527064248923
65,35,1308.9052602943882
65,34,1346.824917094806
65,33,1398.564400126112
65,32,1484.4126036824707
65,31,1525.5764087858106
65,30,1641.8474957590536
65,29,1685.9900471373803
65,28,2894.6684423512324
65,27,2988.619187038624
65,26,3090.434145421165
65,25,3193.937836473726
65,24,3292.557843229002
65,23,3430.0857760990075
65,22,3578.0107057658315
65,21,3689.937347627899
65,20,3803.5432116936004
65,19,3911.8651971625814
65,18,4220.190209889858
65,17,4314.962467105782
65,16,4410.761320674444
65,15,4538.3803655014635
65,14,4836.515955458141
65,13,4940.308585726873
65,12,5155.135298745993
65,11,5258.570518004631
65,10,11790.382071445727
65,9,12056.60401496843
65,8,12325.798088023337
65,7,12680.898137944585
65,6,13793.005390384707
65,5,14088.255926326508
65,4,14499.528992867521
65,3,14756.559779603373
65,2,59881.87735945898
65,1,61050.27670090568
66,66,85.05470024302781
66,65,92.3219578720839
66,64,229.63493280650636
66,63,251.31719587595495
66,62,203.70397648359517
66,61,216.4580909171666
66,60,172.30815667844598
66,59,310.80983487952466
66,58,266.8615992507084
66,57,279.31418389071285
66,56,368.97748327221575
66,55,406.4485675948278
66,54,366.5543687216693
66,53,552.0248369406279
66,52,371.93001352296204
66,51,504.789215193551
66,50,538.6934082312599
66,49,573.6994862619453
66,48,607.7711309348822
66,47,641.9888345855617
66,46,814.4266749194593
66,45,847.6139154359571
66,44,883.624593012561
66,43,920.3843927864777
66,42,955.6435928859894
66,41,1004.8707510540061
66,40,1052.150667491854
66,39,1092.4313285863816
66,38,1133.4686288706807
66,37,1172.758019791231
66,36,1339.5126446874335
66,35,1377.8809425945124
66,34,1416.7910095223153
66,33,1469.8601177622122
66,32,1560.770408778271
66,31,1603.008255775204
66,30,1722.2076370632597
66,29,1767.4485231867006
66,28,3029.5087656713335
66,27,3125.6151203286036
66,26,3229.728537412804
66,25,3335.530657816171
66,24,3436.306550246505
66,23,3576.7881909853254
66,22,3730.3234573619984
66,21,3844.62438610371
66,20,3960.604659676344
66,19,4071.1587653881634
66,18,4385.678122426188
66,17,4482.30995815019
66,16,4579.968531921948
66,15,4710.03489252232
66,14,5024.9416845411515
66,13,5130.837249430733
66,12,5349.831536753761
66,11,5455.302160350489
66,10,12202.798987966426
66,9,12473.67329294779
66,8,12747.521082091147
66,7,13108.684934639872
66,6,14284.462639723097
66,5,14585.297605147654
66,4,15003.546499015847
66,3,15265.32870778
66,2,61884.569866975246
66,1,63073.48736622013
67,67,87.7089607734462
67,66,95.02677951293202
67,65,235.2528787010746
67,64,258.5161656510889
67,63,209.12914183128825
67,62,222.09953632713493
67,61,233.66835075307918
67,60,194.69833123853675
67,59,335.2294486899191
67,58,285.8551820252275
67,57,378.33720047644874
67,56,405.3675403714012
67,55,444.6015840807867
67,54,396.5385071634367
67,53,603.9982692977189
67,52,393.1309590286914
67,51,547.404923792482
67,50,582.693200019167
67,49,619.0836514555668
67,48,654.4629729176755
67,47,689.957811625418
67,46,868.3708409229322
67,45,902.6333079758551
67,44,939.7873299138251
67,43,977.6906713544536
67,42,1014.0256437073718
67,41,1064.7223563755115
67,40,1114.0410235286495
67,39,1155.490597838853
67,38,1197.6972492859213
67,37,1238.086907968466
67,36,1409.3220689177972
67,35,1448.6819569896186
67,34,1488.5839276611734
67,33,1542.9846739082345
67,32,1639.2331498727171
67,31,1682.5500933830776
67,30,1804.6890456700883
67,29,1851.0334759663026
67,28,3167.4560147529414
67,27,3265.7191356901235
67,26,3372.132249483124
67,25,3480.234042459228
67,24,3583.166991436578
67,23,3726.6039516820742
67,22,3885.944911771241
67,21,4002.6241506225533
67,20,4120.982873450006
67,19,4233.772911920391
67,18,4554.49726861528
67,17,4652.991903196948
67,16,4752.513427702073
67,15,4885.031370444882
67,14,5217.597860614061
67,13,5325.609580047483
67,12,5548.790326033206
67,11,5656.309205105577
67,10,12622.592865397895
67,9,12898.125810903965
67,8,13176.63361842208
67,7,13543.869517562202
67,6,14786.65955756698
67,5,15093.124116920117
67,4,15518.444497986147
67,3,15785.0178795338
67,2,63927.85158435616
67,1,65137.43407343279
68,68,90.40951642689343
68,67,97.77640665831109
68,66,240.93976090271718
68,65,264.4773269795966
68,64,214.82471607061512
68,63,227.46530681367508
68,62,239.74191537472035
68,61,257.7386568060603
68,60,279.2296027999803
68,59,292.7435663851025
68,58,387.1675439029387
68,57,415.1784880912955
68,56,443.47378411564557
68,55,404.98423623345263
68,54,424.98076865151864
68,53,523.528868809147
68,52,558.1394708451411
68,51,591.7616513363008
68,50,628.4348870170134
68,49,666.2105926958347
68,48,702.8984270119266
68,47,739.6712210895369
68,46,924.0633267450494
68,45,959.401728511923
68,44,997.6998507429277
68,43,1036.7474928900008
68,42,1074.1589542702877
68,41,1126.3262048392376
68,40,1177.7483414554117
68,39,1220.3685725754897
68,38,1263.7463262125777
68,37,1305.2379064216345
68,36,1480.9603997226197
68,35,1521.3133954346954
68,34,1562.208792647731
68,33,1617.943228876335
68,32,1719.8201956022847
68,31,1764.2214415309447
68,30,1889.3115476341457
68,29,1936.7648866923946
68,28,3308.513225418943
68,27,3408.9342861233536
68,26,3517.648352893095
68,25,3628.051079867909
68,24,3733.1422732879505
68,23,3879.53618792094
68,22,4044.885691699111
68,21,4163.947339052538
68,20,4284.688626053437
68,19,4399.718480468064
68,18,4726.658688301546
68,17,4827.019400977205
68,16,4928.407165639807
68,15,5063.381034400007
68,14,5414.537983222416
68,13,5524.679476432996
68,12,5752.066069743579
68,11,5861.646442445463
68,10,13049.78304220724
68,9,13329.981014370602
68,8,13613.15524962607
68,7,13986.471578810002
68,6,15299.76943556962
68,5,15611.91017002451
68,4,16044.271964439262
68,3,16315.67527951037
68,2,66011.41995716956
68,1,67241.8020605909
69,69,93.1567706956238
69,68,100.57124380586052
69,67,247.99066181101543
69,66,270.50760061116006
69,65,220.68298731308678
69,64,232.7808872654582
69,63,245.9353279060859
69,62,264.01518325186044
69,61,285.12711031163076
69,60,299.8187039501855
69,59,394.46435921682763
69,58,424.42979818115265
69,57,391.6065588833037
69,56,410.81020989655434
69,55,491.5614835061346
69,54,522.31049966183
69,53,566.7284313993474
69,52,602.9306658326452
69,51,637.8613821245807
69,50,675.9204740750305
69,49,715.0823354832794
69,48,753.0795383119157
69,47,791.1311272903374
69,46,981.5062876871857
69,45,1017.9213489067247
69,44,1057.3643450355873
69,43,1097.5570646697336
69,42,1136.0457485999043
69,41,1189.6845434420793
69,40,1243.2777046869182
69,39,1287.0703758697794
69,38,1331.6210224852455
69,37,1374.2162154772732
69,36,1554.4329909019184
69,35,1595.780645867855
69,34,1637.6710266315117
69,33,1694.7412508433288
69,32,1802.5518423376448
69,31,1848.042757682569
69,30,1976.0959308564936
69,29,2024.6637087459035
69,28,3452.683884431563
69,27,3555.264087511837
69,26,3666.2803947177094
69,25,3778.985348453014
69,24,3886.236003735345
69,23,4035.588548292988
69,22,4207.157126319293
69,21,4328.605370321202
69,20,4451.733426375167
69,19,4569.007064674136
69,18,4902.174211263855
69,17,5004.404352426808
69,16,5107.661717956774
69,15,5245.0959506062545
69,14,5615.818217301946
69,13,5728.10352885291
69,12,5959.715908542791
69,11,6071.371425687639
69,10,13484.390787069819
69,9,13769.260312973613
69,8,14057.107526642869
69,7,14436.512853938422
69,6,15823.974219440188
69,5,16141.839213486715
69,4,16581.306267439053
69,3,16857.581151704915
69,2,68136.48751440248
69,1,69387.82019119912
70,70,95.95113374894518
70,69,103.41170148315379
70,68,255.67094045529146
70,67,277.9782955399194
70,66,226.59004743005502
70,65,238.28324859857835
70,64,252.12634373191634
70,63,270.2927333884945
70,62,291.2728819333206
70,61,306.9115300391338
70,60,401.8308526139946
70,59,432.0715010870157
70,58,400.2686708527354
70,57,419.4539181780362
70,56,501.6295089304133
70,55,533.4494229995931
70,54,565.4642196843863
70,53,611.6467286594396
70,52,649.4659916027844
70,51,685.7061031248112
70,50,725.1519659149561
70,49,765.7009023014226
70,48,805.0083460824158
70,47,844.3395858851884
70,46,1040.701856143923
70,45,1078.1943153711077
70,44,1118.782973696718
70,43,1160.121562297754
70,42,1199.68821613076
70,41,1254.7995805152882
70,40,1310.6342278194295
70,39,1355.6011589286845
70,38,1401.3265259621173
70,37,1445.0270575039751
70,36,1629.7452056027705
70,35,1672.089102644877
70,34,1714.9760552060195
70,33,1773.3842073696808
70,32,1887.44902758834
70,31,1934.035142096587
70,30,2065.0636255562213
70,29,2114.751539371733
70,28,3599.971285740766
70,27,3704.7118549039424
70,26,3818.0317125049137
70,25,3933.040208264859
70,24,4042.45156393873
70,23,4194.764442884228
70,22,4372.770474897646
70,21,4496.60958467088
70,20,4622.128695704017
70,19,4741.650162077043
70,18,5081.055546944182
70,17,5185.1585306894
70,16,5290.288921543208
70,15,5430.18803990281
70,14,5821.496489559094
70,13,5935.940095414947
70,12,6171.798748812701
70,11,6285.543479517957
70,10,13926.436759995373
70,9,14215.984486087285
70,8,14508.51134832974
70,7,14894.01439761673
70,6,16359.46207038104
70,5,16683.10094360851
70,4,17129.581020811558
70,3,17410.767813397684
70,2,70302.61558407746
70,1,71575.03529637754
71,71,133.93401555307312
71,70,108.78324997756356
71,69,116.72331049277072
71,68,286.1090286014562
71,67,309.6813619308852
71,66,177.64964582266037
71,65,258.1864655658765
71,64,276.40645237317267
71,63,375.39415695678133
71,62,318.13867871306337
71,61,334.48625661643183
71,60,439.78301526464514
71,59,471.39612621919673
71,58,431.74526318074317
71,57,451.67746515729755
71,56,543.9395590120441
71,55,577.0560220718446
71,54,610.3369504471742
71,53,658.2845287423763
71,52,697.7473902131572
71,51,735.2977692567282
71,50,776.131330970767
71,49,818.0682749904323
71,48,858.686844725273
71,47,899.2986034488328
71,46,1101.6520943913797
71,45,1140.2226999860684
71,44,1181.95781916033
71,43,1224.4430784876306
71,42,1265.0884591781248
71,41,1321.6734313829888
71,40,1379.8230021019695
71,39,1425.9660451259706
71,38,1472.8679921044222
71,37,1517.6756181097605
71,36,1706.902351748111
71,35,1750.2441006609367
71,34,1794.129240211975
71,33,1853.8774964153615
71,32,1974.533291887854
71,31,2022.220298612905
71,30,2156.236662767047
71,29,2207.0505770382033
71,28,3750.378390501773
71,27,3857.2805593543894
71,26,3972.9052876958126
71,25,4090.21865095635
71,24,4201.791954970979
71,23,4357.066885424545
71,22,4541.736768302624
71,21,4667.971081579514
71,20,4795.885602025354
71,19,4917.659004968022
71,18,5263.314105601408
71,17,5369.293399311248
71,16,5476.300293172511
71,15,5618.66888900989
71,14,6031.632396291322
71,13,6148.249207605729
71,12,6388.375166900398
71,11,6504.223602042878
71,10,14375.940535400296
71,9,14670.173197828266
71,8,14967.386468314195
71,7,15358.996079782213
71,6,16906.42721951417
71,5,17235.89115318349
71,4,17689.397750486034
71,3,17975.53990331752
71,2,72511.12940731562
71,1,73804.7904176932
72,72,141.17856104447196
72,71,74.26773124873642
72,70,158.61729865664867
72,69,169.87927794040442
72,68,318.26302165118074
72,67,255.83537055538736
72,66,268.20665076031963
72,65,282.836815079823
72,64,301.89769635058235
72,63,412.10662763842396
72,62,346.244682227077
72,61,363.3039046177443
72,60,479.4531561209642
72,59,440.9105613566773
72,58,460.8128950949619
72,57,552.5331324066486
72,56,587.968816542224
72,55,622.3821981089758
72,54,656.929620700919
72,53,706.6427764682234
72,52,747.7770165506215
72,51,786.6385575636847
72,50,828.8607699122362
72,49,872.1866780168808
72,48,914.1172813373314
72,47,956.0104493221525
72,46,1164.359377706862
72,45,1204.0088974179935
72,44,1246.8912968191705
72,43,1290.5240494743032
72,42,1332.2489336863975
72,41,1390.3085790740029
72,40,1450.8495722360753
72,39,1498.1706229067722
72,38,1546.25105325368
72,37,1592.167571063647
72,36,1785.91027305233
72,35,1830.2515215103792
72,34,1875.1365012330798
72,33,1936.227088718115
72,32,2063.8274715053344
72,31,2112.62124368307
72,30,2249.6384288464596
72,29,2301.5843933271835
72,28,3903.9091440510774
72,27,4012.9741828069
72,26,4130.905141512495
72,25,4250.524737280418
72,24,4364.261274894084
72,23,4522.500025452882
72,22,4714.06838485329
72,21,4842.702339737214
72,20,4973.016724718638
72,19,5097.046267667113
72,18,5448.962826469358
72,17,5556.821977468598
72,16,5665.708932160173
72,15,5810.551702993272
72,14,6246.28930063008
72,13,6365.094707116007
72,12,6609.509626121934
72,11,6727.476721089822
72,10,14832.92562847776
72,9,15131.850126998312
72,8,15433.75672956601
72,7,15831.481958083226
72,6,17465.07583894715
72,5,17800.417713336414
72,4,18261.03295020052
72,3,18552.17644995185
72,2,74763.13372770713
72,1,76078.20321874782
73,73,107.94662967305527
73,72,116.43391223001873
73,71,165.7904509704315
73,70,178.04096930485966
73,69,189.96455669095454
73,68,352.1336641065994
73,67,280.38451542973075
73,66,293.332636620421
73,65,308.62826353762745
73,64,328.53114835662046
73,63,353.6716369297928
73,62,370.9247655542216
73,61,489.40060121520855
73,60,520.8420374052564
73,59,474.0324119988469
73,58,494.677416329358
73,57,596.9063454376361
73,56,633.7180519592359
73,55,669.428723701875
73,54,705.2430050095338
73,53,756.7222489386336
73,52,799.5568753242927
73,51,839.7304844242881
73,50,883.3423113384142
73,49,928.0581520603787
73,48,971.3017078787179
73,47,1014.4771863597815
73,46,1228.8258183093599
73,45,1269.5550284882227
73,44,1313.5855365480982
73,43,1358.3666140910489
73,42,1401.1717868281714
73,41,1460.7071820147014
73,40,1523.719222978439
73,39,1572.2202082833364
73,38,1621.4810566203469
73,37,1668.5082928681577
73,36,1866.774464672306
73,35,1912.1168864732394
73,34,1958.003385631463
73,33,2020.4385665779832
73,32,2155.354750079808
73,31,2205.2613343048324
73,30,2345.292625957867
73,29,2398.3768681291785
73,28,4060.566499116084
73,27,4171.795684550163
73,26,4292.034240023096
73,25,4413.961439861064
73,24,4529.862502278294
73,23,4691.06684936729
73,22,4889.776693029028
73,21,5020.814793739289
73,20,5153.53356434877
73,19,5279.823512619138
73,18,5638.013443024544
73,17,5747.756049784811
73,16,5858.526674189084
73,15,6005.848384589267
73,14,6465.531468207506
73,13,6586.541324432025
73,12,6835.267434894136
73,11,6955.368595570009
73,10,15297.411970419487
73,9,15601.035287365941
73,8,15907.642228160137
73,7,16311.492235398866
73,6,18035.618259586867
73,5,18376.892634120853
73,4,18844.58502837939
73,3,19140.77545375686
73,2,77058.55149663637
73,1,78395.18835475617
74,74,112.11940809127253
74,73,120.9649771629159
74,72,173.12794080147108
74,71,185.64551624775333
74,70,198.5999618300391
74,69,211.18601747636814
74,68,387.72179328848677
74,67,209.64961104182734
74,66,314.98490987515345
74,65,334.85233951642334
74,64,461.3040447394401
74,63,292.5557897786553
74,62,500.1888773723015
74,61,531.2119737837627
74,60,563.9505526334677
74,59,508.42620186632683
74,58,529.8169282078153
74,57,643.0000606570153
74,56,681.1881929409349
74,55,718.1965369145523
74,54,755.2780516778994
74,53,808.5239088970886
74,52,853.089193450022
74,51,894.575797730459
74,50,939.578225474002
74,49,985.6849898038054
74,48,1030.2424383570813
74,47,1074.7011494999383
74,46,1295.0538504240874
74,45,1336.863545526399
74,44,1382.043010007635
74,43,1427.973263414521
74,42,1471.8595280203263
74,41,1532.8717747926037
74,40,1598.43770335498
74,39,1648.1205930275164
74,38,1698.5638368460247
74,37,1746.7036586003119
74,36,1949.5009673297407
74,35,1995.8462731429297
74,34,2042.7360079609014
74,33,2106.5180942892616
74,32,2249.139691980544
74,31,2300.1653255156143
74,30,2443.224399903929
74,29,2497.453343236247
74,28,4220.354401777778
74,27,4333.749043414243
74,26,4456.296597155006
74,25,4580.532807906217
74,24,4698.5997195908985
74,23,4862.771485464717
74,22,5068.874420051156
74,21,5202.321268039334
74,20,5337.4490428556255
74,19,5466.003753635033
74,18,5830.479225177578
74,17,5942.108963382125
74,16,6054.766943750662
74,15,6204.572460334823
74,14,6689.4271718088485
74,13,6812.65784175897
74,12,7065.7180395552805
74,11,7187.9691663437
74,10,15769.423429756218
74,9,16077.752702102269
74,8,16389.067142351396
74,7,16799.051292655437
74,6,18618.27761124146
74,5,18965.540867194297
74,4,19440.28696501778
74,3,19741.571595140646
74,2,79398.15091480018
74,1,80756.52064522498
75,75,116.38054911317468
75,74,125.59253699698138
75,73,179.49226651223083
75,72,193.41528654825294
75,71,206.63746246856186
75,70,220.29676500897085
75,69,233.5461671918888
75,68,312.5765933867283
75,67,327.2222413655451
75,66,342.203187096276
75,65,362.904529893239
75,64,501.92408547141855
75,63,311.6836375471445
75,62,542.4534982391393
75,61,574.7434463757739
75,60,608.7795481752944
75,59,504.33099413837095
75,58,652.4697838893064
75,57,690.8151377407819
75,56,730.3801052427417
75,55,768.6865092017251
75,54,807.0356376961062
75,53,862.0486410005392
75,52,908.3761427010744
75,51,951.1766850219882
75,50,997.5707165298043
75,49,1045.0694121046695
75,48,1090.9417093288553
75,47,1136.6845906073968
75,46,1363.0457972236343
75,45,1405.9367844820547
75,44,1452.26606671539
75,43,1499.3463605138772
75,42,1544.3145330632492
75,41,1606.8047505725835
75,40,1675.0106941739457
75,39,1725.8774946933333
75,38,1777.5051482533634
75,37,1826.7594571874502
75,36,2034.0957109528545
75,35,2081.445642670601
75,34,2129.340360611844
75,33,2194.4717061915817
75,32,2345.2075550887175
75,31,2397.358666177777
75,30,2543.459584890487
75,29,2598.839848925435
75,28,4383.276331426954
75,27,4498.837756776127
75,26,4623.6957294184795
75,25,4750.242377012884
75,24,4870.4764802899035
75,23,5037.617511607902
75,22,5251.3739184876895
75,21,5387.234196017749
75,20,5524.775674462876
75,19,5655.599580961434
75,18,6026.3729742692185
75,17,6139.893583008289
75,16,6254.442669020741
75,15,6406.7369418993185
75,14,6918.046641858025
75,13,7043.515002884489
75,12,7300.932838219203
75,11,7425.350329502587
75,10,16248.982314946952
75,9,16562.024795171914
75,8,16878.054011654163
75,7,17294.1818199447
75,6,19213.28432189065
75,5,19566.59469387995
75,4,20048.396348331407
75,3,20354.82444513962
75,2,81782.82924761687
75,1,83163.10579518981
76,76,120.92378864807881
76,75,130.11712373985523
76,74,183.38076733169038
76,73,199.98037319339676
76,72,214.84111380463065
76,71,228.7688361260067
76,70,243.13394556195013
76,69,257.0475916207486
76,68,339.7031079954796
76,67,354.9685099182026
76,66,370.56940940499084
76,65,392.10582773301286
76,64,544.2642541435881
76,63,331.50959987874427
76,62,586.4387345472146
76,61,619.9959118104528
76,60,554.5850187088246
76,59,576.6689943915127
76,58,700.6343129395988
76,57,740.3524958223508
76,56,781.2947165281098
76,55,820.8995763009623
76,54,860.5167067165344
76,53,917.2973999847703
76,52,965.4199956086243
76,51,1009.535437297126
76,50,1057.3220951031608
76,49,1106.213749205603
76,48,1153.4018696322216
76,47,1200.4298767177872
76,46,1432.804111356734
76,45,1476.7772134928207
76,44,1524.2571913068641
76,43,1572.488406553903
76,42,1618.5393186975004
76,41,1682.5086474132384
76,40,1753.4441044429855
76,39,1805.496862507272
76,38,1858.3109803593188
76,37,1908.6817161083036
76,36,2120.5648781248083
76,35,2168.9212120773227
76,34,2217.8226950945577
76,33,2284.305700160678
76,32,2443.58473855835
76,31,2496.867956472732
76,30,2646.025187093066
76,29,2702.56359785015
76,28,4549.336101096624
76,27,4667.065662963504
76,26,4794.2355021720505
76,25,4923.094039631924
76,24,5045.496702294459
76,23,5215.608880697495
76,22,5437.288118581007
76,21,5575.566597924384
76,20,5715.5265695663475
76,19,5848.624189859955
76,18,6225.708121689295
76,17,6341.123411117089
76,16,6457.567423604024
76,15,6612.3554966432675
76,14,7151.463399007499
76,13,7279.186869267521
76,12,7540.986580932283
76,11,7667.587359776594
76,10,16736.112372771884
76,9,17053.875449486004
76,8,17374.626855346076
76,7,17796.90801452392
76,6,19820.87989525064
76,5,20180.297569042672
76,4,20669.07148437089
76,3,20980.692687984974
76,2,84212.81813351551
76,1,85615.17234861589
77,77,125.56443895585582
77,76,134.73241834562506
77,75,191.77498255845686
77,74,204.08832640998997
77,73,221.5830730579199
77,72,237.40798941439036
77,71,252.04222278279806
77,70,267.1141077565071
77,69,281.69291261464303
77,68,367.9785689460348
77,67,383.86459768779287
77,66,400.08632687110213
77,65,422.4590050154013
77,64,456.25346310617135
77,63,474.48468771058907
77,62,632.1454195254498
77,61,666.970207025831
77,60,591.9626441915168
77,59,614.7916354274787
77,58,750.5215534063169
77,57,791.612983775863
77,56,833.9328793093051
77,55,874.8365940661632
77,54,915.7221177736218
77,53,974.271049181768
77,52,1024.2229566605636
77,51,1069.654272328311
77,50,1118.8345929502607
77,49,1169.120246761359
77,48,1217.625177969604
77,47,1265.93927920066
77,46,1504.3311224633776
77,45,1549.3871725107292
77,44,1598.0187346413918
77,43,1647.4017632433172
77,42,1694.5362567836594
77,41,1759.98585095762
77,40,1833.743766877578
77,39,1886.984563654682
77,38,1940.9872348022698
77,37,1992.4763693917066
77,36,2208.9145345043858
77,35,2258.2790760942526
77,34,2308.1891352005155
77,33,2376.0262389683235
77,32,2544.298423356254
77,31,2598.7205797949227
77,30,2750.9489977242856
77,29,2808.6525890381317
77,28,4718.537046134623
77,27,4838.436108650239
77,26,4967.919274030647
77,25,5099.091166179369
77,24,5223.663766962806
77,23,5396.748988883771
77,22,5626.629576854432
77,21,5767.331104925619
77,20,5909.714433918884
77,19,6045.090356145158
77,18,6428.497637401297
77,17,6545.811475876776
77,16,6664.154293841127
77,15,6821.441287403687
77,14,7389.753222826136
77,13,7519.749768522494
77,12,7785.956297274401
77,11,7914.7578184412905
77,10,17230.835824899776
77,9,17553.3269865356
77,8,17878.80809462614
77,7,18307.25242729673
77,6,20441.31425577088
77,5,20806.901411898227
77,4,21302.71642095434
77,3,21619.584384685226
77,2,86689.87330010474
77,1,88114.4981476117
78,78,129.26527867795707
78,77,186.65112926806847
78,76,199.58119499888727
78,75,212.94424745458917
78,74,225.91116533674509
78,73,244.30167855114902
78,72,261.1185848114545
78,71,276.46031522827553
78,70,292.23996580111793
78,69,307.48486459082756
78,68,397.4058218127786
78,67,413.9133693989271
78,66,430.7568234183218
78,65,453.96697159268024
78,64,490.18755885340624
78,63,509.0951635051434
78,62,679.5745103911507
78,61,715.6672990003215
78,60,630.6494389064112
78,59,654.2268325229746
78,58,802.1324950230986
78,57,844.597602219153
78,56,888.2956052243146
78,55,930.4985846174745
78,54,972.652903310453
78,53,1032.9706355683618
78,52,1084.7874501076103
78,51,1131.535635608644
78,50,1182.1106781664585
78,49,1233.7913955820723
78,48,1283.6141467064238
78,47,1333.2153315660148
78,46,1577.6294641960044
78,45,1623.7693134211067
78,44,1673.5533680632595
78,43,1724.0891214618687
78,42,1772.308056645954
78,41,1839.2390958304738
78,40,1915.9159548945215
78,39,1970.3469155788193
78,38,2025.540273170374
78,37,2078.149820255717
78,36,2299.151253765197
78,35,2349.5258463198566
78,34,2400.446330537851
78,33,2469.6400233653
78,32,2647.377311949201
78,31,2702.94545783402
78,30,2858.2603866698137
78,29,2917.1364177548785
78,28,4890.883383202266
78,27,5012.953343014969
78,26,5144.751329003437
78,25,5278.238075657815
78,24,5404.982026269146
78,23,5581.04223354736
78,22,5819.412075036585
78,21,5962.541598617743
78,20,6107.353249226075
78,19,6245.012155848144
78,18,6634.7558602896615
78,17,6753.972195394385
78,16,6874.217777211779
78,15,7034.008916330796
78,14,7632.996291897658
78,13,7765.284471072299
78,12,8035.923530957197
78,11,8166.943823844298
78,10,17733.17831667448
78,9,18060.405209049535
78,8,18390.62369002642
78,7,18825.241224971534
78,6,21074.85170653632
78,5,21446.672666080914
78,4,21949.414242182967
78,3,22271.58170911651
78,2,89213.6880295771
78,1,90660.76398747423
79,79,133.87984778619153
79,78,195.12382206079093
79,77,207.54649324484097
79,76,221.1714999180153
79,75,235.22962978328874
79,74,248.85058427367494
79,73,268.13750058922267
79,72,285.9756056559561
79,71,302.02583857539264
79,70,318.51426426223594
79,69,334.4262104177547
79,68,427.9877292456037
79,67,445.11770474329575
79,66,462.5837957806602
79,65,486.63264714694446
79,64,525.4214678038486
79,63,545.0085437425454
79,62,728.726892263615
79,61,766.0880775638273
79,60,670.6566227038164
79,59,694.9859111136295
79,58,855.4680382482848
79,57,899.3072565262077
79,56,944.383804517534
79,55,987.8864627350384
79,54,1031.3099824840872
79,53,1093.3970843169059
79,52,1147.1158009085636
79,51,1195.1818668270344
79,50,1247.152705989737
79,49,1300.2295664052722
79,48,1351.3711611726003
79,47,1402.2604333499312
79,46,1652.7016019601087
79,45,1699.9261133785315
79,44,1750.8635811856955
79,43,1802.5529832477664
79,42,1851.857231978547
79,41,1920.2709115973532
79,40,1999.9668144305956
79,39,2055.5901009917716
79,38,2111.9763149601845
79,37,2165.708322803964
79,36,2391.2814308964716
79,35,2442.667948913716
79,34,2494.6007384430513
79,33,2565.153552538128
79,32,2752.8509279287814
79,31,2809.5723342273836
79,30,2967.989539250745
79,29,3028.04549527031
79,28,5066.378711213748
79,27,5190.6209800691995
79,26,5324.735297117013
79,25,5460.53841402344
79,24,5589.4551410338245
79,23,5768.492295751769
79,22,6015.648864557682
79,21,6161.211411004495
79,20,6308.456428065875
79,19,6448.40307728943
79,18,6844.4964888516615
79,17,6965.619331258909
79,16,7087.771698399383
79,15,7250.072291134455
79,14,7881.275185204767
79,13,8015.874154205777
79,12,8290.972219806757
79,11,8424.229894262637
79,10,18243.16347968679
79,9,18575.133860631253
79,8,18910.097497149178
79,7,19350.898409015674
79,6,21721.765688357562
79,5,22099.886957777486
79,4,22609.56331814702
79,3,22937.08673593853
79,2,91785.90047577275
79,1,93255.6273173311
80,80,140.07992688646303
80,79,149.131343301765
80,78,216.48153204742425
80,77,229.5583293551708
80,76,243.87877528954309
80,75,258.632482788277
80,74,272.9079462245865
80,73,293.09191560972044
80,72,311.9818633924735
80,71,328.7416260705719
80,70,345.93985825014653
80,69,362.51982583132246
80,68,459.72728038338755
80,67,477.4806123890607
80,66,495.57027220313637
80,65,520.4590863583543
80,64,561.966309606972
80,63,582.2360482549506
80,62,779.603567692174
80,61,682.5421570283229
80,60,706.7904215008055
80,59,868.8039195572735
80,58,910.5292185759855
80,57,955.7429932022613
80,56,1002.1985348348283
80,55,1047.0012966541767
80,54,1091.6944339516704
80,53,1155.5514887464406
80,52,1211.2105375392175
80,51,1260.5955159004982
80,50,1313.9632491436116
80,49,1368.4373548670271
80,48,1420.8988387403222
80,47,1473.0772232401741
80,46,1729.5502753124238
80,45,1777.860330290515
80,44,1829.9521514962403
80,43,1882.7961457406784
80,42,1933.1865984713033
80,41,2003.084139386732
80,40,2085.902896193362
80,39,2142.7207153703653
80,38,2200.302000533615
80,37,2255.158559722078
80,36,2485.311921838348
80,35,2537.712278354549
80,34,2590.6592920163457
80,33,2662.5738115478434
80,32,2860.750377951148
80,31,2918.6325518421277
80,30,3080.1682870329455
80,29,3141.4118961378513
80,28,5245.027394296122
80,27,5371.4434164441445
80,26,5507.875609809175
80,25,5645.996647673283
80,24,5777.087610584122
80,23,5959.103720159423
80,22,6215.354287174082
80,21,6363.354985247841
80,20,6513.038515241415
80,19,6655.277761032097
80,18,7057.734430455948
80,17,7180.767871239929
80,16,7304.831125720873
80,15,7469.646586342174
80,14,8134.677064739993
80,13,8271.606620963232
80,12,8551.191028102408
80,11,8686.705316795644
80,10,18760.81791144896
80,9,19097.53969791143
80,8,19437.256432149417
80,7,19884.251103983755
80,6,22382.34485954722
80,5,22766.83527699252
80,4,23283.34439339727
80,3,23616.280611362068
80,2,94406.75301678907
80,1,95899.326767132
81,81,127.15020932942626
81,80,155.6939045584071
81,79,165.23656990083322
81,78,238.95656751524342
81,77,252.68796563248924
81,76,267.70435721581674
81,75,283.15415061059105
81,74,298.0846028655316
81,73,319.1662855702605
81,72,339.1401914970146
81,71,356.6105305438067
81,70,374.51961993943524
81,69,391.76860119646636
81,68,492.6274646071109
81,67,511.0050986018123
81,66,529.719275828744
81,65,555.4493350837323
81,64,599.8335808808397
81,63,620.7892744192376
81,62,832.2054359976521
81,61,724.3181510282203
81,60,749.3149512948527
81,59,924.2922444807899
81,58,967.3169471254636
81,57,1013.9057270624437
81,56,1061.740714609842
81,55,1107.844008138164
81,54,1153.807182651368
81,53,1219.434778094814
81,52,1277.0740460071524
81,51,1327.778982371985
81,50,1382.5447214279218
81,49,1438.417188946645
81,48,1492.1996207089896
81,47,1545.6681554759634
81,46,1808.177998125377
81,45,1857.5744886019477
81,44,1910.8216146290813
81,43,1964.8211557114564
81,42,2016.298713321961
81,41,2087.681350561997
81,40,2173.7305603698805
81,39,2231.745154970117
81,38,2290.523762206649
81,37,2346.506997236494
81,36,2581.2493307121845
81,35,2634.6654692388756
81,34,2688.6286563236954
81,33,2761.907506341722
81,32,2971.1076348817846
81,31,3030.15832024133
81,30,3194.829320076225
81,29,3257.2685535938517
81,28,5426.833019887819
81,27,5555.424251484869
81,26,5694.175878996326
81,25,5834.616400966677
81,24,5967.883070834099
81,23,6152.880158332099
81,22,6418.541981264696
81,21,6568.986038289637
81,20,6721.113306220436
81,19,6865.65007632657
81,18,7274.483758917139
81,17,7399.431950509102
81,16,7525.4102556845755
81,15,7692.746079140702
81,14,8393.291675318835
81,13,8532.572263729355
81,12,8816.67119423844
81,11,8954.461958461688
81,10,19286.165684236756
81,9,19627.64689898623
81,8,19972.12477886014
81,7,20425.323731312714
81,6,23056.887919084682
81,5,23447.81870343258
81,4,23971.14002263749
81,3,24309.549120329586
81,2,97077.69689049423
81,1,98593.32888725355
82,82,133.96714500274967
82,81,142.05618576090777
82,80,172.16541695463906
82,79,182.2012261202497
82,78,262.5503004921239
82,77,276.93678313580097
82,76,292.6496363727862
82,75,308.7960335609343
82,74,324.3819635876167
82,73,346.3620323301524
82,72,367.45352454309307
82,71,385.6355078699249
82,70,404.2565265453209
82,69,422.1755338406008
82,68,526.691389491252
82,67,545.6942898860374
82,66,565.0339521219515
82,65,591.6065643642731
82,64,639.0353164189455
82,63,660.6803637363586
82,62,886.5334964561584
82,61,767.4465997929345
82,60,793.1957025765093
82,59,981.5077122112439
82,58,1025.8322491538217
82,57,1073.7964919645726
82,56,1123.011386361795
82,55,1170.4156479023081
82,54,1217.6492873306577
82,53,1285.0480223536224
82,52,1344.708887643743
82,51,1396.7348465077016
82,50,1452.899723202327
82,49,1510.1716891424835
82,48,1565.276146637603
82,47,1620.0358882670675
82,46,1888.587516330768
82,45,1939.0713501109346
82,44,1993.474749280815
82,43,2048.630808785947
82,42,2101.1963881077495
82,41,2174.0653785304826
82,40,2263.456524099525
82,39,2322.6701794813703
82,38,2382.648402296936
82,37,2439.7604778289124
82,36,2679.1006641071713
82,35,2733.5345645938255
82,34,2788.5159108848275
82,33,2863.1617654988368
82,32,3083.9563235024634
82,31,3144.1835166928704
82,30,3312.007018331386
82,29,3375.6501069147794
82,28,5611.7998055508015
82,27,5742.567728553081
82,26,5883.640375607466
82,25,6026.401972459234
82,24,6161.845846306848
82,23,6349.825970455234
82,22,6625.226524035346
82,21,6778.119242715815
82,20,6932.695569117499
82,19,7079.534881222153
82,18,7494.759582524497
82,17,7621.626752668941
82,16,7749.5243472994625
82,15,7919.386127903979
82,14,8657.213574638887
82,13,8798.86633032578
82,12,9087.508826834759
82,11,9227.596597308782
82,10,19819.233355250035
82,9,20165.482164654124
82,8,20514.72938192651
82,7,20974.143323389406
82,6,23745.709827586285
82,5,24143.15472845486
82,4,24673.171801120494
82,3,25017.11468219764
82,2,99799.15875162127
82,1,101338.05909032232
83,83,135.79913826960936
83,82,149.2804855662864
83,81,157.82005009865125
83,80,189.50033380913342
83,79,200.0312426177474
83,78,287.2641207508212
83,77,302.30617999459713
83,76,318.71601976817385
83,75,335.5595475205486
83,74,351.8014526157664
83,73,374.68059154064787
83,72,396.9248503442508
83,71,415.81956646336766
83,70,435.1536071001325
83,69,453.7436722083821
83,68,561.9222095686106
83,67,581.5513589362522
83,66,601.5174919520229
83,65,628.9339895619021
83,64,679.5840292506834
83,63,701.9219390421675
83,62,942.5887235191951
83,61,811.9405809777392
83,60,838.4458743280835
83,59,1040.4513102969563
83,58,1086.076118069885
83,57,1135.4162874950782
83,56,1186.0115558500156
83,55,1234.7172275030898
83,54,1283.221765186068
83,53,1352.392246547201
83,52,1414.117606001439
83,51,1467.4656682368218
83,50,1525.0308317248262
83,49,1583.70345002908
83,48,1640.1310274432608
83,47,1696.1830484777572
83,46,1970.7815312235698
83,45,2022.353629474776
83,44,2077.914284307114
83,43,2134.2278480098416
83,42,2187.882379213582
83,41,2262.2389978836636
83,40,2355.087533846551
83,39,2415.502575368176
83,38,2476.682747306497
83,37,2534.925865695097
83,36,2778.8729399277895
83,35,2834.326616387021
83,34,2890.3281417578405
83,33,2966.3437208700166
83,32,3199.331367205797
83,31,3260.743324732268
83,30,3431.7371146522974
83,29,3496.592556727987
83,28,5799.931753639451
83,27,5932.877869185638
83,26,6076.273141605392
83,25,6221.357424510826
83,24,6358.980018468344
83,23,6549.945264130631
83,22,6835.422452205026
83,21,6990.7692239084645
83,20,7147.800018042343
83,19,7296.946973293748
83,18,7718.576930753334
83,17,7847.367376891869
83,16,7977.188569476918
83,15,8149.581993372608
83,14,8926.54116939283
83,13,9070.587941637748
83,12,9363.804054675116
83,11,9506.210056681562
83,10,20360.046978167287
83,9,20711.071675965977
83,8,21065.09654986814
83,7,21530.736354914505
83,6,24449.139464225518
83,5,24853.17486376624
83,4,25389.81295185718
83,3,25739.353390623604
83,2,102572.44078857929
83,1,104134.83171937398
84,84,139.77391883586068
84,83,150.77468022773215
84,82,165.45585648024584
84,81,174.4477583556968
84,80,207.7047786375198
84,79,218.73280644228117
84,78,313.09945767660804
84,77,328.7975945161791
84,76,345.9049552043208
84,75,363.4461497984985
84,74,380.34453621341555
84,73,404.12344175188474
84,72,427.55724119239284
84,71,447.16580007723667
84,70,467.2139768520225
84,69,486.47615180088394
84,68,598.3231712731664
84,67,618.5795712198275
84,66,639.1731798456892
84,65,667.4349209075472
84,64,721.4927887318247
84,63,744.5271846460009
84,62,826.1570988584803
84,61,851.7276475484306
84,60,1056.2239904668418
84,59,1101.1240809190595
84,58,1148.0496035832443
84,57,1198.7661713464272
84,56,1250.7422887925625
84,55,1300.7498202405695
84,54,1350.5256969364216
84,53,1421.468541760735
84,52,1485.3028424946788
84,51,1539.974107359892
84,50,1598.9407262931827
84,49,1659.015170431021
84,48,1716.7669804189773
84,47,1774.1123714600803
84,46,2054.762862934395
84,45,2107.4241621301408
84,44,2164.1430714371804
84,43,2221.6151414250035
84,42,2276.3595700430487
84,41,2352.2051130346927
84,40,2448.6305604860772
84,39,2510.249356106382
84,38,2572.6338533795333
84,37,2632.010257173961
84,36,2880.573418665707
84,35,2937.0489215408534
84,34,2994.0726823442687
84,33,3071.4607548882777
84,32,3317.2693210646644
84,31,3379.874572874302
84,30,3554.0569965690734
84,29,3620.1335717095926
84,28,5991.233142386977
84,27,6126.358975788175
84,26,6272.078505204424
84,25,6419.487111179593
84,24,6559.289965649994
84,23,6753.24245099631
84,22,7049.14483486148
84,21,7206.951146228347
84,20,7366.441912757989
84,19,7517.901702102763
84,18,7945.951402937695
84,17,8076.669497659422
84,16,8208.418671927413
84,15,8383.349524370558
84,14,9201.377666881264
84,13,9347.841056738314
84,12,9645.661829525281
84,11,9790.408018419488
84,10,20908.633830752522
84,9,21264.442852282988
84,8,21623.25384385492
84,7,22095.13057209015
84,6,25167.522442284655
84,5,25578.227496555493
84,4,26121.43506739469
84,3,26476.639545874343
84,2,105398.78194258372
84,1,106984.89633315217
85,85,146.65730308425108
85,84,154.96848426020233
85,83,166.54428061176037
85,82,182.49941185195485
85,81,191.94552419510202
85,80,226.78513978482465
85,79,238.3123720864299
85,78,340.05777642387324
85,77,356.41250104219773
85,76,374.2179268048643
85,75,392.45733431727444
85,74,410.0127175369737
85,73,434.6920987974787
85,72,459.3538486111897
85,71,479.67738217280674
85,70,500.4408312393557
85,69,520.3761887680371
85,68,635.897604275698
85,67,656.78227589771
85,66,678.004384484352
85,65,707.1127534145079
85,64,764.7752378842354
85,63,788.5098634900736
85,62,872.5219917894925
85,61,898.8221209682267
85,60,1117.3559218405767
85,59,1163.5271019715892
85,58,1211.7537917717093
85,57,1263.84723828531
85,56,1317.2046887029817
85,55,1368.5145379021974
85,54,1419.5622024747554
85,53,1492.2780392294853
85,52,1558.2673095831565
85,51,1614.2628955299838
85,50,1674.632158925331
85,49,1736.1096227739213
85,48,1795.1867973028131
85,47,1853.8266678466528
85,46,2140.5344109304715
85,45,2194.28586360588
85,44,2252.164043304408
85,43,2310.795638798482
85,42,2366.630926505338
85,41,2443.9667119810397
85,40,2544.0927535030255
85,39,2606.9177150085807
85,38,2670.508957733902
85,37,2731.0209308505805
85,36,2984.2095479202103
85,35,3041.7089651800015
85,34,3099.757055349743
85,33,3178.5204407806004
85,32,3437.808398148614
85,31,3501.615760318383
85,30,3679.0057578293304
85,29,3746.312540000401
85,28,6185.708401373782
85,27,6323.015503944892
85,26,6471.060949769643
85,25,6620.7955436667135
85,24,6762.780225213222
85,23,6959.722104334293
85,22,7266.4091316737895
85,21,7426.680567612804
85,20,7588.636909621058
85,19,7742.414816660153
85,18,8176.8990058864565
85,17,8309.549199365783
85,16,8443.230816725267
85,15,8620.704985331351
85,14,9481.831175285311
85,13,9630.734572215724
85,12,9933.19212309207
85,11,10080.301220407682
85,10,21465.021972106064
85,9,21825.623900179213
85,8,22189.22961818431
85,7,22667.354522007714
85,6,25901.22166715661
85,5,26318.678447756527
85,4,26868.31657943148
85,3,27229.252904730023
85,2,108278.82527381249
85,1,109888.89724359043
86,86,153.71168422210445
86,85,162.2203200405929
86,84,170.95815079681995
86,83,183.10977307021528
86,82,200.41759001407294
86,81,210.31984872394474
86,80,246.74810286801537
86,79,258.7766949754097
86,78,368.140608691583
86,77,385.1524420943016
86,76,403.6564886498114
86,75,422.5946667712548
86,74,440.8075732584806
86,73,466.38815447234214
86,72,492.31794431402415
86,71,513.3576085466608
86,70,534.8374902210269
86,69,555.4471258722721
86,68,674.6489768802301
86,67,696.1629629210918
86,66,718.0146175270536
86,65,747.9710280670299
86,64,809.445686516704
86,63,833.8844124073336
86,62,920.2902565539415
86,61,947.32404139222
86,60,1180.218865646283
86,59,1227.6615880207062
86,58,1277.1899100262312
86,57,1330.6607293988802
86,56,1385.4000105382286
86,55,1438.0126486399063
86,54,1490.3325629496746
86,53,1564.8220384036456
86,52,1633.0139234672286
86,51,1690.3349735123136
86,50,1752.1080965362335
86,49,1814.9898002652894
86,48,1875.3934962642236
86,47,1935.3289803040043
86,46,2228.0993340387595
86,45,2282.941913902444
86,44,2341.9804025145527
86,43,2401.772565438416
86,42,2458.699695350594
86,41,2537.527070896759
86,40,2641.481651996134
86,39,2705.5152412306625
86,38,2770.3156997292267
86,37,2831.9655734389667
86,36,3089.789208408085
86,35,3148.314671208429
86,34,3207.389227970359
86,33,3287.5308040065056
86,32,3560.988830470046
86,31,3626.0074234532008
86,30,3806.624564988812
86,29,3875.1709413561402
86,28,6383.362625233835
86,27,6522.852587208004
86,26,6673.225650552645
86,25,6825.287939131097
86,24,6969.456053814646
86,23,7169.389535213213
86,22,7487.231784868517
86,21,7649.974044201449
86,20,7814.401678986397
86,19,7970.50309496133
86,18,8411.436817674821
86,17,8546.02365056338
86,16,8681.642263087497
86,15,8861.665755057627
86,14,9768.015712618922
86,13,9919.383344336558
86,12,10226.510921746012
86,11,10376.006463507572
86,10,22029.241988339036
86,9,22394.645587700543
86,8,22763.05482335763
86,7,23247.43939360944
86,6,26650.620334423256
86,5,27074.91400921646
86,4,27630.172244442987
86,3,27996.9020037812
86,2,111209.92227223699
86,1,112844.13876432188
87,87,99.08477288815732
87,86,169.643907901063
87,85,178.57964439809584
87,84,187.74471786860445
87,83,200.47296936081196
87,82,219.21703982555832
87,81,229.57744261175625
87,80,267.60055936669465
87,79,280.1327350571643
87,78,397.3493833245856
87,77,415.0188511343467
87,76,434.22207900700033
87,75,453.85959012949615
87,74,472.73055067412946
87,73,499.2130618514361
87,72,526.4526974756754
87,71,548.2096650440147
87,70,570.40715623148
87,69,591.6921810806549
87,68,714.5805904640573
87,67,736.7249476980166
87,66,759.2072083502941
87,65,790.0130929515748
87,64,855.5187947215361
87,63,880.665615375722
87,62,969.4770299761432
87,61,997.2486757317918
87,60,1244.813607876089
87,59,1293.528319875039
87,58,1344.3587336030582
87,57,1399.2074137967522
87,56,1455.3290169612962
87,55,1509.2449087819753
87,54,1562.8375282627305
87,53,1639.1012798288339
87,52,1709.5450518691578
87,51,1768.1927125512898
87,50,1831.370913839403
87,49,1895.6580808199199
87,48,1957.3894579954097
87,47,2018.6216920058437
87,46,2317.4600240141162
87,45,2373.394705789663
87,44,2433.594542739867
87,43,2494.5483157374065
87,42,2552.568271482785
87,41,2632.8885851239916
87,40,2740.8039905315404
87,39,2806.0486966378444
87,38,2872.0608683982414
87,37,2934.8509994050046
87,36,3197.319316872247
87,35,3256.8729787241714
87,34,3316.9761615650696
87,33,3398.4988356512963
87,32,3686.8514575966374
87,31,3753.0906976514493
87,30,3936.955187837006
87,29,4006.7508500641025
87,28,6584.198622380492
87,27,6725.87302133076
87,26,6878.575389400219
87,25,7032.967065092992
87,24,7179.32020515466
87,23,7382.247477799568
87,22,7711.6268403788645
87,21,7876.8456779742455
87,20,8043.750378572782
87,19,8202.180746840591
87,18,8649.579191328397
87,17,8786.10724685396
87,16,8923.66744900589
87,15,9106.246327036522
87,14,10060.047470058435
87,13,10213.904391972055
87,12,10525.736458308467
87,11,10677.642785879127
87,10,22601.31696043214
87,9,22971.53104574471
87,8,23344.75263961198
87,7,23835.408430534007
87,6,27416.112400912294
87,5,27847.331253981367
87,4,28408.69537110939
87,3,28781.300176418288
87,2,114200.85305386662
87,1,115859.52201855539
88,88,103.67396118663065
88,87,110.36258434548652
88,86,186.37373111040162
88,85,195.73717214703456
88,84,205.33009418682175
88,83,218.63579543207973
88,82,238.90477829094482
88,81,249.72539104943922
88,80,289.3497944185645
88,79,302.38785331327495
88,78,427.68570362845145
88,77,446.01334289009156
88,76,465.91632481477035
88,75,486.25374361235527
88,74,505.7833006241333
88,73,533.168487799996
88,72,561.7615426822362
88,71,584.2370114124312
88,70,607.1533142752597
88,69,629.114863246067
88,68,755.696085372441
88,67,778.4718932802563
88,66,801.5858427856205
88,65,833.2426646880841
88,64,903.0101868827686
88,63,928.8692355136211
88,62,1020.0984660167824
88,61,1048.612323859973
88,60,1311.1414230058604
88,59,1361.1285859849902
88,58,1413.2615654056433
88,57,1469.4886098392344
88,56,1526.9930420075311
88,55,1582.2126672963643
88,54,1637.0784621088442
88,53,1715.1171479687894
88,52,1787.8637594447837
88,51,1847.8392038918646
88,50,1912.4237304112455
88,49,1978.1176125278666
88,48,2041.177857682161
88,47,2103.708004752483
88,46,2408.6198091630713
88,45,2465.647590685989
88,44,2527.0098400909815
88,43,2589.1262906221227
88,42,2648.240079283094
88,41,2730.0547112547515
88,40,2842.0676881939667
88,39,2908.5260533805495
88,38,2975.752489132502
88,37,3039.6852843778906
88,36,3306.8081549386784
88,35,3367.3922152495234
88,34,3428.5262296780966
88,33,3511.432971218501
88,32,3815.4403634540104
88,31,3882.9100013750467
88,30,4070.0427223694924
88,29,4141.097706116625
88,28,6788.2218285654135
88,27,6932.082285849073
88,26,7087.115692794387
88,25,7243.838495248501
88,24,7392.378297459335
88,23,7598.301611711769
88,22,7939.611589072002
88,21,8107.312881219054
88,20,8276.700542454213
88,19,8437.465421187027
88,18,8891.344096016202
88,17,9029.81805403106
88,16,9169.32453712467
88,15,9354.464991696828
88,14,10358.051953531061
88,13,10514.424146681427
88,12,10830.996358412824
88,11,10985.33871175468
88,10,23181.27922226758
88,9,23556.312805345853
88,8,23934.35579576557
88,7,24431.29462017428
88,6,28198.121899443155
88,5,28636.35765003025
88,4,29203.514238165277
88,3,29582.068021938263
88,2,117248.34588299764
88,1,118931.71768610332
89,89,136.3440422856181
89,88,115.22032437949794
89,87,122.27181651589453
89,86,203.90305243865942
89,85,213.69481304413924
89,84,223.7162006802769
89,83,237.6001872915116
89,82,259.4880968046507
89,81,270.7710546422452
89,80,312.00337339381196
89,79,325.54969206432776
89,78,459.15113363950326
89,77,478.137489594649
89,76,498.7408070071884
89,75,519.7787168426587
89,74,539.9674208943514
89,73,568.2560412719131
89,72,598.2478977473211
89,71,621.443086864575
89,70,645.0794249764332
89,69,667.7186531471929
89,68,797.9990524465479
89,67,821.4074093372176
89,66,845.1541493401538
89,65,877.6633971634036
89,64,951.9360456712453
89,63,978.5115958759106
89,62,1072.1712935063113
89,61,1101.4318624034781
89,60,1379.2033762012231
89,59,1430.4634563060447
89,58,1483.8994802532131
89,57,1541.5053974488467
89,56,1600.3931706743665
89,55,1656.917013923961
89,54,1713.0564588226143
89,53,1792.8707434986393
89,52,1867.972847704383
89,51,1929.27726469172
89,50,1995.269379947416
89,49,2062.3712455913324
89,48,2126.761561086712
89,47,2190.5907994727536
89,46,2501.5816409792233
89,45,2559.703532714292
89,44,2622.229272097154
89,43,2685.5094810068485
89,42,2745.7181222359895
89,41,2829.0284699111344
89,40,2945.280318519703
89,39,3012.9549264309558
89,38,3081.3982183713483
89,37,3146.4761238286815
89,36,3418.263577167856
89,35,3479.880270584225
89,34,3542.047357370836
89,33,3626.3411831262197
89,32,3946.801054849951
89,31,4015.511179985729
89,30,4205.933757470823
89,29,4278.258447402628
89,28,6995.436518370995
89,27,7141.484672283719
89,26,7298.85087026002
89,25,7457.90655706781
89,24,7608.634674978041
89,23,7817.556304104216
89,22,8171.202224949835
89,21,8341.391939750014
89,20,8513.268548306276
89,19,8676.373582073264
89,18,9136.748235776045
89,17,9277.172848230226
89,16,9418.630375709696
89,15,9606.3386922662
89,14,10662.159145339427
89,13,10821.073535989764
89,12,11142.422981855098
89,11,11299.22752142745
89,10,23769.157451826257
89,9,24149.019673608516
89,8,24531.893228108864
89,7,25035.127067187248
89,6,28997.090556543
89,5,29442.438469047258
89,4,30015.653040868587
89,3,30400.240296681546
89,2,120357.08636082492
89,1,122065.46934794713
90,90,142.71374823619107
90,89,1.3813620184277071
90,88,155.2099137819585
90,87,256.28326121688707
90,86,222.23383557717196
90,85,232.45454305357845
90,84,242.90502561404642
90,83,257.36814984414434
90,82,280.97463995924124
90,81,292.72215131601297
90,80,335.5692311352713
90,79,349.62626775371325
90,78,491.7473152908871
90,77,511.39294337953544
90,76,532.6971885888764
90,75,554.4361837318432
90,74,575.2845956878722
90,73,604.4774206210739
90,72,635.9153177171794
90,71,659.831470439502
90,70,684.1890914256483
90,69,707.507176555494
90,68,841.4932420140645
90,67,865.5352676220294
90,66,889.915921237556
90,65,923.2791125822212
90,64,1002.3133917822549
90,63,1029.6098666077346
90,62,1125.7131120549336
90,61,1155.7250483240853
90,60,1449.000694173592
90,59,1501.5341677263923
90,58,1556.273725514584
90,57,1615.259035154303
90,56,1675.530672758234
90,55,1733.3592291501395
90,54,1790.7728093893627
90,53,1872.3633721431304
90,52,1949.875360834316
90,51,2012.509961251871
90,50,2079.910952248847
90,49,2148.4220933969978
90,48,2214.143703949061
90,47,2279.2732338075007
90,46,2596.3487804808797
90,45,2655.5658116549293
90,44,2719.2561385426775
90,43,2783.7012067381656
90,42,2845.0057391114906
90,41,2929.813225791887
90,40,3050.4499092313004
90,39,3119.3433923730354
90,38,3189.0061816722528
90,37,3255.2316894806186
90,36,3531.6939441351074
90,35,3594.3455472836695
90,34,3657.5479892589956
90,33,3743.231972561656
90,32,4080.9816041293634
90,31,4150.942667681972
90,30,4344.6775027694375
90,29,4418.282656299581
90,28,7205.84776451045
90,27,7354.085285712881
90,26,7513.786061502079
90,25,7675.176425002935
90,24,7828.094544864595
90,23,8040.016807106692
90,22,8406.416091936613
90,21,8579.100307881614
90,20,8753.471961059855
90,19,8918.922898618528
90,18,9385.809569876748
90,17,9528.189676116177
90,16,9671.603098962525
90,15,9861.885678345501
90,14,10972.506621030718
90,13,11133.991144897647
90,12,11460.156368752945
90,11,11619.450237015904
90,10,24364.983311840802
90,9,24749.683483302135
90,8,25137.396939827824
90,7,25646.937997307105
90,6,29813.486510539766
90,5,30266.045630453573
90,4,30843.94723412684
90,3,31234.63481040564
90,2,123519.39429155644
90,1,125252.97863121495
91,91,144.35939350616064
91,90,87.68194235563486
91,89,159.55920444378245
91,88,264.5947523618479
91,87,280.75021248498786
91,86,241.36805506233532
91,85,252.018347471011
91,84,262.898565033992
91,83,277.9416936248582
91,82,303.37235809963715
91,81,315.5867061979358
91,80,360.055612835781
91,79,374.62590864242907
91,78,525.4758439203375
91,77,545.7813066439991
91,76,567.7870794284407
91,75,590.2277615800759
91,74,611.7364492617737
91,73,641.8342595830759
91,72,674.7673360039447
91,71,699.4057159574397
91,70,724.4858878389967
91,69,748.484026863847
91,68,886.1823518172903
91,67,910.8591836649658
91,66,935.8748917866942
91,65,970.0935681772498
91,64,1054.1598897608762
91,63,1082.1818645243463
91,62,1180.742173376447
91,61,1211.510293465174
91,60,1520.5343879234508
91,59,1574.3417328154383
91,58,1630.3853152681568
91,57,1690.7505385239172
91,56,1752.4065652117717
91,55,1811.5403311314328
91,54,1870.2285330464902
91,53,1953.5960544902189
91,52,2033.5740798510317
91,51,2097.5400865874635
91,50,2166.351252941573
91,49,2236.272974084961
91,48,2303.327116138767
91,47,2369.7581489962163
91,46,2692.924120980949
91,45,2753.237329995334
91,44,2818.0933516052373
91,43,2883.704389618182
91,42,2946.10586070417
91,41,3032.4119218792616
91,40,3157.5841617692117
91,39,3227.699190979944
91,38,3298.584157130084
91,37,3365.959795463172
91,36,3647.107216479777
91,35,3710.796038361351
91,34,3775.0361507223533
91,33,3862.113408328117
91,32,4218.031815949896
91,31,4289.254638452941
91,30,4486.3249157588
91,29,4561.221670491461
91,28,7419.459537462346
91,27,7569.888104763567
91,26,7731.9252536820495
91,25,7895.652094590929
91,24,8050.761910367908
91,23,8265.687134307213
91,22,8645.269523133951
91,21,8820.454402640724
91,20,8997.32728162377
91,19,9165.129950543487
91,18,9638.544896529522
91,17,9782.885401429321
91,16,9928.259636128752
91,15,10121.122965338296
91,14,11289.237432876607
91,13,11453.321064612093
91,12,11784.342088998326
91,11,11946.15343865369
91,10,24968.78510151185
91,9,25358.33264310365
91,8,25750.895448968782
91,7,26266.75607088068
91,6,30647.799279197156
91,5,31107.672579964103
91,4,31691.418273712286
91,3,32088.30859430337
91,2,126750.95274669451
91,1,128510.13993963249
92,92,148.67631933751878
92,91,2.144969564838127
92,90,255.58688319359706
92,89,272.69366040427263
92,88,289.4538426413684
92,87,306.3433707096335
92,86,261.30778633031906
92,85,272.38831509208234
92,84,283.69892114154953
92,83,299.32293899457824
92,82,326.6896362699053
92,81,339.3731853109378
92,80,385.4712278947838
92,79,400.5574144459867
92,78,560.3384687621814
92,77,581.3043405461607
92,76,604.0122534242316
92,75,627.1552370937305
92,74,649.3247804338146
92,73,680.3283736689915
92,72,714.8077205267354
92,71,740.1696177560913
92,70,765.9736350666886
92,69,790.6530499505161
92,68,932.0703656332036
92,67,957.3831650393688
92,66,983.0350924293191
92,65,1018.1108276425407
92,64,1107.4942793892142
92,63,1136.2464953684537
92,62,1237.2778729175322
92,61,1268.8071684023075
92,60,1593.8058484091964
92,59,1648.88755708504
92,58,1706.235670062491
92,57,1767.9813441708395
92,56,1831.022300922669
92,55,1891.4617882439998
92,54,1951.425113431181
92,53,2036.5702956760047
92,52,2119.072317087776
92,51,2184.3709804258697
92,50,2254.593650927763
92,49,2325.927285905063
92,48,2394.315223780505
92,47,2462.048998530832
92,46,2791.311245892199
92,45,2852.7216948559385
92,44,2918.744543724671
92,43,2985.522687523673
92,42,3049.02216892353
92,41,3136.828273074254
92,40,3266.6916726373647
92,39,3338.0309741016067
92,38,3410.140852114266
92,37,3478.6692015246294
92,36,3764.512368641075
92,35,3829.2407660714007
92,34,3894.5209119541923
92,33,3982.9946251489523
92,32,4358.004910250219
92,31,4430.500716488985
92,30,4630.930539935928
92,29,4707.130450818366
92,28,7636.277652067119
92,27,7788.898988822871
92,26,7953.274353931517
92,25,8119.339520960827
92,24,8276.64277186812
92,23,8494.573348444866
92,22,8887.781197386448
92,21,9065.473029208086
92,20,9244.853441875197
92,19,9415.013789151519
92,18,9894.973600088977
92,17,10041.27950897568
92,16,10188.619572688936
92,15,10384.070271536762
92,14,11612.504612111134
92,13,11779.217457612742
92,12,12115.136110637792
92,11,12279.494197222271
92,10,25580.59757002747
92,9,25975.002105979936
92,8,26372.423912896928
92,7,26894.616712444396
92,6,31500.5521786655
92,5,31967.84688441815
92,4,32555.108032713084
92,3,32958.26345845326
92,2,130034.19086685158
92,1,131819.12799738385
93,93,119.52767085885296
93,92,32.51280272427402
93,91,262.6904687860895
93,90,280.03282623292387
93,89,297.92948856792265
93,88,315.4400563509883
93,87,266.76169833257796
93,86,279.088112686806
93,85,289.388249983373
93,84,305.3700091173635
93,83,389.9195119982903
93,82,350.9351651267429
93,81,364.0903605801372
93,80,411.8250888573444
93,79,427.4298880175025
93,78,596.3368134084119
93,77,617.9636745789117
93,76,641.3743462817378
93,75,665.2202521292996
93,74,688.0512367909664
93,73,719.9614182295685
93,72,756.0401206601052
93,71,782.1268446303192
93,70,808.6560212889474
93,69,834.0179522011053
93,68,979.1610885477221
93,67,1005.1110335946648
93,66,1031.4003617515586
93,65,1067.33475205764
93,64,1162.335907509795
93,63,1191.8232721943164
93,62,1295.3402031435671
93,61,1327.6358404777593
93,60,1668.8160262763147
93,59,1725.1725895347424
93,58,1783.8257370616711
93,57,1846.952397151063
93,56,1911.3788226607132
93,55,1973.1245409451228
93,54,2034.3634885953425
93,53,2121.2870301566213
93,52,2206.372828185528
93,51,2273.005406804172
93,50,2344.6409189816436
93,49,2417.387810211084
93,48,2487.1108161859443
93,47,2556.148579357892
93,46,2891.5129860836014
93,45,2954.0217428958554
93,44,3021.212557612067
93,43,3089.15894911056
93,42,3153.7575179193054
93,41,3243.065140876832
93,40,3377.7802758042926
93,39,3450.3466110722784
93,38,3523.684171274768
93,37,3593.3678454865653
93,36,3883.9174729461583
93,35,3949.6878323836236
93,34,4016.010404531157
93,33,4105.88379427723
93,32,4500.955631830493
93,31,4574.7360522243225
93,30,4778.5504043141755
93,29,4856.065444084711
93,28,7856.305770250246
93,27,8011.12159943764
93,26,8177.8370231494055
93,25,8346.242364111717
93,24,8505.740788291436
93,23,8726.679106616384
93,22,9133.967603565257
93,21,9314.172752919238
93,20,9496.067083485475
93,19,9668.591127754538
93,18,10155.112592064917
93,17,10303.388969590083
93,16,10452.699938726748
93,15,10650.74470487071
93,14,11942.466334382814
93,13,12111.839648948015
93,12,12452.69945523884
93,11,12619.634652582095
93,10,26200.448673733285
93,9,26599.719919074585
93,8,27002.0104692904
93,7,27530.548177208548
93,6,32372.29030430686
93,5,32847.118018169225
93,4,33439.90044105363
93,3,33849.44108115669
93,2,133394.606224355
93,1,135205.7817791379
94,94,121.76143006853289
94,93,129.43593904640207
94,92,270.7654108228859
94,91,287.4735189839772
94,90,305.60622502274447
94,89,258.1915777291348
94,88,269.65806133851737
94,87,280.46687527304687
94,86,296.4832827582913
94,85,379.9177299712845
94,84,399.86814126513616
94,83,420.01908888762557
94,82,376.11814724292566
94,81,389.74752356381595
94,80,439.1267539636864
94,79,455.2529868056748
94,78,633.4727078234625
94,77,655.7611511646336
94,76,679.8752137370832
94,75,704.4246758103635
94,74,727.9177001187031
94,73,760.7352925064476
94,72,798.4684860925299
94,71,825.2813736931154
94,70,852.537051144202
94,69,878.5827642414401
94,68,1027.4586944240893
94,67,1054.04698792059
94,66,1080.9749231470516
94,65,1117.7695983366157
94,64,1218.705401942188
94,63,1248.933005971506
94,62,1354.950510343537
94,61,1388.0178491017446
94,60,1745.5663915526022
94,59,1803.1983158414137
94,58,1863.1570181136212
94,57,1927.6652165915757
94,56,1993.4776670604151
94,55,2056.530142533593
94,54,2119.0452282595643
94,53,2207.7478507904316
94,52,2295.479079337945
94,51,2363.446860694263
94,50,2436.496582730172
94,49,2510.6581034730066
94,48,2581.717479125981
94,47,2652.060506021042
94,46,2993.533092762079
94,45,3057.141250272095
94,44,3125.50119607471
94,43,3194.617003964194
94,42,3260.3157625803783
94,41,3351.1264149176814
94,40,3490.8589657625953
94,39,3564.6551540209675
94,38,3639.22322456311
94,37,3710.0648918570296
94,36,4005.3319175689853
94,35,4072.146675296337
94,34,4139.514116409175
94,33,4230.790470921922
94,32,4646.94282871843
94,31,4722.019942260308
94,30,4929.244795018258
94,29,5008.08739895427
94,28,8079.550008973801
94,27,8236.562100921637
94,26,8405.61947640693
94,25,8576.366890147921
94,24,8738.06227386134
94,23,8962.010789366068
94,22,9383.848272545203
94,21,9566.573236366352
94,20,9750.988001151605
94,19,9925.881885584546
94,18,10418.982139042148
94,17,10569.23415463773
94,16,10720.521210627634
94,15,10921.16688028094
94,14,12279.292738944872
94,13,12451.359039894496
94,12,12797.20542886969
94,11,12966.749339446673
94,10,26828.374796919867
94,9,27232.5226802678
94,8,27639.691930285564
94,7,28174.58755739186
94,6,33263.59912292443
94,5,33746.07621785649
94,4,34341.304998216285
94,3,34757.292632326986
94,2,136806.52456805483
94,1,138644.06643859379
95,95,124.95286796674722
95,94,132.80016201670057
95,93,277.02214980019625
95,92,295.9257247968941
95,91,313.3849144227006
95,90,332.3086488585857
95,89,278.83491996679305
95,88,290.75023479210824
95,87,301.97363022433575
95,86,318.5901968698159
95,85,409.64151313564423
95,84,430.3518931643194
95,83,451.2516280845897
95,82,402.24812916459024
95,81,416.3543103768657
95,80,467.3861318401095
95,79,484.036719256614
95,78,671.7478339772507
95,77,694.6984582316013
95,76,719.5165499956732
95,75,744.7702085614297
95,74,768.925876639329
95,73,802.651710583076
95,72,842.0966243887857
95,71,869.6370324244485
95,70,897.6205719973412
95,69,924.3513521160323
95,68,1076.9671506651891
95,67,1104.1950126497604
95,66,1131.7627784549265
95,65,1169.4193914502728
95,64,1276.6240932400417
95,63,1307.5972114644296
95,62,1416.1308652533235
95,61,1449.9754594445578
95,60,1824.057923581479
95,59,1882.9657137834417
95,58,1944.2304892517266
95,57,2010.120776521798
95,56,2077.3198059781384
95,55,2141.679562667918
95,54,2205.4712997963907
95,53,2295.953721532975
95,52,2386.3939213618874
95,51,2455.6982016115876
95,50,2530.1635107550624
95,49,2605.741043190319
95,48,2678.138098385757
95,47,2749.787672268171
95,46,3097.374495233671
95,45,3162.0831523929637
95,44,3231.6134009107204
95,43,3301.8998001715513
95,42,3368.6998568167596
95,41,3461.015056915522
95,40,3605.9359035062516
95,39,3680.964800606088
95,38,3756.766246260696
95,37,3828.768609326459
95,36,4128.764110818309
95,35,4196.625733908399
95,34,4265.04051744754
95,33,4357.72316617652
95,32,4796.027193724199
95,31,4872.413531903786
95,30,5083.07594061101
95,29,5163.2590116817755
95,28,8306.014170314955
95,27,8465.224295746908
95,26,8636.6255163663
95,25,8809.716901683645
95,24,8973.611030930624
95,23,9200.572198348658
95,22,9637.440380240434
95,21,9822.691735142935
95,20,10009.633530036743
95,19,10186.903472502376
95,18,10686.599857649437
95,17,10838.832742669918
95,16,10992.101128800818
95,15,11195.354619473617
95,14,12623.160213931083
95,13,12797.953307441818
95,12,13148.833953061525
95,11,13321.019437719606
95,10,27464.40508242297
95,9,27873.439628441523
95,8,28285.497630578255
95,7,28826.764312145653
95,6,34175.090350062856
95,5,34665.33813562567
95,4,35263.89097476071
95,3,35686.44013177588
95,2,140293.2754431352
95,1,142157.61746582147
96,96,165.64662570844288
96,95,3.1154971622535395
96,94,279.6035265804475
96,93,302.3113137933118
96,92,322.2153942013794
96,91,340.4263209316521
96,90,217.36772406847373
96,89,293.1707201751482
96,88,309.8740967607226
96,87,397.33854740674815
96,86,418.57863231740214
96,85,440.4986681063061
96,84,461.96969334423443
96,83,411.3487825508674
96,82,424.55878713899216
96,81,516.1445284189073
96,80,496.61372633827807
96,79,513.791698033354
96,78,711.1640686334038
96,77,734.7774842988065
96,76,760.3002561256249
96,75,786.2587640551008
96,74,811.0776919339913
96,73,845.7126144380984
96,72,886.9286285283537
96,71,915.197940791083
96,70,943.9107308861225
96,69,971.327888406787
96,68,1127.6907704061578
96,67,1155.5594451401553
96,66,1183.7682893202154
96,65,1222.2885258472772
96,64,1336.1147035354527
96,63,1367.8388123189993
96,62,1478.9047918281638
96,61,1513.5324081395074
96,60,1904.2920743171103
96,59,1964.4762488203742
96,58,2027.047629870763
96,57,2094.32057120404
96,56,2162.906748717269
96,55,2228.5743249472157
96,54,2293.643240873257
96,53,2385.906199841805
96,52,2479.120848743423
96,51,2549.7629504270885
96,50,2625.6452520024936
96,49,2702.640206525531
96,48,2776.3762779049966
96,47,2849.3337083071306
96,46,3203.040948128914
96,45,3268.8512265451086
96,44,3339.5529735872087
96,43,3411.0111634761292
96,42,3478.9136492933694
96,41,3572.7349469780866
96,40,3723.0203026480963
96,39,3799.28482039438
96,38,3876.322562044857
96,37,3949.48837649165
96,36,4254.22364802788
96,35,4323.1346517876245
96,34,4392.599299560316
96,33,4486.69163701255
96,32,4948.273824437227
96,31,5025.982415092116
96,30,5240.110571995813
96,29,5321.647525497731
96,28,8535.704225052203
96,27,8697.114196075612
96,26,8870.861199513849
96,25,9046.298499733155
96,24,9212.39320246561
96,23,9442.369534299207
96,22,9894.763823663643
96,21,10082.548273538567
96,20,10272.02382203025
96,19,10451.67616063869
96,18,10957.98635515788
96,17,11112.20544198685
96,16,11267.460502775977
96,15,11473.328865485591
96,14,12974.258142590143
96,13,13151.813241282478
96,12,13507.77807655238
96,11,13682.639366833251
96,10,28108.576116584965
96,9,28522.507551288043
96,8,28939.464559758428
96,7,29487.11569486624
96,6,35107.420477334446
96,5,35605.56562027455
96,4,36207.63840773179
96,3,36636.85970824274
96,2,143853.18959584017
96,1,145744.72996703163
97,97,131.62769733941266
97,96,139.5569195835681
97,95,288.21469836710895
97,94,305.0113415345478
97,93,328.7112747899249
97,92,349.6360585435472
97,91,368.59938756163297
97,90,263.45574778836914
97,89,316.50245099108093
97,88,407.45423080704603
97,87,427.74267704554535
97,86,449.77442304500295
97,85,472.4908920477836
97,84,419.82134621360836
97,83,433.2427695857072
97,82,527.9956232680618
97,81,550.7446790013912
97,80,526.8205002441983
97,79,544.5289978746091
97,78,751.7232148913697
97,77,776.0000405547595
97,76,802.2281518977894
97,75,828.89217062814
97,74,854.3749823830528
97,73,889.9198514501672
97,72,932.968545071153
97,71,961.968168221323
97,70,991.4116201197272
97,69,1019.5164869600696
97,68,1179.6337850948532
97,67,1208.1445369556914
97,66,1236.9957274324772
97,65,1276.3813003312503
97,64,1397.2009496163694
97,63,1429.6817331035834
97,62,1543.2968344543463
97,61,1578.713458748451
97,60,1986.2700200156046
97,59,2047.7311010520127
97,58,2111.609623954836
97,57,2180.2657886772845
97,56,2250.239687327518
97,55,2317.2156251499837
97,54,2383.5622508608603
97,53,2477.606490014424
97,52,2573.6630254936154
97,51,2645.644286344049
97,50,2722.945001721197
97,49,2801.358804730555
97,48,2876.435244010299
97,47,2950.7018551478745
97,46,3310.5357606404564
97,45,3377.4487941006364
97,44,3449.323248397282
97,43,3521.9544410633
97,42,3590.9604992955565
97,41,3686.289460875609
97,40,3842.1209805143058
97,39,3919.624075256215
97,38,3997.9010783634258
97,37,4072.2331417594664
97,36,4381.719648622277
97,35,4451.682586239363
97,34,4522.199657957448
97,33,4617.7051295457695
97,32,5103.750694334928
97,31,5182.795078798073
97,30,5400.418357069923
97,29,5483.323138239154
97,28,8768.624866973063
97,27,8932.236511052724
97,26,9108.33125129601
97,25,9286.116425968119
97,24,9454.413545287867
97,23,9687.407574687173
97,22,10155.837333512918
97,21,10346.16168129242
97,20,10538.177805965792
97,19,10720.218972027276
97,18,11233.160912463252
97,17,11389.371611260003
97,16,11546.618769035655
97,15,11755.109157240338
97,14,13332.785142308321
97,13,13513.138925167434
97,12,13874.240258341022
97,11,14051.813014874959
97,10,28760.920691466323
97,9,29179.759378026294
97,8,29601.62578426301
97,7,30155.6749508154
97,6,36061.281987548085
97,5,36567.456786448594
97,4,37172.422723562784
97,3,37608.42181815982
97,2,147484.12422118173
97,1,149403.22081924754
98,98,135.04874062854395
98,97,143.01728238659985
98,96,296.59566237803665
98,95,314.0068009882
98,94,331.5303762538424
98,93,356.2229291747011
98,92,378.1894241127423
98,91,397.90583214627975
98,90,1147.34563334004
98,89,414.5906704539525
98,88,438.24602124825793
98,87,459.2822038577612
98,86,482.10633194313846
98,85,427.9537788460412
98,84,442.2627407399272
98,83,539.496181352091
98,82,562.9962136892203
98,81,586.4840750780271
98,80,558.018038604017
98,79,576.2603238287053
98,78,793.4271851770387
98,77,818.3680500887701
98,76,845.3021717655939
98,75,872.6723741283924
98,74,898.8197045816186
98,73,935.2753929845926
98,72,980.2206006171601
98,71,1009.9519674315995
98,70,1040.127518590872
98,69,1068.9214513492313
98,68,1232.8006337789093
98,67,1261.9547504367174
98,66,1291.449578470666
98,65,1331.7022320787837
98,64,1459.9079527610265
98,63,1493.1513178339
98,62,1609.333027826828
98,61,1645.544881578638
98,60,2069.9931626346956
98,59,2132.731682805226
98,58,2197.9178944991786
98,57,2267.95786328522
98,56,2339.320067599021
98,55,2407.604919914233
98,54,2475.229797043405
98,53,2571.0560742635666
98,52,2670.0239346867006
98,51,2743.345715288414
98,50,2822.066290108975
98,49,2901.9003923521273
98,48,2978.318574314452
98,47,3053.8957129924497
98,46,3419.862639468144
98,45,3487.879581065381
98,44,3560.927971923245
98,43,3634.733400144242
98,42,3704.8441934854295
98,41,3801.682411910865
98,40,3963.2473211028314
98,39,4041.9920023143372
98,38,4121.511285579642
98,37,4197.012445675672
98,36,4511.261858374907
98,35,4582.279328645168
98,34,4653.851429711473
98,33,4750.773542296684
98,32,5262.530119390046
98,31,5342.9243908753
98,30,5564.073535675718
98,29,5648.3606609027875
98,28,9004.781782465278
98,27,9170.596959895869
98,26,9349.04142603881
98,25,9529.1764699287
98,24,9699.677882064258
98,23,9935.69218771675
98,22,10420.681039667692
98,21,10613.552208319596
98,20,10808.115852027266
98,19,10992.552390120269
98,18,11512.144328394794
98,17,11670.35214429655
98,16,11829.596916510412
98,15,12040.716609057366
98,14,13698.95300591817
98,13,13882.143727498807
98,12,14248.436750326306
98,11,14428.758173423974
98,10,29421.47518533265
98,9,29845.231669711775
98,8,30272.018048320668
98,7,30832.479063391555
98,6,37037.41476509766
98,5,37551.75756887
98,4,38157.76527801184
98,3,38600.63894580017
98,2,151182.18626836158
98,1,153129.13577521304
99,99,138.52675987718487
99,98,146.53353557028024
99,97,304.1788346306201
99,96,322.7565972558042
99,95,340.910636517065
99,94,359.1614932416634
99,93,384.8471445562921
99,92,407.87718263991206
99,91,428.3473555057764
99,90,1151.1214911750137
99,89,445.4341935385572
99,88,470.17424930230794
99,87,491.9588554231288
99,86,436.0483420639525
99,85,451.46845979324127
99,84,549.8848142139071
99,83,574.8818183122363
99,82,599.1371363406569
99,81,623.3644937786535
99,80,590.2184694292084
99,79,608.9979283604746
99,78,836.2778252523145
99,77,861.8833661778776
99,76,889.5241769686529
99,75,917.601243731619
99,74,944.4137351474471
99,73,981.7811258186937
99,72,1028.6889880925255
99,71,1059.1535539999065
99,70,1090.062664533091
99,69,1119.5470411249748
99,68,1287.1956922743109
99,67,1316.9944812639744
99,66,1347.1342579831153
99,65,1388.25576339416
99,64,1524.2620364449826
99,63,1558.2741216650127
99,62,1677.0406444876248
99,61,1714.0541940770565
99,60,2155.4626579145493
99,59,2219.479152043428
99,58,2285.9736016700167
99,57,2357.39795744461
99,56,2430.1490541232615
99,55,2499.743375805568
99,54,2568.6470478429856
99,53,2666.2561234818268
99,52,2768.206773166532
99,51,2842.870447607047
99,50,2923.0123417446416
99,49,3004.2682081331977
99,48,3082.0295208748234
99,47,3158.9185468407645
99,46,3531.02490936614
99,45,3600.1469228066703
99,44,3674.3704907713313
99,43,3749.3513985179857
99,42,3820.568100147658
99,41,3918.917182623741
99,40,4086.4083926519634
99,39,4166.397713603921
99,38,4247.162339544062
99,37,4323.8354853195715
99,36,4642.859642276801
99,35,4714.934281160842
99,34,4787.564054156217
99,33,4885.906364513224
99,32,5424.687995908757
99,31,5506.446823832457
99,30,5731.154002936682
99,29,5816.838584585703
99,28,9244.179573457279
99,27,9412.200155952967
99,26,9592.996349154688
99,25,9775.483268976413
99,24,9948.190861259609
99,23,10187.228036900533
99,22,10689.314140730508
99,21,10884.739150363761
99,20,11081.857353120693
99,19,11268.695899178212
99,18,11794.956340805216
99,17,11955.16685510046
99,16,12116.414835371159
99,15,12330.171211355155
99,14,14072.984990453719
99,13,14259.052561294337
99,12,14630.59545888633
99,11,14813.70436624821
99,10,30090.272878043073
99,9,30518.95783691528
99,8,30950.674893212225
99,7,31517.5617441315
99,6,38036.60295148598
99,5,38559.25851261637
99,4,39165.98694303052
99,3,39615.855614886415
99,2,154957.87871387656
99,1,156933.10261505027
100,100,142.06274811960918
100,99,150.10668178554846
100,98,311.8600980718318
100,97,330.66958323797655
100,96,350.0298173792355
100,95,368.9271192319255
100,94,387.9056128235753
100,93,414.5848495603254
100,92,438.70110604785003
100,91,459.9257412230073
100,90,1154.8302988435005
100,89,477.39230179791986
100,88,503.2407216424509
100,87,444.4208814029719
100,86,460.7027013798087
100,85,560.3792091141701
100,84,585.61616116152
100,83,611.4089452848137
100,82,636.4202639879718
100,81,661.387819571762
100,80,623.4346389205858
100,79,642.7547914262675
100,78,880.2771151684091
100,77,906.547979635595
100,76,934.896169789552
100,75,963.68079321962
100,74,991.1590987080476
100,73,1029.4390894848552
100,72,1078.3781121583097
100,71,1109.5773592742964
100,70,1141.2215160423411
100,69,1171.397739602637
100,68,1342.823582324392
100,67,1373.2683749807607
100,66,1404.0544353598132
100,65,1446.046595850431
100,64,1590.2911768811969
100,63,1625.0783704070545
100,62,1746.448676685154
100,61,1784.2706522530618
100,60,2242.6799482145875
100,59,2307.9749615189594
100,58,2375.778208911652
100,57,2448.5875459723575
100,56,2522.7281331869603
100,55,2593.63248997985
100,54,2663.8155110816797
100,53,2763.2081604465293
100,52,2868.2151332691146
100,51,2944.2220986739285
100,50,3025.786796470862
100,49,3108.4659164617824
100,48,3187.571771330602
100,47,3265.774067101671
100,46,3644.0263880800185
100,45,3714.254656526136
100,44,3789.6546628789206
100,43,3865.812314909785
100,42,3938.1361176077176
100,41,4037.9976981838804
100,40,4211.61394215612
100,39,4292.85101045203
100,38,4374.8640960344665
100,37,4452.712167791945
100,36,4776.52311731818
100,35,4849.657607420246
100,34,4923.347741653722
100,33,5023.113869399999
100,32,5590.305364810053
100,31,5673.444040765298
100,30,5901.742918630171
100,29,5988.840712009739
100,28,9486.82407785597
100,27,9657.051970144745
100,26,9840.201926867985
100,25,10025.042764744072
100,24,10199.958457814864
100,23,10442.021142964102
100,22,10961.757517162378
100,21,11159.743510711978
100,20,11359.423435597311
100,19,11548.670741452883
100,18,12081.618514650756
100,17,12243.837405812037
100,16,12407.094285090867
100,15,12623.494851907437
100,14,14455.12002391158
100,13,14644.106141458395
100,12,15020.960185905458
100,11,15206.897138576262
100,10,30767.351414291472
100,9,31200.975710944444
100,8,31637.634337248714
100,7,32210.96125551478
100,6,39059.68731643636
100,5,39590.80729404256
100,4,40197.152788951964
100,3,40654.13393290223
100,2,158809.93226543776
100,1,160813.82326629513
101,101,145.65775406705728
101,100,153.73778005095227
101,99,320.58327112917925
101,98,338.68092879228436
101,97,358.27315046320615
101,96,378.4162420206749
101,95,398.0571741835505
101,94,417.7636657206804
101,93,445.43698267209726
101,92,470.66299264007176
101,91,492.64279887286654
101,90,1158.4762853507866
101,89,510.46595115742423
101,88,453.40109343929794
101,87,469.8010971335444
101,86,572.2466240394492
101,85,596.4568537656614
101,84,622.4901197544795
101,83,649.0794462227685
101,82,674.8474920145253
101,81,700.5559590496073
101,80,657.6801031391022
101,79,677.5446107135527
101,78,925.4270526415153
101,77,952.3638983923388
101,76,981.420169033729
101,75,1010.9130522911842
101,74,1039.0578352271423
101,73,1078.251338038881
101,72,1129.2924480034585
101,71,1161.227884717632
101,70,1193.6086009051305
101,69,1224.4780993787765
101,68,1399.6889925483033
101,67,1430.7811435660274
101,66,1462.214845977653
101,65,1505.0794963897863
101,64,1658.0249257934413
101,63,1693.59387991309
101,62,1817.5877969353153
101,61,1856.225208664125
101,60,2331.6464496169374
101,59,2398.220536153627
101,58,2467.3331502212545
101,57,2541.5280724982695
101,56,2617.0587581138884
101,55,2689.2737249279503
101,54,2760.7366582284635
101,53,2861.9136691856634
101,52,2970.0526016709414
101,51,3047.404276470807
101,50,3130.39328487401
101,49,3214.4971705753665
101,48,3294.949000353794
101,47,3374.465969416996
101,46,3758.870869831593
101,45,3830.20659426718
101,44,3906.7843192675327
101,43,3984.119999350879
101,42,4057.55211380585
101,41,4158.927851036526
101,40,4338.873811665588
101,39,4421.361787922693
101,38,4504.626503227556
101,37,4583.652491316479
101,36,4912.262486245904
101,35,4986.459555589448
101,34,5061.212785860094
101,33,5162.406411772545
101,32,5759.468092068136
101,31,5844.002568103059
101,30,6075.928578336753
101,29,6164.456023805076
101,28,9732.720993398714
101,27,9905.15812907309
101,26,10090.66391661513
101,25,10277.860745561235
101,24,10454.986489090406
101,23,10700.07736312621
101,22,11238.03218968976
101,21,11438.58642955812
101,20,11640.835359314651
101,19,11832.498289467583
101,18,12372.152535989842
101,17,12536.38557686596
101,16,12701.657140603435
101,15,12920.70953018145
101,14,14845.61217707311
101,13,15037.560442546728
101,12,15419.790780360561
101,11,15608.598203721609
101,10,31452.748379511908
101,9,31891.323055090557
101,8,32332.934321891145
101,7,32912.715771548916
101,6,40107.56553471813
101,5,40647.30897538751
101,4,41251.51278948346
101,3,41715.72311167714
101,2,162738.0418785973
101,1,164770.97710023978
102,102,149.31287531380744
102,101,157.4279384129674
102,100,329.8125453162111
102,99,347.773768622946
102,98,366.6150860187065
102,97,386.9904330732153
102,96,407.9167721989288
102,95,428.3017063975096
102,94,448.7365608508253
102,93,477.40445807600804
102,92,503.76463163894084
102,91,526.5003270251868
102,90,1162.063659091979
102,89,463.3339980911074
102,88,478.5922866603058
102,87,579.1879035349099
102,86,608.7111448524679
102,85,633.6781901789277
102,84,660.508539538938
102,83,687.8951803482016
102,82,714.4206888073372
102,81,740.870789546747
102,80,692.9691301865281
102,79,713.3818029123813
102,78,971.7295863113314
102,77,999.3330789240434
102,76,1029.098139486249
102,75,1059.2999940194654
102,74,1088.1119255559129
102,73,1128.2198629597092
102,72,1181.436463466813
102,71,1214.1096219213896
102,70,1247.2284344765867
102,69,1278.792658174841
102,68,1457.7965827658663
102,67,1489.537467719704
102,66,1521.620191425123
102,65,1565.3591947402367
102,64,1727.494441254044
102,63,1763.8520861902318
102,62,1890.4903455228784
102,61,1929.9504981837283
102,60,2422.363385770582
102,59,2490.217102375758
102,58,2560.6396548106914
102,57,2636.2207691119115
102,56,2713.142163810575
102,55,2786.668318147992
102,54,2859.411729252161
102,53,2962.373893013296
102,52,3073.7225528041886
102,51,3152.420369859634
102,50,3236.83521104269
102,49,3322.36538973515
102,48,3404.1646414850497
102,47,3484.9977012240774
102,46,3875.5618664293643
102,45,3948.006259308981
102,44,4025.7629953760074
102,43,4104.27799940302
102,42,4178.819647672831
102,41,4281.711215587552
102,40,4468.197650810254
102,39,4551.939742046333
102,38,4636.459303586246
102,37,4716.6662420587345
102,36,5050.087713325388
102,35,5125.3501293780355
102,34,5201.169229951984
102,33,5303.794087808683
102,32,5932.266965037921
102,31,6018.213890859264
102,30,6253.804334830949
102,29,6343.778596124842
102,28,9981.875213222627
102,27,10156.523539223574
102,26,10344.387239023032
102,25,10533.94214610137
102,24,10713.279902849192
102,23,10961.40166294827
102,22,11518.158585628593
102,21,11721.288437586076
102,20,11926.113758375077
102,19,12120.199274586817
102,18,12666.57940630703
102,17,12832.832450898093
102,16,13000.12456572974
102,15,13221.836516876127
102,14,15244.731252339305
102,13,15439.6872887499
102,12,15827.363163819095
102,11,16019.08546241024
102,10,32146.499228794422
102,9,32590.03546542905
102,8,33036.610584247246
102,7,33622.861213115735
102,6,41181.19560253217
102,5,41729.729442120966
102,4,42331.05111284532
102,3,42802.625907366135
102,2,166750.4585716513
102,1,168812.9059930965
103,103,137.2065422111624
103,102,163.4365578175085
103,101,171.9314768072503
103,100,357.3887622313054
103,99,376.07816520739044
103,98,395.6635166875164
103,97,416.82238455449277
103,96,438.532367980539
103,95,459.66168221751786
103,94,480.8252707282345
103,93,510.488256752534
103,92,538.0078987473102
103,91,561.5002132916345
103,90,2008.5425868757748
103,89,487.256302176319
103,88,582.9671477310162
103,87,615.5843044414598
103,86,646.3205579545815
103,85,672.0451593290317
103,84,699.6733742226926
103,83,727.8581141389366
103,82,755.1418330070745
103,81,704.6909781584764
103,80,725.59029560133
103,79,823.784277716394
103,78,1019.1868042003829
103,77,1047.4576202186674
103,76,1077.93219181921
103,75,1108.8437407899874
103,74,1138.3235031263137
103,73,1179.3468128579805
103,72,1234.8148459115084
103,71,1268.2272858910235
103,70,1302.0857594664728
103,69,1334.3461848207444
103,68,1517.1512651623611
103,67,1549.5422842713767
103,66,1582.2754332236634
103,65,1626.890685745626
103,64,1798.7329484864267
103,63,1835.886514437677
103,62,1965.1908271382792
103,61,2005.481343527827
103,60,2514.8322688407725
103,59,2583.966182854631
103,58,2655.69925615238
103,57,2732.6671807731227
103,56,2810.979906818953
103,55,2885.8178371542276
103,54,2959.842302431496
103,53,3064.5904252962478
103,52,3179.2287552397656
103,51,3259.2741708046196
103,50,3345.116391783868
103,49,3432.074415665294
103,48,3515.222560048822
103,47,3597.37315095602
103,46,3994.1033752030953
103,45,4067.657668713517
103,44,4146.594729294209
103,43,4226.290374234564
103,42,4301.942798249205
103,41,4406.351898090957
103,40,4599.595784925705
103,39,4684.595254450925
103,38,4770.372935151675
103,37,4851.76391123113
103,36,5190.009507202916
103,35,5266.340085749448
103,34,5343.2278792964535
103,33,5447.287767969537
103,32,6108.799237147502
103,31,6196.176017048291
103,30,6435.470212856393
103,29,6526.909235985903
103,28,10234.292825449114
103,27,10411.154322059905
103,26,10601.378051205531
103,25,10793.293159229399
103,24,10974.844925582123
103,23,11226.000315135763
103,22,11802.158781496926
103,21,12007.87173860941
103,20,12215.280964131276
103,19,12411.796148275365
103,18,12964.921911483227
103,17,13133.200914496269
103,16,13302.519547916605
103,15,13526.898932384393
103,14,15652.76701834922
103,13,15850.778635705916
103,12,16243.973695056291
103,11,16438.6574136239
103,10,32848.643633453044
103,9,33297.15280596027
103,8,33748.70318139919
103,7,34341.43788939226
103,6,42281.6089055124
103,5,42839.10861789572
103,4,43435.69167692425
103,3,43914.76136321951
103,2,170845.06314713418
103,1,172937.45103753582
104,104,204.33484046748
104,103,214.73738317007806
104,102,178.24186478983623
104,101,187.11880467836866
104,100,386.07943161830303
104,99,405.49738386060153
104,98,425.827148155166
104,97,447.7699368505073
104,96,470.2639658724152
104,95,492.1380424627639
104,94,514.0307403725092
104,93,544.6893294230429
104,92,573.3946547832265
104,91,1219.8668768607022
104,78,1067.8007354566237
104,77,1096.7395597862933
104,76,1127.9243724189214
104,75,1159.5463478525764
104,74,1189.694631515164
104,73,1231.634262702482
104,72,1289.43226652829
104,71,1323.5855726955253
104,70,1358.1852968427347
104,69,3890.099217579538
104,46,4114.4990776558425
104,45,4189.16451683265
104,44,4269.283229012894
104,43,4350.160845452875
104,42,4426.92529992951
104,41,4532.853650373938
104,40,4733.078315809022
104,39,4819.33847604715
104,38,4906.377597997441
104,37,4988.9557451939445
104,36,5332.0383030104085
104,35,5409.439901673831
104,34,5487.399252737195
104,33,5592.89802734904
104,32,6289.168102328301
104,31,6377.992941111306
104,30,6621.032488466099
104,29,6713.955051096175
104,28,10489.97903099088
104,27,10669.05569507027
104,26,10861.641588264287
104,25,11055.919037597874
104,24,11239.686826347546
104,23,11493.878611135067
104,22,12090.054182807793
104,21,12298.357848010508
104,20,12508.358601923259
104,19,12707.310639316718
104,18,13267.202067748389
104,17,13437.513070292676
104,16,13608.864276255346
104,15,13835.91907965082
104,14,16070.028342660815
104,13,16271.145683497789
104,12,16669.938718005906
104,11,16867.632688746296
104,10,33559.218905744165
104,9,34012.71254181297
104,8,34469.24973146023
104,7,35068.48361793229
104,6,43409.91042708158
104,5,43976.560643169396
104,4,44567.4006387761
104,2,175029.6561172836
104,1,177152.49488781806
105,105,211.54793063476663
105,104,173.3886323976668
105,103,182.57227566354078
105,102,241.70075130256527
105,101,253.00764501238604
105,100,415.8855225056721
105,99,436.0323997224438
105,98,457.10696183111753
105,97,479.8340780005162
105,96,503.1125605728077
105,95,525.7317881829193
105,94,548.3539770758363
105,93,580.0086919431765
105,92,609.9268454852041
105,91,1294.143274589366
105,78,1117.5735408494786
105,77,1147.1810694942606
105,76,1179.0768649772558
105,75,1211.4100107524791
105,74,1242.227517445399
105,73,1285.0844345740525
105,72,1345.2936081312225
105,71,1380.189393457874
105,70,1415.531986100196
105,69,4044.6268769693543
105,46,4236.75309196571
105,45,4312.53094176415
105,44,4393.83265385625
105,43,4475.893593658396
105,42,4553.771353371679
105,41,4661.220700559851
105,40,4868.655970141904
105,39,4956.180191191858
105,38,5044.484134278504
105,37,5128.252640578069
105,36,5476.185220140622
105,35,5554.66074604353
105,34,5633.694568754176
105,33,5740.636151112611
105,32,6473.484349019929
105,31,6563.776318137986
105,30,6810.605248327533
105,29,6905.031027789099
105,28,10748.940085736102
105,27,10930.233947715542
105,26,11125.184175553968
105,25,11321.826142554148
105,24,11507.812000343536
105,23,11765.042992663817
105,22,12381.867697930786
105,21,12592.769804622056
105,20,12805.369841294925
105,19,13006.766040352839
105,18,13573.443510467025
105,17,13745.792656858122
105,16,13919.18259267798
105,15,14148.920936850367
105,14,16496.847797689694
105,13,16701.123531931673
105,12,17105.598759112185
105,11,17306.35429053657
105,10,34278.26612362906
105,9,34736.75594795754
105,8,35198.291706810596
105,7,35804.04012885641
105,6,44567.29340642597
105,5,45143.28869196189
105,4,45726.08330415226
105,2,179301.90510780906
105,1,181455.66243905496
106,106,218.89383429392393
106,105,178.50821055459755
106,104,188.0477920655686
106,103,249.56085655244505
106,102,261.7881695490442
106,101,273.55494379113594
106,100,446.80800770777483
106,99,467.68419102731815
106,98,489.50394149315304
106,97,513.0157976256888
106,96,537.0791475531627
106,95,560.4439204120987
106,94,583.7959873232983
106,93,616.4473582496427
106,92,647.6064316578568
106,91,1370.6348654891242
106,78,1168.5073788899012
106,77,1198.784317917824
106,76,1231.3918487784072
106,75,1264.4369194942212
106,74,1295.9243610173821
106,73,1339.6995424234603
106,72,1402.4038071943296
106,71,1438.043712029619
106,70,1474.1308185141452
106,69,4202.184997947813
106,46,4360.869442644495
106,45,4437.760985157852
106,44,4520.247063713801
106,43,4603.492696999888
106,42,4682.485053916585
106,41,4791.457167498229
106,40,5006.339506703083
106,39,5095.131213812501
106,38,5184.703413165219
106,37,5269.6655186001835
106,36,5622.461392424788
106,35,5702.0137998887785
106,34,5782.1250556440755
106,33,5890.513431094989
106,32,6661.866366776308
106,31,6753.645466504866
106,30,7004.310783241143
106,29,7100.260425864634
106,28,11011.181930527602
106,27,11194.695047567122
106,26,11392.011809176074
106,25,11591.020498760672
106,24,11779.226499050585
106,23,12039.49954798955
106,22,12677.622216530282
106,21,12891.130622380744
106,20,13106.33782064081
106,19,13310.18560694094
106,18,13883.669821160242
106,17,14058.063353806669
106,16,14233.4982750081
106,15,14465.928411212448
106,14,16933.582262531196
106,13,17141.071779537568
106,12,17551.320414800575
106,11,17755.191492825736
106,10,35005.82582806511
106,9,35469.323747300434
106,8,35935.87001259153
106,7,36548.148565107
106,6,45755.04410450894
106,5,46340.58976071552
106,4,46912.24505234438
106,2,183662.40159612766
106,1,185847.53885164374
107,107,222.87263963875535
107,106,183.72606788602732
107,105,193.62948643703268
107,104,257.55534890992527
107,103,269.9796333366273
107,102,282.696569928861
107,101,294.9240529471973
107,100,478.84784046243334
107,99,500.45371480616444
107,98,523.0190480155821
107,97,547.3160606123824
107,96,572.1646956763055
107,95,596.2754117568461
107,94,620.3577473548373
107,93,654.0063094933149
107,92,686.4353574275023
107,91,1449.3435650969084
107,78,1220.604352189557
107,77,1251.5514154504194
107,76,1284.8714424662473
107,75,1318.6292009502629
107,74,1350.7872968248719
107,73,1395.4817313933256
107,72,1460.7677932232236
107,71,1497.153482944857
107,70,1533.986773660841
107,69,4362.774722938981
107,46,4486.851874828806
107,45,4564.8584034726155
107,44,4648.530227044883
107,43,4732.961935898973
107,42,4813.070193202486
107,41,4923.566858092249
107,40,5146.139513753106
107,39,5236.2021814131695
107,38,5327.04612144325
107,37,5413.2051124339105
107,36,5770.877742117066
107,35,5851.510027347903
107,34,5932.701719456612
107,33,6042.540929634204
107,32,6854.440728718614
107,31,6947.72795448631
107,30,7202.27965418944
107,29,7299.774841434175
107,28,11276.709730777855
107,27,11462.444172740412
107,26,11662.129680695369
107,25,11863.50731113299
107,24,12053.935539817636
107,23,12317.253511355384
107,22,12977.34010885805
107,21,13193.462781625787
107,20,13411.285130451222
107,19,13617.592033174273
107,18,14197.90398169666
107,17,14374.34822947537
107,16,14551.83447809309
107,15,14786.964771482239
107,14,17380.61505911346
107,13,17591.376675681975
107,12,18007.49681352413
107,11,18214.540297654123
107,10,35741.93663104362
107,9,36210.45470122772
107,8,36682.02355964624
107,7,37300.84803229861
107,6,46974.55102674304
107,5,47569.86396896183
107,4,48129.341485786135
107,2,188125.4819317206
107,1,190342.61638512128
108,108,226.90949339595818
108,107,189.04434124005934
108,106,251.6723769977082
108,105,209.88273757314477
108,104,278.30647161296145
108,103,291.2210386943274
108,102,304.4284932759028
108,101,317.11752893303037
108,100,512.0060682528682
108,99,534.3420259435308
108,98,557.6533438962334
108,97,582.7359375312257
108,96,608.3702836438524
108,95,633.2273486950352
108,94,658.0403513108354
108,93,692.6866503571212
108,92,726.4157128788954
108,91,1530.2715616876994
108,78,1273.8667988470736
108,77,1305.4847131623635
108,76,1339.5180109496973
108,75,1373.9892339199662
108,74,1406.8187167823583
108,73,1452.433411443916
108,72,1520.3908317906396
108,71,1557.5240030626335
108,70,1595.1051797737794
108,69,4526.397943701413
108,46,4614.70493411959
108,45,4693.827766731623
108,44,4778.686739924859
108,43,4864.305932572968
108,42,4945.531418117216
108,41,5057.554453052647
108,40,5288.067617928118
108,39,5379.4047852346375
108,38,5471.524015125579
108,37,5558.883239168598
108,36,5921.446336330328
108,35,6003.1615511496375
108,34,6085.436738656379
108,33,6196.730900181513
108,32,7051.344573206938
108,31,7146.162009978894
108,30,7404.653675314204
108,29,7503.717225942457
108,28,11545.530611536335
108,27,11733.488492301161
108,26,11935.545006293385
108,25,12139.293843156223
108,24,12331.946430670901
108,23,12598.312252080668
108,22,13281.046269842578
108,21,13499.791324106818
108,20,13720.236959641508
108,19,13929.010646621733
108,18,14516.17170597669
108,17,14694.673114188929
108,16,14874.217148896072
108,15,15112.056118426732
108,14,17838.362577361957
108,13,18052.457814587422
108,12,18474.556041919303
108,11,18684.8319474615
108,10,36486.643714502316
108,9,36960.19422043232
108,8,37436.797987994454
108,7,38062.18447002133
108,6,48227.32621535281
108,5,48832.63607666613
108,4,49374.8728069655
108,2,192677.4363646205
108,1,194927.00792735378
109,105,430.0572812722603
109,102,326.98648025750987
109,101,340.1379258373197
109,100,546.2836594442833
109,99,569.3500959150018
109,98,593.4078037420883
109,97,619.2764062357778
109,96,645.6968925041301
109,95,671.3007152612593
109,94,696.8447861036972
109,93,732.4893716101573
109,92,767.5494875766759
109,91,1613.4207893369962
109,78,1328.2968522076712
109,77,1360.5863513239644
109,76,1395.3337018267007
109,75,1430.5191732944938
109,74,1464.0207826108608
109,73,1510.5567536055314
109,72,1581.278010233963
109,71,1619.1603843456319
109,70,1657.4911734435675
109,69,4693.055696604739
109,46,4744.432340579985
109,45,4824.672804129313
109,44,4910.720341198103
109,43,4997.528435456171
109,42,5079.872486060395
109,41,5193.423721937961
109,40,5432.13467296101
109,39,5524.749927103333
109,38,5618.148044151612
109,37,5706.71089401549
109,36,6074.178354645809
109,35,6156.9795916810635
109,34,6240.341374450214
109,33,6353.094658746183
109,32,7252.7245290547235
109,31,7349.095425848343
109,30,7611.584636853082
109,29,7712.240586316247
109,28,11817.64954272037
109,27,12007.832983482625
109,26,12212.262770861033
109,25,12418.385087231267
109,24,12613.264170921397
109,23,12882.680778733142
109,22,13588.763559932362
109,21,13810.139217553171
109,20,14033.216383245122
109,19,14244.46462320675
109,18,14838.496449984934
109,17,15019.061548031397
109,16,15200.669911617812
109,15,15441.226186957272
109,14,18307.272603264195
109,13,18524.766429489606
109,12,18952.9589496534
109,11,19166.530691139204
109,10,37239.986085241246
109,9,37718.58145214916
109,8,38200.23258529137
109,7,38832.197348815214
109,6,49515.00600871104
109,5,50130.55620042521
109,4,50653.90406706446
109,2,197339.62207925032
109,1,199622.3054948372
110,105,462.5541030051392
110,102,350.37318283865164
110,101,363.9879115525305
110,100,581.6816953983478
110,99,605.4790134284888
110,98,630.2835238132355
110,97,656.9385709893276
110,96,684.1456345763951
110,95,710.4966314747827
110,94,736.7721793358392
110,93,773.4156112814932
110,92,809.8388418694046
110,91,1698.7935063815416
110,78,1383.8969199552657
110,77,1416.8587505191322
110,76,1452.3209494396176
110,75,1488.2214672224295
110,74,1522.395955491147
110,73,1569.8542369852255
110,72,1643.434799007504
110,71,1682.0681290329167
110,70,1721.1502887796362
110,69,4862.749899655078
110,46,4876.038737718326
110,45,4957.398183223288
110,44,5044.63572407102
110,43,5132.6341634864875
110,42,5216.0981402479365
110,41,5331.179441240826
110,40,5578.3527129218855
110,39,5672.2497066008555
110,38,5766.930373778277
110,37,5856.7003041539165
110,36,6229.086277674333
110,35,6312.976685915014
110,34,6397.428220290274
110,33,6511.644874760553
110,32,7458.740290352382
110,31,7556.689177339303
110,30,7823.238119084355
110,29,7925.511844237307
110,28,12093.073749200588
110,27,12285.484914018052
110,26,12492.29028800156
110,25,12700.78840300296
110,24,12897.896163556616
110,23,13170.366553928376
110,22,13900.517703442201
110,21,14124.532335089802
110,20,14350.24942353333
110,19,14563.980125708258
110,18,15164.904767937789
110,17,15347.540203165021
110,16,15531.219556575428
110,15,15774.501923182557
110,14,18787.834123977816
110,13,19008.79530086122
110,12,19443.209508695116
110,11,19660.144246875945
110,10,38002.01022473367
110,9,38485.66310796972
110,8,38972.374293799796
110,7,39610.933912237044
110,6,50839.38200430378
110,5,51465.43110767181
110,4,51963.71372819367
110,2,202097.43016698316
110,1,204413.71418293784
