Z,N,config_N,removed,n,l,k,j,rel_class,rearranged,Za,sigma1,nu_same,nu_in,nu_core,nu_df,nu_out,nuc_same_s,nuc_same_p,nuc_same_d,nuc_same_f,nuc_sn_in_p,nuc_n1_sp_sp,nuc_n1_sp_d,nuc_n1_sp_f,nuc_n2_sp_sp,nuc_n2_sp_df,nuc_d_near,nuc_n1_d_d,nuc_n1_d_f,nuc_f_near,nuc_n1_f_f,nuc_sn_out,nuc_out_sp,nuc_out_d,nuc_out_f,nuc_core_sp,nuc_core_df,K,mu,qedfns_eV
1,1,1s1,1s,1,0,1,0.5,s,0,1,0.0,0,0,0,0,0,0,0,0,0,0,0,0,0,0,0,0,0,0,0,0,0,0,0,0,0,0,0.0,0.999455679432635,3.384006169685132e-05
2,2,1s2,1s,1,0,2,0.5,s,0,1,0.625,1,0,0,0,0,1,0,0,0,0,0,0,0,0,0,0,0,0,0,0,0,0,0,0,0,0,0.0,0.9998629254451497,0.0004454510105914401
2,1,1s1,1s,1,0,1,0.5,s,0,2,0.0,0,0,0,0,0,0,0,0,0,0,0,0,0,0,0,0,0,0,0,0,0,0,0,0,0,0,0.0,0.9998629254451497,0.0004454510105914401
3,3,1s2.2s1,2s,2,0,1,0.5,s,0,1,1.5912208504801093,0,2,0,0,0,0,0,0,0,0,2,0,0,0,0,0,0,0,0,0,0,0,0,0,0,0,0.0,0.9999217979587703,0.0002551509405692118
3,2,1s2,1s,1,0,2,0.5,s,0,2,0.625,1,0,0,0,0,1,0,0,0,0,0,0,0,0,0,0,0,0,0,0,0,0,0,0,0,0,0.0,0.9999217979587703,0.001978178006488224
3,1,1s1,1s,1,0,1,0.5,s,0,3,0.0,0,0,0,0,0,0,0,0,0,0,0,0,0,0,0,0,0,0,0,0,0,0,0,0,0,0,0.0,0.9999217979587703,0.001978178006488224
4,4,1s2.2s2,2s,2,0,2,0.5,s,0,1,2.145875983124917,1,2,0,0,0,1,0,0,0,0,2,0,0,0,0,0,0,0,0,0,0,0,0,0,0,0,0.0,0.9999391179777914,0.0007301221228643845
4,3,1s2.2s1,2s,2,0,1,0.5,s,0,2,1.5912208504801093,0,2,0,0,0,0,0,0,0,0,2,0,0,0,0,0,0,0,0,0,0,0,0,0,0,0,0.0,0.9999391179777914,0.0007301221228643845
4,2,1s2,1s,1,0,2,0.5,s,0,3,0.625,1,0,0,0,0,1,0,0,0,0,0,0,0,0,0,0,0,0,0,0,0,0,0,0,0,0,0.0,0.9999391179777914,0.005641046810461667
4,1,1s1,1s,1,0,1,0.5,s,0,4,0.0,0,0,0,0,0,0,0,0,0,0,0,0,0,0,0,0,0,0,0,0,0,0,0,0,0,0,0.0,0.9999391179777914,0.005641046810461667
5,5,1s2.2s2.2p1,2p,2,1,1,0.5,p1,0,1,3.0730091792350134,0,4,0,0,0,0,0,0,0,2,2,0,0,0,0,0,0,0,0,0,0,0,0,0,0,0,0.0,0.9999501613277819,0.0
5,4,1s2.2s2,2s,2,0,2,0.5,s,0,2,2.145875983124917,1,2,0,0,0,1,0,0,0,0,2,0,0,0,0,0,0,0,0,0,0,0,0,0,0,0,0.0,0.9999501613277819,0.0016406544097975616
5,3,1s2.2s1,2s,2,0,1,0.5,s,0,3,1.5912208504801093,0,2,0,0,0,0,0,0,0,0,2,0,0,0,0,0,0,0,0,0,0,0,0,0,0,0,0.0,0.9999501613277819,0.0016406544097975616
5,2,1s2,1s,1,0,2,0.5,s,0,4,0.625,1,0,0,0,0,1,0,0,0,0,0,0,0,0,0,0,0,0,0,0,0,0,0,0,0,0,0.0,0.9999501613277819,0.01263508152845431
5,1,1s1,1s,1,0,1,0.5,s,0,5,0.0,0,0,0,0,0,0,0,0,0,0,0,0,0,0,0,0,0,0,0,0,0,0,0,0,0,0,0.0,0.9999501613277819,0.01263508152845431
6,6,1s2.2s2.2p2,2p,2,1,2,0.5,p1,0,1,3.7253535771907345,1,4,0,0,0,0,1,0,0,2,2,0,0,0,0,0,0,0,0,0,0,0,0,0,0,0,0.6,0.9999542745520507,0.0
6,5,1s2.2s2.2p1,2p,2,1,1,0.5,p1,0,2,3.0730091792350134,0,4,0,0,0,0,0,0,0,2,2,0,0,0,0,0,0,0,0,0,0,0,0,0,0,0,0.0,0.9999542745520507,0.0
6,4,1s2.2s2,2s,2,0,2,0.5,s,0,3,2.145875983124917,1,2,0,0,0,1,0,0,0,0,2,0,0,0,0,0,0,0,0,0,0,0,0,0,0,0,0.0,0.9999542745520507,0.0031674069769001166
6,3,1s2.2s1,2s,2,0,1,0.5,s,0,4,1.5912208504801093,0,2,0,0,0,0,0,0,0,0,2,0,0,0,0,0,0,0,0,0,0,0,0,0,0,0,0.0,0.9999542745520507,0.0031674069769001166
6,2,1s2,1s,1,0,2,0.5,s,0,5,0.625,1,0,0,0,0,1,0,0,0,0,0,0,0,0,0,0,0,0,0,0,0,0,0,0,0,0,0.0,0.9999542745520507,0.024318101916483512
6,1,1s1,1s,1,0,1,0.5,s,0,6,0.0,0,0,0,0,0,0,0,0,0,0,0,0,0,0,0,0,0,0,0,0,0,0,0,0,0,0,0.0,0.9999542745520507,0.024318101916483512
7,7,1s2.2s2.2p3,2p,2,1,3,1.5,p3,0,1,4.378670782625834,2,4,0,0,0,0,2,0,0,2,2,0,0,0,0,0,0,0,0,0,0,0,0,0,0,0,1.2,0.9999608151237949,0.0
7,6,1s2.2s2.2p2,2p,2,1,2,0.5,p1,0,2,3.7253535771907345,1,4,0,0,0,0,1,0,0,2,2,0,0,0,0,0,0,0,0,0,0,0,0,0,0,0,0.6,0.9999608151237949,0.0
7,5,1s2.2s2.2p1,2p,2,1,1,0.5,p1,0,3,3.0730091792350134,0,4,0,0,0,0,0,0,0,2,2,0,0,0,0,0,0,0,0,0,0,0,0,0,0,0,0.0,0.9999608151237949,0.0
7,4,1s2.2s2,2s,2,0,2,0.5,s,0,4,2.145875983124917,1,2,0,0,0,1,0,0,0,0,2,0,0,0,0,0,0,0,0,0,0,0,0,0,0,0,0.0,0.9999608151237949,0.005508192027600438
7,3,1s2.2s1,2s,2,0,1,0.5,s,0,5,1.5912208504801093,0,2,0,0,0,0,0,0,0,0,2,0,0,0,0,0,0,0,0,0,0,0,0,0,0,0,0.0,0.9999608151237949,0.005508192027600438
7,2,1s2,1s,1,0,2,0.5,s,0,6,0.625,1,0,0,0,0,1,0,0,0,0,0,0,0,0,0,0,0,0,0,0,0,0,0,0,0,0,0.0,0.9999608151237949,0.042164058452619196
7,1,1s1,1s,1,0,1,0.5,s,0,7,0.0,0,0,0,0,0,0,0,0,0,0,0,0,0,0,0,0,0,0,0,0,0,0,0,0,0,0,0.0,0.9999608151237949,0.042164058452619196
8,8,1s2.2s2.2p4,2p,2,1,4,1.5,p3,0,1,5.233479557232133,3,4,0,0,0,0,3,0,0,2,2,0,0,0,0,0,0,0,0,0,0,0,0,0,0,0,-1.2,0.999965694623833,0.0
8,7,1s2.2s2.2p3,2p,2,1,3,1.5,p3,0,2,4.378670782625834,2,4,0,0,0,0,2,0,0,2,2,0,0,0,0,0,0,0,0,0,0,0,0,0,0,0,1.2,0.999965694623833,0.0
8,6,1s2.2s2.2p2,2p,2,1,2,0.5,p1,0,3,3.7253535771907345,1,4,0,0,0,0,1,0,0,2,2,0,0,0,0,0,0,0,0,0,0,0,0,0,0,0,0.6,0.999965694623833,0.0
8,5,1s2.2s2.2p1,2p,2,1,1,0.5,p1,0,4,3.0730091792350134,0,4,0,0,0,0,0,0,0,2,2,0,0,0,0,0,0,0,0,0,0,0,0,0,0,0,0.0,0.999965694623833,0.0
8,4,1s2.2s2,2s,2,0,2,0.5,s,0,5,2.145875983124917,1,2,0,0,0,1,0,0,0,0,2,0,0,0,0,0,0,0,0,0,0,0,0,0,0,0,0.0,0.999965694623833,0.008876749091909697
8,3,1s2.2s1,2s,2,0,1,0.5,s,0,6,1.5912208504801093,0,2,0,0,0,0,0,0,0,0,2,0,0,0,0,0,0,0,0,0,0,0,0,0,0,0,0.0,0.999965694623833,0.008876749091909697
8,2,1s2,1s,1,0,2,0.5,s,0,7,0.625,1,0,0,0,0,1,0,0,0,0,0,0,0,0,0,0,0,0,0,0,0,0,0,0,0,0,0.0,0.999965694623833,0.06775251361253845
8,1,1s1,1s,1,0,1,0.5,s,0,8,0.0,0,0,0,0,0,0,0,0,0,0,0,0,0,0,0,0,0,0,0,0,0,0,0,0,0,0,0.0,0.999965694623833,0.06775251361253845
9,9,1s2.2s2.2p5,2p,2,1,5,1.5,p3,0,1,5.88972955723213,4,4,0,0,0,0,4,0,0,2,2,0,0,0,0,0,0,0,0,0,0,0,0,0,0,0,-0.6000000000000001,0.9999711182827624,0.0
9,8,1s2.2s2.2p4,2p,2,1,4,1.5,p3,0,2,5.233479557232133,3,4,0,0,0,0,3,0,0,2,2,0,0,0,0,0,0,0,0,0,0,0,0,0,0,0,-1.2,0.9999711182827624,0.0
9,7,1s2.2s2.2p3,2p,2,1,3,1.5,p3,0,3,4.378670782625834,2,4,0,0,0,0,2,0,0,2,2,0,0,0,0,0,0,0,0,0,0,0,0,0,0,0,1.2,0.9999711182827624,0.0
9,6,1s2.2s2.2p2,2p,2,1,2,0.5,p1,0,4,3.7253535771907345,1,4,0,0,0,0,1,0,0,2,2,0,0,0,0,0,0,0,0,0,0,0,0,0,0,0,0.6,0.9999711182827624,0.0
9,5,1s2.2s2.2p1,2p,2,1,1,0.5,p1,0,5,3.0730091792350134,0,4,0,0,0,0,0,0,0,2,2,0,0,0,0,0,0,0,0,0,0,0,0,0,0,0,0.0,0.9999711182827624,0.0
9,4,1s2.2s2,2s,2,0,2,0.5,s,0,6,2.145875983124917,1,2,0,0,0,1,0,0,0,0,2,0,0,0,0,0,0,0,0,0,0,0,0,0,0,0,0.0,0.9999711182827624,0.013501143186262476
9,3,1s2.2s1,2s,2,0,1,0.5,s,0,7,1.5912208504801093,0,2,0,0,0,0,0,0,0,0,2,0,0,0,0,0,0,0,0,0,0,0,0,0,0,0,0.0,0.9999711182827624,0.013501143186262476
9,2,1s2,1s,1,0,2,0.5,s,0,8,0.625,1,0,0,0,0,1,0,0,0,0,0,0,0,0,0,0,0,0,0,0,0,0,0,0,0,0,0.0,0.9999711182827624,0.10275454939790027
9,1,1s1,1s,1,0,1,0.5,s,0,9,0.0,0,0,0,0,0,0,0,0,0,0,0,0,0,0,0,0,0,0,0,0,0,0,0,0,0,0,0.0,0.9999711182827624,0.10275454939790027
10,10,1s2.2s2.2p6,2p,2,1,6,1.5,p3,0,1,6.545979557232126,5,4,0,0,0,0,5,0,0,2,2,0,0,0,0,0,0,0,0,0,0,0,0,0,0,0,0.0,0.9999725538630437,0.0
10,9,1s2.2s2.2p5,2p,2,1,5,1.5,p3,0,2,5.88972955723213,4,4,0,0,0,0,4,0,0,2,2,0,0,0,0,0,0,0,0,0,0,0,0,0,0,0,-0.6000000000000001,0.9999725538630437,0.0
10,8,1s2.2s2.2p4,2p,2,1,4,1.5,p3,0,3,5.233479557232133,3,4,0,0,0,0,3,0,0,2,2,0,0,0,0,0,0,0,0,0,0,0,0,0,0,0,-1.2,0.9999725538630437,0.0
10,7,1s2.2s2.2p3,2p,2,1,3,1.5,p3,0,4,4.378670782625834,2,4,0,0,0,0,2,0,0,2,2,0,0,0,0,0,0,0,0,0,0,0,0,0,0,0,1.2,0.9999725538630437,0.0
10,6,1s2.2s2.2p2,2p,2,1,2,0.5,p1,0,5,3.7253535771907345,1,4,0,0,0,0,1,0,0,2,2,0,0,0,0,0,0,0,0,0,0,0,0,0,0,0,0.6,0.9999725538630437,0.0
10,5,1s2.2s2.2p1,2p,2,1,1,0.5,p1,0,6,3.0730091792350134,0,4,0,0,0,0,0,0,0,2,2,0,0,0,0,0,0,0,0,0,0,0,0,0,0,0,0.0,0.9999725538630437,0.0
10,4,1s2.2s2,2s,2,0,2,0.5,s,0,7,2.145875983124917,1,2,0,0,0,1,0,0,0,0,2,0,0,0,0,0,0,0,0,0,0,0,0,0,0,0,0.0,0.9999725538630437,0.01961553649186544
10,3,1s2.2s1,2s,2,0,1,0.5,s,0,8,1.5912208504801093,0,2,0,0,0,0,0,0,0,0,2,0,0,0,0,0,0,0,0,0,0,0,0,0,0,0,0.0,0.9999725538630437,0.01961553649186544
10,2,1s2,1s,1,0,2,0.5,s,0,9,0.625,1,0,0,0,0,1,0,0,0,0,0,0,0,0,0,0,0,0,0,0,0,0,0,0,0,0,0.0,0.9999725538630437,0.14886673204280806
10,1,1s1,1s,1,0,1,0.5,s,0,10,0.0,0,0,0,0,0,0,0,0,0,0,0,0,0,0,0,0,0,0,0,0,0,0,0,0,0,0,0.0,0.9999725538630437,0.14886673204280806
11,11,1s2.2s2.2p6.3s1,3s,3,0,1,0.5,s,0,1,7.7856408855844075,0,8,2,0,0,0,0,0,0,0,8,0,0,2,0,0,0,0,0,0,0,0,0,0,0,0,0.0,0.9999761323983598,0.0
11,10,1s2.2s2.2p6,2p,2,1,6,1.5,p3,0,2,6.545979557232126,5,4,0,0,0,0,5,0,0,2,2,0,0,0,0,0,0,0,0,0,0,0,0,0,0,0,0.0,0.9999761323983598,0.0
11,9,1s2.2s2.2p5,2p,2,1,5,1.5,p3,0,3,5.88972955723213,4,4,0,0,0,0,4,0,0,2,2,0,0,0,0,0,0,0,0,0,0,0,0,0,0,0,-0.6000000000000001,0.9999761323983598,0.0
11,8,1s2.2s2.2p4,2p,2,1,4,1.5,p3,0,4,5.233479557232133,3,4,0,0,0,0,3,0,0,2,2,0,0,0,0,0,0,0,0,0,0,0,0,0,0,0,-1.2,0.9999761323983598,0.0
11,7,1s2.2s2.2p3,2p,2,1,3,1.5,p3,0,5,4.378670782625834,2,4,0,0,0,0,2,0,0,2,2,0,0,0,0,0,0,0,0,0,0,0,0,0,0,0,1.2,0.9999761323983598,0.0
11,6,1s2.2s2.2p2,2p,2,1,2,0.5,p1,0,6,3.7253535771907345,1,4,0,0,0,0,1,0,0,2,2,0,0,0,0,0,0,0,0,0,0,0,0,0,0,0,0.6,0.9999761323983598,0.0
11,5,1s2.2s2.2p1,2p,2,1,1,0.5,p1,0,7,3.0730091792350134,0,4,0,0,0,0,0,0,0,2,2,0,0,0,0,0,0,0,0,0,0,0,0,0,0,0,0.0,0.9999761323983598,0.0
11,4,1s2.2s2,2s,2,0,2,0.5,s,0,8,2.145875983124917,1,2,0,0,0,1,0,0,0,0,2,0,0,0,0,0,0,0,0,0,0,0,0,0,0,0,0.0,0.9999761323983598,0.027461151725035483
11,3,1s2.2s1,2s,2,0,1,0.5,s,0,9,1.5912208504801093,0,2,0,0,0,0,0,0,0,0,2,0,0,0,0,0,0,0,0,0,0,0,0,0,0,0,0.0,0.9999761323983598,0.027461151725035483
11,2,1s2,1s,1,0,2,0.5,s,0,10,0.625,1,0,0,0,0,1,0,0,0,0,0,0,0,0,0,0,0,0,0,0,0,0,0,0,0,0,0.0,0.9999761323983598,0.20781746835973672
11,1,1s1,1s,1,0,1,0.5,s,0,11,0.0,0,0,0,0,0,0,0,0,0,0,0,0,0,0,0,0,0,0,0,0,0,0,0,0,0,0,0.0,0.9999761323983598,0.20781746835973672
12,12,1s2.2s2.2p6.3s2,3s,3,0,2,0.5,s,0,1,8.35113401342552,1,8,2,0,0,1,0,0,0,0,8,0,0,2,0,0,0,0,0,0,0,0,0,0,0,0,0.0,0.9999771225157912,0.0
12,11,1s2.2s2.2p6.3s1,3s,3,0,1,0.5,s,0,2,7.7856408855844075,0,8,2,0,0,0,0,0,0,0,8,0,0,2,0,0,0,0,0,0,0,0,0,0,0,0,0.0,0.9999771225157912,0.0
12,10,1s2.2s2.2p6,2p,2,1,6,1.5,p3,0,3,6.545979557232126,5,4,0,0,0,0,5,0,0,2,2,0,0,0,0,0,0,0,0,0,0,0,0,0,0,0,0.0,0.9999771225157912,0.0
12,9,1s2.2s2.2p5,2p,2,1,5,1.5,p3,0,4,5.88972955723213,4,4,0,0,0,0,4,0,0,2,2,0,0,0,0,0,0,0,0,0,0,0,0,0,0,0,-0.6000000000000001,0.9999771225157912,0.0
12,8,1s2.2s2.2p4,2p,2,1,4,1.5,p3,0,5,5.233479557232133,3,4,0,0,0,0,3,0,0,2,2,0,0,0,0,0,0,0,0,0,0,0,0,0,0,0,-1.2,0.9999771225157912,0.0
12,7,1s2.2s2.2p3,2p,2,1,3,1.5,p3,0,6,4.378670782625834,2,4,0,0,0,0,2,0,0,2,2,0,0,0,0,0,0,0,0,0,0,0,0,0,0,0,1.2,0.9999771225157912,0.0
12,6,1s2.2s2.2p2,2p,2,1,2,0.5,p1,0,7,3.7253535771907345,1,4,0,0,0,0,1,0,0,2,2,0,0,0,0,0,0,0,0,0,0,0,0,0,0,0,0.6,0.9999771225157912,0.0
12,5,1s2.2s2.2p1,2p,2,1,1,0.5,p1,0,8,3.0730091792350134,0,4,0,0,0,0,0,0,0,2,2,0,0,0,0,0,0,0,0,0,0,0,0,0,0,0,0.0,0.9999771225157912,0.0
12,4,1s2.2s2,2s,2,0,2,0.5,s,0,9,2.145875983124917,1,2,0,0,0,1,0,0,0,0,2,0,0,0,0,0,0,0,0,0,0,0,0,0,0,0,0.0,0.9999771225157912,0.03730547949080243
12,3,1s2.2s1,2s,2,0,1,0.5,s,0,10,1.5912208504801093,0,2,0,0,0,0,0,0,0,0,2,0,0,0,0,0,0,0,0,0,0,0,0,0,0,0,0.0,0.9999771225157912,0.03730547949080243
12,2,1s2,1s,1,0,2,0.5,s,0,11,0.625,1,0,0,0,0,1,0,0,0,0,0,0,0,0,0,0,0,0,0,0,0,0,0,0,0,0,0.0,0.9999771225157912,0.2815195875089043
12,1,1s1,1s,1,0,1,0.5,s,0,12,0.0,0,0,0,0,0,0,0,0,0,0,0,0,0,0,0,0,0,0,0,0,0,0,0,0,0,0,0.0,0.9999771225157912,0.2815195875089043
13,13,1s2.2s2.2p6.3s2.3p1,3p,3,1,1,0.5,p1,0,1,9.559774441642945,0,10,2,0,0,0,0,0,0,2,8,0,0,2,0,0,0,0,0,0,0,0,0,0,0,0,0.0,0.999979663347047,0.0
13,12,1s2.2s2.2p6.3s2,3s,3,0,2,0.5,s,0,2,8.35113401342552,1,8,2,0,0,1,0,0,0,0,8,0,0,2,0,0,0,0,0,0,0,0,0,0,0,0,0.0,0.999979663347047,0.0
13,11,1s2.2s2.2p6.3s1,3s,3,0,1,0.5,s,0,3,7.7856408855844075,0,8,2,0,0,0,0,0,0,0,8,0,0,2,0,0,0,0,0,0,0,0,0,0,0,0,0.0,0.999979663347047,0.0
13,10,1s2.2s2.2p6,2p,2,1,6,1.5,p3,0,4,6.545979557232126,5,4,0,0,0,0,5,0,0,2,2,0,0,0,0,0,0,0,0,0,0,0,0,0,0,0,0.0,0.999979663347047,0.0
13,9,1s2.2s2.2p5,2p,2,1,5,1.5,p3,0,5,5.88972955723213,4,4,0,0,0,0,4,0,0,2,2,0,0,0,0,0,0,0,0,0,0,0,0,0,0,0,-0.6000000000000001,0.999979663347047,0.0
13,8,1s2.2s2.2p4,2p,2,1,4,1.5,p3,0,6,5.233479557232133,3,4,0,0,0,0,3,0,0,2,2,0,0,0,0,0,0,0,0,0,0,0,0,0,0,0,-1.2,0.999979663347047,0.0
13,7,1s2.2s2.2p3,2p,2,1,3,1.5,p3,0,7,4.378670782625834,2,4,0,0,0,0,2,0,0,2,2,0,0,0,0,0,0,0,0,0,0,0,0,0,0,0,1.2,0.999979663347047,0.0
13,6,1s2.2s2.2p2,2p,2,1,2,0.5,p1,0,8,3.7253535771907345,1,4,0,0,0,0,1,0,0,2,2,0,0,0,0,0,0,0,0,0,0,0,0,0,0,0,0.6,0.999979663347047,0.0
13,5,1s2.2s2.2p1,2p,2,1,1,0.5,p1,0,9,3.0730091792350134,0,4,0,0,0,0,0,0,0,2,2,0,0,0,0,0,0,0,0,0,0,0,0,0,0,0,0.0,0.999979663347047,0.0
13,4,1s2.2s2,2s,2,0,2,0.5,s,0,10,2.145875983124917,1,2,0,0,0,1,0,0,0,0,2,0,0,0,0,0,0,0,0,0,0,0,0,0,0,0,0.0,0.999979663347047,0.04940176494101305
13,3,1s2.2s1,2s,2,0,1,0.5,s,0,11,1.5912208504801093,0,2,0,0,0,0,0,0,0,0,2,0,0,0,0,0,0,0,0,0,0,0,0,0,0,0,0.0,0.999979663347047,0.04940176494101305
13,2,1s2,1s,1,0,2,0.5,s,0,12,0.625,1,0,0,0,0,1,0,0,0,0,0,0,0,0,0,0,0,0,0,0,0,0,0,0,0,0,0.0,0.999979663347047,0.371745295959381
13,1,1s1,1s,1,0,1,0.5,s,0,13,0.0,0,0,0,0,0,0,0,0,0,0,0,0,0,0,0,0,0,0,0,0,0,0,0,0,0,0,0.0,0.999979663347047,0.371745295959381
14,14,1s2.2s2.2p6.3s2.3p2,3p,3,1,2,0.5,p1,0,1,10.145247180423096,1,10,2,0,0,0,1,0,0,2,8,0,0,2,0,0,0,0,0,0,0,0,0,0,0,0,0.6,0.9999803866959036,0.0
14,13,1s2.2s2.2p6.3s2.3p1,3p,3,1,1,0.5,p1,0,2,9.559774441642945,0,10,2,0,0,0,0,0,0,2,8,0,0,2,0,0,0,0,0,0,0,0,0,0,0,0,0.0,0.9999803866959036,0.0
14,12,1s2.2s2.2p6.3s2,3s,3,0,2,0.5,s,0,3,8.35113401342552,1,8,2,0,0,1,0,0,0,0,8,0,0,2,0,0,0,0,0,0,0,0,0,0,0,0,0.0,0.9999803866959036,0.0
14,11,1s2.2s2.2p6.3s1,3s,3,0,1,0.5,s,0,4,7.7856408855844075,0,8,2,0,0,0,0,0,0,0,8,0,0,2,0,0,0,0,0,0,0,0,0,0,0,0,0.0,0.9999803866959036,0.0
14,10,1s2.2s2.2p6,2p,2,1,6,1.5,p3,0,5,6.545979557232126,5,4,0,0,0,0,5,0,0,2,2,0,0,0,0,0,0,0,0,0,0,0,0,0,0,0,0.0,0.9999803866959036,0.0
14,9,1s2.2s2.2p5,2p,2,1,5,1.5,p3,0,6,5.88972955723213,4,4,0,0,0,0,4,0,0,2,2,0,0,0,0,0,0,0,0,0,0,0,0,0,0,0,-0.6000000000000001,0.9999803866959036,0.0
14,8,1s2.2s2.2p4,2p,2,1,4,1.5,p3,0,7,5.233479557232133,3,4,0,0,0,0,3,0,0,2,2,0,0,0,0,0,0,0,0,0,0,0,0,0,0,0,-1.2,0.9999803866959036,0.0
14,7,1s2.2s2.2p3,2p,2,1,3,1.5,p3,0,8,4.378670782625834,2,4,0,0,0,0,2,0,0,2,2,0,0,0,0,0,0,0,0,0,0,0,0,0,0,0,1.2,0.9999803866959036,0.0
14,6,1s2.2s2.2p2,2p,2,1,2,0.5,p1,0,9,3.7253535771907345,1,4,0,0,0,0,1,0,0,2,2,0,0,0,0,0,0,0,0,0,0,0,0,0,0,0,0.6,0.9999803866959036,0.0
14,5,1s2.2s2.2p1,2p,2,1,1,0.5,p1,0,10,3.0730091792350134,0,4,0,0,0,0,0,0,0,2,2,0,0,0,0,0,0,0,0,0,0,0,0,0,0,0,0.0,0.9999803866959036,0.0
14,4,1s2.2s2,2s,2,0,2,0.5,s,0,11,2.145875983124917,1,2,0,0,0,1,0,0,0,0,2,0,0,0,0,0,0,0,0,0,0,0,0,0,0,0,0.0,0.9999803866959036,0.06403879335489096
14,3,1s2.2s1,2s,2,0,1,0.5,s,0,12,1.5912208504801093,0,2,0,0,0,0,0,0,0,0,2,0,0,0,0,0,0,0,0,0,0,0,0,0,0,0,0.0,0.9999803866959036,0.06403879335489096
14,2,1s2,1s,1,0,2,0.5,s,0,13,0.625,1,0,0,0,0,1,0,0,0,0,0,0,0,0,0,0,0,0,0,0,0,0,0,0,0,0,0.0,0.9999803866959036,0.48052302798645
14,1,1s1,1s,1,0,1,0.5,s,0,14,0.0,0,0,0,0,0,0,0,0,0,0,0,0,0,0,0,0,0,0,0,0,0,0,0,0,0,0,0.0,0.9999803866959036,0.48052302798645
15,15,1s2.2s2.2p6.3s2.3p3,3p,3,1,3,1.5,p3,0,1,10.730818199117742,2,10,2,0,0,0,2,0,0,2,8,0,0,2,0,0,0,0,0,0,0,0,0,0,0,0,1.2,0.9999822844863475,0.0
15,14,1s2.2s2.2p6.3s2.3p2,3p,3,1,2,0.5,p1,0,2,10.145247180423096,1,10,2,0,0,0,1,0,0,2,8,0,0,2,0,0,0,0,0,0,0,0,0,0,0,0,0.6,0.9999822844863475,0.0
15,13,1s2.2s2.2p6.3s2.3p1,3p,3,1,1,0.5,p1,0,3,9.559774441642945,0,10,2,0,0,0,0,0,0,2,8,0,0,2,0,0,0,0,0,0,0,0,0,0,0,0,0.0,0.9999822844863475,0.0
15,12,1s2.2s2.2p6.3s2,3s,3,0,2,0.5,s,0,4,8.35113401342552,1,8,2,0,0,1,0,0,0,0,8,0,0,2,0,0,0,0,0,0,0,0,0,0,0,0,0.0,0.9999822844863475,0.0
15,11,1s2.2s2.2p6.3s1,3s,3,0,1,0.5,s,0,5,7.7856408855844075,0,8,2,0,0,0,0,0,0,0,8,0,0,2,0,0,0,0,0,0,0,0,0,0,0,0,0.0,0.9999822844863475,0.0
15,10,1s2.2s2.2p6,2p,2,1,6,1.5,p3,0,6,6.545979557232126,5,4,0,0,0,0,5,0,0,2,2,0,0,0,0,0,0,0,0,0,0,0,0,0,0,0,0.0,0.9999822844863475,0.0
15,9,1s2.2s2.2p5,2p,2,1,5,1.5,p3,0,7,5.88972955723213,4,4,0,0,0,0,4,0,0,2,2,0,0,0,0,0,0,0,0,0,0,0,0,0,0,0,-0.6000000000000001,0.9999822844863475,0.0
15,8,1s2.2s2.2p4,2p,2,1,4,1.5,p3,0,8,5.233479557232133,3,4,0,0,0,0,3,0,0,2,2,0,0,0,0,0,0,0,0,0,0,0,0,0,0,0,-1.2,0.9999822844863475,0.0
15,7,1s2.2s2.2p3,2p,2,1,3,1.5,p3,0,9,4.378670782625834,2,4,0,0,0,0,2,0,0,2,2,0,0,0,0,0,0,0,0,0,0,0,0,0,0,0,1.2,0.9999822844863475,0.0
15,6,1s2.2s2.2p2,2p,2,1,2,0.5,p1,0,10,3.7253535771907345,1,4,0,0,0,0,1,0,0,2,2,0,0,0,0,0,0,0,0,0,0,0,0,0,0,0,0.6,0.9999822844863475,0.0
15,5,1s2.2s2.2p1,2p,2,1,1,0.5,p1,0,11,3.0730091792350134,0,4,0,0,0,0,0,0,0,2,2,0,0,0,0,0,0,0,0,0,0,0,0,0,0,0,0.0,0.9999822844863475,0.0
15,4,1s2.2s2,2s,2,0,2,0.5,s,0,12,2.145875983124917,1,2,0,0,0,1,0,0,0,0,2,0,0,0,0,0,0,0,0,0,0,0,0,0,0,0,0.0,0.9999822844863475,0.08149429573633772
15,3,1s2.2s1,2s,2,0,1,0.5,s,0,13,1.5912208504801093,0,2,0,0,0,0,0,0,0,0,2,0,0,0,0,0,0,0,0,0,0,0,0,0,0,0,0.0,0.9999822844863475,0.08149429573633772
15,2,1s2,1s,1,0,2,0.5,s,0,14,0.625,1,0,0,0,0,1,0,0,0,0,0,0,0,0,0,0,0,0,0,0,0,0,0,0,0,0,0.0,0.9999822844863475,0.6097641041489588
15,1,1s1,1s,1,0,1,0.5,s,0,15,0.0,0,0,0,0,0,0,0,0,0,0,0,0,0,0,0,0,0,0,0,0,0,0,0,0,0,0,0.0,0.9999822844863475,0.6097641041489588
16,16,1s2.2s2.2p6.3s2.3p4,3p,3,1,4,1.5,p3,0,1,11.49928244974415,3,10,2,0,0,0,3,0,0,2,8,0,0,2,0,0,0,0,0,0,0,0,0,0,0,0,-1.2,0.9999828374795122,0.0
16,15,1s2.2s2.2p6.3s2.3p3,3p,3,1,3,1.5,p3,0,2,10.730818199117742,2,10,2,0,0,0,2,0,0,2,8,0,0,2,0,0,0,0,0,0,0,0,0,0,0,0,1.2,0.9999828374795122,0.0
16,14,1s2.2s2.2p6.3s2.3p2,3p,3,1,2,0.5,p1,0,3,10.145247180423096,1,10,2,0,0,0,1,0,0,2,8,0,0,2,0,0,0,0,0,0,0,0,0,0,0,0,0.6,0.9999828374795122,0.0
16,13,1s2.2s2.2p6.3s2.3p1,3p,3,1,1,0.5,p1,0,4,9.559774441642945,0,10,2,0,0,0,0,0,0,2,8,0,0,2,0,0,0,0,0,0,0,0,0,0,0,0,0.0,0.9999828374795122,0.0
16,12,1s2.2s2.2p6.3s2,3s,3,0,2,0.5,s,0,5,8.35113401342552,1,8,2,0,0,1,0,0,0,0,8,0,0,2,0,0,0,0,0,0,0,0,0,0,0,0,0.0,0.9999828374795122,0.0
16,11,1s2.2s2.2p6.3s1,3s,3,0,1,0.5,s,0,6,7.7856408855844075,0,8,2,0,0,0,0,0,0,0,8,0,0,2,0,0,0,0,0,0,0,0,0,0,0,0,0.0,0.9999828374795122,0.0
16,10,1s2.2s2.2p6,2p,2,1,6,1.5,p3,0,7,6.545979557232126,5,4,0,0,0,0,5,0,0,2,2,0,0,0,0,0,0,0,0,0,0,0,0,0,0,0,0.0,0.9999828374795122,0.0
16,9,1s2.2s2.2p5,2p,2,1,5,1.5,p3,0,8,5.88972955723213,4,4,0,0,0,0,4,0,0,2,2,0,0,0,0,0,0,0,0,0,0,0,0,0,0,0,-0.6000000000000001,0.9999828374795122,0.0
16,8,1s2.2s2.2p4,2p,2,1,4,1.5,p3,0,9,5.233479557232133,3,4,0,0,0,0,3,0,0,2,2,0,0,0,0,0,0,0,0,0,0,0,0,0,0,0,-1.2,0.9999828374795122,0.0
16,7,1s2.2s2.2p3,2p,2,1,3,1.5,p3,0,10,4.378670782625834,2,4,0,0,0,0,2,0,0,2,2,0,0,0,0,0,0,0,0,0,0,0,0,0,0,0,1.2,0.9999828374795122,0.0
16,6,1s2.2s2.2p2,2p,2,1,2,0.5,p1,0,11,3.7253535771907345,1,4,0,0,0,0,1,0,0,2,2,0,0,0,0,0,0,0,0,0,0,0,0,0,0,0,0.6,0.9999828374795122,0.0
16,5,1s2.2s2.2p1,2p,2,1,1,0.5,p1,0,12,3.0730091792350134,0,4,0,0,0,0,0,0,0,2,2,0,0,0,0,0,0,0,0,0,0,0,0,0,0,0,0.0,0.9999828374795122,0.0
16,4,1s2.2s2,2s,2,0,2,0.5,s,0,13,2.145875983124917,1,2,0,0,0,1,0,0,0,0,2,0,0,0,0,0,0,0,0,0,0,0,0,0,0,0,0.0,0.9999828374795122,0.1020604141443247
16,3,1s2.2s1,2s,2,0,1,0.5,s,0,14,1.5912208504801093,0,2,0,0,0,0,0,0,0,0,2,0,0,0,0,0,0,0,0,0,0,0,0,0,0,0,0.0,0.9999828374795122,0.1020604141443247
16,2,1s2,1s,1,0,2,0.5,s,0,15,0.625,1,0,0,0,0,1,0,0,0,0,0,0,0,0,0,0,0,0,0,0,0,0,0,0,0,0,0.0,0.9999828374795122,0.761464360731786
16,1,1s1,1s,1,0,1,0.5,s,0,16,0.0,0,0,0,0,0,0,0,0,0,0,0,0,0,0,0,0,0,0,0,0,0,0,0,0,0,0,0.0,0.9999828374795122,0.761464360731786
17,17,1s2.2s2.2p6.3s2.3p5,3p,3,1,5,1.5,p3,0,1,12.08347223011717,4,10,2,0,0,0,4,0,0,2,8,0,0,2,0,0,0,0,0,0,0,0,0,0,0,0,-0.6000000000000001,0.9999843083841873,0.0
17,16,1s2.2s2.2p6.3s2.3p4,3p,3,1,4,1.5,p3,0,2,11.49928244974415,3,10,2,0,0,0,3,0,0,2,8,0,0,2,0,0,0,0,0,0,0,0,0,0,0,0,-1.2,0.9999843083841873,0.0
17,15,1s2.2s2.2p6.3s2.3p3,3p,3,1,3,1.5,p3,0,3,10.730818199117742,2,10,2,0,0,0,2,0,0,2,8,0,0,2,0,0,0,0,0,0,0,0,0,0,0,0,1.2,0.9999843083841873,0.0
17,14,1s2.2s2.2p6.3s2.3p2,3p,3,1,2,0.5,p1,0,4,10.145247180423096,1,10,2,0,0,0,1,0,0,2,8,0,0,2,0,0,0,0,0,0,0,0,0,0,0,0,0.6,0.9999843083841873,0.0
17,13,1s2.2s2.2p6.3s2.3p1,3p,3,1,1,0.5,p1,0,5,9.559774441642945,0,10,2,0,0,0,0,0,0,2,8,0,0,2,0,0,0,0,0,0,0,0,0,0,0,0,0.0,0.9999843083841873,0.0
17,12,1s2.2s2.2p6.3s2,3s,3,0,2,0.5,s,0,6,8.35113401342552,1,8,2,0,0,1,0,0,0,0,8,0,0,2,0,0,0,0,0,0,0,0,0,0,0,0,0.0,0.9999843083841873,0.0
17,11,1s2.2s2.2p6.3s1,3s,3,0,1,0.5,s,0,7,7.7856408855844075,0,8,2,0,0,0,0,0,0,0,8,0,0,2,0,0,0,0,0,0,0,0,0,0,0,0,0.0,0.9999843083841873,0.0
17,10,1s2.2s2.2p6,2p,2,1,6,1.5,p3,0,8,6.545979557232126,5,4,0,0,0,0,5,0,0,2,2,0,0,0,0,0,0,0,0,0,0,0,0,0,0,0,0.0,0.9999843083841873,0.0
17,9,1s2.2s2.2p5,2p,2,1,5,1.5,p3,0,9,5.88972955723213,4,4,0,0,0,0,4,0,0,2,2,0,0,0,0,0,0,0,0,0,0,0,0,0,0,0,-0.6000000000000001,0.9999843083841873,0.0
17,8,1s2.2s2.2p4,2p,2,1,4,1.5,p3,0,10,5.233479557232133,3,4,0,0,0,0,3,0,0,2,2,0,0,0,0,0,0,0,0,0,0,0,0,0,0,0,-1.2,0.9999843083841873,0.0
17,7,1s2.2s2.2p3,2p,2,1,3,1.5,p3,0,11,4.378670782625834,2,4,0,0,0,0,2,0,0,2,2,0,0,0,0,0,0,0,0,0,0,0,0,0,0,0,1.2,0.9999843083841873,0.0
17,6,1s2.2s2.2p2,2p,2,1,2,0.5,p1,0,12,3.7253535771907345,1,4,0,0,0,0,1,0,0,2,2,0,0,0,0,0,0,0,0,0,0,0,0,0,0,0,0.6,0.9999843083841873,0.0
17,5,1s2.2s2.2p1,2p,2,1,1,0.5,p1,0,13,3.0730091792350134,0,4,0,0,0,0,0,0,0,2,2,0,0,0,0,0,0,0,0,0,0,0,0,0,0,0,0.0,0.9999843083841873,0.0
17,4,1s2.2s2,2s,2,0,2,0.5,s,0,14,2.145875983124917,1,2,0,0,0,1,0,0,0,0,2,0,0,0,0,0,0,0,0,0,0,0,0,0,0,0,0.0,0.9999843083841873,0.12605126361738697
17,3,1s2.2s1,2s,2,0,1,0.5,s,0,15,1.5912208504801093,0,2,0,0,0,0,0,0,0,0,2,0,0,0,0,0,0,0,0,0,0,0,0,0,0,0,0.0,0.9999843083841873,0.12605126361738697
17,2,1s2,1s,1,0,2,0.5,s,0,16,0.625,1,0,0,0,0,1,0,0,0,0,0,0,0,0,0,0,0,0,0,0,0,0,0,0,0,0,0.0,0.9999843083841873,0.9377628699091757
17,1,1s1,1s,1,0,1,0.5,s,0,17,0.0,0,0,0,0,0,0,0,0,0,0,0,0,0,0,0,0,0,0,0,0,0,0,0,0,0,0,0.0,0.9999843083841873,0.9377628699091757
18,18,1s2.2s2.2p6.3s2.3p6,3p,3,1,6,1.5,p3,0,1,12.667818264554036,5,10,2,0,0,0,5,0,0,2,8,0,0,2,0,0,0,0,0,0,0,0,0,0,0,0,0.0,0.9999862693944803,0.0
18,17,1s2.2s2.2p6.3s2.3p5,3p,3,1,5,1.5,p3,0,2,12.08347223011717,4,10,2,0,0,0,4,0,0,2,8,0,0,2,0,0,0,0,0,0,0,0,0,0,0,0,-0.6000000000000001,0.9999862693944803,0.0
18,16,1s2.2s2.2p6.3s2.3p4,3p,3,1,4,1.5,p3,0,3,11.49928244974415,3,10,2,0,0,0,3,0,0,2,8,0,0,2,0,0,0,0,0,0,0,0,0,0,0,0,-1.2,0.9999862693944803,0.0
18,15,1s2.2s2.2p6.3s2.3p3,3p,3,1,3,1.5,p3,0,4,10.730818199117742,2,10,2,0,0,0,2,0,0,2,8,0,0,2,0,0,0,0,0,0,0,0,0,0,0,0,1.2,0.9999862693944803,0.0
18,14,1s2.2s2.2p6.3s2.3p2,3p,3,1,2,0.5,p1,0,5,10.145247180423096,1,10,2,0,0,0,1,0,0,2,8,0,0,2,0,0,0,0,0,0,0,0,0,0,0,0,0.6,0.9999862693944803,0.0
18,13,1s2.2s2.2p6.3s2.3p1,3p,3,1,1,0.5,p1,0,6,9.559774441642945,0,10,2,0,0,0,0,0,0,2,8,0,0,2,0,0,0,0,0,0,0,0,0,0,0,0,0.0,0.9999862693944803,0.0
18,12,1s2.2s2.2p6.3s2,3s,3,0,2,0.5,s,0,7,8.35113401342552,1,8,2,0,0,1,0,0,0,0,8,0,0,2,0,0,0,0,0,0,0,0,0,0,0,0,0.0,0.9999862693944803,0.0
18,11,1s2.2s2.2p6.3s1,3s,3,0,1,0.5,s,0,8,7.7856408855844075,0,8,2,0,0,0,0,0,0,0,8,0,0,2,0,0,0,0,0,0,0,0,0,0,0,0,0.0,0.9999862693944803,0.0
18,10,1s2.2s2.2p6,2p,2,1,6,1.5,p3,0,9,6.545979557232126,5,4,0,0,0,0,5,0,0,2,2,0,0,0,0,0,0,0,0,0,0,0,0,0,0,0,0.0,0.9999862693944803,0.0
18,9,1s2.2s2.2p5,2p,2,1,5,1.5,p3,0,10,5.88972955723213,4,4,0,0,0,0,4,0,0,2,2,0,0,0,0,0,0,0,0,0,0,0,0,0,0,0,-0.6000000000000001,0.9999862693944803,0.0
18,8,1s2.2s2.2p4,2p,2,1,4,1.5,p3,0,11,5.233479557232133,3,4,0,0,0,0,3,0,0,2,2,0,0,0,0,0,0,0,0,0,0,0,0,0,0,0,-1.2,0.9999862693944803,0.0
18,7,1s2.2s2.2p3,2p,2,1,3,1.5,p3,0,12,4.378670782625834,2,4,0,0,0,0,2,0,0,2,2,0,0,0,0,0,0,0,0,0,0,0,0,0,0,0,1.2,0.9999862693944803,0.0
18,6,1s2.2s2.2p2,2p,2,1,2,0.5,p1,0,13,3.7253535771907345,1,4,0,0,0,0,1,0,0,2,2,0,0,0,0,0,0,0,0,0,0,0,0,0,0,0,0.6,0.9999862693944803,0.0
18,5,1s2.2s2.2p1,2p,2,1,1,0.5,p1,0,14,3.0730091792350134,0,4,0,0,0,0,0,0,0,2,2,0,0,0,0,0,0,0,0,0,0,0,0,0,0,0,0.0,0.9999862693944803,0.0
18,4,1s2.2s2,2s,2,0,2,0.5,s,0,15,2.145875983124917,1,2,0,0,0,1,0,0,0,0,2,0,0,0,0,0,0,0,0,0,0,0,0,0,0,0,0.0,0.9999862693944803,0.15374023954557256
18,3,1s2.2s1,2s,2,0,1,0.5,s,0,16,1.5912208504801093,0,2,0,0,0,0,0,0,0,0,2,0,0,0,0,0,0,0,0,0,0,0,0,0,0,0,0.0,0.9999862693944803,0.15374023954557256
18,2,1s2,1s,1,0,2,0.5,s,0,17,0.625,1,0,0,0,0,1,0,0,0,0,0,0,0,0,0,0,0,0,0,0,0,0,0,0,0,0,0.0,0.9999862693944803,1.1404442333732625
18,1,1s1,1s,1,0,1,0.5,s,0,18,0.0,0,0,0,0,0,0,0,0,0,0,0,0,0,0,0,0,0,0,0,0,0,0,0,0,0,0,0.0,0.9999862693944803,1.1404442333732625
19,19,1s2.2s2.2p6.3s2.3p6.4s1,4s,4,0,1,0.5,s,0,1,14.074218850506384,0,8,10,0,0,0,0,0,0,0,8,0,0,8,0,0,0,0,0,0,0,0,0,0,2,0,0.0,0.9999859171789293,0.0
19,18,1s2.2s2.2p6.3s2.3p6,3p,3,1,6,1.5,p3,0,2,12.667818264554036,5,10,2,0,0,0,5,0,0,2,8,0,0,2,0,0,0,0,0,0,0,0,0,0,0,0,0.0,0.9999859171789293,0.0
19,17,1s2.2s2.2p6.3s2.3p5,3p,3,1,5,1.5,p3,0,3,12.08347223011717,4,10,2,0,0,0,4,0,0,2,8,0,0,2,0,0,0,0,0,0,0,0,0,0,0,0,-0.6000000000000001,0.9999859171789293,0.0
19,16,1s2.2s2.2p6.3s2.3p4,3p,3,1,4,1.5,p3,0,4,11.49928244974415,3,10,2,0,0,0,3,0,0,2,8,0,0,2,0,0,0,0,0,0,0,0,0,0,0,0,-1.2,0.9999859171789293,0.0
19,15,1s2.2s2.2p6.3s2.3p3,3p,3,1,3,1.5,p3,0,5,10.730818199117742,2,10,2,0,0,0,2,0,0,2,8,0,0,2,0,0,0,0,0,0,0,0,0,0,0,0,1.2,0.9999859171789293,0.0
19,14,1s2.2s2.2p6.3s2.3p2,3p,3,1,2,0.5,p1,0,6,10.145247180423096,1,10,2,0,0,0,1,0,0,2,8,0,0,2,0,0,0,0,0,0,0,0,0,0,0,0,0.6,0.9999859171789293,0.0
19,13,1s2.2s2.2p6.3s2.3p1,3p,3,1,1,0.5,p1,0,7,9.559774441642945,0,10,2,0,0,0,0,0,0,2,8,0,0,2,0,0,0,0,0,0,0,0,0,0,0,0,0.0,0.9999859171789293,0.0
19,12,1s2.2s2.2p6.3s2,3s,3,0,2,0.5,s,0,8,8.35113401342552,1,8,2,0,0,1,0,0,0,0,8,0,0,2,0,0,0,0,0,0,0,0,0,0,0,0,0.0,0.9999859171789293,0.0
19,11,1s2.2s2.2p6.3s1,3s,3,0,1,0.5,s,0,9,7.7856408855844075,0,8,2,0,0,0,0,0,0,0,8,0,0,2,0,0,0,0,0,0,0,0,0,0,0,0,0.0,0.9999859171789293,0.0
19,10,1s2.2s2.2p6,2p,2,1,6,1.5,p3,0,10,6.545979557232126,5,4,0,0,0,0,5,0,0,2,2,0,0,0,0,0,0,0,0,0,0,0,0,0,0,0,0.0,0.9999859171789293,0.0
19,9,1s2.2s2.2p5,2p,2,1,5,1.5,p3,0,11,5.88972955723213,4,4,0,0,0,0,4,0,0,2,2,0,0,0,0,0,0,0,0,0,0,0,0,0,0,0,-0.6000000000000001,0.9999859171789293,0.0
19,8,1s2.2s2.2p4,2p,2,1,4,1.5,p3,0,12,5.233479557232133,3,4,0,0,0,0,3,0,0,2,2,0,0,0,0,0,0,0,0,0,0,0,0,0,0,0,-1.2,0.9999859171789293,0.0
19,7,1s2.2s2.2p3,2p,2,1,3,1.5,p3,0,13,4.378670782625834,2,4,0,0,0,0,2,0,0,2,2,0,0,0,0,0,0,0,0,0,0,0,0,0,0,0,1.2,0.9999859171789293,0.0
19,6,1s2.2s2.2p2,2p,2,1,2,0.5,p1,0,14,3.7253535771907345,1,4,0,0,0,0,1,0,0,2,2,0,0,0,0,0,0,0,0,0,0,0,0,0,0,0,0.6,0.9999859171789293,0.0
19,5,1s2.2s2.2p1,2p,2,1,1,0.5,p1,0,15,3.0730091792350134,0,4,0,0,0,0,0,0,0,2,2,0,0,0,0,0,0,0,0,0,0,0,0,0,0,0,0.0,0.9999859171789293,0.0
19,4,1s2.2s2,2s,2,0,2,0.5,s,0,16,2.145875983124917,1,2,0,0,0,1,0,0,0,0,2,0,0,0,0,0,0,0,0,0,0,0,0,0,0,0,0.0,0.9999859171789293,0.18541192942409496
19,3,1s2.2s1,2s,2,0,1,0.5,s,0,17,1.5912208504801093,0,2,0,0,0,0,0,0,0,0,2,0,0,0,0,0,0,0,0,0,0,0,0,0,0,0,0.0,0.9999859171789293,0.18541192942409496
19,2,1s2,1s,1,0,2,0.5,s,0,18,0.625,1,0,0,0,0,1,0,0,0,0,0,0,0,0,0,0,0,0,0,0,0,0,0,0,0,0,0.0,0.9999859171789293,1.3713511236990346
19,1,1s1,1s,1,0,1,0.5,s,0,19,0.0,0,0,0,0,0,0,0,0,0,0,0,0,0,0,0,0,0,0,0,0,0,0,0,0,0,0,0.0,0.9999859171789293,1.3713511236990346
20,20,1s2.2s2.2p6.3s2.3p6.4s2,4s,4,0,2,0.5,s,0,1,14.670562844647066,1,8,10,0,0,1,0,0,0,0,8,0,0,8,0,0,0,0,0,0,0,0,0,0,2,0,0.0,0.9999862690928264,0.0
20,19,1s2.2s2.2p6.3s2.3p6.4s1,4s,4,0,1,0.5,s,0,2,14.074218850506384,0,8,10,0,0,0,0,0,0,0,8,0,0,8,0,0,0,0,0,0,0,0,0,0,2,0,0.0,0.9999862690928264,0.0
20,18,1s2.2s2.2p6.3s2.3p6,3p,3,1,6,1.5,p3,0,3,12.667818264554036,5,10,2,0,0,0,5,0,0,2,8,0,0,2,0,0,0,0,0,0,0,0,0,0,0,0,0.0,0.9999862690928264,0.0
20,17,1s2.2s2.2p6.3s2.3p5,3p,3,1,5,1.5,p3,0,4,12.08347223011717,4,10,2,0,0,0,4,0,0,2,8,0,0,2,0,0,0,0,0,0,0,0,0,0,0,0,-0.6000000000000001,0.9999862690928264,0.0
20,16,1s2.2s2.2p6.3s2.3p4,3p,3,1,4,1.5,p3,0,5,11.49928244974415,3,10,2,0,0,0,3,0,0,2,8,0,0,2,0,0,0,0,0,0,0,0,0,0,0,0,-1.2,0.9999862690928264,0.0
20,15,1s2.2s2.2p6.3s2.3p3,3p,3,1,3,1.5,p3,0,6,10.730818199117742,2,10,2,0,0,0,2,0,0,2,8,0,0,2,0,0,0,0,0,0,0,0,0,0,0,0,1.2,0.9999862690928264,0.0
20,14,1s2.2s2.2p6.3s2.3p2,3p,3,1,2,0.5,p1,0,7,10.145247180423096,1,10,2,0,0,0,1,0,0,2,8,0,0,2,0,0,0,0,0,0,0,0,0,0,0,0,0.6,0.9999862690928264,0.0
20,13,1s2.2s2.2p6.3s2.3p1,3p,3,1,1,0.5,p1,0,8,9.559774441642945,0,10,2,0,0,0,0,0,0,2,8,0,0,2,0,0,0,0,0,0,0,0,0,0,0,0,0.0,0.9999862690928264,0.0
20,12,1s2.2s2.2p6.3s2,3s,3,0,2,0.5,s,0,9,8.35113401342552,1,8,2,0,0,1,0,0,0,0,8,0,0,2,0,0,0,0,0,0,0,0,0,0,0,0,0.0,0.9999862690928264,0.0
20,11,1s2.2s2.2p6.3s1,3s,3,0,1,0.5,s,0,10,7.7856408855844075,0,8,2,0,0,0,0,0,0,0,8,0,0,2,0,0,0,0,0,0,0,0,0,0,0,0,0.0,0.9999862690928264,0.0
20,10,1s2.2s2.2p6,2p,2,1,6,1.5,p3,0,11,6.545979557232126,5,4,0,0,0,0,5,0,0,2,2,0,0,0,0,0,0,0,0,0,0,0,0,0,0,0,0.0,0.9999862690928264,0.0
20,9,1s2.2s2.2p5,2p,2,1,5,1.5,p3,0,12,5.88972955723213,4,4,0,0,0,0,4,0,0,2,2,0,0,0,0,0,0,0,0,0,0,0,0,0,0,0,-0.6000000000000001,0.9999862690928264,0.0
20,8,1s2.2s2.2p4,2p,2,1,4,1.5,p3,0,13,5.233479557232133,3,4,0,0,0,0,3,0,0,2,2,0,0,0,0,0,0,0,0,0,0,0,0,0,0,0,-1.2,0.9999862690928264,0.0
20,7,1s2.2s2.2p3,2p,2,1,3,1.5,p3,0,14,4.378670782625834,2,4,0,0,0,0,2,0,0,2,2,0,0,0,0,0,0,0,0,0,0,0,0,0,0,0,1.2,0.9999862690928264,0.0
20,6,1s2.2s2.2p2,2p,2,1,2,0.5,p1,0,15,3.7253535771907345,1,4,0,0,0,0,1,0,0,2,2,0,0,0,0,0,0,0,0,0,0,0,0,0,0,0,0.6,0.9999862690928264,0.0
20,5,1s2.2s2.2p1,2p,2,1,1,0.5,p1,0,16,3.0730091792350134,0,4,0,0,0,0,0,0,0,2,2,0,0,0,0,0,0,0,0,0,0,0,0,0,0,0,0.0,0.9999862690928264,0.0
20,4,1s2.2s2,2s,2,0,2,0.5,s,0,17,2.145875983124917,1,2,0,0,0,1,0,0,0,0,2,0,0,0,0,0,0,0,0,0,0,0,0,0,0,0,0.0,0.9999862690928264,0.2214490225236191
20,3,1s2.2s1,2s,2,0,1,0.5,s,0,18,1.5912208504801093,0,2,0,0,0,0,0,0,0,0,2,0,0,0,0,0,0,0,0,0,0,0,0,0,0,0,0.0,0.9999862690928264,0.2214490225236191
20,2,1s2,1s,1,0,2,0.5,s,0,19,0.625,1,0,0,0,0,1,0,0,0,0,0,0,0,0,0,0,0,0,0,0,0,0,0,0,0,0,0.0,0.9999862690928264,1.6330629792815399
20,1,1s1,1s,1,0,1,0.5,s,0,20,0.0,0,0,0,0,0,0,0,0,0,0,0,0,0,0,0,0,0,0,0,0,0,0,0,0,0,0,0.0,0.9999862690928264,1.6330629792815399
21,21,1s2.2s2.2p6.3s2.3p6.3d1.4s2,4s,4,0,2,0.5,s,0,1,15.425226040368159,1,9,10,0,0,1,0,0,0,0,8,1,0,8,0,0,0,0,0,0,0,0,0,0,2,0,0.0,0.9999877943990939,0.0
21,20,1s2.2s2.2p6.3s2.3p6.3d1.4s1,4s,4,0,1,0.5,s,0,2,14.815526143980833,0,9,10,0,0,0,0,0,0,0,8,1,0,8,0,0,0,0,0,0,0,0,0,0,2,0,0.0,0.9999877943990939,0.0
21,19,1s2.2s2.2p6.3s2.3p6.3d1,3d,3,2,1,1.5,d,0,3,14.615753461451872,0,0,0,18,0,0,0,0,0,0,0,0,0,0,0,16,0,0,0,0,0,0,0,0,0,2,0.0,0.9999877943990939,0.0
21,18,1s2.2s2.2p6.3s2.3p6,3p,3,1,6,1.5,p3,0,4,12.667818264554036,5,10,2,0,0,0,5,0,0,2,8,0,0,2,0,0,0,0,0,0,0,0,0,0,0,0,0.0,0.9999877943990939,0.0
21,17,1s2.2s2.2p6.3s2.3p5,3p,3,1,5,1.5,p3,0,5,12.08347223011717,4,10,2,0,0,0,4,0,0,2,8,0,0,2,0,0,0,0,0,0,0,0,0,0,0,0,-0.6000000000000001,0.9999877943990939,0.0
21,16,1s2.2s2.2p6.3s2.3p4,3p,3,1,4,1.5,p3,0,6,11.49928244974415,3,10,2,0,0,0,3,0,0,2,8,0,0,2,0,0,0,0,0,0,0,0,0,0,0,0,-1.2,0.9999877943990939,0.0
21,15,1s2.2s2.2p6.3s2.3p3,3p,3,1,3,1.5,p3,0,7,10.730818199117742,2,10,2,0,0,0,2,0,0,2,8,0,0,2,0,0,0,0,0,0,0,0,0,0,0,0,1.2,0.9999877943990939,0.0
21,14,1s2.2s2.2p6.3s2.3p2,3p,3,1,2,0.5,p1,0,8,10.145247180423096,1,10,2,0,0,0,1,0,0,2,8,0,0,2,0,0,0,0,0,0,0,0,0,0,0,0,0.6,0.9999877943990939,0.0
21,13,1s2.2s2.2p6.3s2.3p1,3p,3,1,1,0.5,p1,0,9,9.559774441642945,0,10,2,0,0,0,0,0,0,2,8,0,0,2,0,0,0,0,0,0,0,0,0,0,0,0,0.0,0.9999877943990939,0.0
21,12,1s2.2s2.2p6.3s2,3s,3,0,2,0.5,s,0,10,8.35113401342552,1,8,2,0,0,1,0,0,0,0,8,0,0,2,0,0,0,0,0,0,0,0,0,0,0,0,0.0,0.9999877943990939,0.0
21,11,1s2.2s2.2p6.3s1,3s,3,0,1,0.5,s,0,11,7.7856408855844075,0,8,2,0,0,0,0,0,0,0,8,0,0,2,0,0,0,0,0,0,0,0,0,0,0,0,0.0,0.9999877943990939,0.0
21,10,1s2.2s2.2p6,2p,2,1,6,1.5,p3,0,12,6.545979557232126,5,4,0,0,0,0,5,0,0,2,2,0,0,0,0,0,0,0,0,0,0,0,0,0,0,0,0.0,0.9999877943990939,0.0
21,9,1s2.2s2.2p5,2p,2,1,5,1.5,p3,0,13,5.88972955723213,4,4,0,0,0,0,4,0,0,2,2,0,0,0,0,0,0,0,0,0,0,0,0,0,0,0,-0.6000000000000001,0.9999877943990939,0.0
21,8,1s2.2s2.2p4,2p,2,1,4,1.5,p3,0,14,5.233479557232133,3,4,0,0,0,0,3,0,0,2,2,0,0,0,0,0,0,0,0,0,0,0,0,0,0,0,-1.2,0.9999877943990939,0.0
21,7,1s2.2s2.2p3,2p,2,1,3,1.5,p3,0,15,4.378670782625834,2,4,0,0,0,0,2,0,0,2,2,0,0,0,0,0,0,0,0,0,0,0,0,0,0,0,1.2,0.9999877943990939,0.0
21,6,1s2.2s2.2p2,2p,2,1,2,0.5,p1,0,16,3.7253535771907345,1,4,0,0,0,0,1,0,0,2,2,0,0,0,0,0,0,0,0,0,0,0,0,0,0,0,0.6,0.9999877943990939,0.0
21,5,1s2.2s2.2p1,2p,2,1,1,0.5,p1,0,17,3.0730091792350134,0,4,0,0,0,0,0,0,0,2,2,0,0,0,0,0,0,0,0,0,0,0,0,0,0,0,0.0,0.9999877943990939,0.0
21,4,1s2.2s2,2s,2,0,2,0.5,s,0,18,2.145875983124917,1,2,0,0,0,1,0,0,0,0,2,0,0,0,0,0,0,0,0,0,0,0,0,0,0,0,0.0,0.9999877943990939,0.2621911981265295
21,3,1s2.2s1,2s,2,0,1,0.5,s,0,19,1.5912208504801093,0,2,0,0,0,0,0,0,0,0,2,0,0,0,0,0,0,0,0,0,0,0,0,0,0,0,0.0,0.9999877943990939,0.2621911981265295
21,2,1s2,1s,1,0,2,0.5,s,0,20,0.625,1,0,0,0,0,1,0,0,0,0,0,0,0,0,0,0,0,0,0,0,0,0,0,0,0,0,0.0,0.9999877943990939,1.9277798610155188
21,1,1s1,1s,1,0,1,0.5,s,0,21,0.0,0,0,0,0,0,0,0,0,0,0,0,0,0,0,0,0,0,0,0,0,0,0,0,0,0,0,0.0,0.9999877943990939,1.9277798610155188
22,22,1s2.2s2.2p6.3s2.3p6.3d2.4s2,4s,4,0,2,0.5,s,0,1,16.179889236089252,1,10,10,0,0,1,0,0,0,0,8,2,0,8,0,0,0,0,0,0,0,0,0,0,2,0,0.0,0.9999885561002851,0.0
22,21,1s2.2s2.2p6.3s2.3p6.3d2.4s1,4s,4,0,1,0.5,s,0,2,15.556833437455225,0,10,10,0,0,0,0,0,0,0,8,2,0,8,0,0,0,0,0,0,0,0,0,0,2,0,0.0,0.9999885561002851,0.0
22,20,1s2.2s2.2p6.3s2.3p6.3d2,3d,3,2,2,1.5,d,0,3,15.318236242385085,1,0,0,18,0,0,0,1,0,0,0,0,0,0,0,16,0,0,0,0,0,0,0,0,0,2,0.5555555555555556,0.9999885561002851,0.0
22,19,1s2.2s2.2p6.3s2.3p6.3d1,3d,3,2,1,1.5,d,0,4,14.615753461451872,0,0,0,18,0,0,0,0,0,0,0,0,0,0,0,16,0,0,0,0,0,0,0,0,0,2,0.0,0.9999885561002851,0.0
22,18,1s2.2s2.2p6.3s2.3p6,3p,3,1,6,1.5,p3,0,5,12.667818264554036,5,10,2,0,0,0,5,0,0,2,8,0,0,2,0,0,0,0,0,0,0,0,0,0,0,0,0.0,0.9999885561002851,0.0
22,17,1s2.2s2.2p6.3s2.3p5,3p,3,1,5,1.5,p3,0,6,12.08347223011717,4,10,2,0,0,0,4,0,0,2,8,0,0,2,0,0,0,0,0,0,0,0,0,0,0,0,-0.6000000000000001,0.9999885561002851,0.0
22,16,1s2.2s2.2p6.3s2.3p4,3p,3,1,4,1.5,p3,0,7,11.49928244974415,3,10,2,0,0,0,3,0,0,2,8,0,0,2,0,0,0,0,0,0,0,0,0,0,0,0,-1.2,0.9999885561002851,0.0
22,15,1s2.2s2.2p6.3s2.3p3,3p,3,1,3,1.5,p3,0,8,10.730818199117742,2,10,2,0,0,0,2,0,0,2,8,0,0,2,0,0,0,0,0,0,0,0,0,0,0,0,1.2,0.9999885561002851,0.0
22,14,1s2.2s2.2p6.3s2.3p2,3p,3,1,2,0.5,p1,0,9,10.145247180423096,1,10,2,0,0,0,1,0,0,2,8,0,0,2,0,0,0,0,0,0,0,0,0,0,0,0,0.6,0.9999885561002851,0.0
22,13,1s2.2s2.2p6.3s2.3p1,3p,3,1,1,0.5,p1,0,10,9.559774441642945,0,10,2,0,0,0,0,0,0,2,8,0,0,2,0,0,0,0,0,0,0,0,0,0,0,0,0.0,0.9999885561002851,0.0
22,12,1s2.2s2.2p6.3s2,3s,3,0,2,0.5,s,0,11,8.35113401342552,1,8,2,0,0,1,0,0,0,0,8,0,0,2,0,0,0,0,0,0,0,0,0,0,0,0,0.0,0.9999885561002851,0.0
22,11,1s2.2s2.2p6.3s1,3s,3,0,1,0.5,s,0,12,7.7856408855844075,0,8,2,0,0,0,0,0,0,0,8,0,0,2,0,0,0,0,0,0,0,0,0,0,0,0,0.0,0.9999885561002851,0.0
22,10,1s2.2s2.2p6,2p,2,1,6,1.5,p3,0,13,6.545979557232126,5,4,0,0,0,0,5,0,0,2,2,0,0,0,0,0,0,0,0,0,0,0,0,0,0,0,0.0,0.9999885561002851,0.0
22,9,1s2.2s2.2p5,2p,2,1,5,1.5,p3,0,14,5.88972955723213,4,4,0,0,0,0,4,0,0,2,2,0,0,0,0,0,0,0,0,0,0,0,0,0,0,0,-0.6000000000000001,0.9999885561002851,0.0
22,8,1s2.2s2.2p4,2p,2,1,4,1.5,p3,0,15,5.233479557232133,3,4,0,0,0,0,3,0,0,2,2,0,0,0,0,0,0,0,0,0,0,0,0,0,0,0,-1.2,0.9999885561002851,0.0
22,7,1s2.2s2.2p3,2p,2,1,3,1.5,p3,0,16,4.378670782625834,2,4,0,0,0,0,2,0,0,2,2,0,0,0,0,0,0,0,0,0,0,0,0,0,0,0,1.2,0.9999885561002851,0.0
22,6,1s2.2s2.2p2,2p,2,1,2,0.5,p1,0,17,3.7253535771907345,1,4,0,0,0,0,1,0,0,2,2,0,0,0,0,0,0,0,0,0,0,0,0,0,0,0,0.6,0.9999885561002851,0.0
22,5,1s2.2s2.2p1,2p,2,1,1,0.5,p1,0,18,3.0730091792350134,0,4,0,0,0,0,0,0,0,2,2,0,0,0,0,0,0,0,0,0,0,0,0,0,0,0,0.0,0.9999885561002851,0.0
22,4,1s2.2s2,2s,2,0,2,0.5,s,0,19,2.145875983124917,1,2,0,0,0,1,0,0,0,0,2,0,0,0,0,0,0,0,0,0,0,0,0,0,0,0,0.0,0.9999885561002851,0.30792222872278313
22,3,1s2.2s1,2s,2,0,1,0.5,s,0,20,1.5912208504801093,0,2,0,0,0,0,0,0,0,0,2,0,0,0,0,0,0,0,0,0,0,0,0,0,0,0,0.0,0.9999885561002851,0.30792222872278313
22,2,1s2,1s,1,0,2,0.5,s,0,21,0.625,1,0,0,0,0,1,0,0,0,0,0,0,0,0,0,0,0,0,0,0,0,0,0,0,0,0,0.0,0.9999885561002851,2.257231131583652
22,1,1s1,1s,1,0,1,0.5,s,0,22,0.0,0,0,0,0,0,0,0,0,0,0,0,0,0,0,0,0,0,0,0,0,0,0,0,0,0,0,0.0,0.9999885561002851,2.257231131583652
23,23,1s2.2s2.2p6.3s2.3p6.3d3.4s2,4s,4,0,2,0.5,s,1,1,16.93455243181029,1,11,10,0,0,1,0,0,0,0,8,3,0,8,0,0,0,0,0,0,0,0,0,0,2,0,0.0,0.9999892291519465,0.0
23,22,1s2.2s2.2p6.3s2.3p6.3d4,3d,3,2,4,1.5,d,0,2,16.81369270190474,3,0,0,18,0,0,0,3,0,0,0,0,0,0,0,16,0,0,0,0,0,0,0,0,0,2,1.6666666666666667,0.9999892291519465,0.0
23,21,1s2.2s2.2p6.3s2.3p6.3d3,3d,3,2,3,1.5,d,0,3,16.06581898178117,2,0,0,18,0,0,0,2,0,0,0,0,0,0,0,16,0,0,0,0,0,0,0,0,0,2,1.1111111111111112,0.9999892291519465,0.0
23,20,1s2.2s2.2p6.3s2.3p6.3d2,3d,3,2,2,1.5,d,0,4,15.318236242385085,1,0,0,18,0,0,0,1,0,0,0,0,0,0,0,16,0,0,0,0,0,0,0,0,0,2,0.5555555555555556,0.9999892291519465,0.0
23,19,1s2.2s2.2p6.3s2.3p6.3d1,3d,3,2,1,1.5,d,0,5,14.615753461451872,0,0,0,18,0,0,0,0,0,0,0,0,0,0,0,16,0,0,0,0,0,0,0,0,0,2,0.0,0.9999892291519465,0.0
23,18,1s2.2s2.2p6.3s2.3p6,3p,3,1,6,1.5,p3,0,6,12.667818264554036,5,10,2,0,0,0,5,0,0,2,8,0,0,2,0,0,0,0,0,0,0,0,0,0,0,0,0.0,0.9999892291519465,0.0
23,17,1s2.2s2.2p6.3s2.3p5,3p,3,1,5,1.5,p3,0,7,12.08347223011717,4,10,2,0,0,0,4,0,0,2,8,0,0,2,0,0,0,0,0,0,0,0,0,0,0,0,-0.6000000000000001,0.9999892291519465,0.0
23,16,1s2.2s2.2p6.3s2.3p4,3p,3,1,4,1.5,p3,0,8,11.49928244974415,3,10,2,0,0,0,3,0,0,2,8,0,0,2,0,0,0,0,0,0,0,0,0,0,0,0,-1.2,0.9999892291519465,0.0
23,15,1s2.2s2.2p6.3s2.3p3,3p,3,1,3,1.5,p3,0,9,10.730818199117742,2,10,2,0,0,0,2,0,0,2,8,0,0,2,0,0,0,0,0,0,0,0,0,0,0,0,1.2,0.9999892291519465,0.0
23,14,1s2.2s2.2p6.3s2.3p2,3p,3,1,2,0.5,p1,0,10,10.145247180423096,1,10,2,0,0,0,1,0,0,2,8,0,0,2,0,0,0,0,0,0,0,0,0,0,0,0,0.6,0.9999892291519465,0.0
23,13,1s2.2s2.2p6.3s2.3p1,3p,3,1,1,0.5,p1,0,11,9.559774441642945,0,10,2,0,0,0,0,0,0,2,8,0,0,2,0,0,0,0,0,0,0,0,0,0,0,0,0.0,0.9999892291519465,0.0
23,12,1s2.2s2.2p6.3s2,3s,3,0,2,0.5,s,0,12,8.35113401342552,1,8,2,0,0,1,0,0,0,0,8,0,0,2,0,0,0,0,0,0,0,0,0,0,0,0,0.0,0.9999892291519465,0.0
23,11,1s2.2s2.2p6.3s1,3s,3,0,1,0.5,s,0,13,7.7856408855844075,0,8,2,0,0,0,0,0,0,0,8,0,0,2,0,0,0,0,0,0,0,0,0,0,0,0,0.0,0.9999892291519465,0.0
23,10,1s2.2s2.2p6,2p,2,1,6,1.5,p3,0,14,6.545979557232126,5,4,0,0,0,0,5,0,0,2,2,0,0,0,0,0,0,0,0,0,0,0,0,0,0,0,0.0,0.9999892291519465,0.0
23,9,1s2.2s2.2p5,2p,2,1,5,1.5,p3,0,15,5.88972955723213,4,4,0,0,0,0,4,0,0,2,2,0,0,0,0,0,0,0,0,0,0,0,0,0,0,0,-0.6000000000000001,0.9999892291519465,0.0
23,8,1s2.2s2.2p4,2p,2,1,4,1.5,p3,0,16,5.233479557232133,3,4,0,0,0,0,3,0,0,2,2,0,0,0,0,0,0,0,0,0,0,0,0,0,0,0,-1.2,0.9999892291519465,0.0
23,7,1s2.2s2.2p3,2p,2,1,3,1.5,p3,0,17,4.378670782625834,2,4,0,0,0,0,2,0,0,2,2,0,0,0,0,0,0,0,0,0,0,0,0,0,0,0,1.2,0.9999892291519465,0.0
23,6,1s2.2s2.2p2,2p,2,1,2,0.5,p1,0,18,3.7253535771907345,1,4,0,0,0,0,1,0,0,2,2,0,0,0,0,0,0,0,0,0,0,0,0,0,0,0,0.6,0.9999892291519465,0.0
23,5,1s2.2s2.2p1,2p,2,1,1,0.5,p1,0,19,3.0730091792350134,0,4,0,0,0,0,0,0,0,2,2,0,0,0,0,0,0,0,0,0,0,0,0,0,0,0,0.0,0.9999892291519465,0.0
23,4,1s2.2s2,2s,2,0,2,0.5,s,0,20,2.145875983124917,1,2,0,0,0,1,0,0,0,0,2,0,0,0,0,0,0,0,0,0,0,0,0,0,0,0,0.0,0.9999892291519465,0.3589360908334893
23,3,1s2.2s1,2s,2,0,1,0.5,s,0,21,1.5912208504801093,0,2,0,0,0,0,0,0,0,0,2,0,0,0,0,0,0,0,0,0,0,0,0,0,0,0,0.0,0.9999892291519465,0.3589360908334893
23,2,1s2,1s,1,0,2,0.5,s,0,22,0.625,1,0,0,0,0,1,0,0,0,0,0,0,0,0,0,0,0,0,0,0,0,0,0,0,0,0,0.0,0.9999892291519465,2.6231886371802164
23,1,1s1,1s,1,0,1,0.5,s,0,23,0.0,0,0,0,0,0,0,0,0,0,0,0,0,0,0,0,0,0,0,0,0,0,0,0,0,0,0,0.0,0.9999892291519465,2.6231886371802164
24,24,1s2.2s2.2p6.3s2.3p6.3d5.4s1,4s,4,0,1,0.5,s,0,1,17.780755317878572,0,13,10,0,0,0,0,0,0,0,8,5,0,8,0,0,0,0,0,0,0,0,0,0,2,0,0.0,0.9999894357418433,0.0
24,23,1s2.2s2.2p6.3s2.3p6.3d5,3d,3,2,5,2.5,d,0,2,17.516342790782076,4,0,0,18,0,0,0,4,0,0,0,0,0,0,0,16,0,0,0,0,0,0,0,0,0,2,2.2222222222222223,0.9999894357418433,0.0
24,22,1s2.2s2.2p6.3s2.3p6.3d4,3d,3,2,4,1.5,d,0,3,16.81369270190474,3,0,0,18,0,0,0,3,0,0,0,0,0,0,0,16,0,0,0,0,0,0,0,0,0,2,1.6666666666666667,0.9999894357418433,0.0
24,21,1s2.2s2.2p6.3s2.3p6.3d3,3d,3,2,3,1.5,d,0,4,16.06581898178117,2,0,0,18,0,0,0,2,0,0,0,0,0,0,0,16,0,0,0,0,0,0,0,0,0,2,1.1111111111111112,0.9999894357418433,0.0
24,20,1s2.2s2.2p6.3s2.3p6.3d2,3d,3,2,2,1.5,d,0,5,15.318236242385085,1,0,0,18,0,0,0,1,0,0,0,0,0,0,0,16,0,0,0,0,0,0,0,0,0,2,0.5555555555555556,0.9999894357418433,0.0
24,19,1s2.2s2.2p6.3s2.3p6.3d1,3d,3,2,1,1.5,d,0,6,14.615753461451872,0,0,0,18,0,0,0,0,0,0,0,0,0,0,0,16,0,0,0,0,0,0,0,0,0,2,0.0,0.9999894357418433,0.0
24,18,1s2.2s2.2p6.3s2.3p6,3p,3,1,6,1.5,p3,0,7,12.667818264554036,5,10,2,0,0,0,5,0,0,2,8,0,0,2,0,0,0,0,0,0,0,0,0,0,0,0,0.0,0.9999894357418433,0.0
24,17,1s2.2s2.2p6.3s2.3p5,3p,3,1,5,1.5,p3,0,8,12.08347223011717,4,10,2,0,0,0,4,0,0,2,8,0,0,2,0,0,0,0,0,0,0,0,0,0,0,0,-0.6000000000000001,0.9999894357418433,0.0
24,16,1s2.2s2.2p6.3s2.3p4,3p,3,1,4,1.5,p3,0,9,11.49928244974415,3,10,2,0,0,0,3,0,0,2,8,0,0,2,0,0,0,0,0,0,0,0,0,0,0,0,-1.2,0.9999894357418433,0.0
24,15,1s2.2s2.2p6.3s2.3p3,3p,3,1,3,1.5,p3,0,10,10.730818199117742,2,10,2,0,0,0,2,0,0,2,8,0,0,2,0,0,0,0,0,0,0,0,0,0,0,0,1.2,0.9999894357418433,0.0
24,14,1s2.2s2.2p6.3s2.3p2,3p,3,1,2,0.5,p1,0,11,10.145247180423096,1,10,2,0,0,0,1,0,0,2,8,0,0,2,0,0,0,0,0,0,0,0,0,0,0,0,0.6,0.9999894357418433,0.0
24,13,1s2.2s2.2p6.3s2.3p1,3p,3,1,1,0.5,p1,0,12,9.559774441642945,0,10,2,0,0,0,0,0,0,2,8,0,0,2,0,0,0,0,0,0,0,0,0,0,0,0,0.0,0.9999894357418433,0.0
24,12,1s2.2s2.2p6.3s2,3s,3,0,2,0.5,s,0,13,8.35113401342552,1,8,2,0,0,1,0,0,0,0,8,0,0,2,0,0,0,0,0,0,0,0,0,0,0,0,0.0,0.9999894357418433,0.0
24,11,1s2.2s2.2p6.3s1,3s,3,0,1,0.5,s,0,14,7.7856408855844075,0,8,2,0,0,0,0,0,0,0,8,0,0,2,0,0,0,0,0,0,0,0,0,0,0,0,0.0,0.9999894357418433,0.0
24,10,1s2.2s2.2p6,2p,2,1,6,1.5,p3,0,15,6.545979557232126,5,4,0,0,0,0,5,0,0,2,2,0,0,0,0,0,0,0,0,0,0,0,0,0,0,0,0.0,0.9999894357418433,0.0
24,9,1s2.2s2.2p5,2p,2,1,5,1.5,p3,0,16,5.88972955723213,4,4,0,0,0,0,4,0,0,2,2,0,0,0,0,0,0,0,0,0,0,0,0,0,0,0,-0.6000000000000001,0.9999894357418433,0.0
24,8,1s2.2s2.2p4,2p,2,1,4,1.5,p3,0,17,5.233479557232133,3,4,0,0,0,0,3,0,0,2,2,0,0,0,0,0,0,0,0,0,0,0,0,0,0,0,-1.2,0.9999894357418433,0.0
24,7,1s2.2s2.2p3,2p,2,1,3,1.5,p3,0,18,4.378670782625834,2,4,0,0,0,0,2,0,0,2,2,0,0,0,0,0,0,0,0,0,0,0,0,0,0,0,1.2,0.9999894357418433,0.0
24,6,1s2.2s2.2p2,2p,2,1,2,0.5,p1,0,19,3.7253535771907345,1,4,0,0,0,0,1,0,0,2,2,0,0,0,0,0,0,0,0,0,0,0,0,0,0,0,0.6,0.9999894357418433,0.0
24,5,1s2.2s2.2p1,2p,2,1,1,0.5,p1,0,20,3.0730091792350134,0,4,0,0,0,0,0,0,0,2,2,0,0,0,0,0,0,0,0,0,0,0,0,0,0,0,0.0,0.9999894357418433,0.0
24,4,1s2.2s2,2s,2,0,2,0.5,s,0,21,2.145875983124917,1,2,0,0,0,1,0,0,0,0,2,0,0,0,0,0,0,0,0,0,0,0,0,0,0,0,0.0,0.9999894357418433,0.4157231106390068
24,3,1s2.2s1,2s,2,0,1,0.5,s,0,22,1.5912208504801093,0,2,0,0,0,0,0,0,0,0,2,0,0,0,0,0,0,0,0,0,0,0,0,0,0,0,0.0,0.9999894357418433,0.4157231106390068
24,2,1s2,1s,1,0,2,0.5,s,0,23,0.625,1,0,0,0,0,1,0,0,0,0,0,0,0,0,0,0,0,0,0,0,0,0,0,0,0,0,0.0,0.9999894357418433,3.02891440593633
24,1,1s1,1s,1,0,1,0.5,s,0,24,0.0,0,0,0,0,0,0,0,0,0,0,0,0,0,0,0,0,0,0,0,0,0,0,0,0,0,0,0.0,0.9999894357418433,3.02891440593633
25,25,1s2.2s2.2p6.3s2.3p6.3d5.4s2,4s,4,0,2,0.5,s,0,1,18.443878823252476,1,13,10,0,0,1,0,0,0,0,8,5,0,8,0,0,0,0,0,0,0,0,0,0,2,0,0.0,0.9999900120853767,0.0
25,24,1s2.2s2.2p6.3s2.3p6.3d5.4s1,4s,4,0,1,0.5,s,0,2,17.780755317878572,0,13,10,0,0,0,0,0,0,0,8,5,0,8,0,0,0,0,0,0,0,0,0,0,2,0,0.0,0.9999900120853767,0.0
25,23,1s2.2s2.2p6.3s2.3p6.3d5,3d,3,2,5,2.5,d,0,3,17.516342790782076,4,0,0,18,0,0,0,4,0,0,0,0,0,0,0,16,0,0,0,0,0,0,0,0,0,2,2.2222222222222223,0.9999900120853767,0.0
25,22,1s2.2s2.2p6.3s2.3p6.3d4,3d,3,2,4,1.5,d,0,4,16.81369270190474,3,0,0,18,0,0,0,3,0,0,0,0,0,0,0,16,0,0,0,0,0,0,0,0,0,2,1.6666666666666667,0.9999900120853767,0.0
25,21,1s2.2s2.2p6.3s2.3p6.3d3,3d,3,2,3,1.5,d,0,5,16.06581898178117,2,0,0,18,0,0,0,2,0,0,0,0,0,0,0,16,0,0,0,0,0,0,0,0,0,2,1.1111111111111112,0.9999900120853767,0.0
25,20,1s2.2s2.2p6.3s2.3p6.3d2,3d,3,2,2,1.5,d,0,6,15.318236242385085,1,0,0,18,0,0,0,1,0,0,0,0,0,0,0,16,0,0,0,0,0,0,0,0,0,2,0.5555555555555556,0.9999900120853767,0.0
25,19,1s2.2s2.2p6.3s2.3p6.3d1,3d,3,2,1,1.5,d,0,7,14.615753461451872,0,0,0,18,0,0,0,0,0,0,0,0,0,0,0,16,0,0,0,0,0,0,0,0,0,2,0.0,0.9999900120853767,0.0
25,18,1s2.2s2.2p6.3s2.3p6,3p,3,1,6,1.5,p3,0,8,12.667818264554036,5,10,2,0,0,0,5,0,0,2,8,0,0,2,0,0,0,0,0,0,0,0,0,0,0,0,0.0,0.9999900120853767,0.0
25,17,1s2.2s2.2p6.3s2.3p5,3p,3,1,5,1.5,p3,0,9,12.08347223011717,4,10,2,0,0,0,4,0,0,2,8,0,0,2,0,0,0,0,0,0,0,0,0,0,0,0,-0.6000000000000001,0.9999900120853767,0.0
25,16,1s2.2s2.2p6.3s2.3p4,3p,3,1,4,1.5,p3,0,10,11.49928244974415,3,10,2,0,0,0,3,0,0,2,8,0,0,2,0,0,0,0,0,0,0,0,0,0,0,0,-1.2,0.9999900120853767,0.0
25,15,1s2.2s2.2p6.3s2.3p3,3p,3,1,3,1.5,p3,0,11,10.730818199117742,2,10,2,0,0,0,2,0,0,2,8,0,0,2,0,0,0,0,0,0,0,0,0,0,0,0,1.2,0.9999900120853767,0.0
25,14,1s2.2s2.2p6.3s2.3p2,3p,3,1,2,0.5,p1,0,12,10.145247180423096,1,10,2,0,0,0,1,0,0,2,8,0,0,2,0,0,0,0,0,0,0,0,0,0,0,0,0.6,0.9999900120853767,0.0
25,13,1s2.2s2.2p6.3s2.3p1,3p,3,1,1,0.5,p1,0,13,9.559774441642945,0,10,2,0,0,0,0,0,0,2,8,0,0,2,0,0,0,0,0,0,0,0,0,0,0,0,0.0,0.9999900120853767,0.0
25,12,1s2.2s2.2p6.3s2,3s,3,0,2,0.5,s,0,14,8.35113401342552,1,8,2,0,0,1,0,0,0,0,8,0,0,2,0,0,0,0,0,0,0,0,0,0,0,0,0.0,0.9999900120853767,0.0
25,11,1s2.2s2.2p6.3s1,3s,3,0,1,0.5,s,0,15,7.7856408855844075,0,8,2,0,0,0,0,0,0,0,8,0,0,2,0,0,0,0,0,0,0,0,0,0,0,0,0.0,0.9999900120853767,0.0
25,10,1s2.2s2.2p6,2p,2,1,6,1.5,p3,0,16,6.545979557232126,5,4,0,0,0,0,5,0,0,2,2,0,0,0,0,0,0,0,0,0,0,0,0,0,0,0,0.0,0.9999900120853767,0.0
25,9,1s2.2s2.2p5,2p,2,1,5,1.5,p3,0,17,5.88972955723213,4,4,0,0,0,0,4,0,0,2,2,0,0,0,0,0,0,0,0,0,0,0,0,0,0,0,-0.6000000000000001,0.9999900120853767,0.0
25,8,1s2.2s2.2p4,2p,2,1,4,1.5,p3,0,18,5.233479557232133,3,4,0,0,0,0,3,0,0,2,2,0,0,0,0,0,0,0,0,0,0,0,0,0,0,0,-1.2,0.9999900120853767,0.0
25,7,1s2.2s2.2p3,2p,2,1,3,1.5,p3,0,19,4.378670782625834,2,4,0,0,0,0,2,0,0,2,2,0,0,0,0,0,0,0,0,0,0,0,0,0,0,0,1.2,0.9999900120853767,0.0
25,6,1s2.2s2.2p2,2p,2,1,2,0.5,p1,0,20,3.7253535771907345,1,4,0,0,0,0,1,0,0,2,2,0,0,0,0,0,0,0,0,0,0,0,0,0,0,0,0.6,0.9999900120853767,0.0
25,5,1s2.2s2.2p1,2p,2,1,1,0.5,p1,0,21,3.0730091792350134,0,4,0,0,0,0,0,0,0,2,2,0,0,0,0,0,0,0,0,0,0,0,0,0,0,0,0.0,0.9999900120853767,0.0
25,4,1s2.2s2,2s,2,0,2,0.5,s,0,22,2.145875983124917,1,2,0,0,0,1,0,0,0,0,2,0,0,0,0,0,0,0,0,0,0,0,0,0,0,0,0.0,0.9999900120853767,0.47863511097413325
25,3,1s2.2s1,2s,2,0,1,0.5,s,0,23,1.5912208504801093,0,2,0,0,0,0,0,0,0,0,2,0,0,0,0,0,0,0,0,0,0,0,0,0,0,0,0.0,0.9999900120853767,0.47863511097413325
25,2,1s2,1s,1,0,2,0.5,s,0,24,0.625,1,0,0,0,0,1,0,0,0,0,0,0,0,0,0,0,0,0,0,0,0,0,0,0,0,0,0.0,0.9999900120853767,3.476543142323653
25,1,1s1,1s,1,0,1,0.5,s,0,25,0.0,0,0,0,0,0,0,0,0,0,0,0,0,0,0,0,0,0,0,0,0,0,0,0,0,0,0,0.0,0.9999900120853767,3.476543142323653
26,26,1s2.2s2.2p6.3s2.3p6.3d6.4s2,4s,4,0,2,0.5,s,0,1,19.185186116726868,1,14,10,0,0,1,0,0,0,0,8,6,0,8,0,0,0,0,0,0,0,0,0,0,2,0,0.0,0.9999901901155605,0.0
26,25,1s2.2s2.2p6.3s2.3p6.3d6.4s1,4s,4,0,1,0.5,s,0,2,18.535418513599666,0,14,10,0,0,0,0,0,0,0,8,6,0,8,0,0,0,0,0,0,0,0,0,0,2,0,0.0,0.9999901901155605,0.0
26,24,1s2.2s2.2p6.3s2.3p6.3d6,3d,3,2,6,2.5,d,0,3,18.477999944610033,5,0,0,18,0,0,0,5,0,0,0,0,0,0,0,16,0,0,0,0,0,0,0,0,0,2,-2.2222222222222223,0.9999901901155605,0.0
26,23,1s2.2s2.2p6.3s2.3p6.3d5,3d,3,2,5,2.5,d,0,4,17.516342790782076,4,0,0,18,0,0,0,4,0,0,0,0,0,0,0,16,0,0,0,0,0,0,0,0,0,2,2.2222222222222223,0.9999901901155605,0.0
26,22,1s2.2s2.2p6.3s2.3p6.3d4,3d,3,2,4,1.5,d,0,5,16.81369270190474,3,0,0,18,0,0,0,3,0,0,0,0,0,0,0,16,0,0,0,0,0,0,0,0,0,2,1.6666666666666667,0.9999901901155605,0.0
26,21,1s2.2s2.2p6.3s2.3p6.3d3,3d,3,2,3,1.5,d,0,6,16.06581898178117,2,0,0,18,0,0,0,2,0,0,0,0,0,0,0,16,0,0,0,0,0,0,0,0,0,2,1.1111111111111112,0.9999901901155605,0.0
26,20,1s2.2s2.2p6.3s2.3p6.3d2,3d,3,2,2,1.5,d,0,7,15.318236242385085,1,0,0,18,0,0,0,1,0,0,0,0,0,0,0,16,0,0,0,0,0,0,0,0,0,2,0.5555555555555556,0.9999901901155605,0.0
26,19,1s2.2s2.2p6.3s2.3p6.3d1,3d,3,2,1,1.5,d,0,8,14.615753461451872,0,0,0,18,0,0,0,0,0,0,0,0,0,0,0,16,0,0,0,0,0,0,0,0,0,2,0.0,0.9999901901155605,0.0
26,18,1s2.2s2.2p6.3s2.3p6,3p,3,1,6,1.5,p3,0,9,12.667818264554036,5,10,2,0,0,0,5,0,0,2,8,0,0,2,0,0,0,0,0,0,0,0,0,0,0,0,0.0,0.9999901901155605,0.0
26,17,1s2.2s2.2p6.3s2.3p5,3p,3,1,5,1.5,p3,0,10,12.08347223011717,4,10,2,0,0,0,4,0,0,2,8,0,0,2,0,0,0,0,0,0,0,0,0,0,0,0,-0.6000000000000001,0.9999901901155605,0.0
26,16,1s2.2s2.2p6.3s2.3p4,3p,3,1,4,1.5,p3,0,11,11.49928244974415,3,10,2,0,0,0,3,0,0,2,8,0,0,2,0,0,0,0,0,0,0,0,0,0,0,0,-1.2,0.9999901901155605,0.0
26,15,1s2.2s2.2p6.3s2.3p3,3p,3,1,3,1.5,p3,0,12,10.730818199117742,2,10,2,0,0,0,2,0,0,2,8,0,0,2,0,0,0,0,0,0,0,0,0,0,0,0,1.2,0.9999901901155605,0.0
26,14,1s2.2s2.2p6.3s2.3p2,3p,3,1,2,0.5,p1,0,13,10.145247180423096,1,10,2,0,0,0,1,0,0,2,8,0,0,2,0,0,0,0,0,0,0,0,0,0,0,0,0.6,0.9999901901155605,0.0
26,13,1s2.2s2.2p6.3s2.3p1,3p,3,1,1,0.5,p1,0,14,9.559774441642945,0,10,2,0,0,0,0,0,0,2,8,0,0,2,0,0,0,0,0,0,0,0,0,0,0,0,0.0,0.9999901901155605,0.0
26,12,1s2.2s2.2p6.3s2,3s,3,0,2,0.5,s,0,15,8.35113401342552,1,8,2,0,0,1,0,0,0,0,8,0,0,2,0,0,0,0,0,0,0,0,0,0,0,0,0.0,0.9999901901155605,0.0
26,11,1s2.2s2.2p6.3s1,3s,3,0,1,0.5,s,0,16,7.7856408855844075,0,8,2,0,0,0,0,0,0,0,8,0,0,2,0,0,0,0,0,0,0,0,0,0,0,0,0.0,0.9999901901155605,0.0
26,10,1s2.2s2.2p6,2p,2,1,6,1.5,p3,0,17,6.545979557232126,5,4,0,0,0,0,5,0,0,2,2,0,0,0,0,0,0,0,0,0,0,0,0,0,0,0,0.0,0.9999901901155605,0.0
26,9,1s2.2s2.2p5,2p,2,1,5,1.5,p3,0,18,5.88972955723213,4,4,0,0,0,0,4,0,0,2,2,0,0,0,0,0,0,0,0,0,0,0,0,0,0,0,-0.6000000000000001,0.9999901901155605,0.0
26,8,1s2.2s2.2p4,2p,2,1,4,1.5,p3,0,19,5.233479557232133,3,4,0,0,0,0,3,0,0,2,2,0,0,0,0,0,0,0,0,0,0,0,0,0,0,0,-1.2,0.9999901901155605,0.0
26,7,1s2.2s2.2p3,2p,2,1,3,1.5,p3,0,20,4.378670782625834,2,4,0,0,0,0,2,0,0,2,2,0,0,0,0,0,0,0,0,0,0,0,0,0,0,0,1.2,0.9999901901155605,0.0
26,6,1s2.2s2.2p2,2p,2,1,2,0.5,p1,0,21,3.7253535771907345,1,4,0,0,0,0,1,0,0,2,2,0,0,0,0,0,0,0,0,0,0,0,0,0,0,0,0.6,0.9999901901155605,0.0
26,5,1s2.2s2.2p1,2p,2,1,1,0.5,p1,0,22,3.0730091792350134,0,4,0,0,0,0,0,0,0,2,2,0,0,0,0,0,0,0,0,0,0,0,0,0,0,0,0.0,0.9999901901155605,0.0
26,4,1s2.2s2,2s,2,0,2,0.5,s,0,23,2.145875983124917,1,2,0,0,0,1,0,0,0,0,2,0,0,0,0,0,0,0,0,0,0,0,0,0,0,0,0.0,0.9999901901155605,0.5479198721959618
26,3,1s2.2s1,2s,2,0,1,0.5,s,0,24,1.5912208504801093,0,2,0,0,0,0,0,0,0,0,2,0,0,0,0,0,0,0,0,0,0,0,0,0,0,0,0.0,0.9999901901155605,0.5479198721959618
26,2,1s2,1s,1,0,2,0.5,s,0,25,0.625,1,0,0,0,0,1,0,0,0,0,0,0,0,0,0,0,0,0,0,0,0,0,0,0,0,0,0.0,0.9999901901155605,3.967360797598993
26,1,1s1,1s,1,0,1,0.5,s,0,26,0.0,0,0,0,0,0,0,0,0,0,0,0,0,0,0,0,0,0,0,0,0,0,0,0,0,0,0,0.0,0.9999901901155605,3.967360797598993
27,27,1s2.2s2.2p6.3s2.3p6.3d7.4s2,4s,4,0,2,0.5,s,1,1,19.926493410201374,1,15,10,0,0,1,0,0,0,0,8,7,0,8,0,0,0,0,0,0,0,0,0,0,2,0,0.0,0.9999906891864211,0.0
27,26,1s2.2s2.2p6.3s2.3p6.3d8,3d,3,2,8,2.5,d,0,2,19.92856167011884,7,0,0,18,0,0,0,7,0,0,0,0,0,0,0,16,0,0,0,0,0,0,0,0,0,2,-1.1111111111111112,0.9999906891864211,0.0
27,25,1s2.2s2.2p6.3s2.3p6.3d7,3d,3,2,7,2.5,d,0,3,19.180019458485546,6,0,0,18,0,0,0,6,0,0,0,0,0,0,0,16,0,0,0,0,0,0,0,0,0,2,-1.6666666666666665,0.9999906891864211,0.0
27,24,1s2.2s2.2p6.3s2.3p6.3d6,3d,3,2,6,2.5,d,0,4,18.477999944610033,5,0,0,18,0,0,0,5,0,0,0,0,0,0,0,16,0,0,0,0,0,0,0,0,0,2,-2.2222222222222223,0.9999906891864211,0.0
27,23,1s2.2s2.2p6.3s2.3p6.3d5,3d,3,2,5,2.5,d,0,5,17.516342790782076,4,0,0,18,0,0,0,4,0,0,0,0,0,0,0,16,0,0,0,0,0,0,0,0,0,2,2.2222222222222223,0.9999906891864211,0.0
27,22,1s2.2s2.2p6.3s2.3p6.3d4,3d,3,2,4,1.5,d,0,6,16.81369270190474,3,0,0,18,0,0,0,3,0,0,0,0,0,0,0,16,0,0,0,0,0,0,0,0,0,2,1.6666666666666667,0.9999906891864211,0.0
27,21,1s2.2s2.2p6.3s2.3p6.3d3,3d,3,2,3,1.5,d,0,7,16.06581898178117,2,0,0,18,0,0,0,2,0,0,0,0,0,0,0,16,0,0,0,0,0,0,0,0,0,2,1.1111111111111112,0.9999906891864211,0.0
27,20,1s2.2s2.2p6.3s2.3p6.3d2,3d,3,2,2,1.5,d,0,8,15.318236242385085,1,0,0,18,0,0,0,1,0,0,0,0,0,0,0,16,0,0,0,0,0,0,0,0,0,2,0.5555555555555556,0.9999906891864211,0.0
27,19,1s2.2s2.2p6.3s2.3p6.3d1,3d,3,2,1,1.5,d,0,9,14.615753461451872,0,0,0,18,0,0,0,0,0,0,0,0,0,0,0,16,0,0,0,0,0,0,0,0,0,2,0.0,0.9999906891864211,0.0
27,18,1s2.2s2.2p6.3s2.3p6,3p,3,1,6,1.5,p3,0,10,12.667818264554036,5,10,2,0,0,0,5,0,0,2,8,0,0,2,0,0,0,0,0,0,0,0,0,0,0,0,0.0,0.9999906891864211,0.0
27,17,1s2.2s2.2p6.3s2.3p5,3p,3,1,5,1.5,p3,0,11,12.08347223011717,4,10,2,0,0,0,4,0,0,2,8,0,0,2,0,0,0,0,0,0,0,0,0,0,0,0,-0.6000000000000001,0.9999906891864211,0.0
27,16,1s2.2s2.2p6.3s2.3p4,3p,3,1,4,1.5,p3,0,12,11.49928244974415,3,10,2,0,0,0,3,0,0,2,8,0,0,2,0,0,0,0,0,0,0,0,0,0,0,0,-1.2,0.9999906891864211,0.0
27,15,1s2.2s2.2p6.3s2.3p3,3p,3,1,3,1.5,p3,0,13,10.730818199117742,2,10,2,0,0,0,2,0,0,2,8,0,0,2,0,0,0,0,0,0,0,0,0,0,0,0,1.2,0.9999906891864211,0.0
27,14,1s2.2s2.2p6.3s2.3p2,3p,3,1,2,0.5,p1,0,14,10.145247180423096,1,10,2,0,0,0,1,0,0,2,8,0,0,2,0,0,0,0,0,0,0,0,0,0,0,0,0.6,0.9999906891864211,0.0
27,13,1s2.2s2.2p6.3s2.3p1,3p,3,1,1,0.5,p1,0,15,9.559774441642945,0,10,2,0,0,0,0,0,0,2,8,0,0,2,0,0,0,0,0,0,0,0,0,0,0,0,0.0,0.9999906891864211,0.0
27,12,1s2.2s2.2p6.3s2,3s,3,0,2,0.5,s,0,16,8.35113401342552,1,8,2,0,0,1,0,0,0,0,8,0,0,2,0,0,0,0,0,0,0,0,0,0,0,0,0.0,0.9999906891864211,0.0
27,11,1s2.2s2.2p6.3s1,3s,3,0,1,0.5,s,0,17,7.7856408855844075,0,8,2,0,0,0,0,0,0,0,8,0,0,2,0,0,0,0,0,0,0,0,0,0,0,0,0.0,0.9999906891864211,0.0
27,10,1s2.2s2.2p6,2p,2,1,6,1.5,p3,0,18,6.545979557232126,5,4,0,0,0,0,5,0,0,2,2,0,0,0,0,0,0,0,0,0,0,0,0,0,0,0,0.0,0.9999906891864211,0.0
27,9,1s2.2s2.2p5,2p,2,1,5,1.5,p3,0,19,5.88972955723213,4,4,0,0,0,0,4,0,0,2,2,0,0,0,0,0,0,0,0,0,0,0,0,0,0,0,-0.6000000000000001,0.9999906891864211,0.0
27,8,1s2.2s2.2p4,2p,2,1,4,1.5,p3,0,20,5.233479557232133,3,4,0,0,0,0,3,0,0,2,2,0,0,0,0,0,0,0,0,0,0,0,0,0,0,0,-1.2,0.9999906891864211,0.0
27,7,1s2.2s2.2p3,2p,2,1,3,1.5,p3,0,21,4.378670782625834,2,4,0,0,0,0,2,0,0,2,2,0,0,0,0,0,0,0,0,0,0,0,0,0,0,0,1.2,0.9999906891864211,0.0
27,6,1s2.2s2.2p2,2p,2,1,2,0.5,p1,0,22,3.7253535771907345,1,4,0,0,0,0,1,0,0,2,2,0,0,0,0,0,0,0,0,0,0,0,0,0,0,0,0.6,0.9999906891864211,0.0
27,5,1s2.2s2.2p1,2p,2,1,1,0.5,p1,0,23,3.0730091792350134,0,4,0,0,0,0,0,0,0,2,2,0,0,0,0,0,0,0,0,0,0,0,0,0,0,0,0.0,0.9999906891864211,0.0
27,4,1s2.2s2,2s,2,0,2,0.5,s,0,24,2.145875983124917,1,2,0,0,0,1,0,0,0,0,2,0,0,0,0,0,0,0,0,0,0,0,0,0,0,0,0.0,0.9999906891864211,0.624107174880541
27,3,1s2.2s1,2s,2,0,1,0.5,s,0,25,1.5912208504801093,0,2,0,0,0,0,0,0,0,0,2,0,0,0,0,0,0,0,0,0,0,0,0,0,0,0,0.0,0.9999906891864211,0.624107174880541
27,2,1s2,1s,1,0,2,0.5,s,0,26,0.625,1,0,0,0,0,1,0,0,0,0,0,0,0,0,0,0,0,0,0,0,0,0,0,0,0,0,0.0,0.9999906891864211,4.504802423754061
27,1,1s1,1s,1,0,1,0.5,s,0,27,0.0,0,0,0,0,0,0,0,0,0,0,0,0,0,0,0,0,0,0,0,0,0,0,0,0,0,0,0.0,0.9999906891864211,4.504802423754061
28,28,1s2.2s2.2p6.3s2.3p6.3d8.4s2,4s,4,0,2,0.5,s,1,1,20.667800703675766,1,16,10,0,0,1,0,0,0,0,8,8,0,8,0,0,0,0,0,0,0,0,0,0,2,0,0.0,0.9999905286886023,0.0
28,27,1s2.2s2.2p6.3s2.3p6.3d9,3d,3,2,9,2.5,d,0,2,20.677223194122995,8,0,0,18,0,0,0,8,0,0,0,0,0,0,0,16,0,0,0,0,0,0,0,0,0,2,-0.5555555555555554,0.9999905286886023,0.0
28,26,1s2.2s2.2p6.3s2.3p6.3d8,3d,3,2,8,2.5,d,0,3,19.92856167011884,7,0,0,18,0,0,0,7,0,0,0,0,0,0,0,16,0,0,0,0,0,0,0,0,0,2,-1.1111111111111112,0.9999905286886023,0.0
28,25,1s2.2s2.2p6.3s2.3p6.3d7,3d,3,2,7,2.5,d,0,4,19.180019458485546,6,0,0,18,0,0,0,6,0,0,0,0,0,0,0,16,0,0,0,0,0,0,0,0,0,2,-1.6666666666666665,0.9999905286886023,0.0
28,24,1s2.2s2.2p6.3s2.3p6.3d6,3d,3,2,6,2.5,d,0,5,18.477999944610033,5,0,0,18,0,0,0,5,0,0,0,0,0,0,0,16,0,0,0,0,0,0,0,0,0,2,-2.2222222222222223,0.9999905286886023,0.0
28,23,1s2.2s2.2p6.3s2.3p6.3d5,3d,3,2,5,2.5,d,0,6,17.516342790782076,4,0,0,18,0,0,0,4,0,0,0,0,0,0,0,16,0,0,0,0,0,0,0,0,0,2,2.2222222222222223,0.9999905286886023,0.0
28,22,1s2.2s2.2p6.3s2.3p6.3d4,3d,3,2,4,1.5,d,0,7,16.81369270190474,3,0,0,18,0,0,0,3,0,0,0,0,0,0,0,16,0,0,0,0,0,0,0,0,0,2,1.6666666666666667,0.9999905286886023,0.0
28,21,1s2.2s2.2p6.3s2.3p6.3d3,3d,3,2,3,1.5,d,0,8,16.06581898178117,2,0,0,18,0,0,0,2,0,0,0,0,0,0,0,16,0,0,0,0,0,0,0,0,0,2,1.1111111111111112,0.9999905286886023,0.0
28,20,1s2.2s2.2p6.3s2.3p6.3d2,3d,3,2,2,1.5,d,0,9,15.318236242385085,1,0,0,18,0,0,0,1,0,0,0,0,0,0,0,16,0,0,0,0,0,0,0,0,0,2,0.5555555555555556,0.9999905286886023,0.0
28,19,1s2.2s2.2p6.3s2.3p6.3d1,3d,3,2,1,1.5,d,0,10,14.615753461451872,0,0,0,18,0,0,0,0,0,0,0,0,0,0,0,16,0,0,0,0,0,0,0,0,0,2,0.0,0.9999905286886023,0.0
28,18,1s2.2s2.2p6.3s2.3p6,3p,3,1,6,1.5,p3,0,11,12.667818264554036,5,10,2,0,0,0,5,0,0,2,8,0,0,2,0,0,0,0,0,0,0,0,0,0,0,0,0.0,0.9999905286886023,0.0
28,17,1s2.2s2.2p6.3s2.3p5,3p,3,1,5,1.5,p3,0,12,12.08347223011717,4,10,2,0,0,0,4,0,0,2,8,0,0,2,0,0,0,0,0,0,0,0,0,0,0,0,-0.6000000000000001,0.9999905286886023,0.0
28,16,1s2.2s2.2p6.3s2.3p4,3p,3,1,4,1.5,p3,0,13,11.49928244974415,3,10,2,0,0,0,3,0,0,2,8,0,0,2,0,0,0,0,0,0,0,0,0,0,0,0,-1.2,0.9999905286886023,0.0
28,15,1s2.2s2.2p6.3s2.3p3,3p,3,1,3,1.5,p3,0,14,10.730818199117742,2,10,2,0,0,0,2,0,0,2,8,0,0,2,0,0,0,0,0,0,0,0,0,0,0,0,1.2,0.9999905286886023,0.0
28,14,1s2.2s2.2p6.3s2.3p2,3p,3,1,2,0.5,p1,0,15,10.145247180423096,1,10,2,0,0,0,1,0,0,2,8,0,0,2,0,0,0,0,0,0,0,0,0,0,0,0,0.6,0.9999905286886023,0.0
28,13,1s2.2s2.2p6.3s2.3p1,3p,3,1,1,0.5,p1,0,16,9.559774441642945,0,10,2,0,0,0,0,0,0,2,8,0,0,2,0,0,0,0,0,0,0,0,0,0,0,0,0.0,0.9999905286886023,0.0
28,12,1s2.2s2.2p6.3s2,3s,3,0,2,0.5,s,0,17,8.35113401342552,1,8,2,0,0,1,0,0,0,0,8,0,0,2,0,0,0,0,0,0,0,0,0,0,0,0,0.0,0.9999905286886023,0.0
28,11,1s2.2s2.2p6.3s1,3s,3,0,1,0.5,s,0,18,7.7856408855844075,0,8,2,0,0,0,0,0,0,0,8,0,0,2,0,0,0,0,0,0,0,0,0,0,0,0,0.0,0.9999905286886023,0.0
28,10,1s2.2s2.2p6,2p,2,1,6,1.5,p3,0,19,6.545979557232126,5,4,0,0,0,0,5,0,0,2,2,0,0,0,0,0,0,0,0,0,0,0,0,0,0,0,0.0,0.9999905286886023,0.0
28,9,1s2.2s2.2p5,2p,2,1,5,1.5,p3,0,20,5.88972955723213,4,4,0,0,0,0,4,0,0,2,2,0,0,0,0,0,0,0,0,0,0,0,0,0,0,0,-0.6000000000000001,0.9999905286886023,0.0
28,8,1s2.2s2.2p4,2p,2,1,4,1.5,p3,0,21,5.233479557232133,3,4,0,0,0,0,3,0,0,2,2,0,0,0,0,0,0,0,0,0,0,0,0,0,0,0,-1.2,0.9999905286886023,0.0
28,7,1s2.2s2.2p3,2p,2,1,3,1.5,p3,0,22,4.378670782625834,2,4,0,0,0,0,2,0,0,2,2,0,0,0,0,0,0,0,0,0,0,0,0,0,0,0,1.2,0.9999905286886023,0.0
28,6,1s2.2s2.2p2,2p,2,1,2,0.5,p1,0,23,3.7253535771907345,1,4,0,0,0,0,1,0,0,2,2,0,0,0,0,0,0,0,0,0,0,0,0,0,0,0,0.6,0.9999905286886023,0.0
28,5,1s2.2s2.2p1,2p,2,1,1,0.5,p1,0,24,3.0730091792350134,0,4,0,0,0,0,0,0,0,2,2,0,0,0,0,0,0,0,0,0,0,0,0,0,0,0,0.0,0.9999905286886023,0.0
28,4,1s2.2s2,2s,2,0,2,0.5,s,0,25,2.145875983124917,1,2,0,0,0,1,0,0,0,0,2,0,0,0,0,0,0,0,0,0,0,0,0,0,0,0,0.0,0.9999905286886023,0.7072333090521697
28,3,1s2.2s1,2s,2,0,1,0.5,s,0,26,1.5912208504801093,0,2,0,0,0,0,0,0,0,0,2,0,0,0,0,0,0,0,0,0,0,0,0,0,0,0,0.0,0.9999905286886023,0.7072333090521697
28,2,1s2,1s,1,0,2,0.5,s,0,27,0.625,1,0,0,0,0,1,0,0,0,0,0,0,0,0,0,0,0,0,0,0,0,0,0,0,0,0,0.0,0.9999905286886023,5.088428456914685
28,1,1s1,1s,1,0,1,0.5,s,0,28,0.0,0,0,0,0,0,0,0,0,0,0,0,0,0,0,0,0,0,0,0,0,0,0,0,0,0,0,0.0,0.9999905286886023,5.088428456914685
29,29,1s2.2s2.2p6.3s2.3p6.3d10.4s1,4s,4,0,1,0.5,s,0,1,21.554071296483926,0,18,10,0,0,0,0,0,0,0,8,10,0,8,0,0,0,0,0,0,0,0,0,0,2,0,0.0,0.9999912804638793,0.0
29,28,1s2.2s2.2p6.3s2.3p6.3d10,3d,3,2,10,2.5,d,0,2,21.379455336979806,9,0,0,18,0,0,0,9,0,0,0,0,0,0,0,16,0,0,0,0,0,0,0,0,0,2,0.0,0.9999912804638793,0.0
29,27,1s2.2s2.2p6.3s2.3p6.3d9,3d,3,2,9,2.5,d,0,3,20.677223194122995,8,0,0,18,0,0,0,8,0,0,0,0,0,0,0,16,0,0,0,0,0,0,0,0,0,2,-0.5555555555555554,0.9999912804638793,0.0
29,26,1s2.2s2.2p6.3s2.3p6.3d8,3d,3,2,8,2.5,d,0,4,19.92856167011884,7,0,0,18,0,0,0,7,0,0,0,0,0,0,0,16,0,0,0,0,0,0,0,0,0,2,-1.1111111111111112,0.9999912804638793,0.0
29,25,1s2.2s2.2p6.3s2.3p6.3d7,3d,3,2,7,2.5,d,0,5,19.180019458485546,6,0,0,18,0,0,0,6,0,0,0,0,0,0,0,16,0,0,0,0,0,0,0,0,0,2,-1.6666666666666665,0.9999912804638793,0.0
29,24,1s2.2s2.2p6.3s2.3p6.3d6,3d,3,2,6,2.5,d,0,6,18.477999944610033,5,0,0,18,0,0,0,5,0,0,0,0,0,0,0,16,0,0,0,0,0,0,0,0,0,2,-2.2222222222222223,0.9999912804638793,0.0
29,23,1s2.2s2.2p6.3s2.3p6.3d5,3d,3,2,5,2.5,d,0,7,17.516342790782076,4,0,0,18,0,0,0,4,0,0,0,0,0,0,0,16,0,0,0,0,0,0,0,0,0,2,2.2222222222222223,0.9999912804638793,0.0
29,22,1s2.2s2.2p6.3s2.3p6.3d4,3d,3,2,4,1.5,d,0,8,16.81369270190474,3,0,0,18,0,0,0,3,0,0,0,0,0,0,0,16,0,0,0,0,0,0,0,0,0,2,1.6666666666666667,0.9999912804638793,0.0
29,21,1s2.2s2.2p6.3s2.3p6.3d3,3d,3,2,3,1.5,d,0,9,16.06581898178117,2,0,0,18,0,0,0,2,0,0,0,0,0,0,0,16,0,0,0,0,0,0,0,0,0,2,1.1111111111111112,0.9999912804638793,0.0
29,20,1s2.2s2.2p6.3s2.3p6.3d2,3d,3,2,2,1.5,d,0,10,15.318236242385085,1,0,0,18,0,0,0,1,0,0,0,0,0,0,0,16,0,0,0,0,0,0,0,0,0,2,0.5555555555555556,0.9999912804638793,0.0
29,19,1s2.2s2.2p6.3s2.3p6.3d1,3d,3,2,1,1.5,d,0,11,14.615753461451872,0,0,0,18,0,0,0,0,0,0,0,0,0,0,0,16,0,0,0,0,0,0,0,0,0,2,0.0,0.9999912804638793,0.0
29,18,1s2.2s2.2p6.3s2.3p6,3p,3,1,6,1.5,p3,0,12,12.667818264554036,5,10,2,0,0,0,5,0,0,2,8,0,0,2,0,0,0,0,0,0,0,0,0,0,0,0,0.0,0.9999912804638793,0.0
29,17,1s2.2s2.2p6.3s2.3p5,3p,3,1,5,1.5,p3,0,13,12.08347223011717,4,10,2,0,0,0,4,0,0,2,8,0,0,2,0,0,0,0,0,0,0,0,0,0,0,0,-0.6000000000000001,0.9999912804638793,0.0
29,16,1s2.2s2.2p6.3s2.3p4,3p,3,1,4,1.5,p3,0,14,11.49928244974415,3,10,2,0,0,0,3,0,0,2,8,0,0,2,0,0,0,0,0,0,0,0,0,0,0,0,-1.2,0.9999912804638793,0.0
29,15,1s2.2s2.2p6.3s2.3p3,3p,3,1,3,1.5,p3,0,15,10.730818199117742,2,10,2,0,0,0,2,0,0,2,8,0,0,2,0,0,0,0,0,0,0,0,0,0,0,0,1.2,0.9999912804638793,0.0
29,14,1s2.2s2.2p6.3s2.3p2,3p,3,1,2,0.5,p1,0,16,10.145247180423096,1,10,2,0,0,0,1,0,0,2,8,0,0,2,0,0,0,0,0,0,0,0,0,0,0,0,0.6,0.9999912804638793,0.0
29,13,1s2.2s2.2p6.3s2.3p1,3p,3,1,1,0.5,p1,0,17,9.559774441642945,0,10,2,0,0,0,0,0,0,2,8,0,0,2,0,0,0,0,0,0,0,0,0,0,0,0,0.0,0.9999912804638793,0.0
29,12,1s2.2s2.2p6.3s2,3s,3,0,2,0.5,s,0,18,8.35113401342552,1,8,2,0,0,1,0,0,0,0,8,0,0,2,0,0,0,0,0,0,0,0,0,0,0,0,0.0,0.9999912804638793,0.0
29,11,1s2.2s2.2p6.3s1,3s,3,0,1,0.5,s,0,19,7.7856408855844075,0,8,2,0,0,0,0,0,0,0,8,0,0,2,0,0,0,0,0,0,0,0,0,0,0,0,0.0,0.9999912804638793,0.0
29,10,1s2.2s2.2p6,2p,2,1,6,1.5,p3,0,20,6.545979557232126,5,4,0,0,0,0,5,0,0,2,2,0,0,0,0,0,0,0,0,0,0,0,0,0,0,0,0.0,0.9999912804638793,0.0
29,9,1s2.2s2.2p5,2p,2,1,5,1.5,p3,0,21,5.88972955723213,4,4,0,0,0,0,4,0,0,2,2,0,0,0,0,0,0,0,0,0,0,0,0,0,0,0,-0.6000000000000001,0.9999912804638793,0.0
29,8,1s2.2s2.2p4,2p,2,1,4,1.5,p3,0,22,5.233479557232133,3,4,0,0,0,0,3,0,0,2,2,0,0,0,0,0,0,0,0,0,0,0,0,0,0,0,-1.2,0.9999912804638793,0.0
29,7,1s2.2s2.2p3,2p,2,1,3,1.5,p3,0,23,4.378670782625834,2,4,0,0,0,0,2,0,0,2,2,0,0,0,0,0,0,0,0,0,0,0,0,0,0,0,1.2,0.9999912804638793,0.0
29,6,1s2.2s2.2p2,2p,2,1,2,0.5,p1,0,24,3.7253535771907345,1,4,0,0,0,0,1,0,0,2,2,0,0,0,0,0,0,0,0,0,0,0,0,0,0,0,0.6,0.9999912804638793,0.0
29,5,1s2.2s2.2p1,2p,2,1,1,0.5,p1,0,25,3.0730091792350134,0,4,0,0,0,0,0,0,0,2,2,0,0,0,0,0,0,0,0,0,0,0,0,0,0,0,0.0,0.9999912804638793,0.0
29,4,1s2.2s2,2s,2,0,2,0.5,s,0,26,2.145875983124917,1,2,0,0,0,1,0,0,0,0,2,0,0,0,0,0,0,0,0,0,0,0,0,0,0,0,0.0,0.9999912804638793,0.7986228469691464
29,3,1s2.2s1,2s,2,0,1,0.5,s,0,27,1.5912208504801093,0,2,0,0,0,0,0,0,0,0,2,0,0,0,0,0,0,0,0,0,0,0,0,0,0,0,0.0,0.9999912804638793,0.7986228469691464
29,2,1s2,1s,1,0,2,0.5,s,0,28,0.625,1,0,0,0,0,1,0,0,0,0,0,0,0,0,0,0,0,0,0,0,0,0,0,0,0,0,0.0,0.9999912804638793,5.727689092245694
29,1,1s1,1s,1,0,1,0.5,s,0,29,0.0,0,0,0,0,0,0,0,0,0,0,0,0,0,0,0,0,0,0,0,0,0,0,0,0,0,0,0.0,0.9999912804638793,5.727689092245694
30,30,1s2.2s2.2p6.3s2.3p6.3d10.4s2,4s,4,0,2,0.5,s,0,1,22.126593730819764,1,18,10,0,0,1,0,0,0,0,8,10,0,8,0,0,0,0,0,0,0,0,0,0,2,0,0.0,0.9999914167510686,0.0
30,29,1s2.2s2.2p6.3s2.3p6.3d10.4s1,4s,4,0,1,0.5,s,0,2,21.554071296483926,0,18,10,0,0,0,0,0,0,0,8,10,0,8,0,0,0,0,0,0,0,0,0,0,2,0,0.0,0.9999914167510686,0.0
30,28,1s2.2s2.2p6.3s2.3p6.3d10,3d,3,2,10,2.5,d,0,3,21.379455336979806,9,0,0,18,0,0,0,9,0,0,0,0,0,0,0,16,0,0,0,0,0,0,0,0,0,2,0.0,0.9999914167510686,0.0
30,27,1s2.2s2.2p6.3s2.3p6.3d9,3d,3,2,9,2.5,d,0,4,20.677223194122995,8,0,0,18,0,0,0,8,0,0,0,0,0,0,0,16,0,0,0,0,0,0,0,0,0,2,-0.5555555555555554,0.9999914167510686,0.0
30,26,1s2.2s2.2p6.3s2.3p6.3d8,3d,3,2,8,2.5,d,0,5,19.92856167011884,7,0,0,18,0,0,0,7,0,0,0,0,0,0,0,16,0,0,0,0,0,0,0,0,0,2,-1.1111111111111112,0.9999914167510686,0.0
30,25,1s2.2s2.2p6.3s2.3p6.3d7,3d,3,2,7,2.5,d,0,6,19.180019458485546,6,0,0,18,0,0,0,6,0,0,0,0,0,0,0,16,0,0,0,0,0,0,0,0,0,2,-1.6666666666666665,0.9999914167510686,0.0
30,24,1s2.2s2.2p6.3s2.3p6.3d6,3d,3,2,6,2.5,d,0,7,18.477999944610033,5,0,0,18,0,0,0,5,0,0,0,0,0,0,0,16,0,0,0,0,0,0,0,0,0,2,-2.2222222222222223,0.9999914167510686,0.0
30,23,1s2.2s2.2p6.3s2.3p6.3d5,3d,3,2,5,2.5,d,0,8,17.516342790782076,4,0,0,18,0,0,0,4,0,0,0,0,0,0,0,16,0,0,0,0,0,0,0,0,0,2,2.2222222222222223,0.9999914167510686,0.0
30,22,1s2.2s2.2p6.3s2.3p6.3d4,3d,3,2,4,1.5,d,0,9,16.81369270190474,3,0,0,18,0,0,0,3,0,0,0,0,0,0,0,16,0,0,0,0,0,0,0,0,0,2,1.6666666666666667,0.9999914167510686,0.0
30,21,1s2.2s2.2p6.3s2.3p6.3d3,3d,3,2,3,1.5,d,0,10,16.06581898178117,2,0,0,18,0,0,0,2,0,0,0,0,0,0,0,16,0,0,0,0,0,0,0,0,0,2,1.1111111111111112,0.9999914167510686,0.0
30,20,1s2.2s2.2p6.3s2.3p6.3d2,3d,3,2,2,1.5,d,0,11,15.318236242385085,1,0,0,18,0,0,0,1,0,0,0,0,0,0,0,16,0,0,0,0,0,0,0,0,0,2,0.5555555555555556,0.9999914167510686,0.0
30,19,1s2.2s2.2p6.3s2.3p6.3d1,3d,3,2,1,1.5,d,0,12,14.615753461451872,0,0,0,18,0,0,0,0,0,0,0,0,0,0,0,16,0,0,0,0,0,0,0,0,0,2,0.0,0.9999914167510686,0.0
30,18,1s2.2s2.2p6.3s2.3p6,3p,3,1,6,1.5,p3,0,13,12.667818264554036,5,10,2,0,0,0,5,0,0,2,8,0,0,2,0,0,0,0,0,0,0,0,0,0,0,0,0.0,0.9999914167510686,0.0
30,17,1s2.2s2.2p6.3s2.3p5,3p,3,1,5,1.5,p3,0,14,12.08347223011717,4,10,2,0,0,0,4,0,0,2,8,0,0,2,0,0,0,0,0,0,0,0,0,0,0,0,-0.6000000000000001,0.9999914167510686,0.0
30,16,1s2.2s2.2p6.3s2.3p4,3p,3,1,4,1.5,p3,0,15,11.49928244974415,3,10,2,0,0,0,3,0,0,2,8,0,0,2,0,0,0,0,0,0,0,0,0,0,0,0,-1.2,0.9999914167510686,0.0
30,15,1s2.2s2.2p6.3s2.3p3,3p,3,1,3,1.5,p3,0,16,10.730818199117742,2,10,2,0,0,0,2,0,0,2,8,0,0,2,0,0,0,0,0,0,0,0,0,0,0,0,1.2,0.9999914167510686,0.0
30,14,1s2.2s2.2p6.3s2.3p2,3p,3,1,2,0.5,p1,0,17,10.145247180423096,1,10,2,0,0,0,1,0,0,2,8,0,0,2,0,0,0,0,0,0,0,0,0,0,0,0,0.6,0.9999914167510686,0.0
30,13,1s2.2s2.2p6.3s2.3p1,3p,3,1,1,0.5,p1,0,18,9.559774441642945,0,10,2,0,0,0,0,0,0,2,8,0,0,2,0,0,0,0,0,0,0,0,0,0,0,0,0.0,0.9999914167510686,0.0
30,12,1s2.2s2.2p6.3s2,3s,3,0,2,0.5,s,0,19,8.35113401342552,1,8,2,0,0,1,0,0,0,0,8,0,0,2,0,0,0,0,0,0,0,0,0,0,0,0,0.0,0.9999914167510686,0.0
30,11,1s2.2s2.2p6.3s1,3s,3,0,1,0.5,s,0,20,7.7856408855844075,0,8,2,0,0,0,0,0,0,0,8,0,0,2,0,0,0,0,0,0,0,0,0,0,0,0,0.0,0.9999914167510686,0.0
30,10,1s2.2s2.2p6,2p,2,1,6,1.5,p3,0,21,6.545979557232126,5,4,0,0,0,0,5,0,0,2,2,0,0,0,0,0,0,0,0,0,0,0,0,0,0,0,0.0,0.9999914167510686,0.0
30,9,1s2.2s2.2p5,2p,2,1,5,1.5,p3,0,22,5.88972955723213,4,4,0,0,0,0,4,0,0,2,2,0,0,0,0,0,0,0,0,0,0,0,0,0,0,0,-0.6000000000000001,0.9999914167510686,0.0
30,8,1s2.2s2.2p4,2p,2,1,4,1.5,p3,0,23,5.233479557232133,3,4,0,0,0,0,3,0,0,2,2,0,0,0,0,0,0,0,0,0,0,0,0,0,0,0,-1.2,0.9999914167510686,0.0
30,7,1s2.2s2.2p3,2p,2,1,3,1.5,p3,0,24,4.378670782625834,2,4,0,0,0,0,2,0,0,2,2,0,0,0,0,0,0,0,0,0,0,0,0,0,0,0,1.2,0.9999914167510686,0.0
30,6,1s2.2s2.2p2,2p,2,1,2,0.5,p1,0,25,3.7253535771907345,1,4,0,0,0,0,1,0,0,2,2,0,0,0,0,0,0,0,0,0,0,0,0,0,0,0,0.6,0.9999914167510686,0.0
30,5,1s2.2s2.2p1,2p,2,1,1,0.5,p1,0,26,3.0730091792350134,0,4,0,0,0,0,0,0,0,2,2,0,0,0,0,0,0,0,0,0,0,0,0,0,0,0,0.0,0.9999914167510686,0.0
30,4,1s2.2s2,2s,2,0,2,0.5,s,0,27,2.145875983124917,1,2,0,0,0,1,0,0,0,0,2,0,0,0,0,0,0,0,0,0,0,0,0,0,0,0,0.0,0.9999914167510686,0.8977909980492207
30,3,1s2.2s1,2s,2,0,1,0.5,s,0,28,1.5912208504801093,0,2,0,0,0,0,0,0,0,0,2,0,0,0,0,0,0,0,0,0,0,0,0,0,0,0,0.0,0.9999914167510686,0.8977909980492207
30,2,1s2,1s,1,0,2,0.5,s,0,29,0.625,1,0,0,0,0,1,0,0,0,0,0,0,0,0,0,0,0,0,0,0,0,0,0,0,0,0,0.0,0.9999914167510686,6.41803381377898
30,1,1s1,1s,1,0,1,0.5,s,0,30,0.0,0,0,0,0,0,0,0,0,0,0,0,0,0,0,0,0,0,0,0,0,0,0,0,0,0,0,0.0,0.9999914167510686,6.41803381377898
31,31,1s2.2s2.2p6.3s2.3p6.3d10.4s2.4p1,4p,4,1,1,0.5,p1,0,1,23.681451647104154,0,20,10,0,0,0,0,0,0,2,8,10,0,8,0,0,0,0,0,0,0,0,0,0,2,0,0.0,0.9999920390405451,0.0
31,30,1s2.2s2.2p6.3s2.3p6.3d10.4s2,4s,4,0,2,0.5,s,0,2,22.126593730819764,1,18,10,0,0,1,0,0,0,0,8,10,0,8,0,0,0,0,0,0,0,0,0,0,2,0,0.0,0.9999920390405451,0.0
31,29,1s2.2s2.2p6.3s2.3p6.3d10.4s1,4s,4,0,1,0.5,s,0,3,21.554071296483926,0,18,10,0,0,0,0,0,0,0,8,10,0,8,0,0,0,0,0,0,0,0,0,0,2,0,0.0,0.9999920390405451,0.0
31,28,1s2.2s2.2p6.3s2.3p6.3d10,3d,3,2,10,2.5,d,0,4,21.379455336979806,9,0,0,18,0,0,0,9,0,0,0,0,0,0,0,16,0,0,0,0,0,0,0,0,0,2,0.0,0.9999920390405451,0.0
31,27,1s2.2s2.2p6.3s2.3p6.3d9,3d,3,2,9,2.5,d,0,5,20.677223194122995,8,0,0,18,0,0,0,8,0,0,0,0,0,0,0,16,0,0,0,0,0,0,0,0,0,2,-0.5555555555555554,0.9999920390405451,0.0
31,26,1s2.2s2.2p6.3s2.3p6.3d8,3d,3,2,8,2.5,d,0,6,19.92856167011884,7,0,0,18,0,0,0,7,0,0,0,0,0,0,0,16,0,0,0,0,0,0,0,0,0,2,-1.1111111111111112,0.9999920390405451,0.0
31,25,1s2.2s2.2p6.3s2.3p6.3d7,3d,3,2,7,2.5,d,0,7,19.180019458485546,6,0,0,18,0,0,0,6,0,0,0,0,0,0,0,16,0,0,0,0,0,0,0,0,0,2,-1.6666666666666665,0.9999920390405451,0.0
31,24,1s2.2s2.2p6.3s2.3p6.3d6,3d,3,2,6,2.5,d,0,8,18.477999944610033,5,0,0,18,0,0,0,5,0,0,0,0,0,0,0,16,0,0,0,0,0,0,0,0,0,2,-2.2222222222222223,0.9999920390405451,0.0
31,23,1s2.2s2.2p6.3s2.3p6.3d5,3d,3,2,5,2.5,d,0,9,17.516342790782076,4,0,0,18,0,0,0,4,0,0,0,0,0,0,0,16,0,0,0,0,0,0,0,0,0,2,2.2222222222222223,0.9999920390405451,0.0
31,22,1s2.2s2.2p6.3s2.3p6.3d4,3d,3,2,4,1.5,d,0,10,16.81369270190474,3,0,0,18,0,0,0,3,0,0,0,0,0,0,0,16,0,0,0,0,0,0,0,0,0,2,1.6666666666666667,0.9999920390405451,0.0
31,21,1s2.2s2.2p6.3s2.3p6.3d3,3d,3,2,3,1.5,d,0,11,16.06581898178117,2,0,0,18,0,0,0,2,0,0,0,0,0,0,0,16,0,0,0,0,0,0,0,0,0,2,1.1111111111111112,0.9999920390405451,0.0
31,20,1s2.2s2.2p6.3s2.3p6.3d2,3d,3,2,2,1.5,d,0,12,15.318236242385085,1,0,0,18,0,0,0,1,0,0,0,0,0,0,0,16,0,0,0,0,0,0,0,0,0,2,0.5555555555555556,0.9999920390405451,0.0
31,19,1s2.2s2.2p6.3s2.3p6.3d1,3d,3,2,1,1.5,d,0,13,14.615753461451872,0,0,0,18,0,0,0,0,0,0,0,0,0,0,0,16,0,0,0,0,0,0,0,0,0,2,0.0,0.9999920390405451,0.0
31,18,1s2.2s2.2p6.3s2.3p6,3p,3,1,6,1.5,p3,0,14,12.667818264554036,5,10,2,0,0,0,5,0,0,2,8,0,0,2,0,0,0,0,0,0,0,0,0,0,0,0,0.0,0.9999920390405451,0.0
31,17,1s2.2s2.2p6.3s2.3p5,3p,3,1,5,1.5,p3,0,15,12.08347223011717,4,10,2,0,0,0,4,0,0,2,8,0,0,2,0,0,0,0,0,0,0,0,0,0,0,0,-0.6000000000000001,0.9999920390405451,0.0
31,16,1s2.2s2.2p6.3s2.3p4,3p,3,1,4,1.5,p3,0,16,11.49928244974415,3,10,2,0,0,0,3,0,0,2,8,0,0,2,0,0,0,0,0,0,0,0,0,0,0,0,-1.2,0.9999920390405451,0.0
31,15,1s2.2s2.2p6.3s2.3p3,3p,3,1,3,1.5,p3,0,17,10.730818199117742,2,10,2,0,0,0,2,0,0,2,8,0,0,2,0,0,0,0,0,0,0,0,0,0,0,0,1.2,0.9999920390405451,0.0
31,14,1s2.2s2.2p6.3s2.3p2,3p,3,1,2,0.5,p1,0,18,10.145247180423096,1,10,2,0,0,0,1,0,0,2,8,0,0,2,0,0,0,0,0,0,0,0,0,0,0,0,0.6,0.9999920390405451,0.0
31,13,1s2.2s2.2p6.3s2.3p1,3p,3,1,1,0.5,p1,0,19,9.559774441642945,0,10,2,0,0,0,0,0,0,2,8,0,0,2,0,0,0,0,0,0,0,0,0,0,0,0,0.0,0.9999920390405451,0.0
31,12,1s2.2s2.2p6.3s2,3s,3,0,2,0.5,s,0,20,8.35113401342552,1,8,2,0,0,1,0,0,0,0,8,0,0,2,0,0,0,0,0,0,0,0,0,0,0,0,0.0,0.9999920390405451,0.0
31,11,1s2.2s2.2p6.3s1,3s,3,0,1,0.5,s,0,21,7.7856408855844075,0,8,2,0,0,0,0,0,0,0,8,0,0,2,0,0,0,0,0,0,0,0,0,0,0,0,0.0,0.9999920390405451,0.0
31,10,1s2.2s2.2p6,2p,2,1,6,1.5,p3,0,22,6.545979557232126,5,4,0,0,0,0,5,0,0,2,2,0,0,0,0,0,0,0,0,0,0,0,0,0,0,0,0.0,0.9999920390405451,0.0
31,9,1s2.2s2.2p5,2p,2,1,5,1.5,p3,0,23,5.88972955723213,4,4,0,0,0,0,4,0,0,2,2,0,0,0,0,0,0,0,0,0,0,0,0,0,0,0,-0.6000000000000001,0.9999920390405451,0.0
31,8,1s2.2s2.2p4,2p,2,1,4,1.5,p3,0,24,5.233479557232133,3,4,0,0,0,0,3,0,0,2,2,0,0,0,0,0,0,0,0,0,0,0,0,0,0,0,-1.2,0.9999920390405451,0.0
31,7,1s2.2s2.2p3,2p,2,1,3,1.5,p3,0,25,4.378670782625834,2,4,0,0,0,0,2,0,0,2,2,0,0,0,0,0,0,0,0,0,0,0,0,0,0,0,1.2,0.9999920390405451,0.0
31,6,1s2.2s2.2p2,2p,2,1,2,0.5,p1,0,26,3.7253535771907345,1,4,0,0,0,0,1,0,0,2,2,0,0,0,0,0,0,0,0,0,0,0,0,0,0,0,0.6,0.9999920390405451,0.0
31,5,1s2.2s2.2p1,2p,2,1,1,0.5,p1,0,27,3.0730091792350134,0,4,0,0,0,0,0,0,0,2,2,0,0,0,0,0,0,0,0,0,0,0,0,0,0,0,0.0,0.9999920390405451,0.0
31,4,1s2.2s2,2s,2,0,2,0.5,s,0,28,2.145875983124917,1,2,0,0,0,1,0,0,0,0,2,0,0,0,0,0,0,0,0,0,0,0,0,0,0,0,0.0,0.9999920390405451,1.005681968643513
31,3,1s2.2s1,2s,2,0,1,0.5,s,0,29,1.5912208504801093,0,2,0,0,0,0,0,0,0,0,2,0,0,0,0,0,0,0,0,0,0,0,0,0,0,0,0.0,0.9999920390405451,1.005681968643513
31,2,1s2,1s,1,0,2,0.5,s,0,30,0.625,1,0,0,0,0,1,0,0,0,0,0,0,0,0,0,0,0,0,0,0,0,0,0,0,0,0,0.0,0.9999920390405451,7.16586428828101
31,1,1s1,1s,1,0,1,0.5,s,0,31,0.0,0,0,0,0,0,0,0,0,0,0,0,0,0,0,0,0,0,0,0,0,0,0,0,0,0,0,0.0,0.9999920390405451,7.16586428828101
32,32,1s2.2s2.2p6.3s2.3p6.3d10.4s2.4p2,4p,4,1,2,0.5,p1,0,1,24.24270156046225,1,20,10,0,0,0,1,0,0,2,8,10,0,8,0,0,0,0,0,0,0,0,0,0,2,0,0.6,0.9999925771420513,0.0
32,31,1s2.2s2.2p6.3s2.3p6.3d10.4s2.4p1,4p,4,1,1,0.5,p1,0,2,23.681451647104154,0,20,10,0,0,0,0,0,0,2,8,10,0,8,0,0,0,0,0,0,0,0,0,0,2,0,0.0,0.9999925771420513,0.0
32,30,1s2.2s2.2p6.3s2.3p6.3d10.4s2,4s,4,0,2,0.5,s,0,3,22.126593730819764,1,18,10,0,0,1,0,0,0,0,8,10,0,8,0,0,0,0,0,0,0,0,0,0,2,0,0.0,0.9999925771420513,0.0
32,29,1s2.2s2.2p6.3s2.3p6.3d10.4s1,4s,4,0,1,0.5,s,0,4,21.554071296483926,0,18,10,0,0,0,0,0,0,0,8,10,0,8,0,0,0,0,0,0,0,0,0,0,2,0,0.0,0.9999925771420513,0.0
32,28,1s2.2s2.2p6.3s2.3p6.3d10,3d,3,2,10,2.5,d,0,5,21.379455336979806,9,0,0,18,0,0,0,9,0,0,0,0,0,0,0,16,0,0,0,0,0,0,0,0,0,2,0.0,0.9999925771420513,0.0
32,27,1s2.2s2.2p6.3s2.3p6.3d9,3d,3,2,9,2.5,d,0,6,20.677223194122995,8,0,0,18,0,0,0,8,0,0,0,0,0,0,0,16,0,0,0,0,0,0,0,0,0,2,-0.5555555555555554,0.9999925771420513,0.0
32,26,1s2.2s2.2p6.3s2.3p6.3d8,3d,3,2,8,2.5,d,0,7,19.92856167011884,7,0,0,18,0,0,0,7,0,0,0,0,0,0,0,16,0,0,0,0,0,0,0,0,0,2,-1.1111111111111112,0.9999925771420513,0.0
32,25,1s2.2s2.2p6.3s2.3p6.3d7,3d,3,2,7,2.5,d,0,8,19.180019458485546,6,0,0,18,0,0,0,6,0,0,0,0,0,0,0,16,0,0,0,0,0,0,0,0,0,2,-1.6666666666666665,0.9999925771420513,0.0
32,24,1s2.2s2.2p6.3s2.3p6.3d6,3d,3,2,6,2.5,d,0,9,18.477999944610033,5,0,0,18,0,0,0,5,0,0,0,0,0,0,0,16,0,0,0,0,0,0,0,0,0,2,-2.2222222222222223,0.9999925771420513,0.0
32,23,1s2.2s2.2p6.3s2.3p6.3d5,3d,3,2,5,2.5,d,0,10,17.516342790782076,4,0,0,18,0,0,0,4,0,0,0,0,0,0,0,16,0,0,0,0,0,0,0,0,0,2,2.2222222222222223,0.9999925771420513,0.0
32,22,1s2.2s2.2p6.3s2.3p6.3d4,3d,3,2,4,1.5,d,0,11,16.81369270190474,3,0,0,18,0,0,0,3,0,0,0,0,0,0,0,16,0,0,0,0,0,0,0,0,0,2,1.6666666666666667,0.9999925771420513,0.0
32,21,1s2.2s2.2p6.3s2.3p6.3d3,3d,3,2,3,1.5,d,0,12,16.06581898178117,2,0,0,18,0,0,0,2,0,0,0,0,0,0,0,16,0,0,0,0,0,0,0,0,0,2,1.1111111111111112,0.9999925771420513,0.0
32,20,1s2.2s2.2p6.3s2.3p6.3d2,3d,3,2,2,1.5,d,0,13,15.318236242385085,1,0,0,18,0,0,0,1,0,0,0,0,0,0,0,16,0,0,0,0,0,0,0,0,0,2,0.5555555555555556,0.9999925771420513,0.0
32,19,1s2.2s2.2p6.3s2.3p6.3d1,3d,3,2,1,1.5,d,0,14,14.615753461451872,0,0,0,18,0,0,0,0,0,0,0,0,0,0,0,16,0,0,0,0,0,0,0,0,0,2,0.0,0.9999925771420513,0.0
32,18,1s2.2s2.2p6.3s2.3p6,3p,3,1,6,1.5,p3,0,15,12.667818264554036,5,10,2,0,0,0,5,0,0,2,8,0,0,2,0,0,0,0,0,0,0,0,0,0,0,0,0.0,0.9999925771420513,0.0
32,17,1s2.2s2.2p6.3s2.3p5,3p,3,1,5,1.5,p3,0,16,12.08347223011717,4,10,2,0,0,0,4,0,0,2,8,0,0,2,0,0,0,0,0,0,0,0,0,0,0,0,-0.6000000000000001,0.9999925771420513,0.0
32,16,1s2.2s2.2p6.3s2.3p4,3p,3,1,4,1.5,p3,0,17,11.49928244974415,3,10,2,0,0,0,3,0,0,2,8,0,0,2,0,0,0,0,0,0,0,0,0,0,0,0,-1.2,0.9999925771420513,0.0
32,15,1s2.2s2.2p6.3s2.3p3,3p,3,1,3,1.5,p3,0,18,10.730818199117742,2,10,2,0,0,0,2,0,0,2,8,0,0,2,0,0,0,0,0,0,0,0,0,0,0,0,1.2,0.9999925771420513,0.0
32,14,1s2.2s2.2p6.3s2.3p2,3p,3,1,2,0.5,p1,0,19,10.145247180423096,1,10,2,0,0,0,1,0,0,2,8,0,0,2,0,0,0,0,0,0,0,0,0,0,0,0,0.6,0.9999925771420513,0.0
32,13,1s2.2s2.2p6.3s2.3p1,3p,3,1,1,0.5,p1,0,20,9.559774441642945,0,10,2,0,0,0,0,0,0,2,8,0,0,2,0,0,0,0,0,0,0,0,0,0,0,0,0.0,0.9999925771420513,0.0
32,12,1s2.2s2.2p6.3s2,3s,3,0,2,0.5,s,0,21,8.35113401342552,1,8,2,0,0,1,0,0,0,0,8,0,0,2,0,0,0,0,0,0,0,0,0,0,0,0,0.0,0.9999925771420513,0.0
32,11,1s2.2s2.2p6.3s1,3s,3,0,1,0.5,s,0,22,7.7856408855844075,0,8,2,0,0,0,0,0,0,0,8,0,0,2,0,0,0,0,0,0,0,0,0,0,0,0,0.0,0.9999925771420513,0.0
32,10,1s2.2s2.2p6,2p,2,1,6,1.5,p3,0,23,6.545979557232126,5,4,0,0,0,0,5,0,0,2,2,0,0,0,0,0,0,0,0,0,0,0,0,0,0,0,0.0,0.9999925771420513,0.0
32,9,1s2.2s2.2p5,2p,2,1,5,1.5,p3,0,24,5.88972955723213,4,4,0,0,0,0,4,0,0,2,2,0,0,0,0,0,0,0,0,0,0,0,0,0,0,0,-0.6000000000000001,0.9999925771420513,0.0
32,8,1s2.2s2.2p4,2p,2,1,4,1.5,p3,0,25,5.233479557232133,3,4,0,0,0,0,3,0,0,2,2,0,0,0,0,0,0,0,0,0,0,0,0,0,0,0,-1.2,0.9999925771420513,0.0
32,7,1s2.2s2.2p3,2p,2,1,3,1.5,p3,0,26,4.378670782625834,2,4,0,0,0,0,2,0,0,2,2,0,0,0,0,0,0,0,0,0,0,0,0,0,0,0,1.2,0.9999925771420513,0.0
32,6,1s2.2s2.2p2,2p,2,1,2,0.5,p1,0,27,3.7253535771907345,1,4,0,0,0,0,1,0,0,2,2,0,0,0,0,0,0,0,0,0,0,0,0,0,0,0,0.6,0.9999925771420513,0.0
32,5,1s2.2s2.2p1,2p,2,1,1,0.5,p1,0,28,3.0730091792350134,0,4,0,0,0,0,0,0,0,2,2,0,0,0,0,0,0,0,0,0,0,0,0,0,0,0,0.0,0.9999925771420513,0.0
32,4,1s2.2s2,2s,2,0,2,0.5,s,0,29,2.145875983124917,1,2,0,0,0,1,0,0,0,0,2,0,0,0,0,0,0,0,0,0,0,0,0,0,0,0,0.0,0.9999925771420513,1.1227071294597994
32,3,1s2.2s1,2s,2,0,1,0.5,s,0,30,1.5912208504801093,0,2,0,0,0,0,0,0,0,0,2,0,0,0,0,0,0,0,0,0,0,0,0,0,0,0,0.0,0.9999925771420513,1.1227071294597994
32,2,1s2,1s,1,0,2,0.5,s,0,31,0.625,1,0,0,0,0,1,0,0,0,0,0,0,0,0,0,0,0,0,0,0,0,0,0,0,0,0,0.0,0.9999925771420513,7.973409711658484
32,1,1s1,1s,1,0,1,0.5,s,0,32,0.0,0,0,0,0,0,0,0,0,0,0,0,0,0,0,0,0,0,0,0,0,0,0,0,0,0,0,0.0,0.9999925771420513,7.973409711658484
33,33,1s2.2s2.2p6.3s2.3p6.3d10.4s2.4p3,4p,4,1,3,1.5,p3,0,1,24.807678805211026,2,20,10,0,0,0,2,0,0,2,8,10,0,8,0,0,0,0,0,0,0,0,0,0,2,0,1.2,0.999992676192499,0.0
33,32,1s2.2s2.2p6.3s2.3p6.3d10.4s2.4p2,4p,4,1,2,0.5,p1,0,2,24.24270156046225,1,20,10,0,0,0,1,0,0,2,8,10,0,8,0,0,0,0,0,0,0,0,0,0,2,0,0.6,0.999992676192499,0.0
33,31,1s2.2s2.2p6.3s2.3p6.3d10.4s2.4p1,4p,4,1,1,0.5,p1,0,3,23.681451647104154,0,20,10,0,0,0,0,0,0,2,8,10,0,8,0,0,0,0,0,0,0,0,0,0,2,0,0.0,0.999992676192499,0.0
33,30,1s2.2s2.2p6.3s2.3p6.3d10.4s2,4s,4,0,2,0.5,s,0,4,22.126593730819764,1,18,10,0,0,1,0,0,0,0,8,10,0,8,0,0,0,0,0,0,0,0,0,0,2,0,0.0,0.999992676192499,0.0
33,29,1s2.2s2.2p6.3s2.3p6.3d10.4s1,4s,4,0,1,0.5,s,0,5,21.554071296483926,0,18,10,0,0,0,0,0,0,0,8,10,0,8,0,0,0,0,0,0,0,0,0,0,2,0,0.0,0.999992676192499,0.0
33,28,1s2.2s2.2p6.3s2.3p6.3d10,3d,3,2,10,2.5,d,0,6,21.379455336979806,9,0,0,18,0,0,0,9,0,0,0,0,0,0,0,16,0,0,0,0,0,0,0,0,0,2,0.0,0.999992676192499,0.0
33,27,1s2.2s2.2p6.3s2.3p6.3d9,3d,3,2,9,2.5,d,0,7,20.677223194122995,8,0,0,18,0,0,0,8,0,0,0,0,0,0,0,16,0,0,0,0,0,0,0,0,0,2,-0.5555555555555554,0.999992676192499,0.0
33,26,1s2.2s2.2p6.3s2.3p6.3d8,3d,3,2,8,2.5,d,0,8,19.92856167011884,7,0,0,18,0,0,0,7,0,0,0,0,0,0,0,16,0,0,0,0,0,0,0,0,0,2,-1.1111111111111112,0.999992676192499,0.0
33,25,1s2.2s2.2p6.3s2.3p6.3d7,3d,3,2,7,2.5,d,0,9,19.180019458485546,6,0,0,18,0,0,0,6,0,0,0,0,0,0,0,16,0,0,0,0,0,0,0,0,0,2,-1.6666666666666665,0.999992676192499,0.0
33,24,1s2.2s2.2p6.3s2.3p6.3d6,3d,3,2,6,2.5,d,0,10,18.477999944610033,5,0,0,18,0,0,0,5,0,0,0,0,0,0,0,16,0,0,0,0,0,0,0,0,0,2,-2.2222222222222223,0.999992676192499,0.0
33,23,1s2.2s2.2p6.3s2.3p6.3d5,3d,3,2,5,2.5,d,0,11,17.516342790782076,4,0,0,18,0,0,0,4,0,0,0,0,0,0,0,16,0,0,0,0,0,0,0,0,0,2,2.2222222222222223,0.999992676192499,0.0
33,22,1s2.2s2.2p6.3s2.3p6.3d4,3d,3,2,4,1.5,d,0,12,16.81369270190474,3,0,0,18,0,0,0,3,0,0,0,0,0,0,0,16,0,0,0,0,0,0,0,0,0,2,1.6666666666666667,0.999992676192499,0.0
33,21,1s2.2s2.2p6.3s2.3p6.3d3,3d,3,2,3,1.5,d,0,13,16.06581898178117,2,0,0,18,0,0,0,2,0,0,0,0,0,0,0,16,0,0,0,0,0,0,0,0,0,2,1.1111111111111112,0.999992676192499,0.0
33,20,1s2.2s2.2p6.3s2.3p6.3d2,3d,3,2,2,1.5,d,0,14,15.318236242385085,1,0,0,18,0,0,0,1,0,0,0,0,0,0,0,16,0,0,0,0,0,0,0,0,0,2,0.5555555555555556,0.999992676192499,0.0
33,19,1s2.2s2.2p6.3s2.3p6.3d1,3d,3,2,1,1.5,d,0,15,14.615753461451872,0,0,0,18,0,0,0,0,0,0,0,0,0,0,0,16,0,0,0,0,0,0,0,0,0,2,0.0,0.999992676192499,0.0
33,18,1s2.2s2.2p6.3s2.3p6,3p,3,1,6,1.5,p3,0,16,12.667818264554036,5,10,2,0,0,0,5,0,0,2,8,0,0,2,0,0,0,0,0,0,0,0,0,0,0,0,0.0,0.999992676192499,0.0
33,17,1s2.2s2.2p6.3s2.3p5,3p,3,1,5,1.5,p3,0,17,12.08347223011717,4,10,2,0,0,0,4,0,0,2,8,0,0,2,0,0,0,0,0,0,0,0,0,0,0,0,-0.6000000000000001,0.999992676192499,0.0
33,16,1s2.2s2.2p6.3s2.3p4,3p,3,1,4,1.5,p3,0,18,11.49928244974415,3,10,2,0,0,0,3,0,0,2,8,0,0,2,0,0,0,0,0,0,0,0,0,0,0,0,-1.2,0.999992676192499,0.0
33,15,1s2.2s2.2p6.3s2.3p3,3p,3,1,3,1.5,p3,0,19,10.730818199117742,2,10,2,0,0,0,2,0,0,2,8,0,0,2,0,0,0,0,0,0,0,0,0,0,0,0,1.2,0.999992676192499,0.0
33,14,1s2.2s2.2p6.3s2.3p2,3p,3,1,2,0.5,p1,0,20,10.145247180423096,1,10,2,0,0,0,1,0,0,2,8,0,0,2,0,0,0,0,0,0,0,0,0,0,0,0,0.6,0.999992676192499,0.0
33,13,1s2.2s2.2p6.3s2.3p1,3p,3,1,1,0.5,p1,0,21,9.559774441642945,0,10,2,0,0,0,0,0,0,2,8,0,0,2,0,0,0,0,0,0,0,0,0,0,0,0,0.0,0.999992676192499,0.0
33,12,1s2.2s2.2p6.3s2,3s,3,0,2,0.5,s,0,22,8.35113401342552,1,8,2,0,0,1,0,0,0,0,8,0,0,2,0,0,0,0,0,0,0,0,0,0,0,0,0.0,0.999992676192499,0.0
33,11,1s2.2s2.2p6.3s1,3s,3,0,1,0.5,s,0,23,7.7856408855844075,0,8,2,0,0,0,0,0,0,0,8,0,0,2,0,0,0,0,0,0,0,0,0,0,0,0,0.0,0.999992676192499,0.0
33,10,1s2.2s2.2p6,2p,2,1,6,1.5,p3,0,24,6.545979557232126,5,4,0,0,0,0,5,0,0,2,2,0,0,0,0,0,0,0,0,0,0,0,0,0,0,0,0.0,0.999992676192499,0.0
33,9,1s2.2s2.2p5,2p,2,1,5,1.5,p3,0,25,5.88972955723213,4,4,0,0,0,0,4,0,0,2,2,0,0,0,0,0,0,0,0,0,0,0,0,0,0,0,-0.6000000000000001,0.999992676192499,0.0
33,8,1s2.2s2.2p4,2p,2,1,4,1.5,p3,0,26,5.233479557232133,3,4,0,0,0,0,3,0,0,2,2,0,0,0,0,0,0,0,0,0,0,0,0,0,0,0,-1.2,0.999992676192499,0.0
33,7,1s2.2s2.2p3,2p,2,1,3,1.5,p3,0,27,4.378670782625834,2,4,0,0,0,0,2,0,0,2,2,0,0,0,0,0,0,0,0,0,0,0,0,0,0,0,1.2,0.999992676192499,0.0
33,6,1s2.2s2.2p2,2p,2,1,2,0.5,p1,0,28,3.7253535771907345,1,4,0,0,0,0,1,0,0,2,2,0,0,0,0,0,0,0,0,0,0,0,0,0,0,0,0.6,0.999992676192499,0.0
33,5,1s2.2s2.2p1,2p,2,1,1,0.5,p1,0,29,3.0730091792350134,0,4,0,0,0,0,0,0,0,2,2,0,0,0,0,0,0,0,0,0,0,0,0,0,0,0,0.0,0.999992676192499,0.0
33,4,1s2.2s2,2s,2,0,2,0.5,s,0,30,2.145875983124917,1,2,0,0,0,1,0,0,0,0,2,0,0,0,0,0,0,0,0,0,0,0,0,0,0,0,0.0,0.999992676192499,1.2486669306564744
33,3,1s2.2s1,2s,2,0,1,0.5,s,0,31,1.5912208504801093,0,2,0,0,0,0,0,0,0,0,2,0,0,0,0,0,0,0,0,0,0,0,0,0,0,0,0.0,0.999992676192499,1.2486669306564744
33,2,1s2,1s,1,0,2,0.5,s,0,32,0.625,1,0,0,0,0,1,0,0,0,0,0,0,0,0,0,0,0,0,0,0,0,0,0,0,0,0,0.0,0.999992676192499,8.838200677899676
33,1,1s1,1s,1,0,1,0.5,s,0,33,0.0,0,0,0,0,0,0,0,0,0,0,0,0,0,0,0,0,0,0,0,0,0,0,0,0,0,0,0.0,0.999992676192499,8.838200677899676
34,34,1s2.2s2.2p6.3s2.3p6.3d10.4s2.4p4,4p,4,1,4,1.5,p3,0,1,25.558136568882787,3,20,10,0,0,0,3,0,0,2,8,10,0,8,0,0,0,0,0,0,0,0,0,0,2,0,-1.2,0.9999931340373234,0.0
34,33,1s2.2s2.2p6.3s2.3p6.3d10.4s2.4p3,4p,4,1,3,1.5,p3,0,2,24.807678805211026,2,20,10,0,0,0,2,0,0,2,8,10,0,8,0,0,0,0,0,0,0,0,0,0,2,0,1.2,0.9999931340373234,0.0
34,32,1s2.2s2.2p6.3s2.3p6.3d10.4s2.4p2,4p,4,1,2,0.5,p1,0,3,24.24270156046225,1,20,10,0,0,0,1,0,0,2,8,10,0,8,0,0,0,0,0,0,0,0,0,0,2,0,0.6,0.9999931340373234,0.0
34,31,1s2.2s2.2p6.3s2.3p6.3d10.4s2.4p1,4p,4,1,1,0.5,p1,0,4,23.681451647104154,0,20,10,0,0,0,0,0,0,2,8,10,0,8,0,0,0,0,0,0,0,0,0,0,2,0,0.0,0.9999931340373234,0.0
34,30,1s2.2s2.2p6.3s2.3p6.3d10.4s2,4s,4,0,2,0.5,s,0,5,22.126593730819764,1,18,10,0,0,1,0,0,0,0,8,10,0,8,0,0,0,0,0,0,0,0,0,0,2,0,0.0,0.9999931340373234,0.0
34,29,1s2.2s2.2p6.3s2.3p6.3d10.4s1,4s,4,0,1,0.5,s,0,6,21.554071296483926,0,18,10,0,0,0,0,0,0,0,8,10,0,8,0,0,0,0,0,0,0,0,0,0,2,0,0.0,0.9999931340373234,0.0
34,28,1s2.2s2.2p6.3s2.3p6.3d10,3d,3,2,10,2.5,d,0,7,21.379455336979806,9,0,0,18,0,0,0,9,0,0,0,0,0,0,0,16,0,0,0,0,0,0,0,0,0,2,0.0,0.9999931340373234,0.0
34,27,1s2.2s2.2p6.3s2.3p6.3d9,3d,3,2,9,2.5,d,0,8,20.677223194122995,8,0,0,18,0,0,0,8,0,0,0,0,0,0,0,16,0,0,0,0,0,0,0,0,0,2,-0.5555555555555554,0.9999931340373234,0.0
34,26,1s2.2s2.2p6.3s2.3p6.3d8,3d,3,2,8,2.5,d,0,9,19.92856167011884,7,0,0,18,0,0,0,7,0,0,0,0,0,0,0,16,0,0,0,0,0,0,0,0,0,2,-1.1111111111111112,0.9999931340373234,0.0
34,25,1s2.2s2.2p6.3s2.3p6.3d7,3d,3,2,7,2.5,d,0,10,19.180019458485546,6,0,0,18,0,0,0,6,0,0,0,0,0,0,0,16,0,0,0,0,0,0,0,0,0,2,-1.6666666666666665,0.9999931340373234,0.0
34,24,1s2.2s2.2p6.3s2.3p6.3d6,3d,3,2,6,2.5,d,0,11,18.477999944610033,5,0,0,18,0,0,0,5,0,0,0,0,0,0,0,16,0,0,0,0,0,0,0,0,0,2,-2.2222222222222223,0.9999931340373234,0.0
34,23,1s2.2s2.2p6.3s2.3p6.3d5,3d,3,2,5,2.5,d,0,12,17.516342790782076,4,0,0,18,0,0,0,4,0,0,0,0,0,0,0,16,0,0,0,0,0,0,0,0,0,2,2.2222222222222223,0.9999931340373234,0.0
34,22,1s2.2s2.2p6.3s2.3p6.3d4,3d,3,2,4,1.5,d,0,13,16.81369270190474,3,0,0,18,0,0,0,3,0,0,0,0,0,0,0,16,0,0,0,0,0,0,0,0,0,2,1.6666666666666667,0.9999931340373234,0.0
34,21,1s2.2s2.2p6.3s2.3p6.3d3,3d,3,2,3,1.5,d,0,14,16.06581898178117,2,0,0,18,0,0,0,2,0,0,0,0,0,0,0,16,0,0,0,0,0,0,0,0,0,2,1.1111111111111112,0.9999931340373234,0.0
34,20,1s2.2s2.2p6.3s2.3p6.3d2,3d,3,2,2,1.5,d,0,15,15.318236242385085,1,0,0,18,0,0,0,1,0,0,0,0,0,0,0,16,0,0,0,0,0,0,0,0,0,2,0.5555555555555556,0.9999931340373234,0.0
34,19,1s2.2s2.2p6.3s2.3p6.3d1,3d,3,2,1,1.5,d,0,16,14.615753461451872,0,0,0,18,0,0,0,0,0,0,0,0,0,0,0,16,0,0,0,0,0,0,0,0,0,2,0.0,0.9999931340373234,0.0
34,18,1s2.2s2.2p6.3s2.3p6,3p,3,1,6,1.5,p3,0,17,12.667818264554036,5,10,2,0,0,0,5,0,0,2,8,0,0,2,0,0,0,0,0,0,0,0,0,0,0,0,0.0,0.9999931340373234,0.0
34,17,1s2.2s2.2p6.3s2.3p5,3p,3,1,5,1.5,p3,0,18,12.08347223011717,4,10,2,0,0,0,4,0,0,2,8,0,0,2,0,0,0,0,0,0,0,0,0,0,0,0,-0.6000000000000001,0.9999931340373234,0.0
34,16,1s2.2s2.2p6.3s2.3p4,3p,3,1,4,1.5,p3,0,19,11.49928244974415,3,10,2,0,0,0,3,0,0,2,8,0,0,2,0,0,0,0,0,0,0,0,0,0,0,0,-1.2,0.9999931340373234,0.0
34,15,1s2.2s2.2p6.3s2.3p3,3p,3,1,3,1.5,p3,0,20,10.730818199117742,2,10,2,0,0,0,2,0,0,2,8,0,0,2,0,0,0,0,0,0,0,0,0,0,0,0,1.2,0.9999931340373234,0.0
34,14,1s2.2s2.2p6.3s2.3p2,3p,3,1,2,0.5,p1,0,21,10.145247180423096,1,10,2,0,0,0,1,0,0,2,8,0,0,2,0,0,0,0,0,0,0,0,0,0,0,0,0.6,0.9999931340373234,0.0
34,13,1s2.2s2.2p6.3s2.3p1,3p,3,1,1,0.5,p1,0,22,9.559774441642945,0,10,2,0,0,0,0,0,0,2,8,0,0,2,0,0,0,0,0,0,0,0,0,0,0,0,0.0,0.9999931340373234,0.0
34,12,1s2.2s2.2p6.3s2,3s,3,0,2,0.5,s,0,23,8.35113401342552,1,8,2,0,0,1,0,0,0,0,8,0,0,2,0,0,0,0,0,0,0,0,0,0,0,0,0.0,0.9999931340373234,0.0
34,11,1s2.2s2.2p6.3s1,3s,3,0,1,0.5,s,0,24,7.7856408855844075,0,8,2,0,0,0,0,0,0,0,8,0,0,2,0,0,0,0,0,0,0,0,0,0,0,0,0.0,0.9999931340373234,0.0
34,10,1s2.2s2.2p6,2p,2,1,6,1.5,p3,0,25,6.545979557232126,5,4,0,0,0,0,5,0,0,2,2,0,0,0,0,0,0,0,0,0,0,0,0,0,0,0,0.0,0.9999931340373234,0.0
34,9,1s2.2s2.2p5,2p,2,1,5,1.5,p3,0,26,5.88972955723213,4,4,0,0,0,0,4,0,0,2,2,0,0,0,0,0,0,0,0,0,0,0,0,0,0,0,-0.6000000000000001,0.9999931340373234,0.0
34,8,1s2.2s2.2p4,2p,2,1,4,1.5,p3,0,27,5.233479557232133,3,4,0,0,0,0,3,0,0,2,2,0,0,0,0,0,0,0,0,0,0,0,0,0,0,0,-1.2,0.9999931340373234,0.0
34,7,1s2.2s2.2p3,2p,2,1,3,1.5,p3,0,28,4.378670782625834,2,4,0,0,0,0,2,0,0,2,2,0,0,0,0,0,0,0,0,0,0,0,0,0,0,0,1.2,0.9999931340373234,0.0
34,6,1s2.2s2.2p2,2p,2,1,2,0.5,p1,0,29,3.7253535771907345,1,4,0,0,0,0,1,0,0,2,2,0,0,0,0,0,0,0,0,0,0,0,0,0,0,0,0.6,0.9999931340373234,0.0
34,5,1s2.2s2.2p1,2p,2,1,1,0.5,p1,0,30,3.0730091792350134,0,4,0,0,0,0,0,0,0,2,2,0,0,0,0,0,0,0,0,0,0,0,0,0,0,0,0.0,0.9999931340373234,0.0
34,4,1s2.2s2,2s,2,0,2,0.5,s,0,31,2.145875983124917,1,2,0,0,0,1,0,0,0,0,2,0,0,0,0,0,0,0,0,0,0,0,0,0,0,0,0.0,0.9999931340373234,1.3847846167112972
34,3,1s2.2s1,2s,2,0,1,0.5,s,0,32,1.5912208504801093,0,2,0,0,0,0,0,0,0,0,2,0,0,0,0,0,0,0,0,0,0,0,0,0,0,0,0.0,0.9999931340373234,1.3847846167112972
34,2,1s2,1s,1,0,2,0.5,s,0,33,0.625,1,0,0,0,0,1,0,0,0,0,0,0,0,0,0,0,0,0,0,0,0,0,0,0,0,0,0.0,0.9999931340373234,9.768551056296486
34,1,1s1,1s,1,0,1,0.5,s,0,34,0.0,0,0,0,0,0,0,0,0,0,0,0,0,0,0,0,0,0,0,0,0,0,0,0,0,0,0,0.0,0.9999931340373234,9.768551056296486
35,35,1s2.2s2.2p6.3s2.3p6.3d10.4s2.4p5,4p,4,1,5,1.5,p3,0,1,26.117340670445287,4,20,10,0,0,0,4,0,0,2,8,10,0,8,0,0,0,0,0,0,0,0,0,0,2,0,-0.6000000000000001,0.9999930471058578,0.0
35,34,1s2.2s2.2p6.3s2.3p6.3d10.4s2.4p4,4p,4,1,4,1.5,p3,0,2,25.558136568882787,3,20,10,0,0,0,3,0,0,2,8,10,0,8,0,0,0,0,0,0,0,0,0,0,2,0,-1.2,0.9999930471058578,0.0
35,33,1s2.2s2.2p6.3s2.3p6.3d10.4s2.4p3,4p,4,1,3,1.5,p3,0,3,24.807678805211026,2,20,10,0,0,0,2,0,0,2,8,10,0,8,0,0,0,0,0,0,0,0,0,0,2,0,1.2,0.9999930471058578,0.0
35,32,1s2.2s2.2p6.3s2.3p6.3d10.4s2.4p2,4p,4,1,2,0.5,p1,0,4,24.24270156046225,1,20,10,0,0,0,1,0,0,2,8,10,0,8,0,0,0,0,0,0,0,0,0,0,2,0,0.6,0.9999930471058578,0.0
35,31,1s2.2s2.2p6.3s2.3p6.3d10.4s2.4p1,4p,4,1,1,0.5,p1,0,5,23.681451647104154,0,20,10,0,0,0,0,0,0,2,8,10,0,8,0,0,0,0,0,0,0,0,0,0,2,0,0.0,0.9999930471058578,0.0
35,30,1s2.2s2.2p6.3s2.3p6.3d10.4s2,4s,4,0,2,0.5,s,0,6,22.126593730819764,1,18,10,0,0,1,0,0,0,0,8,10,0,8,0,0,0,0,0,0,0,0,0,0,2,0,0.0,0.9999930471058578,0.0
35,29,1s2.2s2.2p6.3s2.3p6.3d10.4s1,4s,4,0,1,0.5,s,0,7,21.554071296483926,0,18,10,0,0,0,0,0,0,0,8,10,0,8,0,0,0,0,0,0,0,0,0,0,2,0,0.0,0.9999930471058578,0.0
35,28,1s2.2s2.2p6.3s2.3p6.3d10,3d,3,2,10,2.5,d,0,8,21.379455336979806,9,0,0,18,0,0,0,9,0,0,0,0,0,0,0,16,0,0,0,0,0,0,0,0,0,2,0.0,0.9999930471058578,0.0
35,27,1s2.2s2.2p6.3s2.3p6.3d9,3d,3,2,9,2.5,d,0,9,20.677223194122995,8,0,0,18,0,0,0,8,0,0,0,0,0,0,0,16,0,0,0,0,0,0,0,0,0,2,-0.5555555555555554,0.9999930471058578,0.0
35,26,1s2.2s2.2p6.3s2.3p6.3d8,3d,3,2,8,2.5,d,0,10,19.92856167011884,7,0,0,18,0,0,0,7,0,0,0,0,0,0,0,16,0,0,0,0,0,0,0,0,0,2,-1.1111111111111112,0.9999930471058578,0.0
35,25,1s2.2s2.2p6.3s2.3p6.3d7,3d,3,2,7,2.5,d,0,11,19.180019458485546,6,0,0,18,0,0,0,6,0,0,0,0,0,0,0,16,0,0,0,0,0,0,0,0,0,2,-1.6666666666666665,0.9999930471058578,0.0
35,24,1s2.2s2.2p6.3s2.3p6.3d6,3d,3,2,6,2.5,d,0,12,18.477999944610033,5,0,0,18,0,0,0,5,0,0,0,0,0,0,0,16,0,0,0,0,0,0,0,0,0,2,-2.2222222222222223,0.9999930471058578,0.0
35,23,1s2.2s2.2p6.3s2.3p6.3d5,3d,3,2,5,2.5,d,0,13,17.516342790782076,4,0,0,18,0,0,0,4,0,0,0,0,0,0,0,16,0,0,0,0,0,0,0,0,0,2,2.2222222222222223,0.9999930471058578,0.0
35,22,1s2.2s2.2p6.3s2.3p6.3d4,3d,3,2,4,1.5,d,0,14,16.81369270190474,3,0,0,18,0,0,0,3,0,0,0,0,0,0,0,16,0,0,0,0,0,0,0,0,0,2,1.6666666666666667,0.9999930471058578,0.0
35,21,1s2.2s2.2p6.3s2.3p6.3d3,3d,3,2,3,1.5,d,0,15,16.06581898178117,2,0,0,18,0,0,0,2,0,0,0,0,0,0,0,16,0,0,0,0,0,0,0,0,0,2,1.1111111111111112,0.9999930471058578,0.0
35,20,1s2.2s2.2p6.3s2.3p6.3d2,3d,3,2,2,1.5,d,0,16,15.318236242385085,1,0,0,18,0,0,0,1,0,0,0,0,0,0,0,16,0,0,0,0,0,0,0,0,0,2,0.5555555555555556,0.9999930471058578,0.0
35,19,1s2.2s2.2p6.3s2.3p6.3d1,3d,3,2,1,1.5,d,0,17,14.615753461451872,0,0,0,18,0,0,0,0,0,0,0,0,0,0,0,16,0,0,0,0,0,0,0,0,0,2,0.0,0.9999930471058578,0.0
35,18,1s2.2s2.2p6.3s2.3p6,3p,3,1,6,1.5,p3,0,18,12.667818264554036,5,10,2,0,0,0,5,0,0,2,8,0,0,2,0,0,0,0,0,0,0,0,0,0,0,0,0.0,0.9999930471058578,0.0
35,17,1s2.2s2.2p6.3s2.3p5,3p,3,1,5,1.5,p3,0,19,12.08347223011717,4,10,2,0,0,0,4,0,0,2,8,0,0,2,0,0,0,0,0,0,0,0,0,0,0,0,-0.6000000000000001,0.9999930471058578,0.0
35,16,1s2.2s2.2p6.3s2.3p4,3p,3,1,4,1.5,p3,0,20,11.49928244974415,3,10,2,0,0,0,3,0,0,2,8,0,0,2,0,0,0,0,0,0,0,0,0,0,0,0,-1.2,0.9999930471058578,0.0
35,15,1s2.2s2.2p6.3s2.3p3,3p,3,1,3,1.5,p3,0,21,10.730818199117742,2,10,2,0,0,0,2,0,0,2,8,0,0,2,0,0,0,0,0,0,0,0,0,0,0,0,1.2,0.9999930471058578,0.0
35,14,1s2.2s2.2p6.3s2.3p2,3p,3,1,2,0.5,p1,0,22,10.145247180423096,1,10,2,0,0,0,1,0,0,2,8,0,0,2,0,0,0,0,0,0,0,0,0,0,0,0,0.6,0.9999930471058578,0.0
35,13,1s2.2s2.2p6.3s2.3p1,3p,3,1,1,0.5,p1,0,23,9.559774441642945,0,10,2,0,0,0,0,0,0,2,8,0,0,2,0,0,0,0,0,0,0,0,0,0,0,0,0.0,0.9999930471058578,0.0
35,12,1s2.2s2.2p6.3s2,3s,3,0,2,0.5,s,0,24,8.35113401342552,1,8,2,0,0,1,0,0,0,0,8,0,0,2,0,0,0,0,0,0,0,0,0,0,0,0,0.0,0.9999930471058578,0.0
35,11,1s2.2s2.2p6.3s1,3s,3,0,1,0.5,s,0,25,7.7856408855844075,0,8,2,0,0,0,0,0,0,0,8,0,0,2,0,0,0,0,0,0,0,0,0,0,0,0,0.0,0.9999930471058578,0.0
35,10,1s2.2s2.2p6,2p,2,1,6,1.5,p3,0,26,6.545979557232126,5,4,0,0,0,0,5,0,0,2,2,0,0,0,0,0,0,0,0,0,0,0,0,0,0,0,0.0,0.9999930471058578,0.0
35,9,1s2.2s2.2p5,2p,2,1,5,1.5,p3,0,27,5.88972955723213,4,4,0,0,0,0,4,0,0,2,2,0,0,0,0,0,0,0,0,0,0,0,0,0,0,0,-0.6000000000000001,0.9999930471058578,0.0
35,8,1s2.2s2.2p4,2p,2,1,4,1.5,p3,0,28,5.233479557232133,3,4,0,0,0,0,3,0,0,2,2,0,0,0,0,0,0,0,0,0,0,0,0,0,0,0,-1.2,0.9999930471058578,0.0
35,7,1s2.2s2.2p3,2p,2,1,3,1.5,p3,0,29,4.378670782625834,2,4,0,0,0,0,2,0,0,2,2,0,0,0,0,0,0,0,0,0,0,0,0,0,0,0,1.2,0.9999930471058578,0.0
35,6,1s2.2s2.2p2,2p,2,1,2,0.5,p1,0,30,3.7253535771907345,1,4,0,0,0,0,1,0,0,2,2,0,0,0,0,0,0,0,0,0,0,0,0,0,0,0,0.6,0.9999930471058578,0.0
35,5,1s2.2s2.2p1,2p,2,1,1,0.5,p1,0,31,3.0730091792350134,0,4,0,0,0,0,0,0,0,2,2,0,0,0,0,0,0,0,0,0,0,0,0,0,0,0,0.0,0.9999930471058578,0.0
35,4,1s2.2s2,2s,2,0,2,0.5,s,0,32,2.145875983124917,1,2,0,0,0,1,0,0,0,0,2,0,0,0,0,0,0,0,0,0,0,0,0,0,0,0,0.0,0.9999930471058578,1.5310464273831923
35,3,1s2.2s1,2s,2,0,1,0.5,s,0,33,1.5912208504801093,0,2,0,0,0,0,0,0,0,0,2,0,0,0,0,0,0,0,0,0,0,0,0,0,0,0,0.0,0.9999930471058578,1.5310464273831923
35,2,1s2,1s,1,0,2,0.5,s,0,34,0.625,1,0,0,0,0,1,0,0,0,0,0,0,0,0,0,0,0,0,0,0,0,0,0,0,0,0,0.0,0.9999930471058578,10.763297409146148
35,1,1s1,1s,1,0,1,0.5,s,0,35,0.0,0,0,0,0,0,0,0,0,0,0,0,0,0,0,0,0,0,0,0,0,0,0,0,0,0,0,0.0,0.9999930471058578,10.763297409146148
36,36,1s2.2s2.2p6.3s2.3p6.3d10.4s2.4p6,4p,4,1,6,1.5,p3,0,1,26.676544772007787,5,20,10,0,0,0,5,0,0,2,8,10,0,8,0,0,0,0,0,0,0,0,0,0,2,0,0.0,0.9999934608895806,0.0
36,35,1s2.2s2.2p6.3s2.3p6.3d10.4s2.4p5,4p,4,1,5,1.5,p3,0,2,26.117340670445287,4,20,10,0,0,0,4,0,0,2,8,10,0,8,0,0,0,0,0,0,0,0,0,0,2,0,-0.6000000000000001,0.9999934608895806,0.0
36,34,1s2.2s2.2p6.3s2.3p6.3d10.4s2.4p4,4p,4,1,4,1.5,p3,0,3,25.558136568882787,3,20,10,0,0,0,3,0,0,2,8,10,0,8,0,0,0,0,0,0,0,0,0,0,2,0,-1.2,0.9999934608895806,0.0
36,33,1s2.2s2.2p6.3s2.3p6.3d10.4s2.4p3,4p,4,1,3,1.5,p3,0,4,24.807678805211026,2,20,10,0,0,0,2,0,0,2,8,10,0,8,0,0,0,0,0,0,0,0,0,0,2,0,1.2,0.9999934608895806,0.0
36,32,1s2.2s2.2p6.3s2.3p6.3d10.4s2.4p2,4p,4,1,2,0.5,p1,0,5,24.24270156046225,1,20,10,0,0,0,1,0,0,2,8,10,0,8,0,0,0,0,0,0,0,0,0,0,2,0,0.6,0.9999934608895806,0.0
36,31,1s2.2s2.2p6.3s2.3p6.3d10.4s2.4p1,4p,4,1,1,0.5,p1,0,6,23.681451647104154,0,20,10,0,0,0,0,0,0,2,8,10,0,8,0,0,0,0,0,0,0,0,0,0,2,0,0.0,0.9999934608895806,0.0
36,30,1s2.2s2.2p6.3s2.3p6.3d10.4s2,4s,4,0,2,0.5,s,0,7,22.126593730819764,1,18,10,0,0,1,0,0,0,0,8,10,0,8,0,0,0,0,0,0,0,0,0,0,2,0,0.0,0.9999934608895806,0.0
36,29,1s2.2s2.2p6.3s2.3p6.3d10.4s1,4s,4,0,1,0.5,s,0,8,21.554071296483926,0,18,10,0,0,0,0,0,0,0,8,10,0,8,0,0,0,0,0,0,0,0,0,0,2,0,0.0,0.9999934608895806,0.0
36,28,1s2.2s2.2p6.3s2.3p6.3d10,3d,3,2,10,2.5,d,0,9,21.379455336979806,9,0,0,18,0,0,0,9,0,0,0,0,0,0,0,16,0,0,0,0,0,0,0,0,0,2,0.0,0.9999934608895806,0.0
36,27,1s2.2s2.2p6.3s2.3p6.3d9,3d,3,2,9,2.5,d,0,10,20.677223194122995,8,0,0,18,0,0,0,8,0,0,0,0,0,0,0,16,0,0,0,0,0,0,0,0,0,2,-0.5555555555555554,0.9999934608895806,0.0
36,26,1s2.2s2.2p6.3s2.3p6.3d8,3d,3,2,8,2.5,d,0,11,19.92856167011884,7,0,0,18,0,0,0,7,0,0,0,0,0,0,0,16,0,0,0,0,0,0,0,0,0,2,-1.1111111111111112,0.9999934608895806,0.0
36,25,1s2.2s2.2p6.3s2.3p6.3d7,3d,3,2,7,2.5,d,0,12,19.180019458485546,6,0,0,18,0,0,0,6,0,0,0,0,0,0,0,16,0,0,0,0,0,0,0,0,0,2,-1.6666666666666665,0.9999934608895806,0.0
36,24,1s2.2s2.2p6.3s2.3p6.3d6,3d,3,2,6,2.5,d,0,13,18.477999944610033,5,0,0,18,0,0,0,5,0,0,0,0,0,0,0,16,0,0,0,0,0,0,0,0,0,2,-2.2222222222222223,0.9999934608895806,0.0
36,23,1s2.2s2.2p6.3s2.3p6.3d5,3d,3,2,5,2.5,d,0,14,17.516342790782076,4,0,0,18,0,0,0,4,0,0,0,0,0,0,0,16,0,0,0,0,0,0,0,0,0,2,2.2222222222222223,0.9999934608895806,0.0
36,22,1s2.2s2.2p6.3s2.3p6.3d4,3d,3,2,4,1.5,d,0,15,16.81369270190474,3,0,0,18,0,0,0,3,0,0,0,0,0,0,0,16,0,0,0,0,0,0,0,0,0,2,1.6666666666666667,0.9999934608895806,0.0
36,21,1s2.2s2.2p6.3s2.3p6.3d3,3d,3,2,3,1.5,d,0,16,16.06581898178117,2,0,0,18,0,0,0,2,0,0,0,0,0,0,0,16,0,0,0,0,0,0,0,0,0,2,1.1111111111111112,0.9999934608895806,0.0
36,20,1s2.2s2.2p6.3s2.3p6.3d2,3d,3,2,2,1.5,d,0,17,15.318236242385085,1,0,0,18,0,0,0,1,0,0,0,0,0,0,0,16,0,0,0,0,0,0,0,0,0,2,0.5555555555555556,0.9999934608895806,0.0
36,19,1s2.2s2.2p6.3s2.3p6.3d1,3d,3,2,1,1.5,d,0,18,14.615753461451872,0,0,0,18,0,0,0,0,0,0,0,0,0,0,0,16,0,0,0,0,0,0,0,0,0,2,0.0,0.9999934608895806,0.0
36,18,1s2.2s2.2p6.3s2.3p6,3p,3,1,6,1.5,p3,0,19,12.667818264554036,5,10,2,0,0,0,5,0,0,2,8,0,0,2,0,0,0,0,0,0,0,0,0,0,0,0,0.0,0.9999934608895806,0.0
36,17,1s2.2s2.2p6.3s2.3p5,3p,3,1,5,1.5,p3,0,20,12.08347223011717,4,10,2,0,0,0,4,0,0,2,8,0,0,2,0,0,0,0,0,0,0,0,0,0,0,0,-0.6000000000000001,0.9999934608895806,0.0
36,16,1s2.2s2.2p6.3s2.3p4,3p,3,1,4,1.5,p3,0,21,11.49928244974415,3,10,2,0,0,0,3,0,0,2,8,0,0,2,0,0,0,0,0,0,0,0,0,0,0,0,-1.2,0.9999934608895806,0.0
36,15,1s2.2s2.2p6.3s2.3p3,3p,3,1,3,1.5,p3,0,22,10.730818199117742,2,10,2,0,0,0,2,0,0,2,8,0,0,2,0,0,0,0,0,0,0,0,0,0,0,0,1.2,0.9999934608895806,0.0
36,14,1s2.2s2.2p6.3s2.3p2,3p,3,1,2,0.5,p1,0,23,10.145247180423096,1,10,2,0,0,0,1,0,0,2,8,0,0,2,0,0,0,0,0,0,0,0,0,0,0,0,0.6,0.9999934608895806,0.0
36,13,1s2.2s2.2p6.3s2.3p1,3p,3,1,1,0.5,p1,0,24,9.559774441642945,0,10,2,0,0,0,0,0,0,2,8,0,0,2,0,0,0,0,0,0,0,0,0,0,0,0,0.0,0.9999934608895806,0.0
36,12,1s2.2s2.2p6.3s2,3s,3,0,2,0.5,s,0,25,8.35113401342552,1,8,2,0,0,1,0,0,0,0,8,0,0,2,0,0,0,0,0,0,0,0,0,0,0,0,0.0,0.9999934608895806,0.0
36,11,1s2.2s2.2p6.3s1,3s,3,0,1,0.5,s,0,26,7.7856408855844075,0,8,2,0,0,0,0,0,0,0,8,0,0,2,0,0,0,0,0,0,0,0,0,0,0,0,0.0,0.9999934608895806,0.0
36,10,1s2.2s2.2p6,2p,2,1,6,1.5,p3,0,27,6.545979557232126,5,4,0,0,0,0,5,0,0,2,2,0,0,0,0,0,0,0,0,0,0,0,0,0,0,0,0.0,0.9999934608895806,0.0
36,9,1s2.2s2.2p5,2p,2,1,5,1.5,p3,0,28,5.88972955723213,4,4,0,0,0,0,4,0,0,2,2,0,0,0,0,0,0,0,0,0,0,0,0,0,0,0,-0.6000000000000001,0.9999934608895806,0.0
36,8,1s2.2s2.2p4,2p,2,1,4,1.5,p3,0,29,5.233479557232133,3,4,0,0,0,0,3,0,0,2,2,0,0,0,0,0,0,0,0,0,0,0,0,0,0,0,-1.2,0.9999934608895806,0.0
36,7,1s2.2s2.2p3,2p,2,1,3,1.5,p3,0,30,4.378670782625834,2,4,0,0,0,0,2,0,0,2,2,0,0,0,0,0,0,0,0,0,0,0,0,0,0,0,1.2,0.9999934608895806,0.0
36,6,1s2.2s2.2p2,2p,2,1,2,0.5,p1,0,31,3.7253535771907345,1,4,0,0,0,0,1,0,0,2,2,0,0,0,0,0,0,0,0,0,0,0,0,0,0,0,0.6,0.9999934608895806,0.0
36,5,1s2.2s2.2p1,2p,2,1,1,0.5,p1,0,32,3.0730091792350134,0,4,0,0,0,0,0,0,0,2,2,0,0,0,0,0,0,0,0,0,0,0,0,0,0,0,0.0,0.9999934608895806,0.0
36,4,1s2.2s2,2s,2,0,2,0.5,s,0,33,2.145875983124917,1,2,0,0,0,1,0,0,0,0,2,0,0,0,0,0,0,0,0,0,0,0,0,0,0,0,0.0,0.9999934608895806,1.6882524480920158
36,3,1s2.2s1,2s,2,0,1,0.5,s,0,34,1.5912208504801093,0,2,0,0,0,0,0,0,0,0,2,0,0,0,0,0,0,0,0,0,0,0,0,0,0,0,0.0,0.9999934608895806,1.6882524480920158
36,2,1s2,1s,1,0,2,0.5,s,0,35,0.625,1,0,0,0,0,1,0,0,0,0,0,0,0,0,0,0,0,0,0,0,0,0,0,0,0,0,0.0,0.9999934608895806,11.827390057071128
36,1,1s1,1s,1,0,1,0.5,s,0,36,0.0,0,0,0,0,0,0,0,0,0,0,0,0,0,0,0,0,0,0,0,0,0,0,0,0,0,0,0.0,0.9999934608895806,11.827390057071128
37,37,1s2.2s2.2p6.3s2.3p6.3d10.4s2.4p6.5s1,5s,5,0,1,0.5,s,0,1,28.446277294399078,0,8,28,0,0,0,0,0,0,0,8,0,0,8,10,0,0,0,0,0,0,0,0,0,10,0,0.0,0.9999935378809419,0.0
37,36,1s2.2s2.2p6.3s2.3p6.3d10.4s2.4p6,4p,4,1,6,1.5,p3,0,2,26.676544772007787,5,20,10,0,0,0,5,0,0,2,8,10,0,8,0,0,0,0,0,0,0,0,0,0,2,0,0.0,0.9999935378809419,0.0
37,35,1s2.2s2.2p6.3s2.3p6.3d10.4s2.4p5,4p,4,1,5,1.5,p3,0,3,26.117340670445287,4,20,10,0,0,0,4,0,0,2,8,10,0,8,0,0,0,0,0,0,0,0,0,0,2,0,-0.6000000000000001,0.9999935378809419,0.0
37,34,1s2.2s2.2p6.3s2.3p6.3d10.4s2.4p4,4p,4,1,4,1.5,p3,0,4,25.558136568882787,3,20,10,0,0,0,3,0,0,2,8,10,0,8,0,0,0,0,0,0,0,0,0,0,2,0,-1.2,0.9999935378809419,0.0
37,33,1s2.2s2.2p6.3s2.3p6.3d10.4s2.4p3,4p,4,1,3,1.5,p3,0,5,24.807678805211026,2,20,10,0,0,0,2,0,0,2,8,10,0,8,0,0,0,0,0,0,0,0,0,0,2,0,1.2,0.9999935378809419,0.0
37,32,1s2.2s2.2p6.3s2.3p6.3d10.4s2.4p2,4p,4,1,2,0.5,p1,0,6,24.24270156046225,1,20,10,0,0,0,1,0,0,2,8,10,0,8,0,0,0,0,0,0,0,0,0,0,2,0,0.6,0.9999935378809419,0.0
37,31,1s2.2s2.2p6.3s2.3p6.3d10.4s2.4p1,4p,4,1,1,0.5,p1,0,7,23.681451647104154,0,20,10,0,0,0,0,0,0,2,8,10,0,8,0,0,0,0,0,0,0,0,0,0,2,0,0.0,0.9999935378809419,0.0
37,30,1s2.2s2.2p6.3s2.3p6.3d10.4s2,4s,4,0,2,0.5,s,0,8,22.126593730819764,1,18,10,0,0,1,0,0,0,0,8,10,0,8,0,0,0,0,0,0,0,0,0,0,2,0,0.0,0.9999935378809419,0.0
37,29,1s2.2s2.2p6.3s2.3p6.3d10.4s1,4s,4,0,1,0.5,s,0,9,21.554071296483926,0,18,10,0,0,0,0,0,0,0,8,10,0,8,0,0,0,0,0,0,0,0,0,0,2,0,0.0,0.9999935378809419,0.0
37,28,1s2.2s2.2p6.3s2.3p6.3d10,3d,3,2,10,2.5,d,0,10,21.379455336979806,9,0,0,18,0,0,0,9,0,0,0,0,0,0,0,16,0,0,0,0,0,0,0,0,0,2,0.0,0.9999935378809419,0.0
37,27,1s2.2s2.2p6.3s2.3p6.3d9,3d,3,2,9,2.5,d,0,11,20.677223194122995,8,0,0,18,0,0,0,8,0,0,0,0,0,0,0,16,0,0,0,0,0,0,0,0,0,2,-0.5555555555555554,0.9999935378809419,0.0
37,26,1s2.2s2.2p6.3s2.3p6.3d8,3d,3,2,8,2.5,d,0,12,19.92856167011884,7,0,0,18,0,0,0,7,0,0,0,0,0,0,0,16,0,0,0,0,0,0,0,0,0,2,-1.1111111111111112,0.9999935378809419,0.0
37,25,1s2.2s2.2p6.3s2.3p6.3d7,3d,3,2,7,2.5,d,0,13,19.180019458485546,6,0,0,18,0,0,0,6,0,0,0,0,0,0,0,16,0,0,0,0,0,0,0,0,0,2,-1.6666666666666665,0.9999935378809419,0.0
37,24,1s2.2s2.2p6.3s2.3p6.3d6,3d,3,2,6,2.5,d,0,14,18.477999944610033,5,0,0,18,0,0,0,5,0,0,0,0,0,0,0,16,0,0,0,0,0,0,0,0,0,2,-2.2222222222222223,0.9999935378809419,0.0
37,23,1s2.2s2.2p6.3s2.3p6.3d5,3d,3,2,5,2.5,d,0,15,17.516342790782076,4,0,0,18,0,0,0,4,0,0,0,0,0,0,0,16,0,0,0,0,0,0,0,0,0,2,2.2222222222222223,0.9999935378809419,0.0
37,22,1s2.2s2.2p6.3s2.3p6.3d4,3d,3,2,4,1.5,d,0,16,16.81369270190474,3,0,0,18,0,0,0,3,0,0,0,0,0,0,0,16,0,0,0,0,0,0,0,0,0,2,1.6666666666666667,0.9999935378809419,0.0
37,21,1s2.2s2.2p6.3s2.3p6.3d3,3d,3,2,3,1.5,d,0,17,16.06581898178117,2,0,0,18,0,0,0,2,0,0,0,0,0,0,0,16,0,0,0,0,0,0,0,0,0,2,1.1111111111111112,0.9999935378809419,0.0
37,20,1s2.2s2.2p6.3s2.3p6.3d2,3d,3,2,2,1.5,d,0,18,15.318236242385085,1,0,0,18,0,0,0,1,0,0,0,0,0,0,0,16,0,0,0,0,0,0,0,0,0,2,0.5555555555555556,0.9999935378809419,0.0
37,19,1s2.2s2.2p6.3s2.3p6.3d1,3d,3,2,1,1.5,d,0,19,14.615753461451872,0,0,0,18,0,0,0,0,0,0,0,0,0,0,0,16,0,0,0,0,0,0,0,0,0,2,0.0,0.9999935378809419,0.0
37,18,1s2.2s2.2p6.3s2.3p6,3p,3,1,6,1.5,p3,0,20,12.667818264554036,5,10,2,0,0,0,5,0,0,2,8,0,0,2,0,0,0,0,0,0,0,0,0,0,0,0,0.0,0.9999935378809419,0.0
37,17,1s2.2s2.2p6.3s2.3p5,3p,3,1,5,1.5,p3,0,21,12.08347223011717,4,10,2,0,0,0,4,0,0,2,8,0,0,2,0,0,0,0,0,0,0,0,0,0,0,0,-0.6000000000000001,0.9999935378809419,0.0
37,16,1s2.2s2.2p6.3s2.3p4,3p,3,1,4,1.5,p3,0,22,11.49928244974415,3,10,2,0,0,0,3,0,0,2,8,0,0,2,0,0,0,0,0,0,0,0,0,0,0,0,-1.2,0.9999935378809419,0.0
37,15,1s2.2s2.2p6.3s2.3p3,3p,3,1,3,1.5,p3,0,23,10.730818199117742,2,10,2,0,0,0,2,0,0,2,8,0,0,2,0,0,0,0,0,0,0,0,0,0,0,0,1.2,0.9999935378809419,0.0
37,14,1s2.2s2.2p6.3s2.3p2,3p,3,1,2,0.5,p1,0,24,10.145247180423096,1,10,2,0,0,0,1,0,0,2,8,0,0,2,0,0,0,0,0,0,0,0,0,0,0,0,0.6,0.9999935378809419,0.0
37,13,1s2.2s2.2p6.3s2.3p1,3p,3,1,1,0.5,p1,0,25,9.559774441642945,0,10,2,0,0,0,0,0,0,2,8,0,0,2,0,0,0,0,0,0,0,0,0,0,0,0,0.0,0.9999935378809419,0.0
37,12,1s2.2s2.2p6.3s2,3s,3,0,2,0.5,s,0,26,8.35113401342552,1,8,2,0,0,1,0,0,0,0,8,0,0,2,0,0,0,0,0,0,0,0,0,0,0,0,0.0,0.9999935378809419,0.0
37,11,1s2.2s2.2p6.3s1,3s,3,0,1,0.5,s,0,27,7.7856408855844075,0,8,2,0,0,0,0,0,0,0,8,0,0,2,0,0,0,0,0,0,0,0,0,0,0,0,0.0,0.9999935378809419,0.0
37,10,1s2.2s2.2p6,2p,2,1,6,1.5,p3,0,28,6.545979557232126,5,4,0,0,0,0,5,0,0,2,2,0,0,0,0,0,0,0,0,0,0,0,0,0,0,0,0.0,0.9999935378809419,0.0
37,9,1s2.2s2.2p5,2p,2,1,5,1.5,p3,0,29,5.88972955723213,4,4,0,0,0,0,4,0,0,2,2,0,0,0,0,0,0,0,0,0,0,0,0,0,0,0,-0.6000000000000001,0.9999935378809419,0.0
37,8,1s2.2s2.2p4,2p,2,1,4,1.5,p3,0,30,5.233479557232133,3,4,0,0,0,0,3,0,0,2,2,0,0,0,0,0,0,0,0,0,0,0,0,0,0,0,-1.2,0.9999935378809419,0.0
37,7,1s2.2s2.2p3,2p,2,1,3,1.5,p3,0,31,4.378670782625834,2,4,0,0,0,0,2,0,0,2,2,0,0,0,0,0,0,0,0,0,0,0,0,0,0,0,1.2,0.9999935378809419,0.0
37,6,1s2.2s2.2p2,2p,2,1,2,0.5,p1,0,32,3.7253535771907345,1,4,0,0,0,0,1,0,0,2,2,0,0,0,0,0,0,0,0,0,0,0,0,0,0,0,0.6,0.9999935378809419,0.0
37,5,1s2.2s2.2p1,2p,2,1,1,0.5,p1,0,33,3.0730091792350134,0,4,0,0,0,0,0,0,0,2,2,0,0,0,0,0,0,0,0,0,0,0,0,0,0,0,0.0,0.9999935378809419,0.0
37,4,1s2.2s2,2s,2,0,2,0.5,s,0,34,2.145875983124917,1,2,0,0,0,1,0,0,0,0,2,0,0,0,0,0,0,0,0,0,0,0,0,0,0,0,0.0,0.9999935378809419,1.8566921130661438
37,3,1s2.2s1,2s,2,0,1,0.5,s,0,35,1.5912208504801093,0,2,0,0,0,0,0,0,0,0,2,0,0,0,0,0,0,0,0,0,0,0,0,0,0,0,0.0,0.9999935378809419,1.8566921130661438
37,2,1s2,1s,1,0,2,0.5,s,0,36,0.625,1,0,0,0,0,1,0,0,0,0,0,0,0,0,0,0,0,0,0,0,0,0,0,0,0,0,0.0,0.9999935378809419,12.961840750936327
37,1,1s1,1s,1,0,1,0.5,s,0,37,0.0,0,0,0,0,0,0,0,0,0,0,0,0,0,0,0,0,0,0,0,0,0,0,0,0,0,0,0.0,0.9999935378809419,12.961840750936327
38,38,1s2.2s2.2p6.3s2.3p6.3d10.4s2.4p6.5s2,5s,5,0,2,0.5,s,0,1,29.042026195766166,1,8,28,0,0,1,0,0,0,0,8,0,0,8,10,0,0,0,0,0,0,0,0,0,10,0,0.0,0.9999937579975656,0.0
38,37,1s2.2s2.2p6.3s2.3p6.3d10.4s2.4p6.5s1,5s,5,0,1,0.5,s,0,2,28.446277294399078,0,8,28,0,0,0,0,0,0,0,8,0,0,8,10,0,0,0,0,0,0,0,0,0,10,0,0.0,0.9999937579975656,0.0
38,36,1s2.2s2.2p6.3s2.3p6.3d10.4s2.4p6,4p,4,1,6,1.5,p3,0,3,26.676544772007787,5,20,10,0,0,0,5,0,0,2,8,10,0,8,0,0,0,0,0,0,0,0,0,0,2,0,0.0,0.9999937579975656,0.0
38,35,1s2.2s2.2p6.3s2.3p6.3d10.4s2.4p5,4p,4,1,5,1.5,p3,0,4,26.117340670445287,4,20,10,0,0,0,4,0,0,2,8,10,0,8,0,0,0,0,0,0,0,0,0,0,2,0,-0.6000000000000001,0.9999937579975656,0.0
38,34,1s2.2s2.2p6.3s2.3p6.3d10.4s2.4p4,4p,4,1,4,1.5,p3,0,5,25.558136568882787,3,20,10,0,0,0,3,0,0,2,8,10,0,8,0,0,0,0,0,0,0,0,0,0,2,0,-1.2,0.9999937579975656,0.0
38,33,1s2.2s2.2p6.3s2.3p6.3d10.4s2.4p3,4p,4,1,3,1.5,p3,0,6,24.807678805211026,2,20,10,0,0,0,2,0,0,2,8,10,0,8,0,0,0,0,0,0,0,0,0,0,2,0,1.2,0.9999937579975656,0.0
38,32,1s2.2s2.2p6.3s2.3p6.3d10.4s2.4p2,4p,4,1,2,0.5,p1,0,7,24.24270156046225,1,20,10,0,0,0,1,0,0,2,8,10,0,8,0,0,0,0,0,0,0,0,0,0,2,0,0.6,0.9999937579975656,0.0
38,31,1s2.2s2.2p6.3s2.3p6.3d10.4s2.4p1,4p,4,1,1,0.5,p1,0,8,23.681451647104154,0,20,10,0,0,0,0,0,0,2,8,10,0,8,0,0,0,0,0,0,0,0,0,0,2,0,0.0,0.9999937579975656,0.0
38,30,1s2.2s2.2p6.3s2.3p6.3d10.4s2,4s,4,0,2,0.5,s,0,9,22.126593730819764,1,18,10,0,0,1,0,0,0,0,8,10,0,8,0,0,0,0,0,0,0,0,0,0,2,0,0.0,0.9999937579975656,0.0
38,29,1s2.2s2.2p6.3s2.3p6.3d10.4s1,4s,4,0,1,0.5,s,0,10,21.554071296483926,0,18,10,0,0,0,0,0,0,0,8,10,0,8,0,0,0,0,0,0,0,0,0,0,2,0,0.0,0.9999937579975656,0.0
38,28,1s2.2s2.2p6.3s2.3p6.3d10,3d,3,2,10,2.5,d,0,11,21.379455336979806,9,0,0,18,0,0,0,9,0,0,0,0,0,0,0,16,0,0,0,0,0,0,0,0,0,2,0.0,0.9999937579975656,0.0
38,27,1s2.2s2.2p6.3s2.3p6.3d9,3d,3,2,9,2.5,d,0,12,20.677223194122995,8,0,0,18,0,0,0,8,0,0,0,0,0,0,0,16,0,0,0,0,0,0,0,0,0,2,-0.5555555555555554,0.9999937579975656,0.0
38,26,1s2.2s2.2p6.3s2.3p6.3d8,3d,3,2,8,2.5,d,0,13,19.92856167011884,7,0,0,18,0,0,0,7,0,0,0,0,0,0,0,16,0,0,0,0,0,0,0,0,0,2,-1.1111111111111112,0.9999937579975656,0.0
38,25,1s2.2s2.2p6.3s2.3p6.3d7,3d,3,2,7,2.5,d,0,14,19.180019458485546,6,0,0,18,0,0,0,6,0,0,0,0,0,0,0,16,0,0,0,0,0,0,0,0,0,2,-1.6666666666666665,0.9999937579975656,0.0
38,24,1s2.2s2.2p6.3s2.3p6.3d6,3d,3,2,6,2.5,d,0,15,18.477999944610033,5,0,0,18,0,0,0,5,0,0,0,0,0,0,0,16,0,0,0,0,0,0,0,0,0,2,-2.2222222222222223,0.9999937579975656,0.0
38,23,1s2.2s2.2p6.3s2.3p6.3d5,3d,3,2,5,2.5,d,0,16,17.516342790782076,4,0,0,18,0,0,0,4,0,0,0,0,0,0,0,16,0,0,0,0,0,0,0,0,0,2,2.2222222222222223,0.9999937579975656,0.0
38,22,1s2.2s2.2p6.3s2.3p6.3d4,3d,3,2,4,1.5,d,0,17,16.81369270190474,3,0,0,18,0,0,0,3,0,0,0,0,0,0,0,16,0,0,0,0,0,0,0,0,0,2,1.6666666666666667,0.9999937579975656,0.0
38,21,1s2.2s2.2p6.3s2.3p6.3d3,3d,3,2,3,1.5,d,0,18,16.06581898178117,2,0,0,18,0,0,0,2,0,0,0,0,0,0,0,16,0,0,0,0,0,0,0,0,0,2,1.1111111111111112,0.9999937579975656,0.0
38,20,1s2.2s2.2p6.3s2.3p6.3d2,3d,3,2,2,1.5,d,0,19,15.318236242385085,1,0,0,18,0,0,0,1,0,0,0,0,0,0,0,16,0,0,0,0,0,0,0,0,0,2,0.5555555555555556,0.9999937579975656,0.0
38,19,1s2.2s2.2p6.3s2.3p6.3d1,3d,3,2,1,1.5,d,0,20,14.615753461451872,0,0,0,18,0,0,0,0,0,0,0,0,0,0,0,16,0,0,0,0,0,0,0,0,0,2,0.0,0.9999937579975656,0.0
38,18,1s2.2s2.2p6.3s2.3p6,3p,3,1,6,1.5,p3,0,21,12.667818264554036,5,10,2,0,0,0,5,0,0,2,8,0,0,2,0,0,0,0,0,0,0,0,0,0,0,0,0.0,0.9999937579975656,0.0
38,17,1s2.2s2.2p6.3s2.3p5,3p,3,1,5,1.5,p3,0,22,12.08347223011717,4,10,2,0,0,0,4,0,0,2,8,0,0,2,0,0,0,0,0,0,0,0,0,0,0,0,-0.6000000000000001,0.9999937579975656,0.0
38,16,1s2.2s2.2p6.3s2.3p4,3p,3,1,4,1.5,p3,0,23,11.49928244974415,3,10,2,0,0,0,3,0,0,2,8,0,0,2,0,0,0,0,0,0,0,0,0,0,0,0,-1.2,0.9999937579975656,0.0
38,15,1s2.2s2.2p6.3s2.3p3,3p,3,1,3,1.5,p3,0,24,10.730818199117742,2,10,2,0,0,0,2,0,0,2,8,0,0,2,0,0,0,0,0,0,0,0,0,0,0,0,1.2,0.9999937579975656,0.0
38,14,1s2.2s2.2p6.3s2.3p2,3p,3,1,2,0.5,p1,0,25,10.145247180423096,1,10,2,0,0,0,1,0,0,2,8,0,0,2,0,0,0,0,0,0,0,0,0,0,0,0,0.6,0.9999937579975656,0.0
38,13,1s2.2s2.2p6.3s2.3p1,3p,3,1,1,0.5,p1,0,26,9.559774441642945,0,10,2,0,0,0,0,0,0,2,8,0,0,2,0,0,0,0,0,0,0,0,0,0,0,0,0.0,0.9999937579975656,0.0
38,12,1s2.2s2.2p6.3s2,3s,3,0,2,0.5,s,0,27,8.35113401342552,1,8,2,0,0,1,0,0,0,0,8,0,0,2,0,0,0,0,0,0,0,0,0,0,0,0,0.0,0.9999937579975656,0.0
38,11,1s2.2s2.2p6.3s1,3s,3,0,1,0.5,s,0,28,7.7856408855844075,0,8,2,0,0,0,0,0,0,0,8,0,0,2,0,0,0,0,0,0,0,0,0,0,0,0,0.0,0.9999937579975656,0.0
38,10,1s2.2s2.2p6,2p,2,1,6,1.5,p3,0,29,6.545979557232126,5,4,0,0,0,0,5,0,0,2,2,0,0,0,0,0,0,0,0,0,0,0,0,0,0,0,0.0,0.9999937579975656,0.0
38,9,1s2.2s2.2p5,2p,2,1,5,1.5,p3,0,30,5.88972955723213,4,4,0,0,0,0,4,0,0,2,2,0,0,0,0,0,0,0,0,0,0,0,0,0,0,0,-0.6000000000000001,0.9999937579975656,0.0
38,8,1s2.2s2.2p4,2p,2,1,4,1.5,p3,0,31,5.233479557232133,3,4,0,0,0,0,3,0,0,2,2,0,0,0,0,0,0,0,0,0,0,0,0,0,0,0,-1.2,0.9999937579975656,0.0
38,7,1s2.2s2.2p3,2p,2,1,3,1.5,p3,0,32,4.378670782625834,2,4,0,0,0,0,2,0,0,2,2,0,0,0,0,0,0,0,0,0,0,0,0,0,0,0,1.2,0.9999937579975656,0.0
38,6,1s2.2s2.2p2,2p,2,1,2,0.5,p1,0,33,3.7253535771907345,1,4,0,0,0,0,1,0,0,2,2,0,0,0,0,0,0,0,0,0,0,0,0,0,0,0,0.6,0.9999937579975656,0.0
38,5,1s2.2s2.2p1,2p,2,1,1,0.5,p1,0,34,3.0730091792350134,0,4,0,0,0,0,0,0,0,2,2,0,0,0,0,0,0,0,0,0,0,0,0,0,0,0,0.0,0.9999937579975656,0.0
38,4,1s2.2s2,2s,2,0,2,0.5,s,0,35,2.145875983124917,1,2,0,0,0,1,0,0,0,0,2,0,0,0,0,0,0,0,0,0,0,0,0,0,0,0,0.0,0.9999937579975656,2.037203963211896
38,3,1s2.2s1,2s,2,0,1,0.5,s,0,36,1.5912208504801093,0,2,0,0,0,0,0,0,0,0,2,0,0,0,0,0,0,0,0,0,0,0,0,0,0,0,0.0,0.9999937579975656,2.037203963211896
38,2,1s2,1s,1,0,2,0.5,s,0,37,0.625,1,0,0,0,0,1,0,0,0,0,0,0,0,0,0,0,0,0,0,0,0,0,0,0,0,0,0.0,0.9999937579975656,14.171700081793114
38,1,1s1,1s,1,0,1,0.5,s,0,38,0.0,0,0,0,0,0,0,0,0,0,0,0,0,0,0,0,0,0,0,0,0,0,0,0,0,0,0,0.0,0.9999937579975656,14.171700081793114
39,39,1s2.2s2.2p6.3s2.3p6.3d10.4s2.4p6.4d1.5s2,4d,4,2,1,1.5,d,0,1,30.11596221145885,0,0,0,36,2,0,0,0,0,0,0,0,0,0,0,16,10,0,0,0,0,0,2,0,0,10,0.0,0.999993828189129,0.0
39,38,1s2.2s2.2p6.3s2.3p6.3d10.4s2.4p6.5s2,5s,5,0,2,0.5,s,1,2,29.042026195766166,1,8,28,0,0,1,0,0,0,0,8,0,0,8,10,0,0,0,0,0,0,0,0,0,10,0,0.0,0.999993828189129,0.0
39,37,1s2.2s2.2p6.3s2.3p6.3d10.4s2.4p6.4d1,4d,4,2,1,1.5,d,0,3,29.20553709173464,0,0,0,36,0,0,0,0,0,0,0,0,0,0,0,16,10,0,0,0,0,0,0,0,0,10,0.0,0.999993828189129,0.0
39,36,1s2.2s2.2p6.3s2.3p6.3d10.4s2.4p6,4p,4,1,6,1.5,p3,0,4,26.676544772007787,5,20,10,0,0,0,5,0,0,2,8,10,0,8,0,0,0,0,0,0,0,0,0,0,2,0,0.0,0.999993828189129,0.0
39,35,1s2.2s2.2p6.3s2.3p6.3d10.4s2.4p5,4p,4,1,5,1.5,p3,0,5,26.117340670445287,4,20,10,0,0,0,4,0,0,2,8,10,0,8,0,0,0,0,0,0,0,0,0,0,2,0,-0.6000000000000001,0.999993828189129,0.0
39,34,1s2.2s2.2p6.3s2.3p6.3d10.4s2.4p4,4p,4,1,4,1.5,p3,0,6,25.558136568882787,3,20,10,0,0,0,3,0,0,2,8,10,0,8,0,0,0,0,0,0,0,0,0,0,2,0,-1.2,0.999993828189129,0.0
39,33,1s2.2s2.2p6.3s2.3p6.3d10.4s2.4p3,4p,4,1,3,1.5,p3,0,7,24.807678805211026,2,20,10,0,0,0,2,0,0,2,8,10,0,8,0,0,0,0,0,0,0,0,0,0,2,0,1.2,0.999993828189129,0.0
39,32,1s2.2s2.2p6.3s2.3p6.3d10.4s2.4p2,4p,4,1,2,0.5,p1,0,8,24.24270156046225,1,20,10,0,0,0,1,0,0,2,8,10,0,8,0,0,0,0,0,0,0,0,0,0,2,0,0.6,0.999993828189129,0.0
39,31,1s2.2s2.2p6.3s2.3p6.3d10.4s2.4p1,4p,4,1,1,0.5,p1,0,9,23.681451647104154,0,20,10,0,0,0,0,0,0,2,8,10,0,8,0,0,0,0,0,0,0,0,0,0,2,0,0.0,0.999993828189129,0.0
39,30,1s2.2s2.2p6.3s2.3p6.3d10.4s2,4s,4,0,2,0.5,s,0,10,22.126593730819764,1,18,10,0,0,1,0,0,0,0,8,10,0,8,0,0,0,0,0,0,0,0,0,0,2,0,0.0,0.999993828189129,0.0
39,29,1s2.2s2.2p6.3s2.3p6.3d10.4s1,4s,4,0,1,0.5,s,0,11,21.554071296483926,0,18,10,0,0,0,0,0,0,0,8,10,0,8,0,0,0,0,0,0,0,0,0,0,2,0,0.0,0.999993828189129,0.0
39,28,1s2.2s2.2p6.3s2.3p6.3d10,3d,3,2,10,2.5,d,0,12,21.379455336979806,9,0,0,18,0,0,0,9,0,0,0,0,0,0,0,16,0,0,0,0,0,0,0,0,0,2,0.0,0.999993828189129,0.0
39,27,1s2.2s2.2p6.3s2.3p6.3d9,3d,3,2,9,2.5,d,0,13,20.677223194122995,8,0,0,18,0,0,0,8,0,0,0,0,0,0,0,16,0,0,0,0,0,0,0,0,0,2,-0.5555555555555554,0.999993828189129,0.0
39,26,1s2.2s2.2p6.3s2.3p6.3d8,3d,3,2,8,2.5,d,0,14,19.92856167011884,7,0,0,18,0,0,0,7,0,0,0,0,0,0,0,16,0,0,0,0,0,0,0,0,0,2,-1.1111111111111112,0.999993828189129,0.0
39,25,1s2.2s2.2p6.3s2.3p6.3d7,3d,3,2,7,2.5,d,0,15,19.180019458485546,6,0,0,18,0,0,0,6,0,0,0,0,0,0,0,16,0,0,0,0,0,0,0,0,0,2,-1.6666666666666665,0.999993828189129,0.0
39,24,1s2.2s2.2p6.3s2.3p6.3d6,3d,3,2,6,2.5,d,0,16,18.477999944610033,5,0,0,18,0,0,0,5,0,0,0,0,0,0,0,16,0,0,0,0,0,0,0,0,0,2,-2.2222222222222223,0.999993828189129,0.0
39,23,1s2.2s2.2p6.3s2.3p6.3d5,3d,3,2,5,2.5,d,0,17,17.516342790782076,4,0,0,18,0,0,0,4,0,0,0,0,0,0,0,16,0,0,0,0,0,0,0,0,0,2,2.2222222222222223,0.999993828189129,0.0
39,22,1s2.2s2.2p6.3s2.3p6.3d4,3d,3,2,4,1.5,d,0,18,16.81369270190474,3,0,0,18,0,0,0,3,0,0,0,0,0,0,0,16,0,0,0,0,0,0,0,0,0,2,1.6666666666666667,0.999993828189129,0.0
39,21,1s2.2s2.2p6.3s2.3p6.3d3,3d,3,2,3,1.5,d,0,19,16.06581898178117,2,0,0,18,0,0,0,2,0,0,0,0,0,0,0,16,0,0,0,0,0,0,0,0,0,2,1.1111111111111112,0.999993828189129,0.0
39,20,1s2.2s2.2p6.3s2.3p6.3d2,3d,3,2,2,1.5,d,0,20,15.318236242385085,1,0,0,18,0,0,0,1,0,0,0,0,0,0,0,16,0,0,0,0,0,0,0,0,0,2,0.5555555555555556,0.999993828189129,0.0
39,19,1s2.2s2.2p6.3s2.3p6.3d1,3d,3,2,1,1.5,d,0,21,14.615753461451872,0,0,0,18,0,0,0,0,0,0,0,0,0,0,0,16,0,0,0,0,0,0,0,0,0,2,0.0,0.999993828189129,0.0
39,18,1s2.2s2.2p6.3s2.3p6,3p,3,1,6,1.5,p3,0,22,12.667818264554036,5,10,2,0,0,0,5,0,0,2,8,0,0,2,0,0,0,0,0,0,0,0,0,0,0,0,0.0,0.999993828189129,0.0
39,17,1s2.2s2.2p6.3s2.3p5,3p,3,1,5,1.5,p3,0,23,12.08347223011717,4,10,2,0,0,0,4,0,0,2,8,0,0,2,0,0,0,0,0,0,0,0,0,0,0,0,-0.6000000000000001,0.999993828189129,0.0
39,16,1s2.2s2.2p6.3s2.3p4,3p,3,1,4,1.5,p3,0,24,11.49928244974415,3,10,2,0,0,0,3,0,0,2,8,0,0,2,0,0,0,0,0,0,0,0,0,0,0,0,-1.2,0.999993828189129,0.0
39,15,1s2.2s2.2p6.3s2.3p3,3p,3,1,3,1.5,p3,0,25,10.730818199117742,2,10,2,0,0,0,2,0,0,2,8,0,0,2,0,0,0,0,0,0,0,0,0,0,0,0,1.2,0.999993828189129,0.0
39,14,1s2.2s2.2p6.3s2.3p2,3p,3,1,2,0.5,p1,0,26,10.145247180423096,1,10,2,0,0,0,1,0,0,2,8,0,0,2,0,0,0,0,0,0,0,0,0,0,0,0,0.6,0.999993828189129,0.0
39,13,1s2.2s2.2p6.3s2.3p1,3p,3,1,1,0.5,p1,0,27,9.559774441642945,0,10,2,0,0,0,0,0,0,2,8,0,0,2,0,0,0,0,0,0,0,0,0,0,0,0,0.0,0.999993828189129,0.0
39,12,1s2.2s2.2p6.3s2,3s,3,0,2,0.5,s,0,28,8.35113401342552,1,8,2,0,0,1,0,0,0,0,8,0,0,2,0,0,0,0,0,0,0,0,0,0,0,0,0.0,0.999993828189129,0.0
39,11,1s2.2s2.2p6.3s1,3s,3,0,1,0.5,s,0,29,7.7856408855844075,0,8,2,0,0,0,0,0,0,0,8,0,0,2,0,0,0,0,0,0,0,0,0,0,0,0,0.0,0.999993828189129,0.0
39,10,1s2.2s2.2p6,2p,2,1,6,1.5,p3,0,30,6.545979557232126,5,4,0,0,0,0,5,0,0,2,2,0,0,0,0,0,0,0,0,0,0,0,0,0,0,0,0.0,0.999993828189129,0.0
39,9,1s2.2s2.2p5,2p,2,1,5,1.5,p3,0,31,5.88972955723213,4,4,0,0,0,0,4,0,0,2,2,0,0,0,0,0,0,0,0,0,0,0,0,0,0,0,-0.6000000000000001,0.999993828189129,0.0
39,8,1s2.2s2.2p4,2p,2,1,4,1.5,p3,0,32,5.233479557232133,3,4,0,0,0,0,3,0,0,2,2,0,0,0,0,0,0,0,0,0,0,0,0,0,0,0,-1.2,0.999993828189129,0.0
39,7,1s2.2s2.2p3,2p,2,1,3,1.5,p3,0,33,4.378670782625834,2,4,0,0,0,0,2,0,0,2,2,0,0,0,0,0,0,0,0,0,0,0,0,0,0,0,1.2,0.999993828189129,0.0
39,6,1s2.2s2.2p2,2p,2,1,2,0.5,p1,0,34,3.7253535771907345,1,4,0,0,0,0,1,0,0,2,2,0,0,0,0,0,0,0,0,0,0,0,0,0,0,0,0.6,0.999993828189129,0.0
39,5,1s2.2s2.2p1,2p,2,1,1,0.5,p1,0,35,3.0730091792350134,0,4,0,0,0,0,0,0,0,2,2,0,0,0,0,0,0,0,0,0,0,0,0,0,0,0,0.0,0.999993828189129,0.0
39,4,1s2.2s2,2s,2,0,2,0.5,s,0,36,2.145875983124917,1,2,0,0,0,1,0,0,0,0,2,0,0,0,0,0,0,0,0,0,0,0,0,0,0,0,0.0,0.999993828189129,2.2302322121422544
39,3,1s2.2s1,2s,2,0,1,0.5,s,0,37,1.5912208504801093,0,2,0,0,0,0,0,0,0,0,2,0,0,0,0,0,0,0,0,0,0,0,0,0,0,0,0.0,0.999993828189129,2.2302322121422544
39,2,1s2,1s,1,0,2,0.5,s,0,38,0.625,1,0,0,0,0,1,0,0,0,0,0,0,0,0,0,0,0,0,0,0,0,0,0,0,0,0,0.0,0.999993828189129,15.459027296561729
39,1,1s1,1s,1,0,1,0.5,s,0,39,0.0,0,0,0,0,0,0,0,0,0,0,0,0,0,0,0,0,0,0,0,0,0,0,0,0,0,0,0.0,0.999993828189129,15.459027296561729
40,40,1s2.2s2.2p6.3s2.3p6.3d10.4s2.4p6.4d2.5s2,5s,5,0,2,0.5,s,0,1,30.478344481947033,1,10,28,0,0,1,0,0,0,0,8,2,0,8,10,0,0,0,0,0,0,0,0,0,10,0,0.0,0.9999938967451342,0.0
40,39,1s2.2s2.2p6.3s2.3p6.3d10.4s2.4p6.4d2.5s1,5s,5,0,1,0.5,s,0,2,29.855037507356183,0,10,28,0,0,0,0,0,0,0,8,2,0,8,10,0,0,0,0,0,0,0,0,0,10,0,0.0,0.9999938967451342,0.0
40,38,1s2.2s2.2p6.3s2.3p6.3d10.4s2.4p6.4d2,4d,4,2,2,1.5,d,0,3,29.82712609843111,1,0,0,36,0,0,0,1,0,0,0,0,0,0,0,16,10,0,0,0,0,0,0,0,0,10,0.5555555555555556,0.9999938967451342,0.0
40,37,1s2.2s2.2p6.3s2.3p6.3d10.4s2.4p6.4d1,4d,4,2,1,1.5,d,0,4,29.20553709173464,0,0,0,36,0,0,0,0,0,0,0,0,0,0,0,16,10,0,0,0,0,0,0,0,0,10,0.0,0.9999938967451342,0.0
40,36,1s2.2s2.2p6.3s2.3p6.3d10.4s2.4p6,4p,4,1,6,1.5,p3,0,5,26.676544772007787,5,20,10,0,0,0,5,0,0,2,8,10,0,8,0,0,0,0,0,0,0,0,0,0,2,0,0.0,0.9999938967451342,0.0
40,35,1s2.2s2.2p6.3s2.3p6.3d10.4s2.4p5,4p,4,1,5,1.5,p3,0,6,26.117340670445287,4,20,10,0,0,0,4,0,0,2,8,10,0,8,0,0,0,0,0,0,0,0,0,0,2,0,-0.6000000000000001,0.9999938967451342,0.0
40,34,1s2.2s2.2p6.3s2.3p6.3d10.4s2.4p4,4p,4,1,4,1.5,p3,0,7,25.558136568882787,3,20,10,0,0,0,3,0,0,2,8,10,0,8,0,0,0,0,0,0,0,0,0,0,2,0,-1.2,0.9999938967451342,0.0
40,33,1s2.2s2.2p6.3s2.3p6.3d10.4s2.4p3,4p,4,1,3,1.5,p3,0,8,24.807678805211026,2,20,10,0,0,0,2,0,0,2,8,10,0,8,0,0,0,0,0,0,0,0,0,0,2,0,1.2,0.9999938967451342,0.0
40,32,1s2.2s2.2p6.3s2.3p6.3d10.4s2.4p2,4p,4,1,2,0.5,p1,0,9,24.24270156046225,1,20,10,0,0,0,1,0,0,2,8,10,0,8,0,0,0,0,0,0,0,0,0,0,2,0,0.6,0.9999938967451342,0.0
40,31,1s2.2s2.2p6.3s2.3p6.3d10.4s2.4p1,4p,4,1,1,0.5,p1,0,10,23.681451647104154,0,20,10,0,0,0,0,0,0,2,8,10,0,8,0,0,0,0,0,0,0,0,0,0,2,0,0.0,0.9999938967451342,0.0
40,30,1s2.2s2.2p6.3s2.3p6.3d10.4s2,4s,4,0,2,0.5,s,0,11,22.126593730819764,1,18,10,0,0,1,0,0,0,0,8,10,0,8,0,0,0,0,0,0,0,0,0,0,2,0,0.0,0.9999938967451342,0.0
40,29,1s2.2s2.2p6.3s2.3p6.3d10.4s1,4s,4,0,1,0.5,s,0,12,21.554071296483926,0,18,10,0,0,0,0,0,0,0,8,10,0,8,0,0,0,0,0,0,0,0,0,0,2,0,0.0,0.9999938967451342,0.0
40,28,1s2.2s2.2p6.3s2.3p6.3d10,3d,3,2,10,2.5,d,0,13,21.379455336979806,9,0,0,18,0,0,0,9,0,0,0,0,0,0,0,16,0,0,0,0,0,0,0,0,0,2,0.0,0.9999938967451342,0.0
40,27,1s2.2s2.2p6.3s2.3p6.3d9,3d,3,2,9,2.5,d,0,14,20.677223194122995,8,0,0,18,0,0,0,8,0,0,0,0,0,0,0,16,0,0,0,0,0,0,0,0,0,2,-0.5555555555555554,0.9999938967451342,0.0
40,26,1s2.2s2.2p6.3s2.3p6.3d8,3d,3,2,8,2.5,d,0,15,19.92856167011884,7,0,0,18,0,0,0,7,0,0,0,0,0,0,0,16,0,0,0,0,0,0,0,0,0,2,-1.1111111111111112,0.9999938967451342,0.0
40,25,1s2.2s2.2p6.3s2.3p6.3d7,3d,3,2,7,2.5,d,0,16,19.180019458485546,6,0,0,18,0,0,0,6,0,0,0,0,0,0,0,16,0,0,0,0,0,0,0,0,0,2,-1.6666666666666665,0.9999938967451342,0.0
40,24,1s2.2s2.2p6.3s2.3p6.3d6,3d,3,2,6,2.5,d,0,17,18.477999944610033,5,0,0,18,0,0,0,5,0,0,0,0,0,0,0,16,0,0,0,0,0,0,0,0,0,2,-2.2222222222222223,0.9999938967451342,0.0
40,23,1s2.2s2.2p6.3s2.3p6.3d5,3d,3,2,5,2.5,d,0,18,17.516342790782076,4,0,0,18,0,0,0,4,0,0,0,0,0,0,0,16,0,0,0,0,0,0,0,0,0,2,2.2222222222222223,0.9999938967451342,0.0
40,22,1s2.2s2.2p6.3s2.3p6.3d4,3d,3,2,4,1.5,d,0,19,16.81369270190474,3,0,0,18,0,0,0,3,0,0,0,0,0,0,0,16,0,0,0,0,0,0,0,0,0,2,1.6666666666666667,0.9999938967451342,0.0
40,21,1s2.2s2.2p6.3s2.3p6.3d3,3d,3,2,3,1.5,d,0,20,16.06581898178117,2,0,0,18,0,0,0,2,0,0,0,0,0,0,0,16,0,0,0,0,0,0,0,0,0,2,1.1111111111111112,0.9999938967451342,0.0
40,20,1s2.2s2.2p6.3s2.3p6.3d2,3d,3,2,2,1.5,d,0,21,15.318236242385085,1,0,0,18,0,0,0,1,0,0,0,0,0,0,0,16,0,0,0,0,0,0,0,0,0,2,0.5555555555555556,0.9999938967451342,0.0
40,19,1s2.2s2.2p6.3s2.3p6.3d1,3d,3,2,1,1.5,d,0,22,14.615753461451872,0,0,0,18,0,0,0,0,0,0,0,0,0,0,0,16,0,0,0,0,0,0,0,0,0,2,0.0,0.9999938967451342,0.0
40,18,1s2.2s2.2p6.3s2.3p6,3p,3,1,6,1.5,p3,0,23,12.667818264554036,5,10,2,0,0,0,5,0,0,2,8,0,0,2,0,0,0,0,0,0,0,0,0,0,0,0,0.0,0.9999938967451342,0.0
40,17,1s2.2s2.2p6.3s2.3p5,3p,3,1,5,1.5,p3,0,24,12.08347223011717,4,10,2,0,0,0,4,0,0,2,8,0,0,2,0,0,0,0,0,0,0,0,0,0,0,0,-0.6000000000000001,0.9999938967451342,0.0
40,16,1s2.2s2.2p6.3s2.3p4,3p,3,1,4,1.5,p3,0,25,11.49928244974415,3,10,2,0,0,0,3,0,0,2,8,0,0,2,0,0,0,0,0,0,0,0,0,0,0,0,-1.2,0.9999938967451342,0.0
40,15,1s2.2s2.2p6.3s2.3p3,3p,3,1,3,1.5,p3,0,26,10.730818199117742,2,10,2,0,0,0,2,0,0,2,8,0,0,2,0,0,0,0,0,0,0,0,0,0,0,0,1.2,0.9999938967451342,0.0
40,14,1s2.2s2.2p6.3s2.3p2,3p,3,1,2,0.5,p1,0,27,10.145247180423096,1,10,2,0,0,0,1,0,0,2,8,0,0,2,0,0,0,0,0,0,0,0,0,0,0,0,0.6,0.9999938967451342,0.0
40,13,1s2.2s2.2p6.3s2.3p1,3p,3,1,1,0.5,p1,0,28,9.559774441642945,0,10,2,0,0,0,0,0,0,2,8,0,0,2,0,0,0,0,0,0,0,0,0,0,0,0,0.0,0.9999938967451342,0.0
40,12,1s2.2s2.2p6.3s2,3s,3,0,2,0.5,s,0,29,8.35113401342552,1,8,2,0,0,1,0,0,0,0,8,0,0,2,0,0,0,0,0,0,0,0,0,0,0,0,0.0,0.9999938967451342,0.0
40,11,1s2.2s2.2p6.3s1,3s,3,0,1,0.5,s,0,30,7.7856408855844075,0,8,2,0,0,0,0,0,0,0,8,0,0,2,0,0,0,0,0,0,0,0,0,0,0,0,0.0,0.9999938967451342,0.0
40,10,1s2.2s2.2p6,2p,2,1,6,1.5,p3,0,31,6.545979557232126,5,4,0,0,0,0,5,0,0,2,2,0,0,0,0,0,0,0,0,0,0,0,0,0,0,0,0.0,0.9999938967451342,0.0
40,9,1s2.2s2.2p5,2p,2,1,5,1.5,p3,0,32,5.88972955723213,4,4,0,0,0,0,4,0,0,2,2,0,0,0,0,0,0,0,0,0,0,0,0,0,0,0,-0.6000000000000001,0.9999938967451342,0.0
40,8,1s2.2s2.2p4,2p,2,1,4,1.5,p3,0,33,5.233479557232133,3,4,0,0,0,0,3,0,0,2,2,0,0,0,0,0,0,0,0,0,0,0,0,0,0,0,-1.2,0.9999938967451342,0.0
40,7,1s2.2s2.2p3,2p,2,1,3,1.5,p3,0,34,4.378670782625834,2,4,0,0,0,0,2,0,0,2,2,0,0,0,0,0,0,0,0,0,0,0,0,0,0,0,1.2,0.9999938967451342,0.0
40,6,1s2.2s2.2p2,2p,2,1,2,0.5,p1,0,35,3.7253535771907345,1,4,0,0,0,0,1,0,0,2,2,0,0,0,0,0,0,0,0,0,0,0,0,0,0,0,0.6,0.9999938967451342,0.0
40,5,1s2.2s2.2p1,2p,2,1,1,0.5,p1,0,36,3.0730091792350134,0,4,0,0,0,0,0,0,0,2,2,0,0,0,0,0,0,0,0,0,0,0,0,0,0,0,0.0,0.9999938967451342,0.0
40,4,1s2.2s2,2s,2,0,2,0.5,s,0,37,2.145875983124917,1,2,0,0,0,1,0,0,0,0,2,0,0,0,0,0,0,0,0,0,0,0,0,0,0,0,0.0,0.9999938967451342,2.4366438953352105
40,3,1s2.2s1,2s,2,0,1,0.5,s,0,38,1.5912208504801093,0,2,0,0,0,0,0,0,0,0,2,0,0,0,0,0,0,0,0,0,0,0,0,0,0,0,0.0,0.9999938967451342,2.4366438953352105
40,2,1s2,1s,1,0,2,0.5,s,0,39,0.625,1,0,0,0,0,1,0,0,0,0,0,0,0,0,0,0,0,0,0,0,0,0,0,0,0,0,0.0,0.9999938967451342,16.828857336545795
40,1,1s1,1s,1,0,1,0.5,s,0,40,0.0,0,0,0,0,0,0,0,0,0,0,0,0,0,0,0,0,0,0,0,0,0,0,0,0,0,0,0.0,0.9999938967451342,16.828857336545795
41,41,1s2.2s2.2p6.3s2.3p6.3d10.4s2.4p6.4d4.5s1,5s,5,0,1,0.5,s,0,1,31.263797720313285,0,12,28,0,0,0,0,0,0,0,8,4,0,8,10,0,0,0,0,0,0,0,0,0,10,0,0.0,0.9999940939533895,0.0
41,40,1s2.2s2.2p6.3s2.3p6.3d10.4s2.4p6.4d4,4d,4,2,4,1.5,d,0,2,31.14884066316324,3,0,0,36,0,0,0,3,0,0,0,0,0,0,0,16,10,0,0,0,0,0,0,0,0,10,1.6666666666666667,0.9999940939533895,0.0
41,39,1s2.2s2.2p6.3s2.3p6.3d10.4s2.4p6.4d3,4d,4,2,3,1.5,d,0,3,30.487983380797118,2,0,0,36,0,0,0,2,0,0,0,0,0,0,0,16,10,0,0,0,0,0,0,0,0,10,1.1111111111111112,0.9999940939533895,0.0
41,38,1s2.2s2.2p6.3s2.3p6.3d10.4s2.4p6.4d2,4d,4,2,2,1.5,d,0,4,29.82712609843111,1,0,0,36,0,0,0,1,0,0,0,0,0,0,0,16,10,0,0,0,0,0,0,0,0,10,0.5555555555555556,0.9999940939533895,0.0
41,37,1s2.2s2.2p6.3s2.3p6.3d10.4s2.4p6.4d1,4d,4,2,1,1.5,d,0,5,29.20553709173464,0,0,0,36,0,0,0,0,0,0,0,0,0,0,0,16,10,0,0,0,0,0,0,0,0,10,0.0,0.9999940939533895,0.0
41,36,1s2.2s2.2p6.3s2.3p6.3d10.4s2.4p6,4p,4,1,6,1.5,p3,0,6,26.676544772007787,5,20,10,0,0,0,5,0,0,2,8,10,0,8,0,0,0,0,0,0,0,0,0,0,2,0,0.0,0.9999940939533895,0.0
41,35,1s2.2s2.2p6.3s2.3p6.3d10.4s2.4p5,4p,4,1,5,1.5,p3,0,7,26.117340670445287,4,20,10,0,0,0,4,0,0,2,8,10,0,8,0,0,0,0,0,0,0,0,0,0,2,0,-0.6000000000000001,0.9999940939533895,0.0
41,34,1s2.2s2.2p6.3s2.3p6.3d10.4s2.4p4,4p,4,1,4,1.5,p3,0,8,25.558136568882787,3,20,10,0,0,0,3,0,0,2,8,10,0,8,0,0,0,0,0,0,0,0,0,0,2,0,-1.2,0.9999940939533895,0.0
41,33,1s2.2s2.2p6.3s2.3p6.3d10.4s2.4p3,4p,4,1,3,1.5,p3,0,9,24.807678805211026,2,20,10,0,0,0,2,0,0,2,8,10,0,8,0,0,0,0,0,0,0,0,0,0,2,0,1.2,0.9999940939533895,0.0
41,32,1s2.2s2.2p6.3s2.3p6.3d10.4s2.4p2,4p,4,1,2,0.5,p1,0,10,24.24270156046225,1,20,10,0,0,0,1,0,0,2,8,10,0,8,0,0,0,0,0,0,0,0,0,0,2,0,0.6,0.9999940939533895,0.0
41,31,1s2.2s2.2p6.3s2.3p6.3d10.4s2.4p1,4p,4,1,1,0.5,p1,0,11,23.681451647104154,0,20,10,0,0,0,0,0,0,2,8,10,0,8,0,0,0,0,0,0,0,0,0,0,2,0,0.0,0.9999940939533895,0.0
41,30,1s2.2s2.2p6.3s2.3p6.3d10.4s2,4s,4,0,2,0.5,s,0,12,22.126593730819764,1,18,10,0,0,1,0,0,0,0,8,10,0,8,0,0,0,0,0,0,0,0,0,0,2,0,0.0,0.9999940939533895,0.0
41,29,1s2.2s2.2p6.3s2.3p6.3d10.4s1,4s,4,0,1,0.5,s,0,13,21.554071296483926,0,18,10,0,0,0,0,0,0,0,8,10,0,8,0,0,0,0,0,0,0,0,0,0,2,0,0.0,0.9999940939533895,0.0
41,28,1s2.2s2.2p6.3s2.3p6.3d10,3d,3,2,10,2.5,d,0,14,21.379455336979806,9,0,0,18,0,0,0,9,0,0,0,0,0,0,0,16,0,0,0,0,0,0,0,0,0,2,0.0,0.9999940939533895,0.0
41,27,1s2.2s2.2p6.3s2.3p6.3d9,3d,3,2,9,2.5,d,0,15,20.677223194122995,8,0,0,18,0,0,0,8,0,0,0,0,0,0,0,16,0,0,0,0,0,0,0,0,0,2,-0.5555555555555554,0.9999940939533895,0.0
41,26,1s2.2s2.2p6.3s2.3p6.3d8,3d,3,2,8,2.5,d,0,16,19.92856167011884,7,0,0,18,0,0,0,7,0,0,0,0,0,0,0,16,0,0,0,0,0,0,0,0,0,2,-1.1111111111111112,0.9999940939533895,0.0
41,25,1s2.2s2.2p6.3s2.3p6.3d7,3d,3,2,7,2.5,d,0,17,19.180019458485546,6,0,0,18,0,0,0,6,0,0,0,0,0,0,0,16,0,0,0,0,0,0,0,0,0,2,-1.6666666666666665,0.9999940939533895,0.0
41,24,1s2.2s2.2p6.3s2.3p6.3d6,3d,3,2,6,2.5,d,0,18,18.477999944610033,5,0,0,18,0,0,0,5,0,0,0,0,0,0,0,16,0,0,0,0,0,0,0,0,0,2,-2.2222222222222223,0.9999940939533895,0.0
41,23,1s2.2s2.2p6.3s2.3p6.3d5,3d,3,2,5,2.5,d,0,19,17.516342790782076,4,0,0,18,0,0,0,4,0,0,0,0,0,0,0,16,0,0,0,0,0,0,0,0,0,2,2.2222222222222223,0.9999940939533895,0.0
41,22,1s2.2s2.2p6.3s2.3p6.3d4,3d,3,2,4,1.5,d,0,20,16.81369270190474,3,0,0,18,0,0,0,3,0,0,0,0,0,0,0,16,0,0,0,0,0,0,0,0,0,2,1.6666666666666667,0.9999940939533895,0.0
41,21,1s2.2s2.2p6.3s2.3p6.3d3,3d,3,2,3,1.5,d,0,21,16.06581898178117,2,0,0,18,0,0,0,2,0,0,0,0,0,0,0,16,0,0,0,0,0,0,0,0,0,2,1.1111111111111112,0.9999940939533895,0.0
41,20,1s2.2s2.2p6.3s2.3p6.3d2,3d,3,2,2,1.5,d,0,22,15.318236242385085,1,0,0,18,0,0,0,1,0,0,0,0,0,0,0,16,0,0,0,0,0,0,0,0,0,2,0.5555555555555556,0.9999940939533895,0.0
41,19,1s2.2s2.2p6.3s2.3p6.3d1,3d,3,2,1,1.5,d,0,23,14.615753461451872,0,0,0,18,0,0,0,0,0,0,0,0,0,0,0,16,0,0,0,0,0,0,0,0,0,2,0.0,0.9999940939533895,0.0
41,18,1s2.2s2.2p6.3s2.3p6,3p,3,1,6,1.5,p3,0,24,12.667818264554036,5,10,2,0,0,0,5,0,0,2,8,0,0,2,0,0,0,0,0,0,0,0,0,0,0,0,0.0,0.9999940939533895,0.0
41,17,1s2.2s2.2p6.3s2.3p5,3p,3,1,5,1.5,p3,0,25,12.08347223011717,4,10,2,0,0,0,4,0,0,2,8,0,0,2,0,0,0,0,0,0,0,0,0,0,0,0,-0.6000000000000001,0.9999940939533895,0.0
41,16,1s2.2s2.2p6.3s2.3p4,3p,3,1,4,1.5,p3,0,26,11.49928244974415,3,10,2,0,0,0,3,0,0,2,8,0,0,2,0,0,0,0,0,0,0,0,0,0,0,0,-1.2,0.9999940939533895,0.0
41,15,1s2.2s2.2p6.3s2.3p3,3p,3,1,3,1.5,p3,0,27,10.730818199117742,2,10,2,0,0,0,2,0,0,2,8,0,0,2,0,0,0,0,0,0,0,0,0,0,0,0,1.2,0.9999940939533895,0.0
41,14,1s2.2s2.2p6.3s2.3p2,3p,3,1,2,0.5,p1,0,28,10.145247180423096,1,10,2,0,0,0,1,0,0,2,8,0,0,2,0,0,0,0,0,0,0,0,0,0,0,0,0.6,0.9999940939533895,0.0
41,13,1s2.2s2.2p6.3s2.3p1,3p,3,1,1,0.5,p1,0,29,9.559774441642945,0,10,2,0,0,0,0,0,0,2,8,0,0,2,0,0,0,0,0,0,0,0,0,0,0,0,0.0,0.9999940939533895,0.0
41,12,1s2.2s2.2p6.3s2,3s,3,0,2,0.5,s,0,30,8.35113401342552,1,8,2,0,0,1,0,0,0,0,8,0,0,2,0,0,0,0,0,0,0,0,0,0,0,0,0.0,0.9999940939533895,0.0
41,11,1s2.2s2.2p6.3s1,3s,3,0,1,0.5,s,0,31,7.7856408855844075,0,8,2,0,0,0,0,0,0,0,8,0,0,2,0,0,0,0,0,0,0,0,0,0,0,0,0.0,0.9999940939533895,0.0
41,10,1s2.2s2.2p6,2p,2,1,6,1.5,p3,0,32,6.545979557232126,5,4,0,0,0,0,5,0,0,2,2,0,0,0,0,0,0,0,0,0,0,0,0,0,0,0,0.0,0.9999940939533895,0.0
41,9,1s2.2s2.2p5,2p,2,1,5,1.5,p3,0,33,5.88972955723213,4,4,0,0,0,0,4,0,0,2,2,0,0,0,0,0,0,0,0,0,0,0,0,0,0,0,-0.6000000000000001,0.9999940939533895,0.0
41,8,1s2.2s2.2p4,2p,2,1,4,1.5,p3,0,34,5.233479557232133,3,4,0,0,0,0,3,0,0,2,2,0,0,0,0,0,0,0,0,0,0,0,0,0,0,0,-1.2,0.9999940939533895,0.0
41,7,1s2.2s2.2p3,2p,2,1,3,1.5,p3,0,35,4.378670782625834,2,4,0,0,0,0,2,0,0,2,2,0,0,0,0,0,0,0,0,0,0,0,0,0,0,0,1.2,0.9999940939533895,0.0
41,6,1s2.2s2.2p2,2p,2,1,2,0.5,p1,0,36,3.7253535771907345,1,4,0,0,0,0,1,0,0,2,2,0,0,0,0,0,0,0,0,0,0,0,0,0,0,0,0.6,0.9999940939533895,0.0
41,5,1s2.2s2.2p1,2p,2,1,1,0.5,p1,0,37,3.0730091792350134,0,4,0,0,0,0,0,0,0,2,2,0,0,0,0,0,0,0,0,0,0,0,0,0,0,0,0.0,0.9999940939533895,0.0
41,4,1s2.2s2,2s,2,0,2,0.5,s,0,38,2.145875983124917,1,2,0,0,0,1,0,0,0,0,2,0,0,0,0,0,0,0,0,0,0,0,0,0,0,0,0.0,0.9999940939533895,2.6578979987060185
41,3,1s2.2s1,2s,2,0,1,0.5,s,0,39,1.5912208504801093,0,2,0,0,0,0,0,0,0,0,2,0,0,0,0,0,0,0,0,0,0,0,0,0,0,0,0.0,0.9999940939533895,2.6578979987060185
41,2,1s2,1s,1,0,2,0.5,s,0,40,0.625,1,0,0,0,0,1,0,0,0,0,0,0,0,0,0,0,0,0,0,0,0,0,0,0,0,0,0.0,0.9999940939533895,18.290620425745196
41,1,1s1,1s,1,0,1,0.5,s,0,41,0.0,0,0,0,0,0,0,0,0,0,0,0,0,0,0,0,0,0,0,0,0,0,0,0,0,0,0,0.0,0.9999940939533895,18.290620425745196
42,42,1s2.2s2.2p6.3s2.3p6.3d10.4s2.4p6.4d5.5s1,5s,5,0,1,0.5,s,0,1,31.96817782679166,0,13,28,0,0,0,0,0,0,0,8,5,0,8,10,0,0,0,0,0,0,0,0,0,10,0,0.0,0.9999943955298747,0.0
42,41,1s2.2s2.2p6.3s2.3p6.3d10.4s2.4p6.4d5,4d,4,2,5,2.5,d,0,2,31.77042966985971,4,0,0,36,0,0,0,4,0,0,0,0,0,0,0,16,10,0,0,0,0,0,0,0,0,10,2.2222222222222223,0.9999943955298747,0.0
42,40,1s2.2s2.2p6.3s2.3p6.3d10.4s2.4p6.4d4,4d,4,2,4,1.5,d,0,3,31.14884066316324,3,0,0,36,0,0,0,3,0,0,0,0,0,0,0,16,10,0,0,0,0,0,0,0,0,10,1.6666666666666667,0.9999943955298747,0.0
42,39,1s2.2s2.2p6.3s2.3p6.3d10.4s2.4p6.4d3,4d,4,2,3,1.5,d,0,4,30.487983380797118,2,0,0,36,0,0,0,2,0,0,0,0,0,0,0,16,10,0,0,0,0,0,0,0,0,10,1.1111111111111112,0.9999943955298747,0.0
42,38,1s2.2s2.2p6.3s2.3p6.3d10.4s2.4p6.4d2,4d,4,2,2,1.5,d,0,5,29.82712609843111,1,0,0,36,0,0,0,1,0,0,0,0,0,0,0,16,10,0,0,0,0,0,0,0,0,10,0.5555555555555556,0.9999943955298747,0.0
42,37,1s2.2s2.2p6.3s2.3p6.3d10.4s2.4p6.4d1,4d,4,2,1,1.5,d,0,6,29.20553709173464,0,0,0,36,0,0,0,0,0,0,0,0,0,0,0,16,10,0,0,0,0,0,0,0,0,10,0.0,0.9999943955298747,0.0
42,36,1s2.2s2.2p6.3s2.3p6.3d10.4s2.4p6,4p,4,1,6,1.5,p3,0,7,26.676544772007787,5,20,10,0,0,0,5,0,0,2,8,10,0,8,0,0,0,0,0,0,0,0,0,0,2,0,0.0,0.9999943955298747,0.0
42,35,1s2.2s2.2p6.3s2.3p6.3d10.4s2.4p5,4p,4,1,5,1.5,p3,0,8,26.117340670445287,4,20,10,0,0,0,4,0,0,2,8,10,0,8,0,0,0,0,0,0,0,0,0,0,2,0,-0.6000000000000001,0.9999943955298747,0.0
42,34,1s2.2s2.2p6.3s2.3p6.3d10.4s2.4p4,4p,4,1,4,1.5,p3,0,9,25.558136568882787,3,20,10,0,0,0,3,0,0,2,8,10,0,8,0,0,0,0,0,0,0,0,0,0,2,0,-1.2,0.9999943955298747,0.0
42,33,1s2.2s2.2p6.3s2.3p6.3d10.4s2.4p3,4p,4,1,3,1.5,p3,0,10,24.807678805211026,2,20,10,0,0,0,2,0,0,2,8,10,0,8,0,0,0,0,0,0,0,0,0,0,2,0,1.2,0.9999943955298747,0.0
42,32,1s2.2s2.2p6.3s2.3p6.3d10.4s2.4p2,4p,4,1,2,0.5,p1,0,11,24.24270156046225,1,20,10,0,0,0,1,0,0,2,8,10,0,8,0,0,0,0,0,0,0,0,0,0,2,0,0.6,0.9999943955298747,0.0
42,31,1s2.2s2.2p6.3s2.3p6.3d10.4s2.4p1,4p,4,1,1,0.5,p1,0,12,23.681451647104154,0,20,10,0,0,0,0,0,0,2,8,10,0,8,0,0,0,0,0,0,0,0,0,0,2,0,0.0,0.9999943955298747,0.0
42,30,1s2.2s2.2p6.3s2.3p6.3d10.4s2,4s,4,0,2,0.5,s,0,13,22.126593730819764,1,18,10,0,0,1,0,0,0,0,8,10,0,8,0,0,0,0,0,0,0,0,0,0,2,0,0.0,0.9999943955298747,0.0
42,29,1s2.2s2.2p6.3s2.3p6.3d10.4s1,4s,4,0,1,0.5,s,0,14,21.554071296483926,0,18,10,0,0,0,0,0,0,0,8,10,0,8,0,0,0,0,0,0,0,0,0,0,2,0,0.0,0.9999943955298747,0.0
42,28,1s2.2s2.2p6.3s2.3p6.3d10,3d,3,2,10,2.5,d,0,15,21.379455336979806,9,0,0,18,0,0,0,9,0,0,0,0,0,0,0,16,0,0,0,0,0,0,0,0,0,2,0.0,0.9999943955298747,0.0
42,27,1s2.2s2.2p6.3s2.3p6.3d9,3d,3,2,9,2.5,d,0,16,20.677223194122995,8,0,0,18,0,0,0,8,0,0,0,0,0,0,0,16,0,0,0,0,0,0,0,0,0,2,-0.5555555555555554,0.9999943955298747,0.0
42,26,1s2.2s2.2p6.3s2.3p6.3d8,3d,3,2,8,2.5,d,0,17,19.92856167011884,7,0,0,18,0,0,0,7,0,0,0,0,0,0,0,16,0,0,0,0,0,0,0,0,0,2,-1.1111111111111112,0.9999943955298747,0.0
42,25,1s2.2s2.2p6.3s2.3p6.3d7,3d,3,2,7,2.5,d,0,18,19.180019458485546,6,0,0,18,0,0,0,6,0,0,0,0,0,0,0,16,0,0,0,0,0,0,0,0,0,2,-1.6666666666666665,0.9999943955298747,0.0
42,24,1s2.2s2.2p6.3s2.3p6.3d6,3d,3,2,6,2.5,d,0,19,18.477999944610033,5,0,0,18,0,0,0,5,0,0,0,0,0,0,0,16,0,0,0,0,0,0,0,0,0,2,-2.2222222222222223,0.9999943955298747,0.0
42,23,1s2.2s2.2p6.3s2.3p6.3d5,3d,3,2,5,2.5,d,0,20,17.516342790782076,4,0,0,18,0,0,0,4,0,0,0,0,0,0,0,16,0,0,0,0,0,0,0,0,0,2,2.2222222222222223,0.9999943955298747,0.0
42,22,1s2.2s2.2p6.3s2.3p6.3d4,3d,3,2,4,1.5,d,0,21,16.81369270190474,3,0,0,18,0,0,0,3,0,0,0,0,0,0,0,16,0,0,0,0,0,0,0,0,0,2,1.6666666666666667,0.9999943955298747,0.0
42,21,1s2.2s2.2p6.3s2.3p6.3d3,3d,3,2,3,1.5,d,0,22,16.06581898178117,2,0,0,18,0,0,0,2,0,0,0,0,0,0,0,16,0,0,0,0,0,0,0,0,0,2,1.1111111111111112,0.9999943955298747,0.0
42,20,1s2.2s2.2p6.3s2.3p6.3d2,3d,3,2,2,1.5,d,0,23,15.318236242385085,1,0,0,18,0,0,0,1,0,0,0,0,0,0,0,16,0,0,0,0,0,0,0,0,0,2,0.5555555555555556,0.9999943955298747,0.0
42,19,1s2.2s2.2p6.3s2.3p6.3d1,3d,3,2,1,1.5,d,0,24,14.615753461451872,0,0,0,18,0,0,0,0,0,0,0,0,0,0,0,16,0,0,0,0,0,0,0,0,0,2,0.0,0.9999943955298747,0.0
42,18,1s2.2s2.2p6.3s2.3p6,3p,3,1,6,1.5,p3,0,25,12.667818264554036,5,10,2,0,0,0,5,0,0,2,8,0,0,2,0,0,0,0,0,0,0,0,0,0,0,0,0.0,0.9999943955298747,0.0
42,17,1s2.2s2.2p6.3s2.3p5,3p,3,1,5,1.5,p3,0,26,12.08347223011717,4,10,2,0,0,0,4,0,0,2,8,0,0,2,0,0,0,0,0,0,0,0,0,0,0,0,-0.6000000000000001,0.9999943955298747,0.0
42,16,1s2.2s2.2p6.3s2.3p4,3p,3,1,4,1.5,p3,0,27,11.49928244974415,3,10,2,0,0,0,3,0,0,2,8,0,0,2,0,0,0,0,0,0,0,0,0,0,0,0,-1.2,0.9999943955298747,0.0
42,15,1s2.2s2.2p6.3s2.3p3,3p,3,1,3,1.5,p3,0,28,10.730818199117742,2,10,2,0,0,0,2,0,0,2,8,0,0,2,0,0,0,0,0,0,0,0,0,0,0,0,1.2,0.9999943955298747,0.0
42,14,1s2.2s2.2p6.3s2.3p2,3p,3,1,2,0.5,p1,0,29,10.145247180423096,1,10,2,0,0,0,1,0,0,2,8,0,0,2,0,0,0,0,0,0,0,0,0,0,0,0,0.6,0.9999943955298747,0.0
42,13,1s2.2s2.2p6.3s2.3p1,3p,3,1,1,0.5,p1,0,30,9.559774441642945,0,10,2,0,0,0,0,0,0,2,8,0,0,2,0,0,0,0,0,0,0,0,0,0,0,0,0.0,0.9999943955298747,0.0
42,12,1s2.2s2.2p6.3s2,3s,3,0,2,0.5,s,0,31,8.35113401342552,1,8,2,0,0,1,0,0,0,0,8,0,0,2,0,0,0,0,0,0,0,0,0,0,0,0,0.0,0.9999943955298747,0.0
42,11,1s2.2s2.2p6.3s1,3s,3,0,1,0.5,s,0,32,7.7856408855844075,0,8,2,0,0,0,0,0,0,0,8,0,0,2,0,0,0,0,0,0,0,0,0,0,0,0,0.0,0.9999943955298747,0.0
42,10,1s2.2s2.2p6,2p,2,1,6,1.5,p3,0,33,6.545979557232126,5,4,0,0,0,0,5,0,0,2,2,0,0,0,0,0,0,0,0,0,0,0,0,0,0,0,0.0,0.9999943955298747,0.0
42,9,1s2.2s2.2p5,2p,2,1,5,1.5,p3,0,34,5.88972955723213,4,4,0,0,0,0,4,0,0,2,2,0,0,0,0,0,0,0,0,0,0,0,0,0,0,0,-0.6000000000000001,0.9999943955298747,0.0
42,8,1s2.2s2.2p4,2p,2,1,4,1.5,p3,0,35,5.233479557232133,3,4,0,0,0,0,3,0,0,2,2,0,0,0,0,0,0,0,0,0,0,0,0,0,0,0,-1.2,0.9999943955298747,0.0
42,7,1s2.2s2.2p3,2p,2,1,3,1.5,p3,0,36,4.378670782625834,2,4,0,0,0,0,2,0,0,2,2,0,0,0,0,0,0,0,0,0,0,0,0,0,0,0,1.2,0.9999943955298747,0.0
42,6,1s2.2s2.2p2,2p,2,1,2,0.5,p1,0,37,3.7253535771907345,1,4,0,0,0,0,1,0,0,2,2,0,0,0,0,0,0,0,0,0,0,0,0,0,0,0,0.6,0.9999943955298747,0.0
42,5,1s2.2s2.2p1,2p,2,1,1,0.5,p1,0,38,3.0730091792350134,0,4,0,0,0,0,0,0,0,2,2,0,0,0,0,0,0,0,0,0,0,0,0,0,0,0,0.0,0.9999943955298747,0.0
42,4,1s2.2s2,2s,2,0,2,0.5,s,0,39,2.145875983124917,1,2,0,0,0,1,0,0,0,0,2,0,0,0,0,0,0,0,0,0,0,0,0,0,0,0,0.0,0.9999943955298747,2.8952019004412786
42,3,1s2.2s1,2s,2,0,1,0.5,s,0,40,1.5912208504801093,0,2,0,0,0,0,0,0,0,0,2,0,0,0,0,0,0,0,0,0,0,0,0,0,0,0,0.0,0.9999943955298747,2.8952019004412786
42,2,1s2,1s,1,0,2,0.5,s,0,41,0.625,1,0,0,0,0,1,0,0,0,0,0,0,0,0,0,0,0,0,0,0,0,0,0,0,0,0,0.0,0.9999943955298747,19.85154163055168
42,1,1s1,1s,1,0,1,0.5,s,0,42,0.0,0,0,0,0,0,0,0,0,0,0,0,0,0,0,0,0,0,0,0,0,0,0,0,0,0,0,0.0,0.9999943955298747,19.85154163055168
43,43,1s2.2s2.2p6.3s2.3p6.3d10.4s2.4p6.4d5.5s2,5s,5,0,2,0.5,s,0,1,32.63282191121825,1,13,28,0,0,1,0,0,0,0,8,5,0,8,10,0,0,0,0,0,0,0,0,0,10,0,0.0,0.9999943956241033,0.0
43,42,1s2.2s2.2p6.3s2.3p6.3d10.4s2.4p6.4d5.5s1,5s,5,0,1,0.5,s,0,2,31.96817782679166,0,13,28,0,0,0,0,0,0,0,8,5,0,8,10,0,0,0,0,0,0,0,0,0,10,0,0.0,0.9999943956241033,0.0
43,41,1s2.2s2.2p6.3s2.3p6.3d10.4s2.4p6.4d5,4d,4,2,5,2.5,d,0,3,31.77042966985971,4,0,0,36,0,0,0,4,0,0,0,0,0,0,0,16,10,0,0,0,0,0,0,0,0,10,2.2222222222222223,0.9999943956241033,0.0
43,40,1s2.2s2.2p6.3s2.3p6.3d10.4s2.4p6.4d4,4d,4,2,4,1.5,d,0,4,31.14884066316324,3,0,0,36,0,0,0,3,0,0,0,0,0,0,0,16,10,0,0,0,0,0,0,0,0,10,1.6666666666666667,0.9999943956241033,0.0
43,39,1s2.2s2.2p6.3s2.3p6.3d10.4s2.4p6.4d3,4d,4,2,3,1.5,d,0,5,30.487983380797118,2,0,0,36,0,0,0,2,0,0,0,0,0,0,0,16,10,0,0,0,0,0,0,0,0,10,1.1111111111111112,0.9999943956241033,0.0
43,38,1s2.2s2.2p6.3s2.3p6.3d10.4s2.4p6.4d2,4d,4,2,2,1.5,d,0,6,29.82712609843111,1,0,0,36,0,0,0,1,0,0,0,0,0,0,0,16,10,0,0,0,0,0,0,0,0,10,0.5555555555555556,0.9999943956241033,0.0
43,37,1s2.2s2.2p6.3s2.3p6.3d10.4s2.4p6.4d1,4d,4,2,1,1.5,d,0,7,29.20553709173464,0,0,0,36,0,0,0,0,0,0,0,0,0,0,0,16,10,0,0,0,0,0,0,0,0,10,0.0,0.9999943956241033,0.0
43,36,1s2.2s2.2p6.3s2.3p6.3d10.4s2.4p6,4p,4,1,6,1.5,p3,0,8,26.676544772007787,5,20,10,0,0,0,5,0,0,2,8,10,0,8,0,0,0,0,0,0,0,0,0,0,2,0,0.0,0.9999943956241033,0.0
43,35,1s2.2s2.2p6.3s2.3p6.3d10.4s2.4p5,4p,4,1,5,1.5,p3,0,9,26.117340670445287,4,20,10,0,0,0,4,0,0,2,8,10,0,8,0,0,0,0,0,0,0,0,0,0,2,0,-0.6000000000000001,0.9999943956241033,0.0
43,34,1s2.2s2.2p6.3s2.3p6.3d10.4s2.4p4,4p,4,1,4,1.5,p3,0,10,25.558136568882787,3,20,10,0,0,0,3,0,0,2,8,10,0,8,0,0,0,0,0,0,0,0,0,0,2,0,-1.2,0.9999943956241033,0.0
43,33,1s2.2s2.2p6.3s2.3p6.3d10.4s2.4p3,4p,4,1,3,1.5,p3,0,11,24.807678805211026,2,20,10,0,0,0,2,0,0,2,8,10,0,8,0,0,0,0,0,0,0,0,0,0,2,0,1.2,0.9999943956241033,0.0
43,32,1s2.2s2.2p6.3s2.3p6.3d10.4s2.4p2,4p,4,1,2,0.5,p1,0,12,24.24270156046225,1,20,10,0,0,0,1,0,0,2,8,10,0,8,0,0,0,0,0,0,0,0,0,0,2,0,0.6,0.9999943956241033,0.0
43,31,1s2.2s2.2p6.3s2.3p6.3d10.4s2.4p1,4p,4,1,1,0.5,p1,0,13,23.681451647104154,0,20,10,0,0,0,0,0,0,2,8,10,0,8,0,0,0,0,0,0,0,0,0,0,2,0,0.0,0.9999943956241033,0.0
43,30,1s2.2s2.2p6.3s2.3p6.3d10.4s2,4s,4,0,2,0.5,s,0,14,22.126593730819764,1,18,10,0,0,1,0,0,0,0,8,10,0,8,0,0,0,0,0,0,0,0,0,0,2,0,0.0,0.9999943956241033,0.0
43,29,1s2.2s2.2p6.3s2.3p6.3d10.4s1,4s,4,0,1,0.5,s,0,15,21.554071296483926,0,18,10,0,0,0,0,0,0,0,8,10,0,8,0,0,0,0,0,0,0,0,0,0,2,0,0.0,0.9999943956241033,0.0
43,28,1s2.2s2.2p6.3s2.3p6.3d10,3d,3,2,10,2.5,d,0,16,21.379455336979806,9,0,0,18,0,0,0,9,0,0,0,0,0,0,0,16,0,0,0,0,0,0,0,0,0,2,0.0,0.9999943956241033,0.0
43,27,1s2.2s2.2p6.3s2.3p6.3d9,3d,3,2,9,2.5,d,0,17,20.677223194122995,8,0,0,18,0,0,0,8,0,0,0,0,0,0,0,16,0,0,0,0,0,0,0,0,0,2,-0.5555555555555554,0.9999943956241033,0.0
43,26,1s2.2s2.2p6.3s2.3p6.3d8,3d,3,2,8,2.5,d,0,18,19.92856167011884,7,0,0,18,0,0,0,7,0,0,0,0,0,0,0,16,0,0,0,0,0,0,0,0,0,2,-1.1111111111111112,0.9999943956241033,0.0
43,25,1s2.2s2.2p6.3s2.3p6.3d7,3d,3,2,7,2.5,d,0,19,19.180019458485546,6,0,0,18,0,0,0,6,0,0,0,0,0,0,0,16,0,0,0,0,0,0,0,0,0,2,-1.6666666666666665,0.9999943956241033,0.0
43,24,1s2.2s2.2p6.3s2.3p6.3d6,3d,3,2,6,2.5,d,0,20,18.477999944610033,5,0,0,18,0,0,0,5,0,0,0,0,0,0,0,16,0,0,0,0,0,0,0,0,0,2,-2.2222222222222223,0.9999943956241033,0.0
43,23,1s2.2s2.2p6.3s2.3p6.3d5,3d,3,2,5,2.5,d,0,21,17.516342790782076,4,0,0,18,0,0,0,4,0,0,0,0,0,0,0,16,0,0,0,0,0,0,0,0,0,2,2.2222222222222223,0.9999943956241033,0.0
43,22,1s2.2s2.2p6.3s2.3p6.3d4,3d,3,2,4,1.5,d,0,22,16.81369270190474,3,0,0,18,0,0,0,3,0,0,0,0,0,0,0,16,0,0,0,0,0,0,0,0,0,2,1.6666666666666667,0.9999943956241033,0.0
43,21,1s2.2s2.2p6.3s2.3p6.3d3,3d,3,2,3,1.5,d,0,23,16.06581898178117,2,0,0,18,0,0,0,2,0,0,0,0,0,0,0,16,0,0,0,0,0,0,0,0,0,2,1.1111111111111112,0.9999943956241033,0.0
43,20,1s2.2s2.2p6.3s2.3p6.3d2,3d,3,2,2,1.5,d,0,24,15.318236242385085,1,0,0,18,0,0,0,1,0,0,0,0,0,0,0,16,0,0,0,0,0,0,0,0,0,2,0.5555555555555556,0.9999943956241033,0.0
43,19,1s2.2s2.2p6.3s2.3p6.3d1,3d,3,2,1,1.5,d,0,25,14.615753461451872,0,0,0,18,0,0,0,0,0,0,0,0,0,0,0,16,0,0,0,0,0,0,0,0,0,2,0.0,0.9999943956241033,0.0
43,18,1s2.2s2.2p6.3s2.3p6,3p,3,1,6,1.5,p3,0,26,12.667818264554036,5,10,2,0,0,0,5,0,0,2,8,0,0,2,0,0,0,0,0,0,0,0,0,0,0,0,0.0,0.9999943956241033,0.0
43,17,1s2.2s2.2p6.3s2.3p5,3p,3,1,5,1.5,p3,0,27,12.08347223011717,4,10,2,0,0,0,4,0,0,2,8,0,0,2,0,0,0,0,0,0,0,0,0,0,0,0,-0.6000000000000001,0.9999943956241033,0.0
43,16,1s2.2s2.2p6.3s2.3p4,3p,3,1,4,1.5,p3,0,28,11.49928244974415,3,10,2,0,0,0,3,0,0,2,8,0,0,2,0,0,0,0,0,0,0,0,0,0,0,0,-1.2,0.9999943956241033,0.0
43,15,1s2.2s2.2p6.3s2.3p3,3p,3,1,3,1.5,p3,0,29,10.730818199117742,2,10,2,0,0,0,2,0,0,2,8,0,0,2,0,0,0,0,0,0,0,0,0,0,0,0,1.2,0.9999943956241033,0.0
43,14,1s2.2s2.2p6.3s2.3p2,3p,3,1,2,0.5,p1,0,30,10.145247180423096,1,10,2,0,0,0,1,0,0,2,8,0,0,2,0,0,0,0,0,0,0,0,0,0,0,0,0.6,0.9999943956241033,0.0
43,13,1s2.2s2.2p6.3s2.3p1,3p,3,1,1,0.5,p1,0,31,9.559774441642945,0,10,2,0,0,0,0,0,0,2,8,0,0,2,0,0,0,0,0,0,0,0,0,0,0,0,0.0,0.9999943956241033,0.0
43,12,1s2.2s2.2p6.3s2,3s,3,0,2,0.5,s,0,32,8.35113401342552,1,8,2,0,0,1,0,0,0,0,8,0,0,2,0,0,0,0,0,0,0,0,0,0,0,0,0.0,0.9999943956241033,0.0
43,11,1s2.2s2.2p6.3s1,3s,3,0,1,0.5,s,0,33,7.7856408855844075,0,8,2,0,0,0,0,0,0,0,8,0,0,2,0,0,0,0,0,0,0,0,0,0,0,0,0.0,0.9999943956241033,0.0
43,10,1s2.2s2.2p6,2p,2,1,6,1.5,p3,0,34,6.545979557232126,5,4,0,0,0,0,5,0,0,2,2,0,0,0,0,0,0,0,0,0,0,0,0,0,0,0,0.0,0.9999943956241033,0.0
43,9,1s2.2s2.2p5,2p,2,1,5,1.5,p3,0,35,5.88972955723213,4,4,0,0,0,0,4,0,0,2,2,0,0,0,0,0,0,0,0,0,0,0,0,0,0,0,-0.6000000000000001,0.9999943956241033,0.0
43,8,1s2.2s2.2p4,2p,2,1,4,1.5,p3,0,36,5.233479557232133,3,4,0,0,0,0,3,0,0,2,2,0,0,0,0,0,0,0,0,0,0,0,0,0,0,0,-1.2,0.9999943956241033,0.0
43,7,1s2.2s2.2p3,2p,2,1,3,1.5,p3,0,37,4.378670782625834,2,4,0,0,0,0,2,0,0,2,2,0,0,0,0,0,0,0,0,0,0,0,0,0,0,0,1.2,0.9999943956241033,0.0
43,6,1s2.2s2.2p2,2p,2,1,2,0.5,p1,0,38,3.7253535771907345,1,4,0,0,0,0,1,0,0,2,2,0,0,0,0,0,0,0,0,0,0,0,0,0,0,0,0.6,0.9999943956241033,0.0
43,5,1s2.2s2.2p1,2p,2,1,1,0.5,p1,0,39,3.0730091792350134,0,4,0,0,0,0,0,0,0,2,2,0,0,0,0,0,0,0,0,0,0,0,0,0,0,0,0.0,0.9999943956241033,0.0
43,4,1s2.2s2,2s,2,0,2,0.5,s,0,40,2.145875983124917,1,2,0,0,0,1,0,0,0,0,2,0,0,0,0,0,0,0,0,0,0,0,0,0,0,0,0.0,0.9999943956241033,3.1451291116504683
43,3,1s2.2s1,2s,2,0,1,0.5,s,0,41,1.5912208504801093,0,2,0,0,0,0,0,0,0,0,2,0,0,0,0,0,0,0,0,0,0,0,0,0,0,0,0.0,0.9999943956241033,3.1451291116504683
43,2,1s2,1s,1,0,2,0.5,s,0,42,0.625,1,0,0,0,0,1,0,0,0,0,0,0,0,0,0,0,0,0,0,0,0,0,0,0,0,0,0.0,0.9999943956241033,21.48486585935078
43,1,1s1,1s,1,0,1,0.5,s,0,43,0.0,0,0,0,0,0,0,0,0,0,0,0,0,0,0,0,0,0,0,0,0,0,0,0,0,0,0,0.0,0.9999943956241033,21.48486585935078
44,44,1s2.2s2.2p6.3s2.3p6.3d10.4s2.4p6.4d7.5s1,5s,5,0,1,0.5,s,0,1,33.40449611297253,0,15,28,0,0,0,0,0,0,0,8,7,0,8,10,0,0,0,0,0,0,0,0,0,10,0,0.0,0.9999946154633125,0.0
44,43,1s2.2s2.2p6.3s2.3p6.3d10.4s2.4p6.4d7,4d,4,2,7,2.5,d,0,2,33.24097497538423,6,0,0,36,0,0,0,6,0,0,0,0,0,0,0,16,10,0,0,0,0,0,0,0,0,10,-1.6666666666666665,0.9999946154633125,0.0
44,42,1s2.2s2.2p6.3s2.3p6.3d10.4s2.4p6.4d6,4d,4,2,6,2.5,d,0,3,32.619385968687766,5,0,0,36,0,0,0,5,0,0,0,0,0,0,0,16,10,0,0,0,0,0,0,0,0,10,-2.2222222222222223,0.9999946154633125,0.0
44,41,1s2.2s2.2p6.3s2.3p6.3d10.4s2.4p6.4d5,4d,4,2,5,2.5,d,0,4,31.77042966985971,4,0,0,36,0,0,0,4,0,0,0,0,0,0,0,16,10,0,0,0,0,0,0,0,0,10,2.2222222222222223,0.9999946154633125,0.0
44,40,1s2.2s2.2p6.3s2.3p6.3d10.4s2.4p6.4d4,4d,4,2,4,1.5,d,0,5,31.14884066316324,3,0,0,36,0,0,0,3,0,0,0,0,0,0,0,16,10,0,0,0,0,0,0,0,0,10,1.6666666666666667,0.9999946154633125,0.0
44,39,1s2.2s2.2p6.3s2.3p6.3d10.4s2.4p6.4d3,4d,4,2,3,1.5,d,0,6,30.487983380797118,2,0,0,36,0,0,0,2,0,0,0,0,0,0,0,16,10,0,0,0,0,0,0,0,0,10,1.1111111111111112,0.9999946154633125,0.0
44,38,1s2.2s2.2p6.3s2.3p6.3d10.4s2.4p6.4d2,4d,4,2,2,1.5,d,0,7,29.82712609843111,1,0,0,36,0,0,0,1,0,0,0,0,0,0,0,16,10,0,0,0,0,0,0,0,0,10,0.5555555555555556,0.9999946154633125,0.0
44,37,1s2.2s2.2p6.3s2.3p6.3d10.4s2.4p6.4d1,4d,4,2,1,1.5,d,0,8,29.20553709173464,0,0,0,36,0,0,0,0,0,0,0,0,0,0,0,16,10,0,0,0,0,0,0,0,0,10,0.0,0.9999946154633125,0.0
44,36,1s2.2s2.2p6.3s2.3p6.3d10.4s2.4p6,4p,4,1,6,1.5,p3,0,9,26.676544772007787,5,20,10,0,0,0,5,0,0,2,8,10,0,8,0,0,0,0,0,0,0,0,0,0,2,0,0.0,0.9999946154633125,0.0
44,35,1s2.2s2.2p6.3s2.3p6.3d10.4s2.4p5,4p,4,1,5,1.5,p3,0,10,26.117340670445287,4,20,10,0,0,0,4,0,0,2,8,10,0,8,0,0,0,0,0,0,0,0,0,0,2,0,-0.6000000000000001,0.9999946154633125,0.0
44,34,1s2.2s2.2p6.3s2.3p6.3d10.4s2.4p4,4p,4,1,4,1.5,p3,0,11,25.558136568882787,3,20,10,0,0,0,3,0,0,2,8,10,0,8,0,0,0,0,0,0,0,0,0,0,2,0,-1.2,0.9999946154633125,0.0
44,33,1s2.2s2.2p6.3s2.3p6.3d10.4s2.4p3,4p,4,1,3,1.5,p3,0,12,24.807678805211026,2,20,10,0,0,0,2,0,0,2,8,10,0,8,0,0,0,0,0,0,0,0,0,0,2,0,1.2,0.9999946154633125,0.0
44,32,1s2.2s2.2p6.3s2.3p6.3d10.4s2.4p2,4p,4,1,2,0.5,p1,0,13,24.24270156046225,1,20,10,0,0,0,1,0,0,2,8,10,0,8,0,0,0,0,0,0,0,0,0,0,2,0,0.6,0.9999946154633125,0.0
44,31,1s2.2s2.2p6.3s2.3p6.3d10.4s2.4p1,4p,4,1,1,0.5,p1,0,14,23.681451647104154,0,20,10,0,0,0,0,0,0,2,8,10,0,8,0,0,0,0,0,0,0,0,0,0,2,0,0.0,0.9999946154633125,0.0
44,30,1s2.2s2.2p6.3s2.3p6.3d10.4s2,4s,4,0,2,0.5,s,0,15,22.126593730819764,1,18,10,0,0,1,0,0,0,0,8,10,0,8,0,0,0,0,0,0,0,0,0,0,2,0,0.0,0.9999946154633125,0.0
44,29,1s2.2s2.2p6.3s2.3p6.3d10.4s1,4s,4,0,1,0.5,s,0,16,21.554071296483926,0,18,10,0,0,0,0,0,0,0,8,10,0,8,0,0,0,0,0,0,0,0,0,0,2,0,0.0,0.9999946154633125,0.0
44,28,1s2.2s2.2p6.3s2.3p6.3d10,3d,3,2,10,2.5,d,0,17,21.379455336979806,9,0,0,18,0,0,0,9,0,0,0,0,0,0,0,16,0,0,0,0,0,0,0,0,0,2,0.0,0.9999946154633125,0.0
44,27,1s2.2s2.2p6.3s2.3p6.3d9,3d,3,2,9,2.5,d,0,18,20.677223194122995,8,0,0,18,0,0,0,8,0,0,0,0,0,0,0,16,0,0,0,0,0,0,0,0,0,2,-0.5555555555555554,0.9999946154633125,0.0
44,26,1s2.2s2.2p6.3s2.3p6.3d8,3d,3,2,8,2.5,d,0,19,19.92856167011884,7,0,0,18,0,0,0,7,0,0,0,0,0,0,0,16,0,0,0,0,0,0,0,0,0,2,-1.1111111111111112,0.9999946154633125,0.0
44,25,1s2.2s2.2p6.3s2.3p6.3d7,3d,3,2,7,2.5,d,0,20,19.180019458485546,6,0,0,18,0,0,0,6,0,0,0,0,0,0,0,16,0,0,0,0,0,0,0,0,0,2,-1.6666666666666665,0.9999946154633125,0.0
44,24,1s2.2s2.2p6.3s2.3p6.3d6,3d,3,2,6,2.5,d,0,21,18.477999944610033,5,0,0,18,0,0,0,5,0,0,0,0,0,0,0,16,0,0,0,0,0,0,0,0,0,2,-2.2222222222222223,0.9999946154633125,0.0
44,23,1s2.2s2.2p6.3s2.3p6.3d5,3d,3,2,5,2.5,d,0,22,17.516342790782076,4,0,0,18,0,0,0,4,0,0,0,0,0,0,0,16,0,0,0,0,0,0,0,0,0,2,2.2222222222222223,0.9999946154633125,0.0
44,22,1s2.2s2.2p6.3s2.3p6.3d4,3d,3,2,4,1.5,d,0,23,16.81369270190474,3,0,0,18,0,0,0,3,0,0,0,0,0,0,0,16,0,0,0,0,0,0,0,0,0,2,1.6666666666666667,0.9999946154633125,0.0
44,21,1s2.2s2.2p6.3s2.3p6.3d3,3d,3,2,3,1.5,d,0,24,16.06581898178117,2,0,0,18,0,0,0,2,0,0,0,0,0,0,0,16,0,0,0,0,0,0,0,0,0,2,1.1111111111111112,0.9999946154633125,0.0
44,20,1s2.2s2.2p6.3s2.3p6.3d2,3d,3,2,2,1.5,d,0,25,15.318236242385085,1,0,0,18,0,0,0,1,0,0,0,0,0,0,0,16,0,0,0,0,0,0,0,0,0,2,0.5555555555555556,0.9999946154633125,0.0
44,19,1s2.2s2.2p6.3s2.3p6.3d1,3d,3,2,1,1.5,d,0,26,14.615753461451872,0,0,0,18,0,0,0,0,0,0,0,0,0,0,0,16,0,0,0,0,0,0,0,0,0,2,0.0,0.9999946154633125,0.0
44,18,1s2.2s2.2p6.3s2.3p6,3p,3,1,6,1.5,p3,0,27,12.667818264554036,5,10,2,0,0,0,5,0,0,2,8,0,0,2,0,0,0,0,0,0,0,0,0,0,0,0,0.0,0.9999946154633125,0.0
44,17,1s2.2s2.2p6.3s2.3p5,3p,3,1,5,1.5,p3,0,28,12.08347223011717,4,10,2,0,0,0,4,0,0,2,8,0,0,2,0,0,0,0,0,0,0,0,0,0,0,0,-0.6000000000000001,0.9999946154633125,0.0
44,16,1s2.2s2.2p6.3s2.3p4,3p,3,1,4,1.5,p3,0,29,11.49928244974415,3,10,2,0,0,0,3,0,0,2,8,0,0,2,0,0,0,0,0,0,0,0,0,0,0,0,-1.2,0.9999946154633125,0.0
44,15,1s2.2s2.2p6.3s2.3p3,3p,3,1,3,1.5,p3,0,30,10.730818199117742,2,10,2,0,0,0,2,0,0,2,8,0,0,2,0,0,0,0,0,0,0,0,0,0,0,0,1.2,0.9999946154633125,0.0
44,14,1s2.2s2.2p6.3s2.3p2,3p,3,1,2,0.5,p1,0,31,10.145247180423096,1,10,2,0,0,0,1,0,0,2,8,0,0,2,0,0,0,0,0,0,0,0,0,0,0,0,0.6,0.9999946154633125,0.0
44,13,1s2.2s2.2p6.3s2.3p1,3p,3,1,1,0.5,p1,0,32,9.559774441642945,0,10,2,0,0,0,0,0,0,2,8,0,0,2,0,0,0,0,0,0,0,0,0,0,0,0,0.0,0.9999946154633125,0.0
44,12,1s2.2s2.2p6.3s2,3s,3,0,2,0.5,s,0,33,8.35113401342552,1,8,2,0,0,1,0,0,0,0,8,0,0,2,0,0,0,0,0,0,0,0,0,0,0,0,0.0,0.9999946154633125,0.0
44,11,1s2.2s2.2p6.3s1,3s,3,0,1,0.5,s,0,34,7.7856408855844075,0,8,2,0,0,0,0,0,0,0,8,0,0,2,0,0,0,0,0,0,0,0,0,0,0,0,0.0,0.9999946154633125,0.0
44,10,1s2.2s2.2p6,2p,2,1,6,1.5,p3,0,35,6.545979557232126,5,4,0,0,0,0,5,0,0,2,2,0,0,0,0,0,0,0,0,0,0,0,0,0,0,0,0.0,0.9999946154633125,0.0
44,9,1s2.2s2.2p5,2p,2,1,5,1.5,p3,0,36,5.88972955723213,4,4,0,0,0,0,4,0,0,2,2,0,0,0,0,0,0,0,0,0,0,0,0,0,0,0,-0.6000000000000001,0.9999946154633125,0.0
44,8,1s2.2s2.2p4,2p,2,1,4,1.5,p3,0,37,5.233479557232133,3,4,0,0,0,0,3,0,0,2,2,0,0,0,0,0,0,0,0,0,0,0,0,0,0,0,-1.2,0.9999946154633125,0.0
44,7,1s2.2s2.2p3,2p,2,1,3,1.5,p3,0,38,4.378670782625834,2,4,0,0,0,0,2,0,0,2,2,0,0,0,0,0,0,0,0,0,0,0,0,0,0,0,1.2,0.9999946154633125,0.0
44,6,1s2.2s2.2p2,2p,2,1,2,0.5,p1,0,39,3.7253535771907345,1,4,0,0,0,0,1,0,0,2,2,0,0,0,0,0,0,0,0,0,0,0,0,0,0,0,0.6,0.9999946154633125,0.0
44,5,1s2.2s2.2p1,2p,2,1,1,0.5,p1,0,40,3.0730091792350134,0,4,0,0,0,0,0,0,0,2,2,0,0,0,0,0,0,0,0,0,0,0,0,0,0,0,0.0,0.9999946154633125,0.0
44,4,1s2.2s2,2s,2,0,2,0.5,s,0,41,2.145875983124917,1,2,0,0,0,1,0,0,0,0,2,0,0,0,0,0,0,0,0,0,0,0,0,0,0,0,0.0,0.9999946154633125,3.4131495260787865
44,3,1s2.2s1,2s,2,0,1,0.5,s,0,42,1.5912208504801093,0,2,0,0,0,0,0,0,0,0,2,0,0,0,0,0,0,0,0,0,0,0,0,0,0,0,0.0,0.9999946154633125,3.4131495260787865
44,2,1s2,1s,1,0,2,0.5,s,0,43,0.625,1,0,0,0,0,1,0,0,0,0,0,0,0,0,0,0,0,0,0,0,0,0,0,0,0,0,0.0,0.9999946154633125,23.22906237906843
44,1,1s1,1s,1,0,1,0.5,s,0,44,0.0,0,0,0,0,0,0,0,0,0,0,0,0,0,0,0,0,0,0,0,0,0,0,0,0,0,0,0.0,0.9999946154633125,23.22906237906843
45,45,1s2.2s2.2p6.3s2.3p6.3d10.4s2.4p6.4d8.5s1,5s,5,0,1,0.5,s,0,1,34.122655256063055,0,16,28,0,0,0,0,0,0,0,8,8,0,8,10,0,0,0,0,0,0,0,0,0,10,0,0.0,0.9999946678326339,0.0
45,44,1s2.2s2.2p6.3s2.3p6.3d10.4s2.4p6.4d8,4d,4,2,8,2.5,d,0,2,33.90183225775024,7,0,0,36,0,0,0,7,0,0,0,0,0,0,0,16,10,0,0,0,0,0,0,0,0,10,-1.1111111111111112,0.9999946678326339,0.0
45,43,1s2.2s2.2p6.3s2.3p6.3d10.4s2.4p6.4d7,4d,4,2,7,2.5,d,0,3,33.24097497538423,6,0,0,36,0,0,0,6,0,0,0,0,0,0,0,16,10,0,0,0,0,0,0,0,0,10,-1.6666666666666665,0.9999946678326339,0.0
45,42,1s2.2s2.2p6.3s2.3p6.3d10.4s2.4p6.4d6,4d,4,2,6,2.5,d,0,4,32.619385968687766,5,0,0,36,0,0,0,5,0,0,0,0,0,0,0,16,10,0,0,0,0,0,0,0,0,10,-2.2222222222222223,0.9999946678326339,0.0
45,41,1s2.2s2.2p6.3s2.3p6.3d10.4s2.4p6.4d5,4d,4,2,5,2.5,d,0,5,31.77042966985971,4,0,0,36,0,0,0,4,0,0,0,0,0,0,0,16,10,0,0,0,0,0,0,0,0,10,2.2222222222222223,0.9999946678326339,0.0
45,40,1s2.2s2.2p6.3s2.3p6.3d10.4s2.4p6.4d4,4d,4,2,4,1.5,d,0,6,31.14884066316324,3,0,0,36,0,0,0,3,0,0,0,0,0,0,0,16,10,0,0,0,0,0,0,0,0,10,1.6666666666666667,0.9999946678326339,0.0
45,39,1s2.2s2.2p6.3s2.3p6.3d10.4s2.4p6.4d3,4d,4,2,3,1.5,d,0,7,30.487983380797118,2,0,0,36,0,0,0,2,0,0,0,0,0,0,0,16,10,0,0,0,0,0,0,0,0,10,1.1111111111111112,0.9999946678326339,0.0
45,38,1s2.2s2.2p6.3s2.3p6.3d10.4s2.4p6.4d2,4d,4,2,2,1.5,d,0,8,29.82712609843111,1,0,0,36,0,0,0,1,0,0,0,0,0,0,0,16,10,0,0,0,0,0,0,0,0,10,0.5555555555555556,0.9999946678326339,0.0
45,37,1s2.2s2.2p6.3s2.3p6.3d10.4s2.4p6.4d1,4d,4,2,1,1.5,d,0,9,29.20553709173464,0,0,0,36,0,0,0,0,0,0,0,0,0,0,0,16,10,0,0,0,0,0,0,0,0,10,0.0,0.9999946678326339,0.0
45,36,1s2.2s2.2p6.3s2.3p6.3d10.4s2.4p6,4p,4,1,6,1.5,p3,0,10,26.676544772007787,5,20,10,0,0,0,5,0,0,2,8,10,0,8,0,0,0,0,0,0,0,0,0,0,2,0,0.0,0.9999946678326339,0.0
45,35,1s2.2s2.2p6.3s2.3p6.3d10.4s2.4p5,4p,4,1,5,1.5,p3,0,11,26.117340670445287,4,20,10,0,0,0,4,0,0,2,8,10,0,8,0,0,0,0,0,0,0,0,0,0,2,0,-0.6000000000000001,0.9999946678326339,0.0
45,34,1s2.2s2.2p6.3s2.3p6.3d10.4s2.4p4,4p,4,1,4,1.5,p3,0,12,25.558136568882787,3,20,10,0,0,0,3,0,0,2,8,10,0,8,0,0,0,0,0,0,0,0,0,0,2,0,-1.2,0.9999946678326339,0.0
45,33,1s2.2s2.2p6.3s2.3p6.3d10.4s2.4p3,4p,4,1,3,1.5,p3,0,13,24.807678805211026,2,20,10,0,0,0,2,0,0,2,8,10,0,8,0,0,0,0,0,0,0,0,0,0,2,0,1.2,0.9999946678326339,0.0
45,32,1s2.2s2.2p6.3s2.3p6.3d10.4s2.4p2,4p,4,1,2,0.5,p1,0,14,24.24270156046225,1,20,10,0,0,0,1,0,0,2,8,10,0,8,0,0,0,0,0,0,0,0,0,0,2,0,0.6,0.9999946678326339,0.0
45,31,1s2.2s2.2p6.3s2.3p6.3d10.4s2.4p1,4p,4,1,1,0.5,p1,0,15,23.681451647104154,0,20,10,0,0,0,0,0,0,2,8,10,0,8,0,0,0,0,0,0,0,0,0,0,2,0,0.0,0.9999946678326339,0.0
45,30,1s2.2s2.2p6.3s2.3p6.3d10.4s2,4s,4,0,2,0.5,s,0,16,22.126593730819764,1,18,10,0,0,1,0,0,0,0,8,10,0,8,0,0,0,0,0,0,0,0,0,0,2,0,0.0,0.9999946678326339,0.0
45,29,1s2.2s2.2p6.3s2.3p6.3d10.4s1,4s,4,0,1,0.5,s,0,17,21.554071296483926,0,18,10,0,0,0,0,0,0,0,8,10,0,8,0,0,0,0,0,0,0,0,0,0,2,0,0.0,0.9999946678326339,0.0
45,28,1s2.2s2.2p6.3s2.3p6.3d10,3d,3,2,10,2.5,d,0,18,21.379455336979806,9,0,0,18,0,0,0,9,0,0,0,0,0,0,0,16,0,0,0,0,0,0,0,0,0,2,0.0,0.9999946678326339,0.0
45,27,1s2.2s2.2p6.3s2.3p6.3d9,3d,3,2,9,2.5,d,0,19,20.677223194122995,8,0,0,18,0,0,0,8,0,0,0,0,0,0,0,16,0,0,0,0,0,0,0,0,0,2,-0.5555555555555554,0.9999946678326339,0.0
45,26,1s2.2s2.2p6.3s2.3p6.3d8,3d,3,2,8,2.5,d,0,20,19.92856167011884,7,0,0,18,0,0,0,7,0,0,0,0,0,0,0,16,0,0,0,0,0,0,0,0,0,2,-1.1111111111111112,0.9999946678326339,0.0
45,25,1s2.2s2.2p6.3s2.3p6.3d7,3d,3,2,7,2.5,d,0,21,19.180019458485546,6,0,0,18,0,0,0,6,0,0,0,0,0,0,0,16,0,0,0,0,0,0,0,0,0,2,-1.6666666666666665,0.9999946678326339,0.0
45,24,1s2.2s2.2p6.3s2.3p6.3d6,3d,3,2,6,2.5,d,0,22,18.477999944610033,5,0,0,18,0,0,0,5,0,0,0,0,0,0,0,16,0,0,0,0,0,0,0,0,0,2,-2.2222222222222223,0.9999946678326339,0.0
45,23,1s2.2s2.2p6.3s2.3p6.3d5,3d,3,2,5,2.5,d,0,23,17.516342790782076,4,0,0,18,0,0,0,4,0,0,0,0,0,0,0,16,0,0,0,0,0,0,0,0,0,2,2.2222222222222223,0.9999946678326339,0.0
45,22,1s2.2s2.2p6.3s2.3p6.3d4,3d,3,2,4,1.5,d,0,24,16.81369270190474,3,0,0,18,0,0,0,3,0,0,0,0,0,0,0,16,0,0,0,0,0,0,0,0,0,2,1.6666666666666667,0.9999946678326339,0.0
45,21,1s2.2s2.2p6.3s2.3p6.3d3,3d,3,2,3,1.5,d,0,25,16.06581898178117,2,0,0,18,0,0,0,2,0,0,0,0,0,0,0,16,0,0,0,0,0,0,0,0,0,2,1.1111111111111112,0.9999946678326339,0.0
45,20,1s2.2s2.2p6.3s2.3p6.3d2,3d,3,2,2,1.5,d,0,26,15.318236242385085,1,0,0,18,0,0,0,1,0,0,0,0,0,0,0,16,0,0,0,0,0,0,0,0,0,2,0.5555555555555556,0.9999946678326339,0.0
45,19,1s2.2s2.2p6.3s2.3p6.3d1,3d,3,2,1,1.5,d,0,27,14.615753461451872,0,0,0,18,0,0,0,0,0,0,0,0,0,0,0,16,0,0,0,0,0,0,0,0,0,2,0.0,0.9999946678326339,0.0
45,18,1s2.2s2.2p6.3s2.3p6,3p,3,1,6,1.5,p3,0,28,12.667818264554036,5,10,2,0,0,0,5,0,0,2,8,0,0,2,0,0,0,0,0,0,0,0,0,0,0,0,0.0,0.9999946678326339,0.0
45,17,1s2.2s2.2p6.3s2.3p5,3p,3,1,5,1.5,p3,0,29,12.08347223011717,4,10,2,0,0,0,4,0,0,2,8,0,0,2,0,0,0,0,0,0,0,0,0,0,0,0,-0.6000000000000001,0.9999946678326339,0.0
45,16,1s2.2s2.2p6.3s2.3p4,3p,3,1,4,1.5,p3,0,30,11.49928244974415,3,10,2,0,0,0,3,0,0,2,8,0,0,2,0,0,0,0,0,0,0,0,0,0,0,0,-1.2,0.9999946678326339,0.0
45,15,1s2.2s2.2p6.3s2.3p3,3p,3,1,3,1.5,p3,0,31,10.730818199117742,2,10,2,0,0,0,2,0,0,2,8,0,0,2,0,0,0,0,0,0,0,0,0,0,0,0,1.2,0.9999946678326339,0.0
45,14,1s2.2s2.2p6.3s2.3p2,3p,3,1,2,0.5,p1,0,32,10.145247180423096,1,10,2,0,0,0,1,0,0,2,8,0,0,2,0,0,0,0,0,0,0,0,0,0,0,0,0.6,0.9999946678326339,0.0
45,13,1s2.2s2.2p6.3s2.3p1,3p,3,1,1,0.5,p1,0,33,9.559774441642945,0,10,2,0,0,0,0,0,0,2,8,0,0,2,0,0,0,0,0,0,0,0,0,0,0,0,0.0,0.9999946678326339,0.0
45,12,1s2.2s2.2p6.3s2,3s,3,0,2,0.5,s,0,34,8.35113401342552,1,8,2,0,0,1,0,0,0,0,8,0,0,2,0,0,0,0,0,0,0,0,0,0,0,0,0.0,0.9999946678326339,0.0
45,11,1s2.2s2.2p6.3s1,3s,3,0,1,0.5,s,0,35,7.7856408855844075,0,8,2,0,0,0,0,0,0,0,8,0,0,2,0,0,0,0,0,0,0,0,0,0,0,0,0.0,0.9999946678326339,0.0
45,10,1s2.2s2.2p6,2p,2,1,6,1.5,p3,0,36,6.545979557232126,5,4,0,0,0,0,5,0,0,2,2,0,0,0,0,0,0,0,0,0,0,0,0,0,0,0,0.0,0.9999946678326339,0.0
45,9,1s2.2s2.2p5,2p,2,1,5,1.5,p3,0,37,5.88972955723213,4,4,0,0,0,0,4,0,0,2,2,0,0,0,0,0,0,0,0,0,0,0,0,0,0,0,-0.6000000000000001,0.9999946678326339,0.0
45,8,1s2.2s2.2p4,2p,2,1,4,1.5,p3,0,38,5.233479557232133,3,4,0,0,0,0,3,0,0,2,2,0,0,0,0,0,0,0,0,0,0,0,0,0,0,0,-1.2,0.9999946678326339,0.0
45,7,1s2.2s2.2p3,2p,2,1,3,1.5,p3,0,39,4.378670782625834,2,4,0,0,0,0,2,0,0,2,2,0,0,0,0,0,0,0,0,0,0,0,0,0,0,0,1.2,0.9999946678326339,0.0
45,6,1s2.2s2.2p2,2p,2,1,2,0.5,p1,0,40,3.7253535771907345,1,4,0,0,0,0,1,0,0,2,2,0,0,0,0,0,0,0,0,0,0,0,0,0,0,0,0.6,0.9999946678326339,0.0
45,5,1s2.2s2.2p1,2p,2,1,1,0.5,p1,0,41,3.0730091792350134,0,4,0,0,0,0,0,0,0,2,2,0,0,0,0,0,0,0,0,0,0,0,0,0,0,0,0.0,0.9999946678326339,0.0
45,4,1s2.2s2,2s,2,0,2,0.5,s,0,42,2.145875983124917,1,2,0,0,0,1,0,0,0,0,2,0,0,0,0,0,0,0,0,0,0,0,0,0,0,0,0.0,0.9999946678326339,3.6957914610387363
45,3,1s2.2s1,2s,2,0,1,0.5,s,0,43,1.5912208504801093,0,2,0,0,0,0,0,0,0,0,2,0,0,0,0,0,0,0,0,0,0,0,0,0,0,0,0.0,0.9999946678326339,3.6957914610387363
45,2,1s2,1s,1,0,2,0.5,s,0,44,0.625,1,0,0,0,0,1,0,0,0,0,0,0,0,0,0,0,0,0,0,0,0,0,0,0,0,0,0.0,0.9999946678326339,25.056950097600758
45,1,1s1,1s,1,0,1,0.5,s,0,45,0.0,0,0,0,0,0,0,0,0,0,0,0,0,0,0,0,0,0,0,0,0,0,0,0,0,0,0,0.0,0.9999946678326339,25.056950097600758
46,46,1s2.2s2.2p6.3s2.3p6.3d10.4s2.4p6.4d10,4d,4,2,10,2.5,d,0,1,35.18427854681272,9,0,0,36,0,0,0,9,0,0,0,0,0,0,0,16,10,0,0,0,0,0,0,0,0,10,0.0,0.9999948187870781,0.0
46,45,1s2.2s2.2p6.3s2.3p6.3d10.4s2.4p6.4d9,4d,4,2,9,2.5,d,0,2,34.56268954011648,8,0,0,36,0,0,0,8,0,0,0,0,0,0,0,16,10,0,0,0,0,0,0,0,0,10,-0.5555555555555554,0.9999948187870781,0.0
46,44,1s2.2s2.2p6.3s2.3p6.3d10.4s2.4p6.4d8,4d,4,2,8,2.5,d,0,3,33.90183225775024,7,0,0,36,0,0,0,7,0,0,0,0,0,0,0,16,10,0,0,0,0,0,0,0,0,10,-1.1111111111111112,0.9999948187870781,0.0
46,43,1s2.2s2.2p6.3s2.3p6.3d10.4s2.4p6.4d7,4d,4,2,7,2.5,d,0,4,33.24097497538423,6,0,0,36,0,0,0,6,0,0,0,0,0,0,0,16,10,0,0,0,0,0,0,0,0,10,-1.6666666666666665,0.9999948187870781,0.0
46,42,1s2.2s2.2p6.3s2.3p6.3d10.4s2.4p6.4d6,4d,4,2,6,2.5,d,0,5,32.619385968687766,5,0,0,36,0,0,0,5,0,0,0,0,0,0,0,16,10,0,0,0,0,0,0,0,0,10,-2.2222222222222223,0.9999948187870781,0.0
46,41,1s2.2s2.2p6.3s2.3p6.3d10.4s2.4p6.4d5,4d,4,2,5,2.5,d,0,6,31.77042966985971,4,0,0,36,0,0,0,4,0,0,0,0,0,0,0,16,10,0,0,0,0,0,0,0,0,10,2.2222222222222223,0.9999948187870781,0.0
46,40,1s2.2s2.2p6.3s2.3p6.3d10.4s2.4p6.4d4,4d,4,2,4,1.5,d,0,7,31.14884066316324,3,0,0,36,0,0,0,3,0,0,0,0,0,0,0,16,10,0,0,0,0,0,0,0,0,10,1.6666666666666667,0.9999948187870781,0.0
46,39,1s2.2s2.2p6.3s2.3p6.3d10.4s2.4p6.4d3,4d,4,2,3,1.5,d,0,8,30.487983380797118,2,0,0,36,0,0,0,2,0,0,0,0,0,0,0,16,10,0,0,0,0,0,0,0,0,10,1.1111111111111112,0.9999948187870781,0.0
46,38,1s2.2s2.2p6.3s2.3p6.3d10.4s2.4p6.4d2,4d,4,2,2,1.5,d,0,9,29.82712609843111,1,0,0,36,0,0,0,1,0,0,0,0,0,0,0,16,10,0,0,0,0,0,0,0,0,10,0.5555555555555556,0.9999948187870781,0.0
46,37,1s2.2s2.2p6.3s2.3p6.3d10.4s2.4p6.4d1,4d,4,2,1,1.5,d,0,10,29.20553709173464,0,0,0,36,0,0,0,0,0,0,0,0,0,0,0,16,10,0,0,0,0,0,0,0,0,10,0.0,0.9999948187870781,0.0
46,36,1s2.2s2.2p6.3s2.3p6.3d10.4s2.4p6,4p,4,1,6,1.5,p3,0,11,26.676544772007787,5,20,10,0,0,0,5,0,0,2,8,10,0,8,0,0,0,0,0,0,0,0,0,0,2,0,0.0,0.9999948187870781,0.0
46,35,1s2.2s2.2p6.3s2.3p6.3d10.4s2.4p5,4p,4,1,5,1.5,p3,0,12,26.117340670445287,4,20,10,0,0,0,4,0,0,2,8,10,0,8,0,0,0,0,0,0,0,0,0,0,2,0,-0.6000000000000001,0.9999948187870781,0.0
46,34,1s2.2s2.2p6.3s2.3p6.3d10.4s2.4p4,4p,4,1,4,1.5,p3,0,13,25.558136568882787,3,20,10,0,0,0,3,0,0,2,8,10,0,8,0,0,0,0,0,0,0,0,0,0,2,0,-1.2,0.9999948187870781,0.0
46,33,1s2.2s2.2p6.3s2.3p6.3d10.4s2.4p3,4p,4,1,3,1.5,p3,0,14,24.807678805211026,2,20,10,0,0,0,2,0,0,2,8,10,0,8,0,0,0,0,0,0,0,0,0,0,2,0,1.2,0.9999948187870781,0.0
46,32,1s2.2s2.2p6.3s2.3p6.3d10.4s2.4p2,4p,4,1,2,0.5,p1,0,15,24.24270156046225,1,20,10,0,0,0,1,0,0,2,8,10,0,8,0,0,0,0,0,0,0,0,0,0,2,0,0.6,0.9999948187870781,0.0
46,31,1s2.2s2.2p6.3s2.3p6.3d10.4s2.4p1,4p,4,1,1,0.5,p1,0,16,23.681451647104154,0,20,10,0,0,0,0,0,0,2,8,10,0,8,0,0,0,0,0,0,0,0,0,0,2,0,0.0,0.9999948187870781,0.0
46,30,1s2.2s2.2p6.3s2.3p6.3d10.4s2,4s,4,0,2,0.5,s,0,17,22.126593730819764,1,18,10,0,0,1,0,0,0,0,8,10,0,8,0,0,0,0,0,0,0,0,0,0,2,0,0.0,0.9999948187870781,0.0
46,29,1s2.2s2.2p6.3s2.3p6.3d10.4s1,4s,4,0,1,0.5,s,0,18,21.554071296483926,0,18,10,0,0,0,0,0,0,0,8,10,0,8,0,0,0,0,0,0,0,0,0,0,2,0,0.0,0.9999948187870781,0.0
46,28,1s2.2s2.2p6.3s2.3p6.3d10,3d,3,2,10,2.5,d,0,19,21.379455336979806,9,0,0,18,0,0,0,9,0,0,0,0,0,0,0,16,0,0,0,0,0,0,0,0,0,2,0.0,0.9999948187870781,0.0
46,27,1s2.2s2.2p6.3s2.3p6.3d9,3d,3,2,9,2.5,d,0,20,20.677223194122995,8,0,0,18,0,0,0,8,0,0,0,0,0,0,0,16,0,0,0,0,0,0,0,0,0,2,-0.5555555555555554,0.9999948187870781,0.0
46,26,1s2.2s2.2p6.3s2.3p6.3d8,3d,3,2,8,2.5,d,0,21,19.92856167011884,7,0,0,18,0,0,0,7,0,0,0,0,0,0,0,16,0,0,0,0,0,0,0,0,0,2,-1.1111111111111112,0.9999948187870781,0.0
46,25,1s2.2s2.2p6.3s2.3p6.3d7,3d,3,2,7,2.5,d,0,22,19.180019458485546,6,0,0,18,0,0,0,6,0,0,0,0,0,0,0,16,0,0,0,0,0,0,0,0,0,2,-1.6666666666666665,0.9999948187870781,0.0
46,24,1s2.2s2.2p6.3s2.3p6.3d6,3d,3,2,6,2.5,d,0,23,18.477999944610033,5,0,0,18,0,0,0,5,0,0,0,0,0,0,0,16,0,0,0,0,0,0,0,0,0,2,-2.2222222222222223,0.9999948187870781,0.0
46,23,1s2.2s2.2p6.3s2.3p6.3d5,3d,3,2,5,2.5,d,0,24,17.516342790782076,4,0,0,18,0,0,0,4,0,0,0,0,0,0,0,16,0,0,0,0,0,0,0,0,0,2,2.2222222222222223,0.9999948187870781,0.0
46,22,1s2.2s2.2p6.3s2.3p6.3d4,3d,3,2,4,1.5,d,0,25,16.81369270190474,3,0,0,18,0,0,0,3,0,0,0,0,0,0,0,16,0,0,0,0,0,0,0,0,0,2,1.6666666666666667,0.9999948187870781,0.0
46,21,1s2.2s2.2p6.3s2.3p6.3d3,3d,3,2,3,1.5,d,0,26,16.06581898178117,2,0,0,18,0,0,0,2,0,0,0,0,0,0,0,16,0,0,0,0,0,0,0,0,0,2,1.1111111111111112,0.9999948187870781,0.0
46,20,1s2.2s2.2p6.3s2.3p6.3d2,3d,3,2,2,1.5,d,0,27,15.318236242385085,1,0,0,18,0,0,0,1,0,0,0,0,0,0,0,16,0,0,0,0,0,0,0,0,0,2,0.5555555555555556,0.9999948187870781,0.0
46,19,1s2.2s2.2p6.3s2.3p6.3d1,3d,3,2,1,1.5,d,0,28,14.615753461451872,0,0,0,18,0,0,0,0,0,0,0,0,0,0,0,16,0,0,0,0,0,0,0,0,0,2,0.0,0.9999948187870781,0.0
46,18,1s2.2s2.2p6.3s2.3p6,3p,3,1,6,1.5,p3,0,29,12.667818264554036,5,10,2,0,0,0,5,0,0,2,8,0,0,2,0,0,0,0,0,0,0,0,0,0,0,0,0.0,0.9999948187870781,0.0
46,17,1s2.2s2.2p6.3s2.3p5,3p,3,1,5,1.5,p3,0,30,12.08347223011717,4,10,2,0,0,0,4,0,0,2,8,0,0,2,0,0,0,0,0,0,0,0,0,0,0,0,-0.6000000000000001,0.9999948187870781,0.0
46,16,1s2.2s2.2p6.3s2.3p4,3p,3,1,4,1.5,p3,0,31,11.49928244974415,3,10,2,0,0,0,3,0,0,2,8,0,0,2,0,0,0,0,0,0,0,0,0,0,0,0,-1.2,0.9999948187870781,0.0
46,15,1s2.2s2.2p6.3s2.3p3,3p,3,1,3,1.5,p3,0,32,10.730818199117742,2,10,2,0,0,0,2,0,0,2,8,0,0,2,0,0,0,0,0,0,0,0,0,0,0,0,1.2,0.9999948187870781,0.0
46,14,1s2.2s2.2p6.3s2.3p2,3p,3,1,2,0.5,p1,0,33,10.145247180423096,1,10,2,0,0,0,1,0,0,2,8,0,0,2,0,0,0,0,0,0,0,0,0,0,0,0,0.6,0.9999948187870781,0.0
46,13,1s2.2s2.2p6.3s2.3p1,3p,3,1,1,0.5,p1,0,34,9.559774441642945,0,10,2,0,0,0,0,0,0,2,8,0,0,2,0,0,0,0,0,0,0,0,0,0,0,0,0.0,0.9999948187870781,0.0
46,12,1s2.2s2.2p6.3s2,3s,3,0,2,0.5,s,0,35,8.35113401342552,1,8,2,0,0,1,0,0,0,0,8,0,0,2,0,0,0,0,0,0,0,0,0,0,0,0,0.0,0.9999948187870781,0.0
46,11,1s2.2s2.2p6.3s1,3s,3,0,1,0.5,s,0,36,7.7856408855844075,0,8,2,0,0,0,0,0,0,0,8,0,0,2,0,0,0,0,0,0,0,0,0,0,0,0,0.0,0.9999948187870781,0.0
46,10,1s2.2s2.2p6,2p,2,1,6,1.5,p3,0,37,6.545979557232126,5,4,0,0,0,0,5,0,0,2,2,0,0,0,0,0,0,0,0,0,0,0,0,0,0,0,0.0,0.9999948187870781,0.0
46,9,1s2.2s2.2p5,2p,2,1,5,1.5,p3,0,38,5.88972955723213,4,4,0,0,0,0,4,0,0,2,2,0,0,0,0,0,0,0,0,0,0,0,0,0,0,0,-0.6000000000000001,0.9999948187870781,0.0
46,8,1s2.2s2.2p4,2p,2,1,4,1.5,p3,0,39,5.233479557232133,3,4,0,0,0,0,3,0,0,2,2,0,0,0,0,0,0,0,0,0,0,0,0,0,0,0,-1.2,0.9999948187870781,0.0
46,7,1s2.2s2.2p3,2p,2,1,3,1.5,p3,0,40,4.378670782625834,2,4,0,0,0,0,2,0,0,2,2,0,0,0,0,0,0,0,0,0,0,0,0,0,0,0,1.2,0.9999948187870781,0.0
46,6,1s2.2s2.2p2,2p,2,1,2,0.5,p1,0,41,3.7253535771907345,1,4,0,0,0,0,1,0,0,2,2,0,0,0,0,0,0,0,0,0,0,0,0,0,0,0,0.6,0.9999948187870781,0.0
46,5,1s2.2s2.2p1,2p,2,1,1,0.5,p1,0,42,3.0730091792350134,0,4,0,0,0,0,0,0,0,2,2,0,0,0,0,0,0,0,0,0,0,0,0,0,0,0,0.0,0.9999948187870781,0.0
46,4,1s2.2s2,2s,2,0,2,0.5,s,0,43,2.145875983124917,1,2,0,0,0,1,0,0,0,0,2,0,0,0,0,0,0,0,0,0,0,0,0,0,0,0,0.0,0.9999948187870781,3.9974780582483094
46,3,1s2.2s1,2s,2,0,1,0.5,s,0,44,1.5912208504801093,0,2,0,0,0,0,0,0,0,0,2,0,0,0,0,0,0,0,0,0,0,0,0,0,0,0,0.0,0.9999948187870781,3.9974780582483094
46,2,1s2,1s,1,0,2,0.5,s,0,45,0.625,1,0,0,0,0,1,0,0,0,0,0,0,0,0,0,0,0,0,0,0,0,0,0,0,0,0,0.0,0.9999948187870781,26.998953325838354
46,1,1s1,1s,1,0,1,0.5,s,0,46,0.0,0,0,0,0,0,0,0,0,0,0,0,0,0,0,0,0,0,0,0,0,0,0,0,0,0,0,0.0,0.9999948187870781,26.998953325838354
47,47,1s2.2s2.2p6.3s2.3p6.3d10.4s2.4p6.4d10.5s1,5s,5,0,1,0.5,s,0,1,35.55897354224375,0,18,28,0,0,0,0,0,0,0,8,10,0,8,10,0,0,0,0,0,0,0,0,0,10,0,0.0,0.9999948673202279,0.0
47,46,1s2.2s2.2p6.3s2.3p6.3d10.4s2.4p6.4d10,4d,4,2,10,2.5,d,0,2,35.18427854681272,9,0,0,36,0,0,0,9,0,0,0,0,0,0,0,16,10,0,0,0,0,0,0,0,0,10,0.0,0.9999948673202279,0.0
47,45,1s2.2s2.2p6.3s2.3p6.3d10.4s2.4p6.4d9,4d,4,2,9,2.5,d,0,3,34.56268954011648,8,0,0,36,0,0,0,8,0,0,0,0,0,0,0,16,10,0,0,0,0,0,0,0,0,10,-0.5555555555555554,0.9999948673202279,0.0
47,44,1s2.2s2.2p6.3s2.3p6.3d10.4s2.4p6.4d8,4d,4,2,8,2.5,d,0,4,33.90183225775024,7,0,0,36,0,0,0,7,0,0,0,0,0,0,0,16,10,0,0,0,0,0,0,0,0,10,-1.1111111111111112,0.9999948673202279,0.0
47,43,1s2.2s2.2p6.3s2.3p6.3d10.4s2.4p6.4d7,4d,4,2,7,2.5,d,0,5,33.24097497538423,6,0,0,36,0,0,0,6,0,0,0,0,0,0,0,16,10,0,0,0,0,0,0,0,0,10,-1.6666666666666665,0.9999948673202279,0.0
47,42,1s2.2s2.2p6.3s2.3p6.3d10.4s2.4p6.4d6,4d,4,2,6,2.5,d,0,6,32.619385968687766,5,0,0,36,0,0,0,5,0,0,0,0,0,0,0,16,10,0,0,0,0,0,0,0,0,10,-2.2222222222222223,0.9999948673202279,0.0
47,41,1s2.2s2.2p6.3s2.3p6.3d10.4s2.4p6.4d5,4d,4,2,5,2.5,d,0,7,31.77042966985971,4,0,0,36,0,0,0,4,0,0,0,0,0,0,0,16,10,0,0,0,0,0,0,0,0,10,2.2222222222222223,0.9999948673202279,0.0
47,40,1s2.2s2.2p6.3s2.3p6.3d10.4s2.4p6.4d4,4d,4,2,4,1.5,d,0,8,31.14884066316324,3,0,0,36,0,0,0,3,0,0,0,0,0,0,0,16,10,0,0,0,0,0,0,0,0,10,1.6666666666666667,0.9999948673202279,0.0
47,39,1s2.2s2.2p6.3s2.3p6.3d10.4s2.4p6.4d3,4d,4,2,3,1.5,d,0,9,30.487983380797118,2,0,0,36,0,0,0,2,0,0,0,0,0,0,0,16,10,0,0,0,0,0,0,0,0,10,1.1111111111111112,0.9999948673202279,0.0
47,38,1s2.2s2.2p6.3s2.3p6.3d10.4s2.4p6.4d2,4d,4,2,2,1.5,d,0,10,29.82712609843111,1,0,0,36,0,0,0,1,0,0,0,0,0,0,0,16,10,0,0,0,0,0,0,0,0,10,0.5555555555555556,0.9999948673202279,0.0
47,37,1s2.2s2.2p6.3s2.3p6.3d10.4s2.4p6.4d1,4d,4,2,1,1.5,d,0,11,29.20553709173464,0,0,0,36,0,0,0,0,0,0,0,0,0,0,0,16,10,0,0,0,0,0,0,0,0,10,0.0,0.9999948673202279,0.0
47,36,1s2.2s2.2p6.3s2.3p6.3d10.4s2.4p6,4p,4,1,6,1.5,p3,0,12,26.676544772007787,5,20,10,0,0,0,5,0,0,2,8,10,0,8,0,0,0,0,0,0,0,0,0,0,2,0,0.0,0.9999948673202279,0.0
47,35,1s2.2s2.2p6.3s2.3p6.3d10.4s2.4p5,4p,4,1,5,1.5,p3,0,13,26.117340670445287,4,20,10,0,0,0,4,0,0,2,8,10,0,8,0,0,0,0,0,0,0,0,0,0,2,0,-0.6000000000000001,0.9999948673202279,0.0
47,34,1s2.2s2.2p6.3s2.3p6.3d10.4s2.4p4,4p,4,1,4,1.5,p3,0,14,25.558136568882787,3,20,10,0,0,0,3,0,0,2,8,10,0,8,0,0,0,0,0,0,0,0,0,0,2,0,-1.2,0.9999948673202279,0.0
47,33,1s2.2s2.2p6.3s2.3p6.3d10.4s2.4p3,4p,4,1,3,1.5,p3,0,15,24.807678805211026,2,20,10,0,0,0,2,0,0,2,8,10,0,8,0,0,0,0,0,0,0,0,0,0,2,0,1.2,0.9999948673202279,0.0
47,32,1s2.2s2.2p6.3s2.3p6.3d10.4s2.4p2,4p,4,1,2,0.5,p1,0,16,24.24270156046225,1,20,10,0,0,0,1,0,0,2,8,10,0,8,0,0,0,0,0,0,0,0,0,0,2,0,0.6,0.9999948673202279,0.0
47,31,1s2.2s2.2p6.3s2.3p6.3d10.4s2.4p1,4p,4,1,1,0.5,p1,0,17,23.681451647104154,0,20,10,0,0,0,0,0,0,2,8,10,0,8,0,0,0,0,0,0,0,0,0,0,2,0,0.0,0.9999948673202279,0.0
47,30,1s2.2s2.2p6.3s2.3p6.3d10.4s2,4s,4,0,2,0.5,s,0,18,22.126593730819764,1,18,10,0,0,1,0,0,0,0,8,10,0,8,0,0,0,0,0,0,0,0,0,0,2,0,0.0,0.9999948673202279,0.0
47,29,1s2.2s2.2p6.3s2.3p6.3d10.4s1,4s,4,0,1,0.5,s,0,19,21.554071296483926,0,18,10,0,0,0,0,0,0,0,8,10,0,8,0,0,0,0,0,0,0,0,0,0,2,0,0.0,0.9999948673202279,0.0
47,28,1s2.2s2.2p6.3s2.3p6.3d10,3d,3,2,10,2.5,d,0,20,21.379455336979806,9,0,0,18,0,0,0,9,0,0,0,0,0,0,0,16,0,0,0,0,0,0,0,0,0,2,0.0,0.9999948673202279,0.0
47,27,1s2.2s2.2p6.3s2.3p6.3d9,3d,3,2,9,2.5,d,0,21,20.677223194122995,8,0,0,18,0,0,0,8,0,0,0,0,0,0,0,16,0,0,0,0,0,0,0,0,0,2,-0.5555555555555554,0.9999948673202279,0.0
47,26,1s2.2s2.2p6.3s2.3p6.3d8,3d,3,2,8,2.5,d,0,22,19.92856167011884,7,0,0,18,0,0,0,7,0,0,0,0,0,0,0,16,0,0,0,0,0,0,0,0,0,2,-1.1111111111111112,0.9999948673202279,0.0
47,25,1s2.2s2.2p6.3s2.3p6.3d7,3d,3,2,7,2.5,d,0,23,19.180019458485546,6,0,0,18,0,0,0,6,0,0,0,0,0,0,0,16,0,0,0,0,0,0,0,0,0,2,-1.6666666666666665,0.9999948673202279,0.0
47,24,1s2.2s2.2p6.3s2.3p6.3d6,3d,3,2,6,2.5,d,0,24,18.477999944610033,5,0,0,18,0,0,0,5,0,0,0,0,0,0,0,16,0,0,0,0,0,0,0,0,0,2,-2.2222222222222223,0.9999948673202279,0.0
47,23,1s2.2s2.2p6.3s2.3p6.3d5,3d,3,2,5,2.5,d,0,25,17.516342790782076,4,0,0,18,0,0,0,4,0,0,0,0,0,0,0,16,0,0,0,0,0,0,0,0,0,2,2.2222222222222223,0.9999948673202279,0.0
47,22,1s2.2s2.2p6.3s2.3p6.3d4,3d,3,2,4,1.5,d,0,26,16.81369270190474,3,0,0,18,0,0,0,3,0,0,0,0,0,0,0,16,0,0,0,0,0,0,0,0,0,2,1.6666666666666667,0.9999948673202279,0.0
47,21,1s2.2s2.2p6.3s2.3p6.3d3,3d,3,2,3,1.5,d,0,27,16.06581898178117,2,0,0,18,0,0,0,2,0,0,0,0,0,0,0,16,0,0,0,0,0,0,0,0,0,2,1.1111111111111112,0.9999948673202279,0.0
47,20,1s2.2s2.2p6.3s2.3p6.3d2,3d,3,2,2,1.5,d,0,28,15.318236242385085,1,0,0,18,0,0,0,1,0,0,0,0,0,0,0,16,0,0,0,0,0,0,0,0,0,2,0.5555555555555556,0.9999948673202279,0.0
47,19,1s2.2s2.2p6.3s2.3p6.3d1,3d,3,2,1,1.5,d,0,29,14.615753461451872,0,0,0,18,0,0,0,0,0,0,0,0,0,0,0,16,0,0,0,0,0,0,0,0,0,2,0.0,0.9999948673202279,0.0
47,18,1s2.2s2.2p6.3s2.3p6,3p,3,1,6,1.5,p3,0,30,12.667818264554036,5,10,2,0,0,0,5,0,0,2,8,0,0,2,0,0,0,0,0,0,0,0,0,0,0,0,0.0,0.9999948673202279,0.0
47,17,1s2.2s2.2p6.3s2.3p5,3p,3,1,5,1.5,p3,0,31,12.08347223011717,4,10,2,0,0,0,4,0,0,2,8,0,0,2,0,0,0,0,0,0,0,0,0,0,0,0,-0.6000000000000001,0.9999948673202279,0.0
47,16,1s2.2s2.2p6.3s2.3p4,3p,3,1,4,1.5,p3,0,32,11.49928244974415,3,10,2,0,0,0,3,0,0,2,8,0,0,2,0,0,0,0,0,0,0,0,0,0,0,0,-1.2,0.9999948673202279,0.0
47,15,1s2.2s2.2p6.3s2.3p3,3p,3,1,3,1.5,p3,0,33,10.730818199117742,2,10,2,0,0,0,2,0,0,2,8,0,0,2,0,0,0,0,0,0,0,0,0,0,0,0,1.2,0.9999948673202279,0.0
47,14,1s2.2s2.2p6.3s2.3p2,3p,3,1,2,0.5,p1,0,34,10.145247180423096,1,10,2,0,0,0,1,0,0,2,8,0,0,2,0,0,0,0,0,0,0,0,0,0,0,0,0.6,0.9999948673202279,0.0
47,13,1s2.2s2.2p6.3s2.3p1,3p,3,1,1,0.5,p1,0,35,9.559774441642945,0,10,2,0,0,0,0,0,0,2,8,0,0,2,0,0,0,0,0,0,0,0,0,0,0,0,0.0,0.9999948673202279,0.0
47,12,1s2.2s2.2p6.3s2,3s,3,0,2,0.5,s,0,36,8.35113401342552,1,8,2,0,0,1,0,0,0,0,8,0,0,2,0,0,0,0,0,0,0,0,0,0,0,0,0.0,0.9999948673202279,0.0
47,11,1s2.2s2.2p6.3s1,3s,3,0,1,0.5,s,0,37,7.7856408855844075,0,8,2,0,0,0,0,0,0,0,8,0,0,2,0,0,0,0,0,0,0,0,0,0,0,0,0.0,0.9999948673202279,0.0
47,10,1s2.2s2.2p6,2p,2,1,6,1.5,p3,0,38,6.545979557232126,5,4,0,0,0,0,5,0,0,2,2,0,0,0,0,0,0,0,0,0,0,0,0,0,0,0,0.0,0.9999948673202279,0.0
47,9,1s2.2s2.2p5,2p,2,1,5,1.5,p3,0,39,5.88972955723213,4,4,0,0,0,0,4,0,0,2,2,0,0,0,0,0,0,0,0,0,0,0,0,0,0,0,-0.6000000000000001,0.9999948673202279,0.0
47,8,1s2.2s2.2p4,2p,2,1,4,1.5,p3,0,40,5.233479557232133,3,4,0,0,0,0,3,0,0,2,2,0,0,0,0,0,0,0,0,0,0,0,0,0,0,0,-1.2,0.9999948673202279,0.0
47,7,1s2.2s2.2p3,2p,2,1,3,1.5,p3,0,41,4.378670782625834,2,4,0,0,0,0,2,0,0,2,2,0,0,0,0,0,0,0,0,0,0,0,0,0,0,0,1.2,0.9999948673202279,0.0
47,6,1s2.2s2.2p2,2p,2,1,2,0.5,p1,0,42,3.7253535771907345,1,4,0,0,0,0,1,0,0,2,2,0,0,0,0,0,0,0,0,0,0,0,0,0,0,0,0.6,0.9999948673202279,0.0
47,5,1s2.2s2.2p1,2p,2,1,1,0.5,p1,0,43,3.0730091792350134,0,4,0,0,0,0,0,0,0,2,2,0,0,0,0,0,0,0,0,0,0,0,0,0,0,0,0.0,0.9999948673202279,0.0
47,4,1s2.2s2,2s,2,0,2,0.5,s,0,44,2.145875983124917,1,2,0,0,0,1,0,0,0,0,2,0,0,0,0,0,0,0,0,0,0,0,0,0,0,0,0.0,0.9999948673202279,4.316041543501236
47,3,1s2.2s1,2s,2,0,1,0.5,s,0,45,1.5912208504801093,0,2,0,0,0,0,0,0,0,0,2,0,0,0,0,0,0,0,0,0,0,0,0,0,0,0,0.0,0.9999948673202279,4.316041543501236
47,2,1s2,1s,1,0,2,0.5,s,0,46,0.625,1,0,0,0,0,1,0,0,0,0,0,0,0,0,0,0,0,0,0,0,0,0,0,0,0,0,0.0,0.9999948673202279,29.03736211021217
47,1,1s1,1s,1,0,1,0.5,s,0,47,0.0,0,0,0,0,0,0,0,0,0,0,0,0,0,0,0,0,0,0,0,0,0,0,0,0,0,0,0.0,0.9999948673202279,29.03736211021217
48,48,1s2.2s2.2p6.3s2.3p6.3d10.4s2.4p6.4d10.5s2,5s,5,0,2,0.5,s,0,1,36.15472244361083,1,18,28,0,0,1,0,0,0,0,8,10,0,8,10,0,0,0,0,0,0,0,0,0,10,0,0.0,0.9999950965729949,0.0
48,47,1s2.2s2.2p6.3s2.3p6.3d10.4s2.4p6.4d10.5s1,5s,5,0,1,0.5,s,0,2,35.55897354224375,0,18,28,0,0,0,0,0,0,0,8,10,0,8,10,0,0,0,0,0,0,0,0,0,10,0,0.0,0.9999950965729949,0.0
48,46,1s2.2s2.2p6.3s2.3p6.3d10.4s2.4p6.4d10,4d,4,2,10,2.5,d,0,3,35.18427854681272,9,0,0,36,0,0,0,9,0,0,0,0,0,0,0,16,10,0,0,0,0,0,0,0,0,10,0.0,0.9999950965729949,0.0
48,45,1s2.2s2.2p6.3s2.3p6.3d10.4s2.4p6.4d9,4d,4,2,9,2.5,d,0,4,34.56268954011648,8,0,0,36,0,0,0,8,0,0,0,0,0,0,0,16,10,0,0,0,0,0,0,0,0,10,-0.5555555555555554,0.9999950965729949,0.0
48,44,1s2.2s2.2p6.3s2.3p6.3d10.4s2.4p6.4d8,4d,4,2,8,2.5,d,0,5,33.90183225775024,7,0,0,36,0,0,0,7,0,0,0,0,0,0,0,16,10,0,0,0,0,0,0,0,0,10,-1.1111111111111112,0.9999950965729949,0.0
48,43,1s2.2s2.2p6.3s2.3p6.3d10.4s2.4p6.4d7,4d,4,2,7,2.5,d,0,6,33.24097497538423,6,0,0,36,0,0,0,6,0,0,0,0,0,0,0,16,10,0,0,0,0,0,0,0,0,10,-1.6666666666666665,0.9999950965729949,0.0
48,42,1s2.2s2.2p6.3s2.3p6.3d10.4s2.4p6.4d6,4d,4,2,6,2.5,d,0,7,32.619385968687766,5,0,0,36,0,0,0,5,0,0,0,0,0,0,0,16,10,0,0,0,0,0,0,0,0,10,-2.2222222222222223,0.9999950965729949,0.0
48,41,1s2.2s2.2p6.3s2.3p6.3d10.4s2.4p6.4d5,4d,4,2,5,2.5,d,0,8,31.77042966985971,4,0,0,36,0,0,0,4,0,0,0,0,0,0,0,16,10,0,0,0,0,0,0,0,0,10,2.2222222222222223,0.9999950965729949,0.0
48,40,1s2.2s2.2p6.3s2.3p6.3d10.4s2.4p6.4d4,4d,4,2,4,1.5,d,0,9,31.14884066316324,3,0,0,36,0,0,0,3,0,0,0,0,0,0,0,16,10,0,0,0,0,0,0,0,0,10,1.6666666666666667,0.9999950965729949,0.0
48,39,1s2.2s2.2p6.3s2.3p6.3d10.4s2.4p6.4d3,4d,4,2,3,1.5,d,0,10,30.487983380797118,2,0,0,36,0,0,0,2,0,0,0,0,0,0,0,16,10,0,0,0,0,0,0,0,0,10,1.1111111111111112,0.9999950965729949,0.0
48,38,1s2.2s2.2p6.3s2.3p6.3d10.4s2.4p6.4d2,4d,4,2,2,1.5,d,0,11,29.82712609843111,1,0,0,36,0,0,0,1,0,0,0,0,0,0,0,16,10,0,0,0,0,0,0,0,0,10,0.5555555555555556,0.9999950965729949,0.0
48,37,1s2.2s2.2p6.3s2.3p6.3d10.4s2.4p6.4d1,4d,4,2,1,1.5,d,0,12,29.20553709173464,0,0,0,36,0,0,0,0,0,0,0,0,0,0,0,16,10,0,0,0,0,0,0,0,0,10,0.0,0.9999950965729949,0.0
48,36,1s2.2s2.2p6.3s2.3p6.3d10.4s2.4p6,4p,4,1,6,1.5,p3,0,13,26.676544772007787,5,20,10,0,0,0,5,0,0,2,8,10,0,8,0,0,0,0,0,0,0,0,0,0,2,0,0.0,0.9999950965729949,0.0
48,35,1s2.2s2.2p6.3s2.3p6.3d10.4s2.4p5,4p,4,1,5,1.5,p3,0,14,26.117340670445287,4,20,10,0,0,0,4,0,0,2,8,10,0,8,0,0,0,0,0,0,0,0,0,0,2,0,-0.6000000000000001,0.9999950965729949,0.0
48,34,1s2.2s2.2p6.3s2.3p6.3d10.4s2.4p4,4p,4,1,4,1.5,p3,0,15,25.558136568882787,3,20,10,0,0,0,3,0,0,2,8,10,0,8,0,0,0,0,0,0,0,0,0,0,2,0,-1.2,0.9999950965729949,0.0
48,33,1s2.2s2.2p6.3s2.3p6.3d10.4s2.4p3,4p,4,1,3,1.5,p3,0,16,24.807678805211026,2,20,10,0,0,0,2,0,0,2,8,10,0,8,0,0,0,0,0,0,0,0,0,0,2,0,1.2,0.9999950965729949,0.0
48,32,1s2.2s2.2p6.3s2.3p6.3d10.4s2.4p2,4p,4,1,2,0.5,p1,0,17,24.24270156046225,1,20,10,0,0,0,1,0,0,2,8,10,0,8,0,0,0,0,0,0,0,0,0,0,2,0,0.6,0.9999950965729949,0.0
48,31,1s2.2s2.2p6.3s2.3p6.3d10.4s2.4p1,4p,4,1,1,0.5,p1,0,18,23.681451647104154,0,20,10,0,0,0,0,0,0,2,8,10,0,8,0,0,0,0,0,0,0,0,0,0,2,0,0.0,0.9999950965729949,0.0
48,30,1s2.2s2.2p6.3s2.3p6.3d10.4s2,4s,4,0,2,0.5,s,0,19,22.126593730819764,1,18,10,0,0,1,0,0,0,0,8,10,0,8,0,0,0,0,0,0,0,0,0,0,2,0,0.0,0.9999950965729949,0.0
48,29,1s2.2s2.2p6.3s2.3p6.3d10.4s1,4s,4,0,1,0.5,s,0,20,21.554071296483926,0,18,10,0,0,0,0,0,0,0,8,10,0,8,0,0,0,0,0,0,0,0,0,0,2,0,0.0,0.9999950965729949,0.0
48,28,1s2.2s2.2p6.3s2.3p6.3d10,3d,3,2,10,2.5,d,0,21,21.379455336979806,9,0,0,18,0,0,0,9,0,0,0,0,0,0,0,16,0,0,0,0,0,0,0,0,0,2,0.0,0.9999950965729949,0.0
48,27,1s2.2s2.2p6.3s2.3p6.3d9,3d,3,2,9,2.5,d,0,22,20.677223194122995,8,0,0,18,0,0,0,8,0,0,0,0,0,0,0,16,0,0,0,0,0,0,0,0,0,2,-0.5555555555555554,0.9999950965729949,0.0
48,26,1s2.2s2.2p6.3s2.3p6.3d8,3d,3,2,8,2.5,d,0,23,19.92856167011884,7,0,0,18,0,0,0,7,0,0,0,0,0,0,0,16,0,0,0,0,0,0,0,0,0,2,-1.1111111111111112,0.9999950965729949,0.0
48,25,1s2.2s2.2p6.3s2.3p6.3d7,3d,3,2,7,2.5,d,0,24,19.180019458485546,6,0,0,18,0,0,0,6,0,0,0,0,0,0,0,16,0,0,0,0,0,0,0,0,0,2,-1.6666666666666665,0.9999950965729949,0.0
48,24,1s2.2s2.2p6.3s2.3p6.3d6,3d,3,2,6,2.5,d,0,25,18.477999944610033,5,0,0,18,0,0,0,5,0,0,0,0,0,0,0,16,0,0,0,0,0,0,0,0,0,2,-2.2222222222222223,0.9999950965729949,0.0
48,23,1s2.2s2.2p6.3s2.3p6.3d5,3d,3,2,5,2.5,d,0,26,17.516342790782076,4,0,0,18,0,0,0,4,0,0,0,0,0,0,0,16,0,0,0,0,0,0,0,0,0,2,2.2222222222222223,0.9999950965729949,0.0
48,22,1s2.2s2.2p6.3s2.3p6.3d4,3d,3,2,4,1.5,d,0,27,16.81369270190474,3,0,0,18,0,0,0,3,0,0,0,0,0,0,0,16,0,0,0,0,0,0,0,0,0,2,1.6666666666666667,0.9999950965729949,0.0
48,21,1s2.2s2.2p6.3s2.3p6.3d3,3d,3,2,3,1.5,d,0,28,16.06581898178117,2,0,0,18,0,0,0,2,0,0,0,0,0,0,0,16,0,0,0,0,0,0,0,0,0,2,1.1111111111111112,0.9999950965729949,0.0
48,20,1s2.2s2.2p6.3s2.3p6.3d2,3d,3,2,2,1.5,d,0,29,15.318236242385085,1,0,0,18,0,0,0,1,0,0,0,0,0,0,0,16,0,0,0,0,0,0,0,0,0,2,0.5555555555555556,0.9999950965729949,0.0
48,19,1s2.2s2.2p6.3s2.3p6.3d1,3d,3,2,1,1.5,d,0,30,14.615753461451872,0,0,0,18,0,0,0,0,0,0,0,0,0,0,0,16,0,0,0,0,0,0,0,0,0,2,0.0,0.9999950965729949,0.0
48,18,1s2.2s2.2p6.3s2.3p6,3p,3,1,6,1.5,p3,0,31,12.667818264554036,5,10,2,0,0,0,5,0,0,2,8,0,0,2,0,0,0,0,0,0,0,0,0,0,0,0,0.0,0.9999950965729949,0.0
48,17,1s2.2s2.2p6.3s2.3p5,3p,3,1,5,1.5,p3,0,32,12.08347223011717,4,10,2,0,0,0,4,0,0,2,8,0,0,2,0,0,0,0,0,0,0,0,0,0,0,0,-0.6000000000000001,0.9999950965729949,0.0
48,16,1s2.2s2.2p6.3s2.3p4,3p,3,1,4,1.5,p3,0,33,11.49928244974415,3,10,2,0,0,0,3,0,0,2,8,0,0,2,0,0,0,0,0,0,0,0,0,0,0,0,-1.2,0.9999950965729949,0.0
48,15,1s2.2s2.2p6.3s2.3p3,3p,3,1,3,1.5,p3,0,34,10.730818199117742,2,10,2,0,0,0,2,0,0,2,8,0,0,2,0,0,0,0,0,0,0,0,0,0,0,0,1.2,0.9999950965729949,0.0
48,14,1s2.2s2.2p6.3s2.3p2,3p,3,1,2,0.5,p1,0,35,10.145247180423096,1,10,2,0,0,0,1,0,0,2,8,0,0,2,0,0,0,0,0,0,0,0,0,0,0,0,0.6,0.9999950965729949,0.0
48,13,1s2.2s2.2p6.3s2.3p1,3p,3,1,1,0.5,p1,0,36,9.559774441642945,0,10,2,0,0,0,0,0,0,2,8,0,0,2,0,0,0,0,0,0,0,0,0,0,0,0,0.0,0.9999950965729949,0.0
48,12,1s2.2s2.2p6.3s2,3s,3,0,2,0.5,s,0,37,8.35113401342552,1,8,2,0,0,1,0,0,0,0,8,0,0,2,0,0,0,0,0,0,0,0,0,0,0,0,0.0,0.9999950965729949,0.0
48,11,1s2.2s2.2p6.3s1,3s,3,0,1,0.5,s,0,38,7.7856408855844075,0,8,2,0,0,0,0,0,0,0,8,0,0,2,0,0,0,0,0,0,0,0,0,0,0,0,0.0,0.9999950965729949,0.0
48,10,1s2.2s2.2p6,2p,2,1,6,1.5,p3,0,39,6.545979557232126,5,4,0,0,0,0,5,0,0,2,2,0,0,0,0,0,0,0,0,0,0,0,0,0,0,0,0.0,0.9999950965729949,0.0
48,9,1s2.2s2.2p5,2p,2,1,5,1.5,p3,0,40,5.88972955723213,4,4,0,0,0,0,4,0,0,2,2,0,0,0,0,0,0,0,0,0,0,0,0,0,0,0,-0.6000000000000001,0.9999950965729949,0.0
48,8,1s2.2s2.2p4,2p,2,1,4,1.5,p3,0,41,5.233479557232133,3,4,0,0,0,0,3,0,0,2,2,0,0,0,0,0,0,0,0,0,0,0,0,0,0,0,-1.2,0.9999950965729949,0.0
48,7,1s2.2s2.2p3,2p,2,1,3,1.5,p3,0,42,4.378670782625834,2,4,0,0,0,0,2,0,0,2,2,0,0,0,0,0,0,0,0,0,0,0,0,0,0,0,1.2,0.9999950965729949,0.0
48,6,1s2.2s2.2p2,2p,2,1,2,0.5,p1,0,43,3.7253535771907345,1,4,0,0,0,0,1,0,0,2,2,0,0,0,0,0,0,0,0,0,0,0,0,0,0,0,0.6,0.9999950965729949,0.0
48,5,1s2.2s2.2p1,2p,2,1,1,0.5,p1,0,44,3.0730091792350134,0,4,0,0,0,0,0,0,0,2,2,0,0,0,0,0,0,0,0,0,0,0,0,0,0,0,0.0,0.9999950965729949,0.0
48,4,1s2.2s2,2s,2,0,2,0.5,s,0,45,2.145875983124917,1,2,0,0,0,1,0,0,0,0,2,0,0,0,0,0,0,0,0,0,0,0,0,0,0,0,0.0,0.9999950965729949,4.656852638304605
48,3,1s2.2s1,2s,2,0,1,0.5,s,0,46,1.5912208504801093,0,2,0,0,0,0,0,0,0,0,2,0,0,0,0,0,0,0,0,0,0,0,0,0,0,0,0.0,0.9999950965729949,4.656852638304605
48,2,1s2,1s,1,0,2,0.5,s,0,47,0.625,1,0,0,0,0,1,0,0,0,0,0,0,0,0,0,0,0,0,0,0,0,0,0,0,0,0,0.0,0.9999950965729949,31.208828002145456
48,1,1s1,1s,1,0,1,0.5,s,0,48,0.0,0,0,0,0,0,0,0,0,0,0,0,0,0,0,0,0,0,0,0,0,0,0,0,0,0,0,0.0,0.9999950965729949,31.208828002145456
49,49,1s2.2s2.2p6.3s2.3p6.3d10.4s2.4p6.4d10.5s2.5p1,5p,5,1,1,0.5,p1,0,1,37.80691266428985,0,20,28,0,0,0,0,0,0,2,8,10,0,8,10,0,0,0,0,0,0,0,0,0,10,0,0.0,0.9999952246560558,0.0
49,48,1s2.2s2.2p6.3s2.3p6.3d10.4s2.4p6.4d10.5s2,5s,5,0,2,0.5,s,0,2,36.15472244361083,1,18,28,0,0,1,0,0,0,0,8,10,0,8,10,0,0,0,0,0,0,0,0,0,10,0,0.0,0.9999952246560558,0.0
49,47,1s2.2s2.2p6.3s2.3p6.3d10.4s2.4p6.4d10.5s1,5s,5,0,1,0.5,s,0,3,35.55897354224375,0,18,28,0,0,0,0,0,0,0,8,10,0,8,10,0,0,0,0,0,0,0,0,0,10,0,0.0,0.9999952246560558,0.0
49,46,1s2.2s2.2p6.3s2.3p6.3d10.4s2.4p6.4d10,4d,4,2,10,2.5,d,0,4,35.18427854681272,9,0,0,36,0,0,0,9,0,0,0,0,0,0,0,16,10,0,0,0,0,0,0,0,0,10,0.0,0.9999952246560558,0.0
49,45,1s2.2s2.2p6.3s2.3p6.3d10.4s2.4p6.4d9,4d,4,2,9,2.5,d,0,5,34.56268954011648,8,0,0,36,0,0,0,8,0,0,0,0,0,0,0,16,10,0,0,0,0,0,0,0,0,10,-0.5555555555555554,0.9999952246560558,0.0
49,44,1s2.2s2.2p6.3s2.3p6.3d10.4s2.4p6.4d8,4d,4,2,8,2.5,d,0,6,33.90183225775024,7,0,0,36,0,0,0,7,0,0,0,0,0,0,0,16,10,0,0,0,0,0,0,0,0,10,-1.1111111111111112,0.9999952246560558,0.0
49,43,1s2.2s2.2p6.3s2.3p6.3d10.4s2.4p6.4d7,4d,4,2,7,2.5,d,0,7,33.24097497538423,6,0,0,36,0,0,0,6,0,0,0,0,0,0,0,16,10,0,0,0,0,0,0,0,0,10,-1.6666666666666665,0.9999952246560558,0.0
49,42,1s2.2s2.2p6.3s2.3p6.3d10.4s2.4p6.4d6,4d,4,2,6,2.5,d,0,8,32.619385968687766,5,0,0,36,0,0,0,5,0,0,0,0,0,0,0,16,10,0,0,0,0,0,0,0,0,10,-2.2222222222222223,0.9999952246560558,0.0
49,41,1s2.2s2.2p6.3s2.3p6.3d10.4s2.4p6.4d5,4d,4,2,5,2.5,d,0,9,31.77042966985971,4,0,0,36,0,0,0,4,0,0,0,0,0,0,0,16,10,0,0,0,0,0,0,0,0,10,2.2222222222222223,0.9999952246560558,0.0
49,40,1s2.2s2.2p6.3s2.3p6.3d10.4s2.4p6.4d4,4d,4,2,4,1.5,d,0,10,31.14884066316324,3,0,0,36,0,0,0,3,0,0,0,0,0,0,0,16,10,0,0,0,0,0,0,0,0,10,1.6666666666666667,0.9999952246560558,0.0
49,39,1s2.2s2.2p6.3s2.3p6.3d10.4s2.4p6.4d3,4d,4,2,3,1.5,d,0,11,30.487983380797118,2,0,0,36,0,0,0,2,0,0,0,0,0,0,0,16,10,0,0,0,0,0,0,0,0,10,1.1111111111111112,0.9999952246560558,0.0
49,38,1s2.2s2.2p6.3s2.3p6.3d10.4s2.4p6.4d2,4d,4,2,2,1.5,d,0,12,29.82712609843111,1,0,0,36,0,0,0,1,0,0,0,0,0,0,0,16,10,0,0,0,0,0,0,0,0,10,0.5555555555555556,0.9999952246560558,0.0
49,37,1s2.2s2.2p6.3s2.3p6.3d10.4s2.4p6.4d1,4d,4,2,1,1.5,d,0,13,29.20553709173464,0,0,0,36,0,0,0,0,0,0,0,0,0,0,0,16,10,0,0,0,0,0,0,0,0,10,0.0,0.9999952246560558,0.0
49,36,1s2.2s2.2p6.3s2.3p6.3d10.4s2.4p6,4p,4,1,6,1.5,p3,0,14,26.676544772007787,5,20,10,0,0,0,5,0,0,2,8,10,0,8,0,0,0,0,0,0,0,0,0,0,2,0,0.0,0.9999952246560558,0.0
49,35,1s2.2s2.2p6.3s2.3p6.3d10.4s2.4p5,4p,4,1,5,1.5,p3,0,15,26.117340670445287,4,20,10,0,0,0,4,0,0,2,8,10,0,8,0,0,0,0,0,0,0,0,0,0,2,0,-0.6000000000000001,0.9999952246560558,0.0
49,34,1s2.2s2.2p6.3s2.3p6.3d10.4s2.4p4,4p,4,1,4,1.5,p3,0,16,25.558136568882787,3,20,10,0,0,0,3,0,0,2,8,10,0,8,0,0,0,0,0,0,0,0,0,0,2,0,-1.2,0.9999952246560558,0.0
49,33,1s2.2s2.2p6.3s2.3p6.3d10.4s2.4p3,4p,4,1,3,1.5,p3,0,17,24.807678805211026,2,20,10,0,0,0,2,0,0,2,8,10,0,8,0,0,0,0,0,0,0,0,0,0,2,0,1.2,0.9999952246560558,0.0
49,32,1s2.2s2.2p6.3s2.3p6.3d10.4s2.4p2,4p,4,1,2,0.5,p1,0,18,24.24270156046225,1,20,10,0,0,0,1,0,0,2,8,10,0,8,0,0,0,0,0,0,0,0,0,0,2,0,0.6,0.9999952246560558,0.0
49,31,1s2.2s2.2p6.3s2.3p6.3d10.4s2.4p1,4p,4,1,1,0.5,p1,0,19,23.681451647104154,0,20,10,0,0,0,0,0,0,2,8,10,0,8,0,0,0,0,0,0,0,0,0,0,2,0,0.0,0.9999952246560558,0.0
49,30,1s2.2s2.2p6.3s2.3p6.3d10.4s2,4s,4,0,2,0.5,s,0,20,22.126593730819764,1,18,10,0,0,1,0,0,0,0,8,10,0,8,0,0,0,0,0,0,0,0,0,0,2,0,0.0,0.9999952246560558,0.0
49,29,1s2.2s2.2p6.3s2.3p6.3d10.4s1,4s,4,0,1,0.5,s,0,21,21.554071296483926,0,18,10,0,0,0,0,0,0,0,8,10,0,8,0,0,0,0,0,0,0,0,0,0,2,0,0.0,0.9999952246560558,0.0
49,28,1s2.2s2.2p6.3s2.3p6.3d10,3d,3,2,10,2.5,d,0,22,21.379455336979806,9,0,0,18,0,0,0,9,0,0,0,0,0,0,0,16,0,0,0,0,0,0,0,0,0,2,0.0,0.9999952246560558,0.0
49,27,1s2.2s2.2p6.3s2.3p6.3d9,3d,3,2,9,2.5,d,0,23,20.677223194122995,8,0,0,18,0,0,0,8,0,0,0,0,0,0,0,16,0,0,0,0,0,0,0,0,0,2,-0.5555555555555554,0.9999952246560558,0.0
49,26,1s2.2s2.2p6.3s2.3p6.3d8,3d,3,2,8,2.5,d,0,24,19.92856167011884,7,0,0,18,0,0,0,7,0,0,0,0,0,0,0,16,0,0,0,0,0,0,0,0,0,2,-1.1111111111111112,0.9999952246560558,0.0
49,25,1s2.2s2.2p6.3s2.3p6.3d7,3d,3,2,7,2.5,d,0,25,19.180019458485546,6,0,0,18,0,0,0,6,0,0,0,0,0,0,0,16,0,0,0,0,0,0,0,0,0,2,-1.6666666666666665,0.9999952246560558,0.0
49,24,1s2.2s2.2p6.3s2.3p6.3d6,3d,3,2,6,2.5,d,0,26,18.477999944610033,5,0,0,18,0,0,0,5,0,0,0,0,0,0,0,16,0,0,0,0,0,0,0,0,0,2,-2.2222222222222223,0.9999952246560558,0.0
49,23,1s2.2s2.2p6.3s2.3p6.3d5,3d,3,2,5,2.5,d,0,27,17.516342790782076,4,0,0,18,0,0,0,4,0,0,0,0,0,0,0,16,0,0,0,0,0,0,0,0,0,2,2.2222222222222223,0.9999952246560558,0.0
49,22,1s2.2s2.2p6.3s2.3p6.3d4,3d,3,2,4,1.5,d,0,28,16.81369270190474,3,0,0,18,0,0,0,3,0,0,0,0,0,0,0,16,0,0,0,0,0,0,0,0,0,2,1.6666666666666667,0.9999952246560558,0.0
49,21,1s2.2s2.2p6.3s2.3p6.3d3,3d,3,2,3,1.5,d,0,29,16.06581898178117,2,0,0,18,0,0,0,2,0,0,0,0,0,0,0,16,0,0,0,0,0,0,0,0,0,2,1.1111111111111112,0.9999952246560558,0.0
49,20,1s2.2s2.2p6.3s2.3p6.3d2,3d,3,2,2,1.5,d,0,30,15.318236242385085,1,0,0,18,0,0,0,1,0,0,0,0,0,0,0,16,0,0,0,0,0,0,0,0,0,2,0.5555555555555556,0.9999952246560558,0.0
49,19,1s2.2s2.2p6.3s2.3p6.3d1,3d,3,2,1,1.5,d,0,31,14.615753461451872,0,0,0,18,0,0,0,0,0,0,0,0,0,0,0,16,0,0,0,0,0,0,0,0,0,2,0.0,0.9999952246560558,0.0
49,18,1s2.2s2.2p6.3s2.3p6,3p,3,1,6,1.5,p3,0,32,12.667818264554036,5,10,2,0,0,0,5,0,0,2,8,0,0,2,0,0,0,0,0,0,0,0,0,0,0,0,0.0,0.9999952246560558,0.0
49,17,1s2.2s2.2p6.3s2.3p5,3p,3,1,5,1.5,p3,0,33,12.08347223011717,4,10,2,0,0,0,4,0,0,2,8,0,0,2,0,0,0,0,0,0,0,0,0,0,0,0,-0.6000000000000001,0.9999952246560558,0.0
49,16,1s2.2s2.2p6.3s2.3p4,3p,3,1,4,1.5,p3,0,34,11.49928244974415,3,10,2,0,0,0,3,0,0,2,8,0,0,2,0,0,0,0,0,0,0,0,0,0,0,0,-1.2,0.9999952246560558,0.0
49,15,1s2.2s2.2p6.3s2.3p3,3p,3,1,3,1.5,p3,0,35,10.730818199117742,2,10,2,0,0,0,2,0,0,2,8,0,0,2,0,0,0,0,0,0,0,0,0,0,0,0,1.2,0.9999952246560558,0.0
49,14,1s2.2s2.2p6.3s2.3p2,3p,3,1,2,0.5,p1,0,36,10.145247180423096,1,10,2,0,0,0,1,0,0,2,8,0,0,2,0,0,0,0,0,0,0,0,0,0,0,0,0.6,0.9999952246560558,0.0
49,13,1s2.2s2.2p6.3s2.3p1,3p,3,1,1,0.5,p1,0,37,9.559774441642945,0,10,2,0,0,0,0,0,0,2,8,0,0,2,0,0,0,0,0,0,0,0,0,0,0,0,0.0,0.9999952246560558,0.0
49,12,1s2.2s2.2p6.3s2,3s,3,0,2,0.5,s,0,38,8.35113401342552,1,8,2,0,0,1,0,0,0,0,8,0,0,2,0,0,0,0,0,0,0,0,0,0,0,0,0.0,0.9999952246560558,0.0
49,11,1s2.2s2.2p6.3s1,3s,3,0,1,0.5,s,0,39,7.7856408855844075,0,8,2,0,0,0,0,0,0,0,8,0,0,2,0,0,0,0,0,0,0,0,0,0,0,0,0.0,0.9999952246560558,0.0
49,10,1s2.2s2.2p6,2p,2,1,6,1.5,p3,0,40,6.545979557232126,5,4,0,0,0,0,5,0,0,2,2,0,0,0,0,0,0,0,0,0,0,0,0,0,0,0,0.0,0.9999952246560558,0.0
49,9,1s2.2s2.2p5,2p,2,1,5,1.5,p3,0,41,5.88972955723213,4,4,0,0,0,0,4,0,0,2,2,0,0,0,0,0,0,0,0,0,0,0,0,0,0,0,-0.6000000000000001,0.9999952246560558,0.0
49,8,1s2.2s2.2p4,2p,2,1,4,1.5,p3,0,42,5.233479557232133,3,4,0,0,0,0,3,0,0,2,2,0,0,0,0,0,0,0,0,0,0,0,0,0,0,0,-1.2,0.9999952246560558,0.0
49,7,1s2.2s2.2p3,2p,2,1,3,1.5,p3,0,43,4.378670782625834,2,4,0,0,0,0,2,0,0,2,2,0,0,0,0,0,0,0,0,0,0,0,0,0,0,0,1.2,0.9999952246560558,0.0
49,6,1s2.2s2.2p2,2p,2,1,2,0.5,p1,0,44,3.7253535771907345,1,4,0,0,0,0,1,0,0,2,2,0,0,0,0,0,0,0,0,0,0,0,0,0,0,0,0.6,0.9999952246560558,0.0
49,5,1s2.2s2.2p1,2p,2,1,1,0.5,p1,0,45,3.0730091792350134,0,4,0,0,0,0,0,0,0,2,2,0,0,0,0,0,0,0,0,0,0,0,0,0,0,0,0.0,0.9999952246560558,0.0
49,4,1s2.2s2,2s,2,0,2,0.5,s,0,46,2.145875983124917,1,2,0,0,0,1,0,0,0,0,2,0,0,0,0,0,0,0,0,0,0,0,0,0,0,0,0.0,0.9999952246560558,5.015855510049389
49,3,1s2.2s1,2s,2,0,1,0.5,s,0,47,1.5912208504801093,0,2,0,0,0,0,0,0,0,0,2,0,0,0,0,0,0,0,0,0,0,0,0,0,0,0,0.0,0.9999952246560558,5.015855510049389
49,2,1s2,1s,1,0,2,0.5,s,0,48,0.625,1,0,0,0,0,1,0,0,0,0,0,0,0,0,0,0,0,0,0,0,0,0,0,0,0,0,0.0,0.9999952246560558,33.4819173164217
49,1,1s1,1s,1,0,1,0.5,s,0,49,0.0,0,0,0,0,0,0,0,0,0,0,0,0,0,0,0,0,0,0,0,0,0,0,0,0,0,0,0.0,0.9999952246560558,33.4819173164217
50,50,1s2.2s2.2p6.3s2.3p6.3d10.4s2.4p6.4d10.5s2.5p2,5p,5,1,2,0.5,p1,0,1,38.355984929914975,1,20,28,0,0,0,1,0,0,2,8,10,0,8,10,0,0,0,0,0,0,0,0,0,10,0,0.6,0.9999954237388968,0.0
50,49,1s2.2s2.2p6.3s2.3p6.3d10.4s2.4p6.4d10.5s2.5p1,5p,5,1,1,0.5,p1,0,2,37.80691266428985,0,20,28,0,0,0,0,0,0,2,8,10,0,8,10,0,0,0,0,0,0,0,0,0,10,0,0.0,0.9999954237388968,0.0
50,48,1s2.2s2.2p6.3s2.3p6.3d10.4s2.4p6.4d10.5s2,5s,5,0,2,0.5,s,0,3,36.15472244361083,1,18,28,0,0,1,0,0,0,0,8,10,0,8,10,0,0,0,0,0,0,0,0,0,10,0,0.0,0.9999954237388968,0.0
50,47,1s2.2s2.2p6.3s2.3p6.3d10.4s2.4p6.4d10.5s1,5s,5,0,1,0.5,s,0,4,35.55897354224375,0,18,28,0,0,0,0,0,0,0,8,10,0,8,10,0,0,0,0,0,0,0,0,0,10,0,0.0,0.9999954237388968,0.0
50,46,1s2.2s2.2p6.3s2.3p6.3d10.4s2.4p6.4d10,4d,4,2,10,2.5,d,0,5,35.18427854681272,9,0,0,36,0,0,0,9,0,0,0,0,0,0,0,16,10,0,0,0,0,0,0,0,0,10,0.0,0.9999954237388968,0.0
50,45,1s2.2s2.2p6.3s2.3p6.3d10.4s2.4p6.4d9,4d,4,2,9,2.5,d,0,6,34.56268954011648,8,0,0,36,0,0,0,8,0,0,0,0,0,0,0,16,10,0,0,0,0,0,0,0,0,10,-0.5555555555555554,0.9999954237388968,0.0
50,44,1s2.2s2.2p6.3s2.3p6.3d10.4s2.4p6.4d8,4d,4,2,8,2.5,d,0,7,33.90183225775024,7,0,0,36,0,0,0,7,0,0,0,0,0,0,0,16,10,0,0,0,0,0,0,0,0,10,-1.1111111111111112,0.9999954237388968,0.0
50,43,1s2.2s2.2p6.3s2.3p6.3d10.4s2.4p6.4d7,4d,4,2,7,2.5,d,0,8,33.24097497538423,6,0,0,36,0,0,0,6,0,0,0,0,0,0,0,16,10,0,0,0,0,0,0,0,0,10,-1.6666666666666665,0.9999954237388968,0.0
50,42,1s2.2s2.2p6.3s2.3p6.3d10.4s2.4p6.4d6,4d,4,2,6,2.5,d,0,9,32.619385968687766,5,0,0,36,0,0,0,5,0,0,0,0,0,0,0,16,10,0,0,0,0,0,0,0,0,10,-2.2222222222222223,0.9999954237388968,0.0
50,41,1s2.2s2.2p6.3s2.3p6.3d10.4s2.4p6.4d5,4d,4,2,5,2.5,d,0,10,31.77042966985971,4,0,0,36,0,0,0,4,0,0,0,0,0,0,0,16,10,0,0,0,0,0,0,0,0,10,2.2222222222222223,0.9999954237388968,0.0
50,40,1s2.2s2.2p6.3s2.3p6.3d10.4s2.4p6.4d4,4d,4,2,4,1.5,d,0,11,31.14884066316324,3,0,0,36,0,0,0,3,0,0,0,0,0,0,0,16,10,0,0,0,0,0,0,0,0,10,1.6666666666666667,0.9999954237388968,0.0
50,39,1s2.2s2.2p6.3s2.3p6.3d10.4s2.4p6.4d3,4d,4,2,3,1.5,d,0,12,30.487983380797118,2,0,0,36,0,0,0,2,0,0,0,0,0,0,0,16,10,0,0,0,0,0,0,0,0,10,1.1111111111111112,0.9999954237388968,0.0
50,38,1s2.2s2.2p6.3s2.3p6.3d10.4s2.4p6.4d2,4d,4,2,2,1.5,d,0,13,29.82712609843111,1,0,0,36,0,0,0,1,0,0,0,0,0,0,0,16,10,0,0,0,0,0,0,0,0,10,0.5555555555555556,0.9999954237388968,0.0
50,37,1s2.2s2.2p6.3s2.3p6.3d10.4s2.4p6.4d1,4d,4,2,1,1.5,d,0,14,29.20553709173464,0,0,0,36,0,0,0,0,0,0,0,0,0,0,0,16,10,0,0,0,0,0,0,0,0,10,0.0,0.9999954237388968,0.0
50,36,1s2.2s2.2p6.3s2.3p6.3d10.4s2.4p6,4p,4,1,6,1.5,p3,0,15,26.676544772007787,5,20,10,0,0,0,5,0,0,2,8,10,0,8,0,0,0,0,0,0,0,0,0,0,2,0,0.0,0.9999954237388968,0.0
50,35,1s2.2s2.2p6.3s2.3p6.3d10.4s2.4p5,4p,4,1,5,1.5,p3,0,16,26.117340670445287,4,20,10,0,0,0,4,0,0,2,8,10,0,8,0,0,0,0,0,0,0,0,0,0,2,0,-0.6000000000000001,0.9999954237388968,0.0
50,34,1s2.2s2.2p6.3s2.3p6.3d10.4s2.4p4,4p,4,1,4,1.5,p3,0,17,25.558136568882787,3,20,10,0,0,0,3,0,0,2,8,10,0,8,0,0,0,0,0,0,0,0,0,0,2,0,-1.2,0.9999954237388968,0.0
50,33,1s2.2s2.2p6.3s2.3p6.3d10.4s2.4p3,4p,4,1,3,1.5,p3,0,18,24.807678805211026,2,20,10,0,0,0,2,0,0,2,8,10,0,8,0,0,0,0,0,0,0,0,0,0,2,0,1.2,0.9999954237388968,0.0
50,32,1s2.2s2.2p6.3s2.3p6.3d10.4s2.4p2,4p,4,1,2,0.5,p1,0,19,24.24270156046225,1,20,10,0,0,0,1,0,0,2,8,10,0,8,0,0,0,0,0,0,0,0,0,0,2,0,0.6,0.9999954237388968,0.0
50,31,1s2.2s2.2p6.3s2.3p6.3d10.4s2.4p1,4p,4,1,1,0.5,p1,0,20,23.681451647104154,0,20,10,0,0,0,0,0,0,2,8,10,0,8,0,0,0,0,0,0,0,0,0,0,2,0,0.0,0.9999954237388968,0.0
50,30,1s2.2s2.2p6.3s2.3p6.3d10.4s2,4s,4,0,2,0.5,s,0,21,22.126593730819764,1,18,10,0,0,1,0,0,0,0,8,10,0,8,0,0,0,0,0,0,0,0,0,0,2,0,0.0,0.9999954237388968,0.0
50,29,1s2.2s2.2p6.3s2.3p6.3d10.4s1,4s,4,0,1,0.5,s,0,22,21.554071296483926,0,18,10,0,0,0,0,0,0,0,8,10,0,8,0,0,0,0,0,0,0,0,0,0,2,0,0.0,0.9999954237388968,0.0
50,28,1s2.2s2.2p6.3s2.3p6.3d10,3d,3,2,10,2.5,d,0,23,21.379455336979806,9,0,0,18,0,0,0,9,0,0,0,0,0,0,0,16,0,0,0,0,0,0,0,0,0,2,0.0,0.9999954237388968,0.0
50,27,1s2.2s2.2p6.3s2.3p6.3d9,3d,3,2,9,2.5,d,0,24,20.677223194122995,8,0,0,18,0,0,0,8,0,0,0,0,0,0,0,16,0,0,0,0,0,0,0,0,0,2,-0.5555555555555554,0.9999954237388968,0.0
50,26,1s2.2s2.2p6.3s2.3p6.3d8,3d,3,2,8,2.5,d,0,25,19.92856167011884,7,0,0,18,0,0,0,7,0,0,0,0,0,0,0,16,0,0,0,0,0,0,0,0,0,2,-1.1111111111111112,0.9999954237388968,0.0
50,25,1s2.2s2.2p6.3s2.3p6.3d7,3d,3,2,7,2.5,d,0,26,19.180019458485546,6,0,0,18,0,0,0,6,0,0,0,0,0,0,0,16,0,0,0,0,0,0,0,0,0,2,-1.6666666666666665,0.9999954237388968,0.0
50,24,1s2.2s2.2p6.3s2.3p6.3d6,3d,3,2,6,2.5,d,0,27,18.477999944610033,5,0,0,18,0,0,0,5,0,0,0,0,0,0,0,16,0,0,0,0,0,0,0,0,0,2,-2.2222222222222223,0.9999954237388968,0.0
50,23,1s2.2s2.2p6.3s2.3p6.3d5,3d,3,2,5,2.5,d,0,28,17.516342790782076,4,0,0,18,0,0,0,4,0,0,0,0,0,0,0,16,0,0,0,0,0,0,0,0,0,2,2.2222222222222223,0.9999954237388968,0.0
50,22,1s2.2s2.2p6.3s2.3p6.3d4,3d,3,2,4,1.5,d,0,29,16.81369270190474,3,0,0,18,0,0,0,3,0,0,0,0,0,0,0,16,0,0,0,0,0,0,0,0,0,2,1.6666666666666667,0.9999954237388968,0.0
50,21,1s2.2s2.2p6.3s2.3p6.3d3,3d,3,2,3,1.5,d,0,30,16.06581898178117,2,0,0,18,0,0,0,2,0,0,0,0,0,0,0,16,0,0,0,0,0,0,0,0,0,2,1.1111111111111112,0.9999954237388968,0.0
50,20,1s2.2s2.2p6.3s2.3p6.3d2,3d,3,2,2,1.5,d,0,31,15.318236242385085,1,0,0,18,0,0,0,1,0,0,0,0,0,0,0,16,0,0,0,0,0,0,0,0,0,2,0.5555555555555556,0.9999954237388968,0.0
50,19,1s2.2s2.2p6.3s2.3p6.3d1,3d,3,2,1,1.5,d,0,32,14.615753461451872,0,0,0,18,0,0,0,0,0,0,0,0,0,0,0,16,0,0,0,0,0,0,0,0,0,2,0.0,0.9999954237388968,0.0
50,18,1s2.2s2.2p6.3s2.3p6,3p,3,1,6,1.5,p3,0,33,12.667818264554036,5,10,2,0,0,0,5,0,0,2,8,0,0,2,0,0,0,0,0,0,0,0,0,0,0,0,0.0,0.9999954237388968,0.0
50,17,1s2.2s2.2p6.3s2.3p5,3p,3,1,5,1.5,p3,0,34,12.08347223011717,4,10,2,0,0,0,4,0,0,2,8,0,0,2,0,0,0,0,0,0,0,0,0,0,0,0,-0.6000000000000001,0.9999954237388968,0.0
50,16,1s2.2s2.2p6.3s2.3p4,3p,3,1,4,1.5,p3,0,35,11.49928244974415,3,10,2,0,0,0,3,0,0,2,8,0,0,2,0,0,0,0,0,0,0,0,0,0,0,0,-1.2,0.9999954237388968,0.0
50,15,1s2.2s2.2p6.3s2.3p3,3p,3,1,3,1.5,p3,0,36,10.730818199117742,2,10,2,0,0,0,2,0,0,2,8,0,0,2,0,0,0,0,0,0,0,0,0,0,0,0,1.2,0.9999954237388968,0.0
50,14,1s2.2s2.2p6.3s2.3p2,3p,3,1,2,0.5,p1,0,37,10.145247180423096,1,10,2,0,0,0,1,0,0,2,8,0,0,2,0,0,0,0,0,0,0,0,0,0,0,0,0.6,0.9999954237388968,0.0
50,13,1s2.2s2.2p6.3s2.3p1,3p,3,1,1,0.5,p1,0,38,9.559774441642945,0,10,2,0,0,0,0,0,0,2,8,0,0,2,0,0,0,0,0,0,0,0,0,0,0,0,0.0,0.9999954237388968,0.0
50,12,1s2.2s2.2p6.3s2,3s,3,0,2,0.5,s,0,39,8.35113401342552,1,8,2,0,0,1,0,0,0,0,8,0,0,2,0,0,0,0,0,0,0,0,0,0,0,0,0.0,0.9999954237388968,0.0
50,11,1s2.2s2.2p6.3s1,3s,3,0,1,0.5,s,0,40,7.7856408855844075,0,8,2,0,0,0,0,0,0,0,8,0,0,2,0,0,0,0,0,0,0,0,0,0,0,0,0.0,0.9999954237388968,0.0
50,10,1s2.2s2.2p6,2p,2,1,6,1.5,p3,0,41,6.545979557232126,5,4,0,0,0,0,5,0,0,2,2,0,0,0,0,0,0,0,0,0,0,0,0,0,0,0,0.0,0.9999954237388968,0.0
50,9,1s2.2s2.2p5,2p,2,1,5,1.5,p3,0,42,5.88972955723213,4,4,0,0,0,0,4,0,0,2,2,0,0,0,0,0,0,0,0,0,0,0,0,0,0,0,-0.6000000000000001,0.9999954237388968,0.0
50,8,1s2.2s2.2p4,2p,2,1,4,1.5,p3,0,43,5.233479557232133,3,4,0,0,0,0,3,0,0,2,2,0,0,0,0,0,0,0,0,0,0,0,0,0,0,0,-1.2,0.9999954237388968,0.0
50,7,1s2.2s2.2p3,2p,2,1,3,1.5,p3,0,44,4.378670782625834,2,4,0,0,0,0,2,0,0,2,2,0,0,0,0,0,0,0,0,0,0,0,0,0,0,0,1.2,0.9999954237388968,0.0
50,6,1s2.2s2.2p2,2p,2,1,2,0.5,p1,0,45,3.7253535771907345,1,4,0,0,0,0,1,0,0,2,2,0,0,0,0,0,0,0,0,0,0,0,0,0,0,0,0.6,0.9999954237388968,0.0
50,5,1s2.2s2.2p1,2p,2,1,1,0.5,p1,0,46,3.0730091792350134,0,4,0,0,0,0,0,0,0,2,2,0,0,0,0,0,0,0,0,0,0,0,0,0,0,0,0.0,0.9999954237388968,0.0
50,4,1s2.2s2,2s,2,0,2,0.5,s,0,47,2.145875983124917,1,2,0,0,0,1,0,0,0,0,2,0,0,0,0,0,0,0,0,0,0,0,0,0,0,0,0.0,0.9999954237388968,5.397863955049858
50,3,1s2.2s1,2s,2,0,1,0.5,s,0,48,1.5912208504801093,0,2,0,0,0,0,0,0,0,0,2,0,0,0,0,0,0,0,0,0,0,0,0,0,0,0,0.0,0.9999954237388968,5.397863955049858
50,2,1s2,1s,1,0,2,0.5,s,0,49,0.625,1,0,0,0,0,1,0,0,0,0,0,0,0,0,0,0,0,0,0,0,0,0,0,0,0,0,0.0,0.9999954237388968,35.88881002385118
50,1,1s1,1s,1,0,1,0.5,s,0,50,0.0,0,0,0,0,0,0,0,0,0,0,0,0,0,0,0,0,0,0,0,0,0,0,0,0,0,0,0.0,0.9999954237388968,35.88881002385118
51,51,1s2.2s2.2p6.3s2.3p6.3d10.4s2.4p6.4d10.5s2.5p3,5p,5,1,3,1.5,p3,0,1,38.9050571955401,2,20,28,0,0,0,2,0,0,2,8,10,0,8,10,0,0,0,0,0,0,0,0,0,10,0,1.2,0.9999954616417964,0.0
51,50,1s2.2s2.2p6.3s2.3p6.3d10.4s2.4p6.4d10.5s2.5p2,5p,5,1,2,0.5,p1,0,2,38.355984929914975,1,20,28,0,0,0,1,0,0,2,8,10,0,8,10,0,0,0,0,0,0,0,0,0,10,0,0.6,0.9999954616417964,0.0
51,49,1s2.2s2.2p6.3s2.3p6.3d10.4s2.4p6.4d10.5s2.5p1,5p,5,1,1,0.5,p1,0,3,37.80691266428985,0,20,28,0,0,0,0,0,0,2,8,10,0,8,10,0,0,0,0,0,0,0,0,0,10,0,0.0,0.9999954616417964,0.0
51,48,1s2.2s2.2p6.3s2.3p6.3d10.4s2.4p6.4d10.5s2,5s,5,0,2,0.5,s,0,4,36.15472244361083,1,18,28,0,0,1,0,0,0,0,8,10,0,8,10,0,0,0,0,0,0,0,0,0,10,0,0.0,0.9999954616417964,0.0
51,47,1s2.2s2.2p6.3s2.3p6.3d10.4s2.4p6.4d10.5s1,5s,5,0,1,0.5,s,0,5,35.55897354224375,0,18,28,0,0,0,0,0,0,0,8,10,0,8,10,0,0,0,0,0,0,0,0,0,10,0,0.0,0.9999954616417964,0.0
51,46,1s2.2s2.2p6.3s2.3p6.3d10.4s2.4p6.4d10,4d,4,2,10,2.5,d,0,6,35.18427854681272,9,0,0,36,0,0,0,9,0,0,0,0,0,0,0,16,10,0,0,0,0,0,0,0,0,10,0.0,0.9999954616417964,0.0
51,45,1s2.2s2.2p6.3s2.3p6.3d10.4s2.4p6.4d9,4d,4,2,9,2.5,d,0,7,34.56268954011648,8,0,0,36,0,0,0,8,0,0,0,0,0,0,0,16,10,0,0,0,0,0,0,0,0,10,-0.5555555555555554,0.9999954616417964,0.0
51,44,1s2.2s2.2p6.3s2.3p6.3d10.4s2.4p6.4d8,4d,4,2,8,2.5,d,0,8,33.90183225775024,7,0,0,36,0,0,0,7,0,0,0,0,0,0,0,16,10,0,0,0,0,0,0,0,0,10,-1.1111111111111112,0.9999954616417964,0.0
51,43,1s2.2s2.2p6.3s2.3p6.3d10.4s2.4p6.4d7,4d,4,2,7,2.5,d,0,9,33.24097497538423,6,0,0,36,0,0,0,6,0,0,0,0,0,0,0,16,10,0,0,0,0,0,0,0,0,10,-1.6666666666666665,0.9999954616417964,0.0
51,42,1s2.2s2.2p6.3s2.3p6.3d10.4s2.4p6.4d6,4d,4,2,6,2.5,d,0,10,32.619385968687766,5,0,0,36,0,0,0,5,0,0,0,0,0,0,0,16,10,0,0,0,0,0,0,0,0,10,-2.2222222222222223,0.9999954616417964,0.0
51,41,1s2.2s2.2p6.3s2.3p6.3d10.4s2.4p6.4d5,4d,4,2,5,2.5,d,0,11,31.77042966985971,4,0,0,36,0,0,0,4,0,0,0,0,0,0,0,16,10,0,0,0,0,0,0,0,0,10,2.2222222222222223,0.9999954616417964,0.0
51,40,1s2.2s2.2p6.3s2.3p6.3d10.4s2.4p6.4d4,4d,4,2,4,1.5,d,0,12,31.14884066316324,3,0,0,36,0,0,0,3,0,0,0,0,0,0,0,16,10,0,0,0,0,0,0,0,0,10,1.6666666666666667,0.9999954616417964,0.0
51,39,1s2.2s2.2p6.3s2.3p6.3d10.4s2.4p6.4d3,4d,4,2,3,1.5,d,0,13,30.487983380797118,2,0,0,36,0,0,0,2,0,0,0,0,0,0,0,16,10,0,0,0,0,0,0,0,0,10,1.1111111111111112,0.9999954616417964,0.0
51,38,1s2.2s2.2p6.3s2.3p6.3d10.4s2.4p6.4d2,4d,4,2,2,1.5,d,0,14,29.82712609843111,1,0,0,36,0,0,0,1,0,0,0,0,0,0,0,16,10,0,0,0,0,0,0,0,0,10,0.5555555555555556,0.9999954616417964,0.0
51,37,1s2.2s2.2p6.3s2.3p6.3d10.4s2.4p6.4d1,4d,4,2,1,1.5,d,0,15,29.20553709173464,0,0,0,36,0,0,0,0,0,0,0,0,0,0,0,16,10,0,0,0,0,0,0,0,0,10,0.0,0.9999954616417964,0.0
51,36,1s2.2s2.2p6.3s2.3p6.3d10.4s2.4p6,4p,4,1,6,1.5,p3,0,16,26.676544772007787,5,20,10,0,0,0,5,0,0,2,8,10,0,8,0,0,0,0,0,0,0,0,0,0,2,0,0.0,0.9999954616417964,0.0
51,35,1s2.2s2.2p6.3s2.3p6.3d10.4s2.4p5,4p,4,1,5,1.5,p3,0,17,26.117340670445287,4,20,10,0,0,0,4,0,0,2,8,10,0,8,0,0,0,0,0,0,0,0,0,0,2,0,-0.6000000000000001,0.9999954616417964,0.0
51,34,1s2.2s2.2p6.3s2.3p6.3d10.4s2.4p4,4p,4,1,4,1.5,p3,0,18,25.558136568882787,3,20,10,0,0,0,3,0,0,2,8,10,0,8,0,0,0,0,0,0,0,0,0,0,2,0,-1.2,0.9999954616417964,0.0
51,33,1s2.2s2.2p6.3s2.3p6.3d10.4s2.4p3,4p,4,1,3,1.5,p3,0,19,24.807678805211026,2,20,10,0,0,0,2,0,0,2,8,10,0,8,0,0,0,0,0,0,0,0,0,0,2,0,1.2,0.9999954616417964,0.0
51,32,1s2.2s2.2p6.3s2.3p6.3d10.4s2.4p2,4p,4,1,2,0.5,p1,0,20,24.24270156046225,1,20,10,0,0,0,1,0,0,2,8,10,0,8,0,0,0,0,0,0,0,0,0,0,2,0,0.6,0.9999954616417964,0.0
51,31,1s2.2s2.2p6.3s2.3p6.3d10.4s2.4p1,4p,4,1,1,0.5,p1,0,21,23.681451647104154,0,20,10,0,0,0,0,0,0,2,8,10,0,8,0,0,0,0,0,0,0,0,0,0,2,0,0.0,0.9999954616417964,0.0
51,30,1s2.2s2.2p6.3s2.3p6.3d10.4s2,4s,4,0,2,0.5,s,0,22,22.126593730819764,1,18,10,0,0,1,0,0,0,0,8,10,0,8,0,0,0,0,0,0,0,0,0,0,2,0,0.0,0.9999954616417964,0.0
51,29,1s2.2s2.2p6.3s2.3p6.3d10.4s1,4s,4,0,1,0.5,s,0,23,21.554071296483926,0,18,10,0,0,0,0,0,0,0,8,10,0,8,0,0,0,0,0,0,0,0,0,0,2,0,0.0,0.9999954616417964,0.0
51,28,1s2.2s2.2p6.3s2.3p6.3d10,3d,3,2,10,2.5,d,0,24,21.379455336979806,9,0,0,18,0,0,0,9,0,0,0,0,0,0,0,16,0,0,0,0,0,0,0,0,0,2,0.0,0.9999954616417964,0.0
51,27,1s2.2s2.2p6.3s2.3p6.3d9,3d,3,2,9,2.5,d,0,25,20.677223194122995,8,0,0,18,0,0,0,8,0,0,0,0,0,0,0,16,0,0,0,0,0,0,0,0,0,2,-0.5555555555555554,0.9999954616417964,0.0
51,26,1s2.2s2.2p6.3s2.3p6.3d8,3d,3,2,8,2.5,d,0,26,19.92856167011884,7,0,0,18,0,0,0,7,0,0,0,0,0,0,0,16,0,0,0,0,0,0,0,0,0,2,-1.1111111111111112,0.9999954616417964,0.0
51,25,1s2.2s2.2p6.3s2.3p6.3d7,3d,3,2,7,2.5,d,0,27,19.180019458485546,6,0,0,18,0,0,0,6,0,0,0,0,0,0,0,16,0,0,0,0,0,0,0,0,0,2,-1.6666666666666665,0.9999954616417964,0.0
51,24,1s2.2s2.2p6.3s2.3p6.3d6,3d,3,2,6,2.5,d,0,28,18.477999944610033,5,0,0,18,0,0,0,5,0,0,0,0,0,0,0,16,0,0,0,0,0,0,0,0,0,2,-2.2222222222222223,0.9999954616417964,0.0
51,23,1s2.2s2.2p6.3s2.3p6.3d5,3d,3,2,5,2.5,d,0,29,17.516342790782076,4,0,0,18,0,0,0,4,0,0,0,0,0,0,0,16,0,0,0,0,0,0,0,0,0,2,2.2222222222222223,0.9999954616417964,0.0
51,22,1s2.2s2.2p6.3s2.3p6.3d4,3d,3,2,4,1.5,d,0,30,16.81369270190474,3,0,0,18,0,0,0,3,0,0,0,0,0,0,0,16,0,0,0,0,0,0,0,0,0,2,1.6666666666666667,0.9999954616417964,0.0
51,21,1s2.2s2.2p6.3s2.3p6.3d3,3d,3,2,3,1.5,d,0,31,16.06581898178117,2,0,0,18,0,0,0,2,0,0,0,0,0,0,0,16,0,0,0,0,0,0,0,0,0,2,1.1111111111111112,0.9999954616417964,0.0
51,20,1s2.2s2.2p6.3s2.3p6.3d2,3d,3,2,2,1.5,d,0,32,15.318236242385085,1,0,0,18,0,0,0,1,0,0,0,0,0,0,0,16,0,0,0,0,0,0,0,0,0,2,0.5555555555555556,0.9999954616417964,0.0
51,19,1s2.2s2.2p6.3s2.3p6.3d1,3d,3,2,1,1.5,d,0,33,14.615753461451872,0,0,0,18,0,0,0,0,0,0,0,0,0,0,0,16,0,0,0,0,0,0,0,0,0,2,0.0,0.9999954616417964,0.0
51,18,1s2.2s2.2p6.3s2.3p6,3p,3,1,6,1.5,p3,0,34,12.667818264554036,5,10,2,0,0,0,5,0,0,2,8,0,0,2,0,0,0,0,0,0,0,0,0,0,0,0,0.0,0.9999954616417964,0.0
51,17,1s2.2s2.2p6.3s2.3p5,3p,3,1,5,1.5,p3,0,35,12.08347223011717,4,10,2,0,0,0,4,0,0,2,8,0,0,2,0,0,0,0,0,0,0,0,0,0,0,0,-0.6000000000000001,0.9999954616417964,0.0
51,16,1s2.2s2.2p6.3s2.3p4,3p,3,1,4,1.5,p3,0,36,11.49928244974415,3,10,2,0,0,0,3,0,0,2,8,0,0,2,0,0,0,0,0,0,0,0,0,0,0,0,-1.2,0.9999954616417964,0.0
51,15,1s2.2s2.2p6.3s2.3p3,3p,3,1,3,1.5,p3,0,37,10.730818199117742,2,10,2,0,0,0,2,0,0,2,8,0,0,2,0,0,0,0,0,0,0,0,0,0,0,0,1.2,0.9999954616417964,0.0
51,14,1s2.2s2.2p6.3s2.3p2,3p,3,1,2,0.5,p1,0,38,10.145247180423096,1,10,2,0,0,0,1,0,0,2,8,0,0,2,0,0,0,0,0,0,0,0,0,0,0,0,0.6,0.9999954616417964,0.0
51,13,1s2.2s2.2p6.3s2.3p1,3p,3,1,1,0.5,p1,0,39,9.559774441642945,0,10,2,0,0,0,0,0,0,2,8,0,0,2,0,0,0,0,0,0,0,0,0,0,0,0,0.0,0.9999954616417964,0.0
51,12,1s2.2s2.2p6.3s2,3s,3,0,2,0.5,s,0,40,8.35113401342552,1,8,2,0,0,1,0,0,0,0,8,0,0,2,0,0,0,0,0,0,0,0,0,0,0,0,0.0,0.9999954616417964,0.0
51,11,1s2.2s2.2p6.3s1,3s,3,0,1,0.5,s,0,41,7.7856408855844075,0,8,2,0,0,0,0,0,0,0,8,0,0,2,0,0,0,0,0,0,0,0,0,0,0,0,0.0,0.9999954616417964,0.0
51,10,1s2.2s2.2p6,2p,2,1,6,1.5,p3,0,42,6.545979557232126,5,4,0,0,0,0,5,0,0,2,2,0,0,0,0,0,0,0,0,0,0,0,0,0,0,0,0.0,0.9999954616417964,0.0
51,9,1s2.2s2.2p5,2p,2,1,5,1.5,p3,0,43,5.88972955723213,4,4,0,0,0,0,4,0,0,2,2,0,0,0,0,0,0,0,0,0,0,0,0,0,0,0,-0.6000000000000001,0.9999954616417964,0.0
51,8,1s2.2s2.2p4,2p,2,1,4,1.5,p3,0,44,5.233479557232133,3,4,0,0,0,0,3,0,0,2,2,0,0,0,0,0,0,0,0,0,0,0,0,0,0,0,-1.2,0.9999954616417964,0.0
51,7,1s2.2s2.2p3,2p,2,1,3,1.5,p3,0,45,4.378670782625834,2,4,0,0,0,0,2,0,0,2,2,0,0,0,0,0,0,0,0,0,0,0,0,0,0,0,1.2,0.9999954616417964,0.0
51,6,1s2.2s2.2p2,2p,2,1,2,0.5,p1,0,46,3.7253535771907345,1,4,0,0,0,0,1,0,0,2,2,0,0,0,0,0,0,0,0,0,0,0,0,0,0,0,0.6,0.9999954616417964,0.0
51,5,1s2.2s2.2p1,2p,2,1,1,0.5,p1,0,47,3.0730091792350134,0,4,0,0,0,0,0,0,0,2,2,0,0,0,0,0,0,0,0,0,0,0,0,0,0,0,0.0,0.9999954616417964,0.0
51,4,1s2.2s2,2s,2,0,2,0.5,s,0,48,2.145875983124917,1,2,0,0,0,1,0,0,0,0,2,0,0,0,0,0,0,0,0,0,0,0,0,0,0,0,0.0,0.9999954616417964,5.801720554258487
51,3,1s2.2s1,2s,2,0,1,0.5,s,0,49,1.5912208504801093,0,2,0,0,0,0,0,0,0,0,2,0,0,0,0,0,0,0,0,0,0,0,0,0,0,0,0.0,0.9999954616417964,5.801720554258487
51,2,1s2,1s,1,0,2,0.5,s,0,50,0.625,1,0,0,0,0,1,0,0,0,0,0,0,0,0,0,0,0,0,0,0,0,0,0,0,0,0,0.0,0.9999954616417964,38.418864537307584
51,1,1s1,1s,1,0,1,0.5,s,0,51,0.0,0,0,0,0,0,0,0,0,0,0,0,0,0,0,0,0,0,0,0,0,0,0,0,0,0,0,0.0,0.9999954616417964,38.418864537307584
52,52,1s2.2s2.2p6.3s2.3p6.3d10.4s2.4p6.4d10.5s2.5p4,5p,5,1,4,1.5,p3,0,1,39.644376043196026,3,20,28,0,0,0,3,0,0,2,8,10,0,8,10,0,0,0,0,0,0,0,0,0,10,0,-1.2,0.9999957761886861,0.0
52,51,1s2.2s2.2p6.3s2.3p6.3d10.4s2.4p6.4d10.5s2.5p3,5p,5,1,3,1.5,p3,0,2,38.9050571955401,2,20,28,0,0,0,2,0,0,2,8,10,0,8,10,0,0,0,0,0,0,0,0,0,10,0,1.2,0.9999957761886861,0.0
52,50,1s2.2s2.2p6.3s2.3p6.3d10.4s2.4p6.4d10.5s2.5p2,5p,5,1,2,0.5,p1,0,3,38.355984929914975,1,20,28,0,0,0,1,0,0,2,8,10,0,8,10,0,0,0,0,0,0,0,0,0,10,0,0.6,0.9999957761886861,0.0
52,49,1s2.2s2.2p6.3s2.3p6.3d10.4s2.4p6.4d10.5s2.5p1,5p,5,1,1,0.5,p1,0,4,37.80691266428985,0,20,28,0,0,0,0,0,0,2,8,10,0,8,10,0,0,0,0,0,0,0,0,0,10,0,0.0,0.9999957761886861,0.0
52,48,1s2.2s2.2p6.3s2.3p6.3d10.4s2.4p6.4d10.5s2,5s,5,0,2,0.5,s,0,5,36.15472244361083,1,18,28,0,0,1,0,0,0,0,8,10,0,8,10,0,0,0,0,0,0,0,0,0,10,0,0.0,0.9999957761886861,0.0
52,47,1s2.2s2.2p6.3s2.3p6.3d10.4s2.4p6.4d10.5s1,5s,5,0,1,0.5,s,0,6,35.55897354224375,0,18,28,0,0,0,0,0,0,0,8,10,0,8,10,0,0,0,0,0,0,0,0,0,10,0,0.0,0.9999957761886861,0.0
52,46,1s2.2s2.2p6.3s2.3p6.3d10.4s2.4p6.4d10,4d,4,2,10,2.5,d,0,7,35.18427854681272,9,0,0,36,0,0,0,9,0,0,0,0,0,0,0,16,10,0,0,0,0,0,0,0,0,10,0.0,0.9999957761886861,0.0
52,45,1s2.2s2.2p6.3s2.3p6.3d10.4s2.4p6.4d9,4d,4,2,9,2.5,d,0,8,34.56268954011648,8,0,0,36,0,0,0,8,0,0,0,0,0,0,0,16,10,0,0,0,0,0,0,0,0,10,-0.5555555555555554,0.9999957761886861,0.0
52,44,1s2.2s2.2p6.3s2.3p6.3d10.4s2.4p6.4d8,4d,4,2,8,2.5,d,0,9,33.90183225775024,7,0,0,36,0,0,0,7,0,0,0,0,0,0,0,16,10,0,0,0,0,0,0,0,0,10,-1.1111111111111112,0.9999957761886861,0.0
52,43,1s2.2s2.2p6.3s2.3p6.3d10.4s2.4p6.4d7,4d,4,2,7,2.5,d,0,10,33.24097497538423,6,0,0,36,0,0,0,6,0,0,0,0,0,0,0,16,10,0,0,0,0,0,0,0,0,10,-1.6666666666666665,0.9999957761886861,0.0
52,42,1s2.2s2.2p6.3s2.3p6.3d10.4s2.4p6.4d6,4d,4,2,6,2.5,d,0,11,32.619385968687766,5,0,0,36,0,0,0,5,0,0,0,0,0,0,0,16,10,0,0,0,0,0,0,0,0,10,-2.2222222222222223,0.9999957761886861,0.0
52,41,1s2.2s2.2p6.3s2.3p6.3d10.4s2.4p6.4d5,4d,4,2,5,2.5,d,0,12,31.77042966985971,4,0,0,36,0,0,0,4,0,0,0,0,0,0,0,16,10,0,0,0,0,0,0,0,0,10,2.2222222222222223,0.9999957761886861,0.0
52,40,1s2.2s2.2p6.3s2.3p6.3d10.4s2.4p6.4d4,4d,4,2,4,1.5,d,0,13,31.14884066316324,3,0,0,36,0,0,0,3,0,0,0,0,0,0,0,16,10,0,0,0,0,0,0,0,0,10,1.6666666666666667,0.9999957761886861,0.0
52,39,1s2.2s2.2p6.3s2.3p6.3d10.4s2.4p6.4d3,4d,4,2,3,1.5,d,0,14,30.487983380797118,2,0,0,36,0,0,0,2,0,0,0,0,0,0,0,16,10,0,0,0,0,0,0,0,0,10,1.1111111111111112,0.9999957761886861,0.0
52,38,1s2.2s2.2p6.3s2.3p6.3d10.4s2.4p6.4d2,4d,4,2,2,1.5,d,0,15,29.82712609843111,1,0,0,36,0,0,0,1,0,0,0,0,0,0,0,16,10,0,0,0,0,0,0,0,0,10,0.5555555555555556,0.9999957761886861,0.0
52,37,1s2.2s2.2p6.3s2.3p6.3d10.4s2.4p6.4d1,4d,4,2,1,1.5,d,0,16,29.20553709173464,0,0,0,36,0,0,0,0,0,0,0,0,0,0,0,16,10,0,0,0,0,0,0,0,0,10,0.0,0.9999957761886861,0.0
52,36,1s2.2s2.2p6.3s2.3p6.3d10.4s2.4p6,4p,4,1,6,1.5,p3,0,17,26.676544772007787,5,20,10,0,0,0,5,0,0,2,8,10,0,8,0,0,0,0,0,0,0,0,0,0,2,0,0.0,0.9999957761886861,0.0
52,35,1s2.2s2.2p6.3s2.3p6.3d10.4s2.4p5,4p,4,1,5,1.5,p3,0,18,26.117340670445287,4,20,10,0,0,0,4,0,0,2,8,10,0,8,0,0,0,0,0,0,0,0,0,0,2,0,-0.6000000000000001,0.9999957761886861,0.0
52,34,1s2.2s2.2p6.3s2.3p6.3d10.4s2.4p4,4p,4,1,4,1.5,p3,0,19,25.558136568882787,3,20,10,0,0,0,3,0,0,2,8,10,0,8,0,0,0,0,0,0,0,0,0,0,2,0,-1.2,0.9999957761886861,0.0
52,33,1s2.2s2.2p6.3s2.3p6.3d10.4s2.4p3,4p,4,1,3,1.5,p3,0,20,24.807678805211026,2,20,10,0,0,0,2,0,0,2,8,10,0,8,0,0,0,0,0,0,0,0,0,0,2,0,1.2,0.9999957761886861,0.0
52,32,1s2.2s2.2p6.3s2.3p6.3d10.4s2.4p2,4p,4,1,2,0.5,p1,0,21,24.24270156046225,1,20,10,0,0,0,1,0,0,2,8,10,0,8,0,0,0,0,0,0,0,0,0,0,2,0,0.6,0.9999957761886861,0.0
52,31,1s2.2s2.2p6.3s2.3p6.3d10.4s2.4p1,4p,4,1,1,0.5,p1,0,22,23.681451647104154,0,20,10,0,0,0,0,0,0,2,8,10,0,8,0,0,0,0,0,0,0,0,0,0,2,0,0.0,0.9999957761886861,0.0
52,30,1s2.2s2.2p6.3s2.3p6.3d10.4s2,4s,4,0,2,0.5,s,0,23,22.126593730819764,1,18,10,0,0,1,0,0,0,0,8,10,0,8,0,0,0,0,0,0,0,0,0,0,2,0,0.0,0.9999957761886861,0.0
52,29,1s2.2s2.2p6.3s2.3p6.3d10.4s1,4s,4,0,1,0.5,s,0,24,21.554071296483926,0,18,10,0,0,0,0,0,0,0,8,10,0,8,0,0,0,0,0,0,0,0,0,0,2,0,0.0,0.9999957761886861,0.0
52,28,1s2.2s2.2p6.3s2.3p6.3d10,3d,3,2,10,2.5,d,0,25,21.379455336979806,9,0,0,18,0,0,0,9,0,0,0,0,0,0,0,16,0,0,0,0,0,0,0,0,0,2,0.0,0.9999957761886861,0.0
52,27,1s2.2s2.2p6.3s2.3p6.3d9,3d,3,2,9,2.5,d,0,26,20.677223194122995,8,0,0,18,0,0,0,8,0,0,0,0,0,0,0,16,0,0,0,0,0,0,0,0,0,2,-0.5555555555555554,0.9999957761886861,0.0
52,26,1s2.2s2.2p6.3s2.3p6.3d8,3d,3,2,8,2.5,d,0,27,19.92856167011884,7,0,0,18,0,0,0,7,0,0,0,0,0,0,0,16,0,0,0,0,0,0,0,0,0,2,-1.1111111111111112,0.9999957761886861,0.0
52,25,1s2.2s2.2p6.3s2.3p6.3d7,3d,3,2,7,2.5,d,0,28,19.180019458485546,6,0,0,18,0,0,0,6,0,0,0,0,0,0,0,16,0,0,0,0,0,0,0,0,0,2,-1.6666666666666665,0.9999957761886861,0.0
52,24,1s2.2s2.2p6.3s2.3p6.3d6,3d,3,2,6,2.5,d,0,29,18.477999944610033,5,0,0,18,0,0,0,5,0,0,0,0,0,0,0,16,0,0,0,0,0,0,0,0,0,2,-2.2222222222222223,0.9999957761886861,0.0
52,23,1s2.2s2.2p6.3s2.3p6.3d5,3d,3,2,5,2.5,d,0,30,17.516342790782076,4,0,0,18,0,0,0,4,0,0,0,0,0,0,0,16,0,0,0,0,0,0,0,0,0,2,2.2222222222222223,0.9999957761886861,0.0
52,22,1s2.2s2.2p6.3s2.3p6.3d4,3d,3,2,4,1.5,d,0,31,16.81369270190474,3,0,0,18,0,0,0,3,0,0,0,0,0,0,0,16,0,0,0,0,0,0,0,0,0,2,1.6666666666666667,0.9999957761886861,0.0
52,21,1s2.2s2.2p6.3s2.3p6.3d3,3d,3,2,3,1.5,d,0,32,16.06581898178117,2,0,0,18,0,0,0,2,0,0,0,0,0,0,0,16,0,0,0,0,0,0,0,0,0,2,1.1111111111111112,0.9999957761886861,0.0
52,20,1s2.2s2.2p6.3s2.3p6.3d2,3d,3,2,2,1.5,d,0,33,15.318236242385085,1,0,0,18,0,0,0,1,0,0,0,0,0,0,0,16,0,0,0,0,0,0,0,0,0,2,0.5555555555555556,0.9999957761886861,0.0
52,19,1s2.2s2.2p6.3s2.3p6.3d1,3d,3,2,1,1.5,d,0,34,14.615753461451872,0,0,0,18,0,0,0,0,0,0,0,0,0,0,0,16,0,0,0,0,0,0,0,0,0,2,0.0,0.9999957761886861,0.0
52,18,1s2.2s2.2p6.3s2.3p6,3p,3,1,6,1.5,p3,0,35,12.667818264554036,5,10,2,0,0,0,5,0,0,2,8,0,0,2,0,0,0,0,0,0,0,0,0,0,0,0,0.0,0.9999957761886861,0.0
52,17,1s2.2s2.2p6.3s2.3p5,3p,3,1,5,1.5,p3,0,36,12.08347223011717,4,10,2,0,0,0,4,0,0,2,8,0,0,2,0,0,0,0,0,0,0,0,0,0,0,0,-0.6000000000000001,0.9999957761886861,0.0
52,16,1s2.2s2.2p6.3s2.3p4,3p,3,1,4,1.5,p3,0,37,11.49928244974415,3,10,2,0,0,0,3,0,0,2,8,0,0,2,0,0,0,0,0,0,0,0,0,0,0,0,-1.2,0.9999957761886861,0.0
52,15,1s2.2s2.2p6.3s2.3p3,3p,3,1,3,1.5,p3,0,38,10.730818199117742,2,10,2,0,0,0,2,0,0,2,8,0,0,2,0,0,0,0,0,0,0,0,0,0,0,0,1.2,0.9999957761886861,0.0
52,14,1s2.2s2.2p6.3s2.3p2,3p,3,1,2,0.5,p1,0,39,10.145247180423096,1,10,2,0,0,0,1,0,0,2,8,0,0,2,0,0,0,0,0,0,0,0,0,0,0,0,0.6,0.9999957761886861,0.0
52,13,1s2.2s2.2p6.3s2.3p1,3p,3,1,1,0.5,p1,0,40,9.559774441642945,0,10,2,0,0,0,0,0,0,2,8,0,0,2,0,0,0,0,0,0,0,0,0,0,0,0,0.0,0.9999957761886861,0.0
52,12,1s2.2s2.2p6.3s2,3s,3,0,2,0.5,s,0,41,8.35113401342552,1,8,2,0,0,1,0,0,0,0,8,0,0,2,0,0,0,0,0,0,0,0,0,0,0,0,0.0,0.9999957761886861,0.0
52,11,1s2.2s2.2p6.3s1,3s,3,0,1,0.5,s,0,42,7.7856408855844075,0,8,2,0,0,0,0,0,0,0,8,0,0,2,0,0,0,0,0,0,0,0,0,0,0,0,0.0,0.9999957761886861,0.0
52,10,1s2.2s2.2p6,2p,2,1,6,1.5,p3,0,43,6.545979557232126,5,4,0,0,0,0,5,0,0,2,2,0,0,0,0,0,0,0,0,0,0,0,0,0,0,0,0.0,0.9999957761886861,0.0
52,9,1s2.2s2.2p5,2p,2,1,5,1.5,p3,0,44,5.88972955723213,4,4,0,0,0,0,4,0,0,2,2,0,0,0,0,0,0,0,0,0,0,0,0,0,0,0,-0.6000000000000001,0.9999957761886861,0.0
52,8,1s2.2s2.2p4,2p,2,1,4,1.5,p3,0,45,5.233479557232133,3,4,0,0,0,0,3,0,0,2,2,0,0,0,0,0,0,0,0,0,0,0,0,0,0,0,-1.2,0.9999957761886861,0.0
52,7,1s2.2s2.2p3,2p,2,1,3,1.5,p3,0,46,4.378670782625834,2,4,0,0,0,0,2,0,0,2,2,0,0,0,0,0,0,0,0,0,0,0,0,0,0,0,1.2,0.9999957761886861,0.0
52,6,1s2.2s2.2p2,2p,2,1,2,0.5,p1,0,47,3.7253535771907345,1,4,0,0,0,0,1,0,0,2,2,0,0,0,0,0,0,0,0,0,0,0,0,0,0,0,0.6,0.9999957761886861,0.0
52,5,1s2.2s2.2p1,2p,2,1,1,0.5,p1,0,48,3.0730091792350134,0,4,0,0,0,0,0,0,0,2,2,0,0,0,0,0,0,0,0,0,0,0,0,0,0,0,0.0,0.9999957761886861,0.0
52,4,1s2.2s2,2s,2,0,2,0.5,s,0,49,2.145875983124917,1,2,0,0,0,1,0,0,0,0,2,0,0,0,0,0,0,0,0,0,0,0,0,0,0,0,0.0,0.9999957761886861,6.234110634303225
52,3,1s2.2s1,2s,2,0,1,0.5,s,0,50,1.5912208504801093,0,2,0,0,0,0,0,0,0,0,2,0,0,0,0,0,0,0,0,0,0,0,0,0,0,0,0.0,0.9999957761886861,6.234110634303225
52,2,1s2,1s,1,0,2,0.5,s,0,51,0.625,1,0,0,0,0,1,0,0,0,0,0,0,0,0,0,0,0,0,0,0,0,0,0,0,0,0,0.0,0.9999957761886861,41.11650887782153
52,1,1s1,1s,1,0,1,0.5,s,0,52,0.0,0,0,0,0,0,0,0,0,0,0,0,0,0,0,0,0,0,0,0,0,0,0,0,0,0,0,0.0,0.9999957761886861,41.11650887782153
53,53,1s2.2s2.2p6.3s2.3p6.3d10.4s2.4p6.4d10.5s2.5p5,5p,5,1,5,1.5,p3,0,1,40.193448308821154,4,20,28,0,0,0,4,0,0,2,8,10,0,8,10,0,0,0,0,0,0,0,0,0,10,0,-0.6000000000000001,0.9999956762552912,0.0
53,52,1s2.2s2.2p6.3s2.3p6.3d10.4s2.4p6.4d10.5s2.5p4,5p,5,1,4,1.5,p3,0,2,39.644376043196026,3,20,28,0,0,0,3,0,0,2,8,10,0,8,10,0,0,0,0,0,0,0,0,0,10,0,-1.2,0.9999956762552912,0.0
53,51,1s2.2s2.2p6.3s2.3p6.3d10.4s2.4p6.4d10.5s2.5p3,5p,5,1,3,1.5,p3,0,3,38.9050571955401,2,20,28,0,0,0,2,0,0,2,8,10,0,8,10,0,0,0,0,0,0,0,0,0,10,0,1.2,0.9999956762552912,0.0
53,50,1s2.2s2.2p6.3s2.3p6.3d10.4s2.4p6.4d10.5s2.5p2,5p,5,1,2,0.5,p1,0,4,38.355984929914975,1,20,28,0,0,0,1,0,0,2,8,10,0,8,10,0,0,0,0,0,0,0,0,0,10,0,0.6,0.9999956762552912,0.0
53,49,1s2.2s2.2p6.3s2.3p6.3d10.4s2.4p6.4d10.5s2.5p1,5p,5,1,1,0.5,p1,0,5,37.80691266428985,0,20,28,0,0,0,0,0,0,2,8,10,0,8,10,0,0,0,0,0,0,0,0,0,10,0,0.0,0.9999956762552912,0.0
53,48,1s2.2s2.2p6.3s2.3p6.3d10.4s2.4p6.4d10.5s2,5s,5,0,2,0.5,s,0,6,36.15472244361083,1,18,28,0,0,1,0,0,0,0,8,10,0,8,10,0,0,0,0,0,0,0,0,0,10,0,0.0,0.9999956762552912,0.0
53,47,1s2.2s2.2p6.3s2.3p6.3d10.4s2.4p6.4d10.5s1,5s,5,0,1,0.5,s,0,7,35.55897354224375,0,18,28,0,0,0,0,0,0,0,8,10,0,8,10,0,0,0,0,0,0,0,0,0,10,0,0.0,0.9999956762552912,0.0
53,46,1s2.2s2.2p6.3s2.3p6.3d10.4s2.4p6.4d10,4d,4,2,10,2.5,d,0,8,35.18427854681272,9,0,0,36,0,0,0,9,0,0,0,0,0,0,0,16,10,0,0,0,0,0,0,0,0,10,0.0,0.9999956762552912,0.0
53,45,1s2.2s2.2p6.3s2.3p6.3d10.4s2.4p6.4d9,4d,4,2,9,2.5,d,0,9,34.56268954011648,8,0,0,36,0,0,0,8,0,0,0,0,0,0,0,16,10,0,0,0,0,0,0,0,0,10,-0.5555555555555554,0.9999956762552912,0.0
53,44,1s2.2s2.2p6.3s2.3p6.3d10.4s2.4p6.4d8,4d,4,2,8,2.5,d,0,10,33.90183225775024,7,0,0,36,0,0,0,7,0,0,0,0,0,0,0,16,10,0,0,0,0,0,0,0,0,10,-1.1111111111111112,0.9999956762552912,0.0
53,43,1s2.2s2.2p6.3s2.3p6.3d10.4s2.4p6.4d7,4d,4,2,7,2.5,d,0,11,33.24097497538423,6,0,0,36,0,0,0,6,0,0,0,0,0,0,0,16,10,0,0,0,0,0,0,0,0,10,-1.6666666666666665,0.9999956762552912,0.0
53,42,1s2.2s2.2p6.3s2.3p6.3d10.4s2.4p6.4d6,4d,4,2,6,2.5,d,0,12,32.619385968687766,5,0,0,36,0,0,0,5,0,0,0,0,0,0,0,16,10,0,0,0,0,0,0,0,0,10,-2.2222222222222223,0.9999956762552912,0.0
53,41,1s2.2s2.2p6.3s2.3p6.3d10.4s2.4p6.4d5,4d,4,2,5,2.5,d,0,13,31.77042966985971,4,0,0,36,0,0,0,4,0,0,0,0,0,0,0,16,10,0,0,0,0,0,0,0,0,10,2.2222222222222223,0.9999956762552912,0.0
53,40,1s2.2s2.2p6.3s2.3p6.3d10.4s2.4p6.4d4,4d,4,2,4,1.5,d,0,14,31.14884066316324,3,0,0,36,0,0,0,3,0,0,0,0,0,0,0,16,10,0,0,0,0,0,0,0,0,10,1.6666666666666667,0.9999956762552912,0.0
53,39,1s2.2s2.2p6.3s2.3p6.3d10.4s2.4p6.4d3,4d,4,2,3,1.5,d,0,15,30.487983380797118,2,0,0,36,0,0,0,2,0,0,0,0,0,0,0,16,10,0,0,0,0,0,0,0,0,10,1.1111111111111112,0.9999956762552912,0.0
53,38,1s2.2s2.2p6.3s2.3p6.3d10.4s2.4p6.4d2,4d,4,2,2,1.5,d,0,16,29.82712609843111,1,0,0,36,0,0,0,1,0,0,0,0,0,0,0,16,10,0,0,0,0,0,0,0,0,10,0.5555555555555556,0.9999956762552912,0.0
53,37,1s2.2s2.2p6.3s2.3p6.3d10.4s2.4p6.4d1,4d,4,2,1,1.5,d,0,17,29.20553709173464,0,0,0,36,0,0,0,0,0,0,0,0,0,0,0,16,10,0,0,0,0,0,0,0,0,10,0.0,0.9999956762552912,0.0
53,36,1s2.2s2.2p6.3s2.3p6.3d10.4s2.4p6,4p,4,1,6,1.5,p3,0,18,26.676544772007787,5,20,10,0,0,0,5,0,0,2,8,10,0,8,0,0,0,0,0,0,0,0,0,0,2,0,0.0,0.9999956762552912,0.0
53,35,1s2.2s2.2p6.3s2.3p6.3d10.4s2.4p5,4p,4,1,5,1.5,p3,0,19,26.117340670445287,4,20,10,0,0,0,4,0,0,2,8,10,0,8,0,0,0,0,0,0,0,0,0,0,2,0,-0.6000000000000001,0.9999956762552912,0.0
53,34,1s2.2s2.2p6.3s2.3p6.3d10.4s2.4p4,4p,4,1,4,1.5,p3,0,20,25.558136568882787,3,20,10,0,0,0,3,0,0,2,8,10,0,8,0,0,0,0,0,0,0,0,0,0,2,0,-1.2,0.9999956762552912,0.0
53,33,1s2.2s2.2p6.3s2.3p6.3d10.4s2.4p3,4p,4,1,3,1.5,p3,0,21,24.807678805211026,2,20,10,0,0,0,2,0,0,2,8,10,0,8,0,0,0,0,0,0,0,0,0,0,2,0,1.2,0.9999956762552912,0.0
53,32,1s2.2s2.2p6.3s2.3p6.3d10.4s2.4p2,4p,4,1,2,0.5,p1,0,22,24.24270156046225,1,20,10,0,0,0,1,0,0,2,8,10,0,8,0,0,0,0,0,0,0,0,0,0,2,0,0.6,0.9999956762552912,0.0
53,31,1s2.2s2.2p6.3s2.3p6.3d10.4s2.4p1,4p,4,1,1,0.5,p1,0,23,23.681451647104154,0,20,10,0,0,0,0,0,0,2,8,10,0,8,0,0,0,0,0,0,0,0,0,0,2,0,0.0,0.9999956762552912,0.0
53,30,1s2.2s2.2p6.3s2.3p6.3d10.4s2,4s,4,0,2,0.5,s,0,24,22.126593730819764,1,18,10,0,0,1,0,0,0,0,8,10,0,8,0,0,0,0,0,0,0,0,0,0,2,0,0.0,0.9999956762552912,0.0
53,29,1s2.2s2.2p6.3s2.3p6.3d10.4s1,4s,4,0,1,0.5,s,0,25,21.554071296483926,0,18,10,0,0,0,0,0,0,0,8,10,0,8,0,0,0,0,0,0,0,0,0,0,2,0,0.0,0.9999956762552912,0.0
53,28,1s2.2s2.2p6.3s2.3p6.3d10,3d,3,2,10,2.5,d,0,26,21.379455336979806,9,0,0,18,0,0,0,9,0,0,0,0,0,0,0,16,0,0,0,0,0,0,0,0,0,2,0.0,0.9999956762552912,0.0
53,27,1s2.2s2.2p6.3s2.3p6.3d9,3d,3,2,9,2.5,d,0,27,20.677223194122995,8,0,0,18,0,0,0,8,0,0,0,0,0,0,0,16,0,0,0,0,0,0,0,0,0,2,-0.5555555555555554,0.9999956762552912,0.0
53,26,1s2.2s2.2p6.3s2.3p6.3d8,3d,3,2,8,2.5,d,0,28,19.92856167011884,7,0,0,18,0,0,0,7,0,0,0,0,0,0,0,16,0,0,0,0,0,0,0,0,0,2,-1.1111111111111112,0.9999956762552912,0.0
53,25,1s2.2s2.2p6.3s2.3p6.3d7,3d,3,2,7,2.5,d,0,29,19.180019458485546,6,0,0,18,0,0,0,6,0,0,0,0,0,0,0,16,0,0,0,0,0,0,0,0,0,2,-1.6666666666666665,0.9999956762552912,0.0
53,24,1s2.2s2.2p6.3s2.3p6.3d6,3d,3,2,6,2.5,d,0,30,18.477999944610033,5,0,0,18,0,0,0,5,0,0,0,0,0,0,0,16,0,0,0,0,0,0,0,0,0,2,-2.2222222222222223,0.9999956762552912,0.0
53,23,1s2.2s2.2p6.3s2.3p6.3d5,3d,3,2,5,2.5,d,0,31,17.516342790782076,4,0,0,18,0,0,0,4,0,0,0,0,0,0,0,16,0,0,0,0,0,0,0,0,0,2,2.2222222222222223,0.9999956762552912,0.0
53,22,1s2.2s2.2p6.3s2.3p6.3d4,3d,3,2,4,1.5,d,0,32,16.81369270190474,3,0,0,18,0,0,0,3,0,0,0,0,0,0,0,16,0,0,0,0,0,0,0,0,0,2,1.6666666666666667,0.9999956762552912,0.0
53,21,1s2.2s2.2p6.3s2.3p6.3d3,3d,3,2,3,1.5,d,0,33,16.06581898178117,2,0,0,18,0,0,0,2,0,0,0,0,0,0,0,16,0,0,0,0,0,0,0,0,0,2,1.1111111111111112,0.9999956762552912,0.0
53,20,1s2.2s2.2p6.3s2.3p6.3d2,3d,3,2,2,1.5,d,0,34,15.318236242385085,1,0,0,18,0,0,0,1,0,0,0,0,0,0,0,16,0,0,0,0,0,0,0,0,0,2,0.5555555555555556,0.9999956762552912,0.0
53,19,1s2.2s2.2p6.3s2.3p6.3d1,3d,3,2,1,1.5,d,0,35,14.615753461451872,0,0,0,18,0,0,0,0,0,0,0,0,0,0,0,16,0,0,0,0,0,0,0,0,0,2,0.0,0.9999956762552912,0.0
53,18,1s2.2s2.2p6.3s2.3p6,3p,3,1,6,1.5,p3,0,36,12.667818264554036,5,10,2,0,0,0,5,0,0,2,8,0,0,2,0,0,0,0,0,0,0,0,0,0,0,0,0.0,0.9999956762552912,0.0
53,17,1s2.2s2.2p6.3s2.3p5,3p,3,1,5,1.5,p3,0,37,12.08347223011717,4,10,2,0,0,0,4,0,0,2,8,0,0,2,0,0,0,0,0,0,0,0,0,0,0,0,-0.6000000000000001,0.9999956762552912,0.0
53,16,1s2.2s2.2p6.3s2.3p4,3p,3,1,4,1.5,p3,0,38,11.49928244974415,3,10,2,0,0,0,3,0,0,2,8,0,0,2,0,0,0,0,0,0,0,0,0,0,0,0,-1.2,0.9999956762552912,0.0
53,15,1s2.2s2.2p6.3s2.3p3,3p,3,1,3,1.5,p3,0,39,10.730818199117742,2,10,2,0,0,0,2,0,0,2,8,0,0,2,0,0,0,0,0,0,0,0,0,0,0,0,1.2,0.9999956762552912,0.0
53,14,1s2.2s2.2p6.3s2.3p2,3p,3,1,2,0.5,p1,0,40,10.145247180423096,1,10,2,0,0,0,1,0,0,2,8,0,0,2,0,0,0,0,0,0,0,0,0,0,0,0,0.6,0.9999956762552912,0.0
53,13,1s2.2s2.2p6.3s2.3p1,3p,3,1,1,0.5,p1,0,41,9.559774441642945,0,10,2,0,0,0,0,0,0,2,8,0,0,2,0,0,0,0,0,0,0,0,0,0,0,0,0.0,0.9999956762552912,0.0
53,12,1s2.2s2.2p6.3s2,3s,3,0,2,0.5,s,0,42,8.35113401342552,1,8,2,0,0,1,0,0,0,0,8,0,0,2,0,0,0,0,0,0,0,0,0,0,0,0,0.0,0.9999956762552912,0.0
53,11,1s2.2s2.2p6.3s1,3s,3,0,1,0.5,s,0,43,7.7856408855844075,0,8,2,0,0,0,0,0,0,0,8,0,0,2,0,0,0,0,0,0,0,0,0,0,0,0,0.0,0.9999956762552912,0.0
53,10,1s2.2s2.2p6,2p,2,1,6,1.5,p3,0,44,6.545979557232126,5,4,0,0,0,0,5,0,0,2,2,0,0,0,0,0,0,0,0,0,0,0,0,0,0,0,0.0,0.9999956762552912,0.0
53,9,1s2.2s2.2p5,2p,2,1,5,1.5,p3,0,45,5.88972955723213,4,4,0,0,0,0,4,0,0,2,2,0,0,0,0,0,0,0,0,0,0,0,0,0,0,0,-0.6000000000000001,0.9999956762552912,0.0
53,8,1s2.2s2.2p4,2p,2,1,4,1.5,p3,0,46,5.233479557232133,3,4,0,0,0,0,3,0,0,2,2,0,0,0,0,0,0,0,0,0,0,0,0,0,0,0,-1.2,0.9999956762552912,0.0
53,7,1s2.2s2.2p3,2p,2,1,3,1.5,p3,0,47,4.378670782625834,2,4,0,0,0,0,2,0,0,2,2,0,0,0,0,0,0,0,0,0,0,0,0,0,0,0,1.2,0.9999956762552912,0.0
53,6,1s2.2s2.2p2,2p,2,1,2,0.5,p1,0,48,3.7253535771907345,1,4,0,0,0,0,1,0,0,2,2,0,0,0,0,0,0,0,0,0,0,0,0,0,0,0,0.6,0.9999956762552912,0.0
53,5,1s2.2s2.2p1,2p,2,1,1,0.5,p1,0,49,3.0730091792350134,0,4,0,0,0,0,0,0,0,2,2,0,0,0,0,0,0,0,0,0,0,0,0,0,0,0,0.0,0.9999956762552912,0.0
53,4,1s2.2s2,2s,2,0,2,0.5,s,0,50,2.145875983124917,1,2,0,0,0,1,0,0,0,0,2,0,0,0,0,0,0,0,0,0,0,0,0,0,0,0,0.0,0.9999956762552912,6.684255495825752
53,3,1s2.2s1,2s,2,0,1,0.5,s,0,51,1.5912208504801093,0,2,0,0,0,0,0,0,0,0,2,0,0,0,0,0,0,0,0,0,0,0,0,0,0,0,0.0,0.9999956762552912,6.684255495825752
53,2,1s2,1s,1,0,2,0.5,s,0,52,0.625,1,0,0,0,0,1,0,0,0,0,0,0,0,0,0,0,0,0,0,0,0,0,0,0,0,0,0.0,0.9999956762552912,43.90319003886651
53,1,1s1,1s,1,0,1,0.5,s,0,53,0.0,0,0,0,0,0,0,0,0,0,0,0,0,0,0,0,0,0,0,0,0,0,0,0,0,0,0,0.0,0.9999956762552912,43.90319003886651
54,54,1s2.2s2.2p6.3s2.3p6.3d10.4s2.4p6.4d10.5s2.5p6,5p,5,1,6,1.5,p3,0,1,40.74252057444628,5,20,28,0,0,0,5,0,0,2,8,10,0,8,10,0,0,0,0,0,0,0,0,0,10,0,0.0,0.9999958401450958,0.0
54,53,1s2.2s2.2p6.3s2.3p6.3d10.4s2.4p6.4d10.5s2.5p5,5p,5,1,5,1.5,p3,0,2,40.193448308821154,4,20,28,0,0,0,4,0,0,2,8,10,0,8,10,0,0,0,0,0,0,0,0,0,10,0,-0.6000000000000001,0.9999958401450958,0.0
54,52,1s2.2s2.2p6.3s2.3p6.3d10.4s2.4p6.4d10.5s2.5p4,5p,5,1,4,1.5,p3,0,3,39.644376043196026,3,20,28,0,0,0,3,0,0,2,8,10,0,8,10,0,0,0,0,0,0,0,0,0,10,0,-1.2,0.9999958401450958,0.0
54,51,1s2.2s2.2p6.3s2.3p6.3d10.4s2.4p6.4d10.5s2.5p3,5p,5,1,3,1.5,p3,0,4,38.9050571955401,2,20,28,0,0,0,2,0,0,2,8,10,0,8,10,0,0,0,0,0,0,0,0,0,10,0,1.2,0.9999958401450958,0.0
54,50,1s2.2s2.2p6.3s2.3p6.3d10.4s2.4p6.4d10.5s2.5p2,5p,5,1,2,0.5,p1,0,5,38.355984929914975,1,20,28,0,0,0,1,0,0,2,8,10,0,8,10,0,0,0,0,0,0,0,0,0,10,0,0.6,0.9999958401450958,0.0
54,49,1s2.2s2.2p6.3s2.3p6.3d10.4s2.4p6.4d10.5s2.5p1,5p,5,1,1,0.5,p1,0,6,37.80691266428985,0,20,28,0,0,0,0,0,0,2,8,10,0,8,10,0,0,0,0,0,0,0,0,0,10,0,0.0,0.9999958401450958,0.0
54,48,1s2.2s2.2p6.3s2.3p6.3d10.4s2.4p6.4d10.5s2,5s,5,0,2,0.5,s,0,7,36.15472244361083,1,18,28,0,0,1,0,0,0,0,8,10,0,8,10,0,0,0,0,0,0,0,0,0,10,0,0.0,0.9999958401450958,0.0
54,47,1s2.2s2.2p6.3s2.3p6.3d10.4s2.4p6.4d10.5s1,5s,5,0,1,0.5,s,0,8,35.55897354224375,0,18,28,0,0,0,0,0,0,0,8,10,0,8,10,0,0,0,0,0,0,0,0,0,10,0,0.0,0.9999958401450958,0.0
54,46,1s2.2s2.2p6.3s2.3p6.3d10.4s2.4p6.4d10,4d,4,2,10,2.5,d,0,9,35.18427854681272,9,0,0,36,0,0,0,9,0,0,0,0,0,0,0,16,10,0,0,0,0,0,0,0,0,10,0.0,0.9999958401450958,0.0
54,45,1s2.2s2.2p6.3s2.3p6.3d10.4s2.4p6.4d9,4d,4,2,9,2.5,d,0,10,34.56268954011648,8,0,0,36,0,0,0,8,0,0,0,0,0,0,0,16,10,0,0,0,0,0,0,0,0,10,-0.5555555555555554,0.9999958401450958,0.0
54,44,1s2.2s2.2p6.3s2.3p6.3d10.4s2.4p6.4d8,4d,4,2,8,2.5,d,0,11,33.90183225775024,7,0,0,36,0,0,0,7,0,0,0,0,0,0,0,16,10,0,0,0,0,0,0,0,0,10,-1.1111111111111112,0.9999958401450958,0.0
54,43,1s2.2s2.2p6.3s2.3p6.3d10.4s2.4p6.4d7,4d,4,2,7,2.5,d,0,12,33.24097497538423,6,0,0,36,0,0,0,6,0,0,0,0,0,0,0,16,10,0,0,0,0,0,0,0,0,10,-1.6666666666666665,0.9999958401450958,0.0
54,42,1s2.2s2.2p6.3s2.3p6.3d10.4s2.4p6.4d6,4d,4,2,6,2.5,d,0,13,32.619385968687766,5,0,0,36,0,0,0,5,0,0,0,0,0,0,0,16,10,0,0,0,0,0,0,0,0,10,-2.2222222222222223,0.9999958401450958,0.0
54,41,1s2.2s2.2p6.3s2.3p6.3d10.4s2.4p6.4d5,4d,4,2,5,2.5,d,0,14,31.77042966985971,4,0,0,36,0,0,0,4,0,0,0,0,0,0,0,16,10,0,0,0,0,0,0,0,0,10,2.2222222222222223,0.9999958401450958,0.0
54,40,1s2.2s2.2p6.3s2.3p6.3d10.4s2.4p6.4d4,4d,4,2,4,1.5,d,0,15,31.14884066316324,3,0,0,36,0,0,0,3,0,0,0,0,0,0,0,16,10,0,0,0,0,0,0,0,0,10,1.6666666666666667,0.9999958401450958,0.0
54,39,1s2.2s2.2p6.3s2.3p6.3d10.4s2.4p6.4d3,4d,4,2,3,1.5,d,0,16,30.487983380797118,2,0,0,36,0,0,0,2,0,0,0,0,0,0,0,16,10,0,0,0,0,0,0,0,0,10,1.1111111111111112,0.9999958401450958,0.0
54,38,1s2.2s2.2p6.3s2.3p6.3d10.4s2.4p6.4d2,4d,4,2,2,1.5,d,0,17,29.82712609843111,1,0,0,36,0,0,0,1,0,0,0,0,0,0,0,16,10,0,0,0,0,0,0,0,0,10,0.5555555555555556,0.9999958401450958,0.0
54,37,1s2.2s2.2p6.3s2.3p6.3d10.4s2.4p6.4d1,4d,4,2,1,1.5,d,0,18,29.20553709173464,0,0,0,36,0,0,0,0,0,0,0,0,0,0,0,16,10,0,0,0,0,0,0,0,0,10,0.0,0.9999958401450958,0.0
54,36,1s2.2s2.2p6.3s2.3p6.3d10.4s2.4p6,4p,4,1,6,1.5,p3,0,19,26.676544772007787,5,20,10,0,0,0,5,0,0,2,8,10,0,8,0,0,0,0,0,0,0,0,0,0,2,0,0.0,0.9999958401450958,0.0
54,35,1s2.2s2.2p6.3s2.3p6.3d10.4s2.4p5,4p,4,1,5,1.5,p3,0,20,26.117340670445287,4,20,10,0,0,0,4,0,0,2,8,10,0,8,0,0,0,0,0,0,0,0,0,0,2,0,-0.6000000000000001,0.9999958401450958,0.0
54,34,1s2.2s2.2p6.3s2.3p6.3d10.4s2.4p4,4p,4,1,4,1.5,p3,0,21,25.558136568882787,3,20,10,0,0,0,3,0,0,2,8,10,0,8,0,0,0,0,0,0,0,0,0,0,2,0,-1.2,0.9999958401450958,0.0
54,33,1s2.2s2.2p6.3s2.3p6.3d10.4s2.4p3,4p,4,1,3,1.5,p3,0,22,24.807678805211026,2,20,10,0,0,0,2,0,0,2,8,10,0,8,0,0,0,0,0,0,0,0,0,0,2,0,1.2,0.9999958401450958,0.0
54,32,1s2.2s2.2p6.3s2.3p6.3d10.4s2.4p2,4p,4,1,2,0.5,p1,0,23,24.24270156046225,1,20,10,0,0,0,1,0,0,2,8,10,0,8,0,0,0,0,0,0,0,0,0,0,2,0,0.6,0.9999958401450958,0.0
54,31,1s2.2s2.2p6.3s2.3p6.3d10.4s2.4p1,4p,4,1,1,0.5,p1,0,24,23.681451647104154,0,20,10,0,0,0,0,0,0,2,8,10,0,8,0,0,0,0,0,0,0,0,0,0,2,0,0.0,0.9999958401450958,0.0
54,30,1s2.2s2.2p6.3s2.3p6.3d10.4s2,4s,4,0,2,0.5,s,0,25,22.126593730819764,1,18,10,0,0,1,0,0,0,0,8,10,0,8,0,0,0,0,0,0,0,0,0,0,2,0,0.0,0.9999958401450958,0.0
54,29,1s2.2s2.2p6.3s2.3p6.3d10.4s1,4s,4,0,1,0.5,s,0,26,21.554071296483926,0,18,10,0,0,0,0,0,0,0,8,10,0,8,0,0,0,0,0,0,0,0,0,0,2,0,0.0,0.9999958401450958,0.0
54,28,1s2.2s2.2p6.3s2.3p6.3d10,3d,3,2,10,2.5,d,0,27,21.379455336979806,9,0,0,18,0,0,0,9,0,0,0,0,0,0,0,16,0,0,0,0,0,0,0,0,0,2,0.0,0.9999958401450958,0.0
54,27,1s2.2s2.2p6.3s2.3p6.3d9,3d,3,2,9,2.5,d,0,28,20.677223194122995,8,0,0,18,0,0,0,8,0,0,0,0,0,0,0,16,0,0,0,0,0,0,0,0,0,2,-0.5555555555555554,0.9999958401450958,0.0
54,26,1s2.2s2.2p6.3s2.3p6.3d8,3d,3,2,8,2.5,d,0,29,19.92856167011884,7,0,0,18,0,0,0,7,0,0,0,0,0,0,0,16,0,0,0,0,0,0,0,0,0,2,-1.1111111111111112,0.9999958401450958,0.0
54,25,1s2.2s2.2p6.3s2.3p6.3d7,3d,3,2,7,2.5,d,0,30,19.180019458485546,6,0,0,18,0,0,0,6,0,0,0,0,0,0,0,16,0,0,0,0,0,0,0,0,0,2,-1.6666666666666665,0.9999958401450958,0.0
54,24,1s2.2s2.2p6.3s2.3p6.3d6,3d,3,2,6,2.5,d,0,31,18.477999944610033,5,0,0,18,0,0,0,5,0,0,0,0,0,0,0,16,0,0,0,0,0,0,0,0,0,2,-2.2222222222222223,0.9999958401450958,0.0
54,23,1s2.2s2.2p6.3s2.3p6.3d5,3d,3,2,5,2.5,d,0,32,17.516342790782076,4,0,0,18,0,0,0,4,0,0,0,0,0,0,0,16,0,0,0,0,0,0,0,0,0,2,2.2222222222222223,0.9999958401450958,0.0
54,22,1s2.2s2.2p6.3s2.3p6.3d4,3d,3,2,4,1.5,d,0,33,16.81369270190474,3,0,0,18,0,0,0,3,0,0,0,0,0,0,0,16,0,0,0,0,0,0,0,0,0,2,1.6666666666666667,0.9999958401450958,0.0
54,21,1s2.2s2.2p6.3s2.3p6.3d3,3d,3,2,3,1.5,d,0,34,16.06581898178117,2,0,0,18,0,0,0,2,0,0,0,0,0,0,0,16,0,0,0,0,0,0,0,0,0,2,1.1111111111111112,0.9999958401450958,0.0
54,20,1s2.2s2.2p6.3s2.3p6.3d2,3d,3,2,2,1.5,d,0,35,15.318236242385085,1,0,0,18,0,0,0,1,0,0,0,0,0,0,0,16,0,0,0,0,0,0,0,0,0,2,0.5555555555555556,0.9999958401450958,0.0
54,19,1s2.2s2.2p6.3s2.3p6.3d1,3d,3,2,1,1.5,d,0,36,14.615753461451872,0,0,0,18,0,0,0,0,0,0,0,0,0,0,0,16,0,0,0,0,0,0,0,0,0,2,0.0,0.9999958401450958,0.0
54,18,1s2.2s2.2p6.3s2.3p6,3p,3,1,6,1.5,p3,0,37,12.667818264554036,5,10,2,0,0,0,5,0,0,2,8,0,0,2,0,0,0,0,0,0,0,0,0,0,0,0,0.0,0.9999958401450958,0.0
54,17,1s2.2s2.2p6.3s2.3p5,3p,3,1,5,1.5,p3,0,38,12.08347223011717,4,10,2,0,0,0,4,0,0,2,8,0,0,2,0,0,0,0,0,0,0,0,0,0,0,0,-0.6000000000000001,0.9999958401450958,0.0
54,16,1s2.2s2.2p6.3s2.3p4,3p,3,1,4,1.5,p3,0,39,11.49928244974415,3,10,2,0,0,0,3,0,0,2,8,0,0,2,0,0,0,0,0,0,0,0,0,0,0,0,-1.2,0.9999958401450958,0.0
54,15,1s2.2s2.2p6.3s2.3p3,3p,3,1,3,1.5,p3,0,40,10.730818199117742,2,10,2,0,0,0,2,0,0,2,8,0,0,2,0,0,0,0,0,0,0,0,0,0,0,0,1.2,0.9999958401450958,0.0
54,14,1s2.2s2.2p6.3s2.3p2,3p,3,1,2,0.5,p1,0,41,10.145247180423096,1,10,2,0,0,0,1,0,0,2,8,0,0,2,0,0,0,0,0,0,0,0,0,0,0,0,0.6,0.9999958401450958,0.0
54,13,1s2.2s2.2p6.3s2.3p1,3p,3,1,1,0.5,p1,0,42,9.559774441642945,0,10,2,0,0,0,0,0,0,2,8,0,0,2,0,0,0,0,0,0,0,0,0,0,0,0,0.0,0.9999958401450958,0.0
54,12,1s2.2s2.2p6.3s2,3s,3,0,2,0.5,s,0,43,8.35113401342552,1,8,2,0,0,1,0,0,0,0,8,0,0,2,0,0,0,0,0,0,0,0,0,0,0,0,0.0,0.9999958401450958,0.0
54,11,1s2.2s2.2p6.3s1,3s,3,0,1,0.5,s,0,44,7.7856408855844075,0,8,2,0,0,0,0,0,0,0,8,0,0,2,0,0,0,0,0,0,0,0,0,0,0,0,0.0,0.9999958401450958,0.0
54,10,1s2.2s2.2p6,2p,2,1,6,1.5,p3,0,45,6.545979557232126,5,4,0,0,0,0,5,0,0,2,2,0,0,0,0,0,0,0,0,0,0,0,0,0,0,0,0.0,0.9999958401450958,0.0
54,9,1s2.2s2.2p5,2p,2,1,5,1.5,p3,0,46,5.88972955723213,4,4,0,0,0,0,4,0,0,2,2,0,0,0,0,0,0,0,0,0,0,0,0,0,0,0,-0.6000000000000001,0.9999958401450958,0.0
54,8,1s2.2s2.2p4,2p,2,1,4,1.5,p3,0,47,5.233479557232133,3,4,0,0,0,0,3,0,0,2,2,0,0,0,0,0,0,0,0,0,0,0,0,0,0,0,-1.2,0.9999958401450958,0.0
54,7,1s2.2s2.2p3,2p,2,1,3,1.5,p3,0,48,4.378670782625834,2,4,0,0,0,0,2,0,0,2,2,0,0,0,0,0,0,0,0,0,0,0,0,0,0,0,1.2,0.9999958401450958,0.0
54,6,1s2.2s2.2p2,2p,2,1,2,0.5,p1,0,49,3.7253535771907345,1,4,0,0,0,0,1,0,0,2,2,0,0,0,0,0,0,0,0,0,0,0,0,0,0,0,0.6,0.9999958401450958,0.0
54,5,1s2.2s2.2p1,2p,2,1,1,0.5,p1,0,50,3.0730091792350134,0,4,0,0,0,0,0,0,0,2,2,0,0,0,0,0,0,0,0,0,0,0,0,0,0,0,0.0,0.9999958401450958,0.0
54,4,1s2.2s2,2s,2,0,2,0.5,s,0,51,2.145875983124917,1,2,0,0,0,1,0,0,0,0,2,0,0,0,0,0,0,0,0,0,0,0,0,0,0,0,0.0,0.9999958401450958,7.165079593446067
54,3,1s2.2s1,2s,2,0,1,0.5,s,0,52,1.5912208504801093,0,2,0,0,0,0,0,0,0,0,2,0,0,0,0,0,0,0,0,0,0,0,0,0,0,0,0.0,0.9999958401450958,7.165079593446067
54,2,1s2,1s,1,0,2,0.5,s,0,53,0.625,1,0,0,0,0,1,0,0,0,0,0,0,0,0,0,0,0,0,0,0,0,0,0,0,0,0,0.0,0.9999958401450958,46.866835637927174
54,1,1s1,1s,1,0,1,0.5,s,0,54,0.0,0,0,0,0,0,0,0,0,0,0,0,0,0,0,0,0,0,0,0,0,0,0,0,0,0,0,0.0,0.9999958401450958,46.866835637927174
55,55,1s2.2s2.2p6.3s2.3p6.3d10.4s2.4p6.4d10.5s2.5p6.6s1,6s,6,0,1,0.5,s,0,1,42.82636714668471,0,8,46,0,0,0,0,0,0,0,8,0,0,8,10,0,0,0,0,0,0,0,0,0,28,0,0.0,0.9999958714876681,0.0
55,54,1s2.2s2.2p6.3s2.3p6.3d10.4s2.4p6.4d10.5s2.5p6,5p,5,1,6,1.5,p3,0,2,40.74252057444628,5,20,28,0,0,0,5,0,0,2,8,10,0,8,10,0,0,0,0,0,0,0,0,0,10,0,0.0,0.9999958714876681,0.0
55,53,1s2.2s2.2p6.3s2.3p6.3d10.4s2.4p6.4d10.5s2.5p5,5p,5,1,5,1.5,p3,0,3,40.193448308821154,4,20,28,0,0,0,4,0,0,2,8,10,0,8,10,0,0,0,0,0,0,0,0,0,10,0,-0.6000000000000001,0.9999958714876681,0.0
55,52,1s2.2s2.2p6.3s2.3p6.3d10.4s2.4p6.4d10.5s2.5p4,5p,5,1,4,1.5,p3,0,4,39.644376043196026,3,20,28,0,0,0,3,0,0,2,8,10,0,8,10,0,0,0,0,0,0,0,0,0,10,0,-1.2,0.9999958714876681,0.0
55,51,1s2.2s2.2p6.3s2.3p6.3d10.4s2.4p6.4d10.5s2.5p3,5p,5,1,3,1.5,p3,0,5,38.9050571955401,2,20,28,0,0,0,2,0,0,2,8,10,0,8,10,0,0,0,0,0,0,0,0,0,10,0,1.2,0.9999958714876681,0.0
55,50,1s2.2s2.2p6.3s2.3p6.3d10.4s2.4p6.4d10.5s2.5p2,5p,5,1,2,0.5,p1,0,6,38.355984929914975,1,20,28,0,0,0,1,0,0,2,8,10,0,8,10,0,0,0,0,0,0,0,0,0,10,0,0.6,0.9999958714876681,0.0
55,49,1s2.2s2.2p6.3s2.3p6.3d10.4s2.4p6.4d10.5s2.5p1,5p,5,1,1,0.5,p1,0,7,37.80691266428985,0,20,28,0,0,0,0,0,0,2,8,10,0,8,10,0,0,0,0,0,0,0,0,0,10,0,0.0,0.9999958714876681,0.0
55,48,1s2.2s2.2p6.3s2.3p6.3d10.4s2.4p6.4d10.5s2,5s,5,0,2,0.5,s,0,8,36.15472244361083,1,18,28,0,0,1,0,0,0,0,8,10,0,8,10,0,0,0,0,0,0,0,0,0,10,0,0.0,0.9999958714876681,0.0
55,47,1s2.2s2.2p6.3s2.3p6.3d10.4s2.4p6.4d10.5s1,5s,5,0,1,0.5,s,0,9,35.55897354224375,0,18,28,0,0,0,0,0,0,0,8,10,0,8,10,0,0,0,0,0,0,0,0,0,10,0,0.0,0.9999958714876681,0.0
55,46,1s2.2s2.2p6.3s2.3p6.3d10.4s2.4p6.4d10,4d,4,2,10,2.5,d,0,10,35.18427854681272,9,0,0,36,0,0,0,9,0,0,0,0,0,0,0,16,10,0,0,0,0,0,0,0,0,10,0.0,0.9999958714876681,0.0
55,45,1s2.2s2.2p6.3s2.3p6.3d10.4s2.4p6.4d9,4d,4,2,9,2.5,d,0,11,34.56268954011648,8,0,0,36,0,0,0,8,0,0,0,0,0,0,0,16,10,0,0,0,0,0,0,0,0,10,-0.5555555555555554,0.9999958714876681,0.0
55,44,1s2.2s2.2p6.3s2.3p6.3d10.4s2.4p6.4d8,4d,4,2,8,2.5,d,0,12,33.90183225775024,7,0,0,36,0,0,0,7,0,0,0,0,0,0,0,16,10,0,0,0,0,0,0,0,0,10,-1.1111111111111112,0.9999958714876681,0.0
55,43,1s2.2s2.2p6.3s2.3p6.3d10.4s2.4p6.4d7,4d,4,2,7,2.5,d,0,13,33.24097497538423,6,0,0,36,0,0,0,6,0,0,0,0,0,0,0,16,10,0,0,0,0,0,0,0,0,10,-1.6666666666666665,0.9999958714876681,0.0
55,42,1s2.2s2.2p6.3s2.3p6.3d10.4s2.4p6.4d6,4d,4,2,6,2.5,d,0,14,32.619385968687766,5,0,0,36,0,0,0,5,0,0,0,0,0,0,0,16,10,0,0,0,0,0,0,0,0,10,-2.2222222222222223,0.9999958714876681,0.0
55,41,1s2.2s2.2p6.3s2.3p6.3d10.4s2.4p6.4d5,4d,4,2,5,2.5,d,0,15,31.77042966985971,4,0,0,36,0,0,0,4,0,0,0,0,0,0,0,16,10,0,0,0,0,0,0,0,0,10,2.2222222222222223,0.9999958714876681,0.0
55,40,1s2.2s2.2p6.3s2.3p6.3d10.4s2.4p6.4d4,4d,4,2,4,1.5,d,0,16,31.14884066316324,3,0,0,36,0,0,0,3,0,0,0,0,0,0,0,16,10,0,0,0,0,0,0,0,0,10,1.6666666666666667,0.9999958714876681,0.0
55,39,1s2.2s2.2p6.3s2.3p6.3d10.4s2.4p6.4d3,4d,4,2,3,1.5,d,0,17,30.487983380797118,2,0,0,36,0,0,0,2,0,0,0,0,0,0,0,16,10,0,0,0,0,0,0,0,0,10,1.1111111111111112,0.9999958714876681,0.0
55,38,1s2.2s2.2p6.3s2.3p6.3d10.4s2.4p6.4d2,4d,4,2,2,1.5,d,0,18,29.82712609843111,1,0,0,36,0,0,0,1,0,0,0,0,0,0,0,16,10,0,0,0,0,0,0,0,0,10,0.5555555555555556,0.9999958714876681,0.0
55,37,1s2.2s2.2p6.3s2.3p6.3d10.4s2.4p6.4d1,4d,4,2,1,1.5,d,0,19,29.20553709173464,0,0,0,36,0,0,0,0,0,0,0,0,0,0,0,16,10,0,0,0,0,0,0,0,0,10,0.0,0.9999958714876681,0.0
55,36,1s2.2s2.2p6.3s2.3p6.3d10.4s2.4p6,4p,4,1,6,1.5,p3,0,20,26.676544772007787,5,20,10,0,0,0,5,0,0,2,8,10,0,8,0,0,0,0,0,0,0,0,0,0,2,0,0.0,0.9999958714876681,0.0
55,35,1s2.2s2.2p6.3s2.3p6.3d10.4s2.4p5,4p,4,1,5,1.5,p3,0,21,26.117340670445287,4,20,10,0,0,0,4,0,0,2,8,10,0,8,0,0,0,0,0,0,0,0,0,0,2,0,-0.6000000000000001,0.9999958714876681,0.0
55,34,1s2.2s2.2p6.3s2.3p6.3d10.4s2.4p4,4p,4,1,4,1.5,p3,0,22,25.558136568882787,3,20,10,0,0,0,3,0,0,2,8,10,0,8,0,0,0,0,0,0,0,0,0,0,2,0,-1.2,0.9999958714876681,0.0
55,33,1s2.2s2.2p6.3s2.3p6.3d10.4s2.4p3,4p,4,1,3,1.5,p3,0,23,24.807678805211026,2,20,10,0,0,0,2,0,0,2,8,10,0,8,0,0,0,0,0,0,0,0,0,0,2,0,1.2,0.9999958714876681,0.0
55,32,1s2.2s2.2p6.3s2.3p6.3d10.4s2.4p2,4p,4,1,2,0.5,p1,0,24,24.24270156046225,1,20,10,0,0,0,1,0,0,2,8,10,0,8,0,0,0,0,0,0,0,0,0,0,2,0,0.6,0.9999958714876681,0.0
55,31,1s2.2s2.2p6.3s2.3p6.3d10.4s2.4p1,4p,4,1,1,0.5,p1,0,25,23.681451647104154,0,20,10,0,0,0,0,0,0,2,8,10,0,8,0,0,0,0,0,0,0,0,0,0,2,0,0.0,0.9999958714876681,0.0
55,30,1s2.2s2.2p6.3s2.3p6.3d10.4s2,4s,4,0,2,0.5,s,0,26,22.126593730819764,1,18,10,0,0,1,0,0,0,0,8,10,0,8,0,0,0,0,0,0,0,0,0,0,2,0,0.0,0.9999958714876681,0.0
55,29,1s2.2s2.2p6.3s2.3p6.3d10.4s1,4s,4,0,1,0.5,s,0,27,21.554071296483926,0,18,10,0,0,0,0,0,0,0,8,10,0,8,0,0,0,0,0,0,0,0,0,0,2,0,0.0,0.9999958714876681,0.0
55,28,1s2.2s2.2p6.3s2.3p6.3d10,3d,3,2,10,2.5,d,0,28,21.379455336979806,9,0,0,18,0,0,0,9,0,0,0,0,0,0,0,16,0,0,0,0,0,0,0,0,0,2,0.0,0.9999958714876681,0.0
55,27,1s2.2s2.2p6.3s2.3p6.3d9,3d,3,2,9,2.5,d,0,29,20.677223194122995,8,0,0,18,0,0,0,8,0,0,0,0,0,0,0,16,0,0,0,0,0,0,0,0,0,2,-0.5555555555555554,0.9999958714876681,0.0
55,26,1s2.2s2.2p6.3s2.3p6.3d8,3d,3,2,8,2.5,d,0,30,19.92856167011884,7,0,0,18,0,0,0,7,0,0,0,0,0,0,0,16,0,0,0,0,0,0,0,0,0,2,-1.1111111111111112,0.9999958714876681,0.0
55,25,1s2.2s2.2p6.3s2.3p6.3d7,3d,3,2,7,2.5,d,0,31,19.180019458485546,6,0,0,18,0,0,0,6,0,0,0,0,0,0,0,16,0,0,0,0,0,0,0,0,0,2,-1.6666666666666665,0.9999958714876681,0.0
55,24,1s2.2s2.2p6.3s2.3p6.3d6,3d,3,2,6,2.5,d,0,32,18.477999944610033,5,0,0,18,0,0,0,5,0,0,0,0,0,0,0,16,0,0,0,0,0,0,0,0,0,2,-2.2222222222222223,0.9999958714876681,0.0
55,23,1s2.2s2.2p6.3s2.3p6.3d5,3d,3,2,5,2.5,d,0,33,17.516342790782076,4,0,0,18,0,0,0,4,0,0,0,0,0,0,0,16,0,0,0,0,0,0,0,0,0,2,2.2222222222222223,0.9999958714876681,0.0
55,22,1s2.2s2.2p6.3s2.3p6.3d4,3d,3,2,4,1.5,d,0,34,16.81369270190474,3,0,0,18,0,0,0,3,0,0,0,0,0,0,0,16,0,0,0,0,0,0,0,0,0,2,1.6666666666666667,0.9999958714876681,0.0
55,21,1s2.2s2.2p6.3s2.3p6.3d3,3d,3,2,3,1.5,d,0,35,16.06581898178117,2,0,0,18,0,0,0,2,0,0,0,0,0,0,0,16,0,0,0,0,0,0,0,0,0,2,1.1111111111111112,0.9999958714876681,0.0
55,20,1s2.2s2.2p6.3s2.3p6.3d2,3d,3,2,2,1.5,d,0,36,15.318236242385085,1,0,0,18,0,0,0,1,0,0,0,0,0,0,0,16,0,0,0,0,0,0,0,0,0,2,0.5555555555555556,0.9999958714876681,0.0
55,19,1s2.2s2.2p6.3s2.3p6.3d1,3d,3,2,1,1.5,d,0,37,14.615753461451872,0,0,0,18,0,0,0,0,0,0,0,0,0,0,0,16,0,0,0,0,0,0,0,0,0,2,0.0,0.9999958714876681,0.0
55,18,1s2.2s2.2p6.3s2.3p6,3p,3,1,6,1.5,p3,0,38,12.667818264554036,5,10,2,0,0,0,5,0,0,2,8,0,0,2,0,0,0,0,0,0,0,0,0,0,0,0,0.0,0.9999958714876681,0.0
55,17,1s2.2s2.2p6.3s2.3p5,3p,3,1,5,1.5,p3,0,39,12.08347223011717,4,10,2,0,0,0,4,0,0,2,8,0,0,2,0,0,0,0,0,0,0,0,0,0,0,0,-0.6000000000000001,0.9999958714876681,0.0
55,16,1s2.2s2.2p6.3s2.3p4,3p,3,1,4,1.5,p3,0,40,11.49928244974415,3,10,2,0,0,0,3,0,0,2,8,0,0,2,0,0,0,0,0,0,0,0,0,0,0,0,-1.2,0.9999958714876681,0.0
55,15,1s2.2s2.2p6.3s2.3p3,3p,3,1,3,1.5,p3,0,41,10.730818199117742,2,10,2,0,0,0,2,0,0,2,8,0,0,2,0,0,0,0,0,0,0,0,0,0,0,0,1.2,0.9999958714876681,0.0
55,14,1s2.2s2.2p6.3s2.3p2,3p,3,1,2,0.5,p1,0,42,10.145247180423096,1,10,2,0,0,0,1,0,0,2,8,0,0,2,0,0,0,0,0,0,0,0,0,0,0,0,0.6,0.9999958714876681,0.0
55,13,1s2.2s2.2p6.3s2.3p1,3p,3,1,1,0.5,p1,0,43,9.559774441642945,0,10,2,0,0,0,0,0,0,2,8,0,0,2,0,0,0,0,0,0,0,0,0,0,0,0,0.0,0.9999958714876681,0.0
55,12,1s2.2s2.2p6.3s2,3s,3,0,2,0.5,s,0,44,8.35113401342552,1,8,2,0,0,1,0,0,0,0,8,0,0,2,0,0,0,0,0,0,0,0,0,0,0,0,0.0,0.9999958714876681,0.0
55,11,1s2.2s2.2p6.3s1,3s,3,0,1,0.5,s,0,45,7.7856408855844075,0,8,2,0,0,0,0,0,0,0,8,0,0,2,0,0,0,0,0,0,0,0,0,0,0,0,0.0,0.9999958714876681,0.0
55,10,1s2.2s2.2p6,2p,2,1,6,1.5,p3,0,46,6.545979557232126,5,4,0,0,0,0,5,0,0,2,2,0,0,0,0,0,0,0,0,0,0,0,0,0,0,0,0.0,0.9999958714876681,0.0
55,9,1s2.2s2.2p5,2p,2,1,5,1.5,p3,0,47,5.88972955723213,4,4,0,0,0,0,4,0,0,2,2,0,0,0,0,0,0,0,0,0,0,0,0,0,0,0,-0.6000000000000001,0.9999958714876681,0.0
55,8,1s2.2s2.2p4,2p,2,1,4,1.5,p3,0,48,5.233479557232133,3,4,0,0,0,0,3,0,0,2,2,0,0,0,0,0,0,0,0,0,0,0,0,0,0,0,-1.2,0.9999958714876681,0.0
55,7,1s2.2s2.2p3,2p,2,1,3,1.5,p3,0,49,4.378670782625834,2,4,0,0,0,0,2,0,0,2,2,0,0,0,0,0,0,0,0,0,0,0,0,0,0,0,1.2,0.9999958714876681,0.0
55,6,1s2.2s2.2p2,2p,2,1,2,0.5,p1,0,50,3.7253535771907345,1,4,0,0,0,0,1,0,0,2,2,0,0,0,0,0,0,0,0,0,0,0,0,0,0,0,0.6,0.9999958714876681,0.0
55,5,1s2.2s2.2p1,2p,2,1,1,0.5,p1,0,51,3.0730091792350134,0,4,0,0,0,0,0,0,0,2,2,0,0,0,0,0,0,0,0,0,0,0,0,0,0,0,0.0,0.9999958714876681,0.0
55,4,1s2.2s2,2s,2,0,2,0.5,s,0,52,2.145875983124917,1,2,0,0,0,1,0,0,0,0,2,0,0,0,0,0,0,0,0,0,0,0,0,0,0,0,0.0,0.9999958714876681,7.670704849732222
55,3,1s2.2s1,2s,2,0,1,0.5,s,0,53,1.5912208504801093,0,2,0,0,0,0,0,0,0,0,2,0,0,0,0,0,0,0,0,0,0,0,0,0,0,0,0.0,0.9999958714876681,7.670704849732222
55,2,1s2,1s,1,0,2,0.5,s,0,54,0.625,1,0,0,0,0,1,0,0,0,0,0,0,0,0,0,0,0,0,0,0,0,0,0,0,0,0,0.0,0.9999958714876681,49.96324836609155
55,1,1s1,1s,1,0,1,0.5,s,0,55,0.0,0,0,0,0,0,0,0,0,0,0,0,0,0,0,0,0,0,0,0,0,0,0,0,0,0,0,0.0,0.9999958714876681,49.96324836609155
56,56,1s2.2s2.2p6.3s2.3p6.3d10.4s2.4p6.4d10.5s2.5p6.6s2,6s,6,0,2,0.5,s,0,1,43.421796567155624,1,8,46,0,0,1,0,0,0,0,8,0,0,8,10,0,0,0,0,0,0,0,0,0,28,0,0.0,0.9999960211832205,0.0
56,55,1s2.2s2.2p6.3s2.3p6.3d10.4s2.4p6.4d10.5s2.5p6.6s1,6s,6,0,1,0.5,s,0,2,42.82636714668471,0,8,46,0,0,0,0,0,0,0,8,0,0,8,10,0,0,0,0,0,0,0,0,0,28,0,0.0,0.9999960211832205,0.0
56,54,1s2.2s2.2p6.3s2.3p6.3d10.4s2.4p6.4d10.5s2.5p6,5p,5,1,6,1.5,p3,0,3,40.74252057444628,5,20,28,0,0,0,5,0,0,2,8,10,0,8,10,0,0,0,0,0,0,0,0,0,10,0,0.0,0.9999960211832205,0.0
56,53,1s2.2s2.2p6.3s2.3p6.3d10.4s2.4p6.4d10.5s2.5p5,5p,5,1,5,1.5,p3,0,4,40.193448308821154,4,20,28,0,0,0,4,0,0,2,8,10,0,8,10,0,0,0,0,0,0,0,0,0,10,0,-0.6000000000000001,0.9999960211832205,0.0
56,52,1s2.2s2.2p6.3s2.3p6.3d10.4s2.4p6.4d10.5s2.5p4,5p,5,1,4,1.5,p3,0,5,39.644376043196026,3,20,28,0,0,0,3,0,0,2,8,10,0,8,10,0,0,0,0,0,0,0,0,0,10,0,-1.2,0.9999960211832205,0.0
56,51,1s2.2s2.2p6.3s2.3p6.3d10.4s2.4p6.4d10.5s2.5p3,5p,5,1,3,1.5,p3,0,6,38.9050571955401,2,20,28,0,0,0,2,0,0,2,8,10,0,8,10,0,0,0,0,0,0,0,0,0,10,0,1.2,0.9999960211832205,0.0
56,50,1s2.2s2.2p6.3s2.3p6.3d10.4s2.4p6.4d10.5s2.5p2,5p,5,1,2,0.5,p1,0,7,38.355984929914975,1,20,28,0,0,0,1,0,0,2,8,10,0,8,10,0,0,0,0,0,0,0,0,0,10,0,0.6,0.9999960211832205,0.0
56,49,1s2.2s2.2p6.3s2.3p6.3d10.4s2.4p6.4d10.5s2.5p1,5p,5,1,1,0.5,p1,0,8,37.80691266428985,0,20,28,0,0,0,0,0,0,2,8,10,0,8,10,0,0,0,0,0,0,0,0,0,10,0,0.0,0.9999960211832205,0.0
56,48,1s2.2s2.2p6.3s2.3p6.3d10.4s2.4p6.4d10.5s2,5s,5,0,2,0.5,s,0,9,36.15472244361083,1,18,28,0,0,1,0,0,0,0,8,10,0,8,10,0,0,0,0,0,0,0,0,0,10,0,0.0,0.9999960211832205,0.0
56,47,1s2.2s2.2p6.3s2.3p6.3d10.4s2.4p6.4d10.5s1,5s,5,0,1,0.5,s,0,10,35.55897354224375,0,18,28,0,0,0,0,0,0,0,8,10,0,8,10,0,0,0,0,0,0,0,0,0,10,0,0.0,0.9999960211832205,0.0
56,46,1s2.2s2.2p6.3s2.3p6.3d10.4s2.4p6.4d10,4d,4,2,10,2.5,d,0,11,35.18427854681272,9,0,0,36,0,0,0,9,0,0,0,0,0,0,0,16,10,0,0,0,0,0,0,0,0,10,0.0,0.9999960211832205,0.0
56,45,1s2.2s2.2p6.3s2.3p6.3d10.4s2.4p6.4d9,4d,4,2,9,2.5,d,0,12,34.56268954011648,8,0,0,36,0,0,0,8,0,0,0,0,0,0,0,16,10,0,0,0,0,0,0,0,0,10,-0.5555555555555554,0.9999960211832205,0.0
56,44,1s2.2s2.2p6.3s2.3p6.3d10.4s2.4p6.4d8,4d,4,2,8,2.5,d,0,13,33.90183225775024,7,0,0,36,0,0,0,7,0,0,0,0,0,0,0,16,10,0,0,0,0,0,0,0,0,10,-1.1111111111111112,0.9999960211832205,0.0
56,43,1s2.2s2.2p6.3s2.3p6.3d10.4s2.4p6.4d7,4d,4,2,7,2.5,d,0,14,33.24097497538423,6,0,0,36,0,0,0,6,0,0,0,0,0,0,0,16,10,0,0,0,0,0,0,0,0,10,-1.6666666666666665,0.9999960211832205,0.0
56,42,1s2.2s2.2p6.3s2.3p6.3d10.4s2.4p6.4d6,4d,4,2,6,2.5,d,0,15,32.619385968687766,5,0,0,36,0,0,0,5,0,0,0,0,0,0,0,16,10,0,0,0,0,0,0,0,0,10,-2.2222222222222223,0.9999960211832205,0.0
56,41,1s2.2s2.2p6.3s2.3p6.3d10.4s2.4p6.4d5,4d,4,2,5,2.5,d,0,16,31.77042966985971,4,0,0,36,0,0,0,4,0,0,0,0,0,0,0,16,10,0,0,0,0,0,0,0,0,10,2.2222222222222223,0.9999960211832205,0.0
56,40,1s2.2s2.2p6.3s2.3p6.3d10.4s2.4p6.4d4,4d,4,2,4,1.5,d,0,17,31.14884066316324,3,0,0,36,0,0,0,3,0,0,0,0,0,0,0,16,10,0,0,0,0,0,0,0,0,10,1.6666666666666667,0.9999960211832205,0.0
56,39,1s2.2s2.2p6.3s2.3p6.3d10.4s2.4p6.4d3,4d,4,2,3,1.5,d,0,18,30.487983380797118,2,0,0,36,0,0,0,2,0,0,0,0,0,0,0,16,10,0,0,0,0,0,0,0,0,10,1.1111111111111112,0.9999960211832205,0.0
56,38,1s2.2s2.2p6.3s2.3p6.3d10.4s2.4p6.4d2,4d,4,2,2,1.5,d,0,19,29.82712609843111,1,0,0,36,0,0,0,1,0,0,0,0,0,0,0,16,10,0,0,0,0,0,0,0,0,10,0.5555555555555556,0.9999960211832205,0.0
56,37,1s2.2s2.2p6.3s2.3p6.3d10.4s2.4p6.4d1,4d,4,2,1,1.5,d,0,20,29.20553709173464,0,0,0,36,0,0,0,0,0,0,0,0,0,0,0,16,10,0,0,0,0,0,0,0,0,10,0.0,0.9999960211832205,0.0
56,36,1s2.2s2.2p6.3s2.3p6.3d10.4s2.4p6,4p,4,1,6,1.5,p3,0,21,26.676544772007787,5,20,10,0,0,0,5,0,0,2,8,10,0,8,0,0,0,0,0,0,0,0,0,0,2,0,0.0,0.9999960211832205,0.0
56,35,1s2.2s2.2p6.3s2.3p6.3d10.4s2.4p5,4p,4,1,5,1.5,p3,0,22,26.117340670445287,4,20,10,0,0,0,4,0,0,2,8,10,0,8,0,0,0,0,0,0,0,0,0,0,2,0,-0.6000000000000001,0.9999960211832205,0.0
56,34,1s2.2s2.2p6.3s2.3p6.3d10.4s2.4p4,4p,4,1,4,1.5,p3,0,23,25.558136568882787,3,20,10,0,0,0,3,0,0,2,8,10,0,8,0,0,0,0,0,0,0,0,0,0,2,0,-1.2,0.9999960211832205,0.0
56,33,1s2.2s2.2p6.3s2.3p6.3d10.4s2.4p3,4p,4,1,3,1.5,p3,0,24,24.807678805211026,2,20,10,0,0,0,2,0,0,2,8,10,0,8,0,0,0,0,0,0,0,0,0,0,2,0,1.2,0.9999960211832205,0.0
56,32,1s2.2s2.2p6.3s2.3p6.3d10.4s2.4p2,4p,4,1,2,0.5,p1,0,25,24.24270156046225,1,20,10,0,0,0,1,0,0,2,8,10,0,8,0,0,0,0,0,0,0,0,0,0,2,0,0.6,0.9999960211832205,0.0
56,31,1s2.2s2.2p6.3s2.3p6.3d10.4s2.4p1,4p,4,1,1,0.5,p1,0,26,23.681451647104154,0,20,10,0,0,0,0,0,0,2,8,10,0,8,0,0,0,0,0,0,0,0,0,0,2,0,0.0,0.9999960211832205,0.0
56,30,1s2.2s2.2p6.3s2.3p6.3d10.4s2,4s,4,0,2,0.5,s,0,27,22.126593730819764,1,18,10,0,0,1,0,0,0,0,8,10,0,8,0,0,0,0,0,0,0,0,0,0,2,0,0.0,0.9999960211832205,0.0
56,29,1s2.2s2.2p6.3s2.3p6.3d10.4s1,4s,4,0,1,0.5,s,0,28,21.554071296483926,0,18,10,0,0,0,0,0,0,0,8,10,0,8,0,0,0,0,0,0,0,0,0,0,2,0,0.0,0.9999960211832205,0.0
56,28,1s2.2s2.2p6.3s2.3p6.3d10,3d,3,2,10,2.5,d,0,29,21.379455336979806,9,0,0,18,0,0,0,9,0,0,0,0,0,0,0,16,0,0,0,0,0,0,0,0,0,2,0.0,0.9999960211832205,0.0
56,27,1s2.2s2.2p6.3s2.3p6.3d9,3d,3,2,9,2.5,d,0,30,20.677223194122995,8,0,0,18,0,0,0,8,0,0,0,0,0,0,0,16,0,0,0,0,0,0,0,0,0,2,-0.5555555555555554,0.9999960211832205,0.0
56,26,1s2.2s2.2p6.3s2.3p6.3d8,3d,3,2,8,2.5,d,0,31,19.92856167011884,7,0,0,18,0,0,0,7,0,0,0,0,0,0,0,16,0,0,0,0,0,0,0,0,0,2,-1.1111111111111112,0.9999960211832205,0.0
56,25,1s2.2s2.2p6.3s2.3p6.3d7,3d,3,2,7,2.5,d,0,32,19.180019458485546,6,0,0,18,0,0,0,6,0,0,0,0,0,0,0,16,0,0,0,0,0,0,0,0,0,2,-1.6666666666666665,0.9999960211832205,0.0
56,24,1s2.2s2.2p6.3s2.3p6.3d6,3d,3,2,6,2.5,d,0,33,18.477999944610033,5,0,0,18,0,0,0,5,0,0,0,0,0,0,0,16,0,0,0,0,0,0,0,0,0,2,-2.2222222222222223,0.9999960211832205,0.0
56,23,1s2.2s2.2p6.3s2.3p6.3d5,3d,3,2,5,2.5,d,0,34,17.516342790782076,4,0,0,18,0,0,0,4,0,0,0,0,0,0,0,16,0,0,0,0,0,0,0,0,0,2,2.2222222222222223,0.9999960211832205,0.0
56,22,1s2.2s2.2p6.3s2.3p6.3d4,3d,3,2,4,1.5,d,0,35,16.81369270190474,3,0,0,18,0,0,0,3,0,0,0,0,0,0,0,16,0,0,0,0,0,0,0,0,0,2,1.6666666666666667,0.9999960211832205,0.0
56,21,1s2.2s2.2p6.3s2.3p6.3d3,3d,3,2,3,1.5,d,0,36,16.06581898178117,2,0,0,18,0,0,0,2,0,0,0,0,0,0,0,16,0,0,0,0,0,0,0,0,0,2,1.1111111111111112,0.9999960211832205,0.0
56,20,1s2.2s2.2p6.3s2.3p6.3d2,3d,3,2,2,1.5,d,0,37,15.318236242385085,1,0,0,18,0,0,0,1,0,0,0,0,0,0,0,16,0,0,0,0,0,0,0,0,0,2,0.5555555555555556,0.9999960211832205,0.0
56,19,1s2.2s2.2p6.3s2.3p6.3d1,3d,3,2,1,1.5,d,0,38,14.615753461451872,0,0,0,18,0,0,0,0,0,0,0,0,0,0,0,16,0,0,0,0,0,0,0,0,0,2,0.0,0.9999960211832205,0.0
56,18,1s2.2s2.2p6.3s2.3p6,3p,3,1,6,1.5,p3,0,39,12.667818264554036,5,10,2,0,0,0,5,0,0,2,8,0,0,2,0,0,0,0,0,0,0,0,0,0,0,0,0.0,0.9999960211832205,0.0
56,17,1s2.2s2.2p6.3s2.3p5,3p,3,1,5,1.5,p3,0,40,12.08347223011717,4,10,2,0,0,0,4,0,0,2,8,0,0,2,0,0,0,0,0,0,0,0,0,0,0,0,-0.6000000000000001,0.9999960211832205,0.0
56,16,1s2.2s2.2p6.3s2.3p4,3p,3,1,4,1.5,p3,0,41,11.49928244974415,3,10,2,0,0,0,3,0,0,2,8,0,0,2,0,0,0,0,0,0,0,0,0,0,0,0,-1.2,0.9999960211832205,0.0
56,15,1s2.2s2.2p6.3s2.3p3,3p,3,1,3,1.5,p3,0,42,10.730818199117742,2,10,2,0,0,0,2,0,0,2,8,0,0,2,0,0,0,0,0,0,0,0,0,0,0,0,1.2,0.9999960211832205,0.0
56,14,1s2.2s2.2p6.3s2.3p2,3p,3,1,2,0.5,p1,0,43,10.145247180423096,1,10,2,0,0,0,1,0,0,2,8,0,0,2,0,0,0,0,0,0,0,0,0,0,0,0,0.6,0.9999960211832205,0.0
56,13,1s2.2s2.2p6.3s2.3p1,3p,3,1,1,0.5,p1,0,44,9.559774441642945,0,10,2,0,0,0,0,0,0,2,8,0,0,2,0,0,0,0,0,0,0,0,0,0,0,0,0.0,0.9999960211832205,0.0
56,12,1s2.2s2.2p6.3s2,3s,3,0,2,0.5,s,0,45,8.35113401342552,1,8,2,0,0,1,0,0,0,0,8,0,0,2,0,0,0,0,0,0,0,0,0,0,0,0,0.0,0.9999960211832205,0.0
56,11,1s2.2s2.2p6.3s1,3s,3,0,1,0.5,s,0,46,7.7856408855844075,0,8,2,0,0,0,0,0,0,0,8,0,0,2,0,0,0,0,0,0,0,0,0,0,0,0,0.0,0.9999960211832205,0.0
56,10,1s2.2s2.2p6,2p,2,1,6,1.5,p3,0,47,6.545979557232126,5,4,0,0,0,0,5,0,0,2,2,0,0,0,0,0,0,0,0,0,0,0,0,0,0,0,0.0,0.9999960211832205,0.0
56,9,1s2.2s2.2p5,2p,2,1,5,1.5,p3,0,48,5.88972955723213,4,4,0,0,0,0,4,0,0,2,2,0,0,0,0,0,0,0,0,0,0,0,0,0,0,0,-0.6000000000000001,0.9999960211832205,0.0
56,8,1s2.2s2.2p4,2p,2,1,4,1.5,p3,0,49,5.233479557232133,3,4,0,0,0,0,3,0,0,2,2,0,0,0,0,0,0,0,0,0,0,0,0,0,0,0,-1.2,0.9999960211832205,0.0
56,7,1s2.2s2.2p3,2p,2,1,3,1.5,p3,0,50,4.378670782625834,2,4,0,0,0,0,2,0,0,2,2,0,0,0,0,0,0,0,0,0,0,0,0,0,0,0,1.2,0.9999960211832205,0.0
56,6,1s2.2s2.2p2,2p,2,1,2,0.5,p1,0,51,3.7253535771907345,1,4,0,0,0,0,1,0,0,2,2,0,0,0,0,0,0,0,0,0,0,0,0,0,0,0,0.6,0.9999960211832205,0.0
56,5,1s2.2s2.2p1,2p,2,1,1,0.5,p1,0,52,3.0730091792350134,0,4,0,0,0,0,0,0,0,2,2,0,0,0,0,0,0,0,0,0,0,0,0,0,0,0,0.0,0.9999960211832205,0.0
56,4,1s2.2s2,2s,2,0,2,0.5,s,0,53,2.145875983124917,1,2,0,0,0,1,0,0,0,0,2,0,0,0,0,0,0,0,0,0,0,0,0,0,0,0,0.0,0.9999960211832205,8.208775966804359
56,3,1s2.2s1,2s,2,0,1,0.5,s,0,54,1.5912208504801093,0,2,0,0,0,0,0,0,0,0,2,0,0,0,0,0,0,0,0,0,0,0,0,0,0,0,0.0,0.9999960211832205,8.208775966804359
56,2,1s2,1s,1,0,2,0.5,s,0,55,0.625,1,0,0,0,0,1,0,0,0,0,0,0,0,0,0,0,0,0,0,0,0,0,0,0,0,0,0.0,0.9999960211832205,53.24234604884814
56,1,1s1,1s,1,0,1,0.5,s,0,56,0.0,0,0,0,0,0,0,0,0,0,0,0,0,0,0,0,0,0,0,0,0,0,0,0,0,0,0,0.0,0.9999960211832205,53.24234604884814
57,57,1s2.2s2.2p6.3s2.3p6.3d10.4s2.4p6.4d10.5s2.5p6.5d1.6s2,6s,6,0,2,0.5,s,1,1,44.11726893265539,1,9,46,0,0,1,0,0,0,0,8,1,0,8,10,0,0,0,0,0,0,0,0,0,28,0,0.0,0.9999960498508819,0.0
57,56,1s2.2s2.2p6.3s2.3p6.3d10.4s2.4p6.4d10.5s2.5p6.5d2,5d,5,2,2,1.5,d,0,2,44.029652720840986,1,0,0,54,0,0,0,1,0,0,0,0,0,0,0,16,10,0,0,0,0,0,0,0,0,28,0.5555555555555556,0.9999960498508819,0.0
57,55,1s2.2s2.2p6.3s2.3p6.3d10.4s2.4p6.4d10.5s2.5p6.5d1,5d,5,2,1,1.5,d,0,3,43.439853812996496,0,0,0,54,0,0,0,0,0,0,0,0,0,0,0,16,10,0,0,0,0,0,0,0,0,28,0.0,0.9999960498508819,0.0
57,54,1s2.2s2.2p6.3s2.3p6.3d10.4s2.4p6.4d10.5s2.5p6,5p,5,1,6,1.5,p3,0,4,40.74252057444628,5,20,28,0,0,0,5,0,0,2,8,10,0,8,10,0,0,0,0,0,0,0,0,0,10,0,0.0,0.9999960498508819,0.0
57,53,1s2.2s2.2p6.3s2.3p6.3d10.4s2.4p6.4d10.5s2.5p5,5p,5,1,5,1.5,p3,0,5,40.193448308821154,4,20,28,0,0,0,4,0,0,2,8,10,0,8,10,0,0,0,0,0,0,0,0,0,10,0,-0.6000000000000001,0.9999960498508819,0.0
57,52,1s2.2s2.2p6.3s2.3p6.3d10.4s2.4p6.4d10.5s2.5p4,5p,5,1,4,1.5,p3,0,6,39.644376043196026,3,20,28,0,0,0,3,0,0,2,8,10,0,8,10,0,0,0,0,0,0,0,0,0,10,0,-1.2,0.9999960498508819,0.0
57,51,1s2.2s2.2p6.3s2.3p6.3d10.4s2.4p6.4d10.5s2.5p3,5p,5,1,3,1.5,p3,0,7,38.9050571955401,2,20,28,0,0,0,2,0,0,2,8,10,0,8,10,0,0,0,0,0,0,0,0,0,10,0,1.2,0.9999960498508819,0.0
57,50,1s2.2s2.2p6.3s2.3p6.3d10.4s2.4p6.4d10.5s2.5p2,5p,5,1,2,0.5,p1,0,8,38.355984929914975,1,20,28,0,0,0,1,0,0,2,8,10,0,8,10,0,0,0,0,0,0,0,0,0,10,0,0.6,0.9999960498508819,0.0
57,49,1s2.2s2.2p6.3s2.3p6.3d10.4s2.4p6.4d10.5s2.5p1,5p,5,1,1,0.5,p1,0,9,37.80691266428985,0,20,28,0,0,0,0,0,0,2,8,10,0,8,10,0,0,0,0,0,0,0,0,0,10,0,0.0,0.9999960498508819,0.0
57,48,1s2.2s2.2p6.3s2.3p6.3d10.4s2.4p6.4d10.5s2,5s,5,0,2,0.5,s,0,10,36.15472244361083,1,18,28,0,0,1,0,0,0,0,8,10,0,8,10,0,0,0,0,0,0,0,0,0,10,0,0.0,0.9999960498508819,0.0
57,47,1s2.2s2.2p6.3s2.3p6.3d10.4s2.4p6.4d10.5s1,5s,5,0,1,0.5,s,0,11,35.55897354224375,0,18,28,0,0,0,0,0,0,0,8,10,0,8,10,0,0,0,0,0,0,0,0,0,10,0,0.0,0.9999960498508819,0.0
57,46,1s2.2s2.2p6.3s2.3p6.3d10.4s2.4p6.4d10,4d,4,2,10,2.5,d,0,12,35.18427854681272,9,0,0,36,0,0,0,9,0,0,0,0,0,0,0,16,10,0,0,0,0,0,0,0,0,10,0.0,0.9999960498508819,0.0
57,45,1s2.2s2.2p6.3s2.3p6.3d10.4s2.4p6.4d9,4d,4,2,9,2.5,d,0,13,34.56268954011648,8,0,0,36,0,0,0,8,0,0,0,0,0,0,0,16,10,0,0,0,0,0,0,0,0,10,-0.5555555555555554,0.9999960498508819,0.0
57,44,1s2.2s2.2p6.3s2.3p6.3d10.4s2.4p6.4d8,4d,4,2,8,2.5,d,0,14,33.90183225775024,7,0,0,36,0,0,0,7,0,0,0,0,0,0,0,16,10,0,0,0,0,0,0,0,0,10,-1.1111111111111112,0.9999960498508819,0.0
57,43,1s2.2s2.2p6.3s2.3p6.3d10.4s2.4p6.4d7,4d,4,2,7,2.5,d,0,15,33.24097497538423,6,0,0,36,0,0,0,6,0,0,0,0,0,0,0,16,10,0,0,0,0,0,0,0,0,10,-1.6666666666666665,0.9999960498508819,0.0
57,42,1s2.2s2.2p6.3s2.3p6.3d10.4s2.4p6.4d6,4d,4,2,6,2.5,d,0,16,32.619385968687766,5,0,0,36,0,0,0,5,0,0,0,0,0,0,0,16,10,0,0,0,0,0,0,0,0,10,-2.2222222222222223,0.9999960498508819,0.0
57,41,1s2.2s2.2p6.3s2.3p6.3d10.4s2.4p6.4d5,4d,4,2,5,2.5,d,0,17,31.77042966985971,4,0,0,36,0,0,0,4,0,0,0,0,0,0,0,16,10,0,0,0,0,0,0,0,0,10,2.2222222222222223,0.9999960498508819,0.0
57,40,1s2.2s2.2p6.3s2.3p6.3d10.4s2.4p6.4d4,4d,4,2,4,1.5,d,0,18,31.14884066316324,3,0,0,36,0,0,0,3,0,0,0,0,0,0,0,16,10,0,0,0,0,0,0,0,0,10,1.6666666666666667,0.9999960498508819,0.0
57,39,1s2.2s2.2p6.3s2.3p6.3d10.4s2.4p6.4d3,4d,4,2,3,1.5,d,0,19,30.487983380797118,2,0,0,36,0,0,0,2,0,0,0,0,0,0,0,16,10,0,0,0,0,0,0,0,0,10,1.1111111111111112,0.9999960498508819,0.0
57,38,1s2.2s2.2p6.3s2.3p6.3d10.4s2.4p6.4d2,4d,4,2,2,1.5,d,0,20,29.82712609843111,1,0,0,36,0,0,0,1,0,0,0,0,0,0,0,16,10,0,0,0,0,0,0,0,0,10,0.5555555555555556,0.9999960498508819,0.0
57,37,1s2.2s2.2p6.3s2.3p6.3d10.4s2.4p6.4d1,4d,4,2,1,1.5,d,0,21,29.20553709173464,0,0,0,36,0,0,0,0,0,0,0,0,0,0,0,16,10,0,0,0,0,0,0,0,0,10,0.0,0.9999960498508819,0.0
57,36,1s2.2s2.2p6.3s2.3p6.3d10.4s2.4p6,4p,4,1,6,1.5,p3,0,22,26.676544772007787,5,20,10,0,0,0,5,0,0,2,8,10,0,8,0,0,0,0,0,0,0,0,0,0,2,0,0.0,0.9999960498508819,0.0
57,35,1s2.2s2.2p6.3s2.3p6.3d10.4s2.4p5,4p,4,1,5,1.5,p3,0,23,26.117340670445287,4,20,10,0,0,0,4,0,0,2,8,10,0,8,0,0,0,0,0,0,0,0,0,0,2,0,-0.6000000000000001,0.9999960498508819,0.0
57,34,1s2.2s2.2p6.3s2.3p6.3d10.4s2.4p4,4p,4,1,4,1.5,p3,0,24,25.558136568882787,3,20,10,0,0,0,3,0,0,2,8,10,0,8,0,0,0,0,0,0,0,0,0,0,2,0,-1.2,0.9999960498508819,0.0
57,33,1s2.2s2.2p6.3s2.3p6.3d10.4s2.4p3,4p,4,1,3,1.5,p3,0,25,24.807678805211026,2,20,10,0,0,0,2,0,0,2,8,10,0,8,0,0,0,0,0,0,0,0,0,0,2,0,1.2,0.9999960498508819,0.0
57,32,1s2.2s2.2p6.3s2.3p6.3d10.4s2.4p2,4p,4,1,2,0.5,p1,0,26,24.24270156046225,1,20,10,0,0,0,1,0,0,2,8,10,0,8,0,0,0,0,0,0,0,0,0,0,2,0,0.6,0.9999960498508819,0.0
57,31,1s2.2s2.2p6.3s2.3p6.3d10.4s2.4p1,4p,4,1,1,0.5,p1,0,27,23.681451647104154,0,20,10,0,0,0,0,0,0,2,8,10,0,8,0,0,0,0,0,0,0,0,0,0,2,0,0.0,0.9999960498508819,0.0
57,30,1s2.2s2.2p6.3s2.3p6.3d10.4s2,4s,4,0,2,0.5,s,0,28,22.126593730819764,1,18,10,0,0,1,0,0,0,0,8,10,0,8,0,0,0,0,0,0,0,0,0,0,2,0,0.0,0.9999960498508819,0.0
57,29,1s2.2s2.2p6.3s2.3p6.3d10.4s1,4s,4,0,1,0.5,s,0,29,21.554071296483926,0,18,10,0,0,0,0,0,0,0,8,10,0,8,0,0,0,0,0,0,0,0,0,0,2,0,0.0,0.9999960498508819,0.0
57,28,1s2.2s2.2p6.3s2.3p6.3d10,3d,3,2,10,2.5,d,0,30,21.379455336979806,9,0,0,18,0,0,0,9,0,0,0,0,0,0,0,16,0,0,0,0,0,0,0,0,0,2,0.0,0.9999960498508819,0.0
57,27,1s2.2s2.2p6.3s2.3p6.3d9,3d,3,2,9,2.5,d,0,31,20.677223194122995,8,0,0,18,0,0,0,8,0,0,0,0,0,0,0,16,0,0,0,0,0,0,0,0,0,2,-0.5555555555555554,0.9999960498508819,0.0
57,26,1s2.2s2.2p6.3s2.3p6.3d8,3d,3,2,8,2.5,d,0,32,19.92856167011884,7,0,0,18,0,0,0,7,0,0,0,0,0,0,0,16,0,0,0,0,0,0,0,0,0,2,-1.1111111111111112,0.9999960498508819,0.0
57,25,1s2.2s2.2p6.3s2.3p6.3d7,3d,3,2,7,2.5,d,0,33,19.180019458485546,6,0,0,18,0,0,0,6,0,0,0,0,0,0,0,16,0,0,0,0,0,0,0,0,0,2,-1.6666666666666665,0.9999960498508819,0.0
57,24,1s2.2s2.2p6.3s2.3p6.3d6,3d,3,2,6,2.5,d,0,34,18.477999944610033,5,0,0,18,0,0,0,5,0,0,0,0,0,0,0,16,0,0,0,0,0,0,0,0,0,2,-2.2222222222222223,0.9999960498508819,0.0
57,23,1s2.2s2.2p6.3s2.3p6.3d5,3d,3,2,5,2.5,d,0,35,17.516342790782076,4,0,0,18,0,0,0,4,0,0,0,0,0,0,0,16,0,0,0,0,0,0,0,0,0,2,2.2222222222222223,0.9999960498508819,0.0
57,22,1s2.2s2.2p6.3s2.3p6.3d4,3d,3,2,4,1.5,d,0,36,16.81369270190474,3,0,0,18,0,0,0,3,0,0,0,0,0,0,0,16,0,0,0,0,0,0,0,0,0,2,1.6666666666666667,0.9999960498508819,0.0
57,21,1s2.2s2.2p6.3s2.3p6.3d3,3d,3,2,3,1.5,d,0,37,16.06581898178117,2,0,0,18,0,0,0,2,0,0,0,0,0,0,0,16,0,0,0,0,0,0,0,0,0,2,1.1111111111111112,0.9999960498508819,0.0
57,20,1s2.2s2.2p6.3s2.3p6.3d2,3d,3,2,2,1.5,d,0,38,15.318236242385085,1,0,0,18,0,0,0,1,0,0,0,0,0,0,0,16,0,0,0,0,0,0,0,0,0,2,0.5555555555555556,0.9999960498508819,0.0
57,19,1s2.2s2.2p6.3s2.3p6.3d1,3d,3,2,1,1.5,d,0,39,14.615753461451872,0,0,0,18,0,0,0,0,0,0,0,0,0,0,0,16,0,0,0,0,0,0,0,0,0,2,0.0,0.9999960498508819,0.0
57,18,1s2.2s2.2p6.3s2.3p6,3p,3,1,6,1.5,p3,0,40,12.667818264554036,5,10,2,0,0,0,5,0,0,2,8,0,0,2,0,0,0,0,0,0,0,0,0,0,0,0,0.0,0.9999960498508819,0.0
57,17,1s2.2s2.2p6.3s2.3p5,3p,3,1,5,1.5,p3,0,41,12.08347223011717,4,10,2,0,0,0,4,0,0,2,8,0,0,2,0,0,0,0,0,0,0,0,0,0,0,0,-0.6000000000000001,0.9999960498508819,0.0
57,16,1s2.2s2.2p6.3s2.3p4,3p,3,1,4,1.5,p3,0,42,11.49928244974415,3,10,2,0,0,0,3,0,0,2,8,0,0,2,0,0,0,0,0,0,0,0,0,0,0,0,-1.2,0.9999960498508819,0.0
57,15,1s2.2s2.2p6.3s2.3p3,3p,3,1,3,1.5,p3,0,43,10.730818199117742,2,10,2,0,0,0,2,0,0,2,8,0,0,2,0,0,0,0,0,0,0,0,0,0,0,0,1.2,0.9999960498508819,0.0
57,14,1s2.2s2.2p6.3s2.3p2,3p,3,1,2,0.5,p1,0,44,10.145247180423096,1,10,2,0,0,0,1,0,0,2,8,0,0,2,0,0,0,0,0,0,0,0,0,0,0,0,0.6,0.9999960498508819,0.0
57,13,1s2.2s2.2p6.3s2.3p1,3p,3,1,1,0.5,p1,0,45,9.559774441642945,0,10,2,0,0,0,0,0,0,2,8,0,0,2,0,0,0,0,0,0,0,0,0,0,0,0,0.0,0.9999960498508819,0.0
57,12,1s2.2s2.2p6.3s2,3s,3,0,2,0.5,s,0,46,8.35113401342552,1,8,2,0,0,1,0,0,0,0,8,0,0,2,0,0,0,0,0,0,0,0,0,0,0,0,0.0,0.9999960498508819,0.0
57,11,1s2.2s2.2p6.3s1,3s,3,0,1,0.5,s,0,47,7.7856408855844075,0,8,2,0,0,0,0,0,0,0,8,0,0,2,0,0,0,0,0,0,0,0,0,0,0,0,0.0,0.9999960498508819,0.0
57,10,1s2.2s2.2p6,2p,2,1,6,1.5,p3,0,48,6.545979557232126,5,4,0,0,0,0,5,0,0,2,2,0,0,0,0,0,0,0,0,0,0,0,0,0,0,0,0.0,0.9999960498508819,0.0
57,9,1s2.2s2.2p5,2p,2,1,5,1.5,p3,0,49,5.88972955723213,4,4,0,0,0,0,4,0,0,2,2,0,0,0,0,0,0,0,0,0,0,0,0,0,0,0,-0.6000000000000001,0.9999960498508819,0.0
57,8,1s2.2s2.2p4,2p,2,1,4,1.5,p3,0,50,5.233479557232133,3,4,0,0,0,0,3,0,0,2,2,0,0,0,0,0,0,0,0,0,0,0,0,0,0,0,-1.2,0.9999960498508819,0.0
57,7,1s2.2s2.2p3,2p,2,1,3,1.5,p3,0,51,4.378670782625834,2,4,0,0,0,0,2,0,0,2,2,0,0,0,0,0,0,0,0,0,0,0,0,0,0,0,1.2,0.9999960498508819,0.0
57,6,1s2.2s2.2p2,2p,2,1,2,0.5,p1,0,52,3.7253535771907345,1,4,0,0,0,0,1,0,0,2,2,0,0,0,0,0,0,0,0,0,0,0,0,0,0,0,0.6,0.9999960498508819,0.0
57,5,1s2.2s2.2p1,2p,2,1,1,0.5,p1,0,53,3.0730091792350134,0,4,0,0,0,0,0,0,0,2,2,0,0,0,0,0,0,0,0,0,0,0,0,0,0,0,0.0,0.9999960498508819,0.0
57,4,1s2.2s2,2s,2,0,2,0.5,s,0,54,2.145875983124917,1,2,0,0,0,1,0,0,0,0,2,0,0,0,0,0,0,0,0,0,0,0,0,0,0,0,0.0,0.9999960498508819,8.77428708205378
57,3,1s2.2s1,2s,2,0,1,0.5,s,0,55,1.5912208504801093,0,2,0,0,0,0,0,0,0,0,2,0,0,0,0,0,0,0,0,0,0,0,0,0,0,0,0.0,0.9999960498508819,8.77428708205378
57,2,1s2,1s,1,0,2,0.5,s,0,56,0.625,1,0,0,0,0,1,0,0,0,0,0,0,0,0,0,0,0,0,0,0,0,0,0,0,0,0,0.0,0.9999960498508819,56.66597080761313
57,1,1s1,1s,1,0,1,0.5,s,0,57,0.0,0,0,0,0,0,0,0,0,0,0,0,0,0,0,0,0,0,0,0,0,0,0,0,0,0,0,0.0,0.9999960498508819,56.66597080761313
58,58,1s2.2s2.2p6.3s2.3p6.3d10.4s2.4p6.4d10.4f1.5s2.5p6.5d1.6s2,6s,6,0,2,0.5,s,1,1,44.90349061472777,1,9,47,0,0,1,0,0,0,0,8,1,0,8,11,0,0,0,0,0,0,0,0,0,28,0,0.0,0.9999960780468673,0.0
58,57,1s2.2s2.2p6.3s2.3p6.3d10.4s2.4p6.4d10.4f1.5s2.5p6.5d2,5d,5,2,2,1.5,d,1,2,44.80419673386389,1,0,0,55,0,0,0,1,0,0,0,0,0,0,0,16,10,1,0,0,0,0,0,0,0,28,0.5555555555555556,0.9999960780468673,0.0
58,56,1s2.2s2.2p6.3s2.3p6.3d10.4s2.4p6.4d10.4f2.5s2.5p6,4f,4,3,2,2.5,f,0,3,43.21455123955866,1,0,0,46,8,0,0,0,1,0,0,0,0,0,0,0,0,0,36,0,0,0,0,8,0,10,0.5384615384615384,0.9999960780468673,0.0
58,55,1s2.2s2.2p6.3s2.3p6.3d10.4s2.4p6.4d10.4f1.5s2.5p6,4f,4,3,1,2.5,f,0,4,42.47544033418808,0,0,0,46,8,0,0,0,0,0,0,0,0,0,0,0,0,0,36,0,0,0,0,8,0,10,0.0,0.9999960780468673,0.0
58,54,1s2.2s2.2p6.3s2.3p6.3d10.4s2.4p6.4d10.5s2.5p6,5p,5,1,6,1.5,p3,0,5,40.74252057444628,5,20,28,0,0,0,5,0,0,2,8,10,0,8,10,0,0,0,0,0,0,0,0,0,10,0,0.0,0.9999960780468673,0.0
58,53,1s2.2s2.2p6.3s2.3p6.3d10.4s2.4p6.4d10.5s2.5p5,5p,5,1,5,1.5,p3,0,6,40.193448308821154,4,20,28,0,0,0,4,0,0,2,8,10,0,8,10,0,0,0,0,0,0,0,0,0,10,0,-0.6000000000000001,0.9999960780468673,0.0
58,52,1s2.2s2.2p6.3s2.3p6.3d10.4s2.4p6.4d10.5s2.5p4,5p,5,1,4,1.5,p3,0,7,39.644376043196026,3,20,28,0,0,0,3,0,0,2,8,10,0,8,10,0,0,0,0,0,0,0,0,0,10,0,-1.2,0.9999960780468673,0.0
58,51,1s2.2s2.2p6.3s2.3p6.3d10.4s2.4p6.4d10.5s2.5p3,5p,5,1,3,1.5,p3,0,8,38.9050571955401,2,20,28,0,0,0,2,0,0,2,8,10,0,8,10,0,0,0,0,0,0,0,0,0,10,0,1.2,0.9999960780468673,0.0
58,50,1s2.2s2.2p6.3s2.3p6.3d10.4s2.4p6.4d10.5s2.5p2,5p,5,1,2,0.5,p1,0,9,38.355984929914975,1,20,28,0,0,0,1,0,0,2,8,10,0,8,10,0,0,0,0,0,0,0,0,0,10,0,0.6,0.9999960780468673,0.0
58,49,1s2.2s2.2p6.3s2.3p6.3d10.4s2.4p6.4d10.5s2.5p1,5p,5,1,1,0.5,p1,0,10,37.80691266428985,0,20,28,0,0,0,0,0,0,2,8,10,0,8,10,0,0,0,0,0,0,0,0,0,10,0,0.0,0.9999960780468673,0.0
58,48,1s2.2s2.2p6.3s2.3p6.3d10.4s2.4p6.4d10.5s2,5s,5,0,2,0.5,s,0,11,36.15472244361083,1,18,28,0,0,1,0,0,0,0,8,10,0,8,10,0,0,0,0,0,0,0,0,0,10,0,0.0,0.9999960780468673,0.0
58,47,1s2.2s2.2p6.3s2.3p6.3d10.4s2.4p6.4d10.5s1,5s,5,0,1,0.5,s,0,12,35.55897354224375,0,18,28,0,0,0,0,0,0,0,8,10,0,8,10,0,0,0,0,0,0,0,0,0,10,0,0.0,0.9999960780468673,0.0
58,46,1s2.2s2.2p6.3s2.3p6.3d10.4s2.4p6.4d10,4d,4,2,10,2.5,d,0,13,35.18427854681272,9,0,0,36,0,0,0,9,0,0,0,0,0,0,0,16,10,0,0,0,0,0,0,0,0,10,0.0,0.9999960780468673,0.0
58,45,1s2.2s2.2p6.3s2.3p6.3d10.4s2.4p6.4d9,4d,4,2,9,2.5,d,0,14,34.56268954011648,8,0,0,36,0,0,0,8,0,0,0,0,0,0,0,16,10,0,0,0,0,0,0,0,0,10,-0.5555555555555554,0.9999960780468673,0.0
58,44,1s2.2s2.2p6.3s2.3p6.3d10.4s2.4p6.4d8,4d,4,2,8,2.5,d,0,15,33.90183225775024,7,0,0,36,0,0,0,7,0,0,0,0,0,0,0,16,10,0,0,0,0,0,0,0,0,10,-1.1111111111111112,0.9999960780468673,0.0
58,43,1s2.2s2.2p6.3s2.3p6.3d10.4s2.4p6.4d7,4d,4,2,7,2.5,d,0,16,33.24097497538423,6,0,0,36,0,0,0,6,0,0,0,0,0,0,0,16,10,0,0,0,0,0,0,0,0,10,-1.6666666666666665,0.9999960780468673,0.0
58,42,1s2.2s2.2p6.3s2.3p6.3d10.4s2.4p6.4d6,4d,4,2,6,2.5,d,0,17,32.619385968687766,5,0,0,36,0,0,0,5,0,0,0,0,0,0,0,16,10,0,0,0,0,0,0,0,0,10,-2.2222222222222223,0.9999960780468673,0.0
58,41,1s2.2s2.2p6.3s2.3p6.3d10.4s2.4p6.4d5,4d,4,2,5,2.5,d,0,18,31.77042966985971,4,0,0,36,0,0,0,4,0,0,0,0,0,0,0,16,10,0,0,0,0,0,0,0,0,10,2.2222222222222223,0.9999960780468673,0.0
58,40,1s2.2s2.2p6.3s2.3p6.3d10.4s2.4p6.4d4,4d,4,2,4,1.5,d,0,19,31.14884066316324,3,0,0,36,0,0,0,3,0,0,0,0,0,0,0,16,10,0,0,0,0,0,0,0,0,10,1.6666666666666667,0.9999960780468673,0.0
58,39,1s2.2s2.2p6.3s2.3p6.3d10.4s2.4p6.4d3,4d,4,2,3,1.5,d,0,20,30.487983380797118,2,0,0,36,0,0,0,2,0,0,0,0,0,0,0,16,10,0,0,0,0,0,0,0,0,10,1.1111111111111112,0.9999960780468673,0.0
58,38,1s2.2s2.2p6.3s2.3p6.3d10.4s2.4p6.4d2,4d,4,2,2,1.5,d,0,21,29.82712609843111,1,0,0,36,0,0,0,1,0,0,0,0,0,0,0,16,10,0,0,0,0,0,0,0,0,10,0.5555555555555556,0.9999960780468673,0.0
58,37,1s2.2s2.2p6.3s2.3p6.3d10.4s2.4p6.4d1,4d,4,2,1,1.5,d,0,22,29.20553709173464,0,0,0,36,0,0,0,0,0,0,0,0,0,0,0,16,10,0,0,0,0,0,0,0,0,10,0.0,0.9999960780468673,0.0
58,36,1s2.2s2.2p6.3s2.3p6.3d10.4s2.4p6,4p,4,1,6,1.5,p3,0,23,26.676544772007787,5,20,10,0,0,0,5,0,0,2,8,10,0,8,0,0,0,0,0,0,0,0,0,0,2,0,0.0,0.9999960780468673,0.0
58,35,1s2.2s2.2p6.3s2.3p6.3d10.4s2.4p5,4p,4,1,5,1.5,p3,0,24,26.117340670445287,4,20,10,0,0,0,4,0,0,2,8,10,0,8,0,0,0,0,0,0,0,0,0,0,2,0,-0.6000000000000001,0.9999960780468673,0.0
58,34,1s2.2s2.2p6.3s2.3p6.3d10.4s2.4p4,4p,4,1,4,1.5,p3,0,25,25.558136568882787,3,20,10,0,0,0,3,0,0,2,8,10,0,8,0,0,0,0,0,0,0,0,0,0,2,0,-1.2,0.9999960780468673,0.0
58,33,1s2.2s2.2p6.3s2.3p6.3d10.4s2.4p3,4p,4,1,3,1.5,p3,0,26,24.807678805211026,2,20,10,0,0,0,2,0,0,2,8,10,0,8,0,0,0,0,0,0,0,0,0,0,2,0,1.2,0.9999960780468673,0.0
58,32,1s2.2s2.2p6.3s2.3p6.3d10.4s2.4p2,4p,4,1,2,0.5,p1,0,27,24.24270156046225,1,20,10,0,0,0,1,0,0,2,8,10,0,8,0,0,0,0,0,0,0,0,0,0,2,0,0.6,0.9999960780468673,0.0
58,31,1s2.2s2.2p6.3s2.3p6.3d10.4s2.4p1,4p,4,1,1,0.5,p1,0,28,23.681451647104154,0,20,10,0,0,0,0,0,0,2,8,10,0,8,0,0,0,0,0,0,0,0,0,0,2,0,0.0,0.9999960780468673,0.0
58,30,1s2.2s2.2p6.3s2.3p6.3d10.4s2,4s,4,0,2,0.5,s,0,29,22.126593730819764,1,18,10,0,0,1,0,0,0,0,8,10,0,8,0,0,0,0,0,0,0,0,0,0,2,0,0.0,0.9999960780468673,0.0
58,29,1s2.2s2.2p6.3s2.3p6.3d10.4s1,4s,4,0,1,0.5,s,0,30,21.554071296483926,0,18,10,0,0,0,0,0,0,0,8,10,0,8,0,0,0,0,0,0,0,0,0,0,2,0,0.0,0.9999960780468673,0.0
58,28,1s2.2s2.2p6.3s2.3p6.3d10,3d,3,2,10,2.5,d,0,31,21.379455336979806,9,0,0,18,0,0,0,9,0,0,0,0,0,0,0,16,0,0,0,0,0,0,0,0,0,2,0.0,0.9999960780468673,0.0
58,27,1s2.2s2.2p6.3s2.3p6.3d9,3d,3,2,9,2.5,d,0,32,20.677223194122995,8,0,0,18,0,0,0,8,0,0,0,0,0,0,0,16,0,0,0,0,0,0,0,0,0,2,-0.5555555555555554,0.9999960780468673,0.0
58,26,1s2.2s2.2p6.3s2.3p6.3d8,3d,3,2,8,2.5,d,0,33,19.92856167011884,7,0,0,18,0,0,0,7,0,0,0,0,0,0,0,16,0,0,0,0,0,0,0,0,0,2,-1.1111111111111112,0.9999960780468673,0.0
58,25,1s2.2s2.2p6.3s2.3p6.3d7,3d,3,2,7,2.5,d,0,34,19.180019458485546,6,0,0,18,0,0,0,6,0,0,0,0,0,0,0,16,0,0,0,0,0,0,0,0,0,2,-1.6666666666666665,0.9999960780468673,0.0
58,24,1s2.2s2.2p6.3s2.3p6.3d6,3d,3,2,6,2.5,d,0,35,18.477999944610033,5,0,0,18,0,0,0,5,0,0,0,0,0,0,0,16,0,0,0,0,0,0,0,0,0,2,-2.2222222222222223,0.9999960780468673,0.0
58,23,1s2.2s2.2p6.3s2.3p6.3d5,3d,3,2,5,2.5,d,0,36,17.516342790782076,4,0,0,18,0,0,0,4,0,0,0,0,0,0,0,16,0,0,0,0,0,0,0,0,0,2,2.2222222222222223,0.9999960780468673,0.0
58,22,1s2.2s2.2p6.3s2.3p6.3d4,3d,3,2,4,1.5,d,0,37,16.81369270190474,3,0,0,18,0,0,0,3,0,0,0,0,0,0,0,16,0,0,0,0,0,0,0,0,0,2,1.6666666666666667,0.9999960780468673,0.0
58,21,1s2.2s2.2p6.3s2.3p6.3d3,3d,3,2,3,1.5,d,0,38,16.06581898178117,2,0,0,18,0,0,0,2,0,0,0,0,0,0,0,16,0,0,0,0,0,0,0,0,0,2,1.1111111111111112,0.9999960780468673,0.0
58,20,1s2.2s2.2p6.3s2.3p6.3d2,3d,3,2,2,1.5,d,0,39,15.318236242385085,1,0,0,18,0,0,0,1,0,0,0,0,0,0,0,16,0,0,0,0,0,0,0,0,0,2,0.5555555555555556,0.9999960780468673,0.0
58,19,1s2.2s2.2p6.3s2.3p6.3d1,3d,3,2,1,1.5,d,0,40,14.615753461451872,0,0,0,18,0,0,0,0,0,0,0,0,0,0,0,16,0,0,0,0,0,0,0,0,0,2,0.0,0.9999960780468673,0.0
58,18,1s2.2s2.2p6.3s2.3p6,3p,3,1,6,1.5,p3,0,41,12.667818264554036,5,10,2,0,0,0,5,0,0,2,8,0,0,2,0,0,0,0,0,0,0,0,0,0,0,0,0.0,0.9999960780468673,0.0
58,17,1s2.2s2.2p6.3s2.3p5,3p,3,1,5,1.5,p3,0,42,12.08347223011717,4,10,2,0,0,0,4,0,0,2,8,0,0,2,0,0,0,0,0,0,0,0,0,0,0,0,-0.6000000000000001,0.9999960780468673,0.0
58,16,1s2.2s2.2p6.3s2.3p4,3p,3,1,4,1.5,p3,0,43,11.49928244974415,3,10,2,0,0,0,3,0,0,2,8,0,0,2,0,0,0,0,0,0,0,0,0,0,0,0,-1.2,0.9999960780468673,0.0
58,15,1s2.2s2.2p6.3s2.3p3,3p,3,1,3,1.5,p3,0,44,10.730818199117742,2,10,2,0,0,0,2,0,0,2,8,0,0,2,0,0,0,0,0,0,0,0,0,0,0,0,1.2,0.9999960780468673,0.0
58,14,1s2.2s2.2p6.3s2.3p2,3p,3,1,2,0.5,p1,0,45,10.145247180423096,1,10,2,0,0,0,1,0,0,2,8,0,0,2,0,0,0,0,0,0,0,0,0,0,0,0,0.6,0.9999960780468673,0.0
58,13,1s2.2s2.2p6.3s2.3p1,3p,3,1,1,0.5,p1,0,46,9.559774441642945,0,10,2,0,0,0,0,0,0,2,8,0,0,2,0,0,0,0,0,0,0,0,0,0,0,0,0.0,0.9999960780468673,0.0
58,12,1s2.2s2.2p6.3s2,3s,3,0,2,0.5,s,0,47,8.35113401342552,1,8,2,0,0,1,0,0,0,0,8,0,0,2,0,0,0,0,0,0,0,0,0,0,0,0,0.0,0.9999960780468673,0.0
58,11,1s2.2s2.2p6.3s1,3s,3,0,1,0.5,s,0,48,7.7856408855844075,0,8,2,0,0,0,0,0,0,0,8,0,0,2,0,0,0,0,0,0,0,0,0,0,0,0,0.0,0.9999960780468673,0.0
58,10,1s2.2s2.2p6,2p,2,1,6,1.5,p3,0,49,6.545979557232126,5,4,0,0,0,0,5,0,0,2,2,0,0,0,0,0,0,0,0,0,0,0,0,0,0,0,0.0,0.9999960780468673,0.0
58,9,1s2.2s2.2p5,2p,2,1,5,1.5,p3,0,50,5.88972955723213,4,4,0,0,0,0,4,0,0,2,2,0,0,0,0,0,0,0,0,0,0,0,0,0,0,0,-0.6000000000000001,0.9999960780468673,0.0
58,8,1s2.2s2.2p4,2p,2,1,4,1.5,p3,0,51,5.233479557232133,3,4,0,0,0,0,3,0,0,2,2,0,0,0,0,0,0,0,0,0,0,0,0,0,0,0,-1.2,0.9999960780468673,0.0
58,7,1s2.2s2.2p3,2p,2,1,3,1.5,p3,0,52,4.378670782625834,2,4,0,0,0,0,2,0,0,2,2,0,0,0,0,0,0,0,0,0,0,0,0,0,0,0,1.2,0.9999960780468673,0.0
58,6,1s2.2s2.2p2,2p,2,1,2,0.5,p1,0,53,3.7253535771907345,1,4,0,0,0,0,1,0,0,2,2,0,0,0,0,0,0,0,0,0,0,0,0,0,0,0,0.6,0.9999960780468673,0.0
58,5,1s2.2s2.2p1,2p,2,1,1,0.5,p1,0,54,3.0730091792350134,0,4,0,0,0,0,0,0,0,2,2,0,0,0,0,0,0,0,0,0,0,0,0,0,0,0,0.0,0.9999960780468673,0.0
58,4,1s2.2s2,2s,2,0,2,0.5,s,0,55,2.145875983124917,1,2,0,0,0,1,0,0,0,0,2,0,0,0,0,0,0,0,0,0,0,0,0,0,0,0,0.0,0.9999960780468673,9.37352413022652
58,3,1s2.2s1,2s,2,0,1,0.5,s,0,56,1.5912208504801093,0,2,0,0,0,0,0,0,0,0,2,0,0,0,0,0,0,0,0,0,0,0,0,0,0,0,0.0,0.9999960780468673,9.37352413022652
58,2,1s2,1s,1,0,2,0.5,s,0,57,0.625,1,0,0,0,0,1,0,0,0,0,0,0,0,0,0,0,0,0,0,0,0,0,0,0,0,0,0.0,0.9999960780468673,60.27383772019089
58,1,1s1,1s,1,0,1,0.5,s,0,58,0.0,0,0,0,0,0,0,0,0,0,0,0,0,0,0,0,0,0,0,0,0,0,0,0,0,0,0,0.0,0.9999960780468673,60.27383772019089
59,59,1s2.2s2.2p6.3s2.3p6.3d10.4s2.4p6.4d10.4f3.5s2.5p6.6s2,6s,6,0,2,0.5,s,0,1,45.78046161337431,1,8,49,0,0,1,0,0,0,0,8,0,0,8,13,0,0,0,0,0,0,0,0,0,28,0,0.0,0.9999961059341669,0.0
59,58,1s2.2s2.2p6.3s2.3p6.3d10.4s2.4p6.4d10.4f3.5s2.5p6.6s1,6s,6,0,1,0.5,s,0,2,45.169260282041016,0,8,49,0,0,0,0,0,0,0,8,0,0,8,13,0,0,0,0,0,0,0,0,0,28,0,0.0,0.9999961059341669,0.0
59,57,1s2.2s2.2p6.3s2.3p6.3d10.4s2.4p6.4d10.4f3.5s2.5p6,4f,4,3,3,2.5,f,0,3,43.97148546744029,2,0,0,46,8,0,0,0,2,0,0,0,0,0,0,0,0,0,36,0,0,0,0,8,0,10,1.0769230769230769,0.9999961059341669,0.0
59,56,1s2.2s2.2p6.3s2.3p6.3d10.4s2.4p6.4d10.4f2.5s2.5p6,4f,4,3,2,2.5,f,0,4,43.21455123955866,1,0,0,46,8,0,0,0,1,0,0,0,0,0,0,0,0,0,36,0,0,0,0,8,0,10,0.5384615384615384,0.9999961059341669,0.0
59,55,1s2.2s2.2p6.3s2.3p6.3d10.4s2.4p6.4d10.4f1.5s2.5p6,4f,4,3,1,2.5,f,0,5,42.47544033418808,0,0,0,46,8,0,0,0,0,0,0,0,0,0,0,0,0,0,36,0,0,0,0,8,0,10,0.0,0.9999961059341669,0.0
59,54,1s2.2s2.2p6.3s2.3p6.3d10.4s2.4p6.4d10.5s2.5p6,5p,5,1,6,1.5,p3,1,6,40.74252057444628,5,20,28,0,0,0,5,0,0,2,8,10,0,8,10,0,0,0,0,0,0,0,0,0,10,0,0.0,0.9999961059341669,0.0
59,53,1s2.2s2.2p6.3s2.3p6.3d10.4s2.4p6.4d10.4f1.5s2.5p4,5p,5,1,4,1.5,p3,0,7,40.41861626484003,3,21,28,0,0,0,3,0,0,2,8,10,1,8,10,0,0,0,0,0,0,0,0,0,10,0,-1.2,0.9999961059341669,0.0
59,52,1s2.2s2.2p6.3s2.3p6.3d10.4s2.4p6.4d10.4f1.5s2.5p3,5p,5,1,3,1.5,p3,0,8,39.67042583239145,2,21,28,0,0,0,2,0,0,2,8,10,1,8,10,0,0,0,0,0,0,0,0,0,10,0,1.2,0.9999961059341669,0.0
59,51,1s2.2s2.2p6.3s2.3p6.3d10.4s2.4p6.4d10.4f1.5s2.5p2,4f,4,3,1,2.5,f,0,9,40.53050199441395,0,0,0,46,4,0,0,0,0,0,0,0,0,0,0,0,0,0,36,0,0,0,0,4,0,10,0.0,0.9999961059341669,0.0
59,50,1s2.2s2.2p6.3s2.3p6.3d10.4s2.4p6.4d10.5s2.5p2,5p,5,1,2,0.5,p1,0,10,38.355984929914975,1,20,28,0,0,0,1,0,0,2,8,10,0,8,10,0,0,0,0,0,0,0,0,0,10,0,0.6,0.9999961059341669,0.0
59,49,1s2.2s2.2p6.3s2.3p6.3d10.4s2.4p6.4d10.5s2.5p1,5p,5,1,1,0.5,p1,0,11,37.80691266428985,0,20,28,0,0,0,0,0,0,2,8,10,0,8,10,0,0,0,0,0,0,0,0,0,10,0,0.0,0.9999961059341669,0.0
59,48,1s2.2s2.2p6.3s2.3p6.3d10.4s2.4p6.4d10.5s2,5s,5,0,2,0.5,s,0,12,36.15472244361083,1,18,28,0,0,1,0,0,0,0,8,10,0,8,10,0,0,0,0,0,0,0,0,0,10,0,0.0,0.9999961059341669,0.0
59,47,1s2.2s2.2p6.3s2.3p6.3d10.4s2.4p6.4d10.5s1,5s,5,0,1,0.5,s,0,13,35.55897354224375,0,18,28,0,0,0,0,0,0,0,8,10,0,8,10,0,0,0,0,0,0,0,0,0,10,0,0.0,0.9999961059341669,0.0
59,46,1s2.2s2.2p6.3s2.3p6.3d10.4s2.4p6.4d10,4d,4,2,10,2.5,d,0,14,35.18427854681272,9,0,0,36,0,0,0,9,0,0,0,0,0,0,0,16,10,0,0,0,0,0,0,0,0,10,0.0,0.9999961059341669,0.0
59,45,1s2.2s2.2p6.3s2.3p6.3d10.4s2.4p6.4d9,4d,4,2,9,2.5,d,0,15,34.56268954011648,8,0,0,36,0,0,0,8,0,0,0,0,0,0,0,16,10,0,0,0,0,0,0,0,0,10,-0.5555555555555554,0.9999961059341669,0.0
59,44,1s2.2s2.2p6.3s2.3p6.3d10.4s2.4p6.4d8,4d,4,2,8,2.5,d,0,16,33.90183225775024,7,0,0,36,0,0,0,7,0,0,0,0,0,0,0,16,10,0,0,0,0,0,0,0,0,10,-1.1111111111111112,0.9999961059341669,0.0
59,43,1s2.2s2.2p6.3s2.3p6.3d10.4s2.4p6.4d7,4d,4,2,7,2.5,d,0,17,33.24097497538423,6,0,0,36,0,0,0,6,0,0,0,0,0,0,0,16,10,0,0,0,0,0,0,0,0,10,-1.6666666666666665,0.9999961059341669,0.0
59,42,1s2.2s2.2p6.3s2.3p6.3d10.4s2.4p6.4d6,4d,4,2,6,2.5,d,0,18,32.619385968687766,5,0,0,36,0,0,0,5,0,0,0,0,0,0,0,16,10,0,0,0,0,0,0,0,0,10,-2.2222222222222223,0.9999961059341669,0.0
59,41,1s2.2s2.2p6.3s2.3p6.3d10.4s2.4p6.4d5,4d,4,2,5,2.5,d,0,19,31.77042966985971,4,0,0,36,0,0,0,4,0,0,0,0,0,0,0,16,10,0,0,0,0,0,0,0,0,10,2.2222222222222223,0.9999961059341669,0.0
59,40,1s2.2s2.2p6.3s2.3p6.3d10.4s2.4p6.4d4,4d,4,2,4,1.5,d,0,20,31.14884066316324,3,0,0,36,0,0,0,3,0,0,0,0,0,0,0,16,10,0,0,0,0,0,0,0,0,10,1.6666666666666667,0.9999961059341669,0.0
59,39,1s2.2s2.2p6.3s2.3p6.3d10.4s2.4p6.4d3,4d,4,2,3,1.5,d,0,21,30.487983380797118,2,0,0,36,0,0,0,2,0,0,0,0,0,0,0,16,10,0,0,0,0,0,0,0,0,10,1.1111111111111112,0.9999961059341669,0.0
59,38,1s2.2s2.2p6.3s2.3p6.3d10.4s2.4p6.4d2,4d,4,2,2,1.5,d,0,22,29.82712609843111,1,0,0,36,0,0,0,1,0,0,0,0,0,0,0,16,10,0,0,0,0,0,0,0,0,10,0.5555555555555556,0.9999961059341669,0.0
59,37,1s2.2s2.2p6.3s2.3p6.3d10.4s2.4p6.4d1,4d,4,2,1,1.5,d,0,23,29.20553709173464,0,0,0,36,0,0,0,0,0,0,0,0,0,0,0,16,10,0,0,0,0,0,0,0,0,10,0.0,0.9999961059341669,0.0
59,36,1s2.2s2.2p6.3s2.3p6.3d10.4s2.4p6,4p,4,1,6,1.5,p3,0,24,26.676544772007787,5,20,10,0,0,0,5,0,0,2,8,10,0,8,0,0,0,0,0,0,0,0,0,0,2,0,0.0,0.9999961059341669,0.0
59,35,1s2.2s2.2p6.3s2.3p6.3d10.4s2.4p5,4p,4,1,5,1.5,p3,0,25,26.117340670445287,4,20,10,0,0,0,4,0,0,2,8,10,0,8,0,0,0,0,0,0,0,0,0,0,2,0,-0.6000000000000001,0.9999961059341669,0.0
59,34,1s2.2s2.2p6.3s2.3p6.3d10.4s2.4p4,4p,4,1,4,1.5,p3,0,26,25.558136568882787,3,20,10,0,0,0,3,0,0,2,8,10,0,8,0,0,0,0,0,0,0,0,0,0,2,0,-1.2,0.9999961059341669,0.0
59,33,1s2.2s2.2p6.3s2.3p6.3d10.4s2.4p3,4p,4,1,3,1.5,p3,0,27,24.807678805211026,2,20,10,0,0,0,2,0,0,2,8,10,0,8,0,0,0,0,0,0,0,0,0,0,2,0,1.2,0.9999961059341669,0.0
59,32,1s2.2s2.2p6.3s2.3p6.3d10.4s2.4p2,4p,4,1,2,0.5,p1,0,28,24.24270156046225,1,20,10,0,0,0,1,0,0,2,8,10,0,8,0,0,0,0,0,0,0,0,0,0,2,0,0.6,0.9999961059341669,0.0
59,31,1s2.2s2.2p6.3s2.3p6.3d10.4s2.4p1,4p,4,1,1,0.5,p1,0,29,23.681451647104154,0,20,10,0,0,0,0,0,0,2,8,10,0,8,0,0,0,0,0,0,0,0,0,0,2,0,0.0,0.9999961059341669,0.0
59,30,1s2.2s2.2p6.3s2.3p6.3d10.4s2,4s,4,0,2,0.5,s,0,30,22.126593730819764,1,18,10,0,0,1,0,0,0,0,8,10,0,8,0,0,0,0,0,0,0,0,0,0,2,0,0.0,0.9999961059341669,0.0
59,29,1s2.2s2.2p6.3s2.3p6.3d10.4s1,4s,4,0,1,0.5,s,0,31,21.554071296483926,0,18,10,0,0,0,0,0,0,0,8,10,0,8,0,0,0,0,0,0,0,0,0,0,2,0,0.0,0.9999961059341669,0.0
59,28,1s2.2s2.2p6.3s2.3p6.3d10,3d,3,2,10,2.5,d,0,32,21.379455336979806,9,0,0,18,0,0,0,9,0,0,0,0,0,0,0,16,0,0,0,0,0,0,0,0,0,2,0.0,0.9999961059341669,0.0
59,27,1s2.2s2.2p6.3s2.3p6.3d9,3d,3,2,9,2.5,d,0,33,20.677223194122995,8,0,0,18,0,0,0,8,0,0,0,0,0,0,0,16,0,0,0,0,0,0,0,0,0,2,-0.5555555555555554,0.9999961059341669,0.0
59,26,1s2.2s2.2p6.3s2.3p6.3d8,3d,3,2,8,2.5,d,0,34,19.92856167011884,7,0,0,18,0,0,0,7,0,0,0,0,0,0,0,16,0,0,0,0,0,0,0,0,0,2,-1.1111111111111112,0.9999961059341669,0.0
59,25,1s2.2s2.2p6.3s2.3p6.3d7,3d,3,2,7,2.5,d,0,35,19.180019458485546,6,0,0,18,0,0,0,6,0,0,0,0,0,0,0,16,0,0,0,0,0,0,0,0,0,2,-1.6666666666666665,0.9999961059341669,0.0
59,24,1s2.2s2.2p6.3s2.3p6.3d6,3d,3,2,6,2.5,d,0,36,18.477999944610033,5,0,0,18,0,0,0,5,0,0,0,0,0,0,0,16,0,0,0,0,0,0,0,0,0,2,-2.2222222222222223,0.9999961059341669,0.0
59,23,1s2.2s2.2p6.3s2.3p6.3d5,3d,3,2,5,2.5,d,0,37,17.516342790782076,4,0,0,18,0,0,0,4,0,0,0,0,0,0,0,16,0,0,0,0,0,0,0,0,0,2,2.2222222222222223,0.9999961059341669,0.0
59,22,1s2.2s2.2p6.3s2.3p6.3d4,3d,3,2,4,1.5,d,0,38,16.81369270190474,3,0,0,18,0,0,0,3,0,0,0,0,0,0,0,16,0,0,0,0,0,0,0,0,0,2,1.6666666666666667,0.9999961059341669,0.0
59,21,1s2.2s2.2p6.3s2.3p6.3d3,3d,3,2,3,1.5,d,0,39,16.06581898178117,2,0,0,18,0,0,0,2,0,0,0,0,0,0,0,16,0,0,0,0,0,0,0,0,0,2,1.1111111111111112,0.9999961059341669,0.0
59,20,1s2.2s2.2p6.3s2.3p6.3d2,3d,3,2,2,1.5,d,0,40,15.318236242385085,1,0,0,18,0,0,0,1,0,0,0,0,0,0,0,16,0,0,0,0,0,0,0,0,0,2,0.5555555555555556,0.9999961059341669,0.0
59,19,1s2.2s2.2p6.3s2.3p6.3d1,3d,3,2,1,1.5,d,0,41,14.615753461451872,0,0,0,18,0,0,0,0,0,0,0,0,0,0,0,16,0,0,0,0,0,0,0,0,0,2,0.0,0.9999961059341669,0.0
59,18,1s2.2s2.2p6.3s2.3p6,3p,3,1,6,1.5,p3,0,42,12.667818264554036,5,10,2,0,0,0,5,0,0,2,8,0,0,2,0,0,0,0,0,0,0,0,0,0,0,0,0.0,0.9999961059341669,0.0
59,17,1s2.2s2.2p6.3s2.3p5,3p,3,1,5,1.5,p3,0,43,12.08347223011717,4,10,2,0,0,0,4,0,0,2,8,0,0,2,0,0,0,0,0,0,0,0,0,0,0,0,-0.6000000000000001,0.9999961059341669,0.0
59,16,1s2.2s2.2p6.3s2.3p4,3p,3,1,4,1.5,p3,0,44,11.49928244974415,3,10,2,0,0,0,3,0,0,2,8,0,0,2,0,0,0,0,0,0,0,0,0,0,0,0,-1.2,0.9999961059341669,0.0
59,15,1s2.2s2.2p6.3s2.3p3,3p,3,1,3,1.5,p3,0,45,10.730818199117742,2,10,2,0,0,0,2,0,0,2,8,0,0,2,0,0,0,0,0,0,0,0,0,0,0,0,1.2,0.9999961059341669,0.0
59,14,1s2.2s2.2p6.3s2.3p2,3p,3,1,2,0.5,p1,0,46,10.145247180423096,1,10,2,0,0,0,1,0,0,2,8,0,0,2,0,0,0,0,0,0,0,0,0,0,0,0,0.6,0.9999961059341669,0.0
59,13,1s2.2s2.2p6.3s2.3p1,3p,3,1,1,0.5,p1,0,47,9.559774441642945,0,10,2,0,0,0,0,0,0,2,8,0,0,2,0,0,0,0,0,0,0,0,0,0,0,0,0.0,0.9999961059341669,0.0
59,12,1s2.2s2.2p6.3s2,3s,3,0,2,0.5,s,0,48,8.35113401342552,1,8,2,0,0,1,0,0,0,0,8,0,0,2,0,0,0,0,0,0,0,0,0,0,0,0,0.0,0.9999961059341669,0.0
59,11,1s2.2s2.2p6.3s1,3s,3,0,1,0.5,s,0,49,7.7856408855844075,0,8,2,0,0,0,0,0,0,0,8,0,0,2,0,0,0,0,0,0,0,0,0,0,0,0,0.0,0.9999961059341669,0.0
59,10,1s2.2s2.2p6,2p,2,1,6,1.5,p3,0,50,6.545979557232126,5,4,0,0,0,0,5,0,0,2,2,0,0,0,0,0,0,0,0,0,0,0,0,0,0,0,0.0,0.9999961059341669,0.0
59,9,1s2.2s2.2p5,2p,2,1,5,1.5,p3,0,51,5.88972955723213,4,4,0,0,0,0,4,0,0,2,2,0,0,0,0,0,0,0,0,0,0,0,0,0,0,0,-0.6000000000000001,0.9999961059341669,0.0
59,8,1s2.2s2.2p4,2p,2,1,4,1.5,p3,0,52,5.233479557232133,3,4,0,0,0,0,3,0,0,2,2,0,0,0,0,0,0,0,0,0,0,0,0,0,0,0,-1.2,0.9999961059341669,0.0
59,7,1s2.2s2.2p3,2p,2,1,3,1.5,p3,0,53,4.378670782625834,2,4,0,0,0,0,2,0,0,2,2,0,0,0,0,0,0,0,0,0,0,0,0,0,0,0,1.2,0.9999961059341669,0.0
59,6,1s2.2s2.2p2,2p,2,1,2,0.5,p1,0,54,3.7253535771907345,1,4,0,0,0,0,1,0,0,2,2,0,0,0,0,0,0,0,0,0,0,0,0,0,0,0,0.6,0.9999961059341669,0.0
59,5,1s2.2s2.2p1,2p,2,1,1,0.5,p1,0,55,3.0730091792350134,0,4,0,0,0,0,0,0,0,2,2,0,0,0,0,0,0,0,0,0,0,0,0,0,0,0,0.0,0.9999961059341669,0.0
59,4,1s2.2s2,2s,2,0,2,0.5,s,0,56,2.145875983124917,1,2,0,0,0,1,0,0,0,0,2,0,0,0,0,0,0,0,0,0,0,0,0,0,0,0,0.0,0.9999961059341669,10.005101201087953
59,3,1s2.2s1,2s,2,0,1,0.5,s,0,57,1.5912208504801093,0,2,0,0,0,0,0,0,0,0,2,0,0,0,0,0,0,0,0,0,0,0,0,0,0,0,0.0,0.9999961059341669,10.005101201087953
59,2,1s2,1s,1,0,2,0.5,s,0,58,0.625,1,0,0,0,0,1,0,0,0,0,0,0,0,0,0,0,0,0,0,0,0,0,0,0,0,0,0.0,0.9999961059341669,64.05264534386679
59,1,1s1,1s,1,0,1,0.5,s,0,59,0.0,0,0,0,0,0,0,0,0,0,0,0,0,0,0,0,0,0,0,0,0,0,0,0,0,0,0,0.0,0.9999961059341669,64.05264534386679
60,60,1s2.2s2.2p6.3s2.3p6.3d10.4s2.4p6.4d10.4f4.5s2.5p6.6s2,6s,6,0,2,0.5,s,0,1,46.56668329544771,1,8,50,0,0,1,0,0,0,0,8,0,0,8,14,0,0,0,0,0,0,0,0,0,28,0,0.0,0.9999961333678753,0.0
60,59,1s2.2s2.2p6.3s2.3p6.3d10.4s2.4p6.4d10.4f4.5s2.5p6.6s1,6s,6,0,1,0.5,s,0,2,45.9502246604926,0,8,50,0,0,0,0,0,0,0,8,0,0,8,14,0,0,0,0,0,0,0,0,0,28,0,0.0,0.9999961333678753,0.0
60,58,1s2.2s2.2p6.3s2.3p6.3d10.4s2.4p6.4d10.4f4.5s2.5p6,4f,4,3,4,2.5,f,0,3,44.77297800159886,3,0,0,46,8,0,0,0,3,0,0,0,0,0,0,0,0,0,36,0,0,0,0,8,0,10,1.6153846153846154,0.9999961333678753,0.0
60,57,1s2.2s2.2p6.3s2.3p6.3d10.4s2.4p6.4d10.4f3.5s2.5p6,4f,4,3,3,2.5,f,0,4,43.97148546744029,2,0,0,46,8,0,0,0,2,0,0,0,0,0,0,0,0,0,36,0,0,0,0,8,0,10,1.0769230769230769,0.9999961333678753,0.0
60,56,1s2.2s2.2p6.3s2.3p6.3d10.4s2.4p6.4d10.4f2.5s2.5p6,5p,5,1,6,1.5,p3,0,5,42.27462663577196,5,22,28,0,0,0,5,0,0,2,8,10,2,8,10,0,0,0,0,0,0,0,0,0,10,0,0.0,0.9999961333678753,0.0
60,55,1s2.2s2.2p6.3s2.3p6.3d10.4s2.4p6.4d10.4f2.5s2.5p5,5p,5,1,5,1.5,p3,0,6,41.67643122426089,4,22,28,0,0,0,4,0,0,2,8,10,2,8,10,0,0,0,0,0,0,0,0,0,10,0,-0.6000000000000001,0.9999961333678753,0.0
60,54,1s2.2s2.2p6.3s2.3p6.3d10.4s2.4p6.4d10.4f2.5s2.5p4,5p,5,1,4,1.5,p3,0,7,41.17648210452206,3,22,28,0,0,0,3,0,0,2,8,10,2,8,10,0,0,0,0,0,0,0,0,0,10,0,-1.2,0.9999961333678753,0.0
60,53,1s2.2s2.2p6.3s2.3p6.3d10.4s2.4p6.4d10.4f2.5s2.5p3,5p,5,1,3,1.5,p3,0,8,40.421637983478895,2,22,28,0,0,0,2,0,0,2,8,10,2,8,10,0,0,0,0,0,0,0,0,0,10,0,1.2,0.9999961333678753,0.0
60,52,1s2.2s2.2p6.3s2.3p6.3d10.4s2.4p6.4d10.4f2.5s2.5p2,5p,5,1,2,0.5,p1,0,9,39.82798933162638,1,22,28,0,0,0,1,0,0,2,8,10,2,8,10,0,0,0,0,0,0,0,0,0,10,0,0.6,0.9999961333678753,0.0
60,51,1s2.2s2.2p6.3s2.3p6.3d10.4s2.4p6.4d10.4f2.5s2.5p1,5p,5,1,1,0.5,p1,0,10,39.31295880755169,0,22,28,0,0,0,0,0,0,2,8,10,2,8,10,0,0,0,0,0,0,0,0,0,10,0,0.0,0.9999961333678753,0.0
60,50,1s2.2s2.2p6.3s2.3p6.3d10.4s2.4p6.4d10.4f2.5s2,4f,4,3,2,2.5,f,0,11,40.321166800837545,1,0,0,46,2,0,0,0,1,0,0,0,0,0,0,0,0,0,36,0,0,0,0,2,0,10,0.5384615384615384,0.9999961333678753,0.0
60,49,1s2.2s2.2p6.3s2.3p6.3d10.4s2.4p6.4d10.4f1.5s2,4f,4,3,1,2.5,f,0,12,39.582055895466965,0,0,0,46,2,0,0,0,0,0,0,0,0,0,0,0,0,0,36,0,0,0,0,2,0,10,0.0,0.9999961333678753,0.0
60,48,1s2.2s2.2p6.3s2.3p6.3d10.4s2.4p6.4d10.5s2,5s,5,0,2,0.5,s,0,13,36.15472244361083,1,18,28,0,0,1,0,0,0,0,8,10,0,8,10,0,0,0,0,0,0,0,0,0,10,0,0.0,0.9999961333678753,0.0
60,47,1s2.2s2.2p6.3s2.3p6.3d10.4s2.4p6.4d10.5s1,5s,5,0,1,0.5,s,0,14,35.55897354224375,0,18,28,0,0,0,0,0,0,0,8,10,0,8,10,0,0,0,0,0,0,0,0,0,10,0,0.0,0.9999961333678753,0.0
60,46,1s2.2s2.2p6.3s2.3p6.3d10.4s2.4p6.4d10,4d,4,2,10,2.5,d,0,15,35.18427854681272,9,0,0,36,0,0,0,9,0,0,0,0,0,0,0,16,10,0,0,0,0,0,0,0,0,10,0.0,0.9999961333678753,0.0
60,45,1s2.2s2.2p6.3s2.3p6.3d10.4s2.4p6.4d9,4d,4,2,9,2.5,d,0,16,34.56268954011648,8,0,0,36,0,0,0,8,0,0,0,0,0,0,0,16,10,0,0,0,0,0,0,0,0,10,-0.5555555555555554,0.9999961333678753,0.0
60,44,1s2.2s2.2p6.3s2.3p6.3d10.4s2.4p6.4d8,4d,4,2,8,2.5,d,0,17,33.90183225775024,7,0,0,36,0,0,0,7,0,0,0,0,0,0,0,16,10,0,0,0,0,0,0,0,0,10,-1.1111111111111112,0.9999961333678753,0.0
60,43,1s2.2s2.2p6.3s2.3p6.3d10.4s2.4p6.4d7,4d,4,2,7,2.5,d,0,18,33.24097497538423,6,0,0,36,0,0,0,6,0,0,0,0,0,0,0,16,10,0,0,0,0,0,0,0,0,10,-1.6666666666666665,0.9999961333678753,0.0
60,42,1s2.2s2.2p6.3s2.3p6.3d10.4s2.4p6.4d6,4d,4,2,6,2.5,d,0,19,32.619385968687766,5,0,0,36,0,0,0,5,0,0,0,0,0,0,0,16,10,0,0,0,0,0,0,0,0,10,-2.2222222222222223,0.9999961333678753,0.0
60,41,1s2.2s2.2p6.3s2.3p6.3d10.4s2.4p6.4d5,4d,4,2,5,2.5,d,0,20,31.77042966985971,4,0,0,36,0,0,0,4,0,0,0,0,0,0,0,16,10,0,0,0,0,0,0,0,0,10,2.2222222222222223,0.9999961333678753,0.0
60,40,1s2.2s2.2p6.3s2.3p6.3d10.4s2.4p6.4d4,4d,4,2,4,1.5,d,0,21,31.14884066316324,3,0,0,36,0,0,0,3,0,0,0,0,0,0,0,16,10,0,0,0,0,0,0,0,0,10,1.6666666666666667,0.9999961333678753,0.0
60,39,1s2.2s2.2p6.3s2.3p6.3d10.4s2.4p6.4d3,4d,4,2,3,1.5,d,0,22,30.487983380797118,2,0,0,36,0,0,0,2,0,0,0,0,0,0,0,16,10,0,0,0,0,0,0,0,0,10,1.1111111111111112,0.9999961333678753,0.0
60,38,1s2.2s2.2p6.3s2.3p6.3d10.4s2.4p6.4d2,4d,4,2,2,1.5,d,0,23,29.82712609843111,1,0,0,36,0,0,0,1,0,0,0,0,0,0,0,16,10,0,0,0,0,0,0,0,0,10,0.5555555555555556,0.9999961333678753,0.0
60,37,1s2.2s2.2p6.3s2.3p6.3d10.4s2.4p6.4d1,4d,4,2,1,1.5,d,0,24,29.20553709173464,0,0,0,36,0,0,0,0,0,0,0,0,0,0,0,16,10,0,0,0,0,0,0,0,0,10,0.0,0.9999961333678753,0.0
60,36,1s2.2s2.2p6.3s2.3p6.3d10.4s2.4p6,4p,4,1,6,1.5,p3,0,25,26.676544772007787,5,20,10,0,0,0,5,0,0,2,8,10,0,8,0,0,0,0,0,0,0,0,0,0,2,0,0.0,0.9999961333678753,0.0
60,35,1s2.2s2.2p6.3s2.3p6.3d10.4s2.4p5,4p,4,1,5,1.5,p3,0,26,26.117340670445287,4,20,10,0,0,0,4,0,0,2,8,10,0,8,0,0,0,0,0,0,0,0,0,0,2,0,-0.6000000000000001,0.9999961333678753,0.0
60,34,1s2.2s2.2p6.3s2.3p6.3d10.4s2.4p4,4p,4,1,4,1.5,p3,0,27,25.558136568882787,3,20,10,0,0,0,3,0,0,2,8,10,0,8,0,0,0,0,0,0,0,0,0,0,2,0,-1.2,0.9999961333678753,0.0
60,33,1s2.2s2.2p6.3s2.3p6.3d10.4s2.4p3,4p,4,1,3,1.5,p3,0,28,24.807678805211026,2,20,10,0,0,0,2,0,0,2,8,10,0,8,0,0,0,0,0,0,0,0,0,0,2,0,1.2,0.9999961333678753,0.0
60,32,1s2.2s2.2p6.3s2.3p6.3d10.4s2.4p2,4p,4,1,2,0.5,p1,0,29,24.24270156046225,1,20,10,0,0,0,1,0,0,2,8,10,0,8,0,0,0,0,0,0,0,0,0,0,2,0,0.6,0.9999961333678753,0.0
60,31,1s2.2s2.2p6.3s2.3p6.3d10.4s2.4p1,4p,4,1,1,0.5,p1,0,30,23.681451647104154,0,20,10,0,0,0,0,0,0,2,8,10,0,8,0,0,0,0,0,0,0,0,0,0,2,0,0.0,0.9999961333678753,0.0
60,30,1s2.2s2.2p6.3s2.3p6.3d10.4s2,4s,4,0,2,0.5,s,0,31,22.126593730819764,1,18,10,0,0,1,0,0,0,0,8,10,0,8,0,0,0,0,0,0,0,0,0,0,2,0,0.0,0.9999961333678753,0.0
60,29,1s2.2s2.2p6.3s2.3p6.3d10.4s1,4s,4,0,1,0.5,s,0,32,21.554071296483926,0,18,10,0,0,0,0,0,0,0,8,10,0,8,0,0,0,0,0,0,0,0,0,0,2,0,0.0,0.9999961333678753,0.0
60,28,1s2.2s2.2p6.3s2.3p6.3d10,3d,3,2,10,2.5,d,0,33,21.379455336979806,9,0,0,18,0,0,0,9,0,0,0,0,0,0,0,16,0,0,0,0,0,0,0,0,0,2,0.0,0.9999961333678753,0.0
60,27,1s2.2s2.2p6.3s2.3p6.3d9,3d,3,2,9,2.5,d,0,34,20.677223194122995,8,0,0,18,0,0,0,8,0,0,0,0,0,0,0,16,0,0,0,0,0,0,0,0,0,2,-0.5555555555555554,0.9999961333678753,0.0
60,26,1s2.2s2.2p6.3s2.3p6.3d8,3d,3,2,8,2.5,d,0,35,19.92856167011884,7,0,0,18,0,0,0,7,0,0,0,0,0,0,0,16,0,0,0,0,0,0,0,0,0,2,-1.1111111111111112,0.9999961333678753,0.0
60,25,1s2.2s2.2p6.3s2.3p6.3d7,3d,3,2,7,2.5,d,0,36,19.180019458485546,6,0,0,18,0,0,0,6,0,0,0,0,0,0,0,16,0,0,0,0,0,0,0,0,0,2,-1.6666666666666665,0.9999961333678753,0.0
60,24,1s2.2s2.2p6.3s2.3p6.3d6,3d,3,2,6,2.5,d,0,37,18.477999944610033,5,0,0,18,0,0,0,5,0,0,0,0,0,0,0,16,0,0,0,0,0,0,0,0,0,2,-2.2222222222222223,0.9999961333678753,0.0
60,23,1s2.2s2.2p6.3s2.3p6.3d5,3d,3,2,5,2.5,d,0,38,17.516342790782076,4,0,0,18,0,0,0,4,0,0,0,0,0,0,0,16,0,0,0,0,0,0,0,0,0,2,2.2222222222222223,0.9999961333678753,0.0
60,22,1s2.2s2.2p6.3s2.3p6.3d4,3d,3,2,4,1.5,d,0,39,16.81369270190474,3,0,0,18,0,0,0,3,0,0,0,0,0,0,0,16,0,0,0,0,0,0,0,0,0,2,1.6666666666666667,0.9999961333678753,0.0
60,21,1s2.2s2.2p6.3s2.3p6.3d3,3d,3,2,3,1.5,d,0,40,16.06581898178117,2,0,0,18,0,0,0,2,0,0,0,0,0,0,0,16,0,0,0,0,0,0,0,0,0,2,1.1111111111111112,0.9999961333678753,0.0
60,20,1s2.2s2.2p6.3s2.3p6.3d2,3d,3,2,2,1.5,d,0,41,15.318236242385085,1,0,0,18,0,0,0,1,0,0,0,0,0,0,0,16,0,0,0,0,0,0,0,0,0,2,0.5555555555555556,0.9999961333678753,0.0
60,19,1s2.2s2.2p6.3s2.3p6.3d1,3d,3,2,1,1.5,d,0,42,14.615753461451872,0,0,0,18,0,0,0,0,0,0,0,0,0,0,0,16,0,0,0,0,0,0,0,0,0,2,0.0,0.9999961333678753,0.0
60,18,1s2.2s2.2p6.3s2.3p6,3p,3,1,6,1.5,p3,0,43,12.667818264554036,5,10,2,0,0,0,5,0,0,2,8,0,0,2,0,0,0,0,0,0,0,0,0,0,0,0,0.0,0.9999961333678753,0.0
60,17,1s2.2s2.2p6.3s2.3p5,3p,3,1,5,1.5,p3,0,44,12.08347223011717,4,10,2,0,0,0,4,0,0,2,8,0,0,2,0,0,0,0,0,0,0,0,0,0,0,0,-0.6000000000000001,0.9999961333678753,0.0
60,16,1s2.2s2.2p6.3s2.3p4,3p,3,1,4,1.5,p3,0,45,11.49928244974415,3,10,2,0,0,0,3,0,0,2,8,0,0,2,0,0,0,0,0,0,0,0,0,0,0,0,-1.2,0.9999961333678753,0.0
60,15,1s2.2s2.2p6.3s2.3p3,3p,3,1,3,1.5,p3,0,46,10.730818199117742,2,10,2,0,0,0,2,0,0,2,8,0,0,2,0,0,0,0,0,0,0,0,0,0,0,0,1.2,0.9999961333678753,0.0
60,14,1s2.2s2.2p6.3s2.3p2,3p,3,1,2,0.5,p1,0,47,10.145247180423096,1,10,2,0,0,0,1,0,0,2,8,0,0,2,0,0,0,0,0,0,0,0,0,0,0,0,0.6,0.9999961333678753,0.0
60,13,1s2.2s2.2p6.3s2.3p1,3p,3,1,1,0.5,p1,0,48,9.559774441642945,0,10,2,0,0,0,0,0,0,2,8,0,0,2,0,0,0,0,0,0,0,0,0,0,0,0,0.0,0.9999961333678753,0.0
60,12,1s2.2s2.2p6.3s2,3s,3,0,2,0.5,s,0,49,8.35113401342552,1,8,2,0,0,1,0,0,0,0,8,0,0,2,0,0,0,0,0,0,0,0,0,0,0,0,0.0,0.9999961333678753,0.0
60,11,1s2.2s2.2p6.3s1,3s,3,0,1,0.5,s,0,50,7.7856408855844075,0,8,2,0,0,0,0,0,0,0,8,0,0,2,0,0,0,0,0,0,0,0,0,0,0,0,0.0,0.9999961333678753,0.0
60,10,1s2.2s2.2p6,2p,2,1,6,1.5,p3,0,51,6.545979557232126,5,4,0,0,0,0,5,0,0,2,2,0,0,0,0,0,0,0,0,0,0,0,0,0,0,0,0.0,0.9999961333678753,0.0
60,9,1s2.2s2.2p5,2p,2,1,5,1.5,p3,0,52,5.88972955723213,4,4,0,0,0,0,4,0,0,2,2,0,0,0,0,0,0,0,0,0,0,0,0,0,0,0,-0.6000000000000001,0.9999961333678753,0.0
60,8,1s2.2s2.2p4,2p,2,1,4,1.5,p3,0,53,5.233479557232133,3,4,0,0,0,0,3,0,0,2,2,0,0,0,0,0,0,0,0,0,0,0,0,0,0,0,-1.2,0.9999961333678753,0.0
60,7,1s2.2s2.2p3,2p,2,1,3,1.5,p3,0,54,4.378670782625834,2,4,0,0,0,0,2,0,0,2,2,0,0,0,0,0,0,0,0,0,0,0,0,0,0,0,1.2,0.9999961333678753,0.0
60,6,1s2.2s2.2p2,2p,2,1,2,0.5,p1,0,55,3.7253535771907345,1,4,0,0,0,0,1,0,0,2,2,0,0,0,0,0,0,0,0,0,0,0,0,0,0,0,0.6,0.9999961333678753,0.0
60,5,1s2.2s2.2p1,2p,2,1,1,0.5,p1,0,56,3.0730091792350134,0,4,0,0,0,0,0,0,0,2,2,0,0,0,0,0,0,0,0,0,0,0,0,0,0,0,0.0,0.9999961333678753,0.0
60,4,1s2.2s2,2s,2,0,2,0.5,s,0,57,2.145875983124917,1,2,0,0,0,1,0,0,0,0,2,0,0,0,0,0,0,0,0,0,0,0,0,0,0,0,0.0,0.9999961333678753,10.67468075342907
60,3,1s2.2s1,2s,2,0,1,0.5,s,0,58,1.5912208504801093,0,2,0,0,0,0,0,0,0,0,2,0,0,0,0,0,0,0,0,0,0,0,0,0,0,0,0.0,0.9999961333678753,10.67468075342907
60,2,1s2,1s,1,0,2,0.5,s,0,59,0.625,1,0,0,0,0,1,0,0,0,0,0,0,0,0,0,0,0,0,0,0,0,0,0,0,0,0,0.0,0.9999961333678753,68.03667590212747
60,1,1s1,1s,1,0,1,0.5,s,0,60,0.0,0,0,0,0,0,0,0,0,0,0,0,0,0,0,0,0,0,0,0,0,0,0,0,0,0,0,0.0,0.9999961333678753,68.03667590212747
61,61,1s2.2s2.2p6.3s2.3p6.3d10.4s2.4p6.4d10.4f5.5s2.5p6.6s2,6s,6,0,2,0.5,s,0,1,47.35290497752061,1,8,51,0,0,1,0,0,0,0,8,0,0,8,15,0,0,0,0,0,0,0,0,0,28,0,0.0,0.9999962135554714,0.0
61,60,1s2.2s2.2p6.3s2.3p6.3d10.4s2.4p6.4d10.4f5.5s2.5p6.6s1,6s,6,0,1,0.5,s,0,2,46.73118903894521,0,8,51,0,0,0,0,0,0,0,8,0,0,8,15,0,0,0,0,0,0,0,0,0,28,0,0.0,0.9999962135554714,0.0
61,59,1s2.2s2.2p6.3s2.3p6.3d10.4s2.4p6.4d10.4f5.5s2.5p6,4f,4,3,5,2.5,f,0,3,45.5744705357572,4,0,0,46,8,0,0,0,4,0,0,0,0,0,0,0,0,0,36,0,0,0,0,8,0,10,2.1538461538461537,0.9999962135554714,0.0
61,58,1s2.2s2.2p6.3s2.3p6.3d10.4s2.4p6.4d10.4f4.5s2.5p6,4f,4,3,4,2.5,f,0,4,44.77297800159886,3,0,0,46,8,0,0,0,3,0,0,0,0,0,0,0,0,0,36,0,0,0,0,8,0,10,1.6153846153846154,0.9999962135554714,0.0
61,57,1s2.2s2.2p6.3s2.3p6.3d10.4s2.4p6.4d10.4f3.5s2.5p6,5p,5,1,6,1.5,p3,0,5,43.02266784627658,5,23,28,0,0,0,5,0,0,2,8,10,3,8,10,0,0,0,0,0,0,0,0,0,10,0,0.0,0.9999962135554714,0.0
61,56,1s2.2s2.2p6.3s2.3p6.3d10.4s2.4p6.4d10.4f3.5s2.5p5,5p,5,1,5,1.5,p3,0,6,42.45394632229736,4,23,28,0,0,0,4,0,0,2,8,10,3,8,10,0,0,0,0,0,0,0,0,0,10,0,-0.6000000000000001,0.9999962135554714,0.0
61,55,1s2.2s2.2p6.3s2.3p6.3d10.4s2.4p6.4d10.4f3.5s2.5p4,5p,5,1,4,1.5,p3,0,7,41.92452331502668,3,23,28,0,0,0,3,0,0,2,8,10,3,8,10,0,0,0,0,0,0,0,0,0,10,0,-1.2,0.9999962135554714,0.0
61,54,1s2.2s2.2p6.3s2.3p6.3d10.4s2.4p6.4d10.4f3.5s2.5p3,5p,5,1,3,1.5,p3,0,8,41.16393485732065,2,23,28,0,0,0,2,0,0,2,8,10,3,8,10,0,0,0,0,0,0,0,0,0,10,0,1.2,0.9999962135554714,0.0
61,53,1s2.2s2.2p6.3s2.3p6.3d10.4s2.4p6.4d10.4f3.5s2.5p2,5p,5,1,2,0.5,p1,0,9,40.59281817933421,1,23,28,0,0,0,1,0,0,2,8,10,3,8,10,0,0,0,0,0,0,0,0,0,10,0,0.6,0.9999962135554714,0.0
61,52,1s2.2s2.2p6.3s2.3p6.3d10.4s2.4p6.4d10.4f3.5s2.5p1,5p,5,1,1,0.5,p1,0,10,40.05314875245812,0,23,28,0,0,0,0,0,0,2,8,10,3,8,10,0,0,0,0,0,0,0,0,0,10,0,0.0,0.9999962135554714,0.0
61,51,1s2.2s2.2p6.3s2.3p6.3d10.4s2.4p6.4d10.4f3.5s2,4f,4,3,3,2.5,f,0,11,41.078101028719175,2,0,0,46,2,0,0,0,2,0,0,0,0,0,0,0,0,0,36,0,0,0,0,2,0,10,1.0769230769230769,0.9999962135554714,0.0
61,50,1s2.2s2.2p6.3s2.3p6.3d10.4s2.4p6.4d10.4f2.5s2,4f,4,3,2,2.5,f,0,12,40.321166800837545,1,0,0,46,2,0,0,0,1,0,0,0,0,0,0,0,0,0,36,0,0,0,0,2,0,10,0.5384615384615384,0.9999962135554714,0.0
61,49,1s2.2s2.2p6.3s2.3p6.3d10.4s2.4p6.4d10.4f1.5s2,4f,4,3,1,2.5,f,0,13,39.582055895466965,0,0,0,46,2,0,0,0,0,0,0,0,0,0,0,0,0,0,36,0,0,0,0,2,0,10,0.0,0.9999962135554714,0.0
61,48,1s2.2s2.2p6.3s2.3p6.3d10.4s2.4p6.4d10.5s2,5s,5,0,2,0.5,s,0,14,36.15472244361083,1,18,28,0,0,1,0,0,0,0,8,10,0,8,10,0,0,0,0,0,0,0,0,0,10,0,0.0,0.9999962135554714,0.0
61,47,1s2.2s2.2p6.3s2.3p6.3d10.4s2.4p6.4d10.5s1,5s,5,0,1,0.5,s,0,15,35.55897354224375,0,18,28,0,0,0,0,0,0,0,8,10,0,8,10,0,0,0,0,0,0,0,0,0,10,0,0.0,0.9999962135554714,0.0
61,46,1s2.2s2.2p6.3s2.3p6.3d10.4s2.4p6.4d10,4d,4,2,10,2.5,d,0,16,35.18427854681272,9,0,0,36,0,0,0,9,0,0,0,0,0,0,0,16,10,0,0,0,0,0,0,0,0,10,0.0,0.9999962135554714,0.0
61,45,1s2.2s2.2p6.3s2.3p6.3d10.4s2.4p6.4d9,4d,4,2,9,2.5,d,0,17,34.56268954011648,8,0,0,36,0,0,0,8,0,0,0,0,0,0,0,16,10,0,0,0,0,0,0,0,0,10,-0.5555555555555554,0.9999962135554714,0.0
61,44,1s2.2s2.2p6.3s2.3p6.3d10.4s2.4p6.4d8,4d,4,2,8,2.5,d,0,18,33.90183225775024,7,0,0,36,0,0,0,7,0,0,0,0,0,0,0,16,10,0,0,0,0,0,0,0,0,10,-1.1111111111111112,0.9999962135554714,0.0
61,43,1s2.2s2.2p6.3s2.3p6.3d10.4s2.4p6.4d7,4d,4,2,7,2.5,d,0,19,33.24097497538423,6,0,0,36,0,0,0,6,0,0,0,0,0,0,0,16,10,0,0,0,0,0,0,0,0,10,-1.6666666666666665,0.9999962135554714,0.0
61,42,1s2.2s2.2p6.3s2.3p6.3d10.4s2.4p6.4d6,4d,4,2,6,2.5,d,0,20,32.619385968687766,5,0,0,36,0,0,0,5,0,0,0,0,0,0,0,16,10,0,0,0,0,0,0,0,0,10,-2.2222222222222223,0.9999962135554714,0.0
61,41,1s2.2s2.2p6.3s2.3p6.3d10.4s2.4p6.4d5,4d,4,2,5,2.5,d,0,21,31.77042966985971,4,0,0,36,0,0,0,4,0,0,0,0,0,0,0,16,10,0,0,0,0,0,0,0,0,10,2.2222222222222223,0.9999962135554714,0.0
61,40,1s2.2s2.2p6.3s2.3p6.3d10.4s2.4p6.4d4,4d,4,2,4,1.5,d,0,22,31.14884066316324,3,0,0,36,0,0,0,3,0,0,0,0,0,0,0,16,10,0,0,0,0,0,0,0,0,10,1.6666666666666667,0.9999962135554714,0.0
61,39,1s2.2s2.2p6.3s2.3p6.3d10.4s2.4p6.4d3,4d,4,2,3,1.5,d,0,23,30.487983380797118,2,0,0,36,0,0,0,2,0,0,0,0,0,0,0,16,10,0,0,0,0,0,0,0,0,10,1.1111111111111112,0.9999962135554714,0.0
61,38,1s2.2s2.2p6.3s2.3p6.3d10.4s2.4p6.4d2,4d,4,2,2,1.5,d,0,24,29.82712609843111,1,0,0,36,0,0,0,1,0,0,0,0,0,0,0,16,10,0,0,0,0,0,0,0,0,10,0.5555555555555556,0.9999962135554714,0.0
61,37,1s2.2s2.2p6.3s2.3p6.3d10.4s2.4p6.4d1,4d,4,2,1,1.5,d,0,25,29.20553709173464,0,0,0,36,0,0,0,0,0,0,0,0,0,0,0,16,10,0,0,0,0,0,0,0,0,10,0.0,0.9999962135554714,0.0
61,36,1s2.2s2.2p6.3s2.3p6.3d10.4s2.4p6,4p,4,1,6,1.5,p3,0,26,26.676544772007787,5,20,10,0,0,0,5,0,0,2,8,10,0,8,0,0,0,0,0,0,0,0,0,0,2,0,0.0,0.9999962135554714,0.0
61,35,1s2.2s2.2p6.3s2.3p6.3d10.4s2.4p5,4p,4,1,5,1.5,p3,0,27,26.117340670445287,4,20,10,0,0,0,4,0,0,2,8,10,0,8,0,0,0,0,0,0,0,0,0,0,2,0,-0.6000000000000001,0.9999962135554714,0.0
61,34,1s2.2s2.2p6.3s2.3p6.3d10.4s2.4p4,4p,4,1,4,1.5,p3,0,28,25.558136568882787,3,20,10,0,0,0,3,0,0,2,8,10,0,8,0,0,0,0,0,0,0,0,0,0,2,0,-1.2,0.9999962135554714,0.0
61,33,1s2.2s2.2p6.3s2.3p6.3d10.4s2.4p3,4p,4,1,3,1.5,p3,0,29,24.807678805211026,2,20,10,0,0,0,2,0,0,2,8,10,0,8,0,0,0,0,0,0,0,0,0,0,2,0,1.2,0.9999962135554714,0.0
61,32,1s2.2s2.2p6.3s2.3p6.3d10.4s2.4p2,4p,4,1,2,0.5,p1,0,30,24.24270156046225,1,20,10,0,0,0,1,0,0,2,8,10,0,8,0,0,0,0,0,0,0,0,0,0,2,0,0.6,0.9999962135554714,0.0
61,31,1s2.2s2.2p6.3s2.3p6.3d10.4s2.4p1,4p,4,1,1,0.5,p1,0,31,23.681451647104154,0,20,10,0,0,0,0,0,0,2,8,10,0,8,0,0,0,0,0,0,0,0,0,0,2,0,0.0,0.9999962135554714,0.0
61,30,1s2.2s2.2p6.3s2.3p6.3d10.4s2,4s,4,0,2,0.5,s,0,32,22.126593730819764,1,18,10,0,0,1,0,0,0,0,8,10,0,8,0,0,0,0,0,0,0,0,0,0,2,0,0.0,0.9999962135554714,0.0
61,29,1s2.2s2.2p6.3s2.3p6.3d10.4s1,4s,4,0,1,0.5,s,0,33,21.554071296483926,0,18,10,0,0,0,0,0,0,0,8,10,0,8,0,0,0,0,0,0,0,0,0,0,2,0,0.0,0.9999962135554714,0.0
61,28,1s2.2s2.2p6.3s2.3p6.3d10,3d,3,2,10,2.5,d,0,34,21.379455336979806,9,0,0,18,0,0,0,9,0,0,0,0,0,0,0,16,0,0,0,0,0,0,0,0,0,2,0.0,0.9999962135554714,0.0
61,27,1s2.2s2.2p6.3s2.3p6.3d9,3d,3,2,9,2.5,d,0,35,20.677223194122995,8,0,0,18,0,0,0,8,0,0,0,0,0,0,0,16,0,0,0,0,0,0,0,0,0,2,-0.5555555555555554,0.9999962135554714,0.0
61,26,1s2.2s2.2p6.3s2.3p6.3d8,3d,3,2,8,2.5,d,0,36,19.92856167011884,7,0,0,18,0,0,0,7,0,0,0,0,0,0,0,16,0,0,0,0,0,0,0,0,0,2,-1.1111111111111112,0.9999962135554714,0.0
61,25,1s2.2s2.2p6.3s2.3p6.3d7,3d,3,2,7,2.5,d,0,37,19.180019458485546,6,0,0,18,0,0,0,6,0,0,0,0,0,0,0,16,0,0,0,0,0,0,0,0,0,2,-1.6666666666666665,0.9999962135554714,0.0
61,24,1s2.2s2.2p6.3s2.3p6.3d6,3d,3,2,6,2.5,d,0,38,18.477999944610033,5,0,0,18,0,0,0,5,0,0,0,0,0,0,0,16,0,0,0,0,0,0,0,0,0,2,-2.2222222222222223,0.9999962135554714,0.0
61,23,1s2.2s2.2p6.3s2.3p6.3d5,3d,3,2,5,2.5,d,0,39,17.516342790782076,4,0,0,18,0,0,0,4,0,0,0,0,0,0,0,16,0,0,0,0,0,0,0,0,0,2,2.2222222222222223,0.9999962135554714,0.0
61,22,1s2.2s2.2p6.3s2.3p6.3d4,3d,3,2,4,1.5,d,0,40,16.81369270190474,3,0,0,18,0,0,0,3,0,0,0,0,0,0,0,16,0,0,0,0,0,0,0,0,0,2,1.6666666666666667,0.9999962135554714,0.0
61,21,1s2.2s2.2p6.3s2.3p6.3d3,3d,3,2,3,1.5,d,0,41,16.06581898178117,2,0,0,18,0,0,0,2,0,0,0,0,0,0,0,16,0,0,0,0,0,0,0,0,0,2,1.1111111111111112,0.9999962135554714,0.0
61,20,1s2.2s2.2p6.3s2.3p6.3d2,3d,3,2,2,1.5,d,0,42,15.318236242385085,1,0,0,18,0,0,0,1,0,0,0,0,0,0,0,16,0,0,0,0,0,0,0,0,0,2,0.5555555555555556,0.9999962135554714,0.0
61,19,1s2.2s2.2p6.3s2.3p6.3d1,3d,3,2,1,1.5,d,0,43,14.615753461451872,0,0,0,18,0,0,0,0,0,0,0,0,0,0,0,16,0,0,0,0,0,0,0,0,0,2,0.0,0.9999962135554714,0.0
61,18,1s2.2s2.2p6.3s2.3p6,3p,3,1,6,1.5,p3,0,44,12.667818264554036,5,10,2,0,0,0,5,0,0,2,8,0,0,2,0,0,0,0,0,0,0,0,0,0,0,0,0.0,0.9999962135554714,0.0
61,17,1s2.2s2.2p6.3s2.3p5,3p,3,1,5,1.5,p3,0,45,12.08347223011717,4,10,2,0,0,0,4,0,0,2,8,0,0,2,0,0,0,0,0,0,0,0,0,0,0,0,-0.6000000000000001,0.9999962135554714,0.0
61,16,1s2.2s2.2p6.3s2.3p4,3p,3,1,4,1.5,p3,0,46,11.49928244974415,3,10,2,0,0,0,3,0,0,2,8,0,0,2,0,0,0,0,0,0,0,0,0,0,0,0,-1.2,0.9999962135554714,0.0
61,15,1s2.2s2.2p6.3s2.3p3,3p,3,1,3,1.5,p3,0,47,10.730818199117742,2,10,2,0,0,0,2,0,0,2,8,0,0,2,0,0,0,0,0,0,0,0,0,0,0,0,1.2,0.9999962135554714,0.0
61,14,1s2.2s2.2p6.3s2.3p2,3p,3,1,2,0.5,p1,0,48,10.145247180423096,1,10,2,0,0,0,1,0,0,2,8,0,0,2,0,0,0,0,0,0,0,0,0,0,0,0,0.6,0.9999962135554714,0.0
61,13,1s2.2s2.2p6.3s2.3p1,3p,3,1,1,0.5,p1,0,49,9.559774441642945,0,10,2,0,0,0,0,0,0,2,8,0,0,2,0,0,0,0,0,0,0,0,0,0,0,0,0.0,0.9999962135554714,0.0
61,12,1s2.2s2.2p6.3s2,3s,3,0,2,0.5,s,0,50,8.35113401342552,1,8,2,0,0,1,0,0,0,0,8,0,0,2,0,0,0,0,0,0,0,0,0,0,0,0,0.0,0.9999962135554714,0.0
61,11,1s2.2s2.2p6.3s1,3s,3,0,1,0.5,s,0,51,7.7856408855844075,0,8,2,0,0,0,0,0,0,0,8,0,0,2,0,0,0,0,0,0,0,0,0,0,0,0,0.0,0.9999962135554714,0.0
61,10,1s2.2s2.2p6,2p,2,1,6,1.5,p3,0,52,6.545979557232126,5,4,0,0,0,0,5,0,0,2,2,0,0,0,0,0,0,0,0,0,0,0,0,0,0,0,0.0,0.9999962135554714,0.0
61,9,1s2.2s2.2p5,2p,2,1,5,1.5,p3,0,53,5.88972955723213,4,4,0,0,0,0,4,0,0,2,2,0,0,0,0,0,0,0,0,0,0,0,0,0,0,0,-0.6000000000000001,0.9999962135554714,0.0
61,8,1s2.2s2.2p4,2p,2,1,4,1.5,p3,0,54,5.233479557232133,3,4,0,0,0,0,3,0,0,2,2,0,0,0,0,0,0,0,0,0,0,0,0,0,0,0,-1.2,0.9999962135554714,0.0
61,7,1s2.2s2.2p3,2p,2,1,3,1.5,p3,0,55,4.378670782625834,2,4,0,0,0,0,2,0,0,2,2,0,0,0,0,0,0,0,0,0,0,0,0,0,0,0,1.2,0.9999962135554714,0.0
61,6,1s2.2s2.2p2,2p,2,1,2,0.5,p1,0,56,3.7253535771907345,1,4,0,0,0,0,1,0,0,2,2,0,0,0,0,0,0,0,0,0,0,0,0,0,0,0,0.6,0.9999962135554714,0.0
61,5,1s2.2s2.2p1,2p,2,1,1,0.5,p1,0,57,3.0730091792350134,0,4,0,0,0,0,0,0,0,2,2,0,0,0,0,0,0,0,0,0,0,0,0,0,0,0,0.0,0.9999962135554714,0.0
61,4,1s2.2s2,2s,2,0,2,0.5,s,0,58,2.145875983124917,1,2,0,0,0,1,0,0,0,0,2,0,0,0,0,0,0,0,0,0,0,0,0,0,0,0,0.0,0.9999962135554714,11.39395539877861
61,3,1s2.2s1,2s,2,0,1,0.5,s,0,59,1.5912208504801093,0,2,0,0,0,0,0,0,0,0,2,0,0,0,0,0,0,0,0,0,0,0,0,0,0,0,0.0,0.9999962135554714,11.39395539877861
61,2,1s2,1s,1,0,2,0.5,s,0,60,0.625,1,0,0,0,0,1,0,0,0,0,0,0,0,0,0,0,0,0,0,0,0,0,0,0,0,0,0.0,0.9999962135554714,72.29997441987379
61,1,1s1,1s,1,0,1,0.5,s,0,61,0.0,0,0,0,0,0,0,0,0,0,0,0,0,0,0,0,0,0,0,0,0,0,0,0,0,0,0,0.0,0.9999962135554714,72.29997441987379
62,62,1s2.2s2.2p6.3s2.3p6.3d10.4s2.4p6.4d10.4f6.5s2.5p6.6s2,6s,6,0,2,0.5,s,0,1,48.1391266595935,1,8,52,0,0,1,0,0,0,0,8,0,0,8,16,0,0,0,0,0,0,0,0,0,28,0,0.0,0.9999963882227166,0.0
62,61,1s2.2s2.2p6.3s2.3p6.3d10.4s2.4p6.4d10.4f6.5s2.5p6.6s1,6s,6,0,1,0.5,s,0,2,47.512153417397315,0,8,52,0,0,0,0,0,0,0,8,0,0,8,16,0,0,0,0,0,0,0,0,0,28,0,0.0,0.9999963882227166,0.0
62,60,1s2.2s2.2p6.3s2.3p6.3d10.4s2.4p6.4d10.4f6.5s2.5p6,4f,4,3,6,2.5,f,0,3,46.33140476363883,5,0,0,46,8,0,0,0,5,0,0,0,0,0,0,0,0,0,36,0,0,0,0,8,0,10,2.6923076923076925,0.9999963882227166,0.0
62,59,1s2.2s2.2p6.3s2.3p6.3d10.4s2.4p6.4d10.4f5.5s2.5p6,4f,4,3,5,2.5,f,0,4,45.5744705357572,4,0,0,46,8,0,0,0,4,0,0,0,0,0,0,0,0,0,36,0,0,0,0,8,0,10,2.1538461538461537,0.9999963882227166,0.0
62,58,1s2.2s2.2p6.3s2.3p6.3d10.4s2.4p6.4d10.4f4.5s2.5p6,4f,4,3,4,2.5,f,0,5,44.77297800159886,3,0,0,46,8,0,0,0,3,0,0,0,0,0,0,0,0,0,36,0,0,0,0,8,0,10,1.6153846153846154,0.9999963882227166,0.0
62,57,1s2.2s2.2p6.3s2.3p6.3d10.4s2.4p6.4d10.4f3.5s2.5p6,5p,5,1,6,1.5,p3,1,6,43.02266784627658,5,23,28,0,0,0,5,0,0,2,8,10,3,8,10,0,0,0,0,0,0,0,0,0,10,0,0.0,0.9999963882227166,0.0
62,56,1s2.2s2.2p6.3s2.3p6.3d10.4s2.4p6.4d10.4f4.5s2.5p4,5p,5,1,4,1.5,p3,0,7,42.66928964913884,3,24,28,0,0,0,3,0,0,2,8,10,4,8,10,0,0,0,0,0,0,0,0,0,10,0,-1.2,0.9999963882227166,0.0
62,55,1s2.2s2.2p6.3s2.3p6.3d10.4s2.4p6.4d10.4f4.5s2.5p3,5p,5,1,3,1.5,p3,0,8,41.90255766243563,2,24,28,0,0,0,2,0,0,2,8,10,4,8,10,0,0,0,0,0,0,0,0,0,10,0,1.2,0.9999963882227166,0.0
62,54,1s2.2s2.2p6.3s2.3p6.3d10.4s2.4p6.4d10.4f4.5s2.5p2,5p,5,1,2,0.5,p1,0,9,41.362888235560256,1,24,28,0,0,0,1,0,0,2,8,10,4,8,10,0,0,0,0,0,0,0,0,0,10,0,0.6,0.9999963882227166,0.0
62,53,1s2.2s2.2p6.3s2.3p6.3d10.4s2.4p6.4d10.4f4.5s2.5p1,5p,5,1,1,0.5,p1,0,10,40.79177155757311,0,24,28,0,0,0,0,0,0,2,8,10,4,8,10,0,0,0,0,0,0,0,0,0,10,0,0.0,0.9999963882227166,0.0
62,52,1s2.2s2.2p6.3s2.3p6.3d10.4s2.4p6.4d10.4f4.5s2,4f,4,3,4,2.5,f,0,11,41.879593562877744,3,0,0,46,2,0,0,0,3,0,0,0,0,0,0,0,0,0,36,0,0,0,0,2,0,10,1.6153846153846154,0.9999963882227166,0.0
62,51,1s2.2s2.2p6.3s2.3p6.3d10.4s2.4p6.4d10.4f3.5s2,4f,4,3,3,2.5,f,0,12,41.078101028719175,2,0,0,46,2,0,0,0,2,0,0,0,0,0,0,0,0,0,36,0,0,0,0,2,0,10,1.0769230769230769,0.9999963882227166,0.0
62,50,1s2.2s2.2p6.3s2.3p6.3d10.4s2.4p6.4d10.4f2.5s2,4f,4,3,2,2.5,f,0,13,40.321166800837545,1,0,0,46,2,0,0,0,1,0,0,0,0,0,0,0,0,0,36,0,0,0,0,2,0,10,0.5384615384615384,0.9999963882227166,0.0
62,49,1s2.2s2.2p6.3s2.3p6.3d10.4s2.4p6.4d10.4f1.5s2,5s,5,0,2,0.5,s,0,14,36.8943151025039,1,19,28,0,0,1,0,0,0,0,8,10,1,8,10,0,0,0,0,0,0,0,0,0,10,0,0.0,0.9999963882227166,0.0
62,48,1s2.2s2.2p6.3s2.3p6.3d10.4s2.4p6.4d10.4f1.5s1,5s,5,0,1,0.5,s,0,15,36.290751567713606,0,19,28,0,0,0,0,0,0,0,8,10,1,8,10,0,0,0,0,0,0,0,0,0,10,0,0.0,0.9999963882227166,0.0
62,47,1s2.2s2.2p6.3s2.3p6.3d10.4s2.4p6.4d10.4f1,4f,4,3,1,2.5,f,0,16,38.640378657474685,0,0,0,46,0,0,0,0,0,0,0,0,0,0,0,0,0,0,36,0,0,0,0,0,0,10,0.0,0.9999963882227166,0.0
62,46,1s2.2s2.2p6.3s2.3p6.3d10.4s2.4p6.4d10,4d,4,2,10,2.5,d,0,17,35.18427854681272,9,0,0,36,0,0,0,9,0,0,0,0,0,0,0,16,10,0,0,0,0,0,0,0,0,10,0.0,0.9999963882227166,0.0
62,45,1s2.2s2.2p6.3s2.3p6.3d10.4s2.4p6.4d9,4d,4,2,9,2.5,d,0,18,34.56268954011648,8,0,0,36,0,0,0,8,0,0,0,0,0,0,0,16,10,0,0,0,0,0,0,0,0,10,-0.5555555555555554,0.9999963882227166,0.0
62,44,1s2.2s2.2p6.3s2.3p6.3d10.4s2.4p6.4d8,4d,4,2,8,2.5,d,0,19,33.90183225775024,7,0,0,36,0,0,0,7,0,0,0,0,0,0,0,16,10,0,0,0,0,0,0,0,0,10,-1.1111111111111112,0.9999963882227166,0.0
62,43,1s2.2s2.2p6.3s2.3p6.3d10.4s2.4p6.4d7,4d,4,2,7,2.5,d,0,20,33.24097497538423,6,0,0,36,0,0,0,6,0,0,0,0,0,0,0,16,10,0,0,0,0,0,0,0,0,10,-1.6666666666666665,0.9999963882227166,0.0
62,42,1s2.2s2.2p6.3s2.3p6.3d10.4s2.4p6.4d6,4d,4,2,6,2.5,d,0,21,32.619385968687766,5,0,0,36,0,0,0,5,0,0,0,0,0,0,0,16,10,0,0,0,0,0,0,0,0,10,-2.2222222222222223,0.9999963882227166,0.0
62,41,1s2.2s2.2p6.3s2.3p6.3d10.4s2.4p6.4d5,4d,4,2,5,2.5,d,0,22,31.77042966985971,4,0,0,36,0,0,0,4,0,0,0,0,0,0,0,16,10,0,0,0,0,0,0,0,0,10,2.2222222222222223,0.9999963882227166,0.0
62,40,1s2.2s2.2p6.3s2.3p6.3d10.4s2.4p6.4d4,4d,4,2,4,1.5,d,0,23,31.14884066316324,3,0,0,36,0,0,0,3,0,0,0,0,0,0,0,16,10,0,0,0,0,0,0,0,0,10,1.6666666666666667,0.9999963882227166,0.0
62,39,1s2.2s2.2p6.3s2.3p6.3d10.4s2.4p6.4d3,4d,4,2,3,1.5,d,0,24,30.487983380797118,2,0,0,36,0,0,0,2,0,0,0,0,0,0,0,16,10,0,0,0,0,0,0,0,0,10,1.1111111111111112,0.9999963882227166,0.0
62,38,1s2.2s2.2p6.3s2.3p6.3d10.4s2.4p6.4d2,4d,4,2,2,1.5,d,0,25,29.82712609843111,1,0,0,36,0,0,0,1,0,0,0,0,0,0,0,16,10,0,0,0,0,0,0,0,0,10,0.5555555555555556,0.9999963882227166,0.0
62,37,1s2.2s2.2p6.3s2.3p6.3d10.4s2.4p6.4d1,4d,4,2,1,1.5,d,0,26,29.20553709173464,0,0,0,36,0,0,0,0,0,0,0,0,0,0,0,16,10,0,0,0,0,0,0,0,0,10,0.0,0.9999963882227166,0.0
62,36,1s2.2s2.2p6.3s2.3p6.3d10.4s2.4p6,4p,4,1,6,1.5,p3,0,27,26.676544772007787,5,20,10,0,0,0,5,0,0,2,8,10,0,8,0,0,0,0,0,0,0,0,0,0,2,0,0.0,0.9999963882227166,0.0
62,35,1s2.2s2.2p6.3s2.3p6.3d10.4s2.4p5,4p,4,1,5,1.5,p3,0,28,26.117340670445287,4,20,10,0,0,0,4,0,0,2,8,10,0,8,0,0,0,0,0,0,0,0,0,0,2,0,-0.6000000000000001,0.9999963882227166,0.0
62,34,1s2.2s2.2p6.3s2.3p6.3d10.4s2.4p4,4p,4,1,4,1.5,p3,0,29,25.558136568882787,3,20,10,0,0,0,3,0,0,2,8,10,0,8,0,0,0,0,0,0,0,0,0,0,2,0,-1.2,0.9999963882227166,0.0
62,33,1s2.2s2.2p6.3s2.3p6.3d10.4s2.4p3,4p,4,1,3,1.5,p3,0,30,24.807678805211026,2,20,10,0,0,0,2,0,0,2,8,10,0,8,0,0,0,0,0,0,0,0,0,0,2,0,1.2,0.9999963882227166,0.0
62,32,1s2.2s2.2p6.3s2.3p6.3d10.4s2.4p2,4p,4,1,2,0.5,p1,0,31,24.24270156046225,1,20,10,0,0,0,1,0,0,2,8,10,0,8,0,0,0,0,0,0,0,0,0,0,2,0,0.6,0.9999963882227166,0.0
62,31,1s2.2s2.2p6.3s2.3p6.3d10.4s2.4p1,4p,4,1,1,0.5,p1,0,32,23.681451647104154,0,20,10,0,0,0,0,0,0,2,8,10,0,8,0,0,0,0,0,0,0,0,0,0,2,0,0.0,0.9999963882227166,0.0
62,30,1s2.2s2.2p6.3s2.3p6.3d10.4s2,4s,4,0,2,0.5,s,0,33,22.126593730819764,1,18,10,0,0,1,0,0,0,0,8,10,0,8,0,0,0,0,0,0,0,0,0,0,2,0,0.0,0.9999963882227166,0.0
62,29,1s2.2s2.2p6.3s2.3p6.3d10.4s1,4s,4,0,1,0.5,s,0,34,21.554071296483926,0,18,10,0,0,0,0,0,0,0,8,10,0,8,0,0,0,0,0,0,0,0,0,0,2,0,0.0,0.9999963882227166,0.0
62,28,1s2.2s2.2p6.3s2.3p6.3d10,3d,3,2,10,2.5,d,0,35,21.379455336979806,9,0,0,18,0,0,0,9,0,0,0,0,0,0,0,16,0,0,0,0,0,0,0,0,0,2,0.0,0.9999963882227166,0.0
62,27,1s2.2s2.2p6.3s2.3p6.3d9,3d,3,2,9,2.5,d,0,36,20.677223194122995,8,0,0,18,0,0,0,8,0,0,0,0,0,0,0,16,0,0,0,0,0,0,0,0,0,2,-0.5555555555555554,0.9999963882227166,0.0
62,26,1s2.2s2.2p6.3s2.3p6.3d8,3d,3,2,8,2.5,d,0,37,19.92856167011884,7,0,0,18,0,0,0,7,0,0,0,0,0,0,0,16,0,0,0,0,0,0,0,0,0,2,-1.1111111111111112,0.9999963882227166,0.0
62,25,1s2.2s2.2p6.3s2.3p6.3d7,3d,3,2,7,2.5,d,0,38,19.180019458485546,6,0,0,18,0,0,0,6,0,0,0,0,0,0,0,16,0,0,0,0,0,0,0,0,0,2,-1.6666666666666665,0.9999963882227166,0.0
62,24,1s2.2s2.2p6.3s2.3p6.3d6,3d,3,2,6,2.5,d,0,39,18.477999944610033,5,0,0,18,0,0,0,5,0,0,0,0,0,0,0,16,0,0,0,0,0,0,0,0,0,2,-2.2222222222222223,0.9999963882227166,0.0
62,23,1s2.2s2.2p6.3s2.3p6.3d5,3d,3,2,5,2.5,d,0,40,17.516342790782076,4,0,0,18,0,0,0,4,0,0,0,0,0,0,0,16,0,0,0,0,0,0,0,0,0,2,2.2222222222222223,0.9999963882227166,0.0
62,22,1s2.2s2.2p6.3s2.3p6.3d4,3d,3,2,4,1.5,d,0,41,16.81369270190474,3,0,0,18,0,0,0,3,0,0,0,0,0,0,0,16,0,0,0,0,0,0,0,0,0,2,1.6666666666666667,0.9999963882227166,0.0
62,21,1s2.2s2.2p6.3s2.3p6.3d3,3d,3,2,3,1.5,d,0,42,16.06581898178117,2,0,0,18,0,0,0,2,0,0,0,0,0,0,0,16,0,0,0,0,0,0,0,0,0,2,1.1111111111111112,0.9999963882227166,0.0
62,20,1s2.2s2.2p6.3s2.3p6.3d2,3d,3,2,2,1.5,d,0,43,15.318236242385085,1,0,0,18,0,0,0,1,0,0,0,0,0,0,0,16,0,0,0,0,0,0,0,0,0,2,0.5555555555555556,0.9999963882227166,0.0
62,19,1s2.2s2.2p6.3s2.3p6.3d1,3d,3,2,1,1.5,d,0,44,14.615753461451872,0,0,0,18,0,0,0,0,0,0,0,0,0,0,0,16,0,0,0,0,0,0,0,0,0,2,0.0,0.9999963882227166,0.0
62,18,1s2.2s2.2p6.3s2.3p6,3p,3,1,6,1.5,p3,0,45,12.667818264554036,5,10,2,0,0,0,5,0,0,2,8,0,0,2,0,0,0,0,0,0,0,0,0,0,0,0,0.0,0.9999963882227166,0.0
62,17,1s2.2s2.2p6.3s2.3p5,3p,3,1,5,1.5,p3,0,46,12.08347223011717,4,10,2,0,0,0,4,0,0,2,8,0,0,2,0,0,0,0,0,0,0,0,0,0,0,0,-0.6000000000000001,0.9999963882227166,0.0
62,16,1s2.2s2.2p6.3s2.3p4,3p,3,1,4,1.5,p3,0,47,11.49928244974415,3,10,2,0,0,0,3,0,0,2,8,0,0,2,0,0,0,0,0,0,0,0,0,0,0,0,-1.2,0.9999963882227166,0.0
62,15,1s2.2s2.2p6.3s2.3p3,3p,3,1,3,1.5,p3,0,48,10.730818199117742,2,10,2,0,0,0,2,0,0,2,8,0,0,2,0,0,0,0,0,0,0,0,0,0,0,0,1.2,0.9999963882227166,0.0
62,14,1s2.2s2.2p6.3s2.3p2,3p,3,1,2,0.5,p1,0,49,10.145247180423096,1,10,2,0,0,0,1,0,0,2,8,0,0,2,0,0,0,0,0,0,0,0,0,0,0,0,0.6,0.9999963882227166,0.0
62,13,1s2.2s2.2p6.3s2.3p1,3p,3,1,1,0.5,p1,0,50,9.559774441642945,0,10,2,0,0,0,0,0,0,2,8,0,0,2,0,0,0,0,0,0,0,0,0,0,0,0,0.0,0.9999963882227166,0.0
62,12,1s2.2s2.2p6.3s2,3s,3,0,2,0.5,s,0,51,8.35113401342552,1,8,2,0,0,1,0,0,0,0,8,0,0,2,0,0,0,0,0,0,0,0,0,0,0,0,0.0,0.9999963882227166,0.0
62,11,1s2.2s2.2p6.3s1,3s,3,0,1,0.5,s,0,52,7.7856408855844075,0,8,2,0,0,0,0,0,0,0,8,0,0,2,0,0,0,0,0,0,0,0,0,0,0,0,0.0,0.9999963882227166,0.0
62,10,1s2.2s2.2p6,2p,2,1,6,1.5,p3,0,53,6.545979557232126,5,4,0,0,0,0,5,0,0,2,2,0,0,0,0,0,0,0,0,0,0,0,0,0,0,0,0.0,0.9999963882227166,0.0
62,9,1s2.2s2.2p5,2p,2,1,5,1.5,p3,0,54,5.88972955723213,4,4,0,0,0,0,4,0,0,2,2,0,0,0,0,0,0,0,0,0,0,0,0,0,0,0,-0.6000000000000001,0.9999963882227166,0.0
62,8,1s2.2s2.2p4,2p,2,1,4,1.5,p3,0,55,5.233479557232133,3,4,0,0,0,0,3,0,0,2,2,0,0,0,0,0,0,0,0,0,0,0,0,0,0,0,-1.2,0.9999963882227166,0.0
62,7,1s2.2s2.2p3,2p,2,1,3,1.5,p3,0,56,4.378670782625834,2,4,0,0,0,0,2,0,0,2,2,0,0,0,0,0,0,0,0,0,0,0,0,0,0,0,1.2,0.9999963882227166,0.0
62,6,1s2.2s2.2p2,2p,2,1,2,0.5,p1,0,57,3.7253535771907345,1,4,0,0,0,0,1,0,0,2,2,0,0,0,0,0,0,0,0,0,0,0,0,0,0,0,0.6,0.9999963882227166,0.0
62,5,1s2.2s2.2p1,2p,2,1,1,0.5,p1,0,58,3.0730091792350134,0,4,0,0,0,0,0,0,0,2,2,0,0,0,0,0,0,0,0,0,0,0,0,0,0,0,0.0,0.9999963882227166,0.0
62,4,1s2.2s2,2s,2,0,2,0.5,s,0,59,2.145875983124917,1,2,0,0,0,1,0,0,0,0,2,0,0,0,0,0,0,0,0,0,0,0,0,0,0,0,0.0,0.9999963882227166,12.186631711003587
62,3,1s2.2s1,2s,2,0,1,0.5,s,0,60,1.5912208504801093,0,2,0,0,0,0,0,0,0,0,2,0,0,0,0,0,0,0,0,0,0,0,0,0,0,0,0.0,0.9999963882227166,12.186631711003587
62,2,1s2,1s,1,0,2,0.5,s,0,61,0.625,1,0,0,0,0,1,0,0,0,0,0,0,0,0,0,0,0,0,0,0,0,0,0,0,0,0,0.0,0.9999963882227166,76.9942159108466
62,1,1s1,1s,1,0,1,0.5,s,0,62,0.0,0,0,0,0,0,0,0,0,0,0,0,0,0,0,0,0,0,0,0,0,0,0,0,0,0,0,0.0,0.9999963882227166,76.9942159108466
63,63,1s2.2s2.2p6.3s2.3p6.3d10.4s2.4p6.4d10.4f7.5s2.5p6.6s2,6s,6,0,2,0.5,s,0,1,48.92534834166639,1,8,53,0,0,1,0,0,0,0,8,0,0,8,17,0,0,0,0,0,0,0,0,0,28,0,0.0,0.9999964118609524,0.0
63,62,1s2.2s2.2p6.3s2.3p6.3d10.4s2.4p6.4d10.4f7.5s2.5p6.6s1,6s,6,0,1,0.5,s,0,2,48.2931177958489,0,8,53,0,0,0,0,0,0,0,8,0,0,8,17,0,0,0,0,0,0,0,0,0,28,0,0.0,0.9999964118609524,0.0
63,61,1s2.2s2.2p6.3s2.3p6.3d10.4s2.4p6.4d10.4f7.5s2.5p6,4f,4,3,7,3.5,f,0,3,47.07051566900964,6,0,0,46,8,0,0,0,6,0,0,0,0,0,0,0,0,0,36,0,0,0,0,8,0,10,3.230769230769231,0.9999964118609524,0.0
63,60,1s2.2s2.2p6.3s2.3p6.3d10.4s2.4p6.4d10.4f6.5s2.5p6,4f,4,3,6,2.5,f,0,4,46.33140476363883,5,0,0,46,8,0,0,0,5,0,0,0,0,0,0,0,0,0,36,0,0,0,0,8,0,10,2.6923076923076925,0.9999964118609524,0.0
63,59,1s2.2s2.2p6.3s2.3p6.3d10.4s2.4p6.4d10.4f5.5s2.5p6,5p,5,1,6,1.5,p3,0,5,44.51547539089336,5,25,28,0,0,0,5,0,0,2,8,10,5,8,10,0,0,0,0,0,0,0,0,0,10,0,0.0,0.9999964118609524,0.0
63,58,1s2.2s2.2p6.3s2.3p6.3d10.4s2.4p6.4d10.4f5.5s2.5p5,5p,5,1,5,1.5,p3,0,6,44.01552627115488,4,25,28,0,0,0,4,0,0,2,8,10,5,8,10,0,0,0,0,0,0,0,0,0,10,0,-0.6000000000000001,0.9999964118609524,0.0
63,57,1s2.2s2.2p6.3s2.3p6.3d10.4s2.4p6.4d10.4f5.5s2.5p4,5p,5,1,4,1.5,p3,0,7,43.417330859643464,3,25,28,0,0,0,3,0,0,2,8,10,5,8,10,0,0,0,0,0,0,0,0,0,10,0,-1.2,0.9999964118609524,0.0
63,56,1s2.2s2.2p6.3s2.3p6.3d10.4s2.4p6.4d10.4f5.5s2.5p3,5p,5,1,3,1.5,p3,0,8,42.64274760734242,2,25,28,0,0,0,2,0,0,2,8,10,5,8,10,0,0,0,0,0,0,0,0,0,10,0,1.2,0.9999964118609524,0.0
63,55,1s2.2s2.2p6.3s2.3p6.3d10.4s2.4p6.4d10.4f5.5s2.5p2,5p,5,1,2,0.5,p1,0,9,42.12771708326773,1,25,28,0,0,0,1,0,0,2,8,10,5,8,10,0,0,0,0,0,0,0,0,0,10,0,0.6,0.9999964118609524,0.0
63,54,1s2.2s2.2p6.3s2.3p6.3d10.4s2.4p6.4d10.4f5.5s2.5p1,5p,5,1,1,0.5,p1,0,10,41.534068431415214,0,25,28,0,0,0,0,0,0,2,8,10,5,8,10,0,0,0,0,0,0,0,0,0,10,0,0.0,0.9999964118609524,0.0
63,53,1s2.2s2.2p6.3s2.3p6.3d10.4s2.4p6.4d10.4f5.5s2,4f,4,3,5,2.5,f,0,11,42.681086097036086,4,0,0,46,2,0,0,0,4,0,0,0,0,0,0,0,0,0,36,0,0,0,0,2,0,10,2.1538461538461537,0.9999964118609524,0.0
63,52,1s2.2s2.2p6.3s2.3p6.3d10.4s2.4p6.4d10.4f4.5s2,4f,4,3,4,2.5,f,0,12,41.879593562877744,3,0,0,46,2,0,0,0,3,0,0,0,0,0,0,0,0,0,36,0,0,0,0,2,0,10,1.6153846153846154,0.9999964118609524,0.0
63,51,1s2.2s2.2p6.3s2.3p6.3d10.4s2.4p6.4d10.4f3.5s2,4f,4,3,3,2.5,f,0,13,41.078101028719175,2,0,0,46,2,0,0,0,2,0,0,0,0,0,0,0,0,0,36,0,0,0,0,2,0,10,1.0769230769230769,0.9999964118609524,0.0
63,50,1s2.2s2.2p6.3s2.3p6.3d10.4s2.4p6.4d10.4f2.5s2,5s,5,0,2,0.5,s,0,14,37.633907761396266,1,20,28,0,0,1,0,0,0,0,8,10,2,8,10,0,0,0,0,0,0,0,0,0,10,0,0.0,0.9999964118609524,0.0
63,49,1s2.2s2.2p6.3s2.3p6.3d10.4s2.4p6.4d10.4f2.5s1,5s,5,0,1,0.5,s,0,15,37.022529593183826,0,20,28,0,0,0,0,0,0,0,8,10,2,8,10,0,0,0,0,0,0,0,0,0,10,0,0.0,0.9999964118609524,0.0
63,48,1s2.2s2.2p6.3s2.3p6.3d10.4s2.4p6.4d10.4f2,4f,4,3,2,2.5,f,0,16,39.37948956284549,1,0,0,46,0,0,0,0,1,0,0,0,0,0,0,0,0,0,36,0,0,0,0,0,0,10,0.5384615384615384,0.9999964118609524,0.0
63,47,1s2.2s2.2p6.3s2.3p6.3d10.4s2.4p6.4d10.4f1,4f,4,3,1,2.5,f,0,17,38.640378657474685,0,0,0,46,0,0,0,0,0,0,0,0,0,0,0,0,0,0,36,0,0,0,0,0,0,10,0.0,0.9999964118609524,0.0
63,46,1s2.2s2.2p6.3s2.3p6.3d10.4s2.4p6.4d10,4d,4,2,10,2.5,d,0,18,35.18427854681272,9,0,0,36,0,0,0,9,0,0,0,0,0,0,0,16,10,0,0,0,0,0,0,0,0,10,0.0,0.9999964118609524,0.0
63,45,1s2.2s2.2p6.3s2.3p6.3d10.4s2.4p6.4d9,4d,4,2,9,2.5,d,0,19,34.56268954011648,8,0,0,36,0,0,0,8,0,0,0,0,0,0,0,16,10,0,0,0,0,0,0,0,0,10,-0.5555555555555554,0.9999964118609524,0.0
63,44,1s2.2s2.2p6.3s2.3p6.3d10.4s2.4p6.4d8,4d,4,2,8,2.5,d,0,20,33.90183225775024,7,0,0,36,0,0,0,7,0,0,0,0,0,0,0,16,10,0,0,0,0,0,0,0,0,10,-1.1111111111111112,0.9999964118609524,0.0
63,43,1s2.2s2.2p6.3s2.3p6.3d10.4s2.4p6.4d7,4d,4,2,7,2.5,d,0,21,33.24097497538423,6,0,0,36,0,0,0,6,0,0,0,0,0,0,0,16,10,0,0,0,0,0,0,0,0,10,-1.6666666666666665,0.9999964118609524,0.0
63,42,1s2.2s2.2p6.3s2.3p6.3d10.4s2.4p6.4d6,4d,4,2,6,2.5,d,0,22,32.619385968687766,5,0,0,36,0,0,0,5,0,0,0,0,0,0,0,16,10,0,0,0,0,0,0,0,0,10,-2.2222222222222223,0.9999964118609524,0.0
63,41,1s2.2s2.2p6.3s2.3p6.3d10.4s2.4p6.4d5,4d,4,2,5,2.5,d,0,23,31.77042966985971,4,0,0,36,0,0,0,4,0,0,0,0,0,0,0,16,10,0,0,0,0,0,0,0,0,10,2.2222222222222223,0.9999964118609524,0.0
63,40,1s2.2s2.2p6.3s2.3p6.3d10.4s2.4p6.4d4,4d,4,2,4,1.5,d,0,24,31.14884066316324,3,0,0,36,0,0,0,3,0,0,0,0,0,0,0,16,10,0,0,0,0,0,0,0,0,10,1.6666666666666667,0.9999964118609524,0.0
63,39,1s2.2s2.2p6.3s2.3p6.3d10.4s2.4p6.4d3,4d,4,2,3,1.5,d,0,25,30.487983380797118,2,0,0,36,0,0,0,2,0,0,0,0,0,0,0,16,10,0,0,0,0,0,0,0,0,10,1.1111111111111112,0.9999964118609524,0.0
63,38,1s2.2s2.2p6.3s2.3p6.3d10.4s2.4p6.4d2,4d,4,2,2,1.5,d,0,26,29.82712609843111,1,0,0,36,0,0,0,1,0,0,0,0,0,0,0,16,10,0,0,0,0,0,0,0,0,10,0.5555555555555556,0.9999964118609524,0.0
63,37,1s2.2s2.2p6.3s2.3p6.3d10.4s2.4p6.4d1,4d,4,2,1,1.5,d,0,27,29.20553709173464,0,0,0,36,0,0,0,0,0,0,0,0,0,0,0,16,10,0,0,0,0,0,0,0,0,10,0.0,0.9999964118609524,0.0
63,36,1s2.2s2.2p6.3s2.3p6.3d10.4s2.4p6,4p,4,1,6,1.5,p3,0,28,26.676544772007787,5,20,10,0,0,0,5,0,0,2,8,10,0,8,0,0,0,0,0,0,0,0,0,0,2,0,0.0,0.9999964118609524,0.0
63,35,1s2.2s2.2p6.3s2.3p6.3d10.4s2.4p5,4p,4,1,5,1.5,p3,0,29,26.117340670445287,4,20,10,0,0,0,4,0,0,2,8,10,0,8,0,0,0,0,0,0,0,0,0,0,2,0,-0.6000000000000001,0.9999964118609524,0.0
63,34,1s2.2s2.2p6.3s2.3p6.3d10.4s2.4p4,4p,4,1,4,1.5,p3,0,30,25.558136568882787,3,20,10,0,0,0,3,0,0,2,8,10,0,8,0,0,0,0,0,0,0,0,0,0,2,0,-1.2,0.9999964118609524,0.0
63,33,1s2.2s2.2p6.3s2.3p6.3d10.4s2.4p3,4p,4,1,3,1.5,p3,0,31,24.807678805211026,2,20,10,0,0,0,2,0,0,2,8,10,0,8,0,0,0,0,0,0,0,0,0,0,2,0,1.2,0.9999964118609524,0.0
63,32,1s2.2s2.2p6.3s2.3p6.3d10.4s2.4p2,4p,4,1,2,0.5,p1,0,32,24.24270156046225,1,20,10,0,0,0,1,0,0,2,8,10,0,8,0,0,0,0,0,0,0,0,0,0,2,0,0.6,0.9999964118609524,0.0
63,31,1s2.2s2.2p6.3s2.3p6.3d10.4s2.4p1,4p,4,1,1,0.5,p1,0,33,23.681451647104154,0,20,10,0,0,0,0,0,0,2,8,10,0,8,0,0,0,0,0,0,0,0,0,0,2,0,0.0,0.9999964118609524,0.0
63,30,1s2.2s2.2p6.3s2.3p6.3d10.4s2,4s,4,0,2,0.5,s,0,34,22.126593730819764,1,18,10,0,0,1,0,0,0,0,8,10,0,8,0,0,0,0,0,0,0,0,0,0,2,0,0.0,0.9999964118609524,0.0
63,29,1s2.2s2.2p6.3s2.3p6.3d10.4s1,4s,4,0,1,0.5,s,0,35,21.554071296483926,0,18,10,0,0,0,0,0,0,0,8,10,0,8,0,0,0,0,0,0,0,0,0,0,2,0,0.0,0.9999964118609524,0.0
63,28,1s2.2s2.2p6.3s2.3p6.3d10,3d,3,2,10,2.5,d,0,36,21.379455336979806,9,0,0,18,0,0,0,9,0,0,0,0,0,0,0,16,0,0,0,0,0,0,0,0,0,2,0.0,0.9999964118609524,0.0
63,27,1s2.2s2.2p6.3s2.3p6.3d9,3d,3,2,9,2.5,d,0,37,20.677223194122995,8,0,0,18,0,0,0,8,0,0,0,0,0,0,0,16,0,0,0,0,0,0,0,0,0,2,-0.5555555555555554,0.9999964118609524,0.0
63,26,1s2.2s2.2p6.3s2.3p6.3d8,3d,3,2,8,2.5,d,0,38,19.92856167011884,7,0,0,18,0,0,0,7,0,0,0,0,0,0,0,16,0,0,0,0,0,0,0,0,0,2,-1.1111111111111112,0.9999964118609524,0.0
63,25,1s2.2s2.2p6.3s2.3p6.3d7,3d,3,2,7,2.5,d,0,39,19.180019458485546,6,0,0,18,0,0,0,6,0,0,0,0,0,0,0,16,0,0,0,0,0,0,0,0,0,2,-1.6666666666666665,0.9999964118609524,0.0
63,24,1s2.2s2.2p6.3s2.3p6.3d6,3d,3,2,6,2.5,d,0,40,18.477999944610033,5,0,0,18,0,0,0,5,0,0,0,0,0,0,0,16,0,0,0,0,0,0,0,0,0,2,-2.2222222222222223,0.9999964118609524,0.0
63,23,1s2.2s2.2p6.3s2.3p6.3d5,3d,3,2,5,2.5,d,0,41,17.516342790782076,4,0,0,18,0,0,0,4,0,0,0,0,0,0,0,16,0,0,0,0,0,0,0,0,0,2,2.2222222222222223,0.9999964118609524,0.0
63,22,1s2.2s2.2p6.3s2.3p6.3d4,3d,3,2,4,1.5,d,0,42,16.81369270190474,3,0,0,18,0,0,0,3,0,0,0,0,0,0,0,16,0,0,0,0,0,0,0,0,0,2,1.6666666666666667,0.9999964118609524,0.0
63,21,1s2.2s2.2p6.3s2.3p6.3d3,3d,3,2,3,1.5,d,0,43,16.06581898178117,2,0,0,18,0,0,0,2,0,0,0,0,0,0,0,16,0,0,0,0,0,0,0,0,0,2,1.1111111111111112,0.9999964118609524,0.0
63,20,1s2.2s2.2p6.3s2.3p6.3d2,3d,3,2,2,1.5,d,0,44,15.318236242385085,1,0,0,18,0,0,0,1,0,0,0,0,0,0,0,16,0,0,0,0,0,0,0,0,0,2,0.5555555555555556,0.9999964118609524,0.0
63,19,1s2.2s2.2p6.3s2.3p6.3d1,3d,3,2,1,1.5,d,0,45,14.615753461451872,0,0,0,18,0,0,0,0,0,0,0,0,0,0,0,16,0,0,0,0,0,0,0,0,0,2,0.0,0.9999964118609524,0.0
63,18,1s2.2s2.2p6.3s2.3p6,3p,3,1,6,1.5,p3,0,46,12.667818264554036,5,10,2,0,0,0,5,0,0,2,8,0,0,2,0,0,0,0,0,0,0,0,0,0,0,0,0.0,0.9999964118609524,0.0
63,17,1s2.2s2.2p6.3s2.3p5,3p,3,1,5,1.5,p3,0,47,12.08347223011717,4,10,2,0,0,0,4,0,0,2,8,0,0,2,0,0,0,0,0,0,0,0,0,0,0,0,-0.6000000000000001,0.9999964118609524,0.0
63,16,1s2.2s2.2p6.3s2.3p4,3p,3,1,4,1.5,p3,0,48,11.49928244974415,3,10,2,0,0,0,3,0,0,2,8,0,0,2,0,0,0,0,0,0,0,0,0,0,0,0,-1.2,0.9999964118609524,0.0
63,15,1s2.2s2.2p6.3s2.3p3,3p,3,1,3,1.5,p3,0,49,10.730818199117742,2,10,2,0,0,0,2,0,0,2,8,0,0,2,0,0,0,0,0,0,0,0,0,0,0,0,1.2,0.9999964118609524,0.0
63,14,1s2.2s2.2p6.3s2.3p2,3p,3,1,2,0.5,p1,0,50,10.145247180423096,1,10,2,0,0,0,1,0,0,2,8,0,0,2,0,0,0,0,0,0,0,0,0,0,0,0,0.6,0.9999964118609524,0.0
63,13,1s2.2s2.2p6.3s2.3p1,3p,3,1,1,0.5,p1,0,51,9.559774441642945,0,10,2,0,0,0,0,0,0,2,8,0,0,2,0,0,0,0,0,0,0,0,0,0,0,0,0.0,0.9999964118609524,0.0
63,12,1s2.2s2.2p6.3s2,3s,3,0,2,0.5,s,0,52,8.35113401342552,1,8,2,0,0,1,0,0,0,0,8,0,0,2,0,0,0,0,0,0,0,0,0,0,0,0,0.0,0.9999964118609524,0.0
63,11,1s2.2s2.2p6.3s1,3s,3,0,1,0.5,s,0,53,7.7856408855844075,0,8,2,0,0,0,0,0,0,0,8,0,0,2,0,0,0,0,0,0,0,0,0,0,0,0,0.0,0.9999964118609524,0.0
63,10,1s2.2s2.2p6,2p,2,1,6,1.5,p3,0,54,6.545979557232126,5,4,0,0,0,0,5,0,0,2,2,0,0,0,0,0,0,0,0,0,0,0,0,0,0,0,0.0,0.9999964118609524,0.0
63,9,1s2.2s2.2p5,2p,2,1,5,1.5,p3,0,55,5.88972955723213,4,4,0,0,0,0,4,0,0,2,2,0,0,0,0,0,0,0,0,0,0,0,0,0,0,0,-0.6000000000000001,0.9999964118609524,0.0
63,8,1s2.2s2.2p4,2p,2,1,4,1.5,p3,0,56,5.233479557232133,3,4,0,0,0,0,3,0,0,2,2,0,0,0,0,0,0,0,0,0,0,0,0,0,0,0,-1.2,0.9999964118609524,0.0
63,7,1s2.2s2.2p3,2p,2,1,3,1.5,p3,0,57,4.378670782625834,2,4,0,0,0,0,2,0,0,2,2,0,0,0,0,0,0,0,0,0,0,0,0,0,0,0,1.2,0.9999964118609524,0.0
63,6,1s2.2s2.2p2,2p,2,1,2,0.5,p1,0,58,3.7253535771907345,1,4,0,0,0,0,1,0,0,2,2,0,0,0,0,0,0,0,0,0,0,0,0,0,0,0,0.6,0.9999964118609524,0.0
63,5,1s2.2s2.2p1,2p,2,1,1,0.5,p1,0,59,3.0730091792350134,0,4,0,0,0,0,0,0,0,2,2,0,0,0,0,0,0,0,0,0,0,0,0,0,0,0,0.0,0.9999964118609524,0.0
63,4,1s2.2s2,2s,2,0,2,0.5,s,0,60,2.145875983124917,1,2,0,0,0,1,0,0,0,0,2,0,0,0,0,0,0,0,0,0,0,0,0,0,0,0,0.0,0.9999964118609524,12.989993644833547
63,3,1s2.2s1,2s,2,0,1,0.5,s,0,61,1.5912208504801093,0,2,0,0,0,0,0,0,0,0,2,0,0,0,0,0,0,0,0,0,0,0,0,0,0,0,0.0,0.9999964118609524,12.989993644833547
63,2,1s2,1s,1,0,2,0.5,s,0,62,0.625,1,0,0,0,0,1,0,0,0,0,0,0,0,0,0,0,0,0,0,0,0,0,0,0,0,0,0.0,0.9999964118609524,81.69576907783082
63,1,1s1,1s,1,0,1,0.5,s,0,63,0.0,0,0,0,0,0,0,0,0,0,0,0,0,0,0,0,0,0,0,0,0,0,0,0,0,0,0,0.0,0.9999964118609524,81.69576907783082
64,64,1s2.2s2.2p6.3s2.3p6.3d10.4s2.4p6.4d10.4f7.5s2.5p6.5d1.6s2,6s,6,0,2,0.5,s,0,1,49.620820707165656,1,9,53,0,0,1,0,0,0,0,8,1,0,8,17,0,0,0,0,0,0,0,0,0,28,0,0.0,0.9999965255459236,0.0
64,63,1s2.2s2.2p6.3s2.3p6.3d10.4s2.4p6.4d10.4f7.5s2.5p6.5d1.6s1,6s,6,0,1,0.5,s,0,2,48.97466295654306,0,9,53,0,0,0,0,0,0,0,8,1,0,8,17,0,0,0,0,0,0,0,0,0,28,0,0.0,0.9999965255459236,0.0
64,62,1s2.2s2.2p6.3s2.3p6.3d10.4s2.4p6.4d10.4f7.5s2.5p6.5d1,5d,5,2,1,1.5,d,0,3,48.932668884531296,0,0,0,61,0,0,0,0,0,0,0,0,0,0,0,16,10,7,0,0,0,0,0,0,0,28,0.0,0.9999965255459236,0.0
64,61,1s2.2s2.2p6.3s2.3p6.3d10.4s2.4p6.4d10.4f7.5s2.5p6,4f,4,3,7,3.5,f,0,4,47.07051566900964,6,0,0,46,8,0,0,0,6,0,0,0,0,0,0,0,0,0,36,0,0,0,0,8,0,10,3.230769230769231,0.9999965255459236,0.0
64,60,1s2.2s2.2p6.3s2.3p6.3d10.4s2.4p6.4d10.4f6.5s2.5p6,5p,5,1,6,1.5,p3,0,5,45.27334123057538,5,26,28,0,0,0,5,0,0,2,8,10,6,8,10,0,0,0,0,0,0,0,0,0,10,0,0.0,0.9999965255459236,0.0
64,59,1s2.2s2.2p6.3s2.3p6.3d10.4s2.4p6.4d10.4f6.5s2.5p5,5p,5,1,5,1.5,p3,0,6,44.773392110836554,4,26,28,0,0,0,4,0,0,2,8,10,6,8,10,0,0,0,0,0,0,0,0,0,10,0,-0.6000000000000001,0.9999965255459236,0.0
64,58,1s2.2s2.2p6.3s2.3p6.3d10.4s2.4p6.4d10.4f6.5s2.5p4,5p,5,1,4,1.5,p3,0,7,44.17519669932548,3,26,28,0,0,0,3,0,0,2,8,10,6,8,10,0,0,0,0,0,0,0,0,0,10,0,-1.2,0.9999965255459236,0.0
64,57,1s2.2s2.2p6.3s2.3p6.3d10.4s2.4p6.4d10.4f6.5s2.5p3,5p,5,1,3,1.5,p3,0,8,43.38974590055887,2,26,28,0,0,0,2,0,0,2,8,10,6,8,10,0,0,0,0,0,0,0,0,0,10,0,1.2,0.9999965255459236,0.0
64,56,1s2.2s2.2p6.3s2.3p6.3d10.4s2.4p6.4d10.4f6.5s2.5p2,4f,4,3,6,2.5,f,0,9,44.39822344379104,5,0,0,46,4,0,0,0,5,0,0,0,0,0,0,0,0,0,36,0,0,0,0,4,0,10,2.6923076923076925,0.9999965255459236,0.0
64,55,1s2.2s2.2p6.3s2.3p6.3d10.4s2.4p6.4d10.4f5.5s2.5p2,5p,5,1,2,0.5,p1,0,10,42.12771708326773,1,25,28,0,0,0,1,0,0,2,8,10,5,8,10,0,0,0,0,0,0,0,0,0,10,0,0.6,0.9999965255459236,0.0
64,54,1s2.2s2.2p6.3s2.3p6.3d10.4s2.4p6.4d10.4f5.5s2.5p1,5p,5,1,1,0.5,p1,0,11,41.534068431415214,0,25,28,0,0,0,0,0,0,2,8,10,5,8,10,0,0,0,0,0,0,0,0,0,10,0,0.0,0.9999965255459236,0.0
64,53,1s2.2s2.2p6.3s2.3p6.3d10.4s2.4p6.4d10.4f5.5s2,4f,4,3,5,2.5,f,0,12,42.681086097036086,4,0,0,46,2,0,0,0,4,0,0,0,0,0,0,0,0,0,36,0,0,0,0,2,0,10,2.1538461538461537,0.9999965255459236,0.0
64,52,1s2.2s2.2p6.3s2.3p6.3d10.4s2.4p6.4d10.4f4.5s2,5s,5,0,2,0.5,s,1,13,39.11309307918241,1,22,28,0,0,1,0,0,0,0,8,10,4,8,10,0,0,0,0,0,0,0,0,0,10,0,0.0,0.9999965255459236,0.0
64,51,1s2.2s2.2p6.3s2.3p6.3d10.4s2.4p6.4d10.4f5,4f,4,3,5,2.5,f,1,14,41.739408859043806,4,0,0,46,0,0,0,0,4,0,0,0,0,0,0,0,0,0,36,0,0,0,0,0,0,10,2.1538461538461537,0.9999965255459236,0.0
64,50,1s2.2s2.2p6.3s2.3p6.3d10.4s2.4p6.4d10.4f2.5s2,5s,5,0,2,0.5,s,1,15,37.633907761396266,1,20,28,0,0,1,0,0,0,0,8,10,2,8,10,0,0,0,0,0,0,0,0,0,10,0,0.0,0.9999965255459236,0.0
64,49,1s2.2s2.2p6.3s2.3p6.3d10.4s2.4p6.4d10.4f3,4f,4,3,3,2.5,f,0,16,40.136423790726894,2,0,0,46,0,0,0,0,2,0,0,0,0,0,0,0,0,0,36,0,0,0,0,0,0,10,1.0769230769230769,0.9999965255459236,0.0
64,48,1s2.2s2.2p6.3s2.3p6.3d10.4s2.4p6.4d10.4f2,4f,4,3,2,2.5,f,0,17,39.37948956284549,1,0,0,46,0,0,0,0,1,0,0,0,0,0,0,0,0,0,36,0,0,0,0,0,0,10,0.5384615384615384,0.9999965255459236,0.0
64,47,1s2.2s2.2p6.3s2.3p6.3d10.4s2.4p6.4d10.4f1,4f,4,3,1,2.5,f,0,18,38.640378657474685,0,0,0,46,0,0,0,0,0,0,0,0,0,0,0,0,0,0,36,0,0,0,0,0,0,10,0.0,0.9999965255459236,0.0
64,46,1s2.2s2.2p6.3s2.3p6.3d10.4s2.4p6.4d10,4d,4,2,10,2.5,d,0,19,35.18427854681272,9,0,0,36,0,0,0,9,0,0,0,0,0,0,0,16,10,0,0,0,0,0,0,0,0,10,0.0,0.9999965255459236,0.0
64,45,1s2.2s2.2p6.3s2.3p6.3d10.4s2.4p6.4d9,4d,4,2,9,2.5,d,0,20,34.56268954011648,8,0,0,36,0,0,0,8,0,0,0,0,0,0,0,16,10,0,0,0,0,0,0,0,0,10,-0.5555555555555554,0.9999965255459236,0.0
64,44,1s2.2s2.2p6.3s2.3p6.3d10.4s2.4p6.4d8,4d,4,2,8,2.5,d,0,21,33.90183225775024,7,0,0,36,0,0,0,7,0,0,0,0,0,0,0,16,10,0,0,0,0,0,0,0,0,10,-1.1111111111111112,0.9999965255459236,0.0
64,43,1s2.2s2.2p6.3s2.3p6.3d10.4s2.4p6.4d7,4d,4,2,7,2.5,d,0,22,33.24097497538423,6,0,0,36,0,0,0,6,0,0,0,0,0,0,0,16,10,0,0,0,0,0,0,0,0,10,-1.6666666666666665,0.9999965255459236,0.0
64,42,1s2.2s2.2p6.3s2.3p6.3d10.4s2.4p6.4d6,4d,4,2,6,2.5,d,0,23,32.619385968687766,5,0,0,36,0,0,0,5,0,0,0,0,0,0,0,16,10,0,0,0,0,0,0,0,0,10,-2.2222222222222223,0.9999965255459236,0.0
64,41,1s2.2s2.2p6.3s2.3p6.3d10.4s2.4p6.4d5,4d,4,2,5,2.5,d,0,24,31.77042966985971,4,0,0,36,0,0,0,4,0,0,0,0,0,0,0,16,10,0,0,0,0,0,0,0,0,10,2.2222222222222223,0.9999965255459236,0.0
64,40,1s2.2s2.2p6.3s2.3p6.3d10.4s2.4p6.4d4,4d,4,2,4,1.5,d,0,25,31.14884066316324,3,0,0,36,0,0,0,3,0,0,0,0,0,0,0,16,10,0,0,0,0,0,0,0,0,10,1.6666666666666667,0.9999965255459236,0.0
64,39,1s2.2s2.2p6.3s2.3p6.3d10.4s2.4p6.4d3,4d,4,2,3,1.5,d,0,26,30.487983380797118,2,0,0,36,0,0,0,2,0,0,0,0,0,0,0,16,10,0,0,0,0,0,0,0,0,10,1.1111111111111112,0.9999965255459236,0.0
64,38,1s2.2s2.2p6.3s2.3p6.3d10.4s2.4p6.4d2,4d,4,2,2,1.5,d,0,27,29.82712609843111,1,0,0,36,0,0,0,1,0,0,0,0,0,0,0,16,10,0,0,0,0,0,0,0,0,10,0.5555555555555556,0.9999965255459236,0.0
64,37,1s2.2s2.2p6.3s2.3p6.3d10.4s2.4p6.4d1,4d,4,2,1,1.5,d,0,28,29.20553709173464,0,0,0,36,0,0,0,0,0,0,0,0,0,0,0,16,10,0,0,0,0,0,0,0,0,10,0.0,0.9999965255459236,0.0
64,36,1s2.2s2.2p6.3s2.3p6.3d10.4s2.4p6,4p,4,1,6,1.5,p3,0,29,26.676544772007787,5,20,10,0,0,0,5,0,0,2,8,10,0,8,0,0,0,0,0,0,0,0,0,0,2,0,0.0,0.9999965255459236,0.0
64,35,1s2.2s2.2p6.3s2.3p6.3d10.4s2.4p5,4p,4,1,5,1.5,p3,0,30,26.117340670445287,4,20,10,0,0,0,4,0,0,2,8,10,0,8,0,0,0,0,0,0,0,0,0,0,2,0,-0.6000000000000001,0.9999965255459236,0.0
64,34,1s2.2s2.2p6.3s2.3p6.3d10.4s2.4p4,4p,4,1,4,1.5,p3,0,31,25.558136568882787,3,20,10,0,0,0,3,0,0,2,8,10,0,8,0,0,0,0,0,0,0,0,0,0,2,0,-1.2,0.9999965255459236,0.0
64,33,1s2.2s2.2p6.3s2.3p6.3d10.4s2.4p3,4p,4,1,3,1.5,p3,0,32,24.807678805211026,2,20,10,0,0,0,2,0,0,2,8,10,0,8,0,0,0,0,0,0,0,0,0,0,2,0,1.2,0.9999965255459236,0.0
64,32,1s2.2s2.2p6.3s2.3p6.3d10.4s2.4p2,4p,4,1,2,0.5,p1,0,33,24.24270156046225,1,20,10,0,0,0,1,0,0,2,8,10,0,8,0,0,0,0,0,0,0,0,0,0,2,0,0.6,0.9999965255459236,0.0
64,31,1s2.2s2.2p6.3s2.3p6.3d10.4s2.4p1,4p,4,1,1,0.5,p1,0,34,23.681451647104154,0,20,10,0,0,0,0,0,0,2,8,10,0,8,0,0,0,0,0,0,0,0,0,0,2,0,0.0,0.9999965255459236,0.0
64,30,1s2.2s2.2p6.3s2.3p6.3d10.4s2,4s,4,0,2,0.5,s,0,35,22.126593730819764,1,18,10,0,0,1,0,0,0,0,8,10,0,8,0,0,0,0,0,0,0,0,0,0,2,0,0.0,0.9999965255459236,0.0
64,29,1s2.2s2.2p6.3s2.3p6.3d10.4s1,4s,4,0,1,0.5,s,0,36,21.554071296483926,0,18,10,0,0,0,0,0,0,0,8,10,0,8,0,0,0,0,0,0,0,0,0,0,2,0,0.0,0.9999965255459236,0.0
64,28,1s2.2s2.2p6.3s2.3p6.3d10,3d,3,2,10,2.5,d,0,37,21.379455336979806,9,0,0,18,0,0,0,9,0,0,0,0,0,0,0,16,0,0,0,0,0,0,0,0,0,2,0.0,0.9999965255459236,0.0
64,27,1s2.2s2.2p6.3s2.3p6.3d9,3d,3,2,9,2.5,d,0,38,20.677223194122995,8,0,0,18,0,0,0,8,0,0,0,0,0,0,0,16,0,0,0,0,0,0,0,0,0,2,-0.5555555555555554,0.9999965255459236,0.0
64,26,1s2.2s2.2p6.3s2.3p6.3d8,3d,3,2,8,2.5,d,0,39,19.92856167011884,7,0,0,18,0,0,0,7,0,0,0,0,0,0,0,16,0,0,0,0,0,0,0,0,0,2,-1.1111111111111112,0.9999965255459236,0.0
64,25,1s2.2s2.2p6.3s2.3p6.3d7,3d,3,2,7,2.5,d,0,40,19.180019458485546,6,0,0,18,0,0,0,6,0,0,0,0,0,0,0,16,0,0,0,0,0,0,0,0,0,2,-1.6666666666666665,0.9999965255459236,0.0
64,24,1s2.2s2.2p6.3s2.3p6.3d6,3d,3,2,6,2.5,d,0,41,18.477999944610033,5,0,0,18,0,0,0,5,0,0,0,0,0,0,0,16,0,0,0,0,0,0,0,0,0,2,-2.2222222222222223,0.9999965255459236,0.0
64,23,1s2.2s2.2p6.3s2.3p6.3d5,3d,3,2,5,2.5,d,0,42,17.516342790782076,4,0,0,18,0,0,0,4,0,0,0,0,0,0,0,16,0,0,0,0,0,0,0,0,0,2,2.2222222222222223,0.9999965255459236,0.0
64,22,1s2.2s2.2p6.3s2.3p6.3d4,3d,3,2,4,1.5,d,0,43,16.81369270190474,3,0,0,18,0,0,0,3,0,0,0,0,0,0,0,16,0,0,0,0,0,0,0,0,0,2,1.6666666666666667,0.9999965255459236,0.0
64,21,1s2.2s2.2p6.3s2.3p6.3d3,3d,3,2,3,1.5,d,0,44,16.06581898178117,2,0,0,18,0,0,0,2,0,0,0,0,0,0,0,16,0,0,0,0,0,0,0,0,0,2,1.1111111111111112,0.9999965255459236,0.0
64,20,1s2.2s2.2p6.3s2.3p6.3d2,3d,3,2,2,1.5,d,0,45,15.318236242385085,1,0,0,18,0,0,0,1,0,0,0,0,0,0,0,16,0,0,0,0,0,0,0,0,0,2,0.5555555555555556,0.9999965255459236,0.0
64,19,1s2.2s2.2p6.3s2.3p6.3d1,3d,3,2,1,1.5,d,0,46,14.615753461451872,0,0,0,18,0,0,0,0,0,0,0,0,0,0,0,16,0,0,0,0,0,0,0,0,0,2,0.0,0.9999965255459236,0.0
64,18,1s2.2s2.2p6.3s2.3p6,3p,3,1,6,1.5,p3,0,47,12.667818264554036,5,10,2,0,0,0,5,0,0,2,8,0,0,2,0,0,0,0,0,0,0,0,0,0,0,0,0.0,0.9999965255459236,0.0
64,17,1s2.2s2.2p6.3s2.3p5,3p,3,1,5,1.5,p3,0,48,12.08347223011717,4,10,2,0,0,0,4,0,0,2,8,0,0,2,0,0,0,0,0,0,0,0,0,0,0,0,-0.6000000000000001,0.9999965255459236,0.0
64,16,1s2.2s2.2p6.3s2.3p4,3p,3,1,4,1.5,p3,0,49,11.49928244974415,3,10,2,0,0,0,3,0,0,2,8,0,0,2,0,0,0,0,0,0,0,0,0,0,0,0,-1.2,0.9999965255459236,0.0
64,15,1s2.2s2.2p6.3s2.3p3,3p,3,1,3,1.5,p3,0,50,10.730818199117742,2,10,2,0,0,0,2,0,0,2,8,0,0,2,0,0,0,0,0,0,0,0,0,0,0,0,1.2,0.9999965255459236,0.0
64,14,1s2.2s2.2p6.3s2.3p2,3p,3,1,2,0.5,p1,0,51,10.145247180423096,1,10,2,0,0,0,1,0,0,2,8,0,0,2,0,0,0,0,0,0,0,0,0,0,0,0,0.6,0.9999965255459236,0.0
64,13,1s2.2s2.2p6.3s2.3p1,3p,3,1,1,0.5,p1,0,52,9.559774441642945,0,10,2,0,0,0,0,0,0,2,8,0,0,2,0,0,0,0,0,0,0,0,0,0,0,0,0.0,0.9999965255459236,0.0
64,12,1s2.2s2.2p6.3s2,3s,3,0,2,0.5,s,0,53,8.35113401342552,1,8,2,0,0,1,0,0,0,0,8,0,0,2,0,0,0,0,0,0,0,0,0,0,0,0,0.0,0.9999965255459236,0.0
64,11,1s2.2s2.2p6.3s1,3s,3,0,1,0.5,s,0,54,7.7856408855844075,0,8,2,0,0,0,0,0,0,0,8,0,0,2,0,0,0,0,0,0,0,0,0,0,0,0,0.0,0.9999965255459236,0.0
64,10,1s2.2s2.2p6,2p,2,1,6,1.5,p3,0,55,6.545979557232126,5,4,0,0,0,0,5,0,0,2,2,0,0,0,0,0,0,0,0,0,0,0,0,0,0,0,0.0,0.9999965255459236,0.0
64,9,1s2.2s2.2p5,2p,2,1,5,1.5,p3,0,56,5.88972955723213,4,4,0,0,0,0,4,0,0,2,2,0,0,0,0,0,0,0,0,0,0,0,0,0,0,0,-0.6000000000000001,0.9999965255459236,0.0
64,8,1s2.2s2.2p4,2p,2,1,4,1.5,p3,0,57,5.233479557232133,3,4,0,0,0,0,3,0,0,2,2,0,0,0,0,0,0,0,0,0,0,0,0,0,0,0,-1.2,0.9999965255459236,0.0
64,7,1s2.2s2.2p3,2p,2,1,3,1.5,p3,0,58,4.378670782625834,2,4,0,0,0,0,2,0,0,2,2,0,0,0,0,0,0,0,0,0,0,0,0,0,0,0,1.2,0.9999965255459236,0.0
64,6,1s2.2s2.2p2,2p,2,1,2,0.5,p1,0,59,3.7253535771907345,1,4,0,0,0,0,1,0,0,2,2,0,0,0,0,0,0,0,0,0,0,0,0,0,0,0,0.6,0.9999965255459236,0.0
64,5,1s2.2s2.2p1,2p,2,1,1,0.5,p1,0,60,3.0730091792350134,0,4,0,0,0,0,0,0,0,2,2,0,0,0,0,0,0,0,0,0,0,0,0,0,0,0,0.0,0.9999965255459236,0.0
64,4,1s2.2s2,2s,2,0,2,0.5,s,0,61,2.145875983124917,1,2,0,0,0,1,0,0,0,0,2,0,0,0,0,0,0,0,0,0,0,0,0,0,0,0,0.0,0.9999965255459236,13.849779501549062
64,3,1s2.2s1,2s,2,0,1,0.5,s,0,62,1.5912208504801093,0,2,0,0,0,0,0,0,0,0,2,0,0,0,0,0,0,0,0,0,0,0,0,0,0,0,0.0,0.9999965255459236,13.849779501549062
64,2,1s2,1s,1,0,2,0.5,s,0,63,0.625,1,0,0,0,0,1,0,0,0,0,0,0,0,0,0,0,0,0,0,0,0,0,0,0,0,0,0.0,0.9999965255459236,86.70406074298322
64,1,1s1,1s,1,0,1,0.5,s,0,64,0.0,0,0,0,0,0,0,0,0,0,0,0,0,0,0,0,0,0,0,0,0,0,0,0,0,0,0,0.0,0.9999965255459236,86.70406074298322
65,65,1s2.2s2.2p6.3s2.3p6.3d10.4s2.4p6.4d10.4f9.5s2.5p6.6s2,6s,6,0,2,0.5,s,0,1,50.48727709856847,1,8,55,0,0,1,0,0,0,0,8,0,0,8,19,0,0,0,0,0,0,0,0,0,28,0,0.0,0.999996547426279,0.0
65,64,1s2.2s2.2p6.3s2.3p6.3d10.4s2.4p6.4d10.4f9.5s2.5p6.6s1,6s,6,0,1,0.5,s,0,2,49.865561159996794,0,8,55,0,0,0,0,0,0,0,8,0,0,8,19,0,0,0,0,0,0,0,0,0,28,0,0.0,0.999996547426279,0.0
65,63,1s2.2s2.2p6.3s2.3p6.3d10.4s2.4p6.4d10.4f9.5s2.5p6,4f,4,3,9,3.5,f,0,3,48.839886932918034,8,0,0,46,8,0,0,0,8,0,0,0,0,0,0,0,0,0,36,0,0,0,0,8,0,10,-2.6923076923076925,0.999996547426279,0.0
65,62,1s2.2s2.2p6.3s2.3p6.3d10.4s2.4p6.4d10.4f8.5s2.5p6,4f,4,3,8,3.5,f,0,4,48.100776027547454,7,0,0,46,8,0,0,0,7,0,0,0,0,0,0,0,0,0,36,0,0,0,0,8,0,10,-3.230769230769231,0.999996547426279,0.0
65,61,1s2.2s2.2p6.3s2.3p6.3d10.4s2.4p6.4d10.4f7.5s2.5p6,5p,5,1,6,1.5,p3,0,5,46.04758145221939,5,27,28,0,0,0,5,0,0,2,8,10,7,8,10,0,0,0,0,0,0,0,0,0,10,0,0.0,0.999996547426279,0.0
65,60,1s2.2s2.2p6.3s2.3p6.3d10.4s2.4p6.4d10.4f7.5s2.5p5,5p,5,1,5,1.5,p3,1,6,45.49850918659462,4,27,28,0,0,0,4,0,0,2,8,10,7,8,10,0,0,0,0,0,0,0,0,0,10,0,-0.6000000000000001,0.999996547426279,0.0
65,59,1s2.2s2.2p6.3s2.3p6.3d10.4s2.4p6.4d10.4f8.5s2.5p3,4f,4,3,8,3.5,f,0,7,46.662494001015375,7,0,0,46,5,0,0,0,7,0,0,0,0,0,0,0,0,0,36,0,0,0,0,5,0,10,-3.230769230769231,0.999996547426279,0.0
65,58,1s2.2s2.2p6.3s2.3p6.3d10.4s2.4p6.4d10.4f7.5s2.5p3,5p,5,1,3,1.5,p3,0,8,44.148793750604256,2,27,28,0,0,0,2,0,0,2,8,10,7,8,10,0,0,0,0,0,0,0,0,0,10,0,1.2,0.999996547426279,0.0
65,57,1s2.2s2.2p6.3s2.3p6.3d10.4s2.4p6.4d10.4f7.5s2.5p2,4f,4,3,7,3.5,f,0,9,45.129622632791325,6,0,0,46,4,0,0,0,6,0,0,0,0,0,0,0,0,0,36,0,0,0,0,4,0,10,3.230769230769231,0.999996547426279,0.0
65,56,1s2.2s2.2p6.3s2.3p6.3d10.4s2.4p6.4d10.4f6.5s2.5p2,5p,5,1,2,0.5,p1,0,10,42.87682230541986,1,26,28,0,0,0,1,0,0,2,8,10,6,8,10,0,0,0,0,0,0,0,0,0,10,0,0.6,0.999996547426279,0.0
65,55,1s2.2s2.2p6.3s2.3p6.3d10.4s2.4p6.4d10.4f6.5s2.5p1,5p,5,1,1,0.5,p1,0,11,42.28528058250266,0,26,28,0,0,0,0,0,0,2,8,10,6,8,10,0,0,0,0,0,0,0,0,0,10,0,0.0,0.999996547426279,0.0
65,54,1s2.2s2.2p6.3s2.3p6.3d10.4s2.4p6.4d10.4f6.5s2,4f,4,3,6,2.5,f,0,12,43.438020324917716,5,0,0,46,2,0,0,0,5,0,0,0,0,0,0,0,0,0,36,0,0,0,0,2,0,10,2.6923076923076925,0.999996547426279,0.0
65,53,1s2.2s2.2p6.3s2.3p6.3d10.4s2.4p6.4d10.4f5.5s2,4f,4,3,5,2.5,f,0,13,42.681086097036086,4,0,0,46,2,0,0,0,4,0,0,0,0,0,0,0,0,0,36,0,0,0,0,2,0,10,2.1538461538461537,0.999996547426279,0.0
65,52,1s2.2s2.2p6.3s2.3p6.3d10.4s2.4p6.4d10.4f4.5s2,5s,5,0,2,0.5,s,1,14,39.11309307918241,1,22,28,0,0,1,0,0,0,0,8,10,4,8,10,0,0,0,0,0,0,0,0,0,10,0,0.0,0.999996547426279,0.0
65,51,1s2.2s2.2p6.3s2.3p6.3d10.4s2.4p6.4d10.4f5,4f,4,3,5,2.5,f,0,15,41.739408859043806,4,0,0,46,0,0,0,0,4,0,0,0,0,0,0,0,0,0,36,0,0,0,0,0,0,10,2.1538461538461537,0.999996547426279,0.0
65,50,1s2.2s2.2p6.3s2.3p6.3d10.4s2.4p6.4d10.4f4,4f,4,3,4,2.5,f,0,16,40.937916324885464,3,0,0,46,0,0,0,0,3,0,0,0,0,0,0,0,0,0,36,0,0,0,0,0,0,10,1.6153846153846154,0.999996547426279,0.0
65,49,1s2.2s2.2p6.3s2.3p6.3d10.4s2.4p6.4d10.4f3,4f,4,3,3,2.5,f,0,17,40.136423790726894,2,0,0,46,0,0,0,0,2,0,0,0,0,0,0,0,0,0,36,0,0,0,0,0,0,10,1.0769230769230769,0.999996547426279,0.0
65,48,1s2.2s2.2p6.3s2.3p6.3d10.4s2.4p6.4d10.4f2,4f,4,3,2,2.5,f,0,18,39.37948956284549,1,0,0,46,0,0,0,0,1,0,0,0,0,0,0,0,0,0,36,0,0,0,0,0,0,10,0.5384615384615384,0.999996547426279,0.0
65,47,1s2.2s2.2p6.3s2.3p6.3d10.4s2.4p6.4d10.4f1,4f,4,3,1,2.5,f,0,19,38.640378657474685,0,0,0,46,0,0,0,0,0,0,0,0,0,0,0,0,0,0,36,0,0,0,0,0,0,10,0.0,0.999996547426279,0.0
65,46,1s2.2s2.2p6.3s2.3p6.3d10.4s2.4p6.4d10,4d,4,2,10,2.5,d,0,20,35.18427854681272,9,0,0,36,0,0,0,9,0,0,0,0,0,0,0,16,10,0,0,0,0,0,0,0,0,10,0.0,0.999996547426279,0.0
65,45,1s2.2s2.2p6.3s2.3p6.3d10.4s2.4p6.4d9,4d,4,2,9,2.5,d,0,21,34.56268954011648,8,0,0,36,0,0,0,8,0,0,0,0,0,0,0,16,10,0,0,0,0,0,0,0,0,10,-0.5555555555555554,0.999996547426279,0.0
65,44,1s2.2s2.2p6.3s2.3p6.3d10.4s2.4p6.4d8,4d,4,2,8,2.5,d,0,22,33.90183225775024,7,0,0,36,0,0,0,7,0,0,0,0,0,0,0,16,10,0,0,0,0,0,0,0,0,10,-1.1111111111111112,0.999996547426279,0.0
65,43,1s2.2s2.2p6.3s2.3p6.3d10.4s2.4p6.4d7,4d,4,2,7,2.5,d,0,23,33.24097497538423,6,0,0,36,0,0,0,6,0,0,0,0,0,0,0,16,10,0,0,0,0,0,0,0,0,10,-1.6666666666666665,0.999996547426279,0.0
65,42,1s2.2s2.2p6.3s2.3p6.3d10.4s2.4p6.4d6,4d,4,2,6,2.5,d,0,24,32.619385968687766,5,0,0,36,0,0,0,5,0,0,0,0,0,0,0,16,10,0,0,0,0,0,0,0,0,10,-2.2222222222222223,0.999996547426279,0.0
65,41,1s2.2s2.2p6.3s2.3p6.3d10.4s2.4p6.4d5,4d,4,2,5,2.5,d,0,25,31.77042966985971,4,0,0,36,0,0,0,4,0,0,0,0,0,0,0,16,10,0,0,0,0,0,0,0,0,10,2.2222222222222223,0.999996547426279,0.0
65,40,1s2.2s2.2p6.3s2.3p6.3d10.4s2.4p6.4d4,4d,4,2,4,1.5,d,0,26,31.14884066316324,3,0,0,36,0,0,0,3,0,0,0,0,0,0,0,16,10,0,0,0,0,0,0,0,0,10,1.6666666666666667,0.999996547426279,0.0
65,39,1s2.2s2.2p6.3s2.3p6.3d10.4s2.4p6.4d3,4d,4,2,3,1.5,d,0,27,30.487983380797118,2,0,0,36,0,0,0,2,0,0,0,0,0,0,0,16,10,0,0,0,0,0,0,0,0,10,1.1111111111111112,0.999996547426279,0.0
65,38,1s2.2s2.2p6.3s2.3p6.3d10.4s2.4p6.4d2,4d,4,2,2,1.5,d,0,28,29.82712609843111,1,0,0,36,0,0,0,1,0,0,0,0,0,0,0,16,10,0,0,0,0,0,0,0,0,10,0.5555555555555556,0.999996547426279,0.0
65,37,1s2.2s2.2p6.3s2.3p6.3d10.4s2.4p6.4d1,4d,4,2,1,1.5,d,0,29,29.20553709173464,0,0,0,36,0,0,0,0,0,0,0,0,0,0,0,16,10,0,0,0,0,0,0,0,0,10,0.0,0.999996547426279,0.0
65,36,1s2.2s2.2p6.3s2.3p6.3d10.4s2.4p6,4p,4,1,6,1.5,p3,0,30,26.676544772007787,5,20,10,0,0,0,5,0,0,2,8,10,0,8,0,0,0,0,0,0,0,0,0,0,2,0,0.0,0.999996547426279,0.0
65,35,1s2.2s2.2p6.3s2.3p6.3d10.4s2.4p5,4p,4,1,5,1.5,p3,0,31,26.117340670445287,4,20,10,0,0,0,4,0,0,2,8,10,0,8,0,0,0,0,0,0,0,0,0,0,2,0,-0.6000000000000001,0.999996547426279,0.0
65,34,1s2.2s2.2p6.3s2.3p6.3d10.4s2.4p4,4p,4,1,4,1.5,p3,0,32,25.558136568882787,3,20,10,0,0,0,3,0,0,2,8,10,0,8,0,0,0,0,0,0,0,0,0,0,2,0,-1.2,0.999996547426279,0.0
65,33,1s2.2s2.2p6.3s2.3p6.3d10.4s2.4p3,4p,4,1,3,1.5,p3,0,33,24.807678805211026,2,20,10,0,0,0,2,0,0,2,8,10,0,8,0,0,0,0,0,0,0,0,0,0,2,0,1.2,0.999996547426279,0.0
65,32,1s2.2s2.2p6.3s2.3p6.3d10.4s2.4p2,4p,4,1,2,0.5,p1,0,34,24.24270156046225,1,20,10,0,0,0,1,0,0,2,8,10,0,8,0,0,0,0,0,0,0,0,0,0,2,0,0.6,0.999996547426279,0.0
65,31,1s2.2s2.2p6.3s2.3p6.3d10.4s2.4p1,4p,4,1,1,0.5,p1,0,35,23.681451647104154,0,20,10,0,0,0,0,0,0,2,8,10,0,8,0,0,0,0,0,0,0,0,0,0,2,0,0.0,0.999996547426279,0.0
65,30,1s2.2s2.2p6.3s2.3p6.3d10.4s2,4s,4,0,2,0.5,s,0,36,22.126593730819764,1,18,10,0,0,1,0,0,0,0,8,10,0,8,0,0,0,0,0,0,0,0,0,0,2,0,0.0,0.999996547426279,0.0
65,29,1s2.2s2.2p6.3s2.3p6.3d10.4s1,4s,4,0,1,0.5,s,0,37,21.554071296483926,0,18,10,0,0,0,0,0,0,0,8,10,0,8,0,0,0,0,0,0,0,0,0,0,2,0,0.0,0.999996547426279,0.0
65,28,1s2.2s2.2p6.3s2.3p6.3d10,3d,3,2,10,2.5,d,0,38,21.379455336979806,9,0,0,18,0,0,0,9,0,0,0,0,0,0,0,16,0,0,0,0,0,0,0,0,0,2,0.0,0.999996547426279,0.0
65,27,1s2.2s2.2p6.3s2.3p6.3d9,3d,3,2,9,2.5,d,0,39,20.677223194122995,8,0,0,18,0,0,0,8,0,0,0,0,0,0,0,16,0,0,0,0,0,0,0,0,0,2,-0.5555555555555554,0.999996547426279,0.0
65,26,1s2.2s2.2p6.3s2.3p6.3d8,3d,3,2,8,2.5,d,0,40,19.92856167011884,7,0,0,18,0,0,0,7,0,0,0,0,0,0,0,16,0,0,0,0,0,0,0,0,0,2,-1.1111111111111112,0.999996547426279,0.0
65,25,1s2.2s2.2p6.3s2.3p6.3d7,3d,3,2,7,2.5,d,0,41,19.180019458485546,6,0,0,18,0,0,0,6,0,0,0,0,0,0,0,16,0,0,0,0,0,0,0,0,0,2,-1.6666666666666665,0.999996547426279,0.0
65,24,1s2.2s2.2p6.3s2.3p6.3d6,3d,3,2,6,2.5,d,0,42,18.477999944610033,5,0,0,18,0,0,0,5,0,0,0,0,0,0,0,16,0,0,0,0,0,0,0,0,0,2,-2.2222222222222223,0.999996547426279,0.0
65,23,1s2.2s2.2p6.3s2.3p6.3d5,3d,3,2,5,2.5,d,0,43,17.516342790782076,4,0,0,18,0,0,0,4,0,0,0,0,0,0,0,16,0,0,0,0,0,0,0,0,0,2,2.2222222222222223,0.999996547426279,0.0
65,22,1s2.2s2.2p6.3s2.3p6.3d4,3d,3,2,4,1.5,d,0,44,16.81369270190474,3,0,0,18,0,0,0,3,0,0,0,0,0,0,0,16,0,0,0,0,0,0,0,0,0,2,1.6666666666666667,0.999996547426279,0.0
65,21,1s2.2s2.2p6.3s2.3p6.3d3,3d,3,2,3,1.5,d,0,45,16.06581898178117,2,0,0,18,0,0,0,2,0,0,0,0,0,0,0,16,0,0,0,0,0,0,0,0,0,2,1.1111111111111112,0.999996547426279,0.0
65,20,1s2.2s2.2p6.3s2.3p6.3d2,3d,3,2,2,1.5,d,0,46,15.318236242385085,1,0,0,18,0,0,0,1,0,0,0,0,0,0,0,16,0,0,0,0,0,0,0,0,0,2,0.5555555555555556,0.999996547426279,0.0
65,19,1s2.2s2.2p6.3s2.3p6.3d1,3d,3,2,1,1.5,d,0,47,14.615753461451872,0,0,0,18,0,0,0,0,0,0,0,0,0,0,0,16,0,0,0,0,0,0,0,0,0,2,0.0,0.999996547426279,0.0
65,18,1s2.2s2.2p6.3s2.3p6,3p,3,1,6,1.5,p3,0,48,12.667818264554036,5,10,2,0,0,0,5,0,0,2,8,0,0,2,0,0,0,0,0,0,0,0,0,0,0,0,0.0,0.999996547426279,0.0
65,17,1s2.2s2.2p6.3s2.3p5,3p,3,1,5,1.5,p3,0,49,12.08347223011717,4,10,2,0,0,0,4,0,0,2,8,0,0,2,0,0,0,0,0,0,0,0,0,0,0,0,-0.6000000000000001,0.999996547426279,0.0
65,16,1s2.2s2.2p6.3s2.3p4,3p,3,1,4,1.5,p3,0,50,11.49928244974415,3,10,2,0,0,0,3,0,0,2,8,0,0,2,0,0,0,0,0,0,0,0,0,0,0,0,-1.2,0.999996547426279,0.0
65,15,1s2.2s2.2p6.3s2.3p3,3p,3,1,3,1.5,p3,0,51,10.730818199117742,2,10,2,0,0,0,2,0,0,2,8,0,0,2,0,0,0,0,0,0,0,0,0,0,0,0,1.2,0.999996547426279,0.0
65,14,1s2.2s2.2p6.3s2.3p2,3p,3,1,2,0.5,p1,0,52,10.145247180423096,1,10,2,0,0,0,1,0,0,2,8,0,0,2,0,0,0,0,0,0,0,0,0,0,0,0,0.6,0.999996547426279,0.0
65,13,1s2.2s2.2p6.3s2.3p1,3p,3,1,1,0.5,p1,0,53,9.559774441642945,0,10,2,0,0,0,0,0,0,2,8,0,0,2,0,0,0,0,0,0,0,0,0,0,0,0,0.0,0.999996547426279,0.0
65,12,1s2.2s2.2p6.3s2,3s,3,0,2,0.5,s,0,54,8.35113401342552,1,8,2,0,0,1,0,0,0,0,8,0,0,2,0,0,0,0,0,0,0,0,0,0,0,0,0.0,0.999996547426279,0.0
65,11,1s2.2s2.2p6.3s1,3s,3,0,1,0.5,s,0,55,7.7856408855844075,0,8,2,0,0,0,0,0,0,0,8,0,0,2,0,0,0,0,0,0,0,0,0,0,0,0,0.0,0.999996547426279,0.0
65,10,1s2.2s2.2p6,2p,2,1,6,1.5,p3,0,56,6.545979557232126,5,4,0,0,0,0,5,0,0,2,2,0,0,0,0,0,0,0,0,0,0,0,0,0,0,0,0.0,0.999996547426279,0.0
65,9,1s2.2s2.2p5,2p,2,1,5,1.5,p3,0,57,5.88972955723213,4,4,0,0,0,0,4,0,0,2,2,0,0,0,0,0,0,0,0,0,0,0,0,0,0,0,-0.6000000000000001,0.999996547426279,0.0
65,8,1s2.2s2.2p4,2p,2,1,4,1.5,p3,0,58,5.233479557232133,3,4,0,0,0,0,3,0,0,2,2,0,0,0,0,0,0,0,0,0,0,0,0,0,0,0,-1.2,0.999996547426279,0.0
65,7,1s2.2s2.2p3,2p,2,1,3,1.5,p3,0,59,4.378670782625834,2,4,0,0,0,0,2,0,0,2,2,0,0,0,0,0,0,0,0,0,0,0,0,0,0,0,1.2,0.999996547426279,0.0
65,6,1s2.2s2.2p2,2p,2,1,2,0.5,p1,0,60,3.7253535771907345,1,4,0,0,0,0,1,0,0,2,2,0,0,0,0,0,0,0,0,0,0,0,0,0,0,0,0.6,0.999996547426279,0.0
65,5,1s2.2s2.2p1,2p,2,1,1,0.5,p1,0,61,3.0730091792350134,0,4,0,0,0,0,0,0,0,2,2,0,0,0,0,0,0,0,0,0,0,0,0,0,0,0,0.0,0.999996547426279,0.0
65,4,1s2.2s2,2s,2,0,2,0.5,s,0,62,2.145875983124917,1,2,0,0,0,1,0,0,0,0,2,0,0,0,0,0,0,0,0,0,0,0,0,0,0,0,0.0,0.999996547426279,14.67953428257522
65,3,1s2.2s1,2s,2,0,1,0.5,s,0,63,1.5912208504801093,0,2,0,0,0,0,0,0,0,0,2,0,0,0,0,0,0,0,0,0,0,0,0,0,0,0,0.0,0.999996547426279,14.67953428257522
65,2,1s2,1s,1,0,2,0.5,s,0,64,0.625,1,0,0,0,0,1,0,0,0,0,0,0,0,0,0,0,0,0,0,0,0,0,0,0,0,0,0.0,0.999996547426279,91.44754675698267
65,1,1s1,1s,1,0,1,0.5,s,0,65,0.0,0,0,0,0,0,0,0,0,0,0,0,0,0,0,0,0,0,0,0,0,0,0,0,0,0,0,0.0,0.999996547426279,91.44754675698267
66,66,1s2.2s2.2p6.3s2.3p6.3d10.4s2.4p6.4d10.4f10.5s2.5p6.6s2,6s,6,0,2,0.5,s,0,1,51.26824147702106,1,8,56,0,0,1,0,0,0,0,8,0,0,8,20,0,0,0,0,0,0,0,0,0,28,0,0.0,0.999996611433025,0.0
66,65,1s2.2s2.2p6.3s2.3p6.3d10.4s2.4p6.4d10.4f10.5s2.5p6.6s1,6s,6,0,1,0.5,s,0,2,50.6517828420692,0,8,56,0,0,0,0,0,0,0,8,0,0,8,20,0,0,0,0,0,0,0,0,0,28,0,0.0,0.999996611433025,0.0
66,64,1s2.2s2.2p6.3s2.3p6.3d10.4s2.4p6.4d10.4f10.5s2.5p6,4f,4,3,10,3.5,f,0,3,49.596821160799664,9,0,0,46,8,0,0,0,9,0,0,0,0,0,0,0,0,0,36,0,0,0,0,8,0,10,-2.153846153846154,0.999996611433025,0.0
66,63,1s2.2s2.2p6.3s2.3p6.3d10.4s2.4p6.4d10.4f9.5s2.5p6,4f,4,3,9,3.5,f,0,4,48.839886932918034,8,0,0,46,8,0,0,0,8,0,0,0,0,0,0,0,0,0,36,0,0,0,0,8,0,10,-2.6923076923076925,0.999996611433025,0.0
66,62,1s2.2s2.2p6.3s2.3p6.3d10.4s2.4p6.4d10.4f8.5s2.5p6,5p,5,1,6,1.5,p3,0,5,46.81295008907074,5,28,28,0,0,0,5,0,0,2,8,10,8,8,10,0,0,0,0,0,0,0,0,0,10,0,0.0,0.999996611433025,0.0
66,61,1s2.2s2.2p6.3s2.3p6.3d10.4s2.4p6.4d10.4f8.5s2.5p5,5p,5,1,5,1.5,p3,0,6,46.221408366153895,4,28,28,0,0,0,4,0,0,2,8,10,8,8,10,0,0,0,0,0,0,0,0,0,10,0,-0.6000000000000001,0.999996611433025,0.0
66,60,1s2.2s2.2p6.3s2.3p6.3d10.4s2.4p6.4d10.4f8.5s2.5p4,5p,5,1,4,1.5,p3,1,7,45.70848477101488,3,28,28,0,0,0,3,0,0,2,8,10,8,8,10,0,0,0,0,0,0,0,0,0,10,0,-1.2,0.999996611433025,0.0
66,59,1s2.2s2.2p6.3s2.3p6.3d10.4s2.4p6.4d10.4f9.5s2.5p2,4f,4,3,9,3.5,f,0,8,46.916570768989686,8,0,0,46,4,0,0,0,8,0,0,0,0,0,0,0,0,0,36,0,0,0,0,4,0,10,-2.6923076923076925,0.999996611433025,0.0
66,58,1s2.2s2.2p6.3s2.3p6.3d10.4s2.4p6.4d10.4f8.5s2.5p2,5p,5,1,2,0.5,p1,0,9,44.324838560736836,1,28,28,0,0,0,1,0,0,2,8,10,8,8,10,0,0,0,0,0,0,0,0,0,10,0,0.6,0.999996611433025,0.0
66,57,1s2.2s2.2p6.3s2.3p6.3d10.4s2.4p6.4d10.4f8.5s2.5p1,5p,5,1,1,0.5,p1,0,10,43.824889440998014,0,28,28,0,0,0,0,0,0,2,8,10,8,8,10,0,0,0,0,0,0,0,0,0,10,0,0.0,0.999996611433025,0.0
66,56,1s2.2s2.2p6.3s2.3p6.3d10.4s2.4p6.4d10.4f8.5s2,4f,4,3,8,3.5,f,0,11,45.20739158882634,7,0,0,46,2,0,0,0,7,0,0,0,0,0,0,0,0,0,36,0,0,0,0,2,0,10,-3.230769230769231,0.999996611433025,0.0
66,55,1s2.2s2.2p6.3s2.3p6.3d10.4s2.4p6.4d10.4f7.5s2,4f,4,3,7,3.5,f,0,12,44.17713123028852,6,0,0,46,2,0,0,0,6,0,0,0,0,0,0,0,0,0,36,0,0,0,0,2,0,10,3.230769230769231,0.999996611433025,0.0
66,54,1s2.2s2.2p6.3s2.3p6.3d10.4s2.4p6.4d10.4f6.5s2,5s,5,0,2,0.5,s,0,13,40.59227839696785,1,24,28,0,0,1,0,0,0,0,8,10,6,8,10,0,0,0,0,0,0,0,0,0,10,0,0.0,0.999996611433025,0.0
66,53,1s2.2s2.2p6.3s2.3p6.3d10.4s2.4p6.4d10.4f6.5s1,4f,4,3,6,2.5,f,1,14,42.96468102322615,5,0,0,46,1,0,0,0,5,0,0,0,0,0,0,0,0,0,36,0,0,0,0,1,0,10,2.6923076923076925,0.999996611433025,0.0
66,52,1s2.2s2.2p6.3s2.3p6.3d10.4s2.4p6.4d10.4f4.5s2,5s,5,0,2,0.5,s,1,15,39.11309307918241,1,22,28,0,0,1,0,0,0,0,8,10,4,8,10,0,0,0,0,0,0,0,0,0,10,0,0.0,0.999996611433025,0.0
66,51,1s2.2s2.2p6.3s2.3p6.3d10.4s2.4p6.4d10.4f5,4f,4,3,5,2.5,f,0,16,41.739408859043806,4,0,0,46,0,0,0,0,4,0,0,0,0,0,0,0,0,0,36,0,0,0,0,0,0,10,2.1538461538461537,0.999996611433025,0.0
66,50,1s2.2s2.2p6.3s2.3p6.3d10.4s2.4p6.4d10.4f4,4f,4,3,4,2.5,f,0,17,40.937916324885464,3,0,0,46,0,0,0,0,3,0,0,0,0,0,0,0,0,0,36,0,0,0,0,0,0,10,1.6153846153846154,0.999996611433025,0.0
66,49,1s2.2s2.2p6.3s2.3p6.3d10.4s2.4p6.4d10.4f3,4f,4,3,3,2.5,f,0,18,40.136423790726894,2,0,0,46,0,0,0,0,2,0,0,0,0,0,0,0,0,0,36,0,0,0,0,0,0,10,1.0769230769230769,0.999996611433025,0.0
66,48,1s2.2s2.2p6.3s2.3p6.3d10.4s2.4p6.4d10.4f2,4f,4,3,2,2.5,f,0,19,39.37948956284549,1,0,0,46,0,0,0,0,1,0,0,0,0,0,0,0,0,0,36,0,0,0,0,0,0,10,0.5384615384615384,0.999996611433025,0.0
66,47,1s2.2s2.2p6.3s2.3p6.3d10.4s2.4p6.4d10.4f1,4f,4,3,1,2.5,f,0,20,38.640378657474685,0,0,0,46,0,0,0,0,0,0,0,0,0,0,0,0,0,0,36,0,0,0,0,0,0,10,0.0,0.999996611433025,0.0
66,46,1s2.2s2.2p6.3s2.3p6.3d10.4s2.4p6.4d10,4d,4,2,10,2.5,d,0,21,35.18427854681272,9,0,0,36,0,0,0,9,0,0,0,0,0,0,0,16,10,0,0,0,0,0,0,0,0,10,0.0,0.999996611433025,0.0
66,45,1s2.2s2.2p6.3s2.3p6.3d10.4s2.4p6.4d9,4d,4,2,9,2.5,d,0,22,34.56268954011648,8,0,0,36,0,0,0,8,0,0,0,0,0,0,0,16,10,0,0,0,0,0,0,0,0,10,-0.5555555555555554,0.999996611433025,0.0
66,44,1s2.2s2.2p6.3s2.3p6.3d10.4s2.4p6.4d8,4d,4,2,8,2.5,d,0,23,33.90183225775024,7,0,0,36,0,0,0,7,0,0,0,0,0,0,0,16,10,0,0,0,0,0,0,0,0,10,-1.1111111111111112,0.999996611433025,0.0
66,43,1s2.2s2.2p6.3s2.3p6.3d10.4s2.4p6.4d7,4d,4,2,7,2.5,d,0,24,33.24097497538423,6,0,0,36,0,0,0,6,0,0,0,0,0,0,0,16,10,0,0,0,0,0,0,0,0,10,-1.6666666666666665,0.999996611433025,0.0
66,42,1s2.2s2.2p6.3s2.3p6.3d10.4s2.4p6.4d6,4d,4,2,6,2.5,d,0,25,32.619385968687766,5,0,0,36,0,0,0,5,0,0,0,0,0,0,0,16,10,0,0,0,0,0,0,0,0,10,-2.2222222222222223,0.999996611433025,0.0
66,41,1s2.2s2.2p6.3s2.3p6.3d10.4s2.4p6.4d5,4d,4,2,5,2.5,d,0,26,31.77042966985971,4,0,0,36,0,0,0,4,0,0,0,0,0,0,0,16,10,0,0,0,0,0,0,0,0,10,2.2222222222222223,0.999996611433025,0.0
66,40,1s2.2s2.2p6.3s2.3p6.3d10.4s2.4p6.4d4,4d,4,2,4,1.5,d,0,27,31.14884066316324,3,0,0,36,0,0,0,3,0,0,0,0,0,0,0,16,10,0,0,0,0,0,0,0,0,10,1.6666666666666667,0.999996611433025,0.0
66,39,1s2.2s2.2p6.3s2.3p6.3d10.4s2.4p6.4d3,4d,4,2,3,1.5,d,0,28,30.487983380797118,2,0,0,36,0,0,0,2,0,0,0,0,0,0,0,16,10,0,0,0,0,0,0,0,0,10,1.1111111111111112,0.999996611433025,0.0
66,38,1s2.2s2.2p6.3s2.3p6.3d10.4s2.4p6.4d2,4d,4,2,2,1.5,d,0,29,29.82712609843111,1,0,0,36,0,0,0,1,0,0,0,0,0,0,0,16,10,0,0,0,0,0,0,0,0,10,0.5555555555555556,0.999996611433025,0.0
66,37,1s2.2s2.2p6.3s2.3p6.3d10.4s2.4p6.4d1,4d,4,2,1,1.5,d,0,30,29.20553709173464,0,0,0,36,0,0,0,0,0,0,0,0,0,0,0,16,10,0,0,0,0,0,0,0,0,10,0.0,0.999996611433025,0.0
66,36,1s2.2s2.2p6.3s2.3p6.3d10.4s2.4p6,4p,4,1,6,1.5,p3,0,31,26.676544772007787,5,20,10,0,0,0,5,0,0,2,8,10,0,8,0,0,0,0,0,0,0,0,0,0,2,0,0.0,0.999996611433025,0.0
66,35,1s2.2s2.2p6.3s2.3p6.3d10.4s2.4p5,4p,4,1,5,1.5,p3,0,32,26.117340670445287,4,20,10,0,0,0,4,0,0,2,8,10,0,8,0,0,0,0,0,0,0,0,0,0,2,0,-0.6000000000000001,0.999996611433025,0.0
66,34,1s2.2s2.2p6.3s2.3p6.3d10.4s2.4p4,4p,4,1,4,1.5,p3,0,33,25.558136568882787,3,20,10,0,0,0,3,0,0,2,8,10,0,8,0,0,0,0,0,0,0,0,0,0,2,0,-1.2,0.999996611433025,0.0
66,33,1s2.2s2.2p6.3s2.3p6.3d10.4s2.4p3,4p,4,1,3,1.5,p3,0,34,24.807678805211026,2,20,10,0,0,0,2,0,0,2,8,10,0,8,0,0,0,0,0,0,0,0,0,0,2,0,1.2,0.999996611433025,0.0
66,32,1s2.2s2.2p6.3s2.3p6.3d10.4s2.4p2,4p,4,1,2,0.5,p1,0,35,24.24270156046225,1,20,10,0,0,0,1,0,0,2,8,10,0,8,0,0,0,0,0,0,0,0,0,0,2,0,0.6,0.999996611433025,0.0
66,31,1s2.2s2.2p6.3s2.3p6.3d10.4s2.4p1,4p,4,1,1,0.5,p1,0,36,23.681451647104154,0,20,10,0,0,0,0,0,0,2,8,10,0,8,0,0,0,0,0,0,0,0,0,0,2,0,0.0,0.999996611433025,0.0
66,30,1s2.2s2.2p6.3s2.3p6.3d10.4s2,4s,4,0,2,0.5,s,0,37,22.126593730819764,1,18,10,0,0,1,0,0,0,0,8,10,0,8,0,0,0,0,0,0,0,0,0,0,2,0,0.0,0.999996611433025,0.0
66,29,1s2.2s2.2p6.3s2.3p6.3d10.4s1,4s,4,0,1,0.5,s,0,38,21.554071296483926,0,18,10,0,0,0,0,0,0,0,8,10,0,8,0,0,0,0,0,0,0,0,0,0,2,0,0.0,0.999996611433025,0.0
66,28,1s2.2s2.2p6.3s2.3p6.3d10,3d,3,2,10,2.5,d,0,39,21.379455336979806,9,0,0,18,0,0,0,9,0,0,0,0,0,0,0,16,0,0,0,0,0,0,0,0,0,2,0.0,0.999996611433025,0.0
66,27,1s2.2s2.2p6.3s2.3p6.3d9,3d,3,2,9,2.5,d,0,40,20.677223194122995,8,0,0,18,0,0,0,8,0,0,0,0,0,0,0,16,0,0,0,0,0,0,0,0,0,2,-0.5555555555555554,0.999996611433025,0.0
66,26,1s2.2s2.2p6.3s2.3p6.3d8,3d,3,2,8,2.5,d,0,41,19.92856167011884,7,0,0,18,0,0,0,7,0,0,0,0,0,0,0,16,0,0,0,0,0,0,0,0,0,2,-1.1111111111111112,0.999996611433025,0.0
66,25,1s2.2s2.2p6.3s2.3p6.3d7,3d,3,2,7,2.5,d,0,42,19.180019458485546,6,0,0,18,0,0,0,6,0,0,0,0,0,0,0,16,0,0,0,0,0,0,0,0,0,2,-1.6666666666666665,0.999996611433025,0.0
66,24,1s2.2s2.2p6.3s2.3p6.3d6,3d,3,2,6,2.5,d,0,43,18.477999944610033,5,0,0,18,0,0,0,5,0,0,0,0,0,0,0,16,0,0,0,0,0,0,0,0,0,2,-2.2222222222222223,0.999996611433025,0.0
66,23,1s2.2s2.2p6.3s2.3p6.3d5,3d,3,2,5,2.5,d,0,44,17.516342790782076,4,0,0,18,0,0,0,4,0,0,0,0,0,0,0,16,0,0,0,0,0,0,0,0,0,2,2.2222222222222223,0.999996611433025,0.0
66,22,1s2.2s2.2p6.3s2.3p6.3d4,3d,3,2,4,1.5,d,0,45,16.81369270190474,3,0,0,18,0,0,0,3,0,0,0,0,0,0,0,16,0,0,0,0,0,0,0,0,0,2,1.6666666666666667,0.999996611433025,0.0
66,21,1s2.2s2.2p6.3s2.3p6.3d3,3d,3,2,3,1.5,d,0,46,16.06581898178117,2,0,0,18,0,0,0,2,0,0,0,0,0,0,0,16,0,0,0,0,0,0,0,0,0,2,1.1111111111111112,0.999996611433025,0.0
66,20,1s2.2s2.2p6.3s2.3p6.3d2,3d,3,2,2,1.5,d,0,47,15.318236242385085,1,0,0,18,0,0,0,1,0,0,0,0,0,0,0,16,0,0,0,0,0,0,0,0,0,2,0.5555555555555556,0.999996611433025,0.0
66,19,1s2.2s2.2p6.3s2.3p6.3d1,3d,3,2,1,1.5,d,0,48,14.615753461451872,0,0,0,18,0,0,0,0,0,0,0,0,0,0,0,16,0,0,0,0,0,0,0,0,0,2,0.0,0.999996611433025,0.0
66,18,1s2.2s2.2p6.3s2.3p6,3p,3,1,6,1.5,p3,0,49,12.667818264554036,5,10,2,0,0,0,5,0,0,2,8,0,0,2,0,0,0,0,0,0,0,0,0,0,0,0,0.0,0.999996611433025,0.0
66,17,1s2.2s2.2p6.3s2.3p5,3p,3,1,5,1.5,p3,0,50,12.08347223011717,4,10,2,0,0,0,4,0,0,2,8,0,0,2,0,0,0,0,0,0,0,0,0,0,0,0,-0.6000000000000001,0.999996611433025,0.0
66,16,1s2.2s2.2p6.3s2.3p4,3p,3,1,4,1.5,p3,0,51,11.49928244974415,3,10,2,0,0,0,3,0,0,2,8,0,0,2,0,0,0,0,0,0,0,0,0,0,0,0,-1.2,0.999996611433025,0.0
66,15,1s2.2s2.2p6.3s2.3p3,3p,3,1,3,1.5,p3,0,52,10.730818199117742,2,10,2,0,0,0,2,0,0,2,8,0,0,2,0,0,0,0,0,0,0,0,0,0,0,0,1.2,0.999996611433025,0.0
66,14,1s2.2s2.2p6.3s2.3p2,3p,3,1,2,0.5,p1,0,53,10.145247180423096,1,10,2,0,0,0,1,0,0,2,8,0,0,2,0,0,0,0,0,0,0,0,0,0,0,0,0.6,0.999996611433025,0.0
66,13,1s2.2s2.2p6.3s2.3p1,3p,3,1,1,0.5,p1,0,54,9.559774441642945,0,10,2,0,0,0,0,0,0,2,8,0,0,2,0,0,0,0,0,0,0,0,0,0,0,0,0.0,0.999996611433025,0.0
66,12,1s2.2s2.2p6.3s2,3s,3,0,2,0.5,s,0,55,8.35113401342552,1,8,2,0,0,1,0,0,0,0,8,0,0,2,0,0,0,0,0,0,0,0,0,0,0,0,0.0,0.999996611433025,0.0
66,11,1s2.2s2.2p6.3s1,3s,3,0,1,0.5,s,0,56,7.7856408855844075,0,8,2,0,0,0,0,0,0,0,8,0,0,2,0,0,0,0,0,0,0,0,0,0,0,0,0.0,0.999996611433025,0.0
66,10,1s2.2s2.2p6,2p,2,1,6,1.5,p3,0,57,6.545979557232126,5,4,0,0,0,0,5,0,0,2,2,0,0,0,0,0,0,0,0,0,0,0,0,0,0,0,0.0,0.999996611433025,0.0
66,9,1s2.2s2.2p5,2p,2,1,5,1.5,p3,0,58,5.88972955723213,4,4,0,0,0,0,4,0,0,2,2,0,0,0,0,0,0,0,0,0,0,0,0,0,0,0,-0.6000000000000001,0.999996611433025,0.0
66,8,1s2.2s2.2p4,2p,2,1,4,1.5,p3,0,59,5.233479557232133,3,4,0,0,0,0,3,0,0,2,2,0,0,0,0,0,0,0,0,0,0,0,0,0,0,0,-1.2,0.999996611433025,0.0
66,7,1s2.2s2.2p3,2p,2,1,3,1.5,p3,0,60,4.378670782625834,2,4,0,0,0,0,2,0,0,2,2,0,0,0,0,0,0,0,0,0,0,0,0,0,0,0,1.2,0.999996611433025,0.0
66,6,1s2.2s2.2p2,2p,2,1,2,0.5,p1,0,61,3.7253535771907345,1,4,0,0,0,0,1,0,0,2,2,0,0,0,0,0,0,0,0,0,0,0,0,0,0,0,0.6,0.999996611433025,0.0
66,5,1s2.2s2.2p1,2p,2,1,1,0.5,p1,0,62,3.0730091792350134,0,4,0,0,0,0,0,0,0,2,2,0,0,0,0,0,0,0,0,0,0,0,0,0,0,0,0.0,0.999996611433025,0.0
66,4,1s2.2s2,2s,2,0,2,0.5,s,0,63,2.145875983124917,1,2,0,0,0,1,0,0,0,0,2,0,0,0,0,0,0,0,0,0,0,0,0,0,0,0,0.0,0.999996611433025,15.706138279321985
66,3,1s2.2s1,2s,2,0,1,0.5,s,0,64,1.5912208504801093,0,2,0,0,0,0,0,0,0,0,2,0,0,0,0,0,0,0,0,0,0,0,0,0,0,0,0.0,0.999996611433025,15.706138279321985
66,2,1s2,1s,1,0,2,0.5,s,0,65,0.625,1,0,0,0,0,1,0,0,0,0,0,0,0,0,0,0,0,0,0,0,0,0,0,0,0,0,0.0,0.999996611433025,97.40276445115299
66,1,1s1,1s,1,0,1,0.5,s,0,66,0.0,0,0,0,0,0,0,0,0,0,0,0,0,0,0,0,0,0,0,0,0,0,0,0,0,0,0,0.0,0.999996611433025,97.40276445115299
67,67,1s2.2s2.2p6.3s2.3p6.3d10.4s2.4p6.4d10.4f11.5s2.5p6.6s2,6s,6,0,2,0.5,s,0,1,52.04920585547262,1,8,57,0,0,1,0,0,0,0,8,0,0,8,21,0,0,0,0,0,0,0,0,0,28,0,0.0,0.9999966731429484,0.0
67,66,1s2.2s2.2p6.3s2.3p6.3d10.4s2.4p6.4d10.4f11.5s2.5p6.6s1,6s,6,0,1,0.5,s,0,2,51.43800452414212,0,8,57,0,0,0,0,0,0,0,8,0,0,8,21,0,0,0,0,0,0,0,0,0,28,0,0.0,0.9999966731429484,0.0
67,65,1s2.2s2.2p6.3s2.3p6.3d10.4s2.4p6.4d10.4f11.5s2.5p6,4f,4,3,11,3.5,f,0,3,50.39831369495823,10,0,0,46,8,0,0,0,10,0,0,0,0,0,0,0,0,0,36,0,0,0,0,8,0,10,-1.615384615384615,0.9999966731429484,0.0
67,64,1s2.2s2.2p6.3s2.3p6.3d10.4s2.4p6.4d10.4f10.5s2.5p6,4f,4,3,10,3.5,f,0,4,49.596821160799664,9,0,0,46,8,0,0,0,9,0,0,0,0,0,0,0,0,0,36,0,0,0,0,8,0,10,-2.153846153846154,0.9999966731429484,0.0
67,63,1s2.2s2.2p6.3s2.3p6.3d10.4s2.4p6.4d10.4f9.5s2.5p6,5p,5,1,6,1.5,p3,0,5,47.56416224015818,5,29,28,0,0,0,5,0,0,2,8,10,9,8,10,0,0,0,0,0,0,0,0,0,10,0,0.0,0.9999966731429484,0.0
67,62,1s2.2s2.2p6.3s2.3p6.3d10.4s2.4p6.4d10.4f9.5s2.5p5,5p,5,1,5,1.5,p3,0,6,46.97051358830602,4,29,28,0,0,0,4,0,0,2,8,10,9,8,10,0,0,0,0,0,0,0,0,0,10,0,-0.6000000000000001,0.9999966731429484,0.0
67,61,1s2.2s2.2p6.3s2.3p6.3d10.4s2.4p6.4d10.4f9.5s2.5p4,5p,5,1,4,1.5,p3,0,7,46.455483064230975,3,29,28,0,0,0,3,0,0,2,8,10,9,8,10,0,0,0,0,0,0,0,0,0,10,0,-1.2,0.9999966731429484,0.0
67,60,1s2.2s2.2p6.3s2.3p6.3d10.4s2.4p6.4d10.4f9.5s2.5p3,5p,5,1,3,1.5,p3,1,8,45.68089981193029,2,29,28,0,0,0,2,0,0,2,8,10,9,8,10,0,0,0,0,0,0,0,0,0,10,0,1.2,0.9999966731429484,0.0
67,59,1s2.2s2.2p6.3s2.3p6.3d10.4s2.4p6.4d10.4f10.5s2.5p1,4f,4,3,10,3.5,f,0,9,47.18218309680151,9,0,0,46,3,0,0,0,9,0,0,0,0,0,0,0,0,0,36,0,0,0,0,3,0,10,-2.153846153846154,0.9999966731429484,0.0
67,58,1s2.2s2.2p6.3s2.3p6.3d10.4s2.4p6.4d10.4f9.5s2.5p1,5p,5,1,1,0.5,p1,0,10,44.58275528068003,0,29,28,0,0,0,0,0,0,2,8,10,9,8,10,0,0,0,0,0,0,0,0,0,10,0,0.0,0.9999966731429484,0.0
67,57,1s2.2s2.2p6.3s2.3p6.3d10.4s2.4p6.4d10.4f9.5s2,4f,4,3,9,3.5,f,0,11,45.94650249419692,8,0,0,46,2,0,0,0,8,0,0,0,0,0,0,0,0,0,36,0,0,0,0,2,0,10,-2.6923076923076925,0.9999966731429484,0.0
67,56,1s2.2s2.2p6.3s2.3p6.3d10.4s2.4p6.4d10.4f8.5s2,4f,4,3,8,3.5,f,0,12,45.20739158882634,7,0,0,46,2,0,0,0,7,0,0,0,0,0,0,0,0,0,36,0,0,0,0,2,0,10,-3.230769230769231,0.9999966731429484,0.0
67,55,1s2.2s2.2p6.3s2.3p6.3d10.4s2.4p6.4d10.4f7.5s2,4f,4,3,7,3.5,f,0,13,44.17713123028852,6,0,0,46,2,0,0,0,6,0,0,0,0,0,0,0,0,0,36,0,0,0,0,2,0,10,3.230769230769231,0.9999966731429484,0.0
67,54,1s2.2s2.2p6.3s2.3p6.3d10.4s2.4p6.4d10.4f6.5s2,5s,5,0,2,0.5,s,0,14,40.59227839696785,1,24,28,0,0,1,0,0,0,0,8,10,6,8,10,0,0,0,0,0,0,0,0,0,10,0,0.0,0.9999966731429484,0.0
67,53,1s2.2s2.2p6.3s2.3p6.3d10.4s2.4p6.4d10.4f6.5s1,4f,4,3,6,2.5,f,1,15,42.96468102322615,5,0,0,46,1,0,0,0,5,0,0,0,0,0,0,0,0,0,36,0,0,0,0,1,0,10,2.6923076923076925,0.9999966731429484,0.0
67,52,1s2.2s2.2p6.3s2.3p6.3d10.4s2.4p6.4d10.4f4.5s2,5s,5,0,2,0.5,s,1,16,39.11309307918241,1,22,28,0,0,1,0,0,0,0,8,10,4,8,10,0,0,0,0,0,0,0,0,0,10,0,0.0,0.9999966731429484,0.0
67,51,1s2.2s2.2p6.3s2.3p6.3d10.4s2.4p6.4d10.4f5,4f,4,3,5,2.5,f,0,17,41.739408859043806,4,0,0,46,0,0,0,0,4,0,0,0,0,0,0,0,0,0,36,0,0,0,0,0,0,10,2.1538461538461537,0.9999966731429484,0.0
67,50,1s2.2s2.2p6.3s2.3p6.3d10.4s2.4p6.4d10.4f4,4f,4,3,4,2.5,f,0,18,40.937916324885464,3,0,0,46,0,0,0,0,3,0,0,0,0,0,0,0,0,0,36,0,0,0,0,0,0,10,1.6153846153846154,0.9999966731429484,0.0
67,49,1s2.2s2.2p6.3s2.3p6.3d10.4s2.4p6.4d10.4f3,4f,4,3,3,2.5,f,0,19,40.136423790726894,2,0,0,46,0,0,0,0,2,0,0,0,0,0,0,0,0,0,36,0,0,0,0,0,0,10,1.0769230769230769,0.9999966731429484,0.0
67,48,1s2.2s2.2p6.3s2.3p6.3d10.4s2.4p6.4d10.4f2,4f,4,3,2,2.5,f,0,20,39.37948956284549,1,0,0,46,0,0,0,0,1,0,0,0,0,0,0,0,0,0,36,0,0,0,0,0,0,10,0.5384615384615384,0.9999966731429484,0.0
67,47,1s2.2s2.2p6.3s2.3p6.3d10.4s2.4p6.4d10.4f1,4f,4,3,1,2.5,f,0,21,38.640378657474685,0,0,0,46,0,0,0,0,0,0,0,0,0,0,0,0,0,0,36,0,0,0,0,0,0,10,0.0,0.9999966731429484,0.0
67,46,1s2.2s2.2p6.3s2.3p6.3d10.4s2.4p6.4d10,4d,4,2,10,2.5,d,0,22,35.18427854681272,9,0,0,36,0,0,0,9,0,0,0,0,0,0,0,16,10,0,0,0,0,0,0,0,0,10,0.0,0.9999966731429484,0.0
67,45,1s2.2s2.2p6.3s2.3p6.3d10.4s2.4p6.4d9,4d,4,2,9,2.5,d,0,23,34.56268954011648,8,0,0,36,0,0,0,8,0,0,0,0,0,0,0,16,10,0,0,0,0,0,0,0,0,10,-0.5555555555555554,0.9999966731429484,0.0
67,44,1s2.2s2.2p6.3s2.3p6.3d10.4s2.4p6.4d8,4d,4,2,8,2.5,d,0,24,33.90183225775024,7,0,0,36,0,0,0,7,0,0,0,0,0,0,0,16,10,0,0,0,0,0,0,0,0,10,-1.1111111111111112,0.9999966731429484,0.0
67,43,1s2.2s2.2p6.3s2.3p6.3d10.4s2.4p6.4d7,4d,4,2,7,2.5,d,0,25,33.24097497538423,6,0,0,36,0,0,0,6,0,0,0,0,0,0,0,16,10,0,0,0,0,0,0,0,0,10,-1.6666666666666665,0.9999966731429484,0.0
67,42,1s2.2s2.2p6.3s2.3p6.3d10.4s2.4p6.4d6,4d,4,2,6,2.5,d,0,26,32.619385968687766,5,0,0,36,0,0,0,5,0,0,0,0,0,0,0,16,10,0,0,0,0,0,0,0,0,10,-2.2222222222222223,0.9999966731429484,0.0
67,41,1s2.2s2.2p6.3s2.3p6.3d10.4s2.4p6.4d5,4d,4,2,5,2.5,d,0,27,31.77042966985971,4,0,0,36,0,0,0,4,0,0,0,0,0,0,0,16,10,0,0,0,0,0,0,0,0,10,2.2222222222222223,0.9999966731429484,0.0
67,40,1s2.2s2.2p6.3s2.3p6.3d10.4s2.4p6.4d4,4d,4,2,4,1.5,d,0,28,31.14884066316324,3,0,0,36,0,0,0,3,0,0,0,0,0,0,0,16,10,0,0,0,0,0,0,0,0,10,1.6666666666666667,0.9999966731429484,0.0
67,39,1s2.2s2.2p6.3s2.3p6.3d10.4s2.4p6.4d3,4d,4,2,3,1.5,d,0,29,30.487983380797118,2,0,0,36,0,0,0,2,0,0,0,0,0,0,0,16,10,0,0,0,0,0,0,0,0,10,1.1111111111111112,0.9999966731429484,0.0
67,38,1s2.2s2.2p6.3s2.3p6.3d10.4s2.4p6.4d2,4d,4,2,2,1.5,d,0,30,29.82712609843111,1,0,0,36,0,0,0,1,0,0,0,0,0,0,0,16,10,0,0,0,0,0,0,0,0,10,0.5555555555555556,0.9999966731429484,0.0
67,37,1s2.2s2.2p6.3s2.3p6.3d10.4s2.4p6.4d1,4d,4,2,1,1.5,d,0,31,29.20553709173464,0,0,0,36,0,0,0,0,0,0,0,0,0,0,0,16,10,0,0,0,0,0,0,0,0,10,0.0,0.9999966731429484,0.0
67,36,1s2.2s2.2p6.3s2.3p6.3d10.4s2.4p6,4p,4,1,6,1.5,p3,0,32,26.676544772007787,5,20,10,0,0,0,5,0,0,2,8,10,0,8,0,0,0,0,0,0,0,0,0,0,2,0,0.0,0.9999966731429484,0.0
67,35,1s2.2s2.2p6.3s2.3p6.3d10.4s2.4p5,4p,4,1,5,1.5,p3,0,33,26.117340670445287,4,20,10,0,0,0,4,0,0,2,8,10,0,8,0,0,0,0,0,0,0,0,0,0,2,0,-0.6000000000000001,0.9999966731429484,0.0
67,34,1s2.2s2.2p6.3s2.3p6.3d10.4s2.4p4,4p,4,1,4,1.5,p3,0,34,25.558136568882787,3,20,10,0,0,0,3,0,0,2,8,10,0,8,0,0,0,0,0,0,0,0,0,0,2,0,-1.2,0.9999966731429484,0.0
67,33,1s2.2s2.2p6.3s2.3p6.3d10.4s2.4p3,4p,4,1,3,1.5,p3,0,35,24.807678805211026,2,20,10,0,0,0,2,0,0,2,8,10,0,8,0,0,0,0,0,0,0,0,0,0,2,0,1.2,0.9999966731429484,0.0
67,32,1s2.2s2.2p6.3s2.3p6.3d10.4s2.4p2,4p,4,1,2,0.5,p1,0,36,24.24270156046225,1,20,10,0,0,0,1,0,0,2,8,10,0,8,0,0,0,0,0,0,0,0,0,0,2,0,0.6,0.9999966731429484,0.0
67,31,1s2.2s2.2p6.3s2.3p6.3d10.4s2.4p1,4p,4,1,1,0.5,p1,0,37,23.681451647104154,0,20,10,0,0,0,0,0,0,2,8,10,0,8,0,0,0,0,0,0,0,0,0,0,2,0,0.0,0.9999966731429484,0.0
67,30,1s2.2s2.2p6.3s2.3p6.3d10.4s2,4s,4,0,2,0.5,s,0,38,22.126593730819764,1,18,10,0,0,1,0,0,0,0,8,10,0,8,0,0,0,0,0,0,0,0,0,0,2,0,0.0,0.9999966731429484,0.0
67,29,1s2.2s2.2p6.3s2.3p6.3d10.4s1,4s,4,0,1,0.5,s,0,39,21.554071296483926,0,18,10,0,0,0,0,0,0,0,8,10,0,8,0,0,0,0,0,0,0,0,0,0,2,0,0.0,0.9999966731429484,0.0
67,28,1s2.2s2.2p6.3s2.3p6.3d10,3d,3,2,10,2.5,d,0,40,21.379455336979806,9,0,0,18,0,0,0,9,0,0,0,0,0,0,0,16,0,0,0,0,0,0,0,0,0,2,0.0,0.9999966731429484,0.0
67,27,1s2.2s2.2p6.3s2.3p6.3d9,3d,3,2,9,2.5,d,0,41,20.677223194122995,8,0,0,18,0,0,0,8,0,0,0,0,0,0,0,16,0,0,0,0,0,0,0,0,0,2,-0.5555555555555554,0.9999966731429484,0.0
67,26,1s2.2s2.2p6.3s2.3p6.3d8,3d,3,2,8,2.5,d,0,42,19.92856167011884,7,0,0,18,0,0,0,7,0,0,0,0,0,0,0,16,0,0,0,0,0,0,0,0,0,2,-1.1111111111111112,0.9999966731429484,0.0
67,25,1s2.2s2.2p6.3s2.3p6.3d7,3d,3,2,7,2.5,d,0,43,19.180019458485546,6,0,0,18,0,0,0,6,0,0,0,0,0,0,0,16,0,0,0,0,0,0,0,0,0,2,-1.6666666666666665,0.9999966731429484,0.0
67,24,1s2.2s2.2p6.3s2.3p6.3d6,3d,3,2,6,2.5,d,0,44,18.477999944610033,5,0,0,18,0,0,0,5,0,0,0,0,0,0,0,16,0,0,0,0,0,0,0,0,0,2,-2.2222222222222223,0.9999966731429484,0.0
67,23,1s2.2s2.2p6.3s2.3p6.3d5,3d,3,2,5,2.5,d,0,45,17.516342790782076,4,0,0,18,0,0,0,4,0,0,0,0,0,0,0,16,0,0,0,0,0,0,0,0,0,2,2.2222222222222223,0.9999966731429484,0.0
67,22,1s2.2s2.2p6.3s2.3p6.3d4,3d,3,2,4,1.5,d,0,46,16.81369270190474,3,0,0,18,0,0,0,3,0,0,0,0,0,0,0,16,0,0,0,0,0,0,0,0,0,2,1.6666666666666667,0.9999966731429484,0.0
67,21,1s2.2s2.2p6.3s2.3p6.3d3,3d,3,2,3,1.5,d,0,47,16.06581898178117,2,0,0,18,0,0,0,2,0,0,0,0,0,0,0,16,0,0,0,0,0,0,0,0,0,2,1.1111111111111112,0.9999966731429484,0.0
67,20,1s2.2s2.2p6.3s2.3p6.3d2,3d,3,2,2,1.5,d,0,48,15.318236242385085,1,0,0,18,0,0,0,1,0,0,0,0,0,0,0,16,0,0,0,0,0,0,0,0,0,2,0.5555555555555556,0.9999966731429484,0.0
67,19,1s2.2s2.2p6.3s2.3p6.3d1,3d,3,2,1,1.5,d,0,49,14.615753461451872,0,0,0,18,0,0,0,0,0,0,0,0,0,0,0,16,0,0,0,0,0,0,0,0,0,2,0.0,0.9999966731429484,0.0
67,18,1s2.2s2.2p6.3s2.3p6,3p,3,1,6,1.5,p3,0,50,12.667818264554036,5,10,2,0,0,0,5,0,0,2,8,0,0,2,0,0,0,0,0,0,0,0,0,0,0,0,0.0,0.9999966731429484,0.0
67,17,1s2.2s2.2p6.3s2.3p5,3p,3,1,5,1.5,p3,0,51,12.08347223011717,4,10,2,0,0,0,4,0,0,2,8,0,0,2,0,0,0,0,0,0,0,0,0,0,0,0,-0.6000000000000001,0.9999966731429484,0.0
67,16,1s2.2s2.2p6.3s2.3p4,3p,3,1,4,1.5,p3,0,52,11.49928244974415,3,10,2,0,0,0,3,0,0,2,8,0,0,2,0,0,0,0,0,0,0,0,0,0,0,0,-1.2,0.9999966731429484,0.0
67,15,1s2.2s2.2p6.3s2.3p3,3p,3,1,3,1.5,p3,0,53,10.730818199117742,2,10,2,0,0,0,2,0,0,2,8,0,0,2,0,0,0,0,0,0,0,0,0,0,0,0,1.2,0.9999966731429484,0.0
67,14,1s2.2s2.2p6.3s2.3p2,3p,3,1,2,0.5,p1,0,54,10.145247180423096,1,10,2,0,0,0,1,0,0,2,8,0,0,2,0,0,0,0,0,0,0,0,0,0,0,0,0.6,0.9999966731429484,0.0
67,13,1s2.2s2.2p6.3s2.3p1,3p,3,1,1,0.5,p1,0,55,9.559774441642945,0,10,2,0,0,0,0,0,0,2,8,0,0,2,0,0,0,0,0,0,0,0,0,0,0,0,0.0,0.9999966731429484,0.0
67,12,1s2.2s2.2p6.3s2,3s,3,0,2,0.5,s,0,56,8.35113401342552,1,8,2,0,0,1,0,0,0,0,8,0,0,2,0,0,0,0,0,0,0,0,0,0,0,0,0.0,0.9999966731429484,0.0
67,11,1s2.2s2.2p6.3s1,3s,3,0,1,0.5,s,0,57,7.7856408855844075,0,8,2,0,0,0,0,0,0,0,8,0,0,2,0,0,0,0,0,0,0,0,0,0,0,0,0.0,0.9999966731429484,0.0
67,10,1s2.2s2.2p6,2p,2,1,6,1.5,p3,0,58,6.545979557232126,5,4,0,0,0,0,5,0,0,2,2,0,0,0,0,0,0,0,0,0,0,0,0,0,0,0,0.0,0.9999966731429484,0.0
67,9,1s2.2s2.2p5,2p,2,1,5,1.5,p3,0,59,5.88972955723213,4,4,0,0,0,0,4,0,0,2,2,0,0,0,0,0,0,0,0,0,0,0,0,0,0,0,-0.6000000000000001,0.9999966731429484,0.0
67,8,1s2.2s2.2p4,2p,2,1,4,1.5,p3,0,60,5.233479557232133,3,4,0,0,0,0,3,0,0,2,2,0,0,0,0,0,0,0,0,0,0,0,0,0,0,0,-1.2,0.9999966731429484,0.0
67,7,1s2.2s2.2p3,2p,2,1,3,1.5,p3,0,61,4.378670782625834,2,4,0,0,0,0,2,0,0,2,2,0,0,0,0,0,0,0,0,0,0,0,0,0,0,0,1.2,0.9999966731429484,0.0
67,6,1s2.2s2.2p2,2p,2,1,2,0.5,p1,0,62,3.7253535771907345,1,4,0,0,0,0,1,0,0,2,2,0,0,0,0,0,0,0,0,0,0,0,0,0,0,0,0.6,0.9999966731429484,0.0
67,5,1s2.2s2.2p1,2p,2,1,1,0.5,p1,0,63,3.0730091792350134,0,4,0,0,0,0,0,0,0,2,2,0,0,0,0,0,0,0,0,0,0,0,0,0,0,0,0.0,0.9999966731429484,0.0
67,4,1s2.2s2,2s,2,0,2,0.5,s,0,64,2.145875983124917,1,2,0,0,0,1,0,0,0,0,2,0,0,0,0,0,0,0,0,0,0,0,0,0,0,0,0.0,0.9999966731429484,16.697915847979356
67,3,1s2.2s1,2s,2,0,1,0.5,s,0,65,1.5912208504801093,0,2,0,0,0,0,0,0,0,0,2,0,0,0,0,0,0,0,0,0,0,0,0,0,0,0,0.0,0.9999966731429484,16.697915847979356
67,2,1s2,1s,1,0,2,0.5,s,0,66,0.625,1,0,0,0,0,1,0,0,0,0,0,0,0,0,0,0,0,0,0,0,0,0,0,0,0,0,0.0,0.9999966731429484,103.05124173303857
67,1,1s1,1s,1,0,1,0.5,s,0,67,0.0,0,0,0,0,0,0,0,0,0,0,0,0,0,0,0,0,0,0,0,0,0,0,0,0,0,0,0.0,0.9999966731429484,103.05124173303857
68,68,1s2.2s2.2p6.3s2.3p6.3d10.4s2.4p6.4d10.4f12.5s2.5p6.6s2,6s,6,0,2,0.5,s,0,1,52.8301702339247,1,8,58,0,0,1,0,0,0,0,8,0,0,8,22,0,0,0,0,0,0,0,0,0,28,0,0.0,0.9999966931873044,0.0
68,67,1s2.2s2.2p6.3s2.3p6.3d10.4s2.4p6.4d10.4f12.5s2.5p6.6s1,6s,6,0,1,0.5,s,0,2,52.224226206215555,0,8,58,0,0,0,0,0,0,0,8,0,0,8,22,0,0,0,0,0,0,0,0,0,28,0,0.0,0.9999966931873044,0.0
68,66,1s2.2s2.2p6.3s2.3p6.3d10.4s2.4p6.4d10.4f12.5s2.5p6,4f,4,3,12,3.5,f,0,3,51.199806229116575,11,0,0,46,8,0,0,0,11,0,0,0,0,0,0,0,0,0,36,0,0,0,0,8,0,10,-1.0769230769230766,0.9999966931873044,0.0
68,65,1s2.2s2.2p6.3s2.3p6.3d10.4s2.4p6.4d10.4f11.5s2.5p6,4f,4,3,11,3.5,f,0,4,50.39831369495823,10,0,0,46,8,0,0,0,10,0,0,0,0,0,0,0,0,0,36,0,0,0,0,8,0,10,-1.615384615384615,0.9999966931873044,0.0
68,64,1s2.2s2.2p6.3s2.3p6.3d10.4s2.4p6.4d10.4f10.5s2.5p6,5p,5,1,6,1.5,p3,0,5,48.30645911399922,5,30,28,0,0,0,5,0,0,2,8,10,10,8,10,0,0,0,0,0,0,0,0,0,10,0,0.0,0.9999966931873044,0.0
68,63,1s2.2s2.2p6.3s2.3p6.3d10.4s2.4p6.4d10.4f10.5s2.5p5,5p,5,1,5,1.5,p3,0,6,47.735342436014555,4,30,28,0,0,0,4,0,0,2,8,10,10,8,10,0,0,0,0,0,0,0,0,0,10,0,-0.6000000000000001,0.9999966931873044,0.0
68,62,1s2.2s2.2p6.3s2.3p6.3d10.4s2.4p6.4d10.4f10.5s2.5p4,5p,5,1,4,1.5,p3,0,7,47.195673009137764,3,30,28,0,0,0,3,0,0,2,8,10,10,8,10,0,0,0,0,0,0,0,0,0,10,0,-1.2,0.9999966931873044,0.0
68,61,1s2.2s2.2p6.3s2.3p6.3d10.4s2.4p6.4d10.4f10.5s2.5p3,5p,5,1,3,1.5,p3,0,8,46.42894102243456,2,30,28,0,0,0,2,0,0,2,8,10,10,8,10,0,0,0,0,0,0,0,0,0,10,0,1.2,0.9999966931873044,0.0
68,60,1s2.2s2.2p6.3s2.3p6.3d10.4s2.4p6.4d10.4f10.5s2.5p2,5p,5,1,2,0.5,p1,0,9,45.86021949845498,1,30,28,0,0,0,1,0,0,2,8,10,10,8,10,0,0,0,0,0,0,0,0,0,10,0,0.6,0.9999966931873044,0.0
68,59,1s2.2s2.2p6.3s2.3p6.3d10.4s2.4p6.4d10.4f10.5s2.5p1,5p,5,1,1,0.5,p1,0,10,45.33079649118466,0,30,28,0,0,0,0,0,0,2,8,10,10,8,10,0,0,0,0,0,0,0,0,0,10,0,0.0,0.9999966931873044,0.0
68,58,1s2.2s2.2p6.3s2.3p6.3d10.4s2.4p6.4d10.4f10.5s2,4f,4,3,10,3.5,f,0,11,46.70343672207855,9,0,0,46,2,0,0,0,9,0,0,0,0,0,0,0,0,0,36,0,0,0,0,2,0,10,-2.153846153846154,0.9999966931873044,0.0
68,57,1s2.2s2.2p6.3s2.3p6.3d10.4s2.4p6.4d10.4f9.5s2,4f,4,3,9,3.5,f,0,12,45.94650249419692,8,0,0,46,2,0,0,0,8,0,0,0,0,0,0,0,0,0,36,0,0,0,0,2,0,10,-2.6923076923076925,0.9999966931873044,0.0
68,56,1s2.2s2.2p6.3s2.3p6.3d10.4s2.4p6.4d10.4f8.5s2,4f,4,3,8,3.5,f,0,13,45.20739158882634,7,0,0,46,2,0,0,0,7,0,0,0,0,0,0,0,0,0,36,0,0,0,0,2,0,10,-3.230769230769231,0.9999966931873044,0.0
68,55,1s2.2s2.2p6.3s2.3p6.3d10.4s2.4p6.4d10.4f7.5s2,5s,5,0,2,0.5,s,0,14,41.33187105586057,1,25,28,0,0,1,0,0,0,0,8,10,7,8,10,0,0,0,0,0,0,0,0,0,10,0,0.0,0.9999966931873044,0.0
68,54,1s2.2s2.2p6.3s2.3p6.3d10.4s2.4p6.4d10.4f7.5s1,5s,5,0,1,0.5,s,0,15,40.681419720534215,0,25,28,0,0,0,0,0,0,0,8,10,7,8,10,0,0,0,0,0,0,0,0,0,10,0,0.0,0.9999966931873044,0.0
68,53,1s2.2s2.2p6.3s2.3p6.3d10.4s2.4p6.4d10.4f7,4f,4,3,7,3.5,f,0,16,43.235453992296016,6,0,0,46,0,0,0,0,6,0,0,0,0,0,0,0,0,0,36,0,0,0,0,0,0,10,3.230769230769231,0.9999966931873044,0.0
68,52,1s2.2s2.2p6.3s2.3p6.3d10.4s2.4p6.4d10.4f6,4f,4,3,6,2.5,f,0,17,42.49634308692566,5,0,0,46,0,0,0,0,5,0,0,0,0,0,0,0,0,0,36,0,0,0,0,0,0,10,2.6923076923076925,0.9999966931873044,0.0
68,51,1s2.2s2.2p6.3s2.3p6.3d10.4s2.4p6.4d10.4f5,4f,4,3,5,2.5,f,0,18,41.739408859043806,4,0,0,46,0,0,0,0,4,0,0,0,0,0,0,0,0,0,36,0,0,0,0,0,0,10,2.1538461538461537,0.9999966931873044,0.0
68,50,1s2.2s2.2p6.3s2.3p6.3d10.4s2.4p6.4d10.4f4,4f,4,3,4,2.5,f,0,19,40.937916324885464,3,0,0,46,0,0,0,0,3,0,0,0,0,0,0,0,0,0,36,0,0,0,0,0,0,10,1.6153846153846154,0.9999966931873044,0.0
68,49,1s2.2s2.2p6.3s2.3p6.3d10.4s2.4p6.4d10.4f3,4f,4,3,3,2.5,f,0,20,40.136423790726894,2,0,0,46,0,0,0,0,2,0,0,0,0,0,0,0,0,0,36,0,0,0,0,0,0,10,1.0769230769230769,0.9999966931873044,0.0
68,48,1s2.2s2.2p6.3s2.3p6.3d10.4s2.4p6.4d10.4f2,4f,4,3,2,2.5,f,0,21,39.37948956284549,1,0,0,46,0,0,0,0,1,0,0,0,0,0,0,0,0,0,36,0,0,0,0,0,0,10,0.5384615384615384,0.9999966931873044,0.0
68,47,1s2.2s2.2p6.3s2.3p6.3d10.4s2.4p6.4d10.4f1,4f,4,3,1,2.5,f,0,22,38.640378657474685,0,0,0,46,0,0,0,0,0,0,0,0,0,0,0,0,0,0,36,0,0,0,0,0,0,10,0.0,0.9999966931873044,0.0
68,46,1s2.2s2.2p6.3s2.3p6.3d10.4s2.4p6.4d10,4d,4,2,10,2.5,d,0,23,35.18427854681272,9,0,0,36,0,0,0,9,0,0,0,0,0,0,0,16,10,0,0,0,0,0,0,0,0,10,0.0,0.9999966931873044,0.0
68,45,1s2.2s2.2p6.3s2.3p6.3d10.4s2.4p6.4d9,4d,4,2,9,2.5,d,0,24,34.56268954011648,8,0,0,36,0,0,0,8,0,0,0,0,0,0,0,16,10,0,0,0,0,0,0,0,0,10,-0.5555555555555554,0.9999966931873044,0.0
68,44,1s2.2s2.2p6.3s2.3p6.3d10.4s2.4p6.4d8,4d,4,2,8,2.5,d,0,25,33.90183225775024,7,0,0,36,0,0,0,7,0,0,0,0,0,0,0,16,10,0,0,0,0,0,0,0,0,10,-1.1111111111111112,0.9999966931873044,0.0
68,43,1s2.2s2.2p6.3s2.3p6.3d10.4s2.4p6.4d7,4d,4,2,7,2.5,d,0,26,33.24097497538423,6,0,0,36,0,0,0,6,0,0,0,0,0,0,0,16,10,0,0,0,0,0,0,0,0,10,-1.6666666666666665,0.9999966931873044,0.0
68,42,1s2.2s2.2p6.3s2.3p6.3d10.4s2.4p6.4d6,4d,4,2,6,2.5,d,0,27,32.619385968687766,5,0,0,36,0,0,0,5,0,0,0,0,0,0,0,16,10,0,0,0,0,0,0,0,0,10,-2.2222222222222223,0.9999966931873044,0.0
68,41,1s2.2s2.2p6.3s2.3p6.3d10.4s2.4p6.4d5,4d,4,2,5,2.5,d,0,28,31.77042966985971,4,0,0,36,0,0,0,4,0,0,0,0,0,0,0,16,10,0,0,0,0,0,0,0,0,10,2.2222222222222223,0.9999966931873044,0.0
68,40,1s2.2s2.2p6.3s2.3p6.3d10.4s2.4p6.4d4,4d,4,2,4,1.5,d,0,29,31.14884066316324,3,0,0,36,0,0,0,3,0,0,0,0,0,0,0,16,10,0,0,0,0,0,0,0,0,10,1.6666666666666667,0.9999966931873044,0.0
68,39,1s2.2s2.2p6.3s2.3p6.3d10.4s2.4p6.4d3,4d,4,2,3,1.5,d,0,30,30.487983380797118,2,0,0,36,0,0,0,2,0,0,0,0,0,0,0,16,10,0,0,0,0,0,0,0,0,10,1.1111111111111112,0.9999966931873044,0.0
68,38,1s2.2s2.2p6.3s2.3p6.3d10.4s2.4p6.4d2,4d,4,2,2,1.5,d,0,31,29.82712609843111,1,0,0,36,0,0,0,1,0,0,0,0,0,0,0,16,10,0,0,0,0,0,0,0,0,10,0.5555555555555556,0.9999966931873044,0.0
68,37,1s2.2s2.2p6.3s2.3p6.3d10.4s2.4p6.4d1,4d,4,2,1,1.5,d,0,32,29.20553709173464,0,0,0,36,0,0,0,0,0,0,0,0,0,0,0,16,10,0,0,0,0,0,0,0,0,10,0.0,0.9999966931873044,0.0
68,36,1s2.2s2.2p6.3s2.3p6.3d10.4s2.4p6,4p,4,1,6,1.5,p3,0,33,26.676544772007787,5,20,10,0,0,0,5,0,0,2,8,10,0,8,0,0,0,0,0,0,0,0,0,0,2,0,0.0,0.9999966931873044,0.0
68,35,1s2.2s2.2p6.3s2.3p6.3d10.4s2.4p5,4p,4,1,5,1.5,p3,0,34,26.117340670445287,4,20,10,0,0,0,4,0,0,2,8,10,0,8,0,0,0,0,0,0,0,0,0,0,2,0,-0.6000000000000001,0.9999966931873044,0.0
68,34,1s2.2s2.2p6.3s2.3p6.3d10.4s2.4p4,4p,4,1,4,1.5,p3,0,35,25.558136568882787,3,20,10,0,0,0,3,0,0,2,8,10,0,8,0,0,0,0,0,0,0,0,0,0,2,0,-1.2,0.9999966931873044,0.0
68,33,1s2.2s2.2p6.3s2.3p6.3d10.4s2.4p3,4p,4,1,3,1.5,p3,0,36,24.807678805211026,2,20,10,0,0,0,2,0,0,2,8,10,0,8,0,0,0,0,0,0,0,0,0,0,2,0,1.2,0.9999966931873044,0.0
68,32,1s2.2s2.2p6.3s2.3p6.3d10.4s2.4p2,4p,4,1,2,0.5,p1,0,37,24.24270156046225,1,20,10,0,0,0,1,0,0,2,8,10,0,8,0,0,0,0,0,0,0,0,0,0,2,0,0.6,0.9999966931873044,0.0
68,31,1s2.2s2.2p6.3s2.3p6.3d10.4s2.4p1,4p,4,1,1,0.5,p1,0,38,23.681451647104154,0,20,10,0,0,0,0,0,0,2,8,10,0,8,0,0,0,0,0,0,0,0,0,0,2,0,0.0,0.9999966931873044,0.0
68,30,1s2.2s2.2p6.3s2.3p6.3d10.4s2,4s,4,0,2,0.5,s,0,39,22.126593730819764,1,18,10,0,0,1,0,0,0,0,8,10,0,8,0,0,0,0,0,0,0,0,0,0,2,0,0.0,0.9999966931873044,0.0
68,29,1s2.2s2.2p6.3s2.3p6.3d10.4s1,4s,4,0,1,0.5,s,0,40,21.554071296483926,0,18,10,0,0,0,0,0,0,0,8,10,0,8,0,0,0,0,0,0,0,0,0,0,2,0,0.0,0.9999966931873044,0.0
68,28,1s2.2s2.2p6.3s2.3p6.3d10,3d,3,2,10,2.5,d,0,41,21.379455336979806,9,0,0,18,0,0,0,9,0,0,0,0,0,0,0,16,0,0,0,0,0,0,0,0,0,2,0.0,0.9999966931873044,0.0
68,27,1s2.2s2.2p6.3s2.3p6.3d9,3d,3,2,9,2.5,d,0,42,20.677223194122995,8,0,0,18,0,0,0,8,0,0,0,0,0,0,0,16,0,0,0,0,0,0,0,0,0,2,-0.5555555555555554,0.9999966931873044,0.0
68,26,1s2.2s2.2p6.3s2.3p6.3d8,3d,3,2,8,2.5,d,0,43,19.92856167011884,7,0,0,18,0,0,0,7,0,0,0,0,0,0,0,16,0,0,0,0,0,0,0,0,0,2,-1.1111111111111112,0.9999966931873044,0.0
68,25,1s2.2s2.2p6.3s2.3p6.3d7,3d,3,2,7,2.5,d,0,44,19.180019458485546,6,0,0,18,0,0,0,6,0,0,0,0,0,0,0,16,0,0,0,0,0,0,0,0,0,2,-1.6666666666666665,0.9999966931873044,0.0
68,24,1s2.2s2.2p6.3s2.3p6.3d6,3d,3,2,6,2.5,d,0,45,18.477999944610033,5,0,0,18,0,0,0,5,0,0,0,0,0,0,0,16,0,0,0,0,0,0,0,0,0,2,-2.2222222222222223,0.9999966931873044,0.0
68,23,1s2.2s2.2p6.3s2.3p6.3d5,3d,3,2,5,2.5,d,0,46,17.516342790782076,4,0,0,18,0,0,0,4,0,0,0,0,0,0,0,16,0,0,0,0,0,0,0,0,0,2,2.2222222222222223,0.9999966931873044,0.0
68,22,1s2.2s2.2p6.3s2.3p6.3d4,3d,3,2,4,1.5,d,0,47,16.81369270190474,3,0,0,18,0,0,0,3,0,0,0,0,0,0,0,16,0,0,0,0,0,0,0,0,0,2,1.6666666666666667,0.9999966931873044,0.0
68,21,1s2.2s2.2p6.3s2.3p6.3d3,3d,3,2,3,1.5,d,0,48,16.06581898178117,2,0,0,18,0,0,0,2,0,0,0,0,0,0,0,16,0,0,0,0,0,0,0,0,0,2,1.1111111111111112,0.9999966931873044,0.0
68,20,1s2.2s2.2p6.3s2.3p6.3d2,3d,3,2,2,1.5,d,0,49,15.318236242385085,1,0,0,18,0,0,0,1,0,0,0,0,0,0,0,16,0,0,0,0,0,0,0,0,0,2,0.5555555555555556,0.9999966931873044,0.0
68,19,1s2.2s2.2p6.3s2.3p6.3d1,3d,3,2,1,1.5,d,0,50,14.615753461451872,0,0,0,18,0,0,0,0,0,0,0,0,0,0,0,16,0,0,0,0,0,0,0,0,0,2,0.0,0.9999966931873044,0.0
68,18,1s2.2s2.2p6.3s2.3p6,3p,3,1,6,1.5,p3,0,51,12.667818264554036,5,10,2,0,0,0,5,0,0,2,8,0,0,2,0,0,0,0,0,0,0,0,0,0,0,0,0.0,0.9999966931873044,0.0
68,17,1s2.2s2.2p6.3s2.3p5,3p,3,1,5,1.5,p3,0,52,12.08347223011717,4,10,2,0,0,0,4,0,0,2,8,0,0,2,0,0,0,0,0,0,0,0,0,0,0,0,-0.6000000000000001,0.9999966931873044,0.0
68,16,1s2.2s2.2p6.3s2.3p4,3p,3,1,4,1.5,p3,0,53,11.49928244974415,3,10,2,0,0,0,3,0,0,2,8,0,0,2,0,0,0,0,0,0,0,0,0,0,0,0,-1.2,0.9999966931873044,0.0
68,15,1s2.2s2.2p6.3s2.3p3,3p,3,1,3,1.5,p3,0,54,10.730818199117742,2,10,2,0,0,0,2,0,0,2,8,0,0,2,0,0,0,0,0,0,0,0,0,0,0,0,1.2,0.9999966931873044,0.0
68,14,1s2.2s2.2p6.3s2.3p2,3p,3,1,2,0.5,p1,0,55,10.145247180423096,1,10,2,0,0,0,1,0,0,2,8,0,0,2,0,0,0,0,0,0,0,0,0,0,0,0,0.6,0.9999966931873044,0.0
68,13,1s2.2s2.2p6.3s2.3p1,3p,3,1,1,0.5,p1,0,56,9.559774441642945,0,10,2,0,0,0,0,0,0,2,8,0,0,2,0,0,0,0,0,0,0,0,0,0,0,0,0.0,0.9999966931873044,0.0
68,12,1s2.2s2.2p6.3s2,3s,3,0,2,0.5,s,0,57,8.35113401342552,1,8,2,0,0,1,0,0,0,0,8,0,0,2,0,0,0,0,0,0,0,0,0,0,0,0,0.0,0.9999966931873044,0.0
68,11,1s2.2s2.2p6.3s1,3s,3,0,1,0.5,s,0,58,7.7856408855844075,0,8,2,0,0,0,0,0,0,0,8,0,0,2,0,0,0,0,0,0,0,0,0,0,0,0,0.0,0.9999966931873044,0.0
68,10,1s2.2s2.2p6,2p,2,1,6,1.5,p3,0,59,6.545979557232126,5,4,0,0,0,0,5,0,0,2,2,0,0,0,0,0,0,0,0,0,0,0,0,0,0,0,0.0,0.9999966931873044,0.0
68,9,1s2.2s2.2p5,2p,2,1,5,1.5,p3,0,60,5.88972955723213,4,4,0,0,0,0,4,0,0,2,2,0,0,0,0,0,0,0,0,0,0,0,0,0,0,0,-0.6000000000000001,0.9999966931873044,0.0
68,8,1s2.2s2.2p4,2p,2,1,4,1.5,p3,0,61,5.233479557232133,3,4,0,0,0,0,3,0,0,2,2,0,0,0,0,0,0,0,0,0,0,0,0,0,0,0,-1.2,0.9999966931873044,0.0
68,7,1s2.2s2.2p3,2p,2,1,3,1.5,p3,0,62,4.378670782625834,2,4,0,0,0,0,2,0,0,2,2,0,0,0,0,0,0,0,0,0,0,0,0,0,0,0,1.2,0.9999966931873044,0.0
68,6,1s2.2s2.2p2,2p,2,1,2,0.5,p1,0,63,3.7253535771907345,1,4,0,0,0,0,1,0,0,2,2,0,0,0,0,0,0,0,0,0,0,0,0,0,0,0,0.6,0.9999966931873044,0.0
68,5,1s2.2s2.2p1,2p,2,1,1,0.5,p1,0,64,3.0730091792350134,0,4,0,0,0,0,0,0,0,2,2,0,0,0,0,0,0,0,0,0,0,0,0,0,0,0,0.0,0.9999966931873044,0.0
68,4,1s2.2s2,2s,2,0,2,0.5,s,0,65,2.145875983124917,1,2,0,0,0,1,0,0,0,0,2,0,0,0,0,0,0,0,0,0,0,0,0,0,0,0,0.0,0.9999966931873044,17.791255631612547
68,3,1s2.2s1,2s,2,0,1,0.5,s,0,66,1.5912208504801093,0,2,0,0,0,0,0,0,0,0,2,0,0,0,0,0,0,0,0,0,0,0,0,0,0,0,0.0,0.9999966931873044,17.791255631612547
68,2,1s2,1s,1,0,2,0.5,s,0,67,0.625,1,0,0,0,0,1,0,0,0,0,0,0,0,0,0,0,0,0,0,0,0,0,0,0,0,0,0.0,0.9999966931873044,109.27105893171654
68,1,1s1,1s,1,0,1,0.5,s,0,68,0.0,0,0,0,0,0,0,0,0,0,0,0,0,0,0,0,0,0,0,0,0,0,0,0,0,0,0,0.0,0.9999966931873044,109.27105893171654
69,69,1s2.2s2.2p6.3s2.3p6.3d10.4s2.4p6.4d10.4f13.5s2.5p6.6s2,6s,6,0,2,0.5,s,0,1,53.61113461237677,1,8,59,0,0,1,0,0,0,0,8,0,0,8,23,0,0,0,0,0,0,0,0,0,28,0,0.0,0.9999967519812915,0.0
69,68,1s2.2s2.2p6.3s2.3p6.3d10.4s2.4p6.4d10.4f13.5s2.5p6.6s1,6s,6,0,1,0.5,s,0,2,53.010447888288475,0,8,59,0,0,0,0,0,0,0,8,0,0,8,23,0,0,0,0,0,0,0,0,0,28,0,0.0,0.9999967519812915,0.0
69,67,1s2.2s2.2p6.3s2.3p6.3d10.4s2.4p6.4d10.4f13.5s2.5p6,4f,4,3,13,3.5,f,0,3,51.956740456998205,12,0,0,46,8,0,0,0,12,0,0,0,0,0,0,0,0,0,36,0,0,0,0,8,0,10,-0.5384615384615383,0.9999967519812915,0.0
69,66,1s2.2s2.2p6.3s2.3p6.3d10.4s2.4p6.4d10.4f12.5s2.5p6,4f,4,3,12,3.5,f,0,4,51.199806229116575,11,0,0,46,8,0,0,0,11,0,0,0,0,0,0,0,0,0,36,0,0,0,0,8,0,10,-1.0769230769230766,0.9999967519812915,0.0
69,65,1s2.2s2.2p6.3s2.3p6.3d10.4s2.4p6.4d10.4f11.5s2.5p6,5p,5,1,6,1.5,p3,0,5,49.04508191911419,5,31,28,0,0,0,5,0,0,2,8,10,11,8,10,0,0,0,0,0,0,0,0,0,10,0,0.0,0.9999967519812915,0.0
69,64,1s2.2s2.2p6.3s2.3p6.3d10.4s2.4p6.4d10.4f11.5s2.5p5,5p,5,1,5,1.5,p3,0,6,48.50541249224062,4,31,28,0,0,0,4,0,0,2,8,10,11,8,10,0,0,0,0,0,0,0,0,0,10,0,-0.6000000000000001,0.9999967519812915,0.0
69,63,1s2.2s2.2p6.3s2.3p6.3d10.4s2.4p6.4d10.4f11.5s2.5p4,5p,5,1,4,1.5,p3,0,7,47.93429581425168,3,31,28,0,0,0,3,0,0,2,8,10,11,8,10,0,0,0,0,0,0,0,0,0,10,0,-1.2,0.9999967519812915,0.0
69,62,1s2.2s2.2p6.3s2.3p6.3d10.4s2.4p6.4d10.4f11.5s2.5p3,5p,5,1,3,1.5,p3,0,8,47.173707356547766,2,31,28,0,0,0,2,0,0,2,8,10,11,8,10,0,0,0,0,0,0,0,0,0,10,0,1.2,0.9999967519812915,0.0
69,61,1s2.2s2.2p6.3s2.3p6.3d10.4s2.4p6.4d10.4f11.5s2.5p2,5p,5,1,2,0.5,p1,0,9,46.64428434927639,1,31,28,0,0,0,1,0,0,2,8,10,11,8,10,0,0,0,0,0,0,0,0,0,10,0,0.6,0.9999967519812915,0.0
69,60,1s2.2s2.2p6.3s2.3p6.3d10.4s2.4p6.4d10.4f11.5s2.5p1,5p,5,1,1,0.5,p1,0,10,46.075562825296814,0,31,28,0,0,0,0,0,0,2,8,10,11,8,10,0,0,0,0,0,0,0,0,0,10,0,0.0,0.9999967519812915,0.0
69,59,1s2.2s2.2p6.3s2.3p6.3d10.4s2.4p6.4d10.4f11.5s2,4f,4,3,11,3.5,f,0,11,47.50492925623712,10,0,0,46,2,0,0,0,10,0,0,0,0,0,0,0,0,0,36,0,0,0,0,2,0,10,-1.615384615384615,0.9999967519812915,0.0
69,58,1s2.2s2.2p6.3s2.3p6.3d10.4s2.4p6.4d10.4f10.5s2,4f,4,3,10,3.5,f,0,12,46.70343672207855,9,0,0,46,2,0,0,0,9,0,0,0,0,0,0,0,0,0,36,0,0,0,0,2,0,10,-2.153846153846154,0.9999967519812915,0.0
69,57,1s2.2s2.2p6.3s2.3p6.3d10.4s2.4p6.4d10.4f9.5s2,5s,5,0,2,0.5,s,0,13,42.79542710680065,1,27,28,0,0,1,0,0,0,0,8,10,9,8,10,0,0,0,0,0,0,0,0,0,10,0,0.0,0.9999967519812915,0.0
69,56,1s2.2s2.2p6.3s2.3p6.3d10.4s2.4p6.4d10.4f9.5s1,5s,5,0,1,0.5,s,0,14,42.16060503831965,0,27,28,0,0,0,0,0,0,0,8,10,9,8,10,0,0,0,0,0,0,0,0,0,10,0,0.0,0.9999967519812915,0.0
69,55,1s2.2s2.2p6.3s2.3p6.3d10.4s2.4p6.4d10.4f9,4f,4,3,9,3.5,f,0,15,45.00482525620487,8,0,0,46,0,0,0,0,8,0,0,0,0,0,0,0,0,0,36,0,0,0,0,0,0,10,-2.6923076923076925,0.9999967519812915,0.0
69,54,1s2.2s2.2p6.3s2.3p6.3d10.4s2.4p6.4d10.4f8,4f,4,3,8,3.5,f,0,16,44.26571435083406,7,0,0,46,0,0,0,0,7,0,0,0,0,0,0,0,0,0,36,0,0,0,0,0,0,10,-3.230769230769231,0.9999967519812915,0.0
69,53,1s2.2s2.2p6.3s2.3p6.3d10.4s2.4p6.4d10.4f7,4f,4,3,7,3.5,f,0,17,43.235453992296016,6,0,0,46,0,0,0,0,6,0,0,0,0,0,0,0,0,0,36,0,0,0,0,0,0,10,3.230769230769231,0.9999967519812915,0.0
69,52,1s2.2s2.2p6.3s2.3p6.3d10.4s2.4p6.4d10.4f6,4f,4,3,6,2.5,f,0,18,42.49634308692566,5,0,0,46,0,0,0,0,5,0,0,0,0,0,0,0,0,0,36,0,0,0,0,0,0,10,2.6923076923076925,0.9999967519812915,0.0
69,51,1s2.2s2.2p6.3s2.3p6.3d10.4s2.4p6.4d10.4f5,4f,4,3,5,2.5,f,0,19,41.739408859043806,4,0,0,46,0,0,0,0,4,0,0,0,0,0,0,0,0,0,36,0,0,0,0,0,0,10,2.1538461538461537,0.9999967519812915,0.0
69,50,1s2.2s2.2p6.3s2.3p6.3d10.4s2.4p6.4d10.4f4,4f,4,3,4,2.5,f,0,20,40.937916324885464,3,0,0,46,0,0,0,0,3,0,0,0,0,0,0,0,0,0,36,0,0,0,0,0,0,10,1.6153846153846154,0.9999967519812915,0.0
69,49,1s2.2s2.2p6.3s2.3p6.3d10.4s2.4p6.4d10.4f3,4f,4,3,3,2.5,f,0,21,40.136423790726894,2,0,0,46,0,0,0,0,2,0,0,0,0,0,0,0,0,0,36,0,0,0,0,0,0,10,1.0769230769230769,0.9999967519812915,0.0
69,48,1s2.2s2.2p6.3s2.3p6.3d10.4s2.4p6.4d10.4f2,4f,4,3,2,2.5,f,0,22,39.37948956284549,1,0,0,46,0,0,0,0,1,0,0,0,0,0,0,0,0,0,36,0,0,0,0,0,0,10,0.5384615384615384,0.9999967519812915,0.0
69,47,1s2.2s2.2p6.3s2.3p6.3d10.4s2.4p6.4d10.4f1,4f,4,3,1,2.5,f,0,23,38.640378657474685,0,0,0,46,0,0,0,0,0,0,0,0,0,0,0,0,0,0,36,0,0,0,0,0,0,10,0.0,0.9999967519812915,0.0
69,46,1s2.2s2.2p6.3s2.3p6.3d10.4s2.4p6.4d10,4d,4,2,10,2.5,d,0,24,35.18427854681272,9,0,0,36,0,0,0,9,0,0,0,0,0,0,0,16,10,0,0,0,0,0,0,0,0,10,0.0,0.9999967519812915,0.0
69,45,1s2.2s2.2p6.3s2.3p6.3d10.4s2.4p6.4d9,4d,4,2,9,2.5,d,0,25,34.56268954011648,8,0,0,36,0,0,0,8,0,0,0,0,0,0,0,16,10,0,0,0,0,0,0,0,0,10,-0.5555555555555554,0.9999967519812915,0.0
69,44,1s2.2s2.2p6.3s2.3p6.3d10.4s2.4p6.4d8,4d,4,2,8,2.5,d,0,26,33.90183225775024,7,0,0,36,0,0,0,7,0,0,0,0,0,0,0,16,10,0,0,0,0,0,0,0,0,10,-1.1111111111111112,0.9999967519812915,0.0
69,43,1s2.2s2.2p6.3s2.3p6.3d10.4s2.4p6.4d7,4d,4,2,7,2.5,d,0,27,33.24097497538423,6,0,0,36,0,0,0,6,0,0,0,0,0,0,0,16,10,0,0,0,0,0,0,0,0,10,-1.6666666666666665,0.9999967519812915,0.0
69,42,1s2.2s2.2p6.3s2.3p6.3d10.4s2.4p6.4d6,4d,4,2,6,2.5,d,0,28,32.619385968687766,5,0,0,36,0,0,0,5,0,0,0,0,0,0,0,16,10,0,0,0,0,0,0,0,0,10,-2.2222222222222223,0.9999967519812915,0.0
69,41,1s2.2s2.2p6.3s2.3p6.3d10.4s2.4p6.4d5,4d,4,2,5,2.5,d,0,29,31.77042966985971,4,0,0,36,0,0,0,4,0,0,0,0,0,0,0,16,10,0,0,0,0,0,0,0,0,10,2.2222222222222223,0.9999967519812915,0.0
69,40,1s2.2s2.2p6.3s2.3p6.3d10.4s2.4p6.4d4,4d,4,2,4,1.5,d,0,30,31.14884066316324,3,0,0,36,0,0,0,3,0,0,0,0,0,0,0,16,10,0,0,0,0,0,0,0,0,10,1.6666666666666667,0.9999967519812915,0.0
69,39,1s2.2s2.2p6.3s2.3p6.3d10.4s2.4p6.4d3,4d,4,2,3,1.5,d,0,31,30.487983380797118,2,0,0,36,0,0,0,2,0,0,0,0,0,0,0,16,10,0,0,0,0,0,0,0,0,10,1.1111111111111112,0.9999967519812915,0.0
69,38,1s2.2s2.2p6.3s2.3p6.3d10.4s2.4p6.4d2,4d,4,2,2,1.5,d,0,32,29.82712609843111,1,0,0,36,0,0,0,1,0,0,0,0,0,0,0,16,10,0,0,0,0,0,0,0,0,10,0.5555555555555556,0.9999967519812915,0.0
69,37,1s2.2s2.2p6.3s2.3p6.3d10.4s2.4p6.4d1,4d,4,2,1,1.5,d,0,33,29.20553709173464,0,0,0,36,0,0,0,0,0,0,0,0,0,0,0,16,10,0,0,0,0,0,0,0,0,10,0.0,0.9999967519812915,0.0
69,36,1s2.2s2.2p6.3s2.3p6.3d10.4s2.4p6,4p,4,1,6,1.5,p3,0,34,26.676544772007787,5,20,10,0,0,0,5,0,0,2,8,10,0,8,0,0,0,0,0,0,0,0,0,0,2,0,0.0,0.9999967519812915,0.0
69,35,1s2.2s2.2p6.3s2.3p6.3d10.4s2.4p5,4p,4,1,5,1.5,p3,0,35,26.117340670445287,4,20,10,0,0,0,4,0,0,2,8,10,0,8,0,0,0,0,0,0,0,0,0,0,2,0,-0.6000000000000001,0.9999967519812915,0.0
69,34,1s2.2s2.2p6.3s2.3p6.3d10.4s2.4p4,4p,4,1,4,1.5,p3,0,36,25.558136568882787,3,20,10,0,0,0,3,0,0,2,8,10,0,8,0,0,0,0,0,0,0,0,0,0,2,0,-1.2,0.9999967519812915,0.0
69,33,1s2.2s2.2p6.3s2.3p6.3d10.4s2.4p3,4p,4,1,3,1.5,p3,0,37,24.807678805211026,2,20,10,0,0,0,2,0,0,2,8,10,0,8,0,0,0,0,0,0,0,0,0,0,2,0,1.2,0.9999967519812915,0.0
69,32,1s2.2s2.2p6.3s2.3p6.3d10.4s2.4p2,4p,4,1,2,0.5,p1,0,38,24.24270156046225,1,20,10,0,0,0,1,0,0,2,8,10,0,8,0,0,0,0,0,0,0,0,0,0,2,0,0.6,0.9999967519812915,0.0
69,31,1s2.2s2.2p6.3s2.3p6.3d10.4s2.4p1,4p,4,1,1,0.5,p1,0,39,23.681451647104154,0,20,10,0,0,0,0,0,0,2,8,10,0,8,0,0,0,0,0,0,0,0,0,0,2,0,0.0,0.9999967519812915,0.0
69,30,1s2.2s2.2p6.3s2.3p6.3d10.4s2,4s,4,0,2,0.5,s,0,40,22.126593730819764,1,18,10,0,0,1,0,0,0,0,8,10,0,8,0,0,0,0,0,0,0,0,0,0,2,0,0.0,0.9999967519812915,0.0
69,29,1s2.2s2.2p6.3s2.3p6.3d10.4s1,4s,4,0,1,0.5,s,0,41,21.554071296483926,0,18,10,0,0,0,0,0,0,0,8,10,0,8,0,0,0,0,0,0,0,0,0,0,2,0,0.0,0.9999967519812915,0.0
69,28,1s2.2s2.2p6.3s2.3p6.3d10,3d,3,2,10,2.5,d,0,42,21.379455336979806,9,0,0,18,0,0,0,9,0,0,0,0,0,0,0,16,0,0,0,0,0,0,0,0,0,2,0.0,0.9999967519812915,0.0
69,27,1s2.2s2.2p6.3s2.3p6.3d9,3d,3,2,9,2.5,d,0,43,20.677223194122995,8,0,0,18,0,0,0,8,0,0,0,0,0,0,0,16,0,0,0,0,0,0,0,0,0,2,-0.5555555555555554,0.9999967519812915,0.0
69,26,1s2.2s2.2p6.3s2.3p6.3d8,3d,3,2,8,2.5,d,0,44,19.92856167011884,7,0,0,18,0,0,0,7,0,0,0,0,0,0,0,16,0,0,0,0,0,0,0,0,0,2,-1.1111111111111112,0.9999967519812915,0.0
69,25,1s2.2s2.2p6.3s2.3p6.3d7,3d,3,2,7,2.5,d,0,45,19.180019458485546,6,0,0,18,0,0,0,6,0,0,0,0,0,0,0,16,0,0,0,0,0,0,0,0,0,2,-1.6666666666666665,0.9999967519812915,0.0
69,24,1s2.2s2.2p6.3s2.3p6.3d6,3d,3,2,6,2.5,d,0,46,18.477999944610033,5,0,0,18,0,0,0,5,0,0,0,0,0,0,0,16,0,0,0,0,0,0,0,0,0,2,-2.2222222222222223,0.9999967519812915,0.0
69,23,1s2.2s2.2p6.3s2.3p6.3d5,3d,3,2,5,2.5,d,0,47,17.516342790782076,4,0,0,18,0,0,0,4,0,0,0,0,0,0,0,16,0,0,0,0,0,0,0,0,0,2,2.2222222222222223,0.9999967519812915,0.0
69,22,1s2.2s2.2p6.3s2.3p6.3d4,3d,3,2,4,1.5,d,0,48,16.81369270190474,3,0,0,18,0,0,0,3,0,0,0,0,0,0,0,16,0,0,0,0,0,0,0,0,0,2,1.6666666666666667,0.9999967519812915,0.0
69,21,1s2.2s2.2p6.3s2.3p6.3d3,3d,3,2,3,1.5,d,0,49,16.06581898178117,2,0,0,18,0,0,0,2,0,0,0,0,0,0,0,16,0,0,0,0,0,0,0,0,0,2,1.1111111111111112,0.9999967519812915,0.0
69,20,1s2.2s2.2p6.3s2.3p6.3d2,3d,3,2,2,1.5,d,0,50,15.318236242385085,1,0,0,18,0,0,0,1,0,0,0,0,0,0,0,16,0,0,0,0,0,0,0,0,0,2,0.5555555555555556,0.9999967519812915,0.0
69,19,1s2.2s2.2p6.3s2.3p6.3d1,3d,3,2,1,1.5,d,0,51,14.615753461451872,0,0,0,18,0,0,0,0,0,0,0,0,0,0,0,16,0,0,0,0,0,0,0,0,0,2,0.0,0.9999967519812915,0.0
69,18,1s2.2s2.2p6.3s2.3p6,3p,3,1,6,1.5,p3,0,52,12.667818264554036,5,10,2,0,0,0,5,0,0,2,8,0,0,2,0,0,0,0,0,0,0,0,0,0,0,0,0.0,0.9999967519812915,0.0
69,17,1s2.2s2.2p6.3s2.3p5,3p,3,1,5,1.5,p3,0,53,12.08347223011717,4,10,2,0,0,0,4,0,0,2,8,0,0,2,0,0,0,0,0,0,0,0,0,0,0,0,-0.6000000000000001,0.9999967519812915,0.0
69,16,1s2.2s2.2p6.3s2.3p4,3p,3,1,4,1.5,p3,0,54,11.49928244974415,3,10,2,0,0,0,3,0,0,2,8,0,0,2,0,0,0,0,0,0,0,0,0,0,0,0,-1.2,0.9999967519812915,0.0
69,15,1s2.2s2.2p6.3s2.3p3,3p,3,1,3,1.5,p3,0,55,10.730818199117742,2,10,2,0,0,0,2,0,0,2,8,0,0,2,0,0,0,0,0,0,0,0,0,0,0,0,1.2,0.9999967519812915,0.0
69,14,1s2.2s2.2p6.3s2.3p2,3p,3,1,2,0.5,p1,0,56,10.145247180423096,1,10,2,0,0,0,1,0,0,2,8,0,0,2,0,0,0,0,0,0,0,0,0,0,0,0,0.6,0.9999967519812915,0.0
69,13,1s2.2s2.2p6.3s2.3p1,3p,3,1,1,0.5,p1,0,57,9.559774441642945,0,10,2,0,0,0,0,0,0,2,8,0,0,2,0,0,0,0,0,0,0,0,0,0,0,0,0.0,0.9999967519812915,0.0
69,12,1s2.2s2.2p6.3s2,3s,3,0,2,0.5,s,0,58,8.35113401342552,1,8,2,0,0,1,0,0,0,0,8,0,0,2,0,0,0,0,0,0,0,0,0,0,0,0,0.0,0.9999967519812915,0.0
69,11,1s2.2s2.2p6.3s1,3s,3,0,1,0.5,s,0,59,7.7856408855844075,0,8,2,0,0,0,0,0,0,0,8,0,0,2,0,0,0,0,0,0,0,0,0,0,0,0,0.0,0.9999967519812915,0.0
69,10,1s2.2s2.2p6,2p,2,1,6,1.5,p3,0,60,6.545979557232126,5,4,0,0,0,0,5,0,0,2,2,0,0,0,0,0,0,0,0,0,0,0,0,0,0,0,0.0,0.9999967519812915,0.0
69,9,1s2.2s2.2p5,2p,2,1,5,1.5,p3,0,61,5.88972955723213,4,4,0,0,0,0,4,0,0,2,2,0,0,0,0,0,0,0,0,0,0,0,0,0,0,0,-0.6000000000000001,0.9999967519812915,0.0
69,8,1s2.2s2.2p4,2p,2,1,4,1.5,p3,0,62,5.233479557232133,3,4,0,0,0,0,3,0,0,2,2,0,0,0,0,0,0,0,0,0,0,0,0,0,0,0,-1.2,0.9999967519812915,0.0
69,7,1s2.2s2.2p3,2p,2,1,3,1.5,p3,0,63,4.378670782625834,2,4,0,0,0,0,2,0,0,2,2,0,0,0,0,0,0,0,0,0,0,0,0,0,0,0,1.2,0.9999967519812915,0.0
69,6,1s2.2s2.2p2,2p,2,1,2,0.5,p1,0,64,3.7253535771907345,1,4,0,0,0,0,1,0,0,2,2,0,0,0,0,0,0,0,0,0,0,0,0,0,0,0,0.6,0.9999967519812915,0.0
69,5,1s2.2s2.2p1,2p,2,1,1,0.5,p1,0,65,3.0730091792350134,0,4,0,0,0,0,0,0,0,2,2,0,0,0,0,0,0,0,0,0,0,0,0,0,0,0,0.0,0.9999967519812915,0.0
69,4,1s2.2s2,2s,2,0,2,0.5,s,0,66,2.145875983124917,1,2,0,0,0,1,0,0,0,0,2,0,0,0,0,0,0,0,0,0,0,0,0,0,0,0,0.0,0.9999967519812915,18.88817281080393
69,3,1s2.2s1,2s,2,0,1,0.5,s,0,67,1.5912208504801093,0,2,0,0,0,0,0,0,0,0,2,0,0,0,0,0,0,0,0,0,0,0,0,0,0,0,0.0,0.9999967519812915,18.88817281080393
69,2,1s2,1s,1,0,2,0.5,s,0,68,0.625,1,0,0,0,0,1,0,0,0,0,0,0,0,0,0,0,0,0,0,0,0,0,0,0,0,0,0.0,0.9999967519812915,115.42627108334374
69,1,1s1,1s,1,0,1,0.5,s,0,69,0.0,0,0,0,0,0,0,0,0,0,0,0,0,0,0,0,0,0,0,0,0,0,0,0,0,0,0,0.0,0.9999967519812915,115.42627108334374
70,70,1s2.2s2.2p6.3s2.3p6.3d10.4s2.4p6.4d10.4f14.5s2.5p6.6s2,6s,6,0,2,0.5,s,0,1,54.39209899082884,1,8,60,0,0,1,0,0,0,0,8,0,0,8,24,0,0,0,0,0,0,0,0,0,28,0,0.0,0.99999684544577,0.0
70,69,1s2.2s2.2p6.3s2.3p6.3d10.4s2.4p6.4d10.4f14.5s2.5p6.6s1,6s,6,0,1,0.5,s,0,2,53.79666957036088,0,8,60,0,0,0,0,0,0,0,8,0,0,8,24,0,0,0,0,0,0,0,0,0,28,0,0.0,0.99999684544577,0.0
70,68,1s2.2s2.2p6.3s2.3p6.3d10.4s2.4p6.4d10.4f14.5s2.5p6,4f,4,3,14,3.5,f,0,3,52.69585136236901,13,0,0,46,8,0,0,0,13,0,0,0,0,0,0,0,0,0,36,0,0,0,0,8,0,10,0.0,0.99999684544577,0.0
70,67,1s2.2s2.2p6.3s2.3p6.3d10.4s2.4p6.4d10.4f13.5s2.5p6,4f,4,3,13,3.5,f,0,4,51.956740456998205,12,0,0,46,8,0,0,0,12,0,0,0,0,0,0,0,0,0,36,0,0,0,0,8,0,10,-0.5384615384615383,0.99999684544577,0.0
70,66,1s2.2s2.2p6.3s2.3p6.3d10.4s2.4p6.4d10.4f12.5s2.5p6,5p,5,1,6,1.5,p3,0,5,49.7852718640206,5,32,28,0,0,0,5,0,0,2,8,10,12,8,10,0,0,0,0,0,0,0,0,0,10,0,0.0,0.99999684544577,0.0
70,65,1s2.2s2.2p6.3s2.3p6.3d10.4s2.4p6.4d10.4f12.5s2.5p5,5p,5,1,5,1.5,p3,0,6,49.270241339948115,4,32,28,0,0,0,4,0,0,2,8,10,12,8,10,0,0,0,0,0,0,0,0,0,10,0,-0.6000000000000001,0.99999684544577,0.0
70,64,1s2.2s2.2p6.3s2.3p6.3d10.4s2.4p6.4d10.4f12.5s2.5p4,5p,5,1,4,1.5,p3,0,7,48.67659268809378,3,32,28,0,0,0,3,0,0,2,8,10,12,8,10,0,0,0,0,0,0,0,0,0,10,0,-1.2,0.99999684544577,0.0
70,63,1s2.2s2.2p6.3s2.3p6.3d10.4s2.4p6.4d10.4f12.5s2.5p3,5p,5,1,3,1.5,p3,0,8,47.921748567052404,2,32,28,0,0,0,2,0,0,2,8,10,12,8,10,0,0,0,0,0,0,0,0,0,10,0,1.2,0.99999684544577,0.0
70,62,1s2.2s2.2p6.3s2.3p6.3d10.4s2.4p6.4d10.4f12.5s2.5p2,5p,5,1,2,0.5,p1,0,9,47.421799447312864,1,32,28,0,0,0,1,0,0,2,8,10,12,8,10,0,0,0,0,0,0,0,0,0,10,0,0.6,0.99999684544577,0.0
70,61,1s2.2s2.2p6.3s2.3p6.3d10.4s2.4p6.4d10.4f12.5s2.5p1,5p,5,1,1,0.5,p1,0,10,46.82360403580144,0,32,28,0,0,0,0,0,0,2,8,10,12,8,10,0,0,0,0,0,0,0,0,0,10,0,0.0,0.99999684544577,0.0
70,60,1s2.2s2.2p6.3s2.3p6.3d10.4s2.4p6.4d10.4f12.5s2,4f,4,3,12,3.5,f,0,11,48.30642179039546,11,0,0,46,2,0,0,0,11,0,0,0,0,0,0,0,0,0,36,0,0,0,0,2,0,10,-1.0769230769230766,0.99999684544577,0.0
70,59,1s2.2s2.2p6.3s2.3p6.3d10.4s2.4p6.4d10.4f11.5s2,4f,4,3,11,3.5,f,0,12,47.50492925623712,10,0,0,46,2,0,0,0,10,0,0,0,0,0,0,0,0,0,36,0,0,0,0,2,0,10,-1.615384615384615,0.99999684544577,0.0
70,58,1s2.2s2.2p6.3s2.3p6.3d10.4s2.4p6.4d10.4f10.5s2,5s,5,0,2,0.5,s,0,13,43.52720513227087,1,28,28,0,0,1,0,0,0,0,8,10,10,8,10,0,0,0,0,0,0,0,0,0,10,0,0.0,0.99999684544577,0.0
70,57,1s2.2s2.2p6.3s2.3p6.3d10.4s2.4p6.4d10.4f10.5s1,5s,5,0,1,0.5,s,0,14,42.90019769721237,0,28,28,0,0,0,0,0,0,0,8,10,10,8,10,0,0,0,0,0,0,0,0,0,10,0,0.0,0.99999684544577,0.0
70,56,1s2.2s2.2p6.3s2.3p6.3d10.4s2.4p6.4d10.4f10,4f,4,3,10,3.5,f,0,15,45.76175948408627,9,0,0,46,0,0,0,0,9,0,0,0,0,0,0,0,0,0,36,0,0,0,0,0,0,10,-2.153846153846154,0.99999684544577,0.0
70,55,1s2.2s2.2p6.3s2.3p6.3d10.4s2.4p6.4d10.4f9,4f,4,3,9,3.5,f,0,16,45.00482525620487,8,0,0,46,0,0,0,0,8,0,0,0,0,0,0,0,0,0,36,0,0,0,0,0,0,10,-2.6923076923076925,0.99999684544577,0.0
70,54,1s2.2s2.2p6.3s2.3p6.3d10.4s2.4p6.4d10.4f8,4f,4,3,8,3.5,f,0,17,44.26571435083406,7,0,0,46,0,0,0,0,7,0,0,0,0,0,0,0,0,0,36,0,0,0,0,0,0,10,-3.230769230769231,0.99999684544577,0.0
70,53,1s2.2s2.2p6.3s2.3p6.3d10.4s2.4p6.4d10.4f7,4f,4,3,7,3.5,f,0,18,43.235453992296016,6,0,0,46,0,0,0,0,6,0,0,0,0,0,0,0,0,0,36,0,0,0,0,0,0,10,3.230769230769231,0.99999684544577,0.0
70,52,1s2.2s2.2p6.3s2.3p6.3d10.4s2.4p6.4d10.4f6,4f,4,3,6,2.5,f,0,19,42.49634308692566,5,0,0,46,0,0,0,0,5,0,0,0,0,0,0,0,0,0,36,0,0,0,0,0,0,10,2.6923076923076925,0.99999684544577,0.0
70,51,1s2.2s2.2p6.3s2.3p6.3d10.4s2.4p6.4d10.4f5,4f,4,3,5,2.5,f,0,20,41.739408859043806,4,0,0,46,0,0,0,0,4,0,0,0,0,0,0,0,0,0,36,0,0,0,0,0,0,10,2.1538461538461537,0.99999684544577,0.0
70,50,1s2.2s2.2p6.3s2.3p6.3d10.4s2.4p6.4d10.4f4,4f,4,3,4,2.5,f,0,21,40.937916324885464,3,0,0,46,0,0,0,0,3,0,0,0,0,0,0,0,0,0,36,0,0,0,0,0,0,10,1.6153846153846154,0.99999684544577,0.0
70,49,1s2.2s2.2p6.3s2.3p6.3d10.4s2.4p6.4d10.4f3,4f,4,3,3,2.5,f,0,22,40.136423790726894,2,0,0,46,0,0,0,0,2,0,0,0,0,0,0,0,0,0,36,0,0,0,0,0,0,10,1.0769230769230769,0.99999684544577,0.0
70,48,1s2.2s2.2p6.3s2.3p6.3d10.4s2.4p6.4d10.4f2,4f,4,3,2,2.5,f,0,23,39.37948956284549,1,0,0,46,0,0,0,0,1,0,0,0,0,0,0,0,0,0,36,0,0,0,0,0,0,10,0.5384615384615384,0.99999684544577,0.0
70,47,1s2.2s2.2p6.3s2.3p6.3d10.4s2.4p6.4d10.4f1,4f,4,3,1,2.5,f,0,24,38.640378657474685,0,0,0,46,0,0,0,0,0,0,0,0,0,0,0,0,0,0,36,0,0,0,0,0,0,10,0.0,0.99999684544577,0.0
70,46,1s2.2s2.2p6.3s2.3p6.3d10.4s2.4p6.4d10,4d,4,2,10,2.5,d,0,25,35.18427854681272,9,0,0,36,0,0,0,9,0,0,0,0,0,0,0,16,10,0,0,0,0,0,0,0,0,10,0.0,0.99999684544577,0.0
70,45,1s2.2s2.2p6.3s2.3p6.3d10.4s2.4p6.4d9,4d,4,2,9,2.5,d,0,26,34.56268954011648,8,0,0,36,0,0,0,8,0,0,0,0,0,0,0,16,10,0,0,0,0,0,0,0,0,10,-0.5555555555555554,0.99999684544577,0.0
70,44,1s2.2s2.2p6.3s2.3p6.3d10.4s2.4p6.4d8,4d,4,2,8,2.5,d,0,27,33.90183225775024,7,0,0,36,0,0,0,7,0,0,0,0,0,0,0,16,10,0,0,0,0,0,0,0,0,10,-1.1111111111111112,0.99999684544577,0.0
70,43,1s2.2s2.2p6.3s2.3p6.3d10.4s2.4p6.4d7,4d,4,2,7,2.5,d,0,28,33.24097497538423,6,0,0,36,0,0,0,6,0,0,0,0,0,0,0,16,10,0,0,0,0,0,0,0,0,10,-1.6666666666666665,0.99999684544577,0.0
70,42,1s2.2s2.2p6.3s2.3p6.3d10.4s2.4p6.4d6,4d,4,2,6,2.5,d,0,29,32.619385968687766,5,0,0,36,0,0,0,5,0,0,0,0,0,0,0,16,10,0,0,0,0,0,0,0,0,10,-2.2222222222222223,0.99999684544577,0.0
70,41,1s2.2s2.2p6.3s2.3p6.3d10.4s2.4p6.4d5,4d,4,2,5,2.5,d,0,30,31.77042966985971,4,0,0,36,0,0,0,4,0,0,0,0,0,0,0,16,10,0,0,0,0,0,0,0,0,10,2.2222222222222223,0.99999684544577,0.0
70,40,1s2.2s2.2p6.3s2.3p6.3d10.4s2.4p6.4d4,4d,4,2,4,1.5,d,0,31,31.14884066316324,3,0,0,36,0,0,0,3,0,0,0,0,0,0,0,16,10,0,0,0,0,0,0,0,0,10,1.6666666666666667,0.99999684544577,0.0
70,39,1s2.2s2.2p6.3s2.3p6.3d10.4s2.4p6.4d3,4d,4,2,3,1.5,d,0,32,30.487983380797118,2,0,0,36,0,0,0,2,0,0,0,0,0,0,0,16,10,0,0,0,0,0,0,0,0,10,1.1111111111111112,0.99999684544577,0.0
70,38,1s2.2s2.2p6.3s2.3p6.3d10.4s2.4p6.4d2,4d,4,2,2,1.5,d,0,33,29.82712609843111,1,0,0,36,0,0,0,1,0,0,0,0,0,0,0,16,10,0,0,0,0,0,0,0,0,10,0.5555555555555556,0.99999684544577,0.0
70,37,1s2.2s2.2p6.3s2.3p6.3d10.4s2.4p6.4d1,4d,4,2,1,1.5,d,0,34,29.20553709173464,0,0,0,36,0,0,0,0,0,0,0,0,0,0,0,16,10,0,0,0,0,0,0,0,0,10,0.0,0.99999684544577,0.0
70,36,1s2.2s2.2p6.3s2.3p6.3d10.4s2.4p6,4p,4,1,6,1.5,p3,0,35,26.676544772007787,5,20,10,0,0,0,5,0,0,2,8,10,0,8,0,0,0,0,0,0,0,0,0,0,2,0,0.0,0.99999684544577,0.0
70,35,1s2.2s2.2p6.3s2.3p6.3d10.4s2.4p5,4p,4,1,5,1.5,p3,0,36,26.117340670445287,4,20,10,0,0,0,4,0,0,2,8,10,0,8,0,0,0,0,0,0,0,0,0,0,2,0,-0.6000000000000001,0.99999684544577,0.0
70,34,1s2.2s2.2p6.3s2.3p6.3d10.4s2.4p4,4p,4,1,4,1.5,p3,0,37,25.558136568882787,3,20,10,0,0,0,3,0,0,2,8,10,0,8,0,0,0,0,0,0,0,0,0,0,2,0,-1.2,0.99999684544577,0.0
70,33,1s2.2s2.2p6.3s2.3p6.3d10.4s2.4p3,4p,4,1,3,1.5,p3,0,38,24.807678805211026,2,20,10,0,0,0,2,0,0,2,8,10,0,8,0,0,0,0,0,0,0,0,0,0,2,0,1.2,0.99999684544577,0.0
70,32,1s2.2s2.2p6.3s2.3p6.3d10.4s2.4p2,4p,4,1,2,0.5,p1,0,39,24.24270156046225,1,20,10,0,0,0,1,0,0,2,8,10,0,8,0,0,0,0,0,0,0,0,0,0,2,0,0.6,0.99999684544577,0.0
70,31,1s2.2s2.2p6.3s2.3p6.3d10.4s2.4p1,4p,4,1,1,0.5,p1,0,40,23.681451647104154,0,20,10,0,0,0,0,0,0,2,8,10,0,8,0,0,0,0,0,0,0,0,0,0,2,0,0.0,0.99999684544577,0.0
70,30,1s2.2s2.2p6.3s2.3p6.3d10.4s2,4s,4,0,2,0.5,s,0,41,22.126593730819764,1,18,10,0,0,1,0,0,0,0,8,10,0,8,0,0,0,0,0,0,0,0,0,0,2,0,0.0,0.99999684544577,0.0
70,29,1s2.2s2.2p6.3s2.3p6.3d10.4s1,4s,4,0,1,0.5,s,0,42,21.554071296483926,0,18,10,0,0,0,0,0,0,0,8,10,0,8,0,0,0,0,0,0,0,0,0,0,2,0,0.0,0.99999684544577,0.0
70,28,1s2.2s2.2p6.3s2.3p6.3d10,3d,3,2,10,2.5,d,0,43,21.379455336979806,9,0,0,18,0,0,0,9,0,0,0,0,0,0,0,16,0,0,0,0,0,0,0,0,0,2,0.0,0.99999684544577,0.0
70,27,1s2.2s2.2p6.3s2.3p6.3d9,3d,3,2,9,2.5,d,0,44,20.677223194122995,8,0,0,18,0,0,0,8,0,0,0,0,0,0,0,16,0,0,0,0,0,0,0,0,0,2,-0.5555555555555554,0.99999684544577,0.0
70,26,1s2.2s2.2p6.3s2.3p6.3d8,3d,3,2,8,2.5,d,0,45,19.92856167011884,7,0,0,18,0,0,0,7,0,0,0,0,0,0,0,16,0,0,0,0,0,0,0,0,0,2,-1.1111111111111112,0.99999684544577,0.0
70,25,1s2.2s2.2p6.3s2.3p6.3d7,3d,3,2,7,2.5,d,0,46,19.180019458485546,6,0,0,18,0,0,0,6,0,0,0,0,0,0,0,16,0,0,0,0,0,0,0,0,0,2,-1.6666666666666665,0.99999684544577,0.0
70,24,1s2.2s2.2p6.3s2.3p6.3d6,3d,3,2,6,2.5,d,0,47,18.477999944610033,5,0,0,18,0,0,0,5,0,0,0,0,0,0,0,16,0,0,0,0,0,0,0,0,0,2,-2.2222222222222223,0.99999684544577,0.0
70,23,1s2.2s2.2p6.3s2.3p6.3d5,3d,3,2,5,2.5,d,0,48,17.516342790782076,4,0,0,18,0,0,0,4,0,0,0,0,0,0,0,16,0,0,0,0,0,0,0,0,0,2,2.2222222222222223,0.99999684544577,0.0
70,22,1s2.2s2.2p6.3s2.3p6.3d4,3d,3,2,4,1.5,d,0,49,16.81369270190474,3,0,0,18,0,0,0,3,0,0,0,0,0,0,0,16,0,0,0,0,0,0,0,0,0,2,1.6666666666666667,0.99999684544577,0.0
70,21,1s2.2s2.2p6.3s2.3p6.3d3,3d,3,2,3,1.5,d,0,50,16.06581898178117,2,0,0,18,0,0,0,2,0,0,0,0,0,0,0,16,0,0,0,0,0,0,0,0,0,2,1.1111111111111112,0.99999684544577,0.0
70,20,1s2.2s2.2p6.3s2.3p6.3d2,3d,3,2,2,1.5,d,0,51,15.318236242385085,1,0,0,18,0,0,0,1,0,0,0,0,0,0,0,16,0,0,0,0,0,0,0,0,0,2,0.5555555555555556,0.99999684544577,0.0
70,19,1s2.2s2.2p6.3s2.3p6.3d1,3d,3,2,1,1.5,d,0,52,14.615753461451872,0,0,0,18,0,0,0,0,0,0,0,0,0,0,0,16,0,0,0,0,0,0,0,0,0,2,0.0,0.99999684544577,0.0
70,18,1s2.2s2.2p6.3s2.3p6,3p,3,1,6,1.5,p3,0,53,12.667818264554036,5,10,2,0,0,0,5,0,0,2,8,0,0,2,0,0,0,0,0,0,0,0,0,0,0,0,0.0,0.99999684544577,0.0
70,17,1s2.2s2.2p6.3s2.3p5,3p,3,1,5,1.5,p3,0,54,12.08347223011717,4,10,2,0,0,0,4,0,0,2,8,0,0,2,0,0,0,0,0,0,0,0,0,0,0,0,-0.6000000000000001,0.99999684544577,0.0
70,16,1s2.2s2.2p6.3s2.3p4,3p,3,1,4,1.5,p3,0,55,11.49928244974415,3,10,2,0,0,0,3,0,0,2,8,0,0,2,0,0,0,0,0,0,0,0,0,0,0,0,-1.2,0.99999684544577,0.0
70,15,1s2.2s2.2p6.3s2.3p3,3p,3,1,3,1.5,p3,0,56,10.730818199117742,2,10,2,0,0,0,2,0,0,2,8,0,0,2,0,0,0,0,0,0,0,0,0,0,0,0,1.2,0.99999684544577,0.0
70,14,1s2.2s2.2p6.3s2.3p2,3p,3,1,2,0.5,p1,0,57,10.145247180423096,1,10,2,0,0,0,1,0,0,2,8,0,0,2,0,0,0,0,0,0,0,0,0,0,0,0,0.6,0.99999684544577,0.0
70,13,1s2.2s2.2p6.3s2.3p1,3p,3,1,1,0.5,p1,0,58,9.559774441642945,0,10,2,0,0,0,0,0,0,2,8,0,0,2,0,0,0,0,0,0,0,0,0,0,0,0,0.0,0.99999684544577,0.0
70,12,1s2.2s2.2p6.3s2,3s,3,0,2,0.5,s,0,59,8.35113401342552,1,8,2,0,0,1,0,0,0,0,8,0,0,2,0,0,0,0,0,0,0,0,0,0,0,0,0.0,0.99999684544577,0.0
70,11,1s2.2s2.2p6.3s1,3s,3,0,1,0.5,s,0,60,7.7856408855844075,0,8,2,0,0,0,0,0,0,0,8,0,0,2,0,0,0,0,0,0,0,0,0,0,0,0,0.0,0.99999684544577,0.0
70,10,1s2.2s2.2p6,2p,2,1,6,1.5,p3,0,61,6.545979557232126,5,4,0,0,0,0,5,0,0,2,2,0,0,0,0,0,0,0,0,0,0,0,0,0,0,0,0.0,0.99999684544577,0.0
70,9,1s2.2s2.2p5,2p,2,1,5,1.5,p3,0,62,5.88972955723213,4,4,0,0,0,0,4,0,0,2,2,0,0,0,0,0,0,0,0,0,0,0,0,0,0,0,-0.6000000000000001,0.99999684544577,0.0
70,8,1s2.2s2.2p4,2p,2,1,4,1.5,p3,0,63,5.233479557232133,3,4,0,0,0,0,3,0,0,2,2,0,0,0,0,0,0,0,0,0,0,0,0,0,0,0,-1.2,0.99999684544577,0.0
70,7,1s2.2s2.2p3,2p,2,1,3,1.5,p3,0,64,4.378670782625834,2,4,0,0,0,0,2,0,0,2,2,0,0,0,0,0,0,0,0,0,0,0,0,0,0,0,1.2,0.99999684544577,0.0
70,6,1s2.2s2.2p2,2p,2,1,2,0.5,p1,0,65,3.7253535771907345,1,4,0,0,0,0,1,0,0,2,2,0,0,0,0,0,0,0,0,0,0,0,0,0,0,0,0.6,0.99999684544577,0.0
70,5,1s2.2s2.2p1,2p,2,1,1,0.5,p1,0,66,3.0730091792350134,0,4,0,0,0,0,0,0,0,2,2,0,0,0,0,0,0,0,0,0,0,0,0,0,0,0,0.0,0.99999684544577,0.0
70,4,1s2.2s2,2s,2,0,2,0.5,s,0,67,2.145875983124917,1,2,0,0,0,1,0,0,0,0,2,0,0,0,0,0,0,0,0,0,0,0,0,0,0,0,0.0,0.99999684544577,20.15716755622265
70,3,1s2.2s1,2s,2,0,1,0.5,s,0,68,1.5912208504801093,0,2,0,0,0,0,0,0,0,0,2,0,0,0,0,0,0,0,0,0,0,0,0,0,0,0,0.0,0.99999684544577,20.15716755622265
70,2,1s2,1s,1,0,2,0.5,s,0,69,0.625,1,0,0,0,0,1,0,0,0,0,0,0,0,0,0,0,0,0,0,0,0,0,0,0,0,0,0.0,0.99999684544577,122.58115339536852
70,1,1s1,1s,1,0,1,0.5,s,0,70,0.0,0,0,0,0,0,0,0,0,0,0,0,0,0,0,0,0,0,0,0,0,0,0,0,0,0,0,0.0,0.99999684544577,122.58115339536852
71,71,1s2.2s2.2p6.3s2.3p6.3d10.4s2.4p6.4d10.4f14.5s2.5p6.5d1.6s2,5d,5,2,1,1.5,d,0,1,55.46278950835071,0,0,0,68,2,0,0,0,0,0,0,0,0,0,0,16,10,14,0,0,0,0,2,0,0,28,0.0,0.999996863512615,0.0
71,70,1s2.2s2.2p6.3s2.3p6.3d10.4s2.4p6.4d10.4f14.5s2.5p6.6s2,6s,6,0,2,0.5,s,0,2,54.39209899082884,1,8,60,0,0,1,0,0,0,0,8,0,0,8,24,0,0,0,0,0,0,0,0,0,28,0,0.0,0.999996863512615,0.0
71,69,1s2.2s2.2p6.3s2.3p6.3d10.4s2.4p6.4d10.4f14.5s2.5p6.6s1,6s,6,0,1,0.5,s,0,3,53.79666957036088,0,8,60,0,0,0,0,0,0,0,8,0,0,8,24,0,0,0,0,0,0,0,0,0,28,0,0.0,0.999996863512615,0.0
71,68,1s2.2s2.2p6.3s2.3p6.3d10.4s2.4p6.4d10.4f14.5s2.5p6,4f,4,3,14,3.5,f,0,4,52.69585136236901,13,0,0,46,8,0,0,0,13,0,0,0,0,0,0,0,0,0,36,0,0,0,0,8,0,10,0.0,0.999996863512615,0.0
71,67,1s2.2s2.2p6.3s2.3p6.3d10.4s2.4p6.4d10.4f13.5s2.5p6,4f,4,3,13,3.5,f,0,5,51.956740456998205,12,0,0,46,8,0,0,0,12,0,0,0,0,0,0,0,0,0,36,0,0,0,0,8,0,10,-0.5384615384615383,0.999996863512615,0.0
71,66,1s2.2s2.2p6.3s2.3p6.3d10.4s2.4p6.4d10.4f12.5s2.5p6,5p,5,1,6,1.5,p3,1,6,49.7852718640206,5,32,28,0,0,0,5,0,0,2,8,10,12,8,10,0,0,0,0,0,0,0,0,0,10,0,0.0,0.999996863512615,0.0
71,65,1s2.2s2.2p6.3s2.3p6.3d10.4s2.4p6.4d10.4f13.5s2.5p4,5p,5,1,4,1.5,p3,0,7,49.4278048391812,3,33,28,0,0,0,3,0,0,2,8,10,13,8,10,0,0,0,0,0,0,0,0,0,10,0,-1.2,0.999996863512615,0.0
71,64,1s2.2s2.2p6.3s2.3p6.3d10.4s2.4p6.4d10.4f13.5s2.5p3,5p,5,1,3,1.5,p3,0,8,48.679614406734444,2,33,28,0,0,0,2,0,0,2,8,10,13,8,10,0,0,0,0,0,0,0,0,0,10,0,1.2,0.999996863512615,0.0
71,63,1s2.2s2.2p6.3s2.3p6.3d10.4s2.4p6.4d10.4f13.5s2.5p2,4f,4,3,13,3.5,f,0,9,50.03342429306986,12,0,0,46,4,0,0,0,12,0,0,0,0,0,0,0,0,0,36,0,0,0,0,4,0,10,-0.5384615384615383,0.999996863512615,0.0
71,62,1s2.2s2.2p6.3s2.3p6.3d10.4s2.4p6.4d10.4f12.5s2.5p2,5p,5,1,2,0.5,p1,0,10,47.421799447312864,1,32,28,0,0,0,1,0,0,2,8,10,12,8,10,0,0,0,0,0,0,0,0,0,10,0,0.6,0.999996863512615,0.0
71,61,1s2.2s2.2p6.3s2.3p6.3d10.4s2.4p6.4d10.4f12.5s2.5p1,5p,5,1,1,0.5,p1,0,11,46.82360403580144,0,32,28,0,0,0,0,0,0,2,8,10,12,8,10,0,0,0,0,0,0,0,0,0,10,0,0.0,0.999996863512615,0.0
71,60,1s2.2s2.2p6.3s2.3p6.3d10.4s2.4p6.4d10.4f12.5s2,4f,4,3,12,3.5,f,0,12,48.30642179039546,11,0,0,46,2,0,0,0,11,0,0,0,0,0,0,0,0,0,36,0,0,0,0,2,0,10,-1.0769230769230766,0.999996863512615,0.0
71,59,1s2.2s2.2p6.3s2.3p6.3d10.4s2.4p6.4d10.4f11.5s2,4f,4,3,11,3.5,f,0,13,47.50492925623712,10,0,0,46,2,0,0,0,10,0,0,0,0,0,0,0,0,0,36,0,0,0,0,2,0,10,-1.615384615384615,0.999996863512615,0.0
71,58,1s2.2s2.2p6.3s2.3p6.3d10.4s2.4p6.4d10.4f10.5s2,5s,5,0,2,0.5,s,0,14,43.52720513227087,1,28,28,0,0,1,0,0,0,0,8,10,10,8,10,0,0,0,0,0,0,0,0,0,10,0,0.0,0.999996863512615,0.0
71,57,1s2.2s2.2p6.3s2.3p6.3d10.4s2.4p6.4d10.4f10.5s1,5s,5,0,1,0.5,s,0,15,42.90019769721237,0,28,28,0,0,0,0,0,0,0,8,10,10,8,10,0,0,0,0,0,0,0,0,0,10,0,0.0,0.999996863512615,0.0
71,56,1s2.2s2.2p6.3s2.3p6.3d10.4s2.4p6.4d10.4f10,4f,4,3,10,3.5,f,0,16,45.76175948408627,9,0,0,46,0,0,0,0,9,0,0,0,0,0,0,0,0,0,36,0,0,0,0,0,0,10,-2.153846153846154,0.999996863512615,0.0
71,55,1s2.2s2.2p6.3s2.3p6.3d10.4s2.4p6.4d10.4f9,4f,4,3,9,3.5,f,0,17,45.00482525620487,8,0,0,46,0,0,0,0,8,0,0,0,0,0,0,0,0,0,36,0,0,0,0,0,0,10,-2.6923076923076925,0.999996863512615,0.0
71,54,1s2.2s2.2p6.3s2.3p6.3d10.4s2.4p6.4d10.4f8,4f,4,3,8,3.5,f,0,18,44.26571435083406,7,0,0,46,0,0,0,0,7,0,0,0,0,0,0,0,0,0,36,0,0,0,0,0,0,10,-3.230769230769231,0.999996863512615,0.0
71,53,1s2.2s2.2p6.3s2.3p6.3d10.4s2.4p6.4d10.4f7,4f,4,3,7,3.5,f,0,19,43.235453992296016,6,0,0,46,0,0,0,0,6,0,0,0,0,0,0,0,0,0,36,0,0,0,0,0,0,10,3.230769230769231,0.999996863512615,0.0
71,52,1s2.2s2.2p6.3s2.3p6.3d10.4s2.4p6.4d10.4f6,4f,4,3,6,2.5,f,0,20,42.49634308692566,5,0,0,46,0,0,0,0,5,0,0,0,0,0,0,0,0,0,36,0,0,0,0,0,0,10,2.6923076923076925,0.999996863512615,0.0
71,51,1s2.2s2.2p6.3s2.3p6.3d10.4s2.4p6.4d10.4f5,4f,4,3,5,2.5,f,0,21,41.739408859043806,4,0,0,46,0,0,0,0,4,0,0,0,0,0,0,0,0,0,36,0,0,0,0,0,0,10,2.1538461538461537,0.999996863512615,0.0
71,50,1s2.2s2.2p6.3s2.3p6.3d10.4s2.4p6.4d10.4f4,4f,4,3,4,2.5,f,0,22,40.937916324885464,3,0,0,46,0,0,0,0,3,0,0,0,0,0,0,0,0,0,36,0,0,0,0,0,0,10,1.6153846153846154,0.999996863512615,0.0
71,49,1s2.2s2.2p6.3s2.3p6.3d10.4s2.4p6.4d10.4f3,4f,4,3,3,2.5,f,0,23,40.136423790726894,2,0,0,46,0,0,0,0,2,0,0,0,0,0,0,0,0,0,36,0,0,0,0,0,0,10,1.0769230769230769,0.999996863512615,0.0
71,48,1s2.2s2.2p6.3s2.3p6.3d10.4s2.4p6.4d10.4f2,4f,4,3,2,2.5,f,0,24,39.37948956284549,1,0,0,46,0,0,0,0,1,0,0,0,0,0,0,0,0,0,36,0,0,0,0,0,0,10,0.5384615384615384,0.999996863512615,0.0
71,47,1s2.2s2.2p6.3s2.3p6.3d10.4s2.4p6.4d10.4f1,4f,4,3,1,2.5,f,0,25,38.640378657474685,0,0,0,46,0,0,0,0,0,0,0,0,0,0,0,0,0,0,36,0,0,0,0,0,0,10,0.0,0.999996863512615,0.0
71,46,1s2.2s2.2p6.3s2.3p6.3d10.4s2.4p6.4d10,4d,4,2,10,2.5,d,0,26,35.18427854681272,9,0,0,36,0,0,0,9,0,0,0,0,0,0,0,16,10,0,0,0,0,0,0,0,0,10,0.0,0.999996863512615,0.0
71,45,1s2.2s2.2p6.3s2.3p6.3d10.4s2.4p6.4d9,4d,4,2,9,2.5,d,0,27,34.56268954011648,8,0,0,36,0,0,0,8,0,0,0,0,0,0,0,16,10,0,0,0,0,0,0,0,0,10,-0.5555555555555554,0.999996863512615,0.0
71,44,1s2.2s2.2p6.3s2.3p6.3d10.4s2.4p6.4d8,4d,4,2,8,2.5,d,0,28,33.90183225775024,7,0,0,36,0,0,0,7,0,0,0,0,0,0,0,16,10,0,0,0,0,0,0,0,0,10,-1.1111111111111112,0.999996863512615,0.0
71,43,1s2.2s2.2p6.3s2.3p6.3d10.4s2.4p6.4d7,4d,4,2,7,2.5,d,0,29,33.24097497538423,6,0,0,36,0,0,0,6,0,0,0,0,0,0,0,16,10,0,0,0,0,0,0,0,0,10,-1.6666666666666665,0.999996863512615,0.0
71,42,1s2.2s2.2p6.3s2.3p6.3d10.4s2.4p6.4d6,4d,4,2,6,2.5,d,0,30,32.619385968687766,5,0,0,36,0,0,0,5,0,0,0,0,0,0,0,16,10,0,0,0,0,0,0,0,0,10,-2.2222222222222223,0.999996863512615,0.0
71,41,1s2.2s2.2p6.3s2.3p6.3d10.4s2.4p6.4d5,4d,4,2,5,2.5,d,0,31,31.77042966985971,4,0,0,36,0,0,0,4,0,0,0,0,0,0,0,16,10,0,0,0,0,0,0,0,0,10,2.2222222222222223,0.999996863512615,0.0
71,40,1s2.2s2.2p6.3s2.3p6.3d10.4s2.4p6.4d4,4d,4,2,4,1.5,d,0,32,31.14884066316324,3,0,0,36,0,0,0,3,0,0,0,0,0,0,0,16,10,0,0,0,0,0,0,0,0,10,1.6666666666666667,0.999996863512615,0.0
71,39,1s2.2s2.2p6.3s2.3p6.3d10.4s2.4p6.4d3,4d,4,2,3,1.5,d,0,33,30.487983380797118,2,0,0,36,0,0,0,2,0,0,0,0,0,0,0,16,10,0,0,0,0,0,0,0,0,10,1.1111111111111112,0.999996863512615,0.0
71,38,1s2.2s2.2p6.3s2.3p6.3d10.4s2.4p6.4d2,4d,4,2,2,1.5,d,0,34,29.82712609843111,1,0,0,36,0,0,0,1,0,0,0,0,0,0,0,16,10,0,0,0,0,0,0,0,0,10,0.5555555555555556,0.999996863512615,0.0
71,37,1s2.2s2.2p6.3s2.3p6.3d10.4s2.4p6.4d1,4d,4,2,1,1.5,d,0,35,29.20553709173464,0,0,0,36,0,0,0,0,0,0,0,0,0,0,0,16,10,0,0,0,0,0,0,0,0,10,0.0,0.999996863512615,0.0
71,36,1s2.2s2.2p6.3s2.3p6.3d10.4s2.4p6,4p,4,1,6,1.5,p3,0,36,26.676544772007787,5,20,10,0,0,0,5,0,0,2,8,10,0,8,0,0,0,0,0,0,0,0,0,0,2,0,0.0,0.999996863512615,0.0
71,35,1s2.2s2.2p6.3s2.3p6.3d10.4s2.4p5,4p,4,1,5,1.5,p3,0,37,26.117340670445287,4,20,10,0,0,0,4,0,0,2,8,10,0,8,0,0,0,0,0,0,0,0,0,0,2,0,-0.6000000000000001,0.999996863512615,0.0
71,34,1s2.2s2.2p6.3s2.3p6.3d10.4s2.4p4,4p,4,1,4,1.5,p3,0,38,25.558136568882787,3,20,10,0,0,0,3,0,0,2,8,10,0,8,0,0,0,0,0,0,0,0,0,0,2,0,-1.2,0.999996863512615,0.0
71,33,1s2.2s2.2p6.3s2.3p6.3d10.4s2.4p3,4p,4,1,3,1.5,p3,0,39,24.807678805211026,2,20,10,0,0,0,2,0,0,2,8,10,0,8,0,0,0,0,0,0,0,0,0,0,2,0,1.2,0.999996863512615,0.0
71,32,1s2.2s2.2p6.3s2.3p6.3d10.4s2.4p2,4p,4,1,2,0.5,p1,0,40,24.24270156046225,1,20,10,0,0,0,1,0,0,2,8,10,0,8,0,0,0,0,0,0,0,0,0,0,2,0,0.6,0.999996863512615,0.0
71,31,1s2.2s2.2p6.3s2.3p6.3d10.4s2.4p1,4p,4,1,1,0.5,p1,0,41,23.681451647104154,0,20,10,0,0,0,0,0,0,2,8,10,0,8,0,0,0,0,0,0,0,0,0,0,2,0,0.0,0.999996863512615,0.0
71,30,1s2.2s2.2p6.3s2.3p6.3d10.4s2,4s,4,0,2,0.5,s,0,42,22.126593730819764,1,18,10,0,0,1,0,0,0,0,8,10,0,8,0,0,0,0,0,0,0,0,0,0,2,0,0.0,0.999996863512615,0.0
71,29,1s2.2s2.2p6.3s2.3p6.3d10.4s1,4s,4,0,1,0.5,s,0,43,21.554071296483926,0,18,10,0,0,0,0,0,0,0,8,10,0,8,0,0,0,0,0,0,0,0,0,0,2,0,0.0,0.999996863512615,0.0
71,28,1s2.2s2.2p6.3s2.3p6.3d10,3d,3,2,10,2.5,d,0,44,21.379455336979806,9,0,0,18,0,0,0,9,0,0,0,0,0,0,0,16,0,0,0,0,0,0,0,0,0,2,0.0,0.999996863512615,0.0
71,27,1s2.2s2.2p6.3s2.3p6.3d9,3d,3,2,9,2.5,d,0,45,20.677223194122995,8,0,0,18,0,0,0,8,0,0,0,0,0,0,0,16,0,0,0,0,0,0,0,0,0,2,-0.5555555555555554,0.999996863512615,0.0
71,26,1s2.2s2.2p6.3s2.3p6.3d8,3d,3,2,8,2.5,d,0,46,19.92856167011884,7,0,0,18,0,0,0,7,0,0,0,0,0,0,0,16,0,0,0,0,0,0,0,0,0,2,-1.1111111111111112,0.999996863512615,0.0
71,25,1s2.2s2.2p6.3s2.3p6.3d7,3d,3,2,7,2.5,d,0,47,19.180019458485546,6,0,0,18,0,0,0,6,0,0,0,0,0,0,0,16,0,0,0,0,0,0,0,0,0,2,-1.6666666666666665,0.999996863512615,0.0
71,24,1s2.2s2.2p6.3s2.3p6.3d6,3d,3,2,6,2.5,d,0,48,18.477999944610033,5,0,0,18,0,0,0,5,0,0,0,0,0,0,0,16,0,0,0,0,0,0,0,0,0,2,-2.2222222222222223,0.999996863512615,0.0
71,23,1s2.2s2.2p6.3s2.3p6.3d5,3d,3,2,5,2.5,d,0,49,17.516342790782076,4,0,0,18,0,0,0,4,0,0,0,0,0,0,0,16,0,0,0,0,0,0,0,0,0,2,2.2222222222222223,0.999996863512615,0.0
71,22,1s2.2s2.2p6.3s2.3p6.3d4,3d,3,2,4,1.5,d,0,50,16.81369270190474,3,0,0,18,0,0,0,3,0,0,0,0,0,0,0,16,0,0,0,0,0,0,0,0,0,2,1.6666666666666667,0.999996863512615,0.0
71,21,1s2.2s2.2p6.3s2.3p6.3d3,3d,3,2,3,1.5,d,0,51,16.06581898178117,2,0,0,18,0,0,0,2,0,0,0,0,0,0,0,16,0,0,0,0,0,0,0,0,0,2,1.1111111111111112,0.999996863512615,0.0
71,20,1s2.2s2.2p6.3s2.3p6.3d2,3d,3,2,2,1.5,d,0,52,15.318236242385085,1,0,0,18,0,0,0,1,0,0,0,0,0,0,0,16,0,0,0,0,0,0,0,0,0,2,0.5555555555555556,0.999996863512615,0.0
71,19,1s2.2s2.2p6.3s2.3p6.3d1,3d,3,2,1,1.5,d,0,53,14.615753461451872,0,0,0,18,0,0,0,0,0,0,0,0,0,0,0,16,0,0,0,0,0,0,0,0,0,2,0.0,0.999996863512615,0.0
71,18,1s2.2s2.2p6.3s2.3p6,3p,3,1,6,1.5,p3,0,54,12.667818264554036,5,10,2,0,0,0,5,0,0,2,8,0,0,2,0,0,0,0,0,0,0,0,0,0,0,0,0.0,0.999996863512615,0.0
71,17,1s2.2s2.2p6.3s2.3p5,3p,3,1,5,1.5,p3,0,55,12.08347223011717,4,10,2,0,0,0,4,0,0,2,8,0,0,2,0,0,0,0,0,0,0,0,0,0,0,0,-0.6000000000000001,0.999996863512615,0.0
71,16,1s2.2s2.2p6.3s2.3p4,3p,3,1,4,1.5,p3,0,56,11.49928244974415,3,10,2,0,0,0,3,0,0,2,8,0,0,2,0,0,0,0,0,0,0,0,0,0,0,0,-1.2,0.999996863512615,0.0
71,15,1s2.2s2.2p6.3s2.3p3,3p,3,1,3,1.5,p3,0,57,10.730818199117742,2,10,2,0,0,0,2,0,0,2,8,0,0,2,0,0,0,0,0,0,0,0,0,0,0,0,1.2,0.999996863512615,0.0
71,14,1s2.2s2.2p6.3s2.3p2,3p,3,1,2,0.5,p1,0,58,10.145247180423096,1,10,2,0,0,0,1,0,0,2,8,0,0,2,0,0,0,0,0,0,0,0,0,0,0,0,0.6,0.999996863512615,0.0
71,13,1s2.2s2.2p6.3s2.3p1,3p,3,1,1,0.5,p1,0,59,9.559774441642945,0,10,2,0,0,0,0,0,0,2,8,0,0,2,0,0,0,0,0,0,0,0,0,0,0,0,0.0,0.999996863512615,0.0
71,12,1s2.2s2.2p6.3s2,3s,3,0,2,0.5,s,0,60,8.35113401342552,1,8,2,0,0,1,0,0,0,0,8,0,0,2,0,0,0,0,0,0,0,0,0,0,0,0,0.0,0.999996863512615,0.0
71,11,1s2.2s2.2p6.3s1,3s,3,0,1,0.5,s,0,61,7.7856408855844075,0,8,2,0,0,0,0,0,0,0,8,0,0,2,0,0,0,0,0,0,0,0,0,0,0,0,0.0,0.999996863512615,0.0
71,10,1s2.2s2.2p6,2p,2,1,6,1.5,p3,0,62,6.545979557232126,5,4,0,0,0,0,5,0,0,2,2,0,0,0,0,0,0,0,0,0,0,0,0,0,0,0,0.0,0.999996863512615,0.0
71,9,1s2.2s2.2p5,2p,2,1,5,1.5,p3,0,63,5.88972955723213,4,4,0,0,0,0,4,0,0,2,2,0,0,0,0,0,0,0,0,0,0,0,0,0,0,0,-0.6000000000000001,0.999996863512615,0.0
71,8,1s2.2s2.2p4,2p,2,1,4,1.5,p3,0,64,5.233479557232133,3,4,0,0,0,0,3,0,0,2,2,0,0,0,0,0,0,0,0,0,0,0,0,0,0,0,-1.2,0.999996863512615,0.0
71,7,1s2.2s2.2p3,2p,2,1,3,1.5,p3,0,65,4.378670782625834,2,4,0,0,0,0,2,0,0,2,2,0,0,0,0,0,0,0,0,0,0,0,0,0,0,0,1.2,0.999996863512615,0.0
71,6,1s2.2s2.2p2,2p,2,1,2,0.5,p1,0,66,3.7253535771907345,1,4,0,0,0,0,1,0,0,2,2,0,0,0,0,0,0,0,0,0,0,0,0,0,0,0,0.6,0.999996863512615,0.0
71,5,1s2.2s2.2p1,2p,2,1,1,0.5,p1,0,67,3.0730091792350134,0,4,0,0,0,0,0,0,0,2,2,0,0,0,0,0,0,0,0,0,0,0,0,0,0,0,0.0,0.999996863512615,0.0
71,4,1s2.2s2,2s,2,0,2,0.5,s,0,68,2.145875983124917,1,2,0,0,0,1,0,0,0,0,2,0,0,0,0,0,0,0,0,0,0,0,0,0,0,0,0.0,0.999996863512615,21.48778769986359
71,3,1s2.2s1,2s,2,0,1,0.5,s,0,69,1.5912208504801093,0,2,0,0,0,0,0,0,0,0,2,0,0,0,0,0,0,0,0,0,0,0,0,0,0,0,0.0,0.999996863512615,21.48778769986359
71,2,1s2,1s,1,0,2,0.5,s,0,70,0.625,1,0,0,0,0,1,0,0,0,0,0,0,0,0,0,0,0,0,0,0,0,0,0,0,0,0,0.0,0.999996863512615,130.0208531683014
71,1,1s1,1s,1,0,1,0.5,s,0,71,0.0,0,0,0,0,0,0,0,0,0,0,0,0,0,0,0,0,0,0,0,0,0,0,0,0,0,0,0.0,0.999996863512615,130.0208531683014
72,72,1s2.2s2.2p6.3s2.3p6.3d10.4s2.4p6.4d10.4f14.5s2.5p6.5d2.6s2,5d,5,2,2,1.5,d,0,1,56.052588416193444,1,0,0,68,2,0,0,1,0,0,0,0,0,0,0,16,10,14,0,0,0,0,2,0,0,28,0.5555555555555556,0.9999969507732839,0.0
72,71,1s2.2s2.2p6.3s2.3p6.3d10.4s2.4p6.4d10.4f14.5s2.5p6.5d1.6s2,6s,6,0,2,0.5,s,1,2,55.08757135633109,1,9,60,0,0,1,0,0,0,0,8,1,0,8,24,0,0,0,0,0,0,0,0,0,28,0,0.0,0.9999969507732839,0.0
72,70,1s2.2s2.2p6.3s2.3p6.3d10.4s2.4p6.4d10.4f14.5s2.5p6.5d2,5d,5,2,2,1.5,d,0,3,55.09632624522511,1,0,0,68,0,0,0,1,0,0,0,0,0,0,0,16,10,14,0,0,0,0,0,0,0,28,0.5555555555555556,0.9999969507732839,0.0
72,69,1s2.2s2.2p6.3s2.3p6.3d10.4s2.4p6.4d10.4f14.5s2.5p6.5d1,5d,5,2,1,1.5,d,0,4,54.50652733738305,0,0,0,68,0,0,0,0,0,0,0,0,0,0,0,16,10,14,0,0,0,0,0,0,0,28,0.0,0.9999969507732839,0.0
72,68,1s2.2s2.2p6.3s2.3p6.3d10.4s2.4p6.4d10.4f14.5s2.5p6,4f,4,3,14,3.5,f,0,5,52.69585136236901,13,0,0,46,8,0,0,0,13,0,0,0,0,0,0,0,0,0,36,0,0,0,0,8,0,10,0.0,0.9999969507732839,0.0
72,67,1s2.2s2.2p6.3s2.3p6.3d10.4s2.4p6.4d10.4f13.5s2.5p6,5p,5,1,6,1.5,p3,0,6,50.532270157237036,5,33,28,0,0,0,5,0,0,2,8,10,13,8,10,0,0,0,0,0,0,0,0,0,10,0,0.0,0.9999969507732839,0.0
72,66,1s2.2s2.2p6.3s2.3p6.3d10.4s2.4p6.4d10.4f13.5s2.5p5,5p,5,1,5,1.5,p3,0,7,50.01934656210025,4,33,28,0,0,0,4,0,0,2,8,10,13,8,10,0,0,0,0,0,0,0,0,0,10,0,-0.6000000000000001,0.9999969507732839,0.0
72,65,1s2.2s2.2p6.3s2.3p6.3d10.4s2.4p6.4d10.4f13.5s2.5p4,5p,5,1,4,1.5,p3,0,8,49.4278048391812,3,33,28,0,0,0,3,0,0,2,8,10,13,8,10,0,0,0,0,0,0,0,0,0,10,0,-1.2,0.9999969507732839,0.0
72,64,1s2.2s2.2p6.3s2.3p6.3d10.4s2.4p6.4d10.4f13.5s2.5p3,5p,5,1,3,1.5,p3,0,9,48.679614406734444,2,33,28,0,0,0,2,0,0,2,8,10,13,8,10,0,0,0,0,0,0,0,0,0,10,0,1.2,0.9999969507732839,0.0
72,63,1s2.2s2.2p6.3s2.3p6.3d10.4s2.4p6.4d10.4f13.5s2.5p2,4f,4,3,13,3.5,f,0,10,50.03342429306986,12,0,0,46,4,0,0,0,12,0,0,0,0,0,0,0,0,0,36,0,0,0,0,4,0,10,-0.5384615384615383,0.9999969507732839,0.0
72,62,1s2.2s2.2p6.3s2.3p6.3d10.4s2.4p6.4d10.4f12.5s2.5p2,5p,5,1,2,0.5,p1,0,11,47.421799447312864,1,32,28,0,0,0,1,0,0,2,8,10,12,8,10,0,0,0,0,0,0,0,0,0,10,0,0.6,0.9999969507732839,0.0
72,61,1s2.2s2.2p6.3s2.3p6.3d10.4s2.4p6.4d10.4f12.5s2.5p1,5p,5,1,1,0.5,p1,0,12,46.82360403580144,0,32,28,0,0,0,0,0,0,2,8,10,12,8,10,0,0,0,0,0,0,0,0,0,10,0,0.0,0.9999969507732839,0.0
72,60,1s2.2s2.2p6.3s2.3p6.3d10.4s2.4p6.4d10.4f12.5s2,4f,4,3,12,3.5,f,0,13,48.30642179039546,11,0,0,46,2,0,0,0,11,0,0,0,0,0,0,0,0,0,36,0,0,0,0,2,0,10,-1.0769230769230766,0.9999969507732839,0.0
72,59,1s2.2s2.2p6.3s2.3p6.3d10.4s2.4p6.4d10.4f11.5s2,5s,5,0,2,0.5,s,0,14,44.258983157741085,1,29,28,0,0,1,0,0,0,0,8,10,11,8,10,0,0,0,0,0,0,0,0,0,10,0,0.0,0.9999969507732839,0.0
72,58,1s2.2s2.2p6.3s2.3p6.3d10.4s2.4p6.4d10.4f11.5s1,5s,5,0,1,0.5,s,0,15,43.63979035610509,0,29,28,0,0,0,0,0,0,0,8,10,11,8,10,0,0,0,0,0,0,0,0,0,10,0,0.0,0.9999969507732839,0.0
72,57,1s2.2s2.2p6.3s2.3p6.3d10.4s2.4p6.4d10.4f11,4f,4,3,11,3.5,f,0,16,46.56470817701302,10,0,0,46,0,0,0,0,10,0,0,0,0,0,0,0,0,0,36,0,0,0,0,0,0,10,-1.615384615384615,0.9999969507732839,0.0
72,56,1s2.2s2.2p6.3s2.3p6.3d10.4s2.4p6.4d10.4f10,4f,4,3,10,3.5,f,0,17,45.76175948408627,9,0,0,46,0,0,0,0,9,0,0,0,0,0,0,0,0,0,36,0,0,0,0,0,0,10,-2.153846153846154,0.9999969507732839,0.0
72,55,1s2.2s2.2p6.3s2.3p6.3d10.4s2.4p6.4d10.4f9,4f,4,3,9,3.5,f,0,18,45.00482525620487,8,0,0,46,0,0,0,0,8,0,0,0,0,0,0,0,0,0,36,0,0,0,0,0,0,10,-2.6923076923076925,0.9999969507732839,0.0
72,54,1s2.2s2.2p6.3s2.3p6.3d10.4s2.4p6.4d10.4f8,4f,4,3,8,3.5,f,0,19,44.26571435083406,7,0,0,46,0,0,0,0,7,0,0,0,0,0,0,0,0,0,36,0,0,0,0,0,0,10,-3.230769230769231,0.9999969507732839,0.0
72,53,1s2.2s2.2p6.3s2.3p6.3d10.4s2.4p6.4d10.4f7,4f,4,3,7,3.5,f,0,20,43.235453992296016,6,0,0,46,0,0,0,0,6,0,0,0,0,0,0,0,0,0,36,0,0,0,0,0,0,10,3.230769230769231,0.9999969507732839,0.0
72,52,1s2.2s2.2p6.3s2.3p6.3d10.4s2.4p6.4d10.4f6,4f,4,3,6,2.5,f,0,21,42.49634308692566,5,0,0,46,0,0,0,0,5,0,0,0,0,0,0,0,0,0,36,0,0,0,0,0,0,10,2.6923076923076925,0.9999969507732839,0.0
72,51,1s2.2s2.2p6.3s2.3p6.3d10.4s2.4p6.4d10.4f5,4f,4,3,5,2.5,f,0,22,41.739408859043806,4,0,0,46,0,0,0,0,4,0,0,0,0,0,0,0,0,0,36,0,0,0,0,0,0,10,2.1538461538461537,0.9999969507732839,0.0
72,50,1s2.2s2.2p6.3s2.3p6.3d10.4s2.4p6.4d10.4f4,4f,4,3,4,2.5,f,0,23,40.937916324885464,3,0,0,46,0,0,0,0,3,0,0,0,0,0,0,0,0,0,36,0,0,0,0,0,0,10,1.6153846153846154,0.9999969507732839,0.0
72,49,1s2.2s2.2p6.3s2.3p6.3d10.4s2.4p6.4d10.4f3,4f,4,3,3,2.5,f,0,24,40.136423790726894,2,0,0,46,0,0,0,0,2,0,0,0,0,0,0,0,0,0,36,0,0,0,0,0,0,10,1.0769230769230769,0.9999969507732839,0.0
72,48,1s2.2s2.2p6.3s2.3p6.3d10.4s2.4p6.4d10.4f2,4f,4,3,2,2.5,f,0,25,39.37948956284549,1,0,0,46,0,0,0,0,1,0,0,0,0,0,0,0,0,0,36,0,0,0,0,0,0,10,0.5384615384615384,0.9999969507732839,0.0
72,47,1s2.2s2.2p6.3s2.3p6.3d10.4s2.4p6.4d10.4f1,4f,4,3,1,2.5,f,0,26,38.640378657474685,0,0,0,46,0,0,0,0,0,0,0,0,0,0,0,0,0,0,36,0,0,0,0,0,0,10,0.0,0.9999969507732839,0.0
72,46,1s2.2s2.2p6.3s2.3p6.3d10.4s2.4p6.4d10,4d,4,2,10,2.5,d,0,27,35.18427854681272,9,0,0,36,0,0,0,9,0,0,0,0,0,0,0,16,10,0,0,0,0,0,0,0,0,10,0.0,0.9999969507732839,0.0
72,45,1s2.2s2.2p6.3s2.3p6.3d10.4s2.4p6.4d9,4d,4,2,9,2.5,d,0,28,34.56268954011648,8,0,0,36,0,0,0,8,0,0,0,0,0,0,0,16,10,0,0,0,0,0,0,0,0,10,-0.5555555555555554,0.9999969507732839,0.0
72,44,1s2.2s2.2p6.3s2.3p6.3d10.4s2.4p6.4d8,4d,4,2,8,2.5,d,0,29,33.90183225775024,7,0,0,36,0,0,0,7,0,0,0,0,0,0,0,16,10,0,0,0,0,0,0,0,0,10,-1.1111111111111112,0.9999969507732839,0.0
72,43,1s2.2s2.2p6.3s2.3p6.3d10.4s2.4p6.4d7,4d,4,2,7,2.5,d,0,30,33.24097497538423,6,0,0,36,0,0,0,6,0,0,0,0,0,0,0,16,10,0,0,0,0,0,0,0,0,10,-1.6666666666666665,0.9999969507732839,0.0
72,42,1s2.2s2.2p6.3s2.3p6.3d10.4s2.4p6.4d6,4d,4,2,6,2.5,d,0,31,32.619385968687766,5,0,0,36,0,0,0,5,0,0,0,0,0,0,0,16,10,0,0,0,0,0,0,0,0,10,-2.2222222222222223,0.9999969507732839,0.0
72,41,1s2.2s2.2p6.3s2.3p6.3d10.4s2.4p6.4d5,4d,4,2,5,2.5,d,0,32,31.77042966985971,4,0,0,36,0,0,0,4,0,0,0,0,0,0,0,16,10,0,0,0,0,0,0,0,0,10,2.2222222222222223,0.9999969507732839,0.0
72,40,1s2.2s2.2p6.3s2.3p6.3d10.4s2.4p6.4d4,4d,4,2,4,1.5,d,0,33,31.14884066316324,3,0,0,36,0,0,0,3,0,0,0,0,0,0,0,16,10,0,0,0,0,0,0,0,0,10,1.6666666666666667,0.9999969507732839,0.0
72,39,1s2.2s2.2p6.3s2.3p6.3d10.4s2.4p6.4d3,4d,4,2,3,1.5,d,0,34,30.487983380797118,2,0,0,36,0,0,0,2,0,0,0,0,0,0,0,16,10,0,0,0,0,0,0,0,0,10,1.1111111111111112,0.9999969507732839,0.0
72,38,1s2.2s2.2p6.3s2.3p6.3d10.4s2.4p6.4d2,4d,4,2,2,1.5,d,0,35,29.82712609843111,1,0,0,36,0,0,0,1,0,0,0,0,0,0,0,16,10,0,0,0,0,0,0,0,0,10,0.5555555555555556,0.9999969507732839,0.0
72,37,1s2.2s2.2p6.3s2.3p6.3d10.4s2.4p6.4d1,4d,4,2,1,1.5,d,0,36,29.20553709173464,0,0,0,36,0,0,0,0,0,0,0,0,0,0,0,16,10,0,0,0,0,0,0,0,0,10,0.0,0.9999969507732839,0.0
72,36,1s2.2s2.2p6.3s2.3p6.3d10.4s2.4p6,4p,4,1,6,1.5,p3,0,37,26.676544772007787,5,20,10,0,0,0,5,0,0,2,8,10,0,8,0,0,0,0,0,0,0,0,0,0,2,0,0.0,0.9999969507732839,0.0
72,35,1s2.2s2.2p6.3s2.3p6.3d10.4s2.4p5,4p,4,1,5,1.5,p3,0,38,26.117340670445287,4,20,10,0,0,0,4,0,0,2,8,10,0,8,0,0,0,0,0,0,0,0,0,0,2,0,-0.6000000000000001,0.9999969507732839,0.0
72,34,1s2.2s2.2p6.3s2.3p6.3d10.4s2.4p4,4p,4,1,4,1.5,p3,0,39,25.558136568882787,3,20,10,0,0,0,3,0,0,2,8,10,0,8,0,0,0,0,0,0,0,0,0,0,2,0,-1.2,0.9999969507732839,0.0
72,33,1s2.2s2.2p6.3s2.3p6.3d10.4s2.4p3,4p,4,1,3,1.5,p3,0,40,24.807678805211026,2,20,10,0,0,0,2,0,0,2,8,10,0,8,0,0,0,0,0,0,0,0,0,0,2,0,1.2,0.9999969507732839,0.0
72,32,1s2.2s2.2p6.3s2.3p6.3d10.4s2.4p2,4p,4,1,2,0.5,p1,0,41,24.24270156046225,1,20,10,0,0,0,1,0,0,2,8,10,0,8,0,0,0,0,0,0,0,0,0,0,2,0,0.6,0.9999969507732839,0.0
72,31,1s2.2s2.2p6.3s2.3p6.3d10.4s2.4p1,4p,4,1,1,0.5,p1,0,42,23.681451647104154,0,20,10,0,0,0,0,0,0,2,8,10,0,8,0,0,0,0,0,0,0,0,0,0,2,0,0.0,0.9999969507732839,0.0
72,30,1s2.2s2.2p6.3s2.3p6.3d10.4s2,4s,4,0,2,0.5,s,0,43,22.126593730819764,1,18,10,0,0,1,0,0,0,0,8,10,0,8,0,0,0,0,0,0,0,0,0,0,2,0,0.0,0.9999969507732839,0.0
72,29,1s2.2s2.2p6.3s2.3p6.3d10.4s1,4s,4,0,1,0.5,s,0,44,21.554071296483926,0,18,10,0,0,0,0,0,0,0,8,10,0,8,0,0,0,0,0,0,0,0,0,0,2,0,0.0,0.9999969507732839,0.0
72,28,1s2.2s2.2p6.3s2.3p6.3d10,3d,3,2,10,2.5,d,0,45,21.379455336979806,9,0,0,18,0,0,0,9,0,0,0,0,0,0,0,16,0,0,0,0,0,0,0,0,0,2,0.0,0.9999969507732839,0.0
72,27,1s2.2s2.2p6.3s2.3p6.3d9,3d,3,2,9,2.5,d,0,46,20.677223194122995,8,0,0,18,0,0,0,8,0,0,0,0,0,0,0,16,0,0,0,0,0,0,0,0,0,2,-0.5555555555555554,0.9999969507732839,0.0
72,26,1s2.2s2.2p6.3s2.3p6.3d8,3d,3,2,8,2.5,d,0,47,19.92856167011884,7,0,0,18,0,0,0,7,0,0,0,0,0,0,0,16,0,0,0,0,0,0,0,0,0,2,-1.1111111111111112,0.9999969507732839,0.0
72,25,1s2.2s2.2p6.3s2.3p6.3d7,3d,3,2,7,2.5,d,0,48,19.180019458485546,6,0,0,18,0,0,0,6,0,0,0,0,0,0,0,16,0,0,0,0,0,0,0,0,0,2,-1.6666666666666665,0.9999969507732839,0.0
72,24,1s2.2s2.2p6.3s2.3p6.3d6,3d,3,2,6,2.5,d,0,49,18.477999944610033,5,0,0,18,0,0,0,5,0,0,0,0,0,0,0,16,0,0,0,0,0,0,0,0,0,2,-2.2222222222222223,0.9999969507732839,0.0
72,23,1s2.2s2.2p6.3s2.3p6.3d5,3d,3,2,5,2.5,d,0,50,17.516342790782076,4,0,0,18,0,0,0,4,0,0,0,0,0,0,0,16,0,0,0,0,0,0,0,0,0,2,2.2222222222222223,0.9999969507732839,0.0
72,22,1s2.2s2.2p6.3s2.3p6.3d4,3d,3,2,4,1.5,d,0,51,16.81369270190474,3,0,0,18,0,0,0,3,0,0,0,0,0,0,0,16,0,0,0,0,0,0,0,0,0,2,1.6666666666666667,0.9999969507732839,0.0
72,21,1s2.2s2.2p6.3s2.3p6.3d3,3d,3,2,3,1.5,d,0,52,16.06581898178117,2,0,0,18,0,0,0,2,0,0,0,0,0,0,0,16,0,0,0,0,0,0,0,0,0,2,1.1111111111111112,0.9999969507732839,0.0
72,20,1s2.2s2.2p6.3s2.3p6.3d2,3d,3,2,2,1.5,d,0,53,15.318236242385085,1,0,0,18,0,0,0,1,0,0,0,0,0,0,0,16,0,0,0,0,0,0,0,0,0,2,0.5555555555555556,0.9999969507732839,0.0
72,19,1s2.2s2.2p6.3s2.3p6.3d1,3d,3,2,1,1.5,d,0,54,14.615753461451872,0,0,0,18,0,0,0,0,0,0,0,0,0,0,0,16,0,0,0,0,0,0,0,0,0,2,0.0,0.9999969507732839,0.0
72,18,1s2.2s2.2p6.3s2.3p6,3p,3,1,6,1.5,p3,0,55,12.667818264554036,5,10,2,0,0,0,5,0,0,2,8,0,0,2,0,0,0,0,0,0,0,0,0,0,0,0,0.0,0.9999969507732839,0.0
72,17,1s2.2s2.2p6.3s2.3p5,3p,3,1,5,1.5,p3,0,56,12.08347223011717,4,10,2,0,0,0,4,0,0,2,8,0,0,2,0,0,0,0,0,0,0,0,0,0,0,0,-0.6000000000000001,0.9999969507732839,0.0
72,16,1s2.2s2.2p6.3s2.3p4,3p,3,1,4,1.5,p3,0,57,11.49928244974415,3,10,2,0,0,0,3,0,0,2,8,0,0,2,0,0,0,0,0,0,0,0,0,0,0,0,-1.2,0.9999969507732839,0.0
72,15,1s2.2s2.2p6.3s2.3p3,3p,3,1,3,1.5,p3,0,58,10.730818199117742,2,10,2,0,0,0,2,0,0,2,8,0,0,2,0,0,0,0,0,0,0,0,0,0,0,0,1.2,0.9999969507732839,0.0
72,14,1s2.2s2.2p6.3s2.3p2,3p,3,1,2,0.5,p1,0,59,10.145247180423096,1,10,2,0,0,0,1,0,0,2,8,0,0,2,0,0,0,0,0,0,0,0,0,0,0,0,0.6,0.9999969507732839,0.0
72,13,1s2.2s2.2p6.3s2.3p1,3p,3,1,1,0.5,p1,0,60,9.559774441642945,0,10,2,0,0,0,0,0,0,2,8,0,0,2,0,0,0,0,0,0,0,0,0,0,0,0,0.0,0.9999969507732839,0.0
72,12,1s2.2s2.2p6.3s2,3s,3,0,2,0.5,s,0,61,8.35113401342552,1,8,2,0,0,1,0,0,0,0,8,0,0,2,0,0,0,0,0,0,0,0,0,0,0,0,0.0,0.9999969507732839,0.0
72,11,1s2.2s2.2p6.3s1,3s,3,0,1,0.5,s,0,62,7.7856408855844075,0,8,2,0,0,0,0,0,0,0,8,0,0,2,0,0,0,0,0,0,0,0,0,0,0,0,0.0,0.9999969507732839,0.0
72,10,1s2.2s2.2p6,2p,2,1,6,1.5,p3,0,63,6.545979557232126,5,4,0,0,0,0,5,0,0,2,2,0,0,0,0,0,0,0,0,0,0,0,0,0,0,0,0.0,0.9999969507732839,0.0
72,9,1s2.2s2.2p5,2p,2,1,5,1.5,p3,0,64,5.88972955723213,4,4,0,0,0,0,4,0,0,2,2,0,0,0,0,0,0,0,0,0,0,0,0,0,0,0,-0.6000000000000001,0.9999969507732839,0.0
72,8,1s2.2s2.2p4,2p,2,1,4,1.5,p3,0,65,5.233479557232133,3,4,0,0,0,0,3,0,0,2,2,0,0,0,0,0,0,0,0,0,0,0,0,0,0,0,-1.2,0.9999969507732839,0.0
72,7,1s2.2s2.2p3,2p,2,1,3,1.5,p3,0,66,4.378670782625834,2,4,0,0,0,0,2,0,0,2,2,0,0,0,0,0,0,0,0,0,0,0,0,0,0,0,1.2,0.9999969507732839,0.0
72,6,1s2.2s2.2p2,2p,2,1,2,0.5,p1,0,67,3.7253535771907345,1,4,0,0,0,0,1,0,0,2,2,0,0,0,0,0,0,0,0,0,0,0,0,0,0,0,0.6,0.9999969507732839,0.0
72,5,1s2.2s2.2p1,2p,2,1,1,0.5,p1,0,68,3.0730091792350134,0,4,0,0,0,0,0,0,0,2,2,0,0,0,0,0,0,0,0,0,0,0,0,0,0,0,0.0,0.9999969507732839,0.0
72,4,1s2.2s2,2s,2,0,2,0.5,s,0,69,2.145875983124917,1,2,0,0,0,1,0,0,0,0,2,0,0,0,0,0,0,0,0,0,0,0,0,0,0,0,0.0,0.9999969507732839,22.80961969090405
72,3,1s2.2s1,2s,2,0,1,0.5,s,0,70,1.5912208504801093,0,2,0,0,0,0,0,0,0,0,2,0,0,0,0,0,0,0,0,0,0,0,0,0,0,0,0.0,0.9999969507732839,22.80961969090405
72,2,1s2,1s,1,0,2,0.5,s,0,71,0.625,1,0,0,0,0,1,0,0,0,0,0,0,0,0,0,0,0,0,0,0,0,0,0,0,0,0,0.0,0.9999969507732839,137.29862000559953
72,1,1s1,1s,1,0,1,0.5,s,0,72,0.0,0,0,0,0,0,0,0,0,0,0,0,0,0,0,0,0,0,0,0,0,0,0,0,0,0,0,0.0,0.9999969507732839,137.29862000559953
73,73,1s2.2s2.2p6.3s2.3p6.3d10.4s2.4p6.4d10.4f14.5s2.5p6.5d3.6s2,6s,6,0,2,0.5,s,0,1,56.47851608732965,1,11,60,0,0,1,0,0,0,0,8,3,0,8,24,0,0,0,0,0,0,0,0,0,28,0,0.0,0.9999969676386395,0.0
73,72,1s2.2s2.2p6.3s2.3p6.3d10.4s2.4p6.4d10.4f14.5s2.5p6.5d3.6s1,6s,6,0,1,0.5,s,0,2,55.84130505244037,0,11,60,0,0,0,0,0,0,0,8,3,0,8,24,0,0,0,0,0,0,0,0,0,28,0,0.0,0.9999969676386395,0.0
73,71,1s2.2s2.2p6.3s2.3p6.3d10.4s2.4p6.4d10.4f14.5s2.5p6.5d3,5d,5,2,3,1.5,d,0,3,55.72325445791909,2,0,0,68,0,0,0,2,0,0,0,0,0,0,0,16,10,14,0,0,0,0,0,0,0,28,1.1111111111111112,0.9999969676386395,0.0
73,70,1s2.2s2.2p6.3s2.3p6.3d10.4s2.4p6.4d10.4f14.5s2.5p6.5d2,5d,5,2,2,1.5,d,0,4,55.09632624522511,1,0,0,68,0,0,0,1,0,0,0,0,0,0,0,16,10,14,0,0,0,0,0,0,0,28,0.5555555555555556,0.9999969676386395,0.0
73,69,1s2.2s2.2p6.3s2.3p6.3d10.4s2.4p6.4d10.4f14.5s2.5p6.5d1,5d,5,2,1,1.5,d,0,5,54.50652733738305,0,0,0,68,0,0,0,0,0,0,0,0,0,0,0,16,10,14,0,0,0,0,0,0,0,28,0.0,0.9999969676386395,0.0
73,68,1s2.2s2.2p6.3s2.3p6.3d10.4s2.4p6.4d10.4f14.5s2.5p6,4f,4,3,14,3.5,f,0,6,52.69585136236901,13,0,0,46,8,0,0,0,13,0,0,0,0,0,0,0,0,0,36,0,0,0,0,8,0,10,0.0,0.9999969676386395,0.0
73,67,1s2.2s2.2p6.3s2.3p6.3d10.4s2.4p6.4d10.4f13.5s2.5p6,5p,5,1,6,1.5,p3,0,7,50.532270157237036,5,33,28,0,0,0,5,0,0,2,8,10,13,8,10,0,0,0,0,0,0,0,0,0,10,0,0.0,0.9999969676386395,0.0
73,66,1s2.2s2.2p6.3s2.3p6.3d10.4s2.4p6.4d10.4f13.5s2.5p5,5p,5,1,5,1.5,p3,0,8,50.01934656210025,4,33,28,0,0,0,4,0,0,2,8,10,13,8,10,0,0,0,0,0,0,0,0,0,10,0,-0.6000000000000001,0.9999969676386395,0.0
73,65,1s2.2s2.2p6.3s2.3p6.3d10.4s2.4p6.4d10.4f13.5s2.5p4,5p,5,1,4,1.5,p3,0,9,49.4278048391812,3,33,28,0,0,0,3,0,0,2,8,10,13,8,10,0,0,0,0,0,0,0,0,0,10,0,-1.2,0.9999969676386395,0.0
73,64,1s2.2s2.2p6.3s2.3p6.3d10.4s2.4p6.4d10.4f13.5s2.5p3,5p,5,1,3,1.5,p3,0,10,48.679614406734444,2,33,28,0,0,0,2,0,0,2,8,10,13,8,10,0,0,0,0,0,0,0,0,0,10,0,1.2,0.9999969676386395,0.0
73,63,1s2.2s2.2p6.3s2.3p6.3d10.4s2.4p6.4d10.4f13.5s2.5p2,5p,5,1,2,0.5,p1,0,11,48.17966528699346,1,33,28,0,0,0,1,0,0,2,8,10,13,8,10,0,0,0,0,0,0,0,0,0,10,0,0.6,0.9999969676386395,0.0
73,62,1s2.2s2.2p6.3s2.3p6.3d10.4s2.4p6.4d10.4f13.5s2.5p1,5p,5,1,1,0.5,p1,0,12,47.58146987548452,0,33,28,0,0,0,0,0,0,2,8,10,13,8,10,0,0,0,0,0,0,0,0,0,10,0,0.0,0.9999969676386395,0.0
73,61,1s2.2s2.2p6.3s2.3p6.3d10.4s2.4p6.4d10.4f13.5s2,4f,4,3,13,3.5,f,0,13,49.06335601827709,12,0,0,46,2,0,0,0,12,0,0,0,0,0,0,0,0,0,36,0,0,0,0,2,0,10,-0.5384615384615383,0.9999969676386395,0.0
73,60,1s2.2s2.2p6.3s2.3p6.3d10.4s2.4p6.4d10.4f12.5s2,4f,4,3,12,3.5,f,0,14,48.30642179039546,11,0,0,46,2,0,0,0,11,0,0,0,0,0,0,0,0,0,36,0,0,0,0,2,0,10,-1.0769230769230766,0.9999969676386395,0.0
73,59,1s2.2s2.2p6.3s2.3p6.3d10.4s2.4p6.4d10.4f11.5s2,5s,5,0,2,0.5,s,0,15,44.258983157741085,1,29,28,0,0,1,0,0,0,0,8,10,11,8,10,0,0,0,0,0,0,0,0,0,10,0,0.0,0.9999969676386395,0.0
73,58,1s2.2s2.2p6.3s2.3p6.3d10.4s2.4p6.4d10.4f11.5s1,5s,5,0,1,0.5,s,0,16,43.63979035610509,0,29,28,0,0,0,0,0,0,0,8,10,11,8,10,0,0,0,0,0,0,0,0,0,10,0,0.0,0.9999969676386395,0.0
73,57,1s2.2s2.2p6.3s2.3p6.3d10.4s2.4p6.4d10.4f11,4f,4,3,11,3.5,f,0,17,46.56470817701302,10,0,0,46,0,0,0,0,10,0,0,0,0,0,0,0,0,0,36,0,0,0,0,0,0,10,-1.615384615384615,0.9999969676386395,0.0
73,56,1s2.2s2.2p6.3s2.3p6.3d10.4s2.4p6.4d10.4f10,4f,4,3,10,3.5,f,0,18,45.76175948408627,9,0,0,46,0,0,0,0,9,0,0,0,0,0,0,0,0,0,36,0,0,0,0,0,0,10,-2.153846153846154,0.9999969676386395,0.0
73,55,1s2.2s2.2p6.3s2.3p6.3d10.4s2.4p6.4d10.4f9,4f,4,3,9,3.5,f,0,19,45.00482525620487,8,0,0,46,0,0,0,0,8,0,0,0,0,0,0,0,0,0,36,0,0,0,0,0,0,10,-2.6923076923076925,0.9999969676386395,0.0
73,54,1s2.2s2.2p6.3s2.3p6.3d10.4s2.4p6.4d10.4f8,4f,4,3,8,3.5,f,0,20,44.26571435083406,7,0,0,46,0,0,0,0,7,0,0,0,0,0,0,0,0,0,36,0,0,0,0,0,0,10,-3.230769230769231,0.9999969676386395,0.0
73,53,1s2.2s2.2p6.3s2.3p6.3d10.4s2.4p6.4d10.4f7,4f,4,3,7,3.5,f,0,21,43.235453992296016,6,0,0,46,0,0,0,0,6,0,0,0,0,0,0,0,0,0,36,0,0,0,0,0,0,10,3.230769230769231,0.9999969676386395,0.0
73,52,1s2.2s2.2p6.3s2.3p6.3d10.4s2.4p6.4d10.4f6,4f,4,3,6,2.5,f,0,22,42.49634308692566,5,0,0,46,0,0,0,0,5,0,0,0,0,0,0,0,0,0,36,0,0,0,0,0,0,10,2.6923076923076925,0.9999969676386395,0.0
73,51,1s2.2s2.2p6.3s2.3p6.3d10.4s2.4p6.4d10.4f5,4f,4,3,5,2.5,f,0,23,41.739408859043806,4,0,0,46,0,0,0,0,4,0,0,0,0,0,0,0,0,0,36,0,0,0,0,0,0,10,2.1538461538461537,0.9999969676386395,0.0
73,50,1s2.2s2.2p6.3s2.3p6.3d10.4s2.4p6.4d10.4f4,4f,4,3,4,2.5,f,0,24,40.937916324885464,3,0,0,46,0,0,0,0,3,0,0,0,0,0,0,0,0,0,36,0,0,0,0,0,0,10,1.6153846153846154,0.9999969676386395,0.0
73,49,1s2.2s2.2p6.3s2.3p6.3d10.4s2.4p6.4d10.4f3,4f,4,3,3,2.5,f,0,25,40.136423790726894,2,0,0,46,0,0,0,0,2,0,0,0,0,0,0,0,0,0,36,0,0,0,0,0,0,10,1.0769230769230769,0.9999969676386395,0.0
73,48,1s2.2s2.2p6.3s2.3p6.3d10.4s2.4p6.4d10.4f2,4f,4,3,2,2.5,f,0,26,39.37948956284549,1,0,0,46,0,0,0,0,1,0,0,0,0,0,0,0,0,0,36,0,0,0,0,0,0,10,0.5384615384615384,0.9999969676386395,0.0
73,47,1s2.2s2.2p6.3s2.3p6.3d10.4s2.4p6.4d10.4f1,4f,4,3,1,2.5,f,0,27,38.640378657474685,0,0,0,46,0,0,0,0,0,0,0,0,0,0,0,0,0,0,36,0,0,0,0,0,0,10,0.0,0.9999969676386395,0.0
73,46,1s2.2s2.2p6.3s2.3p6.3d10.4s2.4p6.4d10,4d,4,2,10,2.5,d,0,28,35.18427854681272,9,0,0,36,0,0,0,9,0,0,0,0,0,0,0,16,10,0,0,0,0,0,0,0,0,10,0.0,0.9999969676386395,0.0
73,45,1s2.2s2.2p6.3s2.3p6.3d10.4s2.4p6.4d9,4d,4,2,9,2.5,d,0,29,34.56268954011648,8,0,0,36,0,0,0,8,0,0,0,0,0,0,0,16,10,0,0,0,0,0,0,0,0,10,-0.5555555555555554,0.9999969676386395,0.0
73,44,1s2.2s2.2p6.3s2.3p6.3d10.4s2.4p6.4d8,4d,4,2,8,2.5,d,0,30,33.90183225775024,7,0,0,36,0,0,0,7,0,0,0,0,0,0,0,16,10,0,0,0,0,0,0,0,0,10,-1.1111111111111112,0.9999969676386395,0.0
73,43,1s2.2s2.2p6.3s2.3p6.3d10.4s2.4p6.4d7,4d,4,2,7,2.5,d,0,31,33.24097497538423,6,0,0,36,0,0,0,6,0,0,0,0,0,0,0,16,10,0,0,0,0,0,0,0,0,10,-1.6666666666666665,0.9999969676386395,0.0
73,42,1s2.2s2.2p6.3s2.3p6.3d10.4s2.4p6.4d6,4d,4,2,6,2.5,d,0,32,32.619385968687766,5,0,0,36,0,0,0,5,0,0,0,0,0,0,0,16,10,0,0,0,0,0,0,0,0,10,-2.2222222222222223,0.9999969676386395,0.0
73,41,1s2.2s2.2p6.3s2.3p6.3d10.4s2.4p6.4d5,4d,4,2,5,2.5,d,0,33,31.77042966985971,4,0,0,36,0,0,0,4,0,0,0,0,0,0,0,16,10,0,0,0,0,0,0,0,0,10,2.2222222222222223,0.9999969676386395,0.0
73,40,1s2.2s2.2p6.3s2.3p6.3d10.4s2.4p6.4d4,4d,4,2,4,1.5,d,0,34,31.14884066316324,3,0,0,36,0,0,0,3,0,0,0,0,0,0,0,16,10,0,0,0,0,0,0,0,0,10,1.6666666666666667,0.9999969676386395,0.0
73,39,1s2.2s2.2p6.3s2.3p6.3d10.4s2.4p6.4d3,4d,4,2,3,1.5,d,0,35,30.487983380797118,2,0,0,36,0,0,0,2,0,0,0,0,0,0,0,16,10,0,0,0,0,0,0,0,0,10,1.1111111111111112,0.9999969676386395,0.0
73,38,1s2.2s2.2p6.3s2.3p6.3d10.4s2.4p6.4d2,4d,4,2,2,1.5,d,0,36,29.82712609843111,1,0,0,36,0,0,0,1,0,0,0,0,0,0,0,16,10,0,0,0,0,0,0,0,0,10,0.5555555555555556,0.9999969676386395,0.0
73,37,1s2.2s2.2p6.3s2.3p6.3d10.4s2.4p6.4d1,4d,4,2,1,1.5,d,0,37,29.20553709173464,0,0,0,36,0,0,0,0,0,0,0,0,0,0,0,16,10,0,0,0,0,0,0,0,0,10,0.0,0.9999969676386395,0.0
73,36,1s2.2s2.2p6.3s2.3p6.3d10.4s2.4p6,4p,4,1,6,1.5,p3,0,38,26.676544772007787,5,20,10,0,0,0,5,0,0,2,8,10,0,8,0,0,0,0,0,0,0,0,0,0,2,0,0.0,0.9999969676386395,0.0
73,35,1s2.2s2.2p6.3s2.3p6.3d10.4s2.4p5,4p,4,1,5,1.5,p3,0,39,26.117340670445287,4,20,10,0,0,0,4,0,0,2,8,10,0,8,0,0,0,0,0,0,0,0,0,0,2,0,-0.6000000000000001,0.9999969676386395,0.0
73,34,1s2.2s2.2p6.3s2.3p6.3d10.4s2.4p4,4p,4,1,4,1.5,p3,0,40,25.558136568882787,3,20,10,0,0,0,3,0,0,2,8,10,0,8,0,0,0,0,0,0,0,0,0,0,2,0,-1.2,0.9999969676386395,0.0
73,33,1s2.2s2.2p6.3s2.3p6.3d10.4s2.4p3,4p,4,1,3,1.5,p3,0,41,24.807678805211026,2,20,10,0,0,0,2,0,0,2,8,10,0,8,0,0,0,0,0,0,0,0,0,0,2,0,1.2,0.9999969676386395,0.0
73,32,1s2.2s2.2p6.3s2.3p6.3d10.4s2.4p2,4p,4,1,2,0.5,p1,0,42,24.24270156046225,1,20,10,0,0,0,1,0,0,2,8,10,0,8,0,0,0,0,0,0,0,0,0,0,2,0,0.6,0.9999969676386395,0.0
73,31,1s2.2s2.2p6.3s2.3p6.3d10.4s2.4p1,4p,4,1,1,0.5,p1,0,43,23.681451647104154,0,20,10,0,0,0,0,0,0,2,8,10,0,8,0,0,0,0,0,0,0,0,0,0,2,0,0.0,0.9999969676386395,0.0
73,30,1s2.2s2.2p6.3s2.3p6.3d10.4s2,4s,4,0,2,0.5,s,0,44,22.126593730819764,1,18,10,0,0,1,0,0,0,0,8,10,0,8,0,0,0,0,0,0,0,0,0,0,2,0,0.0,0.9999969676386395,0.0
73,29,1s2.2s2.2p6.3s2.3p6.3d10.4s1,4s,4,0,1,0.5,s,0,45,21.554071296483926,0,18,10,0,0,0,0,0,0,0,8,10,0,8,0,0,0,0,0,0,0,0,0,0,2,0,0.0,0.9999969676386395,0.0
73,28,1s2.2s2.2p6.3s2.3p6.3d10,3d,3,2,10,2.5,d,0,46,21.379455336979806,9,0,0,18,0,0,0,9,0,0,0,0,0,0,0,16,0,0,0,0,0,0,0,0,0,2,0.0,0.9999969676386395,0.0
73,27,1s2.2s2.2p6.3s2.3p6.3d9,3d,3,2,9,2.5,d,0,47,20.677223194122995,8,0,0,18,0,0,0,8,0,0,0,0,0,0,0,16,0,0,0,0,0,0,0,0,0,2,-0.5555555555555554,0.9999969676386395,0.0
73,26,1s2.2s2.2p6.3s2.3p6.3d8,3d,3,2,8,2.5,d,0,48,19.92856167011884,7,0,0,18,0,0,0,7,0,0,0,0,0,0,0,16,0,0,0,0,0,0,0,0,0,2,-1.1111111111111112,0.9999969676386395,0.0
73,25,1s2.2s2.2p6.3s2.3p6.3d7,3d,3,2,7,2.5,d,0,49,19.180019458485546,6,0,0,18,0,0,0,6,0,0,0,0,0,0,0,16,0,0,0,0,0,0,0,0,0,2,-1.6666666666666665,0.9999969676386395,0.0
73,24,1s2.2s2.2p6.3s2.3p6.3d6,3d,3,2,6,2.5,d,0,50,18.477999944610033,5,0,0,18,0,0,0,5,0,0,0,0,0,0,0,16,0,0,0,0,0,0,0,0,0,2,-2.2222222222222223,0.9999969676386395,0.0
73,23,1s2.2s2.2p6.3s2.3p6.3d5,3d,3,2,5,2.5,d,0,51,17.516342790782076,4,0,0,18,0,0,0,4,0,0,0,0,0,0,0,16,0,0,0,0,0,0,0,0,0,2,2.2222222222222223,0.9999969676386395,0.0
73,22,1s2.2s2.2p6.3s2.3p6.3d4,3d,3,2,4,1.5,d,0,52,16.81369270190474,3,0,0,18,0,0,0,3,0,0,0,0,0,0,0,16,0,0,0,0,0,0,0,0,0,2,1.6666666666666667,0.9999969676386395,0.0
73,21,1s2.2s2.2p6.3s2.3p6.3d3,3d,3,2,3,1.5,d,0,53,16.06581898178117,2,0,0,18,0,0,0,2,0,0,0,0,0,0,0,16,0,0,0,0,0,0,0,0,0,2,1.1111111111111112,0.9999969676386395,0.0
73,20,1s2.2s2.2p6.3s2.3p6.3d2,3d,3,2,2,1.5,d,0,54,15.318236242385085,1,0,0,18,0,0,0,1,0,0,0,0,0,0,0,16,0,0,0,0,0,0,0,0,0,2,0.5555555555555556,0.9999969676386395,0.0
73,19,1s2.2s2.2p6.3s2.3p6.3d1,3d,3,2,1,1.5,d,0,55,14.615753461451872,0,0,0,18,0,0,0,0,0,0,0,0,0,0,0,16,0,0,0,0,0,0,0,0,0,2,0.0,0.9999969676386395,0.0
73,18,1s2.2s2.2p6.3s2.3p6,3p,3,1,6,1.5,p3,0,56,12.667818264554036,5,10,2,0,0,0,5,0,0,2,8,0,0,2,0,0,0,0,0,0,0,0,0,0,0,0,0.0,0.9999969676386395,0.0
73,17,1s2.2s2.2p6.3s2.3p5,3p,3,1,5,1.5,p3,0,57,12.08347223011717,4,10,2,0,0,0,4,0,0,2,8,0,0,2,0,0,0,0,0,0,0,0,0,0,0,0,-0.6000000000000001,0.9999969676386395,0.0
73,16,1s2.2s2.2p6.3s2.3p4,3p,3,1,4,1.5,p3,0,58,11.49928244974415,3,10,2,0,0,0,3,0,0,2,8,0,0,2,0,0,0,0,0,0,0,0,0,0,0,0,-1.2,0.9999969676386395,0.0
73,15,1s2.2s2.2p6.3s2.3p3,3p,3,1,3,1.5,p3,0,59,10.730818199117742,2,10,2,0,0,0,2,0,0,2,8,0,0,2,0,0,0,0,0,0,0,0,0,0,0,0,1.2,0.9999969676386395,0.0
73,14,1s2.2s2.2p6.3s2.3p2,3p,3,1,2,0.5,p1,0,60,10.145247180423096,1,10,2,0,0,0,1,0,0,2,8,0,0,2,0,0,0,0,0,0,0,0,0,0,0,0,0.6,0.9999969676386395,0.0
73,13,1s2.2s2.2p6.3s2.3p1,3p,3,1,1,0.5,p1,0,61,9.559774441642945,0,10,2,0,0,0,0,0,0,2,8,0,0,2,0,0,0,0,0,0,0,0,0,0,0,0,0.0,0.9999969676386395,0.0
73,12,1s2.2s2.2p6.3s2,3s,3,0,2,0.5,s,0,62,8.35113401342552,1,8,2,0,0,1,0,0,0,0,8,0,0,2,0,0,0,0,0,0,0,0,0,0,0,0,0.0,0.9999969676386395,0.0
73,11,1s2.2s2.2p6.3s1,3s,3,0,1,0.5,s,0,63,7.7856408855844075,0,8,2,0,0,0,0,0,0,0,8,0,0,2,0,0,0,0,0,0,0,0,0,0,0,0,0.0,0.9999969676386395,0.0
73,10,1s2.2s2.2p6,2p,2,1,6,1.5,p3,0,64,6.545979557232126,5,4,0,0,0,0,5,0,0,2,2,0,0,0,0,0,0,0,0,0,0,0,0,0,0,0,0.0,0.9999969676386395,0.0
73,9,1s2.2s2.2p5,2p,2,1,5,1.5,p3,0,65,5.88972955723213,4,4,0,0,0,0,4,0,0,2,2,0,0,0,0,0,0,0,0,0,0,0,0,0,0,0,-0.6000000000000001,0.9999969676386395,0.0
73,8,1s2.2s2.2p4,2p,2,1,4,1.5,p3,0,66,5.233479557232133,3,4,0,0,0,0,3,0,0,2,2,0,0,0,0,0,0,0,0,0,0,0,0,0,0,0,-1.2,0.9999969676386395,0.0
73,7,1s2.2s2.2p3,2p,2,1,3,1.5,p3,0,67,4.378670782625834,2,4,0,0,0,0,2,0,0,2,2,0,0,0,0,0,0,0,0,0,0,0,0,0,0,0,1.2,0.9999969676386395,0.0
73,6,1s2.2s2.2p2,2p,2,1,2,0.5,p1,0,68,3.7253535771907345,1,4,0,0,0,0,1,0,0,2,2,0,0,0,0,0,0,0,0,0,0,0,0,0,0,0,0.6,0.9999969676386395,0.0
73,5,1s2.2s2.2p1,2p,2,1,1,0.5,p1,0,69,3.0730091792350134,0,4,0,0,0,0,0,0,0,2,2,0,0,0,0,0,0,0,0,0,0,0,0,0,0,0,0.0,0.9999969676386395,0.0
73,4,1s2.2s2,2s,2,0,2,0.5,s,0,70,2.145875983124917,1,2,0,0,0,1,0,0,0,0,2,0,0,0,0,0,0,0,0,0,0,0,0,0,0,0,0.0,0.9999969676386395,24.245889595853264
73,3,1s2.2s1,2s,2,0,1,0.5,s,0,71,1.5912208504801093,0,2,0,0,0,0,0,0,0,0,2,0,0,0,0,0,0,0,0,0,0,0,0,0,0,0,0.0,0.9999969676386395,24.245889595853264
73,2,1s2,1s,1,0,2,0.5,s,0,72,0.625,1,0,0,0,0,1,0,0,0,0,0,0,0,0,0,0,0,0,0,0,0,0,0,0,0,0,0.0,0.9999969676386395,145.17817237309998
73,1,1s1,1s,1,0,1,0.5,s,0,73,0.0,0,0,0,0,0,0,0,0,0,0,0,0,0,0,0,0,0,0,0,0,0,0,0,0,0,0,0.0,0.9999969676386395,145.17817237309998
74,74,1s2.2s2.2p6.3s2.3p6.3d10.4s2.4p6.4d10.4f14.5s2.5p6.5d4.6s2,6s,6,0,2,0.5,s,0,1,57.173988452824766,1,12,60,0,0,1,0,0,0,0,8,4,0,8,24,0,0,0,0,0,0,0,0,0,28,0,0.0,0.9999970171424821,0.0
74,73,1s2.2s2.2p6.3s2.3p6.3d10.4s2.4p6.4d10.4f14.5s2.5p6.5d4.6s1,6s,6,0,1,0.5,s,0,2,56.52285021313863,0,12,60,0,0,0,0,0,0,0,8,4,0,8,24,0,0,0,0,0,0,0,0,0,28,0,0.0,0.9999970171424821,0.0
74,72,1s2.2s2.2p6.3s2.3p6.3d10.4s2.4p6.4d10.4f14.5s2.5p6.5d4,5d,5,2,4,1.5,d,0,3,56.35018267060813,3,0,0,68,0,0,0,3,0,0,0,0,0,0,0,16,10,14,0,0,0,0,0,0,0,28,1.6666666666666667,0.9999970171424821,0.0
74,71,1s2.2s2.2p6.3s2.3p6.3d10.4s2.4p6.4d10.4f14.5s2.5p6.5d3,5d,5,2,3,1.5,d,0,4,55.72325445791909,2,0,0,68,0,0,0,2,0,0,0,0,0,0,0,16,10,14,0,0,0,0,0,0,0,28,1.1111111111111112,0.9999970171424821,0.0
74,70,1s2.2s2.2p6.3s2.3p6.3d10.4s2.4p6.4d10.4f14.5s2.5p6.5d2,5d,5,2,2,1.5,d,0,5,55.09632624522511,1,0,0,68,0,0,0,1,0,0,0,0,0,0,0,16,10,14,0,0,0,0,0,0,0,28,0.5555555555555556,0.9999970171424821,0.0
74,69,1s2.2s2.2p6.3s2.3p6.3d10.4s2.4p6.4d10.4f14.5s2.5p6.5d1,5d,5,2,1,1.5,d,0,6,54.50652733738305,0,0,0,68,0,0,0,0,0,0,0,0,0,0,0,16,10,14,0,0,0,0,0,0,0,28,0.0,0.9999970171424821,0.0
74,68,1s2.2s2.2p6.3s2.3p6.3d10.4s2.4p6.4d10.4f14.5s2.5p6,4f,4,3,14,3.5,f,0,7,52.69585136236901,13,0,0,46,8,0,0,0,13,0,0,0,0,0,0,0,0,0,36,0,0,0,0,8,0,10,0.0,0.9999970171424821,0.0
74,67,1s2.2s2.2p6.3s2.3p6.3d10.4s2.4p6.4d10.4f13.5s2.5p6,5p,5,1,6,1.5,p3,1,8,50.532270157237036,5,33,28,0,0,0,5,0,0,2,8,10,13,8,10,0,0,0,0,0,0,0,0,0,10,0,0.0,0.9999970171424821,0.0
74,66,1s2.2s2.2p6.3s2.3p6.3d10.4s2.4p6.4d10.4f14.5s2.5p4,5p,5,1,4,1.5,p3,0,9,50.193173476032534,3,34,28,0,0,0,3,0,0,2,8,10,14,8,10,0,0,0,0,0,0,0,0,0,10,0,-1.2,0.9999970171424821,0.0
74,65,1s2.2s2.2p6.3s2.3p6.3d10.4s2.4p6.4d10.4f14.5s2.5p3,5p,5,1,3,1.5,p3,0,10,49.453854628378465,2,34,28,0,0,0,2,0,0,2,8,10,14,8,10,0,0,0,0,0,0,0,0,0,10,0,1.2,0.9999970171424821,0.0
74,64,1s2.2s2.2p6.3s2.3p6.3d10.4s2.4p6.4d10.4f14.5s2.5p2,4f,4,3,14,3.5,f,0,11,50.76205559398477,13,0,0,46,4,0,0,0,13,0,0,0,0,0,0,0,0,0,36,0,0,0,0,4,0,10,0.0,0.9999970171424821,0.0
74,63,1s2.2s2.2p6.3s2.3p6.3d10.4s2.4p6.4d10.4f13.5s2.5p2,5p,5,1,2,0.5,p1,1,12,48.17966528699346,1,33,28,0,0,0,1,0,0,2,8,10,13,8,10,0,0,0,0,0,0,0,0,0,10,0,0.6,0.9999970171424821,0.0
74,62,1s2.2s2.2p6.3s2.3p6.3d10.4s2.4p6.4d10.4f14.5s2,4f,4,3,14,3.5,f,0,13,49.8024669236479,13,0,0,46,2,0,0,0,13,0,0,0,0,0,0,0,0,0,36,0,0,0,0,2,0,10,0.0,0.9999970171424821,0.0
74,61,1s2.2s2.2p6.3s2.3p6.3d10.4s2.4p6.4d10.4f13.5s2,4f,4,3,13,3.5,f,0,14,49.06335601827709,12,0,0,46,2,0,0,0,12,0,0,0,0,0,0,0,0,0,36,0,0,0,0,2,0,10,-0.5384615384615383,0.9999970171424821,0.0
74,60,1s2.2s2.2p6.3s2.3p6.3d10.4s2.4p6.4d10.4f12.5s2,4f,4,3,12,3.5,f,0,15,48.30642179039546,11,0,0,46,2,0,0,0,11,0,0,0,0,0,0,0,0,0,36,0,0,0,0,2,0,10,-1.0769230769230766,0.9999970171424821,0.0
74,59,1s2.2s2.2p6.3s2.3p6.3d10.4s2.4p6.4d10.4f11.5s2,5s,5,0,2,0.5,s,0,16,44.258983157741085,1,29,28,0,0,1,0,0,0,0,8,10,11,8,10,0,0,0,0,0,0,0,0,0,10,0,0.0,0.9999970171424821,0.0
74,58,1s2.2s2.2p6.3s2.3p6.3d10.4s2.4p6.4d10.4f11.5s1,5s,5,0,1,0.5,s,0,17,43.63979035610509,0,29,28,0,0,0,0,0,0,0,8,10,11,8,10,0,0,0,0,0,0,0,0,0,10,0,0.0,0.9999970171424821,0.0
74,57,1s2.2s2.2p6.3s2.3p6.3d10.4s2.4p6.4d10.4f11,4f,4,3,11,3.5,f,0,18,46.56470817701302,10,0,0,46,0,0,0,0,10,0,0,0,0,0,0,0,0,0,36,0,0,0,0,0,0,10,-1.615384615384615,0.9999970171424821,0.0
74,56,1s2.2s2.2p6.3s2.3p6.3d10.4s2.4p6.4d10.4f10,4f,4,3,10,3.5,f,0,19,45.76175948408627,9,0,0,46,0,0,0,0,9,0,0,0,0,0,0,0,0,0,36,0,0,0,0,0,0,10,-2.153846153846154,0.9999970171424821,0.0
74,55,1s2.2s2.2p6.3s2.3p6.3d10.4s2.4p6.4d10.4f9,4f,4,3,9,3.5,f,0,20,45.00482525620487,8,0,0,46,0,0,0,0,8,0,0,0,0,0,0,0,0,0,36,0,0,0,0,0,0,10,-2.6923076923076925,0.9999970171424821,0.0
74,54,1s2.2s2.2p6.3s2.3p6.3d10.4s2.4p6.4d10.4f8,4f,4,3,8,3.5,f,0,21,44.26571435083406,7,0,0,46,0,0,0,0,7,0,0,0,0,0,0,0,0,0,36,0,0,0,0,0,0,10,-3.230769230769231,0.9999970171424821,0.0
74,53,1s2.2s2.2p6.3s2.3p6.3d10.4s2.4p6.4d10.4f7,4f,4,3,7,3.5,f,0,22,43.235453992296016,6,0,0,46,0,0,0,0,6,0,0,0,0,0,0,0,0,0,36,0,0,0,0,0,0,10,3.230769230769231,0.9999970171424821,0.0
74,52,1s2.2s2.2p6.3s2.3p6.3d10.4s2.4p6.4d10.4f6,4f,4,3,6,2.5,f,0,23,42.49634308692566,5,0,0,46,0,0,0,0,5,0,0,0,0,0,0,0,0,0,36,0,0,0,0,0,0,10,2.6923076923076925,0.9999970171424821,0.0
74,51,1s2.2s2.2p6.3s2.3p6.3d10.4s2.4p6.4d10.4f5,4f,4,3,5,2.5,f,0,24,41.739408859043806,4,0,0,46,0,0,0,0,4,0,0,0,0,0,0,0,0,0,36,0,0,0,0,0,0,10,2.1538461538461537,0.9999970171424821,0.0
74,50,1s2.2s2.2p6.3s2.3p6.3d10.4s2.4p6.4d10.4f4,4f,4,3,4,2.5,f,0,25,40.937916324885464,3,0,0,46,0,0,0,0,3,0,0,0,0,0,0,0,0,0,36,0,0,0,0,0,0,10,1.6153846153846154,0.9999970171424821,0.0
74,49,1s2.2s2.2p6.3s2.3p6.3d10.4s2.4p6.4d10.4f3,4f,4,3,3,2.5,f,0,26,40.136423790726894,2,0,0,46,0,0,0,0,2,0,0,0,0,0,0,0,0,0,36,0,0,0,0,0,0,10,1.0769230769230769,0.9999970171424821,0.0
74,48,1s2.2s2.2p6.3s2.3p6.3d10.4s2.4p6.4d10.4f2,4f,4,3,2,2.5,f,0,27,39.37948956284549,1,0,0,46,0,0,0,0,1,0,0,0,0,0,0,0,0,0,36,0,0,0,0,0,0,10,0.5384615384615384,0.9999970171424821,0.0
74,47,1s2.2s2.2p6.3s2.3p6.3d10.4s2.4p6.4d10.4f1,4f,4,3,1,2.5,f,0,28,38.640378657474685,0,0,0,46,0,0,0,0,0,0,0,0,0,0,0,0,0,0,36,0,0,0,0,0,0,10,0.0,0.9999970171424821,0.0
74,46,1s2.2s2.2p6.3s2.3p6.3d10.4s2.4p6.4d10,4d,4,2,10,2.5,d,0,29,35.18427854681272,9,0,0,36,0,0,0,9,0,0,0,0,0,0,0,16,10,0,0,0,0,0,0,0,0,10,0.0,0.9999970171424821,0.0
74,45,1s2.2s2.2p6.3s2.3p6.3d10.4s2.4p6.4d9,4d,4,2,9,2.5,d,0,30,34.56268954011648,8,0,0,36,0,0,0,8,0,0,0,0,0,0,0,16,10,0,0,0,0,0,0,0,0,10,-0.5555555555555554,0.9999970171424821,0.0
74,44,1s2.2s2.2p6.3s2.3p6.3d10.4s2.4p6.4d8,4d,4,2,8,2.5,d,0,31,33.90183225775024,7,0,0,36,0,0,0,7,0,0,0,0,0,0,0,16,10,0,0,0,0,0,0,0,0,10,-1.1111111111111112,0.9999970171424821,0.0
74,43,1s2.2s2.2p6.3s2.3p6.3d10.4s2.4p6.4d7,4d,4,2,7,2.5,d,0,32,33.24097497538423,6,0,0,36,0,0,0,6,0,0,0,0,0,0,0,16,10,0,0,0,0,0,0,0,0,10,-1.6666666666666665,0.9999970171424821,0.0
74,42,1s2.2s2.2p6.3s2.3p6.3d10.4s2.4p6.4d6,4d,4,2,6,2.5,d,0,33,32.619385968687766,5,0,0,36,0,0,0,5,0,0,0,0,0,0,0,16,10,0,0,0,0,0,0,0,0,10,-2.2222222222222223,0.9999970171424821,0.0
74,41,1s2.2s2.2p6.3s2.3p6.3d10.4s2.4p6.4d5,4d,4,2,5,2.5,d,0,34,31.77042966985971,4,0,0,36,0,0,0,4,0,0,0,0,0,0,0,16,10,0,0,0,0,0,0,0,0,10,2.2222222222222223,0.9999970171424821,0.0
74,40,1s2.2s2.2p6.3s2.3p6.3d10.4s2.4p6.4d4,4d,4,2,4,1.5,d,0,35,31.14884066316324,3,0,0,36,0,0,0,3,0,0,0,0,0,0,0,16,10,0,0,0,0,0,0,0,0,10,1.6666666666666667,0.9999970171424821,0.0
74,39,1s2.2s2.2p6.3s2.3p6.3d10.4s2.4p6.4d3,4d,4,2,3,1.5,d,0,36,30.487983380797118,2,0,0,36,0,0,0,2,0,0,0,0,0,0,0,16,10,0,0,0,0,0,0,0,0,10,1.1111111111111112,0.9999970171424821,0.0
74,38,1s2.2s2.2p6.3s2.3p6.3d10.4s2.4p6.4d2,4d,4,2,2,1.5,d,0,37,29.82712609843111,1,0,0,36,0,0,0,1,0,0,0,0,0,0,0,16,10,0,0,0,0,0,0,0,0,10,0.5555555555555556,0.9999970171424821,0.0
74,37,1s2.2s2.2p6.3s2.3p6.3d10.4s2.4p6.4d1,4d,4,2,1,1.5,d,0,38,29.20553709173464,0,0,0,36,0,0,0,0,0,0,0,0,0,0,0,16,10,0,0,0,0,0,0,0,0,10,0.0,0.9999970171424821,0.0
74,36,1s2.2s2.2p6.3s2.3p6.3d10.4s2.4p6,4p,4,1,6,1.5,p3,0,39,26.676544772007787,5,20,10,0,0,0,5,0,0,2,8,10,0,8,0,0,0,0,0,0,0,0,0,0,2,0,0.0,0.9999970171424821,0.0
74,35,1s2.2s2.2p6.3s2.3p6.3d10.4s2.4p5,4p,4,1,5,1.5,p3,0,40,26.117340670445287,4,20,10,0,0,0,4,0,0,2,8,10,0,8,0,0,0,0,0,0,0,0,0,0,2,0,-0.6000000000000001,0.9999970171424821,0.0
74,34,1s2.2s2.2p6.3s2.3p6.3d10.4s2.4p4,4p,4,1,4,1.5,p3,0,41,25.558136568882787,3,20,10,0,0,0,3,0,0,2,8,10,0,8,0,0,0,0,0,0,0,0,0,0,2,0,-1.2,0.9999970171424821,0.0
74,33,1s2.2s2.2p6.3s2.3p6.3d10.4s2.4p3,4p,4,1,3,1.5,p3,0,42,24.807678805211026,2,20,10,0,0,0,2,0,0,2,8,10,0,8,0,0,0,0,0,0,0,0,0,0,2,0,1.2,0.9999970171424821,0.0
74,32,1s2.2s2.2p6.3s2.3p6.3d10.4s2.4p2,4p,4,1,2,0.5,p1,0,43,24.24270156046225,1,20,10,0,0,0,1,0,0,2,8,10,0,8,0,0,0,0,0,0,0,0,0,0,2,0,0.6,0.9999970171424821,0.0
74,31,1s2.2s2.2p6.3s2.3p6.3d10.4s2.4p1,4p,4,1,1,0.5,p1,0,44,23.681451647104154,0,20,10,0,0,0,0,0,0,2,8,10,0,8,0,0,0,0,0,0,0,0,0,0,2,0,0.0,0.9999970171424821,0.0
74,30,1s2.2s2.2p6.3s2.3p6.3d10.4s2,4s,4,0,2,0.5,s,0,45,22.126593730819764,1,18,10,0,0,1,0,0,0,0,8,10,0,8,0,0,0,0,0,0,0,0,0,0,2,0,0.0,0.9999970171424821,0.0
74,29,1s2.2s2.2p6.3s2.3p6.3d10.4s1,4s,4,0,1,0.5,s,0,46,21.554071296483926,0,18,10,0,0,0,0,0,0,0,8,10,0,8,0,0,0,0,0,0,0,0,0,0,2,0,0.0,0.9999970171424821,0.0
74,28,1s2.2s2.2p6.3s2.3p6.3d10,3d,3,2,10,2.5,d,0,47,21.379455336979806,9,0,0,18,0,0,0,9,0,0,0,0,0,0,0,16,0,0,0,0,0,0,0,0,0,2,0.0,0.9999970171424821,0.0
74,27,1s2.2s2.2p6.3s2.3p6.3d9,3d,3,2,9,2.5,d,0,48,20.677223194122995,8,0,0,18,0,0,0,8,0,0,0,0,0,0,0,16,0,0,0,0,0,0,0,0,0,2,-0.5555555555555554,0.9999970171424821,0.0
74,26,1s2.2s2.2p6.3s2.3p6.3d8,3d,3,2,8,2.5,d,0,49,19.92856167011884,7,0,0,18,0,0,0,7,0,0,0,0,0,0,0,16,0,0,0,0,0,0,0,0,0,2,-1.1111111111111112,0.9999970171424821,0.0
74,25,1s2.2s2.2p6.3s2.3p6.3d7,3d,3,2,7,2.5,d,0,50,19.180019458485546,6,0,0,18,0,0,0,6,0,0,0,0,0,0,0,16,0,0,0,0,0,0,0,0,0,2,-1.6666666666666665,0.9999970171424821,0.0
74,24,1s2.2s2.2p6.3s2.3p6.3d6,3d,3,2,6,2.5,d,0,51,18.477999944610033,5,0,0,18,0,0,0,5,0,0,0,0,0,0,0,16,0,0,0,0,0,0,0,0,0,2,-2.2222222222222223,0.9999970171424821,0.0
74,23,1s2.2s2.2p6.3s2.3p6.3d5,3d,3,2,5,2.5,d,0,52,17.516342790782076,4,0,0,18,0,0,0,4,0,0,0,0,0,0,0,16,0,0,0,0,0,0,0,0,0,2,2.2222222222222223,0.9999970171424821,0.0
74,22,1s2.2s2.2p6.3s2.3p6.3d4,3d,3,2,4,1.5,d,0,53,16.81369270190474,3,0,0,18,0,0,0,3,0,0,0,0,0,0,0,16,0,0,0,0,0,0,0,0,0,2,1.6666666666666667,0.9999970171424821,0.0
74,21,1s2.2s2.2p6.3s2.3p6.3d3,3d,3,2,3,1.5,d,0,54,16.06581898178117,2,0,0,18,0,0,0,2,0,0,0,0,0,0,0,16,0,0,0,0,0,0,0,0,0,2,1.1111111111111112,0.9999970171424821,0.0
74,20,1s2.2s2.2p6.3s2.3p6.3d2,3d,3,2,2,1.5,d,0,55,15.318236242385085,1,0,0,18,0,0,0,1,0,0,0,0,0,0,0,16,0,0,0,0,0,0,0,0,0,2,0.5555555555555556,0.9999970171424821,0.0
74,19,1s2.2s2.2p6.3s2.3p6.3d1,3d,3,2,1,1.5,d,0,56,14.615753461451872,0,0,0,18,0,0,0,0,0,0,0,0,0,0,0,16,0,0,0,0,0,0,0,0,0,2,0.0,0.9999970171424821,0.0
74,18,1s2.2s2.2p6.3s2.3p6,3p,3,1,6,1.5,p3,0,57,12.667818264554036,5,10,2,0,0,0,5,0,0,2,8,0,0,2,0,0,0,0,0,0,0,0,0,0,0,0,0.0,0.9999970171424821,0.0
74,17,1s2.2s2.2p6.3s2.3p5,3p,3,1,5,1.5,p3,0,58,12.08347223011717,4,10,2,0,0,0,4,0,0,2,8,0,0,2,0,0,0,0,0,0,0,0,0,0,0,0,-0.6000000000000001,0.9999970171424821,0.0
74,16,1s2.2s2.2p6.3s2.3p4,3p,3,1,4,1.5,p3,0,59,11.49928244974415,3,10,2,0,0,0,3,0,0,2,8,0,0,2,0,0,0,0,0,0,0,0,0,0,0,0,-1.2,0.9999970171424821,0.0
74,15,1s2.2s2.2p6.3s2.3p3,3p,3,1,3,1.5,p3,0,60,10.730818199117742,2,10,2,0,0,0,2,0,0,2,8,0,0,2,0,0,0,0,0,0,0,0,0,0,0,0,1.2,0.9999970171424821,0.0
74,14,1s2.2s2.2p6.3s2.3p2,3p,3,1,2,0.5,p1,0,61,10.145247180423096,1,10,2,0,0,0,1,0,0,2,8,0,0,2,0,0,0,0,0,0,0,0,0,0,0,0,0.6,0.9999970171424821,0.0
74,13,1s2.2s2.2p6.3s2.3p1,3p,3,1,1,0.5,p1,0,62,9.559774441642945,0,10,2,0,0,0,0,0,0,2,8,0,0,2,0,0,0,0,0,0,0,0,0,0,0,0,0.0,0.9999970171424821,0.0
74,12,1s2.2s2.2p6.3s2,3s,3,0,2,0.5,s,0,63,8.35113401342552,1,8,2,0,0,1,0,0,0,0,8,0,0,2,0,0,0,0,0,0,0,0,0,0,0,0,0.0,0.9999970171424821,0.0
74,11,1s2.2s2.2p6.3s1,3s,3,0,1,0.5,s,0,64,7.7856408855844075,0,8,2,0,0,0,0,0,0,0,8,0,0,2,0,0,0,0,0,0,0,0,0,0,0,0,0.0,0.9999970171424821,0.0
74,10,1s2.2s2.2p6,2p,2,1,6,1.5,p3,0,65,6.545979557232126,5,4,0,0,0,0,5,0,0,2,2,0,0,0,0,0,0,0,0,0,0,0,0,0,0,0,0.0,0.9999970171424821,0.0
74,9,1s2.2s2.2p5,2p,2,1,5,1.5,p3,0,66,5.88972955723213,4,4,0,0,0,0,4,0,0,2,2,0,0,0,0,0,0,0,0,0,0,0,0,0,0,0,-0.6000000000000001,0.9999970171424821,0.0
74,8,1s2.2s2.2p4,2p,2,1,4,1.5,p3,0,67,5.233479557232133,3,4,0,0,0,0,3,0,0,2,2,0,0,0,0,0,0,0,0,0,0,0,0,0,0,0,-1.2,0.9999970171424821,0.0
74,7,1s2.2s2.2p3,2p,2,1,3,1.5,p3,0,68,4.378670782625834,2,4,0,0,0,0,2,0,0,2,2,0,0,0,0,0,0,0,0,0,0,0,0,0,0,0,1.2,0.9999970171424821,0.0
74,6,1s2.2s2.2p2,2p,2,1,2,0.5,p1,0,69,3.7253535771907345,1,4,0,0,0,0,1,0,0,2,2,0,0,0,0,0,0,0,0,0,0,0,0,0,0,0,0.6,0.9999970171424821,0.0
74,5,1s2.2s2.2p1,2p,2,1,1,0.5,p1,0,70,3.0730091792350134,0,4,0,0,0,0,0,0,0,2,2,0,0,0,0,0,0,0,0,0,0,0,0,0,0,0,0.0,0.9999970171424821,0.0
74,4,1s2.2s2,2s,2,0,2,0.5,s,0,71,2.145875983124917,1,2,0,0,0,1,0,0,0,0,2,0,0,0,0,0,0,0,0,0,0,0,0,0,0,0,0.0,0.9999970171424821,25.7906288653549
74,3,1s2.2s1,2s,2,0,1,0.5,s,0,72,1.5912208504801093,0,2,0,0,0,0,0,0,0,0,2,0,0,0,0,0,0,0,0,0,0,0,0,0,0,0,0.0,0.9999970171424821,25.7906288653549
74,2,1s2,1s,1,0,2,0.5,s,0,73,0.625,1,0,0,0,0,1,0,0,0,0,0,0,0,0,0,0,0,0,0,0,0,0,0,0,0,0,0.0,0.9999970171424821,153.60838749266347
74,1,1s1,1s,1,0,1,0.5,s,0,74,0.0,0,0,0,0,0,0,0,0,0,0,0,0,0,0,0,0,0,0,0,0,0,0,0,0,0,0,0.0,0.9999970171424821,153.60838749266347
75,75,1s2.2s2.2p6.3s2.3p6.3d10.4s2.4p6.4d10.4f14.5s2.5p6.5d5.6s2,6s,6,0,2,0.5,s,0,1,57.869460818328214,1,13,60,0,0,1,0,0,0,0,8,5,0,8,24,0,0,0,0,0,0,0,0,0,28,0,0.0,0.9999970650904245,0.0
75,74,1s2.2s2.2p6.3s2.3p6.3d10.4s2.4p6.4d10.4f14.5s2.5p6.5d5.6s1,6s,6,0,1,0.5,s,0,2,57.20439537382864,0,13,60,0,0,0,0,0,0,0,8,5,0,8,24,0,0,0,0,0,0,0,0,0,28,0,0.0,0.9999970650904245,0.0
75,73,1s2.2s2.2p6.3s2.3p6.3d10.4s2.4p6.4d10.4f14.5s2.5p6.5d5,5d,5,2,5,2.5,d,0,3,56.939981578454784,4,0,0,68,0,0,0,4,0,0,0,0,0,0,0,16,10,14,0,0,0,0,0,0,0,28,2.2222222222222223,0.9999970650904245,0.0
75,72,1s2.2s2.2p6.3s2.3p6.3d10.4s2.4p6.4d10.4f14.5s2.5p6.5d4,5d,5,2,4,1.5,d,0,4,56.35018267060813,3,0,0,68,0,0,0,3,0,0,0,0,0,0,0,16,10,14,0,0,0,0,0,0,0,28,1.6666666666666667,0.9999970650904245,0.0
75,71,1s2.2s2.2p6.3s2.3p6.3d10.4s2.4p6.4d10.4f14.5s2.5p6.5d3,5d,5,2,3,1.5,d,0,5,55.72325445791909,2,0,0,68,0,0,0,2,0,0,0,0,0,0,0,16,10,14,0,0,0,0,0,0,0,28,1.1111111111111112,0.9999970650904245,0.0
75,70,1s2.2s2.2p6.3s2.3p6.3d10.4s2.4p6.4d10.4f14.5s2.5p6.5d2,5d,5,2,2,1.5,d,0,6,55.09632624522511,1,0,0,68,0,0,0,1,0,0,0,0,0,0,0,16,10,14,0,0,0,0,0,0,0,28,0.5555555555555556,0.9999970650904245,0.0
75,69,1s2.2s2.2p6.3s2.3p6.3d10.4s2.4p6.4d10.4f14.5s2.5p6.5d1,5d,5,2,1,1.5,d,0,7,54.50652733738305,0,0,0,68,0,0,0,0,0,0,0,0,0,0,0,16,10,14,0,0,0,0,0,0,0,28,0.0,0.9999970650904245,0.0
75,68,1s2.2s2.2p6.3s2.3p6.3d10.4s2.4p6.4d10.4f14.5s2.5p6,5p,5,1,6,1.5,p3,0,8,51.291318007282406,5,34,28,0,0,0,5,0,0,2,8,10,14,8,10,0,0,0,0,0,0,0,0,0,10,0,0.0,0.9999970650904245,0.0
75,67,1s2.2s2.2p6.3s2.3p6.3d10.4s2.4p6.4d10.4f14.5s2.5p5,5p,5,1,5,1.5,p3,0,9,50.7422457416599,4,34,28,0,0,0,4,0,0,2,8,10,14,8,10,0,0,0,0,0,0,0,0,0,10,0,-0.6000000000000001,0.9999970650904245,0.0
75,66,1s2.2s2.2p6.3s2.3p6.3d10.4s2.4p6.4d10.4f14.5s2.5p4,5p,5,1,4,1.5,p3,0,10,50.193173476032534,3,34,28,0,0,0,3,0,0,2,8,10,14,8,10,0,0,0,0,0,0,0,0,0,10,0,-1.2,0.9999970650904245,0.0
75,65,1s2.2s2.2p6.3s2.3p6.3d10.4s2.4p6.4d10.4f14.5s2.5p3,5p,5,1,3,1.5,p3,0,11,49.453854628378465,2,34,28,0,0,0,2,0,0,2,8,10,14,8,10,0,0,0,0,0,0,0,0,0,10,0,1.2,0.9999970650904245,0.0
75,64,1s2.2s2.2p6.3s2.3p6.3d10.4s2.4p6.4d10.4f14.5s2.5p2,4f,4,3,14,3.5,f,0,12,50.76205559398477,13,0,0,46,4,0,0,0,13,0,0,0,0,0,0,0,0,0,36,0,0,0,0,4,0,10,0.0,0.9999970650904245,0.0
75,63,1s2.2s2.2p6.3s2.3p6.3d10.4s2.4p6.4d10.4f13.5s2.5p2,5p,5,1,2,0.5,p1,1,13,48.17966528699346,1,33,28,0,0,0,1,0,0,2,8,10,13,8,10,0,0,0,0,0,0,0,0,0,10,0,0.6,0.9999970650904245,0.0
75,62,1s2.2s2.2p6.3s2.3p6.3d10.4s2.4p6.4d10.4f14.5s2,4f,4,3,14,3.5,f,0,14,49.8024669236479,13,0,0,46,2,0,0,0,13,0,0,0,0,0,0,0,0,0,36,0,0,0,0,2,0,10,0.0,0.9999970650904245,0.0
75,61,1s2.2s2.2p6.3s2.3p6.3d10.4s2.4p6.4d10.4f13.5s2,4f,4,3,13,3.5,f,0,15,49.06335601827709,12,0,0,46,2,0,0,0,12,0,0,0,0,0,0,0,0,0,36,0,0,0,0,2,0,10,-0.5384615384615383,0.9999970650904245,0.0
75,60,1s2.2s2.2p6.3s2.3p6.3d10.4s2.4p6.4d10.4f12.5s2,4f,4,3,12,3.5,f,0,16,48.30642179039546,11,0,0,46,2,0,0,0,11,0,0,0,0,0,0,0,0,0,36,0,0,0,0,2,0,10,-1.0769230769230766,0.9999970650904245,0.0
75,59,1s2.2s2.2p6.3s2.3p6.3d10.4s2.4p6.4d10.4f11.5s2,5s,5,0,2,0.5,s,1,17,44.258983157741085,1,29,28,0,0,1,0,0,0,0,8,10,11,8,10,0,0,0,0,0,0,0,0,0,10,0,0.0,0.9999970650904245,0.0
75,58,1s2.2s2.2p6.3s2.3p6.3d10.4s2.4p6.4d10.4f12,4f,4,3,12,3.5,f,0,18,47.365159080568446,11,0,0,46,0,0,0,0,11,0,0,0,0,0,0,0,0,0,36,0,0,0,0,0,0,10,-1.0769230769230766,0.9999970650904245,0.0
75,57,1s2.2s2.2p6.3s2.3p6.3d10.4s2.4p6.4d10.4f11,4f,4,3,11,3.5,f,0,19,46.56470817701302,10,0,0,46,0,0,0,0,10,0,0,0,0,0,0,0,0,0,36,0,0,0,0,0,0,10,-1.615384615384615,0.9999970650904245,0.0
75,56,1s2.2s2.2p6.3s2.3p6.3d10.4s2.4p6.4d10.4f10,4f,4,3,10,3.5,f,0,20,45.76175948408627,9,0,0,46,0,0,0,0,9,0,0,0,0,0,0,0,0,0,36,0,0,0,0,0,0,10,-2.153846153846154,0.9999970650904245,0.0
75,55,1s2.2s2.2p6.3s2.3p6.3d10.4s2.4p6.4d10.4f9,4f,4,3,9,3.5,f,0,21,45.00482525620487,8,0,0,46,0,0,0,0,8,0,0,0,0,0,0,0,0,0,36,0,0,0,0,0,0,10,-2.6923076923076925,0.9999970650904245,0.0
75,54,1s2.2s2.2p6.3s2.3p6.3d10.4s2.4p6.4d10.4f8,4f,4,3,8,3.5,f,0,22,44.26571435083406,7,0,0,46,0,0,0,0,7,0,0,0,0,0,0,0,0,0,36,0,0,0,0,0,0,10,-3.230769230769231,0.9999970650904245,0.0
75,53,1s2.2s2.2p6.3s2.3p6.3d10.4s2.4p6.4d10.4f7,4f,4,3,7,3.5,f,0,23,43.235453992296016,6,0,0,46,0,0,0,0,6,0,0,0,0,0,0,0,0,0,36,0,0,0,0,0,0,10,3.230769230769231,0.9999970650904245,0.0
75,52,1s2.2s2.2p6.3s2.3p6.3d10.4s2.4p6.4d10.4f6,4f,4,3,6,2.5,f,0,24,42.49634308692566,5,0,0,46,0,0,0,0,5,0,0,0,0,0,0,0,0,0,36,0,0,0,0,0,0,10,2.6923076923076925,0.9999970650904245,0.0
75,51,1s2.2s2.2p6.3s2.3p6.3d10.4s2.4p6.4d10.4f5,4f,4,3,5,2.5,f,0,25,41.739408859043806,4,0,0,46,0,0,0,0,4,0,0,0,0,0,0,0,0,0,36,0,0,0,0,0,0,10,2.1538461538461537,0.9999970650904245,0.0
75,50,1s2.2s2.2p6.3s2.3p6.3d10.4s2.4p6.4d10.4f4,4f,4,3,4,2.5,f,0,26,40.937916324885464,3,0,0,46,0,0,0,0,3,0,0,0,0,0,0,0,0,0,36,0,0,0,0,0,0,10,1.6153846153846154,0.9999970650904245,0.0
75,49,1s2.2s2.2p6.3s2.3p6.3d10.4s2.4p6.4d10.4f3,4f,4,3,3,2.5,f,0,27,40.136423790726894,2,0,0,46,0,0,0,0,2,0,0,0,0,0,0,0,0,0,36,0,0,0,0,0,0,10,1.0769230769230769,0.9999970650904245,0.0
75,48,1s2.2s2.2p6.3s2.3p6.3d10.4s2.4p6.4d10.4f2,4f,4,3,2,2.5,f,0,28,39.37948956284549,1,0,0,46,0,0,0,0,1,0,0,0,0,0,0,0,0,0,36,0,0,0,0,0,0,10,0.5384615384615384,0.9999970650904245,0.0
75,47,1s2.2s2.2p6.3s2.3p6.3d10.4s2.4p6.4d10.4f1,4f,4,3,1,2.5,f,0,29,38.640378657474685,0,0,0,46,0,0,0,0,0,0,0,0,0,0,0,0,0,0,36,0,0,0,0,0,0,10,0.0,0.9999970650904245,0.0
75,46,1s2.2s2.2p6.3s2.3p6.3d10.4s2.4p6.4d10,4d,4,2,10,2.5,d,0,30,35.18427854681272,9,0,0,36,0,0,0,9,0,0,0,0,0,0,0,16,10,0,0,0,0,0,0,0,0,10,0.0,0.9999970650904245,0.0
75,45,1s2.2s2.2p6.3s2.3p6.3d10.4s2.4p6.4d9,4d,4,2,9,2.5,d,0,31,34.56268954011648,8,0,0,36,0,0,0,8,0,0,0,0,0,0,0,16,10,0,0,0,0,0,0,0,0,10,-0.5555555555555554,0.9999970650904245,0.0
75,44,1s2.2s2.2p6.3s2.3p6.3d10.4s2.4p6.4d8,4d,4,2,8,2.5,d,0,32,33.90183225775024,7,0,0,36,0,0,0,7,0,0,0,0,0,0,0,16,10,0,0,0,0,0,0,0,0,10,-1.1111111111111112,0.9999970650904245,0.0
75,43,1s2.2s2.2p6.3s2.3p6.3d10.4s2.4p6.4d7,4d,4,2,7,2.5,d,0,33,33.24097497538423,6,0,0,36,0,0,0,6,0,0,0,0,0,0,0,16,10,0,0,0,0,0,0,0,0,10,-1.6666666666666665,0.9999970650904245,0.0
75,42,1s2.2s2.2p6.3s2.3p6.3d10.4s2.4p6.4d6,4d,4,2,6,2.5,d,0,34,32.619385968687766,5,0,0,36,0,0,0,5,0,0,0,0,0,0,0,16,10,0,0,0,0,0,0,0,0,10,-2.2222222222222223,0.9999970650904245,0.0
75,41,1s2.2s2.2p6.3s2.3p6.3d10.4s2.4p6.4d5,4d,4,2,5,2.5,d,0,35,31.77042966985971,4,0,0,36,0,0,0,4,0,0,0,0,0,0,0,16,10,0,0,0,0,0,0,0,0,10,2.2222222222222223,0.9999970650904245,0.0
75,40,1s2.2s2.2p6.3s2.3p6.3d10.4s2.4p6.4d4,4d,4,2,4,1.5,d,0,36,31.14884066316324,3,0,0,36,0,0,0,3,0,0,0,0,0,0,0,16,10,0,0,0,0,0,0,0,0,10,1.6666666666666667,0.9999970650904245,0.0
75,39,1s2.2s2.2p6.3s2.3p6.3d10.4s2.4p6.4d3,4d,4,2,3,1.5,d,0,37,30.487983380797118,2,0,0,36,0,0,0,2,0,0,0,0,0,0,0,16,10,0,0,0,0,0,0,0,0,10,1.1111111111111112,0.9999970650904245,0.0
75,38,1s2.2s2.2p6.3s2.3p6.3d10.4s2.4p6.4d2,4d,4,2,2,1.5,d,0,38,29.82712609843111,1,0,0,36,0,0,0,1,0,0,0,0,0,0,0,16,10,0,0,0,0,0,0,0,0,10,0.5555555555555556,0.9999970650904245,0.0
75,37,1s2.2s2.2p6.3s2.3p6.3d10.4s2.4p6.4d1,4d,4,2,1,1.5,d,0,39,29.20553709173464,0,0,0,36,0,0,0,0,0,0,0,0,0,0,0,16,10,0,0,0,0,0,0,0,0,10,0.0,0.9999970650904245,0.0
75,36,1s2.2s2.2p6.3s2.3p6.3d10.4s2.4p6,4p,4,1,6,1.5,p3,0,40,26.676544772007787,5,20,10,0,0,0,5,0,0,2,8,10,0,8,0,0,0,0,0,0,0,0,0,0,2,0,0.0,0.9999970650904245,0.0
75,35,1s2.2s2.2p6.3s2.3p6.3d10.4s2.4p5,4p,4,1,5,1.5,p3,0,41,26.117340670445287,4,20,10,0,0,0,4,0,0,2,8,10,0,8,0,0,0,0,0,0,0,0,0,0,2,0,-0.6000000000000001,0.9999970650904245,0.0
75,34,1s2.2s2.2p6.3s2.3p6.3d10.4s2.4p4,4p,4,1,4,1.5,p3,0,42,25.558136568882787,3,20,10,0,0,0,3,0,0,2,8,10,0,8,0,0,0,0,0,0,0,0,0,0,2,0,-1.2,0.9999970650904245,0.0
75,33,1s2.2s2.2p6.3s2.3p6.3d10.4s2.4p3,4p,4,1,3,1.5,p3,0,43,24.807678805211026,2,20,10,0,0,0,2,0,0,2,8,10,0,8,0,0,0,0,0,0,0,0,0,0,2,0,1.2,0.9999970650904245,0.0
75,32,1s2.2s2.2p6.3s2.3p6.3d10.4s2.4p2,4p,4,1,2,0.5,p1,0,44,24.24270156046225,1,20,10,0,0,0,1,0,0,2,8,10,0,8,0,0,0,0,0,0,0,0,0,0,2,0,0.6,0.9999970650904245,0.0
75,31,1s2.2s2.2p6.3s2.3p6.3d10.4s2.4p1,4p,4,1,1,0.5,p1,0,45,23.681451647104154,0,20,10,0,0,0,0,0,0,2,8,10,0,8,0,0,0,0,0,0,0,0,0,0,2,0,0.0,0.9999970650904245,0.0
75,30,1s2.2s2.2p6.3s2.3p6.3d10.4s2,4s,4,0,2,0.5,s,0,46,22.126593730819764,1,18,10,0,0,1,0,0,0,0,8,10,0,8,0,0,0,0,0,0,0,0,0,0,2,0,0.0,0.9999970650904245,0.0
75,29,1s2.2s2.2p6.3s2.3p6.3d10.4s1,4s,4,0,1,0.5,s,0,47,21.554071296483926,0,18,10,0,0,0,0,0,0,0,8,10,0,8,0,0,0,0,0,0,0,0,0,0,2,0,0.0,0.9999970650904245,0.0
75,28,1s2.2s2.2p6.3s2.3p6.3d10,3d,3,2,10,2.5,d,0,48,21.379455336979806,9,0,0,18,0,0,0,9,0,0,0,0,0,0,0,16,0,0,0,0,0,0,0,0,0,2,0.0,0.9999970650904245,0.0
75,27,1s2.2s2.2p6.3s2.3p6.3d9,3d,3,2,9,2.5,d,0,49,20.677223194122995,8,0,0,18,0,0,0,8,0,0,0,0,0,0,0,16,0,0,0,0,0,0,0,0,0,2,-0.5555555555555554,0.9999970650904245,0.0
75,26,1s2.2s2.2p6.3s2.3p6.3d8,3d,3,2,8,2.5,d,0,50,19.92856167011884,7,0,0,18,0,0,0,7,0,0,0,0,0,0,0,16,0,0,0,0,0,0,0,0,0,2,-1.1111111111111112,0.9999970650904245,0.0
75,25,1s2.2s2.2p6.3s2.3p6.3d7,3d,3,2,7,2.5,d,0,51,19.180019458485546,6,0,0,18,0,0,0,6,0,0,0,0,0,0,0,16,0,0,0,0,0,0,0,0,0,2,-1.6666666666666665,0.9999970650904245,0.0
75,24,1s2.2s2.2p6.3s2.3p6.3d6,3d,3,2,6,2.5,d,0,52,18.477999944610033,5,0,0,18,0,0,0,5,0,0,0,0,0,0,0,16,0,0,0,0,0,0,0,0,0,2,-2.2222222222222223,0.9999970650904245,0.0
75,23,1s2.2s2.2p6.3s2.3p6.3d5,3d,3,2,5,2.5,d,0,53,17.516342790782076,4,0,0,18,0,0,0,4,0,0,0,0,0,0,0,16,0,0,0,0,0,0,0,0,0,2,2.2222222222222223,0.9999970650904245,0.0
75,22,1s2.2s2.2p6.3s2.3p6.3d4,3d,3,2,4,1.5,d,0,54,16.81369270190474,3,0,0,18,0,0,0,3,0,0,0,0,0,0,0,16,0,0,0,0,0,0,0,0,0,2,1.6666666666666667,0.9999970650904245,0.0
75,21,1s2.2s2.2p6.3s2.3p6.3d3,3d,3,2,3,1.5,d,0,55,16.06581898178117,2,0,0,18,0,0,0,2,0,0,0,0,0,0,0,16,0,0,0,0,0,0,0,0,0,2,1.1111111111111112,0.9999970650904245,0.0
75,20,1s2.2s2.2p6.3s2.3p6.3d2,3d,3,2,2,1.5,d,0,56,15.318236242385085,1,0,0,18,0,0,0,1,0,0,0,0,0,0,0,16,0,0,0,0,0,0,0,0,0,2,0.5555555555555556,0.9999970650904245,0.0
75,19,1s2.2s2.2p6.3s2.3p6.3d1,3d,3,2,1,1.5,d,0,57,14.615753461451872,0,0,0,18,0,0,0,0,0,0,0,0,0,0,0,16,0,0,0,0,0,0,0,0,0,2,0.0,0.9999970650904245,0.0
75,18,1s2.2s2.2p6.3s2.3p6,3p,3,1,6,1.5,p3,0,58,12.667818264554036,5,10,2,0,0,0,5,0,0,2,8,0,0,2,0,0,0,0,0,0,0,0,0,0,0,0,0.0,0.9999970650904245,0.0
75,17,1s2.2s2.2p6.3s2.3p5,3p,3,1,5,1.5,p3,0,59,12.08347223011717,4,10,2,0,0,0,4,0,0,2,8,0,0,2,0,0,0,0,0,0,0,0,0,0,0,0,-0.6000000000000001,0.9999970650904245,0.0
75,16,1s2.2s2.2p6.3s2.3p4,3p,3,1,4,1.5,p3,0,60,11.49928244974415,3,10,2,0,0,0,3,0,0,2,8,0,0,2,0,0,0,0,0,0,0,0,0,0,0,0,-1.2,0.9999970650904245,0.0
75,15,1s2.2s2.2p6.3s2.3p3,3p,3,1,3,1.5,p3,0,61,10.730818199117742,2,10,2,0,0,0,2,0,0,2,8,0,0,2,0,0,0,0,0,0,0,0,0,0,0,0,1.2,0.9999970650904245,0.0
75,14,1s2.2s2.2p6.3s2.3p2,3p,3,1,2,0.5,p1,0,62,10.145247180423096,1,10,2,0,0,0,1,0,0,2,8,0,0,2,0,0,0,0,0,0,0,0,0,0,0,0,0.6,0.9999970650904245,0.0
75,13,1s2.2s2.2p6.3s2.3p1,3p,3,1,1,0.5,p1,0,63,9.559774441642945,0,10,2,0,0,0,0,0,0,2,8,0,0,2,0,0,0,0,0,0,0,0,0,0,0,0,0.0,0.9999970650904245,0.0
75,12,1s2.2s2.2p6.3s2,3s,3,0,2,0.5,s,0,64,8.35113401342552,1,8,2,0,0,1,0,0,0,0,8,0,0,2,0,0,0,0,0,0,0,0,0,0,0,0,0.0,0.9999970650904245,0.0
75,11,1s2.2s2.2p6.3s1,3s,3,0,1,0.5,s,0,65,7.7856408855844075,0,8,2,0,0,0,0,0,0,0,8,0,0,2,0,0,0,0,0,0,0,0,0,0,0,0,0.0,0.9999970650904245,0.0
75,10,1s2.2s2.2p6,2p,2,1,6,1.5,p3,0,66,6.545979557232126,5,4,0,0,0,0,5,0,0,2,2,0,0,0,0,0,0,0,0,0,0,0,0,0,0,0,0.0,0.9999970650904245,0.0
75,9,1s2.2s2.2p5,2p,2,1,5,1.5,p3,0,67,5.88972955723213,4,4,0,0,0,0,4,0,0,2,2,0,0,0,0,0,0,0,0,0,0,0,0,0,0,0,-0.6000000000000001,0.9999970650904245,0.0
75,8,1s2.2s2.2p4,2p,2,1,4,1.5,p3,0,68,5.233479557232133,3,4,0,0,0,0,3,0,0,2,2,0,0,0,0,0,0,0,0,0,0,0,0,0,0,0,-1.2,0.9999970650904245,0.0
75,7,1s2.2s2.2p3,2p,2,1,3,1.5,p3,0,69,4.378670782625834,2,4,0,0,0,0,2,0,0,2,2,0,0,0,0,0,0,0,0,0,0,0,0,0,0,0,1.2,0.9999970650904245,0.0
75,6,1s2.2s2.2p2,2p,2,1,2,0.5,p1,0,70,3.7253535771907345,1,4,0,0,0,0,1,0,0,2,2,0,0,0,0,0,0,0,0,0,0,0,0,0,0,0,0.6,0.9999970650904245,0.0
75,5,1s2.2s2.2p1,2p,2,1,1,0.5,p1,0,71,3.0730091792350134,0,4,0,0,0,0,0,0,0,2,2,0,0,0,0,0,0,0,0,0,0,0,0,0,0,0,0.0,0.9999970650904245,0.0
75,4,1s2.2s2,2s,2,0,2,0.5,s,0,72,2.145875983124917,1,2,0,0,0,1,0,0,0,0,2,0,0,0,0,0,0,0,0,0,0,0,0,0,0,0,0.0,0.9999970650904245,27.419634954692803
75,3,1s2.2s1,2s,2,0,1,0.5,s,0,73,1.5912208504801093,0,2,0,0,0,0,0,0,0,0,2,0,0,0,0,0,0,0,0,0,0,0,0,0,0,0,0.0,0.9999970650904245,27.419634954692803
75,2,1s2,1s,1,0,2,0.5,s,0,74,0.625,1,0,0,0,0,1,0,0,0,0,0,0,0,0,0,0,0,0,0,0,0,0,0,0,0,0,0.0,0.9999970650904245,162.42744756965124
75,1,1s1,1s,1,0,1,0.5,s,0,75,0.0,0,0,0,0,0,0,0,0,0,0,0,0,0,0,0,0,0,0,0,0,0,0,0,0,0,0,0.0,0.9999970650904245,162.42744756965124
76,76,1s2.2s2.2p6.3s2.3p6.3d10.4s2.4p6.4d10.4f14.5s2.5p6.5d6.6s2,6s,6,0,2,0.5,s,0,1,58.551005979019166,1,14,60,0,0,1,0,0,0,0,8,6,0,8,24,0,0,0,0,0,0,0,0,0,28,0,0.0,0.999997141632128,0.0
76,75,1s2.2s2.2p6.3s2.3p6.3d10.4s2.4p6.4d10.4f14.5s2.5p6.5d6.6s1,6s,6,0,1,0.5,s,0,2,57.899867739331064,0,14,60,0,0,0,0,0,0,0,8,6,0,8,24,0,0,0,0,0,0,0,0,0,28,0,0.0,0.999997141632128,0.0
76,74,1s2.2s2.2p6.3s2.3p6.3d10.4s2.4p6.4d10.4f14.5s2.5p6.5d6,5d,5,2,6,2.5,d,0,3,57.74816552097457,5,0,0,68,0,0,0,5,0,0,0,0,0,0,0,16,10,14,0,0,0,0,0,0,0,28,-2.2222222222222223,0.999997141632128,0.0
76,73,1s2.2s2.2p6.3s2.3p6.3d10.4s2.4p6.4d10.4f14.5s2.5p6.5d5,5d,5,2,5,2.5,d,0,4,56.939981578454784,4,0,0,68,0,0,0,4,0,0,0,0,0,0,0,16,10,14,0,0,0,0,0,0,0,28,2.2222222222222223,0.999997141632128,0.0
76,72,1s2.2s2.2p6.3s2.3p6.3d10.4s2.4p6.4d10.4f14.5s2.5p6.5d4,5d,5,2,4,1.5,d,0,5,56.35018267060813,3,0,0,68,0,0,0,3,0,0,0,0,0,0,0,16,10,14,0,0,0,0,0,0,0,28,1.6666666666666667,0.999997141632128,0.0
76,71,1s2.2s2.2p6.3s2.3p6.3d10.4s2.4p6.4d10.4f14.5s2.5p6.5d3,5d,5,2,3,1.5,d,0,6,55.72325445791909,2,0,0,68,0,0,0,2,0,0,0,0,0,0,0,16,10,14,0,0,0,0,0,0,0,28,1.1111111111111112,0.999997141632128,0.0
76,70,1s2.2s2.2p6.3s2.3p6.3d10.4s2.4p6.4d10.4f14.5s2.5p6.5d2,5d,5,2,2,1.5,d,0,7,55.09632624522511,1,0,0,68,0,0,0,1,0,0,0,0,0,0,0,16,10,14,0,0,0,0,0,0,0,28,0.5555555555555556,0.999997141632128,0.0
76,69,1s2.2s2.2p6.3s2.3p6.3d10.4s2.4p6.4d10.4f14.5s2.5p6.5d1,5d,5,2,1,1.5,d,0,8,54.50652733738305,0,0,0,68,0,0,0,0,0,0,0,0,0,0,0,16,10,14,0,0,0,0,0,0,0,28,0.0,0.999997141632128,0.0
76,68,1s2.2s2.2p6.3s2.3p6.3d10.4s2.4p6.4d10.4f14.5s2.5p6,5p,5,1,6,1.5,p3,0,9,51.291318007282406,5,34,28,0,0,0,5,0,0,2,8,10,14,8,10,0,0,0,0,0,0,0,0,0,10,0,0.0,0.999997141632128,0.0
76,67,1s2.2s2.2p6.3s2.3p6.3d10.4s2.4p6.4d10.4f14.5s2.5p5,5p,5,1,5,1.5,p3,0,10,50.7422457416599,4,34,28,0,0,0,4,0,0,2,8,10,14,8,10,0,0,0,0,0,0,0,0,0,10,0,-0.6000000000000001,0.999997141632128,0.0
76,66,1s2.2s2.2p6.3s2.3p6.3d10.4s2.4p6.4d10.4f14.5s2.5p4,5p,5,1,4,1.5,p3,0,11,50.193173476032534,3,34,28,0,0,0,3,0,0,2,8,10,14,8,10,0,0,0,0,0,0,0,0,0,10,0,-1.2,0.999997141632128,0.0
76,65,1s2.2s2.2p6.3s2.3p6.3d10.4s2.4p6.4d10.4f14.5s2.5p3,5p,5,1,3,1.5,p3,0,12,49.453854628378465,2,34,28,0,0,0,2,0,0,2,8,10,14,8,10,0,0,0,0,0,0,0,0,0,10,0,1.2,0.999997141632128,0.0
76,64,1s2.2s2.2p6.3s2.3p6.3d10.4s2.4p6.4d10.4f14.5s2.5p2,4f,4,3,14,3.5,f,0,13,50.76205559398477,13,0,0,46,4,0,0,0,13,0,0,0,0,0,0,0,0,0,36,0,0,0,0,4,0,10,0.0,0.999997141632128,0.0
76,63,1s2.2s2.2p6.3s2.3p6.3d10.4s2.4p6.4d10.4f13.5s2.5p2,5p,5,1,2,0.5,p1,1,14,48.17966528699346,1,33,28,0,0,0,1,0,0,2,8,10,13,8,10,0,0,0,0,0,0,0,0,0,10,0,0.6,0.999997141632128,0.0
76,62,1s2.2s2.2p6.3s2.3p6.3d10.4s2.4p6.4d10.4f14.5s2,4f,4,3,14,3.5,f,0,15,49.8024669236479,13,0,0,46,2,0,0,0,13,0,0,0,0,0,0,0,0,0,36,0,0,0,0,2,0,10,0.0,0.999997141632128,0.0
76,61,1s2.2s2.2p6.3s2.3p6.3d10.4s2.4p6.4d10.4f13.5s2,4f,4,3,13,3.5,f,0,16,49.06335601827709,12,0,0,46,2,0,0,0,12,0,0,0,0,0,0,0,0,0,36,0,0,0,0,2,0,10,-0.5384615384615383,0.999997141632128,0.0
76,60,1s2.2s2.2p6.3s2.3p6.3d10.4s2.4p6.4d10.4f12.5s2,5s,5,0,2,0.5,s,0,17,44.99076118321095,1,30,28,0,0,1,0,0,0,0,8,10,12,8,10,0,0,0,0,0,0,0,0,0,10,0,0.0,0.999997141632128,0.0
76,59,1s2.2s2.2p6.3s2.3p6.3d10.4s2.4p6.4d10.4f12.5s1,5s,5,0,1,0.5,s,0,18,44.379383014998155,0,30,28,0,0,0,0,0,0,0,8,10,12,8,10,0,0,0,0,0,0,0,0,0,10,0,0.0,0.999997141632128,0.0
76,58,1s2.2s2.2p6.3s2.3p6.3d10.4s2.4p6.4d10.4f12,4f,4,3,12,3.5,f,0,19,47.365159080568446,11,0,0,46,0,0,0,0,11,0,0,0,0,0,0,0,0,0,36,0,0,0,0,0,0,10,-1.0769230769230766,0.999997141632128,0.0
76,57,1s2.2s2.2p6.3s2.3p6.3d10.4s2.4p6.4d10.4f11,4f,4,3,11,3.5,f,0,20,46.56470817701302,10,0,0,46,0,0,0,0,10,0,0,0,0,0,0,0,0,0,36,0,0,0,0,0,0,10,-1.615384615384615,0.999997141632128,0.0
76,56,1s2.2s2.2p6.3s2.3p6.3d10.4s2.4p6.4d10.4f10,4f,4,3,10,3.5,f,0,21,45.76175948408627,9,0,0,46,0,0,0,0,9,0,0,0,0,0,0,0,0,0,36,0,0,0,0,0,0,10,-2.153846153846154,0.999997141632128,0.0
76,55,1s2.2s2.2p6.3s2.3p6.3d10.4s2.4p6.4d10.4f9,4f,4,3,9,3.5,f,0,22,45.00482525620487,8,0,0,46,0,0,0,0,8,0,0,0,0,0,0,0,0,0,36,0,0,0,0,0,0,10,-2.6923076923076925,0.999997141632128,0.0
76,54,1s2.2s2.2p6.3s2.3p6.3d10.4s2.4p6.4d10.4f8,4f,4,3,8,3.5,f,0,23,44.26571435083406,7,0,0,46,0,0,0,0,7,0,0,0,0,0,0,0,0,0,36,0,0,0,0,0,0,10,-3.230769230769231,0.999997141632128,0.0
76,53,1s2.2s2.2p6.3s2.3p6.3d10.4s2.4p6.4d10.4f7,4f,4,3,7,3.5,f,0,24,43.235453992296016,6,0,0,46,0,0,0,0,6,0,0,0,0,0,0,0,0,0,36,0,0,0,0,0,0,10,3.230769230769231,0.999997141632128,0.0
76,52,1s2.2s2.2p6.3s2.3p6.3d10.4s2.4p6.4d10.4f6,4f,4,3,6,2.5,f,0,25,42.49634308692566,5,0,0,46,0,0,0,0,5,0,0,0,0,0,0,0,0,0,36,0,0,0,0,0,0,10,2.6923076923076925,0.999997141632128,0.0
76,51,1s2.2s2.2p6.3s2.3p6.3d10.4s2.4p6.4d10.4f5,4f,4,3,5,2.5,f,0,26,41.739408859043806,4,0,0,46,0,0,0,0,4,0,0,0,0,0,0,0,0,0,36,0,0,0,0,0,0,10,2.1538461538461537,0.999997141632128,0.0
76,50,1s2.2s2.2p6.3s2.3p6.3d10.4s2.4p6.4d10.4f4,4f,4,3,4,2.5,f,0,27,40.937916324885464,3,0,0,46,0,0,0,0,3,0,0,0,0,0,0,0,0,0,36,0,0,0,0,0,0,10,1.6153846153846154,0.999997141632128,0.0
76,49,1s2.2s2.2p6.3s2.3p6.3d10.4s2.4p6.4d10.4f3,4f,4,3,3,2.5,f,0,28,40.136423790726894,2,0,0,46,0,0,0,0,2,0,0,0,0,0,0,0,0,0,36,0,0,0,0,0,0,10,1.0769230769230769,0.999997141632128,0.0
76,48,1s2.2s2.2p6.3s2.3p6.3d10.4s2.4p6.4d10.4f2,4f,4,3,2,2.5,f,0,29,39.37948956284549,1,0,0,46,0,0,0,0,1,0,0,0,0,0,0,0,0,0,36,0,0,0,0,0,0,10,0.5384615384615384,0.999997141632128,0.0
76,47,1s2.2s2.2p6.3s2.3p6.3d10.4s2.4p6.4d10.4f1,4f,4,3,1,2.5,f,0,30,38.640378657474685,0,0,0,46,0,0,0,0,0,0,0,0,0,0,0,0,0,0,36,0,0,0,0,0,0,10,0.0,0.999997141632128,0.0
76,46,1s2.2s2.2p6.3s2.3p6.3d10.4s2.4p6.4d10,4d,4,2,10,2.5,d,0,31,35.18427854681272,9,0,0,36,0,0,0,9,0,0,0,0,0,0,0,16,10,0,0,0,0,0,0,0,0,10,0.0,0.999997141632128,0.0
76,45,1s2.2s2.2p6.3s2.3p6.3d10.4s2.4p6.4d9,4d,4,2,9,2.5,d,0,32,34.56268954011648,8,0,0,36,0,0,0,8,0,0,0,0,0,0,0,16,10,0,0,0,0,0,0,0,0,10,-0.5555555555555554,0.999997141632128,0.0
76,44,1s2.2s2.2p6.3s2.3p6.3d10.4s2.4p6.4d8,4d,4,2,8,2.5,d,0,33,33.90183225775024,7,0,0,36,0,0,0,7,0,0,0,0,0,0,0,16,10,0,0,0,0,0,0,0,0,10,-1.1111111111111112,0.999997141632128,0.0
76,43,1s2.2s2.2p6.3s2.3p6.3d10.4s2.4p6.4d7,4d,4,2,7,2.5,d,0,34,33.24097497538423,6,0,0,36,0,0,0,6,0,0,0,0,0,0,0,16,10,0,0,0,0,0,0,0,0,10,-1.6666666666666665,0.999997141632128,0.0
76,42,1s2.2s2.2p6.3s2.3p6.3d10.4s2.4p6.4d6,4d,4,2,6,2.5,d,0,35,32.619385968687766,5,0,0,36,0,0,0,5,0,0,0,0,0,0,0,16,10,0,0,0,0,0,0,0,0,10,-2.2222222222222223,0.999997141632128,0.0
76,41,1s2.2s2.2p6.3s2.3p6.3d10.4s2.4p6.4d5,4d,4,2,5,2.5,d,0,36,31.77042966985971,4,0,0,36,0,0,0,4,0,0,0,0,0,0,0,16,10,0,0,0,0,0,0,0,0,10,2.2222222222222223,0.999997141632128,0.0
76,40,1s2.2s2.2p6.3s2.3p6.3d10.4s2.4p6.4d4,4d,4,2,4,1.5,d,0,37,31.14884066316324,3,0,0,36,0,0,0,3,0,0,0,0,0,0,0,16,10,0,0,0,0,0,0,0,0,10,1.6666666666666667,0.999997141632128,0.0
76,39,1s2.2s2.2p6.3s2.3p6.3d10.4s2.4p6.4d3,4d,4,2,3,1.5,d,0,38,30.487983380797118,2,0,0,36,0,0,0,2,0,0,0,0,0,0,0,16,10,0,0,0,0,0,0,0,0,10,1.1111111111111112,0.999997141632128,0.0
76,38,1s2.2s2.2p6.3s2.3p6.3d10.4s2.4p6.4d2,4d,4,2,2,1.5,d,0,39,29.82712609843111,1,0,0,36,0,0,0,1,0,0,0,0,0,0,0,16,10,0,0,0,0,0,0,0,0,10,0.5555555555555556,0.999997141632128,0.0
76,37,1s2.2s2.2p6.3s2.3p6.3d10.4s2.4p6.4d1,4d,4,2,1,1.5,d,0,40,29.20553709173464,0,0,0,36,0,0,0,0,0,0,0,0,0,0,0,16,10,0,0,0,0,0,0,0,0,10,0.0,0.999997141632128,0.0
76,36,1s2.2s2.2p6.3s2.3p6.3d10.4s2.4p6,4p,4,1,6,1.5,p3,0,41,26.676544772007787,5,20,10,0,0,0,5,0,0,2,8,10,0,8,0,0,0,0,0,0,0,0,0,0,2,0,0.0,0.999997141632128,0.0
76,35,1s2.2s2.2p6.3s2.3p6.3d10.4s2.4p5,4p,4,1,5,1.5,p3,0,42,26.117340670445287,4,20,10,0,0,0,4,0,0,2,8,10,0,8,0,0,0,0,0,0,0,0,0,0,2,0,-0.6000000000000001,0.999997141632128,0.0
76,34,1s2.2s2.2p6.3s2.3p6.3d10.4s2.4p4,4p,4,1,4,1.5,p3,0,43,25.558136568882787,3,20,10,0,0,0,3,0,0,2,8,10,0,8,0,0,0,0,0,0,0,0,0,0,2,0,-1.2,0.999997141632128,0.0
76,33,1s2.2s2.2p6.3s2.3p6.3d10.4s2.4p3,4p,4,1,3,1.5,p3,0,44,24.807678805211026,2,20,10,0,0,0,2,0,0,2,8,10,0,8,0,0,0,0,0,0,0,0,0,0,2,0,1.2,0.999997141632128,0.0
76,32,1s2.2s2.2p6.3s2.3p6.3d10.4s2.4p2,4p,4,1,2,0.5,p1,0,45,24.24270156046225,1,20,10,0,0,0,1,0,0,2,8,10,0,8,0,0,0,0,0,0,0,0,0,0,2,0,0.6,0.999997141632128,0.0
76,31,1s2.2s2.2p6.3s2.3p6.3d10.4s2.4p1,4p,4,1,1,0.5,p1,0,46,23.681451647104154,0,20,10,0,0,0,0,0,0,2,8,10,0,8,0,0,0,0,0,0,0,0,0,0,2,0,0.0,0.999997141632128,0.0
76,30,1s2.2s2.2p6.3s2.3p6.3d10.4s2,4s,4,0,2,0.5,s,0,47,22.126593730819764,1,18,10,0,0,1,0,0,0,0,8,10,0,8,0,0,0,0,0,0,0,0,0,0,2,0,0.0,0.999997141632128,0.0
76,29,1s2.2s2.2p6.3s2.3p6.3d10.4s1,4s,4,0,1,0.5,s,0,48,21.554071296483926,0,18,10,0,0,0,0,0,0,0,8,10,0,8,0,0,0,0,0,0,0,0,0,0,2,0,0.0,0.999997141632128,0.0
76,28,1s2.2s2.2p6.3s2.3p6.3d10,3d,3,2,10,2.5,d,0,49,21.379455336979806,9,0,0,18,0,0,0,9,0,0,0,0,0,0,0,16,0,0,0,0,0,0,0,0,0,2,0.0,0.999997141632128,0.0
76,27,1s2.2s2.2p6.3s2.3p6.3d9,3d,3,2,9,2.5,d,0,50,20.677223194122995,8,0,0,18,0,0,0,8,0,0,0,0,0,0,0,16,0,0,0,0,0,0,0,0,0,2,-0.5555555555555554,0.999997141632128,0.0
76,26,1s2.2s2.2p6.3s2.3p6.3d8,3d,3,2,8,2.5,d,0,51,19.92856167011884,7,0,0,18,0,0,0,7,0,0,0,0,0,0,0,16,0,0,0,0,0,0,0,0,0,2,-1.1111111111111112,0.999997141632128,0.0
76,25,1s2.2s2.2p6.3s2.3p6.3d7,3d,3,2,7,2.5,d,0,52,19.180019458485546,6,0,0,18,0,0,0,6,0,0,0,0,0,0,0,16,0,0,0,0,0,0,0,0,0,2,-1.6666666666666665,0.999997141632128,0.0
76,24,1s2.2s2.2p6.3s2.3p6.3d6,3d,3,2,6,2.5,d,0,53,18.477999944610033,5,0,0,18,0,0,0,5,0,0,0,0,0,0,0,16,0,0,0,0,0,0,0,0,0,2,-2.2222222222222223,0.999997141632128,0.0
76,23,1s2.2s2.2p6.3s2.3p6.3d5,3d,3,2,5,2.5,d,0,54,17.516342790782076,4,0,0,18,0,0,0,4,0,0,0,0,0,0,0,16,0,0,0,0,0,0,0,0,0,2,2.2222222222222223,0.999997141632128,0.0
76,22,1s2.2s2.2p6.3s2.3p6.3d4,3d,3,2,4,1.5,d,0,55,16.81369270190474,3,0,0,18,0,0,0,3,0,0,0,0,0,0,0,16,0,0,0,0,0,0,0,0,0,2,1.6666666666666667,0.999997141632128,0.0
76,21,1s2.2s2.2p6.3s2.3p6.3d3,3d,3,2,3,1.5,d,0,56,16.06581898178117,2,0,0,18,0,0,0,2,0,0,0,0,0,0,0,16,0,0,0,0,0,0,0,0,0,2,1.1111111111111112,0.999997141632128,0.0
76,20,1s2.2s2.2p6.3s2.3p6.3d2,3d,3,2,2,1.5,d,0,57,15.318236242385085,1,0,0,18,0,0,0,1,0,0,0,0,0,0,0,16,0,0,0,0,0,0,0,0,0,2,0.5555555555555556,0.999997141632128,0.0
76,19,1s2.2s2.2p6.3s2.3p6.3d1,3d,3,2,1,1.5,d,0,58,14.615753461451872,0,0,0,18,0,0,0,0,0,0,0,0,0,0,0,16,0,0,0,0,0,0,0,0,0,2,0.0,0.999997141632128,0.0
76,18,1s2.2s2.2p6.3s2.3p6,3p,3,1,6,1.5,p3,0,59,12.667818264554036,5,10,2,0,0,0,5,0,0,2,8,0,0,2,0,0,0,0,0,0,0,0,0,0,0,0,0.0,0.999997141632128,0.0
76,17,1s2.2s2.2p6.3s2.3p5,3p,3,1,5,1.5,p3,0,60,12.08347223011717,4,10,2,0,0,0,4,0,0,2,8,0,0,2,0,0,0,0,0,0,0,0,0,0,0,0,-0.6000000000000001,0.999997141632128,0.0
76,16,1s2.2s2.2p6.3s2.3p4,3p,3,1,4,1.5,p3,0,61,11.49928244974415,3,10,2,0,0,0,3,0,0,2,8,0,0,2,0,0,0,0,0,0,0,0,0,0,0,0,-1.2,0.999997141632128,0.0
76,15,1s2.2s2.2p6.3s2.3p3,3p,3,1,3,1.5,p3,0,62,10.730818199117742,2,10,2,0,0,0,2,0,0,2,8,0,0,2,0,0,0,0,0,0,0,0,0,0,0,0,1.2,0.999997141632128,0.0
76,14,1s2.2s2.2p6.3s2.3p2,3p,3,1,2,0.5,p1,0,63,10.145247180423096,1,10,2,0,0,0,1,0,0,2,8,0,0,2,0,0,0,0,0,0,0,0,0,0,0,0,0.6,0.999997141632128,0.0
76,13,1s2.2s2.2p6.3s2.3p1,3p,3,1,1,0.5,p1,0,64,9.559774441642945,0,10,2,0,0,0,0,0,0,2,8,0,0,2,0,0,0,0,0,0,0,0,0,0,0,0,0.0,0.999997141632128,0.0
76,12,1s2.2s2.2p6.3s2,3s,3,0,2,0.5,s,0,65,8.35113401342552,1,8,2,0,0,1,0,0,0,0,8,0,0,2,0,0,0,0,0,0,0,0,0,0,0,0,0.0,0.999997141632128,0.0
76,11,1s2.2s2.2p6.3s1,3s,3,0,1,0.5,s,0,66,7.7856408855844075,0,8,2,0,0,0,0,0,0,0,8,0,0,2,0,0,0,0,0,0,0,0,0,0,0,0,0.0,0.999997141632128,0.0
76,10,1s2.2s2.2p6,2p,2,1,6,1.5,p3,0,67,6.545979557232126,5,4,0,0,0,0,5,0,0,2,2,0,0,0,0,0,0,0,0,0,0,0,0,0,0,0,0.0,0.999997141632128,0.0
76,9,1s2.2s2.2p5,2p,2,1,5,1.5,p3,0,68,5.88972955723213,4,4,0,0,0,0,4,0,0,2,2,0,0,0,0,0,0,0,0,0,0,0,0,0,0,0,-0.6000000000000001,0.999997141632128,0.0
76,8,1s2.2s2.2p4,2p,2,1,4,1.5,p3,0,69,5.233479557232133,3,4,0,0,0,0,3,0,0,2,2,0,0,0,0,0,0,0,0,0,0,0,0,0,0,0,-1.2,0.999997141632128,0.0
76,7,1s2.2s2.2p3,2p,2,1,3,1.5,p3,0,70,4.378670782625834,2,4,0,0,0,0,2,0,0,2,2,0,0,0,0,0,0,0,0,0,0,0,0,0,0,0,1.2,0.999997141632128,0.0
76,6,1s2.2s2.2p2,2p,2,1,2,0.5,p1,0,71,3.7253535771907345,1,4,0,0,0,0,1,0,0,2,2,0,0,0,0,0,0,0,0,0,0,0,0,0,0,0,0.6,0.999997141632128,0.0
76,5,1s2.2s2.2p1,2p,2,1,1,0.5,p1,0,72,3.0730091792350134,0,4,0,0,0,0,0,0,0,2,2,0,0,0,0,0,0,0,0,0,0,0,0,0,0,0,0.0,0.999997141632128,0.0
76,4,1s2.2s2,2s,2,0,2,0.5,s,0,73,2.145875983124917,1,2,0,0,0,1,0,0,0,0,2,0,0,0,0,0,0,0,0,0,0,0,0,0,0,0,0.0,0.999997141632128,29.22590578424963
76,3,1s2.2s1,2s,2,0,1,0.5,s,0,74,1.5912208504801093,0,2,0,0,0,0,0,0,0,0,2,0,0,0,0,0,0,0,0,0,0,0,0,0,0,0,0.0,0.999997141632128,29.22590578424963
76,2,1s2,1s,1,0,2,0.5,s,0,75,0.625,1,0,0,0,0,1,0,0,0,0,0,0,0,0,0,0,0,0,0,0,0,0,0,0,0,0,0.0,0.999997141632128,172.18697273824134
76,1,1s1,1s,1,0,1,0.5,s,0,76,0.0,0,0,0,0,0,0,0,0,0,0,0,0,0,0,0,0,0,0,0,0,0,0,0,0,0,0,0.0,0.999997141632128,172.18697273824134
77,77,1s2.2s2.2p6.3s2.3p6.3d10.4s2.4p6.4d10.4f14.5s2.5p6.5d7.6s2,6s,6,0,2,0.5,s,0,1,59.23255113971658,1,15,60,0,0,1,0,0,0,0,8,7,0,8,24,0,0,0,0,0,0,0,0,0,28,0,0.0,0.9999971564574008,0.0
77,76,1s2.2s2.2p6.3s2.3p6.3d10.4s2.4p6.4d10.4f14.5s2.5p6.5d7.6s1,6s,6,0,1,0.5,s,0,2,58.595340104827116,0,15,60,0,0,0,0,0,0,0,8,7,0,8,24,0,0,0,0,0,0,0,0,0,28,0,0.0,0.9999971564574008,0.0
77,75,1s2.2s2.2p6.3s2.3p6.3d10.4s2.4p6.4d10.4f14.5s2.5p6.5d7,5d,5,2,7,2.5,d,0,3,58.33796442882129,6,0,0,68,0,0,0,6,0,0,0,0,0,0,0,16,10,14,0,0,0,0,0,0,0,28,-1.6666666666666665,0.9999971564574008,0.0
77,74,1s2.2s2.2p6.3s2.3p6.3d10.4s2.4p6.4d10.4f14.5s2.5p6.5d6,5d,5,2,6,2.5,d,0,4,57.74816552097457,5,0,0,68,0,0,0,5,0,0,0,0,0,0,0,16,10,14,0,0,0,0,0,0,0,28,-2.2222222222222223,0.9999971564574008,0.0
77,73,1s2.2s2.2p6.3s2.3p6.3d10.4s2.4p6.4d10.4f14.5s2.5p6.5d5,5d,5,2,5,2.5,d,0,5,56.939981578454784,4,0,0,68,0,0,0,4,0,0,0,0,0,0,0,16,10,14,0,0,0,0,0,0,0,28,2.2222222222222223,0.9999971564574008,0.0
77,72,1s2.2s2.2p6.3s2.3p6.3d10.4s2.4p6.4d10.4f14.5s2.5p6.5d4,5d,5,2,4,1.5,d,0,6,56.35018267060813,3,0,0,68,0,0,0,3,0,0,0,0,0,0,0,16,10,14,0,0,0,0,0,0,0,28,1.6666666666666667,0.9999971564574008,0.0
77,71,1s2.2s2.2p6.3s2.3p6.3d10.4s2.4p6.4d10.4f14.5s2.5p6.5d3,5d,5,2,3,1.5,d,0,7,55.72325445791909,2,0,0,68,0,0,0,2,0,0,0,0,0,0,0,16,10,14,0,0,0,0,0,0,0,28,1.1111111111111112,0.9999971564574008,0.0
77,70,1s2.2s2.2p6.3s2.3p6.3d10.4s2.4p6.4d10.4f14.5s2.5p6.5d2,5d,5,2,2,1.5,d,0,8,55.09632624522511,1,0,0,68,0,0,0,1,0,0,0,0,0,0,0,16,10,14,0,0,0,0,0,0,0,28,0.5555555555555556,0.9999971564574008,0.0
77,69,1s2.2s2.2p6.3s2.3p6.3d10.4s2.4p6.4d10.4f14.5s2.5p6.5d1,5d,5,2,1,1.5,d,0,9,54.50652733738305,0,0,0,68,0,0,0,0,0,0,0,0,0,0,0,16,10,14,0,0,0,0,0,0,0,28,0.0,0.9999971564574008,0.0
77,68,1s2.2s2.2p6.3s2.3p6.3d10.4s2.4p6.4d10.4f14.5s2.5p6,5p,5,1,6,1.5,p3,0,10,51.291318007282406,5,34,28,0,0,0,5,0,0,2,8,10,14,8,10,0,0,0,0,0,0,0,0,0,10,0,0.0,0.9999971564574008,0.0
77,67,1s2.2s2.2p6.3s2.3p6.3d10.4s2.4p6.4d10.4f14.5s2.5p5,5p,5,1,5,1.5,p3,0,11,50.7422457416599,4,34,28,0,0,0,4,0,0,2,8,10,14,8,10,0,0,0,0,0,0,0,0,0,10,0,-0.6000000000000001,0.9999971564574008,0.0
77,66,1s2.2s2.2p6.3s2.3p6.3d10.4s2.4p6.4d10.4f14.5s2.5p4,5p,5,1,4,1.5,p3,0,12,50.193173476032534,3,34,28,0,0,0,3,0,0,2,8,10,14,8,10,0,0,0,0,0,0,0,0,0,10,0,-1.2,0.9999971564574008,0.0
77,65,1s2.2s2.2p6.3s2.3p6.3d10.4s2.4p6.4d10.4f14.5s2.5p3,5p,5,1,3,1.5,p3,0,13,49.453854628378465,2,34,28,0,0,0,2,0,0,2,8,10,14,8,10,0,0,0,0,0,0,0,0,0,10,0,1.2,0.9999971564574008,0.0
77,64,1s2.2s2.2p6.3s2.3p6.3d10.4s2.4p6.4d10.4f14.5s2.5p2,5p,5,1,2,0.5,p1,0,14,48.904782362751156,1,34,28,0,0,0,1,0,0,2,8,10,14,8,10,0,0,0,0,0,0,0,0,0,10,0,0.6,0.9999971564574008,0.0
77,63,1s2.2s2.2p6.3s2.3p6.3d10.4s2.4p6.4d10.4f14.5s2.5p1,5p,5,1,1,0.5,p1,0,15,48.348958444362786,0,34,28,0,0,0,0,0,0,2,8,10,14,8,10,0,0,0,0,0,0,0,0,0,10,0,0.0,0.9999971564574008,0.0
77,62,1s2.2s2.2p6.3s2.3p6.3d10.4s2.4p6.4d10.4f14.5s2,4f,4,3,14,3.5,f,0,16,49.8024669236479,13,0,0,46,2,0,0,0,13,0,0,0,0,0,0,0,0,0,36,0,0,0,0,2,0,10,0.0,0.9999971564574008,0.0
77,61,1s2.2s2.2p6.3s2.3p6.3d10.4s2.4p6.4d10.4f13.5s2,4f,4,3,13,3.5,f,0,17,49.06335601827709,12,0,0,46,2,0,0,0,12,0,0,0,0,0,0,0,0,0,36,0,0,0,0,2,0,10,-0.5384615384615383,0.9999971564574008,0.0
77,60,1s2.2s2.2p6.3s2.3p6.3d10.4s2.4p6.4d10.4f12.5s2,5s,5,0,2,0.5,s,0,18,44.99076118321095,1,30,28,0,0,1,0,0,0,0,8,10,12,8,10,0,0,0,0,0,0,0,0,0,10,0,0.0,0.9999971564574008,0.0
77,59,1s2.2s2.2p6.3s2.3p6.3d10.4s2.4p6.4d10.4f12.5s1,5s,5,0,1,0.5,s,0,19,44.379383014998155,0,30,28,0,0,0,0,0,0,0,8,10,12,8,10,0,0,0,0,0,0,0,0,0,10,0,0.0,0.9999971564574008,0.0
77,58,1s2.2s2.2p6.3s2.3p6.3d10.4s2.4p6.4d10.4f12,4f,4,3,12,3.5,f,0,20,47.365159080568446,11,0,0,46,0,0,0,0,11,0,0,0,0,0,0,0,0,0,36,0,0,0,0,0,0,10,-1.0769230769230766,0.9999971564574008,0.0
77,57,1s2.2s2.2p6.3s2.3p6.3d10.4s2.4p6.4d10.4f11,4f,4,3,11,3.5,f,0,21,46.56470817701302,10,0,0,46,0,0,0,0,10,0,0,0,0,0,0,0,0,0,36,0,0,0,0,0,0,10,-1.615384615384615,0.9999971564574008,0.0
77,56,1s2.2s2.2p6.3s2.3p6.3d10.4s2.4p6.4d10.4f10,4f,4,3,10,3.5,f,0,22,45.76175948408627,9,0,0,46,0,0,0,0,9,0,0,0,0,0,0,0,0,0,36,0,0,0,0,0,0,10,-2.153846153846154,0.9999971564574008,0.0
77,55,1s2.2s2.2p6.3s2.3p6.3d10.4s2.4p6.4d10.4f9,4f,4,3,9,3.5,f,0,23,45.00482525620487,8,0,0,46,0,0,0,0,8,0,0,0,0,0,0,0,0,0,36,0,0,0,0,0,0,10,-2.6923076923076925,0.9999971564574008,0.0
77,54,1s2.2s2.2p6.3s2.3p6.3d10.4s2.4p6.4d10.4f8,4f,4,3,8,3.5,f,0,24,44.26571435083406,7,0,0,46,0,0,0,0,7,0,0,0,0,0,0,0,0,0,36,0,0,0,0,0,0,10,-3.230769230769231,0.9999971564574008,0.0
77,53,1s2.2s2.2p6.3s2.3p6.3d10.4s2.4p6.4d10.4f7,4f,4,3,7,3.5,f,0,25,43.235453992296016,6,0,0,46,0,0,0,0,6,0,0,0,0,0,0,0,0,0,36,0,0,0,0,0,0,10,3.230769230769231,0.9999971564574008,0.0
77,52,1s2.2s2.2p6.3s2.3p6.3d10.4s2.4p6.4d10.4f6,4f,4,3,6,2.5,f,0,26,42.49634308692566,5,0,0,46,0,0,0,0,5,0,0,0,0,0,0,0,0,0,36,0,0,0,0,0,0,10,2.6923076923076925,0.9999971564574008,0.0
77,51,1s2.2s2.2p6.3s2.3p6.3d10.4s2.4p6.4d10.4f5,4f,4,3,5,2.5,f,0,27,41.739408859043806,4,0,0,46,0,0,0,0,4,0,0,0,0,0,0,0,0,0,36,0,0,0,0,0,0,10,2.1538461538461537,0.9999971564574008,0.0
77,50,1s2.2s2.2p6.3s2.3p6.3d10.4s2.4p6.4d10.4f4,4f,4,3,4,2.5,f,0,28,40.937916324885464,3,0,0,46,0,0,0,0,3,0,0,0,0,0,0,0,0,0,36,0,0,0,0,0,0,10,1.6153846153846154,0.9999971564574008,0.0
77,49,1s2.2s2.2p6.3s2.3p6.3d10.4s2.4p6.4d10.4f3,4f,4,3,3,2.5,f,0,29,40.136423790726894,2,0,0,46,0,0,0,0,2,0,0,0,0,0,0,0,0,0,36,0,0,0,0,0,0,10,1.0769230769230769,0.9999971564574008,0.0
77,48,1s2.2s2.2p6.3s2.3p6.3d10.4s2.4p6.4d10.4f2,4f,4,3,2,2.5,f,0,30,39.37948956284549,1,0,0,46,0,0,0,0,1,0,0,0,0,0,0,0,0,0,36,0,0,0,0,0,0,10,0.5384615384615384,0.9999971564574008,0.0
77,47,1s2.2s2.2p6.3s2.3p6.3d10.4s2.4p6.4d10.4f1,4f,4,3,1,2.5,f,0,31,38.640378657474685,0,0,0,46,0,0,0,0,0,0,0,0,0,0,0,0,0,0,36,0,0,0,0,0,0,10,0.0,0.9999971564574008,0.0
77,46,1s2.2s2.2p6.3s2.3p6.3d10.4s2.4p6.4d10,4d,4,2,10,2.5,d,0,32,35.18427854681272,9,0,0,36,0,0,0,9,0,0,0,0,0,0,0,16,10,0,0,0,0,0,0,0,0,10,0.0,0.9999971564574008,0.0
77,45,1s2.2s2.2p6.3s2.3p6.3d10.4s2.4p6.4d9,4d,4,2,9,2.5,d,0,33,34.56268954011648,8,0,0,36,0,0,0,8,0,0,0,0,0,0,0,16,10,0,0,0,0,0,0,0,0,10,-0.5555555555555554,0.9999971564574008,0.0
77,44,1s2.2s2.2p6.3s2.3p6.3d10.4s2.4p6.4d8,4d,4,2,8,2.5,d,0,34,33.90183225775024,7,0,0,36,0,0,0,7,0,0,0,0,0,0,0,16,10,0,0,0,0,0,0,0,0,10,-1.1111111111111112,0.9999971564574008,0.0
77,43,1s2.2s2.2p6.3s2.3p6.3d10.4s2.4p6.4d7,4d,4,2,7,2.5,d,0,35,33.24097497538423,6,0,0,36,0,0,0,6,0,0,0,0,0,0,0,16,10,0,0,0,0,0,0,0,0,10,-1.6666666666666665,0.9999971564574008,0.0
77,42,1s2.2s2.2p6.3s2.3p6.3d10.4s2.4p6.4d6,4d,4,2,6,2.5,d,0,36,32.619385968687766,5,0,0,36,0,0,0,5,0,0,0,0,0,0,0,16,10,0,0,0,0,0,0,0,0,10,-2.2222222222222223,0.9999971564574008,0.0
77,41,1s2.2s2.2p6.3s2.3p6.3d10.4s2.4p6.4d5,4d,4,2,5,2.5,d,0,37,31.77042966985971,4,0,0,36,0,0,0,4,0,0,0,0,0,0,0,16,10,0,0,0,0,0,0,0,0,10,2.2222222222222223,0.9999971564574008,0.0
77,40,1s2.2s2.2p6.3s2.3p6.3d10.4s2.4p6.4d4,4d,4,2,4,1.5,d,0,38,31.14884066316324,3,0,0,36,0,0,0,3,0,0,0,0,0,0,0,16,10,0,0,0,0,0,0,0,0,10,1.6666666666666667,0.9999971564574008,0.0
77,39,1s2.2s2.2p6.3s2.3p6.3d10.4s2.4p6.4d3,4d,4,2,3,1.5,d,0,39,30.487983380797118,2,0,0,36,0,0,0,2,0,0,0,0,0,0,0,16,10,0,0,0,0,0,0,0,0,10,1.1111111111111112,0.9999971564574008,0.0
77,38,1s2.2s2.2p6.3s2.3p6.3d10.4s2.4p6.4d2,4d,4,2,2,1.5,d,0,40,29.82712609843111,1,0,0,36,0,0,0,1,0,0,0,0,0,0,0,16,10,0,0,0,0,0,0,0,0,10,0.5555555555555556,0.9999971564574008,0.0
77,37,1s2.2s2.2p6.3s2.3p6.3d10.4s2.4p6.4d1,4d,4,2,1,1.5,d,0,41,29.20553709173464,0,0,0,36,0,0,0,0,0,0,0,0,0,0,0,16,10,0,0,0,0,0,0,0,0,10,0.0,0.9999971564574008,0.0
77,36,1s2.2s2.2p6.3s2.3p6.3d10.4s2.4p6,4p,4,1,6,1.5,p3,0,42,26.676544772007787,5,20,10,0,0,0,5,0,0,2,8,10,0,8,0,0,0,0,0,0,0,0,0,0,2,0,0.0,0.9999971564574008,0.0
77,35,1s2.2s2.2p6.3s2.3p6.3d10.4s2.4p5,4p,4,1,5,1.5,p3,0,43,26.117340670445287,4,20,10,0,0,0,4,0,0,2,8,10,0,8,0,0,0,0,0,0,0,0,0,0,2,0,-0.6000000000000001,0.9999971564574008,0.0
77,34,1s2.2s2.2p6.3s2.3p6.3d10.4s2.4p4,4p,4,1,4,1.5,p3,0,44,25.558136568882787,3,20,10,0,0,0,3,0,0,2,8,10,0,8,0,0,0,0,0,0,0,0,0,0,2,0,-1.2,0.9999971564574008,0.0
77,33,1s2.2s2.2p6.3s2.3p6.3d10.4s2.4p3,4p,4,1,3,1.5,p3,0,45,24.807678805211026,2,20,10,0,0,0,2,0,0,2,8,10,0,8,0,0,0,0,0,0,0,0,0,0,2,0,1.2,0.9999971564574008,0.0
77,32,1s2.2s2.2p6.3s2.3p6.3d10.4s2.4p2,4p,4,1,2,0.5,p1,0,46,24.24270156046225,1,20,10,0,0,0,1,0,0,2,8,10,0,8,0,0,0,0,0,0,0,0,0,0,2,0,0.6,0.9999971564574008,0.0
77,31,1s2.2s2.2p6.3s2.3p6.3d10.4s2.4p1,4p,4,1,1,0.5,p1,0,47,23.681451647104154,0,20,10,0,0,0,0,0,0,2,8,10,0,8,0,0,0,0,0,0,0,0,0,0,2,0,0.0,0.9999971564574008,0.0
77,30,1s2.2s2.2p6.3s2.3p6.3d10.4s2,4s,4,0,2,0.5,s,0,48,22.126593730819764,1,18,10,0,0,1,0,0,0,0,8,10,0,8,0,0,0,0,0,0,0,0,0,0,2,0,0.0,0.9999971564574008,0.0
77,29,1s2.2s2.2p6.3s2.3p6.3d10.4s1,4s,4,0,1,0.5,s,0,49,21.554071296483926,0,18,10,0,0,0,0,0,0,0,8,10,0,8,0,0,0,0,0,0,0,0,0,0,2,0,0.0,0.9999971564574008,0.0
77,28,1s2.2s2.2p6.3s2.3p6.3d10,3d,3,2,10,2.5,d,0,50,21.379455336979806,9,0,0,18,0,0,0,9,0,0,0,0,0,0,0,16,0,0,0,0,0,0,0,0,0,2,0.0,0.9999971564574008,0.0
77,27,1s2.2s2.2p6.3s2.3p6.3d9,3d,3,2,9,2.5,d,0,51,20.677223194122995,8,0,0,18,0,0,0,8,0,0,0,0,0,0,0,16,0,0,0,0,0,0,0,0,0,2,-0.5555555555555554,0.9999971564574008,0.0
77,26,1s2.2s2.2p6.3s2.3p6.3d8,3d,3,2,8,2.5,d,0,52,19.92856167011884,7,0,0,18,0,0,0,7,0,0,0,0,0,0,0,16,0,0,0,0,0,0,0,0,0,2,-1.1111111111111112,0.9999971564574008,0.0
77,25,1s2.2s2.2p6.3s2.3p6.3d7,3d,3,2,7,2.5,d,0,53,19.180019458485546,6,0,0,18,0,0,0,6,0,0,0,0,0,0,0,16,0,0,0,0,0,0,0,0,0,2,-1.6666666666666665,0.9999971564574008,0.0
77,24,1s2.2s2.2p6.3s2.3p6.3d6,3d,3,2,6,2.5,d,0,54,18.477999944610033,5,0,0,18,0,0,0,5,0,0,0,0,0,0,0,16,0,0,0,0,0,0,0,0,0,2,-2.2222222222222223,0.9999971564574008,0.0
77,23,1s2.2s2.2p6.3s2.3p6.3d5,3d,3,2,5,2.5,d,0,55,17.516342790782076,4,0,0,18,0,0,0,4,0,0,0,0,0,0,0,16,0,0,0,0,0,0,0,0,0,2,2.2222222222222223,0.9999971564574008,0.0
77,22,1s2.2s2.2p6.3s2.3p6.3d4,3d,3,2,4,1.5,d,0,56,16.81369270190474,3,0,0,18,0,0,0,3,0,0,0,0,0,0,0,16,0,0,0,0,0,0,0,0,0,2,1.6666666666666667,0.9999971564574008,0.0
77,21,1s2.2s2.2p6.3s2.3p6.3d3,3d,3,2,3,1.5,d,0,57,16.06581898178117,2,0,0,18,0,0,0,2,0,0,0,0,0,0,0,16,0,0,0,0,0,0,0,0,0,2,1.1111111111111112,0.9999971564574008,0.0
77,20,1s2.2s2.2p6.3s2.3p6.3d2,3d,3,2,2,1.5,d,0,58,15.318236242385085,1,0,0,18,0,0,0,1,0,0,0,0,0,0,0,16,0,0,0,0,0,0,0,0,0,2,0.5555555555555556,0.9999971564574008,0.0
77,19,1s2.2s2.2p6.3s2.3p6.3d1,3d,3,2,1,1.5,d,0,59,14.615753461451872,0,0,0,18,0,0,0,0,0,0,0,0,0,0,0,16,0,0,0,0,0,0,0,0,0,2,0.0,0.9999971564574008,0.0
77,18,1s2.2s2.2p6.3s2.3p6,3p,3,1,6,1.5,p3,0,60,12.667818264554036,5,10,2,0,0,0,5,0,0,2,8,0,0,2,0,0,0,0,0,0,0,0,0,0,0,0,0.0,0.9999971564574008,0.0
77,17,1s2.2s2.2p6.3s2.3p5,3p,3,1,5,1.5,p3,0,61,12.08347223011717,4,10,2,0,0,0,4,0,0,2,8,0,0,2,0,0,0,0,0,0,0,0,0,0,0,0,-0.6000000000000001,0.9999971564574008,0.0
77,16,1s2.2s2.2p6.3s2.3p4,3p,3,1,4,1.5,p3,0,62,11.49928244974415,3,10,2,0,0,0,3,0,0,2,8,0,0,2,0,0,0,0,0,0,0,0,0,0,0,0,-1.2,0.9999971564574008,0.0
77,15,1s2.2s2.2p6.3s2.3p3,3p,3,1,3,1.5,p3,0,63,10.730818199117742,2,10,2,0,0,0,2,0,0,2,8,0,0,2,0,0,0,0,0,0,0,0,0,0,0,0,1.2,0.9999971564574008,0.0
77,14,1s2.2s2.2p6.3s2.3p2,3p,3,1,2,0.5,p1,0,64,10.145247180423096,1,10,2,0,0,0,1,0,0,2,8,0,0,2,0,0,0,0,0,0,0,0,0,0,0,0,0.6,0.9999971564574008,0.0
77,13,1s2.2s2.2p6.3s2.3p1,3p,3,1,1,0.5,p1,0,65,9.559774441642945,0,10,2,0,0,0,0,0,0,2,8,0,0,2,0,0,0,0,0,0,0,0,0,0,0,0,0.0,0.9999971564574008,0.0
77,12,1s2.2s2.2p6.3s2,3s,3,0,2,0.5,s,0,66,8.35113401342552,1,8,2,0,0,1,0,0,0,0,8,0,0,2,0,0,0,0,0,0,0,0,0,0,0,0,0.0,0.9999971564574008,0.0
77,11,1s2.2s2.2p6.3s1,3s,3,0,1,0.5,s,0,67,7.7856408855844075,0,8,2,0,0,0,0,0,0,0,8,0,0,2,0,0,0,0,0,0,0,0,0,0,0,0,0.0,0.9999971564574008,0.0
77,10,1s2.2s2.2p6,2p,2,1,6,1.5,p3,0,68,6.545979557232126,5,4,0,0,0,0,5,0,0,2,2,0,0,0,0,0,0,0,0,0,0,0,0,0,0,0,0.0,0.9999971564574008,0.0
77,9,1s2.2s2.2p5,2p,2,1,5,1.5,p3,0,69,5.88972955723213,4,4,0,0,0,0,4,0,0,2,2,0,0,0,0,0,0,0,0,0,0,0,0,0,0,0,-0.6000000000000001,0.9999971564574008,0.0
77,8,1s2.2s2.2p4,2p,2,1,4,1.5,p3,0,70,5.233479557232133,3,4,0,0,0,0,3,0,0,2,2,0,0,0,0,0,0,0,0,0,0,0,0,0,0,0,-1.2,0.9999971564574008,0.0
77,7,1s2.2s2.2p3,2p,2,1,3,1.5,p3,0,71,4.378670782625834,2,4,0,0,0,0,2,0,0,2,2,0,0,0,0,0,0,0,0,0,0,0,0,0,0,0,1.2,0.9999971564574008,0.0
77,6,1s2.2s2.2p2,2p,2,1,2,0.5,p1,0,72,3.7253535771907345,1,4,0,0,0,0,1,0,0,2,2,0,0,0,0,0,0,0,0,0,0,0,0,0,0,0,0.6,0.9999971564574008,0.0
77,5,1s2.2s2.2p1,2p,2,1,1,0.5,p1,0,73,3.0730091792350134,0,4,0,0,0,0,0,0,0,2,2,0,0,0,0,0,0,0,0,0,0,0,0,0,0,0,0.0,0.9999971564574008,0.0
77,4,1s2.2s2,2s,2,0,2,0.5,s,0,74,2.145875983124917,1,2,0,0,0,1,0,0,0,0,2,0,0,0,0,0,0,0,0,0,0,0,0,0,0,0,0.0,0.9999971564574008,31.051153761122055
77,3,1s2.2s1,2s,2,0,1,0.5,s,0,75,1.5912208504801093,0,2,0,0,0,0,0,0,0,0,2,0,0,0,0,0,0,0,0,0,0,0,0,0,0,0,0.0,0.9999971564574008,31.051153761122055
77,2,1s2,1s,1,0,2,0.5,s,0,76,0.625,1,0,0,0,0,1,0,0,0,0,0,0,0,0,0,0,0,0,0,0,0,0,0,0,0,0,0.0,0.9999971564574008,181.91306162419255
77,1,1s1,1s,1,0,1,0.5,s,0,77,0.0,0,0,0,0,0,0,0,0,0,0,0,0,0,0,0,0,0,0,0,0,0,0,0,0,0,0,0.0,0.9999971564574008,181.91306162419255
78,78,1s2.2s2.2p6.3s2.3p6.3d10.4s2.4p6.4d10.4f14.5s2.5p6.5d9.6s1,6s,6,0,1,0.5,s,0,1,59.986284835825586,0,17,60,0,0,0,0,0,0,0,8,9,0,8,24,0,0,0,0,0,0,0,0,0,28,0,0.0,0.9999972000246398,0.0
78,77,1s2.2s2.2p6.3s2.3p6.3d10.4s2.4p6.4d10.4f14.5s2.5p6.5d9,5d,5,2,9,2.5,d,0,2,59.591820854204364,8,0,0,68,0,0,0,8,0,0,0,0,0,0,0,16,10,14,0,0,0,0,0,0,0,28,-0.5555555555555554,0.9999972000246398,0.0
78,76,1s2.2s2.2p6.3s2.3p6.3d10.4s2.4p6.4d10.4f14.5s2.5p6.5d8,5d,5,2,8,2.5,d,0,3,58.964892641510204,7,0,0,68,0,0,0,7,0,0,0,0,0,0,0,16,10,14,0,0,0,0,0,0,0,28,-1.1111111111111112,0.9999972000246398,0.0
78,75,1s2.2s2.2p6.3s2.3p6.3d10.4s2.4p6.4d10.4f14.5s2.5p6.5d7,5d,5,2,7,2.5,d,0,4,58.33796442882129,6,0,0,68,0,0,0,6,0,0,0,0,0,0,0,16,10,14,0,0,0,0,0,0,0,28,-1.6666666666666665,0.9999972000246398,0.0
78,74,1s2.2s2.2p6.3s2.3p6.3d10.4s2.4p6.4d10.4f14.5s2.5p6.5d6,5d,5,2,6,2.5,d,0,5,57.74816552097457,5,0,0,68,0,0,0,5,0,0,0,0,0,0,0,16,10,14,0,0,0,0,0,0,0,28,-2.2222222222222223,0.9999972000246398,0.0
78,73,1s2.2s2.2p6.3s2.3p6.3d10.4s2.4p6.4d10.4f14.5s2.5p6.5d5,5d,5,2,5,2.5,d,0,6,56.939981578454784,4,0,0,68,0,0,0,4,0,0,0,0,0,0,0,16,10,14,0,0,0,0,0,0,0,28,2.2222222222222223,0.9999972000246398,0.0
78,72,1s2.2s2.2p6.3s2.3p6.3d10.4s2.4p6.4d10.4f14.5s2.5p6.5d4,5d,5,2,4,1.5,d,0,7,56.35018267060813,3,0,0,68,0,0,0,3,0,0,0,0,0,0,0,16,10,14,0,0,0,0,0,0,0,28,1.6666666666666667,0.9999972000246398,0.0
78,71,1s2.2s2.2p6.3s2.3p6.3d10.4s2.4p6.4d10.4f14.5s2.5p6.5d3,5d,5,2,3,1.5,d,0,8,55.72325445791909,2,0,0,68,0,0,0,2,0,0,0,0,0,0,0,16,10,14,0,0,0,0,0,0,0,28,1.1111111111111112,0.9999972000246398,0.0
78,70,1s2.2s2.2p6.3s2.3p6.3d10.4s2.4p6.4d10.4f14.5s2.5p6.5d2,5d,5,2,2,1.5,d,0,9,55.09632624522511,1,0,0,68,0,0,0,1,0,0,0,0,0,0,0,16,10,14,0,0,0,0,0,0,0,28,0.5555555555555556,0.9999972000246398,0.0
78,69,1s2.2s2.2p6.3s2.3p6.3d10.4s2.4p6.4d10.4f14.5s2.5p6.5d1,5d,5,2,1,1.5,d,0,10,54.50652733738305,0,0,0,68,0,0,0,0,0,0,0,0,0,0,0,16,10,14,0,0,0,0,0,0,0,28,0.0,0.9999972000246398,0.0
78,68,1s2.2s2.2p6.3s2.3p6.3d10.4s2.4p6.4d10.4f14.5s2.5p6,5p,5,1,6,1.5,p3,0,11,51.291318007282406,5,34,28,0,0,0,5,0,0,2,8,10,14,8,10,0,0,0,0,0,0,0,0,0,10,0,0.0,0.9999972000246398,0.0
78,67,1s2.2s2.2p6.3s2.3p6.3d10.4s2.4p6.4d10.4f14.5s2.5p5,5p,5,1,5,1.5,p3,0,12,50.7422457416599,4,34,28,0,0,0,4,0,0,2,8,10,14,8,10,0,0,0,0,0,0,0,0,0,10,0,-0.6000000000000001,0.9999972000246398,0.0
78,66,1s2.2s2.2p6.3s2.3p6.3d10.4s2.4p6.4d10.4f14.5s2.5p4,5p,5,1,4,1.5,p3,0,13,50.193173476032534,3,34,28,0,0,0,3,0,0,2,8,10,14,8,10,0,0,0,0,0,0,0,0,0,10,0,-1.2,0.9999972000246398,0.0
78,65,1s2.2s2.2p6.3s2.3p6.3d10.4s2.4p6.4d10.4f14.5s2.5p3,5p,5,1,3,1.5,p3,0,14,49.453854628378465,2,34,28,0,0,0,2,0,0,2,8,10,14,8,10,0,0,0,0,0,0,0,0,0,10,0,1.2,0.9999972000246398,0.0
78,64,1s2.2s2.2p6.3s2.3p6.3d10.4s2.4p6.4d10.4f14.5s2.5p2,5p,5,1,2,0.5,p1,0,15,48.904782362751156,1,34,28,0,0,0,1,0,0,2,8,10,14,8,10,0,0,0,0,0,0,0,0,0,10,0,0.6,0.9999972000246398,0.0
78,63,1s2.2s2.2p6.3s2.3p6.3d10.4s2.4p6.4d10.4f14.5s2.5p1,5p,5,1,1,0.5,p1,0,16,48.348958444362786,0,34,28,0,0,0,0,0,0,2,8,10,14,8,10,0,0,0,0,0,0,0,0,0,10,0,0.0,0.9999972000246398,0.0
78,62,1s2.2s2.2p6.3s2.3p6.3d10.4s2.4p6.4d10.4f14.5s2,4f,4,3,14,3.5,f,0,17,49.8024669236479,13,0,0,46,2,0,0,0,13,0,0,0,0,0,0,0,0,0,36,0,0,0,0,2,0,10,0.0,0.9999972000246398,0.0
78,61,1s2.2s2.2p6.3s2.3p6.3d10.4s2.4p6.4d10.4f13.5s2,4f,4,3,13,3.5,f,0,18,49.06335601827709,12,0,0,46,2,0,0,0,12,0,0,0,0,0,0,0,0,0,36,0,0,0,0,2,0,10,-0.5384615384615383,0.9999972000246398,0.0
78,60,1s2.2s2.2p6.3s2.3p6.3d10.4s2.4p6.4d10.4f12.5s2,5s,5,0,2,0.5,s,0,19,44.99076118321095,1,30,28,0,0,1,0,0,0,0,8,10,12,8,10,0,0,0,0,0,0,0,0,0,10,0,0.0,0.9999972000246398,0.0
78,59,1s2.2s2.2p6.3s2.3p6.3d10.4s2.4p6.4d10.4f12.5s1,5s,5,0,1,0.5,s,0,20,44.379383014998155,0,30,28,0,0,0,0,0,0,0,8,10,12,8,10,0,0,0,0,0,0,0,0,0,10,0,0.0,0.9999972000246398,0.0
78,58,1s2.2s2.2p6.3s2.3p6.3d10.4s2.4p6.4d10.4f12,4f,4,3,12,3.5,f,0,21,47.365159080568446,11,0,0,46,0,0,0,0,11,0,0,0,0,0,0,0,0,0,36,0,0,0,0,0,0,10,-1.0769230769230766,0.9999972000246398,0.0
78,57,1s2.2s2.2p6.3s2.3p6.3d10.4s2.4p6.4d10.4f11,4f,4,3,11,3.5,f,0,22,46.56470817701302,10,0,0,46,0,0,0,0,10,0,0,0,0,0,0,0,0,0,36,0,0,0,0,0,0,10,-1.615384615384615,0.9999972000246398,0.0
78,56,1s2.2s2.2p6.3s2.3p6.3d10.4s2.4p6.4d10.4f10,4f,4,3,10,3.5,f,0,23,45.76175948408627,9,0,0,46,0,0,0,0,9,0,0,0,0,0,0,0,0,0,36,0,0,0,0,0,0,10,-2.153846153846154,0.9999972000246398,0.0
78,55,1s2.2s2.2p6.3s2.3p6.3d10.4s2.4p6.4d10.4f9,4f,4,3,9,3.5,f,0,24,45.00482525620487,8,0,0,46,0,0,0,0,8,0,0,0,0,0,0,0,0,0,36,0,0,0,0,0,0,10,-2.6923076923076925,0.9999972000246398,0.0
78,54,1s2.2s2.2p6.3s2.3p6.3d10.4s2.4p6.4d10.4f8,4f,4,3,8,3.5,f,0,25,44.26571435083406,7,0,0,46,0,0,0,0,7,0,0,0,0,0,0,0,0,0,36,0,0,0,0,0,0,10,-3.230769230769231,0.9999972000246398,0.0
78,53,1s2.2s2.2p6.3s2.3p6.3d10.4s2.4p6.4d10.4f7,4f,4,3,7,3.5,f,0,26,43.235453992296016,6,0,0,46,0,0,0,0,6,0,0,0,0,0,0,0,0,0,36,0,0,0,0,0,0,10,3.230769230769231,0.9999972000246398,0.0
78,52,1s2.2s2.2p6.3s2.3p6.3d10.4s2.4p6.4d10.4f6,4f,4,3,6,2.5,f,0,27,42.49634308692566,5,0,0,46,0,0,0,0,5,0,0,0,0,0,0,0,0,0,36,0,0,0,0,0,0,10,2.6923076923076925,0.9999972000246398,0.0
78,51,1s2.2s2.2p6.3s2.3p6.3d10.4s2.4p6.4d10.4f5,4f,4,3,5,2.5,f,0,28,41.739408859043806,4,0,0,46,0,0,0,0,4,0,0,0,0,0,0,0,0,0,36,0,0,0,0,0,0,10,2.1538461538461537,0.9999972000246398,0.0
78,50,1s2.2s2.2p6.3s2.3p6.3d10.4s2.4p6.4d10.4f4,4f,4,3,4,2.5,f,0,29,40.937916324885464,3,0,0,46,0,0,0,0,3,0,0,0,0,0,0,0,0,0,36,0,0,0,0,0,0,10,1.6153846153846154,0.9999972000246398,0.0
78,49,1s2.2s2.2p6.3s2.3p6.3d10.4s2.4p6.4d10.4f3,4f,4,3,3,2.5,f,0,30,40.136423790726894,2,0,0,46,0,0,0,0,2,0,0,0,0,0,0,0,0,0,36,0,0,0,0,0,0,10,1.0769230769230769,0.9999972000246398,0.0
78,48,1s2.2s2.2p6.3s2.3p6.3d10.4s2.4p6.4d10.4f2,4f,4,3,2,2.5,f,0,31,39.37948956284549,1,0,0,46,0,0,0,0,1,0,0,0,0,0,0,0,0,0,36,0,0,0,0,0,0,10,0.5384615384615384,0.9999972000246398,0.0
78,47,1s2.2s2.2p6.3s2.3p6.3d10.4s2.4p6.4d10.4f1,4f,4,3,1,2.5,f,0,32,38.640378657474685,0,0,0,46,0,0,0,0,0,0,0,0,0,0,0,0,0,0,36,0,0,0,0,0,0,10,0.0,0.9999972000246398,0.0
78,46,1s2.2s2.2p6.3s2.3p6.3d10.4s2.4p6.4d10,4d,4,2,10,2.5,d,0,33,35.18427854681272,9,0,0,36,0,0,0,9,0,0,0,0,0,0,0,16,10,0,0,0,0,0,0,0,0,10,0.0,0.9999972000246398,0.0
78,45,1s2.2s2.2p6.3s2.3p6.3d10.4s2.4p6.4d9,4d,4,2,9,2.5,d,0,34,34.56268954011648,8,0,0,36,0,0,0,8,0,0,0,0,0,0,0,16,10,0,0,0,0,0,0,0,0,10,-0.5555555555555554,0.9999972000246398,0.0
78,44,1s2.2s2.2p6.3s2.3p6.3d10.4s2.4p6.4d8,4d,4,2,8,2.5,d,0,35,33.90183225775024,7,0,0,36,0,0,0,7,0,0,0,0,0,0,0,16,10,0,0,0,0,0,0,0,0,10,-1.1111111111111112,0.9999972000246398,0.0
78,43,1s2.2s2.2p6.3s2.3p6.3d10.4s2.4p6.4d7,4d,4,2,7,2.5,d,0,36,33.24097497538423,6,0,0,36,0,0,0,6,0,0,0,0,0,0,0,16,10,0,0,0,0,0,0,0,0,10,-1.6666666666666665,0.9999972000246398,0.0
78,42,1s2.2s2.2p6.3s2.3p6.3d10.4s2.4p6.4d6,4d,4,2,6,2.5,d,0,37,32.619385968687766,5,0,0,36,0,0,0,5,0,0,0,0,0,0,0,16,10,0,0,0,0,0,0,0,0,10,-2.2222222222222223,0.9999972000246398,0.0
78,41,1s2.2s2.2p6.3s2.3p6.3d10.4s2.4p6.4d5,4d,4,2,5,2.5,d,0,38,31.77042966985971,4,0,0,36,0,0,0,4,0,0,0,0,0,0,0,16,10,0,0,0,0,0,0,0,0,10,2.2222222222222223,0.9999972000246398,0.0
78,40,1s2.2s2.2p6.3s2.3p6.3d10.4s2.4p6.4d4,4d,4,2,4,1.5,d,0,39,31.14884066316324,3,0,0,36,0,0,0,3,0,0,0,0,0,0,0,16,10,0,0,0,0,0,0,0,0,10,1.6666666666666667,0.9999972000246398,0.0
78,39,1s2.2s2.2p6.3s2.3p6.3d10.4s2.4p6.4d3,4d,4,2,3,1.5,d,0,40,30.487983380797118,2,0,0,36,0,0,0,2,0,0,0,0,0,0,0,16,10,0,0,0,0,0,0,0,0,10,1.1111111111111112,0.9999972000246398,0.0
78,38,1s2.2s2.2p6.3s2.3p6.3d10.4s2.4p6.4d2,4d,4,2,2,1.5,d,0,41,29.82712609843111,1,0,0,36,0,0,0,1,0,0,0,0,0,0,0,16,10,0,0,0,0,0,0,0,0,10,0.5555555555555556,0.9999972000246398,0.0
78,37,1s2.2s2.2p6.3s2.3p6.3d10.4s2.4p6.4d1,4d,4,2,1,1.5,d,0,42,29.20553709173464,0,0,0,36,0,0,0,0,0,0,0,0,0,0,0,16,10,0,0,0,0,0,0,0,0,10,0.0,0.9999972000246398,0.0
78,36,1s2.2s2.2p6.3s2.3p6.3d10.4s2.4p6,4p,4,1,6,1.5,p3,0,43,26.676544772007787,5,20,10,0,0,0,5,0,0,2,8,10,0,8,0,0,0,0,0,0,0,0,0,0,2,0,0.0,0.9999972000246398,0.0
78,35,1s2.2s2.2p6.3s2.3p6.3d10.4s2.4p5,4p,4,1,5,1.5,p3,0,44,26.117340670445287,4,20,10,0,0,0,4,0,0,2,8,10,0,8,0,0,0,0,0,0,0,0,0,0,2,0,-0.6000000000000001,0.9999972000246398,0.0
78,34,1s2.2s2.2p6.3s2.3p6.3d10.4s2.4p4,4p,4,1,4,1.5,p3,0,45,25.558136568882787,3,20,10,0,0,0,3,0,0,2,8,10,0,8,0,0,0,0,0,0,0,0,0,0,2,0,-1.2,0.9999972000246398,0.0
78,33,1s2.2s2.2p6.3s2.3p6.3d10.4s2.4p3,4p,4,1,3,1.5,p3,0,46,24.807678805211026,2,20,10,0,0,0,2,0,0,2,8,10,0,8,0,0,0,0,0,0,0,0,0,0,2,0,1.2,0.9999972000246398,0.0
78,32,1s2.2s2.2p6.3s2.3p6.3d10.4s2.4p2,4p,4,1,2,0.5,p1,0,47,24.24270156046225,1,20,10,0,0,0,1,0,0,2,8,10,0,8,0,0,0,0,0,0,0,0,0,0,2,0,0.6,0.9999972000246398,0.0
78,31,1s2.2s2.2p6.3s2.3p6.3d10.4s2.4p1,4p,4,1,1,0.5,p1,0,48,23.681451647104154,0,20,10,0,0,0,0,0,0,2,8,10,0,8,0,0,0,0,0,0,0,0,0,0,2,0,0.0,0.9999972000246398,0.0
78,30,1s2.2s2.2p6.3s2.3p6.3d10.4s2,4s,4,0,2,0.5,s,0,49,22.126593730819764,1,18,10,0,0,1,0,0,0,0,8,10,0,8,0,0,0,0,0,0,0,0,0,0,2,0,0.0,0.9999972000246398,0.0
78,29,1s2.2s2.2p6.3s2.3p6.3d10.4s1,4s,4,0,1,0.5,s,0,50,21.554071296483926,0,18,10,0,0,0,0,0,0,0,8,10,0,8,0,0,0,0,0,0,0,0,0,0,2,0,0.0,0.9999972000246398,0.0
78,28,1s2.2s2.2p6.3s2.3p6.3d10,3d,3,2,10,2.5,d,0,51,21.379455336979806,9,0,0,18,0,0,0,9,0,0,0,0,0,0,0,16,0,0,0,0,0,0,0,0,0,2,0.0,0.9999972000246398,0.0
78,27,1s2.2s2.2p6.3s2.3p6.3d9,3d,3,2,9,2.5,d,0,52,20.677223194122995,8,0,0,18,0,0,0,8,0,0,0,0,0,0,0,16,0,0,0,0,0,0,0,0,0,2,-0.5555555555555554,0.9999972000246398,0.0
78,26,1s2.2s2.2p6.3s2.3p6.3d8,3d,3,2,8,2.5,d,0,53,19.92856167011884,7,0,0,18,0,0,0,7,0,0,0,0,0,0,0,16,0,0,0,0,0,0,0,0,0,2,-1.1111111111111112,0.9999972000246398,0.0
78,25,1s2.2s2.2p6.3s2.3p6.3d7,3d,3,2,7,2.5,d,0,54,19.180019458485546,6,0,0,18,0,0,0,6,0,0,0,0,0,0,0,16,0,0,0,0,0,0,0,0,0,2,-1.6666666666666665,0.9999972000246398,0.0
78,24,1s2.2s2.2p6.3s2.3p6.3d6,3d,3,2,6,2.5,d,0,55,18.477999944610033,5,0,0,18,0,0,0,5,0,0,0,0,0,0,0,16,0,0,0,0,0,0,0,0,0,2,-2.2222222222222223,0.9999972000246398,0.0
78,23,1s2.2s2.2p6.3s2.3p6.3d5,3d,3,2,5,2.5,d,0,56,17.516342790782076,4,0,0,18,0,0,0,4,0,0,0,0,0,0,0,16,0,0,0,0,0,0,0,0,0,2,2.2222222222222223,0.9999972000246398,0.0
78,22,1s2.2s2.2p6.3s2.3p6.3d4,3d,3,2,4,1.5,d,0,57,16.81369270190474,3,0,0,18,0,0,0,3,0,0,0,0,0,0,0,16,0,0,0,0,0,0,0,0,0,2,1.6666666666666667,0.9999972000246398,0.0
78,21,1s2.2s2.2p6.3s2.3p6.3d3,3d,3,2,3,1.5,d,0,58,16.06581898178117,2,0,0,18,0,0,0,2,0,0,0,0,0,0,0,16,0,0,0,0,0,0,0,0,0,2,1.1111111111111112,0.9999972000246398,0.0
78,20,1s2.2s2.2p6.3s2.3p6.3d2,3d,3,2,2,1.5,d,0,59,15.318236242385085,1,0,0,18,0,0,0,1,0,0,0,0,0,0,0,16,0,0,0,0,0,0,0,0,0,2,0.5555555555555556,0.9999972000246398,0.0
78,19,1s2.2s2.2p6.3s2.3p6.3d1,3d,3,2,1,1.5,d,0,60,14.615753461451872,0,0,0,18,0,0,0,0,0,0,0,0,0,0,0,16,0,0,0,0,0,0,0,0,0,2,0.0,0.9999972000246398,0.0
78,18,1s2.2s2.2p6.3s2.3p6,3p,3,1,6,1.5,p3,0,61,12.667818264554036,5,10,2,0,0,0,5,0,0,2,8,0,0,2,0,0,0,0,0,0,0,0,0,0,0,0,0.0,0.9999972000246398,0.0
78,17,1s2.2s2.2p6.3s2.3p5,3p,3,1,5,1.5,p3,0,62,12.08347223011717,4,10,2,0,0,0,4,0,0,2,8,0,0,2,0,0,0,0,0,0,0,0,0,0,0,0,-0.6000000000000001,0.9999972000246398,0.0
78,16,1s2.2s2.2p6.3s2.3p4,3p,3,1,4,1.5,p3,0,63,11.49928244974415,3,10,2,0,0,0,3,0,0,2,8,0,0,2,0,0,0,0,0,0,0,0,0,0,0,0,-1.2,0.9999972000246398,0.0
78,15,1s2.2s2.2p6.3s2.3p3,3p,3,1,3,1.5,p3,0,64,10.730818199117742,2,10,2,0,0,0,2,0,0,2,8,0,0,2,0,0,0,0,0,0,0,0,0,0,0,0,1.2,0.9999972000246398,0.0
78,14,1s2.2s2.2p6.3s2.3p2,3p,3,1,2,0.5,p1,0,65,10.145247180423096,1,10,2,0,0,0,1,0,0,2,8,0,0,2,0,0,0,0,0,0,0,0,0,0,0,0,0.6,0.9999972000246398,0.0
78,13,1s2.2s2.2p6.3s2.3p1,3p,3,1,1,0.5,p1,0,66,9.559774441642945,0,10,2,0,0,0,0,0,0,2,8,0,0,2,0,0,0,0,0,0,0,0,0,0,0,0,0.0,0.9999972000246398,0.0
78,12,1s2.2s2.2p6.3s2,3s,3,0,2,0.5,s,0,67,8.35113401342552,1,8,2,0,0,1,0,0,0,0,8,0,0,2,0,0,0,0,0,0,0,0,0,0,0,0,0.0,0.9999972000246398,0.0
78,11,1s2.2s2.2p6.3s1,3s,3,0,1,0.5,s,0,68,7.7856408855844075,0,8,2,0,0,0,0,0,0,0,8,0,0,2,0,0,0,0,0,0,0,0,0,0,0,0,0.0,0.9999972000246398,0.0
78,10,1s2.2s2.2p6,2p,2,1,6,1.5,p3,0,69,6.545979557232126,5,4,0,0,0,0,5,0,0,2,2,0,0,0,0,0,0,0,0,0,0,0,0,0,0,0,0.0,0.9999972000246398,0.0
78,9,1s2.2s2.2p5,2p,2,1,5,1.5,p3,0,70,5.88972955723213,4,4,0,0,0,0,4,0,0,2,2,0,0,0,0,0,0,0,0,0,0,0,0,0,0,0,-0.6000000000000001,0.9999972000246398,0.0
78,8,1s2.2s2.2p4,2p,2,1,4,1.5,p3,0,71,5.233479557232133,3,4,0,0,0,0,3,0,0,2,2,0,0,0,0,0,0,0,0,0,0,0,0,0,0,0,-1.2,0.9999972000246398,0.0
78,7,1s2.2s2.2p3,2p,2,1,3,1.5,p3,0,72,4.378670782625834,2,4,0,0,0,0,2,0,0,2,2,0,0,0,0,0,0,0,0,0,0,0,0,0,0,0,1.2,0.9999972000246398,0.0
78,6,1s2.2s2.2p2,2p,2,1,2,0.5,p1,0,73,3.7253535771907345,1,4,0,0,0,0,1,0,0,2,2,0,0,0,0,0,0,0,0,0,0,0,0,0,0,0,0.6,0.9999972000246398,0.0
78,5,1s2.2s2.2p1,2p,2,1,1,0.5,p1,0,74,3.0730091792350134,0,4,0,0,0,0,0,0,0,2,2,0,0,0,0,0,0,0,0,0,0,0,0,0,0,0,0.0,0.9999972000246398,0.0
78,4,1s2.2s2,2s,2,0,2,0.5,s,0,75,2.145875983124917,1,2,0,0,0,1,0,0,0,0,2,0,0,0,0,0,0,0,0,0,0,0,0,0,0,0,0.0,0.9999972000246398,33.09253175781282
78,3,1s2.2s1,2s,2,0,1,0.5,s,0,76,1.5912208504801093,0,2,0,0,0,0,0,0,0,0,2,0,0,0,0,0,0,0,0,0,0,0,0,0,0,0,0.0,0.9999972000246398,33.09253175781282
78,2,1s2,1s,1,0,2,0.5,s,0,77,0.625,1,0,0,0,0,1,0,0,0,0,0,0,0,0,0,0,0,0,0,0,0,0,0,0,0,0,0.0,0.9999972000246398,192.77818728322404
78,1,1s1,1s,1,0,1,0.5,s,0,78,0.0,0,0,0,0,0,0,0,0,0,0,0,0,0,0,0,0,0,0,0,0,0,0,0,0,0,0,0.0,0.9999972000246398,192.77818728322404
79,79,1s2.2s2.2p6.3s2.3p6.3d10.4s2.4p6.4d10.4f14.5s2.5p6.5d10.6s1,6s,6,0,1,0.5,s,0,1,60.68175720132819,0,18,60,0,0,0,0,0,0,0,8,10,0,8,24,0,0,0,0,0,0,0,0,0,28,0,0.0,0.9999972142596477,0.0
79,78,1s2.2s2.2p6.3s2.3p6.3d10.4s2.4p6.4d10.4f14.5s2.5p6.5d10,5d,5,2,10,2.5,d,0,2,60.18161976204584,9,0,0,68,0,0,0,9,0,0,0,0,0,0,0,16,10,14,0,0,0,0,0,0,0,28,0.0,0.9999972142596477,0.0
79,77,1s2.2s2.2p6.3s2.3p6.3d10.4s2.4p6.4d10.4f14.5s2.5p6.5d9,5d,5,2,9,2.5,d,0,3,59.591820854204364,8,0,0,68,0,0,0,8,0,0,0,0,0,0,0,16,10,14,0,0,0,0,0,0,0,28,-0.5555555555555554,0.9999972142596477,0.0
79,76,1s2.2s2.2p6.3s2.3p6.3d10.4s2.4p6.4d10.4f14.5s2.5p6.5d8,5d,5,2,8,2.5,d,0,4,58.964892641510204,7,0,0,68,0,0,0,7,0,0,0,0,0,0,0,16,10,14,0,0,0,0,0,0,0,28,-1.1111111111111112,0.9999972142596477,0.0
79,75,1s2.2s2.2p6.3s2.3p6.3d10.4s2.4p6.4d10.4f14.5s2.5p6.5d7,5d,5,2,7,2.5,d,0,5,58.33796442882129,6,0,0,68,0,0,0,6,0,0,0,0,0,0,0,16,10,14,0,0,0,0,0,0,0,28,-1.6666666666666665,0.9999972142596477,0.0
79,74,1s2.2s2.2p6.3s2.3p6.3d10.4s2.4p6.4d10.4f14.5s2.5p6.5d6,5d,5,2,6,2.5,d,0,6,57.74816552097457,5,0,0,68,0,0,0,5,0,0,0,0,0,0,0,16,10,14,0,0,0,0,0,0,0,28,-2.2222222222222223,0.9999972142596477,0.0
79,73,1s2.2s2.2p6.3s2.3p6.3d10.4s2.4p6.4d10.4f14.5s2.5p6.5d5,5d,5,2,5,2.5,d,0,7,56.939981578454784,4,0,0,68,0,0,0,4,0,0,0,0,0,0,0,16,10,14,0,0,0,0,0,0,0,28,2.2222222222222223,0.9999972142596477,0.0
79,72,1s2.2s2.2p6.3s2.3p6.3d10.4s2.4p6.4d10.4f14.5s2.5p6.5d4,5d,5,2,4,1.5,d,0,8,56.35018267060813,3,0,0,68,0,0,0,3,0,0,0,0,0,0,0,16,10,14,0,0,0,0,0,0,0,28,1.6666666666666667,0.9999972142596477,0.0
79,71,1s2.2s2.2p6.3s2.3p6.3d10.4s2.4p6.4d10.4f14.5s2.5p6.5d3,5d,5,2,3,1.5,d,0,9,55.72325445791909,2,0,0,68,0,0,0,2,0,0,0,0,0,0,0,16,10,14,0,0,0,0,0,0,0,28,1.1111111111111112,0.9999972142596477,0.0
79,70,1s2.2s2.2p6.3s2.3p6.3d10.4s2.4p6.4d10.4f14.5s2.5p6.5d2,5d,5,2,2,1.5,d,0,10,55.09632624522511,1,0,0,68,0,0,0,1,0,0,0,0,0,0,0,16,10,14,0,0,0,0,0,0,0,28,0.5555555555555556,0.9999972142596477,0.0
79,69,1s2.2s2.2p6.3s2.3p6.3d10.4s2.4p6.4d10.4f14.5s2.5p6.5d1,5d,5,2,1,1.5,d,0,11,54.50652733738305,0,0,0,68,0,0,0,0,0,0,0,0,0,0,0,16,10,14,0,0,0,0,0,0,0,28,0.0,0.9999972142596477,0.0
79,68,1s2.2s2.2p6.3s2.3p6.3d10.4s2.4p6.4d10.4f14.5s2.5p6,5p,5,1,6,1.5,p3,0,12,51.291318007282406,5,34,28,0,0,0,5,0,0,2,8,10,14,8,10,0,0,0,0,0,0,0,0,0,10,0,0.0,0.9999972142596477,0.0
79,67,1s2.2s2.2p6.3s2.3p6.3d10.4s2.4p6.4d10.4f14.5s2.5p5,5p,5,1,5,1.5,p3,0,13,50.7422457416599,4,34,28,0,0,0,4,0,0,2,8,10,14,8,10,0,0,0,0,0,0,0,0,0,10,0,-0.6000000000000001,0.9999972142596477,0.0
79,66,1s2.2s2.2p6.3s2.3p6.3d10.4s2.4p6.4d10.4f14.5s2.5p4,5p,5,1,4,1.5,p3,0,14,50.193173476032534,3,34,28,0,0,0,3,0,0,2,8,10,14,8,10,0,0,0,0,0,0,0,0,0,10,0,-1.2,0.9999972142596477,0.0
79,65,1s2.2s2.2p6.3s2.3p6.3d10.4s2.4p6.4d10.4f14.5s2.5p3,5p,5,1,3,1.5,p3,0,15,49.453854628378465,2,34,28,0,0,0,2,0,0,2,8,10,14,8,10,0,0,0,0,0,0,0,0,0,10,0,1.2,0.9999972142596477,0.0
79,64,1s2.2s2.2p6.3s2.3p6.3d10.4s2.4p6.4d10.4f14.5s2.5p2,5p,5,1,2,0.5,p1,0,16,48.904782362751156,1,34,28,0,0,0,1,0,0,2,8,10,14,8,10,0,0,0,0,0,0,0,0,0,10,0,0.6,0.9999972142596477,0.0
79,63,1s2.2s2.2p6.3s2.3p6.3d10.4s2.4p6.4d10.4f14.5s2.5p1,5p,5,1,1,0.5,p1,0,17,48.348958444362786,0,34,28,0,0,0,0,0,0,2,8,10,14,8,10,0,0,0,0,0,0,0,0,0,10,0,0.0,0.9999972142596477,0.0
79,62,1s2.2s2.2p6.3s2.3p6.3d10.4s2.4p6.4d10.4f14.5s2,4f,4,3,14,3.5,f,0,18,49.8024669236479,13,0,0,46,2,0,0,0,13,0,0,0,0,0,0,0,0,0,36,0,0,0,0,2,0,10,0.0,0.9999972142596477,0.0
79,61,1s2.2s2.2p6.3s2.3p6.3d10.4s2.4p6.4d10.4f13.5s2,4f,4,3,13,3.5,f,0,19,49.06335601827709,12,0,0,46,2,0,0,0,12,0,0,0,0,0,0,0,0,0,36,0,0,0,0,2,0,10,-0.5384615384615383,0.9999972142596477,0.0
79,60,1s2.2s2.2p6.3s2.3p6.3d10.4s2.4p6.4d10.4f12.5s2,5s,5,0,2,0.5,s,0,20,44.99076118321095,1,30,28,0,0,1,0,0,0,0,8,10,12,8,10,0,0,0,0,0,0,0,0,0,10,0,0.0,0.9999972142596477,0.0
79,59,1s2.2s2.2p6.3s2.3p6.3d10.4s2.4p6.4d10.4f12.5s1,5s,5,0,1,0.5,s,0,21,44.379383014998155,0,30,28,0,0,0,0,0,0,0,8,10,12,8,10,0,0,0,0,0,0,0,0,0,10,0,0.0,0.9999972142596477,0.0
79,58,1s2.2s2.2p6.3s2.3p6.3d10.4s2.4p6.4d10.4f12,4f,4,3,12,3.5,f,0,22,47.365159080568446,11,0,0,46,0,0,0,0,11,0,0,0,0,0,0,0,0,0,36,0,0,0,0,0,0,10,-1.0769230769230766,0.9999972142596477,0.0
79,57,1s2.2s2.2p6.3s2.3p6.3d10.4s2.4p6.4d10.4f11,4f,4,3,11,3.5,f,0,23,46.56470817701302,10,0,0,46,0,0,0,0,10,0,0,0,0,0,0,0,0,0,36,0,0,0,0,0,0,10,-1.615384615384615,0.9999972142596477,0.0
79,56,1s2.2s2.2p6.3s2.3p6.3d10.4s2.4p6.4d10.4f10,4f,4,3,10,3.5,f,0,24,45.76175948408627,9,0,0,46,0,0,0,0,9,0,0,0,0,0,0,0,0,0,36,0,0,0,0,0,0,10,-2.153846153846154,0.9999972142596477,0.0
79,55,1s2.2s2.2p6.3s2.3p6.3d10.4s2.4p6.4d10.4f9,4f,4,3,9,3.5,f,0,25,45.00482525620487,8,0,0,46,0,0,0,0,8,0,0,0,0,0,0,0,0,0,36,0,0,0,0,0,0,10,-2.6923076923076925,0.9999972142596477,0.0
79,54,1s2.2s2.2p6.3s2.3p6.3d10.4s2.4p6.4d10.4f8,4f,4,3,8,3.5,f,0,26,44.26571435083406,7,0,0,46,0,0,0,0,7,0,0,0,0,0,0,0,0,0,36,0,0,0,0,0,0,10,-3.230769230769231,0.9999972142596477,0.0
79,53,1s2.2s2.2p6.3s2.3p6.3d10.4s2.4p6.4d10.4f7,4f,4,3,7,3.5,f,0,27,43.235453992296016,6,0,0,46,0,0,0,0,6,0,0,0,0,0,0,0,0,0,36,0,0,0,0,0,0,10,3.230769230769231,0.9999972142596477,0.0
79,52,1s2.2s2.2p6.3s2.3p6.3d10.4s2.4p6.4d10.4f6,4f,4,3,6,2.5,f,0,28,42.49634308692566,5,0,0,46,0,0,0,0,5,0,0,0,0,0,0,0,0,0,36,0,0,0,0,0,0,10,2.6923076923076925,0.9999972142596477,0.0
79,51,1s2.2s2.2p6.3s2.3p6.3d10.4s2.4p6.4d10.4f5,4f,4,3,5,2.5,f,0,29,41.739408859043806,4,0,0,46,0,0,0,0,4,0,0,0,0,0,0,0,0,0,36,0,0,0,0,0,0,10,2.1538461538461537,0.9999972142596477,0.0
79,50,1s2.2s2.2p6.3s2.3p6.3d10.4s2.4p6.4d10.4f4,4f,4,3,4,2.5,f,0,30,40.937916324885464,3,0,0,46,0,0,0,0,3,0,0,0,0,0,0,0,0,0,36,0,0,0,0,0,0,10,1.6153846153846154,0.9999972142596477,0.0
79,49,1s2.2s2.2p6.3s2.3p6.3d10.4s2.4p6.4d10.4f3,4f,4,3,3,2.5,f,0,31,40.136423790726894,2,0,0,46,0,0,0,0,2,0,0,0,0,0,0,0,0,0,36,0,0,0,0,0,0,10,1.0769230769230769,0.9999972142596477,0.0
79,48,1s2.2s2.2p6.3s2.3p6.3d10.4s2.4p6.4d10.4f2,4f,4,3,2,2.5,f,0,32,39.37948956284549,1,0,0,46,0,0,0,0,1,0,0,0,0,0,0,0,0,0,36,0,0,0,0,0,0,10,0.5384615384615384,0.9999972142596477,0.0
79,47,1s2.2s2.2p6.3s2.3p6.3d10.4s2.4p6.4d10.4f1,4f,4,3,1,2.5,f,0,33,38.640378657474685,0,0,0,46,0,0,0,0,0,0,0,0,0,0,0,0,0,0,36,0,0,0,0,0,0,10,0.0,0.9999972142596477,0.0
79,46,1s2.2s2.2p6.3s2.3p6.3d10.4s2.4p6.4d10,4d,4,2,10,2.5,d,0,34,35.18427854681272,9,0,0,36,0,0,0,9,0,0,0,0,0,0,0,16,10,0,0,0,0,0,0,0,0,10,0.0,0.9999972142596477,0.0
79,45,1s2.2s2.2p6.3s2.3p6.3d10.4s2.4p6.4d9,4d,4,2,9,2.5,d,0,35,34.56268954011648,8,0,0,36,0,0,0,8,0,0,0,0,0,0,0,16,10,0,0,0,0,0,0,0,0,10,-0.5555555555555554,0.9999972142596477,0.0
79,44,1s2.2s2.2p6.3s2.3p6.3d10.4s2.4p6.4d8,4d,4,2,8,2.5,d,0,36,33.90183225775024,7,0,0,36,0,0,0,7,0,0,0,0,0,0,0,16,10,0,0,0,0,0,0,0,0,10,-1.1111111111111112,0.9999972142596477,0.0
79,43,1s2.2s2.2p6.3s2.3p6.3d10.4s2.4p6.4d7,4d,4,2,7,2.5,d,0,37,33.24097497538423,6,0,0,36,0,0,0,6,0,0,0,0,0,0,0,16,10,0,0,0,0,0,0,0,0,10,-1.6666666666666665,0.9999972142596477,0.0
79,42,1s2.2s2.2p6.3s2.3p6.3d10.4s2.4p6.4d6,4d,4,2,6,2.5,d,0,38,32.619385968687766,5,0,0,36,0,0,0,5,0,0,0,0,0,0,0,16,10,0,0,0,0,0,0,0,0,10,-2.2222222222222223,0.9999972142596477,0.0
79,41,1s2.2s2.2p6.3s2.3p6.3d10.4s2.4p6.4d5,4d,4,2,5,2.5,d,0,39,31.77042966985971,4,0,0,36,0,0,0,4,0,0,0,0,0,0,0,16,10,0,0,0,0,0,0,0,0,10,2.2222222222222223,0.9999972142596477,0.0
79,40,1s2.2s2.2p6.3s2.3p6.3d10.4s2.4p6.4d4,4d,4,2,4,1.5,d,0,40,31.14884066316324,3,0,0,36,0,0,0,3,0,0,0,0,0,0,0,16,10,0,0,0,0,0,0,0,0,10,1.6666666666666667,0.9999972142596477,0.0
79,39,1s2.2s2.2p6.3s2.3p6.3d10.4s2.4p6.4d3,4d,4,2,3,1.5,d,0,41,30.487983380797118,2,0,0,36,0,0,0,2,0,0,0,0,0,0,0,16,10,0,0,0,0,0,0,0,0,10,1.1111111111111112,0.9999972142596477,0.0
79,38,1s2.2s2.2p6.3s2.3p6.3d10.4s2.4p6.4d2,4d,4,2,2,1.5,d,0,42,29.82712609843111,1,0,0,36,0,0,0,1,0,0,0,0,0,0,0,16,10,0,0,0,0,0,0,0,0,10,0.5555555555555556,0.9999972142596477,0.0
79,37,1s2.2s2.2p6.3s2.3p6.3d10.4s2.4p6.4d1,4d,4,2,1,1.5,d,0,43,29.20553709173464,0,0,0,36,0,0,0,0,0,0,0,0,0,0,0,16,10,0,0,0,0,0,0,0,0,10,0.0,0.9999972142596477,0.0
79,36,1s2.2s2.2p6.3s2.3p6.3d10.4s2.4p6,4p,4,1,6,1.5,p3,0,44,26.676544772007787,5,20,10,0,0,0,5,0,0,2,8,10,0,8,0,0,0,0,0,0,0,0,0,0,2,0,0.0,0.9999972142596477,0.0
79,35,1s2.2s2.2p6.3s2.3p6.3d10.4s2.4p5,4p,4,1,5,1.5,p3,0,45,26.117340670445287,4,20,10,0,0,0,4,0,0,2,8,10,0,8,0,0,0,0,0,0,0,0,0,0,2,0,-0.6000000000000001,0.9999972142596477,0.0
79,34,1s2.2s2.2p6.3s2.3p6.3d10.4s2.4p4,4p,4,1,4,1.5,p3,0,46,25.558136568882787,3,20,10,0,0,0,3,0,0,2,8,10,0,8,0,0,0,0,0,0,0,0,0,0,2,0,-1.2,0.9999972142596477,0.0
79,33,1s2.2s2.2p6.3s2.3p6.3d10.4s2.4p3,4p,4,1,3,1.5,p3,0,47,24.807678805211026,2,20,10,0,0,0,2,0,0,2,8,10,0,8,0,0,0,0,0,0,0,0,0,0,2,0,1.2,0.9999972142596477,0.0
79,32,1s2.2s2.2p6.3s2.3p6.3d10.4s2.4p2,4p,4,1,2,0.5,p1,0,48,24.24270156046225,1,20,10,0,0,0,1,0,0,2,8,10,0,8,0,0,0,0,0,0,0,0,0,0,2,0,0.6,0.9999972142596477,0.0
79,31,1s2.2s2.2p6.3s2.3p6.3d10.4s2.4p1,4p,4,1,1,0.5,p1,0,49,23.681451647104154,0,20,10,0,0,0,0,0,0,2,8,10,0,8,0,0,0,0,0,0,0,0,0,0,2,0,0.0,0.9999972142596477,0.0
79,30,1s2.2s2.2p6.3s2.3p6.3d10.4s2,4s,4,0,2,0.5,s,0,50,22.126593730819764,1,18,10,0,0,1,0,0,0,0,8,10,0,8,0,0,0,0,0,0,0,0,0,0,2,0,0.0,0.9999972142596477,0.0
79,29,1s2.2s2.2p6.3s2.3p6.3d10.4s1,4s,4,0,1,0.5,s,0,51,21.554071296483926,0,18,10,0,0,0,0,0,0,0,8,10,0,8,0,0,0,0,0,0,0,0,0,0,2,0,0.0,0.9999972142596477,0.0
79,28,1s2.2s2.2p6.3s2.3p6.3d10,3d,3,2,10,2.5,d,0,52,21.379455336979806,9,0,0,18,0,0,0,9,0,0,0,0,0,0,0,16,0,0,0,0,0,0,0,0,0,2,0.0,0.9999972142596477,0.0
79,27,1s2.2s2.2p6.3s2.3p6.3d9,3d,3,2,9,2.5,d,0,53,20.677223194122995,8,0,0,18,0,0,0,8,0,0,0,0,0,0,0,16,0,0,0,0,0,0,0,0,0,2,-0.5555555555555554,0.9999972142596477,0.0
79,26,1s2.2s2.2p6.3s2.3p6.3d8,3d,3,2,8,2.5,d,0,54,19.92856167011884,7,0,0,18,0,0,0,7,0,0,0,0,0,0,0,16,0,0,0,0,0,0,0,0,0,2,-1.1111111111111112,0.9999972142596477,0.0
79,25,1s2.2s2.2p6.3s2.3p6.3d7,3d,3,2,7,2.5,d,0,55,19.180019458485546,6,0,0,18,0,0,0,6,0,0,0,0,0,0,0,16,0,0,0,0,0,0,0,0,0,2,-1.6666666666666665,0.9999972142596477,0.0
79,24,1s2.2s2.2p6.3s2.3p6.3d6,3d,3,2,6,2.5,d,0,56,18.477999944610033,5,0,0,18,0,0,0,5,0,0,0,0,0,0,0,16,0,0,0,0,0,0,0,0,0,2,-2.2222222222222223,0.9999972142596477,0.0
79,23,1s2.2s2.2p6.3s2.3p6.3d5,3d,3,2,5,2.5,d,0,57,17.516342790782076,4,0,0,18,0,0,0,4,0,0,0,0,0,0,0,16,0,0,0,0,0,0,0,0,0,2,2.2222222222222223,0.9999972142596477,0.0
79,22,1s2.2s2.2p6.3s2.3p6.3d4,3d,3,2,4,1.5,d,0,58,16.81369270190474,3,0,0,18,0,0,0,3,0,0,0,0,0,0,0,16,0,0,0,0,0,0,0,0,0,2,1.6666666666666667,0.9999972142596477,0.0
79,21,1s2.2s2.2p6.3s2.3p6.3d3,3d,3,2,3,1.5,d,0,59,16.06581898178117,2,0,0,18,0,0,0,2,0,0,0,0,0,0,0,16,0,0,0,0,0,0,0,0,0,2,1.1111111111111112,0.9999972142596477,0.0
79,20,1s2.2s2.2p6.3s2.3p6.3d2,3d,3,2,2,1.5,d,0,60,15.318236242385085,1,0,0,18,0,0,0,1,0,0,0,0,0,0,0,16,0,0,0,0,0,0,0,0,0,2,0.5555555555555556,0.9999972142596477,0.0
79,19,1s2.2s2.2p6.3s2.3p6.3d1,3d,3,2,1,1.5,d,0,61,14.615753461451872,0,0,0,18,0,0,0,0,0,0,0,0,0,0,0,16,0,0,0,0,0,0,0,0,0,2,0.0,0.9999972142596477,0.0
79,18,1s2.2s2.2p6.3s2.3p6,3p,3,1,6,1.5,p3,0,62,12.667818264554036,5,10,2,0,0,0,5,0,0,2,8,0,0,2,0,0,0,0,0,0,0,0,0,0,0,0,0.0,0.9999972142596477,0.0
79,17,1s2.2s2.2p6.3s2.3p5,3p,3,1,5,1.5,p3,0,63,12.08347223011717,4,10,2,0,0,0,4,0,0,2,8,0,0,2,0,0,0,0,0,0,0,0,0,0,0,0,-0.6000000000000001,0.9999972142596477,0.0
79,16,1s2.2s2.2p6.3s2.3p4,3p,3,1,4,1.5,p3,0,64,11.49928244974415,3,10,2,0,0,0,3,0,0,2,8,0,0,2,0,0,0,0,0,0,0,0,0,0,0,0,-1.2,0.9999972142596477,0.0
79,15,1s2.2s2.2p6.3s2.3p3,3p,3,1,3,1.5,p3,0,65,10.730818199117742,2,10,2,0,0,0,2,0,0,2,8,0,0,2,0,0,0,0,0,0,0,0,0,0,0,0,1.2,0.9999972142596477,0.0
79,14,1s2.2s2.2p6.3s2.3p2,3p,3,1,2,0.5,p1,0,66,10.145247180423096,1,10,2,0,0,0,1,0,0,2,8,0,0,2,0,0,0,0,0,0,0,0,0,0,0,0,0.6,0.9999972142596477,0.0
79,13,1s2.2s2.2p6.3s2.3p1,3p,3,1,1,0.5,p1,0,67,9.559774441642945,0,10,2,0,0,0,0,0,0,2,8,0,0,2,0,0,0,0,0,0,0,0,0,0,0,0,0.0,0.9999972142596477,0.0
79,12,1s2.2s2.2p6.3s2,3s,3,0,2,0.5,s,0,68,8.35113401342552,1,8,2,0,0,1,0,0,0,0,8,0,0,2,0,0,0,0,0,0,0,0,0,0,0,0,0.0,0.9999972142596477,0.0
79,11,1s2.2s2.2p6.3s1,3s,3,0,1,0.5,s,0,69,7.7856408855844075,0,8,2,0,0,0,0,0,0,0,8,0,0,2,0,0,0,0,0,0,0,0,0,0,0,0,0.0,0.9999972142596477,0.0
79,10,1s2.2s2.2p6,2p,2,1,6,1.5,p3,0,70,6.545979557232126,5,4,0,0,0,0,5,0,0,2,2,0,0,0,0,0,0,0,0,0,0,0,0,0,0,0,0.0,0.9999972142596477,0.0
79,9,1s2.2s2.2p5,2p,2,1,5,1.5,p3,0,71,5.88972955723213,4,4,0,0,0,0,4,0,0,2,2,0,0,0,0,0,0,0,0,0,0,0,0,0,0,0,-0.6000000000000001,0.9999972142596477,0.0
79,8,1s2.2s2.2p4,2p,2,1,4,1.5,p3,0,72,5.233479557232133,3,4,0,0,0,0,3,0,0,2,2,0,0,0,0,0,0,0,0,0,0,0,0,0,0,0,-1.2,0.9999972142596477,0.0
79,7,1s2.2s2.2p3,2p,2,1,3,1.5,p3,0,73,4.378670782625834,2,4,0,0,0,0,2,0,0,2,2,0,0,0,0,0,0,0,0,0,0,0,0,0,0,0,1.2,0.9999972142596477,0.0
79,6,1s2.2s2.2p2,2p,2,1,2,0.5,p1,0,74,3.7253535771907345,1,4,0,0,0,0,1,0,0,2,2,0,0,0,0,0,0,0,0,0,0,0,0,0,0,0,0.6,0.9999972142596477,0.0
79,5,1s2.2s2.2p1,2p,2,1,1,0.5,p1,0,75,3.0730091792350134,0,4,0,0,0,0,0,0,0,2,2,0,0,0,0,0,0,0,0,0,0,0,0,0,0,0,0.0,0.9999972142596477,0.0
79,4,1s2.2s2,2s,2,0,2,0.5,s,0,76,2.145875983124917,1,2,0,0,0,1,0,0,0,0,2,0,0,0,0,0,0,0,0,0,0,0,0,0,0,0,0.0,0.9999972142596477,35.22325760184764
79,3,1s2.2s1,2s,2,0,1,0.5,s,0,77,1.5912208504801093,0,2,0,0,0,0,0,0,0,0,2,0,0,0,0,0,0,0,0,0,0,0,0,0,0,0,0.0,0.9999972142596477,35.22325760184764
79,2,1s2,1s,1,0,2,0.5,s,0,78,0.625,1,0,0,0,0,1,0,0,0,0,0,0,0,0,0,0,0,0,0,0,0,0,0,0,0,0,0.0,0.9999972142596477,204.00346201060051
79,1,1s1,1s,1,0,1,0.5,s,0,79,0.0,0,0,0,0,0,0,0,0,0,0,0,0,0,0,0,0,0,0,0,0,0,0,0,0,0,0,0.0,0.9999972142596477,204.00346201060051
80,80,1s2.2s2.2p6.3s2.3p6.3d10.4s2.4p6.4d10.4f14.5s2.5p6.5d10.6s2,6s,6,0,2,0.5,s,0,1,61.277186621795714,1,18,60,0,0,1,0,0,0,0,8,10,0,8,24,0,0,0,0,0,0,0,0,0,28,0,0.0,0.9999972832878736,0.0
80,79,1s2.2s2.2p6.3s2.3p6.3d10.4s2.4p6.4d10.4f14.5s2.5p6.5d10.6s1,6s,6,0,1,0.5,s,0,2,60.68175720132819,0,18,60,0,0,0,0,0,0,0,8,10,0,8,24,0,0,0,0,0,0,0,0,0,28,0,0.0,0.9999972832878736,0.0
80,78,1s2.2s2.2p6.3s2.3p6.3d10.4s2.4p6.4d10.4f14.5s2.5p6.5d10,5d,5,2,10,2.5,d,0,3,60.18161976204584,9,0,0,68,0,0,0,9,0,0,0,0,0,0,0,16,10,14,0,0,0,0,0,0,0,28,0.0,0.9999972832878736,0.0
80,77,1s2.2s2.2p6.3s2.3p6.3d10.4s2.4p6.4d10.4f14.5s2.5p6.5d9,5d,5,2,9,2.5,d,0,4,59.591820854204364,8,0,0,68,0,0,0,8,0,0,0,0,0,0,0,16,10,14,0,0,0,0,0,0,0,28,-0.5555555555555554,0.9999972832878736,0.0
80,76,1s2.2s2.2p6.3s2.3p6.3d10.4s2.4p6.4d10.4f14.5s2.5p6.5d8,5d,5,2,8,2.5,d,0,5,58.964892641510204,7,0,0,68,0,0,0,7,0,0,0,0,0,0,0,16,10,14,0,0,0,0,0,0,0,28,-1.1111111111111112,0.9999972832878736,0.0
80,75,1s2.2s2.2p6.3s2.3p6.3d10.4s2.4p6.4d10.4f14.5s2.5p6.5d7,5d,5,2,7,2.5,d,0,6,58.33796442882129,6,0,0,68,0,0,0,6,0,0,0,0,0,0,0,16,10,14,0,0,0,0,0,0,0,28,-1.6666666666666665,0.9999972832878736,0.0
80,74,1s2.2s2.2p6.3s2.3p6.3d10.4s2.4p6.4d10.4f14.5s2.5p6.5d6,5d,5,2,6,2.5,d,0,7,57.74816552097457,5,0,0,68,0,0,0,5,0,0,0,0,0,0,0,16,10,14,0,0,0,0,0,0,0,28,-2.2222222222222223,0.9999972832878736,0.0
80,73,1s2.2s2.2p6.3s2.3p6.3d10.4s2.4p6.4d10.4f14.5s2.5p6.5d5,5d,5,2,5,2.5,d,0,8,56.939981578454784,4,0,0,68,0,0,0,4,0,0,0,0,0,0,0,16,10,14,0,0,0,0,0,0,0,28,2.2222222222222223,0.9999972832878736,0.0
80,72,1s2.2s2.2p6.3s2.3p6.3d10.4s2.4p6.4d10.4f14.5s2.5p6.5d4,5d,5,2,4,1.5,d,0,9,56.35018267060813,3,0,0,68,0,0,0,3,0,0,0,0,0,0,0,16,10,14,0,0,0,0,0,0,0,28,1.6666666666666667,0.9999972832878736,0.0
80,71,1s2.2s2.2p6.3s2.3p6.3d10.4s2.4p6.4d10.4f14.5s2.5p6.5d3,5d,5,2,3,1.5,d,0,10,55.72325445791909,2,0,0,68,0,0,0,2,0,0,0,0,0,0,0,16,10,14,0,0,0,0,0,0,0,28,1.1111111111111112,0.9999972832878736,0.0
80,70,1s2.2s2.2p6.3s2.3p6.3d10.4s2.4p6.4d10.4f14.5s2.5p6.5d2,5d,5,2,2,1.5,d,0,11,55.09632624522511,1,0,0,68,0,0,0,1,0,0,0,0,0,0,0,16,10,14,0,0,0,0,0,0,0,28,0.5555555555555556,0.9999972832878736,0.0
80,69,1s2.2s2.2p6.3s2.3p6.3d10.4s2.4p6.4d10.4f14.5s2.5p6.5d1,5d,5,2,1,1.5,d,0,12,54.50652733738305,0,0,0,68,0,0,0,0,0,0,0,0,0,0,0,16,10,14,0,0,0,0,0,0,0,28,0.0,0.9999972832878736,0.0
80,68,1s2.2s2.2p6.3s2.3p6.3d10.4s2.4p6.4d10.4f14.5s2.5p6,5p,5,1,6,1.5,p3,0,13,51.291318007282406,5,34,28,0,0,0,5,0,0,2,8,10,14,8,10,0,0,0,0,0,0,0,0,0,10,0,0.0,0.9999972832878736,0.0
80,67,1s2.2s2.2p6.3s2.3p6.3d10.4s2.4p6.4d10.4f14.5s2.5p5,5p,5,1,5,1.5,p3,0,14,50.7422457416599,4,34,28,0,0,0,4,0,0,2,8,10,14,8,10,0,0,0,0,0,0,0,0,0,10,0,-0.6000000000000001,0.9999972832878736,0.0
80,66,1s2.2s2.2p6.3s2.3p6.3d10.4s2.4p6.4d10.4f14.5s2.5p4,5p,5,1,4,1.5,p3,0,15,50.193173476032534,3,34,28,0,0,0,3,0,0,2,8,10,14,8,10,0,0,0,0,0,0,0,0,0,10,0,-1.2,0.9999972832878736,0.0
80,65,1s2.2s2.2p6.3s2.3p6.3d10.4s2.4p6.4d10.4f14.5s2.5p3,5p,5,1,3,1.5,p3,0,16,49.453854628378465,2,34,28,0,0,0,2,0,0,2,8,10,14,8,10,0,0,0,0,0,0,0,0,0,10,0,1.2,0.9999972832878736,0.0
80,64,1s2.2s2.2p6.3s2.3p6.3d10.4s2.4p6.4d10.4f14.5s2.5p2,5p,5,1,2,0.5,p1,0,17,48.904782362751156,1,34,28,0,0,0,1,0,0,2,8,10,14,8,10,0,0,0,0,0,0,0,0,0,10,0,0.6,0.9999972832878736,0.0
80,63,1s2.2s2.2p6.3s2.3p6.3d10.4s2.4p6.4d10.4f14.5s2.5p1,5p,5,1,1,0.5,p1,0,18,48.348958444362786,0,34,28,0,0,0,0,0,0,2,8,10,14,8,10,0,0,0,0,0,0,0,0,0,10,0,0.0,0.9999972832878736,0.0
80,62,1s2.2s2.2p6.3s2.3p6.3d10.4s2.4p6.4d10.4f14.5s2,4f,4,3,14,3.5,f,0,19,49.8024669236479,13,0,0,46,2,0,0,0,13,0,0,0,0,0,0,0,0,0,36,0,0,0,0,2,0,10,0.0,0.9999972832878736,0.0
80,61,1s2.2s2.2p6.3s2.3p6.3d10.4s2.4p6.4d10.4f13.5s2,5s,5,0,2,0.5,s,0,20,45.722539208680814,1,31,28,0,0,1,0,0,0,0,8,10,13,8,10,0,0,0,0,0,0,0,0,0,10,0,0.0,0.9999972832878736,0.0
80,60,1s2.2s2.2p6.3s2.3p6.3d10.4s2.4p6.4d10.4f13.5s1,5s,5,0,1,0.5,s,0,21,45.11897567389087,0,31,28,0,0,0,0,0,0,0,8,10,13,8,10,0,0,0,0,0,0,0,0,0,10,0,0.0,0.9999972832878736,0.0
80,59,1s2.2s2.2p6.3s2.3p6.3d10.4s2.4p6.4d10.4f13,4f,4,3,13,3.5,f,0,22,48.12167878028413,12,0,0,46,0,0,0,0,12,0,0,0,0,0,0,0,0,0,36,0,0,0,0,0,0,10,-0.5384615384615383,0.9999972832878736,0.0
80,58,1s2.2s2.2p6.3s2.3p6.3d10.4s2.4p6.4d10.4f12,4f,4,3,12,3.5,f,0,23,47.365159080568446,11,0,0,46,0,0,0,0,11,0,0,0,0,0,0,0,0,0,36,0,0,0,0,0,0,10,-1.0769230769230766,0.9999972832878736,0.0
80,57,1s2.2s2.2p6.3s2.3p6.3d10.4s2.4p6.4d10.4f11,4f,4,3,11,3.5,f,0,24,46.56470817701302,10,0,0,46,0,0,0,0,10,0,0,0,0,0,0,0,0,0,36,0,0,0,0,0,0,10,-1.615384615384615,0.9999972832878736,0.0
80,56,1s2.2s2.2p6.3s2.3p6.3d10.4s2.4p6.4d10.4f10,4f,4,3,10,3.5,f,0,25,45.76175948408627,9,0,0,46,0,0,0,0,9,0,0,0,0,0,0,0,0,0,36,0,0,0,0,0,0,10,-2.153846153846154,0.9999972832878736,0.0
80,55,1s2.2s2.2p6.3s2.3p6.3d10.4s2.4p6.4d10.4f9,4f,4,3,9,3.5,f,0,26,45.00482525620487,8,0,0,46,0,0,0,0,8,0,0,0,0,0,0,0,0,0,36,0,0,0,0,0,0,10,-2.6923076923076925,0.9999972832878736,0.0
80,54,1s2.2s2.2p6.3s2.3p6.3d10.4s2.4p6.4d10.4f8,4f,4,3,8,3.5,f,0,27,44.26571435083406,7,0,0,46,0,0,0,0,7,0,0,0,0,0,0,0,0,0,36,0,0,0,0,0,0,10,-3.230769230769231,0.9999972832878736,0.0
80,53,1s2.2s2.2p6.3s2.3p6.3d10.4s2.4p6.4d10.4f7,4f,4,3,7,3.5,f,0,28,43.235453992296016,6,0,0,46,0,0,0,0,6,0,0,0,0,0,0,0,0,0,36,0,0,0,0,0,0,10,3.230769230769231,0.9999972832878736,0.0
80,52,1s2.2s2.2p6.3s2.3p6.3d10.4s2.4p6.4d10.4f6,4f,4,3,6,2.5,f,0,29,42.49634308692566,5,0,0,46,0,0,0,0,5,0,0,0,0,0,0,0,0,0,36,0,0,0,0,0,0,10,2.6923076923076925,0.9999972832878736,0.0
80,51,1s2.2s2.2p6.3s2.3p6.3d10.4s2.4p6.4d10.4f5,4f,4,3,5,2.5,f,0,30,41.739408859043806,4,0,0,46,0,0,0,0,4,0,0,0,0,0,0,0,0,0,36,0,0,0,0,0,0,10,2.1538461538461537,0.9999972832878736,0.0
80,50,1s2.2s2.2p6.3s2.3p6.3d10.4s2.4p6.4d10.4f4,4f,4,3,4,2.5,f,0,31,40.937916324885464,3,0,0,46,0,0,0,0,3,0,0,0,0,0,0,0,0,0,36,0,0,0,0,0,0,10,1.6153846153846154,0.9999972832878736,0.0
80,49,1s2.2s2.2p6.3s2.3p6.3d10.4s2.4p6.4d10.4f3,4f,4,3,3,2.5,f,0,32,40.136423790726894,2,0,0,46,0,0,0,0,2,0,0,0,0,0,0,0,0,0,36,0,0,0,0,0,0,10,1.0769230769230769,0.9999972832878736,0.0
80,48,1s2.2s2.2p6.3s2.3p6.3d10.4s2.4p6.4d10.4f2,4f,4,3,2,2.5,f,0,33,39.37948956284549,1,0,0,46,0,0,0,0,1,0,0,0,0,0,0,0,0,0,36,0,0,0,0,0,0,10,0.5384615384615384,0.9999972832878736,0.0
80,47,1s2.2s2.2p6.3s2.3p6.3d10.4s2.4p6.4d10.4f1,4f,4,3,1,2.5,f,0,34,38.640378657474685,0,0,0,46,0,0,0,0,0,0,0,0,0,0,0,0,0,0,36,0,0,0,0,0,0,10,0.0,0.9999972832878736,0.0
80,46,1s2.2s2.2p6.3s2.3p6.3d10.4s2.4p6.4d10,4d,4,2,10,2.5,d,0,35,35.18427854681272,9,0,0,36,0,0,0,9,0,0,0,0,0,0,0,16,10,0,0,0,0,0,0,0,0,10,0.0,0.9999972832878736,0.0
80,45,1s2.2s2.2p6.3s2.3p6.3d10.4s2.4p6.4d9,4d,4,2,9,2.5,d,0,36,34.56268954011648,8,0,0,36,0,0,0,8,0,0,0,0,0,0,0,16,10,0,0,0,0,0,0,0,0,10,-0.5555555555555554,0.9999972832878736,0.0
80,44,1s2.2s2.2p6.3s2.3p6.3d10.4s2.4p6.4d8,4d,4,2,8,2.5,d,0,37,33.90183225775024,7,0,0,36,0,0,0,7,0,0,0,0,0,0,0,16,10,0,0,0,0,0,0,0,0,10,-1.1111111111111112,0.9999972832878736,0.0
80,43,1s2.2s2.2p6.3s2.3p6.3d10.4s2.4p6.4d7,4d,4,2,7,2.5,d,0,38,33.24097497538423,6,0,0,36,0,0,0,6,0,0,0,0,0,0,0,16,10,0,0,0,0,0,0,0,0,10,-1.6666666666666665,0.9999972832878736,0.0
80,42,1s2.2s2.2p6.3s2.3p6.3d10.4s2.4p6.4d6,4d,4,2,6,2.5,d,0,39,32.619385968687766,5,0,0,36,0,0,0,5,0,0,0,0,0,0,0,16,10,0,0,0,0,0,0,0,0,10,-2.2222222222222223,0.9999972832878736,0.0
80,41,1s2.2s2.2p6.3s2.3p6.3d10.4s2.4p6.4d5,4d,4,2,5,2.5,d,0,40,31.77042966985971,4,0,0,36,0,0,0,4,0,0,0,0,0,0,0,16,10,0,0,0,0,0,0,0,0,10,2.2222222222222223,0.9999972832878736,0.0
80,40,1s2.2s2.2p6.3s2.3p6.3d10.4s2.4p6.4d4,4d,4,2,4,1.5,d,0,41,31.14884066316324,3,0,0,36,0,0,0,3,0,0,0,0,0,0,0,16,10,0,0,0,0,0,0,0,0,10,1.6666666666666667,0.9999972832878736,0.0
80,39,1s2.2s2.2p6.3s2.3p6.3d10.4s2.4p6.4d3,4d,4,2,3,1.5,d,0,42,30.487983380797118,2,0,0,36,0,0,0,2,0,0,0,0,0,0,0,16,10,0,0,0,0,0,0,0,0,10,1.1111111111111112,0.9999972832878736,0.0
80,38,1s2.2s2.2p6.3s2.3p6.3d10.4s2.4p6.4d2,4d,4,2,2,1.5,d,0,43,29.82712609843111,1,0,0,36,0,0,0,1,0,0,0,0,0,0,0,16,10,0,0,0,0,0,0,0,0,10,0.5555555555555556,0.9999972832878736,0.0
80,37,1s2.2s2.2p6.3s2.3p6.3d10.4s2.4p6.4d1,4d,4,2,1,1.5,d,0,44,29.20553709173464,0,0,0,36,0,0,0,0,0,0,0,0,0,0,0,16,10,0,0,0,0,0,0,0,0,10,0.0,0.9999972832878736,0.0
80,36,1s2.2s2.2p6.3s2.3p6.3d10.4s2.4p6,4p,4,1,6,1.5,p3,0,45,26.676544772007787,5,20,10,0,0,0,5,0,0,2,8,10,0,8,0,0,0,0,0,0,0,0,0,0,2,0,0.0,0.9999972832878736,0.0
80,35,1s2.2s2.2p6.3s2.3p6.3d10.4s2.4p5,4p,4,1,5,1.5,p3,0,46,26.117340670445287,4,20,10,0,0,0,4,0,0,2,8,10,0,8,0,0,0,0,0,0,0,0,0,0,2,0,-0.6000000000000001,0.9999972832878736,0.0
80,34,1s2.2s2.2p6.3s2.3p6.3d10.4s2.4p4,4p,4,1,4,1.5,p3,0,47,25.558136568882787,3,20,10,0,0,0,3,0,0,2,8,10,0,8,0,0,0,0,0,0,0,0,0,0,2,0,-1.2,0.9999972832878736,0.0
80,33,1s2.2s2.2p6.3s2.3p6.3d10.4s2.4p3,4p,4,1,3,1.5,p3,0,48,24.807678805211026,2,20,10,0,0,0,2,0,0,2,8,10,0,8,0,0,0,0,0,0,0,0,0,0,2,0,1.2,0.9999972832878736,0.0
80,32,1s2.2s2.2p6.3s2.3p6.3d10.4s2.4p2,4p,4,1,2,0.5,p1,0,49,24.24270156046225,1,20,10,0,0,0,1,0,0,2,8,10,0,8,0,0,0,0,0,0,0,0,0,0,2,0,0.6,0.9999972832878736,0.0
80,31,1s2.2s2.2p6.3s2.3p6.3d10.4s2.4p1,4p,4,1,1,0.5,p1,0,50,23.681451647104154,0,20,10,0,0,0,0,0,0,2,8,10,0,8,0,0,0,0,0,0,0,0,0,0,2,0,0.0,0.9999972832878736,0.0
80,30,1s2.2s2.2p6.3s2.3p6.3d10.4s2,4s,4,0,2,0.5,s,0,51,22.126593730819764,1,18,10,0,0,1,0,0,0,0,8,10,0,8,0,0,0,0,0,0,0,0,0,0,2,0,0.0,0.9999972832878736,0.0
80,29,1s2.2s2.2p6.3s2.3p6.3d10.4s1,4s,4,0,1,0.5,s,0,52,21.554071296483926,0,18,10,0,0,0,0,0,0,0,8,10,0,8,0,0,0,0,0,0,0,0,0,0,2,0,0.0,0.9999972832878736,0.0
80,28,1s2.2s2.2p6.3s2.3p6.3d10,3d,3,2,10,2.5,d,0,53,21.379455336979806,9,0,0,18,0,0,0,9,0,0,0,0,0,0,0,16,0,0,0,0,0,0,0,0,0,2,0.0,0.9999972832878736,0.0
80,27,1s2.2s2.2p6.3s2.3p6.3d9,3d,3,2,9,2.5,d,0,54,20.677223194122995,8,0,0,18,0,0,0,8,0,0,0,0,0,0,0,16,0,0,0,0,0,0,0,0,0,2,-0.5555555555555554,0.9999972832878736,0.0
80,26,1s2.2s2.2p6.3s2.3p6.3d8,3d,3,2,8,2.5,d,0,55,19.92856167011884,7,0,0,18,0,0,0,7,0,0,0,0,0,0,0,16,0,0,0,0,0,0,0,0,0,2,-1.1111111111111112,0.9999972832878736,0.0
80,25,1s2.2s2.2p6.3s2.3p6.3d7,3d,3,2,7,2.5,d,0,56,19.180019458485546,6,0,0,18,0,0,0,6,0,0,0,0,0,0,0,16,0,0,0,0,0,0,0,0,0,2,-1.6666666666666665,0.9999972832878736,0.0
80,24,1s2.2s2.2p6.3s2.3p6.3d6,3d,3,2,6,2.5,d,0,57,18.477999944610033,5,0,0,18,0,0,0,5,0,0,0,0,0,0,0,16,0,0,0,0,0,0,0,0,0,2,-2.2222222222222223,0.9999972832878736,0.0
80,23,1s2.2s2.2p6.3s2.3p6.3d5,3d,3,2,5,2.5,d,0,58,17.516342790782076,4,0,0,18,0,0,0,4,0,0,0,0,0,0,0,16,0,0,0,0,0,0,0,0,0,2,2.2222222222222223,0.9999972832878736,0.0
80,22,1s2.2s2.2p6.3s2.3p6.3d4,3d,3,2,4,1.5,d,0,59,16.81369270190474,3,0,0,18,0,0,0,3,0,0,0,0,0,0,0,16,0,0,0,0,0,0,0,0,0,2,1.6666666666666667,0.9999972832878736,0.0
80,21,1s2.2s2.2p6.3s2.3p6.3d3,3d,3,2,3,1.5,d,0,60,16.06581898178117,2,0,0,18,0,0,0,2,0,0,0,0,0,0,0,16,0,0,0,0,0,0,0,0,0,2,1.1111111111111112,0.9999972832878736,0.0
80,20,1s2.2s2.2p6.3s2.3p6.3d2,3d,3,2,2,1.5,d,0,61,15.318236242385085,1,0,0,18,0,0,0,1,0,0,0,0,0,0,0,16,0,0,0,0,0,0,0,0,0,2,0.5555555555555556,0.9999972832878736,0.0
80,19,1s2.2s2.2p6.3s2.3p6.3d1,3d,3,2,1,1.5,d,0,62,14.615753461451872,0,0,0,18,0,0,0,0,0,0,0,0,0,0,0,16,0,0,0,0,0,0,0,0,0,2,0.0,0.9999972832878736,0.0
80,18,1s2.2s2.2p6.3s2.3p6,3p,3,1,6,1.5,p3,0,63,12.667818264554036,5,10,2,0,0,0,5,0,0,2,8,0,0,2,0,0,0,0,0,0,0,0,0,0,0,0,0.0,0.9999972832878736,0.0
80,17,1s2.2s2.2p6.3s2.3p5,3p,3,1,5,1.5,p3,0,64,12.08347223011717,4,10,2,0,0,0,4,0,0,2,8,0,0,2,0,0,0,0,0,0,0,0,0,0,0,0,-0.6000000000000001,0.9999972832878736,0.0
80,16,1s2.2s2.2p6.3s2.3p4,3p,3,1,4,1.5,p3,0,65,11.49928244974415,3,10,2,0,0,0,3,0,0,2,8,0,0,2,0,0,0,0,0,0,0,0,0,0,0,0,-1.2,0.9999972832878736,0.0
80,15,1s2.2s2.2p6.3s2.3p3,3p,3,1,3,1.5,p3,0,66,10.730818199117742,2,10,2,0,0,0,2,0,0,2,8,0,0,2,0,0,0,0,0,0,0,0,0,0,0,0,1.2,0.9999972832878736,0.0
80,14,1s2.2s2.2p6.3s2.3p2,3p,3,1,2,0.5,p1,0,67,10.145247180423096,1,10,2,0,0,0,1,0,0,2,8,0,0,2,0,0,0,0,0,0,0,0,0,0,0,0,0.6,0.9999972832878736,0.0
80,13,1s2.2s2.2p6.3s2.3p1,3p,3,1,1,0.5,p1,0,68,9.559774441642945,0,10,2,0,0,0,0,0,0,2,8,0,0,2,0,0,0,0,0,0,0,0,0,0,0,0,0.0,0.9999972832878736,0.0
80,12,1s2.2s2.2p6.3s2,3s,3,0,2,0.5,s,0,69,8.35113401342552,1,8,2,0,0,1,0,0,0,0,8,0,0,2,0,0,0,0,0,0,0,0,0,0,0,0,0.0,0.9999972832878736,0.0
80,11,1s2.2s2.2p6.3s1,3s,3,0,1,0.5,s,0,70,7.7856408855844075,0,8,2,0,0,0,0,0,0,0,8,0,0,2,0,0,0,0,0,0,0,0,0,0,0,0,0.0,0.9999972832878736,0.0
80,10,1s2.2s2.2p6,2p,2,1,6,1.5,p3,0,71,6.545979557232126,5,4,0,0,0,0,5,0,0,2,2,0,0,0,0,0,0,0,0,0,0,0,0,0,0,0,0.0,0.9999972832878736,0.0
80,9,1s2.2s2.2p5,2p,2,1,5,1.5,p3,0,72,5.88972955723213,4,4,0,0,0,0,4,0,0,2,2,0,0,0,0,0,0,0,0,0,0,0,0,0,0,0,-0.6000000000000001,0.9999972832878736,0.0
80,8,1s2.2s2.2p4,2p,2,1,4,1.5,p3,0,73,5.233479557232133,3,4,0,0,0,0,3,0,0,2,2,0,0,0,0,0,0,0,0,0,0,0,0,0,0,0,-1.2,0.9999972832878736,0.0
80,7,1s2.2s2.2p3,2p,2,1,3,1.5,p3,0,74,4.378670782625834,2,4,0,0,0,0,2,0,0,2,2,0,0,0,0,0,0,0,0,0,0,0,0,0,0,0,1.2,0.9999972832878736,0.0
80,6,1s2.2s2.2p2,2p,2,1,2,0.5,p1,0,75,3.7253535771907345,1,4,0,0,0,0,1,0,0,2,2,0,0,0,0,0,0,0,0,0,0,0,0,0,0,0,0.6,0.9999972832878736,0.0
80,5,1s2.2s2.2p1,2p,2,1,1,0.5,p1,0,76,3.0730091792350134,0,4,0,0,0,0,0,0,0,2,2,0,0,0,0,0,0,0,0,0,0,0,0,0,0,0,0.0,0.9999972832878736,0.0
80,4,1s2.2s2,2s,2,0,2,0.5,s,0,77,2.145875983124917,1,2,0,0,0,1,0,0,0,0,2,0,0,0,0,0,0,0,0,0,0,0,0,0,0,0,0.0,0.9999972832878736,37.56315298270764
80,3,1s2.2s1,2s,2,0,1,0.5,s,0,78,1.5912208504801093,0,2,0,0,0,0,0,0,0,0,2,0,0,0,0,0,0,0,0,0,0,0,0,0,0,0,0.0,0.9999972832878736,37.56315298270764
80,2,1s2,1s,1,0,2,0.5,s,0,79,0.625,1,0,0,0,0,1,0,0,0,0,0,0,0,0,0,0,0,0,0,0,0,0,0,0,0,0,0.0,0.9999972832878736,216.28002230439458
80,1,1s1,1s,1,0,1,0.5,s,0,80,0.0,0,0,0,0,0,0,0,0,0,0,0,0,0,0,0,0,0,0,0,0,0,0,0,0,0,0,0.0,0.9999972832878736,216.28002230439458
81,81,1s2.2s2.2p6.3s2.3p6.3d10.4s2.4p6.4d10.4f14.5s2.5p6.5d10.6s2.6p1,6p,6,1,1,0.5,p1,0,1,63.18027615907542,0,20,60,0,0,0,0,0,0,2,8,10,0,8,24,0,0,0,0,0,0,0,0,0,28,0,0.0,0.9999973230968557,0.0
81,80,1s2.2s2.2p6.3s2.3p6.3d10.4s2.4p6.4d10.4f14.5s2.5p6.5d10.6s2,6s,6,0,2,0.5,s,0,2,61.277186621795714,1,18,60,0,0,1,0,0,0,0,8,10,0,8,24,0,0,0,0,0,0,0,0,0,28,0,0.0,0.9999973230968557,0.0
81,79,1s2.2s2.2p6.3s2.3p6.3d10.4s2.4p6.4d10.4f14.5s2.5p6.5d10.6s1,6s,6,0,1,0.5,s,0,3,60.68175720132819,0,18,60,0,0,0,0,0,0,0,8,10,0,8,24,0,0,0,0,0,0,0,0,0,28,0,0.0,0.9999973230968557,0.0
81,78,1s2.2s2.2p6.3s2.3p6.3d10.4s2.4p6.4d10.4f14.5s2.5p6.5d10,5d,5,2,10,2.5,d,0,4,60.18161976204584,9,0,0,68,0,0,0,9,0,0,0,0,0,0,0,16,10,14,0,0,0,0,0,0,0,28,0.0,0.9999973230968557,0.0
81,77,1s2.2s2.2p6.3s2.3p6.3d10.4s2.4p6.4d10.4f14.5s2.5p6.5d9,5d,5,2,9,2.5,d,0,5,59.591820854204364,8,0,0,68,0,0,0,8,0,0,0,0,0,0,0,16,10,14,0,0,0,0,0,0,0,28,-0.5555555555555554,0.9999973230968557,0.0
81,76,1s2.2s2.2p6.3s2.3p6.3d10.4s2.4p6.4d10.4f14.5s2.5p6.5d8,5d,5,2,8,2.5,d,0,6,58.964892641510204,7,0,0,68,0,0,0,7,0,0,0,0,0,0,0,16,10,14,0,0,0,0,0,0,0,28,-1.1111111111111112,0.9999973230968557,0.0
81,75,1s2.2s2.2p6.3s2.3p6.3d10.4s2.4p6.4d10.4f14.5s2.5p6.5d7,5d,5,2,7,2.5,d,0,7,58.33796442882129,6,0,0,68,0,0,0,6,0,0,0,0,0,0,0,16,10,14,0,0,0,0,0,0,0,28,-1.6666666666666665,0.9999973230968557,0.0
81,74,1s2.2s2.2p6.3s2.3p6.3d10.4s2.4p6.4d10.4f14.5s2.5p6.5d6,5d,5,2,6,2.5,d,0,8,57.74816552097457,5,0,0,68,0,0,0,5,0,0,0,0,0,0,0,16,10,14,0,0,0,0,0,0,0,28,-2.2222222222222223,0.9999973230968557,0.0
81,73,1s2.2s2.2p6.3s2.3p6.3d10.4s2.4p6.4d10.4f14.5s2.5p6.5d5,5d,5,2,5,2.5,d,0,9,56.939981578454784,4,0,0,68,0,0,0,4,0,0,0,0,0,0,0,16,10,14,0,0,0,0,0,0,0,28,2.2222222222222223,0.9999973230968557,0.0
81,72,1s2.2s2.2p6.3s2.3p6.3d10.4s2.4p6.4d10.4f14.5s2.5p6.5d4,5d,5,2,4,1.5,d,0,10,56.35018267060813,3,0,0,68,0,0,0,3,0,0,0,0,0,0,0,16,10,14,0,0,0,0,0,0,0,28,1.6666666666666667,0.9999973230968557,0.0
81,71,1s2.2s2.2p6.3s2.3p6.3d10.4s2.4p6.4d10.4f14.5s2.5p6.5d3,5d,5,2,3,1.5,d,0,11,55.72325445791909,2,0,0,68,0,0,0,2,0,0,0,0,0,0,0,16,10,14,0,0,0,0,0,0,0,28,1.1111111111111112,0.9999973230968557,0.0
81,70,1s2.2s2.2p6.3s2.3p6.3d10.4s2.4p6.4d10.4f14.5s2.5p6.5d2,5d,5,2,2,1.5,d,0,12,55.09632624522511,1,0,0,68,0,0,0,1,0,0,0,0,0,0,0,16,10,14,0,0,0,0,0,0,0,28,0.5555555555555556,0.9999973230968557,0.0
81,69,1s2.2s2.2p6.3s2.3p6.3d10.4s2.4p6.4d10.4f14.5s2.5p6.5d1,5d,5,2,1,1.5,d,0,13,54.50652733738305,0,0,0,68,0,0,0,0,0,0,0,0,0,0,0,16,10,14,0,0,0,0,0,0,0,28,0.0,0.9999973230968557,0.0
81,68,1s2.2s2.2p6.3s2.3p6.3d10.4s2.4p6.4d10.4f14.5s2.5p6,5p,5,1,6,1.5,p3,0,14,51.291318007282406,5,34,28,0,0,0,5,0,0,2,8,10,14,8,10,0,0,0,0,0,0,0,0,0,10,0,0.0,0.9999973230968557,0.0
81,67,1s2.2s2.2p6.3s2.3p6.3d10.4s2.4p6.4d10.4f14.5s2.5p5,5p,5,1,5,1.5,p3,0,15,50.7422457416599,4,34,28,0,0,0,4,0,0,2,8,10,14,8,10,0,0,0,0,0,0,0,0,0,10,0,-0.6000000000000001,0.9999973230968557,0.0
81,66,1s2.2s2.2p6.3s2.3p6.3d10.4s2.4p6.4d10.4f14.5s2.5p4,5p,5,1,4,1.5,p3,0,16,50.193173476032534,3,34,28,0,0,0,3,0,0,2,8,10,14,8,10,0,0,0,0,0,0,0,0,0,10,0,-1.2,0.9999973230968557,0.0
81,65,1s2.2s2.2p6.3s2.3p6.3d10.4s2.4p6.4d10.4f14.5s2.5p3,5p,5,1,3,1.5,p3,0,17,49.453854628378465,2,34,28,0,0,0,2,0,0,2,8,10,14,8,10,0,0,0,0,0,0,0,0,0,10,0,1.2,0.9999973230968557,0.0
81,64,1s2.2s2.2p6.3s2.3p6.3d10.4s2.4p6.4d10.4f14.5s2.5p2,5p,5,1,2,0.5,p1,0,18,48.904782362751156,1,34,28,0,0,0,1,0,0,2,8,10,14,8,10,0,0,0,0,0,0,0,0,0,10,0,0.6,0.9999973230968557,0.0
81,63,1s2.2s2.2p6.3s2.3p6.3d10.4s2.4p6.4d10.4f14.5s2.5p1,5p,5,1,1,0.5,p1,0,19,48.348958444362786,0,34,28,0,0,0,0,0,0,2,8,10,14,8,10,0,0,0,0,0,0,0,0,0,10,0,0.0,0.9999973230968557,0.0
81,62,1s2.2s2.2p6.3s2.3p6.3d10.4s2.4p6.4d10.4f14.5s2,4f,4,3,14,3.5,f,0,20,49.8024669236479,13,0,0,46,2,0,0,0,13,0,0,0,0,0,0,0,0,0,36,0,0,0,0,2,0,10,0.0,0.9999973230968557,0.0
81,61,1s2.2s2.2p6.3s2.3p6.3d10.4s2.4p6.4d10.4f13.5s2,5s,5,0,2,0.5,s,0,21,45.722539208680814,1,31,28,0,0,1,0,0,0,0,8,10,13,8,10,0,0,0,0,0,0,0,0,0,10,0,0.0,0.9999973230968557,0.0
81,60,1s2.2s2.2p6.3s2.3p6.3d10.4s2.4p6.4d10.4f13.5s1,5s,5,0,1,0.5,s,0,22,45.11897567389087,0,31,28,0,0,0,0,0,0,0,8,10,13,8,10,0,0,0,0,0,0,0,0,0,10,0,0.0,0.9999973230968557,0.0
81,59,1s2.2s2.2p6.3s2.3p6.3d10.4s2.4p6.4d10.4f13,4f,4,3,13,3.5,f,0,23,48.12167878028413,12,0,0,46,0,0,0,0,12,0,0,0,0,0,0,0,0,0,36,0,0,0,0,0,0,10,-0.5384615384615383,0.9999973230968557,0.0
81,58,1s2.2s2.2p6.3s2.3p6.3d10.4s2.4p6.4d10.4f12,4f,4,3,12,3.5,f,0,24,47.365159080568446,11,0,0,46,0,0,0,0,11,0,0,0,0,0,0,0,0,0,36,0,0,0,0,0,0,10,-1.0769230769230766,0.9999973230968557,0.0
81,57,1s2.2s2.2p6.3s2.3p6.3d10.4s2.4p6.4d10.4f11,4f,4,3,11,3.5,f,0,25,46.56470817701302,10,0,0,46,0,0,0,0,10,0,0,0,0,0,0,0,0,0,36,0,0,0,0,0,0,10,-1.615384615384615,0.9999973230968557,0.0
81,56,1s2.2s2.2p6.3s2.3p6.3d10.4s2.4p6.4d10.4f10,4f,4,3,10,3.5,f,0,26,45.76175948408627,9,0,0,46,0,0,0,0,9,0,0,0,0,0,0,0,0,0,36,0,0,0,0,0,0,10,-2.153846153846154,0.9999973230968557,0.0
81,55,1s2.2s2.2p6.3s2.3p6.3d10.4s2.4p6.4d10.4f9,4f,4,3,9,3.5,f,0,27,45.00482525620487,8,0,0,46,0,0,0,0,8,0,0,0,0,0,0,0,0,0,36,0,0,0,0,0,0,10,-2.6923076923076925,0.9999973230968557,0.0
81,54,1s2.2s2.2p6.3s2.3p6.3d10.4s2.4p6.4d10.4f8,4f,4,3,8,3.5,f,0,28,44.26571435083406,7,0,0,46,0,0,0,0,7,0,0,0,0,0,0,0,0,0,36,0,0,0,0,0,0,10,-3.230769230769231,0.9999973230968557,0.0
81,53,1s2.2s2.2p6.3s2.3p6.3d10.4s2.4p6.4d10.4f7,4f,4,3,7,3.5,f,0,29,43.235453992296016,6,0,0,46,0,0,0,0,6,0,0,0,0,0,0,0,0,0,36,0,0,0,0,0,0,10,3.230769230769231,0.9999973230968557,0.0
81,52,1s2.2s2.2p6.3s2.3p6.3d10.4s2.4p6.4d10.4f6,4f,4,3,6,2.5,f,0,30,42.49634308692566,5,0,0,46,0,0,0,0,5,0,0,0,0,0,0,0,0,0,36,0,0,0,0,0,0,10,2.6923076923076925,0.9999973230968557,0.0
81,51,1s2.2s2.2p6.3s2.3p6.3d10.4s2.4p6.4d10.4f5,4f,4,3,5,2.5,f,0,31,41.739408859043806,4,0,0,46,0,0,0,0,4,0,0,0,0,0,0,0,0,0,36,0,0,0,0,0,0,10,2.1538461538461537,0.9999973230968557,0.0
81,50,1s2.2s2.2p6.3s2.3p6.3d10.4s2.4p6.4d10.4f4,4f,4,3,4,2.5,f,0,32,40.937916324885464,3,0,0,46,0,0,0,0,3,0,0,0,0,0,0,0,0,0,36,0,0,0,0,0,0,10,1.6153846153846154,0.9999973230968557,0.0
81,49,1s2.2s2.2p6.3s2.3p6.3d10.4s2.4p6.4d10.4f3,4f,4,3,3,2.5,f,0,33,40.136423790726894,2,0,0,46,0,0,0,0,2,0,0,0,0,0,0,0,0,0,36,0,0,0,0,0,0,10,1.0769230769230769,0.9999973230968557,0.0
81,48,1s2.2s2.2p6.3s2.3p6.3d10.4s2.4p6.4d10.4f2,4f,4,3,2,2.5,f,0,34,39.37948956284549,1,0,0,46,0,0,0,0,1,0,0,0,0,0,0,0,0,0,36,0,0,0,0,0,0,10,0.5384615384615384,0.9999973230968557,0.0
81,47,1s2.2s2.2p6.3s2.3p6.3d10.4s2.4p6.4d10.4f1,4f,4,3,1,2.5,f,0,35,38.640378657474685,0,0,0,46,0,0,0,0,0,0,0,0,0,0,0,0,0,0,36,0,0,0,0,0,0,10,0.0,0.9999973230968557,0.0
81,46,1s2.2s2.2p6.3s2.3p6.3d10.4s2.4p6.4d10,4d,4,2,10,2.5,d,0,36,35.18427854681272,9,0,0,36,0,0,0,9,0,0,0,0,0,0,0,16,10,0,0,0,0,0,0,0,0,10,0.0,0.9999973230968557,0.0
81,45,1s2.2s2.2p6.3s2.3p6.3d10.4s2.4p6.4d9,4d,4,2,9,2.5,d,0,37,34.56268954011648,8,0,0,36,0,0,0,8,0,0,0,0,0,0,0,16,10,0,0,0,0,0,0,0,0,10,-0.5555555555555554,0.9999973230968557,0.0
81,44,1s2.2s2.2p6.3s2.3p6.3d10.4s2.4p6.4d8,4d,4,2,8,2.5,d,0,38,33.90183225775024,7,0,0,36,0,0,0,7,0,0,0,0,0,0,0,16,10,0,0,0,0,0,0,0,0,10,-1.1111111111111112,0.9999973230968557,0.0
81,43,1s2.2s2.2p6.3s2.3p6.3d10.4s2.4p6.4d7,4d,4,2,7,2.5,d,0,39,33.24097497538423,6,0,0,36,0,0,0,6,0,0,0,0,0,0,0,16,10,0,0,0,0,0,0,0,0,10,-1.6666666666666665,0.9999973230968557,0.0
81,42,1s2.2s2.2p6.3s2.3p6.3d10.4s2.4p6.4d6,4d,4,2,6,2.5,d,0,40,32.619385968687766,5,0,0,36,0,0,0,5,0,0,0,0,0,0,0,16,10,0,0,0,0,0,0,0,0,10,-2.2222222222222223,0.9999973230968557,0.0
81,41,1s2.2s2.2p6.3s2.3p6.3d10.4s2.4p6.4d5,4d,4,2,5,2.5,d,0,41,31.77042966985971,4,0,0,36,0,0,0,4,0,0,0,0,0,0,0,16,10,0,0,0,0,0,0,0,0,10,2.2222222222222223,0.9999973230968557,0.0
81,40,1s2.2s2.2p6.3s2.3p6.3d10.4s2.4p6.4d4,4d,4,2,4,1.5,d,0,42,31.14884066316324,3,0,0,36,0,0,0,3,0,0,0,0,0,0,0,16,10,0,0,0,0,0,0,0,0,10,1.6666666666666667,0.9999973230968557,0.0
81,39,1s2.2s2.2p6.3s2.3p6.3d10.4s2.4p6.4d3,4d,4,2,3,1.5,d,0,43,30.487983380797118,2,0,0,36,0,0,0,2,0,0,0,0,0,0,0,16,10,0,0,0,0,0,0,0,0,10,1.1111111111111112,0.9999973230968557,0.0
81,38,1s2.2s2.2p6.3s2.3p6.3d10.4s2.4p6.4d2,4d,4,2,2,1.5,d,0,44,29.82712609843111,1,0,0,36,0,0,0,1,0,0,0,0,0,0,0,16,10,0,0,0,0,0,0,0,0,10,0.5555555555555556,0.9999973230968557,0.0
81,37,1s2.2s2.2p6.3s2.3p6.3d10.4s2.4p6.4d1,4d,4,2,1,1.5,d,0,45,29.20553709173464,0,0,0,36,0,0,0,0,0,0,0,0,0,0,0,16,10,0,0,0,0,0,0,0,0,10,0.0,0.9999973230968557,0.0
81,36,1s2.2s2.2p6.3s2.3p6.3d10.4s2.4p6,4p,4,1,6,1.5,p3,0,46,26.676544772007787,5,20,10,0,0,0,5,0,0,2,8,10,0,8,0,0,0,0,0,0,0,0,0,0,2,0,0.0,0.9999973230968557,0.0
81,35,1s2.2s2.2p6.3s2.3p6.3d10.4s2.4p5,4p,4,1,5,1.5,p3,0,47,26.117340670445287,4,20,10,0,0,0,4,0,0,2,8,10,0,8,0,0,0,0,0,0,0,0,0,0,2,0,-0.6000000000000001,0.9999973230968557,0.0
81,34,1s2.2s2.2p6.3s2.3p6.3d10.4s2.4p4,4p,4,1,4,1.5,p3,0,48,25.558136568882787,3,20,10,0,0,0,3,0,0,2,8,10,0,8,0,0,0,0,0,0,0,0,0,0,2,0,-1.2,0.9999973230968557,0.0
81,33,1s2.2s2.2p6.3s2.3p6.3d10.4s2.4p3,4p,4,1,3,1.5,p3,0,49,24.807678805211026,2,20,10,0,0,0,2,0,0,2,8,10,0,8,0,0,0,0,0,0,0,0,0,0,2,0,1.2,0.9999973230968557,0.0
81,32,1s2.2s2.2p6.3s2.3p6.3d10.4s2.4p2,4p,4,1,2,0.5,p1,0,50,24.24270156046225,1,20,10,0,0,0,1,0,0,2,8,10,0,8,0,0,0,0,0,0,0,0,0,0,2,0,0.6,0.9999973230968557,0.0
81,31,1s2.2s2.2p6.3s2.3p6.3d10.4s2.4p1,4p,4,1,1,0.5,p1,0,51,23.681451647104154,0,20,10,0,0,0,0,0,0,2,8,10,0,8,0,0,0,0,0,0,0,0,0,0,2,0,0.0,0.9999973230968557,0.0
81,30,1s2.2s2.2p6.3s2.3p6.3d10.4s2,4s,4,0,2,0.5,s,0,52,22.126593730819764,1,18,10,0,0,1,0,0,0,0,8,10,0,8,0,0,0,0,0,0,0,0,0,0,2,0,0.0,0.9999973230968557,0.0
81,29,1s2.2s2.2p6.3s2.3p6.3d10.4s1,4s,4,0,1,0.5,s,0,53,21.554071296483926,0,18,10,0,0,0,0,0,0,0,8,10,0,8,0,0,0,0,0,0,0,0,0,0,2,0,0.0,0.9999973230968557,0.0
81,28,1s2.2s2.2p6.3s2.3p6.3d10,3d,3,2,10,2.5,d,0,54,21.379455336979806,9,0,0,18,0,0,0,9,0,0,0,0,0,0,0,16,0,0,0,0,0,0,0,0,0,2,0.0,0.9999973230968557,0.0
81,27,1s2.2s2.2p6.3s2.3p6.3d9,3d,3,2,9,2.5,d,0,55,20.677223194122995,8,0,0,18,0,0,0,8,0,0,0,0,0,0,0,16,0,0,0,0,0,0,0,0,0,2,-0.5555555555555554,0.9999973230968557,0.0
81,26,1s2.2s2.2p6.3s2.3p6.3d8,3d,3,2,8,2.5,d,0,56,19.92856167011884,7,0,0,18,0,0,0,7,0,0,0,0,0,0,0,16,0,0,0,0,0,0,0,0,0,2,-1.1111111111111112,0.9999973230968557,0.0
81,25,1s2.2s2.2p6.3s2.3p6.3d7,3d,3,2,7,2.5,d,0,57,19.180019458485546,6,0,0,18,0,0,0,6,0,0,0,0,0,0,0,16,0,0,0,0,0,0,0,0,0,2,-1.6666666666666665,0.9999973230968557,0.0
81,24,1s2.2s2.2p6.3s2.3p6.3d6,3d,3,2,6,2.5,d,0,58,18.477999944610033,5,0,0,18,0,0,0,5,0,0,0,0,0,0,0,16,0,0,0,0,0,0,0,0,0,2,-2.2222222222222223,0.9999973230968557,0.0
81,23,1s2.2s2.2p6.3s2.3p6.3d5,3d,3,2,5,2.5,d,0,59,17.516342790782076,4,0,0,18,0,0,0,4,0,0,0,0,0,0,0,16,0,0,0,0,0,0,0,0,0,2,2.2222222222222223,0.9999973230968557,0.0
81,22,1s2.2s2.2p6.3s2.3p6.3d4,3d,3,2,4,1.5,d,0,60,16.81369270190474,3,0,0,18,0,0,0,3,0,0,0,0,0,0,0,16,0,0,0,0,0,0,0,0,0,2,1.6666666666666667,0.9999973230968557,0.0
81,21,1s2.2s2.2p6.3s2.3p6.3d3,3d,3,2,3,1.5,d,0,61,16.06581898178117,2,0,0,18,0,0,0,2,0,0,0,0,0,0,0,16,0,0,0,0,0,0,0,0,0,2,1.1111111111111112,0.9999973230968557,0.0
81,20,1s2.2s2.2p6.3s2.3p6.3d2,3d,3,2,2,1.5,d,0,62,15.318236242385085,1,0,0,18,0,0,0,1,0,0,0,0,0,0,0,16,0,0,0,0,0,0,0,0,0,2,0.5555555555555556,0.9999973230968557,0.0
81,19,1s2.2s2.2p6.3s2.3p6.3d1,3d,3,2,1,1.5,d,0,63,14.615753461451872,0,0,0,18,0,0,0,0,0,0,0,0,0,0,0,16,0,0,0,0,0,0,0,0,0,2,0.0,0.9999973230968557,0.0
81,18,1s2.2s2.2p6.3s2.3p6,3p,3,1,6,1.5,p3,0,64,12.667818264554036,5,10,2,0,0,0,5,0,0,2,8,0,0,2,0,0,0,0,0,0,0,0,0,0,0,0,0.0,0.9999973230968557,0.0
81,17,1s2.2s2.2p6.3s2.3p5,3p,3,1,5,1.5,p3,0,65,12.08347223011717,4,10,2,0,0,0,4,0,0,2,8,0,0,2,0,0,0,0,0,0,0,0,0,0,0,0,-0.6000000000000001,0.9999973230968557,0.0
81,16,1s2.2s2.2p6.3s2.3p4,3p,3,1,4,1.5,p3,0,66,11.49928244974415,3,10,2,0,0,0,3,0,0,2,8,0,0,2,0,0,0,0,0,0,0,0,0,0,0,0,-1.2,0.9999973230968557,0.0
81,15,1s2.2s2.2p6.3s2.3p3,3p,3,1,3,1.5,p3,0,67,10.730818199117742,2,10,2,0,0,0,2,0,0,2,8,0,0,2,0,0,0,0,0,0,0,0,0,0,0,0,1.2,0.9999973230968557,0.0
81,14,1s2.2s2.2p6.3s2.3p2,3p,3,1,2,0.5,p1,0,68,10.145247180423096,1,10,2,0,0,0,1,0,0,2,8,0,0,2,0,0,0,0,0,0,0,0,0,0,0,0,0.6,0.9999973230968557,0.0
81,13,1s2.2s2.2p6.3s2.3p1,3p,3,1,1,0.5,p1,0,69,9.559774441642945,0,10,2,0,0,0,0,0,0,2,8,0,0,2,0,0,0,0,0,0,0,0,0,0,0,0,0.0,0.9999973230968557,0.0
81,12,1s2.2s2.2p6.3s2,3s,3,0,2,0.5,s,0,70,8.35113401342552,1,8,2,0,0,1,0,0,0,0,8,0,0,2,0,0,0,0,0,0,0,0,0,0,0,0,0.0,0.9999973230968557,0.0
81,11,1s2.2s2.2p6.3s1,3s,3,0,1,0.5,s,0,71,7.7856408855844075,0,8,2,0,0,0,0,0,0,0,8,0,0,2,0,0,0,0,0,0,0,0,0,0,0,0,0.0,0.9999973230968557,0.0
81,10,1s2.2s2.2p6,2p,2,1,6,1.5,p3,0,72,6.545979557232126,5,4,0,0,0,0,5,0,0,2,2,0,0,0,0,0,0,0,0,0,0,0,0,0,0,0,0.0,0.9999973230968557,0.0
81,9,1s2.2s2.2p5,2p,2,1,5,1.5,p3,0,73,5.88972955723213,4,4,0,0,0,0,4,0,0,2,2,0,0,0,0,0,0,0,0,0,0,0,0,0,0,0,-0.6000000000000001,0.9999973230968557,0.0
81,8,1s2.2s2.2p4,2p,2,1,4,1.5,p3,0,74,5.233479557232133,3,4,0,0,0,0,3,0,0,2,2,0,0,0,0,0,0,0,0,0,0,0,0,0,0,0,-1.2,0.9999973230968557,0.0
81,7,1s2.2s2.2p3,2p,2,1,3,1.5,p3,0,75,4.378670782625834,2,4,0,0,0,0,2,0,0,2,2,0,0,0,0,0,0,0,0,0,0,0,0,0,0,0,1.2,0.9999973230968557,0.0
81,6,1s2.2s2.2p2,2p,2,1,2,0.5,p1,0,76,3.7253535771907345,1,4,0,0,0,0,1,0,0,2,2,0,0,0,0,0,0,0,0,0,0,0,0,0,0,0,0.6,0.9999973230968557,0.0
81,5,1s2.2s2.2p1,2p,2,1,1,0.5,p1,0,77,3.0730091792350134,0,4,0,0,0,0,0,0,0,2,2,0,0,0,0,0,0,0,0,0,0,0,0,0,0,0,0.0,0.9999973230968557,0.0
81,4,1s2.2s2,2s,2,0,2,0.5,s,0,78,2.145875983124917,1,2,0,0,0,1,0,0,0,0,2,0,0,0,0,0,0,0,0,0,0,0,0,0,0,0,0.0,0.9999973230968557,40.02949479608252
81,3,1s2.2s1,2s,2,0,1,0.5,s,0,79,1.5912208504801093,0,2,0,0,0,0,0,0,0,0,2,0,0,0,0,0,0,0,0,0,0,0,0,0,0,0,0.0,0.9999973230968557,40.02949479608252
81,2,1s2,1s,1,0,2,0.5,s,0,80,0.625,1,0,0,0,0,1,0,0,0,0,0,0,0,0,0,0,0,0,0,0,0,0,0,0,0,0,0.0,0.9999973230968557,229.0984778001829
81,1,1s1,1s,1,0,1,0.5,s,0,81,0.0,0,0,0,0,0,0,0,0,0,0,0,0,0,0,0,0,0,0,0,0,0,0,0,0,0,0,0.0,0.9999973230968557,229.0984778001829
82,82,1s2.2s2.2p6.3s2.3p6.3d10.4s2.4p6.4d10.4f14.5s2.5p6.5d10.6s2.6p2,6p,6,1,2,0.5,p1,0,1,63.72395062806516,1,20,60,0,0,0,1,0,0,2,8,10,0,8,24,0,0,0,0,0,0,0,0,0,28,0,0.6,0.9999973617420944,0.0
82,81,1s2.2s2.2p6.3s2.3p6.3d10.4s2.4p6.4d10.4f14.5s2.5p6.5d10.6s2.6p1,6p,6,1,1,0.5,p1,0,2,63.18027615907542,0,20,60,0,0,0,0,0,0,2,8,10,0,8,24,0,0,0,0,0,0,0,0,0,28,0,0.0,0.9999973617420944,0.0
82,80,1s2.2s2.2p6.3s2.3p6.3d10.4s2.4p6.4d10.4f14.5s2.5p6.5d10.6s2,6s,6,0,2,0.5,s,0,3,61.277186621795714,1,18,60,0,0,1,0,0,0,0,8,10,0,8,24,0,0,0,0,0,0,0,0,0,28,0,0.0,0.9999973617420944,0.0
82,79,1s2.2s2.2p6.3s2.3p6.3d10.4s2.4p6.4d10.4f14.5s2.5p6.5d10.6s1,6s,6,0,1,0.5,s,0,4,60.68175720132819,0,18,60,0,0,0,0,0,0,0,8,10,0,8,24,0,0,0,0,0,0,0,0,0,28,0,0.0,0.9999973617420944,0.0
82,78,1s2.2s2.2p6.3s2.3p6.3d10.4s2.4p6.4d10.4f14.5s2.5p6.5d10,5d,5,2,10,2.5,d,0,5,60.18161976204584,9,0,0,68,0,0,0,9,0,0,0,0,0,0,0,16,10,14,0,0,0,0,0,0,0,28,0.0,0.9999973617420944,0.0
82,77,1s2.2s2.2p6.3s2.3p6.3d10.4s2.4p6.4d10.4f14.5s2.5p6.5d9,5d,5,2,9,2.5,d,0,6,59.591820854204364,8,0,0,68,0,0,0,8,0,0,0,0,0,0,0,16,10,14,0,0,0,0,0,0,0,28,-0.5555555555555554,0.9999973617420944,0.0
82,76,1s2.2s2.2p6.3s2.3p6.3d10.4s2.4p6.4d10.4f14.5s2.5p6.5d8,5d,5,2,8,2.5,d,0,7,58.964892641510204,7,0,0,68,0,0,0,7,0,0,0,0,0,0,0,16,10,14,0,0,0,0,0,0,0,28,-1.1111111111111112,0.9999973617420944,0.0
82,75,1s2.2s2.2p6.3s2.3p6.3d10.4s2.4p6.4d10.4f14.5s2.5p6.5d7,5d,5,2,7,2.5,d,0,8,58.33796442882129,6,0,0,68,0,0,0,6,0,0,0,0,0,0,0,16,10,14,0,0,0,0,0,0,0,28,-1.6666666666666665,0.9999973617420944,0.0
82,74,1s2.2s2.2p6.3s2.3p6.3d10.4s2.4p6.4d10.4f14.5s2.5p6.5d6,5d,5,2,6,2.5,d,0,9,57.74816552097457,5,0,0,68,0,0,0,5,0,0,0,0,0,0,0,16,10,14,0,0,0,0,0,0,0,28,-2.2222222222222223,0.9999973617420944,0.0
82,73,1s2.2s2.2p6.3s2.3p6.3d10.4s2.4p6.4d10.4f14.5s2.5p6.5d5,5d,5,2,5,2.5,d,0,10,56.939981578454784,4,0,0,68,0,0,0,4,0,0,0,0,0,0,0,16,10,14,0,0,0,0,0,0,0,28,2.2222222222222223,0.9999973617420944,0.0
82,72,1s2.2s2.2p6.3s2.3p6.3d10.4s2.4p6.4d10.4f14.5s2.5p6.5d4,5d,5,2,4,1.5,d,0,11,56.35018267060813,3,0,0,68,0,0,0,3,0,0,0,0,0,0,0,16,10,14,0,0,0,0,0,0,0,28,1.6666666666666667,0.9999973617420944,0.0
82,71,1s2.2s2.2p6.3s2.3p6.3d10.4s2.4p6.4d10.4f14.5s2.5p6.5d3,5d,5,2,3,1.5,d,0,12,55.72325445791909,2,0,0,68,0,0,0,2,0,0,0,0,0,0,0,16,10,14,0,0,0,0,0,0,0,28,1.1111111111111112,0.9999973617420944,0.0
82,70,1s2.2s2.2p6.3s2.3p6.3d10.4s2.4p6.4d10.4f14.5s2.5p6.5d2,5d,5,2,2,1.5,d,0,13,55.09632624522511,1,0,0,68,0,0,0,1,0,0,0,0,0,0,0,16,10,14,0,0,0,0,0,0,0,28,0.5555555555555556,0.9999973617420944,0.0
82,69,1s2.2s2.2p6.3s2.3p6.3d10.4s2.4p6.4d10.4f14.5s2.5p6.5d1,5d,5,2,1,1.5,d,0,14,54.50652733738305,0,0,0,68,0,0,0,0,0,0,0,0,0,0,0,16,10,14,0,0,0,0,0,0,0,28,0.0,0.9999973617420944,0.0
82,68,1s2.2s2.2p6.3s2.3p6.3d10.4s2.4p6.4d10.4f14.5s2.5p6,5p,5,1,6,1.5,p3,0,15,51.291318007282406,5,34,28,0,0,0,5,0,0,2,8,10,14,8,10,0,0,0,0,0,0,0,0,0,10,0,0.0,0.9999973617420944,0.0
82,67,1s2.2s2.2p6.3s2.3p6.3d10.4s2.4p6.4d10.4f14.5s2.5p5,5p,5,1,5,1.5,p3,0,16,50.7422457416599,4,34,28,0,0,0,4,0,0,2,8,10,14,8,10,0,0,0,0,0,0,0,0,0,10,0,-0.6000000000000001,0.9999973617420944,0.0
82,66,1s2.2s2.2p6.3s2.3p6.3d10.4s2.4p6.4d10.4f14.5s2.5p4,5p,5,1,4,1.5,p3,0,17,50.193173476032534,3,34,28,0,0,0,3,0,0,2,8,10,14,8,10,0,0,0,0,0,0,0,0,0,10,0,-1.2,0.9999973617420944,0.0
82,65,1s2.2s2.2p6.3s2.3p6.3d10.4s2.4p6.4d10.4f14.5s2.5p3,5p,5,1,3,1.5,p3,0,18,49.453854628378465,2,34,28,0,0,0,2,0,0,2,8,10,14,8,10,0,0,0,0,0,0,0,0,0,10,0,1.2,0.9999973617420944,0.0
82,64,1s2.2s2.2p6.3s2.3p6.3d10.4s2.4p6.4d10.4f14.5s2.5p2,5p,5,1,2,0.5,p1,0,19,48.904782362751156,1,34,28,0,0,0,1,0,0,2,8,10,14,8,10,0,0,0,0,0,0,0,0,0,10,0,0.6,0.9999973617420944,0.0
82,63,1s2.2s2.2p6.3s2.3p6.3d10.4s2.4p6.4d10.4f14.5s2.5p1,5p,5,1,1,0.5,p1,0,20,48.348958444362786,0,34,28,0,0,0,0,0,0,2,8,10,14,8,10,0,0,0,0,0,0,0,0,0,10,0,0.0,0.9999973617420944,0.0
82,62,1s2.2s2.2p6.3s2.3p6.3d10.4s2.4p6.4d10.4f14.5s2,4f,4,3,14,3.5,f,0,21,49.8024669236479,13,0,0,46,2,0,0,0,13,0,0,0,0,0,0,0,0,0,36,0,0,0,0,2,0,10,0.0,0.9999973617420944,0.0
82,61,1s2.2s2.2p6.3s2.3p6.3d10.4s2.4p6.4d10.4f13.5s2,5s,5,0,2,0.5,s,0,22,45.722539208680814,1,31,28,0,0,1,0,0,0,0,8,10,13,8,10,0,0,0,0,0,0,0,0,0,10,0,0.0,0.9999973617420944,0.0
82,60,1s2.2s2.2p6.3s2.3p6.3d10.4s2.4p6.4d10.4f13.5s1,5s,5,0,1,0.5,s,0,23,45.11897567389087,0,31,28,0,0,0,0,0,0,0,8,10,13,8,10,0,0,0,0,0,0,0,0,0,10,0,0.0,0.9999973617420944,0.0
82,59,1s2.2s2.2p6.3s2.3p6.3d10.4s2.4p6.4d10.4f13,4f,4,3,13,3.5,f,0,24,48.12167878028413,12,0,0,46,0,0,0,0,12,0,0,0,0,0,0,0,0,0,36,0,0,0,0,0,0,10,-0.5384615384615383,0.9999973617420944,0.0
82,58,1s2.2s2.2p6.3s2.3p6.3d10.4s2.4p6.4d10.4f12,4f,4,3,12,3.5,f,0,25,47.365159080568446,11,0,0,46,0,0,0,0,11,0,0,0,0,0,0,0,0,0,36,0,0,0,0,0,0,10,-1.0769230769230766,0.9999973617420944,0.0
82,57,1s2.2s2.2p6.3s2.3p6.3d10.4s2.4p6.4d10.4f11,4f,4,3,11,3.5,f,0,26,46.56470817701302,10,0,0,46,0,0,0,0,10,0,0,0,0,0,0,0,0,0,36,0,0,0,0,0,0,10,-1.615384615384615,0.9999973617420944,0.0
82,56,1s2.2s2.2p6.3s2.3p6.3d10.4s2.4p6.4d10.4f10,4f,4,3,10,3.5,f,0,27,45.76175948408627,9,0,0,46,0,0,0,0,9,0,0,0,0,0,0,0,0,0,36,0,0,0,0,0,0,10,-2.153846153846154,0.9999973617420944,0.0
82,55,1s2.2s2.2p6.3s2.3p6.3d10.4s2.4p6.4d10.4f9,4f,4,3,9,3.5,f,0,28,45.00482525620487,8,0,0,46,0,0,0,0,8,0,0,0,0,0,0,0,0,0,36,0,0,0,0,0,0,10,-2.6923076923076925,0.9999973617420944,0.0
82,54,1s2.2s2.2p6.3s2.3p6.3d10.4s2.4p6.4d10.4f8,4f,4,3,8,3.5,f,0,29,44.26571435083406,7,0,0,46,0,0,0,0,7,0,0,0,0,0,0,0,0,0,36,0,0,0,0,0,0,10,-3.230769230769231,0.9999973617420944,0.0
82,53,1s2.2s2.2p6.3s2.3p6.3d10.4s2.4p6.4d10.4f7,4f,4,3,7,3.5,f,0,30,43.235453992296016,6,0,0,46,0,0,0,0,6,0,0,0,0,0,0,0,0,0,36,0,0,0,0,0,0,10,3.230769230769231,0.9999973617420944,0.0
82,52,1s2.2s2.2p6.3s2.3p6.3d10.4s2.4p6.4d10.4f6,4f,4,3,6,2.5,f,0,31,42.49634308692566,5,0,0,46,0,0,0,0,5,0,0,0,0,0,0,0,0,0,36,0,0,0,0,0,0,10,2.6923076923076925,0.9999973617420944,0.0
82,51,1s2.2s2.2p6.3s2.3p6.3d10.4s2.4p6.4d10.4f5,4f,4,3,5,2.5,f,0,32,41.739408859043806,4,0,0,46,0,0,0,0,4,0,0,0,0,0,0,0,0,0,36,0,0,0,0,0,0,10,2.1538461538461537,0.9999973617420944,0.0
82,50,1s2.2s2.2p6.3s2.3p6.3d10.4s2.4p6.4d10.4f4,4f,4,3,4,2.5,f,0,33,40.937916324885464,3,0,0,46,0,0,0,0,3,0,0,0,0,0,0,0,0,0,36,0,0,0,0,0,0,10,1.6153846153846154,0.9999973617420944,0.0
82,49,1s2.2s2.2p6.3s2.3p6.3d10.4s2.4p6.4d10.4f3,4f,4,3,3,2.5,f,0,34,40.136423790726894,2,0,0,46,0,0,0,0,2,0,0,0,0,0,0,0,0,0,36,0,0,0,0,0,0,10,1.0769230769230769,0.9999973617420944,0.0
82,48,1s2.2s2.2p6.3s2.3p6.3d10.4s2.4p6.4d10.4f2,4f,4,3,2,2.5,f,0,35,39.37948956284549,1,0,0,46,0,0,0,0,1,0,0,0,0,0,0,0,0,0,36,0,0,0,0,0,0,10,0.5384615384615384,0.9999973617420944,0.0
82,47,1s2.2s2.2p6.3s2.3p6.3d10.4s2.4p6.4d10.4f1,4f,4,3,1,2.5,f,0,36,38.640378657474685,0,0,0,46,0,0,0,0,0,0,0,0,0,0,0,0,0,0,36,0,0,0,0,0,0,10,0.0,0.9999973617420944,0.0
82,46,1s2.2s2.2p6.3s2.3p6.3d10.4s2.4p6.4d10,4d,4,2,10,2.5,d,0,37,35.18427854681272,9,0,0,36,0,0,0,9,0,0,0,0,0,0,0,16,10,0,0,0,0,0,0,0,0,10,0.0,0.9999973617420944,0.0
82,45,1s2.2s2.2p6.3s2.3p6.3d10.4s2.4p6.4d9,4d,4,2,9,2.5,d,0,38,34.56268954011648,8,0,0,36,0,0,0,8,0,0,0,0,0,0,0,16,10,0,0,0,0,0,0,0,0,10,-0.5555555555555554,0.9999973617420944,0.0
82,44,1s2.2s2.2p6.3s2.3p6.3d10.4s2.4p6.4d8,4d,4,2,8,2.5,d,0,39,33.90183225775024,7,0,0,36,0,0,0,7,0,0,0,0,0,0,0,16,10,0,0,0,0,0,0,0,0,10,-1.1111111111111112,0.9999973617420944,0.0
82,43,1s2.2s2.2p6.3s2.3p6.3d10.4s2.4p6.4d7,4d,4,2,7,2.5,d,0,40,33.24097497538423,6,0,0,36,0,0,0,6,0,0,0,0,0,0,0,16,10,0,0,0,0,0,0,0,0,10,-1.6666666666666665,0.9999973617420944,0.0
82,42,1s2.2s2.2p6.3s2.3p6.3d10.4s2.4p6.4d6,4d,4,2,6,2.5,d,0,41,32.619385968687766,5,0,0,36,0,0,0,5,0,0,0,0,0,0,0,16,10,0,0,0,0,0,0,0,0,10,-2.2222222222222223,0.9999973617420944,0.0
82,41,1s2.2s2.2p6.3s2.3p6.3d10.4s2.4p6.4d5,4d,4,2,5,2.5,d,0,42,31.77042966985971,4,0,0,36,0,0,0,4,0,0,0,0,0,0,0,16,10,0,0,0,0,0,0,0,0,10,2.2222222222222223,0.9999973617420944,0.0
82,40,1s2.2s2.2p6.3s2.3p6.3d10.4s2.4p6.4d4,4d,4,2,4,1.5,d,0,43,31.14884066316324,3,0,0,36,0,0,0,3,0,0,0,0,0,0,0,16,10,0,0,0,0,0,0,0,0,10,1.6666666666666667,0.9999973617420944,0.0
82,39,1s2.2s2.2p6.3s2.3p6.3d10.4s2.4p6.4d3,4d,4,2,3,1.5,d,0,44,30.487983380797118,2,0,0,36,0,0,0,2,0,0,0,0,0,0,0,16,10,0,0,0,0,0,0,0,0,10,1.1111111111111112,0.9999973617420944,0.0
82,38,1s2.2s2.2p6.3s2.3p6.3d10.4s2.4p6.4d2,4d,4,2,2,1.5,d,0,45,29.82712609843111,1,0,0,36,0,0,0,1,0,0,0,0,0,0,0,16,10,0,0,0,0,0,0,0,0,10,0.5555555555555556,0.9999973617420944,0.0
82,37,1s2.2s2.2p6.3s2.3p6.3d10.4s2.4p6.4d1,4d,4,2,1,1.5,d,0,46,29.20553709173464,0,0,0,36,0,0,0,0,0,0,0,0,0,0,0,16,10,0,0,0,0,0,0,0,0,10,0.0,0.9999973617420944,0.0
82,36,1s2.2s2.2p6.3s2.3p6.3d10.4s2.4p6,4p,4,1,6,1.5,p3,0,47,26.676544772007787,5,20,10,0,0,0,5,0,0,2,8,10,0,8,0,0,0,0,0,0,0,0,0,0,2,0,0.0,0.9999973617420944,0.0
82,35,1s2.2s2.2p6.3s2.3p6.3d10.4s2.4p5,4p,4,1,5,1.5,p3,0,48,26.117340670445287,4,20,10,0,0,0,4,0,0,2,8,10,0,8,0,0,0,0,0,0,0,0,0,0,2,0,-0.6000000000000001,0.9999973617420944,0.0
82,34,1s2.2s2.2p6.3s2.3p6.3d10.4s2.4p4,4p,4,1,4,1.5,p3,0,49,25.558136568882787,3,20,10,0,0,0,3,0,0,2,8,10,0,8,0,0,0,0,0,0,0,0,0,0,2,0,-1.2,0.9999973617420944,0.0
82,33,1s2.2s2.2p6.3s2.3p6.3d10.4s2.4p3,4p,4,1,3,1.5,p3,0,50,24.807678805211026,2,20,10,0,0,0,2,0,0,2,8,10,0,8,0,0,0,0,0,0,0,0,0,0,2,0,1.2,0.9999973617420944,0.0
82,32,1s2.2s2.2p6.3s2.3p6.3d10.4s2.4p2,4p,4,1,2,0.5,p1,0,51,24.24270156046225,1,20,10,0,0,0,1,0,0,2,8,10,0,8,0,0,0,0,0,0,0,0,0,0,2,0,0.6,0.9999973617420944,0.0
82,31,1s2.2s2.2p6.3s2.3p6.3d10.4s2.4p1,4p,4,1,1,0.5,p1,0,52,23.681451647104154,0,20,10,0,0,0,0,0,0,2,8,10,0,8,0,0,0,0,0,0,0,0,0,0,2,0,0.0,0.9999973617420944,0.0
82,30,1s2.2s2.2p6.3s2.3p6.3d10.4s2,4s,4,0,2,0.5,s,0,53,22.126593730819764,1,18,10,0,0,1,0,0,0,0,8,10,0,8,0,0,0,0,0,0,0,0,0,0,2,0,0.0,0.9999973617420944,0.0
82,29,1s2.2s2.2p6.3s2.3p6.3d10.4s1,4s,4,0,1,0.5,s,0,54,21.554071296483926,0,18,10,0,0,0,0,0,0,0,8,10,0,8,0,0,0,0,0,0,0,0,0,0,2,0,0.0,0.9999973617420944,0.0
82,28,1s2.2s2.2p6.3s2.3p6.3d10,3d,3,2,10,2.5,d,0,55,21.379455336979806,9,0,0,18,0,0,0,9,0,0,0,0,0,0,0,16,0,0,0,0,0,0,0,0,0,2,0.0,0.9999973617420944,0.0
82,27,1s2.2s2.2p6.3s2.3p6.3d9,3d,3,2,9,2.5,d,0,56,20.677223194122995,8,0,0,18,0,0,0,8,0,0,0,0,0,0,0,16,0,0,0,0,0,0,0,0,0,2,-0.5555555555555554,0.9999973617420944,0.0
82,26,1s2.2s2.2p6.3s2.3p6.3d8,3d,3,2,8,2.5,d,0,57,19.92856167011884,7,0,0,18,0,0,0,7,0,0,0,0,0,0,0,16,0,0,0,0,0,0,0,0,0,2,-1.1111111111111112,0.9999973617420944,0.0
82,25,1s2.2s2.2p6.3s2.3p6.3d7,3d,3,2,7,2.5,d,0,58,19.180019458485546,6,0,0,18,0,0,0,6,0,0,0,0,0,0,0,16,0,0,0,0,0,0,0,0,0,2,-1.6666666666666665,0.9999973617420944,0.0
82,24,1s2.2s2.2p6.3s2.3p6.3d6,3d,3,2,6,2.5,d,0,59,18.477999944610033,5,0,0,18,0,0,0,5,0,0,0,0,0,0,0,16,0,0,0,0,0,0,0,0,0,2,-2.2222222222222223,0.9999973617420944,0.0
82,23,1s2.2s2.2p6.3s2.3p6.3d5,3d,3,2,5,2.5,d,0,60,17.516342790782076,4,0,0,18,0,0,0,4,0,0,0,0,0,0,0,16,0,0,0,0,0,0,0,0,0,2,2.2222222222222223,0.9999973617420944,0.0
82,22,1s2.2s2.2p6.3s2.3p6.3d4,3d,3,2,4,1.5,d,0,61,16.81369270190474,3,0,0,18,0,0,0,3,0,0,0,0,0,0,0,16,0,0,0,0,0,0,0,0,0,2,1.6666666666666667,0.9999973617420944,0.0
82,21,1s2.2s2.2p6.3s2.3p6.3d3,3d,3,2,3,1.5,d,0,62,16.06581898178117,2,0,0,18,0,0,0,2,0,0,0,0,0,0,0,16,0,0,0,0,0,0,0,0,0,2,1.1111111111111112,0.9999973617420944,0.0
82,20,1s2.2s2.2p6.3s2.3p6.3d2,3d,3,2,2,1.5,d,0,63,15.318236242385085,1,0,0,18,0,0,0,1,0,0,0,0,0,0,0,16,0,0,0,0,0,0,0,0,0,2,0.5555555555555556,0.9999973617420944,0.0
82,19,1s2.2s2.2p6.3s2.3p6.3d1,3d,3,2,1,1.5,d,0,64,14.615753461451872,0,0,0,18,0,0,0,0,0,0,0,0,0,0,0,16,0,0,0,0,0,0,0,0,0,2,0.0,0.9999973617420944,0.0
82,18,1s2.2s2.2p6.3s2.3p6,3p,3,1,6,1.5,p3,0,65,12.667818264554036,5,10,2,0,0,0,5,0,0,2,8,0,0,2,0,0,0,0,0,0,0,0,0,0,0,0,0.0,0.9999973617420944,0.0
82,17,1s2.2s2.2p6.3s2.3p5,3p,3,1,5,1.5,p3,0,66,12.08347223011717,4,10,2,0,0,0,4,0,0,2,8,0,0,2,0,0,0,0,0,0,0,0,0,0,0,0,-0.6000000000000001,0.9999973617420944,0.0
82,16,1s2.2s2.2p6.3s2.3p4,3p,3,1,4,1.5,p3,0,67,11.49928244974415,3,10,2,0,0,0,3,0,0,2,8,0,0,2,0,0,0,0,0,0,0,0,0,0,0,0,-1.2,0.9999973617420944,0.0
82,15,1s2.2s2.2p6.3s2.3p3,3p,3,1,3,1.5,p3,0,68,10.730818199117742,2,10,2,0,0,0,2,0,0,2,8,0,0,2,0,0,0,0,0,0,0,0,0,0,0,0,1.2,0.9999973617420944,0.0
82,14,1s2.2s2.2p6.3s2.3p2,3p,3,1,2,0.5,p1,0,69,10.145247180423096,1,10,2,0,0,0,1,0,0,2,8,0,0,2,0,0,0,0,0,0,0,0,0,0,0,0,0.6,0.9999973617420944,0.0
82,13,1s2.2s2.2p6.3s2.3p1,3p,3,1,1,0.5,p1,0,70,9.559774441642945,0,10,2,0,0,0,0,0,0,2,8,0,0,2,0,0,0,0,0,0,0,0,0,0,0,0,0.0,0.9999973617420944,0.0
82,12,1s2.2s2.2p6.3s2,3s,3,0,2,0.5,s,0,71,8.35113401342552,1,8,2,0,0,1,0,0,0,0,8,0,0,2,0,0,0,0,0,0,0,0,0,0,0,0,0.0,0.9999973617420944,0.0
82,11,1s2.2s2.2p6.3s1,3s,3,0,1,0.5,s,0,72,7.7856408855844075,0,8,2,0,0,0,0,0,0,0,8,0,0,2,0,0,0,0,0,0,0,0,0,0,0,0,0.0,0.9999973617420944,0.0
82,10,1s2.2s2.2p6,2p,2,1,6,1.5,p3,0,73,6.545979557232126,5,4,0,0,0,0,5,0,0,2,2,0,0,0,0,0,0,0,0,0,0,0,0,0,0,0,0.0,0.9999973617420944,0.0
82,9,1s2.2s2.2p5,2p,2,1,5,1.5,p3,0,74,5.88972955723213,4,4,0,0,0,0,4,0,0,2,2,0,0,0,0,0,0,0,0,0,0,0,0,0,0,0,-0.6000000000000001,0.9999973617420944,0.0
82,8,1s2.2s2.2p4,2p,2,1,4,1.5,p3,0,75,5.233479557232133,3,4,0,0,0,0,3,0,0,2,2,0,0,0,0,0,0,0,0,0,0,0,0,0,0,0,-1.2,0.9999973617420944,0.0
82,7,1s2.2s2.2p3,2p,2,1,3,1.5,p3,0,76,4.378670782625834,2,4,0,0,0,0,2,0,0,2,2,0,0,0,0,0,0,0,0,0,0,0,0,0,0,0,1.2,0.9999973617420944,0.0
82,6,1s2.2s2.2p2,2p,2,1,2,0.5,p1,0,77,3.7253535771907345,1,4,0,0,0,0,1,0,0,2,2,0,0,0,0,0,0,0,0,0,0,0,0,0,0,0,0.6,0.9999973617420944,0.0
82,5,1s2.2s2.2p1,2p,2,1,1,0.5,p1,0,78,3.0730091792350134,0,4,0,0,0,0,0,0,0,2,2,0,0,0,0,0,0,0,0,0,0,0,0,0,0,0,0.0,0.9999973617420944,0.0
82,4,1s2.2s2,2s,2,0,2,0.5,s,0,79,2.145875983124917,1,2,0,0,0,1,0,0,0,0,2,0,0,0,0,0,0,0,0,0,0,0,0,0,0,0,0.0,0.9999973617420944,42.72705402774606
82,3,1s2.2s1,2s,2,0,1,0.5,s,0,80,1.5912208504801093,0,2,0,0,0,0,0,0,0,0,2,0,0,0,0,0,0,0,0,0,0,0,0,0,0,0,0.0,0.9999973617420944,42.72705402774606
82,2,1s2,1s,1,0,2,0.5,s,0,81,0.625,1,0,0,0,0,1,0,0,0,0,0,0,0,0,0,0,0,0,0,0,0,0,0,0,0,0,0.0,0.9999973617420944,243.04430081568276
82,1,1s1,1s,1,0,1,0.5,s,0,82,0.0,0,0,0,0,0,0,0,0,0,0,0,0,0,0,0,0,0,0,0,0,0,0,0,0,0,0,0.0,0.9999973617420944,243.04430081568276
83,83,1s2.2s2.2p6.3s2.3p6.3d10.4s2.4p6.4d10.4f14.5s2.5p6.5d10.6s2.6p3,6p,6,1,3,1.5,p3,0,1,64.26762509706408,2,20,60,0,0,0,2,0,0,2,8,10,0,8,24,0,0,0,0,0,0,0,0,0,28,0,1.2,0.99999737441154,0.0
83,82,1s2.2s2.2p6.3s2.3p6.3d10.4s2.4p6.4d10.4f14.5s2.5p6.5d10.6s2.6p2,6p,6,1,2,0.5,p1,0,2,63.72395062806516,1,20,60,0,0,0,1,0,0,2,8,10,0,8,24,0,0,0,0,0,0,0,0,0,28,0,0.6,0.99999737441154,0.0
83,81,1s2.2s2.2p6.3s2.3p6.3d10.4s2.4p6.4d10.4f14.5s2.5p6.5d10.6s2.6p1,6p,6,1,1,0.5,p1,0,3,63.18027615907542,0,20,60,0,0,0,0,0,0,2,8,10,0,8,24,0,0,0,0,0,0,0,0,0,28,0,0.0,0.99999737441154,0.0
83,80,1s2.2s2.2p6.3s2.3p6.3d10.4s2.4p6.4d10.4f14.5s2.5p6.5d10.6s2,6s,6,0,2,0.5,s,0,4,61.277186621795714,1,18,60,0,0,1,0,0,0,0,8,10,0,8,24,0,0,0,0,0,0,0,0,0,28,0,0.0,0.99999737441154,0.0
83,79,1s2.2s2.2p6.3s2.3p6.3d10.4s2.4p6.4d10.4f14.5s2.5p6.5d10.6s1,6s,6,0,1,0.5,s,0,5,60.68175720132819,0,18,60,0,0,0,0,0,0,0,8,10,0,8,24,0,0,0,0,0,0,0,0,0,28,0,0.0,0.99999737441154,0.0
83,78,1s2.2s2.2p6.3s2.3p6.3d10.4s2.4p6.4d10.4f14.5s2.5p6.5d10,5d,5,2,10,2.5,d,0,6,60.18161976204584,9,0,0,68,0,0,0,9,0,0,0,0,0,0,0,16,10,14,0,0,0,0,0,0,0,28,0.0,0.99999737441154,0.0
83,77,1s2.2s2.2p6.3s2.3p6.3d10.4s2.4p6.4d10.4f14.5s2.5p6.5d9,5d,5,2,9,2.5,d,0,7,59.591820854204364,8,0,0,68,0,0,0,8,0,0,0,0,0,0,0,16,10,14,0,0,0,0,0,0,0,28,-0.5555555555555554,0.99999737441154,0.0
83,76,1s2.2s2.2p6.3s2.3p6.3d10.4s2.4p6.4d10.4f14.5s2.5p6.5d8,5d,5,2,8,2.5,d,0,8,58.964892641510204,7,0,0,68,0,0,0,7,0,0,0,0,0,0,0,16,10,14,0,0,0,0,0,0,0,28,-1.1111111111111112,0.99999737441154,0.0
83,75,1s2.2s2.2p6.3s2.3p6.3d10.4s2.4p6.4d10.4f14.5s2.5p6.5d7,5d,5,2,7,2.5,d,0,9,58.33796442882129,6,0,0,68,0,0,0,6,0,0,0,0,0,0,0,16,10,14,0,0,0,0,0,0,0,28,-1.6666666666666665,0.99999737441154,0.0
83,74,1s2.2s2.2p6.3s2.3p6.3d10.4s2.4p6.4d10.4f14.5s2.5p6.5d6,5d,5,2,6,2.5,d,0,10,57.74816552097457,5,0,0,68,0,0,0,5,0,0,0,0,0,0,0,16,10,14,0,0,0,0,0,0,0,28,-2.2222222222222223,0.99999737441154,0.0
83,73,1s2.2s2.2p6.3s2.3p6.3d10.4s2.4p6.4d10.4f14.5s2.5p6.5d5,5d,5,2,5,2.5,d,0,11,56.939981578454784,4,0,0,68,0,0,0,4,0,0,0,0,0,0,0,16,10,14,0,0,0,0,0,0,0,28,2.2222222222222223,0.99999737441154,0.0
83,72,1s2.2s2.2p6.3s2.3p6.3d10.4s2.4p6.4d10.4f14.5s2.5p6.5d4,5d,5,2,4,1.5,d,0,12,56.35018267060813,3,0,0,68,0,0,0,3,0,0,0,0,0,0,0,16,10,14,0,0,0,0,0,0,0,28,1.6666666666666667,0.99999737441154,0.0
83,71,1s2.2s2.2p6.3s2.3p6.3d10.4s2.4p6.4d10.4f14.5s2.5p6.5d3,5d,5,2,3,1.5,d,0,13,55.72325445791909,2,0,0,68,0,0,0,2,0,0,0,0,0,0,0,16,10,14,0,0,0,0,0,0,0,28,1.1111111111111112,0.99999737441154,0.0
83,70,1s2.2s2.2p6.3s2.3p6.3d10.4s2.4p6.4d10.4f14.5s2.5p6.5d2,5d,5,2,2,1.5,d,0,14,55.09632624522511,1,0,0,68,0,0,0,1,0,0,0,0,0,0,0,16,10,14,0,0,0,0,0,0,0,28,0.5555555555555556,0.99999737441154,0.0
83,69,1s2.2s2.2p6.3s2.3p6.3d10.4s2.4p6.4d10.4f14.5s2.5p6.5d1,5d,5,2,1,1.5,d,0,15,54.50652733738305,0,0,0,68,0,0,0,0,0,0,0,0,0,0,0,16,10,14,0,0,0,0,0,0,0,28,0.0,0.99999737441154,0.0
83,68,1s2.2s2.2p6.3s2.3p6.3d10.4s2.4p6.4d10.4f14.5s2.5p6,5p,5,1,6,1.5,p3,0,16,51.291318007282406,5,34,28,0,0,0,5,0,0,2,8,10,14,8,10,0,0,0,0,0,0,0,0,0,10,0,0.0,0.99999737441154,0.0
83,67,1s2.2s2.2p6.3s2.3p6.3d10.4s2.4p6.4d10.4f14.5s2.5p5,5p,5,1,5,1.5,p3,0,17,50.7422457416599,4,34,28,0,0,0,4,0,0,2,8,10,14,8,10,0,0,0,0,0,0,0,0,0,10,0,-0.6000000000000001,0.99999737441154,0.0
83,66,1s2.2s2.2p6.3s2.3p6.3d10.4s2.4p6.4d10.4f14.5s2.5p4,5p,5,1,4,1.5,p3,0,18,50.193173476032534,3,34,28,0,0,0,3,0,0,2,8,10,14,8,10,0,0,0,0,0,0,0,0,0,10,0,-1.2,0.99999737441154,0.0
83,65,1s2.2s2.2p6.3s2.3p6.3d10.4s2.4p6.4d10.4f14.5s2.5p3,5p,5,1,3,1.5,p3,0,19,49.453854628378465,2,34,28,0,0,0,2,0,0,2,8,10,14,8,10,0,0,0,0,0,0,0,0,0,10,0,1.2,0.99999737441154,0.0
83,64,1s2.2s2.2p6.3s2.3p6.3d10.4s2.4p6.4d10.4f14.5s2.5p2,5p,5,1,2,0.5,p1,0,20,48.904782362751156,1,34,28,0,0,0,1,0,0,2,8,10,14,8,10,0,0,0,0,0,0,0,0,0,10,0,0.6,0.99999737441154,0.0
83,63,1s2.2s2.2p6.3s2.3p6.3d10.4s2.4p6.4d10.4f14.5s2.5p1,5p,5,1,1,0.5,p1,0,21,48.348958444362786,0,34,28,0,0,0,0,0,0,2,8,10,14,8,10,0,0,0,0,0,0,0,0,0,10,0,0.0,0.99999737441154,0.0
83,62,1s2.2s2.2p6.3s2.3p6.3d10.4s2.4p6.4d10.4f14.5s2,4f,4,3,14,3.5,f,0,22,49.8024669236479,13,0,0,46,2,0,0,0,13,0,0,0,0,0,0,0,0,0,36,0,0,0,0,2,0,10,0.0,0.99999737441154,0.0
83,61,1s2.2s2.2p6.3s2.3p6.3d10.4s2.4p6.4d10.4f13.5s2,5s,5,0,2,0.5,s,0,23,45.722539208680814,1,31,28,0,0,1,0,0,0,0,8,10,13,8,10,0,0,0,0,0,0,0,0,0,10,0,0.0,0.99999737441154,0.0
83,60,1s2.2s2.2p6.3s2.3p6.3d10.4s2.4p6.4d10.4f13.5s1,5s,5,0,1,0.5,s,0,24,45.11897567389087,0,31,28,0,0,0,0,0,0,0,8,10,13,8,10,0,0,0,0,0,0,0,0,0,10,0,0.0,0.99999737441154,0.0
83,59,1s2.2s2.2p6.3s2.3p6.3d10.4s2.4p6.4d10.4f13,4f,4,3,13,3.5,f,0,25,48.12167878028413,12,0,0,46,0,0,0,0,12,0,0,0,0,0,0,0,0,0,36,0,0,0,0,0,0,10,-0.5384615384615383,0.99999737441154,0.0
83,58,1s2.2s2.2p6.3s2.3p6.3d10.4s2.4p6.4d10.4f12,4f,4,3,12,3.5,f,0,26,47.365159080568446,11,0,0,46,0,0,0,0,11,0,0,0,0,0,0,0,0,0,36,0,0,0,0,0,0,10,-1.0769230769230766,0.99999737441154,0.0
83,57,1s2.2s2.2p6.3s2.3p6.3d10.4s2.4p6.4d10.4f11,4f,4,3,11,3.5,f,0,27,46.56470817701302,10,0,0,46,0,0,0,0,10,0,0,0,0,0,0,0,0,0,36,0,0,0,0,0,0,10,-1.615384615384615,0.99999737441154,0.0
83,56,1s2.2s2.2p6.3s2.3p6.3d10.4s2.4p6.4d10.4f10,4f,4,3,10,3.5,f,0,28,45.76175948408627,9,0,0,46,0,0,0,0,9,0,0,0,0,0,0,0,0,0,36,0,0,0,0,0,0,10,-2.153846153846154,0.99999737441154,0.0
83,55,1s2.2s2.2p6.3s2.3p6.3d10.4s2.4p6.4d10.4f9,4f,4,3,9,3.5,f,0,29,45.00482525620487,8,0,0,46,0,0,0,0,8,0,0,0,0,0,0,0,0,0,36,0,0,0,0,0,0,10,-2.6923076923076925,0.99999737441154,0.0
83,54,1s2.2s2.2p6.3s2.3p6.3d10.4s2.4p6.4d10.4f8,4f,4,3,8,3.5,f,0,30,44.26571435083406,7,0,0,46,0,0,0,0,7,0,0,0,0,0,0,0,0,0,36,0,0,0,0,0,0,10,-3.230769230769231,0.99999737441154,0.0
83,53,1s2.2s2.2p6.3s2.3p6.3d10.4s2.4p6.4d10.4f7,4f,4,3,7,3.5,f,0,31,43.235453992296016,6,0,0,46,0,0,0,0,6,0,0,0,0,0,0,0,0,0,36,0,0,0,0,0,0,10,3.230769230769231,0.99999737441154,0.0
83,52,1s2.2s2.2p6.3s2.3p6.3d10.4s2.4p6.4d10.4f6,4f,4,3,6,2.5,f,0,32,42.49634308692566,5,0,0,46,0,0,0,0,5,0,0,0,0,0,0,0,0,0,36,0,0,0,0,0,0,10,2.6923076923076925,0.99999737441154,0.0
83,51,1s2.2s2.2p6.3s2.3p6.3d10.4s2.4p6.4d10.4f5,4f,4,3,5,2.5,f,0,33,41.739408859043806,4,0,0,46,0,0,0,0,4,0,0,0,0,0,0,0,0,0,36,0,0,0,0,0,0,10,2.1538461538461537,0.99999737441154,0.0
83,50,1s2.2s2.2p6.3s2.3p6.3d10.4s2.4p6.4d10.4f4,4f,4,3,4,2.5,f,0,34,40.937916324885464,3,0,0,46,0,0,0,0,3,0,0,0,0,0,0,0,0,0,36,0,0,0,0,0,0,10,1.6153846153846154,0.99999737441154,0.0
83,49,1s2.2s2.2p6.3s2.3p6.3d10.4s2.4p6.4d10.4f3,4f,4,3,3,2.5,f,0,35,40.136423790726894,2,0,0,46,0,0,0,0,2,0,0,0,0,0,0,0,0,0,36,0,0,0,0,0,0,10,1.0769230769230769,0.99999737441154,0.0
83,48,1s2.2s2.2p6.3s2.3p6.3d10.4s2.4p6.4d10.4f2,4f,4,3,2,2.5,f,0,36,39.37948956284549,1,0,0,46,0,0,0,0,1,0,0,0,0,0,0,0,0,0,36,0,0,0,0,0,0,10,0.5384615384615384,0.99999737441154,0.0
83,47,1s2.2s2.2p6.3s2.3p6.3d10.4s2.4p6.4d10.4f1,4f,4,3,1,2.5,f,0,37,38.640378657474685,0,0,0,46,0,0,0,0,0,0,0,0,0,0,0,0,0,0,36,0,0,0,0,0,0,10,0.0,0.99999737441154,0.0
83,46,1s2.2s2.2p6.3s2.3p6.3d10.4s2.4p6.4d10,4d,4,2,10,2.5,d,0,38,35.18427854681272,9,0,0,36,0,0,0,9,0,0,0,0,0,0,0,16,10,0,0,0,0,0,0,0,0,10,0.0,0.99999737441154,0.0
83,45,1s2.2s2.2p6.3s2.3p6.3d10.4s2.4p6.4d9,4d,4,2,9,2.5,d,0,39,34.56268954011648,8,0,0,36,0,0,0,8,0,0,0,0,0,0,0,16,10,0,0,0,0,0,0,0,0,10,-0.5555555555555554,0.99999737441154,0.0
83,44,1s2.2s2.2p6.3s2.3p6.3d10.4s2.4p6.4d8,4d,4,2,8,2.5,d,0,40,33.90183225775024,7,0,0,36,0,0,0,7,0,0,0,0,0,0,0,16,10,0,0,0,0,0,0,0,0,10,-1.1111111111111112,0.99999737441154,0.0
83,43,1s2.2s2.2p6.3s2.3p6.3d10.4s2.4p6.4d7,4d,4,2,7,2.5,d,0,41,33.24097497538423,6,0,0,36,0,0,0,6,0,0,0,0,0,0,0,16,10,0,0,0,0,0,0,0,0,10,-1.6666666666666665,0.99999737441154,0.0
83,42,1s2.2s2.2p6.3s2.3p6.3d10.4s2.4p6.4d6,4d,4,2,6,2.5,d,0,42,32.619385968687766,5,0,0,36,0,0,0,5,0,0,0,0,0,0,0,16,10,0,0,0,0,0,0,0,0,10,-2.2222222222222223,0.99999737441154,0.0
83,41,1s2.2s2.2p6.3s2.3p6.3d10.4s2.4p6.4d5,4d,4,2,5,2.5,d,0,43,31.77042966985971,4,0,0,36,0,0,0,4,0,0,0,0,0,0,0,16,10,0,0,0,0,0,0,0,0,10,2.2222222222222223,0.99999737441154,0.0
83,40,1s2.2s2.2p6.3s2.3p6.3d10.4s2.4p6.4d4,4d,4,2,4,1.5,d,0,44,31.14884066316324,3,0,0,36,0,0,0,3,0,0,0,0,0,0,0,16,10,0,0,0,0,0,0,0,0,10,1.6666666666666667,0.99999737441154,0.0
83,39,1s2.2s2.2p6.3s2.3p6.3d10.4s2.4p6.4d3,4d,4,2,3,1.5,d,0,45,30.487983380797118,2,0,0,36,0,0,0,2,0,0,0,0,0,0,0,16,10,0,0,0,0,0,0,0,0,10,1.1111111111111112,0.99999737441154,0.0
83,38,1s2.2s2.2p6.3s2.3p6.3d10.4s2.4p6.4d2,4d,4,2,2,1.5,d,0,46,29.82712609843111,1,0,0,36,0,0,0,1,0,0,0,0,0,0,0,16,10,0,0,0,0,0,0,0,0,10,0.5555555555555556,0.99999737441154,0.0
83,37,1s2.2s2.2p6.3s2.3p6.3d10.4s2.4p6.4d1,4d,4,2,1,1.5,d,0,47,29.20553709173464,0,0,0,36,0,0,0,0,0,0,0,0,0,0,0,16,10,0,0,0,0,0,0,0,0,10,0.0,0.99999737441154,0.0
83,36,1s2.2s2.2p6.3s2.3p6.3d10.4s2.4p6,4p,4,1,6,1.5,p3,0,48,26.676544772007787,5,20,10,0,0,0,5,0,0,2,8,10,0,8,0,0,0,0,0,0,0,0,0,0,2,0,0.0,0.99999737441154,0.0
83,35,1s2.2s2.2p6.3s2.3p6.3d10.4s2.4p5,4p,4,1,5,1.5,p3,0,49,26.117340670445287,4,20,10,0,0,0,4,0,0,2,8,10,0,8,0,0,0,0,0,0,0,0,0,0,2,0,-0.6000000000000001,0.99999737441154,0.0
83,34,1s2.2s2.2p6.3s2.3p6.3d10.4s2.4p4,4p,4,1,4,1.5,p3,0,50,25.558136568882787,3,20,10,0,0,0,3,0,0,2,8,10,0,8,0,0,0,0,0,0,0,0,0,0,2,0,-1.2,0.99999737441154,0.0
83,33,1s2.2s2.2p6.3s2.3p6.3d10.4s2.4p3,4p,4,1,3,1.5,p3,0,51,24.807678805211026,2,20,10,0,0,0,2,0,0,2,8,10,0,8,0,0,0,0,0,0,0,0,0,0,2,0,1.2,0.99999737441154,0.0
83,32,1s2.2s2.2p6.3s2.3p6.3d10.4s2.4p2,4p,4,1,2,0.5,p1,0,52,24.24270156046225,1,20,10,0,0,0,1,0,0,2,8,10,0,8,0,0,0,0,0,0,0,0,0,0,2,0,0.6,0.99999737441154,0.0
83,31,1s2.2s2.2p6.3s2.3p6.3d10.4s2.4p1,4p,4,1,1,0.5,p1,0,53,23.681451647104154,0,20,10,0,0,0,0,0,0,2,8,10,0,8,0,0,0,0,0,0,0,0,0,0,2,0,0.0,0.99999737441154,0.0
83,30,1s2.2s2.2p6.3s2.3p6.3d10.4s2,4s,4,0,2,0.5,s,0,54,22.126593730819764,1,18,10,0,0,1,0,0,0,0,8,10,0,8,0,0,0,0,0,0,0,0,0,0,2,0,0.0,0.99999737441154,0.0
83,29,1s2.2s2.2p6.3s2.3p6.3d10.4s1,4s,4,0,1,0.5,s,0,55,21.554071296483926,0,18,10,0,0,0,0,0,0,0,8,10,0,8,0,0,0,0,0,0,0,0,0,0,2,0,0.0,0.99999737441154,0.0
83,28,1s2.2s2.2p6.3s2.3p6.3d10,3d,3,2,10,2.5,d,0,56,21.379455336979806,9,0,0,18,0,0,0,9,0,0,0,0,0,0,0,16,0,0,0,0,0,0,0,0,0,2,0.0,0.99999737441154,0.0
83,27,1s2.2s2.2p6.3s2.3p6.3d9,3d,3,2,9,2.5,d,0,57,20.677223194122995,8,0,0,18,0,0,0,8,0,0,0,0,0,0,0,16,0,0,0,0,0,0,0,0,0,2,-0.5555555555555554,0.99999737441154,0.0
83,26,1s2.2s2.2p6.3s2.3p6.3d8,3d,3,2,8,2.5,d,0,58,19.92856167011884,7,0,0,18,0,0,0,7,0,0,0,0,0,0,0,16,0,0,0,0,0,0,0,0,0,2,-1.1111111111111112,0.99999737441154,0.0
83,25,1s2.2s2.2p6.3s2.3p6.3d7,3d,3,2,7,2.5,d,0,59,19.180019458485546,6,0,0,18,0,0,0,6,0,0,0,0,0,0,0,16,0,0,0,0,0,0,0,0,0,2,-1.6666666666666665,0.99999737441154,0.0
83,24,1s2.2s2.2p6.3s2.3p6.3d6,3d,3,2,6,2.5,d,0,60,18.477999944610033,5,0,0,18,0,0,0,5,0,0,0,0,0,0,0,16,0,0,0,0,0,0,0,0,0,2,-2.2222222222222223,0.99999737441154,0.0
83,23,1s2.2s2.2p6.3s2.3p6.3d5,3d,3,2,5,2.5,d,0,61,17.516342790782076,4,0,0,18,0,0,0,4,0,0,0,0,0,0,0,16,0,0,0,0,0,0,0,0,0,2,2.2222222222222223,0.99999737441154,0.0
83,22,1s2.2s2.2p6.3s2.3p6.3d4,3d,3,2,4,1.5,d,0,62,16.81369270190474,3,0,0,18,0,0,0,3,0,0,0,0,0,0,0,16,0,0,0,0,0,0,0,0,0,2,1.6666666666666667,0.99999737441154,0.0
83,21,1s2.2s2.2p6.3s2.3p6.3d3,3d,3,2,3,1.5,d,0,63,16.06581898178117,2,0,0,18,0,0,0,2,0,0,0,0,0,0,0,16,0,0,0,0,0,0,0,0,0,2,1.1111111111111112,0.99999737441154,0.0
83,20,1s2.2s2.2p6.3s2.3p6.3d2,3d,3,2,2,1.5,d,0,64,15.318236242385085,1,0,0,18,0,0,0,1,0,0,0,0,0,0,0,16,0,0,0,0,0,0,0,0,0,2,0.5555555555555556,0.99999737441154,0.0
83,19,1s2.2s2.2p6.3s2.3p6.3d1,3d,3,2,1,1.5,d,0,65,14.615753461451872,0,0,0,18,0,0,0,0,0,0,0,0,0,0,0,16,0,0,0,0,0,0,0,0,0,2,0.0,0.99999737441154,0.0
83,18,1s2.2s2.2p6.3s2.3p6,3p,3,1,6,1.5,p3,0,66,12.667818264554036,5,10,2,0,0,0,5,0,0,2,8,0,0,2,0,0,0,0,0,0,0,0,0,0,0,0,0.0,0.99999737441154,0.0
83,17,1s2.2s2.2p6.3s2.3p5,3p,3,1,5,1.5,p3,0,67,12.08347223011717,4,10,2,0,0,0,4,0,0,2,8,0,0,2,0,0,0,0,0,0,0,0,0,0,0,0,-0.6000000000000001,0.99999737441154,0.0
83,16,1s2.2s2.2p6.3s2.3p4,3p,3,1,4,1.5,p3,0,68,11.49928244974415,3,10,2,0,0,0,3,0,0,2,8,0,0,2,0,0,0,0,0,0,0,0,0,0,0,0,-1.2,0.99999737441154,0.0
83,15,1s2.2s2.2p6.3s2.3p3,3p,3,1,3,1.5,p3,0,69,10.730818199117742,2,10,2,0,0,0,2,0,0,2,8,0,0,2,0,0,0,0,0,0,0,0,0,0,0,0,1.2,0.99999737441154,0.0
83,14,1s2.2s2.2p6.3s2.3p2,3p,3,1,2,0.5,p1,0,70,10.145247180423096,1,10,2,0,0,0,1,0,0,2,8,0,0,2,0,0,0,0,0,0,0,0,0,0,0,0,0.6,0.99999737441154,0.0
83,13,1s2.2s2.2p6.3s2.3p1,3p,3,1,1,0.5,p1,0,71,9.559774441642945,0,10,2,0,0,0,0,0,0,2,8,0,0,2,0,0,0,0,0,0,0,0,0,0,0,0,0.0,0.99999737441154,0.0
83,12,1s2.2s2.2p6.3s2,3s,3,0,2,0.5,s,0,72,8.35113401342552,1,8,2,0,0,1,0,0,0,0,8,0,0,2,0,0,0,0,0,0,0,0,0,0,0,0,0.0,0.99999737441154,0.0
83,11,1s2.2s2.2p6.3s1,3s,3,0,1,0.5,s,0,73,7.7856408855844075,0,8,2,0,0,0,0,0,0,0,8,0,0,2,0,0,0,0,0,0,0,0,0,0,0,0,0.0,0.99999737441154,0.0
83,10,1s2.2s2.2p6,2p,2,1,6,1.5,p3,0,74,6.545979557232126,5,4,0,0,0,0,5,0,0,2,2,0,0,0,0,0,0,0,0,0,0,0,0,0,0,0,0.0,0.99999737441154,0.0
83,9,1s2.2s2.2p5,2p,2,1,5,1.5,p3,0,75,5.88972955723213,4,4,0,0,0,0,4,0,0,2,2,0,0,0,0,0,0,0,0,0,0,0,0,0,0,0,-0.6000000000000001,0.99999737441154,0.0
83,8,1s2.2s2.2p4,2p,2,1,4,1.5,p3,0,76,5.233479557232133,3,4,0,0,0,0,3,0,0,2,2,0,0,0,0,0,0,0,0,0,0,0,0,0,0,0,-1.2,0.99999737441154,0.0
83,7,1s2.2s2.2p3,2p,2,1,3,1.5,p3,0,77,4.378670782625834,2,4,0,0,0,0,2,0,0,2,2,0,0,0,0,0,0,0,0,0,0,0,0,0,0,0,1.2,0.99999737441154,0.0
83,6,1s2.2s2.2p2,2p,2,1,2,0.5,p1,0,78,3.7253535771907345,1,4,0,0,0,0,1,0,0,2,2,0,0,0,0,0,0,0,0,0,0,0,0,0,0,0,0.6,0.99999737441154,0.0
83,5,1s2.2s2.2p1,2p,2,1,1,0.5,p1,0,79,3.0730091792350134,0,4,0,0,0,0,0,0,0,2,2,0,0,0,0,0,0,0,0,0,0,0,0,0,0,0,0.0,0.99999737441154,0.0
83,4,1s2.2s2,2s,2,0,2,0.5,s,0,80,2.145875983124917,1,2,0,0,0,1,0,0,0,0,2,0,0,0,0,0,0,0,0,0,0,0,0,0,0,0,0.0,0.99999737441154,45.61548248087737
83,3,1s2.2s1,2s,2,0,1,0.5,s,0,81,1.5912208504801093,0,2,0,0,0,0,0,0,0,0,2,0,0,0,0,0,0,0,0,0,0,0,0,0,0,0,0.0,0.99999737441154,45.61548248087737
83,2,1s2,1s,1,0,2,0.5,s,0,82,0.625,1,0,0,0,0,1,0,0,0,0,0,0,0,0,0,0,0,0,0,0,0,0,0,0,0,0,0.0,0.99999737441154,257.85627964449736
83,1,1s1,1s,1,0,1,0.5,s,0,83,0.0,0,0,0,0,0,0,0,0,0,0,0,0,0,0,0,0,0,0,0,0,0,0,0,0,0,0,0.0,0.99999737441154,257.85627964449736
84,84,1s2.2s2.2p6.3s2.3p6.3d10.4s2.4p6.4d10.4f14.5s2.5p6.5d10.6s2.6p4,6p,6,1,4,1.5,p3,0,1,65.00111031892263,3,20,60,0,0,0,3,0,0,2,8,10,0,8,24,0,0,0,0,0,0,0,0,0,28,0,-1.2,0.9999973744253273,0.0
84,83,1s2.2s2.2p6.3s2.3p6.3d10.4s2.4p6.4d10.4f14.5s2.5p6.5d10.6s2.6p3,6p,6,1,3,1.5,p3,0,2,64.26762509706408,2,20,60,0,0,0,2,0,0,2,8,10,0,8,24,0,0,0,0,0,0,0,0,0,28,0,1.2,0.9999973744253273,0.0
84,82,1s2.2s2.2p6.3s2.3p6.3d10.4s2.4p6.4d10.4f14.5s2.5p6.5d10.6s2.6p2,6p,6,1,2,0.5,p1,0,3,63.72395062806516,1,20,60,0,0,0,1,0,0,2,8,10,0,8,24,0,0,0,0,0,0,0,0,0,28,0,0.6,0.9999973744253273,0.0
84,81,1s2.2s2.2p6.3s2.3p6.3d10.4s2.4p6.4d10.4f14.5s2.5p6.5d10.6s2.6p1,6p,6,1,1,0.5,p1,0,4,63.18027615907542,0,20,60,0,0,0,0,0,0,2,8,10,0,8,24,0,0,0,0,0,0,0,0,0,28,0,0.0,0.9999973744253273,0.0
84,80,1s2.2s2.2p6.3s2.3p6.3d10.4s2.4p6.4d10.4f14.5s2.5p6.5d10.6s2,6s,6,0,2,0.5,s,0,5,61.277186621795714,1,18,60,0,0,1,0,0,0,0,8,10,0,8,24,0,0,0,0,0,0,0,0,0,28,0,0.0,0.9999973744253273,0.0
84,79,1s2.2s2.2p6.3s2.3p6.3d10.4s2.4p6.4d10.4f14.5s2.5p6.5d10.6s1,6s,6,0,1,0.5,s,0,6,60.68175720132819,0,18,60,0,0,0,0,0,0,0,8,10,0,8,24,0,0,0,0,0,0,0,0,0,28,0,0.0,0.9999973744253273,0.0
84,78,1s2.2s2.2p6.3s2.3p6.3d10.4s2.4p6.4d10.4f14.5s2.5p6.5d10,5d,5,2,10,2.5,d,0,7,60.18161976204584,9,0,0,68,0,0,0,9,0,0,0,0,0,0,0,16,10,14,0,0,0,0,0,0,0,28,0.0,0.9999973744253273,0.0
84,77,1s2.2s2.2p6.3s2.3p6.3d10.4s2.4p6.4d10.4f14.5s2.5p6.5d9,5d,5,2,9,2.5,d,0,8,59.591820854204364,8,0,0,68,0,0,0,8,0,0,0,0,0,0,0,16,10,14,0,0,0,0,0,0,0,28,-0.5555555555555554,0.9999973744253273,0.0
84,76,1s2.2s2.2p6.3s2.3p6.3d10.4s2.4p6.4d10.4f14.5s2.5p6.5d8,5d,5,2,8,2.5,d,0,9,58.964892641510204,7,0,0,68,0,0,0,7,0,0,0,0,0,0,0,16,10,14,0,0,0,0,0,0,0,28,-1.1111111111111112,0.9999973744253273,0.0
84,75,1s2.2s2.2p6.3s2.3p6.3d10.4s2.4p6.4d10.4f14.5s2.5p6.5d7,5d,5,2,7,2.5,d,0,10,58.33796442882129,6,0,0,68,0,0,0,6,0,0,0,0,0,0,0,16,10,14,0,0,0,0,0,0,0,28,-1.6666666666666665,0.9999973744253273,0.0
84,74,1s2.2s2.2p6.3s2.3p6.3d10.4s2.4p6.4d10.4f14.5s2.5p6.5d6,5d,5,2,6,2.5,d,0,11,57.74816552097457,5,0,0,68,0,0,0,5,0,0,0,0,0,0,0,16,10,14,0,0,0,0,0,0,0,28,-2.2222222222222223,0.9999973744253273,0.0
84,73,1s2.2s2.2p6.3s2.3p6.3d10.4s2.4p6.4d10.4f14.5s2.5p6.5d5,5d,5,2,5,2.5,d,0,12,56.939981578454784,4,0,0,68,0,0,0,4,0,0,0,0,0,0,0,16,10,14,0,0,0,0,0,0,0,28,2.2222222222222223,0.9999973744253273,0.0
84,72,1s2.2s2.2p6.3s2.3p6.3d10.4s2.4p6.4d10.4f14.5s2.5p6.5d4,5d,5,2,4,1.5,d,0,13,56.35018267060813,3,0,0,68,0,0,0,3,0,0,0,0,0,0,0,16,10,14,0,0,0,0,0,0,0,28,1.6666666666666667,0.9999973744253273,0.0
84,71,1s2.2s2.2p6.3s2.3p6.3d10.4s2.4p6.4d10.4f14.5s2.5p6.5d3,5d,5,2,3,1.5,d,0,14,55.72325445791909,2,0,0,68,0,0,0,2,0,0,0,0,0,0,0,16,10,14,0,0,0,0,0,0,0,28,1.1111111111111112,0.9999973744253273,0.0
84,70,1s2.2s2.2p6.3s2.3p6.3d10.4s2.4p6.4d10.4f14.5s2.5p6.5d2,5d,5,2,2,1.5,d,0,15,55.09632624522511,1,0,0,68,0,0,0,1,0,0,0,0,0,0,0,16,10,14,0,0,0,0,0,0,0,28,0.5555555555555556,0.9999973744253273,0.0
84,69,1s2.2s2.2p6.3s2.3p6.3d10.4s2.4p6.4d10.4f14.5s2.5p6.5d1,5d,5,2,1,1.5,d,0,16,54.50652733738305,0,0,0,68,0,0,0,0,0,0,0,0,0,0,0,16,10,14,0,0,0,0,0,0,0,28,0.0,0.9999973744253273,0.0
84,68,1s2.2s2.2p6.3s2.3p6.3d10.4s2.4p6.4d10.4f14.5s2.5p6,5p,5,1,6,1.5,p3,0,17,51.291318007282406,5,34,28,0,0,0,5,0,0,2,8,10,14,8,10,0,0,0,0,0,0,0,0,0,10,0,0.0,0.9999973744253273,0.0
84,67,1s2.2s2.2p6.3s2.3p6.3d10.4s2.4p6.4d10.4f14.5s2.5p5,5p,5,1,5,1.5,p3,0,18,50.7422457416599,4,34,28,0,0,0,4,0,0,2,8,10,14,8,10,0,0,0,0,0,0,0,0,0,10,0,-0.6000000000000001,0.9999973744253273,0.0
84,66,1s2.2s2.2p6.3s2.3p6.3d10.4s2.4p6.4d10.4f14.5s2.5p4,5p,5,1,4,1.5,p3,0,19,50.193173476032534,3,34,28,0,0,0,3,0,0,2,8,10,14,8,10,0,0,0,0,0,0,0,0,0,10,0,-1.2,0.9999973744253273,0.0
84,65,1s2.2s2.2p6.3s2.3p6.3d10.4s2.4p6.4d10.4f14.5s2.5p3,5p,5,1,3,1.5,p3,0,20,49.453854628378465,2,34,28,0,0,0,2,0,0,2,8,10,14,8,10,0,0,0,0,0,0,0,0,0,10,0,1.2,0.9999973744253273,0.0
84,64,1s2.2s2.2p6.3s2.3p6.3d10.4s2.4p6.4d10.4f14.5s2.5p2,5p,5,1,2,0.5,p1,0,21,48.904782362751156,1,34,28,0,0,0,1,0,0,2,8,10,14,8,10,0,0,0,0,0,0,0,0,0,10,0,0.6,0.9999973744253273,0.0
84,63,1s2.2s2.2p6.3s2.3p6.3d10.4s2.4p6.4d10.4f14.5s2.5p1,5p,5,1,1,0.5,p1,0,22,48.348958444362786,0,34,28,0,0,0,0,0,0,2,8,10,14,8,10,0,0,0,0,0,0,0,0,0,10,0,0.0,0.9999973744253273,0.0
84,62,1s2.2s2.2p6.3s2.3p6.3d10.4s2.4p6.4d10.4f14.5s2,5s,5,0,2,0.5,s,0,23,46.43547188585159,1,32,28,0,0,1,0,0,0,0,8,10,14,8,10,0,0,0,0,0,0,0,0,0,10,0,0.0,0.9999973744253273,0.0
84,61,1s2.2s2.2p6.3s2.3p6.3d10.4s2.4p6.4d10.4f14.5s1,5s,5,0,1,0.5,s,0,24,45.85856833278497,0,32,28,0,0,0,0,0,0,0,8,10,14,8,10,0,0,0,0,0,0,0,0,0,10,0,0.0,0.9999973744253273,0.0
84,60,1s2.2s2.2p6.3s2.3p6.3d10.4s2.4p6.4d10.4f14,4f,4,3,14,3.5,f,0,25,48.86078968565812,13,0,0,46,0,0,0,0,13,0,0,0,0,0,0,0,0,0,36,0,0,0,0,0,0,10,0.0,0.9999973744253273,0.0
84,59,1s2.2s2.2p6.3s2.3p6.3d10.4s2.4p6.4d10.4f13,4f,4,3,13,3.5,f,0,26,48.12167878028413,12,0,0,46,0,0,0,0,12,0,0,0,0,0,0,0,0,0,36,0,0,0,0,0,0,10,-0.5384615384615383,0.9999973744253273,0.0
84,58,1s2.2s2.2p6.3s2.3p6.3d10.4s2.4p6.4d10.4f12,4f,4,3,12,3.5,f,0,27,47.365159080568446,11,0,0,46,0,0,0,0,11,0,0,0,0,0,0,0,0,0,36,0,0,0,0,0,0,10,-1.0769230769230766,0.9999973744253273,0.0
84,57,1s2.2s2.2p6.3s2.3p6.3d10.4s2.4p6.4d10.4f11,4f,4,3,11,3.5,f,0,28,46.56470817701302,10,0,0,46,0,0,0,0,10,0,0,0,0,0,0,0,0,0,36,0,0,0,0,0,0,10,-1.615384615384615,0.9999973744253273,0.0
84,56,1s2.2s2.2p6.3s2.3p6.3d10.4s2.4p6.4d10.4f10,4f,4,3,10,3.5,f,0,29,45.76175948408627,9,0,0,46,0,0,0,0,9,0,0,0,0,0,0,0,0,0,36,0,0,0,0,0,0,10,-2.153846153846154,0.9999973744253273,0.0
84,55,1s2.2s2.2p6.3s2.3p6.3d10.4s2.4p6.4d10.4f9,4f,4,3,9,3.5,f,0,30,45.00482525620487,8,0,0,46,0,0,0,0,8,0,0,0,0,0,0,0,0,0,36,0,0,0,0,0,0,10,-2.6923076923076925,0.9999973744253273,0.0
84,54,1s2.2s2.2p6.3s2.3p6.3d10.4s2.4p6.4d10.4f8,4f,4,3,8,3.5,f,0,31,44.26571435083406,7,0,0,46,0,0,0,0,7,0,0,0,0,0,0,0,0,0,36,0,0,0,0,0,0,10,-3.230769230769231,0.9999973744253273,0.0
84,53,1s2.2s2.2p6.3s2.3p6.3d10.4s2.4p6.4d10.4f7,4f,4,3,7,3.5,f,0,32,43.235453992296016,6,0,0,46,0,0,0,0,6,0,0,0,0,0,0,0,0,0,36,0,0,0,0,0,0,10,3.230769230769231,0.9999973744253273,0.0
84,52,1s2.2s2.2p6.3s2.3p6.3d10.4s2.4p6.4d10.4f6,4f,4,3,6,2.5,f,0,33,42.49634308692566,5,0,0,46,0,0,0,0,5,0,0,0,0,0,0,0,0,0,36,0,0,0,0,0,0,10,2.6923076923076925,0.9999973744253273,0.0
84,51,1s2.2s2.2p6.3s2.3p6.3d10.4s2.4p6.4d10.4f5,4f,4,3,5,2.5,f,0,34,41.739408859043806,4,0,0,46,0,0,0,0,4,0,0,0,0,0,0,0,0,0,36,0,0,0,0,0,0,10,2.1538461538461537,0.9999973744253273,0.0
84,50,1s2.2s2.2p6.3s2.3p6.3d10.4s2.4p6.4d10.4f4,4f,4,3,4,2.5,f,0,35,40.937916324885464,3,0,0,46,0,0,0,0,3,0,0,0,0,0,0,0,0,0,36,0,0,0,0,0,0,10,1.6153846153846154,0.9999973744253273,0.0
84,49,1s2.2s2.2p6.3s2.3p6.3d10.4s2.4p6.4d10.4f3,4f,4,3,3,2.5,f,0,36,40.136423790726894,2,0,0,46,0,0,0,0,2,0,0,0,0,0,0,0,0,0,36,0,0,0,0,0,0,10,1.0769230769230769,0.9999973744253273,0.0
84,48,1s2.2s2.2p6.3s2.3p6.3d10.4s2.4p6.4d10.4f2,4f,4,3,2,2.5,f,0,37,39.37948956284549,1,0,0,46,0,0,0,0,1,0,0,0,0,0,0,0,0,0,36,0,0,0,0,0,0,10,0.5384615384615384,0.9999973744253273,0.0
84,47,1s2.2s2.2p6.3s2.3p6.3d10.4s2.4p6.4d10.4f1,4f,4,3,1,2.5,f,0,38,38.640378657474685,0,0,0,46,0,0,0,0,0,0,0,0,0,0,0,0,0,0,36,0,0,0,0,0,0,10,0.0,0.9999973744253273,0.0
84,46,1s2.2s2.2p6.3s2.3p6.3d10.4s2.4p6.4d10,4d,4,2,10,2.5,d,0,39,35.18427854681272,9,0,0,36,0,0,0,9,0,0,0,0,0,0,0,16,10,0,0,0,0,0,0,0,0,10,0.0,0.9999973744253273,0.0
84,45,1s2.2s2.2p6.3s2.3p6.3d10.4s2.4p6.4d9,4d,4,2,9,2.5,d,0,40,34.56268954011648,8,0,0,36,0,0,0,8,0,0,0,0,0,0,0,16,10,0,0,0,0,0,0,0,0,10,-0.5555555555555554,0.9999973744253273,0.0
84,44,1s2.2s2.2p6.3s2.3p6.3d10.4s2.4p6.4d8,4d,4,2,8,2.5,d,0,41,33.90183225775024,7,0,0,36,0,0,0,7,0,0,0,0,0,0,0,16,10,0,0,0,0,0,0,0,0,10,-1.1111111111111112,0.9999973744253273,0.0
84,43,1s2.2s2.2p6.3s2.3p6.3d10.4s2.4p6.4d7,4d,4,2,7,2.5,d,0,42,33.24097497538423,6,0,0,36,0,0,0,6,0,0,0,0,0,0,0,16,10,0,0,0,0,0,0,0,0,10,-1.6666666666666665,0.9999973744253273,0.0
84,42,1s2.2s2.2p6.3s2.3p6.3d10.4s2.4p6.4d6,4d,4,2,6,2.5,d,0,43,32.619385968687766,5,0,0,36,0,0,0,5,0,0,0,0,0,0,0,16,10,0,0,0,0,0,0,0,0,10,-2.2222222222222223,0.9999973744253273,0.0
84,41,1s2.2s2.2p6.3s2.3p6.3d10.4s2.4p6.4d5,4d,4,2,5,2.5,d,0,44,31.77042966985971,4,0,0,36,0,0,0,4,0,0,0,0,0,0,0,16,10,0,0,0,0,0,0,0,0,10,2.2222222222222223,0.9999973744253273,0.0
84,40,1s2.2s2.2p6.3s2.3p6.3d10.4s2.4p6.4d4,4d,4,2,4,1.5,d,0,45,31.14884066316324,3,0,0,36,0,0,0,3,0,0,0,0,0,0,0,16,10,0,0,0,0,0,0,0,0,10,1.6666666666666667,0.9999973744253273,0.0
84,39,1s2.2s2.2p6.3s2.3p6.3d10.4s2.4p6.4d3,4d,4,2,3,1.5,d,0,46,30.487983380797118,2,0,0,36,0,0,0,2,0,0,0,0,0,0,0,16,10,0,0,0,0,0,0,0,0,10,1.1111111111111112,0.9999973744253273,0.0
84,38,1s2.2s2.2p6.3s2.3p6.3d10.4s2.4p6.4d2,4d,4,2,2,1.5,d,0,47,29.82712609843111,1,0,0,36,0,0,0,1,0,0,0,0,0,0,0,16,10,0,0,0,0,0,0,0,0,10,0.5555555555555556,0.9999973744253273,0.0
84,37,1s2.2s2.2p6.3s2.3p6.3d10.4s2.4p6.4d1,4d,4,2,1,1.5,d,0,48,29.20553709173464,0,0,0,36,0,0,0,0,0,0,0,0,0,0,0,16,10,0,0,0,0,0,0,0,0,10,0.0,0.9999973744253273,0.0
84,36,1s2.2s2.2p6.3s2.3p6.3d10.4s2.4p6,4p,4,1,6,1.5,p3,0,49,26.676544772007787,5,20,10,0,0,0,5,0,0,2,8,10,0,8,0,0,0,0,0,0,0,0,0,0,2,0,0.0,0.9999973744253273,0.0
84,35,1s2.2s2.2p6.3s2.3p6.3d10.4s2.4p5,4p,4,1,5,1.5,p3,0,50,26.117340670445287,4,20,10,0,0,0,4,0,0,2,8,10,0,8,0,0,0,0,0,0,0,0,0,0,2,0,-0.6000000000000001,0.9999973744253273,0.0
84,34,1s2.2s2.2p6.3s2.3p6.3d10.4s2.4p4,4p,4,1,4,1.5,p3,0,51,25.558136568882787,3,20,10,0,0,0,3,0,0,2,8,10,0,8,0,0,0,0,0,0,0,0,0,0,2,0,-1.2,0.9999973744253273,0.0
84,33,1s2.2s2.2p6.3s2.3p6.3d10.4s2.4p3,4p,4,1,3,1.5,p3,0,52,24.807678805211026,2,20,10,0,0,0,2,0,0,2,8,10,0,8,0,0,0,0,0,0,0,0,0,0,2,0,1.2,0.9999973744253273,0.0
84,32,1s2.2s2.2p6.3s2.3p6.3d10.4s2.4p2,4p,4,1,2,0.5,p1,0,53,24.24270156046225,1,20,10,0,0,0,1,0,0,2,8,10,0,8,0,0,0,0,0,0,0,0,0,0,2,0,0.6,0.9999973744253273,0.0
84,31,1s2.2s2.2p6.3s2.3p6.3d10.4s2.4p1,4p,4,1,1,0.5,p1,0,54,23.681451647104154,0,20,10,0,0,0,0,0,0,2,8,10,0,8,0,0,0,0,0,0,0,0,0,0,2,0,0.0,0.9999973744253273,0.0
84,30,1s2.2s2.2p6.3s2.3p6.3d10.4s2,4s,4,0,2,0.5,s,0,55,22.126593730819764,1,18,10,0,0,1,0,0,0,0,8,10,0,8,0,0,0,0,0,0,0,0,0,0,2,0,0.0,0.9999973744253273,0.0
84,29,1s2.2s2.2p6.3s2.3p6.3d10.4s1,4s,4,0,1,0.5,s,0,56,21.554071296483926,0,18,10,0,0,0,0,0,0,0,8,10,0,8,0,0,0,0,0,0,0,0,0,0,2,0,0.0,0.9999973744253273,0.0
84,28,1s2.2s2.2p6.3s2.3p6.3d10,3d,3,2,10,2.5,d,0,57,21.379455336979806,9,0,0,18,0,0,0,9,0,0,0,0,0,0,0,16,0,0,0,0,0,0,0,0,0,2,0.0,0.9999973744253273,0.0
84,27,1s2.2s2.2p6.3s2.3p6.3d9,3d,3,2,9,2.5,d,0,58,20.677223194122995,8,0,0,18,0,0,0,8,0,0,0,0,0,0,0,16,0,0,0,0,0,0,0,0,0,2,-0.5555555555555554,0.9999973744253273,0.0
84,26,1s2.2s2.2p6.3s2.3p6.3d8,3d,3,2,8,2.5,d,0,59,19.92856167011884,7,0,0,18,0,0,0,7,0,0,0,0,0,0,0,16,0,0,0,0,0,0,0,0,0,2,-1.1111111111111112,0.9999973744253273,0.0
84,25,1s2.2s2.2p6.3s2.3p6.3d7,3d,3,2,7,2.5,d,0,60,19.180019458485546,6,0,0,18,0,0,0,6,0,0,0,0,0,0,0,16,0,0,0,0,0,0,0,0,0,2,-1.6666666666666665,0.9999973744253273,0.0
84,24,1s2.2s2.2p6.3s2.3p6.3d6,3d,3,2,6,2.5,d,0,61,18.477999944610033,5,0,0,18,0,0,0,5,0,0,0,0,0,0,0,16,0,0,0,0,0,0,0,0,0,2,-2.2222222222222223,0.9999973744253273,0.0
84,23,1s2.2s2.2p6.3s2.3p6.3d5,3d,3,2,5,2.5,d,0,62,17.516342790782076,4,0,0,18,0,0,0,4,0,0,0,0,0,0,0,16,0,0,0,0,0,0,0,0,0,2,2.2222222222222223,0.9999973744253273,0.0
84,22,1s2.2s2.2p6.3s2.3p6.3d4,3d,3,2,4,1.5,d,0,63,16.81369270190474,3,0,0,18,0,0,0,3,0,0,0,0,0,0,0,16,0,0,0,0,0,0,0,0,0,2,1.6666666666666667,0.9999973744253273,0.0
84,21,1s2.2s2.2p6.3s2.3p6.3d3,3d,3,2,3,1.5,d,0,64,16.06581898178117,2,0,0,18,0,0,0,2,0,0,0,0,0,0,0,16,0,0,0,0,0,0,0,0,0,2,1.1111111111111112,0.9999973744253273,0.0
84,20,1s2.2s2.2p6.3s2.3p6.3d2,3d,3,2,2,1.5,d,0,65,15.318236242385085,1,0,0,18,0,0,0,1,0,0,0,0,0,0,0,16,0,0,0,0,0,0,0,0,0,2,0.5555555555555556,0.9999973744253273,0.0
84,19,1s2.2s2.2p6.3s2.3p6.3d1,3d,3,2,1,1.5,d,0,66,14.615753461451872,0,0,0,18,0,0,0,0,0,0,0,0,0,0,0,16,0,0,0,0,0,0,0,0,0,2,0.0,0.9999973744253273,0.0
84,18,1s2.2s2.2p6.3s2.3p6,3p,3,1,6,1.5,p3,0,67,12.667818264554036,5,10,2,0,0,0,5,0,0,2,8,0,0,2,0,0,0,0,0,0,0,0,0,0,0,0,0.0,0.9999973744253273,0.0
84,17,1s2.2s2.2p6.3s2.3p5,3p,3,1,5,1.5,p3,0,68,12.08347223011717,4,10,2,0,0,0,4,0,0,2,8,0,0,2,0,0,0,0,0,0,0,0,0,0,0,0,-0.6000000000000001,0.9999973744253273,0.0
84,16,1s2.2s2.2p6.3s2.3p4,3p,3,1,4,1.5,p3,0,69,11.49928244974415,3,10,2,0,0,0,3,0,0,2,8,0,0,2,0,0,0,0,0,0,0,0,0,0,0,0,-1.2,0.9999973744253273,0.0
84,15,1s2.2s2.2p6.3s2.3p3,3p,3,1,3,1.5,p3,0,70,10.730818199117742,2,10,2,0,0,0,2,0,0,2,8,0,0,2,0,0,0,0,0,0,0,0,0,0,0,0,1.2,0.9999973744253273,0.0
84,14,1s2.2s2.2p6.3s2.3p2,3p,3,1,2,0.5,p1,0,71,10.145247180423096,1,10,2,0,0,0,1,0,0,2,8,0,0,2,0,0,0,0,0,0,0,0,0,0,0,0,0.6,0.9999973744253273,0.0
84,13,1s2.2s2.2p6.3s2.3p1,3p,3,1,1,0.5,p1,0,72,9.559774441642945,0,10,2,0,0,0,0,0,0,2,8,0,0,2,0,0,0,0,0,0,0,0,0,0,0,0,0.0,0.9999973744253273,0.0
84,12,1s2.2s2.2p6.3s2,3s,3,0,2,0.5,s,0,73,8.35113401342552,1,8,2,0,0,1,0,0,0,0,8,0,0,2,0,0,0,0,0,0,0,0,0,0,0,0,0.0,0.9999973744253273,0.0
84,11,1s2.2s2.2p6.3s1,3s,3,0,1,0.5,s,0,74,7.7856408855844075,0,8,2,0,0,0,0,0,0,0,8,0,0,2,0,0,0,0,0,0,0,0,0,0,0,0,0.0,0.9999973744253273,0.0
84,10,1s2.2s2.2p6,2p,2,1,6,1.5,p3,0,75,6.545979557232126,5,4,0,0,0,0,5,0,0,2,2,0,0,0,0,0,0,0,0,0,0,0,0,0,0,0,0.0,0.9999973744253273,0.0
84,9,1s2.2s2.2p5,2p,2,1,5,1.5,p3,0,76,5.88972955723213,4,4,0,0,0,0,4,0,0,2,2,0,0,0,0,0,0,0,0,0,0,0,0,0,0,0,-0.6000000000000001,0.9999973744253273,0.0
84,8,1s2.2s2.2p4,2p,2,1,4,1.5,p3,0,77,5.233479557232133,3,4,0,0,0,0,3,0,0,2,2,0,0,0,0,0,0,0,0,0,0,0,0,0,0,0,-1.2,0.9999973744253273,0.0
84,7,1s2.2s2.2p3,2p,2,1,3,1.5,p3,0,78,4.378670782625834,2,4,0,0,0,0,2,0,0,2,2,0,0,0,0,0,0,0,0,0,0,0,0,0,0,0,1.2,0.9999973744253273,0.0
84,6,1s2.2s2.2p2,2p,2,1,2,0.5,p1,0,79,3.7253535771907345,1,4,0,0,0,0,1,0,0,2,2,0,0,0,0,0,0,0,0,0,0,0,0,0,0,0,0.6,0.9999973744253273,0.0
84,5,1s2.2s2.2p1,2p,2,1,1,0.5,p1,0,80,3.0730091792350134,0,4,0,0,0,0,0,0,0,2,2,0,0,0,0,0,0,0,0,0,0,0,0,0,0,0,0.0,0.9999973744253273,0.0
84,4,1s2.2s2,2s,2,0,2,0.5,s,0,81,2.145875983124917,1,2,0,0,0,1,0,0,0,0,2,0,0,0,0,0,0,0,0,0,0,0,0,0,0,0,0.0,0.9999973744253273,48.67425226851696
84,3,1s2.2s1,2s,2,0,1,0.5,s,0,82,1.5912208504801093,0,2,0,0,0,0,0,0,0,0,2,0,0,0,0,0,0,0,0,0,0,0,0,0,0,0,0.0,0.9999973744253273,48.67425226851696
84,2,1s2,1s,1,0,2,0.5,s,0,83,0.625,1,0,0,0,0,1,0,0,0,0,0,0,0,0,0,0,0,0,0,0,0,0,0,0,0,0,0.0,0.9999973744253273,273.39135058524994
84,1,1s1,1s,1,0,1,0.5,s,0,84,0.0,0,0,0,0,0,0,0,0,0,0,0,0,0,0,0,0,0,0,0,0,0,0,0,0,0,0,0.0,0.9999973744253273,273.39135058524994
85,85,1s2.2s2.2p6.3s2.3p6.3d10.4s2.4p6.4d10.4f14.5s2.5p6.5d10.6s2.6p5,6p,6,1,5,1.5,p3,0,1,65.54478478791641,4,20,60,0,0,0,4,0,0,2,8,10,0,8,24,0,0,0,0,0,0,0,0,0,28,0,-0.6000000000000001,0.9999973869871962,0.0
85,84,1s2.2s2.2p6.3s2.3p6.3d10.4s2.4p6.4d10.4f14.5s2.5p6.5d10.6s2.6p4,6p,6,1,4,1.5,p3,0,2,65.00111031892263,3,20,60,0,0,0,3,0,0,2,8,10,0,8,24,0,0,0,0,0,0,0,0,0,28,0,-1.2,0.9999973869871962,0.0
85,83,1s2.2s2.2p6.3s2.3p6.3d10.4s2.4p6.4d10.4f14.5s2.5p6.5d10.6s2.6p3,6p,6,1,3,1.5,p3,0,3,64.26762509706408,2,20,60,0,0,0,2,0,0,2,8,10,0,8,24,0,0,0,0,0,0,0,0,0,28,0,1.2,0.9999973869871962,0.0
85,82,1s2.2s2.2p6.3s2.3p6.3d10.4s2.4p6.4d10.4f14.5s2.5p6.5d10.6s2.6p2,6p,6,1,2,0.5,p1,0,4,63.72395062806516,1,20,60,0,0,0,1,0,0,2,8,10,0,8,24,0,0,0,0,0,0,0,0,0,28,0,0.6,0.9999973869871962,0.0
85,81,1s2.2s2.2p6.3s2.3p6.3d10.4s2.4p6.4d10.4f14.5s2.5p6.5d10.6s2.6p1,6p,6,1,1,0.5,p1,0,5,63.18027615907542,0,20,60,0,0,0,0,0,0,2,8,10,0,8,24,0,0,0,0,0,0,0,0,0,28,0,0.0,0.9999973869871962,0.0
85,80,1s2.2s2.2p6.3s2.3p6.3d10.4s2.4p6.4d10.4f14.5s2.5p6.5d10.6s2,6s,6,0,2,0.5,s,0,6,61.277186621795714,1,18,60,0,0,1,0,0,0,0,8,10,0,8,24,0,0,0,0,0,0,0,0,0,28,0,0.0,0.9999973869871962,0.0
85,79,1s2.2s2.2p6.3s2.3p6.3d10.4s2.4p6.4d10.4f14.5s2.5p6.5d10.6s1,6s,6,0,1,0.5,s,0,7,60.68175720132819,0,18,60,0,0,0,0,0,0,0,8,10,0,8,24,0,0,0,0,0,0,0,0,0,28,0,0.0,0.9999973869871962,0.0
85,78,1s2.2s2.2p6.3s2.3p6.3d10.4s2.4p6.4d10.4f14.5s2.5p6.5d10,5d,5,2,10,2.5,d,0,8,60.18161976204584,9,0,0,68,0,0,0,9,0,0,0,0,0,0,0,16,10,14,0,0,0,0,0,0,0,28,0.0,0.9999973869871962,0.0
85,77,1s2.2s2.2p6.3s2.3p6.3d10.4s2.4p6.4d10.4f14.5s2.5p6.5d9,5d,5,2,9,2.5,d,0,9,59.591820854204364,8,0,0,68,0,0,0,8,0,0,0,0,0,0,0,16,10,14,0,0,0,0,0,0,0,28,-0.5555555555555554,0.9999973869871962,0.0
85,76,1s2.2s2.2p6.3s2.3p6.3d10.4s2.4p6.4d10.4f14.5s2.5p6.5d8,5d,5,2,8,2.5,d,0,10,58.964892641510204,7,0,0,68,0,0,0,7,0,0,0,0,0,0,0,16,10,14,0,0,0,0,0,0,0,28,-1.1111111111111112,0.9999973869871962,0.0
85,75,1s2.2s2.2p6.3s2.3p6.3d10.4s2.4p6.4d10.4f14.5s2.5p6.5d7,5d,5,2,7,2.5,d,0,11,58.33796442882129,6,0,0,68,0,0,0,6,0,0,0,0,0,0,0,16,10,14,0,0,0,0,0,0,0,28,-1.6666666666666665,0.9999973869871962,0.0
85,74,1s2.2s2.2p6.3s2.3p6.3d10.4s2.4p6.4d10.4f14.5s2.5p6.5d6,5d,5,2,6,2.5,d,0,12,57.74816552097457,5,0,0,68,0,0,0,5,0,0,0,0,0,0,0,16,10,14,0,0,0,0,0,0,0,28,-2.2222222222222223,0.9999973869871962,0.0
85,73,1s2.2s2.2p6.3s2.3p6.3d10.4s2.4p6.4d10.4f14.5s2.5p6.5d5,5d,5,2,5,2.5,d,0,13,56.939981578454784,4,0,0,68,0,0,0,4,0,0,0,0,0,0,0,16,10,14,0,0,0,0,0,0,0,28,2.2222222222222223,0.9999973869871962,0.0
85,72,1s2.2s2.2p6.3s2.3p6.3d10.4s2.4p6.4d10.4f14.5s2.5p6.5d4,5d,5,2,4,1.5,d,0,14,56.35018267060813,3,0,0,68,0,0,0,3,0,0,0,0,0,0,0,16,10,14,0,0,0,0,0,0,0,28,1.6666666666666667,0.9999973869871962,0.0
85,71,1s2.2s2.2p6.3s2.3p6.3d10.4s2.4p6.4d10.4f14.5s2.5p6.5d3,5d,5,2,3,1.5,d,0,15,55.72325445791909,2,0,0,68,0,0,0,2,0,0,0,0,0,0,0,16,10,14,0,0,0,0,0,0,0,28,1.1111111111111112,0.9999973869871962,0.0
85,70,1s2.2s2.2p6.3s2.3p6.3d10.4s2.4p6.4d10.4f14.5s2.5p6.5d2,5d,5,2,2,1.5,d,0,16,55.09632624522511,1,0,0,68,0,0,0,1,0,0,0,0,0,0,0,16,10,14,0,0,0,0,0,0,0,28,0.5555555555555556,0.9999973869871962,0.0
85,69,1s2.2s2.2p6.3s2.3p6.3d10.4s2.4p6.4d10.4f14.5s2.5p6.5d1,5d,5,2,1,1.5,d,0,17,54.50652733738305,0,0,0,68,0,0,0,0,0,0,0,0,0,0,0,16,10,14,0,0,0,0,0,0,0,28,0.0,0.9999973869871962,0.0
85,68,1s2.2s2.2p6.3s2.3p6.3d10.4s2.4p6.4d10.4f14.5s2.5p6,5p,5,1,6,1.5,p3,0,18,51.291318007282406,5,34,28,0,0,0,5,0,0,2,8,10,14,8,10,0,0,0,0,0,0,0,0,0,10,0,0.0,0.9999973869871962,0.0
85,67,1s2.2s2.2p6.3s2.3p6.3d10.4s2.4p6.4d10.4f14.5s2.5p5,5p,5,1,5,1.5,p3,0,19,50.7422457416599,4,34,28,0,0,0,4,0,0,2,8,10,14,8,10,0,0,0,0,0,0,0,0,0,10,0,-0.6000000000000001,0.9999973869871962,0.0
85,66,1s2.2s2.2p6.3s2.3p6.3d10.4s2.4p6.4d10.4f14.5s2.5p4,5p,5,1,4,1.5,p3,0,20,50.193173476032534,3,34,28,0,0,0,3,0,0,2,8,10,14,8,10,0,0,0,0,0,0,0,0,0,10,0,-1.2,0.9999973869871962,0.0
85,65,1s2.2s2.2p6.3s2.3p6.3d10.4s2.4p6.4d10.4f14.5s2.5p3,5p,5,1,3,1.5,p3,0,21,49.453854628378465,2,34,28,0,0,0,2,0,0,2,8,10,14,8,10,0,0,0,0,0,0,0,0,0,10,0,1.2,0.9999973869871962,0.0
85,64,1s2.2s2.2p6.3s2.3p6.3d10.4s2.4p6.4d10.4f14.5s2.5p2,5p,5,1,2,0.5,p1,0,22,48.904782362751156,1,34,28,0,0,0,1,0,0,2,8,10,14,8,10,0,0,0,0,0,0,0,0,0,10,0,0.6,0.9999973869871962,0.0
85,63,1s2.2s2.2p6.3s2.3p6.3d10.4s2.4p6.4d10.4f14.5s2.5p1,5p,5,1,1,0.5,p1,0,23,48.348958444362786,0,34,28,0,0,0,0,0,0,2,8,10,14,8,10,0,0,0,0,0,0,0,0,0,10,0,0.0,0.9999973869871962,0.0
85,62,1s2.2s2.2p6.3s2.3p6.3d10.4s2.4p6.4d10.4f14.5s2,5s,5,0,2,0.5,s,0,24,46.43547188585159,1,32,28,0,0,1,0,0,0,0,8,10,14,8,10,0,0,0,0,0,0,0,0,0,10,0,0.0,0.9999973869871962,0.0
85,61,1s2.2s2.2p6.3s2.3p6.3d10.4s2.4p6.4d10.4f14.5s1,5s,5,0,1,0.5,s,0,25,45.85856833278497,0,32,28,0,0,0,0,0,0,0,8,10,14,8,10,0,0,0,0,0,0,0,0,0,10,0,0.0,0.9999973869871962,0.0
85,60,1s2.2s2.2p6.3s2.3p6.3d10.4s2.4p6.4d10.4f14,4f,4,3,14,3.5,f,0,26,48.86078968565812,13,0,0,46,0,0,0,0,13,0,0,0,0,0,0,0,0,0,36,0,0,0,0,0,0,10,0.0,0.9999973869871962,0.0
85,59,1s2.2s2.2p6.3s2.3p6.3d10.4s2.4p6.4d10.4f13,4f,4,3,13,3.5,f,0,27,48.12167878028413,12,0,0,46,0,0,0,0,12,0,0,0,0,0,0,0,0,0,36,0,0,0,0,0,0,10,-0.5384615384615383,0.9999973869871962,0.0
85,58,1s2.2s2.2p6.3s2.3p6.3d10.4s2.4p6.4d10.4f12,4f,4,3,12,3.5,f,0,28,47.365159080568446,11,0,0,46,0,0,0,0,11,0,0,0,0,0,0,0,0,0,36,0,0,0,0,0,0,10,-1.0769230769230766,0.9999973869871962,0.0
85,57,1s2.2s2.2p6.3s2.3p6.3d10.4s2.4p6.4d10.4f11,4f,4,3,11,3.5,f,0,29,46.56470817701302,10,0,0,46,0,0,0,0,10,0,0,0,0,0,0,0,0,0,36,0,0,0,0,0,0,10,-1.615384615384615,0.9999973869871962,0.0
85,56,1s2.2s2.2p6.3s2.3p6.3d10.4s2.4p6.4d10.4f10,4f,4,3,10,3.5,f,0,30,45.76175948408627,9,0,0,46,0,0,0,0,9,0,0,0,0,0,0,0,0,0,36,0,0,0,0,0,0,10,-2.153846153846154,0.9999973869871962,0.0
85,55,1s2.2s2.2p6.3s2.3p6.3d10.4s2.4p6.4d10.4f9,4f,4,3,9,3.5,f,0,31,45.00482525620487,8,0,0,46,0,0,0,0,8,0,0,0,0,0,0,0,0,0,36,0,0,0,0,0,0,10,-2.6923076923076925,0.9999973869871962,0.0
85,54,1s2.2s2.2p6.3s2.3p6.3d10.4s2.4p6.4d10.4f8,4f,4,3,8,3.5,f,0,32,44.26571435083406,7,0,0,46,0,0,0,0,7,0,0,0,0,0,0,0,0,0,36,0,0,0,0,0,0,10,-3.230769230769231,0.9999973869871962,0.0
85,53,1s2.2s2.2p6.3s2.3p6.3d10.4s2.4p6.4d10.4f7,4f,4,3,7,3.5,f,0,33,43.235453992296016,6,0,0,46,0,0,0,0,6,0,0,0,0,0,0,0,0,0,36,0,0,0,0,0,0,10,3.230769230769231,0.9999973869871962,0.0
85,52,1s2.2s2.2p6.3s2.3p6.3d10.4s2.4p6.4d10.4f6,4f,4,3,6,2.5,f,0,34,42.49634308692566,5,0,0,46,0,0,0,0,5,0,0,0,0,0,0,0,0,0,36,0,0,0,0,0,0,10,2.6923076923076925,0.9999973869871962,0.0
85,51,1s2.2s2.2p6.3s2.3p6.3d10.4s2.4p6.4d10.4f5,4f,4,3,5,2.5,f,0,35,41.739408859043806,4,0,0,46,0,0,0,0,4,0,0,0,0,0,0,0,0,0,36,0,0,0,0,0,0,10,2.1538461538461537,0.9999973869871962,0.0
85,50,1s2.2s2.2p6.3s2.3p6.3d10.4s2.4p6.4d10.4f4,4f,4,3,4,2.5,f,0,36,40.937916324885464,3,0,0,46,0,0,0,0,3,0,0,0,0,0,0,0,0,0,36,0,0,0,0,0,0,10,1.6153846153846154,0.9999973869871962,0.0
85,49,1s2.2s2.2p6.3s2.3p6.3d10.4s2.4p6.4d10.4f3,4f,4,3,3,2.5,f,0,37,40.136423790726894,2,0,0,46,0,0,0,0,2,0,0,0,0,0,0,0,0,0,36,0,0,0,0,0,0,10,1.0769230769230769,0.9999973869871962,0.0
85,48,1s2.2s2.2p6.3s2.3p6.3d10.4s2.4p6.4d10.4f2,4f,4,3,2,2.5,f,0,38,39.37948956284549,1,0,0,46,0,0,0,0,1,0,0,0,0,0,0,0,0,0,36,0,0,0,0,0,0,10,0.5384615384615384,0.9999973869871962,0.0
85,47,1s2.2s2.2p6.3s2.3p6.3d10.4s2.4p6.4d10.4f1,4f,4,3,1,2.5,f,0,39,38.640378657474685,0,0,0,46,0,0,0,0,0,0,0,0,0,0,0,0,0,0,36,0,0,0,0,0,0,10,0.0,0.9999973869871962,0.0
85,46,1s2.2s2.2p6.3s2.3p6.3d10.4s2.4p6.4d10,4d,4,2,10,2.5,d,0,40,35.18427854681272,9,0,0,36,0,0,0,9,0,0,0,0,0,0,0,16,10,0,0,0,0,0,0,0,0,10,0.0,0.9999973869871962,0.0
85,45,1s2.2s2.2p6.3s2.3p6.3d10.4s2.4p6.4d9,4d,4,2,9,2.5,d,0,41,34.56268954011648,8,0,0,36,0,0,0,8,0,0,0,0,0,0,0,16,10,0,0,0,0,0,0,0,0,10,-0.5555555555555554,0.9999973869871962,0.0
85,44,1s2.2s2.2p6.3s2.3p6.3d10.4s2.4p6.4d8,4d,4,2,8,2.5,d,0,42,33.90183225775024,7,0,0,36,0,0,0,7,0,0,0,0,0,0,0,16,10,0,0,0,0,0,0,0,0,10,-1.1111111111111112,0.9999973869871962,0.0
85,43,1s2.2s2.2p6.3s2.3p6.3d10.4s2.4p6.4d7,4d,4,2,7,2.5,d,0,43,33.24097497538423,6,0,0,36,0,0,0,6,0,0,0,0,0,0,0,16,10,0,0,0,0,0,0,0,0,10,-1.6666666666666665,0.9999973869871962,0.0
85,42,1s2.2s2.2p6.3s2.3p6.3d10.4s2.4p6.4d6,4d,4,2,6,2.5,d,0,44,32.619385968687766,5,0,0,36,0,0,0,5,0,0,0,0,0,0,0,16,10,0,0,0,0,0,0,0,0,10,-2.2222222222222223,0.9999973869871962,0.0
85,41,1s2.2s2.2p6.3s2.3p6.3d10.4s2.4p6.4d5,4d,4,2,5,2.5,d,0,45,31.77042966985971,4,0,0,36,0,0,0,4,0,0,0,0,0,0,0,16,10,0,0,0,0,0,0,0,0,10,2.2222222222222223,0.9999973869871962,0.0
85,40,1s2.2s2.2p6.3s2.3p6.3d10.4s2.4p6.4d4,4d,4,2,4,1.5,d,0,46,31.14884066316324,3,0,0,36,0,0,0,3,0,0,0,0,0,0,0,16,10,0,0,0,0,0,0,0,0,10,1.6666666666666667,0.9999973869871962,0.0
85,39,1s2.2s2.2p6.3s2.3p6.3d10.4s2.4p6.4d3,4d,4,2,3,1.5,d,0,47,30.487983380797118,2,0,0,36,0,0,0,2,0,0,0,0,0,0,0,16,10,0,0,0,0,0,0,0,0,10,1.1111111111111112,0.9999973869871962,0.0
85,38,1s2.2s2.2p6.3s2.3p6.3d10.4s2.4p6.4d2,4d,4,2,2,1.5,d,0,48,29.82712609843111,1,0,0,36,0,0,0,1,0,0,0,0,0,0,0,16,10,0,0,0,0,0,0,0,0,10,0.5555555555555556,0.9999973869871962,0.0
85,37,1s2.2s2.2p6.3s2.3p6.3d10.4s2.4p6.4d1,4d,4,2,1,1.5,d,0,49,29.20553709173464,0,0,0,36,0,0,0,0,0,0,0,0,0,0,0,16,10,0,0,0,0,0,0,0,0,10,0.0,0.9999973869871962,0.0
85,36,1s2.2s2.2p6.3s2.3p6.3d10.4s2.4p6,4p,4,1,6,1.5,p3,0,50,26.676544772007787,5,20,10,0,0,0,5,0,0,2,8,10,0,8,0,0,0,0,0,0,0,0,0,0,2,0,0.0,0.9999973869871962,0.0
85,35,1s2.2s2.2p6.3s2.3p6.3d10.4s2.4p5,4p,4,1,5,1.5,p3,0,51,26.117340670445287,4,20,10,0,0,0,4,0,0,2,8,10,0,8,0,0,0,0,0,0,0,0,0,0,2,0,-0.6000000000000001,0.9999973869871962,0.0
85,34,1s2.2s2.2p6.3s2.3p6.3d10.4s2.4p4,4p,4,1,4,1.5,p3,0,52,25.558136568882787,3,20,10,0,0,0,3,0,0,2,8,10,0,8,0,0,0,0,0,0,0,0,0,0,2,0,-1.2,0.9999973869871962,0.0
85,33,1s2.2s2.2p6.3s2.3p6.3d10.4s2.4p3,4p,4,1,3,1.5,p3,0,53,24.807678805211026,2,20,10,0,0,0,2,0,0,2,8,10,0,8,0,0,0,0,0,0,0,0,0,0,2,0,1.2,0.9999973869871962,0.0
85,32,1s2.2s2.2p6.3s2.3p6.3d10.4s2.4p2,4p,4,1,2,0.5,p1,0,54,24.24270156046225,1,20,10,0,0,0,1,0,0,2,8,10,0,8,0,0,0,0,0,0,0,0,0,0,2,0,0.6,0.9999973869871962,0.0
85,31,1s2.2s2.2p6.3s2.3p6.3d10.4s2.4p1,4p,4,1,1,0.5,p1,0,55,23.681451647104154,0,20,10,0,0,0,0,0,0,2,8,10,0,8,0,0,0,0,0,0,0,0,0,0,2,0,0.0,0.9999973869871962,0.0
85,30,1s2.2s2.2p6.3s2.3p6.3d10.4s2,4s,4,0,2,0.5,s,0,56,22.126593730819764,1,18,10,0,0,1,0,0,0,0,8,10,0,8,0,0,0,0,0,0,0,0,0,0,2,0,0.0,0.9999973869871962,0.0
85,29,1s2.2s2.2p6.3s2.3p6.3d10.4s1,4s,4,0,1,0.5,s,0,57,21.554071296483926,0,18,10,0,0,0,0,0,0,0,8,10,0,8,0,0,0,0,0,0,0,0,0,0,2,0,0.0,0.9999973869871962,0.0
85,28,1s2.2s2.2p6.3s2.3p6.3d10,3d,3,2,10,2.5,d,0,58,21.379455336979806,9,0,0,18,0,0,0,9,0,0,0,0,0,0,0,16,0,0,0,0,0,0,0,0,0,2,0.0,0.9999973869871962,0.0
85,27,1s2.2s2.2p6.3s2.3p6.3d9,3d,3,2,9,2.5,d,0,59,20.677223194122995,8,0,0,18,0,0,0,8,0,0,0,0,0,0,0,16,0,0,0,0,0,0,0,0,0,2,-0.5555555555555554,0.9999973869871962,0.0
85,26,1s2.2s2.2p6.3s2.3p6.3d8,3d,3,2,8,2.5,d,0,60,19.92856167011884,7,0,0,18,0,0,0,7,0,0,0,0,0,0,0,16,0,0,0,0,0,0,0,0,0,2,-1.1111111111111112,0.9999973869871962,0.0
85,25,1s2.2s2.2p6.3s2.3p6.3d7,3d,3,2,7,2.5,d,0,61,19.180019458485546,6,0,0,18,0,0,0,6,0,0,0,0,0,0,0,16,0,0,0,0,0,0,0,0,0,2,-1.6666666666666665,0.9999973869871962,0.0
85,24,1s2.2s2.2p6.3s2.3p6.3d6,3d,3,2,6,2.5,d,0,62,18.477999944610033,5,0,0,18,0,0,0,5,0,0,0,0,0,0,0,16,0,0,0,0,0,0,0,0,0,2,-2.2222222222222223,0.9999973869871962,0.0
85,23,1s2.2s2.2p6.3s2.3p6.3d5,3d,3,2,5,2.5,d,0,63,17.516342790782076,4,0,0,18,0,0,0,4,0,0,0,0,0,0,0,16,0,0,0,0,0,0,0,0,0,2,2.2222222222222223,0.9999973869871962,0.0
85,22,1s2.2s2.2p6.3s2.3p6.3d4,3d,3,2,4,1.5,d,0,64,16.81369270190474,3,0,0,18,0,0,0,3,0,0,0,0,0,0,0,16,0,0,0,0,0,0,0,0,0,2,1.6666666666666667,0.9999973869871962,0.0
85,21,1s2.2s2.2p6.3s2.3p6.3d3,3d,3,2,3,1.5,d,0,65,16.06581898178117,2,0,0,18,0,0,0,2,0,0,0,0,0,0,0,16,0,0,0,0,0,0,0,0,0,2,1.1111111111111112,0.9999973869871962,0.0
85,20,1s2.2s2.2p6.3s2.3p6.3d2,3d,3,2,2,1.5,d,0,66,15.318236242385085,1,0,0,18,0,0,0,1,0,0,0,0,0,0,0,16,0,0,0,0,0,0,0,0,0,2,0.5555555555555556,0.9999973869871962,0.0
85,19,1s2.2s2.2p6.3s2.3p6.3d1,3d,3,2,1,1.5,d,0,67,14.615753461451872,0,0,0,18,0,0,0,0,0,0,0,0,0,0,0,16,0,0,0,0,0,0,0,0,0,2,0.0,0.9999973869871962,0.0
85,18,1s2.2s2.2p6.3s2.3p6,3p,3,1,6,1.5,p3,0,68,12.667818264554036,5,10,2,0,0,0,5,0,0,2,8,0,0,2,0,0,0,0,0,0,0,0,0,0,0,0,0.0,0.9999973869871962,0.0
85,17,1s2.2s2.2p6.3s2.3p5,3p,3,1,5,1.5,p3,0,69,12.08347223011717,4,10,2,0,0,0,4,0,0,2,8,0,0,2,0,0,0,0,0,0,0,0,0,0,0,0,-0.6000000000000001,0.9999973869871962,0.0
85,16,1s2.2s2.2p6.3s2.3p4,3p,3,1,4,1.5,p3,0,70,11.49928244974415,3,10,2,0,0,0,3,0,0,2,8,0,0,2,0,0,0,0,0,0,0,0,0,0,0,0,-1.2,0.9999973869871962,0.0
85,15,1s2.2s2.2p6.3s2.3p3,3p,3,1,3,1.5,p3,0,71,10.730818199117742,2,10,2,0,0,0,2,0,0,2,8,0,0,2,0,0,0,0,0,0,0,0,0,0,0,0,1.2,0.9999973869871962,0.0
85,14,1s2.2s2.2p6.3s2.3p2,3p,3,1,2,0.5,p1,0,72,10.145247180423096,1,10,2,0,0,0,1,0,0,2,8,0,0,2,0,0,0,0,0,0,0,0,0,0,0,0,0.6,0.9999973869871962,0.0
85,13,1s2.2s2.2p6.3s2.3p1,3p,3,1,1,0.5,p1,0,73,9.559774441642945,0,10,2,0,0,0,0,0,0,2,8,0,0,2,0,0,0,0,0,0,0,0,0,0,0,0,0.0,0.9999973869871962,0.0
85,12,1s2.2s2.2p6.3s2,3s,3,0,2,0.5,s,0,74,8.35113401342552,1,8,2,0,0,1,0,0,0,0,8,0,0,2,0,0,0,0,0,0,0,0,0,0,0,0,0.0,0.9999973869871962,0.0
85,11,1s2.2s2.2p6.3s1,3s,3,0,1,0.5,s,0,75,7.7856408855844075,0,8,2,0,0,0,0,0,0,0,8,0,0,2,0,0,0,0,0,0,0,0,0,0,0,0,0.0,0.9999973869871962,0.0
85,10,1s2.2s2.2p6,2p,2,1,6,1.5,p3,0,76,6.545979557232126,5,4,0,0,0,0,5,0,0,2,2,0,0,0,0,0,0,0,0,0,0,0,0,0,0,0,0.0,0.9999973869871962,0.0
85,9,1s2.2s2.2p5,2p,2,1,5,1.5,p3,0,77,5.88972955723213,4,4,0,0,0,0,4,0,0,2,2,0,0,0,0,0,0,0,0,0,0,0,0,0,0,0,-0.6000000000000001,0.9999973869871962,0.0
85,8,1s2.2s2.2p4,2p,2,1,4,1.5,p3,0,78,5.233479557232133,3,4,0,0,0,0,3,0,0,2,2,0,0,0,0,0,0,0,0,0,0,0,0,0,0,0,-1.2,0.9999973869871962,0.0
85,7,1s2.2s2.2p3,2p,2,1,3,1.5,p3,0,79,4.378670782625834,2,4,0,0,0,0,2,0,0,2,2,0,0,0,0,0,0,0,0,0,0,0,0,0,0,0,1.2,0.9999973869871962,0.0
85,6,1s2.2s2.2p2,2p,2,1,2,0.5,p1,0,80,3.7253535771907345,1,4,0,0,0,0,1,0,0,2,2,0,0,0,0,0,0,0,0,0,0,0,0,0,0,0,0.6,0.9999973869871962,0.0
85,5,1s2.2s2.2p1,2p,2,1,1,0.5,p1,0,81,3.0730091792350134,0,4,0,0,0,0,0,0,0,2,2,0,0,0,0,0,0,0,0,0,0,0,0,0,0,0,0.0,0.9999973869871962,0.0
85,4,1s2.2s2,2s,2,0,2,0.5,s,0,82,2.145875983124917,1,2,0,0,0,1,0,0,0,0,2,0,0,0,0,0,0,0,0,0,0,0,0,0,0,0,0.0,0.9999973869871962,51.99950866382578
85,3,1s2.2s1,2s,2,0,1,0.5,s,0,83,1.5912208504801093,0,2,0,0,0,0,0,0,0,0,2,0,0,0,0,0,0,0,0,0,0,0,0,0,0,0,0.0,0.9999973869871962,51.99950866382578
85,2,1s2,1s,1,0,2,0.5,s,0,84,0.625,1,0,0,0,0,1,0,0,0,0,0,0,0,0,0,0,0,0,0,0,0,0,0,0,0,0,0.0,0.9999973869871962,290.16613810975707
85,1,1s1,1s,1,0,1,0.5,s,0,85,0.0,0,0,0,0,0,0,0,0,0,0,0,0,0,0,0,0,0,0,0,0,0,0,0,0,0,0,0.0,0.9999973869871962,290.16613810975707
86,86,1s2.2s2.2p6.3s2.3p6.3d10.4s2.4p6.4d10.4f14.5s2.5p6.5d10.6s2.6p6,6p,6,1,6,1.5,p3,0,1,66.08845925691442,5,20,60,0,0,0,5,0,0,2,8,10,0,8,24,0,0,0,0,0,0,0,0,0,28,0,0.0,0.9999975286002734,0.0
86,85,1s2.2s2.2p6.3s2.3p6.3d10.4s2.4p6.4d10.4f14.5s2.5p6.5d10.6s2.6p5,6p,6,1,5,1.5,p3,0,2,65.54478478791641,4,20,60,0,0,0,4,0,0,2,8,10,0,8,24,0,0,0,0,0,0,0,0,0,28,0,-0.6000000000000001,0.9999975286002734,0.0
86,84,1s2.2s2.2p6.3s2.3p6.3d10.4s2.4p6.4d10.4f14.5s2.5p6.5d10.6s2.6p4,6p,6,1,4,1.5,p3,0,3,65.00111031892263,3,20,60,0,0,0,3,0,0,2,8,10,0,8,24,0,0,0,0,0,0,0,0,0,28,0,-1.2,0.9999975286002734,0.0
86,83,1s2.2s2.2p6.3s2.3p6.3d10.4s2.4p6.4d10.4f14.5s2.5p6.5d10.6s2.6p3,6p,6,1,3,1.5,p3,0,4,64.26762509706408,2,20,60,0,0,0,2,0,0,2,8,10,0,8,24,0,0,0,0,0,0,0,0,0,28,0,1.2,0.9999975286002734,0.0
86,82,1s2.2s2.2p6.3s2.3p6.3d10.4s2.4p6.4d10.4f14.5s2.5p6.5d10.6s2.6p2,6p,6,1,2,0.5,p1,0,5,63.72395062806516,1,20,60,0,0,0,1,0,0,2,8,10,0,8,24,0,0,0,0,0,0,0,0,0,28,0,0.6,0.9999975286002734,0.0
86,81,1s2.2s2.2p6.3s2.3p6.3d10.4s2.4p6.4d10.4f14.5s2.5p6.5d10.6s2.6p1,6p,6,1,1,0.5,p1,0,6,63.18027615907542,0,20,60,0,0,0,0,0,0,2,8,10,0,8,24,0,0,0,0,0,0,0,0,0,28,0,0.0,0.9999975286002734,0.0
86,80,1s2.2s2.2p6.3s2.3p6.3d10.4s2.4p6.4d10.4f14.5s2.5p6.5d10.6s2,6s,6,0,2,0.5,s,0,7,61.277186621795714,1,18,60,0,0,1,0,0,0,0,8,10,0,8,24,0,0,0,0,0,0,0,0,0,28,0,0.0,0.9999975286002734,0.0
86,79,1s2.2s2.2p6.3s2.3p6.3d10.4s2.4p6.4d10.4f14.5s2.5p6.5d10.6s1,6s,6,0,1,0.5,s,0,8,60.68175720132819,0,18,60,0,0,0,0,0,0,0,8,10,0,8,24,0,0,0,0,0,0,0,0,0,28,0,0.0,0.9999975286002734,0.0
86,78,1s2.2s2.2p6.3s2.3p6.3d10.4s2.4p6.4d10.4f14.5s2.5p6.5d10,5d,5,2,10,2.5,d,0,9,60.18161976204584,9,0,0,68,0,0,0,9,0,0,0,0,0,0,0,16,10,14,0,0,0,0,0,0,0,28,0.0,0.9999975286002734,0.0
86,77,1s2.2s2.2p6.3s2.3p6.3d10.4s2.4p6.4d10.4f14.5s2.5p6.5d9,5d,5,2,9,2.5,d,0,10,59.591820854204364,8,0,0,68,0,0,0,8,0,0,0,0,0,0,0,16,10,14,0,0,0,0,0,0,0,28,-0.5555555555555554,0.9999975286002734,0.0
86,76,1s2.2s2.2p6.3s2.3p6.3d10.4s2.4p6.4d10.4f14.5s2.5p6.5d8,5d,5,2,8,2.5,d,0,11,58.964892641510204,7,0,0,68,0,0,0,7,0,0,0,0,0,0,0,16,10,14,0,0,0,0,0,0,0,28,-1.1111111111111112,0.9999975286002734,0.0
86,75,1s2.2s2.2p6.3s2.3p6.3d10.4s2.4p6.4d10.4f14.5s2.5p6.5d7,5d,5,2,7,2.5,d,0,12,58.33796442882129,6,0,0,68,0,0,0,6,0,0,0,0,0,0,0,16,10,14,0,0,0,0,0,0,0,28,-1.6666666666666665,0.9999975286002734,0.0
86,74,1s2.2s2.2p6.3s2.3p6.3d10.4s2.4p6.4d10.4f14.5s2.5p6.5d6,5d,5,2,6,2.5,d,0,13,57.74816552097457,5,0,0,68,0,0,0,5,0,0,0,0,0,0,0,16,10,14,0,0,0,0,0,0,0,28,-2.2222222222222223,0.9999975286002734,0.0
86,73,1s2.2s2.2p6.3s2.3p6.3d10.4s2.4p6.4d10.4f14.5s2.5p6.5d5,5d,5,2,5,2.5,d,0,14,56.939981578454784,4,0,0,68,0,0,0,4,0,0,0,0,0,0,0,16,10,14,0,0,0,0,0,0,0,28,2.2222222222222223,0.9999975286002734,0.0
86,72,1s2.2s2.2p6.3s2.3p6.3d10.4s2.4p6.4d10.4f14.5s2.5p6.5d4,5d,5,2,4,1.5,d,0,15,56.35018267060813,3,0,0,68,0,0,0,3,0,0,0,0,0,0,0,16,10,14,0,0,0,0,0,0,0,28,1.6666666666666667,0.9999975286002734,0.0
86,71,1s2.2s2.2p6.3s2.3p6.3d10.4s2.4p6.4d10.4f14.5s2.5p6.5d3,5d,5,2,3,1.5,d,0,16,55.72325445791909,2,0,0,68,0,0,0,2,0,0,0,0,0,0,0,16,10,14,0,0,0,0,0,0,0,28,1.1111111111111112,0.9999975286002734,0.0
86,70,1s2.2s2.2p6.3s2.3p6.3d10.4s2.4p6.4d10.4f14.5s2.5p6.5d2,5d,5,2,2,1.5,d,0,17,55.09632624522511,1,0,0,68,0,0,0,1,0,0,0,0,0,0,0,16,10,14,0,0,0,0,0,0,0,28,0.5555555555555556,0.9999975286002734,0.0
86,69,1s2.2s2.2p6.3s2.3p6.3d10.4s2.4p6.4d10.4f14.5s2.5p6.5d1,5d,5,2,1,1.5,d,0,18,54.50652733738305,0,0,0,68,0,0,0,0,0,0,0,0,0,0,0,16,10,14,0,0,0,0,0,0,0,28,0.0,0.9999975286002734,0.0
86,68,1s2.2s2.2p6.3s2.3p6.3d10.4s2.4p6.4d10.4f14.5s2.5p6,5p,5,1,6,1.5,p3,0,19,51.291318007282406,5,34,28,0,0,0,5,0,0,2,8,10,14,8,10,0,0,0,0,0,0,0,0,0,10,0,0.0,0.9999975286002734,0.0
86,67,1s2.2s2.2p6.3s2.3p6.3d10.4s2.4p6.4d10.4f14.5s2.5p5,5p,5,1,5,1.5,p3,0,20,50.7422457416599,4,34,28,0,0,0,4,0,0,2,8,10,14,8,10,0,0,0,0,0,0,0,0,0,10,0,-0.6000000000000001,0.9999975286002734,0.0
86,66,1s2.2s2.2p6.3s2.3p6.3d10.4s2.4p6.4d10.4f14.5s2.5p4,5p,5,1,4,1.5,p3,0,21,50.193173476032534,3,34,28,0,0,0,3,0,0,2,8,10,14,8,10,0,0,0,0,0,0,0,0,0,10,0,-1.2,0.9999975286002734,0.0
86,65,1s2.2s2.2p6.3s2.3p6.3d10.4s2.4p6.4d10.4f14.5s2.5p3,5p,5,1,3,1.5,p3,0,22,49.453854628378465,2,34,28,0,0,0,2,0,0,2,8,10,14,8,10,0,0,0,0,0,0,0,0,0,10,0,1.2,0.9999975286002734,0.0
86,64,1s2.2s2.2p6.3s2.3p6.3d10.4s2.4p6.4d10.4f14.5s2.5p2,5p,5,1,2,0.5,p1,0,23,48.904782362751156,1,34,28,0,0,0,1,0,0,2,8,10,14,8,10,0,0,0,0,0,0,0,0,0,10,0,0.6,0.9999975286002734,0.0
86,63,1s2.2s2.2p6.3s2.3p6.3d10.4s2.4p6.4d10.4f14.5s2.5p1,5p,5,1,1,0.5,p1,0,24,48.348958444362786,0,34,28,0,0,0,0,0,0,2,8,10,14,8,10,0,0,0,0,0,0,0,0,0,10,0,0.0,0.9999975286002734,0.0
86,62,1s2.2s2.2p6.3s2.3p6.3d10.4s2.4p6.4d10.4f14.5s2,5s,5,0,2,0.5,s,0,25,46.43547188585159,1,32,28,0,0,1,0,0,0,0,8,10,14,8,10,0,0,0,0,0,0,0,0,0,10,0,0.0,0.9999975286002734,0.0
86,61,1s2.2s2.2p6.3s2.3p6.3d10.4s2.4p6.4d10.4f14.5s1,5s,5,0,1,0.5,s,0,26,45.85856833278497,0,32,28,0,0,0,0,0,0,0,8,10,14,8,10,0,0,0,0,0,0,0,0,0,10,0,0.0,0.9999975286002734,0.0
86,60,1s2.2s2.2p6.3s2.3p6.3d10.4s2.4p6.4d10.4f14,4f,4,3,14,3.5,f,0,27,48.86078968565812,13,0,0,46,0,0,0,0,13,0,0,0,0,0,0,0,0,0,36,0,0,0,0,0,0,10,0.0,0.9999975286002734,0.0
86,59,1s2.2s2.2p6.3s2.3p6.3d10.4s2.4p6.4d10.4f13,4f,4,3,13,3.5,f,0,28,48.12167878028413,12,0,0,46,0,0,0,0,12,0,0,0,0,0,0,0,0,0,36,0,0,0,0,0,0,10,-0.5384615384615383,0.9999975286002734,0.0
86,58,1s2.2s2.2p6.3s2.3p6.3d10.4s2.4p6.4d10.4f12,4f,4,3,12,3.5,f,0,29,47.365159080568446,11,0,0,46,0,0,0,0,11,0,0,0,0,0,0,0,0,0,36,0,0,0,0,0,0,10,-1.0769230769230766,0.9999975286002734,0.0
86,57,1s2.2s2.2p6.3s2.3p6.3d10.4s2.4p6.4d10.4f11,4f,4,3,11,3.5,f,0,30,46.56470817701302,10,0,0,46,0,0,0,0,10,0,0,0,0,0,0,0,0,0,36,0,0,0,0,0,0,10,-1.615384615384615,0.9999975286002734,0.0
86,56,1s2.2s2.2p6.3s2.3p6.3d10.4s2.4p6.4d10.4f10,4f,4,3,10,3.5,f,0,31,45.76175948408627,9,0,0,46,0,0,0,0,9,0,0,0,0,0,0,0,0,0,36,0,0,0,0,0,0,10,-2.153846153846154,0.9999975286002734,0.0
86,55,1s2.2s2.2p6.3s2.3p6.3d10.4s2.4p6.4d10.4f9,4f,4,3,9,3.5,f,0,32,45.00482525620487,8,0,0,46,0,0,0,0,8,0,0,0,0,0,0,0,0,0,36,0,0,0,0,0,0,10,-2.6923076923076925,0.9999975286002734,0.0
86,54,1s2.2s2.2p6.3s2.3p6.3d10.4s2.4p6.4d10.4f8,4f,4,3,8,3.5,f,0,33,44.26571435083406,7,0,0,46,0,0,0,0,7,0,0,0,0,0,0,0,0,0,36,0,0,0,0,0,0,10,-3.230769230769231,0.9999975286002734,0.0
86,53,1s2.2s2.2p6.3s2.3p6.3d10.4s2.4p6.4d10.4f7,4f,4,3,7,3.5,f,0,34,43.235453992296016,6,0,0,46,0,0,0,0,6,0,0,0,0,0,0,0,0,0,36,0,0,0,0,0,0,10,3.230769230769231,0.9999975286002734,0.0
86,52,1s2.2s2.2p6.3s2.3p6.3d10.4s2.4p6.4d10.4f6,4f,4,3,6,2.5,f,0,35,42.49634308692566,5,0,0,46,0,0,0,0,5,0,0,0,0,0,0,0,0,0,36,0,0,0,0,0,0,10,2.6923076923076925,0.9999975286002734,0.0
86,51,1s2.2s2.2p6.3s2.3p6.3d10.4s2.4p6.4d10.4f5,4f,4,3,5,2.5,f,0,36,41.739408859043806,4,0,0,46,0,0,0,0,4,0,0,0,0,0,0,0,0,0,36,0,0,0,0,0,0,10,2.1538461538461537,0.9999975286002734,0.0
86,50,1s2.2s2.2p6.3s2.3p6.3d10.4s2.4p6.4d10.4f4,4f,4,3,4,2.5,f,0,37,40.937916324885464,3,0,0,46,0,0,0,0,3,0,0,0,0,0,0,0,0,0,36,0,0,0,0,0,0,10,1.6153846153846154,0.9999975286002734,0.0
86,49,1s2.2s2.2p6.3s2.3p6.3d10.4s2.4p6.4d10.4f3,4f,4,3,3,2.5,f,0,38,40.136423790726894,2,0,0,46,0,0,0,0,2,0,0,0,0,0,0,0,0,0,36,0,0,0,0,0,0,10,1.0769230769230769,0.9999975286002734,0.0
86,48,1s2.2s2.2p6.3s2.3p6.3d10.4s2.4p6.4d10.4f2,4f,4,3,2,2.5,f,0,39,39.37948956284549,1,0,0,46,0,0,0,0,1,0,0,0,0,0,0,0,0,0,36,0,0,0,0,0,0,10,0.5384615384615384,0.9999975286002734,0.0
86,47,1s2.2s2.2p6.3s2.3p6.3d10.4s2.4p6.4d10.4f1,4f,4,3,1,2.5,f,0,40,38.640378657474685,0,0,0,46,0,0,0,0,0,0,0,0,0,0,0,0,0,0,36,0,0,0,0,0,0,10,0.0,0.9999975286002734,0.0
86,46,1s2.2s2.2p6.3s2.3p6.3d10.4s2.4p6.4d10,4d,4,2,10,2.5,d,0,41,35.18427854681272,9,0,0,36,0,0,0,9,0,0,0,0,0,0,0,16,10,0,0,0,0,0,0,0,0,10,0.0,0.9999975286002734,0.0
86,45,1s2.2s2.2p6.3s2.3p6.3d10.4s2.4p6.4d9,4d,4,2,9,2.5,d,0,42,34.56268954011648,8,0,0,36,0,0,0,8,0,0,0,0,0,0,0,16,10,0,0,0,0,0,0,0,0,10,-0.5555555555555554,0.9999975286002734,0.0
86,44,1s2.2s2.2p6.3s2.3p6.3d10.4s2.4p6.4d8,4d,4,2,8,2.5,d,0,43,33.90183225775024,7,0,0,36,0,0,0,7,0,0,0,0,0,0,0,16,10,0,0,0,0,0,0,0,0,10,-1.1111111111111112,0.9999975286002734,0.0
86,43,1s2.2s2.2p6.3s2.3p6.3d10.4s2.4p6.4d7,4d,4,2,7,2.5,d,0,44,33.24097497538423,6,0,0,36,0,0,0,6,0,0,0,0,0,0,0,16,10,0,0,0,0,0,0,0,0,10,-1.6666666666666665,0.9999975286002734,0.0
86,42,1s2.2s2.2p6.3s2.3p6.3d10.4s2.4p6.4d6,4d,4,2,6,2.5,d,0,45,32.619385968687766,5,0,0,36,0,0,0,5,0,0,0,0,0,0,0,16,10,0,0,0,0,0,0,0,0,10,-2.2222222222222223,0.9999975286002734,0.0
86,41,1s2.2s2.2p6.3s2.3p6.3d10.4s2.4p6.4d5,4d,4,2,5,2.5,d,0,46,31.77042966985971,4,0,0,36,0,0,0,4,0,0,0,0,0,0,0,16,10,0,0,0,0,0,0,0,0,10,2.2222222222222223,0.9999975286002734,0.0
86,40,1s2.2s2.2p6.3s2.3p6.3d10.4s2.4p6.4d4,4d,4,2,4,1.5,d,0,47,31.14884066316324,3,0,0,36,0,0,0,3,0,0,0,0,0,0,0,16,10,0,0,0,0,0,0,0,0,10,1.6666666666666667,0.9999975286002734,0.0
86,39,1s2.2s2.2p6.3s2.3p6.3d10.4s2.4p6.4d3,4d,4,2,3,1.5,d,0,48,30.487983380797118,2,0,0,36,0,0,0,2,0,0,0,0,0,0,0,16,10,0,0,0,0,0,0,0,0,10,1.1111111111111112,0.9999975286002734,0.0
86,38,1s2.2s2.2p6.3s2.3p6.3d10.4s2.4p6.4d2,4d,4,2,2,1.5,d,0,49,29.82712609843111,1,0,0,36,0,0,0,1,0,0,0,0,0,0,0,16,10,0,0,0,0,0,0,0,0,10,0.5555555555555556,0.9999975286002734,0.0
86,37,1s2.2s2.2p6.3s2.3p6.3d10.4s2.4p6.4d1,4d,4,2,1,1.5,d,0,50,29.20553709173464,0,0,0,36,0,0,0,0,0,0,0,0,0,0,0,16,10,0,0,0,0,0,0,0,0,10,0.0,0.9999975286002734,0.0
86,36,1s2.2s2.2p6.3s2.3p6.3d10.4s2.4p6,4p,4,1,6,1.5,p3,0,51,26.676544772007787,5,20,10,0,0,0,5,0,0,2,8,10,0,8,0,0,0,0,0,0,0,0,0,0,2,0,0.0,0.9999975286002734,0.0
86,35,1s2.2s2.2p6.3s2.3p6.3d10.4s2.4p5,4p,4,1,5,1.5,p3,0,52,26.117340670445287,4,20,10,0,0,0,4,0,0,2,8,10,0,8,0,0,0,0,0,0,0,0,0,0,2,0,-0.6000000000000001,0.9999975286002734,0.0
86,34,1s2.2s2.2p6.3s2.3p6.3d10.4s2.4p4,4p,4,1,4,1.5,p3,0,53,25.558136568882787,3,20,10,0,0,0,3,0,0,2,8,10,0,8,0,0,0,0,0,0,0,0,0,0,2,0,-1.2,0.9999975286002734,0.0
86,33,1s2.2s2.2p6.3s2.3p6.3d10.4s2.4p3,4p,4,1,3,1.5,p3,0,54,24.807678805211026,2,20,10,0,0,0,2,0,0,2,8,10,0,8,0,0,0,0,0,0,0,0,0,0,2,0,1.2,0.9999975286002734,0.0
86,32,1s2.2s2.2p6.3s2.3p6.3d10.4s2.4p2,4p,4,1,2,0.5,p1,0,55,24.24270156046225,1,20,10,0,0,0,1,0,0,2,8,10,0,8,0,0,0,0,0,0,0,0,0,0,2,0,0.6,0.9999975286002734,0.0
86,31,1s2.2s2.2p6.3s2.3p6.3d10.4s2.4p1,4p,4,1,1,0.5,p1,0,56,23.681451647104154,0,20,10,0,0,0,0,0,0,2,8,10,0,8,0,0,0,0,0,0,0,0,0,0,2,0,0.0,0.9999975286002734,0.0
86,30,1s2.2s2.2p6.3s2.3p6.3d10.4s2,4s,4,0,2,0.5,s,0,57,22.126593730819764,1,18,10,0,0,1,0,0,0,0,8,10,0,8,0,0,0,0,0,0,0,0,0,0,2,0,0.0,0.9999975286002734,0.0
86,29,1s2.2s2.2p6.3s2.3p6.3d10.4s1,4s,4,0,1,0.5,s,0,58,21.554071296483926,0,18,10,0,0,0,0,0,0,0,8,10,0,8,0,0,0,0,0,0,0,0,0,0,2,0,0.0,0.9999975286002734,0.0
86,28,1s2.2s2.2p6.3s2.3p6.3d10,3d,3,2,10,2.5,d,0,59,21.379455336979806,9,0,0,18,0,0,0,9,0,0,0,0,0,0,0,16,0,0,0,0,0,0,0,0,0,2,0.0,0.9999975286002734,0.0
86,27,1s2.2s2.2p6.3s2.3p6.3d9,3d,3,2,9,2.5,d,0,60,20.677223194122995,8,0,0,18,0,0,0,8,0,0,0,0,0,0,0,16,0,0,0,0,0,0,0,0,0,2,-0.5555555555555554,0.9999975286002734,0.0
86,26,1s2.2s2.2p6.3s2.3p6.3d8,3d,3,2,8,2.5,d,0,61,19.92856167011884,7,0,0,18,0,0,0,7,0,0,0,0,0,0,0,16,0,0,0,0,0,0,0,0,0,2,-1.1111111111111112,0.9999975286002734,0.0
86,25,1s2.2s2.2p6.3s2.3p6.3d7,3d,3,2,7,2.5,d,0,62,19.180019458485546,6,0,0,18,0,0,0,6,0,0,0,0,0,0,0,16,0,0,0,0,0,0,0,0,0,2,-1.6666666666666665,0.9999975286002734,0.0
86,24,1s2.2s2.2p6.3s2.3p6.3d6,3d,3,2,6,2.5,d,0,63,18.477999944610033,5,0,0,18,0,0,0,5,0,0,0,0,0,0,0,16,0,0,0,0,0,0,0,0,0,2,-2.2222222222222223,0.9999975286002734,0.0
86,23,1s2.2s2.2p6.3s2.3p6.3d5,3d,3,2,5,2.5,d,0,64,17.516342790782076,4,0,0,18,0,0,0,4,0,0,0,0,0,0,0,16,0,0,0,0,0,0,0,0,0,2,2.2222222222222223,0.9999975286002734,0.0
86,22,1s2.2s2.2p6.3s2.3p6.3d4,3d,3,2,4,1.5,d,0,65,16.81369270190474,3,0,0,18,0,0,0,3,0,0,0,0,0,0,0,16,0,0,0,0,0,0,0,0,0,2,1.6666666666666667,0.9999975286002734,0.0
86,21,1s2.2s2.2p6.3s2.3p6.3d3,3d,3,2,3,1.5,d,0,66,16.06581898178117,2,0,0,18,0,0,0,2,0,0,0,0,0,0,0,16,0,0,0,0,0,0,0,0,0,2,1.1111111111111112,0.9999975286002734,0.0
86,20,1s2.2s2.2p6.3s2.3p6.3d2,3d,3,2,2,1.5,d,0,67,15.318236242385085,1,0,0,18,0,0,0,1,0,0,0,0,0,0,0,16,0,0,0,0,0,0,0,0,0,2,0.5555555555555556,0.9999975286002734,0.0
86,19,1s2.2s2.2p6.3s2.3p6.3d1,3d,3,2,1,1.5,d,0,68,14.615753461451872,0,0,0,18,0,0,0,0,0,0,0,0,0,0,0,16,0,0,0,0,0,0,0,0,0,2,0.0,0.9999975286002734,0.0
86,18,1s2.2s2.2p6.3s2.3p6,3p,3,1,6,1.5,p3,0,69,12.667818264554036,5,10,2,0,0,0,5,0,0,2,8,0,0,2,0,0,0,0,0,0,0,0,0,0,0,0,0.0,0.9999975286002734,0.0
86,17,1s2.2s2.2p6.3s2.3p5,3p,3,1,5,1.5,p3,0,70,12.08347223011717,4,10,2,0,0,0,4,0,0,2,8,0,0,2,0,0,0,0,0,0,0,0,0,0,0,0,-0.6000000000000001,0.9999975286002734,0.0
86,16,1s2.2s2.2p6.3s2.3p4,3p,3,1,4,1.5,p3,0,71,11.49928244974415,3,10,2,0,0,0,3,0,0,2,8,0,0,2,0,0,0,0,0,0,0,0,0,0,0,0,-1.2,0.9999975286002734,0.0
86,15,1s2.2s2.2p6.3s2.3p3,3p,3,1,3,1.5,p3,0,72,10.730818199117742,2,10,2,0,0,0,2,0,0,2,8,0,0,2,0,0,0,0,0,0,0,0,0,0,0,0,1.2,0.9999975286002734,0.0
86,14,1s2.2s2.2p6.3s2.3p2,3p,3,1,2,0.5,p1,0,73,10.145247180423096,1,10,2,0,0,0,1,0,0,2,8,0,0,2,0,0,0,0,0,0,0,0,0,0,0,0,0.6,0.9999975286002734,0.0
86,13,1s2.2s2.2p6.3s2.3p1,3p,3,1,1,0.5,p1,0,74,9.559774441642945,0,10,2,0,0,0,0,0,0,2,8,0,0,2,0,0,0,0,0,0,0,0,0,0,0,0,0.0,0.9999975286002734,0.0
86,12,1s2.2s2.2p6.3s2,3s,3,0,2,0.5,s,0,75,8.35113401342552,1,8,2,0,0,1,0,0,0,0,8,0,0,2,0,0,0,0,0,0,0,0,0,0,0,0,0.0,0.9999975286002734,0.0
86,11,1s2.2s2.2p6.3s1,3s,3,0,1,0.5,s,0,76,7.7856408855844075,0,8,2,0,0,0,0,0,0,0,8,0,0,2,0,0,0,0,0,0,0,0,0,0,0,0,0.0,0.9999975286002734,0.0
86,10,1s2.2s2.2p6,2p,2,1,6,1.5,p3,0,77,6.545979557232126,5,4,0,0,0,0,5,0,0,2,2,0,0,0,0,0,0,0,0,0,0,0,0,0,0,0,0.0,0.9999975286002734,0.0
86,9,1s2.2s2.2p5,2p,2,1,5,1.5,p3,0,78,5.88972955723213,4,4,0,0,0,0,4,0,0,2,2,0,0,0,0,0,0,0,0,0,0,0,0,0,0,0,-0.6000000000000001,0.9999975286002734,0.0
86,8,1s2.2s2.2p4,2p,2,1,4,1.5,p3,0,79,5.233479557232133,3,4,0,0,0,0,3,0,0,2,2,0,0,0,0,0,0,0,0,0,0,0,0,0,0,0,-1.2,0.9999975286002734,0.0
86,7,1s2.2s2.2p3,2p,2,1,3,1.5,p3,0,80,4.378670782625834,2,4,0,0,0,0,2,0,0,2,2,0,0,0,0,0,0,0,0,0,0,0,0,0,0,0,1.2,0.9999975286002734,0.0
86,6,1s2.2s2.2p2,2p,2,1,2,0.5,p1,0,81,3.7253535771907345,1,4,0,0,0,0,1,0,0,2,2,0,0,0,0,0,0,0,0,0,0,0,0,0,0,0,0.6,0.9999975286002734,0.0
86,5,1s2.2s2.2p1,2p,2,1,1,0.5,p1,0,82,3.0730091792350134,0,4,0,0,0,0,0,0,0,2,2,0,0,0,0,0,0,0,0,0,0,0,0,0,0,0,0.0,0.9999975286002734,0.0
86,4,1s2.2s2,2s,2,0,2,0.5,s,0,83,2.145875983124917,1,2,0,0,0,1,0,0,0,0,2,0,0,0,0,0,0,0,0,0,0,0,0,0,0,0,0.0,0.9999975286002734,56.30187280018919
86,3,1s2.2s1,2s,2,0,1,0.5,s,0,84,1.5912208504801093,0,2,0,0,0,0,0,0,0,0,2,0,0,0,0,0,0,0,0,0,0,0,0,0,0,0,0.0,0.9999975286002734,56.30187280018919
86,2,1s2,1s,1,0,2,0.5,s,0,85,0.625,1,0,0,0,0,1,0,0,0,0,0,0,0,0,0,0,0,0,0,0,0,0,0,0,0,0,0.0,0.9999975286002734,312.1033446202995
86,1,1s1,1s,1,0,1,0.5,s,0,86,0.0,0,0,0,0,0,0,0,0,0,0,0,0,0,0,0,0,0,0,0,0,0,0,0,0,0,0,0.0,0.9999975286002734,312.1033446202995
87,87,1s2.2s2.2p6.3s2.3p6.3d10.4s2.4p6.4d10.4f14.5s2.5p6.5d10.6s2.6p6.7s1,7s,7,0,1,0.5,s,0,1,68.6593558444854,0,8,78,0,0,0,0,0,0,0,8,0,0,8,10,0,0,0,0,0,0,0,0,0,60,0,0.0,0.9999975397030422,0.0
87,86,1s2.2s2.2p6.3s2.3p6.3d10.4s2.4p6.4d10.4f14.5s2.5p6.5d10.6s2.6p6,6p,6,1,6,1.5,p3,0,2,66.08845925691442,5,20,60,0,0,0,5,0,0,2,8,10,0,8,24,0,0,0,0,0,0,0,0,0,28,0,0.0,0.9999975397030422,0.0
87,85,1s2.2s2.2p6.3s2.3p6.3d10.4s2.4p6.4d10.4f14.5s2.5p6.5d10.6s2.6p5,6p,6,1,5,1.5,p3,0,3,65.54478478791641,4,20,60,0,0,0,4,0,0,2,8,10,0,8,24,0,0,0,0,0,0,0,0,0,28,0,-0.6000000000000001,0.9999975397030422,0.0
87,84,1s2.2s2.2p6.3s2.3p6.3d10.4s2.4p6.4d10.4f14.5s2.5p6.5d10.6s2.6p4,6p,6,1,4,1.5,p3,0,4,65.00111031892263,3,20,60,0,0,0,3,0,0,2,8,10,0,8,24,0,0,0,0,0,0,0,0,0,28,0,-1.2,0.9999975397030422,0.0
87,83,1s2.2s2.2p6.3s2.3p6.3d10.4s2.4p6.4d10.4f14.5s2.5p6.5d10.6s2.6p3,6p,6,1,3,1.5,p3,0,5,64.26762509706408,2,20,60,0,0,0,2,0,0,2,8,10,0,8,24,0,0,0,0,0,0,0,0,0,28,0,1.2,0.9999975397030422,0.0
87,82,1s2.2s2.2p6.3s2.3p6.3d10.4s2.4p6.4d10.4f14.5s2.5p6.5d10.6s2.6p2,6p,6,1,2,0.5,p1,0,6,63.72395062806516,1,20,60,0,0,0,1,0,0,2,8,10,0,8,24,0,0,0,0,0,0,0,0,0,28,0,0.6,0.9999975397030422,0.0
87,81,1s2.2s2.2p6.3s2.3p6.3d10.4s2.4p6.4d10.4f14.5s2.5p6.5d10.6s2.6p1,6p,6,1,1,0.5,p1,0,7,63.18027615907542,0,20,60,0,0,0,0,0,0,2,8,10,0,8,24,0,0,0,0,0,0,0,0,0,28,0,0.0,0.9999975397030422,0.0
87,80,1s2.2s2.2p6.3s2.3p6.3d10.4s2.4p6.4d10.4f14.5s2.5p6.5d10.6s2,6s,6,0,2,0.5,s,0,8,61.277186621795714,1,18,60,0,0,1,0,0,0,0,8,10,0,8,24,0,0,0,0,0,0,0,0,0,28,0,0.0,0.9999975397030422,0.0
87,79,1s2.2s2.2p6.3s2.3p6.3d10.4s2.4p6.4d10.4f14.5s2.5p6.5d10.6s1,6s,6,0,1,0.5,s,0,9,60.68175720132819,0,18,60,0,0,0,0,0,0,0,8,10,0,8,24,0,0,0,0,0,0,0,0,0,28,0,0.0,0.9999975397030422,0.0
87,78,1s2.2s2.2p6.3s2.3p6.3d10.4s2.4p6.4d10.4f14.5s2.5p6.5d10,5d,5,2,10,2.5,d,0,10,60.18161976204584,9,0,0,68,0,0,0,9,0,0,0,0,0,0,0,16,10,14,0,0,0,0,0,0,0,28,0.0,0.9999975397030422,0.0
87,77,1s2.2s2.2p6.3s2.3p6.3d10.4s2.4p6.4d10.4f14.5s2.5p6.5d9,5d,5,2,9,2.5,d,0,11,59.591820854204364,8,0,0,68,0,0,0,8,0,0,0,0,0,0,0,16,10,14,0,0,0,0,0,0,0,28,-0.5555555555555554,0.9999975397030422,0.0
87,76,1s2.2s2.2p6.3s2.3p6.3d10.4s2.4p6.4d10.4f14.5s2.5p6.5d8,5d,5,2,8,2.5,d,0,12,58.964892641510204,7,0,0,68,0,0,0,7,0,0,0,0,0,0,0,16,10,14,0,0,0,0,0,0,0,28,-1.1111111111111112,0.9999975397030422,0.0
87,75,1s2.2s2.2p6.3s2.3p6.3d10.4s2.4p6.4d10.4f14.5s2.5p6.5d7,5d,5,2,7,2.5,d,0,13,58.33796442882129,6,0,0,68,0,0,0,6,0,0,0,0,0,0,0,16,10,14,0,0,0,0,0,0,0,28,-1.6666666666666665,0.9999975397030422,0.0
87,74,1s2.2s2.2p6.3s2.3p6.3d10.4s2.4p6.4d10.4f14.5s2.5p6.5d6,5d,5,2,6,2.5,d,0,14,57.74816552097457,5,0,0,68,0,0,0,5,0,0,0,0,0,0,0,16,10,14,0,0,0,0,0,0,0,28,-2.2222222222222223,0.9999975397030422,0.0
87,73,1s2.2s2.2p6.3s2.3p6.3d10.4s2.4p6.4d10.4f14.5s2.5p6.5d5,5d,5,2,5,2.5,d,0,15,56.939981578454784,4,0,0,68,0,0,0,4,0,0,0,0,0,0,0,16,10,14,0,0,0,0,0,0,0,28,2.2222222222222223,0.9999975397030422,0.0
87,72,1s2.2s2.2p6.3s2.3p6.3d10.4s2.4p6.4d10.4f14.5s2.5p6.5d4,5d,5,2,4,1.5,d,0,16,56.35018267060813,3,0,0,68,0,0,0,3,0,0,0,0,0,0,0,16,10,14,0,0,0,0,0,0,0,28,1.6666666666666667,0.9999975397030422,0.0
87,71,1s2.2s2.2p6.3s2.3p6.3d10.4s2.4p6.4d10.4f14.5s2.5p6.5d3,5d,5,2,3,1.5,d,0,17,55.72325445791909,2,0,0,68,0,0,0,2,0,0,0,0,0,0,0,16,10,14,0,0,0,0,0,0,0,28,1.1111111111111112,0.9999975397030422,0.0
87,70,1s2.2s2.2p6.3s2.3p6.3d10.4s2.4p6.4d10.4f14.5s2.5p6.5d2,5d,5,2,2,1.5,d,0,18,55.09632624522511,1,0,0,68,0,0,0,1,0,0,0,0,0,0,0,16,10,14,0,0,0,0,0,0,0,28,0.5555555555555556,0.9999975397030422,0.0
87,69,1s2.2s2.2p6.3s2.3p6.3d10.4s2.4p6.4d10.4f14.5s2.5p6.5d1,5d,5,2,1,1.5,d,0,19,54.50652733738305,0,0,0,68,0,0,0,0,0,0,0,0,0,0,0,16,10,14,0,0,0,0,0,0,0,28,0.0,0.9999975397030422,0.0
87,68,1s2.2s2.2p6.3s2.3p6.3d10.4s2.4p6.4d10.4f14.5s2.5p6,5p,5,1,6,1.5,p3,0,20,51.291318007282406,5,34,28,0,0,0,5,0,0,2,8,10,14,8,10,0,0,0,0,0,0,0,0,0,10,0,0.0,0.9999975397030422,0.0
87,67,1s2.2s2.2p6.3s2.3p6.3d10.4s2.4p6.4d10.4f14.5s2.5p5,5p,5,1,5,1.5,p3,0,21,50.7422457416599,4,34,28,0,0,0,4,0,0,2,8,10,14,8,10,0,0,0,0,0,0,0,0,0,10,0,-0.6000000000000001,0.9999975397030422,0.0
87,66,1s2.2s2.2p6.3s2.3p6.3d10.4s2.4p6.4d10.4f14.5s2.5p4,5p,5,1,4,1.5,p3,0,22,50.193173476032534,3,34,28,0,0,0,3,0,0,2,8,10,14,8,10,0,0,0,0,0,0,0,0,0,10,0,-1.2,0.9999975397030422,0.0
87,65,1s2.2s2.2p6.3s2.3p6.3d10.4s2.4p6.4d10.4f14.5s2.5p3,5p,5,1,3,1.5,p3,0,23,49.453854628378465,2,34,28,0,0,0,2,0,0,2,8,10,14,8,10,0,0,0,0,0,0,0,0,0,10,0,1.2,0.9999975397030422,0.0
87,64,1s2.2s2.2p6.3s2.3p6.3d10.4s2.4p6.4d10.4f14.5s2.5p2,5p,5,1,2,0.5,p1,0,24,48.904782362751156,1,34,28,0,0,0,1,0,0,2,8,10,14,8,10,0,0,0,0,0,0,0,0,0,10,0,0.6,0.9999975397030422,0.0
87,63,1s2.2s2.2p6.3s2.3p6.3d10.4s2.4p6.4d10.4f14.5s2.5p1,5p,5,1,1,0.5,p1,0,25,48.348958444362786,0,34,28,0,0,0,0,0,0,2,8,10,14,8,10,0,0,0,0,0,0,0,0,0,10,0,0.0,0.9999975397030422,0.0
87,62,1s2.2s2.2p6.3s2.3p6.3d10.4s2.4p6.4d10.4f14.5s2,5s,5,0,2,0.5,s,0,26,46.43547188585159,1,32,28,0,0,1,0,0,0,0,8,10,14,8,10,0,0,0,0,0,0,0,0,0,10,0,0.0,0.9999975397030422,0.0
87,61,1s2.2s2.2p6.3s2.3p6.3d10.4s2.4p6.4d10.4f14.5s1,5s,5,0,1,0.5,s,0,27,45.85856833278497,0,32,28,0,0,0,0,0,0,0,8,10,14,8,10,0,0,0,0,0,0,0,0,0,10,0,0.0,0.9999975397030422,0.0
87,60,1s2.2s2.2p6.3s2.3p6.3d10.4s2.4p6.4d10.4f14,4f,4,3,14,3.5,f,0,28,48.86078968565812,13,0,0,46,0,0,0,0,13,0,0,0,0,0,0,0,0,0,36,0,0,0,0,0,0,10,0.0,0.9999975397030422,0.0
87,59,1s2.2s2.2p6.3s2.3p6.3d10.4s2.4p6.4d10.4f13,4f,4,3,13,3.5,f,0,29,48.12167878028413,12,0,0,46,0,0,0,0,12,0,0,0,0,0,0,0,0,0,36,0,0,0,0,0,0,10,-0.5384615384615383,0.9999975397030422,0.0
87,58,1s2.2s2.2p6.3s2.3p6.3d10.4s2.4p6.4d10.4f12,4f,4,3,12,3.5,f,0,30,47.365159080568446,11,0,0,46,0,0,0,0,11,0,0,0,0,0,0,0,0,0,36,0,0,0,0,0,0,10,-1.0769230769230766,0.9999975397030422,0.0
87,57,1s2.2s2.2p6.3s2.3p6.3d10.4s2.4p6.4d10.4f11,4f,4,3,11,3.5,f,0,31,46.56470817701302,10,0,0,46,0,0,0,0,10,0,0,0,0,0,0,0,0,0,36,0,0,0,0,0,0,10,-1.615384615384615,0.9999975397030422,0.0
87,56,1s2.2s2.2p6.3s2.3p6.3d10.4s2.4p6.4d10.4f10,4f,4,3,10,3.5,f,0,32,45.76175948408627,9,0,0,46,0,0,0,0,9,0,0,0,0,0,0,0,0,0,36,0,0,0,0,0,0,10,-2.153846153846154,0.9999975397030422,0.0
87,55,1s2.2s2.2p6.3s2.3p6.3d10.4s2.4p6.4d10.4f9,4f,4,3,9,3.5,f,0,33,45.00482525620487,8,0,0,46,0,0,0,0,8,0,0,0,0,0,0,0,0,0,36,0,0,0,0,0,0,10,-2.6923076923076925,0.9999975397030422,0.0
87,54,1s2.2s2.2p6.3s2.3p6.3d10.4s2.4p6.4d10.4f8,4f,4,3,8,3.5,f,0,34,44.26571435083406,7,0,0,46,0,0,0,0,7,0,0,0,0,0,0,0,0,0,36,0,0,0,0,0,0,10,-3.230769230769231,0.9999975397030422,0.0
87,53,1s2.2s2.2p6.3s2.3p6.3d10.4s2.4p6.4d10.4f7,4f,4,3,7,3.5,f,0,35,43.235453992296016,6,0,0,46,0,0,0,0,6,0,0,0,0,0,0,0,0,0,36,0,0,0,0,0,0,10,3.230769230769231,0.9999975397030422,0.0
87,52,1s2.2s2.2p6.3s2.3p6.3d10.4s2.4p6.4d10.4f6,4f,4,3,6,2.5,f,0,36,42.49634308692566,5,0,0,46,0,0,0,0,5,0,0,0,0,0,0,0,0,0,36,0,0,0,0,0,0,10,2.6923076923076925,0.9999975397030422,0.0
87,51,1s2.2s2.2p6.3s2.3p6.3d10.4s2.4p6.4d10.4f5,4f,4,3,5,2.5,f,0,37,41.739408859043806,4,0,0,46,0,0,0,0,4,0,0,0,0,0,0,0,0,0,36,0,0,0,0,0,0,10,2.1538461538461537,0.9999975397030422,0.0
87,50,1s2.2s2.2p6.3s2.3p6.3d10.4s2.4p6.4d10.4f4,4f,4,3,4,2.5,f,0,38,40.937916324885464,3,0,0,46,0,0,0,0,3,0,0,0,0,0,0,0,0,0,36,0,0,0,0,0,0,10,1.6153846153846154,0.9999975397030422,0.0
87,49,1s2.2s2.2p6.3s2.3p6.3d10.4s2.4p6.4d10.4f3,4f,4,3,3,2.5,f,0,39,40.136423790726894,2,0,0,46,0,0,0,0,2,0,0,0,0,0,0,0,0,0,36,0,0,0,0,0,0,10,1.0769230769230769,0.9999975397030422,0.0
87,48,1s2.2s2.2p6.3s2.3p6.3d10.4s2.4p6.4d10.4f2,4f,4,3,2,2.5,f,0,40,39.37948956284549,1,0,0,46,0,0,0,0,1,0,0,0,0,0,0,0,0,0,36,0,0,0,0,0,0,10,0.5384615384615384,0.9999975397030422,0.0
87,47,1s2.2s2.2p6.3s2.3p6.3d10.4s2.4p6.4d10.4f1,4f,4,3,1,2.5,f,0,41,38.640378657474685,0,0,0,46,0,0,0,0,0,0,0,0,0,0,0,0,0,0,36,0,0,0,0,0,0,10,0.0,0.9999975397030422,0.0
87,46,1s2.2s2.2p6.3s2.3p6.3d10.4s2.4p6.4d10,4d,4,2,10,2.5,d,0,42,35.18427854681272,9,0,0,36,0,0,0,9,0,0,0,0,0,0,0,16,10,0,0,0,0,0,0,0,0,10,0.0,0.9999975397030422,0.0
87,45,1s2.2s2.2p6.3s2.3p6.3d10.4s2.4p6.4d9,4d,4,2,9,2.5,d,0,43,34.56268954011648,8,0,0,36,0,0,0,8,0,0,0,0,0,0,0,16,10,0,0,0,0,0,0,0,0,10,-0.5555555555555554,0.9999975397030422,0.0
87,44,1s2.2s2.2p6.3s2.3p6.3d10.4s2.4p6.4d8,4d,4,2,8,2.5,d,0,44,33.90183225775024,7,0,0,36,0,0,0,7,0,0,0,0,0,0,0,16,10,0,0,0,0,0,0,0,0,10,-1.1111111111111112,0.9999975397030422,0.0
87,43,1s2.2s2.2p6.3s2.3p6.3d10.4s2.4p6.4d7,4d,4,2,7,2.5,d,0,45,33.24097497538423,6,0,0,36,0,0,0,6,0,0,0,0,0,0,0,16,10,0,0,0,0,0,0,0,0,10,-1.6666666666666665,0.9999975397030422,0.0
87,42,1s2.2s2.2p6.3s2.3p6.3d10.4s2.4p6.4d6,4d,4,2,6,2.5,d,0,46,32.619385968687766,5,0,0,36,0,0,0,5,0,0,0,0,0,0,0,16,10,0,0,0,0,0,0,0,0,10,-2.2222222222222223,0.9999975397030422,0.0
87,41,1s2.2s2.2p6.3s2.3p6.3d10.4s2.4p6.4d5,4d,4,2,5,2.5,d,0,47,31.77042966985971,4,0,0,36,0,0,0,4,0,0,0,0,0,0,0,16,10,0,0,0,0,0,0,0,0,10,2.2222222222222223,0.9999975397030422,0.0
87,40,1s2.2s2.2p6.3s2.3p6.3d10.4s2.4p6.4d4,4d,4,2,4,1.5,d,0,48,31.14884066316324,3,0,0,36,0,0,0,3,0,0,0,0,0,0,0,16,10,0,0,0,0,0,0,0,0,10,1.6666666666666667,0.9999975397030422,0.0
87,39,1s2.2s2.2p6.3s2.3p6.3d10.4s2.4p6.4d3,4d,4,2,3,1.5,d,0,49,30.487983380797118,2,0,0,36,0,0,0,2,0,0,0,0,0,0,0,16,10,0,0,0,0,0,0,0,0,10,1.1111111111111112,0.9999975397030422,0.0
87,38,1s2.2s2.2p6.3s2.3p6.3d10.4s2.4p6.4d2,4d,4,2,2,1.5,d,0,50,29.82712609843111,1,0,0,36,0,0,0,1,0,0,0,0,0,0,0,16,10,0,0,0,0,0,0,0,0,10,0.5555555555555556,0.9999975397030422,0.0
87,37,1s2.2s2.2p6.3s2.3p6.3d10.4s2.4p6.4d1,4d,4,2,1,1.5,d,0,51,29.20553709173464,0,0,0,36,0,0,0,0,0,0,0,0,0,0,0,16,10,0,0,0,0,0,0,0,0,10,0.0,0.9999975397030422,0.0
87,36,1s2.2s2.2p6.3s2.3p6.3d10.4s2.4p6,4p,4,1,6,1.5,p3,0,52,26.676544772007787,5,20,10,0,0,0,5,0,0,2,8,10,0,8,0,0,0,0,0,0,0,0,0,0,2,0,0.0,0.9999975397030422,0.0
87,35,1s2.2s2.2p6.3s2.3p6.3d10.4s2.4p5,4p,4,1,5,1.5,p3,0,53,26.117340670445287,4,20,10,0,0,0,4,0,0,2,8,10,0,8,0,0,0,0,0,0,0,0,0,0,2,0,-0.6000000000000001,0.9999975397030422,0.0
87,34,1s2.2s2.2p6.3s2.3p6.3d10.4s2.4p4,4p,4,1,4,1.5,p3,0,54,25.558136568882787,3,20,10,0,0,0,3,0,0,2,8,10,0,8,0,0,0,0,0,0,0,0,0,0,2,0,-1.2,0.9999975397030422,0.0
87,33,1s2.2s2.2p6.3s2.3p6.3d10.4s2.4p3,4p,4,1,3,1.5,p3,0,55,24.807678805211026,2,20,10,0,0,0,2,0,0,2,8,10,0,8,0,0,0,0,0,0,0,0,0,0,2,0,1.2,0.9999975397030422,0.0
87,32,1s2.2s2.2p6.3s2.3p6.3d10.4s2.4p2,4p,4,1,2,0.5,p1,0,56,24.24270156046225,1,20,10,0,0,0,1,0,0,2,8,10,0,8,0,0,0,0,0,0,0,0,0,0,2,0,0.6,0.9999975397030422,0.0
87,31,1s2.2s2.2p6.3s2.3p6.3d10.4s2.4p1,4p,4,1,1,0.5,p1,0,57,23.681451647104154,0,20,10,0,0,0,0,0,0,2,8,10,0,8,0,0,0,0,0,0,0,0,0,0,2,0,0.0,0.9999975397030422,0.0
87,30,1s2.2s2.2p6.3s2.3p6.3d10.4s2,4s,4,0,2,0.5,s,0,58,22.126593730819764,1,18,10,0,0,1,0,0,0,0,8,10,0,8,0,0,0,0,0,0,0,0,0,0,2,0,0.0,0.9999975397030422,0.0
87,29,1s2.2s2.2p6.3s2.3p6.3d10.4s1,4s,4,0,1,0.5,s,0,59,21.554071296483926,0,18,10,0,0,0,0,0,0,0,8,10,0,8,0,0,0,0,0,0,0,0,0,0,2,0,0.0,0.9999975397030422,0.0
87,28,1s2.2s2.2p6.3s2.3p6.3d10,3d,3,2,10,2.5,d,0,60,21.379455336979806,9,0,0,18,0,0,0,9,0,0,0,0,0,0,0,16,0,0,0,0,0,0,0,0,0,2,0.0,0.9999975397030422,0.0
87,27,1s2.2s2.2p6.3s2.3p6.3d9,3d,3,2,9,2.5,d,0,61,20.677223194122995,8,0,0,18,0,0,0,8,0,0,0,0,0,0,0,16,0,0,0,0,0,0,0,0,0,2,-0.5555555555555554,0.9999975397030422,0.0
87,26,1s2.2s2.2p6.3s2.3p6.3d8,3d,3,2,8,2.5,d,0,62,19.92856167011884,7,0,0,18,0,0,0,7,0,0,0,0,0,0,0,16,0,0,0,0,0,0,0,0,0,2,-1.1111111111111112,0.9999975397030422,0.0
87,25,1s2.2s2.2p6.3s2.3p6.3d7,3d,3,2,7,2.5,d,0,63,19.180019458485546,6,0,0,18,0,0,0,6,0,0,0,0,0,0,0,16,0,0,0,0,0,0,0,0,0,2,-1.6666666666666665,0.9999975397030422,0.0
87,24,1s2.2s2.2p6.3s2.3p6.3d6,3d,3,2,6,2.5,d,0,64,18.477999944610033,5,0,0,18,0,0,0,5,0,0,0,0,0,0,0,16,0,0,0,0,0,0,0,0,0,2,-2.2222222222222223,0.9999975397030422,0.0
87,23,1s2.2s2.2p6.3s2.3p6.3d5,3d,3,2,5,2.5,d,0,65,17.516342790782076,4,0,0,18,0,0,0,4,0,0,0,0,0,0,0,16,0,0,0,0,0,0,0,0,0,2,2.2222222222222223,0.9999975397030422,0.0
87,22,1s2.2s2.2p6.3s2.3p6.3d4,3d,3,2,4,1.5,d,0,66,16.81369270190474,3,0,0,18,0,0,0,3,0,0,0,0,0,0,0,16,0,0,0,0,0,0,0,0,0,2,1.6666666666666667,0.9999975397030422,0.0
87,21,1s2.2s2.2p6.3s2.3p6.3d3,3d,3,2,3,1.5,d,0,67,16.06581898178117,2,0,0,18,0,0,0,2,0,0,0,0,0,0,0,16,0,0,0,0,0,0,0,0,0,2,1.1111111111111112,0.9999975397030422,0.0
87,20,1s2.2s2.2p6.3s2.3p6.3d2,3d,3,2,2,1.5,d,0,68,15.318236242385085,1,0,0,18,0,0,0,1,0,0,0,0,0,0,0,16,0,0,0,0,0,0,0,0,0,2,0.5555555555555556,0.9999975397030422,0.0
87,19,1s2.2s2.2p6.3s2.3p6.3d1,3d,3,2,1,1.5,d,0,69,14.615753461451872,0,0,0,18,0,0,0,0,0,0,0,0,0,0,0,16,0,0,0,0,0,0,0,0,0,2,0.0,0.9999975397030422,0.0
87,18,1s2.2s2.2p6.3s2.3p6,3p,3,1,6,1.5,p3,0,70,12.667818264554036,5,10,2,0,0,0,5,0,0,2,8,0,0,2,0,0,0,0,0,0,0,0,0,0,0,0,0.0,0.9999975397030422,0.0
87,17,1s2.2s2.2p6.3s2.3p5,3p,3,1,5,1.5,p3,0,71,12.08347223011717,4,10,2,0,0,0,4,0,0,2,8,0,0,2,0,0,0,0,0,0,0,0,0,0,0,0,-0.6000000000000001,0.9999975397030422,0.0
87,16,1s2.2s2.2p6.3s2.3p4,3p,3,1,4,1.5,p3,0,72,11.49928244974415,3,10,2,0,0,0,3,0,0,2,8,0,0,2,0,0,0,0,0,0,0,0,0,0,0,0,-1.2,0.9999975397030422,0.0
87,15,1s2.2s2.2p6.3s2.3p3,3p,3,1,3,1.5,p3,0,73,10.730818199117742,2,10,2,0,0,0,2,0,0,2,8,0,0,2,0,0,0,0,0,0,0,0,0,0,0,0,1.2,0.9999975397030422,0.0
87,14,1s2.2s2.2p6.3s2.3p2,3p,3,1,2,0.5,p1,0,74,10.145247180423096,1,10,2,0,0,0,1,0,0,2,8,0,0,2,0,0,0,0,0,0,0,0,0,0,0,0,0.6,0.9999975397030422,0.0
87,13,1s2.2s2.2p6.3s2.3p1,3p,3,1,1,0.5,p1,0,75,9.559774441642945,0,10,2,0,0,0,0,0,0,2,8,0,0,2,0,0,0,0,0,0,0,0,0,0,0,0,0.0,0.9999975397030422,0.0
87,12,1s2.2s2.2p6.3s2,3s,3,0,2,0.5,s,0,76,8.35113401342552,1,8,2,0,0,1,0,0,0,0,8,0,0,2,0,0,0,0,0,0,0,0,0,0,0,0,0.0,0.9999975397030422,0.0
87,11,1s2.2s2.2p6.3s1,3s,3,0,1,0.5,s,0,77,7.7856408855844075,0,8,2,0,0,0,0,0,0,0,8,0,0,2,0,0,0,0,0,0,0,0,0,0,0,0,0.0,0.9999975397030422,0.0
87,10,1s2.2s2.2p6,2p,2,1,6,1.5,p3,0,78,6.545979557232126,5,4,0,0,0,0,5,0,0,2,2,0,0,0,0,0,0,0,0,0,0,0,0,0,0,0,0.0,0.9999975397030422,0.0
87,9,1s2.2s2.2p5,2p,2,1,5,1.5,p3,0,79,5.88972955723213,4,4,0,0,0,0,4,0,0,2,2,0,0,0,0,0,0,0,0,0,0,0,0,0,0,0,-0.6000000000000001,0.9999975397030422,0.0
87,8,1s2.2s2.2p4,2p,2,1,4,1.5,p3,0,80,5.233479557232133,3,4,0,0,0,0,3,0,0,2,2,0,0,0,0,0,0,0,0,0,0,0,0,0,0,0,-1.2,0.9999975397030422,0.0
87,7,1s2.2s2.2p3,2p,2,1,3,1.5,p3,0,81,4.378670782625834,2,4,0,0,0,0,2,0,0,2,2,0,0,0,0,0,0,0,0,0,0,0,0,0,0,0,1.2,0.9999975397030422,0.0
87,6,1s2.2s2.2p2,2p,2,1,2,0.5,p1,0,82,3.7253535771907345,1,4,0,0,0,0,1,0,0,2,2,0,0,0,0,0,0,0,0,0,0,0,0,0,0,0,0.6,0.9999975397030422,0.0
87,5,1s2.2s2.2p1,2p,2,1,1,0.5,p1,0,83,3.0730091792350134,0,4,0,0,0,0,0,0,0,2,2,0,0,0,0,0,0,0,0,0,0,0,0,0,0,0,0.0,0.9999975397030422,0.0
87,4,1s2.2s2,2s,2,0,2,0.5,s,0,84,2.145875983124917,1,2,0,0,0,1,0,0,0,0,2,0,0,0,0,0,0,0,0,0,0,0,0,0,0,0,0.0,0.9999975397030422,60.22178499606391
87,3,1s2.2s1,2s,2,0,1,0.5,s,0,85,1.5912208504801093,0,2,0,0,0,0,0,0,0,0,2,0,0,0,0,0,0,0,0,0,0,0,0,0,0,0,0.0,0.9999975397030422,60.22178499606391
87,2,1s2,1s,1,0,2,0.5,s,0,86,0.625,1,0,0,0,0,1,0,0,0,0,0,0,0,0,0,0,0,0,0,0,0,0,0,0,0,0,0.0,0.9999975397030422,331.5517077655381
87,1,1s1,1s,1,0,1,0.5,s,0,87,0.0,0,0,0,0,0,0,0,0,0,0,0,0,0,0,0,0,0,0,0,0,0,0,0,0,0,0,0.0,0.9999975397030422,331.5517077655381
88,88,1s2.2s2.2p6.3s2.3p6.3d10.4s2.4p6.4d10.4f14.5s2.5p6.5d10.6s2.6p6.7s2,7s,7,0,2,0.5,s,0,1,69.25459405326231,1,8,78,0,0,1,0,0,0,0,8,0,0,8,10,0,0,0,0,0,0,0,0,0,60,0,0.0,0.9999975724207577,0.0
88,87,1s2.2s2.2p6.3s2.3p6.3d10.4s2.4p6.4d10.4f14.5s2.5p6.5d10.6s2.6p6.7s1,7s,7,0,1,0.5,s,0,2,68.6593558444854,0,8,78,0,0,0,0,0,0,0,8,0,0,8,10,0,0,0,0,0,0,0,0,0,60,0,0.0,0.9999975724207577,0.0
88,86,1s2.2s2.2p6.3s2.3p6.3d10.4s2.4p6.4d10.4f14.5s2.5p6.5d10.6s2.6p6,6p,6,1,6,1.5,p3,0,3,66.08845925691442,5,20,60,0,0,0,5,0,0,2,8,10,0,8,24,0,0,0,0,0,0,0,0,0,28,0,0.0,0.9999975724207577,0.0
88,85,1s2.2s2.2p6.3s2.3p6.3d10.4s2.4p6.4d10.4f14.5s2.5p6.5d10.6s2.6p5,6p,6,1,5,1.5,p3,0,4,65.54478478791641,4,20,60,0,0,0,4,0,0,2,8,10,0,8,24,0,0,0,0,0,0,0,0,0,28,0,-0.6000000000000001,0.9999975724207577,0.0
88,84,1s2.2s2.2p6.3s2.3p6.3d10.4s2.4p6.4d10.4f14.5s2.5p6.5d10.6s2.6p4,6p,6,1,4,1.5,p3,0,5,65.00111031892263,3,20,60,0,0,0,3,0,0,2,8,10,0,8,24,0,0,0,0,0,0,0,0,0,28,0,-1.2,0.9999975724207577,0.0
88,83,1s2.2s2.2p6.3s2.3p6.3d10.4s2.4p6.4d10.4f14.5s2.5p6.5d10.6s2.6p3,6p,6,1,3,1.5,p3,0,6,64.26762509706408,2,20,60,0,0,0,2,0,0,2,8,10,0,8,24,0,0,0,0,0,0,0,0,0,28,0,1.2,0.9999975724207577,0.0
88,82,1s2.2s2.2p6.3s2.3p6.3d10.4s2.4p6.4d10.4f14.5s2.5p6.5d10.6s2.6p2,6p,6,1,2,0.5,p1,0,7,63.72395062806516,1,20,60,0,0,0,1,0,0,2,8,10,0,8,24,0,0,0,0,0,0,0,0,0,28,0,0.6,0.9999975724207577,0.0
88,81,1s2.2s2.2p6.3s2.3p6.3d10.4s2.4p6.4d10.4f14.5s2.5p6.5d10.6s2.6p1,6p,6,1,1,0.5,p1,0,8,63.18027615907542,0,20,60,0,0,0,0,0,0,2,8,10,0,8,24,0,0,0,0,0,0,0,0,0,28,0,0.0,0.9999975724207577,0.0
88,80,1s2.2s2.2p6.3s2.3p6.3d10.4s2.4p6.4d10.4f14.5s2.5p6.5d10.6s2,6s,6,0,2,0.5,s,0,9,61.277186621795714,1,18,60,0,0,1,0,0,0,0,8,10,0,8,24,0,0,0,0,0,0,0,0,0,28,0,0.0,0.9999975724207577,0.0
88,79,1s2.2s2.2p6.3s2.3p6.3d10.4s2.4p6.4d10.4f14.5s2.5p6.5d10.6s1,6s,6,0,1,0.5,s,0,10,60.68175720132819,0,18,60,0,0,0,0,0,0,0,8,10,0,8,24,0,0,0,0,0,0,0,0,0,28,0,0.0,0.9999975724207577,0.0
88,78,1s2.2s2.2p6.3s2.3p6.3d10.4s2.4p6.4d10.4f14.5s2.5p6.5d10,5d,5,2,10,2.5,d,0,11,60.18161976204584,9,0,0,68,0,0,0,9,0,0,0,0,0,0,0,16,10,14,0,0,0,0,0,0,0,28,0.0,0.9999975724207577,0.0
88,77,1s2.2s2.2p6.3s2.3p6.3d10.4s2.4p6.4d10.4f14.5s2.5p6.5d9,5d,5,2,9,2.5,d,0,12,59.591820854204364,8,0,0,68,0,0,0,8,0,0,0,0,0,0,0,16,10,14,0,0,0,0,0,0,0,28,-0.5555555555555554,0.9999975724207577,0.0
88,76,1s2.2s2.2p6.3s2.3p6.3d10.4s2.4p6.4d10.4f14.5s2.5p6.5d8,5d,5,2,8,2.5,d,0,13,58.964892641510204,7,0,0,68,0,0,0,7,0,0,0,0,0,0,0,16,10,14,0,0,0,0,0,0,0,28,-1.1111111111111112,0.9999975724207577,0.0
88,75,1s2.2s2.2p6.3s2.3p6.3d10.4s2.4p6.4d10.4f14.5s2.5p6.5d7,5d,5,2,7,2.5,d,0,14,58.33796442882129,6,0,0,68,0,0,0,6,0,0,0,0,0,0,0,16,10,14,0,0,0,0,0,0,0,28,-1.6666666666666665,0.9999975724207577,0.0
88,74,1s2.2s2.2p6.3s2.3p6.3d10.4s2.4p6.4d10.4f14.5s2.5p6.5d6,5d,5,2,6,2.5,d,0,15,57.74816552097457,5,0,0,68,0,0,0,5,0,0,0,0,0,0,0,16,10,14,0,0,0,0,0,0,0,28,-2.2222222222222223,0.9999975724207577,0.0
88,73,1s2.2s2.2p6.3s2.3p6.3d10.4s2.4p6.4d10.4f14.5s2.5p6.5d5,5d,5,2,5,2.5,d,0,16,56.939981578454784,4,0,0,68,0,0,0,4,0,0,0,0,0,0,0,16,10,14,0,0,0,0,0,0,0,28,2.2222222222222223,0.9999975724207577,0.0
88,72,1s2.2s2.2p6.3s2.3p6.3d10.4s2.4p6.4d10.4f14.5s2.5p6.5d4,5d,5,2,4,1.5,d,0,17,56.35018267060813,3,0,0,68,0,0,0,3,0,0,0,0,0,0,0,16,10,14,0,0,0,0,0,0,0,28,1.6666666666666667,0.9999975724207577,0.0
88,71,1s2.2s2.2p6.3s2.3p6.3d10.4s2.4p6.4d10.4f14.5s2.5p6.5d3,5d,5,2,3,1.5,d,0,18,55.72325445791909,2,0,0,68,0,0,0,2,0,0,0,0,0,0,0,16,10,14,0,0,0,0,0,0,0,28,1.1111111111111112,0.9999975724207577,0.0
88,70,1s2.2s2.2p6.3s2.3p6.3d10.4s2.4p6.4d10.4f14.5s2.5p6.5d2,5d,5,2,2,1.5,d,0,19,55.09632624522511,1,0,0,68,0,0,0,1,0,0,0,0,0,0,0,16,10,14,0,0,0,0,0,0,0,28,0.5555555555555556,0.9999975724207577,0.0
88,69,1s2.2s2.2p6.3s2.3p6.3d10.4s2.4p6.4d10.4f14.5s2.5p6.5d1,5d,5,2,1,1.5,d,0,20,54.50652733738305,0,0,0,68,0,0,0,0,0,0,0,0,0,0,0,16,10,14,0,0,0,0,0,0,0,28,0.0,0.9999975724207577,0.0
88,68,1s2.2s2.2p6.3s2.3p6.3d10.4s2.4p6.4d10.4f14.5s2.5p6,5p,5,1,6,1.5,p3,0,21,51.291318007282406,5,34,28,0,0,0,5,0,0,2,8,10,14,8,10,0,0,0,0,0,0,0,0,0,10,0,0.0,0.9999975724207577,0.0
88,67,1s2.2s2.2p6.3s2.3p6.3d10.4s2.4p6.4d10.4f14.5s2.5p5,5p,5,1,5,1.5,p3,0,22,50.7422457416599,4,34,28,0,0,0,4,0,0,2,8,10,14,8,10,0,0,0,0,0,0,0,0,0,10,0,-0.6000000000000001,0.9999975724207577,0.0
88,66,1s2.2s2.2p6.3s2.3p6.3d10.4s2.4p6.4d10.4f14.5s2.5p4,5p,5,1,4,1.5,p3,0,23,50.193173476032534,3,34,28,0,0,0,3,0,0,2,8,10,14,8,10,0,0,0,0,0,0,0,0,0,10,0,-1.2,0.9999975724207577,0.0
88,65,1s2.2s2.2p6.3s2.3p6.3d10.4s2.4p6.4d10.4f14.5s2.5p3,5p,5,1,3,1.5,p3,0,24,49.453854628378465,2,34,28,0,0,0,2,0,0,2,8,10,14,8,10,0,0,0,0,0,0,0,0,0,10,0,1.2,0.9999975724207577,0.0
88,64,1s2.2s2.2p6.3s2.3p6.3d10.4s2.4p6.4d10.4f14.5s2.5p2,5p,5,1,2,0.5,p1,0,25,48.904782362751156,1,34,28,0,0,0,1,0,0,2,8,10,14,8,10,0,0,0,0,0,0,0,0,0,10,0,0.6,0.9999975724207577,0.0
88,63,1s2.2s2.2p6.3s2.3p6.3d10.4s2.4p6.4d10.4f14.5s2.5p1,5p,5,1,1,0.5,p1,0,26,48.348958444362786,0,34,28,0,0,0,0,0,0,2,8,10,14,8,10,0,0,0,0,0,0,0,0,0,10,0,0.0,0.9999975724207577,0.0
88,62,1s2.2s2.2p6.3s2.3p6.3d10.4s2.4p6.4d10.4f14.5s2,5s,5,0,2,0.5,s,0,27,46.43547188585159,1,32,28,0,0,1,0,0,0,0,8,10,14,8,10,0,0,0,0,0,0,0,0,0,10,0,0.0,0.9999975724207577,0.0
88,61,1s2.2s2.2p6.3s2.3p6.3d10.4s2.4p6.4d10.4f14.5s1,5s,5,0,1,0.5,s,0,28,45.85856833278497,0,32,28,0,0,0,0,0,0,0,8,10,14,8,10,0,0,0,0,0,0,0,0,0,10,0,0.0,0.9999975724207577,0.0
88,60,1s2.2s2.2p6.3s2.3p6.3d10.4s2.4p6.4d10.4f14,4f,4,3,14,3.5,f,0,29,48.86078968565812,13,0,0,46,0,0,0,0,13,0,0,0,0,0,0,0,0,0,36,0,0,0,0,0,0,10,0.0,0.9999975724207577,0.0
88,59,1s2.2s2.2p6.3s2.3p6.3d10.4s2.4p6.4d10.4f13,4f,4,3,13,3.5,f,0,30,48.12167878028413,12,0,0,46,0,0,0,0,12,0,0,0,0,0,0,0,0,0,36,0,0,0,0,0,0,10,-0.5384615384615383,0.9999975724207577,0.0
88,58,1s2.2s2.2p6.3s2.3p6.3d10.4s2.4p6.4d10.4f12,4f,4,3,12,3.5,f,0,31,47.365159080568446,11,0,0,46,0,0,0,0,11,0,0,0,0,0,0,0,0,0,36,0,0,0,0,0,0,10,-1.0769230769230766,0.9999975724207577,0.0
88,57,1s2.2s2.2p6.3s2.3p6.3d10.4s2.4p6.4d10.4f11,4f,4,3,11,3.5,f,0,32,46.56470817701302,10,0,0,46,0,0,0,0,10,0,0,0,0,0,0,0,0,0,36,0,0,0,0,0,0,10,-1.615384615384615,0.9999975724207577,0.0
88,56,1s2.2s2.2p6.3s2.3p6.3d10.4s2.4p6.4d10.4f10,4f,4,3,10,3.5,f,0,33,45.76175948408627,9,0,0,46,0,0,0,0,9,0,0,0,0,0,0,0,0,0,36,0,0,0,0,0,0,10,-2.153846153846154,0.9999975724207577,0.0
88,55,1s2.2s2.2p6.3s2.3p6.3d10.4s2.4p6.4d10.4f9,4f,4,3,9,3.5,f,0,34,45.00482525620487,8,0,0,46,0,0,0,0,8,0,0,0,0,0,0,0,0,0,36,0,0,0,0,0,0,10,-2.6923076923076925,0.9999975724207577,0.0
88,54,1s2.2s2.2p6.3s2.3p6.3d10.4s2.4p6.4d10.4f8,4f,4,3,8,3.5,f,0,35,44.26571435083406,7,0,0,46,0,0,0,0,7,0,0,0,0,0,0,0,0,0,36,0,0,0,0,0,0,10,-3.230769230769231,0.9999975724207577,0.0
88,53,1s2.2s2.2p6.3s2.3p6.3d10.4s2.4p6.4d10.4f7,4f,4,3,7,3.5,f,0,36,43.235453992296016,6,0,0,46,0,0,0,0,6,0,0,0,0,0,0,0,0,0,36,0,0,0,0,0,0,10,3.230769230769231,0.9999975724207577,0.0
88,52,1s2.2s2.2p6.3s2.3p6.3d10.4s2.4p6.4d10.4f6,4f,4,3,6,2.5,f,0,37,42.49634308692566,5,0,0,46,0,0,0,0,5,0,0,0,0,0,0,0,0,0,36,0,0,0,0,0,0,10,2.6923076923076925,0.9999975724207577,0.0
88,51,1s2.2s2.2p6.3s2.3p6.3d10.4s2.4p6.4d10.4f5,4f,4,3,5,2.5,f,0,38,41.739408859043806,4,0,0,46,0,0,0,0,4,0,0,0,0,0,0,0,0,0,36,0,0,0,0,0,0,10,2.1538461538461537,0.9999975724207577,0.0
88,50,1s2.2s2.2p6.3s2.3p6.3d10.4s2.4p6.4d10.4f4,4f,4,3,4,2.5,f,0,39,40.937916324885464,3,0,0,46,0,0,0,0,3,0,0,0,0,0,0,0,0,0,36,0,0,0,0,0,0,10,1.6153846153846154,0.9999975724207577,0.0
88,49,1s2.2s2.2p6.3s2.3p6.3d10.4s2.4p6.4d10.4f3,4f,4,3,3,2.5,f,0,40,40.136423790726894,2,0,0,46,0,0,0,0,2,0,0,0,0,0,0,0,0,0,36,0,0,0,0,0,0,10,1.0769230769230769,0.9999975724207577,0.0
88,48,1s2.2s2.2p6.3s2.3p6.3d10.4s2.4p6.4d10.4f2,4f,4,3,2,2.5,f,0,41,39.37948956284549,1,0,0,46,0,0,0,0,1,0,0,0,0,0,0,0,0,0,36,0,0,0,0,0,0,10,0.5384615384615384,0.9999975724207577,0.0
88,47,1s2.2s2.2p6.3s2.3p6.3d10.4s2.4p6.4d10.4f1,4f,4,3,1,2.5,f,0,42,38.640378657474685,0,0,0,46,0,0,0,0,0,0,0,0,0,0,0,0,0,0,36,0,0,0,0,0,0,10,0.0,0.9999975724207577,0.0
88,46,1s2.2s2.2p6.3s2.3p6.3d10.4s2.4p6.4d10,4d,4,2,10,2.5,d,0,43,35.18427854681272,9,0,0,36,0,0,0,9,0,0,0,0,0,0,0,16,10,0,0,0,0,0,0,0,0,10,0.0,0.9999975724207577,0.0
88,45,1s2.2s2.2p6.3s2.3p6.3d10.4s2.4p6.4d9,4d,4,2,9,2.5,d,0,44,34.56268954011648,8,0,0,36,0,0,0,8,0,0,0,0,0,0,0,16,10,0,0,0,0,0,0,0,0,10,-0.5555555555555554,0.9999975724207577,0.0
88,44,1s2.2s2.2p6.3s2.3p6.3d10.4s2.4p6.4d8,4d,4,2,8,2.5,d,0,45,33.90183225775024,7,0,0,36,0,0,0,7,0,0,0,0,0,0,0,16,10,0,0,0,0,0,0,0,0,10,-1.1111111111111112,0.9999975724207577,0.0
88,43,1s2.2s2.2p6.3s2.3p6.3d10.4s2.4p6.4d7,4d,4,2,7,2.5,d,0,46,33.24097497538423,6,0,0,36,0,0,0,6,0,0,0,0,0,0,0,16,10,0,0,0,0,0,0,0,0,10,-1.6666666666666665,0.9999975724207577,0.0
88,42,1s2.2s2.2p6.3s2.3p6.3d10.4s2.4p6.4d6,4d,4,2,6,2.5,d,0,47,32.619385968687766,5,0,0,36,0,0,0,5,0,0,0,0,0,0,0,16,10,0,0,0,0,0,0,0,0,10,-2.2222222222222223,0.9999975724207577,0.0
88,41,1s2.2s2.2p6.3s2.3p6.3d10.4s2.4p6.4d5,4d,4,2,5,2.5,d,0,48,31.77042966985971,4,0,0,36,0,0,0,4,0,0,0,0,0,0,0,16,10,0,0,0,0,0,0,0,0,10,2.2222222222222223,0.9999975724207577,0.0
88,40,1s2.2s2.2p6.3s2.3p6.3d10.4s2.4p6.4d4,4d,4,2,4,1.5,d,0,49,31.14884066316324,3,0,0,36,0,0,0,3,0,0,0,0,0,0,0,16,10,0,0,0,0,0,0,0,0,10,1.6666666666666667,0.9999975724207577,0.0
88,39,1s2.2s2.2p6.3s2.3p6.3d10.4s2.4p6.4d3,4d,4,2,3,1.5,d,0,50,30.487983380797118,2,0,0,36,0,0,0,2,0,0,0,0,0,0,0,16,10,0,0,0,0,0,0,0,0,10,1.1111111111111112,0.9999975724207577,0.0
88,38,1s2.2s2.2p6.3s2.3p6.3d10.4s2.4p6.4d2,4d,4,2,2,1.5,d,0,51,29.82712609843111,1,0,0,36,0,0,0,1,0,0,0,0,0,0,0,16,10,0,0,0,0,0,0,0,0,10,0.5555555555555556,0.9999975724207577,0.0
88,37,1s2.2s2.2p6.3s2.3p6.3d10.4s2.4p6.4d1,4d,4,2,1,1.5,d,0,52,29.20553709173464,0,0,0,36,0,0,0,0,0,0,0,0,0,0,0,16,10,0,0,0,0,0,0,0,0,10,0.0,0.9999975724207577,0.0
88,36,1s2.2s2.2p6.3s2.3p6.3d10.4s2.4p6,4p,4,1,6,1.5,p3,0,53,26.676544772007787,5,20,10,0,0,0,5,0,0,2,8,10,0,8,0,0,0,0,0,0,0,0,0,0,2,0,0.0,0.9999975724207577,0.0
88,35,1s2.2s2.2p6.3s2.3p6.3d10.4s2.4p5,4p,4,1,5,1.5,p3,0,54,26.117340670445287,4,20,10,0,0,0,4,0,0,2,8,10,0,8,0,0,0,0,0,0,0,0,0,0,2,0,-0.6000000000000001,0.9999975724207577,0.0
88,34,1s2.2s2.2p6.3s2.3p6.3d10.4s2.4p4,4p,4,1,4,1.5,p3,0,55,25.558136568882787,3,20,10,0,0,0,3,0,0,2,8,10,0,8,0,0,0,0,0,0,0,0,0,0,2,0,-1.2,0.9999975724207577,0.0
88,33,1s2.2s2.2p6.3s2.3p6.3d10.4s2.4p3,4p,4,1,3,1.5,p3,0,56,24.807678805211026,2,20,10,0,0,0,2,0,0,2,8,10,0,8,0,0,0,0,0,0,0,0,0,0,2,0,1.2,0.9999975724207577,0.0
88,32,1s2.2s2.2p6.3s2.3p6.3d10.4s2.4p2,4p,4,1,2,0.5,p1,0,57,24.24270156046225,1,20,10,0,0,0,1,0,0,2,8,10,0,8,0,0,0,0,0,0,0,0,0,0,2,0,0.6,0.9999975724207577,0.0
88,31,1s2.2s2.2p6.3s2.3p6.3d10.4s2.4p1,4p,4,1,1,0.5,p1,0,58,23.681451647104154,0,20,10,0,0,0,0,0,0,2,8,10,0,8,0,0,0,0,0,0,0,0,0,0,2,0,0.0,0.9999975724207577,0.0
88,30,1s2.2s2.2p6.3s2.3p6.3d10.4s2,4s,4,0,2,0.5,s,0,59,22.126593730819764,1,18,10,0,0,1,0,0,0,0,8,10,0,8,0,0,0,0,0,0,0,0,0,0,2,0,0.0,0.9999975724207577,0.0
88,29,1s2.2s2.2p6.3s2.3p6.3d10.4s1,4s,4,0,1,0.5,s,0,60,21.554071296483926,0,18,10,0,0,0,0,0,0,0,8,10,0,8,0,0,0,0,0,0,0,0,0,0,2,0,0.0,0.9999975724207577,0.0
88,28,1s2.2s2.2p6.3s2.3p6.3d10,3d,3,2,10,2.5,d,0,61,21.379455336979806,9,0,0,18,0,0,0,9,0,0,0,0,0,0,0,16,0,0,0,0,0,0,0,0,0,2,0.0,0.9999975724207577,0.0
88,27,1s2.2s2.2p6.3s2.3p6.3d9,3d,3,2,9,2.5,d,0,62,20.677223194122995,8,0,0,18,0,0,0,8,0,0,0,0,0,0,0,16,0,0,0,0,0,0,0,0,0,2,-0.5555555555555554,0.9999975724207577,0.0
88,26,1s2.2s2.2p6.3s2.3p6.3d8,3d,3,2,8,2.5,d,0,63,19.92856167011884,7,0,0,18,0,0,0,7,0,0,0,0,0,0,0,16,0,0,0,0,0,0,0,0,0,2,-1.1111111111111112,0.9999975724207577,0.0
88,25,1s2.2s2.2p6.3s2.3p6.3d7,3d,3,2,7,2.5,d,0,64,19.180019458485546,6,0,0,18,0,0,0,6,0,0,0,0,0,0,0,16,0,0,0,0,0,0,0,0,0,2,-1.6666666666666665,0.9999975724207577,0.0
88,24,1s2.2s2.2p6.3s2.3p6.3d6,3d,3,2,6,2.5,d,0,65,18.477999944610033,5,0,0,18,0,0,0,5,0,0,0,0,0,0,0,16,0,0,0,0,0,0,0,0,0,2,-2.2222222222222223,0.9999975724207577,0.0
88,23,1s2.2s2.2p6.3s2.3p6.3d5,3d,3,2,5,2.5,d,0,66,17.516342790782076,4,0,0,18,0,0,0,4,0,0,0,0,0,0,0,16,0,0,0,0,0,0,0,0,0,2,2.2222222222222223,0.9999975724207577,0.0
88,22,1s2.2s2.2p6.3s2.3p6.3d4,3d,3,2,4,1.5,d,0,67,16.81369270190474,3,0,0,18,0,0,0,3,0,0,0,0,0,0,0,16,0,0,0,0,0,0,0,0,0,2,1.6666666666666667,0.9999975724207577,0.0
88,21,1s2.2s2.2p6.3s2.3p6.3d3,3d,3,2,3,1.5,d,0,68,16.06581898178117,2,0,0,18,0,0,0,2,0,0,0,0,0,0,0,16,0,0,0,0,0,0,0,0,0,2,1.1111111111111112,0.9999975724207577,0.0
88,20,1s2.2s2.2p6.3s2.3p6.3d2,3d,3,2,2,1.5,d,0,69,15.318236242385085,1,0,0,18,0,0,0,1,0,0,0,0,0,0,0,16,0,0,0,0,0,0,0,0,0,2,0.5555555555555556,0.9999975724207577,0.0
88,19,1s2.2s2.2p6.3s2.3p6.3d1,3d,3,2,1,1.5,d,0,70,14.615753461451872,0,0,0,18,0,0,0,0,0,0,0,0,0,0,0,16,0,0,0,0,0,0,0,0,0,2,0.0,0.9999975724207577,0.0
88,18,1s2.2s2.2p6.3s2.3p6,3p,3,1,6,1.5,p3,0,71,12.667818264554036,5,10,2,0,0,0,5,0,0,2,8,0,0,2,0,0,0,0,0,0,0,0,0,0,0,0,0.0,0.9999975724207577,0.0
88,17,1s2.2s2.2p6.3s2.3p5,3p,3,1,5,1.5,p3,0,72,12.08347223011717,4,10,2,0,0,0,4,0,0,2,8,0,0,2,0,0,0,0,0,0,0,0,0,0,0,0,-0.6000000000000001,0.9999975724207577,0.0
88,16,1s2.2s2.2p6.3s2.3p4,3p,3,1,4,1.5,p3,0,73,11.49928244974415,3,10,2,0,0,0,3,0,0,2,8,0,0,2,0,0,0,0,0,0,0,0,0,0,0,0,-1.2,0.9999975724207577,0.0
88,15,1s2.2s2.2p6.3s2.3p3,3p,3,1,3,1.5,p3,0,74,10.730818199117742,2,10,2,0,0,0,2,0,0,2,8,0,0,2,0,0,0,0,0,0,0,0,0,0,0,0,1.2,0.9999975724207577,0.0
88,14,1s2.2s2.2p6.3s2.3p2,3p,3,1,2,0.5,p1,0,75,10.145247180423096,1,10,2,0,0,0,1,0,0,2,8,0,0,2,0,0,0,0,0,0,0,0,0,0,0,0,0.6,0.9999975724207577,0.0
88,13,1s2.2s2.2p6.3s2.3p1,3p,3,1,1,0.5,p1,0,76,9.559774441642945,0,10,2,0,0,0,0,0,0,2,8,0,0,2,0,0,0,0,0,0,0,0,0,0,0,0,0.0,0.9999975724207577,0.0
88,12,1s2.2s2.2p6.3s2,3s,3,0,2,0.5,s,0,77,8.35113401342552,1,8,2,0,0,1,0,0,0,0,8,0,0,2,0,0,0,0,0,0,0,0,0,0,0,0,0.0,0.9999975724207577,0.0
88,11,1s2.2s2.2p6.3s1,3s,3,0,1,0.5,s,0,78,7.7856408855844075,0,8,2,0,0,0,0,0,0,0,8,0,0,2,0,0,0,0,0,0,0,0,0,0,0,0,0.0,0.9999975724207577,0.0
88,10,1s2.2s2.2p6,2p,2,1,6,1.5,p3,0,79,6.545979557232126,5,4,0,0,0,0,5,0,0,2,2,0,0,0,0,0,0,0,0,0,0,0,0,0,0,0,0.0,0.9999975724207577,0.0
88,9,1s2.2s2.2p5,2p,2,1,5,1.5,p3,0,80,5.88972955723213,4,4,0,0,0,0,4,0,0,2,2,0,0,0,0,0,0,0,0,0,0,0,0,0,0,0,-0.6000000000000001,0.9999975724207577,0.0
88,8,1s2.2s2.2p4,2p,2,1,4,1.5,p3,0,81,5.233479557232133,3,4,0,0,0,0,3,0,0,2,2,0,0,0,0,0,0,0,0,0,0,0,0,0,0,0,-1.2,0.9999975724207577,0.0
88,7,1s2.2s2.2p3,2p,2,1,3,1.5,p3,0,82,4.378670782625834,2,4,0,0,0,0,2,0,0,2,2,0,0,0,0,0,0,0,0,0,0,0,0,0,0,0,1.2,0.9999975724207577,0.0
88,6,1s2.2s2.2p2,2p,2,1,2,0.5,p1,0,83,3.7253535771907345,1,4,0,0,0,0,1,0,0,2,2,0,0,0,0,0,0,0,0,0,0,0,0,0,0,0,0.6,0.9999975724207577,0.0
88,5,1s2.2s2.2p1,2p,2,1,1,0.5,p1,0,84,3.0730091792350134,0,4,0,0,0,0,0,0,0,2,2,0,0,0,0,0,0,0,0,0,0,0,0,0,0,0,0.0,0.9999975724207577,0.0
88,4,1s2.2s2,2s,2,0,2,0.5,s,0,85,2.145875983124917,1,2,0,0,0,1,0,0,0,0,2,0,0,0,0,0,0,0,0,0,0,0,0,0,0,0,0.0,0.9999975724207577,64.60484368714296
88,3,1s2.2s1,2s,2,0,1,0.5,s,0,86,1.5912208504801093,0,2,0,0,0,0,0,0,0,0,2,0,0,0,0,0,0,0,0,0,0,0,0,0,0,0,0.0,0.9999975724207577,64.60484368714296
88,2,1s2,1s,1,0,2,0.5,s,0,87,0.625,1,0,0,0,0,1,0,0,0,0,0,0,0,0,0,0,0,0,0,0,0,0,0,0,0,0,0.0,0.9999975724207577,353.1959638188281
88,1,1s1,1s,1,0,1,0.5,s,0,88,0.0,0,0,0,0,0,0,0,0,0,0,0,0,0,0,0,0,0,0,0,0,0,0,0,0,0,0,0.0,0.9999975724207577,353.1959638188281
89,89,1s2.2s2.2p6.3s2.3p6.3d10.4s2.4p6.4d10.4f14.5s2.5p6.5d10.6s2.6p6.6d1.7s2,6d,6,2,1,1.5,d,0,1,70.26470591236311,0,0,0,86,2,0,0,0,0,0,0,0,0,0,0,16,10,0,0,0,0,0,2,0,0,60,0.0,0.9999975831341433,0.0
89,88,1s2.2s2.2p6.3s2.3p6.3d10.4s2.4p6.4d10.4f14.5s2.5p6.5d10.6s2.6p6.7s2,7s,7,0,2,0.5,s,0,2,69.25459405326231,1,8,78,0,0,1,0,0,0,0,8,0,0,8,10,0,0,0,0,0,0,0,0,0,60,0,0.0,0.9999975831341433,0.0
89,87,1s2.2s2.2p6.3s2.3p6.3d10.4s2.4p6.4d10.4f14.5s2.5p6.5d10.6s2.6p6.7s1,7s,7,0,1,0.5,s,0,3,68.6593558444854,0,8,78,0,0,0,0,0,0,0,8,0,0,8,10,0,0,0,0,0,0,0,0,0,60,0,0.0,0.9999975831341433,0.0
89,86,1s2.2s2.2p6.3s2.3p6.3d10.4s2.4p6.4d10.4f14.5s2.5p6.5d10.6s2.6p6,6p,6,1,6,1.5,p3,0,4,66.08845925691442,5,20,60,0,0,0,5,0,0,2,8,10,0,8,24,0,0,0,0,0,0,0,0,0,28,0,0.0,0.9999975831341433,0.0
89,85,1s2.2s2.2p6.3s2.3p6.3d10.4s2.4p6.4d10.4f14.5s2.5p6.5d10.6s2.6p5,6p,6,1,5,1.5,p3,0,5,65.54478478791641,4,20,60,0,0,0,4,0,0,2,8,10,0,8,24,0,0,0,0,0,0,0,0,0,28,0,-0.6000000000000001,0.9999975831341433,0.0
89,84,1s2.2s2.2p6.3s2.3p6.3d10.4s2.4p6.4d10.4f14.5s2.5p6.5d10.6s2.6p4,6p,6,1,4,1.5,p3,0,6,65.00111031892263,3,20,60,0,0,0,3,0,0,2,8,10,0,8,24,0,0,0,0,0,0,0,0,0,28,0,-1.2,0.9999975831341433,0.0
89,83,1s2.2s2.2p6.3s2.3p6.3d10.4s2.4p6.4d10.4f14.5s2.5p6.5d10.6s2.6p3,6p,6,1,3,1.5,p3,0,7,64.26762509706408,2,20,60,0,0,0,2,0,0,2,8,10,0,8,24,0,0,0,0,0,0,0,0,0,28,0,1.2,0.9999975831341433,0.0
89,82,1s2.2s2.2p6.3s2.3p6.3d10.4s2.4p6.4d10.4f14.5s2.5p6.5d10.6s2.6p2,6p,6,1,2,0.5,p1,0,8,63.72395062806516,1,20,60,0,0,0,1,0,0,2,8,10,0,8,24,0,0,0,0,0,0,0,0,0,28,0,0.6,0.9999975831341433,0.0
89,81,1s2.2s2.2p6.3s2.3p6.3d10.4s2.4p6.4d10.4f14.5s2.5p6.5d10.6s2.6p1,6p,6,1,1,0.5,p1,0,9,63.18027615907542,0,20,60,0,0,0,0,0,0,2,8,10,0,8,24,0,0,0,0,0,0,0,0,0,28,0,0.0,0.9999975831341433,0.0
89,80,1s2.2s2.2p6.3s2.3p6.3d10.4s2.4p6.4d10.4f14.5s2.5p6.5d10.6s2,6s,6,0,2,0.5,s,0,10,61.277186621795714,1,18,60,0,0,1,0,0,0,0,8,10,0,8,24,0,0,0,0,0,0,0,0,0,28,0,0.0,0.9999975831341433,0.0
89,79,1s2.2s2.2p6.3s2.3p6.3d10.4s2.4p6.4d10.4f14.5s2.5p6.5d10.6s1,6s,6,0,1,0.5,s,0,11,60.68175720132819,0,18,60,0,0,0,0,0,0,0,8,10,0,8,24,0,0,0,0,0,0,0,0,0,28,0,0.0,0.9999975831341433,0.0
89,78,1s2.2s2.2p6.3s2.3p6.3d10.4s2.4p6.4d10.4f14.5s2.5p6.5d10,5d,5,2,10,2.5,d,0,12,60.18161976204584,9,0,0,68,0,0,0,9,0,0,0,0,0,0,0,16,10,14,0,0,0,0,0,0,0,28,0.0,0.9999975831341433,0.0
89,77,1s2.2s2.2p6.3s2.3p6.3d10.4s2.4p6.4d10.4f14.5s2.5p6.5d9,5d,5,2,9,2.5,d,0,13,59.591820854204364,8,0,0,68,0,0,0,8,0,0,0,0,0,0,0,16,10,14,0,0,0,0,0,0,0,28,-0.5555555555555554,0.9999975831341433,0.0
89,76,1s2.2s2.2p6.3s2.3p6.3d10.4s2.4p6.4d10.4f14.5s2.5p6.5d8,5d,5,2,8,2.5,d,0,14,58.964892641510204,7,0,0,68,0,0,0,7,0,0,0,0,0,0,0,16,10,14,0,0,0,0,0,0,0,28,-1.1111111111111112,0.9999975831341433,0.0
89,75,1s2.2s2.2p6.3s2.3p6.3d10.4s2.4p6.4d10.4f14.5s2.5p6.5d7,5d,5,2,7,2.5,d,0,15,58.33796442882129,6,0,0,68,0,0,0,6,0,0,0,0,0,0,0,16,10,14,0,0,0,0,0,0,0,28,-1.6666666666666665,0.9999975831341433,0.0
89,74,1s2.2s2.2p6.3s2.3p6.3d10.4s2.4p6.4d10.4f14.5s2.5p6.5d6,5d,5,2,6,2.5,d,0,16,57.74816552097457,5,0,0,68,0,0,0,5,0,0,0,0,0,0,0,16,10,14,0,0,0,0,0,0,0,28,-2.2222222222222223,0.9999975831341433,0.0
89,73,1s2.2s2.2p6.3s2.3p6.3d10.4s2.4p6.4d10.4f14.5s2.5p6.5d5,5d,5,2,5,2.5,d,0,17,56.939981578454784,4,0,0,68,0,0,0,4,0,0,0,0,0,0,0,16,10,14,0,0,0,0,0,0,0,28,2.2222222222222223,0.9999975831341433,0.0
89,72,1s2.2s2.2p6.3s2.3p6.3d10.4s2.4p6.4d10.4f14.5s2.5p6.5d4,5d,5,2,4,1.5,d,0,18,56.35018267060813,3,0,0,68,0,0,0,3,0,0,0,0,0,0,0,16,10,14,0,0,0,0,0,0,0,28,1.6666666666666667,0.9999975831341433,0.0
89,71,1s2.2s2.2p6.3s2.3p6.3d10.4s2.4p6.4d10.4f14.5s2.5p6.5d3,5d,5,2,3,1.5,d,0,19,55.72325445791909,2,0,0,68,0,0,0,2,0,0,0,0,0,0,0,16,10,14,0,0,0,0,0,0,0,28,1.1111111111111112,0.9999975831341433,0.0
89,70,1s2.2s2.2p6.3s2.3p6.3d10.4s2.4p6.4d10.4f14.5s2.5p6.5d2,5d,5,2,2,1.5,d,0,20,55.09632624522511,1,0,0,68,0,0,0,1,0,0,0,0,0,0,0,16,10,14,0,0,0,0,0,0,0,28,0.5555555555555556,0.9999975831341433,0.0
89,69,1s2.2s2.2p6.3s2.3p6.3d10.4s2.4p6.4d10.4f14.5s2.5p6.5d1,5d,5,2,1,1.5,d,0,21,54.50652733738305,0,0,0,68,0,0,0,0,0,0,0,0,0,0,0,16,10,14,0,0,0,0,0,0,0,28,0.0,0.9999975831341433,0.0
89,68,1s2.2s2.2p6.3s2.3p6.3d10.4s2.4p6.4d10.4f14.5s2.5p6,5p,5,1,6,1.5,p3,0,22,51.291318007282406,5,34,28,0,0,0,5,0,0,2,8,10,14,8,10,0,0,0,0,0,0,0,0,0,10,0,0.0,0.9999975831341433,0.0
89,67,1s2.2s2.2p6.3s2.3p6.3d10.4s2.4p6.4d10.4f14.5s2.5p5,5p,5,1,5,1.5,p3,0,23,50.7422457416599,4,34,28,0,0,0,4,0,0,2,8,10,14,8,10,0,0,0,0,0,0,0,0,0,10,0,-0.6000000000000001,0.9999975831341433,0.0
89,66,1s2.2s2.2p6.3s2.3p6.3d10.4s2.4p6.4d10.4f14.5s2.5p4,5p,5,1,4,1.5,p3,0,24,50.193173476032534,3,34,28,0,0,0,3,0,0,2,8,10,14,8,10,0,0,0,0,0,0,0,0,0,10,0,-1.2,0.9999975831341433,0.0
89,65,1s2.2s2.2p6.3s2.3p6.3d10.4s2.4p6.4d10.4f14.5s2.5p3,5p,5,1,3,1.5,p3,0,25,49.453854628378465,2,34,28,0,0,0,2,0,0,2,8,10,14,8,10,0,0,0,0,0,0,0,0,0,10,0,1.2,0.9999975831341433,0.0
89,64,1s2.2s2.2p6.3s2.3p6.3d10.4s2.4p6.4d10.4f14.5s2.5p2,5p,5,1,2,0.5,p1,0,26,48.904782362751156,1,34,28,0,0,0,1,0,0,2,8,10,14,8,10,0,0,0,0,0,0,0,0,0,10,0,0.6,0.9999975831341433,0.0
89,63,1s2.2s2.2p6.3s2.3p6.3d10.4s2.4p6.4d10.4f14.5s2.5p1,5p,5,1,1,0.5,p1,0,27,48.348958444362786,0,34,28,0,0,0,0,0,0,2,8,10,14,8,10,0,0,0,0,0,0,0,0,0,10,0,0.0,0.9999975831341433,0.0
89,62,1s2.2s2.2p6.3s2.3p6.3d10.4s2.4p6.4d10.4f14.5s2,5s,5,0,2,0.5,s,0,28,46.43547188585159,1,32,28,0,0,1,0,0,0,0,8,10,14,8,10,0,0,0,0,0,0,0,0,0,10,0,0.0,0.9999975831341433,0.0
89,61,1s2.2s2.2p6.3s2.3p6.3d10.4s2.4p6.4d10.4f14.5s1,5s,5,0,1,0.5,s,0,29,45.85856833278497,0,32,28,0,0,0,0,0,0,0,8,10,14,8,10,0,0,0,0,0,0,0,0,0,10,0,0.0,0.9999975831341433,0.0
89,60,1s2.2s2.2p6.3s2.3p6.3d10.4s2.4p6.4d10.4f14,4f,4,3,14,3.5,f,0,30,48.86078968565812,13,0,0,46,0,0,0,0,13,0,0,0,0,0,0,0,0,0,36,0,0,0,0,0,0,10,0.0,0.9999975831341433,0.0
89,59,1s2.2s2.2p6.3s2.3p6.3d10.4s2.4p6.4d10.4f13,4f,4,3,13,3.5,f,0,31,48.12167878028413,12,0,0,46,0,0,0,0,12,0,0,0,0,0,0,0,0,0,36,0,0,0,0,0,0,10,-0.5384615384615383,0.9999975831341433,0.0
89,58,1s2.2s2.2p6.3s2.3p6.3d10.4s2.4p6.4d10.4f12,4f,4,3,12,3.5,f,0,32,47.365159080568446,11,0,0,46,0,0,0,0,11,0,0,0,0,0,0,0,0,0,36,0,0,0,0,0,0,10,-1.0769230769230766,0.9999975831341433,0.0
89,57,1s2.2s2.2p6.3s2.3p6.3d10.4s2.4p6.4d10.4f11,4f,4,3,11,3.5,f,0,33,46.56470817701302,10,0,0,46,0,0,0,0,10,0,0,0,0,0,0,0,0,0,36,0,0,0,0,0,0,10,-1.615384615384615,0.9999975831341433,0.0
89,56,1s2.2s2.2p6.3s2.3p6.3d10.4s2.4p6.4d10.4f10,4f,4,3,10,3.5,f,0,34,45.76175948408627,9,0,0,46,0,0,0,0,9,0,0,0,0,0,0,0,0,0,36,0,0,0,0,0,0,10,-2.153846153846154,0.9999975831341433,0.0
89,55,1s2.2s2.2p6.3s2.3p6.3d10.4s2.4p6.4d10.4f9,4f,4,3,9,3.5,f,0,35,45.00482525620487,8,0,0,46,0,0,0,0,8,0,0,0,0,0,0,0,0,0,36,0,0,0,0,0,0,10,-2.6923076923076925,0.9999975831341433,0.0
89,54,1s2.2s2.2p6.3s2.3p6.3d10.4s2.4p6.4d10.4f8,4f,4,3,8,3.5,f,0,36,44.26571435083406,7,0,0,46,0,0,0,0,7,0,0,0,0,0,0,0,0,0,36,0,0,0,0,0,0,10,-3.230769230769231,0.9999975831341433,0.0
89,53,1s2.2s2.2p6.3s2.3p6.3d10.4s2.4p6.4d10.4f7,4f,4,3,7,3.5,f,0,37,43.235453992296016,6,0,0,46,0,0,0,0,6,0,0,0,0,0,0,0,0,0,36,0,0,0,0,0,0,10,3.230769230769231,0.9999975831341433,0.0
89,52,1s2.2s2.2p6.3s2.3p6.3d10.4s2.4p6.4d10.4f6,4f,4,3,6,2.5,f,0,38,42.49634308692566,5,0,0,46,0,0,0,0,5,0,0,0,0,0,0,0,0,0,36,0,0,0,0,0,0,10,2.6923076923076925,0.9999975831341433,0.0
89,51,1s2.2s2.2p6.3s2.3p6.3d10.4s2.4p6.4d10.4f5,4f,4,3,5,2.5,f,0,39,41.739408859043806,4,0,0,46,0,0,0,0,4,0,0,0,0,0,0,0,0,0,36,0,0,0,0,0,0,10,2.1538461538461537,0.9999975831341433,0.0
89,50,1s2.2s2.2p6.3s2.3p6.3d10.4s2.4p6.4d10.4f4,4f,4,3,4,2.5,f,0,40,40.937916324885464,3,0,0,46,0,0,0,0,3,0,0,0,0,0,0,0,0,0,36,0,0,0,0,0,0,10,1.6153846153846154,0.9999975831341433,0.0
89,49,1s2.2s2.2p6.3s2.3p6.3d10.4s2.4p6.4d10.4f3,4f,4,3,3,2.5,f,0,41,40.136423790726894,2,0,0,46,0,0,0,0,2,0,0,0,0,0,0,0,0,0,36,0,0,0,0,0,0,10,1.0769230769230769,0.9999975831341433,0.0
89,48,1s2.2s2.2p6.3s2.3p6.3d10.4s2.4p6.4d10.4f2,4f,4,3,2,2.5,f,0,42,39.37948956284549,1,0,0,46,0,0,0,0,1,0,0,0,0,0,0,0,0,0,36,0,0,0,0,0,0,10,0.5384615384615384,0.9999975831341433,0.0
89,47,1s2.2s2.2p6.3s2.3p6.3d10.4s2.4p6.4d10.4f1,4f,4,3,1,2.5,f,0,43,38.640378657474685,0,0,0,46,0,0,0,0,0,0,0,0,0,0,0,0,0,0,36,0,0,0,0,0,0,10,0.0,0.9999975831341433,0.0
89,46,1s2.2s2.2p6.3s2.3p6.3d10.4s2.4p6.4d10,4d,4,2,10,2.5,d,0,44,35.18427854681272,9,0,0,36,0,0,0,9,0,0,0,0,0,0,0,16,10,0,0,0,0,0,0,0,0,10,0.0,0.9999975831341433,0.0
89,45,1s2.2s2.2p6.3s2.3p6.3d10.4s2.4p6.4d9,4d,4,2,9,2.5,d,0,45,34.56268954011648,8,0,0,36,0,0,0,8,0,0,0,0,0,0,0,16,10,0,0,0,0,0,0,0,0,10,-0.5555555555555554,0.9999975831341433,0.0
89,44,1s2.2s2.2p6.3s2.3p6.3d10.4s2.4p6.4d8,4d,4,2,8,2.5,d,0,46,33.90183225775024,7,0,0,36,0,0,0,7,0,0,0,0,0,0,0,16,10,0,0,0,0,0,0,0,0,10,-1.1111111111111112,0.9999975831341433,0.0
89,43,1s2.2s2.2p6.3s2.3p6.3d10.4s2.4p6.4d7,4d,4,2,7,2.5,d,0,47,33.24097497538423,6,0,0,36,0,0,0,6,0,0,0,0,0,0,0,16,10,0,0,0,0,0,0,0,0,10,-1.6666666666666665,0.9999975831341433,0.0
89,42,1s2.2s2.2p6.3s2.3p6.3d10.4s2.4p6.4d6,4d,4,2,6,2.5,d,0,48,32.619385968687766,5,0,0,36,0,0,0,5,0,0,0,0,0,0,0,16,10,0,0,0,0,0,0,0,0,10,-2.2222222222222223,0.9999975831341433,0.0
89,41,1s2.2s2.2p6.3s2.3p6.3d10.4s2.4p6.4d5,4d,4,2,5,2.5,d,0,49,31.77042966985971,4,0,0,36,0,0,0,4,0,0,0,0,0,0,0,16,10,0,0,0,0,0,0,0,0,10,2.2222222222222223,0.9999975831341433,0.0
89,40,1s2.2s2.2p6.3s2.3p6.3d10.4s2.4p6.4d4,4d,4,2,4,1.5,d,0,50,31.14884066316324,3,0,0,36,0,0,0,3,0,0,0,0,0,0,0,16,10,0,0,0,0,0,0,0,0,10,1.6666666666666667,0.9999975831341433,0.0
89,39,1s2.2s2.2p6.3s2.3p6.3d10.4s2.4p6.4d3,4d,4,2,3,1.5,d,0,51,30.487983380797118,2,0,0,36,0,0,0,2,0,0,0,0,0,0,0,16,10,0,0,0,0,0,0,0,0,10,1.1111111111111112,0.9999975831341433,0.0
89,38,1s2.2s2.2p6.3s2.3p6.3d10.4s2.4p6.4d2,4d,4,2,2,1.5,d,0,52,29.82712609843111,1,0,0,36,0,0,0,1,0,0,0,0,0,0,0,16,10,0,0,0,0,0,0,0,0,10,0.5555555555555556,0.9999975831341433,0.0
89,37,1s2.2s2.2p6.3s2.3p6.3d10.4s2.4p6.4d1,4d,4,2,1,1.5,d,0,53,29.20553709173464,0,0,0,36,0,0,0,0,0,0,0,0,0,0,0,16,10,0,0,0,0,0,0,0,0,10,0.0,0.9999975831341433,0.0
89,36,1s2.2s2.2p6.3s2.3p6.3d10.4s2.4p6,4p,4,1,6,1.5,p3,0,54,26.676544772007787,5,20,10,0,0,0,5,0,0,2,8,10,0,8,0,0,0,0,0,0,0,0,0,0,2,0,0.0,0.9999975831341433,0.0
89,35,1s2.2s2.2p6.3s2.3p6.3d10.4s2.4p5,4p,4,1,5,1.5,p3,0,55,26.117340670445287,4,20,10,0,0,0,4,0,0,2,8,10,0,8,0,0,0,0,0,0,0,0,0,0,2,0,-0.6000000000000001,0.9999975831341433,0.0
89,34,1s2.2s2.2p6.3s2.3p6.3d10.4s2.4p4,4p,4,1,4,1.5,p3,0,56,25.558136568882787,3,20,10,0,0,0,3,0,0,2,8,10,0,8,0,0,0,0,0,0,0,0,0,0,2,0,-1.2,0.9999975831341433,0.0
89,33,1s2.2s2.2p6.3s2.3p6.3d10.4s2.4p3,4p,4,1,3,1.5,p3,0,57,24.807678805211026,2,20,10,0,0,0,2,0,0,2,8,10,0,8,0,0,0,0,0,0,0,0,0,0,2,0,1.2,0.9999975831341433,0.0
89,32,1s2.2s2.2p6.3s2.3p6.3d10.4s2.4p2,4p,4,1,2,0.5,p1,0,58,24.24270156046225,1,20,10,0,0,0,1,0,0,2,8,10,0,8,0,0,0,0,0,0,0,0,0,0,2,0,0.6,0.9999975831341433,0.0
89,31,1s2.2s2.2p6.3s2.3p6.3d10.4s2.4p1,4p,4,1,1,0.5,p1,0,59,23.681451647104154,0,20,10,0,0,0,0,0,0,2,8,10,0,8,0,0,0,0,0,0,0,0,0,0,2,0,0.0,0.9999975831341433,0.0
89,30,1s2.2s2.2p6.3s2.3p6.3d10.4s2,4s,4,0,2,0.5,s,0,60,22.126593730819764,1,18,10,0,0,1,0,0,0,0,8,10,0,8,0,0,0,0,0,0,0,0,0,0,2,0,0.0,0.9999975831341433,0.0
89,29,1s2.2s2.2p6.3s2.3p6.3d10.4s1,4s,4,0,1,0.5,s,0,61,21.554071296483926,0,18,10,0,0,0,0,0,0,0,8,10,0,8,0,0,0,0,0,0,0,0,0,0,2,0,0.0,0.9999975831341433,0.0
89,28,1s2.2s2.2p6.3s2.3p6.3d10,3d,3,2,10,2.5,d,0,62,21.379455336979806,9,0,0,18,0,0,0,9,0,0,0,0,0,0,0,16,0,0,0,0,0,0,0,0,0,2,0.0,0.9999975831341433,0.0
89,27,1s2.2s2.2p6.3s2.3p6.3d9,3d,3,2,9,2.5,d,0,63,20.677223194122995,8,0,0,18,0,0,0,8,0,0,0,0,0,0,0,16,0,0,0,0,0,0,0,0,0,2,-0.5555555555555554,0.9999975831341433,0.0
89,26,1s2.2s2.2p6.3s2.3p6.3d8,3d,3,2,8,2.5,d,0,64,19.92856167011884,7,0,0,18,0,0,0,7,0,0,0,0,0,0,0,16,0,0,0,0,0,0,0,0,0,2,-1.1111111111111112,0.9999975831341433,0.0
89,25,1s2.2s2.2p6.3s2.3p6.3d7,3d,3,2,7,2.5,d,0,65,19.180019458485546,6,0,0,18,0,0,0,6,0,0,0,0,0,0,0,16,0,0,0,0,0,0,0,0,0,2,-1.6666666666666665,0.9999975831341433,0.0
89,24,1s2.2s2.2p6.3s2.3p6.3d6,3d,3,2,6,2.5,d,0,66,18.477999944610033,5,0,0,18,0,0,0,5,0,0,0,0,0,0,0,16,0,0,0,0,0,0,0,0,0,2,-2.2222222222222223,0.9999975831341433,0.0
89,23,1s2.2s2.2p6.3s2.3p6.3d5,3d,3,2,5,2.5,d,0,67,17.516342790782076,4,0,0,18,0,0,0,4,0,0,0,0,0,0,0,16,0,0,0,0,0,0,0,0,0,2,2.2222222222222223,0.9999975831341433,0.0
89,22,1s2.2s2.2p6.3s2.3p6.3d4,3d,3,2,4,1.5,d,0,68,16.81369270190474,3,0,0,18,0,0,0,3,0,0,0,0,0,0,0,16,0,0,0,0,0,0,0,0,0,2,1.6666666666666667,0.9999975831341433,0.0
89,21,1s2.2s2.2p6.3s2.3p6.3d3,3d,3,2,3,1.5,d,0,69,16.06581898178117,2,0,0,18,0,0,0,2,0,0,0,0,0,0,0,16,0,0,0,0,0,0,0,0,0,2,1.1111111111111112,0.9999975831341433,0.0
89,20,1s2.2s2.2p6.3s2.3p6.3d2,3d,3,2,2,1.5,d,0,70,15.318236242385085,1,0,0,18,0,0,0,1,0,0,0,0,0,0,0,16,0,0,0,0,0,0,0,0,0,2,0.5555555555555556,0.9999975831341433,0.0
89,19,1s2.2s2.2p6.3s2.3p6.3d1,3d,3,2,1,1.5,d,0,71,14.615753461451872,0,0,0,18,0,0,0,0,0,0,0,0,0,0,0,16,0,0,0,0,0,0,0,0,0,2,0.0,0.9999975831341433,0.0
89,18,1s2.2s2.2p6.3s2.3p6,3p,3,1,6,1.5,p3,0,72,12.667818264554036,5,10,2,0,0,0,5,0,0,2,8,0,0,2,0,0,0,0,0,0,0,0,0,0,0,0,0.0,0.9999975831341433,0.0
89,17,1s2.2s2.2p6.3s2.3p5,3p,3,1,5,1.5,p3,0,73,12.08347223011717,4,10,2,0,0,0,4,0,0,2,8,0,0,2,0,0,0,0,0,0,0,0,0,0,0,0,-0.6000000000000001,0.9999975831341433,0.0
89,16,1s2.2s2.2p6.3s2.3p4,3p,3,1,4,1.5,p3,0,74,11.49928244974415,3,10,2,0,0,0,3,0,0,2,8,0,0,2,0,0,0,0,0,0,0,0,0,0,0,0,-1.2,0.9999975831341433,0.0
89,15,1s2.2s2.2p6.3s2.3p3,3p,3,1,3,1.5,p3,0,75,10.730818199117742,2,10,2,0,0,0,2,0,0,2,8,0,0,2,0,0,0,0,0,0,0,0,0,0,0,0,1.2,0.9999975831341433,0.0
89,14,1s2.2s2.2p6.3s2.3p2,3p,3,1,2,0.5,p1,0,76,10.145247180423096,1,10,2,0,0,0,1,0,0,2,8,0,0,2,0,0,0,0,0,0,0,0,0,0,0,0,0.6,0.9999975831341433,0.0
89,13,1s2.2s2.2p6.3s2.3p1,3p,3,1,1,0.5,p1,0,77,9.559774441642945,0,10,2,0,0,0,0,0,0,2,8,0,0,2,0,0,0,0,0,0,0,0,0,0,0,0,0.0,0.9999975831341433,0.0
89,12,1s2.2s2.2p6.3s2,3s,3,0,2,0.5,s,0,78,8.35113401342552,1,8,2,0,0,1,0,0,0,0,8,0,0,2,0,0,0,0,0,0,0,0,0,0,0,0,0.0,0.9999975831341433,0.0
89,11,1s2.2s2.2p6.3s1,3s,3,0,1,0.5,s,0,79,7.7856408855844075,0,8,2,0,0,0,0,0,0,0,8,0,0,2,0,0,0,0,0,0,0,0,0,0,0,0,0.0,0.9999975831341433,0.0
89,10,1s2.2s2.2p6,2p,2,1,6,1.5,p3,0,80,6.545979557232126,5,4,0,0,0,0,5,0,0,2,2,0,0,0,0,0,0,0,0,0,0,0,0,0,0,0,0.0,0.9999975831341433,0.0
89,9,1s2.2s2.2p5,2p,2,1,5,1.5,p3,0,81,5.88972955723213,4,4,0,0,0,0,4,0,0,2,2,0,0,0,0,0,0,0,0,0,0,0,0,0,0,0,-0.6000000000000001,0.9999975831341433,0.0
89,8,1s2.2s2.2p4,2p,2,1,4,1.5,p3,0,82,5.233479557232133,3,4,0,0,0,0,3,0,0,2,2,0,0,0,0,0,0,0,0,0,0,0,0,0,0,0,-1.2,0.9999975831341433,0.0
89,7,1s2.2s2.2p3,2p,2,1,3,1.5,p3,0,83,4.378670782625834,2,4,0,0,0,0,2,0,0,2,2,0,0,0,0,0,0,0,0,0,0,0,0,0,0,0,1.2,0.9999975831341433,0.0
89,6,1s2.2s2.2p2,2p,2,1,2,0.5,p1,0,84,3.7253535771907345,1,4,0,0,0,0,1,0,0,2,2,0,0,0,0,0,0,0,0,0,0,0,0,0,0,0,0.6,0.9999975831341433,0.0
89,5,1s2.2s2.2p1,2p,2,1,1,0.5,p1,0,85,3.0730091792350134,0,4,0,0,0,0,0,0,0,2,2,0,0,0,0,0,0,0,0,0,0,0,0,0,0,0,0.0,0.9999975831341433,0.0
89,4,1s2.2s2,2s,2,0,2,0.5,s,0,86,2.145875983124917,1,2,0,0,0,1,0,0,0,0,2,0,0,0,0,0,0,0,0,0,0,0,0,0,0,0,0.0,0.9999975831341433,68.84782589934053
89,3,1s2.2s1,2s,2,0,1,0.5,s,0,87,1.5912208504801093,0,2,0,0,0,0,0,0,0,0,2,0,0,0,0,0,0,0,0,0,0,0,0,0,0,0,0.0,0.9999975831341433,68.84782589934053
89,2,1s2,1s,1,0,2,0.5,s,0,88,0.625,1,0,0,0,0,1,0,0,0,0,0,0,0,0,0,0,0,0,0,0,0,0,0,0,0,0,0.0,0.9999975831341433,373.69746364544045
89,1,1s1,1s,1,0,1,0.5,s,0,89,0.0,0,0,0,0,0,0,0,0,0,0,0,0,0,0,0,0,0,0,0,0,0,0,0,0,0,0,0.0,0.9999975831341433,373.69746364544045
90,90,1s2.2s2.2p6.3s2.3p6.3d10.4s2.4p6.4d10.4f14.5s2.5p6.5d10.6s2.6p6.6d2.7s2,6d,6,2,2,1.5,d,0,1,70.83824088956102,1,0,0,86,2,0,0,1,0,0,0,0,0,0,0,16,10,0,0,0,0,0,2,0,0,60,0.5555555555555556,0.999997635324469,0.0
90,89,1s2.2s2.2p6.3s2.3p6.3d10.4s2.4p6.4d10.4f14.5s2.5p6.5d10.6s2.6p6.6d1.7s2,7s,7,0,2,0.5,s,1,2,69.93455600002835,1,9,78,0,0,1,0,0,0,0,8,1,0,8,10,0,0,0,0,0,0,0,0,0,60,0,0.0,0.999997635324469,0.0
90,88,1s2.2s2.2p6.3s2.3p6.3d10.4s2.4p6.4d10.4f14.5s2.5p6.5d10.5f1.6s2.6p6.6d1,6d,6,2,1,1.5,d,0,3,70.01693050525874,0,0,0,87,0,0,0,0,0,0,0,0,0,0,0,16,10,1,0,0,0,0,0,0,0,60,0.0,0.999997635324469,0.0
90,87,1s2.2s2.2p6.3s2.3p6.3d10.4s2.4p6.4d10.4f14.5s2.5p6.5d10.5f1.6s2.6p6,5f,5,3,1,2.5,f,0,4,68.47351253571203,0,0,0,78,8,0,0,0,0,0,0,0,0,0,0,0,0,0,36,14,0,0,0,8,0,28,0.0,0.999997635324469,0.0
90,86,1s2.2s2.2p6.3s2.3p6.3d10.4s2.4p6.4d10.4f14.5s2.5p6.5d10.6s2.6p6,6p,6,1,6,1.5,p3,0,5,66.08845925691442,5,20,60,0,0,0,5,0,0,2,8,10,0,8,24,0,0,0,0,0,0,0,0,0,28,0,0.0,0.999997635324469,0.0
90,85,1s2.2s2.2p6.3s2.3p6.3d10.4s2.4p6.4d10.4f14.5s2.5p6.5d10.6s2.6p5,6p,6,1,5,1.5,p3,0,6,65.54478478791641,4,20,60,0,0,0,4,0,0,2,8,10,0,8,24,0,0,0,0,0,0,0,0,0,28,0,-0.6000000000000001,0.999997635324469,0.0
90,84,1s2.2s2.2p6.3s2.3p6.3d10.4s2.4p6.4d10.4f14.5s2.5p6.5d10.6s2.6p4,6p,6,1,4,1.5,p3,0,7,65.00111031892263,3,20,60,0,0,0,3,0,0,2,8,10,0,8,24,0,0,0,0,0,0,0,0,0,28,0,-1.2,0.999997635324469,0.0
90,83,1s2.2s2.2p6.3s2.3p6.3d10.4s2.4p6.4d10.4f14.5s2.5p6.5d10.6s2.6p3,6p,6,1,3,1.5,p3,0,8,64.26762509706408,2,20,60,0,0,0,2,0,0,2,8,10,0,8,24,0,0,0,0,0,0,0,0,0,28,0,1.2,0.999997635324469,0.0
90,82,1s2.2s2.2p6.3s2.3p6.3d10.4s2.4p6.4d10.4f14.5s2.5p6.5d10.6s2.6p2,6p,6,1,2,0.5,p1,0,9,63.72395062806516,1,20,60,0,0,0,1,0,0,2,8,10,0,8,24,0,0,0,0,0,0,0,0,0,28,0,0.6,0.999997635324469,0.0
90,81,1s2.2s2.2p6.3s2.3p6.3d10.4s2.4p6.4d10.4f14.5s2.5p6.5d10.6s2.6p1,6p,6,1,1,0.5,p1,0,10,63.18027615907542,0,20,60,0,0,0,0,0,0,2,8,10,0,8,24,0,0,0,0,0,0,0,0,0,28,0,0.0,0.999997635324469,0.0
90,80,1s2.2s2.2p6.3s2.3p6.3d10.4s2.4p6.4d10.4f14.5s2.5p6.5d10.6s2,6s,6,0,2,0.5,s,0,11,61.277186621795714,1,18,60,0,0,1,0,0,0,0,8,10,0,8,24,0,0,0,0,0,0,0,0,0,28,0,0.0,0.999997635324469,0.0
90,79,1s2.2s2.2p6.3s2.3p6.3d10.4s2.4p6.4d10.4f14.5s2.5p6.5d10.6s1,6s,6,0,1,0.5,s,0,12,60.68175720132819,0,18,60,0,0,0,0,0,0,0,8,10,0,8,24,0,0,0,0,0,0,0,0,0,28,0,0.0,0.999997635324469,0.0
90,78,1s2.2s2.2p6.3s2.3p6.3d10.4s2.4p6.4d10.4f14.5s2.5p6.5d10,5d,5,2,10,2.5,d,0,13,60.18161976204584,9,0,0,68,0,0,0,9,0,0,0,0,0,0,0,16,10,14,0,0,0,0,0,0,0,28,0.0,0.999997635324469,0.0
90,77,1s2.2s2.2p6.3s2.3p6.3d10.4s2.4p6.4d10.4f14.5s2.5p6.5d9,5d,5,2,9,2.5,d,0,14,59.591820854204364,8,0,0,68,0,0,0,8,0,0,0,0,0,0,0,16,10,14,0,0,0,0,0,0,0,28,-0.5555555555555554,0.999997635324469,0.0
90,76,1s2.2s2.2p6.3s2.3p6.3d10.4s2.4p6.4d10.4f14.5s2.5p6.5d8,5d,5,2,8,2.5,d,0,15,58.964892641510204,7,0,0,68,0,0,0,7,0,0,0,0,0,0,0,16,10,14,0,0,0,0,0,0,0,28,-1.1111111111111112,0.999997635324469,0.0
90,75,1s2.2s2.2p6.3s2.3p6.3d10.4s2.4p6.4d10.4f14.5s2.5p6.5d7,5d,5,2,7,2.5,d,0,16,58.33796442882129,6,0,0,68,0,0,0,6,0,0,0,0,0,0,0,16,10,14,0,0,0,0,0,0,0,28,-1.6666666666666665,0.999997635324469,0.0
90,74,1s2.2s2.2p6.3s2.3p6.3d10.4s2.4p6.4d10.4f14.5s2.5p6.5d6,5d,5,2,6,2.5,d,0,17,57.74816552097457,5,0,0,68,0,0,0,5,0,0,0,0,0,0,0,16,10,14,0,0,0,0,0,0,0,28,-2.2222222222222223,0.999997635324469,0.0
90,73,1s2.2s2.2p6.3s2.3p6.3d10.4s2.4p6.4d10.4f14.5s2.5p6.5d5,5d,5,2,5,2.5,d,0,18,56.939981578454784,4,0,0,68,0,0,0,4,0,0,0,0,0,0,0,16,10,14,0,0,0,0,0,0,0,28,2.2222222222222223,0.999997635324469,0.0
90,72,1s2.2s2.2p6.3s2.3p6.3d10.4s2.4p6.4d10.4f14.5s2.5p6.5d4,5d,5,2,4,1.5,d,0,19,56.35018267060813,3,0,0,68,0,0,0,3,0,0,0,0,0,0,0,16,10,14,0,0,0,0,0,0,0,28,1.6666666666666667,0.999997635324469,0.0
90,71,1s2.2s2.2p6.3s2.3p6.3d10.4s2.4p6.4d10.4f14.5s2.5p6.5d3,5d,5,2,3,1.5,d,0,20,55.72325445791909,2,0,0,68,0,0,0,2,0,0,0,0,0,0,0,16,10,14,0,0,0,0,0,0,0,28,1.1111111111111112,0.999997635324469,0.0
90,70,1s2.2s2.2p6.3s2.3p6.3d10.4s2.4p6.4d10.4f14.5s2.5p6.5d2,5d,5,2,2,1.5,d,0,21,55.09632624522511,1,0,0,68,0,0,0,1,0,0,0,0,0,0,0,16,10,14,0,0,0,0,0,0,0,28,0.5555555555555556,0.999997635324469,0.0
90,69,1s2.2s2.2p6.3s2.3p6.3d10.4s2.4p6.4d10.4f14.5s2.5p6.5d1,5d,5,2,1,1.5,d,0,22,54.50652733738305,0,0,0,68,0,0,0,0,0,0,0,0,0,0,0,16,10,14,0,0,0,0,0,0,0,28,0.0,0.999997635324469,0.0
90,68,1s2.2s2.2p6.3s2.3p6.3d10.4s2.4p6.4d10.4f14.5s2.5p6,5p,5,1,6,1.5,p3,0,23,51.291318007282406,5,34,28,0,0,0,5,0,0,2,8,10,14,8,10,0,0,0,0,0,0,0,0,0,10,0,0.0,0.999997635324469,0.0
90,67,1s2.2s2.2p6.3s2.3p6.3d10.4s2.4p6.4d10.4f14.5s2.5p5,5p,5,1,5,1.5,p3,0,24,50.7422457416599,4,34,28,0,0,0,4,0,0,2,8,10,14,8,10,0,0,0,0,0,0,0,0,0,10,0,-0.6000000000000001,0.999997635324469,0.0
90,66,1s2.2s2.2p6.3s2.3p6.3d10.4s2.4p6.4d10.4f14.5s2.5p4,5p,5,1,4,1.5,p3,0,25,50.193173476032534,3,34,28,0,0,0,3,0,0,2,8,10,14,8,10,0,0,0,0,0,0,0,0,0,10,0,-1.2,0.999997635324469,0.0
90,65,1s2.2s2.2p6.3s2.3p6.3d10.4s2.4p6.4d10.4f14.5s2.5p3,5p,5,1,3,1.5,p3,0,26,49.453854628378465,2,34,28,0,0,0,2,0,0,2,8,10,14,8,10,0,0,0,0,0,0,0,0,0,10,0,1.2,0.999997635324469,0.0
90,64,1s2.2s2.2p6.3s2.3p6.3d10.4s2.4p6.4d10.4f14.5s2.5p2,5p,5,1,2,0.5,p1,0,27,48.904782362751156,1,34,28,0,0,0,1,0,0,2,8,10,14,8,10,0,0,0,0,0,0,0,0,0,10,0,0.6,0.999997635324469,0.0
90,63,1s2.2s2.2p6.3s2.3p6.3d10.4s2.4p6.4d10.4f14.5s2.5p1,5p,5,1,1,0.5,p1,0,28,48.348958444362786,0,34,28,0,0,0,0,0,0,2,8,10,14,8,10,0,0,0,0,0,0,0,0,0,10,0,0.0,0.999997635324469,0.0
90,62,1s2.2s2.2p6.3s2.3p6.3d10.4s2.4p6.4d10.4f14.5s2,5s,5,0,2,0.5,s,0,29,46.43547188585159,1,32,28,0,0,1,0,0,0,0,8,10,14,8,10,0,0,0,0,0,0,0,0,0,10,0,0.0,0.999997635324469,0.0
90,61,1s2.2s2.2p6.3s2.3p6.3d10.4s2.4p6.4d10.4f14.5s1,5s,5,0,1,0.5,s,0,30,45.85856833278497,0,32,28,0,0,0,0,0,0,0,8,10,14,8,10,0,0,0,0,0,0,0,0,0,10,0,0.0,0.999997635324469,0.0
90,60,1s2.2s2.2p6.3s2.3p6.3d10.4s2.4p6.4d10.4f14,4f,4,3,14,3.5,f,0,31,48.86078968565812,13,0,0,46,0,0,0,0,13,0,0,0,0,0,0,0,0,0,36,0,0,0,0,0,0,10,0.0,0.999997635324469,0.0
90,59,1s2.2s2.2p6.3s2.3p6.3d10.4s2.4p6.4d10.4f13,4f,4,3,13,3.5,f,0,32,48.12167878028413,12,0,0,46,0,0,0,0,12,0,0,0,0,0,0,0,0,0,36,0,0,0,0,0,0,10,-0.5384615384615383,0.999997635324469,0.0
90,58,1s2.2s2.2p6.3s2.3p6.3d10.4s2.4p6.4d10.4f12,4f,4,3,12,3.5,f,0,33,47.365159080568446,11,0,0,46,0,0,0,0,11,0,0,0,0,0,0,0,0,0,36,0,0,0,0,0,0,10,-1.0769230769230766,0.999997635324469,0.0
90,57,1s2.2s2.2p6.3s2.3p6.3d10.4s2.4p6.4d10.4f11,4f,4,3,11,3.5,f,0,34,46.56470817701302,10,0,0,46,0,0,0,0,10,0,0,0,0,0,0,0,0,0,36,0,0,0,0,0,0,10,-1.615384615384615,0.999997635324469,0.0
90,56,1s2.2s2.2p6.3s2.3p6.3d10.4s2.4p6.4d10.4f10,4f,4,3,10,3.5,f,0,35,45.76175948408627,9,0,0,46,0,0,0,0,9,0,0,0,0,0,0,0,0,0,36,0,0,0,0,0,0,10,-2.153846153846154,0.999997635324469,0.0
90,55,1s2.2s2.2p6.3s2.3p6.3d10.4s2.4p6.4d10.4f9,4f,4,3,9,3.5,f,0,36,45.00482525620487,8,0,0,46,0,0,0,0,8,0,0,0,0,0,0,0,0,0,36,0,0,0,0,0,0,10,-2.6923076923076925,0.999997635324469,0.0
90,54,1s2.2s2.2p6.3s2.3p6.3d10.4s2.4p6.4d10.4f8,4f,4,3,8,3.5,f,0,37,44.26571435083406,7,0,0,46,0,0,0,0,7,0,0,0,0,0,0,0,0,0,36,0,0,0,0,0,0,10,-3.230769230769231,0.999997635324469,0.0
90,53,1s2.2s2.2p6.3s2.3p6.3d10.4s2.4p6.4d10.4f7,4f,4,3,7,3.5,f,0,38,43.235453992296016,6,0,0,46,0,0,0,0,6,0,0,0,0,0,0,0,0,0,36,0,0,0,0,0,0,10,3.230769230769231,0.999997635324469,0.0
90,52,1s2.2s2.2p6.3s2.3p6.3d10.4s2.4p6.4d10.4f6,4f,4,3,6,2.5,f,0,39,42.49634308692566,5,0,0,46,0,0,0,0,5,0,0,0,0,0,0,0,0,0,36,0,0,0,0,0,0,10,2.6923076923076925,0.999997635324469,0.0
90,51,1s2.2s2.2p6.3s2.3p6.3d10.4s2.4p6.4d10.4f5,4f,4,3,5,2.5,f,0,40,41.739408859043806,4,0,0,46,0,0,0,0,4,0,0,0,0,0,0,0,0,0,36,0,0,0,0,0,0,10,2.1538461538461537,0.999997635324469,0.0
90,50,1s2.2s2.2p6.3s2.3p6.3d10.4s2.4p6.4d10.4f4,4f,4,3,4,2.5,f,0,41,40.937916324885464,3,0,0,46,0,0,0,0,3,0,0,0,0,0,0,0,0,0,36,0,0,0,0,0,0,10,1.6153846153846154,0.999997635324469,0.0
90,49,1s2.2s2.2p6.3s2.3p6.3d10.4s2.4p6.4d10.4f3,4f,4,3,3,2.5,f,0,42,40.136423790726894,2,0,0,46,0,0,0,0,2,0,0,0,0,0,0,0,0,0,36,0,0,0,0,0,0,10,1.0769230769230769,0.999997635324469,0.0
90,48,1s2.2s2.2p6.3s2.3p6.3d10.4s2.4p6.4d10.4f2,4f,4,3,2,2.5,f,0,43,39.37948956284549,1,0,0,46,0,0,0,0,1,0,0,0,0,0,0,0,0,0,36,0,0,0,0,0,0,10,0.5384615384615384,0.999997635324469,0.0
90,47,1s2.2s2.2p6.3s2.3p6.3d10.4s2.4p6.4d10.4f1,4f,4,3,1,2.5,f,0,44,38.640378657474685,0,0,0,46,0,0,0,0,0,0,0,0,0,0,0,0,0,0,36,0,0,0,0,0,0,10,0.0,0.999997635324469,0.0
90,46,1s2.2s2.2p6.3s2.3p6.3d10.4s2.4p6.4d10,4d,4,2,10,2.5,d,0,45,35.18427854681272,9,0,0,36,0,0,0,9,0,0,0,0,0,0,0,16,10,0,0,0,0,0,0,0,0,10,0.0,0.999997635324469,0.0
90,45,1s2.2s2.2p6.3s2.3p6.3d10.4s2.4p6.4d9,4d,4,2,9,2.5,d,0,46,34.56268954011648,8,0,0,36,0,0,0,8,0,0,0,0,0,0,0,16,10,0,0,0,0,0,0,0,0,10,-0.5555555555555554,0.999997635324469,0.0
90,44,1s2.2s2.2p6.3s2.3p6.3d10.4s2.4p6.4d8,4d,4,2,8,2.5,d,0,47,33.90183225775024,7,0,0,36,0,0,0,7,0,0,0,0,0,0,0,16,10,0,0,0,0,0,0,0,0,10,-1.1111111111111112,0.999997635324469,0.0
90,43,1s2.2s2.2p6.3s2.3p6.3d10.4s2.4p6.4d7,4d,4,2,7,2.5,d,0,48,33.24097497538423,6,0,0,36,0,0,0,6,0,0,0,0,0,0,0,16,10,0,0,0,0,0,0,0,0,10,-1.6666666666666665,0.999997635324469,0.0
90,42,1s2.2s2.2p6.3s2.3p6.3d10.4s2.4p6.4d6,4d,4,2,6,2.5,d,0,49,32.619385968687766,5,0,0,36,0,0,0,5,0,0,0,0,0,0,0,16,10,0,0,0,0,0,0,0,0,10,-2.2222222222222223,0.999997635324469,0.0
90,41,1s2.2s2.2p6.3s2.3p6.3d10.4s2.4p6.4d5,4d,4,2,5,2.5,d,0,50,31.77042966985971,4,0,0,36,0,0,0,4,0,0,0,0,0,0,0,16,10,0,0,0,0,0,0,0,0,10,2.2222222222222223,0.999997635324469,0.0
90,40,1s2.2s2.2p6.3s2.3p6.3d10.4s2.4p6.4d4,4d,4,2,4,1.5,d,0,51,31.14884066316324,3,0,0,36,0,0,0,3,0,0,0,0,0,0,0,16,10,0,0,0,0,0,0,0,0,10,1.6666666666666667,0.999997635324469,0.0
90,39,1s2.2s2.2p6.3s2.3p6.3d10.4s2.4p6.4d3,4d,4,2,3,1.5,d,0,52,30.487983380797118,2,0,0,36,0,0,0,2,0,0,0,0,0,0,0,16,10,0,0,0,0,0,0,0,0,10,1.1111111111111112,0.999997635324469,0.0
90,38,1s2.2s2.2p6.3s2.3p6.3d10.4s2.4p6.4d2,4d,4,2,2,1.5,d,0,53,29.82712609843111,1,0,0,36,0,0,0,1,0,0,0,0,0,0,0,16,10,0,0,0,0,0,0,0,0,10,0.5555555555555556,0.999997635324469,0.0
90,37,1s2.2s2.2p6.3s2.3p6.3d10.4s2.4p6.4d1,4d,4,2,1,1.5,d,0,54,29.20553709173464,0,0,0,36,0,0,0,0,0,0,0,0,0,0,0,16,10,0,0,0,0,0,0,0,0,10,0.0,0.999997635324469,0.0
90,36,1s2.2s2.2p6.3s2.3p6.3d10.4s2.4p6,4p,4,1,6,1.5,p3,0,55,26.676544772007787,5,20,10,0,0,0,5,0,0,2,8,10,0,8,0,0,0,0,0,0,0,0,0,0,2,0,0.0,0.999997635324469,0.0
90,35,1s2.2s2.2p6.3s2.3p6.3d10.4s2.4p5,4p,4,1,5,1.5,p3,0,56,26.117340670445287,4,20,10,0,0,0,4,0,0,2,8,10,0,8,0,0,0,0,0,0,0,0,0,0,2,0,-0.6000000000000001,0.999997635324469,0.0
90,34,1s2.2s2.2p6.3s2.3p6.3d10.4s2.4p4,4p,4,1,4,1.5,p3,0,57,25.558136568882787,3,20,10,0,0,0,3,0,0,2,8,10,0,8,0,0,0,0,0,0,0,0,0,0,2,0,-1.2,0.999997635324469,0.0
90,33,1s2.2s2.2p6.3s2.3p6.3d10.4s2.4p3,4p,4,1,3,1.5,p3,0,58,24.807678805211026,2,20,10,0,0,0,2,0,0,2,8,10,0,8,0,0,0,0,0,0,0,0,0,0,2,0,1.2,0.999997635324469,0.0
90,32,1s2.2s2.2p6.3s2.3p6.3d10.4s2.4p2,4p,4,1,2,0.5,p1,0,59,24.24270156046225,1,20,10,0,0,0,1,0,0,2,8,10,0,8,0,0,0,0,0,0,0,0,0,0,2,0,0.6,0.999997635324469,0.0
90,31,1s2.2s2.2p6.3s2.3p6.3d10.4s2.4p1,4p,4,1,1,0.5,p1,0,60,23.681451647104154,0,20,10,0,0,0,0,0,0,2,8,10,0,8,0,0,0,0,0,0,0,0,0,0,2,0,0.0,0.999997635324469,0.0
90,30,1s2.2s2.2p6.3s2.3p6.3d10.4s2,4s,4,0,2,0.5,s,0,61,22.126593730819764,1,18,10,0,0,1,0,0,0,0,8,10,0,8,0,0,0,0,0,0,0,0,0,0,2,0,0.0,0.999997635324469,0.0
90,29,1s2.2s2.2p6.3s2.3p6.3d10.4s1,4s,4,0,1,0.5,s,0,62,21.554071296483926,0,18,10,0,0,0,0,0,0,0,8,10,0,8,0,0,0,0,0,0,0,0,0,0,2,0,0.0,0.999997635324469,0.0
90,28,1s2.2s2.2p6.3s2.3p6.3d10,3d,3,2,10,2.5,d,0,63,21.379455336979806,9,0,0,18,0,0,0,9,0,0,0,0,0,0,0,16,0,0,0,0,0,0,0,0,0,2,0.0,0.999997635324469,0.0
90,27,1s2.2s2.2p6.3s2.3p6.3d9,3d,3,2,9,2.5,d,0,64,20.677223194122995,8,0,0,18,0,0,0,8,0,0,0,0,0,0,0,16,0,0,0,0,0,0,0,0,0,2,-0.5555555555555554,0.999997635324469,0.0
90,26,1s2.2s2.2p6.3s2.3p6.3d8,3d,3,2,8,2.5,d,0,65,19.92856167011884,7,0,0,18,0,0,0,7,0,0,0,0,0,0,0,16,0,0,0,0,0,0,0,0,0,2,-1.1111111111111112,0.999997635324469,0.0
90,25,1s2.2s2.2p6.3s2.3p6.3d7,3d,3,2,7,2.5,d,0,66,19.180019458485546,6,0,0,18,0,0,0,6,0,0,0,0,0,0,0,16,0,0,0,0,0,0,0,0,0,2,-1.6666666666666665,0.999997635324469,0.0
90,24,1s2.2s2.2p6.3s2.3p6.3d6,3d,3,2,6,2.5,d,0,67,18.477999944610033,5,0,0,18,0,0,0,5,0,0,0,0,0,0,0,16,0,0,0,0,0,0,0,0,0,2,-2.2222222222222223,0.999997635324469,0.0
90,23,1s2.2s2.2p6.3s2.3p6.3d5,3d,3,2,5,2.5,d,0,68,17.516342790782076,4,0,0,18,0,0,0,4,0,0,0,0,0,0,0,16,0,0,0,0,0,0,0,0,0,2,2.2222222222222223,0.999997635324469,0.0
90,22,1s2.2s2.2p6.3s2.3p6.3d4,3d,3,2,4,1.5,d,0,69,16.81369270190474,3,0,0,18,0,0,0,3,0,0,0,0,0,0,0,16,0,0,0,0,0,0,0,0,0,2,1.6666666666666667,0.999997635324469,0.0
90,21,1s2.2s2.2p6.3s2.3p6.3d3,3d,3,2,3,1.5,d,0,70,16.06581898178117,2,0,0,18,0,0,0,2,0,0,0,0,0,0,0,16,0,0,0,0,0,0,0,0,0,2,1.1111111111111112,0.999997635324469,0.0
90,20,1s2.2s2.2p6.3s2.3p6.3d2,3d,3,2,2,1.5,d,0,71,15.318236242385085,1,0,0,18,0,0,0,1,0,0,0,0,0,0,0,16,0,0,0,0,0,0,0,0,0,2,0.5555555555555556,0.999997635324469,0.0
90,19,1s2.2s2.2p6.3s2.3p6.3d1,3d,3,2,1,1.5,d,0,72,14.615753461451872,0,0,0,18,0,0,0,0,0,0,0,0,0,0,0,16,0,0,0,0,0,0,0,0,0,2,0.0,0.999997635324469,0.0
90,18,1s2.2s2.2p6.3s2.3p6,3p,3,1,6,1.5,p3,0,73,12.667818264554036,5,10,2,0,0,0,5,0,0,2,8,0,0,2,0,0,0,0,0,0,0,0,0,0,0,0,0.0,0.999997635324469,0.0
90,17,1s2.2s2.2p6.3s2.3p5,3p,3,1,5,1.5,p3,0,74,12.08347223011717,4,10,2,0,0,0,4,0,0,2,8,0,0,2,0,0,0,0,0,0,0,0,0,0,0,0,-0.6000000000000001,0.999997635324469,0.0
90,16,1s2.2s2.2p6.3s2.3p4,3p,3,1,4,1.5,p3,0,75,11.49928244974415,3,10,2,0,0,0,3,0,0,2,8,0,0,2,0,0,0,0,0,0,0,0,0,0,0,0,-1.2,0.999997635324469,0.0
90,15,1s2.2s2.2p6.3s2.3p3,3p,3,1,3,1.5,p3,0,76,10.730818199117742,2,10,2,0,0,0,2,0,0,2,8,0,0,2,0,0,0,0,0,0,0,0,0,0,0,0,1.2,0.999997635324469,0.0
90,14,1s2.2s2.2p6.3s2.3p2,3p,3,1,2,0.5,p1,0,77,10.145247180423096,1,10,2,0,0,0,1,0,0,2,8,0,0,2,0,0,0,0,0,0,0,0,0,0,0,0,0.6,0.999997635324469,0.0
90,13,1s2.2s2.2p6.3s2.3p1,3p,3,1,1,0.5,p1,0,78,9.559774441642945,0,10,2,0,0,0,0,0,0,2,8,0,0,2,0,0,0,0,0,0,0,0,0,0,0,0,0.0,0.999997635324469,0.0
90,12,1s2.2s2.2p6.3s2,3s,3,0,2,0.5,s,0,79,8.35113401342552,1,8,2,0,0,1,0,0,0,0,8,0,0,2,0,0,0,0,0,0,0,0,0,0,0,0,0.0,0.999997635324469,0.0
90,11,1s2.2s2.2p6.3s1,3s,3,0,1,0.5,s,0,80,7.7856408855844075,0,8,2,0,0,0,0,0,0,0,8,0,0,2,0,0,0,0,0,0,0,0,0,0,0,0,0.0,0.999997635324469,0.0
90,10,1s2.2s2.2p6,2p,2,1,6,1.5,p3,0,81,6.545979557232126,5,4,0,0,0,0,5,0,0,2,2,0,0,0,0,0,0,0,0,0,0,0,0,0,0,0,0.0,0.999997635324469,0.0
90,9,1s2.2s2.2p5,2p,2,1,5,1.5,p3,0,82,5.88972955723213,4,4,0,0,0,0,4,0,0,2,2,0,0,0,0,0,0,0,0,0,0,0,0,0,0,0,-0.6000000000000001,0.999997635324469,0.0
90,8,1s2.2s2.2p4,2p,2,1,4,1.5,p3,0,83,5.233479557232133,3,4,0,0,0,0,3,0,0,2,2,0,0,0,0,0,0,0,0,0,0,0,0,0,0,0,-1.2,0.999997635324469,0.0
90,7,1s2.2s2.2p3,2p,2,1,3,1.5,p3,0,84,4.378670782625834,2,4,0,0,0,0,2,0,0,2,2,0,0,0,0,0,0,0,0,0,0,0,0,0,0,0,1.2,0.999997635324469,0.0
90,6,1s2.2s2.2p2,2p,2,1,2,0.5,p1,0,85,3.7253535771907345,1,4,0,0,0,0,1,0,0,2,2,0,0,0,0,0,0,0,0,0,0,0,0,0,0,0,0.6,0.999997635324469,0.0
90,5,1s2.2s2.2p1,2p,2,1,1,0.5,p1,0,86,3.0730091792350134,0,4,0,0,0,0,0,0,0,2,2,0,0,0,0,0,0,0,0,0,0,0,0,0,0,0,0.0,0.999997635324469,0.0
90,4,1s2.2s2,2s,2,0,2,0.5,s,0,87,2.145875983124917,1,2,0,0,0,1,0,0,0,0,2,0,0,0,0,0,0,0,0,0,0,0,0,0,0,0,0.0,0.999997635324469,74.67414904560432
90,3,1s2.2s1,2s,2,0,1,0.5,s,0,88,1.5912208504801093,0,2,0,0,0,0,0,0,0,0,2,0,0,0,0,0,0,0,0,0,0,0,0,0,0,0,0.0,0.999997635324469,74.67414904560432
90,2,1s2,1s,1,0,2,0.5,s,0,89,0.625,1,0,0,0,0,1,0,0,0,0,0,0,0,0,0,0,0,0,0,0,0,0,0,0,0,0,0.0,0.999997635324469,402.34502286085257
90,1,1s1,1s,1,0,1,0.5,s,0,90,0.0,0,0,0,0,0,0,0,0,0,0,0,0,0,0,0,0,0,0,0,0,0,0,0,0,0,0,0.0,0.999997635324469,402.34502286085257
91,91,1s2.2s2.2p6.3s2.3p6.3d10.4s2.4p6.4d10.4f14.5s2.5p6.5d10.5f2.6s2.6p6.6d1.7s2,6d,6,2,1,1.5,d,0,1,71.73436989010942,0,0,0,88,2,0,0,0,0,0,0,0,0,0,0,16,10,2,0,0,0,0,2,0,0,60,0.0,0.9999976250641233,0.0
91,90,1s2.2s2.2p6.3s2.3p6.3d10.4s2.4p6.4d10.4f14.5s2.5p6.5d10.5f2.6s2.6p6.7s2,7s,7,0,2,0.5,s,1,2,70.7667104696723,1,8,80,0,0,1,0,0,0,0,8,0,0,8,12,0,0,0,0,0,0,0,0,0,60,0,0.0,0.9999976250641233,0.0
91,89,1s2.2s2.2p6.3s2.3p6.3d10.4s2.4p6.4d10.4f14.5s2.5p6.5d10.5f2.6s2.6p6.6d1,6d,6,2,1,1.5,d,0,3,70.74549543784319,0,0,0,88,0,0,0,0,0,0,0,0,0,0,0,16,10,2,0,0,0,0,0,0,0,60,0.0,0.9999976250641233,0.0
91,88,1s2.2s2.2p6.3s2.3p6.3d10.4s2.4p6.4d10.4f14.5s2.5p6.5d10.5f2.6s2.6p6,5f,5,3,2,2.5,f,0,4,69.13124574285524,1,0,0,78,8,0,0,0,1,0,0,0,0,0,0,0,0,0,36,14,0,0,0,8,0,28,0.5384615384615384,0.9999976250641233,0.0
91,87,1s2.2s2.2p6.3s2.3p6.3d10.4s2.4p6.4d10.4f14.5s2.5p6.5d10.5f1.6s2.6p6,5f,5,3,1,2.5,f,0,5,68.47351253571203,0,0,0,78,8,0,0,0,0,0,0,0,0,0,0,0,0,0,36,14,0,0,0,8,0,28,0.0,0.9999976250641233,0.0
91,86,1s2.2s2.2p6.3s2.3p6.3d10.4s2.4p6.4d10.4f14.5s2.5p6.5d10.6s2.6p6,6p,6,1,6,1.5,p3,0,6,66.08845925691442,5,20,60,0,0,0,5,0,0,2,8,10,0,8,24,0,0,0,0,0,0,0,0,0,28,0,0.0,0.9999976250641233,0.0
91,85,1s2.2s2.2p6.3s2.3p6.3d10.4s2.4p6.4d10.4f14.5s2.5p6.5d10.6s2.6p5,6p,6,1,5,1.5,p3,0,7,65.54478478791641,4,20,60,0,0,0,4,0,0,2,8,10,0,8,24,0,0,0,0,0,0,0,0,0,28,0,-0.6000000000000001,0.9999976250641233,0.0
91,84,1s2.2s2.2p6.3s2.3p6.3d10.4s2.4p6.4d10.4f14.5s2.5p6.5d10.6s2.6p4,6p,6,1,4,1.5,p3,0,8,65.00111031892263,3,20,60,0,0,0,3,0,0,2,8,10,0,8,24,0,0,0,0,0,0,0,0,0,28,0,-1.2,0.9999976250641233,0.0
91,83,1s2.2s2.2p6.3s2.3p6.3d10.4s2.4p6.4d10.4f14.5s2.5p6.5d10.6s2.6p3,6p,6,1,3,1.5,p3,0,9,64.26762509706408,2,20,60,0,0,0,2,0,0,2,8,10,0,8,24,0,0,0,0,0,0,0,0,0,28,0,1.2,0.9999976250641233,0.0
91,82,1s2.2s2.2p6.3s2.3p6.3d10.4s2.4p6.4d10.4f14.5s2.5p6.5d10.6s2.6p2,6p,6,1,2,0.5,p1,0,10,63.72395062806516,1,20,60,0,0,0,1,0,0,2,8,10,0,8,24,0,0,0,0,0,0,0,0,0,28,0,0.6,0.9999976250641233,0.0
91,81,1s2.2s2.2p6.3s2.3p6.3d10.4s2.4p6.4d10.4f14.5s2.5p6.5d10.6s2.6p1,6p,6,1,1,0.5,p1,0,11,63.18027615907542,0,20,60,0,0,0,0,0,0,2,8,10,0,8,24,0,0,0,0,0,0,0,0,0,28,0,0.0,0.9999976250641233,0.0
91,80,1s2.2s2.2p6.3s2.3p6.3d10.4s2.4p6.4d10.4f14.5s2.5p6.5d10.6s2,6s,6,0,2,0.5,s,0,12,61.277186621795714,1,18,60,0,0,1,0,0,0,0,8,10,0,8,24,0,0,0,0,0,0,0,0,0,28,0,0.0,0.9999976250641233,0.0
91,79,1s2.2s2.2p6.3s2.3p6.3d10.4s2.4p6.4d10.4f14.5s2.5p6.5d10.6s1,6s,6,0,1,0.5,s,0,13,60.68175720132819,0,18,60,0,0,0,0,0,0,0,8,10,0,8,24,0,0,0,0,0,0,0,0,0,28,0,0.0,0.9999976250641233,0.0
91,78,1s2.2s2.2p6.3s2.3p6.3d10.4s2.4p6.4d10.4f14.5s2.5p6.5d10,5d,5,2,10,2.5,d,0,14,60.18161976204584,9,0,0,68,0,0,0,9,0,0,0,0,0,0,0,16,10,14,0,0,0,0,0,0,0,28,0.0,0.9999976250641233,0.0
91,77,1s2.2s2.2p6.3s2.3p6.3d10.4s2.4p6.4d10.4f14.5s2.5p6.5d9,5d,5,2,9,2.5,d,0,15,59.591820854204364,8,0,0,68,0,0,0,8,0,0,0,0,0,0,0,16,10,14,0,0,0,0,0,0,0,28,-0.5555555555555554,0.9999976250641233,0.0
91,76,1s2.2s2.2p6.3s2.3p6.3d10.4s2.4p6.4d10.4f14.5s2.5p6.5d8,5d,5,2,8,2.5,d,0,16,58.964892641510204,7,0,0,68,0,0,0,7,0,0,0,0,0,0,0,16,10,14,0,0,0,0,0,0,0,28,-1.1111111111111112,0.9999976250641233,0.0
91,75,1s2.2s2.2p6.3s2.3p6.3d10.4s2.4p6.4d10.4f14.5s2.5p6.5d7,5d,5,2,7,2.5,d,0,17,58.33796442882129,6,0,0,68,0,0,0,6,0,0,0,0,0,0,0,16,10,14,0,0,0,0,0,0,0,28,-1.6666666666666665,0.9999976250641233,0.0
91,74,1s2.2s2.2p6.3s2.3p6.3d10.4s2.4p6.4d10.4f14.5s2.5p6.5d6,5d,5,2,6,2.5,d,0,18,57.74816552097457,5,0,0,68,0,0,0,5,0,0,0,0,0,0,0,16,10,14,0,0,0,0,0,0,0,28,-2.2222222222222223,0.9999976250641233,0.0
91,73,1s2.2s2.2p6.3s2.3p6.3d10.4s2.4p6.4d10.4f14.5s2.5p6.5d5,5d,5,2,5,2.5,d,0,19,56.939981578454784,4,0,0,68,0,0,0,4,0,0,0,0,0,0,0,16,10,14,0,0,0,0,0,0,0,28,2.2222222222222223,0.9999976250641233,0.0
91,72,1s2.2s2.2p6.3s2.3p6.3d10.4s2.4p6.4d10.4f14.5s2.5p6.5d4,5d,5,2,4,1.5,d,0,20,56.35018267060813,3,0,0,68,0,0,0,3,0,0,0,0,0,0,0,16,10,14,0,0,0,0,0,0,0,28,1.6666666666666667,0.9999976250641233,0.0
91,71,1s2.2s2.2p6.3s2.3p6.3d10.4s2.4p6.4d10.4f14.5s2.5p6.5d3,5d,5,2,3,1.5,d,0,21,55.72325445791909,2,0,0,68,0,0,0,2,0,0,0,0,0,0,0,16,10,14,0,0,0,0,0,0,0,28,1.1111111111111112,0.9999976250641233,0.0
91,70,1s2.2s2.2p6.3s2.3p6.3d10.4s2.4p6.4d10.4f14.5s2.5p6.5d2,5d,5,2,2,1.5,d,0,22,55.09632624522511,1,0,0,68,0,0,0,1,0,0,0,0,0,0,0,16,10,14,0,0,0,0,0,0,0,28,0.5555555555555556,0.9999976250641233,0.0
91,69,1s2.2s2.2p6.3s2.3p6.3d10.4s2.4p6.4d10.4f14.5s2.5p6.5d1,5d,5,2,1,1.5,d,0,23,54.50652733738305,0,0,0,68,0,0,0,0,0,0,0,0,0,0,0,16,10,14,0,0,0,0,0,0,0,28,0.0,0.9999976250641233,0.0
91,68,1s2.2s2.2p6.3s2.3p6.3d10.4s2.4p6.4d10.4f14.5s2.5p6,5p,5,1,6,1.5,p3,0,24,51.291318007282406,5,34,28,0,0,0,5,0,0,2,8,10,14,8,10,0,0,0,0,0,0,0,0,0,10,0,0.0,0.9999976250641233,0.0
91,67,1s2.2s2.2p6.3s2.3p6.3d10.4s2.4p6.4d10.4f14.5s2.5p5,5p,5,1,5,1.5,p3,0,25,50.7422457416599,4,34,28,0,0,0,4,0,0,2,8,10,14,8,10,0,0,0,0,0,0,0,0,0,10,0,-0.6000000000000001,0.9999976250641233,0.0
91,66,1s2.2s2.2p6.3s2.3p6.3d10.4s2.4p6.4d10.4f14.5s2.5p4,5p,5,1,4,1.5,p3,0,26,50.193173476032534,3,34,28,0,0,0,3,0,0,2,8,10,14,8,10,0,0,0,0,0,0,0,0,0,10,0,-1.2,0.9999976250641233,0.0
91,65,1s2.2s2.2p6.3s2.3p6.3d10.4s2.4p6.4d10.4f14.5s2.5p3,5p,5,1,3,1.5,p3,0,27,49.453854628378465,2,34,28,0,0,0,2,0,0,2,8,10,14,8,10,0,0,0,0,0,0,0,0,0,10,0,1.2,0.9999976250641233,0.0
91,64,1s2.2s2.2p6.3s2.3p6.3d10.4s2.4p6.4d10.4f14.5s2.5p2,5p,5,1,2,0.5,p1,0,28,48.904782362751156,1,34,28,0,0,0,1,0,0,2,8,10,14,8,10,0,0,0,0,0,0,0,0,0,10,0,0.6,0.9999976250641233,0.0
91,63,1s2.2s2.2p6.3s2.3p6.3d10.4s2.4p6.4d10.4f14.5s2.5p1,5p,5,1,1,0.5,p1,0,29,48.348958444362786,0,34,28,0,0,0,0,0,0,2,8,10,14,8,10,0,0,0,0,0,0,0,0,0,10,0,0.0,0.9999976250641233,0.0
91,62,1s2.2s2.2p6.3s2.3p6.3d10.4s2.4p6.4d10.4f14.5s2,5s,5,0,2,0.5,s,0,30,46.43547188585159,1,32,28,0,0,1,0,0,0,0,8,10,14,8,10,0,0,0,0,0,0,0,0,0,10,0,0.0,0.9999976250641233,0.0
91,61,1s2.2s2.2p6.3s2.3p6.3d10.4s2.4p6.4d10.4f14.5s1,5s,5,0,1,0.5,s,0,31,45.85856833278497,0,32,28,0,0,0,0,0,0,0,8,10,14,8,10,0,0,0,0,0,0,0,0,0,10,0,0.0,0.9999976250641233,0.0
91,60,1s2.2s2.2p6.3s2.3p6.3d10.4s2.4p6.4d10.4f14,4f,4,3,14,3.5,f,0,32,48.86078968565812,13,0,0,46,0,0,0,0,13,0,0,0,0,0,0,0,0,0,36,0,0,0,0,0,0,10,0.0,0.9999976250641233,0.0
91,59,1s2.2s2.2p6.3s2.3p6.3d10.4s2.4p6.4d10.4f13,4f,4,3,13,3.5,f,0,33,48.12167878028413,12,0,0,46,0,0,0,0,12,0,0,0,0,0,0,0,0,0,36,0,0,0,0,0,0,10,-0.5384615384615383,0.9999976250641233,0.0
91,58,1s2.2s2.2p6.3s2.3p6.3d10.4s2.4p6.4d10.4f12,4f,4,3,12,3.5,f,0,34,47.365159080568446,11,0,0,46,0,0,0,0,11,0,0,0,0,0,0,0,0,0,36,0,0,0,0,0,0,10,-1.0769230769230766,0.9999976250641233,0.0
91,57,1s2.2s2.2p6.3s2.3p6.3d10.4s2.4p6.4d10.4f11,4f,4,3,11,3.5,f,0,35,46.56470817701302,10,0,0,46,0,0,0,0,10,0,0,0,0,0,0,0,0,0,36,0,0,0,0,0,0,10,-1.615384615384615,0.9999976250641233,0.0
91,56,1s2.2s2.2p6.3s2.3p6.3d10.4s2.4p6.4d10.4f10,4f,4,3,10,3.5,f,0,36,45.76175948408627,9,0,0,46,0,0,0,0,9,0,0,0,0,0,0,0,0,0,36,0,0,0,0,0,0,10,-2.153846153846154,0.9999976250641233,0.0
91,55,1s2.2s2.2p6.3s2.3p6.3d10.4s2.4p6.4d10.4f9,4f,4,3,9,3.5,f,0,37,45.00482525620487,8,0,0,46,0,0,0,0,8,0,0,0,0,0,0,0,0,0,36,0,0,0,0,0,0,10,-2.6923076923076925,0.9999976250641233,0.0
91,54,1s2.2s2.2p6.3s2.3p6.3d10.4s2.4p6.4d10.4f8,4f,4,3,8,3.5,f,0,38,44.26571435083406,7,0,0,46,0,0,0,0,7,0,0,0,0,0,0,0,0,0,36,0,0,0,0,0,0,10,-3.230769230769231,0.9999976250641233,0.0
91,53,1s2.2s2.2p6.3s2.3p6.3d10.4s2.4p6.4d10.4f7,4f,4,3,7,3.5,f,0,39,43.235453992296016,6,0,0,46,0,0,0,0,6,0,0,0,0,0,0,0,0,0,36,0,0,0,0,0,0,10,3.230769230769231,0.9999976250641233,0.0
91,52,1s2.2s2.2p6.3s2.3p6.3d10.4s2.4p6.4d10.4f6,4f,4,3,6,2.5,f,0,40,42.49634308692566,5,0,0,46,0,0,0,0,5,0,0,0,0,0,0,0,0,0,36,0,0,0,0,0,0,10,2.6923076923076925,0.9999976250641233,0.0
91,51,1s2.2s2.2p6.3s2.3p6.3d10.4s2.4p6.4d10.4f5,4f,4,3,5,2.5,f,0,41,41.739408859043806,4,0,0,46,0,0,0,0,4,0,0,0,0,0,0,0,0,0,36,0,0,0,0,0,0,10,2.1538461538461537,0.9999976250641233,0.0
91,50,1s2.2s2.2p6.3s2.3p6.3d10.4s2.4p6.4d10.4f4,4f,4,3,4,2.5,f,0,42,40.937916324885464,3,0,0,46,0,0,0,0,3,0,0,0,0,0,0,0,0,0,36,0,0,0,0,0,0,10,1.6153846153846154,0.9999976250641233,0.0
91,49,1s2.2s2.2p6.3s2.3p6.3d10.4s2.4p6.4d10.4f3,4f,4,3,3,2.5,f,0,43,40.136423790726894,2,0,0,46,0,0,0,0,2,0,0,0,0,0,0,0,0,0,36,0,0,0,0,0,0,10,1.0769230769230769,0.9999976250641233,0.0
91,48,1s2.2s2.2p6.3s2.3p6.3d10.4s2.4p6.4d10.4f2,4f,4,3,2,2.5,f,0,44,39.37948956284549,1,0,0,46,0,0,0,0,1,0,0,0,0,0,0,0,0,0,36,0,0,0,0,0,0,10,0.5384615384615384,0.9999976250641233,0.0
91,47,1s2.2s2.2p6.3s2.3p6.3d10.4s2.4p6.4d10.4f1,4f,4,3,1,2.5,f,0,45,38.640378657474685,0,0,0,46,0,0,0,0,0,0,0,0,0,0,0,0,0,0,36,0,0,0,0,0,0,10,0.0,0.9999976250641233,0.0
91,46,1s2.2s2.2p6.3s2.3p6.3d10.4s2.4p6.4d10,4d,4,2,10,2.5,d,0,46,35.18427854681272,9,0,0,36,0,0,0,9,0,0,0,0,0,0,0,16,10,0,0,0,0,0,0,0,0,10,0.0,0.9999976250641233,0.0
91,45,1s2.2s2.2p6.3s2.3p6.3d10.4s2.4p6.4d9,4d,4,2,9,2.5,d,0,47,34.56268954011648,8,0,0,36,0,0,0,8,0,0,0,0,0,0,0,16,10,0,0,0,0,0,0,0,0,10,-0.5555555555555554,0.9999976250641233,0.0
91,44,1s2.2s2.2p6.3s2.3p6.3d10.4s2.4p6.4d8,4d,4,2,8,2.5,d,0,48,33.90183225775024,7,0,0,36,0,0,0,7,0,0,0,0,0,0,0,16,10,0,0,0,0,0,0,0,0,10,-1.1111111111111112,0.9999976250641233,0.0
91,43,1s2.2s2.2p6.3s2.3p6.3d10.4s2.4p6.4d7,4d,4,2,7,2.5,d,0,49,33.24097497538423,6,0,0,36,0,0,0,6,0,0,0,0,0,0,0,16,10,0,0,0,0,0,0,0,0,10,-1.6666666666666665,0.9999976250641233,0.0
91,42,1s2.2s2.2p6.3s2.3p6.3d10.4s2.4p6.4d6,4d,4,2,6,2.5,d,0,50,32.619385968687766,5,0,0,36,0,0,0,5,0,0,0,0,0,0,0,16,10,0,0,0,0,0,0,0,0,10,-2.2222222222222223,0.9999976250641233,0.0
91,41,1s2.2s2.2p6.3s2.3p6.3d10.4s2.4p6.4d5,4d,4,2,5,2.5,d,0,51,31.77042966985971,4,0,0,36,0,0,0,4,0,0,0,0,0,0,0,16,10,0,0,0,0,0,0,0,0,10,2.2222222222222223,0.9999976250641233,0.0
91,40,1s2.2s2.2p6.3s2.3p6.3d10.4s2.4p6.4d4,4d,4,2,4,1.5,d,0,52,31.14884066316324,3,0,0,36,0,0,0,3,0,0,0,0,0,0,0,16,10,0,0,0,0,0,0,0,0,10,1.6666666666666667,0.9999976250641233,0.0
91,39,1s2.2s2.2p6.3s2.3p6.3d10.4s2.4p6.4d3,4d,4,2,3,1.5,d,0,53,30.487983380797118,2,0,0,36,0,0,0,2,0,0,0,0,0,0,0,16,10,0,0,0,0,0,0,0,0,10,1.1111111111111112,0.9999976250641233,0.0
91,38,1s2.2s2.2p6.3s2.3p6.3d10.4s2.4p6.4d2,4d,4,2,2,1.5,d,0,54,29.82712609843111,1,0,0,36,0,0,0,1,0,0,0,0,0,0,0,16,10,0,0,0,0,0,0,0,0,10,0.5555555555555556,0.9999976250641233,0.0
91,37,1s2.2s2.2p6.3s2.3p6.3d10.4s2.4p6.4d1,4d,4,2,1,1.5,d,0,55,29.20553709173464,0,0,0,36,0,0,0,0,0,0,0,0,0,0,0,16,10,0,0,0,0,0,0,0,0,10,0.0,0.9999976250641233,0.0
91,36,1s2.2s2.2p6.3s2.3p6.3d10.4s2.4p6,4p,4,1,6,1.5,p3,0,56,26.676544772007787,5,20,10,0,0,0,5,0,0,2,8,10,0,8,0,0,0,0,0,0,0,0,0,0,2,0,0.0,0.9999976250641233,0.0
91,35,1s2.2s2.2p6.3s2.3p6.3d10.4s2.4p5,4p,4,1,5,1.5,p3,0,57,26.117340670445287,4,20,10,0,0,0,4,0,0,2,8,10,0,8,0,0,0,0,0,0,0,0,0,0,2,0,-0.6000000000000001,0.9999976250641233,0.0
91,34,1s2.2s2.2p6.3s2.3p6.3d10.4s2.4p4,4p,4,1,4,1.5,p3,0,58,25.558136568882787,3,20,10,0,0,0,3,0,0,2,8,10,0,8,0,0,0,0,0,0,0,0,0,0,2,0,-1.2,0.9999976250641233,0.0
91,33,1s2.2s2.2p6.3s2.3p6.3d10.4s2.4p3,4p,4,1,3,1.5,p3,0,59,24.807678805211026,2,20,10,0,0,0,2,0,0,2,8,10,0,8,0,0,0,0,0,0,0,0,0,0,2,0,1.2,0.9999976250641233,0.0
91,32,1s2.2s2.2p6.3s2.3p6.3d10.4s2.4p2,4p,4,1,2,0.5,p1,0,60,24.24270156046225,1,20,10,0,0,0,1,0,0,2,8,10,0,8,0,0,0,0,0,0,0,0,0,0,2,0,0.6,0.9999976250641233,0.0
91,31,1s2.2s2.2p6.3s2.3p6.3d10.4s2.4p1,4p,4,1,1,0.5,p1,0,61,23.681451647104154,0,20,10,0,0,0,0,0,0,2,8,10,0,8,0,0,0,0,0,0,0,0,0,0,2,0,0.0,0.9999976250641233,0.0
91,30,1s2.2s2.2p6.3s2.3p6.3d10.4s2,4s,4,0,2,0.5,s,0,62,22.126593730819764,1,18,10,0,0,1,0,0,0,0,8,10,0,8,0,0,0,0,0,0,0,0,0,0,2,0,0.0,0.9999976250641233,0.0
91,29,1s2.2s2.2p6.3s2.3p6.3d10.4s1,4s,4,0,1,0.5,s,0,63,21.554071296483926,0,18,10,0,0,0,0,0,0,0,8,10,0,8,0,0,0,0,0,0,0,0,0,0,2,0,0.0,0.9999976250641233,0.0
91,28,1s2.2s2.2p6.3s2.3p6.3d10,3d,3,2,10,2.5,d,0,64,21.379455336979806,9,0,0,18,0,0,0,9,0,0,0,0,0,0,0,16,0,0,0,0,0,0,0,0,0,2,0.0,0.9999976250641233,0.0
91,27,1s2.2s2.2p6.3s2.3p6.3d9,3d,3,2,9,2.5,d,0,65,20.677223194122995,8,0,0,18,0,0,0,8,0,0,0,0,0,0,0,16,0,0,0,0,0,0,0,0,0,2,-0.5555555555555554,0.9999976250641233,0.0
91,26,1s2.2s2.2p6.3s2.3p6.3d8,3d,3,2,8,2.5,d,0,66,19.92856167011884,7,0,0,18,0,0,0,7,0,0,0,0,0,0,0,16,0,0,0,0,0,0,0,0,0,2,-1.1111111111111112,0.9999976250641233,0.0
91,25,1s2.2s2.2p6.3s2.3p6.3d7,3d,3,2,7,2.5,d,0,67,19.180019458485546,6,0,0,18,0,0,0,6,0,0,0,0,0,0,0,16,0,0,0,0,0,0,0,0,0,2,-1.6666666666666665,0.9999976250641233,0.0
91,24,1s2.2s2.2p6.3s2.3p6.3d6,3d,3,2,6,2.5,d,0,68,18.477999944610033,5,0,0,18,0,0,0,5,0,0,0,0,0,0,0,16,0,0,0,0,0,0,0,0,0,2,-2.2222222222222223,0.9999976250641233,0.0
91,23,1s2.2s2.2p6.3s2.3p6.3d5,3d,3,2,5,2.5,d,0,69,17.516342790782076,4,0,0,18,0,0,0,4,0,0,0,0,0,0,0,16,0,0,0,0,0,0,0,0,0,2,2.2222222222222223,0.9999976250641233,0.0
91,22,1s2.2s2.2p6.3s2.3p6.3d4,3d,3,2,4,1.5,d,0,70,16.81369270190474,3,0,0,18,0,0,0,3,0,0,0,0,0,0,0,16,0,0,0,0,0,0,0,0,0,2,1.6666666666666667,0.9999976250641233,0.0
91,21,1s2.2s2.2p6.3s2.3p6.3d3,3d,3,2,3,1.5,d,0,71,16.06581898178117,2,0,0,18,0,0,0,2,0,0,0,0,0,0,0,16,0,0,0,0,0,0,0,0,0,2,1.1111111111111112,0.9999976250641233,0.0
91,20,1s2.2s2.2p6.3s2.3p6.3d2,3d,3,2,2,1.5,d,0,72,15.318236242385085,1,0,0,18,0,0,0,1,0,0,0,0,0,0,0,16,0,0,0,0,0,0,0,0,0,2,0.5555555555555556,0.9999976250641233,0.0
91,19,1s2.2s2.2p6.3s2.3p6.3d1,3d,3,2,1,1.5,d,0,73,14.615753461451872,0,0,0,18,0,0,0,0,0,0,0,0,0,0,0,16,0,0,0,0,0,0,0,0,0,2,0.0,0.9999976250641233,0.0
91,18,1s2.2s2.2p6.3s2.3p6,3p,3,1,6,1.5,p3,0,74,12.667818264554036,5,10,2,0,0,0,5,0,0,2,8,0,0,2,0,0,0,0,0,0,0,0,0,0,0,0,0.0,0.9999976250641233,0.0
91,17,1s2.2s2.2p6.3s2.3p5,3p,3,1,5,1.5,p3,0,75,12.08347223011717,4,10,2,0,0,0,4,0,0,2,8,0,0,2,0,0,0,0,0,0,0,0,0,0,0,0,-0.6000000000000001,0.9999976250641233,0.0
91,16,1s2.2s2.2p6.3s2.3p4,3p,3,1,4,1.5,p3,0,76,11.49928244974415,3,10,2,0,0,0,3,0,0,2,8,0,0,2,0,0,0,0,0,0,0,0,0,0,0,0,-1.2,0.9999976250641233,0.0
91,15,1s2.2s2.2p6.3s2.3p3,3p,3,1,3,1.5,p3,0,77,10.730818199117742,2,10,2,0,0,0,2,0,0,2,8,0,0,2,0,0,0,0,0,0,0,0,0,0,0,0,1.2,0.9999976250641233,0.0
91,14,1s2.2s2.2p6.3s2.3p2,3p,3,1,2,0.5,p1,0,78,10.145247180423096,1,10,2,0,0,0,1,0,0,2,8,0,0,2,0,0,0,0,0,0,0,0,0,0,0,0,0.6,0.9999976250641233,0.0
91,13,1s2.2s2.2p6.3s2.3p1,3p,3,1,1,0.5,p1,0,79,9.559774441642945,0,10,2,0,0,0,0,0,0,2,8,0,0,2,0,0,0,0,0,0,0,0,0,0,0,0,0.0,0.9999976250641233,0.0
91,12,1s2.2s2.2p6.3s2,3s,3,0,2,0.5,s,0,80,8.35113401342552,1,8,2,0,0,1,0,0,0,0,8,0,0,2,0,0,0,0,0,0,0,0,0,0,0,0,0.0,0.9999976250641233,0.0
91,11,1s2.2s2.2p6.3s1,3s,3,0,1,0.5,s,0,81,7.7856408855844075,0,8,2,0,0,0,0,0,0,0,8,0,0,2,0,0,0,0,0,0,0,0,0,0,0,0,0.0,0.9999976250641233,0.0
91,10,1s2.2s2.2p6,2p,2,1,6,1.5,p3,0,82,6.545979557232126,5,4,0,0,0,0,5,0,0,2,2,0,0,0,0,0,0,0,0,0,0,0,0,0,0,0,0.0,0.9999976250641233,0.0
91,9,1s2.2s2.2p5,2p,2,1,5,1.5,p3,0,83,5.88972955723213,4,4,0,0,0,0,4,0,0,2,2,0,0,0,0,0,0,0,0,0,0,0,0,0,0,0,-0.6000000000000001,0.9999976250641233,0.0
91,8,1s2.2s2.2p4,2p,2,1,4,1.5,p3,0,84,5.233479557232133,3,4,0,0,0,0,3,0,0,2,2,0,0,0,0,0,0,0,0,0,0,0,0,0,0,0,-1.2,0.9999976250641233,0.0
91,7,1s2.2s2.2p3,2p,2,1,3,1.5,p3,0,85,4.378670782625834,2,4,0,0,0,0,2,0,0,2,2,0,0,0,0,0,0,0,0,0,0,0,0,0,0,0,1.2,0.9999976250641233,0.0
91,6,1s2.2s2.2p2,2p,2,1,2,0.5,p1,0,86,3.7253535771907345,1,4,0,0,0,0,1,0,0,2,2,0,0,0,0,0,0,0,0,0,0,0,0,0,0,0,0.6,0.9999976250641233,0.0
91,5,1s2.2s2.2p1,2p,2,1,1,0.5,p1,0,87,3.0730091792350134,0,4,0,0,0,0,0,0,0,2,2,0,0,0,0,0,0,0,0,0,0,0,0,0,0,0,0.0,0.9999976250641233,0.0
91,4,1s2.2s2,2s,2,0,2,0.5,s,0,88,2.145875983124917,1,2,0,0,0,1,0,0,0,0,2,0,0,0,0,0,0,0,0,0,0,0,0,0,0,0,0.0,0.9999976250641233,79.43568287000383
91,3,1s2.2s1,2s,2,0,1,0.5,s,0,89,1.5912208504801093,0,2,0,0,0,0,0,0,0,0,2,0,0,0,0,0,0,0,0,0,0,0,0,0,0,0,0.0,0.9999976250641233,79.43568287000383
91,2,1s2,1s,1,0,2,0.5,s,0,90,0.625,1,0,0,0,0,1,0,0,0,0,0,0,0,0,0,0,0,0,0,0,0,0,0,0,0,0,0.0,0.9999976250641233,424.7960058754298
91,1,1s1,1s,1,0,1,0.5,s,0,91,0.0,0,0,0,0,0,0,0,0,0,0,0,0,0,0,0,0,0,0,0,0,0,0,0,0,0,0,0.0,0.9999976250641233,424.7960058754298
92,92,1s2.2s2.2p6.3s2.3p6.3d10.4s2.4p6.4d10.4f14.5s2.5p6.5d10.5f3.6s2.6p6.6d1.7s2,6d,6,2,1,1.5,d,0,1,72.4548970316658,0,0,0,89,2,0,0,0,0,0,0,0,0,0,0,16,10,3,0,0,0,0,2,0,0,60,0.0,0.9999976950558949,0.0
92,91,1s2.2s2.2p6.3s2.3p6.3d10.4s2.4p6.4d10.4f14.5s2.5p6.5d10.5f3.6s2.6p6.7s2,7s,7,0,2,0.5,s,1,2,71.52276867787108,1,8,81,0,0,1,0,0,0,0,8,0,0,8,13,0,0,0,0,0,0,0,0,0,60,0,0.0,0.9999976950558949,0.0
92,90,1s2.2s2.2p6.3s2.3p6.3d10.4s2.4p6.4d10.4f14.5s2.5p6.5d10.5f4.6s2.6p6,5f,5,3,4,2.5,f,0,3,70.51070692396814,3,0,0,78,8,0,0,0,3,0,0,0,0,0,0,0,0,0,36,14,0,0,0,8,0,28,1.6153846153846154,0.9999976950558949,0.0
92,89,1s2.2s2.2p6.3s2.3p6.3d10.4s2.4p6.4d10.4f14.5s2.5p6.5d10.5f3.6s2.6p6,5f,5,3,3,2.5,f,0,4,69.80320000928923,2,0,0,78,8,0,0,0,2,0,0,0,0,0,0,0,0,0,36,14,0,0,0,8,0,28,1.0769230769230769,0.9999976950558949,0.0
92,88,1s2.2s2.2p6.3s2.3p6.3d10.4s2.4p6.4d10.4f14.5s2.5p6.5d10.5f2.6s2.6p6,5f,5,3,2,2.5,f,0,5,69.13124574285524,1,0,0,78,8,0,0,0,1,0,0,0,0,0,0,0,0,0,36,14,0,0,0,8,0,28,0.5384615384615384,0.9999976950558949,0.0
92,87,1s2.2s2.2p6.3s2.3p6.3d10.4s2.4p6.4d10.4f14.5s2.5p6.5d10.5f1.6s2.6p6,5f,5,3,1,2.5,f,0,6,68.47351253571203,0,0,0,78,8,0,0,0,0,0,0,0,0,0,0,0,0,0,36,14,0,0,0,8,0,28,0.0,0.9999976950558949,0.0
92,86,1s2.2s2.2p6.3s2.3p6.3d10.4s2.4p6.4d10.4f14.5s2.5p6.5d10.6s2.6p6,6p,6,1,6,1.5,p3,0,7,66.08845925691442,5,20,60,0,0,0,5,0,0,2,8,10,0,8,24,0,0,0,0,0,0,0,0,0,28,0,0.0,0.9999976950558949,0.0
92,85,1s2.2s2.2p6.3s2.3p6.3d10.4s2.4p6.4d10.4f14.5s2.5p6.5d10.6s2.6p5,6p,6,1,5,1.5,p3,0,8,65.54478478791641,4,20,60,0,0,0,4,0,0,2,8,10,0,8,24,0,0,0,0,0,0,0,0,0,28,0,-0.6000000000000001,0.9999976950558949,0.0
92,84,1s2.2s2.2p6.3s2.3p6.3d10.4s2.4p6.4d10.4f14.5s2.5p6.5d10.6s2.6p4,6p,6,1,4,1.5,p3,0,9,65.00111031892263,3,20,60,0,0,0,3,0,0,2,8,10,0,8,24,0,0,0,0,0,0,0,0,0,28,0,-1.2,0.9999976950558949,0.0
92,83,1s2.2s2.2p6.3s2.3p6.3d10.4s2.4p6.4d10.4f14.5s2.5p6.5d10.6s2.6p3,6p,6,1,3,1.5,p3,0,10,64.26762509706408,2,20,60,0,0,0,2,0,0,2,8,10,0,8,24,0,0,0,0,0,0,0,0,0,28,0,1.2,0.9999976950558949,0.0
92,82,1s2.2s2.2p6.3s2.3p6.3d10.4s2.4p6.4d10.4f14.5s2.5p6.5d10.6s2.6p2,6p,6,1,2,0.5,p1,0,11,63.72395062806516,1,20,60,0,0,0,1,0,0,2,8,10,0,8,24,0,0,0,0,0,0,0,0,0,28,0,0.6,0.9999976950558949,0.0
92,81,1s2.2s2.2p6.3s2.3p6.3d10.4s2.4p6.4d10.4f14.5s2.5p6.5d10.6s2.6p1,6p,6,1,1,0.5,p1,0,12,63.18027615907542,0,20,60,0,0,0,0,0,0,2,8,10,0,8,24,0,0,0,0,0,0,0,0,0,28,0,0.0,0.9999976950558949,0.0
92,80,1s2.2s2.2p6.3s2.3p6.3d10.4s2.4p6.4d10.4f14.5s2.5p6.5d10.6s2,6s,6,0,2,0.5,s,0,13,61.277186621795714,1,18,60,0,0,1,0,0,0,0,8,10,0,8,24,0,0,0,0,0,0,0,0,0,28,0,0.0,0.9999976950558949,0.0
92,79,1s2.2s2.2p6.3s2.3p6.3d10.4s2.4p6.4d10.4f14.5s2.5p6.5d10.6s1,6s,6,0,1,0.5,s,0,14,60.68175720132819,0,18,60,0,0,0,0,0,0,0,8,10,0,8,24,0,0,0,0,0,0,0,0,0,28,0,0.0,0.9999976950558949,0.0
92,78,1s2.2s2.2p6.3s2.3p6.3d10.4s2.4p6.4d10.4f14.5s2.5p6.5d10,5d,5,2,10,2.5,d,0,15,60.18161976204584,9,0,0,68,0,0,0,9,0,0,0,0,0,0,0,16,10,14,0,0,0,0,0,0,0,28,0.0,0.9999976950558949,0.0
92,77,1s2.2s2.2p6.3s2.3p6.3d10.4s2.4p6.4d10.4f14.5s2.5p6.5d9,5d,5,2,9,2.5,d,0,16,59.591820854204364,8,0,0,68,0,0,0,8,0,0,0,0,0,0,0,16,10,14,0,0,0,0,0,0,0,28,-0.5555555555555554,0.9999976950558949,0.0
92,76,1s2.2s2.2p6.3s2.3p6.3d10.4s2.4p6.4d10.4f14.5s2.5p6.5d8,5d,5,2,8,2.5,d,0,17,58.964892641510204,7,0,0,68,0,0,0,7,0,0,0,0,0,0,0,16,10,14,0,0,0,0,0,0,0,28,-1.1111111111111112,0.9999976950558949,0.0
92,75,1s2.2s2.2p6.3s2.3p6.3d10.4s2.4p6.4d10.4f14.5s2.5p6.5d7,5d,5,2,7,2.5,d,0,18,58.33796442882129,6,0,0,68,0,0,0,6,0,0,0,0,0,0,0,16,10,14,0,0,0,0,0,0,0,28,-1.6666666666666665,0.9999976950558949,0.0
92,74,1s2.2s2.2p6.3s2.3p6.3d10.4s2.4p6.4d10.4f14.5s2.5p6.5d6,5d,5,2,6,2.5,d,0,19,57.74816552097457,5,0,0,68,0,0,0,5,0,0,0,0,0,0,0,16,10,14,0,0,0,0,0,0,0,28,-2.2222222222222223,0.9999976950558949,0.0
92,73,1s2.2s2.2p6.3s2.3p6.3d10.4s2.4p6.4d10.4f14.5s2.5p6.5d5,5d,5,2,5,2.5,d,0,20,56.939981578454784,4,0,0,68,0,0,0,4,0,0,0,0,0,0,0,16,10,14,0,0,0,0,0,0,0,28,2.2222222222222223,0.9999976950558949,0.0
92,72,1s2.2s2.2p6.3s2.3p6.3d10.4s2.4p6.4d10.4f14.5s2.5p6.5d4,5d,5,2,4,1.5,d,0,21,56.35018267060813,3,0,0,68,0,0,0,3,0,0,0,0,0,0,0,16,10,14,0,0,0,0,0,0,0,28,1.6666666666666667,0.9999976950558949,0.0
92,71,1s2.2s2.2p6.3s2.3p6.3d10.4s2.4p6.4d10.4f14.5s2.5p6.5d3,5d,5,2,3,1.5,d,0,22,55.72325445791909,2,0,0,68,0,0,0,2,0,0,0,0,0,0,0,16,10,14,0,0,0,0,0,0,0,28,1.1111111111111112,0.9999976950558949,0.0
92,70,1s2.2s2.2p6.3s2.3p6.3d10.4s2.4p6.4d10.4f14.5s2.5p6.5d2,5d,5,2,2,1.5,d,0,23,55.09632624522511,1,0,0,68,0,0,0,1,0,0,0,0,0,0,0,16,10,14,0,0,0,0,0,0,0,28,0.5555555555555556,0.9999976950558949,0.0
92,69,1s2.2s2.2p6.3s2.3p6.3d10.4s2.4p6.4d10.4f14.5s2.5p6.5d1,5d,5,2,1,1.5,d,0,24,54.50652733738305,0,0,0,68,0,0,0,0,0,0,0,0,0,0,0,16,10,14,0,0,0,0,0,0,0,28,0.0,0.9999976950558949,0.0
92,68,1s2.2s2.2p6.3s2.3p6.3d10.4s2.4p6.4d10.4f14.5s2.5p6,5p,5,1,6,1.5,p3,0,25,51.291318007282406,5,34,28,0,0,0,5,0,0,2,8,10,14,8,10,0,0,0,0,0,0,0,0,0,10,0,0.0,0.9999976950558949,0.0
92,67,1s2.2s2.2p6.3s2.3p6.3d10.4s2.4p6.4d10.4f14.5s2.5p5,5p,5,1,5,1.5,p3,0,26,50.7422457416599,4,34,28,0,0,0,4,0,0,2,8,10,14,8,10,0,0,0,0,0,0,0,0,0,10,0,-0.6000000000000001,0.9999976950558949,0.0
92,66,1s2.2s2.2p6.3s2.3p6.3d10.4s2.4p6.4d10.4f14.5s2.5p4,5p,5,1,4,1.5,p3,0,27,50.193173476032534,3,34,28,0,0,0,3,0,0,2,8,10,14,8,10,0,0,0,0,0,0,0,0,0,10,0,-1.2,0.9999976950558949,0.0
92,65,1s2.2s2.2p6.3s2.3p6.3d10.4s2.4p6.4d10.4f14.5s2.5p3,5p,5,1,3,1.5,p3,0,28,49.453854628378465,2,34,28,0,0,0,2,0,0,2,8,10,14,8,10,0,0,0,0,0,0,0,0,0,10,0,1.2,0.9999976950558949,0.0
92,64,1s2.2s2.2p6.3s2.3p6.3d10.4s2.4p6.4d10.4f14.5s2.5p2,5p,5,1,2,0.5,p1,0,29,48.904782362751156,1,34,28,0,0,0,1,0,0,2,8,10,14,8,10,0,0,0,0,0,0,0,0,0,10,0,0.6,0.9999976950558949,0.0
92,63,1s2.2s2.2p6.3s2.3p6.3d10.4s2.4p6.4d10.4f14.5s2.5p1,5p,5,1,1,0.5,p1,0,30,48.348958444362786,0,34,28,0,0,0,0,0,0,2,8,10,14,8,10,0,0,0,0,0,0,0,0,0,10,0,0.0,0.9999976950558949,0.0
92,62,1s2.2s2.2p6.3s2.3p6.3d10.4s2.4p6.4d10.4f14.5s2,5s,5,0,2,0.5,s,0,31,46.43547188585159,1,32,28,0,0,1,0,0,0,0,8,10,14,8,10,0,0,0,0,0,0,0,0,0,10,0,0.0,0.9999976950558949,0.0
92,61,1s2.2s2.2p6.3s2.3p6.3d10.4s2.4p6.4d10.4f14.5s1,5s,5,0,1,0.5,s,0,32,45.85856833278497,0,32,28,0,0,0,0,0,0,0,8,10,14,8,10,0,0,0,0,0,0,0,0,0,10,0,0.0,0.9999976950558949,0.0
92,60,1s2.2s2.2p6.3s2.3p6.3d10.4s2.4p6.4d10.4f14,4f,4,3,14,3.5,f,0,33,48.86078968565812,13,0,0,46,0,0,0,0,13,0,0,0,0,0,0,0,0,0,36,0,0,0,0,0,0,10,0.0,0.9999976950558949,0.0
92,59,1s2.2s2.2p6.3s2.3p6.3d10.4s2.4p6.4d10.4f13,4f,4,3,13,3.5,f,0,34,48.12167878028413,12,0,0,46,0,0,0,0,12,0,0,0,0,0,0,0,0,0,36,0,0,0,0,0,0,10,-0.5384615384615383,0.9999976950558949,0.0
92,58,1s2.2s2.2p6.3s2.3p6.3d10.4s2.4p6.4d10.4f12,4f,4,3,12,3.5,f,0,35,47.365159080568446,11,0,0,46,0,0,0,0,11,0,0,0,0,0,0,0,0,0,36,0,0,0,0,0,0,10,-1.0769230769230766,0.9999976950558949,0.0
92,57,1s2.2s2.2p6.3s2.3p6.3d10.4s2.4p6.4d10.4f11,4f,4,3,11,3.5,f,0,36,46.56470817701302,10,0,0,46,0,0,0,0,10,0,0,0,0,0,0,0,0,0,36,0,0,0,0,0,0,10,-1.615384615384615,0.9999976950558949,0.0
92,56,1s2.2s2.2p6.3s2.3p6.3d10.4s2.4p6.4d10.4f10,4f,4,3,10,3.5,f,0,37,45.76175948408627,9,0,0,46,0,0,0,0,9,0,0,0,0,0,0,0,0,0,36,0,0,0,0,0,0,10,-2.153846153846154,0.9999976950558949,0.0
92,55,1s2.2s2.2p6.3s2.3p6.3d10.4s2.4p6.4d10.4f9,4f,4,3,9,3.5,f,0,38,45.00482525620487,8,0,0,46,0,0,0,0,8,0,0,0,0,0,0,0,0,0,36,0,0,0,0,0,0,10,-2.6923076923076925,0.9999976950558949,0.0
92,54,1s2.2s2.2p6.3s2.3p6.3d10.4s2.4p6.4d10.4f8,4f,4,3,8,3.5,f,0,39,44.26571435083406,7,0,0,46,0,0,0,0,7,0,0,0,0,0,0,0,0,0,36,0,0,0,0,0,0,10,-3.230769230769231,0.9999976950558949,0.0
92,53,1s2.2s2.2p6.3s2.3p6.3d10.4s2.4p6.4d10.4f7,4f,4,3,7,3.5,f,0,40,43.235453992296016,6,0,0,46,0,0,0,0,6,0,0,0,0,0,0,0,0,0,36,0,0,0,0,0,0,10,3.230769230769231,0.9999976950558949,0.0
92,52,1s2.2s2.2p6.3s2.3p6.3d10.4s2.4p6.4d10.4f6,4f,4,3,6,2.5,f,0,41,42.49634308692566,5,0,0,46,0,0,0,0,5,0,0,0,0,0,0,0,0,0,36,0,0,0,0,0,0,10,2.6923076923076925,0.9999976950558949,0.0
92,51,1s2.2s2.2p6.3s2.3p6.3d10.4s2.4p6.4d10.4f5,4f,4,3,5,2.5,f,0,42,41.739408859043806,4,0,0,46,0,0,0,0,4,0,0,0,0,0,0,0,0,0,36,0,0,0,0,0,0,10,2.1538461538461537,0.9999976950558949,0.0
92,50,1s2.2s2.2p6.3s2.3p6.3d10.4s2.4p6.4d10.4f4,4f,4,3,4,2.5,f,0,43,40.937916324885464,3,0,0,46,0,0,0,0,3,0,0,0,0,0,0,0,0,0,36,0,0,0,0,0,0,10,1.6153846153846154,0.9999976950558949,0.0
92,49,1s2.2s2.2p6.3s2.3p6.3d10.4s2.4p6.4d10.4f3,4f,4,3,3,2.5,f,0,44,40.136423790726894,2,0,0,46,0,0,0,0,2,0,0,0,0,0,0,0,0,0,36,0,0,0,0,0,0,10,1.0769230769230769,0.9999976950558949,0.0
92,48,1s2.2s2.2p6.3s2.3p6.3d10.4s2.4p6.4d10.4f2,4f,4,3,2,2.5,f,0,45,39.37948956284549,1,0,0,46,0,0,0,0,1,0,0,0,0,0,0,0,0,0,36,0,0,0,0,0,0,10,0.5384615384615384,0.9999976950558949,0.0
92,47,1s2.2s2.2p6.3s2.3p6.3d10.4s2.4p6.4d10.4f1,4f,4,3,1,2.5,f,0,46,38.640378657474685,0,0,0,46,0,0,0,0,0,0,0,0,0,0,0,0,0,0,36,0,0,0,0,0,0,10,0.0,0.9999976950558949,0.0
92,46,1s2.2s2.2p6.3s2.3p6.3d10.4s2.4p6.4d10,4d,4,2,10,2.5,d,0,47,35.18427854681272,9,0,0,36,0,0,0,9,0,0,0,0,0,0,0,16,10,0,0,0,0,0,0,0,0,10,0.0,0.9999976950558949,0.0
92,45,1s2.2s2.2p6.3s2.3p6.3d10.4s2.4p6.4d9,4d,4,2,9,2.5,d,0,48,34.56268954011648,8,0,0,36,0,0,0,8,0,0,0,0,0,0,0,16,10,0,0,0,0,0,0,0,0,10,-0.5555555555555554,0.9999976950558949,0.0
92,44,1s2.2s2.2p6.3s2.3p6.3d10.4s2.4p6.4d8,4d,4,2,8,2.5,d,0,49,33.90183225775024,7,0,0,36,0,0,0,7,0,0,0,0,0,0,0,16,10,0,0,0,0,0,0,0,0,10,-1.1111111111111112,0.9999976950558949,0.0
92,43,1s2.2s2.2p6.3s2.3p6.3d10.4s2.4p6.4d7,4d,4,2,7,2.5,d,0,50,33.24097497538423,6,0,0,36,0,0,0,6,0,0,0,0,0,0,0,16,10,0,0,0,0,0,0,0,0,10,-1.6666666666666665,0.9999976950558949,0.0
92,42,1s2.2s2.2p6.3s2.3p6.3d10.4s2.4p6.4d6,4d,4,2,6,2.5,d,0,51,32.619385968687766,5,0,0,36,0,0,0,5,0,0,0,0,0,0,0,16,10,0,0,0,0,0,0,0,0,10,-2.2222222222222223,0.9999976950558949,0.0
92,41,1s2.2s2.2p6.3s2.3p6.3d10.4s2.4p6.4d5,4d,4,2,5,2.5,d,0,52,31.77042966985971,4,0,0,36,0,0,0,4,0,0,0,0,0,0,0,16,10,0,0,0,0,0,0,0,0,10,2.2222222222222223,0.9999976950558949,0.0
92,40,1s2.2s2.2p6.3s2.3p6.3d10.4s2.4p6.4d4,4d,4,2,4,1.5,d,0,53,31.14884066316324,3,0,0,36,0,0,0,3,0,0,0,0,0,0,0,16,10,0,0,0,0,0,0,0,0,10,1.6666666666666667,0.9999976950558949,0.0
92,39,1s2.2s2.2p6.3s2.3p6.3d10.4s2.4p6.4d3,4d,4,2,3,1.5,d,0,54,30.487983380797118,2,0,0,36,0,0,0,2,0,0,0,0,0,0,0,16,10,0,0,0,0,0,0,0,0,10,1.1111111111111112,0.9999976950558949,0.0
92,38,1s2.2s2.2p6.3s2.3p6.3d10.4s2.4p6.4d2,4d,4,2,2,1.5,d,0,55,29.82712609843111,1,0,0,36,0,0,0,1,0,0,0,0,0,0,0,16,10,0,0,0,0,0,0,0,0,10,0.5555555555555556,0.9999976950558949,0.0
92,37,1s2.2s2.2p6.3s2.3p6.3d10.4s2.4p6.4d1,4d,4,2,1,1.5,d,0,56,29.20553709173464,0,0,0,36,0,0,0,0,0,0,0,0,0,0,0,16,10,0,0,0,0,0,0,0,0,10,0.0,0.9999976950558949,0.0
92,36,1s2.2s2.2p6.3s2.3p6.3d10.4s2.4p6,4p,4,1,6,1.5,p3,0,57,26.676544772007787,5,20,10,0,0,0,5,0,0,2,8,10,0,8,0,0,0,0,0,0,0,0,0,0,2,0,0.0,0.9999976950558949,0.0
92,35,1s2.2s2.2p6.3s2.3p6.3d10.4s2.4p5,4p,4,1,5,1.5,p3,0,58,26.117340670445287,4,20,10,0,0,0,4,0,0,2,8,10,0,8,0,0,0,0,0,0,0,0,0,0,2,0,-0.6000000000000001,0.9999976950558949,0.0
92,34,1s2.2s2.2p6.3s2.3p6.3d10.4s2.4p4,4p,4,1,4,1.5,p3,0,59,25.558136568882787,3,20,10,0,0,0,3,0,0,2,8,10,0,8,0,0,0,0,0,0,0,0,0,0,2,0,-1.2,0.9999976950558949,0.0
92,33,1s2.2s2.2p6.3s2.3p6.3d10.4s2.4p3,4p,4,1,3,1.5,p3,0,60,24.807678805211026,2,20,10,0,0,0,2,0,0,2,8,10,0,8,0,0,0,0,0,0,0,0,0,0,2,0,1.2,0.9999976950558949,0.0
92,32,1s2.2s2.2p6.3s2.3p6.3d10.4s2.4p2,4p,4,1,2,0.5,p1,0,61,24.24270156046225,1,20,10,0,0,0,1,0,0,2,8,10,0,8,0,0,0,0,0,0,0,0,0,0,2,0,0.6,0.9999976950558949,0.0
92,31,1s2.2s2.2p6.3s2.3p6.3d10.4s2.4p1,4p,4,1,1,0.5,p1,0,62,23.681451647104154,0,20,10,0,0,0,0,0,0,2,8,10,0,8,0,0,0,0,0,0,0,0,0,0,2,0,0.0,0.9999976950558949,0.0
92,30,1s2.2s2.2p6.3s2.3p6.3d10.4s2,4s,4,0,2,0.5,s,0,63,22.126593730819764,1,18,10,0,0,1,0,0,0,0,8,10,0,8,0,0,0,0,0,0,0,0,0,0,2,0,0.0,0.9999976950558949,0.0
92,29,1s2.2s2.2p6.3s2.3p6.3d10.4s1,4s,4,0,1,0.5,s,0,64,21.554071296483926,0,18,10,0,0,0,0,0,0,0,8,10,0,8,0,0,0,0,0,0,0,0,0,0,2,0,0.0,0.9999976950558949,0.0
92,28,1s2.2s2.2p6.3s2.3p6.3d10,3d,3,2,10,2.5,d,0,65,21.379455336979806,9,0,0,18,0,0,0,9,0,0,0,0,0,0,0,16,0,0,0,0,0,0,0,0,0,2,0.0,0.9999976950558949,0.0
92,27,1s2.2s2.2p6.3s2.3p6.3d9,3d,3,2,9,2.5,d,0,66,20.677223194122995,8,0,0,18,0,0,0,8,0,0,0,0,0,0,0,16,0,0,0,0,0,0,0,0,0,2,-0.5555555555555554,0.9999976950558949,0.0
92,26,1s2.2s2.2p6.3s2.3p6.3d8,3d,3,2,8,2.5,d,0,67,19.92856167011884,7,0,0,18,0,0,0,7,0,0,0,0,0,0,0,16,0,0,0,0,0,0,0,0,0,2,-1.1111111111111112,0.9999976950558949,0.0
92,25,1s2.2s2.2p6.3s2.3p6.3d7,3d,3,2,7,2.5,d,0,68,19.180019458485546,6,0,0,18,0,0,0,6,0,0,0,0,0,0,0,16,0,0,0,0,0,0,0,0,0,2,-1.6666666666666665,0.9999976950558949,0.0
92,24,1s2.2s2.2p6.3s2.3p6.3d6,3d,3,2,6,2.5,d,0,69,18.477999944610033,5,0,0,18,0,0,0,5,0,0,0,0,0,0,0,16,0,0,0,0,0,0,0,0,0,2,-2.2222222222222223,0.9999976950558949,0.0
92,23,1s2.2s2.2p6.3s2.3p6.3d5,3d,3,2,5,2.5,d,0,70,17.516342790782076,4,0,0,18,0,0,0,4,0,0,0,0,0,0,0,16,0,0,0,0,0,0,0,0,0,2,2.2222222222222223,0.9999976950558949,0.0
92,22,1s2.2s2.2p6.3s2.3p6.3d4,3d,3,2,4,1.5,d,0,71,16.81369270190474,3,0,0,18,0,0,0,3,0,0,0,0,0,0,0,16,0,0,0,0,0,0,0,0,0,2,1.6666666666666667,0.9999976950558949,0.0
92,21,1s2.2s2.2p6.3s2.3p6.3d3,3d,3,2,3,1.5,d,0,72,16.06581898178117,2,0,0,18,0,0,0,2,0,0,0,0,0,0,0,16,0,0,0,0,0,0,0,0,0,2,1.1111111111111112,0.9999976950558949,0.0
92,20,1s2.2s2.2p6.3s2.3p6.3d2,3d,3,2,2,1.5,d,0,73,15.318236242385085,1,0,0,18,0,0,0,1,0,0,0,0,0,0,0,16,0,0,0,0,0,0,0,0,0,2,0.5555555555555556,0.9999976950558949,0.0
92,19,1s2.2s2.2p6.3s2.3p6.3d1,3d,3,2,1,1.5,d,0,74,14.615753461451872,0,0,0,18,0,0,0,0,0,0,0,0,0,0,0,16,0,0,0,0,0,0,0,0,0,2,0.0,0.9999976950558949,0.0
92,18,1s2.2s2.2p6.3s2.3p6,3p,3,1,6,1.5,p3,0,75,12.667818264554036,5,10,2,0,0,0,5,0,0,2,8,0,0,2,0,0,0,0,0,0,0,0,0,0,0,0,0.0,0.9999976950558949,0.0
92,17,1s2.2s2.2p6.3s2.3p5,3p,3,1,5,1.5,p3,0,76,12.08347223011717,4,10,2,0,0,0,4,0,0,2,8,0,0,2,0,0,0,0,0,0,0,0,0,0,0,0,-0.6000000000000001,0.9999976950558949,0.0
92,16,1s2.2s2.2p6.3s2.3p4,3p,3,1,4,1.5,p3,0,77,11.49928244974415,3,10,2,0,0,0,3,0,0,2,8,0,0,2,0,0,0,0,0,0,0,0,0,0,0,0,-1.2,0.9999976950558949,0.0
92,15,1s2.2s2.2p6.3s2.3p3,3p,3,1,3,1.5,p3,0,78,10.730818199117742,2,10,2,0,0,0,2,0,0,2,8,0,0,2,0,0,0,0,0,0,0,0,0,0,0,0,1.2,0.9999976950558949,0.0
92,14,1s2.2s2.2p6.3s2.3p2,3p,3,1,2,0.5,p1,0,79,10.145247180423096,1,10,2,0,0,0,1,0,0,2,8,0,0,2,0,0,0,0,0,0,0,0,0,0,0,0,0.6,0.9999976950558949,0.0
92,13,1s2.2s2.2p6.3s2.3p1,3p,3,1,1,0.5,p1,0,80,9.559774441642945,0,10,2,0,0,0,0,0,0,2,8,0,0,2,0,0,0,0,0,0,0,0,0,0,0,0,0.0,0.9999976950558949,0.0
92,12,1s2.2s2.2p6.3s2,3s,3,0,2,0.5,s,0,81,8.35113401342552,1,8,2,0,0,1,0,0,0,0,8,0,0,2,0,0,0,0,0,0,0,0,0,0,0,0,0.0,0.9999976950558949,0.0
92,11,1s2.2s2.2p6.3s1,3s,3,0,1,0.5,s,0,82,7.7856408855844075,0,8,2,0,0,0,0,0,0,0,8,0,0,2,0,0,0,0,0,0,0,0,0,0,0,0,0.0,0.9999976950558949,0.0
92,10,1s2.2s2.2p6,2p,2,1,6,1.5,p3,0,83,6.545979557232126,5,4,0,0,0,0,5,0,0,2,2,0,0,0,0,0,0,0,0,0,0,0,0,0,0,0,0.0,0.9999976950558949,0.0
92,9,1s2.2s2.2p5,2p,2,1,5,1.5,p3,0,84,5.88972955723213,4,4,0,0,0,0,4,0,0,2,2,0,0,0,0,0,0,0,0,0,0,0,0,0,0,0,-0.6000000000000001,0.9999976950558949,0.0
92,8,1s2.2s2.2p4,2p,2,1,4,1.5,p3,0,85,5.233479557232133,3,4,0,0,0,0,3,0,0,2,2,0,0,0,0,0,0,0,0,0,0,0,0,0,0,0,-1.2,0.9999976950558949,0.0
92,7,1s2.2s2.2p3,2p,2,1,3,1.5,p3,0,86,4.378670782625834,2,4,0,0,0,0,2,0,0,2,2,0,0,0,0,0,0,0,0,0,0,0,0,0,0,0,1.2,0.9999976950558949,0.0
92,6,1s2.2s2.2p2,2p,2,1,2,0.5,p1,0,87,3.7253535771907345,1,4,0,0,0,0,1,0,0,2,2,0,0,0,0,0,0,0,0,0,0,0,0,0,0,0,0.6,0.9999976950558949,0.0
92,5,1s2.2s2.2p1,2p,2,1,1,0.5,p1,0,88,3.0730091792350134,0,4,0,0,0,0,0,0,0,2,2,0,0,0,0,0,0,0,0,0,0,0,0,0,0,0,0.0,0.9999976950558949,0.0
92,4,1s2.2s2,2s,2,0,2,0.5,s,0,89,2.145875983124917,1,2,0,0,0,1,0,0,0,0,2,0,0,0,0,0,0,0,0,0,0,0,0,0,0,0,0.0,0.9999976950558949,86.79481356703324
92,3,1s2.2s1,2s,2,0,1,0.5,s,0,90,1.5912208504801093,0,2,0,0,0,0,0,0,0,0,2,0,0,0,0,0,0,0,0,0,0,0,0,0,0,0,0.0,0.9999976950558949,86.79481356703324
92,2,1s2,1s,1,0,2,0.5,s,0,91,0.625,1,0,0,0,0,1,0,0,0,0,0,0,0,0,0,0,0,0,0,0,0,0,0,0,0,0,0.0,0.9999976950558949,460.54036260518194
92,1,1s1,1s,1,0,1,0.5,s,0,92,0.0,0,0,0,0,0,0,0,0,0,0,0,0,0,0,0,0,0,0,0,0,0,0,0,0,0,0,0.0,0.9999976950558949,460.54036260518194
93,93,1s2.2s2.2p6.3s2.3p6.3d10.4s2.4p6.4d10.4f14.5s2.5p6.5d10.5f4.6s2.6p6.6d1.7s2,7s,7,0,2,0.5,s,0,1,72.9587888328481,1,9,82,0,0,1,0,0,0,0,8,1,0,8,14,0,0,0,0,0,0,0,0,0,60,0,0.0,0.9999976852977054,0.0
93,92,1s2.2s2.2p6.3s2.3p6.3d10.4s2.4p6.4d10.4f14.5s2.5p6.5d10.5f4.6s2.6p6.6d1.7s1,7s,7,0,1,0.5,s,1,2,72.3283216588779,0,9,82,0,0,0,0,0,0,0,8,1,0,8,14,0,0,0,0,0,0,0,0,0,60,0,0.0,0.9999976852977054,0.0
93,91,1s2.2s2.2p6.3s2.3p6.3d10.4s2.4p6.4d10.4f14.5s2.5p6.5d10.5f5.6s2.6p6,5f,5,3,5,2.5,f,0,3,71.21821383864325,4,0,0,78,8,0,0,0,4,0,0,0,0,0,0,0,0,0,36,14,0,0,0,8,0,28,2.1538461538461537,0.9999976852977054,0.0
93,90,1s2.2s2.2p6.3s2.3p6.3d10.4s2.4p6.4d10.4f14.5s2.5p6.5d10.5f4.6s2.6p6,5f,5,3,4,2.5,f,0,4,70.51070692396814,3,0,0,78,8,0,0,0,3,0,0,0,0,0,0,0,0,0,36,14,0,0,0,8,0,28,1.6153846153846154,0.9999976852977054,0.0
93,89,1s2.2s2.2p6.3s2.3p6.3d10.4s2.4p6.4d10.4f14.5s2.5p6.5d10.5f3.6s2.6p6,5f,5,3,3,2.5,f,0,5,69.80320000928923,2,0,0,78,8,0,0,0,2,0,0,0,0,0,0,0,0,0,36,14,0,0,0,8,0,28,1.0769230769230769,0.9999976852977054,0.0
93,88,1s2.2s2.2p6.3s2.3p6.3d10.4s2.4p6.4d10.4f14.5s2.5p6.5d10.5f2.6s2.6p6,5f,5,3,2,2.5,f,0,6,69.13124574285524,1,0,0,78,8,0,0,0,1,0,0,0,0,0,0,0,0,0,36,14,0,0,0,8,0,28,0.5384615384615384,0.9999976852977054,0.0
93,87,1s2.2s2.2p6.3s2.3p6.3d10.4s2.4p6.4d10.4f14.5s2.5p6.5d10.5f1.6s2.6p6,6p,6,1,6,1.5,p3,0,7,66.82821543427045,5,21,60,0,0,0,5,0,0,2,8,10,1,8,24,0,0,0,0,0,0,0,0,0,28,0,0.0,0.9999976852977054,0.0
93,86,1s2.2s2.2p6.3s2.3p6.3d10.4s2.4p6.4d10.4f14.5s2.5p6.5d10.5f1.6s2.6p5,6p,6,1,5,1.5,p3,0,8,66.23037611979925,4,21,60,0,0,0,4,0,0,2,8,10,1,8,24,0,0,0,0,0,0,0,0,0,28,0,-0.6000000000000001,0.9999976852977054,0.0
93,85,1s2.2s2.2p6.3s2.3p6.3d10.4s2.4p6.4d10.4f14.5s2.5p6.5d10.5f1.6s2.6p4,6p,6,1,4,1.5,p3,0,9,65.74086649628606,3,21,60,0,0,0,3,0,0,2,8,10,1,8,24,0,0,0,0,0,0,0,0,0,28,0,-1.2,0.9999976852977054,0.0
93,84,1s2.2s2.2p6.3s2.3p6.3d10.4s2.4p6.4d10.4f14.5s2.5p6.5d10.5f1.6s2.6p3,6p,6,1,3,1.5,p3,0,10,64.99827469373619,2,21,60,0,0,0,2,0,0,2,8,10,1,8,24,0,0,0,0,0,0,0,0,0,28,0,1.2,0.9999976852977054,0.0
93,83,1s2.2s2.2p6.3s2.3p6.3d10.4s2.4p6.4d10.4f14.5s2.5p6.5d10.5f1.6s2.6p2,5f,5,3,1,2.5,f,0,11,66.46257275566043,0,0,0,78,4,0,0,0,0,0,0,0,0,0,0,0,0,0,36,14,0,0,0,4,0,28,0.0,0.9999976852977054,0.0
93,82,1s2.2s2.2p6.3s2.3p6.3d10.4s2.4p6.4d10.4f14.5s2.5p6.5d10.6s2.6p2,6p,6,1,2,0.5,p1,0,12,63.72395062806516,1,20,60,0,0,0,1,0,0,2,8,10,0,8,24,0,0,0,0,0,0,0,0,0,28,0,0.6,0.9999976852977054,0.0
93,81,1s2.2s2.2p6.3s2.3p6.3d10.4s2.4p6.4d10.4f14.5s2.5p6.5d10.6s2.6p1,6p,6,1,1,0.5,p1,0,13,63.18027615907542,0,20,60,0,0,0,0,0,0,2,8,10,0,8,24,0,0,0,0,0,0,0,0,0,28,0,0.0,0.9999976852977054,0.0
93,80,1s2.2s2.2p6.3s2.3p6.3d10.4s2.4p6.4d10.4f14.5s2.5p6.5d10.6s2,6s,6,0,2,0.5,s,0,14,61.277186621795714,1,18,60,0,0,1,0,0,0,0,8,10,0,8,24,0,0,0,0,0,0,0,0,0,28,0,0.0,0.9999976852977054,0.0
93,79,1s2.2s2.2p6.3s2.3p6.3d10.4s2.4p6.4d10.4f14.5s2.5p6.5d10.6s1,6s,6,0,1,0.5,s,0,15,60.68175720132819,0,18,60,0,0,0,0,0,0,0,8,10,0,8,24,0,0,0,0,0,0,0,0,0,28,0,0.0,0.9999976852977054,0.0
93,78,1s2.2s2.2p6.3s2.3p6.3d10.4s2.4p6.4d10.4f14.5s2.5p6.5d10,5d,5,2,10,2.5,d,0,16,60.18161976204584,9,0,0,68,0,0,0,9,0,0,0,0,0,0,0,16,10,14,0,0,0,0,0,0,0,28,0.0,0.9999976852977054,0.0
93,77,1s2.2s2.2p6.3s2.3p6.3d10.4s2.4p6.4d10.4f14.5s2.5p6.5d9,5d,5,2,9,2.5,d,0,17,59.591820854204364,8,0,0,68,0,0,0,8,0,0,0,0,0,0,0,16,10,14,0,0,0,0,0,0,0,28,-0.5555555555555554,0.9999976852977054,0.0
93,76,1s2.2s2.2p6.3s2.3p6.3d10.4s2.4p6.4d10.4f14.5s2.5p6.5d8,5d,5,2,8,2.5,d,0,18,58.964892641510204,7,0,0,68,0,0,0,7,0,0,0,0,0,0,0,16,10,14,0,0,0,0,0,0,0,28,-1.1111111111111112,0.9999976852977054,0.0
93,75,1s2.2s2.2p6.3s2.3p6.3d10.4s2.4p6.4d10.4f14.5s2.5p6.5d7,5d,5,2,7,2.5,d,0,19,58.33796442882129,6,0,0,68,0,0,0,6,0,0,0,0,0,0,0,16,10,14,0,0,0,0,0,0,0,28,-1.6666666666666665,0.9999976852977054,0.0
93,74,1s2.2s2.2p6.3s2.3p6.3d10.4s2.4p6.4d10.4f14.5s2.5p6.5d6,5d,5,2,6,2.5,d,0,20,57.74816552097457,5,0,0,68,0,0,0,5,0,0,0,0,0,0,0,16,10,14,0,0,0,0,0,0,0,28,-2.2222222222222223,0.9999976852977054,0.0
93,73,1s2.2s2.2p6.3s2.3p6.3d10.4s2.4p6.4d10.4f14.5s2.5p6.5d5,5d,5,2,5,2.5,d,0,21,56.939981578454784,4,0,0,68,0,0,0,4,0,0,0,0,0,0,0,16,10,14,0,0,0,0,0,0,0,28,2.2222222222222223,0.9999976852977054,0.0
93,72,1s2.2s2.2p6.3s2.3p6.3d10.4s2.4p6.4d10.4f14.5s2.5p6.5d4,5d,5,2,4,1.5,d,0,22,56.35018267060813,3,0,0,68,0,0,0,3,0,0,0,0,0,0,0,16,10,14,0,0,0,0,0,0,0,28,1.6666666666666667,0.9999976852977054,0.0
93,71,1s2.2s2.2p6.3s2.3p6.3d10.4s2.4p6.4d10.4f14.5s2.5p6.5d3,5d,5,2,3,1.5,d,0,23,55.72325445791909,2,0,0,68,0,0,0,2,0,0,0,0,0,0,0,16,10,14,0,0,0,0,0,0,0,28,1.1111111111111112,0.9999976852977054,0.0
93,70,1s2.2s2.2p6.3s2.3p6.3d10.4s2.4p6.4d10.4f14.5s2.5p6.5d2,5d,5,2,2,1.5,d,0,24,55.09632624522511,1,0,0,68,0,0,0,1,0,0,0,0,0,0,0,16,10,14,0,0,0,0,0,0,0,28,0.5555555555555556,0.9999976852977054,0.0
93,69,1s2.2s2.2p6.3s2.3p6.3d10.4s2.4p6.4d10.4f14.5s2.5p6.5d1,5d,5,2,1,1.5,d,0,25,54.50652733738305,0,0,0,68,0,0,0,0,0,0,0,0,0,0,0,16,10,14,0,0,0,0,0,0,0,28,0.0,0.9999976852977054,0.0
93,68,1s2.2s2.2p6.3s2.3p6.3d10.4s2.4p6.4d10.4f14.5s2.5p6,5p,5,1,6,1.5,p3,0,26,51.291318007282406,5,34,28,0,0,0,5,0,0,2,8,10,14,8,10,0,0,0,0,0,0,0,0,0,10,0,0.0,0.9999976852977054,0.0
93,67,1s2.2s2.2p6.3s2.3p6.3d10.4s2.4p6.4d10.4f14.5s2.5p5,5p,5,1,5,1.5,p3,0,27,50.7422457416599,4,34,28,0,0,0,4,0,0,2,8,10,14,8,10,0,0,0,0,0,0,0,0,0,10,0,-0.6000000000000001,0.9999976852977054,0.0
93,66,1s2.2s2.2p6.3s2.3p6.3d10.4s2.4p6.4d10.4f14.5s2.5p4,5p,5,1,4,1.5,p3,0,28,50.193173476032534,3,34,28,0,0,0,3,0,0,2,8,10,14,8,10,0,0,0,0,0,0,0,0,0,10,0,-1.2,0.9999976852977054,0.0
93,65,1s2.2s2.2p6.3s2.3p6.3d10.4s2.4p6.4d10.4f14.5s2.5p3,5p,5,1,3,1.5,p3,0,29,49.453854628378465,2,34,28,0,0,0,2,0,0,2,8,10,14,8,10,0,0,0,0,0,0,0,0,0,10,0,1.2,0.9999976852977054,0.0
93,64,1s2.2s2.2p6.3s2.3p6.3d10.4s2.4p6.4d10.4f14.5s2.5p2,5p,5,1,2,0.5,p1,0,30,48.904782362751156,1,34,28,0,0,0,1,0,0,2,8,10,14,8,10,0,0,0,0,0,0,0,0,0,10,0,0.6,0.9999976852977054,0.0
93,63,1s2.2s2.2p6.3s2.3p6.3d10.4s2.4p6.4d10.4f14.5s2.5p1,5p,5,1,1,0.5,p1,0,31,48.348958444362786,0,34,28,0,0,0,0,0,0,2,8,10,14,8,10,0,0,0,0,0,0,0,0,0,10,0,0.0,0.9999976852977054,0.0
93,62,1s2.2s2.2p6.3s2.3p6.3d10.4s2.4p6.4d10.4f14.5s2,5s,5,0,2,0.5,s,0,32,46.43547188585159,1,32,28,0,0,1,0,0,0,0,8,10,14,8,10,0,0,0,0,0,0,0,0,0,10,0,0.0,0.9999976852977054,0.0
93,61,1s2.2s2.2p6.3s2.3p6.3d10.4s2.4p6.4d10.4f14.5s1,5s,5,0,1,0.5,s,0,33,45.85856833278497,0,32,28,0,0,0,0,0,0,0,8,10,14,8,10,0,0,0,0,0,0,0,0,0,10,0,0.0,0.9999976852977054,0.0
93,60,1s2.2s2.2p6.3s2.3p6.3d10.4s2.4p6.4d10.4f14,4f,4,3,14,3.5,f,0,34,48.86078968565812,13,0,0,46,0,0,0,0,13,0,0,0,0,0,0,0,0,0,36,0,0,0,0,0,0,10,0.0,0.9999976852977054,0.0
93,59,1s2.2s2.2p6.3s2.3p6.3d10.4s2.4p6.4d10.4f13,4f,4,3,13,3.5,f,0,35,48.12167878028413,12,0,0,46,0,0,0,0,12,0,0,0,0,0,0,0,0,0,36,0,0,0,0,0,0,10,-0.5384615384615383,0.9999976852977054,0.0
93,58,1s2.2s2.2p6.3s2.3p6.3d10.4s2.4p6.4d10.4f12,4f,4,3,12,3.5,f,0,36,47.365159080568446,11,0,0,46,0,0,0,0,11,0,0,0,0,0,0,0,0,0,36,0,0,0,0,0,0,10,-1.0769230769230766,0.9999976852977054,0.0
93,57,1s2.2s2.2p6.3s2.3p6.3d10.4s2.4p6.4d10.4f11,4f,4,3,11,3.5,f,0,37,46.56470817701302,10,0,0,46,0,0,0,0,10,0,0,0,0,0,0,0,0,0,36,0,0,0,0,0,0,10,-1.615384615384615,0.9999976852977054,0.0
93,56,1s2.2s2.2p6.3s2.3p6.3d10.4s2.4p6.4d10.4f10,4f,4,3,10,3.5,f,0,38,45.76175948408627,9,0,0,46,0,0,0,0,9,0,0,0,0,0,0,0,0,0,36,0,0,0,0,0,0,10,-2.153846153846154,0.9999976852977054,0.0
93,55,1s2.2s2.2p6.3s2.3p6.3d10.4s2.4p6.4d10.4f9,4f,4,3,9,3.5,f,0,39,45.00482525620487,8,0,0,46,0,0,0,0,8,0,0,0,0,0,0,0,0,0,36,0,0,0,0,0,0,10,-2.6923076923076925,0.9999976852977054,0.0
93,54,1s2.2s2.2p6.3s2.3p6.3d10.4s2.4p6.4d10.4f8,4f,4,3,8,3.5,f,0,40,44.26571435083406,7,0,0,46,0,0,0,0,7,0,0,0,0,0,0,0,0,0,36,0,0,0,0,0,0,10,-3.230769230769231,0.9999976852977054,0.0
93,53,1s2.2s2.2p6.3s2.3p6.3d10.4s2.4p6.4d10.4f7,4f,4,3,7,3.5,f,0,41,43.235453992296016,6,0,0,46,0,0,0,0,6,0,0,0,0,0,0,0,0,0,36,0,0,0,0,0,0,10,3.230769230769231,0.9999976852977054,0.0
93,52,1s2.2s2.2p6.3s2.3p6.3d10.4s2.4p6.4d10.4f6,4f,4,3,6,2.5,f,0,42,42.49634308692566,5,0,0,46,0,0,0,0,5,0,0,0,0,0,0,0,0,0,36,0,0,0,0,0,0,10,2.6923076923076925,0.9999976852977054,0.0
93,51,1s2.2s2.2p6.3s2.3p6.3d10.4s2.4p6.4d10.4f5,4f,4,3,5,2.5,f,0,43,41.739408859043806,4,0,0,46,0,0,0,0,4,0,0,0,0,0,0,0,0,0,36,0,0,0,0,0,0,10,2.1538461538461537,0.9999976852977054,0.0
93,50,1s2.2s2.2p6.3s2.3p6.3d10.4s2.4p6.4d10.4f4,4f,4,3,4,2.5,f,0,44,40.937916324885464,3,0,0,46,0,0,0,0,3,0,0,0,0,0,0,0,0,0,36,0,0,0,0,0,0,10,1.6153846153846154,0.9999976852977054,0.0
93,49,1s2.2s2.2p6.3s2.3p6.3d10.4s2.4p6.4d10.4f3,4f,4,3,3,2.5,f,0,45,40.136423790726894,2,0,0,46,0,0,0,0,2,0,0,0,0,0,0,0,0,0,36,0,0,0,0,0,0,10,1.0769230769230769,0.9999976852977054,0.0
93,48,1s2.2s2.2p6.3s2.3p6.3d10.4s2.4p6.4d10.4f2,4f,4,3,2,2.5,f,0,46,39.37948956284549,1,0,0,46,0,0,0,0,1,0,0,0,0,0,0,0,0,0,36,0,0,0,0,0,0,10,0.5384615384615384,0.9999976852977054,0.0
93,47,1s2.2s2.2p6.3s2.3p6.3d10.4s2.4p6.4d10.4f1,4f,4,3,1,2.5,f,0,47,38.640378657474685,0,0,0,46,0,0,0,0,0,0,0,0,0,0,0,0,0,0,36,0,0,0,0,0,0,10,0.0,0.9999976852977054,0.0
93,46,1s2.2s2.2p6.3s2.3p6.3d10.4s2.4p6.4d10,4d,4,2,10,2.5,d,0,48,35.18427854681272,9,0,0,36,0,0,0,9,0,0,0,0,0,0,0,16,10,0,0,0,0,0,0,0,0,10,0.0,0.9999976852977054,0.0
93,45,1s2.2s2.2p6.3s2.3p6.3d10.4s2.4p6.4d9,4d,4,2,9,2.5,d,0,49,34.56268954011648,8,0,0,36,0,0,0,8,0,0,0,0,0,0,0,16,10,0,0,0,0,0,0,0,0,10,-0.5555555555555554,0.9999976852977054,0.0
93,44,1s2.2s2.2p6.3s2.3p6.3d10.4s2.4p6.4d8,4d,4,2,8,2.5,d,0,50,33.90183225775024,7,0,0,36,0,0,0,7,0,0,0,0,0,0,0,16,10,0,0,0,0,0,0,0,0,10,-1.1111111111111112,0.9999976852977054,0.0
93,43,1s2.2s2.2p6.3s2.3p6.3d10.4s2.4p6.4d7,4d,4,2,7,2.5,d,0,51,33.24097497538423,6,0,0,36,0,0,0,6,0,0,0,0,0,0,0,16,10,0,0,0,0,0,0,0,0,10,-1.6666666666666665,0.9999976852977054,0.0
93,42,1s2.2s2.2p6.3s2.3p6.3d10.4s2.4p6.4d6,4d,4,2,6,2.5,d,0,52,32.619385968687766,5,0,0,36,0,0,0,5,0,0,0,0,0,0,0,16,10,0,0,0,0,0,0,0,0,10,-2.2222222222222223,0.9999976852977054,0.0
93,41,1s2.2s2.2p6.3s2.3p6.3d10.4s2.4p6.4d5,4d,4,2,5,2.5,d,0,53,31.77042966985971,4,0,0,36,0,0,0,4,0,0,0,0,0,0,0,16,10,0,0,0,0,0,0,0,0,10,2.2222222222222223,0.9999976852977054,0.0
93,40,1s2.2s2.2p6.3s2.3p6.3d10.4s2.4p6.4d4,4d,4,2,4,1.5,d,0,54,31.14884066316324,3,0,0,36,0,0,0,3,0,0,0,0,0,0,0,16,10,0,0,0,0,0,0,0,0,10,1.6666666666666667,0.9999976852977054,0.0
93,39,1s2.2s2.2p6.3s2.3p6.3d10.4s2.4p6.4d3,4d,4,2,3,1.5,d,0,55,30.487983380797118,2,0,0,36,0,0,0,2,0,0,0,0,0,0,0,16,10,0,0,0,0,0,0,0,0,10,1.1111111111111112,0.9999976852977054,0.0
93,38,1s2.2s2.2p6.3s2.3p6.3d10.4s2.4p6.4d2,4d,4,2,2,1.5,d,0,56,29.82712609843111,1,0,0,36,0,0,0,1,0,0,0,0,0,0,0,16,10,0,0,0,0,0,0,0,0,10,0.5555555555555556,0.9999976852977054,0.0
93,37,1s2.2s2.2p6.3s2.3p6.3d10.4s2.4p6.4d1,4d,4,2,1,1.5,d,0,57,29.20553709173464,0,0,0,36,0,0,0,0,0,0,0,0,0,0,0,16,10,0,0,0,0,0,0,0,0,10,0.0,0.9999976852977054,0.0
93,36,1s2.2s2.2p6.3s2.3p6.3d10.4s2.4p6,4p,4,1,6,1.5,p3,0,58,26.676544772007787,5,20,10,0,0,0,5,0,0,2,8,10,0,8,0,0,0,0,0,0,0,0,0,0,2,0,0.0,0.9999976852977054,0.0
93,35,1s2.2s2.2p6.3s2.3p6.3d10.4s2.4p5,4p,4,1,5,1.5,p3,0,59,26.117340670445287,4,20,10,0,0,0,4,0,0,2,8,10,0,8,0,0,0,0,0,0,0,0,0,0,2,0,-0.6000000000000001,0.9999976852977054,0.0
93,34,1s2.2s2.2p6.3s2.3p6.3d10.4s2.4p4,4p,4,1,4,1.5,p3,0,60,25.558136568882787,3,20,10,0,0,0,3,0,0,2,8,10,0,8,0,0,0,0,0,0,0,0,0,0,2,0,-1.2,0.9999976852977054,0.0
93,33,1s2.2s2.2p6.3s2.3p6.3d10.4s2.4p3,4p,4,1,3,1.5,p3,0,61,24.807678805211026,2,20,10,0,0,0,2,0,0,2,8,10,0,8,0,0,0,0,0,0,0,0,0,0,2,0,1.2,0.9999976852977054,0.0
93,32,1s2.2s2.2p6.3s2.3p6.3d10.4s2.4p2,4p,4,1,2,0.5,p1,0,62,24.24270156046225,1,20,10,0,0,0,1,0,0,2,8,10,0,8,0,0,0,0,0,0,0,0,0,0,2,0,0.6,0.9999976852977054,0.0
93,31,1s2.2s2.2p6.3s2.3p6.3d10.4s2.4p1,4p,4,1,1,0.5,p1,0,63,23.681451647104154,0,20,10,0,0,0,0,0,0,2,8,10,0,8,0,0,0,0,0,0,0,0,0,0,2,0,0.0,0.9999976852977054,0.0
93,30,1s2.2s2.2p6.3s2.3p6.3d10.4s2,4s,4,0,2,0.5,s,0,64,22.126593730819764,1,18,10,0,0,1,0,0,0,0,8,10,0,8,0,0,0,0,0,0,0,0,0,0,2,0,0.0,0.9999976852977054,0.0
93,29,1s2.2s2.2p6.3s2.3p6.3d10.4s1,4s,4,0,1,0.5,s,0,65,21.554071296483926,0,18,10,0,0,0,0,0,0,0,8,10,0,8,0,0,0,0,0,0,0,0,0,0,2,0,0.0,0.9999976852977054,0.0
93,28,1s2.2s2.2p6.3s2.3p6.3d10,3d,3,2,10,2.5,d,0,66,21.379455336979806,9,0,0,18,0,0,0,9,0,0,0,0,0,0,0,16,0,0,0,0,0,0,0,0,0,2,0.0,0.9999976852977054,0.0
93,27,1s2.2s2.2p6.3s2.3p6.3d9,3d,3,2,9,2.5,d,0,67,20.677223194122995,8,0,0,18,0,0,0,8,0,0,0,0,0,0,0,16,0,0,0,0,0,0,0,0,0,2,-0.5555555555555554,0.9999976852977054,0.0
93,26,1s2.2s2.2p6.3s2.3p6.3d8,3d,3,2,8,2.5,d,0,68,19.92856167011884,7,0,0,18,0,0,0,7,0,0,0,0,0,0,0,16,0,0,0,0,0,0,0,0,0,2,-1.1111111111111112,0.9999976852977054,0.0
93,25,1s2.2s2.2p6.3s2.3p6.3d7,3d,3,2,7,2.5,d,0,69,19.180019458485546,6,0,0,18,0,0,0,6,0,0,0,0,0,0,0,16,0,0,0,0,0,0,0,0,0,2,-1.6666666666666665,0.9999976852977054,0.0
93,24,1s2.2s2.2p6.3s2.3p6.3d6,3d,3,2,6,2.5,d,0,70,18.477999944610033,5,0,0,18,0,0,0,5,0,0,0,0,0,0,0,16,0,0,0,0,0,0,0,0,0,2,-2.2222222222222223,0.9999976852977054,0.0
93,23,1s2.2s2.2p6.3s2.3p6.3d5,3d,3,2,5,2.5,d,0,71,17.516342790782076,4,0,0,18,0,0,0,4,0,0,0,0,0,0,0,16,0,0,0,0,0,0,0,0,0,2,2.2222222222222223,0.9999976852977054,0.0
93,22,1s2.2s2.2p6.3s2.3p6.3d4,3d,3,2,4,1.5,d,0,72,16.81369270190474,3,0,0,18,0,0,0,3,0,0,0,0,0,0,0,16,0,0,0,0,0,0,0,0,0,2,1.6666666666666667,0.9999976852977054,0.0
93,21,1s2.2s2.2p6.3s2.3p6.3d3,3d,3,2,3,1.5,d,0,73,16.06581898178117,2,0,0,18,0,0,0,2,0,0,0,0,0,0,0,16,0,0,0,0,0,0,0,0,0,2,1.1111111111111112,0.9999976852977054,0.0
93,20,1s2.2s2.2p6.3s2.3p6.3d2,3d,3,2,2,1.5,d,0,74,15.318236242385085,1,0,0,18,0,0,0,1,0,0,0,0,0,0,0,16,0,0,0,0,0,0,0,0,0,2,0.5555555555555556,0.9999976852977054,0.0
93,19,1s2.2s2.2p6.3s2.3p6.3d1,3d,3,2,1,1.5,d,0,75,14.615753461451872,0,0,0,18,0,0,0,0,0,0,0,0,0,0,0,16,0,0,0,0,0,0,0,0,0,2,0.0,0.9999976852977054,0.0
93,18,1s2.2s2.2p6.3s2.3p6,3p,3,1,6,1.5,p3,0,76,12.667818264554036,5,10,2,0,0,0,5,0,0,2,8,0,0,2,0,0,0,0,0,0,0,0,0,0,0,0,0.0,0.9999976852977054,0.0
93,17,1s2.2s2.2p6.3s2.3p5,3p,3,1,5,1.5,p3,0,77,12.08347223011717,4,10,2,0,0,0,4,0,0,2,8,0,0,2,0,0,0,0,0,0,0,0,0,0,0,0,-0.6000000000000001,0.9999976852977054,0.0
93,16,1s2.2s2.2p6.3s2.3p4,3p,3,1,4,1.5,p3,0,78,11.49928244974415,3,10,2,0,0,0,3,0,0,2,8,0,0,2,0,0,0,0,0,0,0,0,0,0,0,0,-1.2,0.9999976852977054,0.0
93,15,1s2.2s2.2p6.3s2.3p3,3p,3,1,3,1.5,p3,0,79,10.730818199117742,2,10,2,0,0,0,2,0,0,2,8,0,0,2,0,0,0,0,0,0,0,0,0,0,0,0,1.2,0.9999976852977054,0.0
93,14,1s2.2s2.2p6.3s2.3p2,3p,3,1,2,0.5,p1,0,80,10.145247180423096,1,10,2,0,0,0,1,0,0,2,8,0,0,2,0,0,0,0,0,0,0,0,0,0,0,0,0.6,0.9999976852977054,0.0
93,13,1s2.2s2.2p6.3s2.3p1,3p,3,1,1,0.5,p1,0,81,9.559774441642945,0,10,2,0,0,0,0,0,0,2,8,0,0,2,0,0,0,0,0,0,0,0,0,0,0,0,0.0,0.9999976852977054,0.0
93,12,1s2.2s2.2p6.3s2,3s,3,0,2,0.5,s,0,82,8.35113401342552,1,8,2,0,0,1,0,0,0,0,8,0,0,2,0,0,0,0,0,0,0,0,0,0,0,0,0.0,0.9999976852977054,0.0
93,11,1s2.2s2.2p6.3s1,3s,3,0,1,0.5,s,0,83,7.7856408855844075,0,8,2,0,0,0,0,0,0,0,8,0,0,2,0,0,0,0,0,0,0,0,0,0,0,0,0.0,0.9999976852977054,0.0
93,10,1s2.2s2.2p6,2p,2,1,6,1.5,p3,0,84,6.545979557232126,5,4,0,0,0,0,5,0,0,2,2,0,0,0,0,0,0,0,0,0,0,0,0,0,0,0,0.0,0.9999976852977054,0.0
93,9,1s2.2s2.2p5,2p,2,1,5,1.5,p3,0,85,5.88972955723213,4,4,0,0,0,0,4,0,0,2,2,0,0,0,0,0,0,0,0,0,0,0,0,0,0,0,-0.6000000000000001,0.9999976852977054,0.0
93,8,1s2.2s2.2p4,2p,2,1,4,1.5,p3,0,86,5.233479557232133,3,4,0,0,0,0,3,0,0,2,2,0,0,0,0,0,0,0,0,0,0,0,0,0,0,0,-1.2,0.9999976852977054,0.0
93,7,1s2.2s2.2p3,2p,2,1,3,1.5,p3,0,87,4.378670782625834,2,4,0,0,0,0,2,0,0,2,2,0,0,0,0,0,0,0,0,0,0,0,0,0,0,0,1.2,0.9999976852977054,0.0
93,6,1s2.2s2.2p2,2p,2,1,2,0.5,p1,0,88,3.7253535771907345,1,4,0,0,0,0,1,0,0,2,2,0,0,0,0,0,0,0,0,0,0,0,0,0,0,0,0.6,0.9999976852977054,0.0
93,5,1s2.2s2.2p1,2p,2,1,1,0.5,p1,0,89,3.0730091792350134,0,4,0,0,0,0,0,0,0,2,2,0,0,0,0,0,0,0,0,0,0,0,0,0,0,0,0.0,0.9999976852977054,0.0
93,4,1s2.2s2,2s,2,0,2,0.5,s,0,90,2.145875983124917,1,2,0,0,0,1,0,0,0,0,2,0,0,0,0,0,0,0,0,0,0,0,0,0,0,0,0.0,0.9999976852977054,92.21260042080276
93,3,1s2.2s1,2s,2,0,1,0.5,s,0,91,1.5912208504801093,0,2,0,0,0,0,0,0,0,0,2,0,0,0,0,0,0,0,0,0,0,0,0,0,0,0,0.0,0.9999976852977054,92.21260042080276
93,2,1s2,1s,1,0,2,0.5,s,0,92,0.625,1,0,0,0,0,1,0,0,0,0,0,0,0,0,0,0,0,0,0,0,0,0,0,0,0,0,0.0,0.9999976852977054,485.4616937766434
93,1,1s1,1s,1,0,1,0.5,s,0,93,0.0,0,0,0,0,0,0,0,0,0,0,0,0,0,0,0,0,0,0,0,0,0,0,0,0,0,0,0.0,0.9999976852977054,485.4616937766434
94,94,1s2.2s2.2p6.3s2.3p6.3d10.4s2.4p6.4d10.4f14.5s2.5p6.5d10.5f6.6s2.6p6.7s2,7s,7,0,2,0.5,s,0,1,73.79094330249232,1,8,84,0,0,1,0,0,0,0,8,0,0,8,16,0,0,0,0,0,0,0,0,0,60,0,0.0,0.9999977518491041,0.0
94,93,1s2.2s2.2p6.3s2.3p6.3d10.4s2.4p6.4d10.4f14.5s2.5p6.5d10.5f6.6s2.6p6.7s1,7s,7,0,1,0.5,s,0,2,73.1637954795126,0,8,84,0,0,0,0,0,0,0,8,0,0,8,16,0,0,0,0,0,0,0,0,0,60,0,0.0,0.9999977518491041,0.0
94,92,1s2.2s2.2p6.3s2.3p6.3d10.4s2.4p6.4d10.4f14.5s2.5p6.5d10.5f6.6s2.6p6,5f,5,3,6,2.5,f,0,3,71.89016810507714,5,0,0,78,8,0,0,0,5,0,0,0,0,0,0,0,0,0,36,14,0,0,0,8,0,28,2.6923076923076925,0.9999977518491041,0.0
94,91,1s2.2s2.2p6.3s2.3p6.3d10.4s2.4p6.4d10.4f14.5s2.5p6.5d10.5f5.6s2.6p6,5f,5,3,5,2.5,f,0,4,71.21821383864325,4,0,0,78,8,0,0,0,4,0,0,0,0,0,0,0,0,0,36,14,0,0,0,8,0,28,2.1538461538461537,0.9999977518491041,0.0
94,90,1s2.2s2.2p6.3s2.3p6.3d10.4s2.4p6.4d10.4f14.5s2.5p6.5d10.5f4.6s2.6p6,5f,5,3,4,2.5,f,0,5,70.51070692396814,3,0,0,78,8,0,0,0,3,0,0,0,0,0,0,0,0,0,36,14,0,0,0,8,0,28,1.6153846153846154,0.9999977518491041,0.0
94,89,1s2.2s2.2p6.3s2.3p6.3d10.4s2.4p6.4d10.4f14.5s2.5p6.5d10.5f3.6s2.6p6,6p,6,1,6,1.5,p3,0,6,68.26078492290922,5,23,60,0,0,0,5,0,0,2,8,10,3,8,24,0,0,0,0,0,0,0,0,0,28,0,0.0,0.9999977518491041,0.0
94,88,1s2.2s2.2p6.3s2.3p6.3d10.4s2.4p6.4d10.4f14.5s2.5p6.5d10.5f3.6s2.6p5,6p,6,1,5,1.5,p3,0,7,67.69544451572325,4,23,60,0,0,0,4,0,0,2,8,10,3,8,24,0,0,0,0,0,0,0,0,0,28,0,-0.6000000000000001,0.9999977518491041,0.0
94,87,1s2.2s2.2p6.3s2.3p6.3d10.4s2.4p6.4d10.4f14.5s2.5p6.5d10.5f3.6s2.6p4,6p,6,1,4,1.5,p3,0,8,67.17343598492596,3,23,60,0,0,0,3,0,0,2,8,10,3,8,24,0,0,0,0,0,0,0,0,0,28,0,-1.2,0.9999977518491041,0.0
94,86,1s2.2s2.2p6.3s2.3p6.3d10.4s2.4p6.4d10.4f14.5s2.5p6.5d10.5f3.6s2.6p3,6p,6,1,3,1.5,p3,0,9,66.41808800099197,2,23,60,0,0,0,2,0,0,2,8,10,3,8,24,0,0,0,0,0,0,0,0,0,28,0,1.2,0.9999977518491041,0.0
94,85,1s2.2s2.2p6.3s2.3p6.3d10.4s2.4p6.4d10.4f14.5s2.5p6.5d10.5f3.6s2.6p2,5f,5,3,3,2.5,f,0,10,67.81011271727667,2,0,0,78,4,0,0,0,2,0,0,0,0,0,0,0,0,0,36,14,0,0,0,4,0,28,1.0769230769230769,0.9999977518491041,0.0
94,84,1s2.2s2.2p6.3s2.3p6.3d10.4s2.4p6.4d10.4f14.5s2.5p6.5d10.5f2.6s2.6p2,5f,5,3,2,2.5,f,0,11,67.13126311788274,1,0,0,78,4,0,0,0,1,0,0,0,0,0,0,0,0,0,36,14,0,0,0,4,0,28,0.5384615384615384,0.9999977518491041,0.0
94,83,1s2.2s2.2p6.3s2.3p6.3d10.4s2.4p6.4d10.4f14.5s2.5p6.5d10.5f1.6s2.6p2,5f,5,3,1,2.5,f,0,12,66.46257275566043,0,0,0,78,4,0,0,0,0,0,0,0,0,0,0,0,0,0,36,14,0,0,0,4,0,28,0.0,0.9999977518491041,0.0
94,82,1s2.2s2.2p6.3s2.3p6.3d10.4s2.4p6.4d10.4f14.5s2.5p6.5d10.6s2.6p2,6p,6,1,2,0.5,p1,0,13,63.72395062806516,1,20,60,0,0,0,1,0,0,2,8,10,0,8,24,0,0,0,0,0,0,0,0,0,28,0,0.6,0.9999977518491041,0.0
94,81,1s2.2s2.2p6.3s2.3p6.3d10.4s2.4p6.4d10.4f14.5s2.5p6.5d10.6s2.6p1,6p,6,1,1,0.5,p1,0,14,63.18027615907542,0,20,60,0,0,0,0,0,0,2,8,10,0,8,24,0,0,0,0,0,0,0,0,0,28,0,0.0,0.9999977518491041,0.0
94,80,1s2.2s2.2p6.3s2.3p6.3d10.4s2.4p6.4d10.4f14.5s2.5p6.5d10.6s2,6s,6,0,2,0.5,s,0,15,61.277186621795714,1,18,60,0,0,1,0,0,0,0,8,10,0,8,24,0,0,0,0,0,0,0,0,0,28,0,0.0,0.9999977518491041,0.0
94,79,1s2.2s2.2p6.3s2.3p6.3d10.4s2.4p6.4d10.4f14.5s2.5p6.5d10.6s1,6s,6,0,1,0.5,s,0,16,60.68175720132819,0,18,60,0,0,0,0,0,0,0,8,10,0,8,24,0,0,0,0,0,0,0,0,0,28,0,0.0,0.9999977518491041,0.0
94,78,1s2.2s2.2p6.3s2.3p6.3d10.4s2.4p6.4d10.4f14.5s2.5p6.5d10,5d,5,2,10,2.5,d,0,17,60.18161976204584,9,0,0,68,0,0,0,9,0,0,0,0,0,0,0,16,10,14,0,0,0,0,0,0,0,28,0.0,0.9999977518491041,0.0
94,77,1s2.2s2.2p6.3s2.3p6.3d10.4s2.4p6.4d10.4f14.5s2.5p6.5d9,5d,5,2,9,2.5,d,0,18,59.591820854204364,8,0,0,68,0,0,0,8,0,0,0,0,0,0,0,16,10,14,0,0,0,0,0,0,0,28,-0.5555555555555554,0.9999977518491041,0.0
94,76,1s2.2s2.2p6.3s2.3p6.3d10.4s2.4p6.4d10.4f14.5s2.5p6.5d8,5d,5,2,8,2.5,d,0,19,58.964892641510204,7,0,0,68,0,0,0,7,0,0,0,0,0,0,0,16,10,14,0,0,0,0,0,0,0,28,-1.1111111111111112,0.9999977518491041,0.0
94,75,1s2.2s2.2p6.3s2.3p6.3d10.4s2.4p6.4d10.4f14.5s2.5p6.5d7,5d,5,2,7,2.5,d,0,20,58.33796442882129,6,0,0,68,0,0,0,6,0,0,0,0,0,0,0,16,10,14,0,0,0,0,0,0,0,28,-1.6666666666666665,0.9999977518491041,0.0
94,74,1s2.2s2.2p6.3s2.3p6.3d10.4s2.4p6.4d10.4f14.5s2.5p6.5d6,5d,5,2,6,2.5,d,0,21,57.74816552097457,5,0,0,68,0,0,0,5,0,0,0,0,0,0,0,16,10,14,0,0,0,0,0,0,0,28,-2.2222222222222223,0.9999977518491041,0.0
94,73,1s2.2s2.2p6.3s2.3p6.3d10.4s2.4p6.4d10.4f14.5s2.5p6.5d5,5d,5,2,5,2.5,d,0,22,56.939981578454784,4,0,0,68,0,0,0,4,0,0,0,0,0,0,0,16,10,14,0,0,0,0,0,0,0,28,2.2222222222222223,0.9999977518491041,0.0
94,72,1s2.2s2.2p6.3s2.3p6.3d10.4s2.4p6.4d10.4f14.5s2.5p6.5d4,5d,5,2,4,1.5,d,0,23,56.35018267060813,3,0,0,68,0,0,0,3,0,0,0,0,0,0,0,16,10,14,0,0,0,0,0,0,0,28,1.6666666666666667,0.9999977518491041,0.0
94,71,1s2.2s2.2p6.3s2.3p6.3d10.4s2.4p6.4d10.4f14.5s2.5p6.5d3,5d,5,2,3,1.5,d,0,24,55.72325445791909,2,0,0,68,0,0,0,2,0,0,0,0,0,0,0,16,10,14,0,0,0,0,0,0,0,28,1.1111111111111112,0.9999977518491041,0.0
94,70,1s2.2s2.2p6.3s2.3p6.3d10.4s2.4p6.4d10.4f14.5s2.5p6.5d2,5d,5,2,2,1.5,d,0,25,55.09632624522511,1,0,0,68,0,0,0,1,0,0,0,0,0,0,0,16,10,14,0,0,0,0,0,0,0,28,0.5555555555555556,0.9999977518491041,0.0
94,69,1s2.2s2.2p6.3s2.3p6.3d10.4s2.4p6.4d10.4f14.5s2.5p6.5d1,5d,5,2,1,1.5,d,0,26,54.50652733738305,0,0,0,68,0,0,0,0,0,0,0,0,0,0,0,16,10,14,0,0,0,0,0,0,0,28,0.0,0.9999977518491041,0.0
94,68,1s2.2s2.2p6.3s2.3p6.3d10.4s2.4p6.4d10.4f14.5s2.5p6,5p,5,1,6,1.5,p3,0,27,51.291318007282406,5,34,28,0,0,0,5,0,0,2,8,10,14,8,10,0,0,0,0,0,0,0,0,0,10,0,0.0,0.9999977518491041,0.0
94,67,1s2.2s2.2p6.3s2.3p6.3d10.4s2.4p6.4d10.4f14.5s2.5p5,5p,5,1,5,1.5,p3,0,28,50.7422457416599,4,34,28,0,0,0,4,0,0,2,8,10,14,8,10,0,0,0,0,0,0,0,0,0,10,0,-0.6000000000000001,0.9999977518491041,0.0
94,66,1s2.2s2.2p6.3s2.3p6.3d10.4s2.4p6.4d10.4f14.5s2.5p4,5p,5,1,4,1.5,p3,0,29,50.193173476032534,3,34,28,0,0,0,3,0,0,2,8,10,14,8,10,0,0,0,0,0,0,0,0,0,10,0,-1.2,0.9999977518491041,0.0
94,65,1s2.2s2.2p6.3s2.3p6.3d10.4s2.4p6.4d10.4f14.5s2.5p3,5p,5,1,3,1.5,p3,0,30,49.453854628378465,2,34,28,0,0,0,2,0,0,2,8,10,14,8,10,0,0,0,0,0,0,0,0,0,10,0,1.2,0.9999977518491041,0.0
94,64,1s2.2s2.2p6.3s2.3p6.3d10.4s2.4p6.4d10.4f14.5s2.5p2,5p,5,1,2,0.5,p1,0,31,48.904782362751156,1,34,28,0,0,0,1,0,0,2,8,10,14,8,10,0,0,0,0,0,0,0,0,0,10,0,0.6,0.9999977518491041,0.0
94,63,1s2.2s2.2p6.3s2.3p6.3d10.4s2.4p6.4d10.4f14.5s2.5p1,5p,5,1,1,0.5,p1,0,32,48.348958444362786,0,34,28,0,0,0,0,0,0,2,8,10,14,8,10,0,0,0,0,0,0,0,0,0,10,0,0.0,0.9999977518491041,0.0
94,62,1s2.2s2.2p6.3s2.3p6.3d10.4s2.4p6.4d10.4f14.5s2,5s,5,0,2,0.5,s,0,33,46.43547188585159,1,32,28,0,0,1,0,0,0,0,8,10,14,8,10,0,0,0,0,0,0,0,0,0,10,0,0.0,0.9999977518491041,0.0
94,61,1s2.2s2.2p6.3s2.3p6.3d10.4s2.4p6.4d10.4f14.5s1,5s,5,0,1,0.5,s,0,34,45.85856833278497,0,32,28,0,0,0,0,0,0,0,8,10,14,8,10,0,0,0,0,0,0,0,0,0,10,0,0.0,0.9999977518491041,0.0
94,60,1s2.2s2.2p6.3s2.3p6.3d10.4s2.4p6.4d10.4f14,4f,4,3,14,3.5,f,0,35,48.86078968565812,13,0,0,46,0,0,0,0,13,0,0,0,0,0,0,0,0,0,36,0,0,0,0,0,0,10,0.0,0.9999977518491041,0.0
94,59,1s2.2s2.2p6.3s2.3p6.3d10.4s2.4p6.4d10.4f13,4f,4,3,13,3.5,f,0,36,48.12167878028413,12,0,0,46,0,0,0,0,12,0,0,0,0,0,0,0,0,0,36,0,0,0,0,0,0,10,-0.5384615384615383,0.9999977518491041,0.0
94,58,1s2.2s2.2p6.3s2.3p6.3d10.4s2.4p6.4d10.4f12,4f,4,3,12,3.5,f,0,37,47.365159080568446,11,0,0,46,0,0,0,0,11,0,0,0,0,0,0,0,0,0,36,0,0,0,0,0,0,10,-1.0769230769230766,0.9999977518491041,0.0
94,57,1s2.2s2.2p6.3s2.3p6.3d10.4s2.4p6.4d10.4f11,4f,4,3,11,3.5,f,0,38,46.56470817701302,10,0,0,46,0,0,0,0,10,0,0,0,0,0,0,0,0,0,36,0,0,0,0,0,0,10,-1.615384615384615,0.9999977518491041,0.0
94,56,1s2.2s2.2p6.3s2.3p6.3d10.4s2.4p6.4d10.4f10,4f,4,3,10,3.5,f,0,39,45.76175948408627,9,0,0,46,0,0,0,0,9,0,0,0,0,0,0,0,0,0,36,0,0,0,0,0,0,10,-2.153846153846154,0.9999977518491041,0.0
94,55,1s2.2s2.2p6.3s2.3p6.3d10.4s2.4p6.4d10.4f9,4f,4,3,9,3.5,f,0,40,45.00482525620487,8,0,0,46,0,0,0,0,8,0,0,0,0,0,0,0,0,0,36,0,0,0,0,0,0,10,-2.6923076923076925,0.9999977518491041,0.0
94,54,1s2.2s2.2p6.3s2.3p6.3d10.4s2.4p6.4d10.4f8,4f,4,3,8,3.5,f,0,41,44.26571435083406,7,0,0,46,0,0,0,0,7,0,0,0,0,0,0,0,0,0,36,0,0,0,0,0,0,10,-3.230769230769231,0.9999977518491041,0.0
94,53,1s2.2s2.2p6.3s2.3p6.3d10.4s2.4p6.4d10.4f7,4f,4,3,7,3.5,f,0,42,43.235453992296016,6,0,0,46,0,0,0,0,6,0,0,0,0,0,0,0,0,0,36,0,0,0,0,0,0,10,3.230769230769231,0.9999977518491041,0.0
94,52,1s2.2s2.2p6.3s2.3p6.3d10.4s2.4p6.4d10.4f6,4f,4,3,6,2.5,f,0,43,42.49634308692566,5,0,0,46,0,0,0,0,5,0,0,0,0,0,0,0,0,0,36,0,0,0,0,0,0,10,2.6923076923076925,0.9999977518491041,0.0
94,51,1s2.2s2.2p6.3s2.3p6.3d10.4s2.4p6.4d10.4f5,4f,4,3,5,2.5,f,0,44,41.739408859043806,4,0,0,46,0,0,0,0,4,0,0,0,0,0,0,0,0,0,36,0,0,0,0,0,0,10,2.1538461538461537,0.9999977518491041,0.0
94,50,1s2.2s2.2p6.3s2.3p6.3d10.4s2.4p6.4d10.4f4,4f,4,3,4,2.5,f,0,45,40.937916324885464,3,0,0,46,0,0,0,0,3,0,0,0,0,0,0,0,0,0,36,0,0,0,0,0,0,10,1.6153846153846154,0.9999977518491041,0.0
94,49,1s2.2s2.2p6.3s2.3p6.3d10.4s2.4p6.4d10.4f3,4f,4,3,3,2.5,f,0,46,40.136423790726894,2,0,0,46,0,0,0,0,2,0,0,0,0,0,0,0,0,0,36,0,0,0,0,0,0,10,1.0769230769230769,0.9999977518491041,0.0
94,48,1s2.2s2.2p6.3s2.3p6.3d10.4s2.4p6.4d10.4f2,4f,4,3,2,2.5,f,0,47,39.37948956284549,1,0,0,46,0,0,0,0,1,0,0,0,0,0,0,0,0,0,36,0,0,0,0,0,0,10,0.5384615384615384,0.9999977518491041,0.0
94,47,1s2.2s2.2p6.3s2.3p6.3d10.4s2.4p6.4d10.4f1,4f,4,3,1,2.5,f,0,48,38.640378657474685,0,0,0,46,0,0,0,0,0,0,0,0,0,0,0,0,0,0,36,0,0,0,0,0,0,10,0.0,0.9999977518491041,0.0
94,46,1s2.2s2.2p6.3s2.3p6.3d10.4s2.4p6.4d10,4d,4,2,10,2.5,d,0,49,35.18427854681272,9,0,0,36,0,0,0,9,0,0,0,0,0,0,0,16,10,0,0,0,0,0,0,0,0,10,0.0,0.9999977518491041,0.0
94,45,1s2.2s2.2p6.3s2.3p6.3d10.4s2.4p6.4d9,4d,4,2,9,2.5,d,0,50,34.56268954011648,8,0,0,36,0,0,0,8,0,0,0,0,0,0,0,16,10,0,0,0,0,0,0,0,0,10,-0.5555555555555554,0.9999977518491041,0.0
94,44,1s2.2s2.2p6.3s2.3p6.3d10.4s2.4p6.4d8,4d,4,2,8,2.5,d,0,51,33.90183225775024,7,0,0,36,0,0,0,7,0,0,0,0,0,0,0,16,10,0,0,0,0,0,0,0,0,10,-1.1111111111111112,0.9999977518491041,0.0
94,43,1s2.2s2.2p6.3s2.3p6.3d10.4s2.4p6.4d7,4d,4,2,7,2.5,d,0,52,33.24097497538423,6,0,0,36,0,0,0,6,0,0,0,0,0,0,0,16,10,0,0,0,0,0,0,0,0,10,-1.6666666666666665,0.9999977518491041,0.0
94,42,1s2.2s2.2p6.3s2.3p6.3d10.4s2.4p6.4d6,4d,4,2,6,2.5,d,0,53,32.619385968687766,5,0,0,36,0,0,0,5,0,0,0,0,0,0,0,16,10,0,0,0,0,0,0,0,0,10,-2.2222222222222223,0.9999977518491041,0.0
94,41,1s2.2s2.2p6.3s2.3p6.3d10.4s2.4p6.4d5,4d,4,2,5,2.5,d,0,54,31.77042966985971,4,0,0,36,0,0,0,4,0,0,0,0,0,0,0,16,10,0,0,0,0,0,0,0,0,10,2.2222222222222223,0.9999977518491041,0.0
94,40,1s2.2s2.2p6.3s2.3p6.3d10.4s2.4p6.4d4,4d,4,2,4,1.5,d,0,55,31.14884066316324,3,0,0,36,0,0,0,3,0,0,0,0,0,0,0,16,10,0,0,0,0,0,0,0,0,10,1.6666666666666667,0.9999977518491041,0.0
94,39,1s2.2s2.2p6.3s2.3p6.3d10.4s2.4p6.4d3,4d,4,2,3,1.5,d,0,56,30.487983380797118,2,0,0,36,0,0,0,2,0,0,0,0,0,0,0,16,10,0,0,0,0,0,0,0,0,10,1.1111111111111112,0.9999977518491041,0.0
94,38,1s2.2s2.2p6.3s2.3p6.3d10.4s2.4p6.4d2,4d,4,2,2,1.5,d,0,57,29.82712609843111,1,0,0,36,0,0,0,1,0,0,0,0,0,0,0,16,10,0,0,0,0,0,0,0,0,10,0.5555555555555556,0.9999977518491041,0.0
94,37,1s2.2s2.2p6.3s2.3p6.3d10.4s2.4p6.4d1,4d,4,2,1,1.5,d,0,58,29.20553709173464,0,0,0,36,0,0,0,0,0,0,0,0,0,0,0,16,10,0,0,0,0,0,0,0,0,10,0.0,0.9999977518491041,0.0
94,36,1s2.2s2.2p6.3s2.3p6.3d10.4s2.4p6,4p,4,1,6,1.5,p3,0,59,26.676544772007787,5,20,10,0,0,0,5,0,0,2,8,10,0,8,0,0,0,0,0,0,0,0,0,0,2,0,0.0,0.9999977518491041,0.0
94,35,1s2.2s2.2p6.3s2.3p6.3d10.4s2.4p5,4p,4,1,5,1.5,p3,0,60,26.117340670445287,4,20,10,0,0,0,4,0,0,2,8,10,0,8,0,0,0,0,0,0,0,0,0,0,2,0,-0.6000000000000001,0.9999977518491041,0.0
94,34,1s2.2s2.2p6.3s2.3p6.3d10.4s2.4p4,4p,4,1,4,1.5,p3,0,61,25.558136568882787,3,20,10,0,0,0,3,0,0,2,8,10,0,8,0,0,0,0,0,0,0,0,0,0,2,0,-1.2,0.9999977518491041,0.0
94,33,1s2.2s2.2p6.3s2.3p6.3d10.4s2.4p3,4p,4,1,3,1.5,p3,0,62,24.807678805211026,2,20,10,0,0,0,2,0,0,2,8,10,0,8,0,0,0,0,0,0,0,0,0,0,2,0,1.2,0.9999977518491041,0.0
94,32,1s2.2s2.2p6.3s2.3p6.3d10.4s2.4p2,4p,4,1,2,0.5,p1,0,63,24.24270156046225,1,20,10,0,0,0,1,0,0,2,8,10,0,8,0,0,0,0,0,0,0,0,0,0,2,0,0.6,0.9999977518491041,0.0
94,31,1s2.2s2.2p6.3s2.3p6.3d10.4s2.4p1,4p,4,1,1,0.5,p1,0,64,23.681451647104154,0,20,10,0,0,0,0,0,0,2,8,10,0,8,0,0,0,0,0,0,0,0,0,0,2,0,0.0,0.9999977518491041,0.0
94,30,1s2.2s2.2p6.3s2.3p6.3d10.4s2,4s,4,0,2,0.5,s,0,65,22.126593730819764,1,18,10,0,0,1,0,0,0,0,8,10,0,8,0,0,0,0,0,0,0,0,0,0,2,0,0.0,0.9999977518491041,0.0
94,29,1s2.2s2.2p6.3s2.3p6.3d10.4s1,4s,4,0,1,0.5,s,0,66,21.554071296483926,0,18,10,0,0,0,0,0,0,0,8,10,0,8,0,0,0,0,0,0,0,0,0,0,2,0,0.0,0.9999977518491041,0.0
94,28,1s2.2s2.2p6.3s2.3p6.3d10,3d,3,2,10,2.5,d,0,67,21.379455336979806,9,0,0,18,0,0,0,9,0,0,0,0,0,0,0,16,0,0,0,0,0,0,0,0,0,2,0.0,0.9999977518491041,0.0
94,27,1s2.2s2.2p6.3s2.3p6.3d9,3d,3,2,9,2.5,d,0,68,20.677223194122995,8,0,0,18,0,0,0,8,0,0,0,0,0,0,0,16,0,0,0,0,0,0,0,0,0,2,-0.5555555555555554,0.9999977518491041,0.0
94,26,1s2.2s2.2p6.3s2.3p6.3d8,3d,3,2,8,2.5,d,0,69,19.92856167011884,7,0,0,18,0,0,0,7,0,0,0,0,0,0,0,16,0,0,0,0,0,0,0,0,0,2,-1.1111111111111112,0.9999977518491041,0.0
94,25,1s2.2s2.2p6.3s2.3p6.3d7,3d,3,2,7,2.5,d,0,70,19.180019458485546,6,0,0,18,0,0,0,6,0,0,0,0,0,0,0,16,0,0,0,0,0,0,0,0,0,2,-1.6666666666666665,0.9999977518491041,0.0
94,24,1s2.2s2.2p6.3s2.3p6.3d6,3d,3,2,6,2.5,d,0,71,18.477999944610033,5,0,0,18,0,0,0,5,0,0,0,0,0,0,0,16,0,0,0,0,0,0,0,0,0,2,-2.2222222222222223,0.9999977518491041,0.0
94,23,1s2.2s2.2p6.3s2.3p6.3d5,3d,3,2,5,2.5,d,0,72,17.516342790782076,4,0,0,18,0,0,0,4,0,0,0,0,0,0,0,16,0,0,0,0,0,0,0,0,0,2,2.2222222222222223,0.9999977518491041,0.0
94,22,1s2.2s2.2p6.3s2.3p6.3d4,3d,3,2,4,1.5,d,0,73,16.81369270190474,3,0,0,18,0,0,0,3,0,0,0,0,0,0,0,16,0,0,0,0,0,0,0,0,0,2,1.6666666666666667,0.9999977518491041,0.0
94,21,1s2.2s2.2p6.3s2.3p6.3d3,3d,3,2,3,1.5,d,0,74,16.06581898178117,2,0,0,18,0,0,0,2,0,0,0,0,0,0,0,16,0,0,0,0,0,0,0,0,0,2,1.1111111111111112,0.9999977518491041,0.0
94,20,1s2.2s2.2p6.3s2.3p6.3d2,3d,3,2,2,1.5,d,0,75,15.318236242385085,1,0,0,18,0,0,0,1,0,0,0,0,0,0,0,16,0,0,0,0,0,0,0,0,0,2,0.5555555555555556,0.9999977518491041,0.0
94,19,1s2.2s2.2p6.3s2.3p6.3d1,3d,3,2,1,1.5,d,0,76,14.615753461451872,0,0,0,18,0,0,0,0,0,0,0,0,0,0,0,16,0,0,0,0,0,0,0,0,0,2,0.0,0.9999977518491041,0.0
94,18,1s2.2s2.2p6.3s2.3p6,3p,3,1,6,1.5,p3,0,77,12.667818264554036,5,10,2,0,0,0,5,0,0,2,8,0,0,2,0,0,0,0,0,0,0,0,0,0,0,0,0.0,0.9999977518491041,0.0
94,17,1s2.2s2.2p6.3s2.3p5,3p,3,1,5,1.5,p3,0,78,12.08347223011717,4,10,2,0,0,0,4,0,0,2,8,0,0,2,0,0,0,0,0,0,0,0,0,0,0,0,-0.6000000000000001,0.9999977518491041,0.0
94,16,1s2.2s2.2p6.3s2.3p4,3p,3,1,4,1.5,p3,0,79,11.49928244974415,3,10,2,0,0,0,3,0,0,2,8,0,0,2,0,0,0,0,0,0,0,0,0,0,0,0,-1.2,0.9999977518491041,0.0
94,15,1s2.2s2.2p6.3s2.3p3,3p,3,1,3,1.5,p3,0,80,10.730818199117742,2,10,2,0,0,0,2,0,0,2,8,0,0,2,0,0,0,0,0,0,0,0,0,0,0,0,1.2,0.9999977518491041,0.0
94,14,1s2.2s2.2p6.3s2.3p2,3p,3,1,2,0.5,p1,0,81,10.145247180423096,1,10,2,0,0,0,1,0,0,2,8,0,0,2,0,0,0,0,0,0,0,0,0,0,0,0,0.6,0.9999977518491041,0.0
94,13,1s2.2s2.2p6.3s2.3p1,3p,3,1,1,0.5,p1,0,82,9.559774441642945,0,10,2,0,0,0,0,0,0,2,8,0,0,2,0,0,0,0,0,0,0,0,0,0,0,0,0.0,0.9999977518491041,0.0
94,12,1s2.2s2.2p6.3s2,3s,3,0,2,0.5,s,0,83,8.35113401342552,1,8,2,0,0,1,0,0,0,0,8,0,0,2,0,0,0,0,0,0,0,0,0,0,0,0,0.0,0.9999977518491041,0.0
94,11,1s2.2s2.2p6.3s1,3s,3,0,1,0.5,s,0,84,7.7856408855844075,0,8,2,0,0,0,0,0,0,0,8,0,0,2,0,0,0,0,0,0,0,0,0,0,0,0,0.0,0.9999977518491041,0.0
94,10,1s2.2s2.2p6,2p,2,1,6,1.5,p3,0,85,6.545979557232126,5,4,0,0,0,0,5,0,0,2,2,0,0,0,0,0,0,0,0,0,0,0,0,0,0,0,0.0,0.9999977518491041,0.0
94,9,1s2.2s2.2p5,2p,2,1,5,1.5,p3,0,86,5.88972955723213,4,4,0,0,0,0,4,0,0,2,2,0,0,0,0,0,0,0,0,0,0,0,0,0,0,0,-0.6000000000000001,0.9999977518491041,0.0
94,8,1s2.2s2.2p4,2p,2,1,4,1.5,p3,0,87,5.233479557232133,3,4,0,0,0,0,3,0,0,2,2,0,0,0,0,0,0,0,0,0,0,0,0,0,0,0,-1.2,0.9999977518491041,0.0
94,7,1s2.2s2.2p3,2p,2,1,3,1.5,p3,0,88,4.378670782625834,2,4,0,0,0,0,2,0,0,2,2,0,0,0,0,0,0,0,0,0,0,0,0,0,0,0,1.2,0.9999977518491041,0.0
94,6,1s2.2s2.2p2,2p,2,1,2,0.5,p1,0,89,3.7253535771907345,1,4,0,0,0,0,1,0,0,2,2,0,0,0,0,0,0,0,0,0,0,0,0,0,0,0,0.6,0.9999977518491041,0.0
94,5,1s2.2s2.2p1,2p,2,1,1,0.5,p1,0,90,3.0730091792350134,0,4,0,0,0,0,0,0,0,2,2,0,0,0,0,0,0,0,0,0,0,0,0,0,0,0,0.0,0.9999977518491041,0.0
94,4,1s2.2s2,2s,2,0,2,0.5,s,0,91,2.145875983124917,1,2,0,0,0,1,0,0,0,0,2,0,0,0,0,0,0,0,0,0,0,0,0,0,0,0,0.0,0.9999977518491041,101.02021380200377
94,3,1s2.2s1,2s,2,0,1,0.5,s,0,92,1.5912208504801093,0,2,0,0,0,0,0,0,0,0,2,0,0,0,0,0,0,0,0,0,0,0,0,0,0,0,0.0,0.9999977518491041,101.02021380200377
94,2,1s2,1s,1,0,2,0.5,s,0,93,0.625,1,0,0,0,0,1,0,0,0,0,0,0,0,0,0,0,0,0,0,0,0,0,0,0,0,0,0.0,0.9999977518491041,527.4531318740953
94,1,1s1,1s,1,0,1,0.5,s,0,94,0.0,0,0,0,0,0,0,0,0,0,0,0,0,0,0,0,0,0,0,0,0,0,0,0,0,0,0,0.0,0.9999977518491041,527.4531318740953
95,95,1s2.2s2.2p6.3s2.3p6.3d10.4s2.4p6.4d10.4f14.5s2.5p6.5d10.5f7.6s2.6p6.7s2,7s,7,0,2,0.5,s,0,1,74.54700151069223,1,8,85,0,0,1,0,0,0,0,8,0,0,8,17,0,0,0,0,0,0,0,0,0,60,0,0.0,0.9999977425668369,0.0
95,94,1s2.2s2.2p6.3s2.3p6.3d10.4s2.4p6.4d10.4f14.5s2.5p6.5d10.5f7.6s2.6p6.7s1,7s,7,0,1,0.5,s,0,2,73.9145354186831,0,8,85,0,0,0,0,0,0,0,8,0,0,8,17,0,0,0,0,0,0,0,0,0,60,0,0.0,0.9999977425668369,0.0
95,93,1s2.2s2.2p6.3s2.3p6.3d10.4s2.4p6.4d10.4f14.5s2.5p6.5d10.5f7.6s2.6p6,5f,5,3,7,3.5,f,0,3,72.54790131222121,6,0,0,78,8,0,0,0,6,0,0,0,0,0,0,0,0,0,36,14,0,0,0,8,0,28,3.230769230769231,0.9999977425668369,0.0
95,92,1s2.2s2.2p6.3s2.3p6.3d10.4s2.4p6.4d10.4f14.5s2.5p6.5d10.5f6.6s2.6p6,5f,5,3,6,2.5,f,0,4,71.89016810507714,5,0,0,78,8,0,0,0,5,0,0,0,0,0,0,0,0,0,36,14,0,0,0,8,0,28,2.6923076923076925,0.9999977425668369,0.0
95,91,1s2.2s2.2p6.3s2.3p6.3d10.4s2.4p6.4d10.4f14.5s2.5p6.5d10.5f5.6s2.6p6,5f,5,3,5,2.5,f,0,5,71.21821383864325,4,0,0,78,8,0,0,0,4,0,0,0,0,0,0,0,0,0,36,14,0,0,0,8,0,28,2.1538461538461537,0.9999977425668369,0.0
95,90,1s2.2s2.2p6.3s2.3p6.3d10.4s2.4p6.4d10.4f14.5s2.5p6.5d10.5f4.6s2.6p6,5f,5,3,4,2.5,f,0,6,70.51070692396814,3,0,0,78,8,0,0,0,3,0,0,0,0,0,0,0,0,0,36,14,0,0,0,8,0,28,1.6153846153846154,0.9999977425668369,0.0
95,89,1s2.2s2.2p6.3s2.3p6.3d10.4s2.4p6.4d10.4f14.5s2.5p6.5d10.5f3.6s2.6p6,6p,6,1,6,1.5,p3,0,7,68.26078492290922,5,23,60,0,0,0,5,0,0,2,8,10,3,8,24,0,0,0,0,0,0,0,0,0,28,0,0.0,0.9999977425668369,0.0
95,88,1s2.2s2.2p6.3s2.3p6.3d10.4s2.4p6.4d10.4f14.5s2.5p6.5d10.5f3.6s2.6p5,6p,6,1,5,1.5,p3,0,8,67.69544451572325,4,23,60,0,0,0,4,0,0,2,8,10,3,8,24,0,0,0,0,0,0,0,0,0,28,0,-0.6000000000000001,0.9999977425668369,0.0
95,87,1s2.2s2.2p6.3s2.3p6.3d10.4s2.4p6.4d10.4f14.5s2.5p6.5d10.5f3.6s2.6p4,6p,6,1,4,1.5,p3,0,9,67.17343598492596,3,23,60,0,0,0,3,0,0,2,8,10,3,8,24,0,0,0,0,0,0,0,0,0,28,0,-1.2,0.9999977425668369,0.0
95,86,1s2.2s2.2p6.3s2.3p6.3d10.4s2.4p6.4d10.4f14.5s2.5p6.5d10.5f3.6s2.6p3,6p,6,1,3,1.5,p3,0,10,66.41808800099197,2,23,60,0,0,0,2,0,0,2,8,10,3,8,24,0,0,0,0,0,0,0,0,0,28,0,1.2,0.9999977425668369,0.0
95,85,1s2.2s2.2p6.3s2.3p6.3d10.4s2.4p6.4d10.4f14.5s2.5p6.5d10.5f3.6s2.6p2,5f,5,3,3,2.5,f,0,11,67.81011271727667,2,0,0,78,4,0,0,0,2,0,0,0,0,0,0,0,0,0,36,14,0,0,0,4,0,28,1.0769230769230769,0.9999977425668369,0.0
95,84,1s2.2s2.2p6.3s2.3p6.3d10.4s2.4p6.4d10.4f14.5s2.5p6.5d10.5f2.6s2.6p2,5f,5,3,2,2.5,f,0,12,67.13126311788274,1,0,0,78,4,0,0,0,1,0,0,0,0,0,0,0,0,0,36,14,0,0,0,4,0,28,0.5384615384615384,0.9999977425668369,0.0
95,83,1s2.2s2.2p6.3s2.3p6.3d10.4s2.4p6.4d10.4f14.5s2.5p6.5d10.5f1.6s2.6p2,5f,5,3,1,2.5,f,0,13,66.46257275566043,0,0,0,78,4,0,0,0,0,0,0,0,0,0,0,0,0,0,36,14,0,0,0,4,0,28,0.0,0.9999977425668369,0.0
95,82,1s2.2s2.2p6.3s2.3p6.3d10.4s2.4p6.4d10.4f14.5s2.5p6.5d10.6s2.6p2,6p,6,1,2,0.5,p1,0,14,63.72395062806516,1,20,60,0,0,0,1,0,0,2,8,10,0,8,24,0,0,0,0,0,0,0,0,0,28,0,0.6,0.9999977425668369,0.0
95,81,1s2.2s2.2p6.3s2.3p6.3d10.4s2.4p6.4d10.4f14.5s2.5p6.5d10.6s2.6p1,6p,6,1,1,0.5,p1,0,15,63.18027615907542,0,20,60,0,0,0,0,0,0,2,8,10,0,8,24,0,0,0,0,0,0,0,0,0,28,0,0.0,0.9999977425668369,0.0
95,80,1s2.2s2.2p6.3s2.3p6.3d10.4s2.4p6.4d10.4f14.5s2.5p6.5d10.6s2,6s,6,0,2,0.5,s,0,16,61.277186621795714,1,18,60,0,0,1,0,0,0,0,8,10,0,8,24,0,0,0,0,0,0,0,0,0,28,0,0.0,0.9999977425668369,0.0
95,79,1s2.2s2.2p6.3s2.3p6.3d10.4s2.4p6.4d10.4f14.5s2.5p6.5d10.6s1,6s,6,0,1,0.5,s,0,17,60.68175720132819,0,18,60,0,0,0,0,0,0,0,8,10,0,8,24,0,0,0,0,0,0,0,0,0,28,0,0.0,0.9999977425668369,0.0
95,78,1s2.2s2.2p6.3s2.3p6.3d10.4s2.4p6.4d10.4f14.5s2.5p6.5d10,5d,5,2,10,2.5,d,0,18,60.18161976204584,9,0,0,68,0,0,0,9,0,0,0,0,0,0,0,16,10,14,0,0,0,0,0,0,0,28,0.0,0.9999977425668369,0.0
95,77,1s2.2s2.2p6.3s2.3p6.3d10.4s2.4p6.4d10.4f14.5s2.5p6.5d9,5d,5,2,9,2.5,d,0,19,59.591820854204364,8,0,0,68,0,0,0,8,0,0,0,0,0,0,0,16,10,14,0,0,0,0,0,0,0,28,-0.5555555555555554,0.9999977425668369,0.0
95,76,1s2.2s2.2p6.3s2.3p6.3d10.4s2.4p6.4d10.4f14.5s2.5p6.5d8,5d,5,2,8,2.5,d,0,20,58.964892641510204,7,0,0,68,0,0,0,7,0,0,0,0,0,0,0,16,10,14,0,0,0,0,0,0,0,28,-1.1111111111111112,0.9999977425668369,0.0
95,75,1s2.2s2.2p6.3s2.3p6.3d10.4s2.4p6.4d10.4f14.5s2.5p6.5d7,5d,5,2,7,2.5,d,0,21,58.33796442882129,6,0,0,68,0,0,0,6,0,0,0,0,0,0,0,16,10,14,0,0,0,0,0,0,0,28,-1.6666666666666665,0.9999977425668369,0.0
95,74,1s2.2s2.2p6.3s2.3p6.3d10.4s2.4p6.4d10.4f14.5s2.5p6.5d6,5d,5,2,6,2.5,d,0,22,57.74816552097457,5,0,0,68,0,0,0,5,0,0,0,0,0,0,0,16,10,14,0,0,0,0,0,0,0,28,-2.2222222222222223,0.9999977425668369,0.0
95,73,1s2.2s2.2p6.3s2.3p6.3d10.4s2.4p6.4d10.4f14.5s2.5p6.5d5,5d,5,2,5,2.5,d,0,23,56.939981578454784,4,0,0,68,0,0,0,4,0,0,0,0,0,0,0,16,10,14,0,0,0,0,0,0,0,28,2.2222222222222223,0.9999977425668369,0.0
95,72,1s2.2s2.2p6.3s2.3p6.3d10.4s2.4p6.4d10.4f14.5s2.5p6.5d4,5d,5,2,4,1.5,d,0,24,56.35018267060813,3,0,0,68,0,0,0,3,0,0,0,0,0,0,0,16,10,14,0,0,0,0,0,0,0,28,1.6666666666666667,0.9999977425668369,0.0
95,71,1s2.2s2.2p6.3s2.3p6.3d10.4s2.4p6.4d10.4f14.5s2.5p6.5d3,5d,5,2,3,1.5,d,0,25,55.72325445791909,2,0,0,68,0,0,0,2,0,0,0,0,0,0,0,16,10,14,0,0,0,0,0,0,0,28,1.1111111111111112,0.9999977425668369,0.0
95,70,1s2.2s2.2p6.3s2.3p6.3d10.4s2.4p6.4d10.4f14.5s2.5p6.5d2,5d,5,2,2,1.5,d,0,26,55.09632624522511,1,0,0,68,0,0,0,1,0,0,0,0,0,0,0,16,10,14,0,0,0,0,0,0,0,28,0.5555555555555556,0.9999977425668369,0.0
95,69,1s2.2s2.2p6.3s2.3p6.3d10.4s2.4p6.4d10.4f14.5s2.5p6.5d1,5d,5,2,1,1.5,d,0,27,54.50652733738305,0,0,0,68,0,0,0,0,0,0,0,0,0,0,0,16,10,14,0,0,0,0,0,0,0,28,0.0,0.9999977425668369,0.0
95,68,1s2.2s2.2p6.3s2.3p6.3d10.4s2.4p6.4d10.4f14.5s2.5p6,5p,5,1,6,1.5,p3,0,28,51.291318007282406,5,34,28,0,0,0,5,0,0,2,8,10,14,8,10,0,0,0,0,0,0,0,0,0,10,0,0.0,0.9999977425668369,0.0
95,67,1s2.2s2.2p6.3s2.3p6.3d10.4s2.4p6.4d10.4f14.5s2.5p5,5p,5,1,5,1.5,p3,0,29,50.7422457416599,4,34,28,0,0,0,4,0,0,2,8,10,14,8,10,0,0,0,0,0,0,0,0,0,10,0,-0.6000000000000001,0.9999977425668369,0.0
95,66,1s2.2s2.2p6.3s2.3p6.3d10.4s2.4p6.4d10.4f14.5s2.5p4,5p,5,1,4,1.5,p3,0,30,50.193173476032534,3,34,28,0,0,0,3,0,0,2,8,10,14,8,10,0,0,0,0,0,0,0,0,0,10,0,-1.2,0.9999977425668369,0.0
95,65,1s2.2s2.2p6.3s2.3p6.3d10.4s2.4p6.4d10.4f14.5s2.5p3,5p,5,1,3,1.5,p3,0,31,49.453854628378465,2,34,28,0,0,0,2,0,0,2,8,10,14,8,10,0,0,0,0,0,0,0,0,0,10,0,1.2,0.9999977425668369,0.0
95,64,1s2.2s2.2p6.3s2.3p6.3d10.4s2.4p6.4d10.4f14.5s2.5p2,5p,5,1,2,0.5,p1,0,32,48.904782362751156,1,34,28,0,0,0,1,0,0,2,8,10,14,8,10,0,0,0,0,0,0,0,0,0,10,0,0.6,0.9999977425668369,0.0
95,63,1s2.2s2.2p6.3s2.3p6.3d10.4s2.4p6.4d10.4f14.5s2.5p1,5p,5,1,1,0.5,p1,0,33,48.348958444362786,0,34,28,0,0,0,0,0,0,2,8,10,14,8,10,0,0,0,0,0,0,0,0,0,10,0,0.0,0.9999977425668369,0.0
95,62,1s2.2s2.2p6.3s2.3p6.3d10.4s2.4p6.4d10.4f14.5s2,5s,5,0,2,0.5,s,0,34,46.43547188585159,1,32,28,0,0,1,0,0,0,0,8,10,14,8,10,0,0,0,0,0,0,0,0,0,10,0,0.0,0.9999977425668369,0.0
95,61,1s2.2s2.2p6.3s2.3p6.3d10.4s2.4p6.4d10.4f14.5s1,5s,5,0,1,0.5,s,0,35,45.85856833278497,0,32,28,0,0,0,0,0,0,0,8,10,14,8,10,0,0,0,0,0,0,0,0,0,10,0,0.0,0.9999977425668369,0.0
95,60,1s2.2s2.2p6.3s2.3p6.3d10.4s2.4p6.4d10.4f14,4f,4,3,14,3.5,f,0,36,48.86078968565812,13,0,0,46,0,0,0,0,13,0,0,0,0,0,0,0,0,0,36,0,0,0,0,0,0,10,0.0,0.9999977425668369,0.0
95,59,1s2.2s2.2p6.3s2.3p6.3d10.4s2.4p6.4d10.4f13,4f,4,3,13,3.5,f,0,37,48.12167878028413,12,0,0,46,0,0,0,0,12,0,0,0,0,0,0,0,0,0,36,0,0,0,0,0,0,10,-0.5384615384615383,0.9999977425668369,0.0
95,58,1s2.2s2.2p6.3s2.3p6.3d10.4s2.4p6.4d10.4f12,4f,4,3,12,3.5,f,0,38,47.365159080568446,11,0,0,46,0,0,0,0,11,0,0,0,0,0,0,0,0,0,36,0,0,0,0,0,0,10,-1.0769230769230766,0.9999977425668369,0.0
95,57,1s2.2s2.2p6.3s2.3p6.3d10.4s2.4p6.4d10.4f11,4f,4,3,11,3.5,f,0,39,46.56470817701302,10,0,0,46,0,0,0,0,10,0,0,0,0,0,0,0,0,0,36,0,0,0,0,0,0,10,-1.615384615384615,0.9999977425668369,0.0
95,56,1s2.2s2.2p6.3s2.3p6.3d10.4s2.4p6.4d10.4f10,4f,4,3,10,3.5,f,0,40,45.76175948408627,9,0,0,46,0,0,0,0,9,0,0,0,0,0,0,0,0,0,36,0,0,0,0,0,0,10,-2.153846153846154,0.9999977425668369,0.0
95,55,1s2.2s2.2p6.3s2.3p6.3d10.4s2.4p6.4d10.4f9,4f,4,3,9,3.5,f,0,41,45.00482525620487,8,0,0,46,0,0,0,0,8,0,0,0,0,0,0,0,0,0,36,0,0,0,0,0,0,10,-2.6923076923076925,0.9999977425668369,0.0
95,54,1s2.2s2.2p6.3s2.3p6.3d10.4s2.4p6.4d10.4f8,4f,4,3,8,3.5,f,0,42,44.26571435083406,7,0,0,46,0,0,0,0,7,0,0,0,0,0,0,0,0,0,36,0,0,0,0,0,0,10,-3.230769230769231,0.9999977425668369,0.0
95,53,1s2.2s2.2p6.3s2.3p6.3d10.4s2.4p6.4d10.4f7,4f,4,3,7,3.5,f,0,43,43.235453992296016,6,0,0,46,0,0,0,0,6,0,0,0,0,0,0,0,0,0,36,0,0,0,0,0,0,10,3.230769230769231,0.9999977425668369,0.0
95,52,1s2.2s2.2p6.3s2.3p6.3d10.4s2.4p6.4d10.4f6,4f,4,3,6,2.5,f,0,44,42.49634308692566,5,0,0,46,0,0,0,0,5,0,0,0,0,0,0,0,0,0,36,0,0,0,0,0,0,10,2.6923076923076925,0.9999977425668369,0.0
95,51,1s2.2s2.2p6.3s2.3p6.3d10.4s2.4p6.4d10.4f5,4f,4,3,5,2.5,f,0,45,41.739408859043806,4,0,0,46,0,0,0,0,4,0,0,0,0,0,0,0,0,0,36,0,0,0,0,0,0,10,2.1538461538461537,0.9999977425668369,0.0
95,50,1s2.2s2.2p6.3s2.3p6.3d10.4s2.4p6.4d10.4f4,4f,4,3,4,2.5,f,0,46,40.937916324885464,3,0,0,46,0,0,0,0,3,0,0,0,0,0,0,0,0,0,36,0,0,0,0,0,0,10,1.6153846153846154,0.9999977425668369,0.0
95,49,1s2.2s2.2p6.3s2.3p6.3d10.4s2.4p6.4d10.4f3,4f,4,3,3,2.5,f,0,47,40.136423790726894,2,0,0,46,0,0,0,0,2,0,0,0,0,0,0,0,0,0,36,0,0,0,0,0,0,10,1.0769230769230769,0.9999977425668369,0.0
95,48,1s2.2s2.2p6.3s2.3p6.3d10.4s2.4p6.4d10.4f2,4f,4,3,2,2.5,f,0,48,39.37948956284549,1,0,0,46,0,0,0,0,1,0,0,0,0,0,0,0,0,0,36,0,0,0,0,0,0,10,0.5384615384615384,0.9999977425668369,0.0
95,47,1s2.2s2.2p6.3s2.3p6.3d10.4s2.4p6.4d10.4f1,4f,4,3,1,2.5,f,0,49,38.640378657474685,0,0,0,46,0,0,0,0,0,0,0,0,0,0,0,0,0,0,36,0,0,0,0,0,0,10,0.0,0.9999977425668369,0.0
95,46,1s2.2s2.2p6.3s2.3p6.3d10.4s2.4p6.4d10,4d,4,2,10,2.5,d,0,50,35.18427854681272,9,0,0,36,0,0,0,9,0,0,0,0,0,0,0,16,10,0,0,0,0,0,0,0,0,10,0.0,0.9999977425668369,0.0
95,45,1s2.2s2.2p6.3s2.3p6.3d10.4s2.4p6.4d9,4d,4,2,9,2.5,d,0,51,34.56268954011648,8,0,0,36,0,0,0,8,0,0,0,0,0,0,0,16,10,0,0,0,0,0,0,0,0,10,-0.5555555555555554,0.9999977425668369,0.0
95,44,1s2.2s2.2p6.3s2.3p6.3d10.4s2.4p6.4d8,4d,4,2,8,2.5,d,0,52,33.90183225775024,7,0,0,36,0,0,0,7,0,0,0,0,0,0,0,16,10,0,0,0,0,0,0,0,0,10,-1.1111111111111112,0.9999977425668369,0.0
95,43,1s2.2s2.2p6.3s2.3p6.3d10.4s2.4p6.4d7,4d,4,2,7,2.5,d,0,53,33.24097497538423,6,0,0,36,0,0,0,6,0,0,0,0,0,0,0,16,10,0,0,0,0,0,0,0,0,10,-1.6666666666666665,0.9999977425668369,0.0
95,42,1s2.2s2.2p6.3s2.3p6.3d10.4s2.4p6.4d6,4d,4,2,6,2.5,d,0,54,32.619385968687766,5,0,0,36,0,0,0,5,0,0,0,0,0,0,0,16,10,0,0,0,0,0,0,0,0,10,-2.2222222222222223,0.9999977425668369,0.0
95,41,1s2.2s2.2p6.3s2.3p6.3d10.4s2.4p6.4d5,4d,4,2,5,2.5,d,0,55,31.77042966985971,4,0,0,36,0,0,0,4,0,0,0,0,0,0,0,16,10,0,0,0,0,0,0,0,0,10,2.2222222222222223,0.9999977425668369,0.0
95,40,1s2.2s2.2p6.3s2.3p6.3d10.4s2.4p6.4d4,4d,4,2,4,1.5,d,0,56,31.14884066316324,3,0,0,36,0,0,0,3,0,0,0,0,0,0,0,16,10,0,0,0,0,0,0,0,0,10,1.6666666666666667,0.9999977425668369,0.0
95,39,1s2.2s2.2p6.3s2.3p6.3d10.4s2.4p6.4d3,4d,4,2,3,1.5,d,0,57,30.487983380797118,2,0,0,36,0,0,0,2,0,0,0,0,0,0,0,16,10,0,0,0,0,0,0,0,0,10,1.1111111111111112,0.9999977425668369,0.0
95,38,1s2.2s2.2p6.3s2.3p6.3d10.4s2.4p6.4d2,4d,4,2,2,1.5,d,0,58,29.82712609843111,1,0,0,36,0,0,0,1,0,0,0,0,0,0,0,16,10,0,0,0,0,0,0,0,0,10,0.5555555555555556,0.9999977425668369,0.0
95,37,1s2.2s2.2p6.3s2.3p6.3d10.4s2.4p6.4d1,4d,4,2,1,1.5,d,0,59,29.20553709173464,0,0,0,36,0,0,0,0,0,0,0,0,0,0,0,16,10,0,0,0,0,0,0,0,0,10,0.0,0.9999977425668369,0.0
95,36,1s2.2s2.2p6.3s2.3p6.3d10.4s2.4p6,4p,4,1,6,1.5,p3,0,60,26.676544772007787,5,20,10,0,0,0,5,0,0,2,8,10,0,8,0,0,0,0,0,0,0,0,0,0,2,0,0.0,0.9999977425668369,0.0
95,35,1s2.2s2.2p6.3s2.3p6.3d10.4s2.4p5,4p,4,1,5,1.5,p3,0,61,26.117340670445287,4,20,10,0,0,0,4,0,0,2,8,10,0,8,0,0,0,0,0,0,0,0,0,0,2,0,-0.6000000000000001,0.9999977425668369,0.0
95,34,1s2.2s2.2p6.3s2.3p6.3d10.4s2.4p4,4p,4,1,4,1.5,p3,0,62,25.558136568882787,3,20,10,0,0,0,3,0,0,2,8,10,0,8,0,0,0,0,0,0,0,0,0,0,2,0,-1.2,0.9999977425668369,0.0
95,33,1s2.2s2.2p6.3s2.3p6.3d10.4s2.4p3,4p,4,1,3,1.5,p3,0,63,24.807678805211026,2,20,10,0,0,0,2,0,0,2,8,10,0,8,0,0,0,0,0,0,0,0,0,0,2,0,1.2,0.9999977425668369,0.0
95,32,1s2.2s2.2p6.3s2.3p6.3d10.4s2.4p2,4p,4,1,2,0.5,p1,0,64,24.24270156046225,1,20,10,0,0,0,1,0,0,2,8,10,0,8,0,0,0,0,0,0,0,0,0,0,2,0,0.6,0.9999977425668369,0.0
95,31,1s2.2s2.2p6.3s2.3p6.3d10.4s2.4p1,4p,4,1,1,0.5,p1,0,65,23.681451647104154,0,20,10,0,0,0,0,0,0,2,8,10,0,8,0,0,0,0,0,0,0,0,0,0,2,0,0.0,0.9999977425668369,0.0
95,30,1s2.2s2.2p6.3s2.3p6.3d10.4s2,4s,4,0,2,0.5,s,0,66,22.126593730819764,1,18,10,0,0,1,0,0,0,0,8,10,0,8,0,0,0,0,0,0,0,0,0,0,2,0,0.0,0.9999977425668369,0.0
95,29,1s2.2s2.2p6.3s2.3p6.3d10.4s1,4s,4,0,1,0.5,s,0,67,21.554071296483926,0,18,10,0,0,0,0,0,0,0,8,10,0,8,0,0,0,0,0,0,0,0,0,0,2,0,0.0,0.9999977425668369,0.0
95,28,1s2.2s2.2p6.3s2.3p6.3d10,3d,3,2,10,2.5,d,0,68,21.379455336979806,9,0,0,18,0,0,0,9,0,0,0,0,0,0,0,16,0,0,0,0,0,0,0,0,0,2,0.0,0.9999977425668369,0.0
95,27,1s2.2s2.2p6.3s2.3p6.3d9,3d,3,2,9,2.5,d,0,69,20.677223194122995,8,0,0,18,0,0,0,8,0,0,0,0,0,0,0,16,0,0,0,0,0,0,0,0,0,2,-0.5555555555555554,0.9999977425668369,0.0
95,26,1s2.2s2.2p6.3s2.3p6.3d8,3d,3,2,8,2.5,d,0,70,19.92856167011884,7,0,0,18,0,0,0,7,0,0,0,0,0,0,0,16,0,0,0,0,0,0,0,0,0,2,-1.1111111111111112,0.9999977425668369,0.0
95,25,1s2.2s2.2p6.3s2.3p6.3d7,3d,3,2,7,2.5,d,0,71,19.180019458485546,6,0,0,18,0,0,0,6,0,0,0,0,0,0,0,16,0,0,0,0,0,0,0,0,0,2,-1.6666666666666665,0.9999977425668369,0.0
95,24,1s2.2s2.2p6.3s2.3p6.3d6,3d,3,2,6,2.5,d,0,72,18.477999944610033,5,0,0,18,0,0,0,5,0,0,0,0,0,0,0,16,0,0,0,0,0,0,0,0,0,2,-2.2222222222222223,0.9999977425668369,0.0
95,23,1s2.2s2.2p6.3s2.3p6.3d5,3d,3,2,5,2.5,d,0,73,17.516342790782076,4,0,0,18,0,0,0,4,0,0,0,0,0,0,0,16,0,0,0,0,0,0,0,0,0,2,2.2222222222222223,0.9999977425668369,0.0
95,22,1s2.2s2.2p6.3s2.3p6.3d4,3d,3,2,4,1.5,d,0,74,16.81369270190474,3,0,0,18,0,0,0,3,0,0,0,0,0,0,0,16,0,0,0,0,0,0,0,0,0,2,1.6666666666666667,0.9999977425668369,0.0
95,21,1s2.2s2.2p6.3s2.3p6.3d3,3d,3,2,3,1.5,d,0,75,16.06581898178117,2,0,0,18,0,0,0,2,0,0,0,0,0,0,0,16,0,0,0,0,0,0,0,0,0,2,1.1111111111111112,0.9999977425668369,0.0
95,20,1s2.2s2.2p6.3s2.3p6.3d2,3d,3,2,2,1.5,d,0,76,15.318236242385085,1,0,0,18,0,0,0,1,0,0,0,0,0,0,0,16,0,0,0,0,0,0,0,0,0,2,0.5555555555555556,0.9999977425668369,0.0
95,19,1s2.2s2.2p6.3s2.3p6.3d1,3d,3,2,1,1.5,d,0,77,14.615753461451872,0,0,0,18,0,0,0,0,0,0,0,0,0,0,0,16,0,0,0,0,0,0,0,0,0,2,0.0,0.9999977425668369,0.0
95,18,1s2.2s2.2p6.3s2.3p6,3p,3,1,6,1.5,p3,0,78,12.667818264554036,5,10,2,0,0,0,5,0,0,2,8,0,0,2,0,0,0,0,0,0,0,0,0,0,0,0,0.0,0.9999977425668369,0.0
95,17,1s2.2s2.2p6.3s2.3p5,3p,3,1,5,1.5,p3,0,79,12.08347223011717,4,10,2,0,0,0,4,0,0,2,8,0,0,2,0,0,0,0,0,0,0,0,0,0,0,0,-0.6000000000000001,0.9999977425668369,0.0
95,16,1s2.2s2.2p6.3s2.3p4,3p,3,1,4,1.5,p3,0,80,11.49928244974415,3,10,2,0,0,0,3,0,0,2,8,0,0,2,0,0,0,0,0,0,0,0,0,0,0,0,-1.2,0.9999977425668369,0.0
95,15,1s2.2s2.2p6.3s2.3p3,3p,3,1,3,1.5,p3,0,81,10.730818199117742,2,10,2,0,0,0,2,0,0,2,8,0,0,2,0,0,0,0,0,0,0,0,0,0,0,0,1.2,0.9999977425668369,0.0
95,14,1s2.2s2.2p6.3s2.3p2,3p,3,1,2,0.5,p1,0,82,10.145247180423096,1,10,2,0,0,0,1,0,0,2,8,0,0,2,0,0,0,0,0,0,0,0,0,0,0,0,0.6,0.9999977425668369,0.0
95,13,1s2.2s2.2p6.3s2.3p1,3p,3,1,1,0.5,p1,0,83,9.559774441642945,0,10,2,0,0,0,0,0,0,2,8,0,0,2,0,0,0,0,0,0,0,0,0,0,0,0,0.0,0.9999977425668369,0.0
95,12,1s2.2s2.2p6.3s2,3s,3,0,2,0.5,s,0,84,8.35113401342552,1,8,2,0,0,1,0,0,0,0,8,0,0,2,0,0,0,0,0,0,0,0,0,0,0,0,0.0,0.9999977425668369,0.0
95,11,1s2.2s2.2p6.3s1,3s,3,0,1,0.5,s,0,85,7.7856408855844075,0,8,2,0,0,0,0,0,0,0,8,0,0,2,0,0,0,0,0,0,0,0,0,0,0,0,0.0,0.9999977425668369,0.0
95,10,1s2.2s2.2p6,2p,2,1,6,1.5,p3,0,86,6.545979557232126,5,4,0,0,0,0,5,0,0,2,2,0,0,0,0,0,0,0,0,0,0,0,0,0,0,0,0.0,0.9999977425668369,0.0
95,9,1s2.2s2.2p5,2p,2,1,5,1.5,p3,0,87,5.88972955723213,4,4,0,0,0,0,4,0,0,2,2,0,0,0,0,0,0,0,0,0,0,0,0,0,0,0,-0.6000000000000001,0.9999977425668369,0.0
95,8,1s2.2s2.2p4,2p,2,1,4,1.5,p3,0,88,5.233479557232133,3,4,0,0,0,0,3,0,0,2,2,0,0,0,0,0,0,0,0,0,0,0,0,0,0,0,-1.2,0.9999977425668369,0.0
95,7,1s2.2s2.2p3,2p,2,1,3,1.5,p3,0,89,4.378670782625834,2,4,0,0,0,0,2,0,0,2,2,0,0,0,0,0,0,0,0,0,0,0,0,0,0,0,1.2,0.9999977425668369,0.0
95,6,1s2.2s2.2p2,2p,2,1,2,0.5,p1,0,90,3.7253535771907345,1,4,0,0,0,0,1,0,0,2,2,0,0,0,0,0,0,0,0,0,0,0,0,0,0,0,0.6,0.9999977425668369,0.0
95,5,1s2.2s2.2p1,2p,2,1,1,0.5,p1,0,91,3.0730091792350134,0,4,0,0,0,0,0,0,0,2,2,0,0,0,0,0,0,0,0,0,0,0,0,0,0,0,0.0,0.9999977425668369,0.0
95,4,1s2.2s2,2s,2,0,2,0.5,s,0,92,2.145875983124917,1,2,0,0,0,1,0,0,0,0,2,0,0,0,0,0,0,0,0,0,0,0,0,0,0,0,0.0,0.9999977425668369,109.0827530166685
95,3,1s2.2s1,2s,2,0,1,0.5,s,0,93,1.5912208504801093,0,2,0,0,0,0,0,0,0,0,2,0,0,0,0,0,0,0,0,0,0,0,0,0,0,0,0.0,0.9999977425668369,109.0827530166685
95,2,1s2,1s,1,0,2,0.5,s,0,94,0.625,1,0,0,0,0,1,0,0,0,0,0,0,0,0,0,0,0,0,0,0,0,0,0,0,0,0,0.0,0.9999977425668369,564.8085392123986
95,1,1s1,1s,1,0,1,0.5,s,0,95,0.0,0,0,0,0,0,0,0,0,0,0,0,0,0,0,0,0,0,0,0,0,0,0,0,0,0,0,0.0,0.9999977425668369,564.8085392123986
96,96,1s2.2s2.2p6.3s2.3p6.3d10.4s2.4p6.4d10.4f14.5s2.5p6.5d10.5f7.6s2.6p6.6d1.7s2,6d,6,2,1,1.5,d,0,1,75.39771961160119,0,0,0,93,2,0,0,0,0,0,0,0,0,0,0,16,10,7,0,0,0,0,2,0,0,60,0.0,0.9999977701417521,0.0
96,95,1s2.2s2.2p6.3s2.3p6.3d10.4s2.4p6.4d10.4f14.5s2.5p6.5d10.5f7.6s2.6p6.7s2,7s,7,0,2,0.5,s,1,2,74.54700151069223,1,8,85,0,0,1,0,0,0,0,8,0,0,8,17,0,0,0,0,0,0,0,0,0,60,0,0.0,0.9999977701417521,0.0
96,94,1s2.2s2.2p6.3s2.3p6.3d10.4s2.4p6.4d10.4f14.5s2.5p6.5d10.5f8.6s2.6p6,5f,5,3,8,3.5,f,0,3,73.44588268341612,7,0,0,78,8,0,0,0,7,0,0,0,0,0,0,0,0,0,36,14,0,0,0,8,0,28,-3.230769230769231,0.9999977701417521,0.0
96,93,1s2.2s2.2p6.3s2.3p6.3d10.4s2.4p6.4d10.4f14.5s2.5p6.5d10.5f7.6s2.6p6,5f,5,3,7,3.5,f,0,4,72.54790131222121,6,0,0,78,8,0,0,0,6,0,0,0,0,0,0,0,0,0,36,14,0,0,0,8,0,28,3.230769230769231,0.9999977701417521,0.0
96,92,1s2.2s2.2p6.3s2.3p6.3d10.4s2.4p6.4d10.4f14.5s2.5p6.5d10.5f6.6s2.6p6,5f,5,3,6,2.5,f,0,5,71.89016810507714,5,0,0,78,8,0,0,0,5,0,0,0,0,0,0,0,0,0,36,14,0,0,0,8,0,28,2.6923076923076925,0.9999977701417521,0.0
96,91,1s2.2s2.2p6.3s2.3p6.3d10.4s2.4p6.4d10.4f14.5s2.5p6.5d10.5f5.6s2.6p6,5f,5,3,5,2.5,f,0,6,71.21821383864325,4,0,0,78,8,0,0,0,4,0,0,0,0,0,0,0,0,0,36,14,0,0,0,8,0,28,2.1538461538461537,0.9999977701417521,0.0
96,90,1s2.2s2.2p6.3s2.3p6.3d10.4s2.4p6.4d10.4f14.5s2.5p6.5d10.5f4.6s2.6p6,6p,6,1,6,1.5,p3,1,7,68.96804219298221,5,24,60,0,0,0,5,0,0,2,8,10,4,8,24,0,0,0,0,0,0,0,0,0,28,0,0.0,0.9999977701417521,0.0
96,89,1s2.2s2.2p6.3s2.3p6.3d10.4s2.4p6.4d10.4f14.5s2.5p6.5d10.5f5.6s2.6p4,6p,6,1,4,1.5,p3,0,8,68.59156151477036,3,25,60,0,0,0,3,0,0,2,8,10,5,8,24,0,0,0,0,0,0,0,0,0,28,0,-1.2,0.9999977701417521,0.0
96,88,1s2.2s2.2p6.3s2.3p6.3d10.4s2.4p6.4d10.4f14.5s2.5p6.5d10.5f5.6s2.6p3,6p,6,1,3,1.5,p3,0,9,67.82158028590038,2,25,60,0,0,0,2,0,0,2,8,10,5,8,24,0,0,0,0,0,0,0,0,0,28,0,1.2,0.9999977701417521,0.0
96,87,1s2.2s2.2p6.3s2.3p6.3d10.4s2.4p6.4d10.4f14.5s2.5p6.5d10.5f5.6s2.6p2,5f,5,3,5,2.5,f,0,10,69.2267317461465,4,0,0,78,4,0,0,0,4,0,0,0,0,0,0,0,0,0,36,14,0,0,0,4,0,28,2.1538461538461537,0.9999977701417521,0.0
96,86,1s2.2s2.2p6.3s2.3p6.3d10.4s2.4p6.4d10.4f14.5s2.5p6.5d10.5f4.6s2.6p2,5f,5,3,4,2.5,f,0,11,68.52045314277346,3,0,0,78,4,0,0,0,3,0,0,0,0,0,0,0,0,0,36,14,0,0,0,4,0,28,1.6153846153846154,0.9999977701417521,0.0
96,85,1s2.2s2.2p6.3s2.3p6.3d10.4s2.4p6.4d10.4f14.5s2.5p6.5d10.5f3.6s2.6p2,5f,5,3,3,2.5,f,0,12,67.81011271727667,2,0,0,78,4,0,0,0,2,0,0,0,0,0,0,0,0,0,36,14,0,0,0,4,0,28,1.0769230769230769,0.9999977701417521,0.0
96,84,1s2.2s2.2p6.3s2.3p6.3d10.4s2.4p6.4d10.4f14.5s2.5p6.5d10.5f2.6s2.6p2,5f,5,3,2,2.5,f,0,13,67.13126311788274,1,0,0,78,4,0,0,0,1,0,0,0,0,0,0,0,0,0,36,14,0,0,0,4,0,28,0.5384615384615384,0.9999977701417521,0.0
96,83,1s2.2s2.2p6.3s2.3p6.3d10.4s2.4p6.4d10.4f14.5s2.5p6.5d10.5f1.6s2.6p2,6p,6,1,2,0.5,p1,0,14,64.40726531478084,1,21,60,0,0,0,1,0,0,2,8,10,1,8,24,0,0,0,0,0,0,0,0,0,28,0,0.6,0.9999977701417521,0.0
96,82,1s2.2s2.2p6.3s2.3p6.3d10.4s2.4p6.4d10.4f14.5s2.5p6.5d10.5f1.6s2.6p1,6p,6,1,1,0.5,p1,0,15,63.90399129383104,0,21,60,0,0,0,0,0,0,2,8,10,1,8,24,0,0,0,0,0,0,0,0,0,28,0,0.0,0.9999977701417521,0.0
96,81,1s2.2s2.2p6.3s2.3p6.3d10.4s2.4p6.4d10.4f14.5s2.5p6.5d10.5f1.6s2,5f,5,3,1,2.5,f,0,16,65.48546871297202,0,0,0,78,2,0,0,0,0,0,0,0,0,0,0,0,0,0,36,14,0,0,0,2,0,28,0.0,0.9999977701417521,0.0
96,80,1s2.2s2.2p6.3s2.3p6.3d10.4s2.4p6.4d10.4f14.5s2.5p6.5d10.6s2,6s,6,0,2,0.5,s,0,17,61.277186621795714,1,18,60,0,0,1,0,0,0,0,8,10,0,8,24,0,0,0,0,0,0,0,0,0,28,0,0.0,0.9999977701417521,0.0
96,79,1s2.2s2.2p6.3s2.3p6.3d10.4s2.4p6.4d10.4f14.5s2.5p6.5d10.6s1,6s,6,0,1,0.5,s,0,18,60.68175720132819,0,18,60,0,0,0,0,0,0,0,8,10,0,8,24,0,0,0,0,0,0,0,0,0,28,0,0.0,0.9999977701417521,0.0
96,78,1s2.2s2.2p6.3s2.3p6.3d10.4s2.4p6.4d10.4f14.5s2.5p6.5d10,5d,5,2,10,2.5,d,0,19,60.18161976204584,9,0,0,68,0,0,0,9,0,0,0,0,0,0,0,16,10,14,0,0,0,0,0,0,0,28,0.0,0.9999977701417521,0.0
96,77,1s2.2s2.2p6.3s2.3p6.3d10.4s2.4p6.4d10.4f14.5s2.5p6.5d9,5d,5,2,9,2.5,d,0,20,59.591820854204364,8,0,0,68,0,0,0,8,0,0,0,0,0,0,0,16,10,14,0,0,0,0,0,0,0,28,-0.5555555555555554,0.9999977701417521,0.0
96,76,1s2.2s2.2p6.3s2.3p6.3d10.4s2.4p6.4d10.4f14.5s2.5p6.5d8,5d,5,2,8,2.5,d,0,21,58.964892641510204,7,0,0,68,0,0,0,7,0,0,0,0,0,0,0,16,10,14,0,0,0,0,0,0,0,28,-1.1111111111111112,0.9999977701417521,0.0
96,75,1s2.2s2.2p6.3s2.3p6.3d10.4s2.4p6.4d10.4f14.5s2.5p6.5d7,5d,5,2,7,2.5,d,0,22,58.33796442882129,6,0,0,68,0,0,0,6,0,0,0,0,0,0,0,16,10,14,0,0,0,0,0,0,0,28,-1.6666666666666665,0.9999977701417521,0.0
96,74,1s2.2s2.2p6.3s2.3p6.3d10.4s2.4p6.4d10.4f14.5s2.5p6.5d6,5d,5,2,6,2.5,d,0,23,57.74816552097457,5,0,0,68,0,0,0,5,0,0,0,0,0,0,0,16,10,14,0,0,0,0,0,0,0,28,-2.2222222222222223,0.9999977701417521,0.0
96,73,1s2.2s2.2p6.3s2.3p6.3d10.4s2.4p6.4d10.4f14.5s2.5p6.5d5,5d,5,2,5,2.5,d,0,24,56.939981578454784,4,0,0,68,0,0,0,4,0,0,0,0,0,0,0,16,10,14,0,0,0,0,0,0,0,28,2.2222222222222223,0.9999977701417521,0.0
96,72,1s2.2s2.2p6.3s2.3p6.3d10.4s2.4p6.4d10.4f14.5s2.5p6.5d4,5d,5,2,4,1.5,d,0,25,56.35018267060813,3,0,0,68,0,0,0,3,0,0,0,0,0,0,0,16,10,14,0,0,0,0,0,0,0,28,1.6666666666666667,0.9999977701417521,0.0
96,71,1s2.2s2.2p6.3s2.3p6.3d10.4s2.4p6.4d10.4f14.5s2.5p6.5d3,5d,5,2,3,1.5,d,0,26,55.72325445791909,2,0,0,68,0,0,0,2,0,0,0,0,0,0,0,16,10,14,0,0,0,0,0,0,0,28,1.1111111111111112,0.9999977701417521,0.0
96,70,1s2.2s2.2p6.3s2.3p6.3d10.4s2.4p6.4d10.4f14.5s2.5p6.5d2,5d,5,2,2,1.5,d,0,27,55.09632624522511,1,0,0,68,0,0,0,1,0,0,0,0,0,0,0,16,10,14,0,0,0,0,0,0,0,28,0.5555555555555556,0.9999977701417521,0.0
96,69,1s2.2s2.2p6.3s2.3p6.3d10.4s2.4p6.4d10.4f14.5s2.5p6.5d1,5d,5,2,1,1.5,d,0,28,54.50652733738305,0,0,0,68,0,0,0,0,0,0,0,0,0,0,0,16,10,14,0,0,0,0,0,0,0,28,0.0,0.9999977701417521,0.0
96,68,1s2.2s2.2p6.3s2.3p6.3d10.4s2.4p6.4d10.4f14.5s2.5p6,5p,5,1,6,1.5,p3,0,29,51.291318007282406,5,34,28,0,0,0,5,0,0,2,8,10,14,8,10,0,0,0,0,0,0,0,0,0,10,0,0.0,0.9999977701417521,0.0
96,67,1s2.2s2.2p6.3s2.3p6.3d10.4s2.4p6.4d10.4f14.5s2.5p5,5p,5,1,5,1.5,p3,0,30,50.7422457416599,4,34,28,0,0,0,4,0,0,2,8,10,14,8,10,0,0,0,0,0,0,0,0,0,10,0,-0.6000000000000001,0.9999977701417521,0.0
96,66,1s2.2s2.2p6.3s2.3p6.3d10.4s2.4p6.4d10.4f14.5s2.5p4,5p,5,1,4,1.5,p3,0,31,50.193173476032534,3,34,28,0,0,0,3,0,0,2,8,10,14,8,10,0,0,0,0,0,0,0,0,0,10,0,-1.2,0.9999977701417521,0.0
96,65,1s2.2s2.2p6.3s2.3p6.3d10.4s2.4p6.4d10.4f14.5s2.5p3,5p,5,1,3,1.5,p3,0,32,49.453854628378465,2,34,28,0,0,0,2,0,0,2,8,10,14,8,10,0,0,0,0,0,0,0,0,0,10,0,1.2,0.9999977701417521,0.0
96,64,1s2.2s2.2p6.3s2.3p6.3d10.4s2.4p6.4d10.4f14.5s2.5p2,5p,5,1,2,0.5,p1,0,33,48.904782362751156,1,34,28,0,0,0,1,0,0,2,8,10,14,8,10,0,0,0,0,0,0,0,0,0,10,0,0.6,0.9999977701417521,0.0
96,63,1s2.2s2.2p6.3s2.3p6.3d10.4s2.4p6.4d10.4f14.5s2.5p1,5p,5,1,1,0.5,p1,0,34,48.348958444362786,0,34,28,0,0,0,0,0,0,2,8,10,14,8,10,0,0,0,0,0,0,0,0,0,10,0,0.0,0.9999977701417521,0.0
96,62,1s2.2s2.2p6.3s2.3p6.3d10.4s2.4p6.4d10.4f14.5s2,5s,5,0,2,0.5,s,0,35,46.43547188585159,1,32,28,0,0,1,0,0,0,0,8,10,14,8,10,0,0,0,0,0,0,0,0,0,10,0,0.0,0.9999977701417521,0.0
96,61,1s2.2s2.2p6.3s2.3p6.3d10.4s2.4p6.4d10.4f14.5s1,5s,5,0,1,0.5,s,0,36,45.85856833278497,0,32,28,0,0,0,0,0,0,0,8,10,14,8,10,0,0,0,0,0,0,0,0,0,10,0,0.0,0.9999977701417521,0.0
96,60,1s2.2s2.2p6.3s2.3p6.3d10.4s2.4p6.4d10.4f14,4f,4,3,14,3.5,f,0,37,48.86078968565812,13,0,0,46,0,0,0,0,13,0,0,0,0,0,0,0,0,0,36,0,0,0,0,0,0,10,0.0,0.9999977701417521,0.0
96,59,1s2.2s2.2p6.3s2.3p6.3d10.4s2.4p6.4d10.4f13,4f,4,3,13,3.5,f,0,38,48.12167878028413,12,0,0,46,0,0,0,0,12,0,0,0,0,0,0,0,0,0,36,0,0,0,0,0,0,10,-0.5384615384615383,0.9999977701417521,0.0
96,58,1s2.2s2.2p6.3s2.3p6.3d10.4s2.4p6.4d10.4f12,4f,4,3,12,3.5,f,0,39,47.365159080568446,11,0,0,46,0,0,0,0,11,0,0,0,0,0,0,0,0,0,36,0,0,0,0,0,0,10,-1.0769230769230766,0.9999977701417521,0.0
96,57,1s2.2s2.2p6.3s2.3p6.3d10.4s2.4p6.4d10.4f11,4f,4,3,11,3.5,f,0,40,46.56470817701302,10,0,0,46,0,0,0,0,10,0,0,0,0,0,0,0,0,0,36,0,0,0,0,0,0,10,-1.615384615384615,0.9999977701417521,0.0
96,56,1s2.2s2.2p6.3s2.3p6.3d10.4s2.4p6.4d10.4f10,4f,4,3,10,3.5,f,0,41,45.76175948408627,9,0,0,46,0,0,0,0,9,0,0,0,0,0,0,0,0,0,36,0,0,0,0,0,0,10,-2.153846153846154,0.9999977701417521,0.0
96,55,1s2.2s2.2p6.3s2.3p6.3d10.4s2.4p6.4d10.4f9,4f,4,3,9,3.5,f,0,42,45.00482525620487,8,0,0,46,0,0,0,0,8,0,0,0,0,0,0,0,0,0,36,0,0,0,0,0,0,10,-2.6923076923076925,0.9999977701417521,0.0
96,54,1s2.2s2.2p6.3s2.3p6.3d10.4s2.4p6.4d10.4f8,4f,4,3,8,3.5,f,0,43,44.26571435083406,7,0,0,46,0,0,0,0,7,0,0,0,0,0,0,0,0,0,36,0,0,0,0,0,0,10,-3.230769230769231,0.9999977701417521,0.0
96,53,1s2.2s2.2p6.3s2.3p6.3d10.4s2.4p6.4d10.4f7,4f,4,3,7,3.5,f,0,44,43.235453992296016,6,0,0,46,0,0,0,0,6,0,0,0,0,0,0,0,0,0,36,0,0,0,0,0,0,10,3.230769230769231,0.9999977701417521,0.0
96,52,1s2.2s2.2p6.3s2.3p6.3d10.4s2.4p6.4d10.4f6,4f,4,3,6,2.5,f,0,45,42.49634308692566,5,0,0,46,0,0,0,0,5,0,0,0,0,0,0,0,0,0,36,0,0,0,0,0,0,10,2.6923076923076925,0.9999977701417521,0.0
96,51,1s2.2s2.2p6.3s2.3p6.3d10.4s2.4p6.4d10.4f5,4f,4,3,5,2.5,f,0,46,41.739408859043806,4,0,0,46,0,0,0,0,4,0,0,0,0,0,0,0,0,0,36,0,0,0,0,0,0,10,2.1538461538461537,0.9999977701417521,0.0
96,50,1s2.2s2.2p6.3s2.3p6.3d10.4s2.4p6.4d10.4f4,4f,4,3,4,2.5,f,0,47,40.937916324885464,3,0,0,46,0,0,0,0,3,0,0,0,0,0,0,0,0,0,36,0,0,0,0,0,0,10,1.6153846153846154,0.9999977701417521,0.0
96,49,1s2.2s2.2p6.3s2.3p6.3d10.4s2.4p6.4d10.4f3,4f,4,3,3,2.5,f,0,48,40.136423790726894,2,0,0,46,0,0,0,0,2,0,0,0,0,0,0,0,0,0,36,0,0,0,0,0,0,10,1.0769230769230769,0.9999977701417521,0.0
96,48,1s2.2s2.2p6.3s2.3p6.3d10.4s2.4p6.4d10.4f2,4f,4,3,2,2.5,f,0,49,39.37948956284549,1,0,0,46,0,0,0,0,1,0,0,0,0,0,0,0,0,0,36,0,0,0,0,0,0,10,0.5384615384615384,0.9999977701417521,0.0
96,47,1s2.2s2.2p6.3s2.3p6.3d10.4s2.4p6.4d10.4f1,4f,4,3,1,2.5,f,0,50,38.640378657474685,0,0,0,46,0,0,0,0,0,0,0,0,0,0,0,0,0,0,36,0,0,0,0,0,0,10,0.0,0.9999977701417521,0.0
96,46,1s2.2s2.2p6.3s2.3p6.3d10.4s2.4p6.4d10,4d,4,2,10,2.5,d,0,51,35.18427854681272,9,0,0,36,0,0,0,9,0,0,0,0,0,0,0,16,10,0,0,0,0,0,0,0,0,10,0.0,0.9999977701417521,0.0
96,45,1s2.2s2.2p6.3s2.3p6.3d10.4s2.4p6.4d9,4d,4,2,9,2.5,d,0,52,34.56268954011648,8,0,0,36,0,0,0,8,0,0,0,0,0,0,0,16,10,0,0,0,0,0,0,0,0,10,-0.5555555555555554,0.9999977701417521,0.0
96,44,1s2.2s2.2p6.3s2.3p6.3d10.4s2.4p6.4d8,4d,4,2,8,2.5,d,0,53,33.90183225775024,7,0,0,36,0,0,0,7,0,0,0,0,0,0,0,16,10,0,0,0,0,0,0,0,0,10,-1.1111111111111112,0.9999977701417521,0.0
96,43,1s2.2s2.2p6.3s2.3p6.3d10.4s2.4p6.4d7,4d,4,2,7,2.5,d,0,54,33.24097497538423,6,0,0,36,0,0,0,6,0,0,0,0,0,0,0,16,10,0,0,0,0,0,0,0,0,10,-1.6666666666666665,0.9999977701417521,0.0
96,42,1s2.2s2.2p6.3s2.3p6.3d10.4s2.4p6.4d6,4d,4,2,6,2.5,d,0,55,32.619385968687766,5,0,0,36,0,0,0,5,0,0,0,0,0,0,0,16,10,0,0,0,0,0,0,0,0,10,-2.2222222222222223,0.9999977701417521,0.0
96,41,1s2.2s2.2p6.3s2.3p6.3d10.4s2.4p6.4d5,4d,4,2,5,2.5,d,0,56,31.77042966985971,4,0,0,36,0,0,0,4,0,0,0,0,0,0,0,16,10,0,0,0,0,0,0,0,0,10,2.2222222222222223,0.9999977701417521,0.0
96,40,1s2.2s2.2p6.3s2.3p6.3d10.4s2.4p6.4d4,4d,4,2,4,1.5,d,0,57,31.14884066316324,3,0,0,36,0,0,0,3,0,0,0,0,0,0,0,16,10,0,0,0,0,0,0,0,0,10,1.6666666666666667,0.9999977701417521,0.0
96,39,1s2.2s2.2p6.3s2.3p6.3d10.4s2.4p6.4d3,4d,4,2,3,1.5,d,0,58,30.487983380797118,2,0,0,36,0,0,0,2,0,0,0,0,0,0,0,16,10,0,0,0,0,0,0,0,0,10,1.1111111111111112,0.9999977701417521,0.0
96,38,1s2.2s2.2p6.3s2.3p6.3d10.4s2.4p6.4d2,4d,4,2,2,1.5,d,0,59,29.82712609843111,1,0,0,36,0,0,0,1,0,0,0,0,0,0,0,16,10,0,0,0,0,0,0,0,0,10,0.5555555555555556,0.9999977701417521,0.0
96,37,1s2.2s2.2p6.3s2.3p6.3d10.4s2.4p6.4d1,4d,4,2,1,1.5,d,0,60,29.20553709173464,0,0,0,36,0,0,0,0,0,0,0,0,0,0,0,16,10,0,0,0,0,0,0,0,0,10,0.0,0.9999977701417521,0.0
96,36,1s2.2s2.2p6.3s2.3p6.3d10.4s2.4p6,4p,4,1,6,1.5,p3,0,61,26.676544772007787,5,20,10,0,0,0,5,0,0,2,8,10,0,8,0,0,0,0,0,0,0,0,0,0,2,0,0.0,0.9999977701417521,0.0
96,35,1s2.2s2.2p6.3s2.3p6.3d10.4s2.4p5,4p,4,1,5,1.5,p3,0,62,26.117340670445287,4,20,10,0,0,0,4,0,0,2,8,10,0,8,0,0,0,0,0,0,0,0,0,0,2,0,-0.6000000000000001,0.9999977701417521,0.0
96,34,1s2.2s2.2p6.3s2.3p6.3d10.4s2.4p4,4p,4,1,4,1.5,p3,0,63,25.558136568882787,3,20,10,0,0,0,3,0,0,2,8,10,0,8,0,0,0,0,0,0,0,0,0,0,2,0,-1.2,0.9999977701417521,0.0
96,33,1s2.2s2.2p6.3s2.3p6.3d10.4s2.4p3,4p,4,1,3,1.5,p3,0,64,24.807678805211026,2,20,10,0,0,0,2,0,0,2,8,10,0,8,0,0,0,0,0,0,0,0,0,0,2,0,1.2,0.9999977701417521,0.0
96,32,1s2.2s2.2p6.3s2.3p6.3d10.4s2.4p2,4p,4,1,2,0.5,p1,0,65,24.24270156046225,1,20,10,0,0,0,1,0,0,2,8,10,0,8,0,0,0,0,0,0,0,0,0,0,2,0,0.6,0.9999977701417521,0.0
96,31,1s2.2s2.2p6.3s2.3p6.3d10.4s2.4p1,4p,4,1,1,0.5,p1,0,66,23.681451647104154,0,20,10,0,0,0,0,0,0,2,8,10,0,8,0,0,0,0,0,0,0,0,0,0,2,0,0.0,0.9999977701417521,0.0
96,30,1s2.2s2.2p6.3s2.3p6.3d10.4s2,4s,4,0,2,0.5,s,0,67,22.126593730819764,1,18,10,0,0,1,0,0,0,0,8,10,0,8,0,0,0,0,0,0,0,0,0,0,2,0,0.0,0.9999977701417521,0.0
96,29,1s2.2s2.2p6.3s2.3p6.3d10.4s1,4s,4,0,1,0.5,s,0,68,21.554071296483926,0,18,10,0,0,0,0,0,0,0,8,10,0,8,0,0,0,0,0,0,0,0,0,0,2,0,0.0,0.9999977701417521,0.0
96,28,1s2.2s2.2p6.3s2.3p6.3d10,3d,3,2,10,2.5,d,0,69,21.379455336979806,9,0,0,18,0,0,0,9,0,0,0,0,0,0,0,16,0,0,0,0,0,0,0,0,0,2,0.0,0.9999977701417521,0.0
96,27,1s2.2s2.2p6.3s2.3p6.3d9,3d,3,2,9,2.5,d,0,70,20.677223194122995,8,0,0,18,0,0,0,8,0,0,0,0,0,0,0,16,0,0,0,0,0,0,0,0,0,2,-0.5555555555555554,0.9999977701417521,0.0
96,26,1s2.2s2.2p6.3s2.3p6.3d8,3d,3,2,8,2.5,d,0,71,19.92856167011884,7,0,0,18,0,0,0,7,0,0,0,0,0,0,0,16,0,0,0,0,0,0,0,0,0,2,-1.1111111111111112,0.9999977701417521,0.0
96,25,1s2.2s2.2p6.3s2.3p6.3d7,3d,3,2,7,2.5,d,0,72,19.180019458485546,6,0,0,18,0,0,0,6,0,0,0,0,0,0,0,16,0,0,0,0,0,0,0,0,0,2,-1.6666666666666665,0.9999977701417521,0.0
96,24,1s2.2s2.2p6.3s2.3p6.3d6,3d,3,2,6,2.5,d,0,73,18.477999944610033,5,0,0,18,0,0,0,5,0,0,0,0,0,0,0,16,0,0,0,0,0,0,0,0,0,2,-2.2222222222222223,0.9999977701417521,0.0
96,23,1s2.2s2.2p6.3s2.3p6.3d5,3d,3,2,5,2.5,d,0,74,17.516342790782076,4,0,0,18,0,0,0,4,0,0,0,0,0,0,0,16,0,0,0,0,0,0,0,0,0,2,2.2222222222222223,0.9999977701417521,0.0
96,22,1s2.2s2.2p6.3s2.3p6.3d4,3d,3,2,4,1.5,d,0,75,16.81369270190474,3,0,0,18,0,0,0,3,0,0,0,0,0,0,0,16,0,0,0,0,0,0,0,0,0,2,1.6666666666666667,0.9999977701417521,0.0
96,21,1s2.2s2.2p6.3s2.3p6.3d3,3d,3,2,3,1.5,d,0,76,16.06581898178117,2,0,0,18,0,0,0,2,0,0,0,0,0,0,0,16,0,0,0,0,0,0,0,0,0,2,1.1111111111111112,0.9999977701417521,0.0
96,20,1s2.2s2.2p6.3s2.3p6.3d2,3d,3,2,2,1.5,d,0,77,15.318236242385085,1,0,0,18,0,0,0,1,0,0,0,0,0,0,0,16,0,0,0,0,0,0,0,0,0,2,0.5555555555555556,0.9999977701417521,0.0
96,19,1s2.2s2.2p6.3s2.3p6.3d1,3d,3,2,1,1.5,d,0,78,14.615753461451872,0,0,0,18,0,0,0,0,0,0,0,0,0,0,0,16,0,0,0,0,0,0,0,0,0,2,0.0,0.9999977701417521,0.0
96,18,1s2.2s2.2p6.3s2.3p6,3p,3,1,6,1.5,p3,0,79,12.667818264554036,5,10,2,0,0,0,5,0,0,2,8,0,0,2,0,0,0,0,0,0,0,0,0,0,0,0,0.0,0.9999977701417521,0.0
96,17,1s2.2s2.2p6.3s2.3p5,3p,3,1,5,1.5,p3,0,80,12.08347223011717,4,10,2,0,0,0,4,0,0,2,8,0,0,2,0,0,0,0,0,0,0,0,0,0,0,0,-0.6000000000000001,0.9999977701417521,0.0
96,16,1s2.2s2.2p6.3s2.3p4,3p,3,1,4,1.5,p3,0,81,11.49928244974415,3,10,2,0,0,0,3,0,0,2,8,0,0,2,0,0,0,0,0,0,0,0,0,0,0,0,-1.2,0.9999977701417521,0.0
96,15,1s2.2s2.2p6.3s2.3p3,3p,3,1,3,1.5,p3,0,82,10.730818199117742,2,10,2,0,0,0,2,0,0,2,8,0,0,2,0,0,0,0,0,0,0,0,0,0,0,0,1.2,0.9999977701417521,0.0
96,14,1s2.2s2.2p6.3s2.3p2,3p,3,1,2,0.5,p1,0,83,10.145247180423096,1,10,2,0,0,0,1,0,0,2,8,0,0,2,0,0,0,0,0,0,0,0,0,0,0,0,0.6,0.9999977701417521,0.0
96,13,1s2.2s2.2p6.3s2.3p1,3p,3,1,1,0.5,p1,0,84,9.559774441642945,0,10,2,0,0,0,0,0,0,2,8,0,0,2,0,0,0,0,0,0,0,0,0,0,0,0,0.0,0.9999977701417521,0.0
96,12,1s2.2s2.2p6.3s2,3s,3,0,2,0.5,s,0,85,8.35113401342552,1,8,2,0,0,1,0,0,0,0,8,0,0,2,0,0,0,0,0,0,0,0,0,0,0,0,0.0,0.9999977701417521,0.0
96,11,1s2.2s2.2p6.3s1,3s,3,0,1,0.5,s,0,86,7.7856408855844075,0,8,2,0,0,0,0,0,0,0,8,0,0,2,0,0,0,0,0,0,0,0,0,0,0,0,0.0,0.9999977701417521,0.0
96,10,1s2.2s2.2p6,2p,2,1,6,1.5,p3,0,87,6.545979557232126,5,4,0,0,0,0,5,0,0,2,2,0,0,0,0,0,0,0,0,0,0,0,0,0,0,0,0.0,0.9999977701417521,0.0
96,9,1s2.2s2.2p5,2p,2,1,5,1.5,p3,0,88,5.88972955723213,4,4,0,0,0,0,4,0,0,2,2,0,0,0,0,0,0,0,0,0,0,0,0,0,0,0,-0.6000000000000001,0.9999977701417521,0.0
96,8,1s2.2s2.2p4,2p,2,1,4,1.5,p3,0,89,5.233479557232133,3,4,0,0,0,0,3,0,0,2,2,0,0,0,0,0,0,0,0,0,0,0,0,0,0,0,-1.2,0.9999977701417521,0.0
96,7,1s2.2s2.2p3,2p,2,1,3,1.5,p3,0,90,4.378670782625834,2,4,0,0,0,0,2,0,0,2,2,0,0,0,0,0,0,0,0,0,0,0,0,0,0,0,1.2,0.9999977701417521,0.0
96,6,1s2.2s2.2p2,2p,2,1,2,0.5,p1,0,91,3.7253535771907345,1,4,0,0,0,0,1,0,0,2,2,0,0,0,0,0,0,0,0,0,0,0,0,0,0,0,0.6,0.9999977701417521,0.0
96,5,1s2.2s2.2p1,2p,2,1,1,0.5,p1,0,92,3.0730091792350134,0,4,0,0,0,0,0,0,0,2,2,0,0,0,0,0,0,0,0,0,0,0,0,0,0,0,0.0,0.9999977701417521,0.0
96,4,1s2.2s2,2s,2,0,2,0.5,s,0,93,2.145875983124917,1,2,0,0,0,1,0,0,0,0,2,0,0,0,0,0,0,0,0,0,0,0,0,0,0,0,0.0,0.9999977701417521,117.12288256781285
96,3,1s2.2s1,2s,2,0,1,0.5,s,0,94,1.5912208504801093,0,2,0,0,0,0,0,0,0,0,2,0,0,0,0,0,0,0,0,0,0,0,0,0,0,0,0.0,0.9999977701417521,117.12288256781285
96,2,1s2,1s,1,0,2,0.5,s,0,95,0.625,1,0,0,0,0,1,0,0,0,0,0,0,0,0,0,0,0,0,0,0,0,0,0,0,0,0,0.0,0.9999977701417521,601.3099638406815
96,1,1s1,1s,1,0,1,0.5,s,0,96,0.0,0,0,0,0,0,0,0,0,0,0,0,0,0,0,0,0,0,0,0,0,0,0,0,0,0,0,0.0,0.9999977701417521,601.3099638406815
97,97,1s2.2s2.2p6.3s2.3p6.3d10.4s2.4p6.4d10.4f14.5s2.5p6.5d10.5f9.6s2.6p6.7s2,7s,7,0,2,0.5,s,0,1,76.04848138903323,1,8,87,0,0,1,0,0,0,0,8,0,0,8,19,0,0,0,0,0,0,0,0,0,60,0,0.0,0.9999977791941584,0.0
97,96,1s2.2s2.2p6.3s2.3p6.3d10.4s2.4p6.4d10.4f14.5s2.5p6.5d10.5f9.6s2.6p6.7s1,7s,7,0,1,0.5,s,0,2,75.42665183509438,0,8,87,0,0,0,0,0,0,0,8,0,0,8,19,0,0,0,0,0,0,0,0,0,60,0,0.0,0.9999977791941584,0.0
97,95,1s2.2s2.2p6.3s2.3p6.3d10.4s2.4p6.4d10.4f14.5s2.5p6.5d10.5f9.6s2.6p6,5f,5,3,9,3.5,f,0,3,74.10361589056096,8,0,0,78,8,0,0,0,8,0,0,0,0,0,0,0,0,0,36,14,0,0,0,8,0,28,-2.6923076923076925,0.9999977791941584,0.0
97,94,1s2.2s2.2p6.3s2.3p6.3d10.4s2.4p6.4d10.4f14.5s2.5p6.5d10.5f8.6s2.6p6,5f,5,3,8,3.5,f,0,4,73.44588268341612,7,0,0,78,8,0,0,0,7,0,0,0,0,0,0,0,0,0,36,14,0,0,0,8,0,28,-3.230769230769231,0.9999977791941584,0.0
97,93,1s2.2s2.2p6.3s2.3p6.3d10.4s2.4p6.4d10.4f14.5s2.5p6.5d10.5f7.6s2.6p6,5f,5,3,7,3.5,f,0,5,72.54790131222121,6,0,0,78,8,0,0,0,6,0,0,0,0,0,0,0,0,0,36,14,0,0,0,8,0,28,3.230769230769231,0.9999977791941584,0.0
97,92,1s2.2s2.2p6.3s2.3p6.3d10.4s2.4p6.4d10.4f14.5s2.5p6.5d10.5f6.6s2.6p6,5f,5,3,6,2.5,f,0,6,71.89016810507714,5,0,0,78,8,0,0,0,5,0,0,0,0,0,0,0,0,0,36,14,0,0,0,8,0,28,2.6923076923076925,0.9999977791941584,0.0
97,91,1s2.2s2.2p6.3s2.3p6.3d10.4s2.4p6.4d10.4f14.5s2.5p6.5d10.5f5.6s2.6p6,5f,5,3,5,2.5,f,0,7,71.21821383864325,4,0,0,78,8,0,0,0,4,0,0,0,0,0,0,0,0,0,36,14,0,0,0,8,0,28,2.1538461538461537,0.9999977791941584,0.0
97,90,1s2.2s2.2p6.3s2.3p6.3d10.4s2.4p6.4d10.4f14.5s2.5p6.5d10.5f4.6s2.6p6,6p,6,1,6,1.5,p3,1,8,68.96804219298221,5,24,60,0,0,0,5,0,0,2,8,10,4,8,24,0,0,0,0,0,0,0,0,0,28,0,0.0,0.9999977791941584,0.0
97,89,1s2.2s2.2p6.3s2.3p6.3d10.4s2.4p6.4d10.4f14.5s2.5p6.5d10.5f6.6s2.6p3,6p,6,1,3,1.5,p3,0,9,68.53182860464908,2,26,60,0,0,0,2,0,0,2,8,10,6,8,24,0,0,0,0,0,0,0,0,0,28,0,1.2,0.9999977791941584,0.0
97,88,1s2.2s2.2p6.3s2.3p6.3d10.4s2.4p6.4d10.4f14.5s2.5p6.5d10.5f6.6s2.6p2,5f,5,3,6,2.5,f,0,10,69.89339587914267,5,0,0,78,4,0,0,0,5,0,0,0,0,0,0,0,0,0,36,14,0,0,0,4,0,28,2.6923076923076925,0.9999977791941584,0.0
97,87,1s2.2s2.2p6.3s2.3p6.3d10.4s2.4p6.4d10.4f14.5s2.5p6.5d10.5f5.6s2.6p2,5f,5,3,5,2.5,f,0,11,69.2267317461465,4,0,0,78,4,0,0,0,4,0,0,0,0,0,0,0,0,0,36,14,0,0,0,4,0,28,2.1538461538461537,0.9999977791941584,0.0
97,86,1s2.2s2.2p6.3s2.3p6.3d10.4s2.4p6.4d10.4f14.5s2.5p6.5d10.5f4.6s2.6p2,5f,5,3,4,2.5,f,0,12,68.52045314277346,3,0,0,78,4,0,0,0,3,0,0,0,0,0,0,0,0,0,36,14,0,0,0,4,0,28,1.6153846153846154,0.9999977791941584,0.0
97,85,1s2.2s2.2p6.3s2.3p6.3d10.4s2.4p6.4d10.4f14.5s2.5p6.5d10.5f3.6s2.6p2,5f,5,3,3,2.5,f,0,13,67.81011271727667,2,0,0,78,4,0,0,0,2,0,0,0,0,0,0,0,0,0,36,14,0,0,0,4,0,28,1.0769230769230769,0.9999977791941584,0.0
97,84,1s2.2s2.2p6.3s2.3p6.3d10.4s2.4p6.4d10.4f14.5s2.5p6.5d10.5f2.6s2.6p2,6p,6,1,2,0.5,p1,0,14,65.11982512082622,1,22,60,0,0,0,1,0,0,2,8,10,2,8,24,0,0,0,0,0,0,0,0,0,28,0,0.6,0.9999977791941584,0.0
97,83,1s2.2s2.2p6.3s2.3p6.3d10.4s2.4p6.4d10.4f14.5s2.5p6.5d10.5f2.6s2.6p1,6p,6,1,1,0.5,p1,0,15,64.61423961257745,0,22,60,0,0,0,0,0,0,2,8,10,2,8,24,0,0,0,0,0,0,0,0,0,28,0,0.0,0.9999977791941584,0.0
97,82,1s2.2s2.2p6.3s2.3p6.3d10.4s2.4p6.4d10.4f14.5s2.5p6.5d10.5f2.6s2,5f,5,3,2,2.5,f,0,16,66.14320192011068,1,0,0,78,2,0,0,0,1,0,0,0,0,0,0,0,0,0,36,14,0,0,0,2,0,28,0.5384615384615384,0.9999977791941584,0.0
97,81,1s2.2s2.2p6.3s2.3p6.3d10.4s2.4p6.4d10.4f14.5s2.5p6.5d10.5f1.6s2,5f,5,3,1,2.5,f,0,17,65.48546871297202,0,0,0,78,2,0,0,0,0,0,0,0,0,0,0,0,0,0,36,14,0,0,0,2,0,28,0.0,0.9999977791941584,0.0
97,80,1s2.2s2.2p6.3s2.3p6.3d10.4s2.4p6.4d10.4f14.5s2.5p6.5d10.6s2,6s,6,0,2,0.5,s,0,18,61.277186621795714,1,18,60,0,0,1,0,0,0,0,8,10,0,8,24,0,0,0,0,0,0,0,0,0,28,0,0.0,0.9999977791941584,0.0
97,79,1s2.2s2.2p6.3s2.3p6.3d10.4s2.4p6.4d10.4f14.5s2.5p6.5d10.6s1,6s,6,0,1,0.5,s,0,19,60.68175720132819,0,18,60,0,0,0,0,0,0,0,8,10,0,8,24,0,0,0,0,0,0,0,0,0,28,0,0.0,0.9999977791941584,0.0
97,78,1s2.2s2.2p6.3s2.3p6.3d10.4s2.4p6.4d10.4f14.5s2.5p6.5d10,5d,5,2,10,2.5,d,0,20,60.18161976204584,9,0,0,68,0,0,0,9,0,0,0,0,0,0,0,16,10,14,0,0,0,0,0,0,0,28,0.0,0.9999977791941584,0.0
97,77,1s2.2s2.2p6.3s2.3p6.3d10.4s2.4p6.4d10.4f14.5s2.5p6.5d9,5d,5,2,9,2.5,d,0,21,59.591820854204364,8,0,0,68,0,0,0,8,0,0,0,0,0,0,0,16,10,14,0,0,0,0,0,0,0,28,-0.5555555555555554,0.9999977791941584,0.0
97,76,1s2.2s2.2p6.3s2.3p6.3d10.4s2.4p6.4d10.4f14.5s2.5p6.5d8,5d,5,2,8,2.5,d,0,22,58.964892641510204,7,0,0,68,0,0,0,7,0,0,0,0,0,0,0,16,10,14,0,0,0,0,0,0,0,28,-1.1111111111111112,0.9999977791941584,0.0
97,75,1s2.2s2.2p6.3s2.3p6.3d10.4s2.4p6.4d10.4f14.5s2.5p6.5d7,5d,5,2,7,2.5,d,0,23,58.33796442882129,6,0,0,68,0,0,0,6,0,0,0,0,0,0,0,16,10,14,0,0,0,0,0,0,0,28,-1.6666666666666665,0.9999977791941584,0.0
97,74,1s2.2s2.2p6.3s2.3p6.3d10.4s2.4p6.4d10.4f14.5s2.5p6.5d6,5d,5,2,6,2.5,d,0,24,57.74816552097457,5,0,0,68,0,0,0,5,0,0,0,0,0,0,0,16,10,14,0,0,0,0,0,0,0,28,-2.2222222222222223,0.9999977791941584,0.0
97,73,1s2.2s2.2p6.3s2.3p6.3d10.4s2.4p6.4d10.4f14.5s2.5p6.5d5,5d,5,2,5,2.5,d,0,25,56.939981578454784,4,0,0,68,0,0,0,4,0,0,0,0,0,0,0,16,10,14,0,0,0,0,0,0,0,28,2.2222222222222223,0.9999977791941584,0.0
97,72,1s2.2s2.2p6.3s2.3p6.3d10.4s2.4p6.4d10.4f14.5s2.5p6.5d4,5d,5,2,4,1.5,d,0,26,56.35018267060813,3,0,0,68,0,0,0,3,0,0,0,0,0,0,0,16,10,14,0,0,0,0,0,0,0,28,1.6666666666666667,0.9999977791941584,0.0
97,71,1s2.2s2.2p6.3s2.3p6.3d10.4s2.4p6.4d10.4f14.5s2.5p6.5d3,5d,5,2,3,1.5,d,0,27,55.72325445791909,2,0,0,68,0,0,0,2,0,0,0,0,0,0,0,16,10,14,0,0,0,0,0,0,0,28,1.1111111111111112,0.9999977791941584,0.0
97,70,1s2.2s2.2p6.3s2.3p6.3d10.4s2.4p6.4d10.4f14.5s2.5p6.5d2,5d,5,2,2,1.5,d,0,28,55.09632624522511,1,0,0,68,0,0,0,1,0,0,0,0,0,0,0,16,10,14,0,0,0,0,0,0,0,28,0.5555555555555556,0.9999977791941584,0.0
97,69,1s2.2s2.2p6.3s2.3p6.3d10.4s2.4p6.4d10.4f14.5s2.5p6.5d1,5d,5,2,1,1.5,d,0,29,54.50652733738305,0,0,0,68,0,0,0,0,0,0,0,0,0,0,0,16,10,14,0,0,0,0,0,0,0,28,0.0,0.9999977791941584,0.0
97,68,1s2.2s2.2p6.3s2.3p6.3d10.4s2.4p6.4d10.4f14.5s2.5p6,5p,5,1,6,1.5,p3,0,30,51.291318007282406,5,34,28,0,0,0,5,0,0,2,8,10,14,8,10,0,0,0,0,0,0,0,0,0,10,0,0.0,0.9999977791941584,0.0
97,67,1s2.2s2.2p6.3s2.3p6.3d10.4s2.4p6.4d10.4f14.5s2.5p5,5p,5,1,5,1.5,p3,0,31,50.7422457416599,4,34,28,0,0,0,4,0,0,2,8,10,14,8,10,0,0,0,0,0,0,0,0,0,10,0,-0.6000000000000001,0.9999977791941584,0.0
97,66,1s2.2s2.2p6.3s2.3p6.3d10.4s2.4p6.4d10.4f14.5s2.5p4,5p,5,1,4,1.5,p3,0,32,50.193173476032534,3,34,28,0,0,0,3,0,0,2,8,10,14,8,10,0,0,0,0,0,0,0,0,0,10,0,-1.2,0.9999977791941584,0.0
97,65,1s2.2s2.2p6.3s2.3p6.3d10.4s2.4p6.4d10.4f14.5s2.5p3,5p,5,1,3,1.5,p3,0,33,49.453854628378465,2,34,28,0,0,0,2,0,0,2,8,10,14,8,10,0,0,0,0,0,0,0,0,0,10,0,1.2,0.9999977791941584,0.0
97,64,1s2.2s2.2p6.3s2.3p6.3d10.4s2.4p6.4d10.4f14.5s2.5p2,5p,5,1,2,0.5,p1,0,34,48.904782362751156,1,34,28,0,0,0,1,0,0,2,8,10,14,8,10,0,0,0,0,0,0,0,0,0,10,0,0.6,0.9999977791941584,0.0
97,63,1s2.2s2.2p6.3s2.3p6.3d10.4s2.4p6.4d10.4f14.5s2.5p1,5p,5,1,1,0.5,p1,0,35,48.348958444362786,0,34,28,0,0,0,0,0,0,2,8,10,14,8,10,0,0,0,0,0,0,0,0,0,10,0,0.0,0.9999977791941584,0.0
97,62,1s2.2s2.2p6.3s2.3p6.3d10.4s2.4p6.4d10.4f14.5s2,5s,5,0,2,0.5,s,0,36,46.43547188585159,1,32,28,0,0,1,0,0,0,0,8,10,14,8,10,0,0,0,0,0,0,0,0,0,10,0,0.0,0.9999977791941584,0.0
97,61,1s2.2s2.2p6.3s2.3p6.3d10.4s2.4p6.4d10.4f14.5s1,5s,5,0,1,0.5,s,0,37,45.85856833278497,0,32,28,0,0,0,0,0,0,0,8,10,14,8,10,0,0,0,0,0,0,0,0,0,10,0,0.0,0.9999977791941584,0.0
97,60,1s2.2s2.2p6.3s2.3p6.3d10.4s2.4p6.4d10.4f14,4f,4,3,14,3.5,f,0,38,48.86078968565812,13,0,0,46,0,0,0,0,13,0,0,0,0,0,0,0,0,0,36,0,0,0,0,0,0,10,0.0,0.9999977791941584,0.0
97,59,1s2.2s2.2p6.3s2.3p6.3d10.4s2.4p6.4d10.4f13,4f,4,3,13,3.5,f,0,39,48.12167878028413,12,0,0,46,0,0,0,0,12,0,0,0,0,0,0,0,0,0,36,0,0,0,0,0,0,10,-0.5384615384615383,0.9999977791941584,0.0
97,58,1s2.2s2.2p6.3s2.3p6.3d10.4s2.4p6.4d10.4f12,4f,4,3,12,3.5,f,0,40,47.365159080568446,11,0,0,46,0,0,0,0,11,0,0,0,0,0,0,0,0,0,36,0,0,0,0,0,0,10,-1.0769230769230766,0.9999977791941584,0.0
97,57,1s2.2s2.2p6.3s2.3p6.3d10.4s2.4p6.4d10.4f11,4f,4,3,11,3.5,f,0,41,46.56470817701302,10,0,0,46,0,0,0,0,10,0,0,0,0,0,0,0,0,0,36,0,0,0,0,0,0,10,-1.615384615384615,0.9999977791941584,0.0
97,56,1s2.2s2.2p6.3s2.3p6.3d10.4s2.4p6.4d10.4f10,4f,4,3,10,3.5,f,0,42,45.76175948408627,9,0,0,46,0,0,0,0,9,0,0,0,0,0,0,0,0,0,36,0,0,0,0,0,0,10,-2.153846153846154,0.9999977791941584,0.0
97,55,1s2.2s2.2p6.3s2.3p6.3d10.4s2.4p6.4d10.4f9,4f,4,3,9,3.5,f,0,43,45.00482525620487,8,0,0,46,0,0,0,0,8,0,0,0,0,0,0,0,0,0,36,0,0,0,0,0,0,10,-2.6923076923076925,0.9999977791941584,0.0
97,54,1s2.2s2.2p6.3s2.3p6.3d10.4s2.4p6.4d10.4f8,4f,4,3,8,3.5,f,0,44,44.26571435083406,7,0,0,46,0,0,0,0,7,0,0,0,0,0,0,0,0,0,36,0,0,0,0,0,0,10,-3.230769230769231,0.9999977791941584,0.0
97,53,1s2.2s2.2p6.3s2.3p6.3d10.4s2.4p6.4d10.4f7,4f,4,3,7,3.5,f,0,45,43.235453992296016,6,0,0,46,0,0,0,0,6,0,0,0,0,0,0,0,0,0,36,0,0,0,0,0,0,10,3.230769230769231,0.9999977791941584,0.0
97,52,1s2.2s2.2p6.3s2.3p6.3d10.4s2.4p6.4d10.4f6,4f,4,3,6,2.5,f,0,46,42.49634308692566,5,0,0,46,0,0,0,0,5,0,0,0,0,0,0,0,0,0,36,0,0,0,0,0,0,10,2.6923076923076925,0.9999977791941584,0.0
97,51,1s2.2s2.2p6.3s2.3p6.3d10.4s2.4p6.4d10.4f5,4f,4,3,5,2.5,f,0,47,41.739408859043806,4,0,0,46,0,0,0,0,4,0,0,0,0,0,0,0,0,0,36,0,0,0,0,0,0,10,2.1538461538461537,0.9999977791941584,0.0
97,50,1s2.2s2.2p6.3s2.3p6.3d10.4s2.4p6.4d10.4f4,4f,4,3,4,2.5,f,0,48,40.937916324885464,3,0,0,46,0,0,0,0,3,0,0,0,0,0,0,0,0,0,36,0,0,0,0,0,0,10,1.6153846153846154,0.9999977791941584,0.0
97,49,1s2.2s2.2p6.3s2.3p6.3d10.4s2.4p6.4d10.4f3,4f,4,3,3,2.5,f,0,49,40.136423790726894,2,0,0,46,0,0,0,0,2,0,0,0,0,0,0,0,0,0,36,0,0,0,0,0,0,10,1.0769230769230769,0.9999977791941584,0.0
97,48,1s2.2s2.2p6.3s2.3p6.3d10.4s2.4p6.4d10.4f2,4f,4,3,2,2.5,f,0,50,39.37948956284549,1,0,0,46,0,0,0,0,1,0,0,0,0,0,0,0,0,0,36,0,0,0,0,0,0,10,0.5384615384615384,0.9999977791941584,0.0
97,47,1s2.2s2.2p6.3s2.3p6.3d10.4s2.4p6.4d10.4f1,4f,4,3,1,2.5,f,0,51,38.640378657474685,0,0,0,46,0,0,0,0,0,0,0,0,0,0,0,0,0,0,36,0,0,0,0,0,0,10,0.0,0.9999977791941584,0.0
97,46,1s2.2s2.2p6.3s2.3p6.3d10.4s2.4p6.4d10,4d,4,2,10,2.5,d,0,52,35.18427854681272,9,0,0,36,0,0,0,9,0,0,0,0,0,0,0,16,10,0,0,0,0,0,0,0,0,10,0.0,0.9999977791941584,0.0
97,45,1s2.2s2.2p6.3s2.3p6.3d10.4s2.4p6.4d9,4d,4,2,9,2.5,d,0,53,34.56268954011648,8,0,0,36,0,0,0,8,0,0,0,0,0,0,0,16,10,0,0,0,0,0,0,0,0,10,-0.5555555555555554,0.9999977791941584,0.0
97,44,1s2.2s2.2p6.3s2.3p6.3d10.4s2.4p6.4d8,4d,4,2,8,2.5,d,0,54,33.90183225775024,7,0,0,36,0,0,0,7,0,0,0,0,0,0,0,16,10,0,0,0,0,0,0,0,0,10,-1.1111111111111112,0.9999977791941584,0.0
97,43,1s2.2s2.2p6.3s2.3p6.3d10.4s2.4p6.4d7,4d,4,2,7,2.5,d,0,55,33.24097497538423,6,0,0,36,0,0,0,6,0,0,0,0,0,0,0,16,10,0,0,0,0,0,0,0,0,10,-1.6666666666666665,0.9999977791941584,0.0
97,42,1s2.2s2.2p6.3s2.3p6.3d10.4s2.4p6.4d6,4d,4,2,6,2.5,d,0,56,32.619385968687766,5,0,0,36,0,0,0,5,0,0,0,0,0,0,0,16,10,0,0,0,0,0,0,0,0,10,-2.2222222222222223,0.9999977791941584,0.0
97,41,1s2.2s2.2p6.3s2.3p6.3d10.4s2.4p6.4d5,4d,4,2,5,2.5,d,0,57,31.77042966985971,4,0,0,36,0,0,0,4,0,0,0,0,0,0,0,16,10,0,0,0,0,0,0,0,0,10,2.2222222222222223,0.9999977791941584,0.0
97,40,1s2.2s2.2p6.3s2.3p6.3d10.4s2.4p6.4d4,4d,4,2,4,1.5,d,0,58,31.14884066316324,3,0,0,36,0,0,0,3,0,0,0,0,0,0,0,16,10,0,0,0,0,0,0,0,0,10,1.6666666666666667,0.9999977791941584,0.0
97,39,1s2.2s2.2p6.3s2.3p6.3d10.4s2.4p6.4d3,4d,4,2,3,1.5,d,0,59,30.487983380797118,2,0,0,36,0,0,0,2,0,0,0,0,0,0,0,16,10,0,0,0,0,0,0,0,0,10,1.1111111111111112,0.9999977791941584,0.0
97,38,1s2.2s2.2p6.3s2.3p6.3d10.4s2.4p6.4d2,4d,4,2,2,1.5,d,0,60,29.82712609843111,1,0,0,36,0,0,0,1,0,0,0,0,0,0,0,16,10,0,0,0,0,0,0,0,0,10,0.5555555555555556,0.9999977791941584,0.0
97,37,1s2.2s2.2p6.3s2.3p6.3d10.4s2.4p6.4d1,4d,4,2,1,1.5,d,0,61,29.20553709173464,0,0,0,36,0,0,0,0,0,0,0,0,0,0,0,16,10,0,0,0,0,0,0,0,0,10,0.0,0.9999977791941584,0.0
97,36,1s2.2s2.2p6.3s2.3p6.3d10.4s2.4p6,4p,4,1,6,1.5,p3,0,62,26.676544772007787,5,20,10,0,0,0,5,0,0,2,8,10,0,8,0,0,0,0,0,0,0,0,0,0,2,0,0.0,0.9999977791941584,0.0
97,35,1s2.2s2.2p6.3s2.3p6.3d10.4s2.4p5,4p,4,1,5,1.5,p3,0,63,26.117340670445287,4,20,10,0,0,0,4,0,0,2,8,10,0,8,0,0,0,0,0,0,0,0,0,0,2,0,-0.6000000000000001,0.9999977791941584,0.0
97,34,1s2.2s2.2p6.3s2.3p6.3d10.4s2.4p4,4p,4,1,4,1.5,p3,0,64,25.558136568882787,3,20,10,0,0,0,3,0,0,2,8,10,0,8,0,0,0,0,0,0,0,0,0,0,2,0,-1.2,0.9999977791941584,0.0
97,33,1s2.2s2.2p6.3s2.3p6.3d10.4s2.4p3,4p,4,1,3,1.5,p3,0,65,24.807678805211026,2,20,10,0,0,0,2,0,0,2,8,10,0,8,0,0,0,0,0,0,0,0,0,0,2,0,1.2,0.9999977791941584,0.0
97,32,1s2.2s2.2p6.3s2.3p6.3d10.4s2.4p2,4p,4,1,2,0.5,p1,0,66,24.24270156046225,1,20,10,0,0,0,1,0,0,2,8,10,0,8,0,0,0,0,0,0,0,0,0,0,2,0,0.6,0.9999977791941584,0.0
97,31,1s2.2s2.2p6.3s2.3p6.3d10.4s2.4p1,4p,4,1,1,0.5,p1,0,67,23.681451647104154,0,20,10,0,0,0,0,0,0,2,8,10,0,8,0,0,0,0,0,0,0,0,0,0,2,0,0.0,0.9999977791941584,0.0
97,30,1s2.2s2.2p6.3s2.3p6.3d10.4s2,4s,4,0,2,0.5,s,0,68,22.126593730819764,1,18,10,0,0,1,0,0,0,0,8,10,0,8,0,0,0,0,0,0,0,0,0,0,2,0,0.0,0.9999977791941584,0.0
97,29,1s2.2s2.2p6.3s2.3p6.3d10.4s1,4s,4,0,1,0.5,s,0,69,21.554071296483926,0,18,10,0,0,0,0,0,0,0,8,10,0,8,0,0,0,0,0,0,0,0,0,0,2,0,0.0,0.9999977791941584,0.0
97,28,1s2.2s2.2p6.3s2.3p6.3d10,3d,3,2,10,2.5,d,0,70,21.379455336979806,9,0,0,18,0,0,0,9,0,0,0,0,0,0,0,16,0,0,0,0,0,0,0,0,0,2,0.0,0.9999977791941584,0.0
97,27,1s2.2s2.2p6.3s2.3p6.3d9,3d,3,2,9,2.5,d,0,71,20.677223194122995,8,0,0,18,0,0,0,8,0,0,0,0,0,0,0,16,0,0,0,0,0,0,0,0,0,2,-0.5555555555555554,0.9999977791941584,0.0
97,26,1s2.2s2.2p6.3s2.3p6.3d8,3d,3,2,8,2.5,d,0,72,19.92856167011884,7,0,0,18,0,0,0,7,0,0,0,0,0,0,0,16,0,0,0,0,0,0,0,0,0,2,-1.1111111111111112,0.9999977791941584,0.0
97,25,1s2.2s2.2p6.3s2.3p6.3d7,3d,3,2,7,2.5,d,0,73,19.180019458485546,6,0,0,18,0,0,0,6,0,0,0,0,0,0,0,16,0,0,0,0,0,0,0,0,0,2,-1.6666666666666665,0.9999977791941584,0.0
97,24,1s2.2s2.2p6.3s2.3p6.3d6,3d,3,2,6,2.5,d,0,74,18.477999944610033,5,0,0,18,0,0,0,5,0,0,0,0,0,0,0,16,0,0,0,0,0,0,0,0,0,2,-2.2222222222222223,0.9999977791941584,0.0
97,23,1s2.2s2.2p6.3s2.3p6.3d5,3d,3,2,5,2.5,d,0,75,17.516342790782076,4,0,0,18,0,0,0,4,0,0,0,0,0,0,0,16,0,0,0,0,0,0,0,0,0,2,2.2222222222222223,0.9999977791941584,0.0
97,22,1s2.2s2.2p6.3s2.3p6.3d4,3d,3,2,4,1.5,d,0,76,16.81369270190474,3,0,0,18,0,0,0,3,0,0,0,0,0,0,0,16,0,0,0,0,0,0,0,0,0,2,1.6666666666666667,0.9999977791941584,0.0
97,21,1s2.2s2.2p6.3s2.3p6.3d3,3d,3,2,3,1.5,d,0,77,16.06581898178117,2,0,0,18,0,0,0,2,0,0,0,0,0,0,0,16,0,0,0,0,0,0,0,0,0,2,1.1111111111111112,0.9999977791941584,0.0
97,20,1s2.2s2.2p6.3s2.3p6.3d2,3d,3,2,2,1.5,d,0,78,15.318236242385085,1,0,0,18,0,0,0,1,0,0,0,0,0,0,0,16,0,0,0,0,0,0,0,0,0,2,0.5555555555555556,0.9999977791941584,0.0
97,19,1s2.2s2.2p6.3s2.3p6.3d1,3d,3,2,1,1.5,d,0,79,14.615753461451872,0,0,0,18,0,0,0,0,0,0,0,0,0,0,0,16,0,0,0,0,0,0,0,0,0,2,0.0,0.9999977791941584,0.0
97,18,1s2.2s2.2p6.3s2.3p6,3p,3,1,6,1.5,p3,0,80,12.667818264554036,5,10,2,0,0,0,5,0,0,2,8,0,0,2,0,0,0,0,0,0,0,0,0,0,0,0,0.0,0.9999977791941584,0.0
97,17,1s2.2s2.2p6.3s2.3p5,3p,3,1,5,1.5,p3,0,81,12.08347223011717,4,10,2,0,0,0,4,0,0,2,8,0,0,2,0,0,0,0,0,0,0,0,0,0,0,0,-0.6000000000000001,0.9999977791941584,0.0
97,16,1s2.2s2.2p6.3s2.3p4,3p,3,1,4,1.5,p3,0,82,11.49928244974415,3,10,2,0,0,0,3,0,0,2,8,0,0,2,0,0,0,0,0,0,0,0,0,0,0,0,-1.2,0.9999977791941584,0.0
97,15,1s2.2s2.2p6.3s2.3p3,3p,3,1,3,1.5,p3,0,83,10.730818199117742,2,10,2,0,0,0,2,0,0,2,8,0,0,2,0,0,0,0,0,0,0,0,0,0,0,0,1.2,0.9999977791941584,0.0
97,14,1s2.2s2.2p6.3s2.3p2,3p,3,1,2,0.5,p1,0,84,10.145247180423096,1,10,2,0,0,0,1,0,0,2,8,0,0,2,0,0,0,0,0,0,0,0,0,0,0,0,0.6,0.9999977791941584,0.0
97,13,1s2.2s2.2p6.3s2.3p1,3p,3,1,1,0.5,p1,0,85,9.559774441642945,0,10,2,0,0,0,0,0,0,2,8,0,0,2,0,0,0,0,0,0,0,0,0,0,0,0,0.0,0.9999977791941584,0.0
97,12,1s2.2s2.2p6.3s2,3s,3,0,2,0.5,s,0,86,8.35113401342552,1,8,2,0,0,1,0,0,0,0,8,0,0,2,0,0,0,0,0,0,0,0,0,0,0,0,0.0,0.9999977791941584,0.0
97,11,1s2.2s2.2p6.3s1,3s,3,0,1,0.5,s,0,87,7.7856408855844075,0,8,2,0,0,0,0,0,0,0,8,0,0,2,0,0,0,0,0,0,0,0,0,0,0,0,0.0,0.9999977791941584,0.0
97,10,1s2.2s2.2p6,2p,2,1,6,1.5,p3,0,88,6.545979557232126,5,4,0,0,0,0,5,0,0,2,2,0,0,0,0,0,0,0,0,0,0,0,0,0,0,0,0.0,0.9999977791941584,0.0
97,9,1s2.2s2.2p5,2p,2,1,5,1.5,p3,0,89,5.88972955723213,4,4,0,0,0,0,4,0,0,2,2,0,0,0,0,0,0,0,0,0,0,0,0,0,0,0,-0.6000000000000001,0.9999977791941584,0.0
97,8,1s2.2s2.2p4,2p,2,1,4,1.5,p3,0,90,5.233479557232133,3,4,0,0,0,0,3,0,0,2,2,0,0,0,0,0,0,0,0,0,0,0,0,0,0,0,-1.2,0.9999977791941584,0.0
97,7,1s2.2s2.2p3,2p,2,1,3,1.5,p3,0,91,4.378670782625834,2,4,0,0,0,0,2,0,0,2,2,0,0,0,0,0,0,0,0,0,0,0,0,0,0,0,1.2,0.9999977791941584,0.0
97,6,1s2.2s2.2p2,2p,2,1,2,0.5,p1,0,92,3.7253535771907345,1,4,0,0,0,0,1,0,0,2,2,0,0,0,0,0,0,0,0,0,0,0,0,0,0,0,0.6,0.9999977791941584,0.0
97,5,1s2.2s2.2p1,2p,2,1,1,0.5,p1,0,93,3.0730091792350134,0,4,0,0,0,0,0,0,0,2,2,0,0,0,0,0,0,0,0,0,0,0,0,0,0,0,0.0,0.9999977791941584,0.0
97,4,1s2.2s2,2s,2,0,2,0.5,s,0,94,2.145875983124917,1,2,0,0,0,1,0,0,0,0,2,0,0,0,0,0,0,0,0,0,0,0,0,0,0,0,0.0,0.9999977791941584,126.00958380519943
97,3,1s2.2s1,2s,2,0,1,0.5,s,0,95,1.5912208504801093,0,2,0,0,0,0,0,0,0,0,2,0,0,0,0,0,0,0,0,0,0,0,0,0,0,0,0.0,0.9999977791941584,126.00958380519943
97,2,1s2,1s,1,0,2,0.5,s,0,96,0.625,1,0,0,0,0,1,0,0,0,0,0,0,0,0,0,0,0,0,0,0,0,0,0,0,0,0,0.0,0.9999977791941584,641.3233165616242
97,1,1s1,1s,1,0,1,0.5,s,0,97,0.0,0,0,0,0,0,0,0,0,0,0,0,0,0,0,0,0,0,0,0,0,0,0,0,0,0,0,0.0,0.9999977791941584,641.3233165616242
98,98,1s2.2s2.2p6.3s2.3p6.3d10.4s2.4p6.4d10.4f14.5s2.5p6.5d10.5f10.6s2.6p6.7s2,7s,7,0,2,0.5,s,0,1,76.79922132820514,1,8,88,0,0,1,0,0,0,0,8,0,0,8,20,0,0,0,0,0,0,0,0,0,60,0,0.0,0.9999978233472131,0.0
98,97,1s2.2s2.2p6.3s2.3p6.3d10.4s2.4p6.4d10.4f14.5s2.5p6.5d10.5f10.6s2.6p6.7s1,7s,7,0,1,0.5,s,0,2,76.18271004330595,0,8,88,0,0,0,0,0,0,0,8,0,0,8,20,0,0,0,0,0,0,0,0,0,60,0,0.0,0.9999978233472131,0.0
98,96,1s2.2s2.2p6.3s2.3p6.3d10.4s2.4p6.4d10.4f14.5s2.5p6.5d10.5f10.6s2.6p6,5f,5,3,10,3.5,f,0,3,74.77557015699401,9,0,0,78,8,0,0,0,9,0,0,0,0,0,0,0,0,0,36,14,0,0,0,8,0,28,-2.153846153846154,0.9999978233472131,0.0
98,95,1s2.2s2.2p6.3s2.3p6.3d10.4s2.4p6.4d10.4f14.5s2.5p6.5d10.5f9.6s2.6p6,5f,5,3,9,3.5,f,0,4,74.10361589056096,8,0,0,78,8,0,0,0,8,0,0,0,0,0,0,0,0,0,36,14,0,0,0,8,0,28,-2.6923076923076925,0.9999978233472131,0.0
98,94,1s2.2s2.2p6.3s2.3p6.3d10.4s2.4p6.4d10.4f14.5s2.5p6.5d10.5f8.6s2.6p6,5f,5,3,8,3.5,f,0,5,73.44588268341612,7,0,0,78,8,0,0,0,7,0,0,0,0,0,0,0,0,0,36,14,0,0,0,8,0,28,-3.230769230769231,0.9999978233472131,0.0
98,93,1s2.2s2.2p6.3s2.3p6.3d10.4s2.4p6.4d10.4f14.5s2.5p6.5d10.5f7.6s2.6p6,5f,5,3,7,3.5,f,0,6,72.54790131222121,6,0,0,78,8,0,0,0,6,0,0,0,0,0,0,0,0,0,36,14,0,0,0,8,0,28,3.230769230769231,0.9999978233472131,0.0
98,92,1s2.2s2.2p6.3s2.3p6.3d10.4s2.4p6.4d10.4f14.5s2.5p6.5d10.5f6.6s2.6p6,5f,5,3,6,2.5,f,0,7,71.89016810507714,5,0,0,78,8,0,0,0,5,0,0,0,0,0,0,0,0,0,36,14,0,0,0,8,0,28,2.6923076923076925,0.9999978233472131,0.0
98,91,1s2.2s2.2p6.3s2.3p6.3d10.4s2.4p6.4d10.4f14.5s2.5p6.5d10.5f5.6s2.6p6,5f,5,3,5,2.5,f,0,8,71.21821383864325,4,0,0,78,8,0,0,0,4,0,0,0,0,0,0,0,0,0,36,14,0,0,0,8,0,28,2.1538461538461537,0.9999978233472131,0.0
98,90,1s2.2s2.2p6.3s2.3p6.3d10.4s2.4p6.4d10.4f14.5s2.5p6.5d10.5f4.6s2.6p6,6p,6,1,6,1.5,p3,1,9,68.96804219298221,5,24,60,0,0,0,5,0,0,2,8,10,4,8,24,0,0,0,0,0,0,0,0,0,28,0,0.0,0.9999978233472131,0.0
98,89,1s2.2s2.2p6.3s2.3p6.3d10.4s2.4p6.4d10.4f14.5s2.5p6.5d10.5f7.6s2.6p2,5f,5,3,7,3.5,f,0,10,70.54177713072116,6,0,0,78,4,0,0,0,6,0,0,0,0,0,0,0,0,0,36,14,0,0,0,4,0,28,3.230769230769231,0.9999978233472131,0.0
98,88,1s2.2s2.2p6.3s2.3p6.3d10.4s2.4p6.4d10.4f14.5s2.5p6.5d10.5f6.6s2.6p2,5f,5,3,6,2.5,f,0,11,69.89339587914267,5,0,0,78,4,0,0,0,5,0,0,0,0,0,0,0,0,0,36,14,0,0,0,4,0,28,2.6923076923076925,0.9999978233472131,0.0
98,87,1s2.2s2.2p6.3s2.3p6.3d10.4s2.4p6.4d10.4f14.5s2.5p6.5d10.5f5.6s2.6p2,5f,5,3,5,2.5,f,0,12,69.2267317461465,4,0,0,78,4,0,0,0,4,0,0,0,0,0,0,0,0,0,36,14,0,0,0,4,0,28,2.1538461538461537,0.9999978233472131,0.0
98,86,1s2.2s2.2p6.3s2.3p6.3d10.4s2.4p6.4d10.4f14.5s2.5p6.5d10.5f4.6s2.6p2,5f,5,3,4,2.5,f,0,13,68.52045314277346,3,0,0,78,4,0,0,0,3,0,0,0,0,0,0,0,0,0,36,14,0,0,0,4,0,28,1.6153846153846154,0.9999978233472131,0.0
98,85,1s2.2s2.2p6.3s2.3p6.3d10.4s2.4p6.4d10.4f14.5s2.5p6.5d10.5f3.6s2.6p2,6p,6,1,2,0.5,p1,0,14,65.84993199848186,1,23,60,0,0,0,1,0,0,2,8,10,3,8,24,0,0,0,0,0,0,0,0,0,28,0,0.6,0.9999978233472131,0.0
98,84,1s2.2s2.2p6.3s2.3p6.3d10.4s2.4p6.4d10.4f14.5s2.5p6.5d10.5f3.6s2.6p1,6p,6,1,1,0.5,p1,0,15,65.31687013916822,0,23,60,0,0,0,0,0,0,2,8,10,3,8,24,0,0,0,0,0,0,0,0,0,28,0,0.0,0.9999978233472131,0.0
98,83,1s2.2s2.2p6.3s2.3p6.3d10.4s2.4p6.4d10.4f14.5s2.5p6.5d10.5f3.6s2,5f,5,3,3,2.5,f,0,16,66.81515618654998,2,0,0,78,2,0,0,0,2,0,0,0,0,0,0,0,0,0,36,14,0,0,0,2,0,28,1.0769230769230769,0.9999978233472131,0.0
98,82,1s2.2s2.2p6.3s2.3p6.3d10.4s2.4p6.4d10.4f14.5s2.5p6.5d10.5f2.6s2,5f,5,3,2,2.5,f,0,17,66.14320192011068,1,0,0,78,2,0,0,0,1,0,0,0,0,0,0,0,0,0,36,14,0,0,0,2,0,28,0.5384615384615384,0.9999978233472131,0.0
98,81,1s2.2s2.2p6.3s2.3p6.3d10.4s2.4p6.4d10.4f14.5s2.5p6.5d10.5f1.6s2,5f,5,3,1,2.5,f,0,18,65.48546871297202,0,0,0,78,2,0,0,0,0,0,0,0,0,0,0,0,0,0,36,14,0,0,0,2,0,28,0.0,0.9999978233472131,0.0
98,80,1s2.2s2.2p6.3s2.3p6.3d10.4s2.4p6.4d10.4f14.5s2.5p6.5d10.6s2,6s,6,0,2,0.5,s,0,19,61.277186621795714,1,18,60,0,0,1,0,0,0,0,8,10,0,8,24,0,0,0,0,0,0,0,0,0,28,0,0.0,0.9999978233472131,0.0
98,79,1s2.2s2.2p6.3s2.3p6.3d10.4s2.4p6.4d10.4f14.5s2.5p6.5d10.6s1,6s,6,0,1,0.5,s,0,20,60.68175720132819,0,18,60,0,0,0,0,0,0,0,8,10,0,8,24,0,0,0,0,0,0,0,0,0,28,0,0.0,0.9999978233472131,0.0
98,78,1s2.2s2.2p6.3s2.3p6.3d10.4s2.4p6.4d10.4f14.5s2.5p6.5d10,5d,5,2,10,2.5,d,0,21,60.18161976204584,9,0,0,68,0,0,0,9,0,0,0,0,0,0,0,16,10,14,0,0,0,0,0,0,0,28,0.0,0.9999978233472131,0.0
98,77,1s2.2s2.2p6.3s2.3p6.3d10.4s2.4p6.4d10.4f14.5s2.5p6.5d9,5d,5,2,9,2.5,d,0,22,59.591820854204364,8,0,0,68,0,0,0,8,0,0,0,0,0,0,0,16,10,14,0,0,0,0,0,0,0,28,-0.5555555555555554,0.9999978233472131,0.0
98,76,1s2.2s2.2p6.3s2.3p6.3d10.4s2.4p6.4d10.4f14.5s2.5p6.5d8,5d,5,2,8,2.5,d,0,23,58.964892641510204,7,0,0,68,0,0,0,7,0,0,0,0,0,0,0,16,10,14,0,0,0,0,0,0,0,28,-1.1111111111111112,0.9999978233472131,0.0
98,75,1s2.2s2.2p6.3s2.3p6.3d10.4s2.4p6.4d10.4f14.5s2.5p6.5d7,5d,5,2,7,2.5,d,0,24,58.33796442882129,6,0,0,68,0,0,0,6,0,0,0,0,0,0,0,16,10,14,0,0,0,0,0,0,0,28,-1.6666666666666665,0.9999978233472131,0.0
98,74,1s2.2s2.2p6.3s2.3p6.3d10.4s2.4p6.4d10.4f14.5s2.5p6.5d6,5d,5,2,6,2.5,d,0,25,57.74816552097457,5,0,0,68,0,0,0,5,0,0,0,0,0,0,0,16,10,14,0,0,0,0,0,0,0,28,-2.2222222222222223,0.9999978233472131,0.0
98,73,1s2.2s2.2p6.3s2.3p6.3d10.4s2.4p6.4d10.4f14.5s2.5p6.5d5,5d,5,2,5,2.5,d,0,26,56.939981578454784,4,0,0,68,0,0,0,4,0,0,0,0,0,0,0,16,10,14,0,0,0,0,0,0,0,28,2.2222222222222223,0.9999978233472131,0.0
98,72,1s2.2s2.2p6.3s2.3p6.3d10.4s2.4p6.4d10.4f14.5s2.5p6.5d4,5d,5,2,4,1.5,d,0,27,56.35018267060813,3,0,0,68,0,0,0,3,0,0,0,0,0,0,0,16,10,14,0,0,0,0,0,0,0,28,1.6666666666666667,0.9999978233472131,0.0
98,71,1s2.2s2.2p6.3s2.3p6.3d10.4s2.4p6.4d10.4f14.5s2.5p6.5d3,5d,5,2,3,1.5,d,0,28,55.72325445791909,2,0,0,68,0,0,0,2,0,0,0,0,0,0,0,16,10,14,0,0,0,0,0,0,0,28,1.1111111111111112,0.9999978233472131,0.0
98,70,1s2.2s2.2p6.3s2.3p6.3d10.4s2.4p6.4d10.4f14.5s2.5p6.5d2,5d,5,2,2,1.5,d,0,29,55.09632624522511,1,0,0,68,0,0,0,1,0,0,0,0,0,0,0,16,10,14,0,0,0,0,0,0,0,28,0.5555555555555556,0.9999978233472131,0.0
98,69,1s2.2s2.2p6.3s2.3p6.3d10.4s2.4p6.4d10.4f14.5s2.5p6.5d1,5d,5,2,1,1.5,d,0,30,54.50652733738305,0,0,0,68,0,0,0,0,0,0,0,0,0,0,0,16,10,14,0,0,0,0,0,0,0,28,0.0,0.9999978233472131,0.0
98,68,1s2.2s2.2p6.3s2.3p6.3d10.4s2.4p6.4d10.4f14.5s2.5p6,5p,5,1,6,1.5,p3,0,31,51.291318007282406,5,34,28,0,0,0,5,0,0,2,8,10,14,8,10,0,0,0,0,0,0,0,0,0,10,0,0.0,0.9999978233472131,0.0
98,67,1s2.2s2.2p6.3s2.3p6.3d10.4s2.4p6.4d10.4f14.5s2.5p5,5p,5,1,5,1.5,p3,0,32,50.7422457416599,4,34,28,0,0,0,4,0,0,2,8,10,14,8,10,0,0,0,0,0,0,0,0,0,10,0,-0.6000000000000001,0.9999978233472131,0.0
98,66,1s2.2s2.2p6.3s2.3p6.3d10.4s2.4p6.4d10.4f14.5s2.5p4,5p,5,1,4,1.5,p3,0,33,50.193173476032534,3,34,28,0,0,0,3,0,0,2,8,10,14,8,10,0,0,0,0,0,0,0,0,0,10,0,-1.2,0.9999978233472131,0.0
98,65,1s2.2s2.2p6.3s2.3p6.3d10.4s2.4p6.4d10.4f14.5s2.5p3,5p,5,1,3,1.5,p3,0,34,49.453854628378465,2,34,28,0,0,0,2,0,0,2,8,10,14,8,10,0,0,0,0,0,0,0,0,0,10,0,1.2,0.9999978233472131,0.0
98,64,1s2.2s2.2p6.3s2.3p6.3d10.4s2.4p6.4d10.4f14.5s2.5p2,5p,5,1,2,0.5,p1,0,35,48.904782362751156,1,34,28,0,0,0,1,0,0,2,8,10,14,8,10,0,0,0,0,0,0,0,0,0,10,0,0.6,0.9999978233472131,0.0
98,63,1s2.2s2.2p6.3s2.3p6.3d10.4s2.4p6.4d10.4f14.5s2.5p1,5p,5,1,1,0.5,p1,0,36,48.348958444362786,0,34,28,0,0,0,0,0,0,2,8,10,14,8,10,0,0,0,0,0,0,0,0,0,10,0,0.0,0.9999978233472131,0.0
98,62,1s2.2s2.2p6.3s2.3p6.3d10.4s2.4p6.4d10.4f14.5s2,5s,5,0,2,0.5,s,0,37,46.43547188585159,1,32,28,0,0,1,0,0,0,0,8,10,14,8,10,0,0,0,0,0,0,0,0,0,10,0,0.0,0.9999978233472131,0.0
98,61,1s2.2s2.2p6.3s2.3p6.3d10.4s2.4p6.4d10.4f14.5s1,5s,5,0,1,0.5,s,0,38,45.85856833278497,0,32,28,0,0,0,0,0,0,0,8,10,14,8,10,0,0,0,0,0,0,0,0,0,10,0,0.0,0.9999978233472131,0.0
98,60,1s2.2s2.2p6.3s2.3p6.3d10.4s2.4p6.4d10.4f14,4f,4,3,14,3.5,f,0,39,48.86078968565812,13,0,0,46,0,0,0,0,13,0,0,0,0,0,0,0,0,0,36,0,0,0,0,0,0,10,0.0,0.9999978233472131,0.0
98,59,1s2.2s2.2p6.3s2.3p6.3d10.4s2.4p6.4d10.4f13,4f,4,3,13,3.5,f,0,40,48.12167878028413,12,0,0,46,0,0,0,0,12,0,0,0,0,0,0,0,0,0,36,0,0,0,0,0,0,10,-0.5384615384615383,0.9999978233472131,0.0
98,58,1s2.2s2.2p6.3s2.3p6.3d10.4s2.4p6.4d10.4f12,4f,4,3,12,3.5,f,0,41,47.365159080568446,11,0,0,46,0,0,0,0,11,0,0,0,0,0,0,0,0,0,36,0,0,0,0,0,0,10,-1.0769230769230766,0.9999978233472131,0.0
98,57,1s2.2s2.2p6.3s2.3p6.3d10.4s2.4p6.4d10.4f11,4f,4,3,11,3.5,f,0,42,46.56470817701302,10,0,0,46,0,0,0,0,10,0,0,0,0,0,0,0,0,0,36,0,0,0,0,0,0,10,-1.615384615384615,0.9999978233472131,0.0
98,56,1s2.2s2.2p6.3s2.3p6.3d10.4s2.4p6.4d10.4f10,4f,4,3,10,3.5,f,0,43,45.76175948408627,9,0,0,46,0,0,0,0,9,0,0,0,0,0,0,0,0,0,36,0,0,0,0,0,0,10,-2.153846153846154,0.9999978233472131,0.0
98,55,1s2.2s2.2p6.3s2.3p6.3d10.4s2.4p6.4d10.4f9,4f,4,3,9,3.5,f,0,44,45.00482525620487,8,0,0,46,0,0,0,0,8,0,0,0,0,0,0,0,0,0,36,0,0,0,0,0,0,10,-2.6923076923076925,0.9999978233472131,0.0
98,54,1s2.2s2.2p6.3s2.3p6.3d10.4s2.4p6.4d10.4f8,4f,4,3,8,3.5,f,0,45,44.26571435083406,7,0,0,46,0,0,0,0,7,0,0,0,0,0,0,0,0,0,36,0,0,0,0,0,0,10,-3.230769230769231,0.9999978233472131,0.0
98,53,1s2.2s2.2p6.3s2.3p6.3d10.4s2.4p6.4d10.4f7,4f,4,3,7,3.5,f,0,46,43.235453992296016,6,0,0,46,0,0,0,0,6,0,0,0,0,0,0,0,0,0,36,0,0,0,0,0,0,10,3.230769230769231,0.9999978233472131,0.0
98,52,1s2.2s2.2p6.3s2.3p6.3d10.4s2.4p6.4d10.4f6,4f,4,3,6,2.5,f,0,47,42.49634308692566,5,0,0,46,0,0,0,0,5,0,0,0,0,0,0,0,0,0,36,0,0,0,0,0,0,10,2.6923076923076925,0.9999978233472131,0.0
98,51,1s2.2s2.2p6.3s2.3p6.3d10.4s2.4p6.4d10.4f5,4f,4,3,5,2.5,f,0,48,41.739408859043806,4,0,0,46,0,0,0,0,4,0,0,0,0,0,0,0,0,0,36,0,0,0,0,0,0,10,2.1538461538461537,0.9999978233472131,0.0
98,50,1s2.2s2.2p6.3s2.3p6.3d10.4s2.4p6.4d10.4f4,4f,4,3,4,2.5,f,0,49,40.937916324885464,3,0,0,46,0,0,0,0,3,0,0,0,0,0,0,0,0,0,36,0,0,0,0,0,0,10,1.6153846153846154,0.9999978233472131,0.0
98,49,1s2.2s2.2p6.3s2.3p6.3d10.4s2.4p6.4d10.4f3,4f,4,3,3,2.5,f,0,50,40.136423790726894,2,0,0,46,0,0,0,0,2,0,0,0,0,0,0,0,0,0,36,0,0,0,0,0,0,10,1.0769230769230769,0.9999978233472131,0.0
98,48,1s2.2s2.2p6.3s2.3p6.3d10.4s2.4p6.4d10.4f2,4f,4,3,2,2.5,f,0,51,39.37948956284549,1,0,0,46,0,0,0,0,1,0,0,0,0,0,0,0,0,0,36,0,0,0,0,0,0,10,0.5384615384615384,0.9999978233472131,0.0
98,47,1s2.2s2.2p6.3s2.3p6.3d10.4s2.4p6.4d10.4f1,4f,4,3,1,2.5,f,0,52,38.640378657474685,0,0,0,46,0,0,0,0,0,0,0,0,0,0,0,0,0,0,36,0,0,0,0,0,0,10,0.0,0.9999978233472131,0.0
98,46,1s2.2s2.2p6.3s2.3p6.3d10.4s2.4p6.4d10,4d,4,2,10,2.5,d,0,53,35.18427854681272,9,0,0,36,0,0,0,9,0,0,0,0,0,0,0,16,10,0,0,0,0,0,0,0,0,10,0.0,0.9999978233472131,0.0
98,45,1s2.2s2.2p6.3s2.3p6.3d10.4s2.4p6.4d9,4d,4,2,9,2.5,d,0,54,34.56268954011648,8,0,0,36,0,0,0,8,0,0,0,0,0,0,0,16,10,0,0,0,0,0,0,0,0,10,-0.5555555555555554,0.9999978233472131,0.0
98,44,1s2.2s2.2p6.3s2.3p6.3d10.4s2.4p6.4d8,4d,4,2,8,2.5,d,0,55,33.90183225775024,7,0,0,36,0,0,0,7,0,0,0,0,0,0,0,16,10,0,0,0,0,0,0,0,0,10,-1.1111111111111112,0.9999978233472131,0.0
98,43,1s2.2s2.2p6.3s2.3p6.3d10.4s2.4p6.4d7,4d,4,2,7,2.5,d,0,56,33.24097497538423,6,0,0,36,0,0,0,6,0,0,0,0,0,0,0,16,10,0,0,0,0,0,0,0,0,10,-1.6666666666666665,0.9999978233472131,0.0
98,42,1s2.2s2.2p6.3s2.3p6.3d10.4s2.4p6.4d6,4d,4,2,6,2.5,d,0,57,32.619385968687766,5,0,0,36,0,0,0,5,0,0,0,0,0,0,0,16,10,0,0,0,0,0,0,0,0,10,-2.2222222222222223,0.9999978233472131,0.0
98,41,1s2.2s2.2p6.3s2.3p6.3d10.4s2.4p6.4d5,4d,4,2,5,2.5,d,0,58,31.77042966985971,4,0,0,36,0,0,0,4,0,0,0,0,0,0,0,16,10,0,0,0,0,0,0,0,0,10,2.2222222222222223,0.9999978233472131,0.0
98,40,1s2.2s2.2p6.3s2.3p6.3d10.4s2.4p6.4d4,4d,4,2,4,1.5,d,0,59,31.14884066316324,3,0,0,36,0,0,0,3,0,0,0,0,0,0,0,16,10,0,0,0,0,0,0,0,0,10,1.6666666666666667,0.9999978233472131,0.0
98,39,1s2.2s2.2p6.3s2.3p6.3d10.4s2.4p6.4d3,4d,4,2,3,1.5,d,0,60,30.487983380797118,2,0,0,36,0,0,0,2,0,0,0,0,0,0,0,16,10,0,0,0,0,0,0,0,0,10,1.1111111111111112,0.9999978233472131,0.0
98,38,1s2.2s2.2p6.3s2.3p6.3d10.4s2.4p6.4d2,4d,4,2,2,1.5,d,0,61,29.82712609843111,1,0,0,36,0,0,0,1,0,0,0,0,0,0,0,16,10,0,0,0,0,0,0,0,0,10,0.5555555555555556,0.9999978233472131,0.0
98,37,1s2.2s2.2p6.3s2.3p6.3d10.4s2.4p6.4d1,4d,4,2,1,1.5,d,0,62,29.20553709173464,0,0,0,36,0,0,0,0,0,0,0,0,0,0,0,16,10,0,0,0,0,0,0,0,0,10,0.0,0.9999978233472131,0.0
98,36,1s2.2s2.2p6.3s2.3p6.3d10.4s2.4p6,4p,4,1,6,1.5,p3,0,63,26.676544772007787,5,20,10,0,0,0,5,0,0,2,8,10,0,8,0,0,0,0,0,0,0,0,0,0,2,0,0.0,0.9999978233472131,0.0
98,35,1s2.2s2.2p6.3s2.3p6.3d10.4s2.4p5,4p,4,1,5,1.5,p3,0,64,26.117340670445287,4,20,10,0,0,0,4,0,0,2,8,10,0,8,0,0,0,0,0,0,0,0,0,0,2,0,-0.6000000000000001,0.9999978233472131,0.0
98,34,1s2.2s2.2p6.3s2.3p6.3d10.4s2.4p4,4p,4,1,4,1.5,p3,0,65,25.558136568882787,3,20,10,0,0,0,3,0,0,2,8,10,0,8,0,0,0,0,0,0,0,0,0,0,2,0,-1.2,0.9999978233472131,0.0
98,33,1s2.2s2.2p6.3s2.3p6.3d10.4s2.4p3,4p,4,1,3,1.5,p3,0,66,24.807678805211026,2,20,10,0,0,0,2,0,0,2,8,10,0,8,0,0,0,0,0,0,0,0,0,0,2,0,1.2,0.9999978233472131,0.0
98,32,1s2.2s2.2p6.3s2.3p6.3d10.4s2.4p2,4p,4,1,2,0.5,p1,0,67,24.24270156046225,1,20,10,0,0,0,1,0,0,2,8,10,0,8,0,0,0,0,0,0,0,0,0,0,2,0,0.6,0.9999978233472131,0.0
98,31,1s2.2s2.2p6.3s2.3p6.3d10.4s2.4p1,4p,4,1,1,0.5,p1,0,68,23.681451647104154,0,20,10,0,0,0,0,0,0,2,8,10,0,8,0,0,0,0,0,0,0,0,0,0,2,0,0.0,0.9999978233472131,0.0
98,30,1s2.2s2.2p6.3s2.3p6.3d10.4s2,4s,4,0,2,0.5,s,0,69,22.126593730819764,1,18,10,0,0,1,0,0,0,0,8,10,0,8,0,0,0,0,0,0,0,0,0,0,2,0,0.0,0.9999978233472131,0.0
98,29,1s2.2s2.2p6.3s2.3p6.3d10.4s1,4s,4,0,1,0.5,s,0,70,21.554071296483926,0,18,10,0,0,0,0,0,0,0,8,10,0,8,0,0,0,0,0,0,0,0,0,0,2,0,0.0,0.9999978233472131,0.0
98,28,1s2.2s2.2p6.3s2.3p6.3d10,3d,3,2,10,2.5,d,0,71,21.379455336979806,9,0,0,18,0,0,0,9,0,0,0,0,0,0,0,16,0,0,0,0,0,0,0,0,0,2,0.0,0.9999978233472131,0.0
98,27,1s2.2s2.2p6.3s2.3p6.3d9,3d,3,2,9,2.5,d,0,72,20.677223194122995,8,0,0,18,0,0,0,8,0,0,0,0,0,0,0,16,0,0,0,0,0,0,0,0,0,2,-0.5555555555555554,0.9999978233472131,0.0
98,26,1s2.2s2.2p6.3s2.3p6.3d8,3d,3,2,8,2.5,d,0,73,19.92856167011884,7,0,0,18,0,0,0,7,0,0,0,0,0,0,0,16,0,0,0,0,0,0,0,0,0,2,-1.1111111111111112,0.9999978233472131,0.0
98,25,1s2.2s2.2p6.3s2.3p6.3d7,3d,3,2,7,2.5,d,0,74,19.180019458485546,6,0,0,18,0,0,0,6,0,0,0,0,0,0,0,16,0,0,0,0,0,0,0,0,0,2,-1.6666666666666665,0.9999978233472131,0.0
98,24,1s2.2s2.2p6.3s2.3p6.3d6,3d,3,2,6,2.5,d,0,75,18.477999944610033,5,0,0,18,0,0,0,5,0,0,0,0,0,0,0,16,0,0,0,0,0,0,0,0,0,2,-2.2222222222222223,0.9999978233472131,0.0
98,23,1s2.2s2.2p6.3s2.3p6.3d5,3d,3,2,5,2.5,d,0,76,17.516342790782076,4,0,0,18,0,0,0,4,0,0,0,0,0,0,0,16,0,0,0,0,0,0,0,0,0,2,2.2222222222222223,0.9999978233472131,0.0
98,22,1s2.2s2.2p6.3s2.3p6.3d4,3d,3,2,4,1.5,d,0,77,16.81369270190474,3,0,0,18,0,0,0,3,0,0,0,0,0,0,0,16,0,0,0,0,0,0,0,0,0,2,1.6666666666666667,0.9999978233472131,0.0
98,21,1s2.2s2.2p6.3s2.3p6.3d3,3d,3,2,3,1.5,d,0,78,16.06581898178117,2,0,0,18,0,0,0,2,0,0,0,0,0,0,0,16,0,0,0,0,0,0,0,0,0,2,1.1111111111111112,0.9999978233472131,0.0
98,20,1s2.2s2.2p6.3s2.3p6.3d2,3d,3,2,2,1.5,d,0,79,15.318236242385085,1,0,0,18,0,0,0,1,0,0,0,0,0,0,0,16,0,0,0,0,0,0,0,0,0,2,0.5555555555555556,0.9999978233472131,0.0
98,19,1s2.2s2.2p6.3s2.3p6.3d1,3d,3,2,1,1.5,d,0,80,14.615753461451872,0,0,0,18,0,0,0,0,0,0,0,0,0,0,0,16,0,0,0,0,0,0,0,0,0,2,0.0,0.9999978233472131,0.0
98,18,1s2.2s2.2p6.3s2.3p6,3p,3,1,6,1.5,p3,0,81,12.667818264554036,5,10,2,0,0,0,5,0,0,2,8,0,0,2,0,0,0,0,0,0,0,0,0,0,0,0,0.0,0.9999978233472131,0.0
98,17,1s2.2s2.2p6.3s2.3p5,3p,3,1,5,1.5,p3,0,82,12.08347223011717,4,10,2,0,0,0,4,0,0,2,8,0,0,2,0,0,0,0,0,0,0,0,0,0,0,0,-0.6000000000000001,0.9999978233472131,0.0
98,16,1s2.2s2.2p6.3s2.3p4,3p,3,1,4,1.5,p3,0,83,11.49928244974415,3,10,2,0,0,0,3,0,0,2,8,0,0,2,0,0,0,0,0,0,0,0,0,0,0,0,-1.2,0.9999978233472131,0.0
98,15,1s2.2s2.2p6.3s2.3p3,3p,3,1,3,1.5,p3,0,84,10.730818199117742,2,10,2,0,0,0,2,0,0,2,8,0,0,2,0,0,0,0,0,0,0,0,0,0,0,0,1.2,0.9999978233472131,0.0
98,14,1s2.2s2.2p6.3s2.3p2,3p,3,1,2,0.5,p1,0,85,10.145247180423096,1,10,2,0,0,0,1,0,0,2,8,0,0,2,0,0,0,0,0,0,0,0,0,0,0,0,0.6,0.9999978233472131,0.0
98,13,1s2.2s2.2p6.3s2.3p1,3p,3,1,1,0.5,p1,0,86,9.559774441642945,0,10,2,0,0,0,0,0,0,2,8,0,0,2,0,0,0,0,0,0,0,0,0,0,0,0,0.0,0.9999978233472131,0.0
98,12,1s2.2s2.2p6.3s2,3s,3,0,2,0.5,s,0,87,8.35113401342552,1,8,2,0,0,1,0,0,0,0,8,0,0,2,0,0,0,0,0,0,0,0,0,0,0,0,0.0,0.9999978233472131,0.0
98,11,1s2.2s2.2p6.3s1,3s,3,0,1,0.5,s,0,88,7.7856408855844075,0,8,2,0,0,0,0,0,0,0,8,0,0,2,0,0,0,0,0,0,0,0,0,0,0,0,0.0,0.9999978233472131,0.0
98,10,1s2.2s2.2p6,2p,2,1,6,1.5,p3,0,89,6.545979557232126,5,4,0,0,0,0,5,0,0,2,2,0,0,0,0,0,0,0,0,0,0,0,0,0,0,0,0.0,0.9999978233472131,0.0
98,9,1s2.2s2.2p5,2p,2,1,5,1.5,p3,0,90,5.88972955723213,4,4,0,0,0,0,4,0,0,2,2,0,0,0,0,0,0,0,0,0,0,0,0,0,0,0,-0.6000000000000001,0.9999978233472131,0.0
98,8,1s2.2s2.2p4,2p,2,1,4,1.5,p3,0,91,5.233479557232133,3,4,0,0,0,0,3,0,0,2,2,0,0,0,0,0,0,0,0,0,0,0,0,0,0,0,-1.2,0.9999978233472131,0.0
98,7,1s2.2s2.2p3,2p,2,1,3,1.5,p3,0,92,4.378670782625834,2,4,0,0,0,0,2,0,0,2,2,0,0,0,0,0,0,0,0,0,0,0,0,0,0,0,1.2,0.9999978233472131,0.0
98,6,1s2.2s2.2p2,2p,2,1,2,0.5,p1,0,93,3.7253535771907345,1,4,0,0,0,0,1,0,0,2,2,0,0,0,0,0,0,0,0,0,0,0,0,0,0,0,0.6,0.9999978233472131,0.0
98,5,1s2.2s2.2p1,2p,2,1,1,0.5,p1,0,94,3.0730091792350134,0,4,0,0,0,0,0,0,0,2,2,0,0,0,0,0,0,0,0,0,0,0,0,0,0,0,0.0,0.9999978233472131,0.0
98,4,1s2.2s2,2s,2,0,2,0.5,s,0,95,2.145875983124917,1,2,0,0,0,1,0,0,0,0,2,0,0,0,0,0,0,0,0,0,0,0,0,0,0,0,0.0,0.9999978233472131,137.03093574649472
98,3,1s2.2s1,2s,2,0,1,0.5,s,0,96,1.5912208504801093,0,2,0,0,0,0,0,0,0,0,2,0,0,0,0,0,0,0,0,0,0,0,0,0,0,0,0.0,0.9999978233472131,137.03093574649472
98,2,1s2,1s,1,0,2,0.5,s,0,97,0.625,1,0,0,0,0,1,0,0,0,0,0,0,0,0,0,0,0,0,0,0,0,0,0,0,0,0,0.0,0.9999978233472131,691.1361902087733
98,1,1s1,1s,1,0,1,0.5,s,0,98,0.0,0,0,0,0,0,0,0,0,0,0,0,0,0,0,0,0,0,0,0,0,0,0,0,0,0,0,0.0,0.9999978233472131,691.1361902087733
99,99,1s2.2s2.2p6.3s2.3p6.3d10.4s2.4p6.4d10.4f14.5s2.5p6.5d10.5f11.6s2.6p6.7s2,7s,7,0,2,0.5,s,0,1,77.54996126737703,1,8,89,0,0,1,0,0,0,0,8,0,0,8,21,0,0,0,0,0,0,0,0,0,60,0,0.0,0.999997823351951,0.0
99,98,1s2.2s2.2p6.3s2.3p6.3d10.4s2.4p6.4d10.4f14.5s2.5p6.5d10.5f11.6s2.6p6.7s1,7s,7,0,1,0.5,s,0,2,76.93876825150424,0,8,89,0,0,0,0,0,0,0,8,0,0,8,21,0,0,0,0,0,0,0,0,0,60,0,0.0,0.999997823351951,0.0
99,97,1s2.2s2.2p6.3s2.3p6.3d10.4s2.4p6.4d10.4f14.5s2.5p6.5d10.5f11.6s2.6p6,5f,5,3,11,3.5,f,0,3,75.48307707167315,10,0,0,78,8,0,0,0,10,0,0,0,0,0,0,0,0,0,36,14,0,0,0,8,0,28,-1.615384615384615,0.999997823351951,0.0
99,96,1s2.2s2.2p6.3s2.3p6.3d10.4s2.4p6.4d10.4f14.5s2.5p6.5d10.5f10.6s2.6p6,5f,5,3,10,3.5,f,0,4,74.77557015699401,9,0,0,78,8,0,0,0,9,0,0,0,0,0,0,0,0,0,36,14,0,0,0,8,0,28,-2.153846153846154,0.999997823351951,0.0
99,95,1s2.2s2.2p6.3s2.3p6.3d10.4s2.4p6.4d10.4f14.5s2.5p6.5d10.5f9.6s2.6p6,5f,5,3,9,3.5,f,0,5,74.10361589056096,8,0,0,78,8,0,0,0,8,0,0,0,0,0,0,0,0,0,36,14,0,0,0,8,0,28,-2.6923076923076925,0.999997823351951,0.0
99,94,1s2.2s2.2p6.3s2.3p6.3d10.4s2.4p6.4d10.4f14.5s2.5p6.5d10.5f8.6s2.6p6,5f,5,3,8,3.5,f,0,6,73.44588268341612,7,0,0,78,8,0,0,0,7,0,0,0,0,0,0,0,0,0,36,14,0,0,0,8,0,28,-3.230769230769231,0.999997823351951,0.0
99,93,1s2.2s2.2p6.3s2.3p6.3d10.4s2.4p6.4d10.4f14.5s2.5p6.5d10.5f7.6s2.6p6,5f,5,3,7,3.5,f,0,7,72.54790131222121,6,0,0,78,8,0,0,0,6,0,0,0,0,0,0,0,0,0,36,14,0,0,0,8,0,28,3.230769230769231,0.999997823351951,0.0
99,92,1s2.2s2.2p6.3s2.3p6.3d10.4s2.4p6.4d10.4f14.5s2.5p6.5d10.5f6.6s2.6p6,5f,5,3,6,2.5,f,0,8,71.89016810507714,5,0,0,78,8,0,0,0,5,0,0,0,0,0,0,0,0,0,36,14,0,0,0,8,0,28,2.6923076923076925,0.999997823351951,0.0
99,91,1s2.2s2.2p6.3s2.3p6.3d10.4s2.4p6.4d10.4f14.5s2.5p6.5d10.5f5.6s2.6p6,5f,5,3,5,2.5,f,0,9,71.21821383864325,4,0,0,78,8,0,0,0,4,0,0,0,0,0,0,0,0,0,36,14,0,0,0,8,0,28,2.1538461538461537,0.999997823351951,0.0
99,90,1s2.2s2.2p6.3s2.3p6.3d10.4s2.4p6.4d10.4f14.5s2.5p6.5d10.5f4.6s2.6p6,6p,6,1,6,1.5,p3,1,10,68.96804219298221,5,24,60,0,0,0,5,0,0,2,8,10,4,8,24,0,0,0,0,0,0,0,0,0,28,0,0.0,0.999997823351951,0.0
99,89,1s2.2s2.2p6.3s2.3p6.3d10.4s2.4p6.4d10.4f14.5s2.5p6.5d10.5f7.6s2.6p2,5f,5,3,7,3.5,f,0,11,70.54177713072116,6,0,0,78,4,0,0,0,6,0,0,0,0,0,0,0,0,0,36,14,0,0,0,4,0,28,3.230769230769231,0.999997823351951,0.0
99,88,1s2.2s2.2p6.3s2.3p6.3d10.4s2.4p6.4d10.4f14.5s2.5p6.5d10.5f6.6s2.6p2,5f,5,3,6,2.5,f,0,12,69.89339587914267,5,0,0,78,4,0,0,0,5,0,0,0,0,0,0,0,0,0,36,14,0,0,0,4,0,28,2.6923076923076925,0.999997823351951,0.0
99,87,1s2.2s2.2p6.3s2.3p6.3d10.4s2.4p6.4d10.4f14.5s2.5p6.5d10.5f5.6s2.6p2,5f,5,3,5,2.5,f,0,13,69.2267317461465,4,0,0,78,4,0,0,0,4,0,0,0,0,0,0,0,0,0,36,14,0,0,0,4,0,28,2.1538461538461537,0.999997823351951,0.0
99,86,1s2.2s2.2p6.3s2.3p6.3d10.4s2.4p6.4d10.4f14.5s2.5p6.5d10.5f4.6s2.6p2,6p,6,1,2,0.5,p1,0,14,66.58588789999605,1,24,60,0,0,0,1,0,0,2,8,10,4,8,24,0,0,0,0,0,0,0,0,0,28,0,0.6,0.999997823351951,0.0
99,85,1s2.2s2.2p6.3s2.3p6.3d10.4s2.4p6.4d10.4f14.5s2.5p6.5d10.5f4.6s2.6p1,6p,6,1,1,0.5,p1,0,15,66.01773189748697,0,24,60,0,0,0,0,0,0,2,8,10,4,8,24,0,0,0,0,0,0,0,0,0,28,0,0.0,0.999997823351951,0.0
99,84,1s2.2s2.2p6.3s2.3p6.3d10.4s2.4p6.4d10.4f14.5s2.5p6.5d10.5f4.6s2,5f,5,3,4,2.5,f,0,16,67.5226631012228,3,0,0,78,2,0,0,0,3,0,0,0,0,0,0,0,0,0,36,14,0,0,0,2,0,28,1.6153846153846154,0.999997823351951,0.0
99,83,1s2.2s2.2p6.3s2.3p6.3d10.4s2.4p6.4d10.4f14.5s2.5p6.5d10.5f3.6s2,5f,5,3,3,2.5,f,0,17,66.81515618654998,2,0,0,78,2,0,0,0,2,0,0,0,0,0,0,0,0,0,36,14,0,0,0,2,0,28,1.0769230769230769,0.999997823351951,0.0
99,82,1s2.2s2.2p6.3s2.3p6.3d10.4s2.4p6.4d10.4f14.5s2.5p6.5d10.5f2.6s2,5f,5,3,2,2.5,f,0,18,66.14320192011068,1,0,0,78,2,0,0,0,1,0,0,0,0,0,0,0,0,0,36,14,0,0,0,2,0,28,0.5384615384615384,0.999997823351951,0.0
99,81,1s2.2s2.2p6.3s2.3p6.3d10.4s2.4p6.4d10.4f14.5s2.5p6.5d10.5f1.6s2,5f,5,3,1,2.5,f,0,19,65.48546871297202,0,0,0,78,2,0,0,0,0,0,0,0,0,0,0,0,0,0,36,14,0,0,0,2,0,28,0.0,0.999997823351951,0.0
99,80,1s2.2s2.2p6.3s2.3p6.3d10.4s2.4p6.4d10.4f14.5s2.5p6.5d10.6s2,6s,6,0,2,0.5,s,0,20,61.277186621795714,1,18,60,0,0,1,0,0,0,0,8,10,0,8,24,0,0,0,0,0,0,0,0,0,28,0,0.0,0.999997823351951,0.0
99,79,1s2.2s2.2p6.3s2.3p6.3d10.4s2.4p6.4d10.4f14.5s2.5p6.5d10.6s1,6s,6,0,1,0.5,s,0,21,60.68175720132819,0,18,60,0,0,0,0,0,0,0,8,10,0,8,24,0,0,0,0,0,0,0,0,0,28,0,0.0,0.999997823351951,0.0
99,78,1s2.2s2.2p6.3s2.3p6.3d10.4s2.4p6.4d10.4f14.5s2.5p6.5d10,5d,5,2,10,2.5,d,0,22,60.18161976204584,9,0,0,68,0,0,0,9,0,0,0,0,0,0,0,16,10,14,0,0,0,0,0,0,0,28,0.0,0.999997823351951,0.0
99,77,1s2.2s2.2p6.3s2.3p6.3d10.4s2.4p6.4d10.4f14.5s2.5p6.5d9,5d,5,2,9,2.5,d,0,23,59.591820854204364,8,0,0,68,0,0,0,8,0,0,0,0,0,0,0,16,10,14,0,0,0,0,0,0,0,28,-0.5555555555555554,0.999997823351951,0.0
99,76,1s2.2s2.2p6.3s2.3p6.3d10.4s2.4p6.4d10.4f14.5s2.5p6.5d8,5d,5,2,8,2.5,d,0,24,58.964892641510204,7,0,0,68,0,0,0,7,0,0,0,0,0,0,0,16,10,14,0,0,0,0,0,0,0,28,-1.1111111111111112,0.999997823351951,0.0
99,75,1s2.2s2.2p6.3s2.3p6.3d10.4s2.4p6.4d10.4f14.5s2.5p6.5d7,5d,5,2,7,2.5,d,0,25,58.33796442882129,6,0,0,68,0,0,0,6,0,0,0,0,0,0,0,16,10,14,0,0,0,0,0,0,0,28,-1.6666666666666665,0.999997823351951,0.0
99,74,1s2.2s2.2p6.3s2.3p6.3d10.4s2.4p6.4d10.4f14.5s2.5p6.5d6,5d,5,2,6,2.5,d,0,26,57.74816552097457,5,0,0,68,0,0,0,5,0,0,0,0,0,0,0,16,10,14,0,0,0,0,0,0,0,28,-2.2222222222222223,0.999997823351951,0.0
99,73,1s2.2s2.2p6.3s2.3p6.3d10.4s2.4p6.4d10.4f14.5s2.5p6.5d5,5d,5,2,5,2.5,d,0,27,56.939981578454784,4,0,0,68,0,0,0,4,0,0,0,0,0,0,0,16,10,14,0,0,0,0,0,0,0,28,2.2222222222222223,0.999997823351951,0.0
99,72,1s2.2s2.2p6.3s2.3p6.3d10.4s2.4p6.4d10.4f14.5s2.5p6.5d4,5d,5,2,4,1.5,d,0,28,56.35018267060813,3,0,0,68,0,0,0,3,0,0,0,0,0,0,0,16,10,14,0,0,0,0,0,0,0,28,1.6666666666666667,0.999997823351951,0.0
99,71,1s2.2s2.2p6.3s2.3p6.3d10.4s2.4p6.4d10.4f14.5s2.5p6.5d3,5d,5,2,3,1.5,d,0,29,55.72325445791909,2,0,0,68,0,0,0,2,0,0,0,0,0,0,0,16,10,14,0,0,0,0,0,0,0,28,1.1111111111111112,0.999997823351951,0.0
99,70,1s2.2s2.2p6.3s2.3p6.3d10.4s2.4p6.4d10.4f14.5s2.5p6.5d2,5d,5,2,2,1.5,d,0,30,55.09632624522511,1,0,0,68,0,0,0,1,0,0,0,0,0,0,0,16,10,14,0,0,0,0,0,0,0,28,0.5555555555555556,0.999997823351951,0.0
99,69,1s2.2s2.2p6.3s2.3p6.3d10.4s2.4p6.4d10.4f14.5s2.5p6.5d1,5d,5,2,1,1.5,d,0,31,54.50652733738305,0,0,0,68,0,0,0,0,0,0,0,0,0,0,0,16,10,14,0,0,0,0,0,0,0,28,0.0,0.999997823351951,0.0
99,68,1s2.2s2.2p6.3s2.3p6.3d10.4s2.4p6.4d10.4f14.5s2.5p6,5p,5,1,6,1.5,p3,0,32,51.291318007282406,5,34,28,0,0,0,5,0,0,2,8,10,14,8,10,0,0,0,0,0,0,0,0,0,10,0,0.0,0.999997823351951,0.0
99,67,1s2.2s2.2p6.3s2.3p6.3d10.4s2.4p6.4d10.4f14.5s2.5p5,5p,5,1,5,1.5,p3,0,33,50.7422457416599,4,34,28,0,0,0,4,0,0,2,8,10,14,8,10,0,0,0,0,0,0,0,0,0,10,0,-0.6000000000000001,0.999997823351951,0.0
99,66,1s2.2s2.2p6.3s2.3p6.3d10.4s2.4p6.4d10.4f14.5s2.5p4,5p,5,1,4,1.5,p3,0,34,50.193173476032534,3,34,28,0,0,0,3,0,0,2,8,10,14,8,10,0,0,0,0,0,0,0,0,0,10,0,-1.2,0.999997823351951,0.0
99,65,1s2.2s2.2p6.3s2.3p6.3d10.4s2.4p6.4d10.4f14.5s2.5p3,5p,5,1,3,1.5,p3,0,35,49.453854628378465,2,34,28,0,0,0,2,0,0,2,8,10,14,8,10,0,0,0,0,0,0,0,0,0,10,0,1.2,0.999997823351951,0.0
99,64,1s2.2s2.2p6.3s2.3p6.3d10.4s2.4p6.4d10.4f14.5s2.5p2,5p,5,1,2,0.5,p1,0,36,48.904782362751156,1,34,28,0,0,0,1,0,0,2,8,10,14,8,10,0,0,0,0,0,0,0,0,0,10,0,0.6,0.999997823351951,0.0
99,63,1s2.2s2.2p6.3s2.3p6.3d10.4s2.4p6.4d10.4f14.5s2.5p1,5p,5,1,1,0.5,p1,0,37,48.348958444362786,0,34,28,0,0,0,0,0,0,2,8,10,14,8,10,0,0,0,0,0,0,0,0,0,10,0,0.0,0.999997823351951,0.0
99,62,1s2.2s2.2p6.3s2.3p6.3d10.4s2.4p6.4d10.4f14.5s2,5s,5,0,2,0.5,s,0,38,46.43547188585159,1,32,28,0,0,1,0,0,0,0,8,10,14,8,10,0,0,0,0,0,0,0,0,0,10,0,0.0,0.999997823351951,0.0
99,61,1s2.2s2.2p6.3s2.3p6.3d10.4s2.4p6.4d10.4f14.5s1,5s,5,0,1,0.5,s,0,39,45.85856833278497,0,32,28,0,0,0,0,0,0,0,8,10,14,8,10,0,0,0,0,0,0,0,0,0,10,0,0.0,0.999997823351951,0.0
99,60,1s2.2s2.2p6.3s2.3p6.3d10.4s2.4p6.4d10.4f14,4f,4,3,14,3.5,f,0,40,48.86078968565812,13,0,0,46,0,0,0,0,13,0,0,0,0,0,0,0,0,0,36,0,0,0,0,0,0,10,0.0,0.999997823351951,0.0
99,59,1s2.2s2.2p6.3s2.3p6.3d10.4s2.4p6.4d10.4f13,4f,4,3,13,3.5,f,0,41,48.12167878028413,12,0,0,46,0,0,0,0,12,0,0,0,0,0,0,0,0,0,36,0,0,0,0,0,0,10,-0.5384615384615383,0.999997823351951,0.0
99,58,1s2.2s2.2p6.3s2.3p6.3d10.4s2.4p6.4d10.4f12,4f,4,3,12,3.5,f,0,42,47.365159080568446,11,0,0,46,0,0,0,0,11,0,0,0,0,0,0,0,0,0,36,0,0,0,0,0,0,10,-1.0769230769230766,0.999997823351951,0.0
99,57,1s2.2s2.2p6.3s2.3p6.3d10.4s2.4p6.4d10.4f11,4f,4,3,11,3.5,f,0,43,46.56470817701302,10,0,0,46,0,0,0,0,10,0,0,0,0,0,0,0,0,0,36,0,0,0,0,0,0,10,-1.615384615384615,0.999997823351951,0.0
99,56,1s2.2s2.2p6.3s2.3p6.3d10.4s2.4p6.4d10.4f10,4f,4,3,10,3.5,f,0,44,45.76175948408627,9,0,0,46,0,0,0,0,9,0,0,0,0,0,0,0,0,0,36,0,0,0,0,0,0,10,-2.153846153846154,0.999997823351951,0.0
99,55,1s2.2s2.2p6.3s2.3p6.3d10.4s2.4p6.4d10.4f9,4f,4,3,9,3.5,f,0,45,45.00482525620487,8,0,0,46,0,0,0,0,8,0,0,0,0,0,0,0,0,0,36,0,0,0,0,0,0,10,-2.6923076923076925,0.999997823351951,0.0
99,54,1s2.2s2.2p6.3s2.3p6.3d10.4s2.4p6.4d10.4f8,4f,4,3,8,3.5,f,0,46,44.26571435083406,7,0,0,46,0,0,0,0,7,0,0,0,0,0,0,0,0,0,36,0,0,0,0,0,0,10,-3.230769230769231,0.999997823351951,0.0
99,53,1s2.2s2.2p6.3s2.3p6.3d10.4s2.4p6.4d10.4f7,4f,4,3,7,3.5,f,0,47,43.235453992296016,6,0,0,46,0,0,0,0,6,0,0,0,0,0,0,0,0,0,36,0,0,0,0,0,0,10,3.230769230769231,0.999997823351951,0.0
99,52,1s2.2s2.2p6.3s2.3p6.3d10.4s2.4p6.4d10.4f6,4f,4,3,6,2.5,f,0,48,42.49634308692566,5,0,0,46,0,0,0,0,5,0,0,0,0,0,0,0,0,0,36,0,0,0,0,0,0,10,2.6923076923076925,0.999997823351951,0.0
99,51,1s2.2s2.2p6.3s2.3p6.3d10.4s2.4p6.4d10.4f5,4f,4,3,5,2.5,f,0,49,41.739408859043806,4,0,0,46,0,0,0,0,4,0,0,0,0,0,0,0,0,0,36,0,0,0,0,0,0,10,2.1538461538461537,0.999997823351951,0.0
99,50,1s2.2s2.2p6.3s2.3p6.3d10.4s2.4p6.4d10.4f4,4f,4,3,4,2.5,f,0,50,40.937916324885464,3,0,0,46,0,0,0,0,3,0,0,0,0,0,0,0,0,0,36,0,0,0,0,0,0,10,1.6153846153846154,0.999997823351951,0.0
99,49,1s2.2s2.2p6.3s2.3p6.3d10.4s2.4p6.4d10.4f3,4f,4,3,3,2.5,f,0,51,40.136423790726894,2,0,0,46,0,0,0,0,2,0,0,0,0,0,0,0,0,0,36,0,0,0,0,0,0,10,1.0769230769230769,0.999997823351951,0.0
99,48,1s2.2s2.2p6.3s2.3p6.3d10.4s2.4p6.4d10.4f2,4f,4,3,2,2.5,f,0,52,39.37948956284549,1,0,0,46,0,0,0,0,1,0,0,0,0,0,0,0,0,0,36,0,0,0,0,0,0,10,0.5384615384615384,0.999997823351951,0.0
99,47,1s2.2s2.2p6.3s2.3p6.3d10.4s2.4p6.4d10.4f1,4f,4,3,1,2.5,f,0,53,38.640378657474685,0,0,0,46,0,0,0,0,0,0,0,0,0,0,0,0,0,0,36,0,0,0,0,0,0,10,0.0,0.999997823351951,0.0
99,46,1s2.2s2.2p6.3s2.3p6.3d10.4s2.4p6.4d10,4d,4,2,10,2.5,d,0,54,35.18427854681272,9,0,0,36,0,0,0,9,0,0,0,0,0,0,0,16,10,0,0,0,0,0,0,0,0,10,0.0,0.999997823351951,0.0
99,45,1s2.2s2.2p6.3s2.3p6.3d10.4s2.4p6.4d9,4d,4,2,9,2.5,d,0,55,34.56268954011648,8,0,0,36,0,0,0,8,0,0,0,0,0,0,0,16,10,0,0,0,0,0,0,0,0,10,-0.5555555555555554,0.999997823351951,0.0
99,44,1s2.2s2.2p6.3s2.3p6.3d10.4s2.4p6.4d8,4d,4,2,8,2.5,d,0,56,33.90183225775024,7,0,0,36,0,0,0,7,0,0,0,0,0,0,0,16,10,0,0,0,0,0,0,0,0,10,-1.1111111111111112,0.999997823351951,0.0
99,43,1s2.2s2.2p6.3s2.3p6.3d10.4s2.4p6.4d7,4d,4,2,7,2.5,d,0,57,33.24097497538423,6,0,0,36,0,0,0,6,0,0,0,0,0,0,0,16,10,0,0,0,0,0,0,0,0,10,-1.6666666666666665,0.999997823351951,0.0
99,42,1s2.2s2.2p6.3s2.3p6.3d10.4s2.4p6.4d6,4d,4,2,6,2.5,d,0,58,32.619385968687766,5,0,0,36,0,0,0,5,0,0,0,0,0,0,0,16,10,0,0,0,0,0,0,0,0,10,-2.2222222222222223,0.999997823351951,0.0
99,41,1s2.2s2.2p6.3s2.3p6.3d10.4s2.4p6.4d5,4d,4,2,5,2.5,d,0,59,31.77042966985971,4,0,0,36,0,0,0,4,0,0,0,0,0,0,0,16,10,0,0,0,0,0,0,0,0,10,2.2222222222222223,0.999997823351951,0.0
99,40,1s2.2s2.2p6.3s2.3p6.3d10.4s2.4p6.4d4,4d,4,2,4,1.5,d,0,60,31.14884066316324,3,0,0,36,0,0,0,3,0,0,0,0,0,0,0,16,10,0,0,0,0,0,0,0,0,10,1.6666666666666667,0.999997823351951,0.0
99,39,1s2.2s2.2p6.3s2.3p6.3d10.4s2.4p6.4d3,4d,4,2,3,1.5,d,0,61,30.487983380797118,2,0,0,36,0,0,0,2,0,0,0,0,0,0,0,16,10,0,0,0,0,0,0,0,0,10,1.1111111111111112,0.999997823351951,0.0
99,38,1s2.2s2.2p6.3s2.3p6.3d10.4s2.4p6.4d2,4d,4,2,2,1.5,d,0,62,29.82712609843111,1,0,0,36,0,0,0,1,0,0,0,0,0,0,0,16,10,0,0,0,0,0,0,0,0,10,0.5555555555555556,0.999997823351951,0.0
99,37,1s2.2s2.2p6.3s2.3p6.3d10.4s2.4p6.4d1,4d,4,2,1,1.5,d,0,63,29.20553709173464,0,0,0,36,0,0,0,0,0,0,0,0,0,0,0,16,10,0,0,0,0,0,0,0,0,10,0.0,0.999997823351951,0.0
99,36,1s2.2s2.2p6.3s2.3p6.3d10.4s2.4p6,4p,4,1,6,1.5,p3,0,64,26.676544772007787,5,20,10,0,0,0,5,0,0,2,8,10,0,8,0,0,0,0,0,0,0,0,0,0,2,0,0.0,0.999997823351951,0.0
99,35,1s2.2s2.2p6.3s2.3p6.3d10.4s2.4p5,4p,4,1,5,1.5,p3,0,65,26.117340670445287,4,20,10,0,0,0,4,0,0,2,8,10,0,8,0,0,0,0,0,0,0,0,0,0,2,0,-0.6000000000000001,0.999997823351951,0.0
99,34,1s2.2s2.2p6.3s2.3p6.3d10.4s2.4p4,4p,4,1,4,1.5,p3,0,66,25.558136568882787,3,20,10,0,0,0,3,0,0,2,8,10,0,8,0,0,0,0,0,0,0,0,0,0,2,0,-1.2,0.999997823351951,0.0
99,33,1s2.2s2.2p6.3s2.3p6.3d10.4s2.4p3,4p,4,1,3,1.5,p3,0,67,24.807678805211026,2,20,10,0,0,0,2,0,0,2,8,10,0,8,0,0,0,0,0,0,0,0,0,0,2,0,1.2,0.999997823351951,0.0
99,32,1s2.2s2.2p6.3s2.3p6.3d10.4s2.4p2,4p,4,1,2,0.5,p1,0,68,24.24270156046225,1,20,10,0,0,0,1,0,0,2,8,10,0,8,0,0,0,0,0,0,0,0,0,0,2,0,0.6,0.999997823351951,0.0
99,31,1s2.2s2.2p6.3s2.3p6.3d10.4s2.4p1,4p,4,1,1,0.5,p1,0,69,23.681451647104154,0,20,10,0,0,0,0,0,0,2,8,10,0,8,0,0,0,0,0,0,0,0,0,0,2,0,0.0,0.999997823351951,0.0
99,30,1s2.2s2.2p6.3s2.3p6.3d10.4s2,4s,4,0,2,0.5,s,0,70,22.126593730819764,1,18,10,0,0,1,0,0,0,0,8,10,0,8,0,0,0,0,0,0,0,0,0,0,2,0,0.0,0.999997823351951,0.0
99,29,1s2.2s2.2p6.3s2.3p6.3d10.4s1,4s,4,0,1,0.5,s,0,71,21.554071296483926,0,18,10,0,0,0,0,0,0,0,8,10,0,8,0,0,0,0,0,0,0,0,0,0,2,0,0.0,0.999997823351951,0.0
99,28,1s2.2s2.2p6.3s2.3p6.3d10,3d,3,2,10,2.5,d,0,72,21.379455336979806,9,0,0,18,0,0,0,9,0,0,0,0,0,0,0,16,0,0,0,0,0,0,0,0,0,2,0.0,0.999997823351951,0.0
99,27,1s2.2s2.2p6.3s2.3p6.3d9,3d,3,2,9,2.5,d,0,73,20.677223194122995,8,0,0,18,0,0,0,8,0,0,0,0,0,0,0,16,0,0,0,0,0,0,0,0,0,2,-0.5555555555555554,0.999997823351951,0.0
99,26,1s2.2s2.2p6.3s2.3p6.3d8,3d,3,2,8,2.5,d,0,74,19.92856167011884,7,0,0,18,0,0,0,7,0,0,0,0,0,0,0,16,0,0,0,0,0,0,0,0,0,2,-1.1111111111111112,0.999997823351951,0.0
99,25,1s2.2s2.2p6.3s2.3p6.3d7,3d,3,2,7,2.5,d,0,75,19.180019458485546,6,0,0,18,0,0,0,6,0,0,0,0,0,0,0,16,0,0,0,0,0,0,0,0,0,2,-1.6666666666666665,0.999997823351951,0.0
99,24,1s2.2s2.2p6.3s2.3p6.3d6,3d,3,2,6,2.5,d,0,76,18.477999944610033,5,0,0,18,0,0,0,5,0,0,0,0,0,0,0,16,0,0,0,0,0,0,0,0,0,2,-2.2222222222222223,0.999997823351951,0.0
99,23,1s2.2s2.2p6.3s2.3p6.3d5,3d,3,2,5,2.5,d,0,77,17.516342790782076,4,0,0,18,0,0,0,4,0,0,0,0,0,0,0,16,0,0,0,0,0,0,0,0,0,2,2.2222222222222223,0.999997823351951,0.0
99,22,1s2.2s2.2p6.3s2.3p6.3d4,3d,3,2,4,1.5,d,0,78,16.81369270190474,3,0,0,18,0,0,0,3,0,0,0,0,0,0,0,16,0,0,0,0,0,0,0,0,0,2,1.6666666666666667,0.999997823351951,0.0
99,21,1s2.2s2.2p6.3s2.3p6.3d3,3d,3,2,3,1.5,d,0,79,16.06581898178117,2,0,0,18,0,0,0,2,0,0,0,0,0,0,0,16,0,0,0,0,0,0,0,0,0,2,1.1111111111111112,0.999997823351951,0.0
99,20,1s2.2s2.2p6.3s2.3p6.3d2,3d,3,2,2,1.5,d,0,80,15.318236242385085,1,0,0,18,0,0,0,1,0,0,0,0,0,0,0,16,0,0,0,0,0,0,0,0,0,2,0.5555555555555556,0.999997823351951,0.0
99,19,1s2.2s2.2p6.3s2.3p6.3d1,3d,3,2,1,1.5,d,0,81,14.615753461451872,0,0,0,18,0,0,0,0,0,0,0,0,0,0,0,16,0,0,0,0,0,0,0,0,0,2,0.0,0.999997823351951,0.0
99,18,1s2.2s2.2p6.3s2.3p6,3p,3,1,6,1.5,p3,0,82,12.667818264554036,5,10,2,0,0,0,5,0,0,2,8,0,0,2,0,0,0,0,0,0,0,0,0,0,0,0,0.0,0.999997823351951,0.0
99,17,1s2.2s2.2p6.3s2.3p5,3p,3,1,5,1.5,p3,0,83,12.08347223011717,4,10,2,0,0,0,4,0,0,2,8,0,0,2,0,0,0,0,0,0,0,0,0,0,0,0,-0.6000000000000001,0.999997823351951,0.0
99,16,1s2.2s2.2p6.3s2.3p4,3p,3,1,4,1.5,p3,0,84,11.49928244974415,3,10,2,0,0,0,3,0,0,2,8,0,0,2,0,0,0,0,0,0,0,0,0,0,0,0,-1.2,0.999997823351951,0.0
99,15,1s2.2s2.2p6.3s2.3p3,3p,3,1,3,1.5,p3,0,85,10.730818199117742,2,10,2,0,0,0,2,0,0,2,8,0,0,2,0,0,0,0,0,0,0,0,0,0,0,0,1.2,0.999997823351951,0.0
99,14,1s2.2s2.2p6.3s2.3p2,3p,3,1,2,0.5,p1,0,86,10.145247180423096,1,10,2,0,0,0,1,0,0,2,8,0,0,2,0,0,0,0,0,0,0,0,0,0,0,0,0.6,0.999997823351951,0.0
99,13,1s2.2s2.2p6.3s2.3p1,3p,3,1,1,0.5,p1,0,87,9.559774441642945,0,10,2,0,0,0,0,0,0,2,8,0,0,2,0,0,0,0,0,0,0,0,0,0,0,0,0.0,0.999997823351951,0.0
99,12,1s2.2s2.2p6.3s2,3s,3,0,2,0.5,s,0,88,8.35113401342552,1,8,2,0,0,1,0,0,0,0,8,0,0,2,0,0,0,0,0,0,0,0,0,0,0,0,0.0,0.999997823351951,0.0
99,11,1s2.2s2.2p6.3s1,3s,3,0,1,0.5,s,0,89,7.7856408855844075,0,8,2,0,0,0,0,0,0,0,8,0,0,2,0,0,0,0,0,0,0,0,0,0,0,0,0.0,0.999997823351951,0.0
99,10,1s2.2s2.2p6,2p,2,1,6,1.5,p3,0,90,6.545979557232126,5,4,0,0,0,0,5,0,0,2,2,0,0,0,0,0,0,0,0,0,0,0,0,0,0,0,0.0,0.999997823351951,0.0
99,9,1s2.2s2.2p5,2p,2,1,5,1.5,p3,0,91,5.88972955723213,4,4,0,0,0,0,4,0,0,2,2,0,0,0,0,0,0,0,0,0,0,0,0,0,0,0,-0.6000000000000001,0.999997823351951,0.0
99,8,1s2.2s2.2p4,2p,2,1,4,1.5,p3,0,92,5.233479557232133,3,4,0,0,0,0,3,0,0,2,2,0,0,0,0,0,0,0,0,0,0,0,0,0,0,0,-1.2,0.999997823351951,0.0
99,7,1s2.2s2.2p3,2p,2,1,3,1.5,p3,0,93,4.378670782625834,2,4,0,0,0,0,2,0,0,2,2,0,0,0,0,0,0,0,0,0,0,0,0,0,0,0,1.2,0.999997823351951,0.0
99,6,1s2.2s2.2p2,2p,2,1,2,0.5,p1,0,94,3.7253535771907345,1,4,0,0,0,0,1,0,0,2,2,0,0,0,0,0,0,0,0,0,0,0,0,0,0,0,0.6,0.999997823351951,0.0
99,5,1s2.2s2.2p1,2p,2,1,1,0.5,p1,0,95,3.0730091792350134,0,4,0,0,0,0,0,0,0,2,2,0,0,0,0,0,0,0,0,0,0,0,0,0,0,0,0.0,0.999997823351951,0.0
99,4,1s2.2s2,2s,2,0,2,0.5,s,0,96,2.145875983124917,1,2,0,0,0,1,0,0,0,0,2,0,0,0,0,0,0,0,0,0,0,0,0,0,0,0,0.0,0.999997823351951,148.59492179816795
99,3,1s2.2s1,2s,2,0,1,0.5,s,0,97,1.5912208504801093,0,2,0,0,0,0,0,0,0,0,2,0,0,0,0,0,0,0,0,0,0,0,0,0,0,0,0.0,0.999997823351951,148.59492179816795
99,2,1s2,1s,1,0,2,0.5,s,0,98,0.625,1,0,0,0,0,1,0,0,0,0,0,0,0,0,0,0,0,0,0,0,0,0,0,0,0,0,0.0,0.999997823351951,742.5860773117275
99,1,1s1,1s,1,0,1,0.5,s,0,99,0.0,0,0,0,0,0,0,0,0,0,0,0,0,0,0,0,0,0,0,0,0,0,0,0,0,0,0,0.0,0.999997823351951,742.5860773117275
100,100,1s2.2s2.2p6.3s2.3p6.3d10.4s2.4p6.4d10.4f14.5s2.5p6.5d10.5f12.6s2.6p6.7s2,7s,7,0,2,0.5,s,0,1,78.30070120654753,1,8,90,0,0,1,0,0,0,0,8,0,0,8,22,0,0,0,0,0,0,0,0,0,60,0,0.0,0.9999978319689191,0.0
100,99,1s2.2s2.2p6.3s2.3p6.3d10.4s2.4p6.4d10.4f14.5s2.5p6.5d10.5f12.6s2.6p6.7s1,7s,7,0,1,0.5,s,0,2,77.69482645971594,0,8,90,0,0,0,0,0,0,0,8,0,0,8,22,0,0,0,0,0,0,0,0,0,60,0,0.0,0.9999978319689191,0.0
100,98,1s2.2s2.2p6.3s2.3p6.3d10.4s2.4p6.4d10.4f14.5s2.5p6.5d10.5f12.6s2.6p6,5f,5,3,12,3.5,f,0,3,76.19058398634559,11,0,0,78,8,0,0,0,11,0,0,0,0,0,0,0,0,0,36,14,0,0,0,8,0,28,-1.0769230769230766,0.9999978319689191,0.0
100,97,1s2.2s2.2p6.3s2.3p6.3d10.4s2.4p6.4d10.4f14.5s2.5p6.5d10.5f11.6s2.6p6,5f,5,3,11,3.5,f,0,4,75.48307707167315,10,0,0,78,8,0,0,0,10,0,0,0,0,0,0,0,0,0,36,14,0,0,0,8,0,28,-1.615384615384615,0.9999978319689191,0.0
100,96,1s2.2s2.2p6.3s2.3p6.3d10.4s2.4p6.4d10.4f14.5s2.5p6.5d10.5f10.6s2.6p6,5f,5,3,10,3.5,f,0,5,74.77557015699401,9,0,0,78,8,0,0,0,9,0,0,0,0,0,0,0,0,0,36,14,0,0,0,8,0,28,-2.153846153846154,0.9999978319689191,0.0
100,95,1s2.2s2.2p6.3s2.3p6.3d10.4s2.4p6.4d10.4f14.5s2.5p6.5d10.5f9.6s2.6p6,5f,5,3,9,3.5,f,0,6,74.10361589056096,8,0,0,78,8,0,0,0,8,0,0,0,0,0,0,0,0,0,36,14,0,0,0,8,0,28,-2.6923076923076925,0.9999978319689191,0.0
100,94,1s2.2s2.2p6.3s2.3p6.3d10.4s2.4p6.4d10.4f14.5s2.5p6.5d10.5f8.6s2.6p6,5f,5,3,8,3.5,f,0,7,73.44588268341612,7,0,0,78,8,0,0,0,7,0,0,0,0,0,0,0,0,0,36,14,0,0,0,8,0,28,-3.230769230769231,0.9999978319689191,0.0
100,93,1s2.2s2.2p6.3s2.3p6.3d10.4s2.4p6.4d10.4f14.5s2.5p6.5d10.5f7.6s2.6p6,5f,5,3,7,3.5,f,0,8,72.54790131222121,6,0,0,78,8,0,0,0,6,0,0,0,0,0,0,0,0,0,36,14,0,0,0,8,0,28,3.230769230769231,0.9999978319689191,0.0
100,92,1s2.2s2.2p6.3s2.3p6.3d10.4s2.4p6.4d10.4f14.5s2.5p6.5d10.5f6.6s2.6p6,5f,5,3,6,2.5,f,0,9,71.89016810507714,5,0,0,78,8,0,0,0,5,0,0,0,0,0,0,0,0,0,36,14,0,0,0,8,0,28,2.6923076923076925,0.9999978319689191,0.0
100,91,1s2.2s2.2p6.3s2.3p6.3d10.4s2.4p6.4d10.4f14.5s2.5p6.5d10.5f5.6s2.6p6,5f,5,3,5,2.5,f,0,10,71.21821383864325,4,0,0,78,8,0,0,0,4,0,0,0,0,0,0,0,0,0,36,14,0,0,0,8,0,28,2.1538461538461537,0.9999978319689191,0.0
100,90,1s2.2s2.2p6.3s2.3p6.3d10.4s2.4p6.4d10.4f14.5s2.5p6.5d10.5f4.6s2.6p6,6p,6,1,6,1.5,p3,1,11,68.96804219298221,5,24,60,0,0,0,5,0,0,2,8,10,4,8,24,0,0,0,0,0,0,0,0,0,28,0,0.0,0.9999978319689191,0.0
100,89,1s2.2s2.2p6.3s2.3p6.3d10.4s2.4p6.4d10.4f14.5s2.5p6.5d10.5f7.6s2.6p2,5f,5,3,7,3.5,f,0,12,70.54177713072116,6,0,0,78,4,0,0,0,6,0,0,0,0,0,0,0,0,0,36,14,0,0,0,4,0,28,3.230769230769231,0.9999978319689191,0.0
100,88,1s2.2s2.2p6.3s2.3p6.3d10.4s2.4p6.4d10.4f14.5s2.5p6.5d10.5f6.6s2.6p2,5f,5,3,6,2.5,f,0,13,69.89339587914267,5,0,0,78,4,0,0,0,5,0,0,0,0,0,0,0,0,0,36,14,0,0,0,4,0,28,2.6923076923076925,0.9999978319689191,0.0
100,87,1s2.2s2.2p6.3s2.3p6.3d10.4s2.4p6.4d10.4f14.5s2.5p6.5d10.5f5.6s2.6p2,6p,6,1,2,0.5,p1,0,14,67.3159947776528,1,25,60,0,0,0,1,0,0,2,8,10,5,8,24,0,0,0,0,0,0,0,0,0,28,0,0.6,0.9999978319689191,0.0
100,86,1s2.2s2.2p6.3s2.3p6.3d10.4s2.4p6.4d10.4f14.5s2.5p6.5d10.5f5.6s2.6p1,6p,6,1,1,0.5,p1,0,15,66.72267391138386,0,25,60,0,0,0,0,0,0,2,8,10,5,8,24,0,0,0,0,0,0,0,0,0,28,0,0.0,0.9999978319689191,0.0
100,85,1s2.2s2.2p6.3s2.3p6.3d10.4s2.4p6.4d10.4f14.5s2.5p6.5d10.5f5.6s2,5f,5,3,5,2.5,f,0,16,68.23017001590091,4,0,0,78,2,0,0,0,4,0,0,0,0,0,0,0,0,0,36,14,0,0,0,2,0,28,2.1538461538461537,0.9999978319689191,0.0
100,84,1s2.2s2.2p6.3s2.3p6.3d10.4s2.4p6.4d10.4f14.5s2.5p6.5d10.5f4.6s2,5f,5,3,4,2.5,f,0,17,67.5226631012228,3,0,0,78,2,0,0,0,3,0,0,0,0,0,0,0,0,0,36,14,0,0,0,2,0,28,1.6153846153846154,0.9999978319689191,0.0
100,83,1s2.2s2.2p6.3s2.3p6.3d10.4s2.4p6.4d10.4f14.5s2.5p6.5d10.5f3.6s2,5f,5,3,3,2.5,f,0,18,66.81515618654998,2,0,0,78,2,0,0,0,2,0,0,0,0,0,0,0,0,0,36,14,0,0,0,2,0,28,1.0769230769230769,0.9999978319689191,0.0
100,82,1s2.2s2.2p6.3s2.3p6.3d10.4s2.4p6.4d10.4f14.5s2.5p6.5d10.5f2.6s2,5f,5,3,2,2.5,f,0,19,66.14320192011068,1,0,0,78,2,0,0,0,1,0,0,0,0,0,0,0,0,0,36,14,0,0,0,2,0,28,0.5384615384615384,0.9999978319689191,0.0
100,81,1s2.2s2.2p6.3s2.3p6.3d10.4s2.4p6.4d10.4f14.5s2.5p6.5d10.5f1.6s2,5f,5,3,1,2.5,f,0,20,65.48546871297202,0,0,0,78,2,0,0,0,0,0,0,0,0,0,0,0,0,0,36,14,0,0,0,2,0,28,0.0,0.9999978319689191,0.0
100,80,1s2.2s2.2p6.3s2.3p6.3d10.4s2.4p6.4d10.4f14.5s2.5p6.5d10.6s2,6s,6,0,2,0.5,s,0,21,61.277186621795714,1,18,60,0,0,1,0,0,0,0,8,10,0,8,24,0,0,0,0,0,0,0,0,0,28,0,0.0,0.9999978319689191,0.0
100,79,1s2.2s2.2p6.3s2.3p6.3d10.4s2.4p6.4d10.4f14.5s2.5p6.5d10.6s1,6s,6,0,1,0.5,s,0,22,60.68175720132819,0,18,60,0,0,0,0,0,0,0,8,10,0,8,24,0,0,0,0,0,0,0,0,0,28,0,0.0,0.9999978319689191,0.0
100,78,1s2.2s2.2p6.3s2.3p6.3d10.4s2.4p6.4d10.4f14.5s2.5p6.5d10,5d,5,2,10,2.5,d,0,23,60.18161976204584,9,0,0,68,0,0,0,9,0,0,0,0,0,0,0,16,10,14,0,0,0,0,0,0,0,28,0.0,0.9999978319689191,0.0
100,77,1s2.2s2.2p6.3s2.3p6.3d10.4s2.4p6.4d10.4f14.5s2.5p6.5d9,5d,5,2,9,2.5,d,0,24,59.591820854204364,8,0,0,68,0,0,0,8,0,0,0,0,0,0,0,16,10,14,0,0,0,0,0,0,0,28,-0.5555555555555554,0.9999978319689191,0.0
100,76,1s2.2s2.2p6.3s2.3p6.3d10.4s2.4p6.4d10.4f14.5s2.5p6.5d8,5d,5,2,8,2.5,d,0,25,58.964892641510204,7,0,0,68,0,0,0,7,0,0,0,0,0,0,0,16,10,14,0,0,0,0,0,0,0,28,-1.1111111111111112,0.9999978319689191,0.0
100,75,1s2.2s2.2p6.3s2.3p6.3d10.4s2.4p6.4d10.4f14.5s2.5p6.5d7,5d,5,2,7,2.5,d,0,26,58.33796442882129,6,0,0,68,0,0,0,6,0,0,0,0,0,0,0,16,10,14,0,0,0,0,0,0,0,28,-1.6666666666666665,0.9999978319689191,0.0
100,74,1s2.2s2.2p6.3s2.3p6.3d10.4s2.4p6.4d10.4f14.5s2.5p6.5d6,5d,5,2,6,2.5,d,0,27,57.74816552097457,5,0,0,68,0,0,0,5,0,0,0,0,0,0,0,16,10,14,0,0,0,0,0,0,0,28,-2.2222222222222223,0.9999978319689191,0.0
100,73,1s2.2s2.2p6.3s2.3p6.3d10.4s2.4p6.4d10.4f14.5s2.5p6.5d5,5d,5,2,5,2.5,d,0,28,56.939981578454784,4,0,0,68,0,0,0,4,0,0,0,0,0,0,0,16,10,14,0,0,0,0,0,0,0,28,2.2222222222222223,0.9999978319689191,0.0
100,72,1s2.2s2.2p6.3s2.3p6.3d10.4s2.4p6.4d10.4f14.5s2.5p6.5d4,5d,5,2,4,1.5,d,0,29,56.35018267060813,3,0,0,68,0,0,0,3,0,0,0,0,0,0,0,16,10,14,0,0,0,0,0,0,0,28,1.6666666666666667,0.9999978319689191,0.0
100,71,1s2.2s2.2p6.3s2.3p6.3d10.4s2.4p6.4d10.4f14.5s2.5p6.5d3,5d,5,2,3,1.5,d,0,30,55.72325445791909,2,0,0,68,0,0,0,2,0,0,0,0,0,0,0,16,10,14,0,0,0,0,0,0,0,28,1.1111111111111112,0.9999978319689191,0.0
100,70,1s2.2s2.2p6.3s2.3p6.3d10.4s2.4p6.4d10.4f14.5s2.5p6.5d2,5d,5,2,2,1.5,d,0,31,55.09632624522511,1,0,0,68,0,0,0,1,0,0,0,0,0,0,0,16,10,14,0,0,0,0,0,0,0,28,0.5555555555555556,0.9999978319689191,0.0
100,69,1s2.2s2.2p6.3s2.3p6.3d10.4s2.4p6.4d10.4f14.5s2.5p6.5d1,5d,5,2,1,1.5,d,0,32,54.50652733738305,0,0,0,68,0,0,0,0,0,0,0,0,0,0,0,16,10,14,0,0,0,0,0,0,0,28,0.0,0.9999978319689191,0.0
100,68,1s2.2s2.2p6.3s2.3p6.3d10.4s2.4p6.4d10.4f14.5s2.5p6,5p,5,1,6,1.5,p3,0,33,51.291318007282406,5,34,28,0,0,0,5,0,0,2,8,10,14,8,10,0,0,0,0,0,0,0,0,0,10,0,0.0,0.9999978319689191,0.0
100,67,1s2.2s2.2p6.3s2.3p6.3d10.4s2.4p6.4d10.4f14.5s2.5p5,5p,5,1,5,1.5,p3,0,34,50.7422457416599,4,34,28,0,0,0,4,0,0,2,8,10,14,8,10,0,0,0,0,0,0,0,0,0,10,0,-0.6000000000000001,0.9999978319689191,0.0
100,66,1s2.2s2.2p6.3s2.3p6.3d10.4s2.4p6.4d10.4f14.5s2.5p4,5p,5,1,4,1.5,p3,0,35,50.193173476032534,3,34,28,0,0,0,3,0,0,2,8,10,14,8,10,0,0,0,0,0,0,0,0,0,10,0,-1.2,0.9999978319689191,0.0
100,65,1s2.2s2.2p6.3s2.3p6.3d10.4s2.4p6.4d10.4f14.5s2.5p3,5p,5,1,3,1.5,p3,0,36,49.453854628378465,2,34,28,0,0,0,2,0,0,2,8,10,14,8,10,0,0,0,0,0,0,0,0,0,10,0,1.2,0.9999978319689191,0.0
100,64,1s2.2s2.2p6.3s2.3p6.3d10.4s2.4p6.4d10.4f14.5s2.5p2,5p,5,1,2,0.5,p1,0,37,48.904782362751156,1,34,28,0,0,0,1,0,0,2,8,10,14,8,10,0,0,0,0,0,0,0,0,0,10,0,0.6,0.9999978319689191,0.0
100,63,1s2.2s2.2p6.3s2.3p6.3d10.4s2.4p6.4d10.4f14.5s2.5p1,5p,5,1,1,0.5,p1,0,38,48.348958444362786,0,34,28,0,0,0,0,0,0,2,8,10,14,8,10,0,0,0,0,0,0,0,0,0,10,0,0.0,0.9999978319689191,0.0
100,62,1s2.2s2.2p6.3s2.3p6.3d10.4s2.4p6.4d10.4f14.5s2,5s,5,0,2,0.5,s,0,39,46.43547188585159,1,32,28,0,0,1,0,0,0,0,8,10,14,8,10,0,0,0,0,0,0,0,0,0,10,0,0.0,0.9999978319689191,0.0
100,61,1s2.2s2.2p6.3s2.3p6.3d10.4s2.4p6.4d10.4f14.5s1,5s,5,0,1,0.5,s,0,40,45.85856833278497,0,32,28,0,0,0,0,0,0,0,8,10,14,8,10,0,0,0,0,0,0,0,0,0,10,0,0.0,0.9999978319689191,0.0
100,60,1s2.2s2.2p6.3s2.3p6.3d10.4s2.4p6.4d10.4f14,4f,4,3,14,3.5,f,0,41,48.86078968565812,13,0,0,46,0,0,0,0,13,0,0,0,0,0,0,0,0,0,36,0,0,0,0,0,0,10,0.0,0.9999978319689191,0.0
100,59,1s2.2s2.2p6.3s2.3p6.3d10.4s2.4p6.4d10.4f13,4f,4,3,13,3.5,f,0,42,48.12167878028413,12,0,0,46,0,0,0,0,12,0,0,0,0,0,0,0,0,0,36,0,0,0,0,0,0,10,-0.5384615384615383,0.9999978319689191,0.0
100,58,1s2.2s2.2p6.3s2.3p6.3d10.4s2.4p6.4d10.4f12,4f,4,3,12,3.5,f,0,43,47.365159080568446,11,0,0,46,0,0,0,0,11,0,0,0,0,0,0,0,0,0,36,0,0,0,0,0,0,10,-1.0769230769230766,0.9999978319689191,0.0
100,57,1s2.2s2.2p6.3s2.3p6.3d10.4s2.4p6.4d10.4f11,4f,4,3,11,3.5,f,0,44,46.56470817701302,10,0,0,46,0,0,0,0,10,0,0,0,0,0,0,0,0,0,36,0,0,0,0,0,0,10,-1.615384615384615,0.9999978319689191,0.0
100,56,1s2.2s2.2p6.3s2.3p6.3d10.4s2.4p6.4d10.4f10,4f,4,3,10,3.5,f,0,45,45.76175948408627,9,0,0,46,0,0,0,0,9,0,0,0,0,0,0,0,0,0,36,0,0,0,0,0,0,10,-2.153846153846154,0.9999978319689191,0.0
100,55,1s2.2s2.2p6.3s2.3p6.3d10.4s2.4p6.4d10.4f9,4f,4,3,9,3.5,f,0,46,45.00482525620487,8,0,0,46,0,0,0,0,8,0,0,0,0,0,0,0,0,0,36,0,0,0,0,0,0,10,-2.6923076923076925,0.9999978319689191,0.0
100,54,1s2.2s2.2p6.3s2.3p6.3d10.4s2.4p6.4d10.4f8,4f,4,3,8,3.5,f,0,47,44.26571435083406,7,0,0,46,0,0,0,0,7,0,0,0,0,0,0,0,0,0,36,0,0,0,0,0,0,10,-3.230769230769231,0.9999978319689191,0.0
100,53,1s2.2s2.2p6.3s2.3p6.3d10.4s2.4p6.4d10.4f7,4f,4,3,7,3.5,f,0,48,43.235453992296016,6,0,0,46,0,0,0,0,6,0,0,0,0,0,0,0,0,0,36,0,0,0,0,0,0,10,3.230769230769231,0.9999978319689191,0.0
100,52,1s2.2s2.2p6.3s2.3p6.3d10.4s2.4p6.4d10.4f6,4f,4,3,6,2.5,f,0,49,42.49634308692566,5,0,0,46,0,0,0,0,5,0,0,0,0,0,0,0,0,0,36,0,0,0,0,0,0,10,2.6923076923076925,0.9999978319689191,0.0
100,51,1s2.2s2.2p6.3s2.3p6.3d10.4s2.4p6.4d10.4f5,4f,4,3,5,2.5,f,0,50,41.739408859043806,4,0,0,46,0,0,0,0,4,0,0,0,0,0,0,0,0,0,36,0,0,0,0,0,0,10,2.1538461538461537,0.9999978319689191,0.0
100,50,1s2.2s2.2p6.3s2.3p6.3d10.4s2.4p6.4d10.4f4,4f,4,3,4,2.5,f,0,51,40.937916324885464,3,0,0,46,0,0,0,0,3,0,0,0,0,0,0,0,0,0,36,0,0,0,0,0,0,10,1.6153846153846154,0.9999978319689191,0.0
100,49,1s2.2s2.2p6.3s2.3p6.3d10.4s2.4p6.4d10.4f3,4f,4,3,3,2.5,f,0,52,40.136423790726894,2,0,0,46,0,0,0,0,2,0,0,0,0,0,0,0,0,0,36,0,0,0,0,0,0,10,1.0769230769230769,0.9999978319689191,0.0
100,48,1s2.2s2.2p6.3s2.3p6.3d10.4s2.4p6.4d10.4f2,4f,4,3,2,2.5,f,0,53,39.37948956284549,1,0,0,46,0,0,0,0,1,0,0,0,0,0,0,0,0,0,36,0,0,0,0,0,0,10,0.5384615384615384,0.9999978319689191,0.0
100,47,1s2.2s2.2p6.3s2.3p6.3d10.4s2.4p6.4d10.4f1,4f,4,3,1,2.5,f,0,54,38.640378657474685,0,0,0,46,0,0,0,0,0,0,0,0,0,0,0,0,0,0,36,0,0,0,0,0,0,10,0.0,0.9999978319689191,0.0
100,46,1s2.2s2.2p6.3s2.3p6.3d10.4s2.4p6.4d10,4d,4,2,10,2.5,d,0,55,35.18427854681272,9,0,0,36,0,0,0,9,0,0,0,0,0,0,0,16,10,0,0,0,0,0,0,0,0,10,0.0,0.9999978319689191,0.0
100,45,1s2.2s2.2p6.3s2.3p6.3d10.4s2.4p6.4d9,4d,4,2,9,2.5,d,0,56,34.56268954011648,8,0,0,36,0,0,0,8,0,0,0,0,0,0,0,16,10,0,0,0,0,0,0,0,0,10,-0.5555555555555554,0.9999978319689191,0.0
100,44,1s2.2s2.2p6.3s2.3p6.3d10.4s2.4p6.4d8,4d,4,2,8,2.5,d,0,57,33.90183225775024,7,0,0,36,0,0,0,7,0,0,0,0,0,0,0,16,10,0,0,0,0,0,0,0,0,10,-1.1111111111111112,0.9999978319689191,0.0
100,43,1s2.2s2.2p6.3s2.3p6.3d10.4s2.4p6.4d7,4d,4,2,7,2.5,d,0,58,33.24097497538423,6,0,0,36,0,0,0,6,0,0,0,0,0,0,0,16,10,0,0,0,0,0,0,0,0,10,-1.6666666666666665,0.9999978319689191,0.0
100,42,1s2.2s2.2p6.3s2.3p6.3d10.4s2.4p6.4d6,4d,4,2,6,2.5,d,0,59,32.619385968687766,5,0,0,36,0,0,0,5,0,0,0,0,0,0,0,16,10,0,0,0,0,0,0,0,0,10,-2.2222222222222223,0.9999978319689191,0.0
100,41,1s2.2s2.2p6.3s2.3p6.3d10.4s2.4p6.4d5,4d,4,2,5,2.5,d,0,60,31.77042966985971,4,0,0,36,0,0,0,4,0,0,0,0,0,0,0,16,10,0,0,0,0,0,0,0,0,10,2.2222222222222223,0.9999978319689191,0.0
100,40,1s2.2s2.2p6.3s2.3p6.3d10.4s2.4p6.4d4,4d,4,2,4,1.5,d,0,61,31.14884066316324,3,0,0,36,0,0,0,3,0,0,0,0,0,0,0,16,10,0,0,0,0,0,0,0,0,10,1.6666666666666667,0.9999978319689191,0.0
100,39,1s2.2s2.2p6.3s2.3p6.3d10.4s2.4p6.4d3,4d,4,2,3,1.5,d,0,62,30.487983380797118,2,0,0,36,0,0,0,2,0,0,0,0,0,0,0,16,10,0,0,0,0,0,0,0,0,10,1.1111111111111112,0.9999978319689191,0.0
100,38,1s2.2s2.2p6.3s2.3p6.3d10.4s2.4p6.4d2,4d,4,2,2,1.5,d,0,63,29.82712609843111,1,0,0,36,0,0,0,1,0,0,0,0,0,0,0,16,10,0,0,0,0,0,0,0,0,10,0.5555555555555556,0.9999978319689191,0.0
100,37,1s2.2s2.2p6.3s2.3p6.3d10.4s2.4p6.4d1,4d,4,2,1,1.5,d,0,64,29.20553709173464,0,0,0,36,0,0,0,0,0,0,0,0,0,0,0,16,10,0,0,0,0,0,0,0,0,10,0.0,0.9999978319689191,0.0
100,36,1s2.2s2.2p6.3s2.3p6.3d10.4s2.4p6,4p,4,1,6,1.5,p3,0,65,26.676544772007787,5,20,10,0,0,0,5,0,0,2,8,10,0,8,0,0,0,0,0,0,0,0,0,0,2,0,0.0,0.9999978319689191,0.0
100,35,1s2.2s2.2p6.3s2.3p6.3d10.4s2.4p5,4p,4,1,5,1.5,p3,0,66,26.117340670445287,4,20,10,0,0,0,4,0,0,2,8,10,0,8,0,0,0,0,0,0,0,0,0,0,2,0,-0.6000000000000001,0.9999978319689191,0.0
100,34,1s2.2s2.2p6.3s2.3p6.3d10.4s2.4p4,4p,4,1,4,1.5,p3,0,67,25.558136568882787,3,20,10,0,0,0,3,0,0,2,8,10,0,8,0,0,0,0,0,0,0,0,0,0,2,0,-1.2,0.9999978319689191,0.0
100,33,1s2.2s2.2p6.3s2.3p6.3d10.4s2.4p3,4p,4,1,3,1.5,p3,0,68,24.807678805211026,2,20,10,0,0,0,2,0,0,2,8,10,0,8,0,0,0,0,0,0,0,0,0,0,2,0,1.2,0.9999978319689191,0.0
100,32,1s2.2s2.2p6.3s2.3p6.3d10.4s2.4p2,4p,4,1,2,0.5,p1,0,69,24.24270156046225,1,20,10,0,0,0,1,0,0,2,8,10,0,8,0,0,0,0,0,0,0,0,0,0,2,0,0.6,0.9999978319689191,0.0
100,31,1s2.2s2.2p6.3s2.3p6.3d10.4s2.4p1,4p,4,1,1,0.5,p1,0,70,23.681451647104154,0,20,10,0,0,0,0,0,0,2,8,10,0,8,0,0,0,0,0,0,0,0,0,0,2,0,0.0,0.9999978319689191,0.0
100,30,1s2.2s2.2p6.3s2.3p6.3d10.4s2,4s,4,0,2,0.5,s,0,71,22.126593730819764,1,18,10,0,0,1,0,0,0,0,8,10,0,8,0,0,0,0,0,0,0,0,0,0,2,0,0.0,0.9999978319689191,0.0
100,29,1s2.2s2.2p6.3s2.3p6.3d10.4s1,4s,4,0,1,0.5,s,0,72,21.554071296483926,0,18,10,0,0,0,0,0,0,0,8,10,0,8,0,0,0,0,0,0,0,0,0,0,2,0,0.0,0.9999978319689191,0.0
100,28,1s2.2s2.2p6.3s2.3p6.3d10,3d,3,2,10,2.5,d,0,73,21.379455336979806,9,0,0,18,0,0,0,9,0,0,0,0,0,0,0,16,0,0,0,0,0,0,0,0,0,2,0.0,0.9999978319689191,0.0
100,27,1s2.2s2.2p6.3s2.3p6.3d9,3d,3,2,9,2.5,d,0,74,20.677223194122995,8,0,0,18,0,0,0,8,0,0,0,0,0,0,0,16,0,0,0,0,0,0,0,0,0,2,-0.5555555555555554,0.9999978319689191,0.0
100,26,1s2.2s2.2p6.3s2.3p6.3d8,3d,3,2,8,2.5,d,0,75,19.92856167011884,7,0,0,18,0,0,0,7,0,0,0,0,0,0,0,16,0,0,0,0,0,0,0,0,0,2,-1.1111111111111112,0.9999978319689191,0.0
100,25,1s2.2s2.2p6.3s2.3p6.3d7,3d,3,2,7,2.5,d,0,76,19.180019458485546,6,0,0,18,0,0,0,6,0,0,0,0,0,0,0,16,0,0,0,0,0,0,0,0,0,2,-1.6666666666666665,0.9999978319689191,0.0
100,24,1s2.2s2.2p6.3s2.3p6.3d6,3d,3,2,6,2.5,d,0,77,18.477999944610033,5,0,0,18,0,0,0,5,0,0,0,0,0,0,0,16,0,0,0,0,0,0,0,0,0,2,-2.2222222222222223,0.9999978319689191,0.0
100,23,1s2.2s2.2p6.3s2.3p6.3d5,3d,3,2,5,2.5,d,0,78,17.516342790782076,4,0,0,18,0,0,0,4,0,0,0,0,0,0,0,16,0,0,0,0,0,0,0,0,0,2,2.2222222222222223,0.9999978319689191,0.0
100,22,1s2.2s2.2p6.3s2.3p6.3d4,3d,3,2,4,1.5,d,0,79,16.81369270190474,3,0,0,18,0,0,0,3,0,0,0,0,0,0,0,16,0,0,0,0,0,0,0,0,0,2,1.6666666666666667,0.9999978319689191,0.0
100,21,1s2.2s2.2p6.3s2.3p6.3d3,3d,3,2,3,1.5,d,0,80,16.06581898178117,2,0,0,18,0,0,0,2,0,0,0,0,0,0,0,16,0,0,0,0,0,0,0,0,0,2,1.1111111111111112,0.9999978319689191,0.0
100,20,1s2.2s2.2p6.3s2.3p6.3d2,3d,3,2,2,1.5,d,0,81,15.318236242385085,1,0,0,18,0,0,0,1,0,0,0,0,0,0,0,16,0,0,0,0,0,0,0,0,0,2,0.5555555555555556,0.9999978319689191,0.0
100,19,1s2.2s2.2p6.3s2.3p6.3d1,3d,3,2,1,1.5,d,0,82,14.615753461451872,0,0,0,18,0,0,0,0,0,0,0,0,0,0,0,16,0,0,0,0,0,0,0,0,0,2,0.0,0.9999978319689191,0.0
100,18,1s2.2s2.2p6.3s2.3p6,3p,3,1,6,1.5,p3,0,83,12.667818264554036,5,10,2,0,0,0,5,0,0,2,8,0,0,2,0,0,0,0,0,0,0,0,0,0,0,0,0.0,0.9999978319689191,0.0
100,17,1s2.2s2.2p6.3s2.3p5,3p,3,1,5,1.5,p3,0,84,12.08347223011717,4,10,2,0,0,0,4,0,0,2,8,0,0,2,0,0,0,0,0,0,0,0,0,0,0,0,-0.6000000000000001,0.9999978319689191,0.0
100,16,1s2.2s2.2p6.3s2.3p4,3p,3,1,4,1.5,p3,0,85,11.49928244974415,3,10,2,0,0,0,3,0,0,2,8,0,0,2,0,0,0,0,0,0,0,0,0,0,0,0,-1.2,0.9999978319689191,0.0
100,15,1s2.2s2.2p6.3s2.3p3,3p,3,1,3,1.5,p3,0,86,10.730818199117742,2,10,2,0,0,0,2,0,0,2,8,0,0,2,0,0,0,0,0,0,0,0,0,0,0,0,1.2,0.9999978319689191,0.0
100,14,1s2.2s2.2p6.3s2.3p2,3p,3,1,2,0.5,p1,0,87,10.145247180423096,1,10,2,0,0,0,1,0,0,2,8,0,0,2,0,0,0,0,0,0,0,0,0,0,0,0,0.6,0.9999978319689191,0.0
100,13,1s2.2s2.2p6.3s2.3p1,3p,3,1,1,0.5,p1,0,88,9.559774441642945,0,10,2,0,0,0,0,0,0,2,8,0,0,2,0,0,0,0,0,0,0,0,0,0,0,0,0.0,0.9999978319689191,0.0
100,12,1s2.2s2.2p6.3s2,3s,3,0,2,0.5,s,0,89,8.35113401342552,1,8,2,0,0,1,0,0,0,0,8,0,0,2,0,0,0,0,0,0,0,0,0,0,0,0,0.0,0.9999978319689191,0.0
100,11,1s2.2s2.2p6.3s1,3s,3,0,1,0.5,s,0,90,7.7856408855844075,0,8,2,0,0,0,0,0,0,0,8,0,0,2,0,0,0,0,0,0,0,0,0,0,0,0,0.0,0.9999978319689191,0.0
100,10,1s2.2s2.2p6,2p,2,1,6,1.5,p3,0,91,6.545979557232126,5,4,0,0,0,0,5,0,0,2,2,0,0,0,0,0,0,0,0,0,0,0,0,0,0,0,0.0,0.9999978319689191,0.0
100,9,1s2.2s2.2p5,2p,2,1,5,1.5,p3,0,92,5.88972955723213,4,4,0,0,0,0,4,0,0,2,2,0,0,0,0,0,0,0,0,0,0,0,0,0,0,0,-0.6000000000000001,0.9999978319689191,0.0
100,8,1s2.2s2.2p4,2p,2,1,4,1.5,p3,0,93,5.233479557232133,3,4,0,0,0,0,3,0,0,2,2,0,0,0,0,0,0,0,0,0,0,0,0,0,0,0,-1.2,0.9999978319689191,0.0
100,7,1s2.2s2.2p3,2p,2,1,3,1.5,p3,0,94,4.378670782625834,2,4,0,0,0,0,2,0,0,2,2,0,0,0,0,0,0,0,0,0,0,0,0,0,0,0,1.2,0.9999978319689191,0.0
100,6,1s2.2s2.2p2,2p,2,1,2,0.5,p1,0,95,3.7253535771907345,1,4,0,0,0,0,1,0,0,2,2,0,0,0,0,0,0,0,0,0,0,0,0,0,0,0,0.6,0.9999978319689191,0.0
100,5,1s2.2s2.2p1,2p,2,1,1,0.5,p1,0,96,3.0730091792350134,0,4,0,0,0,0,0,0,0,2,2,0,0,0,0,0,0,0,0,0,0,0,0,0,0,0,0.0,0.9999978319689191,0.0
100,4,1s2.2s2,2s,2,0,2,0.5,s,0,97,2.145875983124917,1,2,0,0,0,1,0,0,0,0,2,0,0,0,0,0,0,0,0,0,0,0,0,0,0,0,0.0,0.9999978319689191,161.52869048028347
100,3,1s2.2s1,2s,2,0,1,0.5,s,0,98,1.5912208504801093,0,2,0,0,0,0,0,0,0,0,2,0,0,0,0,0,0,0,0,0,0,0,0,0,0,0,0.0,0.9999978319689191,161.52869048028347
100,2,1s2,1s,1,0,2,0.5,s,0,99,0.625,1,0,0,0,0,1,0,0,0,0,0,0,0,0,0,0,0,0,0,0,0,0,0,0,0,0,0.0,0.9999978319689191,799.6161241965704
100,1,1s1,1s,1,0,1,0.5,s,0,100,0.0,0,0,0,0,0,0,0,0,0,0,0,0,0,0,0,0,0,0,0,0,0,0,0,0,0,0,0.0,0.9999978319689191,799.6161241965704
101,101,1s2.2s2.2p6.3s2.3p6.3d10.4s2.4p6.4d10.4f14.5s2.5p6.5d10.5f13.6s2.6p6.7s2,7s,7,0,2,0.5,s,0,1,79.05144114571803,1,8,91,0,0,1,0,0,0,0,8,0,0,8,23,0,0,0,0,0,0,0,0,0,60,0,0.0,0.9999978740863886,0.0
101,100,1s2.2s2.2p6.3s2.3p6.3d10.4s2.4p6.4d10.4f14.5s2.5p6.5d10.5f13.6s2.6p6.7s1,7s,7,0,1,0.5,s,0,2,78.45088466791412,0,8,91,0,0,0,0,0,0,0,8,0,0,8,23,0,0,0,0,0,0,0,0,0,60,0,0.0,0.9999978740863886,0.0
101,99,1s2.2s2.2p6.3s2.3p6.3d10.4s2.4p6.4d10.4f14.5s2.5p6.5d10.5f13.6s2.6p6,5f,5,3,13,3.5,f,0,3,76.86253825278534,12,0,0,78,8,0,0,0,12,0,0,0,0,0,0,0,0,0,36,14,0,0,0,8,0,28,-0.5384615384615383,0.9999978740863886,0.0
101,98,1s2.2s2.2p6.3s2.3p6.3d10.4s2.4p6.4d10.4f14.5s2.5p6.5d10.5f12.6s2.6p6,5f,5,3,12,3.5,f,0,4,76.19058398634559,11,0,0,78,8,0,0,0,11,0,0,0,0,0,0,0,0,0,36,14,0,0,0,8,0,28,-1.0769230769230766,0.9999978740863886,0.0
101,97,1s2.2s2.2p6.3s2.3p6.3d10.4s2.4p6.4d10.4f14.5s2.5p6.5d10.5f11.6s2.6p6,5f,5,3,11,3.5,f,0,5,75.48307707167315,10,0,0,78,8,0,0,0,10,0,0,0,0,0,0,0,0,0,36,14,0,0,0,8,0,28,-1.615384615384615,0.9999978740863886,0.0
101,96,1s2.2s2.2p6.3s2.3p6.3d10.4s2.4p6.4d10.4f14.5s2.5p6.5d10.5f10.6s2.6p6,5f,5,3,10,3.5,f,0,6,74.77557015699401,9,0,0,78,8,0,0,0,9,0,0,0,0,0,0,0,0,0,36,14,0,0,0,8,0,28,-2.153846153846154,0.9999978740863886,0.0
101,95,1s2.2s2.2p6.3s2.3p6.3d10.4s2.4p6.4d10.4f14.5s2.5p6.5d10.5f9.6s2.6p6,5f,5,3,9,3.5,f,0,7,74.10361589056096,8,0,0,78,8,0,0,0,8,0,0,0,0,0,0,0,0,0,36,14,0,0,0,8,0,28,-2.6923076923076925,0.9999978740863886,0.0
101,94,1s2.2s2.2p6.3s2.3p6.3d10.4s2.4p6.4d10.4f14.5s2.5p6.5d10.5f8.6s2.6p6,5f,5,3,8,3.5,f,0,8,73.44588268341612,7,0,0,78,8,0,0,0,7,0,0,0,0,0,0,0,0,0,36,14,0,0,0,8,0,28,-3.230769230769231,0.9999978740863886,0.0
101,93,1s2.2s2.2p6.3s2.3p6.3d10.4s2.4p6.4d10.4f14.5s2.5p6.5d10.5f7.6s2.6p6,5f,5,3,7,3.5,f,0,9,72.54790131222121,6,0,0,78,8,0,0,0,6,0,0,0,0,0,0,0,0,0,36,14,0,0,0,8,0,28,3.230769230769231,0.9999978740863886,0.0
101,92,1s2.2s2.2p6.3s2.3p6.3d10.4s2.4p6.4d10.4f14.5s2.5p6.5d10.5f6.6s2.6p6,5f,5,3,6,2.5,f,0,10,71.89016810507714,5,0,0,78,8,0,0,0,5,0,0,0,0,0,0,0,0,0,36,14,0,0,0,8,0,28,2.6923076923076925,0.9999978740863886,0.0
101,91,1s2.2s2.2p6.3s2.3p6.3d10.4s2.4p6.4d10.4f14.5s2.5p6.5d10.5f5.6s2.6p6,5f,5,3,5,2.5,f,0,11,71.21821383864325,4,0,0,78,8,0,0,0,4,0,0,0,0,0,0,0,0,0,36,14,0,0,0,8,0,28,2.1538461538461537,0.9999978740863886,0.0
101,90,1s2.2s2.2p6.3s2.3p6.3d10.4s2.4p6.4d10.4f14.5s2.5p6.5d10.5f4.6s2.6p6,6p,6,1,6,1.5,p3,1,12,68.96804219298221,5,24,60,0,0,0,5,0,0,2,8,10,4,8,24,0,0,0,0,0,0,0,0,0,28,0,0.0,0.9999978740863886,0.0
101,89,1s2.2s2.2p6.3s2.3p6.3d10.4s2.4p6.4d10.4f14.5s2.5p6.5d10.5f7.6s2.6p2,5f,5,3,7,3.5,f,0,13,70.54177713072116,6,0,0,78,4,0,0,0,6,0,0,0,0,0,0,0,0,0,36,14,0,0,0,4,0,28,3.230769230769231,0.9999978740863886,0.0
101,88,1s2.2s2.2p6.3s2.3p6.3d10.4s2.4p6.4d10.4f14.5s2.5p6.5d10.5f6.6s2.6p2,6p,6,1,2,0.5,p1,0,14,68.02855458369697,1,26,60,0,0,0,1,0,0,2,8,10,6,8,24,0,0,0,0,0,0,0,0,0,28,0,0.6,0.9999978740863886,0.0
101,87,1s2.2s2.2p6.3s2.3p6.3d10.4s2.4p6.4d10.4f14.5s2.5p6.5d10.5f6.6s2.6p1,6p,6,1,1,0.5,p1,0,15,67.43754520474285,0,26,60,0,0,0,0,0,0,2,8,10,6,8,24,0,0,0,0,0,0,0,0,0,28,0,0.0,0.9999978740863886,0.0
101,86,1s2.2s2.2p6.3s2.3p6.3d10.4s2.4p6.4d10.4f14.5s2.5p6.5d10.5f6.6s2,5f,5,3,6,2.5,f,0,16,68.90212428233494,5,0,0,78,2,0,0,0,5,0,0,0,0,0,0,0,0,0,36,14,0,0,0,2,0,28,2.6923076923076925,0.9999978740863886,0.0
101,85,1s2.2s2.2p6.3s2.3p6.3d10.4s2.4p6.4d10.4f14.5s2.5p6.5d10.5f5.6s2,5f,5,3,5,2.5,f,0,17,68.23017001590091,4,0,0,78,2,0,0,0,4,0,0,0,0,0,0,0,0,0,36,14,0,0,0,2,0,28,2.1538461538461537,0.9999978740863886,0.0
101,84,1s2.2s2.2p6.3s2.3p6.3d10.4s2.4p6.4d10.4f14.5s2.5p6.5d10.5f4.6s2,5f,5,3,4,2.5,f,0,18,67.5226631012228,3,0,0,78,2,0,0,0,3,0,0,0,0,0,0,0,0,0,36,14,0,0,0,2,0,28,1.6153846153846154,0.9999978740863886,0.0
101,83,1s2.2s2.2p6.3s2.3p6.3d10.4s2.4p6.4d10.4f14.5s2.5p6.5d10.5f3.6s2,5f,5,3,3,2.5,f,0,19,66.81515618654998,2,0,0,78,2,0,0,0,2,0,0,0,0,0,0,0,0,0,36,14,0,0,0,2,0,28,1.0769230769230769,0.9999978740863886,0.0
101,82,1s2.2s2.2p6.3s2.3p6.3d10.4s2.4p6.4d10.4f14.5s2.5p6.5d10.5f2.6s2,5f,5,3,2,2.5,f,0,20,66.14320192011068,1,0,0,78,2,0,0,0,1,0,0,0,0,0,0,0,0,0,36,14,0,0,0,2,0,28,0.5384615384615384,0.9999978740863886,0.0
101,81,1s2.2s2.2p6.3s2.3p6.3d10.4s2.4p6.4d10.4f14.5s2.5p6.5d10.5f1.6s2,5f,5,3,1,2.5,f,0,21,65.48546871297202,0,0,0,78,2,0,0,0,0,0,0,0,0,0,0,0,0,0,36,14,0,0,0,2,0,28,0.0,0.9999978740863886,0.0
101,80,1s2.2s2.2p6.3s2.3p6.3d10.4s2.4p6.4d10.4f14.5s2.5p6.5d10.6s2,6s,6,0,2,0.5,s,0,22,61.277186621795714,1,18,60,0,0,1,0,0,0,0,8,10,0,8,24,0,0,0,0,0,0,0,0,0,28,0,0.0,0.9999978740863886,0.0
101,79,1s2.2s2.2p6.3s2.3p6.3d10.4s2.4p6.4d10.4f14.5s2.5p6.5d10.6s1,6s,6,0,1,0.5,s,0,23,60.68175720132819,0,18,60,0,0,0,0,0,0,0,8,10,0,8,24,0,0,0,0,0,0,0,0,0,28,0,0.0,0.9999978740863886,0.0
101,78,1s2.2s2.2p6.3s2.3p6.3d10.4s2.4p6.4d10.4f14.5s2.5p6.5d10,5d,5,2,10,2.5,d,0,24,60.18161976204584,9,0,0,68,0,0,0,9,0,0,0,0,0,0,0,16,10,14,0,0,0,0,0,0,0,28,0.0,0.9999978740863886,0.0
101,77,1s2.2s2.2p6.3s2.3p6.3d10.4s2.4p6.4d10.4f14.5s2.5p6.5d9,5d,5,2,9,2.5,d,0,25,59.591820854204364,8,0,0,68,0,0,0,8,0,0,0,0,0,0,0,16,10,14,0,0,0,0,0,0,0,28,-0.5555555555555554,0.9999978740863886,0.0
101,76,1s2.2s2.2p6.3s2.3p6.3d10.4s2.4p6.4d10.4f14.5s2.5p6.5d8,5d,5,2,8,2.5,d,0,26,58.964892641510204,7,0,0,68,0,0,0,7,0,0,0,0,0,0,0,16,10,14,0,0,0,0,0,0,0,28,-1.1111111111111112,0.9999978740863886,0.0
101,75,1s2.2s2.2p6.3s2.3p6.3d10.4s2.4p6.4d10.4f14.5s2.5p6.5d7,5d,5,2,7,2.5,d,0,27,58.33796442882129,6,0,0,68,0,0,0,6,0,0,0,0,0,0,0,16,10,14,0,0,0,0,0,0,0,28,-1.6666666666666665,0.9999978740863886,0.0
101,74,1s2.2s2.2p6.3s2.3p6.3d10.4s2.4p6.4d10.4f14.5s2.5p6.5d6,5d,5,2,6,2.5,d,0,28,57.74816552097457,5,0,0,68,0,0,0,5,0,0,0,0,0,0,0,16,10,14,0,0,0,0,0,0,0,28,-2.2222222222222223,0.9999978740863886,0.0
101,73,1s2.2s2.2p6.3s2.3p6.3d10.4s2.4p6.4d10.4f14.5s2.5p6.5d5,5d,5,2,5,2.5,d,0,29,56.939981578454784,4,0,0,68,0,0,0,4,0,0,0,0,0,0,0,16,10,14,0,0,0,0,0,0,0,28,2.2222222222222223,0.9999978740863886,0.0
101,72,1s2.2s2.2p6.3s2.3p6.3d10.4s2.4p6.4d10.4f14.5s2.5p6.5d4,5d,5,2,4,1.5,d,0,30,56.35018267060813,3,0,0,68,0,0,0,3,0,0,0,0,0,0,0,16,10,14,0,0,0,0,0,0,0,28,1.6666666666666667,0.9999978740863886,0.0
101,71,1s2.2s2.2p6.3s2.3p6.3d10.4s2.4p6.4d10.4f14.5s2.5p6.5d3,5d,5,2,3,1.5,d,0,31,55.72325445791909,2,0,0,68,0,0,0,2,0,0,0,0,0,0,0,16,10,14,0,0,0,0,0,0,0,28,1.1111111111111112,0.9999978740863886,0.0
101,70,1s2.2s2.2p6.3s2.3p6.3d10.4s2.4p6.4d10.4f14.5s2.5p6.5d2,5d,5,2,2,1.5,d,0,32,55.09632624522511,1,0,0,68,0,0,0,1,0,0,0,0,0,0,0,16,10,14,0,0,0,0,0,0,0,28,0.5555555555555556,0.9999978740863886,0.0
101,69,1s2.2s2.2p6.3s2.3p6.3d10.4s2.4p6.4d10.4f14.5s2.5p6.5d1,5d,5,2,1,1.5,d,0,33,54.50652733738305,0,0,0,68,0,0,0,0,0,0,0,0,0,0,0,16,10,14,0,0,0,0,0,0,0,28,0.0,0.9999978740863886,0.0
101,68,1s2.2s2.2p6.3s2.3p6.3d10.4s2.4p6.4d10.4f14.5s2.5p6,5p,5,1,6,1.5,p3,0,34,51.291318007282406,5,34,28,0,0,0,5,0,0,2,8,10,14,8,10,0,0,0,0,0,0,0,0,0,10,0,0.0,0.9999978740863886,0.0
101,67,1s2.2s2.2p6.3s2.3p6.3d10.4s2.4p6.4d10.4f14.5s2.5p5,5p,5,1,5,1.5,p3,0,35,50.7422457416599,4,34,28,0,0,0,4,0,0,2,8,10,14,8,10,0,0,0,0,0,0,0,0,0,10,0,-0.6000000000000001,0.9999978740863886,0.0
101,66,1s2.2s2.2p6.3s2.3p6.3d10.4s2.4p6.4d10.4f14.5s2.5p4,5p,5,1,4,1.5,p3,0,36,50.193173476032534,3,34,28,0,0,0,3,0,0,2,8,10,14,8,10,0,0,0,0,0,0,0,0,0,10,0,-1.2,0.9999978740863886,0.0
101,65,1s2.2s2.2p6.3s2.3p6.3d10.4s2.4p6.4d10.4f14.5s2.5p3,5p,5,1,3,1.5,p3,0,37,49.453854628378465,2,34,28,0,0,0,2,0,0,2,8,10,14,8,10,0,0,0,0,0,0,0,0,0,10,0,1.2,0.9999978740863886,0.0
101,64,1s2.2s2.2p6.3s2.3p6.3d10.4s2.4p6.4d10.4f14.5s2.5p2,5p,5,1,2,0.5,p1,0,38,48.904782362751156,1,34,28,0,0,0,1,0,0,2,8,10,14,8,10,0,0,0,0,0,0,0,0,0,10,0,0.6,0.9999978740863886,0.0
101,63,1s2.2s2.2p6.3s2.3p6.3d10.4s2.4p6.4d10.4f14.5s2.5p1,5p,5,1,1,0.5,p1,0,39,48.348958444362786,0,34,28,0,0,0,0,0,0,2,8,10,14,8,10,0,0,0,0,0,0,0,0,0,10,0,0.0,0.9999978740863886,0.0
101,62,1s2.2s2.2p6.3s2.3p6.3d10.4s2.4p6.4d10.4f14.5s2,5s,5,0,2,0.5,s,0,40,46.43547188585159,1,32,28,0,0,1,0,0,0,0,8,10,14,8,10,0,0,0,0,0,0,0,0,0,10,0,0.0,0.9999978740863886,0.0
101,61,1s2.2s2.2p6.3s2.3p6.3d10.4s2.4p6.4d10.4f14.5s1,5s,5,0,1,0.5,s,0,41,45.85856833278497,0,32,28,0,0,0,0,0,0,0,8,10,14,8,10,0,0,0,0,0,0,0,0,0,10,0,0.0,0.9999978740863886,0.0
101,60,1s2.2s2.2p6.3s2.3p6.3d10.4s2.4p6.4d10.4f14,4f,4,3,14,3.5,f,0,42,48.86078968565812,13,0,0,46,0,0,0,0,13,0,0,0,0,0,0,0,0,0,36,0,0,0,0,0,0,10,0.0,0.9999978740863886,0.0
101,59,1s2.2s2.2p6.3s2.3p6.3d10.4s2.4p6.4d10.4f13,4f,4,3,13,3.5,f,0,43,48.12167878028413,12,0,0,46,0,0,0,0,12,0,0,0,0,0,0,0,0,0,36,0,0,0,0,0,0,10,-0.5384615384615383,0.9999978740863886,0.0
101,58,1s2.2s2.2p6.3s2.3p6.3d10.4s2.4p6.4d10.4f12,4f,4,3,12,3.5,f,0,44,47.365159080568446,11,0,0,46,0,0,0,0,11,0,0,0,0,0,0,0,0,0,36,0,0,0,0,0,0,10,-1.0769230769230766,0.9999978740863886,0.0
101,57,1s2.2s2.2p6.3s2.3p6.3d10.4s2.4p6.4d10.4f11,4f,4,3,11,3.5,f,0,45,46.56470817701302,10,0,0,46,0,0,0,0,10,0,0,0,0,0,0,0,0,0,36,0,0,0,0,0,0,10,-1.615384615384615,0.9999978740863886,0.0
101,56,1s2.2s2.2p6.3s2.3p6.3d10.4s2.4p6.4d10.4f10,4f,4,3,10,3.5,f,0,46,45.76175948408627,9,0,0,46,0,0,0,0,9,0,0,0,0,0,0,0,0,0,36,0,0,0,0,0,0,10,-2.153846153846154,0.9999978740863886,0.0
101,55,1s2.2s2.2p6.3s2.3p6.3d10.4s2.4p6.4d10.4f9,4f,4,3,9,3.5,f,0,47,45.00482525620487,8,0,0,46,0,0,0,0,8,0,0,0,0,0,0,0,0,0,36,0,0,0,0,0,0,10,-2.6923076923076925,0.9999978740863886,0.0
101,54,1s2.2s2.2p6.3s2.3p6.3d10.4s2.4p6.4d10.4f8,4f,4,3,8,3.5,f,0,48,44.26571435083406,7,0,0,46,0,0,0,0,7,0,0,0,0,0,0,0,0,0,36,0,0,0,0,0,0,10,-3.230769230769231,0.9999978740863886,0.0
101,53,1s2.2s2.2p6.3s2.3p6.3d10.4s2.4p6.4d10.4f7,4f,4,3,7,3.5,f,0,49,43.235453992296016,6,0,0,46,0,0,0,0,6,0,0,0,0,0,0,0,0,0,36,0,0,0,0,0,0,10,3.230769230769231,0.9999978740863886,0.0
101,52,1s2.2s2.2p6.3s2.3p6.3d10.4s2.4p6.4d10.4f6,4f,4,3,6,2.5,f,0,50,42.49634308692566,5,0,0,46,0,0,0,0,5,0,0,0,0,0,0,0,0,0,36,0,0,0,0,0,0,10,2.6923076923076925,0.9999978740863886,0.0
101,51,1s2.2s2.2p6.3s2.3p6.3d10.4s2.4p6.4d10.4f5,4f,4,3,5,2.5,f,0,51,41.739408859043806,4,0,0,46,0,0,0,0,4,0,0,0,0,0,0,0,0,0,36,0,0,0,0,0,0,10,2.1538461538461537,0.9999978740863886,0.0
101,50,1s2.2s2.2p6.3s2.3p6.3d10.4s2.4p6.4d10.4f4,4f,4,3,4,2.5,f,0,52,40.937916324885464,3,0,0,46,0,0,0,0,3,0,0,0,0,0,0,0,0,0,36,0,0,0,0,0,0,10,1.6153846153846154,0.9999978740863886,0.0
101,49,1s2.2s2.2p6.3s2.3p6.3d10.4s2.4p6.4d10.4f3,4f,4,3,3,2.5,f,0,53,40.136423790726894,2,0,0,46,0,0,0,0,2,0,0,0,0,0,0,0,0,0,36,0,0,0,0,0,0,10,1.0769230769230769,0.9999978740863886,0.0
101,48,1s2.2s2.2p6.3s2.3p6.3d10.4s2.4p6.4d10.4f2,4f,4,3,2,2.5,f,0,54,39.37948956284549,1,0,0,46,0,0,0,0,1,0,0,0,0,0,0,0,0,0,36,0,0,0,0,0,0,10,0.5384615384615384,0.9999978740863886,0.0
101,47,1s2.2s2.2p6.3s2.3p6.3d10.4s2.4p6.4d10.4f1,4f,4,3,1,2.5,f,0,55,38.640378657474685,0,0,0,46,0,0,0,0,0,0,0,0,0,0,0,0,0,0,36,0,0,0,0,0,0,10,0.0,0.9999978740863886,0.0
101,46,1s2.2s2.2p6.3s2.3p6.3d10.4s2.4p6.4d10,4d,4,2,10,2.5,d,0,56,35.18427854681272,9,0,0,36,0,0,0,9,0,0,0,0,0,0,0,16,10,0,0,0,0,0,0,0,0,10,0.0,0.9999978740863886,0.0
101,45,1s2.2s2.2p6.3s2.3p6.3d10.4s2.4p6.4d9,4d,4,2,9,2.5,d,0,57,34.56268954011648,8,0,0,36,0,0,0,8,0,0,0,0,0,0,0,16,10,0,0,0,0,0,0,0,0,10,-0.5555555555555554,0.9999978740863886,0.0
101,44,1s2.2s2.2p6.3s2.3p6.3d10.4s2.4p6.4d8,4d,4,2,8,2.5,d,0,58,33.90183225775024,7,0,0,36,0,0,0,7,0,0,0,0,0,0,0,16,10,0,0,0,0,0,0,0,0,10,-1.1111111111111112,0.9999978740863886,0.0
101,43,1s2.2s2.2p6.3s2.3p6.3d10.4s2.4p6.4d7,4d,4,2,7,2.5,d,0,59,33.24097497538423,6,0,0,36,0,0,0,6,0,0,0,0,0,0,0,16,10,0,0,0,0,0,0,0,0,10,-1.6666666666666665,0.9999978740863886,0.0
101,42,1s2.2s2.2p6.3s2.3p6.3d10.4s2.4p6.4d6,4d,4,2,6,2.5,d,0,60,32.619385968687766,5,0,0,36,0,0,0,5,0,0,0,0,0,0,0,16,10,0,0,0,0,0,0,0,0,10,-2.2222222222222223,0.9999978740863886,0.0
101,41,1s2.2s2.2p6.3s2.3p6.3d10.4s2.4p6.4d5,4d,4,2,5,2.5,d,0,61,31.77042966985971,4,0,0,36,0,0,0,4,0,0,0,0,0,0,0,16,10,0,0,0,0,0,0,0,0,10,2.2222222222222223,0.9999978740863886,0.0
101,40,1s2.2s2.2p6.3s2.3p6.3d10.4s2.4p6.4d4,4d,4,2,4,1.5,d,0,62,31.14884066316324,3,0,0,36,0,0,0,3,0,0,0,0,0,0,0,16,10,0,0,0,0,0,0,0,0,10,1.6666666666666667,0.9999978740863886,0.0
101,39,1s2.2s2.2p6.3s2.3p6.3d10.4s2.4p6.4d3,4d,4,2,3,1.5,d,0,63,30.487983380797118,2,0,0,36,0,0,0,2,0,0,0,0,0,0,0,16,10,0,0,0,0,0,0,0,0,10,1.1111111111111112,0.9999978740863886,0.0
101,38,1s2.2s2.2p6.3s2.3p6.3d10.4s2.4p6.4d2,4d,4,2,2,1.5,d,0,64,29.82712609843111,1,0,0,36,0,0,0,1,0,0,0,0,0,0,0,16,10,0,0,0,0,0,0,0,0,10,0.5555555555555556,0.9999978740863886,0.0
101,37,1s2.2s2.2p6.3s2.3p6.3d10.4s2.4p6.4d1,4d,4,2,1,1.5,d,0,65,29.20553709173464,0,0,0,36,0,0,0,0,0,0,0,0,0,0,0,16,10,0,0,0,0,0,0,0,0,10,0.0,0.9999978740863886,0.0
101,36,1s2.2s2.2p6.3s2.3p6.3d10.4s2.4p6,4p,4,1,6,1.5,p3,0,66,26.676544772007787,5,20,10,0,0,0,5,0,0,2,8,10,0,8,0,0,0,0,0,0,0,0,0,0,2,0,0.0,0.9999978740863886,0.0
101,35,1s2.2s2.2p6.3s2.3p6.3d10.4s2.4p5,4p,4,1,5,1.5,p3,0,67,26.117340670445287,4,20,10,0,0,0,4,0,0,2,8,10,0,8,0,0,0,0,0,0,0,0,0,0,2,0,-0.6000000000000001,0.9999978740863886,0.0
101,34,1s2.2s2.2p6.3s2.3p6.3d10.4s2.4p4,4p,4,1,4,1.5,p3,0,68,25.558136568882787,3,20,10,0,0,0,3,0,0,2,8,10,0,8,0,0,0,0,0,0,0,0,0,0,2,0,-1.2,0.9999978740863886,0.0
101,33,1s2.2s2.2p6.3s2.3p6.3d10.4s2.4p3,4p,4,1,3,1.5,p3,0,69,24.807678805211026,2,20,10,0,0,0,2,0,0,2,8,10,0,8,0,0,0,0,0,0,0,0,0,0,2,0,1.2,0.9999978740863886,0.0
101,32,1s2.2s2.2p6.3s2.3p6.3d10.4s2.4p2,4p,4,1,2,0.5,p1,0,70,24.24270156046225,1,20,10,0,0,0,1,0,0,2,8,10,0,8,0,0,0,0,0,0,0,0,0,0,2,0,0.6,0.9999978740863886,0.0
101,31,1s2.2s2.2p6.3s2.3p6.3d10.4s2.4p1,4p,4,1,1,0.5,p1,0,71,23.681451647104154,0,20,10,0,0,0,0,0,0,2,8,10,0,8,0,0,0,0,0,0,0,0,0,0,2,0,0.0,0.9999978740863886,0.0
101,30,1s2.2s2.2p6.3s2.3p6.3d10.4s2,4s,4,0,2,0.5,s,0,72,22.126593730819764,1,18,10,0,0,1,0,0,0,0,8,10,0,8,0,0,0,0,0,0,0,0,0,0,2,0,0.0,0.9999978740863886,0.0
101,29,1s2.2s2.2p6.3s2.3p6.3d10.4s1,4s,4,0,1,0.5,s,0,73,21.554071296483926,0,18,10,0,0,0,0,0,0,0,8,10,0,8,0,0,0,0,0,0,0,0,0,0,2,0,0.0,0.9999978740863886,0.0
101,28,1s2.2s2.2p6.3s2.3p6.3d10,3d,3,2,10,2.5,d,0,74,21.379455336979806,9,0,0,18,0,0,0,9,0,0,0,0,0,0,0,16,0,0,0,0,0,0,0,0,0,2,0.0,0.9999978740863886,0.0
101,27,1s2.2s2.2p6.3s2.3p6.3d9,3d,3,2,9,2.5,d,0,75,20.677223194122995,8,0,0,18,0,0,0,8,0,0,0,0,0,0,0,16,0,0,0,0,0,0,0,0,0,2,-0.5555555555555554,0.9999978740863886,0.0
101,26,1s2.2s2.2p6.3s2.3p6.3d8,3d,3,2,8,2.5,d,0,76,19.92856167011884,7,0,0,18,0,0,0,7,0,0,0,0,0,0,0,16,0,0,0,0,0,0,0,0,0,2,-1.1111111111111112,0.9999978740863886,0.0
101,25,1s2.2s2.2p6.3s2.3p6.3d7,3d,3,2,7,2.5,d,0,77,19.180019458485546,6,0,0,18,0,0,0,6,0,0,0,0,0,0,0,16,0,0,0,0,0,0,0,0,0,2,-1.6666666666666665,0.9999978740863886,0.0
101,24,1s2.2s2.2p6.3s2.3p6.3d6,3d,3,2,6,2.5,d,0,78,18.477999944610033,5,0,0,18,0,0,0,5,0,0,0,0,0,0,0,16,0,0,0,0,0,0,0,0,0,2,-2.2222222222222223,0.9999978740863886,0.0
101,23,1s2.2s2.2p6.3s2.3p6.3d5,3d,3,2,5,2.5,d,0,79,17.516342790782076,4,0,0,18,0,0,0,4,0,0,0,0,0,0,0,16,0,0,0,0,0,0,0,0,0,2,2.2222222222222223,0.9999978740863886,0.0
101,22,1s2.2s2.2p6.3s2.3p6.3d4,3d,3,2,4,1.5,d,0,80,16.81369270190474,3,0,0,18,0,0,0,3,0,0,0,0,0,0,0,16,0,0,0,0,0,0,0,0,0,2,1.6666666666666667,0.9999978740863886,0.0
101,21,1s2.2s2.2p6.3s2.3p6.3d3,3d,3,2,3,1.5,d,0,81,16.06581898178117,2,0,0,18,0,0,0,2,0,0,0,0,0,0,0,16,0,0,0,0,0,0,0,0,0,2,1.1111111111111112,0.9999978740863886,0.0
101,20,1s2.2s2.2p6.3s2.3p6.3d2,3d,3,2,2,1.5,d,0,82,15.318236242385085,1,0,0,18,0,0,0,1,0,0,0,0,0,0,0,16,0,0,0,0,0,0,0,0,0,2,0.5555555555555556,0.9999978740863886,0.0
101,19,1s2.2s2.2p6.3s2.3p6.3d1,3d,3,2,1,1.5,d,0,83,14.615753461451872,0,0,0,18,0,0,0,0,0,0,0,0,0,0,0,16,0,0,0,0,0,0,0,0,0,2,0.0,0.9999978740863886,0.0
101,18,1s2.2s2.2p6.3s2.3p6,3p,3,1,6,1.5,p3,0,84,12.667818264554036,5,10,2,0,0,0,5,0,0,2,8,0,0,2,0,0,0,0,0,0,0,0,0,0,0,0,0.0,0.9999978740863886,0.0
101,17,1s2.2s2.2p6.3s2.3p5,3p,3,1,5,1.5,p3,0,85,12.08347223011717,4,10,2,0,0,0,4,0,0,2,8,0,0,2,0,0,0,0,0,0,0,0,0,0,0,0,-0.6000000000000001,0.9999978740863886,0.0
101,16,1s2.2s2.2p6.3s2.3p4,3p,3,1,4,1.5,p3,0,86,11.49928244974415,3,10,2,0,0,0,3,0,0,2,8,0,0,2,0,0,0,0,0,0,0,0,0,0,0,0,-1.2,0.9999978740863886,0.0
101,15,1s2.2s2.2p6.3s2.3p3,3p,3,1,3,1.5,p3,0,87,10.730818199117742,2,10,2,0,0,0,2,0,0,2,8,0,0,2,0,0,0,0,0,0,0,0,0,0,0,0,1.2,0.9999978740863886,0.0
101,14,1s2.2s2.2p6.3s2.3p2,3p,3,1,2,0.5,p1,0,88,10.145247180423096,1,10,2,0,0,0,1,0,0,2,8,0,0,2,0,0,0,0,0,0,0,0,0,0,0,0,0.6,0.9999978740863886,0.0
101,13,1s2.2s2.2p6.3s2.3p1,3p,3,1,1,0.5,p1,0,89,9.559774441642945,0,10,2,0,0,0,0,0,0,2,8,0,0,2,0,0,0,0,0,0,0,0,0,0,0,0,0.0,0.9999978740863886,0.0
101,12,1s2.2s2.2p6.3s2,3s,3,0,2,0.5,s,0,90,8.35113401342552,1,8,2,0,0,1,0,0,0,0,8,0,0,2,0,0,0,0,0,0,0,0,0,0,0,0,0.0,0.9999978740863886,0.0
101,11,1s2.2s2.2p6.3s1,3s,3,0,1,0.5,s,0,91,7.7856408855844075,0,8,2,0,0,0,0,0,0,0,8,0,0,2,0,0,0,0,0,0,0,0,0,0,0,0,0.0,0.9999978740863886,0.0
101,10,1s2.2s2.2p6,2p,2,1,6,1.5,p3,0,92,6.545979557232126,5,4,0,0,0,0,5,0,0,2,2,0,0,0,0,0,0,0,0,0,0,0,0,0,0,0,0.0,0.9999978740863886,0.0
101,9,1s2.2s2.2p5,2p,2,1,5,1.5,p3,0,93,5.88972955723213,4,4,0,0,0,0,4,0,0,2,2,0,0,0,0,0,0,0,0,0,0,0,0,0,0,0,-0.6000000000000001,0.9999978740863886,0.0
101,8,1s2.2s2.2p4,2p,2,1,4,1.5,p3,0,94,5.233479557232133,3,4,0,0,0,0,3,0,0,2,2,0,0,0,0,0,0,0,0,0,0,0,0,0,0,0,-1.2,0.9999978740863886,0.0
101,7,1s2.2s2.2p3,2p,2,1,3,1.5,p3,0,95,4.378670782625834,2,4,0,0,0,0,2,0,0,2,2,0,0,0,0,0,0,0,0,0,0,0,0,0,0,0,1.2,0.9999978740863886,0.0
101,6,1s2.2s2.2p2,2p,2,1,2,0.5,p1,0,96,3.7253535771907345,1,4,0,0,0,0,1,0,0,2,2,0,0,0,0,0,0,0,0,0,0,0,0,0,0,0,0.6,0.9999978740863886,0.0
101,5,1s2.2s2.2p1,2p,2,1,1,0.5,p1,0,97,3.0730091792350134,0,4,0,0,0,0,0,0,0,2,2,0,0,0,0,0,0,0,0,0,0,0,0,0,0,0,0.0,0.9999978740863886,0.0
101,4,1s2.2s2,2s,2,0,2,0.5,s,0,98,2.145875983124917,1,2,0,0,0,1,0,0,0,0,2,0,0,0,0,0,0,0,0,0,0,0,0,0,0,0,0.0,0.9999978740863886,176.52557536572613
101,3,1s2.2s1,2s,2,0,1,0.5,s,0,99,1.5912208504801093,0,2,0,0,0,0,0,0,0,0,2,0,0,0,0,0,0,0,0,0,0,0,0,0,0,0,0.0,0.9999978740863886,176.52557536572613
101,2,1s2,1s,1,0,2,0.5,s,0,100,0.625,1,0,0,0,0,1,0,0,0,0,0,0,0,0,0,0,0,0,0,0,0,0,0,0,0,0,0.0,0.9999978740863886,865.366703839504
101,1,1s1,1s,1,0,1,0.5,s,0,101,0.0,0,0,0,0,0,0,0,0,0,0,0,0,0,0,0,0,0,0,0,0,0,0,0,0,0,0,0.0,0.9999978740863886,865.366703839504
102,102,1s2.2s2.2p6.3s2.3p6.3d10.4s2.4p6.4d10.4f14.5s2.5p6.5d10.5f14.6s2.6p6.7s2,7s,7,0,2,0.5,s,0,1,79.80218108488992,1,8,92,0,0,1,0,0,0,0,8,0,0,8,24,0,0,0,0,0,0,0,0,0,60,0,0.0,0.9999978823115839,0.0
102,101,1s2.2s2.2p6.3s2.3p6.3d10.4s2.4p6.4d10.4f14.5s2.5p6.5d10.5f14.6s2.6p6.7s1,7s,7,0,1,0.5,s,0,2,79.20694287612595,0,8,92,0,0,0,0,0,0,0,8,0,0,8,24,0,0,0,0,0,0,0,0,0,60,0,0.0,0.9999978823115839,0.0
102,100,1s2.2s2.2p6.3s2.3p6.3d10.4s2.4p6.4d10.4f14.5s2.5p6.5d10.5f14.6s2.6p6,5f,5,3,14,3.5,f,0,3,77.52027145992278,13,0,0,78,8,0,0,0,13,0,0,0,0,0,0,0,0,0,36,14,0,0,0,8,0,28,0.0,0.9999978823115839,0.0
102,99,1s2.2s2.2p6.3s2.3p6.3d10.4s2.4p6.4d10.4f14.5s2.5p6.5d10.5f13.6s2.6p6,5f,5,3,13,3.5,f,0,4,76.86253825278534,12,0,0,78,8,0,0,0,12,0,0,0,0,0,0,0,0,0,36,14,0,0,0,8,0,28,-0.5384615384615383,0.9999978823115839,0.0
102,98,1s2.2s2.2p6.3s2.3p6.3d10.4s2.4p6.4d10.4f14.5s2.5p6.5d10.5f12.6s2.6p6,5f,5,3,12,3.5,f,0,5,76.19058398634559,11,0,0,78,8,0,0,0,11,0,0,0,0,0,0,0,0,0,36,14,0,0,0,8,0,28,-1.0769230769230766,0.9999978823115839,0.0
102,97,1s2.2s2.2p6.3s2.3p6.3d10.4s2.4p6.4d10.4f14.5s2.5p6.5d10.5f11.6s2.6p6,5f,5,3,11,3.5,f,0,6,75.48307707167315,10,0,0,78,8,0,0,0,10,0,0,0,0,0,0,0,0,0,36,14,0,0,0,8,0,28,-1.615384615384615,0.9999978823115839,0.0
102,96,1s2.2s2.2p6.3s2.3p6.3d10.4s2.4p6.4d10.4f14.5s2.5p6.5d10.5f10.6s2.6p6,5f,5,3,10,3.5,f,0,7,74.77557015699401,9,0,0,78,8,0,0,0,9,0,0,0,0,0,0,0,0,0,36,14,0,0,0,8,0,28,-2.153846153846154,0.9999978823115839,0.0
102,95,1s2.2s2.2p6.3s2.3p6.3d10.4s2.4p6.4d10.4f14.5s2.5p6.5d10.5f9.6s2.6p6,5f,5,3,9,3.5,f,0,8,74.10361589056096,8,0,0,78,8,0,0,0,8,0,0,0,0,0,0,0,0,0,36,14,0,0,0,8,0,28,-2.6923076923076925,0.9999978823115839,0.0
102,94,1s2.2s2.2p6.3s2.3p6.3d10.4s2.4p6.4d10.4f14.5s2.5p6.5d10.5f8.6s2.6p6,5f,5,3,8,3.5,f,0,9,73.44588268341612,7,0,0,78,8,0,0,0,7,0,0,0,0,0,0,0,0,0,36,14,0,0,0,8,0,28,-3.230769230769231,0.9999978823115839,0.0
102,93,1s2.2s2.2p6.3s2.3p6.3d10.4s2.4p6.4d10.4f14.5s2.5p6.5d10.5f7.6s2.6p6,5f,5,3,7,3.5,f,0,10,72.54790131222121,6,0,0,78,8,0,0,0,6,0,0,0,0,0,0,0,0,0,36,14,0,0,0,8,0,28,3.230769230769231,0.9999978823115839,0.0
102,92,1s2.2s2.2p6.3s2.3p6.3d10.4s2.4p6.4d10.4f14.5s2.5p6.5d10.5f6.6s2.6p6,5f,5,3,6,2.5,f,0,11,71.89016810507714,5,0,0,78,8,0,0,0,5,0,0,0,0,0,0,0,0,0,36,14,0,0,0,8,0,28,2.6923076923076925,0.9999978823115839,0.0
102,91,1s2.2s2.2p6.3s2.3p6.3d10.4s2.4p6.4d10.4f14.5s2.5p6.5d10.5f5.6s2.6p6,5f,5,3,5,2.5,f,0,12,71.21821383864325,4,0,0,78,8,0,0,0,4,0,0,0,0,0,0,0,0,0,36,14,0,0,0,8,0,28,2.1538461538461537,0.9999978823115839,0.0
102,90,1s2.2s2.2p6.3s2.3p6.3d10.4s2.4p6.4d10.4f14.5s2.5p6.5d10.5f4.6s2.6p6,6p,6,1,6,1.5,p3,1,13,68.96804219298221,5,24,60,0,0,0,5,0,0,2,8,10,4,8,24,0,0,0,0,0,0,0,0,0,28,0,0.0,0.9999978823115839,0.0
102,89,1s2.2s2.2p6.3s2.3p6.3d10.4s2.4p6.4d10.4f14.5s2.5p6.5d10.5f7.6s2.6p2,6p,6,1,2,0.5,p1,0,14,68.71186927041293,1,27,60,0,0,0,1,0,0,2,8,10,7,8,24,0,0,0,0,0,0,0,0,0,28,0,0.6,0.9999978823115839,0.0
102,88,1s2.2s2.2p6.3s2.3p6.3d10.4s2.4p6.4d10.4f14.5s2.5p6.5d10.5f7.6s2.6p1,6p,6,1,1,0.5,p1,0,15,68.16819480141476,0,27,60,0,0,0,0,0,0,2,8,10,7,8,24,0,0,0,0,0,0,0,0,0,28,0,0.0,0.9999978823115839,0.0
102,87,1s2.2s2.2p6.3s2.3p6.3d10.4s2.4p6.4d10.4f14.5s2.5p6.5d10.5f7.6s2,5f,5,3,7,3.5,f,0,16,69.55985748947958,6,0,0,78,2,0,0,0,6,0,0,0,0,0,0,0,0,0,36,14,0,0,0,2,0,28,3.230769230769231,0.9999978823115839,0.0
102,86,1s2.2s2.2p6.3s2.3p6.3d10.4s2.4p6.4d10.4f14.5s2.5p6.5d10.5f6.6s2,5f,5,3,6,2.5,f,0,17,68.90212428233494,5,0,0,78,2,0,0,0,5,0,0,0,0,0,0,0,0,0,36,14,0,0,0,2,0,28,2.6923076923076925,0.9999978823115839,0.0
102,85,1s2.2s2.2p6.3s2.3p6.3d10.4s2.4p6.4d10.4f14.5s2.5p6.5d10.5f5.6s2,5f,5,3,5,2.5,f,0,18,68.23017001590091,4,0,0,78,2,0,0,0,4,0,0,0,0,0,0,0,0,0,36,14,0,0,0,2,0,28,2.1538461538461537,0.9999978823115839,0.0
102,84,1s2.2s2.2p6.3s2.3p6.3d10.4s2.4p6.4d10.4f14.5s2.5p6.5d10.5f4.6s2,5f,5,3,4,2.5,f,0,19,67.5226631012228,3,0,0,78,2,0,0,0,3,0,0,0,0,0,0,0,0,0,36,14,0,0,0,2,0,28,1.6153846153846154,0.9999978823115839,0.0
102,83,1s2.2s2.2p6.3s2.3p6.3d10.4s2.4p6.4d10.4f14.5s2.5p6.5d10.5f3.6s2,5f,5,3,3,2.5,f,0,20,66.81515618654998,2,0,0,78,2,0,0,0,2,0,0,0,0,0,0,0,0,0,36,14,0,0,0,2,0,28,1.0769230769230769,0.9999978823115839,0.0
102,82,1s2.2s2.2p6.3s2.3p6.3d10.4s2.4p6.4d10.4f14.5s2.5p6.5d10.5f2.6s2,5f,5,3,2,2.5,f,0,21,66.14320192011068,1,0,0,78,2,0,0,0,1,0,0,0,0,0,0,0,0,0,36,14,0,0,0,2,0,28,0.5384615384615384,0.9999978823115839,0.0
102,81,1s2.2s2.2p6.3s2.3p6.3d10.4s2.4p6.4d10.4f14.5s2.5p6.5d10.5f1.6s2,5f,5,3,1,2.5,f,0,22,65.48546871297202,0,0,0,78,2,0,0,0,0,0,0,0,0,0,0,0,0,0,36,14,0,0,0,2,0,28,0.0,0.9999978823115839,0.0
102,80,1s2.2s2.2p6.3s2.3p6.3d10.4s2.4p6.4d10.4f14.5s2.5p6.5d10.6s2,6s,6,0,2,0.5,s,0,23,61.277186621795714,1,18,60,0,0,1,0,0,0,0,8,10,0,8,24,0,0,0,0,0,0,0,0,0,28,0,0.0,0.9999978823115839,0.0
102,79,1s2.2s2.2p6.3s2.3p6.3d10.4s2.4p6.4d10.4f14.5s2.5p6.5d10.6s1,6s,6,0,1,0.5,s,0,24,60.68175720132819,0,18,60,0,0,0,0,0,0,0,8,10,0,8,24,0,0,0,0,0,0,0,0,0,28,0,0.0,0.9999978823115839,0.0
102,78,1s2.2s2.2p6.3s2.3p6.3d10.4s2.4p6.4d10.4f14.5s2.5p6.5d10,5d,5,2,10,2.5,d,0,25,60.18161976204584,9,0,0,68,0,0,0,9,0,0,0,0,0,0,0,16,10,14,0,0,0,0,0,0,0,28,0.0,0.9999978823115839,0.0
102,77,1s2.2s2.2p6.3s2.3p6.3d10.4s2.4p6.4d10.4f14.5s2.5p6.5d9,5d,5,2,9,2.5,d,0,26,59.591820854204364,8,0,0,68,0,0,0,8,0,0,0,0,0,0,0,16,10,14,0,0,0,0,0,0,0,28,-0.5555555555555554,0.9999978823115839,0.0
102,76,1s2.2s2.2p6.3s2.3p6.3d10.4s2.4p6.4d10.4f14.5s2.5p6.5d8,5d,5,2,8,2.5,d,0,27,58.964892641510204,7,0,0,68,0,0,0,7,0,0,0,0,0,0,0,16,10,14,0,0,0,0,0,0,0,28,-1.1111111111111112,0.9999978823115839,0.0
102,75,1s2.2s2.2p6.3s2.3p6.3d10.4s2.4p6.4d10.4f14.5s2.5p6.5d7,5d,5,2,7,2.5,d,0,28,58.33796442882129,6,0,0,68,0,0,0,6,0,0,0,0,0,0,0,16,10,14,0,0,0,0,0,0,0,28,-1.6666666666666665,0.9999978823115839,0.0
102,74,1s2.2s2.2p6.3s2.3p6.3d10.4s2.4p6.4d10.4f14.5s2.5p6.5d6,5d,5,2,6,2.5,d,0,29,57.74816552097457,5,0,0,68,0,0,0,5,0,0,0,0,0,0,0,16,10,14,0,0,0,0,0,0,0,28,-2.2222222222222223,0.9999978823115839,0.0
102,73,1s2.2s2.2p6.3s2.3p6.3d10.4s2.4p6.4d10.4f14.5s2.5p6.5d5,5d,5,2,5,2.5,d,0,30,56.939981578454784,4,0,0,68,0,0,0,4,0,0,0,0,0,0,0,16,10,14,0,0,0,0,0,0,0,28,2.2222222222222223,0.9999978823115839,0.0
102,72,1s2.2s2.2p6.3s2.3p6.3d10.4s2.4p6.4d10.4f14.5s2.5p6.5d4,5d,5,2,4,1.5,d,0,31,56.35018267060813,3,0,0,68,0,0,0,3,0,0,0,0,0,0,0,16,10,14,0,0,0,0,0,0,0,28,1.6666666666666667,0.9999978823115839,0.0
102,71,1s2.2s2.2p6.3s2.3p6.3d10.4s2.4p6.4d10.4f14.5s2.5p6.5d3,5d,5,2,3,1.5,d,0,32,55.72325445791909,2,0,0,68,0,0,0,2,0,0,0,0,0,0,0,16,10,14,0,0,0,0,0,0,0,28,1.1111111111111112,0.9999978823115839,0.0
102,70,1s2.2s2.2p6.3s2.3p6.3d10.4s2.4p6.4d10.4f14.5s2.5p6.5d2,5d,5,2,2,1.5,d,0,33,55.09632624522511,1,0,0,68,0,0,0,1,0,0,0,0,0,0,0,16,10,14,0,0,0,0,0,0,0,28,0.5555555555555556,0.9999978823115839,0.0
102,69,1s2.2s2.2p6.3s2.3p6.3d10.4s2.4p6.4d10.4f14.5s2.5p6.5d1,5d,5,2,1,1.5,d,0,34,54.50652733738305,0,0,0,68,0,0,0,0,0,0,0,0,0,0,0,16,10,14,0,0,0,0,0,0,0,28,0.0,0.9999978823115839,0.0
102,68,1s2.2s2.2p6.3s2.3p6.3d10.4s2.4p6.4d10.4f14.5s2.5p6,5p,5,1,6,1.5,p3,0,35,51.291318007282406,5,34,28,0,0,0,5,0,0,2,8,10,14,8,10,0,0,0,0,0,0,0,0,0,10,0,0.0,0.9999978823115839,0.0
102,67,1s2.2s2.2p6.3s2.3p6.3d10.4s2.4p6.4d10.4f14.5s2.5p5,5p,5,1,5,1.5,p3,0,36,50.7422457416599,4,34,28,0,0,0,4,0,0,2,8,10,14,8,10,0,0,0,0,0,0,0,0,0,10,0,-0.6000000000000001,0.9999978823115839,0.0
102,66,1s2.2s2.2p6.3s2.3p6.3d10.4s2.4p6.4d10.4f14.5s2.5p4,5p,5,1,4,1.5,p3,0,37,50.193173476032534,3,34,28,0,0,0,3,0,0,2,8,10,14,8,10,0,0,0,0,0,0,0,0,0,10,0,-1.2,0.9999978823115839,0.0
102,65,1s2.2s2.2p6.3s2.3p6.3d10.4s2.4p6.4d10.4f14.5s2.5p3,5p,5,1,3,1.5,p3,0,38,49.453854628378465,2,34,28,0,0,0,2,0,0,2,8,10,14,8,10,0,0,0,0,0,0,0,0,0,10,0,1.2,0.9999978823115839,0.0
102,64,1s2.2s2.2p6.3s2.3p6.3d10.4s2.4p6.4d10.4f14.5s2.5p2,5p,5,1,2,0.5,p1,0,39,48.904782362751156,1,34,28,0,0,0,1,0,0,2,8,10,14,8,10,0,0,0,0,0,0,0,0,0,10,0,0.6,0.9999978823115839,0.0
102,63,1s2.2s2.2p6.3s2.3p6.3d10.4s2.4p6.4d10.4f14.5s2.5p1,5p,5,1,1,0.5,p1,0,40,48.348958444362786,0,34,28,0,0,0,0,0,0,2,8,10,14,8,10,0,0,0,0,0,0,0,0,0,10,0,0.0,0.9999978823115839,0.0
102,62,1s2.2s2.2p6.3s2.3p6.3d10.4s2.4p6.4d10.4f14.5s2,5s,5,0,2,0.5,s,0,41,46.43547188585159,1,32,28,0,0,1,0,0,0,0,8,10,14,8,10,0,0,0,0,0,0,0,0,0,10,0,0.0,0.9999978823115839,0.0
102,61,1s2.2s2.2p6.3s2.3p6.3d10.4s2.4p6.4d10.4f14.5s1,5s,5,0,1,0.5,s,0,42,45.85856833278497,0,32,28,0,0,0,0,0,0,0,8,10,14,8,10,0,0,0,0,0,0,0,0,0,10,0,0.0,0.9999978823115839,0.0
102,60,1s2.2s2.2p6.3s2.3p6.3d10.4s2.4p6.4d10.4f14,4f,4,3,14,3.5,f,0,43,48.86078968565812,13,0,0,46,0,0,0,0,13,0,0,0,0,0,0,0,0,0,36,0,0,0,0,0,0,10,0.0,0.9999978823115839,0.0
102,59,1s2.2s2.2p6.3s2.3p6.3d10.4s2.4p6.4d10.4f13,4f,4,3,13,3.5,f,0,44,48.12167878028413,12,0,0,46,0,0,0,0,12,0,0,0,0,0,0,0,0,0,36,0,0,0,0,0,0,10,-0.5384615384615383,0.9999978823115839,0.0
102,58,1s2.2s2.2p6.3s2.3p6.3d10.4s2.4p6.4d10.4f12,4f,4,3,12,3.5,f,0,45,47.365159080568446,11,0,0,46,0,0,0,0,11,0,0,0,0,0,0,0,0,0,36,0,0,0,0,0,0,10,-1.0769230769230766,0.9999978823115839,0.0
102,57,1s2.2s2.2p6.3s2.3p6.3d10.4s2.4p6.4d10.4f11,4f,4,3,11,3.5,f,0,46,46.56470817701302,10,0,0,46,0,0,0,0,10,0,0,0,0,0,0,0,0,0,36,0,0,0,0,0,0,10,-1.615384615384615,0.9999978823115839,0.0
102,56,1s2.2s2.2p6.3s2.3p6.3d10.4s2.4p6.4d10.4f10,4f,4,3,10,3.5,f,0,47,45.76175948408627,9,0,0,46,0,0,0,0,9,0,0,0,0,0,0,0,0,0,36,0,0,0,0,0,0,10,-2.153846153846154,0.9999978823115839,0.0
102,55,1s2.2s2.2p6.3s2.3p6.3d10.4s2.4p6.4d10.4f9,4f,4,3,9,3.5,f,0,48,45.00482525620487,8,0,0,46,0,0,0,0,8,0,0,0,0,0,0,0,0,0,36,0,0,0,0,0,0,10,-2.6923076923076925,0.9999978823115839,0.0
102,54,1s2.2s2.2p6.3s2.3p6.3d10.4s2.4p6.4d10.4f8,4f,4,3,8,3.5,f,0,49,44.26571435083406,7,0,0,46,0,0,0,0,7,0,0,0,0,0,0,0,0,0,36,0,0,0,0,0,0,10,-3.230769230769231,0.9999978823115839,0.0
102,53,1s2.2s2.2p6.3s2.3p6.3d10.4s2.4p6.4d10.4f7,4f,4,3,7,3.5,f,0,50,43.235453992296016,6,0,0,46,0,0,0,0,6,0,0,0,0,0,0,0,0,0,36,0,0,0,0,0,0,10,3.230769230769231,0.9999978823115839,0.0
102,52,1s2.2s2.2p6.3s2.3p6.3d10.4s2.4p6.4d10.4f6,4f,4,3,6,2.5,f,0,51,42.49634308692566,5,0,0,46,0,0,0,0,5,0,0,0,0,0,0,0,0,0,36,0,0,0,0,0,0,10,2.6923076923076925,0.9999978823115839,0.0
102,51,1s2.2s2.2p6.3s2.3p6.3d10.4s2.4p6.4d10.4f5,4f,4,3,5,2.5,f,0,52,41.739408859043806,4,0,0,46,0,0,0,0,4,0,0,0,0,0,0,0,0,0,36,0,0,0,0,0,0,10,2.1538461538461537,0.9999978823115839,0.0
102,50,1s2.2s2.2p6.3s2.3p6.3d10.4s2.4p6.4d10.4f4,4f,4,3,4,2.5,f,0,53,40.937916324885464,3,0,0,46,0,0,0,0,3,0,0,0,0,0,0,0,0,0,36,0,0,0,0,0,0,10,1.6153846153846154,0.9999978823115839,0.0
102,49,1s2.2s2.2p6.3s2.3p6.3d10.4s2.4p6.4d10.4f3,4f,4,3,3,2.5,f,0,54,40.136423790726894,2,0,0,46,0,0,0,0,2,0,0,0,0,0,0,0,0,0,36,0,0,0,0,0,0,10,1.0769230769230769,0.9999978823115839,0.0
102,48,1s2.2s2.2p6.3s2.3p6.3d10.4s2.4p6.4d10.4f2,4f,4,3,2,2.5,f,0,55,39.37948956284549,1,0,0,46,0,0,0,0,1,0,0,0,0,0,0,0,0,0,36,0,0,0,0,0,0,10,0.5384615384615384,0.9999978823115839,0.0
102,47,1s2.2s2.2p6.3s2.3p6.3d10.4s2.4p6.4d10.4f1,4f,4,3,1,2.5,f,0,56,38.640378657474685,0,0,0,46,0,0,0,0,0,0,0,0,0,0,0,0,0,0,36,0,0,0,0,0,0,10,0.0,0.9999978823115839,0.0
102,46,1s2.2s2.2p6.3s2.3p6.3d10.4s2.4p6.4d10,4d,4,2,10,2.5,d,0,57,35.18427854681272,9,0,0,36,0,0,0,9,0,0,0,0,0,0,0,16,10,0,0,0,0,0,0,0,0,10,0.0,0.9999978823115839,0.0
102,45,1s2.2s2.2p6.3s2.3p6.3d10.4s2.4p6.4d9,4d,4,2,9,2.5,d,0,58,34.56268954011648,8,0,0,36,0,0,0,8,0,0,0,0,0,0,0,16,10,0,0,0,0,0,0,0,0,10,-0.5555555555555554,0.9999978823115839,0.0
102,44,1s2.2s2.2p6.3s2.3p6.3d10.4s2.4p6.4d8,4d,4,2,8,2.5,d,0,59,33.90183225775024,7,0,0,36,0,0,0,7,0,0,0,0,0,0,0,16,10,0,0,0,0,0,0,0,0,10,-1.1111111111111112,0.9999978823115839,0.0
102,43,1s2.2s2.2p6.3s2.3p6.3d10.4s2.4p6.4d7,4d,4,2,7,2.5,d,0,60,33.24097497538423,6,0,0,36,0,0,0,6,0,0,0,0,0,0,0,16,10,0,0,0,0,0,0,0,0,10,-1.6666666666666665,0.9999978823115839,0.0
102,42,1s2.2s2.2p6.3s2.3p6.3d10.4s2.4p6.4d6,4d,4,2,6,2.5,d,0,61,32.619385968687766,5,0,0,36,0,0,0,5,0,0,0,0,0,0,0,16,10,0,0,0,0,0,0,0,0,10,-2.2222222222222223,0.9999978823115839,0.0
102,41,1s2.2s2.2p6.3s2.3p6.3d10.4s2.4p6.4d5,4d,4,2,5,2.5,d,0,62,31.77042966985971,4,0,0,36,0,0,0,4,0,0,0,0,0,0,0,16,10,0,0,0,0,0,0,0,0,10,2.2222222222222223,0.9999978823115839,0.0
102,40,1s2.2s2.2p6.3s2.3p6.3d10.4s2.4p6.4d4,4d,4,2,4,1.5,d,0,63,31.14884066316324,3,0,0,36,0,0,0,3,0,0,0,0,0,0,0,16,10,0,0,0,0,0,0,0,0,10,1.6666666666666667,0.9999978823115839,0.0
102,39,1s2.2s2.2p6.3s2.3p6.3d10.4s2.4p6.4d3,4d,4,2,3,1.5,d,0,64,30.487983380797118,2,0,0,36,0,0,0,2,0,0,0,0,0,0,0,16,10,0,0,0,0,0,0,0,0,10,1.1111111111111112,0.9999978823115839,0.0
102,38,1s2.2s2.2p6.3s2.3p6.3d10.4s2.4p6.4d2,4d,4,2,2,1.5,d,0,65,29.82712609843111,1,0,0,36,0,0,0,1,0,0,0,0,0,0,0,16,10,0,0,0,0,0,0,0,0,10,0.5555555555555556,0.9999978823115839,0.0
102,37,1s2.2s2.2p6.3s2.3p6.3d10.4s2.4p6.4d1,4d,4,2,1,1.5,d,0,66,29.20553709173464,0,0,0,36,0,0,0,0,0,0,0,0,0,0,0,16,10,0,0,0,0,0,0,0,0,10,0.0,0.9999978823115839,0.0
102,36,1s2.2s2.2p6.3s2.3p6.3d10.4s2.4p6,4p,4,1,6,1.5,p3,0,67,26.676544772007787,5,20,10,0,0,0,5,0,0,2,8,10,0,8,0,0,0,0,0,0,0,0,0,0,2,0,0.0,0.9999978823115839,0.0
102,35,1s2.2s2.2p6.3s2.3p6.3d10.4s2.4p5,4p,4,1,5,1.5,p3,0,68,26.117340670445287,4,20,10,0,0,0,4,0,0,2,8,10,0,8,0,0,0,0,0,0,0,0,0,0,2,0,-0.6000000000000001,0.9999978823115839,0.0
102,34,1s2.2s2.2p6.3s2.3p6.3d10.4s2.4p4,4p,4,1,4,1.5,p3,0,69,25.558136568882787,3,20,10,0,0,0,3,0,0,2,8,10,0,8,0,0,0,0,0,0,0,0,0,0,2,0,-1.2,0.9999978823115839,0.0
102,33,1s2.2s2.2p6.3s2.3p6.3d10.4s2.4p3,4p,4,1,3,1.5,p3,0,70,24.807678805211026,2,20,10,0,0,0,2,0,0,2,8,10,0,8,0,0,0,0,0,0,0,0,0,0,2,0,1.2,0.9999978823115839,0.0
102,32,1s2.2s2.2p6.3s2.3p6.3d10.4s2.4p2,4p,4,1,2,0.5,p1,0,71,24.24270156046225,1,20,10,0,0,0,1,0,0,2,8,10,0,8,0,0,0,0,0,0,0,0,0,0,2,0,0.6,0.9999978823115839,0.0
102,31,1s2.2s2.2p6.3s2.3p6.3d10.4s2.4p1,4p,4,1,1,0.5,p1,0,72,23.681451647104154,0,20,10,0,0,0,0,0,0,2,8,10,0,8,0,0,0,0,0,0,0,0,0,0,2,0,0.0,0.9999978823115839,0.0
102,30,1s2.2s2.2p6.3s2.3p6.3d10.4s2,4s,4,0,2,0.5,s,0,73,22.126593730819764,1,18,10,0,0,1,0,0,0,0,8,10,0,8,0,0,0,0,0,0,0,0,0,0,2,0,0.0,0.9999978823115839,0.0
102,29,1s2.2s2.2p6.3s2.3p6.3d10.4s1,4s,4,0,1,0.5,s,0,74,21.554071296483926,0,18,10,0,0,0,0,0,0,0,8,10,0,8,0,0,0,0,0,0,0,0,0,0,2,0,0.0,0.9999978823115839,0.0
102,28,1s2.2s2.2p6.3s2.3p6.3d10,3d,3,2,10,2.5,d,0,75,21.379455336979806,9,0,0,18,0,0,0,9,0,0,0,0,0,0,0,16,0,0,0,0,0,0,0,0,0,2,0.0,0.9999978823115839,0.0
102,27,1s2.2s2.2p6.3s2.3p6.3d9,3d,3,2,9,2.5,d,0,76,20.677223194122995,8,0,0,18,0,0,0,8,0,0,0,0,0,0,0,16,0,0,0,0,0,0,0,0,0,2,-0.5555555555555554,0.9999978823115839,0.0
102,26,1s2.2s2.2p6.3s2.3p6.3d8,3d,3,2,8,2.5,d,0,77,19.92856167011884,7,0,0,18,0,0,0,7,0,0,0,0,0,0,0,16,0,0,0,0,0,0,0,0,0,2,-1.1111111111111112,0.9999978823115839,0.0
102,25,1s2.2s2.2p6.3s2.3p6.3d7,3d,3,2,7,2.5,d,0,78,19.180019458485546,6,0,0,18,0,0,0,6,0,0,0,0,0,0,0,16,0,0,0,0,0,0,0,0,0,2,-1.6666666666666665,0.9999978823115839,0.0
102,24,1s2.2s2.2p6.3s2.3p6.3d6,3d,3,2,6,2.5,d,0,79,18.477999944610033,5,0,0,18,0,0,0,5,0,0,0,0,0,0,0,16,0,0,0,0,0,0,0,0,0,2,-2.2222222222222223,0.9999978823115839,0.0
102,23,1s2.2s2.2p6.3s2.3p6.3d5,3d,3,2,5,2.5,d,0,80,17.516342790782076,4,0,0,18,0,0,0,4,0,0,0,0,0,0,0,16,0,0,0,0,0,0,0,0,0,2,2.2222222222222223,0.9999978823115839,0.0
102,22,1s2.2s2.2p6.3s2.3p6.3d4,3d,3,2,4,1.5,d,0,81,16.81369270190474,3,0,0,18,0,0,0,3,0,0,0,0,0,0,0,16,0,0,0,0,0,0,0,0,0,2,1.6666666666666667,0.9999978823115839,0.0
102,21,1s2.2s2.2p6.3s2.3p6.3d3,3d,3,2,3,1.5,d,0,82,16.06581898178117,2,0,0,18,0,0,0,2,0,0,0,0,0,0,0,16,0,0,0,0,0,0,0,0,0,2,1.1111111111111112,0.9999978823115839,0.0
102,20,1s2.2s2.2p6.3s2.3p6.3d2,3d,3,2,2,1.5,d,0,83,15.318236242385085,1,0,0,18,0,0,0,1,0,0,0,0,0,0,0,16,0,0,0,0,0,0,0,0,0,2,0.5555555555555556,0.9999978823115839,0.0
102,19,1s2.2s2.2p6.3s2.3p6.3d1,3d,3,2,1,1.5,d,0,84,14.615753461451872,0,0,0,18,0,0,0,0,0,0,0,0,0,0,0,16,0,0,0,0,0,0,0,0,0,2,0.0,0.9999978823115839,0.0
102,18,1s2.2s2.2p6.3s2.3p6,3p,3,1,6,1.5,p3,0,85,12.667818264554036,5,10,2,0,0,0,5,0,0,2,8,0,0,2,0,0,0,0,0,0,0,0,0,0,0,0,0.0,0.9999978823115839,0.0
102,17,1s2.2s2.2p6.3s2.3p5,3p,3,1,5,1.5,p3,0,86,12.08347223011717,4,10,2,0,0,0,4,0,0,2,8,0,0,2,0,0,0,0,0,0,0,0,0,0,0,0,-0.6000000000000001,0.9999978823115839,0.0
102,16,1s2.2s2.2p6.3s2.3p4,3p,3,1,4,1.5,p3,0,87,11.49928244974415,3,10,2,0,0,0,3,0,0,2,8,0,0,2,0,0,0,0,0,0,0,0,0,0,0,0,-1.2,0.9999978823115839,0.0
102,15,1s2.2s2.2p6.3s2.3p3,3p,3,1,3,1.5,p3,0,88,10.730818199117742,2,10,2,0,0,0,2,0,0,2,8,0,0,2,0,0,0,0,0,0,0,0,0,0,0,0,1.2,0.9999978823115839,0.0
102,14,1s2.2s2.2p6.3s2.3p2,3p,3,1,2,0.5,p1,0,89,10.145247180423096,1,10,2,0,0,0,1,0,0,2,8,0,0,2,0,0,0,0,0,0,0,0,0,0,0,0,0.6,0.9999978823115839,0.0
102,13,1s2.2s2.2p6.3s2.3p1,3p,3,1,1,0.5,p1,0,90,9.559774441642945,0,10,2,0,0,0,0,0,0,2,8,0,0,2,0,0,0,0,0,0,0,0,0,0,0,0,0.0,0.9999978823115839,0.0
102,12,1s2.2s2.2p6.3s2,3s,3,0,2,0.5,s,0,91,8.35113401342552,1,8,2,0,0,1,0,0,0,0,8,0,0,2,0,0,0,0,0,0,0,0,0,0,0,0,0.0,0.9999978823115839,0.0
102,11,1s2.2s2.2p6.3s1,3s,3,0,1,0.5,s,0,92,7.7856408855844075,0,8,2,0,0,0,0,0,0,0,8,0,0,2,0,0,0,0,0,0,0,0,0,0,0,0,0.0,0.9999978823115839,0.0
102,10,1s2.2s2.2p6,2p,2,1,6,1.5,p3,0,93,6.545979557232126,5,4,0,0,0,0,5,0,0,2,2,0,0,0,0,0,0,0,0,0,0,0,0,0,0,0,0.0,0.9999978823115839,0.0
102,9,1s2.2s2.2p5,2p,2,1,5,1.5,p3,0,94,5.88972955723213,4,4,0,0,0,0,4,0,0,2,2,0,0,0,0,0,0,0,0,0,0,0,0,0,0,0,-0.6000000000000001,0.9999978823115839,0.0
102,8,1s2.2s2.2p4,2p,2,1,4,1.5,p3,0,95,5.233479557232133,3,4,0,0,0,0,3,0,0,2,2,0,0,0,0,0,0,0,0,0,0,0,0,0,0,0,-1.2,0.9999978823115839,0.0
102,7,1s2.2s2.2p3,2p,2,1,3,1.5,p3,0,96,4.378670782625834,2,4,0,0,0,0,2,0,0,2,2,0,0,0,0,0,0,0,0,0,0,0,0,0,0,0,1.2,0.9999978823115839,0.0
102,6,1s2.2s2.2p2,2p,2,1,2,0.5,p1,0,97,3.7253535771907345,1,4,0,0,0,0,1,0,0,2,2,0,0,0,0,0,0,0,0,0,0,0,0,0,0,0,0.6,0.9999978823115839,0.0
102,5,1s2.2s2.2p1,2p,2,1,1,0.5,p1,0,98,3.0730091792350134,0,4,0,0,0,0,0,0,0,2,2,0,0,0,0,0,0,0,0,0,0,0,0,0,0,0,0.0,0.9999978823115839,0.0
102,4,1s2.2s2,2s,2,0,2,0.5,s,0,99,2.145875983124917,1,2,0,0,0,1,0,0,0,0,2,0,0,0,0,0,0,0,0,0,0,0,0,0,0,0,0.0,0.9999978823115839,192.5324708276532
102,3,1s2.2s1,2s,2,0,1,0.5,s,0,100,1.5912208504801093,0,2,0,0,0,0,0,0,0,0,2,0,0,0,0,0,0,0,0,0,0,0,0,0,0,0,0.0,0.9999978823115839,192.5324708276532
102,2,1s2,1s,1,0,2,0.5,s,0,101,0.625,1,0,0,0,0,1,0,0,0,0,0,0,0,0,0,0,0,0,0,0,0,0,0,0,0,0,0.0,0.9999978823115839,934.4980530938276
102,1,1s1,1s,1,0,1,0.5,s,0,102,0.0,0,0,0,0,0,0,0,0,0,0,0,0,0,0,0,0,0,0,0,0,0,0,0,0,0,0,0.0,0.9999978823115839,934.4980530938276
103,103,1s2.2s2.2p6.3s2.3p6.3d10.4s2.4p6.4d10.4f14.5s2.5p6.5d10.5f14.6s2.6p6.7s2.7p1,7p,7,1,1,0.5,p1,0,1,81.751053690225,0,10,92,0,0,0,0,0,0,2,8,0,0,8,24,0,0,0,0,0,0,0,0,0,60,0,0.0,0.9999979066184351,0.0
103,102,1s2.2s2.2p6.3s2.3p6.3d10.4s2.4p6.4d10.4f14.5s2.5p6.5d10.5f14.6s2.6p6.7s2,7s,7,0,2,0.5,s,0,2,79.80218108488992,1,8,92,0,0,1,0,0,0,0,8,0,0,8,24,0,0,0,0,0,0,0,0,0,60,0,0.0,0.9999979066184351,0.0
103,101,1s2.2s2.2p6.3s2.3p6.3d10.4s2.4p6.4d10.4f14.5s2.5p6.5d10.5f14.6s2.6p6.7s1,7s,7,0,1,0.5,s,0,3,79.20694287612595,0,8,92,0,0,0,0,0,0,0,8,0,0,8,24,0,0,0,0,0,0,0,0,0,60,0,0.0,0.9999979066184351,0.0
103,100,1s2.2s2.2p6.3s2.3p6.3d10.4s2.4p6.4d10.4f14.5s2.5p6.5d10.5f14.6s2.6p6,5f,5,3,14,3.5,f,0,4,77.52027145992278,13,0,0,78,8,0,0,0,13,0,0,0,0,0,0,0,0,0,36,14,0,0,0,8,0,28,0.0,0.9999979066184351,0.0
103,99,1s2.2s2.2p6.3s2.3p6.3d10.4s2.4p6.4d10.4f14.5s2.5p6.5d10.5f13.6s2.6p6,5f,5,3,13,3.5,f,0,5,76.86253825278534,12,0,0,78,8,0,0,0,12,0,0,0,0,0,0,0,0,0,36,14,0,0,0,8,0,28,-0.5384615384615383,0.9999979066184351,0.0
103,98,1s2.2s2.2p6.3s2.3p6.3d10.4s2.4p6.4d10.4f14.5s2.5p6.5d10.5f12.6s2.6p6,5f,5,3,12,3.5,f,0,6,76.19058398634559,11,0,0,78,8,0,0,0,11,0,0,0,0,0,0,0,0,0,36,14,0,0,0,8,0,28,-1.0769230769230766,0.9999979066184351,0.0
103,97,1s2.2s2.2p6.3s2.3p6.3d10.4s2.4p6.4d10.4f14.5s2.5p6.5d10.5f11.6s2.6p6,5f,5,3,11,3.5,f,0,7,75.48307707167315,10,0,0,78,8,0,0,0,10,0,0,0,0,0,0,0,0,0,36,14,0,0,0,8,0,28,-1.615384615384615,0.9999979066184351,0.0
103,96,1s2.2s2.2p6.3s2.3p6.3d10.4s2.4p6.4d10.4f14.5s2.5p6.5d10.5f10.6s2.6p6,5f,5,3,10,3.5,f,0,8,74.77557015699401,9,0,0,78,8,0,0,0,9,0,0,0,0,0,0,0,0,0,36,14,0,0,0,8,0,28,-2.153846153846154,0.9999979066184351,0.0
103,95,1s2.2s2.2p6.3s2.3p6.3d10.4s2.4p6.4d10.4f14.5s2.5p6.5d10.5f9.6s2.6p6,5f,5,3,9,3.5,f,0,9,74.10361589056096,8,0,0,78,8,0,0,0,8,0,0,0,0,0,0,0,0,0,36,14,0,0,0,8,0,28,-2.6923076923076925,0.9999979066184351,0.0
103,94,1s2.2s2.2p6.3s2.3p6.3d10.4s2.4p6.4d10.4f14.5s2.5p6.5d10.5f8.6s2.6p6,5f,5,3,8,3.5,f,0,10,73.44588268341612,7,0,0,78,8,0,0,0,7,0,0,0,0,0,0,0,0,0,36,14,0,0,0,8,0,28,-3.230769230769231,0.9999979066184351,0.0
103,93,1s2.2s2.2p6.3s2.3p6.3d10.4s2.4p6.4d10.4f14.5s2.5p6.5d10.5f7.6s2.6p6,5f,5,3,7,3.5,f,0,11,72.54790131222121,6,0,0,78,8,0,0,0,6,0,0,0,0,0,0,0,0,0,36,14,0,0,0,8,0,28,3.230769230769231,0.9999979066184351,0.0
103,92,1s2.2s2.2p6.3s2.3p6.3d10.4s2.4p6.4d10.4f14.5s2.5p6.5d10.5f6.6s2.6p6,5f,5,3,6,2.5,f,0,12,71.89016810507714,5,0,0,78,8,0,0,0,5,0,0,0,0,0,0,0,0,0,36,14,0,0,0,8,0,28,2.6923076923076925,0.9999979066184351,0.0
103,91,1s2.2s2.2p6.3s2.3p6.3d10.4s2.4p6.4d10.4f14.5s2.5p6.5d10.5f5.6s2.6p6,5f,5,3,5,2.5,f,0,13,71.21821383864325,4,0,0,78,8,0,0,0,4,0,0,0,0,0,0,0,0,0,36,14,0,0,0,8,0,28,2.1538461538461537,0.9999979066184351,0.0
103,90,1s2.2s2.2p6.3s2.3p6.3d10.4s2.4p6.4d10.4f14.5s2.5p6.5d10.5f4.6s2.6p6,6p,6,1,6,1.5,p3,1,14,68.96804219298221,5,24,60,0,0,0,5,0,0,2,8,10,4,8,24,0,0,0,0,0,0,0,0,0,28,0,0.0,0.9999979066184351,0.0
103,89,1s2.2s2.2p6.3s2.3p6.3d10.4s2.4p6.4d10.4f14.5s2.5p6.5d10.5f8.6s2.6p1,6p,6,1,1,0.5,p1,0,15,68.90795097877941,0,28,60,0,0,0,0,0,0,2,8,10,8,8,24,0,0,0,0,0,0,0,0,0,28,0,0.0,0.9999979066184351,0.0
103,88,1s2.2s2.2p6.3s2.3p6.3d10.4s2.4p6.4d10.4f14.5s2.5p6.5d10.5f8.6s2,5f,5,3,8,3.5,f,0,16,70.45783886067392,7,0,0,78,2,0,0,0,7,0,0,0,0,0,0,0,0,0,36,14,0,0,0,2,0,28,-3.230769230769231,0.9999979066184351,0.0
103,87,1s2.2s2.2p6.3s2.3p6.3d10.4s2.4p6.4d10.4f14.5s2.5p6.5d10.5f7.6s2,5f,5,3,7,3.5,f,0,17,69.55985748947958,6,0,0,78,2,0,0,0,6,0,0,0,0,0,0,0,0,0,36,14,0,0,0,2,0,28,3.230769230769231,0.9999979066184351,0.0
103,86,1s2.2s2.2p6.3s2.3p6.3d10.4s2.4p6.4d10.4f14.5s2.5p6.5d10.5f6.6s2,5f,5,3,6,2.5,f,0,18,68.90212428233494,5,0,0,78,2,0,0,0,5,0,0,0,0,0,0,0,0,0,36,14,0,0,0,2,0,28,2.6923076923076925,0.9999979066184351,0.0
103,85,1s2.2s2.2p6.3s2.3p6.3d10.4s2.4p6.4d10.4f14.5s2.5p6.5d10.5f5.6s2,5f,5,3,5,2.5,f,0,19,68.23017001590091,4,0,0,78,2,0,0,0,4,0,0,0,0,0,0,0,0,0,36,14,0,0,0,2,0,28,2.1538461538461537,0.9999979066184351,0.0
103,84,1s2.2s2.2p6.3s2.3p6.3d10.4s2.4p6.4d10.4f14.5s2.5p6.5d10.5f4.6s2,5f,5,3,4,2.5,f,0,20,67.5226631012228,3,0,0,78,2,0,0,0,3,0,0,0,0,0,0,0,0,0,36,14,0,0,0,2,0,28,1.6153846153846154,0.9999979066184351,0.0
103,83,1s2.2s2.2p6.3s2.3p6.3d10.4s2.4p6.4d10.4f14.5s2.5p6.5d10.5f3.6s2,5f,5,3,3,2.5,f,0,21,66.81515618654998,2,0,0,78,2,0,0,0,2,0,0,0,0,0,0,0,0,0,36,14,0,0,0,2,0,28,1.0769230769230769,0.9999979066184351,0.0
103,82,1s2.2s2.2p6.3s2.3p6.3d10.4s2.4p6.4d10.4f14.5s2.5p6.5d10.5f2.6s2,5f,5,3,2,2.5,f,0,22,66.14320192011068,1,0,0,78,2,0,0,0,1,0,0,0,0,0,0,0,0,0,36,14,0,0,0,2,0,28,0.5384615384615384,0.9999979066184351,0.0
103,81,1s2.2s2.2p6.3s2.3p6.3d10.4s2.4p6.4d10.4f14.5s2.5p6.5d10.5f1.6s2,6s,6,0,2,0.5,s,0,23,61.98763575260345,1,19,60,0,0,1,0,0,0,0,8,10,1,8,24,0,0,0,0,0,0,0,0,0,28,0,0.0,0.9999979066184351,0.0
103,80,1s2.2s2.2p6.3s2.3p6.3d10.4s2.4p6.4d10.4f14.5s2.5p6.5d10.5f1.6s1,6s,6,0,1,0.5,s,0,24,61.383918731603515,0,19,60,0,0,0,0,0,0,0,8,10,1,8,24,0,0,0,0,0,0,0,0,0,28,0,0.0,0.9999979066184351,0.0
103,79,1s2.2s2.2p6.3s2.3p6.3d10.4s2.4p6.4d10.4f14.5s2.5p6.5d10.5f1,5f,5,3,1,2.5,f,0,25,64.50448908721991,0,0,0,78,0,0,0,0,0,0,0,0,0,0,0,0,0,0,36,14,0,0,0,0,0,28,0.0,0.9999979066184351,0.0
103,78,1s2.2s2.2p6.3s2.3p6.3d10.4s2.4p6.4d10.4f14.5s2.5p6.5d10,5d,5,2,10,2.5,d,0,26,60.18161976204584,9,0,0,68,0,0,0,9,0,0,0,0,0,0,0,16,10,14,0,0,0,0,0,0,0,28,0.0,0.9999979066184351,0.0
103,77,1s2.2s2.2p6.3s2.3p6.3d10.4s2.4p6.4d10.4f14.5s2.5p6.5d9,5d,5,2,9,2.5,d,0,27,59.591820854204364,8,0,0,68,0,0,0,8,0,0,0,0,0,0,0,16,10,14,0,0,0,0,0,0,0,28,-0.5555555555555554,0.9999979066184351,0.0
103,76,1s2.2s2.2p6.3s2.3p6.3d10.4s2.4p6.4d10.4f14.5s2.5p6.5d8,5d,5,2,8,2.5,d,0,28,58.964892641510204,7,0,0,68,0,0,0,7,0,0,0,0,0,0,0,16,10,14,0,0,0,0,0,0,0,28,-1.1111111111111112,0.9999979066184351,0.0
103,75,1s2.2s2.2p6.3s2.3p6.3d10.4s2.4p6.4d10.4f14.5s2.5p6.5d7,5d,5,2,7,2.5,d,0,29,58.33796442882129,6,0,0,68,0,0,0,6,0,0,0,0,0,0,0,16,10,14,0,0,0,0,0,0,0,28,-1.6666666666666665,0.9999979066184351,0.0
103,74,1s2.2s2.2p6.3s2.3p6.3d10.4s2.4p6.4d10.4f14.5s2.5p6.5d6,5d,5,2,6,2.5,d,0,30,57.74816552097457,5,0,0,68,0,0,0,5,0,0,0,0,0,0,0,16,10,14,0,0,0,0,0,0,0,28,-2.2222222222222223,0.9999979066184351,0.0
103,73,1s2.2s2.2p6.3s2.3p6.3d10.4s2.4p6.4d10.4f14.5s2.5p6.5d5,5d,5,2,5,2.5,d,0,31,56.939981578454784,4,0,0,68,0,0,0,4,0,0,0,0,0,0,0,16,10,14,0,0,0,0,0,0,0,28,2.2222222222222223,0.9999979066184351,0.0
103,72,1s2.2s2.2p6.3s2.3p6.3d10.4s2.4p6.4d10.4f14.5s2.5p6.5d4,5d,5,2,4,1.5,d,0,32,56.35018267060813,3,0,0,68,0,0,0,3,0,0,0,0,0,0,0,16,10,14,0,0,0,0,0,0,0,28,1.6666666666666667,0.9999979066184351,0.0
103,71,1s2.2s2.2p6.3s2.3p6.3d10.4s2.4p6.4d10.4f14.5s2.5p6.5d3,5d,5,2,3,1.5,d,0,33,55.72325445791909,2,0,0,68,0,0,0,2,0,0,0,0,0,0,0,16,10,14,0,0,0,0,0,0,0,28,1.1111111111111112,0.9999979066184351,0.0
103,70,1s2.2s2.2p6.3s2.3p6.3d10.4s2.4p6.4d10.4f14.5s2.5p6.5d2,5d,5,2,2,1.5,d,0,34,55.09632624522511,1,0,0,68,0,0,0,1,0,0,0,0,0,0,0,16,10,14,0,0,0,0,0,0,0,28,0.5555555555555556,0.9999979066184351,0.0
103,69,1s2.2s2.2p6.3s2.3p6.3d10.4s2.4p6.4d10.4f14.5s2.5p6.5d1,5d,5,2,1,1.5,d,0,35,54.50652733738305,0,0,0,68,0,0,0,0,0,0,0,0,0,0,0,16,10,14,0,0,0,0,0,0,0,28,0.0,0.9999979066184351,0.0
103,68,1s2.2s2.2p6.3s2.3p6.3d10.4s2.4p6.4d10.4f14.5s2.5p6,5p,5,1,6,1.5,p3,0,36,51.291318007282406,5,34,28,0,0,0,5,0,0,2,8,10,14,8,10,0,0,0,0,0,0,0,0,0,10,0,0.0,0.9999979066184351,0.0
103,67,1s2.2s2.2p6.3s2.3p6.3d10.4s2.4p6.4d10.4f14.5s2.5p5,5p,5,1,5,1.5,p3,0,37,50.7422457416599,4,34,28,0,0,0,4,0,0,2,8,10,14,8,10,0,0,0,0,0,0,0,0,0,10,0,-0.6000000000000001,0.9999979066184351,0.0
103,66,1s2.2s2.2p6.3s2.3p6.3d10.4s2.4p6.4d10.4f14.5s2.5p4,5p,5,1,4,1.5,p3,0,38,50.193173476032534,3,34,28,0,0,0,3,0,0,2,8,10,14,8,10,0,0,0,0,0,0,0,0,0,10,0,-1.2,0.9999979066184351,0.0
103,65,1s2.2s2.2p6.3s2.3p6.3d10.4s2.4p6.4d10.4f14.5s2.5p3,5p,5,1,3,1.5,p3,0,39,49.453854628378465,2,34,28,0,0,0,2,0,0,2,8,10,14,8,10,0,0,0,0,0,0,0,0,0,10,0,1.2,0.9999979066184351,0.0
103,64,1s2.2s2.2p6.3s2.3p6.3d10.4s2.4p6.4d10.4f14.5s2.5p2,5p,5,1,2,0.5,p1,0,40,48.904782362751156,1,34,28,0,0,0,1,0,0,2,8,10,14,8,10,0,0,0,0,0,0,0,0,0,10,0,0.6,0.9999979066184351,0.0
103,63,1s2.2s2.2p6.3s2.3p6.3d10.4s2.4p6.4d10.4f14.5s2.5p1,5p,5,1,1,0.5,p1,0,41,48.348958444362786,0,34,28,0,0,0,0,0,0,2,8,10,14,8,10,0,0,0,0,0,0,0,0,0,10,0,0.0,0.9999979066184351,0.0
103,62,1s2.2s2.2p6.3s2.3p6.3d10.4s2.4p6.4d10.4f14.5s2,5s,5,0,2,0.5,s,0,42,46.43547188585159,1,32,28,0,0,1,0,0,0,0,8,10,14,8,10,0,0,0,0,0,0,0,0,0,10,0,0.0,0.9999979066184351,0.0
103,61,1s2.2s2.2p6.3s2.3p6.3d10.4s2.4p6.4d10.4f14.5s1,5s,5,0,1,0.5,s,0,43,45.85856833278497,0,32,28,0,0,0,0,0,0,0,8,10,14,8,10,0,0,0,0,0,0,0,0,0,10,0,0.0,0.9999979066184351,0.0
103,60,1s2.2s2.2p6.3s2.3p6.3d10.4s2.4p6.4d10.4f14,4f,4,3,14,3.5,f,0,44,48.86078968565812,13,0,0,46,0,0,0,0,13,0,0,0,0,0,0,0,0,0,36,0,0,0,0,0,0,10,0.0,0.9999979066184351,0.0
103,59,1s2.2s2.2p6.3s2.3p6.3d10.4s2.4p6.4d10.4f13,4f,4,3,13,3.5,f,0,45,48.12167878028413,12,0,0,46,0,0,0,0,12,0,0,0,0,0,0,0,0,0,36,0,0,0,0,0,0,10,-0.5384615384615383,0.9999979066184351,0.0
103,58,1s2.2s2.2p6.3s2.3p6.3d10.4s2.4p6.4d10.4f12,4f,4,3,12,3.5,f,0,46,47.365159080568446,11,0,0,46,0,0,0,0,11,0,0,0,0,0,0,0,0,0,36,0,0,0,0,0,0,10,-1.0769230769230766,0.9999979066184351,0.0
103,57,1s2.2s2.2p6.3s2.3p6.3d10.4s2.4p6.4d10.4f11,4f,4,3,11,3.5,f,0,47,46.56470817701302,10,0,0,46,0,0,0,0,10,0,0,0,0,0,0,0,0,0,36,0,0,0,0,0,0,10,-1.615384615384615,0.9999979066184351,0.0
103,56,1s2.2s2.2p6.3s2.3p6.3d10.4s2.4p6.4d10.4f10,4f,4,3,10,3.5,f,0,48,45.76175948408627,9,0,0,46,0,0,0,0,9,0,0,0,0,0,0,0,0,0,36,0,0,0,0,0,0,10,-2.153846153846154,0.9999979066184351,0.0
103,55,1s2.2s2.2p6.3s2.3p6.3d10.4s2.4p6.4d10.4f9,4f,4,3,9,3.5,f,0,49,45.00482525620487,8,0,0,46,0,0,0,0,8,0,0,0,0,0,0,0,0,0,36,0,0,0,0,0,0,10,-2.6923076923076925,0.9999979066184351,0.0
103,54,1s2.2s2.2p6.3s2.3p6.3d10.4s2.4p6.4d10.4f8,4f,4,3,8,3.5,f,0,50,44.26571435083406,7,0,0,46,0,0,0,0,7,0,0,0,0,0,0,0,0,0,36,0,0,0,0,0,0,10,-3.230769230769231,0.9999979066184351,0.0
103,53,1s2.2s2.2p6.3s2.3p6.3d10.4s2.4p6.4d10.4f7,4f,4,3,7,3.5,f,0,51,43.235453992296016,6,0,0,46,0,0,0,0,6,0,0,0,0,0,0,0,0,0,36,0,0,0,0,0,0,10,3.230769230769231,0.9999979066184351,0.0
103,52,1s2.2s2.2p6.3s2.3p6.3d10.4s2.4p6.4d10.4f6,4f,4,3,6,2.5,f,0,52,42.49634308692566,5,0,0,46,0,0,0,0,5,0,0,0,0,0,0,0,0,0,36,0,0,0,0,0,0,10,2.6923076923076925,0.9999979066184351,0.0
103,51,1s2.2s2.2p6.3s2.3p6.3d10.4s2.4p6.4d10.4f5,4f,4,3,5,2.5,f,0,53,41.739408859043806,4,0,0,46,0,0,0,0,4,0,0,0,0,0,0,0,0,0,36,0,0,0,0,0,0,10,2.1538461538461537,0.9999979066184351,0.0
103,50,1s2.2s2.2p6.3s2.3p6.3d10.4s2.4p6.4d10.4f4,4f,4,3,4,2.5,f,0,54,40.937916324885464,3,0,0,46,0,0,0,0,3,0,0,0,0,0,0,0,0,0,36,0,0,0,0,0,0,10,1.6153846153846154,0.9999979066184351,0.0
103,49,1s2.2s2.2p6.3s2.3p6.3d10.4s2.4p6.4d10.4f3,4f,4,3,3,2.5,f,0,55,40.136423790726894,2,0,0,46,0,0,0,0,2,0,0,0,0,0,0,0,0,0,36,0,0,0,0,0,0,10,1.0769230769230769,0.9999979066184351,0.0
103,48,1s2.2s2.2p6.3s2.3p6.3d10.4s2.4p6.4d10.4f2,4f,4,3,2,2.5,f,0,56,39.37948956284549,1,0,0,46,0,0,0,0,1,0,0,0,0,0,0,0,0,0,36,0,0,0,0,0,0,10,0.5384615384615384,0.9999979066184351,0.0
103,47,1s2.2s2.2p6.3s2.3p6.3d10.4s2.4p6.4d10.4f1,4f,4,3,1,2.5,f,0,57,38.640378657474685,0,0,0,46,0,0,0,0,0,0,0,0,0,0,0,0,0,0,36,0,0,0,0,0,0,10,0.0,0.9999979066184351,0.0
103,46,1s2.2s2.2p6.3s2.3p6.3d10.4s2.4p6.4d10,4d,4,2,10,2.5,d,0,58,35.18427854681272,9,0,0,36,0,0,0,9,0,0,0,0,0,0,0,16,10,0,0,0,0,0,0,0,0,10,0.0,0.9999979066184351,0.0
103,45,1s2.2s2.2p6.3s2.3p6.3d10.4s2.4p6.4d9,4d,4,2,9,2.5,d,0,59,34.56268954011648,8,0,0,36,0,0,0,8,0,0,0,0,0,0,0,16,10,0,0,0,0,0,0,0,0,10,-0.5555555555555554,0.9999979066184351,0.0
103,44,1s2.2s2.2p6.3s2.3p6.3d10.4s2.4p6.4d8,4d,4,2,8,2.5,d,0,60,33.90183225775024,7,0,0,36,0,0,0,7,0,0,0,0,0,0,0,16,10,0,0,0,0,0,0,0,0,10,-1.1111111111111112,0.9999979066184351,0.0
103,43,1s2.2s2.2p6.3s2.3p6.3d10.4s2.4p6.4d7,4d,4,2,7,2.5,d,0,61,33.24097497538423,6,0,0,36,0,0,0,6,0,0,0,0,0,0,0,16,10,0,0,0,0,0,0,0,0,10,-1.6666666666666665,0.9999979066184351,0.0
103,42,1s2.2s2.2p6.3s2.3p6.3d10.4s2.4p6.4d6,4d,4,2,6,2.5,d,0,62,32.619385968687766,5,0,0,36,0,0,0,5,0,0,0,0,0,0,0,16,10,0,0,0,0,0,0,0,0,10,-2.2222222222222223,0.9999979066184351,0.0
103,41,1s2.2s2.2p6.3s2.3p6.3d10.4s2.4p6.4d5,4d,4,2,5,2.5,d,0,63,31.77042966985971,4,0,0,36,0,0,0,4,0,0,0,0,0,0,0,16,10,0,0,0,0,0,0,0,0,10,2.2222222222222223,0.9999979066184351,0.0
103,40,1s2.2s2.2p6.3s2.3p6.3d10.4s2.4p6.4d4,4d,4,2,4,1.5,d,0,64,31.14884066316324,3,0,0,36,0,0,0,3,0,0,0,0,0,0,0,16,10,0,0,0,0,0,0,0,0,10,1.6666666666666667,0.9999979066184351,0.0
103,39,1s2.2s2.2p6.3s2.3p6.3d10.4s2.4p6.4d3,4d,4,2,3,1.5,d,0,65,30.487983380797118,2,0,0,36,0,0,0,2,0,0,0,0,0,0,0,16,10,0,0,0,0,0,0,0,0,10,1.1111111111111112,0.9999979066184351,0.0
103,38,1s2.2s2.2p6.3s2.3p6.3d10.4s2.4p6.4d2,4d,4,2,2,1.5,d,0,66,29.82712609843111,1,0,0,36,0,0,0,1,0,0,0,0,0,0,0,16,10,0,0,0,0,0,0,0,0,10,0.5555555555555556,0.9999979066184351,0.0
103,37,1s2.2s2.2p6.3s2.3p6.3d10.4s2.4p6.4d1,4d,4,2,1,1.5,d,0,67,29.20553709173464,0,0,0,36,0,0,0,0,0,0,0,0,0,0,0,16,10,0,0,0,0,0,0,0,0,10,0.0,0.9999979066184351,0.0
103,36,1s2.2s2.2p6.3s2.3p6.3d10.4s2.4p6,4p,4,1,6,1.5,p3,0,68,26.676544772007787,5,20,10,0,0,0,5,0,0,2,8,10,0,8,0,0,0,0,0,0,0,0,0,0,2,0,0.0,0.9999979066184351,0.0
103,35,1s2.2s2.2p6.3s2.3p6.3d10.4s2.4p5,4p,4,1,5,1.5,p3,0,69,26.117340670445287,4,20,10,0,0,0,4,0,0,2,8,10,0,8,0,0,0,0,0,0,0,0,0,0,2,0,-0.6000000000000001,0.9999979066184351,0.0
103,34,1s2.2s2.2p6.3s2.3p6.3d10.4s2.4p4,4p,4,1,4,1.5,p3,0,70,25.558136568882787,3,20,10,0,0,0,3,0,0,2,8,10,0,8,0,0,0,0,0,0,0,0,0,0,2,0,-1.2,0.9999979066184351,0.0
103,33,1s2.2s2.2p6.3s2.3p6.3d10.4s2.4p3,4p,4,1,3,1.5,p3,0,71,24.807678805211026,2,20,10,0,0,0,2,0,0,2,8,10,0,8,0,0,0,0,0,0,0,0,0,0,2,0,1.2,0.9999979066184351,0.0
103,32,1s2.2s2.2p6.3s2.3p6.3d10.4s2.4p2,4p,4,1,2,0.5,p1,0,72,24.24270156046225,1,20,10,0,0,0,1,0,0,2,8,10,0,8,0,0,0,0,0,0,0,0,0,0,2,0,0.6,0.9999979066184351,0.0
103,31,1s2.2s2.2p6.3s2.3p6.3d10.4s2.4p1,4p,4,1,1,0.5,p1,0,73,23.681451647104154,0,20,10,0,0,0,0,0,0,2,8,10,0,8,0,0,0,0,0,0,0,0,0,0,2,0,0.0,0.9999979066184351,0.0
103,30,1s2.2s2.2p6.3s2.3p6.3d10.4s2,4s,4,0,2,0.5,s,0,74,22.126593730819764,1,18,10,0,0,1,0,0,0,0,8,10,0,8,0,0,0,0,0,0,0,0,0,0,2,0,0.0,0.9999979066184351,0.0
103,29,1s2.2s2.2p6.3s2.3p6.3d10.4s1,4s,4,0,1,0.5,s,0,75,21.554071296483926,0,18,10,0,0,0,0,0,0,0,8,10,0,8,0,0,0,0,0,0,0,0,0,0,2,0,0.0,0.9999979066184351,0.0
103,28,1s2.2s2.2p6.3s2.3p6.3d10,3d,3,2,10,2.5,d,0,76,21.379455336979806,9,0,0,18,0,0,0,9,0,0,0,0,0,0,0,16,0,0,0,0,0,0,0,0,0,2,0.0,0.9999979066184351,0.0
103,27,1s2.2s2.2p6.3s2.3p6.3d9,3d,3,2,9,2.5,d,0,77,20.677223194122995,8,0,0,18,0,0,0,8,0,0,0,0,0,0,0,16,0,0,0,0,0,0,0,0,0,2,-0.5555555555555554,0.9999979066184351,0.0
103,26,1s2.2s2.2p6.3s2.3p6.3d8,3d,3,2,8,2.5,d,0,78,19.92856167011884,7,0,0,18,0,0,0,7,0,0,0,0,0,0,0,16,0,0,0,0,0,0,0,0,0,2,-1.1111111111111112,0.9999979066184351,0.0
103,25,1s2.2s2.2p6.3s2.3p6.3d7,3d,3,2,7,2.5,d,0,79,19.180019458485546,6,0,0,18,0,0,0,6,0,0,0,0,0,0,0,16,0,0,0,0,0,0,0,0,0,2,-1.6666666666666665,0.9999979066184351,0.0
103,24,1s2.2s2.2p6.3s2.3p6.3d6,3d,3,2,6,2.5,d,0,80,18.477999944610033,5,0,0,18,0,0,0,5,0,0,0,0,0,0,0,16,0,0,0,0,0,0,0,0,0,2,-2.2222222222222223,0.9999979066184351,0.0
103,23,1s2.2s2.2p6.3s2.3p6.3d5,3d,3,2,5,2.5,d,0,81,17.516342790782076,4,0,0,18,0,0,0,4,0,0,0,0,0,0,0,16,0,0,0,0,0,0,0,0,0,2,2.2222222222222223,0.9999979066184351,0.0
103,22,1s2.2s2.2p6.3s2.3p6.3d4,3d,3,2,4,1.5,d,0,82,16.81369270190474,3,0,0,18,0,0,0,3,0,0,0,0,0,0,0,16,0,0,0,0,0,0,0,0,0,2,1.6666666666666667,0.9999979066184351,0.0
103,21,1s2.2s2.2p6.3s2.3p6.3d3,3d,3,2,3,1.5,d,0,83,16.06581898178117,2,0,0,18,0,0,0,2,0,0,0,0,0,0,0,16,0,0,0,0,0,0,0,0,0,2,1.1111111111111112,0.9999979066184351,0.0
103,20,1s2.2s2.2p6.3s2.3p6.3d2,3d,3,2,2,1.5,d,0,84,15.318236242385085,1,0,0,18,0,0,0,1,0,0,0,0,0,0,0,16,0,0,0,0,0,0,0,0,0,2,0.5555555555555556,0.9999979066184351,0.0
103,19,1s2.2s2.2p6.3s2.3p6.3d1,3d,3,2,1,1.5,d,0,85,14.615753461451872,0,0,0,18,0,0,0,0,0,0,0,0,0,0,0,16,0,0,0,0,0,0,0,0,0,2,0.0,0.9999979066184351,0.0
103,18,1s2.2s2.2p6.3s2.3p6,3p,3,1,6,1.5,p3,0,86,12.667818264554036,5,10,2,0,0,0,5,0,0,2,8,0,0,2,0,0,0,0,0,0,0,0,0,0,0,0,0.0,0.9999979066184351,0.0
103,17,1s2.2s2.2p6.3s2.3p5,3p,3,1,5,1.5,p3,0,87,12.08347223011717,4,10,2,0,0,0,4,0,0,2,8,0,0,2,0,0,0,0,0,0,0,0,0,0,0,0,-0.6000000000000001,0.9999979066184351,0.0
103,16,1s2.2s2.2p6.3s2.3p4,3p,3,1,4,1.5,p3,0,88,11.49928244974415,3,10,2,0,0,0,3,0,0,2,8,0,0,2,0,0,0,0,0,0,0,0,0,0,0,0,-1.2,0.9999979066184351,0.0
103,15,1s2.2s2.2p6.3s2.3p3,3p,3,1,3,1.5,p3,0,89,10.730818199117742,2,10,2,0,0,0,2,0,0,2,8,0,0,2,0,0,0,0,0,0,0,0,0,0,0,0,1.2,0.9999979066184351,0.0
103,14,1s2.2s2.2p6.3s2.3p2,3p,3,1,2,0.5,p1,0,90,10.145247180423096,1,10,2,0,0,0,1,0,0,2,8,0,0,2,0,0,0,0,0,0,0,0,0,0,0,0,0.6,0.9999979066184351,0.0
103,13,1s2.2s2.2p6.3s2.3p1,3p,3,1,1,0.5,p1,0,91,9.559774441642945,0,10,2,0,0,0,0,0,0,2,8,0,0,2,0,0,0,0,0,0,0,0,0,0,0,0,0.0,0.9999979066184351,0.0
103,12,1s2.2s2.2p6.3s2,3s,3,0,2,0.5,s,0,92,8.35113401342552,1,8,2,0,0,1,0,0,0,0,8,0,0,2,0,0,0,0,0,0,0,0,0,0,0,0,0.0,0.9999979066184351,0.0
103,11,1s2.2s2.2p6.3s1,3s,3,0,1,0.5,s,0,93,7.7856408855844075,0,8,2,0,0,0,0,0,0,0,8,0,0,2,0,0,0,0,0,0,0,0,0,0,0,0,0.0,0.9999979066184351,0.0
103,10,1s2.2s2.2p6,2p,2,1,6,1.5,p3,0,94,6.545979557232126,5,4,0,0,0,0,5,0,0,2,2,0,0,0,0,0,0,0,0,0,0,0,0,0,0,0,0.0,0.9999979066184351,0.0
103,9,1s2.2s2.2p5,2p,2,1,5,1.5,p3,0,95,5.88972955723213,4,4,0,0,0,0,4,0,0,2,2,0,0,0,0,0,0,0,0,0,0,0,0,0,0,0,-0.6000000000000001,0.9999979066184351,0.0
103,8,1s2.2s2.2p4,2p,2,1,4,1.5,p3,0,96,5.233479557232133,3,4,0,0,0,0,3,0,0,2,2,0,0,0,0,0,0,0,0,0,0,0,0,0,0,0,-1.2,0.9999979066184351,0.0
103,7,1s2.2s2.2p3,2p,2,1,3,1.5,p3,0,97,4.378670782625834,2,4,0,0,0,0,2,0,0,2,2,0,0,0,0,0,0,0,0,0,0,0,0,0,0,0,1.2,0.9999979066184351,0.0
103,6,1s2.2s2.2p2,2p,2,1,2,0.5,p1,0,98,3.7253535771907345,1,4,0,0,0,0,1,0,0,2,2,0,0,0,0,0,0,0,0,0,0,0,0,0,0,0,0.6,0.9999979066184351,0.0
103,5,1s2.2s2.2p1,2p,2,1,1,0.5,p1,0,99,3.0730091792350134,0,4,0,0,0,0,0,0,0,2,2,0,0,0,0,0,0,0,0,0,0,0,0,0,0,0,0.0,0.9999979066184351,0.0
103,4,1s2.2s2,2s,2,0,2,0.5,s,0,100,2.145875983124917,1,2,0,0,0,1,0,0,0,0,2,0,0,0,0,0,0,0,0,0,0,0,0,0,0,0,0.0,0.9999979066184351,210.7251628352302
103,3,1s2.2s1,2s,2,0,1,0.5,s,0,101,1.5912208504801093,0,2,0,0,0,0,0,0,0,0,2,0,0,0,0,0,0,0,0,0,0,0,0,0,0,0,0.0,0.9999979066184351,210.7251628352302
103,2,1s2,1s,1,0,2,0.5,s,0,102,0.625,1,0,0,0,0,1,0,0,0,0,0,0,0,0,0,0,0,0,0,0,0,0,0,0,0,0,0.0,0.9999979066184351,1012.4019395904149
103,1,1s1,1s,1,0,1,0.5,s,0,103,0.0,0,0,0,0,0,0,0,0,0,0,0,0,0,0,0,0,0,0,0,0,0,0,0,0,0,0,0.0,0.9999979066184351,1012.4019395904149
104,104,1s2.2s2.2p6.3s2.3p6.3d10.4s2.4p6.4d10.4f14.5s2.5p6.5d10.5f14.6s2.6p6.6d2.7s2,6d,6,2,2,1.5,d,0,1,81.18515139136177,1,0,0,100,2,0,0,1,0,0,0,0,0,0,0,16,10,14,0,0,0,0,2,0,0,60,0.5555555555555556,0.9999978985901642,0.0
104,103,1s2.2s2.2p6.3s2.3p6.3d10.4s2.4p6.4d10.4f14.5s2.5p6.5d10.5f14.6s2.6p6.6d1.7s2,6d,6,2,1,1.5,d,0,2,80.61161641416423,0,0,0,100,2,0,0,0,0,0,0,0,0,0,0,16,10,14,0,0,0,0,2,0,0,60,0.0,0.9999978985901642,0.0
104,102,1s2.2s2.2p6.3s2.3p6.3d10.4s2.4p6.4d10.4f14.5s2.5p6.5d10.5f14.6s2.6p6.7s2,7s,7,0,2,0.5,s,0,3,79.80218108488992,1,8,92,0,0,1,0,0,0,0,8,0,0,8,24,0,0,0,0,0,0,0,0,0,60,0,0.0,0.9999978985901642,0.0
104,101,1s2.2s2.2p6.3s2.3p6.3d10.4s2.4p6.4d10.4f14.5s2.5p6.5d10.5f14.6s2.6p6.7s1,7s,7,0,1,0.5,s,0,4,79.20694287612595,0,8,92,0,0,0,0,0,0,0,8,0,0,8,24,0,0,0,0,0,0,0,0,0,60,0,0.0,0.9999978985901642,0.0
104,100,1s2.2s2.2p6.3s2.3p6.3d10.4s2.4p6.4d10.4f14.5s2.5p6.5d10.5f14.6s2.6p6,5f,5,3,14,3.5,f,0,5,77.52027145992278,13,0,0,78,8,0,0,0,13,0,0,0,0,0,0,0,0,0,36,14,0,0,0,8,0,28,0.0,0.9999978985901642,0.0
104,99,1s2.2s2.2p6.3s2.3p6.3d10.4s2.4p6.4d10.4f14.5s2.5p6.5d10.5f13.6s2.6p6,5f,5,3,13,3.5,f,0,6,76.86253825278534,12,0,0,78,8,0,0,0,12,0,0,0,0,0,0,0,0,0,36,14,0,0,0,8,0,28,-0.5384615384615383,0.9999978985901642,0.0
104,98,1s2.2s2.2p6.3s2.3p6.3d10.4s2.4p6.4d10.4f14.5s2.5p6.5d10.5f12.6s2.6p6,5f,5,3,12,3.5,f,0,7,76.19058398634559,11,0,0,78,8,0,0,0,11,0,0,0,0,0,0,0,0,0,36,14,0,0,0,8,0,28,-1.0769230769230766,0.9999978985901642,0.0
104,97,1s2.2s2.2p6.3s2.3p6.3d10.4s2.4p6.4d10.4f14.5s2.5p6.5d10.5f11.6s2.6p6,5f,5,3,11,3.5,f,0,8,75.48307707167315,10,0,0,78,8,0,0,0,10,0,0,0,0,0,0,0,0,0,36,14,0,0,0,8,0,28,-1.615384615384615,0.9999978985901642,0.0
104,96,1s2.2s2.2p6.3s2.3p6.3d10.4s2.4p6.4d10.4f14.5s2.5p6.5d10.5f10.6s2.6p6,5f,5,3,10,3.5,f,0,9,74.77557015699401,9,0,0,78,8,0,0,0,9,0,0,0,0,0,0,0,0,0,36,14,0,0,0,8,0,28,-2.153846153846154,0.9999978985901642,0.0
104,95,1s2.2s2.2p6.3s2.3p6.3d10.4s2.4p6.4d10.4f14.5s2.5p6.5d10.5f9.6s2.6p6,5f,5,3,9,3.5,f,0,10,74.10361589056096,8,0,0,78,8,0,0,0,8,0,0,0,0,0,0,0,0,0,36,14,0,0,0,8,0,28,-2.6923076923076925,0.9999978985901642,0.0
104,94,1s2.2s2.2p6.3s2.3p6.3d10.4s2.4p6.4d10.4f14.5s2.5p6.5d10.5f8.6s2.6p6,5f,5,3,8,3.5,f,0,11,73.44588268341612,7,0,0,78,8,0,0,0,7,0,0,0,0,0,0,0,0,0,36,14,0,0,0,8,0,28,-3.230769230769231,0.9999978985901642,0.0
104,93,1s2.2s2.2p6.3s2.3p6.3d10.4s2.4p6.4d10.4f14.5s2.5p6.5d10.5f7.6s2.6p6,5f,5,3,7,3.5,f,0,12,72.54790131222121,6,0,0,78,8,0,0,0,6,0,0,0,0,0,0,0,0,0,36,14,0,0,0,8,0,28,3.230769230769231,0.9999978985901642,0.0
104,92,1s2.2s2.2p6.3s2.3p6.3d10.4s2.4p6.4d10.4f14.5s2.5p6.5d10.5f6.6s2.6p6,5f,5,3,6,2.5,f,0,13,71.89016810507714,5,0,0,78,8,0,0,0,5,0,0,0,0,0,0,0,0,0,36,14,0,0,0,8,0,28,2.6923076923076925,0.9999978985901642,0.0
104,91,1s2.2s2.2p6.3s2.3p6.3d10.4s2.4p6.4d10.4f14.5s2.5p6.5d10.5f5.6s2.6p6,6p,6,1,6,1.5,p3,0,14,69.678910452758,5,25,60,0,0,0,5,0,0,2,8,10,5,8,24,0,0,0,0,0,0,0,0,0,28,0,0.0,0.9999978985901642,0.0
104,78,1s2.2s2.2p6.3s2.3p6.3d10.4s2.4p6.4d10.4f14.5s2.5p6.5d10,5d,5,2,10,2.5,d,0,27,60.18161976204584,9,0,0,68,0,0,0,9,0,0,0,0,0,0,0,16,10,14,0,0,0,0,0,0,0,28,0.0,0.9999978985901642,0.0
104,77,1s2.2s2.2p6.3s2.3p6.3d10.4s2.4p6.4d10.4f14.5s2.5p6.5d9,5d,5,2,9,2.5,d,0,28,59.591820854204364,8,0,0,68,0,0,0,8,0,0,0,0,0,0,0,16,10,14,0,0,0,0,0,0,0,28,-0.5555555555555554,0.9999978985901642,0.0
104,76,1s2.2s2.2p6.3s2.3p6.3d10.4s2.4p6.4d10.4f14.5s2.5p6.5d8,5d,5,2,8,2.5,d,0,29,58.964892641510204,7,0,0,68,0,0,0,7,0,0,0,0,0,0,0,16,10,14,0,0,0,0,0,0,0,28,-1.1111111111111112,0.9999978985901642,0.0
104,75,1s2.2s2.2p6.3s2.3p6.3d10.4s2.4p6.4d10.4f14.5s2.5p6.5d7,5d,5,2,7,2.5,d,0,30,58.33796442882129,6,0,0,68,0,0,0,6,0,0,0,0,0,0,0,16,10,14,0,0,0,0,0,0,0,28,-1.6666666666666665,0.9999978985901642,0.0
104,74,1s2.2s2.2p6.3s2.3p6.3d10.4s2.4p6.4d10.4f14.5s2.5p6.5d6,5d,5,2,6,2.5,d,0,31,57.74816552097457,5,0,0,68,0,0,0,5,0,0,0,0,0,0,0,16,10,14,0,0,0,0,0,0,0,28,-2.2222222222222223,0.9999978985901642,0.0
104,73,1s2.2s2.2p6.3s2.3p6.3d10.4s2.4p6.4d10.4f14.5s2.5p6.5d5,5d,5,2,5,2.5,d,0,32,56.939981578454784,4,0,0,68,0,0,0,4,0,0,0,0,0,0,0,16,10,14,0,0,0,0,0,0,0,28,2.2222222222222223,0.9999978985901642,0.0
104,72,1s2.2s2.2p6.3s2.3p6.3d10.4s2.4p6.4d10.4f14.5s2.5p6.5d4,5d,5,2,4,1.5,d,0,33,56.35018267060813,3,0,0,68,0,0,0,3,0,0,0,0,0,0,0,16,10,14,0,0,0,0,0,0,0,28,1.6666666666666667,0.9999978985901642,0.0
104,71,1s2.2s2.2p6.3s2.3p6.3d10.4s2.4p6.4d10.4f14.5s2.5p6.5d3,5d,5,2,3,1.5,d,0,34,55.72325445791909,2,0,0,68,0,0,0,2,0,0,0,0,0,0,0,16,10,14,0,0,0,0,0,0,0,28,1.1111111111111112,0.9999978985901642,0.0
104,70,1s2.2s2.2p6.3s2.3p6.3d10.4s2.4p6.4d10.4f14.5s2.5p6.5d2,5d,5,2,2,1.5,d,0,35,55.09632624522511,1,0,0,68,0,0,0,1,0,0,0,0,0,0,0,16,10,14,0,0,0,0,0,0,0,28,0.5555555555555556,0.9999978985901642,0.0
104,69,1s2.2s2.2p6.3s2.3p6.3d10.4s2.4p6.4d10.4f14.5s2.5p6.5d1,5d,5,2,1,1.5,d,0,36,54.50652733738305,0,0,0,68,0,0,0,0,0,0,0,0,0,0,0,16,10,14,0,0,0,0,0,0,0,28,0.0,0.9999978985901642,0.0
104,46,1s2.2s2.2p6.3s2.3p6.3d10.4s2.4p6.4d10,4d,4,2,10,2.5,d,0,59,35.18427854681272,9,0,0,36,0,0,0,9,0,0,0,0,0,0,0,16,10,0,0,0,0,0,0,0,0,10,0.0,0.9999978985901642,0.0
104,45,1s2.2s2.2p6.3s2.3p6.3d10.4s2.4p6.4d9,4d,4,2,9,2.5,d,0,60,34.56268954011648,8,0,0,36,0,0,0,8,0,0,0,0,0,0,0,16,10,0,0,0,0,0,0,0,0,10,-0.5555555555555554,0.9999978985901642,0.0
104,44,1s2.2s2.2p6.3s2.3p6.3d10.4s2.4p6.4d8,4d,4,2,8,2.5,d,0,61,33.90183225775024,7,0,0,36,0,0,0,7,0,0,0,0,0,0,0,16,10,0,0,0,0,0,0,0,0,10,-1.1111111111111112,0.9999978985901642,0.0
104,43,1s2.2s2.2p6.3s2.3p6.3d10.4s2.4p6.4d7,4d,4,2,7,2.5,d,0,62,33.24097497538423,6,0,0,36,0,0,0,6,0,0,0,0,0,0,0,16,10,0,0,0,0,0,0,0,0,10,-1.6666666666666665,0.9999978985901642,0.0
104,42,1s2.2s2.2p6.3s2.3p6.3d10.4s2.4p6.4d6,4d,4,2,6,2.5,d,0,63,32.619385968687766,5,0,0,36,0,0,0,5,0,0,0,0,0,0,0,16,10,0,0,0,0,0,0,0,0,10,-2.2222222222222223,0.9999978985901642,0.0
104,41,1s2.2s2.2p6.3s2.3p6.3d10.4s2.4p6.4d5,4d,4,2,5,2.5,d,0,64,31.77042966985971,4,0,0,36,0,0,0,4,0,0,0,0,0,0,0,16,10,0,0,0,0,0,0,0,0,10,2.2222222222222223,0.9999978985901642,0.0
104,40,1s2.2s2.2p6.3s2.3p6.3d10.4s2.4p6.4d4,4d,4,2,4,1.5,d,0,65,31.14884066316324,3,0,0,36,0,0,0,3,0,0,0,0,0,0,0,16,10,0,0,0,0,0,0,0,0,10,1.6666666666666667,0.9999978985901642,0.0
104,39,1s2.2s2.2p6.3s2.3p6.3d10.4s2.4p6.4d3,4d,4,2,3,1.5,d,0,66,30.487983380797118,2,0,0,36,0,0,0,2,0,0,0,0,0,0,0,16,10,0,0,0,0,0,0,0,0,10,1.1111111111111112,0.9999978985901642,0.0
104,38,1s2.2s2.2p6.3s2.3p6.3d10.4s2.4p6.4d2,4d,4,2,2,1.5,d,0,67,29.82712609843111,1,0,0,36,0,0,0,1,0,0,0,0,0,0,0,16,10,0,0,0,0,0,0,0,0,10,0.5555555555555556,0.9999978985901642,0.0
104,37,1s2.2s2.2p6.3s2.3p6.3d10.4s2.4p6.4d1,4d,4,2,1,1.5,d,0,68,29.20553709173464,0,0,0,36,0,0,0,0,0,0,0,0,0,0,0,16,10,0,0,0,0,0,0,0,0,10,0.0,0.9999978985901642,0.0
104,36,1s2.2s2.2p6.3s2.3p6.3d10.4s2.4p6,4p,4,1,6,1.5,p3,0,69,26.676544772007787,5,20,10,0,0,0,5,0,0,2,8,10,0,8,0,0,0,0,0,0,0,0,0,0,2,0,0.0,0.9999978985901642,0.0
104,35,1s2.2s2.2p6.3s2.3p6.3d10.4s2.4p5,4p,4,1,5,1.5,p3,0,70,26.117340670445287,4,20,10,0,0,0,4,0,0,2,8,10,0,8,0,0,0,0,0,0,0,0,0,0,2,0,-0.6000000000000001,0.9999978985901642,0.0
104,34,1s2.2s2.2p6.3s2.3p6.3d10.4s2.4p4,4p,4,1,4,1.5,p3,0,71,25.558136568882787,3,20,10,0,0,0,3,0,0,2,8,10,0,8,0,0,0,0,0,0,0,0,0,0,2,0,-1.2,0.9999978985901642,0.0
104,33,1s2.2s2.2p6.3s2.3p6.3d10.4s2.4p3,4p,4,1,3,1.5,p3,0,72,24.807678805211026,2,20,10,0,0,0,2,0,0,2,8,10,0,8,0,0,0,0,0,0,0,0,0,0,2,0,1.2,0.9999978985901642,0.0
104,32,1s2.2s2.2p6.3s2.3p6.3d10.4s2.4p2,4p,4,1,2,0.5,p1,0,73,24.24270156046225,1,20,10,0,0,0,1,0,0,2,8,10,0,8,0,0,0,0,0,0,0,0,0,0,2,0,0.6,0.9999978985901642,0.0
104,31,1s2.2s2.2p6.3s2.3p6.3d10.4s2.4p1,4p,4,1,1,0.5,p1,0,74,23.681451647104154,0,20,10,0,0,0,0,0,0,2,8,10,0,8,0,0,0,0,0,0,0,0,0,0,2,0,0.0,0.9999978985901642,0.0
104,30,1s2.2s2.2p6.3s2.3p6.3d10.4s2,4s,4,0,2,0.5,s,0,75,22.126593730819764,1,18,10,0,0,1,0,0,0,0,8,10,0,8,0,0,0,0,0,0,0,0,0,0,2,0,0.0,0.9999978985901642,0.0
104,29,1s2.2s2.2p6.3s2.3p6.3d10.4s1,4s,4,0,1,0.5,s,0,76,21.554071296483926,0,18,10,0,0,0,0,0,0,0,8,10,0,8,0,0,0,0,0,0,0,0,0,0,2,0,0.0,0.9999978985901642,0.0
104,28,1s2.2s2.2p6.3s2.3p6.3d10,3d,3,2,10,2.5,d,0,77,21.379455336979806,9,0,0,18,0,0,0,9,0,0,0,0,0,0,0,16,0,0,0,0,0,0,0,0,0,2,0.0,0.9999978985901642,0.0
104,27,1s2.2s2.2p6.3s2.3p6.3d9,3d,3,2,9,2.5,d,0,78,20.677223194122995,8,0,0,18,0,0,0,8,0,0,0,0,0,0,0,16,0,0,0,0,0,0,0,0,0,2,-0.5555555555555554,0.9999978985901642,0.0
104,26,1s2.2s2.2p6.3s2.3p6.3d8,3d,3,2,8,2.5,d,0,79,19.92856167011884,7,0,0,18,0,0,0,7,0,0,0,0,0,0,0,16,0,0,0,0,0,0,0,0,0,2,-1.1111111111111112,0.9999978985901642,0.0
104,25,1s2.2s2.2p6.3s2.3p6.3d7,3d,3,2,7,2.5,d,0,80,19.180019458485546,6,0,0,18,0,0,0,6,0,0,0,0,0,0,0,16,0,0,0,0,0,0,0,0,0,2,-1.6666666666666665,0.9999978985901642,0.0
104,24,1s2.2s2.2p6.3s2.3p6.3d6,3d,3,2,6,2.5,d,0,81,18.477999944610033,5,0,0,18,0,0,0,5,0,0,0,0,0,0,0,16,0,0,0,0,0,0,0,0,0,2,-2.2222222222222223,0.9999978985901642,0.0
104,23,1s2.2s2.2p6.3s2.3p6.3d5,3d,3,2,5,2.5,d,0,82,17.516342790782076,4,0,0,18,0,0,0,4,0,0,0,0,0,0,0,16,0,0,0,0,0,0,0,0,0,2,2.2222222222222223,0.9999978985901642,0.0
104,22,1s2.2s2.2p6.3s2.3p6.3d4,3d,3,2,4,1.5,d,0,83,16.81369270190474,3,0,0,18,0,0,0,3,0,0,0,0,0,0,0,16,0,0,0,0,0,0,0,0,0,2,1.6666666666666667,0.9999978985901642,0.0
104,21,1s2.2s2.2p6.3s2.3p6.3d3,3d,3,2,3,1.5,d,0,84,16.06581898178117,2,0,0,18,0,0,0,2,0,0,0,0,0,0,0,16,0,0,0,0,0,0,0,0,0,2,1.1111111111111112,0.9999978985901642,0.0
104,20,1s2.2s2.2p6.3s2.3p6.3d2,3d,3,2,2,1.5,d,0,85,15.318236242385085,1,0,0,18,0,0,0,1,0,0,0,0,0,0,0,16,0,0,0,0,0,0,0,0,0,2,0.5555555555555556,0.9999978985901642,0.0
104,19,1s2.2s2.2p6.3s2.3p6.3d1,3d,3,2,1,1.5,d,0,86,14.615753461451872,0,0,0,18,0,0,0,0,0,0,0,0,0,0,0,16,0,0,0,0,0,0,0,0,0,2,0.0,0.9999978985901642,0.0
104,18,1s2.2s2.2p6.3s2.3p6,3p,3,1,6,1.5,p3,0,87,12.667818264554036,5,10,2,0,0,0,5,0,0,2,8,0,0,2,0,0,0,0,0,0,0,0,0,0,0,0,0.0,0.9999978985901642,0.0
104,17,1s2.2s2.2p6.3s2.3p5,3p,3,1,5,1.5,p3,0,88,12.08347223011717,4,10,2,0,0,0,4,0,0,2,8,0,0,2,0,0,0,0,0,0,0,0,0,0,0,0,-0.6000000000000001,0.9999978985901642,0.0
104,16,1s2.2s2.2p6.3s2.3p4,3p,3,1,4,1.5,p3,0,89,11.49928244974415,3,10,2,0,0,0,3,0,0,2,8,0,0,2,0,0,0,0,0,0,0,0,0,0,0,0,-1.2,0.9999978985901642,0.0
104,15,1s2.2s2.2p6.3s2.3p3,3p,3,1,3,1.5,p3,0,90,10.730818199117742,2,10,2,0,0,0,2,0,0,2,8,0,0,2,0,0,0,0,0,0,0,0,0,0,0,0,1.2,0.9999978985901642,0.0
104,14,1s2.2s2.2p6.3s2.3p2,3p,3,1,2,0.5,p1,0,91,10.145247180423096,1,10,2,0,0,0,1,0,0,2,8,0,0,2,0,0,0,0,0,0,0,0,0,0,0,0,0.6,0.9999978985901642,0.0
104,13,1s2.2s2.2p6.3s2.3p1,3p,3,1,1,0.5,p1,0,92,9.559774441642945,0,10,2,0,0,0,0,0,0,2,8,0,0,2,0,0,0,0,0,0,0,0,0,0,0,0,0.0,0.9999978985901642,0.0
104,12,1s2.2s2.2p6.3s2,3s,3,0,2,0.5,s,0,93,8.35113401342552,1,8,2,0,0,1,0,0,0,0,8,0,0,2,0,0,0,0,0,0,0,0,0,0,0,0,0.0,0.9999978985901642,0.0
104,11,1s2.2s2.2p6.3s1,3s,3,0,1,0.5,s,0,94,7.7856408855844075,0,8,2,0,0,0,0,0,0,0,8,0,0,2,0,0,0,0,0,0,0,0,0,0,0,0,0.0,0.9999978985901642,0.0
104,10,1s2.2s2.2p6,2p,2,1,6,1.5,p3,0,95,6.545979557232126,5,4,0,0,0,0,5,0,0,2,2,0,0,0,0,0,0,0,0,0,0,0,0,0,0,0,0.0,0.9999978985901642,0.0
104,9,1s2.2s2.2p5,2p,2,1,5,1.5,p3,0,96,5.88972955723213,4,4,0,0,0,0,4,0,0,2,2,0,0,0,0,0,0,0,0,0,0,0,0,0,0,0,-0.6000000000000001,0.9999978985901642,0.0
104,8,1s2.2s2.2p4,2p,2,1,4,1.5,p3,0,97,5.233479557232133,3,4,0,0,0,0,3,0,0,2,2,0,0,0,0,0,0,0,0,0,0,0,0,0,0,0,-1.2,0.9999978985901642,0.0
104,7,1s2.2s2.2p3,2p,2,1,3,1.5,p3,0,98,4.378670782625834,2,4,0,0,0,0,2,0,0,2,2,0,0,0,0,0,0,0,0,0,0,0,0,0,0,0,1.2,0.9999978985901642,0.0
104,6,1s2.2s2.2p2,2p,2,1,2,0.5,p1,0,99,3.7253535771907345,1,4,0,0,0,0,1,0,0,2,2,0,0,0,0,0,0,0,0,0,0,0,0,0,0,0,0.6,0.9999978985901642,0.0
104,5,1s2.2s2.2p1,2p,2,1,1,0.5,p1,0,100,3.0730091792350134,0,4,0,0,0,0,0,0,0,2,2,0,0,0,0,0,0,0,0,0,0,0,0,0,0,0,0.0,0.9999978985901642,0.0
104,4,1s2.2s2,2s,2,0,2,0.5,s,0,101,2.145875983124917,1,2,0,0,0,1,0,0,0,0,2,0,0,0,0,0,0,0,0,0,0,0,0,0,0,0,0.0,0.9999978985901642,230.22665002895926
104,2,1s2,1s,1,0,2,0.5,s,0,103,0.625,1,0,0,0,0,1,0,0,0,0,0,0,0,0,0,0,0,0,0,0,0,0,0,0,0,0,0.0,0.9999978985901642,1094.6511677256142
104,1,1s1,1s,1,0,1,0.5,s,0,104,0.0,0,0,0,0,0,0,0,0,0,0,0,0,0,0,0,0,0,0,0,0,0,0,0,0,0,0,0.0,0.9999978985901642,1094.6511677256142
105,105,1s2.2s2.2p6.3s2.3p6.3d10.4s2.4p6.4d10.4f14.5s2.5p6.5d10.5f14.6s2.6p6.6d3.7s2,6d,6,2,3,1.5,d,0,1,81.79496305352444,2,0,0,100,2,0,0,2,0,0,0,0,0,0,0,16,10,14,0,0,0,0,2,0,0,60,1.1111111111111112,0.9999979066447283,0.0
105,104,1s2.2s2.2p6.3s2.3p6.3d10.4s2.4p6.4d10.4f14.5s2.5p6.5d10.5f14.6s2.6p6.6d2.7s2,7s,7,0,2,0.5,s,0,2,81.16210497844253,1,10,92,0,0,1,0,0,0,0,8,2,0,8,24,0,0,0,0,0,0,0,0,0,60,0,0.0,0.9999979066447283,0.0
105,103,1s2.2s2.2p6.3s2.3p6.3d10.4s2.4p6.4d10.4f14.5s2.5p6.5d10.5f14.6s2.6p6.6d2.7s1,7s,7,0,1,0.5,s,0,3,80.53895499151908,0,10,92,0,0,0,0,0,0,0,8,2,0,8,24,0,0,0,0,0,0,0,0,0,60,0,0.0,0.9999979066447283,0.0
105,102,1s2.2s2.2p6.3s2.3p6.3d10.4s2.4p6.4d10.4f14.5s2.5p6.5d10.5f14.6s2.6p6.6d2,6d,6,2,2,1.5,d,0,4,80.19627693909138,1,0,0,100,0,0,0,1,0,0,0,0,0,0,0,16,10,14,0,0,0,0,0,0,0,60,0.5555555555555556,0.9999979066447283,0.0
105,101,1s2.2s2.2p6.3s2.3p6.3d10.4s2.4p6.4d10.4f14.5s2.5p6.5d10.5f14.6s2.6p6.6d1,6d,6,2,1,1.5,d,0,5,79.62274196190309,0,0,0,100,0,0,0,0,0,0,0,0,0,0,0,16,10,14,0,0,0,0,0,0,0,60,0.0,0.9999979066447283,0.0
105,100,1s2.2s2.2p6.3s2.3p6.3d10.4s2.4p6.4d10.4f14.5s2.5p6.5d10.5f14.6s2.6p6,5f,5,3,14,3.5,f,0,6,77.52027145992278,13,0,0,78,8,0,0,0,13,0,0,0,0,0,0,0,0,0,36,14,0,0,0,8,0,28,0.0,0.9999979066447283,0.0
105,99,1s2.2s2.2p6.3s2.3p6.3d10.4s2.4p6.4d10.4f14.5s2.5p6.5d10.5f13.6s2.6p6,5f,5,3,13,3.5,f,0,7,76.86253825278534,12,0,0,78,8,0,0,0,12,0,0,0,0,0,0,0,0,0,36,14,0,0,0,8,0,28,-0.5384615384615383,0.9999979066447283,0.0
105,98,1s2.2s2.2p6.3s2.3p6.3d10.4s2.4p6.4d10.4f14.5s2.5p6.5d10.5f12.6s2.6p6,5f,5,3,12,3.5,f,0,8,76.19058398634559,11,0,0,78,8,0,0,0,11,0,0,0,0,0,0,0,0,0,36,14,0,0,0,8,0,28,-1.0769230769230766,0.9999979066447283,0.0
105,97,1s2.2s2.2p6.3s2.3p6.3d10.4s2.4p6.4d10.4f14.5s2.5p6.5d10.5f11.6s2.6p6,5f,5,3,11,3.5,f,0,9,75.48307707167315,10,0,0,78,8,0,0,0,10,0,0,0,0,0,0,0,0,0,36,14,0,0,0,8,0,28,-1.615384615384615,0.9999979066447283,0.0
105,96,1s2.2s2.2p6.3s2.3p6.3d10.4s2.4p6.4d10.4f14.5s2.5p6.5d10.5f10.6s2.6p6,5f,5,3,10,3.5,f,0,10,74.77557015699401,9,0,0,78,8,0,0,0,9,0,0,0,0,0,0,0,0,0,36,14,0,0,0,8,0,28,-2.153846153846154,0.9999979066447283,0.0
105,95,1s2.2s2.2p6.3s2.3p6.3d10.4s2.4p6.4d10.4f14.5s2.5p6.5d10.5f9.6s2.6p6,5f,5,3,9,3.5,f,0,11,74.10361589056096,8,0,0,78,8,0,0,0,8,0,0,0,0,0,0,0,0,0,36,14,0,0,0,8,0,28,-2.6923076923076925,0.9999979066447283,0.0
105,94,1s2.2s2.2p6.3s2.3p6.3d10.4s2.4p6.4d10.4f14.5s2.5p6.5d10.5f8.6s2.6p6,5f,5,3,8,3.5,f,0,12,73.44588268341612,7,0,0,78,8,0,0,0,7,0,0,0,0,0,0,0,0,0,36,14,0,0,0,8,0,28,-3.230769230769231,0.9999979066447283,0.0
105,93,1s2.2s2.2p6.3s2.3p6.3d10.4s2.4p6.4d10.4f14.5s2.5p6.5d10.5f7.6s2.6p6,5f,5,3,7,3.5,f,0,13,72.54790131222121,6,0,0,78,8,0,0,0,6,0,0,0,0,0,0,0,0,0,36,14,0,0,0,8,0,28,3.230769230769231,0.9999979066447283,0.0
105,92,1s2.2s2.2p6.3s2.3p6.3d10.4s2.4p6.4d10.4f14.5s2.5p6.5d10.5f6.6s2.6p6,5f,5,3,6,2.5,f,0,14,71.89016810507714,5,0,0,78,8,0,0,0,5,0,0,0,0,0,0,0,0,0,36,14,0,0,0,8,0,28,2.6923076923076925,0.9999979066447283,0.0
105,91,1s2.2s2.2p6.3s2.3p6.3d10.4s2.4p6.4d10.4f14.5s2.5p6.5d10.5f5.6s2.6p6,6p,6,1,6,1.5,p3,0,15,69.678910452758,5,25,60,0,0,0,5,0,0,2,8,10,5,8,24,0,0,0,0,0,0,0,0,0,28,0,0.0,0.9999979066447283,0.0
105,78,1s2.2s2.2p6.3s2.3p6.3d10.4s2.4p6.4d10.4f14.5s2.5p6.5d10,5d,5,2,10,2.5,d,0,28,60.18161976204584,9,0,0,68,0,0,0,9,0,0,0,0,0,0,0,16,10,14,0,0,0,0,0,0,0,28,0.0,0.9999979066447283,0.0
105,77,1s2.2s2.2p6.3s2.3p6.3d10.4s2.4p6.4d10.4f14.5s2.5p6.5d9,5d,5,2,9,2.5,d,0,29,59.591820854204364,8,0,0,68,0,0,0,8,0,0,0,0,0,0,0,16,10,14,0,0,0,0,0,0,0,28,-0.5555555555555554,0.9999979066447283,0.0
105,76,1s2.2s2.2p6.3s2.3p6.3d10.4s2.4p6.4d10.4f14.5s2.5p6.5d8,5d,5,2,8,2.5,d,0,30,58.964892641510204,7,0,0,68,0,0,0,7,0,0,0,0,0,0,0,16,10,14,0,0,0,0,0,0,0,28,-1.1111111111111112,0.9999979066447283,0.0
105,75,1s2.2s2.2p6.3s2.3p6.3d10.4s2.4p6.4d10.4f14.5s2.5p6.5d7,5d,5,2,7,2.5,d,0,31,58.33796442882129,6,0,0,68,0,0,0,6,0,0,0,0,0,0,0,16,10,14,0,0,0,0,0,0,0,28,-1.6666666666666665,0.9999979066447283,0.0
105,74,1s2.2s2.2p6.3s2.3p6.3d10.4s2.4p6.4d10.4f14.5s2.5p6.5d6,5d,5,2,6,2.5,d,0,32,57.74816552097457,5,0,0,68,0,0,0,5,0,0,0,0,0,0,0,16,10,14,0,0,0,0,0,0,0,28,-2.2222222222222223,0.9999979066447283,0.0
105,73,1s2.2s2.2p6.3s2.3p6.3d10.4s2.4p6.4d10.4f14.5s2.5p6.5d5,5d,5,2,5,2.5,d,0,33,56.939981578454784,4,0,0,68,0,0,0,4,0,0,0,0,0,0,0,16,10,14,0,0,0,0,0,0,0,28,2.2222222222222223,0.9999979066447283,0.0
105,72,1s2.2s2.2p6.3s2.3p6.3d10.4s2.4p6.4d10.4f14.5s2.5p6.5d4,5d,5,2,4,1.5,d,0,34,56.35018267060813,3,0,0,68,0,0,0,3,0,0,0,0,0,0,0,16,10,14,0,0,0,0,0,0,0,28,1.6666666666666667,0.9999979066447283,0.0
105,71,1s2.2s2.2p6.3s2.3p6.3d10.4s2.4p6.4d10.4f14.5s2.5p6.5d3,5d,5,2,3,1.5,d,0,35,55.72325445791909,2,0,0,68,0,0,0,2,0,0,0,0,0,0,0,16,10,14,0,0,0,0,0,0,0,28,1.1111111111111112,0.9999979066447283,0.0
105,70,1s2.2s2.2p6.3s2.3p6.3d10.4s2.4p6.4d10.4f14.5s2.5p6.5d2,5d,5,2,2,1.5,d,0,36,55.09632624522511,1,0,0,68,0,0,0,1,0,0,0,0,0,0,0,16,10,14,0,0,0,0,0,0,0,28,0.5555555555555556,0.9999979066447283,0.0
105,69,1s2.2s2.2p6.3s2.3p6.3d10.4s2.4p6.4d10.4f14.5s2.5p6.5d1,5d,5,2,1,1.5,d,0,37,54.50652733738305,0,0,0,68,0,0,0,0,0,0,0,0,0,0,0,16,10,14,0,0,0,0,0,0,0,28,0.0,0.9999979066447283,0.0
105,46,1s2.2s2.2p6.3s2.3p6.3d10.4s2.4p6.4d10,4d,4,2,10,2.5,d,0,60,35.18427854681272,9,0,0,36,0,0,0,9,0,0,0,0,0,0,0,16,10,0,0,0,0,0,0,0,0,10,0.0,0.9999979066447283,0.0
105,45,1s2.2s2.2p6.3s2.3p6.3d10.4s2.4p6.4d9,4d,4,2,9,2.5,d,0,61,34.56268954011648,8,0,0,36,0,0,0,8,0,0,0,0,0,0,0,16,10,0,0,0,0,0,0,0,0,10,-0.5555555555555554,0.9999979066447283,0.0
105,44,1s2.2s2.2p6.3s2.3p6.3d10.4s2.4p6.4d8,4d,4,2,8,2.5,d,0,62,33.90183225775024,7,0,0,36,0,0,0,7,0,0,0,0,0,0,0,16,10,0,0,0,0,0,0,0,0,10,-1.1111111111111112,0.9999979066447283,0.0
105,43,1s2.2s2.2p6.3s2.3p6.3d10.4s2.4p6.4d7,4d,4,2,7,2.5,d,0,63,33.24097497538423,6,0,0,36,0,0,0,6,0,0,0,0,0,0,0,16,10,0,0,0,0,0,0,0,0,10,-1.6666666666666665,0.9999979066447283,0.0
105,42,1s2.2s2.2p6.3s2.3p6.3d10.4s2.4p6.4d6,4d,4,2,6,2.5,d,0,64,32.619385968687766,5,0,0,36,0,0,0,5,0,0,0,0,0,0,0,16,10,0,0,0,0,0,0,0,0,10,-2.2222222222222223,0.9999979066447283,0.0
105,41,1s2.2s2.2p6.3s2.3p6.3d10.4s2.4p6.4d5,4d,4,2,5,2.5,d,0,65,31.77042966985971,4,0,0,36,0,0,0,4,0,0,0,0,0,0,0,16,10,0,0,0,0,0,0,0,0,10,2.2222222222222223,0.9999979066447283,0.0
105,40,1s2.2s2.2p6.3s2.3p6.3d10.4s2.4p6.4d4,4d,4,2,4,1.5,d,0,66,31.14884066316324,3,0,0,36,0,0,0,3,0,0,0,0,0,0,0,16,10,0,0,0,0,0,0,0,0,10,1.6666666666666667,0.9999979066447283,0.0
105,39,1s2.2s2.2p6.3s2.3p6.3d10.4s2.4p6.4d3,4d,4,2,3,1.5,d,0,67,30.487983380797118,2,0,0,36,0,0,0,2,0,0,0,0,0,0,0,16,10,0,0,0,0,0,0,0,0,10,1.1111111111111112,0.9999979066447283,0.0
105,38,1s2.2s2.2p6.3s2.3p6.3d10.4s2.4p6.4d2,4d,4,2,2,1.5,d,0,68,29.82712609843111,1,0,0,36,0,0,0,1,0,0,0,0,0,0,0,16,10,0,0,0,0,0,0,0,0,10,0.5555555555555556,0.9999979066447283,0.0
105,37,1s2.2s2.2p6.3s2.3p6.3d10.4s2.4p6.4d1,4d,4,2,1,1.5,d,0,69,29.20553709173464,0,0,0,36,0,0,0,0,0,0,0,0,0,0,0,16,10,0,0,0,0,0,0,0,0,10,0.0,0.9999979066447283,0.0
105,36,1s2.2s2.2p6.3s2.3p6.3d10.4s2.4p6,4p,4,1,6,1.5,p3,0,70,26.676544772007787,5,20,10,0,0,0,5,0,0,2,8,10,0,8,0,0,0,0,0,0,0,0,0,0,2,0,0.0,0.9999979066447283,0.0
105,35,1s2.2s2.2p6.3s2.3p6.3d10.4s2.4p5,4p,4,1,5,1.5,p3,0,71,26.117340670445287,4,20,10,0,0,0,4,0,0,2,8,10,0,8,0,0,0,0,0,0,0,0,0,0,2,0,-0.6000000000000001,0.9999979066447283,0.0
105,34,1s2.2s2.2p6.3s2.3p6.3d10.4s2.4p4,4p,4,1,4,1.5,p3,0,72,25.558136568882787,3,20,10,0,0,0,3,0,0,2,8,10,0,8,0,0,0,0,0,0,0,0,0,0,2,0,-1.2,0.9999979066447283,0.0
105,33,1s2.2s2.2p6.3s2.3p6.3d10.4s2.4p3,4p,4,1,3,1.5,p3,0,73,24.807678805211026,2,20,10,0,0,0,2,0,0,2,8,10,0,8,0,0,0,0,0,0,0,0,0,0,2,0,1.2,0.9999979066447283,0.0
105,32,1s2.2s2.2p6.3s2.3p6.3d10.4s2.4p2,4p,4,1,2,0.5,p1,0,74,24.24270156046225,1,20,10,0,0,0,1,0,0,2,8,10,0,8,0,0,0,0,0,0,0,0,0,0,2,0,0.6,0.9999979066447283,0.0
105,31,1s2.2s2.2p6.3s2.3p6.3d10.4s2.4p1,4p,4,1,1,0.5,p1,0,75,23.681451647104154,0,20,10,0,0,0,0,0,0,2,8,10,0,8,0,0,0,0,0,0,0,0,0,0,2,0,0.0,0.9999979066447283,0.0
105,30,1s2.2s2.2p6.3s2.3p6.3d10.4s2,4s,4,0,2,0.5,s,0,76,22.126593730819764,1,18,10,0,0,1,0,0,0,0,8,10,0,8,0,0,0,0,0,0,0,0,0,0,2,0,0.0,0.9999979066447283,0.0
105,29,1s2.2s2.2p6.3s2.3p6.3d10.4s1,4s,4,0,1,0.5,s,0,77,21.554071296483926,0,18,10,0,0,0,0,0,0,0,8,10,0,8,0,0,0,0,0,0,0,0,0,0,2,0,0.0,0.9999979066447283,0.0
105,28,1s2.2s2.2p6.3s2.3p6.3d10,3d,3,2,10,2.5,d,0,78,21.379455336979806,9,0,0,18,0,0,0,9,0,0,0,0,0,0,0,16,0,0,0,0,0,0,0,0,0,2,0.0,0.9999979066447283,0.0
105,27,1s2.2s2.2p6.3s2.3p6.3d9,3d,3,2,9,2.5,d,0,79,20.677223194122995,8,0,0,18,0,0,0,8,0,0,0,0,0,0,0,16,0,0,0,0,0,0,0,0,0,2,-0.5555555555555554,0.9999979066447283,0.0
105,26,1s2.2s2.2p6.3s2.3p6.3d8,3d,3,2,8,2.5,d,0,80,19.92856167011884,7,0,0,18,0,0,0,7,0,0,0,0,0,0,0,16,0,0,0,0,0,0,0,0,0,2,-1.1111111111111112,0.9999979066447283,0.0
105,25,1s2.2s2.2p6.3s2.3p6.3d7,3d,3,2,7,2.5,d,0,81,19.180019458485546,6,0,0,18,0,0,0,6,0,0,0,0,0,0,0,16,0,0,0,0,0,0,0,0,0,2,-1.6666666666666665,0.9999979066447283,0.0
105,24,1s2.2s2.2p6.3s2.3p6.3d6,3d,3,2,6,2.5,d,0,82,18.477999944610033,5,0,0,18,0,0,0,5,0,0,0,0,0,0,0,16,0,0,0,0,0,0,0,0,0,2,-2.2222222222222223,0.9999979066447283,0.0
105,23,1s2.2s2.2p6.3s2.3p6.3d5,3d,3,2,5,2.5,d,0,83,17.516342790782076,4,0,0,18,0,0,0,4,0,0,0,0,0,0,0,16,0,0,0,0,0,0,0,0,0,2,2.2222222222222223,0.9999979066447283,0.0
105,22,1s2.2s2.2p6.3s2.3p6.3d4,3d,3,2,4,1.5,d,0,84,16.81369270190474,3,0,0,18,0,0,0,3,0,0,0,0,0,0,0,16,0,0,0,0,0,0,0,0,0,2,1.6666666666666667,0.9999979066447283,0.0
105,21,1s2.2s2.2p6.3s2.3p6.3d3,3d,3,2,3,1.5,d,0,85,16.06581898178117,2,0,0,18,0,0,0,2,0,0,0,0,0,0,0,16,0,0,0,0,0,0,0,0,0,2,1.1111111111111112,0.9999979066447283,0.0
105,20,1s2.2s2.2p6.3s2.3p6.3d2,3d,3,2,2,1.5,d,0,86,15.318236242385085,1,0,0,18,0,0,0,1,0,0,0,0,0,0,0,16,0,0,0,0,0,0,0,0,0,2,0.5555555555555556,0.9999979066447283,0.0
105,19,1s2.2s2.2p6.3s2.3p6.3d1,3d,3,2,1,1.5,d,0,87,14.615753461451872,0,0,0,18,0,0,0,0,0,0,0,0,0,0,0,16,0,0,0,0,0,0,0,0,0,2,0.0,0.9999979066447283,0.0
105,18,1s2.2s2.2p6.3s2.3p6,3p,3,1,6,1.5,p3,0,88,12.667818264554036,5,10,2,0,0,0,5,0,0,2,8,0,0,2,0,0,0,0,0,0,0,0,0,0,0,0,0.0,0.9999979066447283,0.0
105,17,1s2.2s2.2p6.3s2.3p5,3p,3,1,5,1.5,p3,0,89,12.08347223011717,4,10,2,0,0,0,4,0,0,2,8,0,0,2,0,0,0,0,0,0,0,0,0,0,0,0,-0.6000000000000001,0.9999979066447283,0.0
105,16,1s2.2s2.2p6.3s2.3p4,3p,3,1,4,1.5,p3,0,90,11.49928244974415,3,10,2,0,0,0,3,0,0,2,8,0,0,2,0,0,0,0,0,0,0,0,0,0,0,0,-1.2,0.9999979066447283,0.0
105,15,1s2.2s2.2p6.3s2.3p3,3p,3,1,3,1.5,p3,0,91,10.730818199117742,2,10,2,0,0,0,2,0,0,2,8,0,0,2,0,0,0,0,0,0,0,0,0,0,0,0,1.2,0.9999979066447283,0.0
105,14,1s2.2s2.2p6.3s2.3p2,3p,3,1,2,0.5,p1,0,92,10.145247180423096,1,10,2,0,0,0,1,0,0,2,8,0,0,2,0,0,0,0,0,0,0,0,0,0,0,0,0.6,0.9999979066447283,0.0
105,13,1s2.2s2.2p6.3s2.3p1,3p,3,1,1,0.5,p1,0,93,9.559774441642945,0,10,2,0,0,0,0,0,0,2,8,0,0,2,0,0,0,0,0,0,0,0,0,0,0,0,0.0,0.9999979066447283,0.0
105,12,1s2.2s2.2p6.3s2,3s,3,0,2,0.5,s,0,94,8.35113401342552,1,8,2,0,0,1,0,0,0,0,8,0,0,2,0,0,0,0,0,0,0,0,0,0,0,0,0.0,0.9999979066447283,0.0
105,11,1s2.2s2.2p6.3s1,3s,3,0,1,0.5,s,0,95,7.7856408855844075,0,8,2,0,0,0,0,0,0,0,8,0,0,2,0,0,0,0,0,0,0,0,0,0,0,0,0.0,0.9999979066447283,0.0
105,10,1s2.2s2.2p6,2p,2,1,6,1.5,p3,0,96,6.545979557232126,5,4,0,0,0,0,5,0,0,2,2,0,0,0,0,0,0,0,0,0,0,0,0,0,0,0,0.0,0.9999979066447283,0.0
105,9,1s2.2s2.2p5,2p,2,1,5,1.5,p3,0,97,5.88972955723213,4,4,0,0,0,0,4,0,0,2,2,0,0,0,0,0,0,0,0,0,0,0,0,0,0,0,-0.6000000000000001,0.9999979066447283,0.0
105,8,1s2.2s2.2p4,2p,2,1,4,1.5,p3,0,98,5.233479557232133,3,4,0,0,0,0,3,0,0,2,2,0,0,0,0,0,0,0,0,0,0,0,0,0,0,0,-1.2,0.9999979066447283,0.0
105,7,1s2.2s2.2p3,2p,2,1,3,1.5,p3,0,99,4.378670782625834,2,4,0,0,0,0,2,0,0,2,2,0,0,0,0,0,0,0,0,0,0,0,0,0,0,0,1.2,0.9999979066447283,0.0
105,6,1s2.2s2.2p2,2p,2,1,2,0.5,p1,0,100,3.7253535771907345,1,4,0,0,0,0,1,0,0,2,2,0,0,0,0,0,0,0,0,0,0,0,0,0,0,0,0.6,0.9999979066447283,0.0
105,5,1s2.2s2.2p1,2p,2,1,1,0.5,p1,0,101,3.0730091792350134,0,4,0,0,0,0,0,0,0,2,2,0,0,0,0,0,0,0,0,0,0,0,0,0,0,0,0.0,0.9999979066447283,0.0
105,4,1s2.2s2,2s,2,0,2,0.5,s,0,102,2.145875983124917,1,2,0,0,0,1,0,0,0,0,2,0,0,0,0,0,0,0,0,0,0,0,0,0,0,0,0.0,0.9999979066447283,252.40311298975078
105,2,1s2,1s,1,0,2,0.5,s,0,104,0.625,1,0,0,0,0,1,0,0,0,0,0,0,0,0,0,0,0,0,0,0,0,0,0,0,0,0,0.0,0.9999979066447283,1187.3517654595553
105,1,1s1,1s,1,0,1,0.5,s,0,105,0.0,0,0,0,0,0,0,0,0,0,0,0,0,0,0,0,0,0,0,0,0,0,0,0,0,0,0,0.0,0.9999979066447283,1187.3517654595553
106,106,1s2.2s2.2p6.3s2.3p6.3d10.4s2.4p6.4d10.4f14.5s2.5p6.5d10.5f14.6s2.6p6.6d4.7s2,6d,6,2,4,1.5,d,0,1,82.40477471569861,3,0,0,100,2,0,0,3,0,0,0,0,0,0,0,16,10,14,0,0,0,0,2,0,0,60,1.6666666666666667,0.9999979381740882,0.0
106,105,1s2.2s2.2p6.3s2.3p6.3d10.4s2.4p6.4d10.4f14.5s2.5p6.5d10.5f14.6s2.6p6.6d3.7s2,7s,7,0,2,0.5,s,0,2,81.84206692520755,1,11,92,0,0,1,0,0,0,0,8,3,0,8,24,0,0,0,0,0,0,0,0,0,60,0,0.0,0.9999979381740882,0.0
106,104,1s2.2s2.2p6.3s2.3p6.3d10.4s2.4p6.4d10.4f14.5s2.5p6.5d10.5f14.6s2.6p6.6d3.7s1,7s,7,0,1,0.5,s,0,3,81.20496104922047,0,11,92,0,0,0,0,0,0,0,8,3,0,8,24,0,0,0,0,0,0,0,0,0,60,0,0.0,0.9999979381740882,0.0
106,103,1s2.2s2.2p6.3s2.3p6.3d10.4s2.4p6.4d10.4f14.5s2.5p6.5d10.5f14.6s2.6p6.6d3,6d,6,2,3,1.5,d,0,4,80.80608860126338,2,0,0,100,0,0,0,2,0,0,0,0,0,0,0,16,10,14,0,0,0,0,0,0,0,60,1.1111111111111112,0.9999979381740882,0.0
106,102,1s2.2s2.2p6.3s2.3p6.3d10.4s2.4p6.4d10.4f14.5s2.5p6.5d10.5f14.6s2.6p6.6d2,6d,6,2,2,1.5,d,0,5,80.19627693909138,1,0,0,100,0,0,0,1,0,0,0,0,0,0,0,16,10,14,0,0,0,0,0,0,0,60,0.5555555555555556,0.9999979381740882,0.0
106,101,1s2.2s2.2p6.3s2.3p6.3d10.4s2.4p6.4d10.4f14.5s2.5p6.5d10.5f14.6s2.6p6.6d1,6d,6,2,1,1.5,d,0,6,79.62274196190309,0,0,0,100,0,0,0,0,0,0,0,0,0,0,0,16,10,14,0,0,0,0,0,0,0,60,0.0,0.9999979381740882,0.0
106,100,1s2.2s2.2p6.3s2.3p6.3d10.4s2.4p6.4d10.4f14.5s2.5p6.5d10.5f14.6s2.6p6,5f,5,3,14,3.5,f,0,7,77.52027145992278,13,0,0,78,8,0,0,0,13,0,0,0,0,0,0,0,0,0,36,14,0,0,0,8,0,28,0.0,0.9999979381740882,0.0
106,99,1s2.2s2.2p6.3s2.3p6.3d10.4s2.4p6.4d10.4f14.5s2.5p6.5d10.5f13.6s2.6p6,5f,5,3,13,3.5,f,0,8,76.86253825278534,12,0,0,78,8,0,0,0,12,0,0,0,0,0,0,0,0,0,36,14,0,0,0,8,0,28,-0.5384615384615383,0.9999979381740882,0.0
106,98,1s2.2s2.2p6.3s2.3p6.3d10.4s2.4p6.4d10.4f14.5s2.5p6.5d10.5f12.6s2.6p6,5f,5,3,12,3.5,f,0,9,76.19058398634559,11,0,0,78,8,0,0,0,11,0,0,0,0,0,0,0,0,0,36,14,0,0,0,8,0,28,-1.0769230769230766,0.9999979381740882,0.0
106,97,1s2.2s2.2p6.3s2.3p6.3d10.4s2.4p6.4d10.4f14.5s2.5p6.5d10.5f11.6s2.6p6,5f,5,3,11,3.5,f,0,10,75.48307707167315,10,0,0,78,8,0,0,0,10,0,0,0,0,0,0,0,0,0,36,14,0,0,0,8,0,28,-1.615384615384615,0.9999979381740882,0.0
106,96,1s2.2s2.2p6.3s2.3p6.3d10.4s2.4p6.4d10.4f14.5s2.5p6.5d10.5f10.6s2.6p6,5f,5,3,10,3.5,f,0,11,74.77557015699401,9,0,0,78,8,0,0,0,9,0,0,0,0,0,0,0,0,0,36,14,0,0,0,8,0,28,-2.153846153846154,0.9999979381740882,0.0
106,95,1s2.2s2.2p6.3s2.3p6.3d10.4s2.4p6.4d10.4f14.5s2.5p6.5d10.5f9.6s2.6p6,5f,5,3,9,3.5,f,0,12,74.10361589056096,8,0,0,78,8,0,0,0,8,0,0,0,0,0,0,0,0,0,36,14,0,0,0,8,0,28,-2.6923076923076925,0.9999979381740882,0.0
106,94,1s2.2s2.2p6.3s2.3p6.3d10.4s2.4p6.4d10.4f14.5s2.5p6.5d10.5f8.6s2.6p6,5f,5,3,8,3.5,f,0,13,73.44588268341612,7,0,0,78,8,0,0,0,7,0,0,0,0,0,0,0,0,0,36,14,0,0,0,8,0,28,-3.230769230769231,0.9999979381740882,0.0
106,93,1s2.2s2.2p6.3s2.3p6.3d10.4s2.4p6.4d10.4f14.5s2.5p6.5d10.5f7.6s2.6p6,5f,5,3,7,3.5,f,0,14,72.54790131222121,6,0,0,78,8,0,0,0,6,0,0,0,0,0,0,0,0,0,36,14,0,0,0,8,0,28,3.230769230769231,0.9999979381740882,0.0
106,92,1s2.2s2.2p6.3s2.3p6.3d10.4s2.4p6.4d10.4f14.5s2.5p6.5d10.5f6.6s2.6p6,5f,5,3,6,2.5,f,0,15,71.89016810507714,5,0,0,78,8,0,0,0,5,0,0,0,0,0,0,0,0,0,36,14,0,0,0,8,0,28,2.6923076923076925,0.9999979381740882,0.0
106,91,1s2.2s2.2p6.3s2.3p6.3d10.4s2.4p6.4d10.4f14.5s2.5p6.5d10.5f5.6s2.6p6,6p,6,1,6,1.5,p3,0,16,69.678910452758,5,25,60,0,0,0,5,0,0,2,8,10,5,8,24,0,0,0,0,0,0,0,0,0,28,0,0.0,0.9999979381740882,0.0
106,78,1s2.2s2.2p6.3s2.3p6.3d10.4s2.4p6.4d10.4f14.5s2.5p6.5d10,5d,5,2,10,2.5,d,0,29,60.18161976204584,9,0,0,68,0,0,0,9,0,0,0,0,0,0,0,16,10,14,0,0,0,0,0,0,0,28,0.0,0.9999979381740882,0.0
106,77,1s2.2s2.2p6.3s2.3p6.3d10.4s2.4p6.4d10.4f14.5s2.5p6.5d9,5d,5,2,9,2.5,d,0,30,59.591820854204364,8,0,0,68,0,0,0,8,0,0,0,0,0,0,0,16,10,14,0,0,0,0,0,0,0,28,-0.5555555555555554,0.9999979381740882,0.0
106,76,1s2.2s2.2p6.3s2.3p6.3d10.4s2.4p6.4d10.4f14.5s2.5p6.5d8,5d,5,2,8,2.5,d,0,31,58.964892641510204,7,0,0,68,0,0,0,7,0,0,0,0,0,0,0,16,10,14,0,0,0,0,0,0,0,28,-1.1111111111111112,0.9999979381740882,0.0
106,75,1s2.2s2.2p6.3s2.3p6.3d10.4s2.4p6.4d10.4f14.5s2.5p6.5d7,5d,5,2,7,2.5,d,0,32,58.33796442882129,6,0,0,68,0,0,0,6,0,0,0,0,0,0,0,16,10,14,0,0,0,0,0,0,0,28,-1.6666666666666665,0.9999979381740882,0.0
106,74,1s2.2s2.2p6.3s2.3p6.3d10.4s2.4p6.4d10.4f14.5s2.5p6.5d6,5d,5,2,6,2.5,d,0,33,57.74816552097457,5,0,0,68,0,0,0,5,0,0,0,0,0,0,0,16,10,14,0,0,0,0,0,0,0,28,-2.2222222222222223,0.9999979381740882,0.0
106,73,1s2.2s2.2p6.3s2.3p6.3d10.4s2.4p6.4d10.4f14.5s2.5p6.5d5,5d,5,2,5,2.5,d,0,34,56.939981578454784,4,0,0,68,0,0,0,4,0,0,0,0,0,0,0,16,10,14,0,0,0,0,0,0,0,28,2.2222222222222223,0.9999979381740882,0.0
106,72,1s2.2s2.2p6.3s2.3p6.3d10.4s2.4p6.4d10.4f14.5s2.5p6.5d4,5d,5,2,4,1.5,d,0,35,56.35018267060813,3,0,0,68,0,0,0,3,0,0,0,0,0,0,0,16,10,14,0,0,0,0,0,0,0,28,1.6666666666666667,0.9999979381740882,0.0
106,71,1s2.2s2.2p6.3s2.3p6.3d10.4s2.4p6.4d10.4f14.5s2.5p6.5d3,5d,5,2,3,1.5,d,0,36,55.72325445791909,2,0,0,68,0,0,0,2,0,0,0,0,0,0,0,16,10,14,0,0,0,0,0,0,0,28,1.1111111111111112,0.9999979381740882,0.0
106,70,1s2.2s2.2p6.3s2.3p6.3d10.4s2.4p6.4d10.4f14.5s2.5p6.5d2,5d,5,2,2,1.5,d,0,37,55.09632624522511,1,0,0,68,0,0,0,1,0,0,0,0,0,0,0,16,10,14,0,0,0,0,0,0,0,28,0.5555555555555556,0.9999979381740882,0.0
106,69,1s2.2s2.2p6.3s2.3p6.3d10.4s2.4p6.4d10.4f14.5s2.5p6.5d1,5d,5,2,1,1.5,d,0,38,54.50652733738305,0,0,0,68,0,0,0,0,0,0,0,0,0,0,0,16,10,14,0,0,0,0,0,0,0,28,0.0,0.9999979381740882,0.0
106,46,1s2.2s2.2p6.3s2.3p6.3d10.4s2.4p6.4d10,4d,4,2,10,2.5,d,0,61,35.18427854681272,9,0,0,36,0,0,0,9,0,0,0,0,0,0,0,16,10,0,0,0,0,0,0,0,0,10,0.0,0.9999979381740882,0.0
106,45,1s2.2s2.2p6.3s2.3p6.3d10.4s2.4p6.4d9,4d,4,2,9,2.5,d,0,62,34.56268954011648,8,0,0,36,0,0,0,8,0,0,0,0,0,0,0,16,10,0,0,0,0,0,0,0,0,10,-0.5555555555555554,0.9999979381740882,0.0
106,44,1s2.2s2.2p6.3s2.3p6.3d10.4s2.4p6.4d8,4d,4,2,8,2.5,d,0,63,33.90183225775024,7,0,0,36,0,0,0,7,0,0,0,0,0,0,0,16,10,0,0,0,0,0,0,0,0,10,-1.1111111111111112,0.9999979381740882,0.0
106,43,1s2.2s2.2p6.3s2.3p6.3d10.4s2.4p6.4d7,4d,4,2,7,2.5,d,0,64,33.24097497538423,6,0,0,36,0,0,0,6,0,0,0,0,0,0,0,16,10,0,0,0,0,0,0,0,0,10,-1.6666666666666665,0.9999979381740882,0.0
106,42,1s2.2s2.2p6.3s2.3p6.3d10.4s2.4p6.4d6,4d,4,2,6,2.5,d,0,65,32.619385968687766,5,0,0,36,0,0,0,5,0,0,0,0,0,0,0,16,10,0,0,0,0,0,0,0,0,10,-2.2222222222222223,0.9999979381740882,0.0
106,41,1s2.2s2.2p6.3s2.3p6.3d10.4s2.4p6.4d5,4d,4,2,5,2.5,d,0,66,31.77042966985971,4,0,0,36,0,0,0,4,0,0,0,0,0,0,0,16,10,0,0,0,0,0,0,0,0,10,2.2222222222222223,0.9999979381740882,0.0
106,40,1s2.2s2.2p6.3s2.3p6.3d10.4s2.4p6.4d4,4d,4,2,4,1.5,d,0,67,31.14884066316324,3,0,0,36,0,0,0,3,0,0,0,0,0,0,0,16,10,0,0,0,0,0,0,0,0,10,1.6666666666666667,0.9999979381740882,0.0
106,39,1s2.2s2.2p6.3s2.3p6.3d10.4s2.4p6.4d3,4d,4,2,3,1.5,d,0,68,30.487983380797118,2,0,0,36,0,0,0,2,0,0,0,0,0,0,0,16,10,0,0,0,0,0,0,0,0,10,1.1111111111111112,0.9999979381740882,0.0
106,38,1s2.2s2.2p6.3s2.3p6.3d10.4s2.4p6.4d2,4d,4,2,2,1.5,d,0,69,29.82712609843111,1,0,0,36,0,0,0,1,0,0,0,0,0,0,0,16,10,0,0,0,0,0,0,0,0,10,0.5555555555555556,0.9999979381740882,0.0
106,37,1s2.2s2.2p6.3s2.3p6.3d10.4s2.4p6.4d1,4d,4,2,1,1.5,d,0,70,29.20553709173464,0,0,0,36,0,0,0,0,0,0,0,0,0,0,0,16,10,0,0,0,0,0,0,0,0,10,0.0,0.9999979381740882,0.0
106,36,1s2.2s2.2p6.3s2.3p6.3d10.4s2.4p6,4p,4,1,6,1.5,p3,0,71,26.676544772007787,5,20,10,0,0,0,5,0,0,2,8,10,0,8,0,0,0,0,0,0,0,0,0,0,2,0,0.0,0.9999979381740882,0.0
106,35,1s2.2s2.2p6.3s2.3p6.3d10.4s2.4p5,4p,4,1,5,1.5,p3,0,72,26.117340670445287,4,20,10,0,0,0,4,0,0,2,8,10,0,8,0,0,0,0,0,0,0,0,0,0,2,0,-0.6000000000000001,0.9999979381740882,0.0
106,34,1s2.2s2.2p6.3s2.3p6.3d10.4s2.4p4,4p,4,1,4,1.5,p3,0,73,25.558136568882787,3,20,10,0,0,0,3,0,0,2,8,10,0,8,0,0,0,0,0,0,0,0,0,0,2,0,-1.2,0.9999979381740882,0.0
106,33,1s2.2s2.2p6.3s2.3p6.3d10.4s2.4p3,4p,4,1,3,1.5,p3,0,74,24.807678805211026,2,20,10,0,0,0,2,0,0,2,8,10,0,8,0,0,0,0,0,0,0,0,0,0,2,0,1.2,0.9999979381740882,0.0
106,32,1s2.2s2.2p6.3s2.3p6.3d10.4s2.4p2,4p,4,1,2,0.5,p1,0,75,24.24270156046225,1,20,10,0,0,0,1,0,0,2,8,10,0,8,0,0,0,0,0,0,0,0,0,0,2,0,0.6,0.9999979381740882,0.0
106,31,1s2.2s2.2p6.3s2.3p6.3d10.4s2.4p1,4p,4,1,1,0.5,p1,0,76,23.681451647104154,0,20,10,0,0,0,0,0,0,2,8,10,0,8,0,0,0,0,0,0,0,0,0,0,2,0,0.0,0.9999979381740882,0.0
106,30,1s2.2s2.2p6.3s2.3p6.3d10.4s2,4s,4,0,2,0.5,s,0,77,22.126593730819764,1,18,10,0,0,1,0,0,0,0,8,10,0,8,0,0,0,0,0,0,0,0,0,0,2,0,0.0,0.9999979381740882,0.0
106,29,1s2.2s2.2p6.3s2.3p6.3d10.4s1,4s,4,0,1,0.5,s,0,78,21.554071296483926,0,18,10,0,0,0,0,0,0,0,8,10,0,8,0,0,0,0,0,0,0,0,0,0,2,0,0.0,0.9999979381740882,0.0
106,28,1s2.2s2.2p6.3s2.3p6.3d10,3d,3,2,10,2.5,d,0,79,21.379455336979806,9,0,0,18,0,0,0,9,0,0,0,0,0,0,0,16,0,0,0,0,0,0,0,0,0,2,0.0,0.9999979381740882,0.0
106,27,1s2.2s2.2p6.3s2.3p6.3d9,3d,3,2,9,2.5,d,0,80,20.677223194122995,8,0,0,18,0,0,0,8,0,0,0,0,0,0,0,16,0,0,0,0,0,0,0,0,0,2,-0.5555555555555554,0.9999979381740882,0.0
106,26,1s2.2s2.2p6.3s2.3p6.3d8,3d,3,2,8,2.5,d,0,81,19.92856167011884,7,0,0,18,0,0,0,7,0,0,0,0,0,0,0,16,0,0,0,0,0,0,0,0,0,2,-1.1111111111111112,0.9999979381740882,0.0
106,25,1s2.2s2.2p6.3s2.3p6.3d7,3d,3,2,7,2.5,d,0,82,19.180019458485546,6,0,0,18,0,0,0,6,0,0,0,0,0,0,0,16,0,0,0,0,0,0,0,0,0,2,-1.6666666666666665,0.9999979381740882,0.0
106,24,1s2.2s2.2p6.3s2.3p6.3d6,3d,3,2,6,2.5,d,0,83,18.477999944610033,5,0,0,18,0,0,0,5,0,0,0,0,0,0,0,16,0,0,0,0,0,0,0,0,0,2,-2.2222222222222223,0.9999979381740882,0.0
106,23,1s2.2s2.2p6.3s2.3p6.3d5,3d,3,2,5,2.5,d,0,84,17.516342790782076,4,0,0,18,0,0,0,4,0,0,0,0,0,0,0,16,0,0,0,0,0,0,0,0,0,2,2.2222222222222223,0.9999979381740882,0.0
106,22,1s2.2s2.2p6.3s2.3p6.3d4,3d,3,2,4,1.5,d,0,85,16.81369270190474,3,0,0,18,0,0,0,3,0,0,0,0,0,0,0,16,0,0,0,0,0,0,0,0,0,2,1.6666666666666667,0.9999979381740882,0.0
106,21,1s2.2s2.2p6.3s2.3p6.3d3,3d,3,2,3,1.5,d,0,86,16.06581898178117,2,0,0,18,0,0,0,2,0,0,0,0,0,0,0,16,0,0,0,0,0,0,0,0,0,2,1.1111111111111112,0.9999979381740882,0.0
106,20,1s2.2s2.2p6.3s2.3p6.3d2,3d,3,2,2,1.5,d,0,87,15.318236242385085,1,0,0,18,0,0,0,1,0,0,0,0,0,0,0,16,0,0,0,0,0,0,0,0,0,2,0.5555555555555556,0.9999979381740882,0.0
106,19,1s2.2s2.2p6.3s2.3p6.3d1,3d,3,2,1,1.5,d,0,88,14.615753461451872,0,0,0,18,0,0,0,0,0,0,0,0,0,0,0,16,0,0,0,0,0,0,0,0,0,2,0.0,0.9999979381740882,0.0
106,18,1s2.2s2.2p6.3s2.3p6,3p,3,1,6,1.5,p3,0,89,12.667818264554036,5,10,2,0,0,0,5,0,0,2,8,0,0,2,0,0,0,0,0,0,0,0,0,0,0,0,0.0,0.9999979381740882,0.0
106,17,1s2.2s2.2p6.3s2.3p5,3p,3,1,5,1.5,p3,0,90,12.08347223011717,4,10,2,0,0,0,4,0,0,2,8,0,0,2,0,0,0,0,0,0,0,0,0,0,0,0,-0.6000000000000001,0.9999979381740882,0.0
106,16,1s2.2s2.2p6.3s2.3p4,3p,3,1,4,1.5,p3,0,91,11.49928244974415,3,10,2,0,0,0,3,0,0,2,8,0,0,2,0,0,0,0,0,0,0,0,0,0,0,0,-1.2,0.9999979381740882,0.0
106,15,1s2.2s2.2p6.3s2.3p3,3p,3,1,3,1.5,p3,0,92,10.730818199117742,2,10,2,0,0,0,2,0,0,2,8,0,0,2,0,0,0,0,0,0,0,0,0,0,0,0,1.2,0.9999979381740882,0.0
106,14,1s2.2s2.2p6.3s2.3p2,3p,3,1,2,0.5,p1,0,93,10.145247180423096,1,10,2,0,0,0,1,0,0,2,8,0,0,2,0,0,0,0,0,0,0,0,0,0,0,0,0.6,0.9999979381740882,0.0
106,13,1s2.2s2.2p6.3s2.3p1,3p,3,1,1,0.5,p1,0,94,9.559774441642945,0,10,2,0,0,0,0,0,0,2,8,0,0,2,0,0,0,0,0,0,0,0,0,0,0,0,0.0,0.9999979381740882,0.0
106,12,1s2.2s2.2p6.3s2,3s,3,0,2,0.5,s,0,95,8.35113401342552,1,8,2,0,0,1,0,0,0,0,8,0,0,2,0,0,0,0,0,0,0,0,0,0,0,0,0.0,0.9999979381740882,0.0
106,11,1s2.2s2.2p6.3s1,3s,3,0,1,0.5,s,0,96,7.7856408855844075,0,8,2,0,0,0,0,0,0,0,8,0,0,2,0,0,0,0,0,0,0,0,0,0,0,0,0.0,0.9999979381740882,0.0
106,10,1s2.2s2.2p6,2p,2,1,6,1.5,p3,0,97,6.545979557232126,5,4,0,0,0,0,5,0,0,2,2,0,0,0,0,0,0,0,0,0,0,0,0,0,0,0,0.0,0.9999979381740882,0.0
106,9,1s2.2s2.2p5,2p,2,1,5,1.5,p3,0,98,5.88972955723213,4,4,0,0,0,0,4,0,0,2,2,0,0,0,0,0,0,0,0,0,0,0,0,0,0,0,-0.6000000000000001,0.9999979381740882,0.0
106,8,1s2.2s2.2p4,2p,2,1,4,1.5,p3,0,99,5.233479557232133,3,4,0,0,0,0,3,0,0,2,2,0,0,0,0,0,0,0,0,0,0,0,0,0,0,0,-1.2,0.9999979381740882,0.0
106,7,1s2.2s2.2p3,2p,2,1,3,1.5,p3,0,100,4.378670782625834,2,4,0,0,0,0,2,0,0,2,2,0,0,0,0,0,0,0,0,0,0,0,0,0,0,0,1.2,0.9999979381740882,0.0
106,6,1s2.2s2.2p2,2p,2,1,2,0.5,p1,0,101,3.7253535771907345,1,4,0,0,0,0,1,0,0,2,2,0,0,0,0,0,0,0,0,0,0,0,0,0,0,0,0.6,0.9999979381740882,0.0
106,5,1s2.2s2.2p1,2p,2,1,1,0.5,p1,0,102,3.0730091792350134,0,4,0,0,0,0,0,0,0,2,2,0,0,0,0,0,0,0,0,0,0,0,0,0,0,0,0.0,0.9999979381740882,0.0
106,4,1s2.2s2,2s,2,0,2,0.5,s,0,103,2.145875983124917,1,2,0,0,0,1,0,0,0,0,2,0,0,0,0,0,0,0,0,0,0,0,0,0,0,0,0.0,0.9999979381740882,278.0924301250867
106,2,1s2,1s,1,0,2,0.5,s,0,105,0.625,1,0,0,0,0,1,0,0,0,0,0,0,0,0,0,0,0,0,0,0,0,0,0,0,0,0,0.0,0.9999979381740882,1293.9337454378076
106,1,1s1,1s,1,0,1,0.5,s,0,106,0.0,0,0,0,0,0,0,0,0,0,0,0,0,0,0,0,0,0,0,0,0,0,0,0,0,0,0,0.0,0.9999979381740882,1293.9337454378076
107,107,1s2.2s2.2p6.3s2.3p6.3d10.4s2.4p6.4d10.4f14.5s2.5p6.5d10.5f14.6s2.6p6.6d5.7s2,6d,6,2,5,2.5,d,0,1,82.97830969288466,4,0,0,100,2,0,0,4,0,0,0,0,0,0,0,16,10,14,0,0,0,0,2,0,0,60,2.2222222222222223,0.9999979225743458,0.0
107,106,1s2.2s2.2p6.3s2.3p6.3d10.4s2.4p6.4d10.4f14.5s2.5p6.5d10.5f14.6s2.6p6.6d4.7s2,7s,7,0,2,0.5,s,0,2,82.52202887198818,1,12,92,0,0,1,0,0,0,0,8,4,0,8,24,0,0,0,0,0,0,0,0,0,60,0,0.0,0.9999979225743458,0.0
107,105,1s2.2s2.2p6.3s2.3p6.3d10.4s2.4p6.4d10.4f14.5s2.5p6.5d10.5f14.6s2.6p6.6d4.7s1,7s,7,0,1,0.5,s,0,3,81.87096710692049,0,12,92,0,0,0,0,0,0,0,8,4,0,8,24,0,0,0,0,0,0,0,0,0,60,0,0.0,0.9999979225743458,0.0
107,104,1s2.2s2.2p6.3s2.3p6.3d10.4s2.4p6.4d10.4f14.5s2.5p6.5d10.5f14.6s2.6p6.6d4,6d,6,2,4,1.5,d,0,4,81.4159002634271,3,0,0,100,0,0,0,3,0,0,0,0,0,0,0,16,10,14,0,0,0,0,0,0,0,60,1.6666666666666667,0.9999979225743458,0.0
107,103,1s2.2s2.2p6.3s2.3p6.3d10.4s2.4p6.4d10.4f14.5s2.5p6.5d10.5f14.6s2.6p6.6d3,6d,6,2,3,1.5,d,0,5,80.80608860126338,2,0,0,100,0,0,0,2,0,0,0,0,0,0,0,16,10,14,0,0,0,0,0,0,0,60,1.1111111111111112,0.9999979225743458,0.0
107,102,1s2.2s2.2p6.3s2.3p6.3d10.4s2.4p6.4d10.4f14.5s2.5p6.5d10.5f14.6s2.6p6.6d2,6d,6,2,2,1.5,d,0,6,80.19627693909138,1,0,0,100,0,0,0,1,0,0,0,0,0,0,0,16,10,14,0,0,0,0,0,0,0,60,0.5555555555555556,0.9999979225743458,0.0
107,101,1s2.2s2.2p6.3s2.3p6.3d10.4s2.4p6.4d10.4f14.5s2.5p6.5d10.5f14.6s2.6p6.6d1,6d,6,2,1,1.5,d,0,7,79.62274196190309,0,0,0,100,0,0,0,0,0,0,0,0,0,0,0,16,10,14,0,0,0,0,0,0,0,60,0.0,0.9999979225743458,0.0
107,100,1s2.2s2.2p6.3s2.3p6.3d10.4s2.4p6.4d10.4f14.5s2.5p6.5d10.5f14.6s2.6p6,5f,5,3,14,3.5,f,0,8,77.52027145992278,13,0,0,78,8,0,0,0,13,0,0,0,0,0,0,0,0,0,36,14,0,0,0,8,0,28,0.0,0.9999979225743458,0.0
107,99,1s2.2s2.2p6.3s2.3p6.3d10.4s2.4p6.4d10.4f14.5s2.5p6.5d10.5f13.6s2.6p6,5f,5,3,13,3.5,f,0,9,76.86253825278534,12,0,0,78,8,0,0,0,12,0,0,0,0,0,0,0,0,0,36,14,0,0,0,8,0,28,-0.5384615384615383,0.9999979225743458,0.0
107,98,1s2.2s2.2p6.3s2.3p6.3d10.4s2.4p6.4d10.4f14.5s2.5p6.5d10.5f12.6s2.6p6,5f,5,3,12,3.5,f,0,10,76.19058398634559,11,0,0,78,8,0,0,0,11,0,0,0,0,0,0,0,0,0,36,14,0,0,0,8,0,28,-1.0769230769230766,0.9999979225743458,0.0
107,97,1s2.2s2.2p6.3s2.3p6.3d10.4s2.4p6.4d10.4f14.5s2.5p6.5d10.5f11.6s2.6p6,5f,5,3,11,3.5,f,0,11,75.48307707167315,10,0,0,78,8,0,0,0,10,0,0,0,0,0,0,0,0,0,36,14,0,0,0,8,0,28,-1.615384615384615,0.9999979225743458,0.0
107,96,1s2.2s2.2p6.3s2.3p6.3d10.4s2.4p6.4d10.4f14.5s2.5p6.5d10.5f10.6s2.6p6,5f,5,3,10,3.5,f,0,12,74.77557015699401,9,0,0,78,8,0,0,0,9,0,0,0,0,0,0,0,0,0,36,14,0,0,0,8,0,28,-2.153846153846154,0.9999979225743458,0.0
107,95,1s2.2s2.2p6.3s2.3p6.3d10.4s2.4p6.4d10.4f14.5s2.5p6.5d10.5f9.6s2.6p6,5f,5,3,9,3.5,f,0,13,74.10361589056096,8,0,0,78,8,0,0,0,8,0,0,0,0,0,0,0,0,0,36,14,0,0,0,8,0,28,-2.6923076923076925,0.9999979225743458,0.0
107,94,1s2.2s2.2p6.3s2.3p6.3d10.4s2.4p6.4d10.4f14.5s2.5p6.5d10.5f8.6s2.6p6,5f,5,3,8,3.5,f,0,14,73.44588268341612,7,0,0,78,8,0,0,0,7,0,0,0,0,0,0,0,0,0,36,14,0,0,0,8,0,28,-3.230769230769231,0.9999979225743458,0.0
107,93,1s2.2s2.2p6.3s2.3p6.3d10.4s2.4p6.4d10.4f14.5s2.5p6.5d10.5f7.6s2.6p6,5f,5,3,7,3.5,f,0,15,72.54790131222121,6,0,0,78,8,0,0,0,6,0,0,0,0,0,0,0,0,0,36,14,0,0,0,8,0,28,3.230769230769231,0.9999979225743458,0.0
107,92,1s2.2s2.2p6.3s2.3p6.3d10.4s2.4p6.4d10.4f14.5s2.5p6.5d10.5f6.6s2.6p6,5f,5,3,6,2.5,f,0,16,71.89016810507714,5,0,0,78,8,0,0,0,5,0,0,0,0,0,0,0,0,0,36,14,0,0,0,8,0,28,2.6923076923076925,0.9999979225743458,0.0
107,91,1s2.2s2.2p6.3s2.3p6.3d10.4s2.4p6.4d10.4f14.5s2.5p6.5d10.5f5.6s2.6p6,6p,6,1,6,1.5,p3,0,17,69.678910452758,5,25,60,0,0,0,5,0,0,2,8,10,5,8,24,0,0,0,0,0,0,0,0,0,28,0,0.0,0.9999979225743458,0.0
107,78,1s2.2s2.2p6.3s2.3p6.3d10.4s2.4p6.4d10.4f14.5s2.5p6.5d10,5d,5,2,10,2.5,d,0,30,60.18161976204584,9,0,0,68,0,0,0,9,0,0,0,0,0,0,0,16,10,14,0,0,0,0,0,0,0,28,0.0,0.9999979225743458,0.0
107,77,1s2.2s2.2p6.3s2.3p6.3d10.4s2.4p6.4d10.4f14.5s2.5p6.5d9,5d,5,2,9,2.5,d,0,31,59.591820854204364,8,0,0,68,0,0,0,8,0,0,0,0,0,0,0,16,10,14,0,0,0,0,0,0,0,28,-0.5555555555555554,0.9999979225743458,0.0
107,76,1s2.2s2.2p6.3s2.3p6.3d10.4s2.4p6.4d10.4f14.5s2.5p6.5d8,5d,5,2,8,2.5,d,0,32,58.964892641510204,7,0,0,68,0,0,0,7,0,0,0,0,0,0,0,16,10,14,0,0,0,0,0,0,0,28,-1.1111111111111112,0.9999979225743458,0.0
107,75,1s2.2s2.2p6.3s2.3p6.3d10.4s2.4p6.4d10.4f14.5s2.5p6.5d7,5d,5,2,7,2.5,d,0,33,58.33796442882129,6,0,0,68,0,0,0,6,0,0,0,0,0,0,0,16,10,14,0,0,0,0,0,0,0,28,-1.6666666666666665,0.9999979225743458,0.0
107,74,1s2.2s2.2p6.3s2.3p6.3d10.4s2.4p6.4d10.4f14.5s2.5p6.5d6,5d,5,2,6,2.5,d,0,34,57.74816552097457,5,0,0,68,0,0,0,5,0,0,0,0,0,0,0,16,10,14,0,0,0,0,0,0,0,28,-2.2222222222222223,0.9999979225743458,0.0
107,73,1s2.2s2.2p6.3s2.3p6.3d10.4s2.4p6.4d10.4f14.5s2.5p6.5d5,5d,5,2,5,2.5,d,0,35,56.939981578454784,4,0,0,68,0,0,0,4,0,0,0,0,0,0,0,16,10,14,0,0,0,0,0,0,0,28,2.2222222222222223,0.9999979225743458,0.0
107,72,1s2.2s2.2p6.3s2.3p6.3d10.4s2.4p6.4d10.4f14.5s2.5p6.5d4,5d,5,2,4,1.5,d,0,36,56.35018267060813,3,0,0,68,0,0,0,3,0,0,0,0,0,0,0,16,10,14,0,0,0,0,0,0,0,28,1.6666666666666667,0.9999979225743458,0.0
107,71,1s2.2s2.2p6.3s2.3p6.3d10.4s2.4p6.4d10.4f14.5s2.5p6.5d3,5d,5,2,3,1.5,d,0,37,55.72325445791909,2,0,0,68,0,0,0,2,0,0,0,0,0,0,0,16,10,14,0,0,0,0,0,0,0,28,1.1111111111111112,0.9999979225743458,0.0
107,70,1s2.2s2.2p6.3s2.3p6.3d10.4s2.4p6.4d10.4f14.5s2.5p6.5d2,5d,5,2,2,1.5,d,0,38,55.09632624522511,1,0,0,68,0,0,0,1,0,0,0,0,0,0,0,16,10,14,0,0,0,0,0,0,0,28,0.5555555555555556,0.9999979225743458,0.0
107,69,1s2.2s2.2p6.3s2.3p6.3d10.4s2.4p6.4d10.4f14.5s2.5p6.5d1,5d,5,2,1,1.5,d,0,39,54.50652733738305,0,0,0,68,0,0,0,0,0,0,0,0,0,0,0,16,10,14,0,0,0,0,0,0,0,28,0.0,0.9999979225743458,0.0
107,46,1s2.2s2.2p6.3s2.3p6.3d10.4s2.4p6.4d10,4d,4,2,10,2.5,d,0,62,35.18427854681272,9,0,0,36,0,0,0,9,0,0,0,0,0,0,0,16,10,0,0,0,0,0,0,0,0,10,0.0,0.9999979225743458,0.0
107,45,1s2.2s2.2p6.3s2.3p6.3d10.4s2.4p6.4d9,4d,4,2,9,2.5,d,0,63,34.56268954011648,8,0,0,36,0,0,0,8,0,0,0,0,0,0,0,16,10,0,0,0,0,0,0,0,0,10,-0.5555555555555554,0.9999979225743458,0.0
107,44,1s2.2s2.2p6.3s2.3p6.3d10.4s2.4p6.4d8,4d,4,2,8,2.5,d,0,64,33.90183225775024,7,0,0,36,0,0,0,7,0,0,0,0,0,0,0,16,10,0,0,0,0,0,0,0,0,10,-1.1111111111111112,0.9999979225743458,0.0
107,43,1s2.2s2.2p6.3s2.3p6.3d10.4s2.4p6.4d7,4d,4,2,7,2.5,d,0,65,33.24097497538423,6,0,0,36,0,0,0,6,0,0,0,0,0,0,0,16,10,0,0,0,0,0,0,0,0,10,-1.6666666666666665,0.9999979225743458,0.0
107,42,1s2.2s2.2p6.3s2.3p6.3d10.4s2.4p6.4d6,4d,4,2,6,2.5,d,0,66,32.619385968687766,5,0,0,36,0,0,0,5,0,0,0,0,0,0,0,16,10,0,0,0,0,0,0,0,0,10,-2.2222222222222223,0.9999979225743458,0.0
107,41,1s2.2s2.2p6.3s2.3p6.3d10.4s2.4p6.4d5,4d,4,2,5,2.5,d,0,67,31.77042966985971,4,0,0,36,0,0,0,4,0,0,0,0,0,0,0,16,10,0,0,0,0,0,0,0,0,10,2.2222222222222223,0.9999979225743458,0.0
107,40,1s2.2s2.2p6.3s2.3p6.3d10.4s2.4p6.4d4,4d,4,2,4,1.5,d,0,68,31.14884066316324,3,0,0,36,0,0,0,3,0,0,0,0,0,0,0,16,10,0,0,0,0,0,0,0,0,10,1.6666666666666667,0.9999979225743458,0.0
107,39,1s2.2s2.2p6.3s2.3p6.3d10.4s2.4p6.4d3,4d,4,2,3,1.5,d,0,69,30.487983380797118,2,0,0,36,0,0,0,2,0,0,0,0,0,0,0,16,10,0,0,0,0,0,0,0,0,10,1.1111111111111112,0.9999979225743458,0.0
107,38,1s2.2s2.2p6.3s2.3p6.3d10.4s2.4p6.4d2,4d,4,2,2,1.5,d,0,70,29.82712609843111,1,0,0,36,0,0,0,1,0,0,0,0,0,0,0,16,10,0,0,0,0,0,0,0,0,10,0.5555555555555556,0.9999979225743458,0.0
107,37,1s2.2s2.2p6.3s2.3p6.3d10.4s2.4p6.4d1,4d,4,2,1,1.5,d,0,71,29.20553709173464,0,0,0,36,0,0,0,0,0,0,0,0,0,0,0,16,10,0,0,0,0,0,0,0,0,10,0.0,0.9999979225743458,0.0
107,36,1s2.2s2.2p6.3s2.3p6.3d10.4s2.4p6,4p,4,1,6,1.5,p3,0,72,26.676544772007787,5,20,10,0,0,0,5,0,0,2,8,10,0,8,0,0,0,0,0,0,0,0,0,0,2,0,0.0,0.9999979225743458,0.0
107,35,1s2.2s2.2p6.3s2.3p6.3d10.4s2.4p5,4p,4,1,5,1.5,p3,0,73,26.117340670445287,4,20,10,0,0,0,4,0,0,2,8,10,0,8,0,0,0,0,0,0,0,0,0,0,2,0,-0.6000000000000001,0.9999979225743458,0.0
107,34,1s2.2s2.2p6.3s2.3p6.3d10.4s2.4p4,4p,4,1,4,1.5,p3,0,74,25.558136568882787,3,20,10,0,0,0,3,0,0,2,8,10,0,8,0,0,0,0,0,0,0,0,0,0,2,0,-1.2,0.9999979225743458,0.0
107,33,1s2.2s2.2p6.3s2.3p6.3d10.4s2.4p3,4p,4,1,3,1.5,p3,0,75,24.807678805211026,2,20,10,0,0,0,2,0,0,2,8,10,0,8,0,0,0,0,0,0,0,0,0,0,2,0,1.2,0.9999979225743458,0.0
107,32,1s2.2s2.2p6.3s2.3p6.3d10.4s2.4p2,4p,4,1,2,0.5,p1,0,76,24.24270156046225,1,20,10,0,0,0,1,0,0,2,8,10,0,8,0,0,0,0,0,0,0,0,0,0,2,0,0.6,0.9999979225743458,0.0
107,31,1s2.2s2.2p6.3s2.3p6.3d10.4s2.4p1,4p,4,1,1,0.5,p1,0,77,23.681451647104154,0,20,10,0,0,0,0,0,0,2,8,10,0,8,0,0,0,0,0,0,0,0,0,0,2,0,0.0,0.9999979225743458,0.0
107,30,1s2.2s2.2p6.3s2.3p6.3d10.4s2,4s,4,0,2,0.5,s,0,78,22.126593730819764,1,18,10,0,0,1,0,0,0,0,8,10,0,8,0,0,0,0,0,0,0,0,0,0,2,0,0.0,0.9999979225743458,0.0
107,29,1s2.2s2.2p6.3s2.3p6.3d10.4s1,4s,4,0,1,0.5,s,0,79,21.554071296483926,0,18,10,0,0,0,0,0,0,0,8,10,0,8,0,0,0,0,0,0,0,0,0,0,2,0,0.0,0.9999979225743458,0.0
107,28,1s2.2s2.2p6.3s2.3p6.3d10,3d,3,2,10,2.5,d,0,80,21.379455336979806,9,0,0,18,0,0,0,9,0,0,0,0,0,0,0,16,0,0,0,0,0,0,0,0,0,2,0.0,0.9999979225743458,0.0
107,27,1s2.2s2.2p6.3s2.3p6.3d9,3d,3,2,9,2.5,d,0,81,20.677223194122995,8,0,0,18,0,0,0,8,0,0,0,0,0,0,0,16,0,0,0,0,0,0,0,0,0,2,-0.5555555555555554,0.9999979225743458,0.0
107,26,1s2.2s2.2p6.3s2.3p6.3d8,3d,3,2,8,2.5,d,0,82,19.92856167011884,7,0,0,18,0,0,0,7,0,0,0,0,0,0,0,16,0,0,0,0,0,0,0,0,0,2,-1.1111111111111112,0.9999979225743458,0.0
107,25,1s2.2s2.2p6.3s2.3p6.3d7,3d,3,2,7,2.5,d,0,83,19.180019458485546,6,0,0,18,0,0,0,6,0,0,0,0,0,0,0,16,0,0,0,0,0,0,0,0,0,2,-1.6666666666666665,0.9999979225743458,0.0
107,24,1s2.2s2.2p6.3s2.3p6.3d6,3d,3,2,6,2.5,d,0,84,18.477999944610033,5,0,0,18,0,0,0,5,0,0,0,0,0,0,0,16,0,0,0,0,0,0,0,0,0,2,-2.2222222222222223,0.9999979225743458,0.0
107,23,1s2.2s2.2p6.3s2.3p6.3d5,3d,3,2,5,2.5,d,0,85,17.516342790782076,4,0,0,18,0,0,0,4,0,0,0,0,0,0,0,16,0,0,0,0,0,0,0,0,0,2,2.2222222222222223,0.9999979225743458,0.0
107,22,1s2.2s2.2p6.3s2.3p6.3d4,3d,3,2,4,1.5,d,0,86,16.81369270190474,3,0,0,18,0,0,0,3,0,0,0,0,0,0,0,16,0,0,0,0,0,0,0,0,0,2,1.6666666666666667,0.9999979225743458,0.0
107,21,1s2.2s2.2p6.3s2.3p6.3d3,3d,3,2,3,1.5,d,0,87,16.06581898178117,2,0,0,18,0,0,0,2,0,0,0,0,0,0,0,16,0,0,0,0,0,0,0,0,0,2,1.1111111111111112,0.9999979225743458,0.0
107,20,1s2.2s2.2p6.3s2.3p6.3d2,3d,3,2,2,1.5,d,0,88,15.318236242385085,1,0,0,18,0,0,0,1,0,0,0,0,0,0,0,16,0,0,0,0,0,0,0,0,0,2,0.5555555555555556,0.9999979225743458,0.0
107,19,1s2.2s2.2p6.3s2.3p6.3d1,3d,3,2,1,1.5,d,0,89,14.615753461451872,0,0,0,18,0,0,0,0,0,0,0,0,0,0,0,16,0,0,0,0,0,0,0,0,0,2,0.0,0.9999979225743458,0.0
107,18,1s2.2s2.2p6.3s2.3p6,3p,3,1,6,1.5,p3,0,90,12.667818264554036,5,10,2,0,0,0,5,0,0,2,8,0,0,2,0,0,0,0,0,0,0,0,0,0,0,0,0.0,0.9999979225743458,0.0
107,17,1s2.2s2.2p6.3s2.3p5,3p,3,1,5,1.5,p3,0,91,12.08347223011717,4,10,2,0,0,0,4,0,0,2,8,0,0,2,0,0,0,0,0,0,0,0,0,0,0,0,-0.6000000000000001,0.9999979225743458,0.0
107,16,1s2.2s2.2p6.3s2.3p4,3p,3,1,4,1.5,p3,0,92,11.49928244974415,3,10,2,0,0,0,3,0,0,2,8,0,0,2,0,0,0,0,0,0,0,0,0,0,0,0,-1.2,0.9999979225743458,0.0
107,15,1s2.2s2.2p6.3s2.3p3,3p,3,1,3,1.5,p3,0,93,10.730818199117742,2,10,2,0,0,0,2,0,0,2,8,0,0,2,0,0,0,0,0,0,0,0,0,0,0,0,1.2,0.9999979225743458,0.0
107,14,1s2.2s2.2p6.3s2.3p2,3p,3,1,2,0.5,p1,0,94,10.145247180423096,1,10,2,0,0,0,1,0,0,2,8,0,0,2,0,0,0,0,0,0,0,0,0,0,0,0,0.6,0.9999979225743458,0.0
107,13,1s2.2s2.2p6.3s2.3p1,3p,3,1,1,0.5,p1,0,95,9.559774441642945,0,10,2,0,0,0,0,0,0,2,8,0,0,2,0,0,0,0,0,0,0,0,0,0,0,0,0.0,0.9999979225743458,0.0
107,12,1s2.2s2.2p6.3s2,3s,3,0,2,0.5,s,0,96,8.35113401342552,1,8,2,0,0,1,0,0,0,0,8,0,0,2,0,0,0,0,0,0,0,0,0,0,0,0,0.0,0.9999979225743458,0.0
107,11,1s2.2s2.2p6.3s1,3s,3,0,1,0.5,s,0,97,7.7856408855844075,0,8,2,0,0,0,0,0,0,0,8,0,0,2,0,0,0,0,0,0,0,0,0,0,0,0,0.0,0.9999979225743458,0.0
107,10,1s2.2s2.2p6,2p,2,1,6,1.5,p3,0,98,6.545979557232126,5,4,0,0,0,0,5,0,0,2,2,0,0,0,0,0,0,0,0,0,0,0,0,0,0,0,0.0,0.9999979225743458,0.0
107,9,1s2.2s2.2p5,2p,2,1,5,1.5,p3,0,99,5.88972955723213,4,4,0,0,0,0,4,0,0,2,2,0,0,0,0,0,0,0,0,0,0,0,0,0,0,0,-0.6000000000000001,0.9999979225743458,0.0
107,8,1s2.2s2.2p4,2p,2,1,4,1.5,p3,0,100,5.233479557232133,3,4,0,0,0,0,3,0,0,2,2,0,0,0,0,0,0,0,0,0,0,0,0,0,0,0,-1.2,0.9999979225743458,0.0
107,7,1s2.2s2.2p3,2p,2,1,3,1.5,p3,0,101,4.378670782625834,2,4,0,0,0,0,2,0,0,2,2,0,0,0,0,0,0,0,0,0,0,0,0,0,0,0,1.2,0.9999979225743458,0.0
107,6,1s2.2s2.2p2,2p,2,1,2,0.5,p1,0,102,3.7253535771907345,1,4,0,0,0,0,1,0,0,2,2,0,0,0,0,0,0,0,0,0,0,0,0,0,0,0,0.6,0.9999979225743458,0.0
107,5,1s2.2s2.2p1,2p,2,1,1,0.5,p1,0,103,3.0730091792350134,0,4,0,0,0,0,0,0,0,2,2,0,0,0,0,0,0,0,0,0,0,0,0,0,0,0,0.0,0.9999979225743458,0.0
107,4,1s2.2s2,2s,2,0,2,0.5,s,0,104,2.145875983124917,1,2,0,0,0,1,0,0,0,0,2,0,0,0,0,0,0,0,0,0,0,0,0,0,0,0,0.0,0.9999979225743458,305.1677690071791
107,2,1s2,1s,1,0,2,0.5,s,0,106,0.625,1,0,0,0,0,1,0,0,0,0,0,0,0,0,0,0,0,0,0,0,0,0,0,0,0,0,0.0,0.9999979225743458,1404.230558442948
107,1,1s1,1s,1,0,1,0.5,s,0,107,0.0,0,0,0,0,0,0,0,0,0,0,0,0,0,0,0,0,0,0,0,0,0,0,0,0,0,0,0.0,0.9999979225743458,1404.230558442948
108,108,1s2.2s2.2p6.3s2.3p6.3d10.4s2.4p6.4d10.4f14.5s2.5p6.5d10.5f14.6s2.6p6.6d6.7s2,6d,6,2,6,2.5,d,0,1,83.76681093512003,5,0,0,100,2,0,0,5,0,0,0,0,0,0,0,16,10,14,0,0,0,0,2,0,0,60,-2.2222222222222223,0.9999979612473904,0.0
108,107,1s2.2s2.2p6.3s2.3p6.3d10.4s2.4p6.4d10.4f14.5s2.5p6.5d10.5f14.6s2.6p6.6d5.7s2,7s,7,0,2,0.5,s,0,2,83.20199081875168,1,13,92,0,0,1,0,0,0,0,8,5,0,8,24,0,0,0,0,0,0,0,0,0,60,0,0.0,0.9999979612473904,0.0
108,106,1s2.2s2.2p6.3s2.3p6.3d10.4s2.4p6.4d10.4f14.5s2.5p6.5d10.5f14.6s2.6p6.6d5.7s1,6d,6,2,5,2.5,d,0,3,82.47874581362984,4,0,0,100,1,0,0,4,0,0,0,0,0,0,0,16,10,14,0,0,0,0,1,0,0,60,2.2222222222222223,0.9999979612473904,0.0
108,105,1s2.2s2.2p6.3s2.3p6.3d10.4s2.4p6.4d10.4f14.5s2.5p6.5d10.5f14.6s2.6p6.6d4.7s1,7s,7,0,1,0.5,s,0,4,81.87096710692049,0,12,92,0,0,0,0,0,0,0,8,4,0,8,24,0,0,0,0,0,0,0,0,0,60,0,0.0,0.9999979612473904,0.0
108,104,1s2.2s2.2p6.3s2.3p6.3d10.4s2.4p6.4d10.4f14.5s2.5p6.5d10.5f14.6s2.6p6.6d4,6d,6,2,4,1.5,d,0,5,81.4159002634271,3,0,0,100,0,0,0,3,0,0,0,0,0,0,0,16,10,14,0,0,0,0,0,0,0,60,1.6666666666666667,0.9999979612473904,0.0
108,103,1s2.2s2.2p6.3s2.3p6.3d10.4s2.4p6.4d10.4f14.5s2.5p6.5d10.5f14.6s2.6p6.6d3,6d,6,2,3,1.5,d,0,6,80.80608860126338,2,0,0,100,0,0,0,2,0,0,0,0,0,0,0,16,10,14,0,0,0,0,0,0,0,60,1.1111111111111112,0.9999979612473904,0.0
108,102,1s2.2s2.2p6.3s2.3p6.3d10.4s2.4p6.4d10.4f14.5s2.5p6.5d10.5f14.6s2.6p6.6d2,6d,6,2,2,1.5,d,0,7,80.19627693909138,1,0,0,100,0,0,0,1,0,0,0,0,0,0,0,16,10,14,0,0,0,0,0,0,0,60,0.5555555555555556,0.9999979612473904,0.0
108,101,1s2.2s2.2p6.3s2.3p6.3d10.4s2.4p6.4d10.4f14.5s2.5p6.5d10.5f14.6s2.6p6.6d1,6d,6,2,1,1.5,d,0,8,79.62274196190309,0,0,0,100,0,0,0,0,0,0,0,0,0,0,0,16,10,14,0,0,0,0,0,0,0,60,0.0,0.9999979612473904,0.0
108,100,1s2.2s2.2p6.3s2.3p6.3d10.4s2.4p6.4d10.4f14.5s2.5p6.5d10.5f14.6s2.6p6,5f,5,3,14,3.5,f,0,9,77.52027145992278,13,0,0,78,8,0,0,0,13,0,0,0,0,0,0,0,0,0,36,14,0,0,0,8,0,28,0.0,0.9999979612473904,0.0
108,99,1s2.2s2.2p6.3s2.3p6.3d10.4s2.4p6.4d10.4f14.5s2.5p6.5d10.5f13.6s2.6p6,5f,5,3,13,3.5,f,0,10,76.86253825278534,12,0,0,78,8,0,0,0,12,0,0,0,0,0,0,0,0,0,36,14,0,0,0,8,0,28,-0.5384615384615383,0.9999979612473904,0.0
108,98,1s2.2s2.2p6.3s2.3p6.3d10.4s2.4p6.4d10.4f14.5s2.5p6.5d10.5f12.6s2.6p6,5f,5,3,12,3.5,f,0,11,76.19058398634559,11,0,0,78,8,0,0,0,11,0,0,0,0,0,0,0,0,0,36,14,0,0,0,8,0,28,-1.0769230769230766,0.9999979612473904,0.0
108,97,1s2.2s2.2p6.3s2.3p6.3d10.4s2.4p6.4d10.4f14.5s2.5p6.5d10.5f11.6s2.6p6,5f,5,3,11,3.5,f,0,12,75.48307707167315,10,0,0,78,8,0,0,0,10,0,0,0,0,0,0,0,0,0,36,14,0,0,0,8,0,28,-1.615384615384615,0.9999979612473904,0.0
108,96,1s2.2s2.2p6.3s2.3p6.3d10.4s2.4p6.4d10.4f14.5s2.5p6.5d10.5f10.6s2.6p6,5f,5,3,10,3.5,f,0,13,74.77557015699401,9,0,0,78,8,0,0,0,9,0,0,0,0,0,0,0,0,0,36,14,0,0,0,8,0,28,-2.153846153846154,0.9999979612473904,0.0
108,95,1s2.2s2.2p6.3s2.3p6.3d10.4s2.4p6.4d10.4f14.5s2.5p6.5d10.5f9.6s2.6p6,5f,5,3,9,3.5,f,0,14,74.10361589056096,8,0,0,78,8,0,0,0,8,0,0,0,0,0,0,0,0,0,36,14,0,0,0,8,0,28,-2.6923076923076925,0.9999979612473904,0.0
108,94,1s2.2s2.2p6.3s2.3p6.3d10.4s2.4p6.4d10.4f14.5s2.5p6.5d10.5f8.6s2.6p6,5f,5,3,8,3.5,f,0,15,73.44588268341612,7,0,0,78,8,0,0,0,7,0,0,0,0,0,0,0,0,0,36,14,0,0,0,8,0,28,-3.230769230769231,0.9999979612473904,0.0
108,93,1s2.2s2.2p6.3s2.3p6.3d10.4s2.4p6.4d10.4f14.5s2.5p6.5d10.5f7.6s2.6p6,5f,5,3,7,3.5,f,0,16,72.54790131222121,6,0,0,78,8,0,0,0,6,0,0,0,0,0,0,0,0,0,36,14,0,0,0,8,0,28,3.230769230769231,0.9999979612473904,0.0
108,92,1s2.2s2.2p6.3s2.3p6.3d10.4s2.4p6.4d10.4f14.5s2.5p6.5d10.5f6.6s2.6p6,5f,5,3,6,2.5,f,0,17,71.89016810507714,5,0,0,78,8,0,0,0,5,0,0,0,0,0,0,0,0,0,36,14,0,0,0,8,0,28,2.6923076923076925,0.9999979612473904,0.0
108,91,1s2.2s2.2p6.3s2.3p6.3d10.4s2.4p6.4d10.4f14.5s2.5p6.5d10.5f5.6s2.6p6,6p,6,1,6,1.5,p3,0,18,69.678910452758,5,25,60,0,0,0,5,0,0,2,8,10,5,8,24,0,0,0,0,0,0,0,0,0,28,0,0.0,0.9999979612473904,0.0
108,78,1s2.2s2.2p6.3s2.3p6.3d10.4s2.4p6.4d10.4f14.5s2.5p6.5d10,5d,5,2,10,2.5,d,0,31,60.18161976204584,9,0,0,68,0,0,0,9,0,0,0,0,0,0,0,16,10,14,0,0,0,0,0,0,0,28,0.0,0.9999979612473904,0.0
108,77,1s2.2s2.2p6.3s2.3p6.3d10.4s2.4p6.4d10.4f14.5s2.5p6.5d9,5d,5,2,9,2.5,d,0,32,59.591820854204364,8,0,0,68,0,0,0,8,0,0,0,0,0,0,0,16,10,14,0,0,0,0,0,0,0,28,-0.5555555555555554,0.9999979612473904,0.0
108,76,1s2.2s2.2p6.3s2.3p6.3d10.4s2.4p6.4d10.4f14.5s2.5p6.5d8,5d,5,2,8,2.5,d,0,33,58.964892641510204,7,0,0,68,0,0,0,7,0,0,0,0,0,0,0,16,10,14,0,0,0,0,0,0,0,28,-1.1111111111111112,0.9999979612473904,0.0
108,75,1s2.2s2.2p6.3s2.3p6.3d10.4s2.4p6.4d10.4f14.5s2.5p6.5d7,5d,5,2,7,2.5,d,0,34,58.33796442882129,6,0,0,68,0,0,0,6,0,0,0,0,0,0,0,16,10,14,0,0,0,0,0,0,0,28,-1.6666666666666665,0.9999979612473904,0.0
108,74,1s2.2s2.2p6.3s2.3p6.3d10.4s2.4p6.4d10.4f14.5s2.5p6.5d6,5d,5,2,6,2.5,d,0,35,57.74816552097457,5,0,0,68,0,0,0,5,0,0,0,0,0,0,0,16,10,14,0,0,0,0,0,0,0,28,-2.2222222222222223,0.9999979612473904,0.0
108,73,1s2.2s2.2p6.3s2.3p6.3d10.4s2.4p6.4d10.4f14.5s2.5p6.5d5,5d,5,2,5,2.5,d,0,36,56.939981578454784,4,0,0,68,0,0,0,4,0,0,0,0,0,0,0,16,10,14,0,0,0,0,0,0,0,28,2.2222222222222223,0.9999979612473904,0.0
108,72,1s2.2s2.2p6.3s2.3p6.3d10.4s2.4p6.4d10.4f14.5s2.5p6.5d4,5d,5,2,4,1.5,d,0,37,56.35018267060813,3,0,0,68,0,0,0,3,0,0,0,0,0,0,0,16,10,14,0,0,0,0,0,0,0,28,1.6666666666666667,0.9999979612473904,0.0
108,71,1s2.2s2.2p6.3s2.3p6.3d10.4s2.4p6.4d10.4f14.5s2.5p6.5d3,5d,5,2,3,1.5,d,0,38,55.72325445791909,2,0,0,68,0,0,0,2,0,0,0,0,0,0,0,16,10,14,0,0,0,0,0,0,0,28,1.1111111111111112,0.9999979612473904,0.0
108,70,1s2.2s2.2p6.3s2.3p6.3d10.4s2.4p6.4d10.4f14.5s2.5p6.5d2,5d,5,2,2,1.5,d,0,39,55.09632624522511,1,0,0,68,0,0,0,1,0,0,0,0,0,0,0,16,10,14,0,0,0,0,0,0,0,28,0.5555555555555556,0.9999979612473904,0.0
108,69,1s2.2s2.2p6.3s2.3p6.3d10.4s2.4p6.4d10.4f14.5s2.5p6.5d1,5d,5,2,1,1.5,d,0,40,54.50652733738305,0,0,0,68,0,0,0,0,0,0,0,0,0,0,0,16,10,14,0,0,0,0,0,0,0,28,0.0,0.9999979612473904,0.0
108,46,1s2.2s2.2p6.3s2.3p6.3d10.4s2.4p6.4d10,4d,4,2,10,2.5,d,0,63,35.18427854681272,9,0,0,36,0,0,0,9,0,0,0,0,0,0,0,16,10,0,0,0,0,0,0,0,0,10,0.0,0.9999979612473904,0.0
108,45,1s2.2s2.2p6.3s2.3p6.3d10.4s2.4p6.4d9,4d,4,2,9,2.5,d,0,64,34.56268954011648,8,0,0,36,0,0,0,8,0,0,0,0,0,0,0,16,10,0,0,0,0,0,0,0,0,10,-0.5555555555555554,0.9999979612473904,0.0
108,44,1s2.2s2.2p6.3s2.3p6.3d10.4s2.4p6.4d8,4d,4,2,8,2.5,d,0,65,33.90183225775024,7,0,0,36,0,0,0,7,0,0,0,0,0,0,0,16,10,0,0,0,0,0,0,0,0,10,-1.1111111111111112,0.9999979612473904,0.0
108,43,1s2.2s2.2p6.3s2.3p6.3d10.4s2.4p6.4d7,4d,4,2,7,2.5,d,0,66,33.24097497538423,6,0,0,36,0,0,0,6,0,0,0,0,0,0,0,16,10,0,0,0,0,0,0,0,0,10,-1.6666666666666665,0.9999979612473904,0.0
108,42,1s2.2s2.2p6.3s2.3p6.3d10.4s2.4p6.4d6,4d,4,2,6,2.5,d,0,67,32.619385968687766,5,0,0,36,0,0,0,5,0,0,0,0,0,0,0,16,10,0,0,0,0,0,0,0,0,10,-2.2222222222222223,0.9999979612473904,0.0
108,41,1s2.2s2.2p6.3s2.3p6.3d10.4s2.4p6.4d5,4d,4,2,5,2.5,d,0,68,31.77042966985971,4,0,0,36,0,0,0,4,0,0,0,0,0,0,0,16,10,0,0,0,0,0,0,0,0,10,2.2222222222222223,0.9999979612473904,0.0
108,40,1s2.2s2.2p6.3s2.3p6.3d10.4s2.4p6.4d4,4d,4,2,4,1.5,d,0,69,31.14884066316324,3,0,0,36,0,0,0,3,0,0,0,0,0,0,0,16,10,0,0,0,0,0,0,0,0,10,1.6666666666666667,0.9999979612473904,0.0
108,39,1s2.2s2.2p6.3s2.3p6.3d10.4s2.4p6.4d3,4d,4,2,3,1.5,d,0,70,30.487983380797118,2,0,0,36,0,0,0,2,0,0,0,0,0,0,0,16,10,0,0,0,0,0,0,0,0,10,1.1111111111111112,0.9999979612473904,0.0
108,38,1s2.2s2.2p6.3s2.3p6.3d10.4s2.4p6.4d2,4d,4,2,2,1.5,d,0,71,29.82712609843111,1,0,0,36,0,0,0,1,0,0,0,0,0,0,0,16,10,0,0,0,0,0,0,0,0,10,0.5555555555555556,0.9999979612473904,0.0
108,37,1s2.2s2.2p6.3s2.3p6.3d10.4s2.4p6.4d1,4d,4,2,1,1.5,d,0,72,29.20553709173464,0,0,0,36,0,0,0,0,0,0,0,0,0,0,0,16,10,0,0,0,0,0,0,0,0,10,0.0,0.9999979612473904,0.0
108,36,1s2.2s2.2p6.3s2.3p6.3d10.4s2.4p6,4p,4,1,6,1.5,p3,0,73,26.676544772007787,5,20,10,0,0,0,5,0,0,2,8,10,0,8,0,0,0,0,0,0,0,0,0,0,2,0,0.0,0.9999979612473904,0.0
108,35,1s2.2s2.2p6.3s2.3p6.3d10.4s2.4p5,4p,4,1,5,1.5,p3,0,74,26.117340670445287,4,20,10,0,0,0,4,0,0,2,8,10,0,8,0,0,0,0,0,0,0,0,0,0,2,0,-0.6000000000000001,0.9999979612473904,0.0
108,34,1s2.2s2.2p6.3s2.3p6.3d10.4s2.4p4,4p,4,1,4,1.5,p3,0,75,25.558136568882787,3,20,10,0,0,0,3,0,0,2,8,10,0,8,0,0,0,0,0,0,0,0,0,0,2,0,-1.2,0.9999979612473904,0.0
108,33,1s2.2s2.2p6.3s2.3p6.3d10.4s2.4p3,4p,4,1,3,1.5,p3,0,76,24.807678805211026,2,20,10,0,0,0,2,0,0,2,8,10,0,8,0,0,0,0,0,0,0,0,0,0,2,0,1.2,0.9999979612473904,0.0
108,32,1s2.2s2.2p6.3s2.3p6.3d10.4s2.4p2,4p,4,1,2,0.5,p1,0,77,24.24270156046225,1,20,10,0,0,0,1,0,0,2,8,10,0,8,0,0,0,0,0,0,0,0,0,0,2,0,0.6,0.9999979612473904,0.0
108,31,1s2.2s2.2p6.3s2.3p6.3d10.4s2.4p1,4p,4,1,1,0.5,p1,0,78,23.681451647104154,0,20,10,0,0,0,0,0,0,2,8,10,0,8,0,0,0,0,0,0,0,0,0,0,2,0,0.0,0.9999979612473904,0.0
108,30,1s2.2s2.2p6.3s2.3p6.3d10.4s2,4s,4,0,2,0.5,s,0,79,22.126593730819764,1,18,10,0,0,1,0,0,0,0,8,10,0,8,0,0,0,0,0,0,0,0,0,0,2,0,0.0,0.9999979612473904,0.0
108,29,1s2.2s2.2p6.3s2.3p6.3d10.4s1,4s,4,0,1,0.5,s,0,80,21.554071296483926,0,18,10,0,0,0,0,0,0,0,8,10,0,8,0,0,0,0,0,0,0,0,0,0,2,0,0.0,0.9999979612473904,0.0
108,28,1s2.2s2.2p6.3s2.3p6.3d10,3d,3,2,10,2.5,d,0,81,21.379455336979806,9,0,0,18,0,0,0,9,0,0,0,0,0,0,0,16,0,0,0,0,0,0,0,0,0,2,0.0,0.9999979612473904,0.0
108,27,1s2.2s2.2p6.3s2.3p6.3d9,3d,3,2,9,2.5,d,0,82,20.677223194122995,8,0,0,18,0,0,0,8,0,0,0,0,0,0,0,16,0,0,0,0,0,0,0,0,0,2,-0.5555555555555554,0.9999979612473904,0.0
108,26,1s2.2s2.2p6.3s2.3p6.3d8,3d,3,2,8,2.5,d,0,83,19.92856167011884,7,0,0,18,0,0,0,7,0,0,0,0,0,0,0,16,0,0,0,0,0,0,0,0,0,2,-1.1111111111111112,0.9999979612473904,0.0
108,25,1s2.2s2.2p6.3s2.3p6.3d7,3d,3,2,7,2.5,d,0,84,19.180019458485546,6,0,0,18,0,0,0,6,0,0,0,0,0,0,0,16,0,0,0,0,0,0,0,0,0,2,-1.6666666666666665,0.9999979612473904,0.0
108,24,1s2.2s2.2p6.3s2.3p6.3d6,3d,3,2,6,2.5,d,0,85,18.477999944610033,5,0,0,18,0,0,0,5,0,0,0,0,0,0,0,16,0,0,0,0,0,0,0,0,0,2,-2.2222222222222223,0.9999979612473904,0.0
108,23,1s2.2s2.2p6.3s2.3p6.3d5,3d,3,2,5,2.5,d,0,86,17.516342790782076,4,0,0,18,0,0,0,4,0,0,0,0,0,0,0,16,0,0,0,0,0,0,0,0,0,2,2.2222222222222223,0.9999979612473904,0.0
108,22,1s2.2s2.2p6.3s2.3p6.3d4,3d,3,2,4,1.5,d,0,87,16.81369270190474,3,0,0,18,0,0,0,3,0,0,0,0,0,0,0,16,0,0,0,0,0,0,0,0,0,2,1.6666666666666667,0.9999979612473904,0.0
108,21,1s2.2s2.2p6.3s2.3p6.3d3,3d,3,2,3,1.5,d,0,88,16.06581898178117,2,0,0,18,0,0,0,2,0,0,0,0,0,0,0,16,0,0,0,0,0,0,0,0,0,2,1.1111111111111112,0.9999979612473904,0.0
108,20,1s2.2s2.2p6.3s2.3p6.3d2,3d,3,2,2,1.5,d,0,89,15.318236242385085,1,0,0,18,0,0,0,1,0,0,0,0,0,0,0,16,0,0,0,0,0,0,0,0,0,2,0.5555555555555556,0.9999979612473904,0.0
108,19,1s2.2s2.2p6.3s2.3p6.3d1,3d,3,2,1,1.5,d,0,90,14.615753461451872,0,0,0,18,0,0,0,0,0,0,0,0,0,0,0,16,0,0,0,0,0,0,0,0,0,2,0.0,0.9999979612473904,0.0
108,18,1s2.2s2.2p6.3s2.3p6,3p,3,1,6,1.5,p3,0,91,12.667818264554036,5,10,2,0,0,0,5,0,0,2,8,0,0,2,0,0,0,0,0,0,0,0,0,0,0,0,0.0,0.9999979612473904,0.0
108,17,1s2.2s2.2p6.3s2.3p5,3p,3,1,5,1.5,p3,0,92,12.08347223011717,4,10,2,0,0,0,4,0,0,2,8,0,0,2,0,0,0,0,0,0,0,0,0,0,0,0,-0.6000000000000001,0.9999979612473904,0.0
108,16,1s2.2s2.2p6.3s2.3p4,3p,3,1,4,1.5,p3,0,93,11.49928244974415,3,10,2,0,0,0,3,0,0,2,8,0,0,2,0,0,0,0,0,0,0,0,0,0,0,0,-1.2,0.9999979612473904,0.0
108,15,1s2.2s2.2p6.3s2.3p3,3p,3,1,3,1.5,p3,0,94,10.730818199117742,2,10,2,0,0,0,2,0,0,2,8,0,0,2,0,0,0,0,0,0,0,0,0,0,0,0,1.2,0.9999979612473904,0.0
108,14,1s2.2s2.2p6.3s2.3p2,3p,3,1,2,0.5,p1,0,95,10.145247180423096,1,10,2,0,0,0,1,0,0,2,8,0,0,2,0,0,0,0,0,0,0,0,0,0,0,0,0.6,0.9999979612473904,0.0
108,13,1s2.2s2.2p6.3s2.3p1,3p,3,1,1,0.5,p1,0,96,9.559774441642945,0,10,2,0,0,0,0,0,0,2,8,0,0,2,0,0,0,0,0,0,0,0,0,0,0,0,0.0,0.9999979612473904,0.0
108,12,1s2.2s2.2p6.3s2,3s,3,0,2,0.5,s,0,97,8.35113401342552,1,8,2,0,0,1,0,0,0,0,8,0,0,2,0,0,0,0,0,0,0,0,0,0,0,0,0.0,0.9999979612473904,0.0
108,11,1s2.2s2.2p6.3s1,3s,3,0,1,0.5,s,0,98,7.7856408855844075,0,8,2,0,0,0,0,0,0,0,8,0,0,2,0,0,0,0,0,0,0,0,0,0,0,0,0.0,0.9999979612473904,0.0
108,10,1s2.2s2.2p6,2p,2,1,6,1.5,p3,0,99,6.545979557232126,5,4,0,0,0,0,5,0,0,2,2,0,0,0,0,0,0,0,0,0,0,0,0,0,0,0,0.0,0.9999979612473904,0.0
108,9,1s2.2s2.2p5,2p,2,1,5,1.5,p3,0,100,5.88972955723213,4,4,0,0,0,0,4,0,0,2,2,0,0,0,0,0,0,0,0,0,0,0,0,0,0,0,-0.6000000000000001,0.9999979612473904,0.0
108,8,1s2.2s2.2p4,2p,2,1,4,1.5,p3,0,101,5.233479557232133,3,4,0,0,0,0,3,0,0,2,2,0,0,0,0,0,0,0,0,0,0,0,0,0,0,0,-1.2,0.9999979612473904,0.0
108,7,1s2.2s2.2p3,2p,2,1,3,1.5,p3,0,102,4.378670782625834,2,4,0,0,0,0,2,0,0,2,2,0,0,0,0,0,0,0,0,0,0,0,0,0,0,0,1.2,0.9999979612473904,0.0
108,6,1s2.2s2.2p2,2p,2,1,2,0.5,p1,0,103,3.7253535771907345,1,4,0,0,0,0,1,0,0,2,2,0,0,0,0,0,0,0,0,0,0,0,0,0,0,0,0.6,0.9999979612473904,0.0
108,5,1s2.2s2.2p1,2p,2,1,1,0.5,p1,0,104,3.0730091792350134,0,4,0,0,0,0,0,0,0,2,2,0,0,0,0,0,0,0,0,0,0,0,0,0,0,0,0.0,0.9999979612473904,0.0
108,4,1s2.2s2,2s,2,0,2,0.5,s,0,105,2.145875983124917,1,2,0,0,0,1,0,0,0,0,2,0,0,0,0,0,0,0,0,0,0,0,0,0,0,0,0.0,0.9999979612473904,337.8363436136479
108,2,1s2,1s,1,0,2,0.5,s,0,107,0.625,1,0,0,0,0,1,0,0,0,0,0,0,0,0,0,0,0,0,0,0,0,0,0,0,0,0,0.0,0.9999979612473904,1536.8416336732314
108,1,1s1,1s,1,0,1,0.5,s,0,108,0.0,0,0,0,0,0,0,0,0,0,0,0,0,0,0,0,0,0,0,0,0,0,0,0,0,0,0,0.0,0.9999979612473904,1536.8416336732314
109,105,1s2.2s2.2p6.3s2.3p6.3d10.4s2.4p6.4d10.4f14.5s2.5p6.5d10.5f14.6s2.6p6.6d5,6d,6,2,5,2.5,d,0,5,81.98943524061843,4,0,0,100,0,0,0,4,0,0,0,0,0,0,0,16,10,14,0,0,0,0,0,0,0,60,2.2222222222222223,0.9999979536753014,0.0
109,102,1s2.2s2.2p6.3s2.3p6.3d10.4s2.4p6.4d10.4f14.5s2.5p6.5d10.5f14.6s2.6p6.6d2,6d,6,2,2,1.5,d,0,8,80.19627693909138,1,0,0,100,0,0,0,1,0,0,0,0,0,0,0,16,10,14,0,0,0,0,0,0,0,60,0.5555555555555556,0.9999979536753014,0.0
109,101,1s2.2s2.2p6.3s2.3p6.3d10.4s2.4p6.4d10.4f14.5s2.5p6.5d10.5f14.6s2.6p6.6d1,6d,6,2,1,1.5,d,0,9,79.62274196190309,0,0,0,100,0,0,0,0,0,0,0,0,0,0,0,16,10,14,0,0,0,0,0,0,0,60,0.0,0.9999979536753014,0.0
109,100,1s2.2s2.2p6.3s2.3p6.3d10.4s2.4p6.4d10.4f14.5s2.5p6.5d10.5f14.6s2.6p6,5f,5,3,14,3.5,f,0,10,77.52027145992278,13,0,0,78,8,0,0,0,13,0,0,0,0,0,0,0,0,0,36,14,0,0,0,8,0,28,0.0,0.9999979536753014,0.0
109,99,1s2.2s2.2p6.3s2.3p6.3d10.4s2.4p6.4d10.4f14.5s2.5p6.5d10.5f13.6s2.6p6,5f,5,3,13,3.5,f,0,11,76.86253825278534,12,0,0,78,8,0,0,0,12,0,0,0,0,0,0,0,0,0,36,14,0,0,0,8,0,28,-0.5384615384615383,0.9999979536753014,0.0
109,98,1s2.2s2.2p6.3s2.3p6.3d10.4s2.4p6.4d10.4f14.5s2.5p6.5d10.5f12.6s2.6p6,5f,5,3,12,3.5,f,0,12,76.19058398634559,11,0,0,78,8,0,0,0,11,0,0,0,0,0,0,0,0,0,36,14,0,0,0,8,0,28,-1.0769230769230766,0.9999979536753014,0.0
109,97,1s2.2s2.2p6.3s2.3p6.3d10.4s2.4p6.4d10.4f14.5s2.5p6.5d10.5f11.6s2.6p6,5f,5,3,11,3.5,f,0,13,75.48307707167315,10,0,0,78,8,0,0,0,10,0,0,0,0,0,0,0,0,0,36,14,0,0,0,8,0,28,-1.615384615384615,0.9999979536753014,0.0
109,96,1s2.2s2.2p6.3s2.3p6.3d10.4s2.4p6.4d10.4f14.5s2.5p6.5d10.5f10.6s2.6p6,5f,5,3,10,3.5,f,0,14,74.77557015699401,9,0,0,78,8,0,0,0,9,0,0,0,0,0,0,0,0,0,36,14,0,0,0,8,0,28,-2.153846153846154,0.9999979536753014,0.0
109,95,1s2.2s2.2p6.3s2.3p6.3d10.4s2.4p6.4d10.4f14.5s2.5p6.5d10.5f9.6s2.6p6,5f,5,3,9,3.5,f,0,15,74.10361589056096,8,0,0,78,8,0,0,0,8,0,0,0,0,0,0,0,0,0,36,14,0,0,0,8,0,28,-2.6923076923076925,0.9999979536753014,0.0
109,94,1s2.2s2.2p6.3s2.3p6.3d10.4s2.4p6.4d10.4f14.5s2.5p6.5d10.5f8.6s2.6p6,5f,5,3,8,3.5,f,0,16,73.44588268341612,7,0,0,78,8,0,0,0,7,0,0,0,0,0,0,0,0,0,36,14,0,0,0,8,0,28,-3.230769230769231,0.9999979536753014,0.0
109,93,1s2.2s2.2p6.3s2.3p6.3d10.4s2.4p6.4d10.4f14.5s2.5p6.5d10.5f7.6s2.6p6,5f,5,3,7,3.5,f,0,17,72.54790131222121,6,0,0,78,8,0,0,0,6,0,0,0,0,0,0,0,0,0,36,14,0,0,0,8,0,28,3.230769230769231,0.9999979536753014,0.0
109,92,1s2.2s2.2p6.3s2.3p6.3d10.4s2.4p6.4d10.4f14.5s2.5p6.5d10.5f6.6s2.6p6,5f,5,3,6,2.5,f,0,18,71.89016810507714,5,0,0,78,8,0,0,0,5,0,0,0,0,0,0,0,0,0,36,14,0,0,0,8,0,28,2.6923076923076925,0.9999979536753014,0.0
109,91,1s2.2s2.2p6.3s2.3p6.3d10.4s2.4p6.4d10.4f14.5s2.5p6.5d10.5f5.6s2.6p6,6p,6,1,6,1.5,p3,0,19,69.678910452758,5,25,60,0,0,0,5,0,0,2,8,10,5,8,24,0,0,0,0,0,0,0,0,0,28,0,0.0,0.9999979536753014,0.0
109,78,1s2.2s2.2p6.3s2.3p6.3d10.4s2.4p6.4d10.4f14.5s2.5p6.5d10,5d,5,2,10,2.5,d,0,32,60.18161976204584,9,0,0,68,0,0,0,9,0,0,0,0,0,0,0,16,10,14,0,0,0,0,0,0,0,28,0.0,0.9999979536753014,0.0
109,77,1s2.2s2.2p6.3s2.3p6.3d10.4s2.4p6.4d10.4f14.5s2.5p6.5d9,5d,5,2,9,2.5,d,0,33,59.591820854204364,8,0,0,68,0,0,0,8,0,0,0,0,0,0,0,16,10,14,0,0,0,0,0,0,0,28,-0.5555555555555554,0.9999979536753014,0.0
109,76,1s2.2s2.2p6.3s2.3p6.3d10.4s2.4p6.4d10.4f14.5s2.5p6.5d8,5d,5,2,8,2.5,d,0,34,58.964892641510204,7,0,0,68,0,0,0,7,0,0,0,0,0,0,0,16,10,14,0,0,0,0,0,0,0,28,-1.1111111111111112,0.9999979536753014,0.0
109,75,1s2.2s2.2p6.3s2.3p6.3d10.4s2.4p6.4d10.4f14.5s2.5p6.5d7,5d,5,2,7,2.5,d,0,35,58.33796442882129,6,0,0,68,0,0,0,6,0,0,0,0,0,0,0,16,10,14,0,0,0,0,0,0,0,28,-1.6666666666666665,0.9999979536753014,0.0
109,74,1s2.2s2.2p6.3s2.3p6.3d10.4s2.4p6.4d10.4f14.5s2.5p6.5d6,5d,5,2,6,2.5,d,0,36,57.74816552097457,5,0,0,68,0,0,0,5,0,0,0,0,0,0,0,16,10,14,0,0,0,0,0,0,0,28,-2.2222222222222223,0.9999979536753014,0.0
109,73,1s2.2s2.2p6.3s2.3p6.3d10.4s2.4p6.4d10.4f14.5s2.5p6.5d5,5d,5,2,5,2.5,d,0,37,56.939981578454784,4,0,0,68,0,0,0,4,0,0,0,0,0,0,0,16,10,14,0,0,0,0,0,0,0,28,2.2222222222222223,0.9999979536753014,0.0
109,72,1s2.2s2.2p6.3s2.3p6.3d10.4s2.4p6.4d10.4f14.5s2.5p6.5d4,5d,5,2,4,1.5,d,0,38,56.35018267060813,3,0,0,68,0,0,0,3,0,0,0,0,0,0,0,16,10,14,0,0,0,0,0,0,0,28,1.6666666666666667,0.9999979536753014,0.0
109,71,1s2.2s2.2p6.3s2.3p6.3d10.4s2.4p6.4d10.4f14.5s2.5p6.5d3,5d,5,2,3,1.5,d,0,39,55.72325445791909,2,0,0,68,0,0,0,2,0,0,0,0,0,0,0,16,10,14,0,0,0,0,0,0,0,28,1.1111111111111112,0.9999979536753014,0.0
109,70,1s2.2s2.2p6.3s2.3p6.3d10.4s2.4p6.4d10.4f14.5s2.5p6.5d2,5d,5,2,2,1.5,d,0,40,55.09632624522511,1,0,0,68,0,0,0,1,0,0,0,0,0,0,0,16,10,14,0,0,0,0,0,0,0,28,0.5555555555555556,0.9999979536753014,0.0
109,69,1s2.2s2.2p6.3s2.3p6.3d10.4s2.4p6.4d10.4f14.5s2.5p6.5d1,5d,5,2,1,1.5,d,0,41,54.50652733738305,0,0,0,68,0,0,0,0,0,0,0,0,0,0,0,16,10,14,0,0,0,0,0,0,0,28,0.0,0.9999979536753014,0.0
109,46,1s2.2s2.2p6.3s2.3p6.3d10.4s2.4p6.4d10,4d,4,2,10,2.5,d,0,64,35.18427854681272,9,0,0,36,0,0,0,9,0,0,0,0,0,0,0,16,10,0,0,0,0,0,0,0,0,10,0.0,0.9999979536753014,0.0
109,45,1s2.2s2.2p6.3s2.3p6.3d10.4s2.4p6.4d9,4d,4,2,9,2.5,d,0,65,34.56268954011648,8,0,0,36,0,0,0,8,0,0,0,0,0,0,0,16,10,0,0,0,0,0,0,0,0,10,-0.5555555555555554,0.9999979536753014,0.0
109,44,1s2.2s2.2p6.3s2.3p6.3d10.4s2.4p6.4d8,4d,4,2,8,2.5,d,0,66,33.90183225775024,7,0,0,36,0,0,0,7,0,0,0,0,0,0,0,16,10,0,0,0,0,0,0,0,0,10,-1.1111111111111112,0.9999979536753014,0.0
109,43,1s2.2s2.2p6.3s2.3p6.3d10.4s2.4p6.4d7,4d,4,2,7,2.5,d,0,67,33.24097497538423,6,0,0,36,0,0,0,6,0,0,0,0,0,0,0,16,10,0,0,0,0,0,0,0,0,10,-1.6666666666666665,0.9999979536753014,0.0
109,42,1s2.2s2.2p6.3s2.3p6.3d10.4s2.4p6.4d6,4d,4,2,6,2.5,d,0,68,32.619385968687766,5,0,0,36,0,0,0,5,0,0,0,0,0,0,0,16,10,0,0,0,0,0,0,0,0,10,-2.2222222222222223,0.9999979536753014,0.0
109,41,1s2.2s2.2p6.3s2.3p6.3d10.4s2.4p6.4d5,4d,4,2,5,2.5,d,0,69,31.77042966985971,4,0,0,36,0,0,0,4,0,0,0,0,0,0,0,16,10,0,0,0,0,0,0,0,0,10,2.2222222222222223,0.9999979536753014,0.0
109,40,1s2.2s2.2p6.3s2.3p6.3d10.4s2.4p6.4d4,4d,4,2,4,1.5,d,0,70,31.14884066316324,3,0,0,36,0,0,0,3,0,0,0,0,0,0,0,16,10,0,0,0,0,0,0,0,0,10,1.6666666666666667,0.9999979536753014,0.0
109,39,1s2.2s2.2p6.3s2.3p6.3d10.4s2.4p6.4d3,4d,4,2,3,1.5,d,0,71,30.487983380797118,2,0,0,36,0,0,0,2,0,0,0,0,0,0,0,16,10,0,0,0,0,0,0,0,0,10,1.1111111111111112,0.9999979536753014,0.0
109,38,1s2.2s2.2p6.3s2.3p6.3d10.4s2.4p6.4d2,4d,4,2,2,1.5,d,0,72,29.82712609843111,1,0,0,36,0,0,0,1,0,0,0,0,0,0,0,16,10,0,0,0,0,0,0,0,0,10,0.5555555555555556,0.9999979536753014,0.0
109,37,1s2.2s2.2p6.3s2.3p6.3d10.4s2.4p6.4d1,4d,4,2,1,1.5,d,0,73,29.20553709173464,0,0,0,36,0,0,0,0,0,0,0,0,0,0,0,16,10,0,0,0,0,0,0,0,0,10,0.0,0.9999979536753014,0.0
109,36,1s2.2s2.2p6.3s2.3p6.3d10.4s2.4p6,4p,4,1,6,1.5,p3,0,74,26.676544772007787,5,20,10,0,0,0,5,0,0,2,8,10,0,8,0,0,0,0,0,0,0,0,0,0,2,0,0.0,0.9999979536753014,0.0
109,35,1s2.2s2.2p6.3s2.3p6.3d10.4s2.4p5,4p,4,1,5,1.5,p3,0,75,26.117340670445287,4,20,10,0,0,0,4,0,0,2,8,10,0,8,0,0,0,0,0,0,0,0,0,0,2,0,-0.6000000000000001,0.9999979536753014,0.0
109,34,1s2.2s2.2p6.3s2.3p6.3d10.4s2.4p4,4p,4,1,4,1.5,p3,0,76,25.558136568882787,3,20,10,0,0,0,3,0,0,2,8,10,0,8,0,0,0,0,0,0,0,0,0,0,2,0,-1.2,0.9999979536753014,0.0
109,33,1s2.2s2.2p6.3s2.3p6.3d10.4s2.4p3,4p,4,1,3,1.5,p3,0,77,24.807678805211026,2,20,10,0,0,0,2,0,0,2,8,10,0,8,0,0,0,0,0,0,0,0,0,0,2,0,1.2,0.9999979536753014,0.0
109,32,1s2.2s2.2p6.3s2.3p6.3d10.4s2.4p2,4p,4,1,2,0.5,p1,0,78,24.24270156046225,1,20,10,0,0,0,1,0,0,2,8,10,0,8,0,0,0,0,0,0,0,0,0,0,2,0,0.6,0.9999979536753014,0.0
109,31,1s2.2s2.2p6.3s2.3p6.3d10.4s2.4p1,4p,4,1,1,0.5,p1,0,79,23.681451647104154,0,20,10,0,0,0,0,0,0,2,8,10,0,8,0,0,0,0,0,0,0,0,0,0,2,0,0.0,0.9999979536753014,0.0
109,30,1s2.2s2.2p6.3s2.3p6.3d10.4s2,4s,4,0,2,0.5,s,0,80,22.126593730819764,1,18,10,0,0,1,0,0,0,0,8,10,0,8,0,0,0,0,0,0,0,0,0,0,2,0,0.0,0.9999979536753014,0.0
109,29,1s2.2s2.2p6.3s2.3p6.3d10.4s1,4s,4,0,1,0.5,s,0,81,21.554071296483926,0,18,10,0,0,0,0,0,0,0,8,10,0,8,0,0,0,0,0,0,0,0,0,0,2,0,0.0,0.9999979536753014,0.0
109,28,1s2.2s2.2p6.3s2.3p6.3d10,3d,3,2,10,2.5,d,0,82,21.379455336979806,9,0,0,18,0,0,0,9,0,0,0,0,0,0,0,16,0,0,0,0,0,0,0,0,0,2,0.0,0.9999979536753014,0.0
109,27,1s2.2s2.2p6.3s2.3p6.3d9,3d,3,2,9,2.5,d,0,83,20.677223194122995,8,0,0,18,0,0,0,8,0,0,0,0,0,0,0,16,0,0,0,0,0,0,0,0,0,2,-0.5555555555555554,0.9999979536753014,0.0
109,26,1s2.2s2.2p6.3s2.3p6.3d8,3d,3,2,8,2.5,d,0,84,19.92856167011884,7,0,0,18,0,0,0,7,0,0,0,0,0,0,0,16,0,0,0,0,0,0,0,0,0,2,-1.1111111111111112,0.9999979536753014,0.0
109,25,1s2.2s2.2p6.3s2.3p6.3d7,3d,3,2,7,2.5,d,0,85,19.180019458485546,6,0,0,18,0,0,0,6,0,0,0,0,0,0,0,16,0,0,0,0,0,0,0,0,0,2,-1.6666666666666665,0.9999979536753014,0.0
109,24,1s2.2s2.2p6.3s2.3p6.3d6,3d,3,2,6,2.5,d,0,86,18.477999944610033,5,0,0,18,0,0,0,5,0,0,0,0,0,0,0,16,0,0,0,0,0,0,0,0,0,2,-2.2222222222222223,0.9999979536753014,0.0
109,23,1s2.2s2.2p6.3s2.3p6.3d5,3d,3,2,5,2.5,d,0,87,17.516342790782076,4,0,0,18,0,0,0,4,0,0,0,0,0,0,0,16,0,0,0,0,0,0,0,0,0,2,2.2222222222222223,0.9999979536753014,0.0
109,22,1s2.2s2.2p6.3s2.3p6.3d4,3d,3,2,4,1.5,d,0,88,16.81369270190474,3,0,0,18,0,0,0,3,0,0,0,0,0,0,0,16,0,0,0,0,0,0,0,0,0,2,1.6666666666666667,0.9999979536753014,0.0
109,21,1s2.2s2.2p6.3s2.3p6.3d3,3d,3,2,3,1.5,d,0,89,16.06581898178117,2,0,0,18,0,0,0,2,0,0,0,0,0,0,0,16,0,0,0,0,0,0,0,0,0,2,1.1111111111111112,0.9999979536753014,0.0
109,20,1s2.2s2.2p6.3s2.3p6.3d2,3d,3,2,2,1.5,d,0,90,15.318236242385085,1,0,0,18,0,0,0,1,0,0,0,0,0,0,0,16,0,0,0,0,0,0,0,0,0,2,0.5555555555555556,0.9999979536753014,0.0
109,19,1s2.2s2.2p6.3s2.3p6.3d1,3d,3,2,1,1.5,d,0,91,14.615753461451872,0,0,0,18,0,0,0,0,0,0,0,0,0,0,0,16,0,0,0,0,0,0,0,0,0,2,0.0,0.9999979536753014,0.0
109,18,1s2.2s2.2p6.3s2.3p6,3p,3,1,6,1.5,p3,0,92,12.667818264554036,5,10,2,0,0,0,5,0,0,2,8,0,0,2,0,0,0,0,0,0,0,0,0,0,0,0,0.0,0.9999979536753014,0.0
109,17,1s2.2s2.2p6.3s2.3p5,3p,3,1,5,1.5,p3,0,93,12.08347223011717,4,10,2,0,0,0,4,0,0,2,8,0,0,2,0,0,0,0,0,0,0,0,0,0,0,0,-0.6000000000000001,0.9999979536753014,0.0
109,16,1s2.2s2.2p6.3s2.3p4,3p,3,1,4,1.5,p3,0,94,11.49928244974415,3,10,2,0,0,0,3,0,0,2,8,0,0,2,0,0,0,0,0,0,0,0,0,0,0,0,-1.2,0.9999979536753014,0.0
109,15,1s2.2s2.2p6.3s2.3p3,3p,3,1,3,1.5,p3,0,95,10.730818199117742,2,10,2,0,0,0,2,0,0,2,8,0,0,2,0,0,0,0,0,0,0,0,0,0,0,0,1.2,0.9999979536753014,0.0
109,14,1s2.2s2.2p6.3s2.3p2,3p,3,1,2,0.5,p1,0,96,10.145247180423096,1,10,2,0,0,0,1,0,0,2,8,0,0,2,0,0,0,0,0,0,0,0,0,0,0,0,0.6,0.9999979536753014,0.0
109,13,1s2.2s2.2p6.3s2.3p1,3p,3,1,1,0.5,p1,0,97,9.559774441642945,0,10,2,0,0,0,0,0,0,2,8,0,0,2,0,0,0,0,0,0,0,0,0,0,0,0,0.0,0.9999979536753014,0.0
109,12,1s2.2s2.2p6.3s2,3s,3,0,2,0.5,s,0,98,8.35113401342552,1,8,2,0,0,1,0,0,0,0,8,0,0,2,0,0,0,0,0,0,0,0,0,0,0,0,0.0,0.9999979536753014,0.0
109,11,1s2.2s2.2p6.3s1,3s,3,0,1,0.5,s,0,99,7.7856408855844075,0,8,2,0,0,0,0,0,0,0,8,0,0,2,0,0,0,0,0,0,0,0,0,0,0,0,0.0,0.9999979536753014,0.0
109,10,1s2.2s2.2p6,2p,2,1,6,1.5,p3,0,100,6.545979557232126,5,4,0,0,0,0,5,0,0,2,2,0,0,0,0,0,0,0,0,0,0,0,0,0,0,0,0.0,0.9999979536753014,0.0
109,9,1s2.2s2.2p5,2p,2,1,5,1.5,p3,0,101,5.88972955723213,4,4,0,0,0,0,4,0,0,2,2,0,0,0,0,0,0,0,0,0,0,0,0,0,0,0,-0.6000000000000001,0.9999979536753014,0.0
109,8,1s2.2s2.2p4,2p,2,1,4,1.5,p3,0,102,5.233479557232133,3,4,0,0,0,0,3,0,0,2,2,0,0,0,0,0,0,0,0,0,0,0,0,0,0,0,-1.2,0.9999979536753014,0.0
109,7,1s2.2s2.2p3,2p,2,1,3,1.5,p3,0,103,4.378670782625834,2,4,0,0,0,0,2,0,0,2,2,0,0,0,0,0,0,0,0,0,0,0,0,0,0,0,1.2,0.9999979536753014,0.0
109,6,1s2.2s2.2p2,2p,2,1,2,0.5,p1,0,104,3.7253535771907345,1,4,0,0,0,0,1,0,0,2,2,0,0,0,0,0,0,0,0,0,0,0,0,0,0,0,0.6,0.9999979536753014,0.0
109,5,1s2.2s2.2p1,2p,2,1,1,0.5,p1,0,105,3.0730091792350134,0,4,0,0,0,0,0,0,0,2,2,0,0,0,0,0,0,0,0,0,0,0,0,0,0,0,0.0,0.9999979536753014,0.0
109,4,1s2.2s2,2s,2,0,2,0.5,s,0,106,2.145875983124917,1,2,0,0,0,1,0,0,0,0,2,0,0,0,0,0,0,0,0,0,0,0,0,0,0,0,0.0,0.9999979536753014,372.5594290709624
109,2,1s2,1s,1,0,2,0.5,s,0,108,0.625,1,0,0,0,0,1,0,0,0,0,0,0,0,0,0,0,0,0,0,0,0,0,0,0,0,0,0.0,0.9999979536753014,1675.2593285943117
109,1,1s1,1s,1,0,1,0.5,s,0,109,0.0,0,0,0,0,0,0,0,0,0,0,0,0,0,0,0,0,0,0,0,0,0,0,0,0,0,0,0.0,0.9999979536753014,1675.2593285943117
110,105,1s2.2s2.2p6.3s2.3p6.3d10.4s2.4p6.4d10.4f14.5s2.5p6.5d10.5f14.6s2.6p6.6d5,6d,6,2,5,2.5,d,0,6,81.98943524061843,4,0,0,100,0,0,0,4,0,0,0,0,0,0,0,16,10,14,0,0,0,0,0,0,0,60,2.2222222222222223,0.9999979912095329,0.0
110,102,1s2.2s2.2p6.3s2.3p6.3d10.4s2.4p6.4d10.4f14.5s2.5p6.5d10.5f14.6s2.6p6.6d2,6d,6,2,2,1.5,d,0,9,80.19627693909138,1,0,0,100,0,0,0,1,0,0,0,0,0,0,0,16,10,14,0,0,0,0,0,0,0,60,0.5555555555555556,0.9999979912095329,0.0
110,101,1s2.2s2.2p6.3s2.3p6.3d10.4s2.4p6.4d10.4f14.5s2.5p6.5d10.5f14.6s2.6p6.6d1,6d,6,2,1,1.5,d,0,10,79.62274196190309,0,0,0,100,0,0,0,0,0,0,0,0,0,0,0,16,10,14,0,0,0,0,0,0,0,60,0.0,0.9999979912095329,0.0
110,100,1s2.2s2.2p6.3s2.3p6.3d10.4s2.4p6.4d10.4f14.5s2.5p6.5d10.5f14.6s2.6p6,5f,5,3,14,3.5,f,0,11,77.52027145992278,13,0,0,78,8,0,0,0,13,0,0,0,0,0,0,0,0,0,36,14,0,0,0,8,0,28,0.0,0.9999979912095329,0.0
110,99,1s2.2s2.2p6.3s2.3p6.3d10.4s2.4p6.4d10.4f14.5s2.5p6.5d10.5f13.6s2.6p6,5f,5,3,13,3.5,f,0,12,76.86253825278534,12,0,0,78,8,0,0,0,12,0,0,0,0,0,0,0,0,0,36,14,0,0,0,8,0,28,-0.5384615384615383,0.9999979912095329,0.0
110,98,1s2.2s2.2p6.3s2.3p6.3d10.4s2.4p6.4d10.4f14.5s2.5p6.5d10.5f12.6s2.6p6,5f,5,3,12,3.5,f,0,13,76.19058398634559,11,0,0,78,8,0,0,0,11,0,0,0,0,0,0,0,0,0,36,14,0,0,0,8,0,28,-1.0769230769230766,0.9999979912095329,0.0
110,97,1s2.2s2.2p6.3s2.3p6.3d10.4s2.4p6.4d10.4f14.5s2.5p6.5d10.5f11.6s2.6p6,5f,5,3,11,3.5,f,0,14,75.48307707167315,10,0,0,78,8,0,0,0,10,0,0,0,0,0,0,0,0,0,36,14,0,0,0,8,0,28,-1.615384615384615,0.9999979912095329,0.0
110,96,1s2.2s2.2p6.3s2.3p6.3d10.4s2.4p6.4d10.4f14.5s2.5p6.5d10.5f10.6s2.6p6,5f,5,3,10,3.5,f,0,15,74.77557015699401,9,0,0,78,8,0,0,0,9,0,0,0,0,0,0,0,0,0,36,14,0,0,0,8,0,28,-2.153846153846154,0.9999979912095329,0.0
110,95,1s2.2s2.2p6.3s2.3p6.3d10.4s2.4p6.4d10.4f14.5s2.5p6.5d10.5f9.6s2.6p6,5f,5,3,9,3.5,f,0,16,74.10361589056096,8,0,0,78,8,0,0,0,8,0,0,0,0,0,0,0,0,0,36,14,0,0,0,8,0,28,-2.6923076923076925,0.9999979912095329,0.0
110,94,1s2.2s2.2p6.3s2.3p6.3d10.4s2.4p6.4d10.4f14.5s2.5p6.5d10.5f8.6s2.6p6,5f,5,3,8,3.5,f,0,17,73.44588268341612,7,0,0,78,8,0,0,0,7,0,0,0,0,0,0,0,0,0,36,14,0,0,0,8,0,28,-3.230769230769231,0.9999979912095329,0.0
110,93,1s2.2s2.2p6.3s2.3p6.3d10.4s2.4p6.4d10.4f14.5s2.5p6.5d10.5f7.6s2.6p6,5f,5,3,7,3.5,f,0,18,72.54790131222121,6,0,0,78,8,0,0,0,6,0,0,0,0,0,0,0,0,0,36,14,0,0,0,8,0,28,3.230769230769231,0.9999979912095329,0.0
110,92,1s2.2s2.2p6.3s2.3p6.3d10.4s2.4p6.4d10.4f14.5s2.5p6.5d10.5f6.6s2.6p6,5f,5,3,6,2.5,f,0,19,71.89016810507714,5,0,0,78,8,0,0,0,5,0,0,0,0,0,0,0,0,0,36,14,0,0,0,8,0,28,2.6923076923076925,0.9999979912095329,0.0
110,91,1s2.2s2.2p6.3s2.3p6.3d10.4s2.4p6.4d10.4f14.5s2.5p6.5d10.5f5.6s2.6p6,6p,6,1,6,1.5,p3,0,20,69.678910452758,5,25,60,0,0,0,5,0,0,2,8,10,5,8,24,0,0,0,0,0,0,0,0,0,28,0,0.0,0.9999979912095329,0.0
110,78,1s2.2s2.2p6.3s2.3p6.3d10.4s2.4p6.4d10.4f14.5s2.5p6.5d10,5d,5,2,10,2.5,d,0,33,60.18161976204584,9,0,0,68,0,0,0,9,0,0,0,0,0,0,0,16,10,14,0,0,0,0,0,0,0,28,0.0,0.9999979912095329,0.0
110,77,1s2.2s2.2p6.3s2.3p6.3d10.4s2.4p6.4d10.4f14.5s2.5p6.5d9,5d,5,2,9,2.5,d,0,34,59.591820854204364,8,0,0,68,0,0,0,8,0,0,0,0,0,0,0,16,10,14,0,0,0,0,0,0,0,28,-0.5555555555555554,0.9999979912095329,0.0
110,76,1s2.2s2.2p6.3s2.3p6.3d10.4s2.4p6.4d10.4f14.5s2.5p6.5d8,5d,5,2,8,2.5,d,0,35,58.964892641510204,7,0,0,68,0,0,0,7,0,0,0,0,0,0,0,16,10,14,0,0,0,0,0,0,0,28,-1.1111111111111112,0.9999979912095329,0.0
110,75,1s2.2s2.2p6.3s2.3p6.3d10.4s2.4p6.4d10.4f14.5s2.5p6.5d7,5d,5,2,7,2.5,d,0,36,58.33796442882129,6,0,0,68,0,0,0,6,0,0,0,0,0,0,0,16,10,14,0,0,0,0,0,0,0,28,-1.6666666666666665,0.9999979912095329,0.0
110,74,1s2.2s2.2p6.3s2.3p6.3d10.4s2.4p6.4d10.4f14.5s2.5p6.5d6,5d,5,2,6,2.5,d,0,37,57.74816552097457,5,0,0,68,0,0,0,5,0,0,0,0,0,0,0,16,10,14,0,0,0,0,0,0,0,28,-2.2222222222222223,0.9999979912095329,0.0
110,73,1s2.2s2.2p6.3s2.3p6.3d10.4s2.4p6.4d10.4f14.5s2.5p6.5d5,5d,5,2,5,2.5,d,0,38,56.939981578454784,4,0,0,68,0,0,0,4,0,0,0,0,0,0,0,16,10,14,0,0,0,0,0,0,0,28,2.2222222222222223,0.9999979912095329,0.0
110,72,1s2.2s2.2p6.3s2.3p6.3d10.4s2.4p6.4d10.4f14.5s2.5p6.5d4,5d,5,2,4,1.5,d,0,39,56.35018267060813,3,0,0,68,0,0,0,3,0,0,0,0,0,0,0,16,10,14,0,0,0,0,0,0,0,28,1.6666666666666667,0.9999979912095329,0.0
110,71,1s2.2s2.2p6.3s2.3p6.3d10.4s2.4p6.4d10.4f14.5s2.5p6.5d3,5d,5,2,3,1.5,d,0,40,55.72325445791909,2,0,0,68,0,0,0,2,0,0,0,0,0,0,0,16,10,14,0,0,0,0,0,0,0,28,1.1111111111111112,0.9999979912095329,0.0
110,70,1s2.2s2.2p6.3s2.3p6.3d10.4s2.4p6.4d10.4f14.5s2.5p6.5d2,5d,5,2,2,1.5,d,0,41,55.09632624522511,1,0,0,68,0,0,0,1,0,0,0,0,0,0,0,16,10,14,0,0,0,0,0,0,0,28,0.5555555555555556,0.9999979912095329,0.0
110,69,1s2.2s2.2p6.3s2.3p6.3d10.4s2.4p6.4d10.4f14.5s2.5p6.5d1,5d,5,2,1,1.5,d,0,42,54.50652733738305,0,0,0,68,0,0,0,0,0,0,0,0,0,0,0,16,10,14,0,0,0,0,0,0,0,28,0.0,0.9999979912095329,0.0
110,46,1s2.2s2.2p6.3s2.3p6.3d10.4s2.4p6.4d10,4d,4,2,10,2.5,d,0,65,35.18427854681272,9,0,0,36,0,0,0,9,0,0,0,0,0,0,0,16,10,0,0,0,0,0,0,0,0,10,0.0,0.9999979912095329,0.0
110,45,1s2.2s2.2p6.3s2.3p6.3d10.4s2.4p6.4d9,4d,4,2,9,2.5,d,0,66,34.56268954011648,8,0,0,36,0,0,0,8,0,0,0,0,0,0,0,16,10,0,0,0,0,0,0,0,0,10,-0.5555555555555554,0.9999979912095329,0.0
110,44,1s2.2s2.2p6.3s2.3p6.3d10.4s2.4p6.4d8,4d,4,2,8,2.5,d,0,67,33.90183225775024,7,0,0,36,0,0,0,7,0,0,0,0,0,0,0,16,10,0,0,0,0,0,0,0,0,10,-1.1111111111111112,0.9999979912095329,0.0
110,43,1s2.2s2.2p6.3s2.3p6.3d10.4s2.4p6.4d7,4d,4,2,7,2.5,d,0,68,33.24097497538423,6,0,0,36,0,0,0,6,0,0,0,0,0,0,0,16,10,0,0,0,0,0,0,0,0,10,-1.6666666666666665,0.9999979912095329,0.0
110,42,1s2.2s2.2p6.3s2.3p6.3d10.4s2.4p6.4d6,4d,4,2,6,2.5,d,0,69,32.619385968687766,5,0,0,36,0,0,0,5,0,0,0,0,0,0,0,16,10,0,0,0,0,0,0,0,0,10,-2.2222222222222223,0.9999979912095329,0.0
110,41,1s2.2s2.2p6.3s2.3p6.3d10.4s2.4p6.4d5,4d,4,2,5,2.5,d,0,70,31.77042966985971,4,0,0,36,0,0,0,4,0,0,0,0,0,0,0,16,10,0,0,0,0,0,0,0,0,10,2.2222222222222223,0.9999979912095329,0.0
110,40,1s2.2s2.2p6.3s2.3p6.3d10.4s2.4p6.4d4,4d,4,2,4,1.5,d,0,71,31.14884066316324,3,0,0,36,0,0,0,3,0,0,0,0,0,0,0,16,10,0,0,0,0,0,0,0,0,10,1.6666666666666667,0.9999979912095329,0.0
110,39,1s2.2s2.2p6.3s2.3p6.3d10.4s2.4p6.4d3,4d,4,2,3,1.5,d,0,72,30.487983380797118,2,0,0,36,0,0,0,2,0,0,0,0,0,0,0,16,10,0,0,0,0,0,0,0,0,10,1.1111111111111112,0.9999979912095329,0.0
110,38,1s2.2s2.2p6.3s2.3p6.3d10.4s2.4p6.4d2,4d,4,2,2,1.5,d,0,73,29.82712609843111,1,0,0,36,0,0,0,1,0,0,0,0,0,0,0,16,10,0,0,0,0,0,0,0,0,10,0.5555555555555556,0.9999979912095329,0.0
110,37,1s2.2s2.2p6.3s2.3p6.3d10.4s2.4p6.4d1,4d,4,2,1,1.5,d,0,74,29.20553709173464,0,0,0,36,0,0,0,0,0,0,0,0,0,0,0,16,10,0,0,0,0,0,0,0,0,10,0.0,0.9999979912095329,0.0
110,36,1s2.2s2.2p6.3s2.3p6.3d10.4s2.4p6,4p,4,1,6,1.5,p3,0,75,26.676544772007787,5,20,10,0,0,0,5,0,0,2,8,10,0,8,0,0,0,0,0,0,0,0,0,0,2,0,0.0,0.9999979912095329,0.0
110,35,1s2.2s2.2p6.3s2.3p6.3d10.4s2.4p5,4p,4,1,5,1.5,p3,0,76,26.117340670445287,4,20,10,0,0,0,4,0,0,2,8,10,0,8,0,0,0,0,0,0,0,0,0,0,2,0,-0.6000000000000001,0.9999979912095329,0.0
110,34,1s2.2s2.2p6.3s2.3p6.3d10.4s2.4p4,4p,4,1,4,1.5,p3,0,77,25.558136568882787,3,20,10,0,0,0,3,0,0,2,8,10,0,8,0,0,0,0,0,0,0,0,0,0,2,0,-1.2,0.9999979912095329,0.0
110,33,1s2.2s2.2p6.3s2.3p6.3d10.4s2.4p3,4p,4,1,3,1.5,p3,0,78,24.807678805211026,2,20,10,0,0,0,2,0,0,2,8,10,0,8,0,0,0,0,0,0,0,0,0,0,2,0,1.2,0.9999979912095329,0.0
110,32,1s2.2s2.2p6.3s2.3p6.3d10.4s2.4p2,4p,4,1,2,0.5,p1,0,79,24.24270156046225,1,20,10,0,0,0,1,0,0,2,8,10,0,8,0,0,0,0,0,0,0,0,0,0,2,0,0.6,0.9999979912095329,0.0
110,31,1s2.2s2.2p6.3s2.3p6.3d10.4s2.4p1,4p,4,1,1,0.5,p1,0,80,23.681451647104154,0,20,10,0,0,0,0,0,0,2,8,10,0,8,0,0,0,0,0,0,0,0,0,0,2,0,0.0,0.9999979912095329,0.0
110,30,1s2.2s2.2p6.3s2.3p6.3d10.4s2,4s,4,0,2,0.5,s,0,81,22.126593730819764,1,18,10,0,0,1,0,0,0,0,8,10,0,8,0,0,0,0,0,0,0,0,0,0,2,0,0.0,0.9999979912095329,0.0
110,29,1s2.2s2.2p6.3s2.3p6.3d10.4s1,4s,4,0,1,0.5,s,0,82,21.554071296483926,0,18,10,0,0,0,0,0,0,0,8,10,0,8,0,0,0,0,0,0,0,0,0,0,2,0,0.0,0.9999979912095329,0.0
110,28,1s2.2s2.2p6.3s2.3p6.3d10,3d,3,2,10,2.5,d,0,83,21.379455336979806,9,0,0,18,0,0,0,9,0,0,0,0,0,0,0,16,0,0,0,0,0,0,0,0,0,2,0.0,0.9999979912095329,0.0
110,27,1s2.2s2.2p6.3s2.3p6.3d9,3d,3,2,9,2.5,d,0,84,20.677223194122995,8,0,0,18,0,0,0,8,0,0,0,0,0,0,0,16,0,0,0,0,0,0,0,0,0,2,-0.5555555555555554,0.9999979912095329,0.0
110,26,1s2.2s2.2p6.3s2.3p6.3d8,3d,3,2,8,2.5,d,0,85,19.92856167011884,7,0,0,18,0,0,0,7,0,0,0,0,0,0,0,16,0,0,0,0,0,0,0,0,0,2,-1.1111111111111112,0.9999979912095329,0.0
110,25,1s2.2s2.2p6.3s2.3p6.3d7,3d,3,2,7,2.5,d,0,86,19.180019458485546,6,0,0,18,0,0,0,6,0,0,0,0,0,0,0,16,0,0,0,0,0,0,0,0,0,2,-1.6666666666666665,0.9999979912095329,0.0
110,24,1s2.2s2.2p6.3s2.3p6.3d6,3d,3,2,6,2.5,d,0,87,18.477999944610033,5,0,0,18,0,0,0,5,0,0,0,0,0,0,0,16,0,0,0,0,0,0,0,0,0,2,-2.2222222222222223,0.9999979912095329,0.0
110,23,1s2.2s2.2p6.3s2.3p6.3d5,3d,3,2,5,2.5,d,0,88,17.516342790782076,4,0,0,18,0,0,0,4,0,0,0,0,0,0,0,16,0,0,0,0,0,0,0,0,0,2,2.2222222222222223,0.9999979912095329,0.0
110,22,1s2.2s2.2p6.3s2.3p6.3d4,3d,3,2,4,1.5,d,0,89,16.81369270190474,3,0,0,18,0,0,0,3,0,0,0,0,0,0,0,16,0,0,0,0,0,0,0,0,0,2,1.6666666666666667,0.9999979912095329,0.0
110,21,1s2.2s2.2p6.3s2.3p6.3d3,3d,3,2,3,1.5,d,0,90,16.06581898178117,2,0,0,18,0,0,0,2,0,0,0,0,0,0,0,16,0,0,0,0,0,0,0,0,0,2,1.1111111111111112,0.9999979912095329,0.0
110,20,1s2.2s2.2p6.3s2.3p6.3d2,3d,3,2,2,1.5,d,0,91,15.318236242385085,1,0,0,18,0,0,0,1,0,0,0,0,0,0,0,16,0,0,0,0,0,0,0,0,0,2,0.5555555555555556,0.9999979912095329,0.0
110,19,1s2.2s2.2p6.3s2.3p6.3d1,3d,3,2,1,1.5,d,0,92,14.615753461451872,0,0,0,18,0,0,0,0,0,0,0,0,0,0,0,16,0,0,0,0,0,0,0,0,0,2,0.0,0.9999979912095329,0.0
110,18,1s2.2s2.2p6.3s2.3p6,3p,3,1,6,1.5,p3,0,93,12.667818264554036,5,10,2,0,0,0,5,0,0,2,8,0,0,2,0,0,0,0,0,0,0,0,0,0,0,0,0.0,0.9999979912095329,0.0
110,17,1s2.2s2.2p6.3s2.3p5,3p,3,1,5,1.5,p3,0,94,12.08347223011717,4,10,2,0,0,0,4,0,0,2,8,0,0,2,0,0,0,0,0,0,0,0,0,0,0,0,-0.6000000000000001,0.9999979912095329,0.0
110,16,1s2.2s2.2p6.3s2.3p4,3p,3,1,4,1.5,p3,0,95,11.49928244974415,3,10,2,0,0,0,3,0,0,2,8,0,0,2,0,0,0,0,0,0,0,0,0,0,0,0,-1.2,0.9999979912095329,0.0
110,15,1s2.2s2.2p6.3s2.3p3,3p,3,1,3,1.5,p3,0,96,10.730818199117742,2,10,2,0,0,0,2,0,0,2,8,0,0,2,0,0,0,0,0,0,0,0,0,0,0,0,1.2,0.9999979912095329,0.0
110,14,1s2.2s2.2p6.3s2.3p2,3p,3,1,2,0.5,p1,0,97,10.145247180423096,1,10,2,0,0,0,1,0,0,2,8,0,0,2,0,0,0,0,0,0,0,0,0,0,0,0,0.6,0.9999979912095329,0.0
110,13,1s2.2s2.2p6.3s2.3p1,3p,3,1,1,0.5,p1,0,98,9.559774441642945,0,10,2,0,0,0,0,0,0,2,8,0,0,2,0,0,0,0,0,0,0,0,0,0,0,0,0.0,0.9999979912095329,0.0
110,12,1s2.2s2.2p6.3s2,3s,3,0,2,0.5,s,0,99,8.35113401342552,1,8,2,0,0,1,0,0,0,0,8,0,0,2,0,0,0,0,0,0,0,0,0,0,0,0,0.0,0.9999979912095329,0.0
110,11,1s2.2s2.2p6.3s1,3s,3,0,1,0.5,s,0,100,7.7856408855844075,0,8,2,0,0,0,0,0,0,0,8,0,0,2,0,0,0,0,0,0,0,0,0,0,0,0,0.0,0.9999979912095329,0.0
110,10,1s2.2s2.2p6,2p,2,1,6,1.5,p3,0,101,6.545979557232126,5,4,0,0,0,0,5,0,0,2,2,0,0,0,0,0,0,0,0,0,0,0,0,0,0,0,0.0,0.9999979912095329,0.0
110,9,1s2.2s2.2p5,2p,2,1,5,1.5,p3,0,102,5.88972955723213,4,4,0,0,0,0,4,0,0,2,2,0,0,0,0,0,0,0,0,0,0,0,0,0,0,0,-0.6000000000000001,0.9999979912095329,0.0
110,8,1s2.2s2.2p4,2p,2,1,4,1.5,p3,0,103,5.233479557232133,3,4,0,0,0,0,3,0,0,2,2,0,0,0,0,0,0,0,0,0,0,0,0,0,0,0,-1.2,0.9999979912095329,0.0
110,7,1s2.2s2.2p3,2p,2,1,3,1.5,p3,0,104,4.378670782625834,2,4,0,0,0,0,2,0,0,2,2,0,0,0,0,0,0,0,0,0,0,0,0,0,0,0,1.2,0.9999979912095329,0.0
110,6,1s2.2s2.2p2,2p,2,1,2,0.5,p1,0,105,3.7253535771907345,1,4,0,0,0,0,1,0,0,2,2,0,0,0,0,0,0,0,0,0,0,0,0,0,0,0,0.6,0.9999979912095329,0.0
110,5,1s2.2s2.2p1,2p,2,1,1,0.5,p1,0,106,3.0730091792350134,0,4,0,0,0,0,0,0,0,2,2,0,0,0,0,0,0,0,0,0,0,0,0,0,0,0,0.0,0.9999979912095329,0.0
110,4,1s2.2s2,2s,2,0,2,0.5,s,0,107,2.145875983124917,1,2,0,0,0,1,0,0,0,0,2,0,0,0,0,0,0,0,0,0,0,0,0,0,0,0,0.0,0.9999979912095329,414.06820586217174
110,2,1s2,1s,1,0,2,0.5,s,0,109,0.625,1,0,0,0,0,1,0,0,0,0,0,0,0,0,0,0,0,0,0,0,0,0,0,0,0,0,0.0,0.9999979912095329,1839.8471965620909
110,1,1s1,1s,1,0,1,0.5,s,0,110,0.0,0,0,0,0,0,0,0,0,0,0,0,0,0,0,0,0,0,0,0,0,0,0,0,0,0,0,0.0,0.9999979912095329,1839.8471965620909
