Z,N,IE_pred_eV
1,1,13.598434460885766
2,2,23.18244291368004
2,1,54.41776506140876
3,3,5.194947065635122
3,2,73.13085078253654
3,1,122.45435792352012
4,4,8.58658061809153
4,3,17.372677602055674
4,2,150.6602225041416
4,1,217.71858176909103
5,5,8.313888497795933
5,4,23.562516761210638
5,3,36.5614834944259
5,2,255.65106538939088
5,1,340.2260170213159
6,6,12.02952012924862
6,5,23.288585420721706
6,4,45.65379881889622
6,3,62.701552810733396
6,2,388.0521882013102
6,1,489.99319730417835
7,7,16.270023694195764
7,6,29.22918526199515
7,5,45.489153579351644
7,4,74.75682260230792
7,3,95.76079842009871
7,2,547.8516182583003
7,1,667.0461205704481
8,8,15.062526635625035
8,7,35.736399261812124
8,6,53.73114809788892
8,5,74.78503785683576
8,4,110.81799378995842
8,3,135.72208552212334
8,2,735.0536932738545
8,1,871.409887016506
9,9,19.977908903980833
9,8,35.386609647006
9,7,62.539564290530336
9,6,85.3732005909016
9,5,111.10454869086871
9,4,153.8101264565947
9,3,182.57849080598737
9,2,949.6789404612056
9,1,1103.117491053579
10,10,25.4269146248101
10,9,42.65116702036048
10,8,63.09267621406508
10,7,96.486791816351
10,6,124.06853979925984
10,5,154.40719535498133
10,4,203.71992578155434
10,3,236.32846548615592
10,2,1191.7514984544948
10,1,1362.1991961501124
11,11,5.4239173586811935
11,10,50.50617350101206
11,9,72.73455449388564
11,8,97.97284036232772
11,7,137.4743185532261
11,6,169.77091768726018
11,5,204.67267432878828
11,4,260.5451618482039
11,3,296.977289604909
11,2,1461.3140992182052
11,1,1648.7022023940326
12,12,7.11897840393858
12,11,13.869153695620682
12,10,83.00828640970802
12,9,110.00405837629827
12,8,139.91424430059132
12,7,185.4413413894497
12,6,222.4553788536164
12,5,261.8910886993548
12,4,324.28774081862224
12,3,364.53140349590205
12,2,1758.4035388405418
12,1,1962.6637717108076
13,13,6.003953865921218
13,12,16.799406205089422
13,11,25.911751078079558
13,10,122.69972609096813
13,9,154.34220178468433
13,8,188.8524551913592
13,7,240.35223418134143
13,6,282.11236671920284
13,5,326.0624596643124
13,4,394.9563849387849
13,3,439.00279511061615
13,2,2083.0754561120884
13,1,2304.1402008552504
14,14,7.977323480601663
14,13,14.923869467283211
14,12,30.15619624075536
14,11,41.40885092912637
14,10,169.46035361503797
14,9,205.68193608832408
14,8,244.74795402278235
14,7,302.18407264745065
14,6,348.7399119849616
14,5,397.19076437404414
14,4,472.5609420710027
14,3,520.403283165268
14,2,2435.3779989209816
14,1,2673.1777455722377
15,15,10.209488744654168
15,14,18.09530041578251
15,13,27.49958503980477
15,12,47.01257178203521
15,11,60.266591398210196
15,10,223.22433241434263
15,9,263.98455395828574
15,8,307.5775650948266
15,7,370.9241533320068
15,6,422.3442869520284
15,5,475.2864785860164
15,4,557.116615684957
15,3,608.7496762098157
15,2,2815.377836820057
15,1,3069.8418679669994
16,16,10.254420230623005
16,15,21.56376931673416
16,14,31.94331884808075
16,13,43.57299712778148
16,12,67.25639908524863
16,11,82.42146445605776
16,10,283.9529843833158
16,9,329.2260111614243
16,8,377.326192609404
16,7,446.56383023878124
16,6,502.9347146451221
16,5,560.3615001603016
16,4,648.6385140453716
16,3,704.0579988000712
16,2,3223.133596203337
16,1,3494.1881614887184
17,17,13.004278306535385
17,16,22.317781978519363
17,15,36.68384233056692
17,14,49.33091307595526
17,13,63.040810036252736
17,12,90.8145039942183
17,11,107.8302851692387
17,10,351.62461090230704
17,9,401.39315709750605
17,8,453.986306398747
17,7,529.1000785624055
17,6,590.5262101480189
17,5,652.4329510682782
17,4,747.1465621921969
17,3,806.3490456588862
17,2,3658.722214353774
17,1,3946.2913427962694
18,18,16.08376322585534
18,17,26.441342967519343
18,16,38.17438957233288
18,15,55.34799087987963
18,14,70.13775574054017
18,13,85.83364277468068
18,12,117.63807506402873
18,11,136.4633757496509
18,10,426.22661865833436
18,9,480.47842610724564
18,8,537.5537881860116
18,7,618.5317070139627
18,6,685.1358796974716
18,5,751.519362662042
18,4,852.6613472395828
18,3,915.6439402678445
18,2,4122.218933477748
18,1,4426.223502824283
19,19,3.395218066784931
19,18,30.953263995502933
19,17,43.700487104248275
19,16,57.58799253261591
19,15,77.41826945123243
19,14,94.2850288259789
19,13,111.90395802728398
19,12,147.69405170872014
19,11,168.3002236369102
19,10,507.751251025215
19,9,566.4769864678846
19,8,628.0258479298694
19,7,714.8577142619928
19,6,786.7815194002146
19,5,857.6394111175641
19,4,965.2029122395742
19,3,1031.9629553668233
19,2,4613.692387226886
19,1,4934.049107465245
20,20,4.035019893227886
20,19,8.673946837093675
20,18,49.65875940768748
20,17,64.52339161018665
20,16,80.41429101334859
20,15,102.80527301089312
20,14,121.72064619180412
20,13,141.2197143032913
20,12,180.96111501318148
20,11,203.3280837709053
20,10,596.1973565187168
20,9,659.3897609537389
20,8,725.404996487938
20,7,818.0822543039036
20,6,895.487337329942
20,5,970.8183178690856
20,4,1084.7980516799246
20,3,1155.3333785563843
20,2,5133.239771365561
20,1,5469.862745477554
21,21,4.442168837525076
21,20,9.370016074911549
21,19,22.540994319441186
21,18,71.92376769142544
21,17,88.75713549539796
21,16,106.56068087661752
21,15,131.44897487177968
21,14,152.4097931438434
21,13,173.7592793236899
21,12,217.42561857594535
21,11,241.53921309364904
21,10,691.5659383678625
21,9,759.218985127648
21,8,829.6944209825133
21,7,928.2095497805773
21,6,1011.2784601249683
21,5,1091.0818948290412
21,4,1211.4737194535203
21,3,1285.78244500023
21,2,5680.95551515656
21,1,6033.755436566424
22,22,4.8797084967269315
22,21,10.112624014739952
22,20,24.411618859569035
22,19,37.35820582279207
22,18,97.58987468464694
22,17,116.30578877065652
22,16,135.96541544748686
22,15,163.30781082947192
22,14,186.329138119225
22,13,209.508184803987
22,12,257.07910926427866
22,11,282.9292652097623
22,10,793.8583841302329
22,9,865.9666518821514
22,8,940.8965538641511
22,7,1045.242527147532
22,6,1134.1796044566831
22,5,1218.4552230353365
22,4,1345.2557125715623
22,3,1423.3360044984001
22,2,6256.925818557445
22,1,6625.809040542238
23,23,5.348686849933691
23,22,15.121668909705047
23,21,26.136698722088596
23,20,39.88526602650374
23,19,55.73254459003115
23,18,126.56049446605498
23,17,147.10710967161825
23,16,168.5866080396126
23,15,198.35294580743587
23,14,223.46405163005986
23,13,248.45796975699596
23,12,299.9179154757181
23,11,327.4975603659443
23,10,903.0792000807703
23,9,979.6377356542004
23,8,1059.0167504298229
23,7,1169.1870614004124
23,6,1264.2197972033782
23,5,1352.96780088238
23,4,1486.1744021843583
23,3,1568.0246291716219
23,2,6861.255534964339
23,1,7246.124867346
24,24,5.615113774370606
24,23,16.659623237252585
24,22,27.95083984884474
24,21,42.19142463504961
24,20,58.973103876929024
24,19,77.59776157202425
24,18,158.77414866652867
24,17,181.11945020384286
24,16,204.3951515395948
24,15,236.56392694572327
24,14,263.80583528262315
24,13,290.60426793475204
24,12,345.94144391194754
24,11,375.24566306490806
24,10,1019.233311694984
24,9,1100.2373539628293
24,8,1184.0602720110348
24,7,1300.048668270005
24,6,1401.4288313102777
24,5,1494.6497427670902
24,4,1634.2603813749877
24,3,1719.878999638382
24,2,7494.047110888886
24,1,7894.80129999
25,25,6.385288314710497
25,24,12.629950140138387
25,23,30.164119235587975
25,22,44.60943197808982
25,21,61.90741660900563
25,20,81.59732407863676
25,19,102.89877310022965
25,18,194.19082132934116
25,17,218.31472475959404
25,16,243.37095409284186
25,15,277.92660357176544
25,14,307.3506866447277
25,13,335.9464169920387
25,12,395.1521529608379
25,11,426.1776589580184
25,10,1142.327812951334
25,9,1227.7727511469811
25,8,1316.0344935073304
25,7,1437.8349978194751
25,6,1545.8400193607654
25,5,1643.534749456151
25,4,1789.5480298731586
25,3,1878.9336765210276
25,2,8155.418336452347
25,1,8571.952567438824
26,26,6.990533254705042
26,25,13.515035226652135
26,24,27.912521592345172
26,23,47.56551193462487
26,22,64.97485116024404
26,21,85.19663479047355
26,20,107.69371885702286
26,19,131.5893344197322
26,18,232.78371832461582
26,17,258.6734939831823
26,16,285.4997500024619
26,15,322.4308145542051
26,14,354.09792432788413
26,13,384.48599032307385
26,12,447.5541076334315
26,11,480.29879172974273
26,10,1272.3689754106795
26,9,1362.250123284083
26,8,1454.945526033629
26,7,1582.552161680945
26,6,1697.4862808827424
26,5,1799.655948572019
26,4,1952.0709586861105
26,3,2045.2223090078608
26,2,8845.481321863756
26,1,9277.686582905602
27,27,7.636338134720078
27,26,17.49553734292795
27,25,30.273977292213395
27,24,45.39179269880361
27,23,68.72339937066377
27,22,88.9487617246855
27,21,111.98722579052105
27,20,137.2091321046052
27,19,163.63067318644374
27,18,274.53520486673045
27,17,302.18281383983367
27,16,330.7720611083017
27,15,370.07004824814027
27,14,404.0501269368762
27,13,436.2272738222746
27,12,503.1537602861559
27,11,537.6164493038439
27,10,1409.3654444290141
27,9,1503.6780987409502
27,8,1600.8019843781158
27,7,1734.2088873923801
27,6,1856.40465894628
27,5,1963.0507155345385
27,4,2121.866964584785
27,3,2218.7828479129785
27,2,9564.363793979275
27,1,10012.127361734565
28,28,8.324159536964542
28,27,19.076739330856487
28,26,32.40591304268154
28,25,48.53324839338463
28,24,66.63384798713365
28,23,93.52591601387992
28,22,116.45135553119162
28,21,142.21988012462648
28,20,170.099020503764
28,19,198.98980354391816
28,18,319.4332688083004
28,17,348.8336617229892
28,16,379.1811616321923
28,15,420.83967087137137
28,14,457.21152008241484
28,13,491.17572873996147
28,12,561.9583105882023
28,11,598.1385001165144
28,10,1553.3242176627698
28,9,1652.0634542863231
28,8,1753.61042799529
28,7,1892.8115742923942
28,6,2022.6310547849064
28,5,2133.7550953511586
28,4,2298.9726346339685
28,3,2399.6518924269963
28,2,10312.18739074587
28,1,10775.392251424186
29,29,8.560950441094352
29,28,21.002749668397794
29,27,34.631588633749864
29,26,51.34252130955293
29,25,70.60445382745255
29,24,91.52571686728261
29,23,121.8831717752761
29,22,147.41766272324654
29,21,175.84575824076384
29,20,206.32641077299587
29,19,237.6392115209948
29,18,367.47089782770354
29,17,398.62104433042043
29,16,430.723691843322
29,15,474.7379540721374
29,14,513.5893221727641
29,13,549.3395918291959
29,12,623.9776604103946
29,11,661.8754505295278
29,10,1704.2565949222242
29,9,1807.4174794694823
29,8,1913.3821495622383
29,7,2058.371660924259
29,6,2196.2081538393913
29,5,2311.812188512141
29,4,2483.430910654759
29,3,2587.8726017046592
29,2,11089.095412056477
29,1,11567.620966035583
30,30,9.913273495725212
30,29,17.52750442530631
30,28,37.35452375810754
30,27,54.265284504334495
30,26,74.1303221857551
30,25,96.36168935189525
30,24,119.97628978792001
30,23,153.7217712291315
30,22,181.79388166869535
30,21,212.8237671527025
30,20,245.85970291996466
30,19,279.5549629959304
30,18,418.6431551106204
30,17,451.5412811593395
30,16,485.3970159547319
30,15,531.7633653409114
30,14,573.1909527027461
30,13,610.7269764609711
30,12,689.221173564392
30,11,728.8370428443944
30,10,1862.169551645404
30,9,1969.7468079573114
30,8,2080.123446895625
30,7,2230.895127340925
30,6,2377.1742430496865
30,5,2497.2603517713987
30,4,2675.281000882069
30,3,2783.4841628059557
30,2,11895.218493723498
30,1,12388.939743328225
31,31,8.045702834332642
31,30,19.679045580423505
31,29,29.16952024469218
31,28,57.84505069479004
31,27,77.78755305799454
31,26,100.63281999290548
31,25,125.70474412377115
31,24,151.91168495460892
31,23,188.98172760385478
31,22,219.53579708031288
31,21,253.11992213052267
31,20,288.6727027397832
31,19,324.71725936755126
31,18,472.94830157512433
31,17,507.5935291112237
31,16,543.2010811865862
31,15,591.9167816260925
31,14,636.0265439831553
31,13,675.3486402847226
31,12,757.7008961785426
31,11,799.0357151807013
31,10,2027.0748695326447
31,9,2139.0631280721
31,8,2253.845928610818
31,7,2410.3936146567257
31,6,2565.5751272441307
31,5,2690.145762840691
31,4,2874.5691589598164
31,3,2986.5330336584884
31,2,12730.711363990149
31,1,13239.49967438632
32,32,9.530770601413867
32,31,16.707708969331488
32,30,32.17801583694334
32,29,43.251527030910204
32,28,82.26552395009966
32,27,105.05108942620669
32,26,130.74196165533286
32,25,158.55271987778337
32,24,187.27112216275646
32,23,227.61318857212603
32,22,260.60637900943914
32,21,296.7054074826997
32,20,334.7429340230217
32,19,373.1088876635652
32,18,530.3856741123581
32,17,566.7776741746551
32,16,604.1362759620657
32,15,655.1992363452272
32,14,702.1065839878138
32,13,743.2155167240578
32,12,829.4287997155342
32,11,872.4837035293806
32,10,2198.981804195063
32,9,2315.3754127332936
32,8,2434.558293787319
32,7,2596.875587678696
32,6,2761.4547400904944
32,5,2890.5125386561585
32,4,3081.339739319044
32,3,3197.0636251928204
32,2,13595.71985335605
32,1,14119.442331595013
33,33,10.899055341794867
33,32,18.995047455346285
33,31,28.03847768902306
33,30,47.146644252246745
33,29,59.61704026470355
33,28,110.45592844902555
33,27,135.94022119662372
33,26,164.37121428145514
33,25,194.83971036579388
33,24,226.00427166302558
33,23,269.5745453413203
33,22,304.97465317962394
33,21,343.55593354859855
33,20,384.05134171212944
33,19,424.7151918638203
33,18,590.9559435914359
33,17,629.0947422092241
33,16,668.2039698868822
33,15,721.6125951299459
33,14,771.44271018533
33,13,814.3396054015552
33,12,904.4178339401361
33,11,949.1941809424083
33,10,2377.9001328318323
33,9,2498.6931618209073
33,8,2622.269774018485
33,7,2790.350049902604
33,6,2964.859152304249
33,5,3098.4069610300608
33,4,3295.639828190133
33,3,3415.123127819886
33,2,14490.40176807158
33,1,15028.92152935009
34,34,11.116959504064805
34,33,21.07826397483184
34,32,31.19143765623615
34,31,41.81219740340743
34,30,64.41463469395367
34,29,78.15699323135922
34,28,142.2918758224117
34,27,170.36312055942267
34,26,201.45073570841151
34,25,234.5117740700006
34,24,268.06941652011113
34,23,314.8311571067425
34,22,352.61499078461406
34,21,393.65139579788485
34,20,436.5822173572535
34,19,479.524206165586
34,18,654.6615031470685
34,17,694.5473895289394
34,16,735.4070923506739
34,15,791.1602282618065
34,14,844.0484709425598
34,13,888.7347998946688
34,12,982.6828666109245
34,11,1029.1822547840409
34,10,2563.8427014911726
34,9,2689.0290741945614
34,8,2816.9929326288757
34,7,2990.8295150783974
34,6,3175.839767796662
34,5,3313.880809588823
34,4,3517.5210110529583
34,3,3640.763333528734
34,2,15414.927437118338
34,1,15968.103812450037
35,35,12.943925548560555
35,34,21.775748680526306
35,33,33.993714777994896
35,32,45.86482529134155
35,31,57.87736912874591
35,30,83.86526161356075
35,29,98.79352909131742
35,28,177.67508586825727
35,27,208.24573193639023
35,26,241.92321419708065
35,25,277.52392608172033
35,24,313.4311859366592
35,23,363.3533405609724
35,22,403.5053904497842
35,21,446.97429668289453
35,20,492.3216787007386
35,19,537.5251486631088
35,18,721.5045819446592
35,17,763.1379501826692
35,16,805.7481014030029
35,15,863.8448555332467
35,14,919.937058021784
35,13,966.4145146979438
35,12,1064.2380694046751
35,11,1112.462234173032
35,10,2756.818631473775
35,9,2886.391911554005
35,8,3018.736177974609
35,7,3198.3220436212523
35,6,3394.4449069598054
35,5,3536.982566440959
35,4,3747.032328038834
35,3,3874.033339497256
35,2,16369.457989939321
35,1,16937.14598694399
36,36,14.937121648811258
36,35,24.49978472317955
36,34,35.19978859577786
36,33,49.36989079530814
36,32,62.84895254418404
36,31,76.12750606206004
36,30,105.41665583243417
36,29,121.4705002547004
36,28,216.52737985927752
36,27,249.5282311898766
36,26,285.7418209112383
36,25,323.83909033300654
36,24,362.06023195379976
36,23,415.11649798980665
36,22,457.62803808912247
36,21,503.51064443585983
36,20,551.2588575973131
36,19,598.7098664648453
36,18,791.4894155999339
36,17,834.8707786050552
36,16,879.2314966712623
36,15,939.6712806236958
36,14,999.1242556103782
36,13,1047.3948078838637
36,12,1149.1003917414882
36,11,1199.0512785646183
36,10,2956.8424582421003
36,9,3090.7960905138184
36,8,3227.5138188075252
36,7,3412.841927623291
36,6,3620.7312023610775
36,5,3767.7693124914144
36,4,3984.231126719553
36,3,4114.99078150425
36,2,17354.18577018938
36,1,17936.236945397406
37,37,3.5245880890636436
37,36,27.429871804100255
37,35,38.86469897526019
37,34,51.09790871770361
37,33,67.0262881654498
37,32,82.02891304632763
37,31,96.48602099447956
37,30,129.01029593072352
37,29,146.14683668662127
37,28,258.7854012046304
37,27,294.16125784411327
37,26,332.8672947010077
37,25,373.4256908348722
37,24,413.9311344070475
37,23,470.0990529176256
37,22,514.9673197918613
37,21,563.2479535286574
37,20,613.3838384142645
37,19,663.0706880898143
37,18,864.6195058918386
37,17,909.749373180949
37,16,955.8607997417296
37,15,1018.6431691366741
37,14,1081.6250316923708
37,13,1131.690807728112
37,12,1237.2856311560877
37,11,1288.9652924115392
37,10,3163.9239540095236
37,9,3302.2510189161862
37,8,3443.3349036906257
37,7,3634.39785567944
37,6,3854.751083557472
37,5,4006.2936773717925
37,4,4229.170378673725
37,3,4363.688714545579
37,2,18369.283375700335
37,1,18965.544935455655
38,38,3.9573286468868685
38,37,8.15560615071139
38,36,42.77036259032225
38,35,55.719608660979
38,34,69.28221709449585
38,33,86.83852632674143
38,32,103.32345805091934
38,31,118.89724912085157
38,30,154.60418550714272
38,29,172.79267401098622
38,28,304.39778376579756
38,27,342.1043150464562
38,26,383.2671498183021
38,25,426.25744061359165
38,24,469.02263840099704
38,23,528.2830126288407
38,22,575.5106873031125
38,21,626.1763663014301
38,20,678.6890098708365
38,19,730.6019867349794
38,18,940.8998624937691
38,17,987.7787652690872
38,16,1035.6410916605912
38,15,1100.7657840327893
38,14,1167.4564734446592
38,13,1219.3198045999725
38,12,1328.8118477497892
38,11,1382.2224985939283
38,10,3378.0769911514053
38,9,3520.7703755990938
38,8,3666.212926019799
38,7,3863.0031950475804
38,6,4096.563741413112
38,5,4252.615262679592
38,4,4481.909850763495
38,3,4620.187160920185
38,2,19414.948787398356
38,1,20025.264230226196
39,39,4.053257647571995
39,38,8.922836424002409
39,37,19.060305777708624
39,36,60.61094797889987
39,35,74.86413766013852
39,34,89.6244075490296
39,33,108.71844085208966
39,32,126.67420585777015
39,31,143.32032923660142
39,30,182.167979359194
39,29,201.38623498241284
39,28,353.3221764658798
39,27,393.3235301616991
39,26,436.91387005565525
39,25,482.3118031442048
39,24,527.3162880518291
39,23,589.6526192181675
39,22,639.24735606813
39,21,692.2873477788214
39,20,747.1677284556242
39,19,801.2987989159599
39,18,1020.3353023747023
39,17,1068.9637380794072
39,16,1118.5771481368768
39,15,1186.0440039873683
39,14,1256.6357004255356
39,13,1310.2990695662684
39,12,1423.6969787379094
39,11,1478.8409525168086
39,10,3599.313412123059
39,9,3746.365702348266
39,8,3896.159132268367
39,7,4098.668915388787
39,6,4346.227674208514
39,5,4506.79288397577
39,4,4742.508729969612
39,3,4884.5454921309265
39,2,20491.37632053557
39,1,21115.585113912064
40,40,4.6122625218151265
40,39,9.266388678730987
40,38,20.605744713024166
40,37,30.15476304406022
40,36,80.7396906569977
40,35,96.16396579609277
40,34,112.03432796582285
40,33,132.60230944473102
40,32,152.03893892650132
40,31,169.7253084924112
40,30,211.67999214812733
40,29,231.91199616879635
40,28,405.5236462793001
40,27,447.79067908388555
40,26,493.78435371596885
40,25,541.5697455005877
40,24,588.7964199209177
40,23,654.1945096505845
40,22,706.1686250441019
40,21,761.5741365382759
40,20,818.8148840316861
40,19,875.1574935980718
40,18,1102.9314351629082
40,17,1153.309873225625
40,16,1204.674547884025
40,15,1274.4835141453368
40,14,1349.1811485358446
40,13,1404.6472032723643
40,12,1521.9603209085828
40,11,1578.8400896923042
40,10,3827.6468260096817
40,9,3979.050367956194
40,8,4133.186656947315
40,7,4341.407955357168
40,6,4603.805376155326
40,5,4768.889444144445
40,4,5011.03004664853
40,3,5156.826992777785
40,2,21598.77316879826
40,1,22236.710950249442
41,41,4.869924106655494
41,40,13.553045993260229
41,39,22.083154037026606
41,38,32.23264453975471
41,37,43.560021251854046
41,36,103.01718988901503
41,35,119.52614655079212
41,34,136.44728118073874
41,33,158.4433379165231
41,32,179.38707761575216
41,31,198.09034408437375
41,30,243.12497852183373
41,29,264.359202727055
41,28,460.9731297463835
41,27,505.48204471701166
41,26,553.8590339345617
41,25,604.0150375211404
41,24,653.4495917726705
41,23,721.8971977404833
41,22,776.2674224506102
41,21,834.0313274742696
41,20,893.6265044495013
41,19,952.1753905442573
41,18,1188.6942582525808
41,17,1240.823130550188
41,16,1293.9392364400546
41,15,1366.0903471310394
41,14,1445.1121006669132
41,13,1502.3836478524024
41,12,1623.6220007951722
41,11,1682.2401750544893
41,10,4063.0912388862707
41,9,4218.838137044962
41,8,4377.309028667516
41,7,4591.233643748547
41,6,4869.361722624829
41,5,5038.970252504306
41,4,5287.538739244456
41,3,5437.096863222562
41,2,22737.35019905855
41,1,23388.84867983005
42,42,5.26457859791043
42,41,14.81436410703469
42,40,23.635547469331726
42,39,34.20558740137921
42,38,46.21083775589347
42,37,59.195534120518836
42,36,127.3485011843718
42,35,144.88488350785235
42,34,162.8160627331193
42,33,186.2067311478031
42,32,208.69659325431252
42,31,228.3997256060112
42,30,276.49256415574104
42,29,298.7207911680664
42,28,519.6462450390725
42,27,566.3775344059311
42,26,617.121198819305
42,25,669.6337149360406
42,24,721.2641527614861
42,23,792.7506959822291
42,22,849.5379860653443
42,21,909.6545905751739
42,20,971.59950144819
42,19,1032.350527104476
42,18,1277.6299485215143
42,17,1331.5096357444654
42,16,1386.3773094677658
42,15,1460.870659976997
42,14,1544.448469041391
42,13,1603.528463932243
42,12,1728.7027388546435
42,11,1789.0620605899078
42,10,4305.6604532507345
42,9,4465.742547546627
42,8,4628.539525340089
42,7,4848.15902480527
42,6,5142.963317737312
42,5,5317.102350063512
42,4,5572.101698737988
42,3,5725.422267523643
42,2,23907.32523446132
42,1,24572.212226673295
43,43,5.757937221554059
43,42,11.174734789727514
43,41,25.441650138634998
43,40,36.271650731207124
43,39,48.71455877658913
43,38,62.450648896640715
43,37,76.99461670391285
43,36,153.66733675525538
43,35,172.1927380438277
43,34,191.10574214016538
43,33,215.86632442124636
43,32,239.95180447724272
43,31,260.6423970813169
43,30,311.776051543249
43,29,334.9925254285956
43,28,581.5222472271171
43,27,630.4598554282453
43,26,683.5563126915386
43,25,738.4135024177738
43,24,792.2297419692135
43,23,866.746044050777
43,22,925.975429636997
43,21,988.4402592991589
43,20,1052.7312719109373
43,19,1115.681267760411
43,18,1369.7444602948362
43,17,1425.3752667663773
43,16,1481.9945874316868
43,15,1558.83029269172
43,14,1647.2103473703348
43,13,1708.101869925634
43,12,1837.223360458794
43,11,1899.326682440719
43,10,4555.366849676272
43,9,4719.775651926997
43,8,4886.889874405422
43,7,5112.195503418694
43,6,5424.677122236994
43,5,5603.353095227089
43,4,5864.790246280731
43,3,6021.874882701046
43,2,25108.947552864
43,1,25787.04775276033
44,44,6.0875049381884425
44,43,15.240687732741993
44,42,24.718783429282738
44,41,38.671528921971806
44,40,51.32850506678124
44,39,65.51208520406936
44,38,80.87849671309374
44,37,96.9017509721916
44,36,181.92673998812361
44,35,201.41524857864601
44,34,221.29044978662643
44,33,247.40257454824504
44,32,273.1421616942878
44,31,294.81125894814517
44,30,348.97200431961045
44,29,373.17284346992085
44,28,646.5840664182957
44,27,697.7147917987415
44,26,753.1524835356757
44,25,810.3444417923779
44,24,866.3380561795389
44,23,943.8762118429327
44,22,1005.5767648960066
44,21,1070.3864638206596
44,20,1137.020937927834
44,19,1202.1676454069923
44,18,1465.0452409158054
44,17,1522.4274429009276
44,16,1580.7984795317211
44,15,1659.976733819541
44,14,1753.4201063513535
44,13,1816.1264180780993
44,12,1949.2071421257938
44,11,2013.057488687338
44,10,4812.227192502123
44,9,4980.95403564002
44,8,5152.376487637399
44,7,5383.359371822794
44,6,5714.577447092387
44,5,5897.797390443872
44,4,6165.675532389418
44,3,6326.526158998559
44,2,26342.434008560507
44,1,27033.567722006595
45,45,6.53634457865894
45,44,16.544794467597697
45,43,26.662334583427665
45,42,38.18425483611227
45,41,54.357324132299574
45,40,68.69958042236834
45,39,84.51824593897463
45,38,101.43345830605347
45,37,118.87032168730538
45,36,212.0928345188426
45,35,232.52695522997328
45,34,253.35069554982255
45,33,280.8005947797345
45,32,308.26074707030585
45,31,330.90196693613376
45,30,388.0791162931872
45,29,413.2618478146882
45,28,714.8167573395381
45,27,768.1297002514953
45,26,825.8989587094816
45,25,885.4173602149395
45,24,943.5812772667933
45,23,1024.1344250061225
45,22,1088.3391556042914
45,21,1155.491297966746
45,20,1224.4674178855048
45,19,1291.8093358156964
45,18,1563.5387892513445
45,17,1622.6725840770353
45,16,1682.7953421427726
45,15,1764.316342073231
45,14,1863.0994754477458
45,13,1927.6239678654701
45,12,2064.6765549383676
45,11,2130.2770716103855
45,10,5076.254507403421
45,9,5249.290397251098
45,8,5425.0117388818135
45,7,5661.662679642768
45,6,6012.7363397063855
45,5,6200.507746841009
45,4,6474.834182782502
45,3,6639.453134046385
45,2,27608.051326272227
45,1,28312.035828958913
46,46,9.412102558104163
46,45,17.91268501092301
46,44,28.50293820992927
46,43,40.75410625190084
46,42,54.11981356441177
46,41,72.38229519616958
46,40,88.29865286579934
46,39,105.66738080922813
46,38,124.0648328126085
46,37,142.86107889286544
46,36,244.14116841428802
46,35,265.50918194559415
46,34,287.2720256335328
46,33,316.04935493112015
46,32,345.3038573919786
46,31,368.9127810226367
46,30,429.09826187689004
46,29,455.2615084826254
46,28,786.2079861383627
46,27,841.6941769027699
46,26,901.7869489602424
46,25,963.6248362104325
46,24,1023.9531672172459
46,23,1107.515402793875
46,22,1174.2612768361716
46,21,1243.7542971689807
46,20,1315.071021673194
46,19,1384.6073655252862
46,18,1665.2327989604537
46,17,1726.1183421418968
46,16,1787.9927997758066
46,15,1871.8567891984812
46,14,1976.2721431201019
46,13,2042.6183829863694
46,12,2183.6561666985235
46,11,2251.010168112336
46,10,5347.4652389053435
46,9,5524.800963449604
46,8,5704.811640822275
46,7,5947.121263652654
46,6,6319.232182057337
46,5,6511.563164166355
46,4,6792.342409275922
46,3,6960.7323732671775
46,2,28906.036135772607
46,1,29622.684529518458
47,47,7.514440373614178
47,46,19.501360685535307
47,45,30.42596396102897
47,44,43.173046788957485
47,43,57.35031704593621
47,42,72.40492864762012
47,41,92.65246237243485
47,40,110.05526720077954
47,39,128.9050868106401
47,38,148.73009412760322
47,37,168.84072148891414
47,36,278.0538981152908
47,35,300.3480831867298
47,34,323.04359726586506
47,33,353.1405681172608
47,32,384.2701003608155
47,31,408.84380230285035
47,30,472.0317644144527
47,29,499.1749877801624
47,28,860.7469481115355
47,27,918.3989974835307
47,26,980.808564633837
47,25,1044.9601161761586
47,24,1107.4479575634098
47,23,1194.0141816605794
47,22,1263.342092702853
47,21,1335.175160534806
47,20,1408.8321116503655
47,19,1480.5627114324552
47,18,1770.1344959386424
47,17,1832.771874466128
47,16,1896.3979538774631
47,15,1982.6051811097298
47,14,2092.9617916685793
47,13,2161.133497002857
47,12,2306.170460792539
47,11,2375.281407813188
47,10,5625.873830168193
47,9,5807.499879502819
47,8,5991.790043115929
47,7,6239.748686883212
47,6,6634.143336935958
47,5,6831.042573520079
47,4,7118.282247997296
47,3,7290.446381763677
47,2,30236.668321019934
47,1,30965.790615382917
48,48,8.311886620712096
48,47,14.86992836035582
48,46,32.6580309552285
48,45,45.69171973581239
48,44,60.376870239711906
48,43,76.32060067785248
48,42,92.94289299230768
48,41,115.09147200138285
48,40,133.91146920574317
48,39,154.1860779564354
48,38,175.3934819386122
48,37,196.78099164381013
48,36,313.81822442593574
48,35,337.0336687629434
48,34,360.65758952816435
48,33,392.0683636142231
48,32,425.16026262033256
48,31,450.6969810730871
48,30,516.8835315350844
48,29,545.0068611051104
48,28,938.4248038114836
48,27,998.2366677992853
48,26,1062.9574684749193
48,25,1129.4178607023152
48,24,1194.0611811342847
48,23,1283.6270427283782
48,22,1355.5818657471145
48,21,1429.7548395883257
48,20,1505.7522697376953
48,19,1579.6775430443417
48,18,1878.2521733094877
48,17,1942.6414365168257
48,16,2008.0190340623035
48,15,2096.569788904598
48,14,2213.1939452636743
48,13,2283.195024786189
48,12,2432.2458826081865
48,11,2503.117423640917
48,10,5911.497699642478
48,9,6097.40435281104
48,8,6285.9639454232565
48,7,6539.561779925763
48,6,6957.5541202871445
48,5,7159.030992990879
48,4,7452.735172694857
48,3,7628.677044467871
48,2,31600.198630455627
48,1,32341.600687340364
49,49,7.029847379840661
49,48,16.13798643581395
49,47,24.375196210492597
49,46,48.610631236105654
49,45,63.518904629868935
49,44,79.9751469051686
49,43,97.56109810736459
49,42,115.65526593226751
49,41,139.6366584020932
49,40,159.81916474397445
49,39,181.47233364518
49,38,204.02466033070164
49,37,226.65768072466238
49,36,351.42486595679804
49,35,375.558627727091
49,34,400.1082510983914
49,33,432.8284681737926
49,32,467.9765794080694
49,31,494.4754465032871
49,30,563.6583751836171
49,29,592.7624537426519
49,28,1019.2335672751942
49,27,1081.2003014009154
49,26,1148.2277254116027
49,25,1216.992956568299
49,24,1283.7884427486729
49,23,1376.350207136239
49,22,1450.9807966623175
49,21,1527.4941152642778
49,20,1605.832807576771
49,19,1681.95366652482
49,18,1989.5933609444023
49,17,2055.734486513959
49,16,2122.863436995181
49,15,2213.757998886652
49,14,2336.993826751769
49,13,2408.828349376339
49,12,2561.9084778973083
49,11,2634.54441906538
49,10,6204.351427651564
49,9,6394.528650387178
49,8,6587.347303011323
49,7,6846.5741884190375
49,6,7289.548031393745
49,5,7495.612555161106
49,4,7795.790246783881
49,3,7975.513992029643
49,2,32996.93682399552
49,1,33750.421829322804
50,50,7.981225362069596
50,49,14.087562061903956
50,48,26.170585019132787
50,47,35.80877001788923
50,46,67.15364347409009
50,45,83.75939227176386
50,44,101.8577319670803
50,43,120.9882254389205
50,42,140.4779059426434
50,41,166.23625832358923
50,40,187.73829920933883
50,39,210.73189305335748
50,38,234.5979310913003
50,37,258.4501446420983
50,36,390.86746630787434
50,35,415.91800824321183
50,34,441.39177343518156
50,33,475.4182272249335
50,32,512.7228757508854
50,31,540.1837357300432
50,30,612.362349728286
50,29,642.4482402853389
50,28,1103.1668113714375
50,27,1167.2844232136174
50,26,1236.6146998925617
50,25,1307.681503310327
50,24,1376.6264892072647
50,23,1472.1810070109498
50,22,1549.5402802350186
50,21,1628.3949375513407
50,20,1709.0761899550887
50,19,1787.3940288977788
50,18,2104.1666504707355
50,17,2172.059574866621
50,16,2240.9396813844055
50,15,2334.1783566375007
50,14,2464.3885374226234
50,13,2538.060772567395
50,12,2695.1862943922074
50,11,2769.590641339279
50,10,6504.452559618838
50,9,6698.89008822804
50,8,6895.957205003537
50,7,7160.8028054856895
50,6,7630.214687542355
50,5,7840.877646069796
50,4,8147.534908813577
50,3,8331.04514853806
50,2,34427.1549614511
50,1,35192.522164553375
51,51,8.59183005866582
51,50,15.550313958062217
51,49,23.26939951829017
51,48,38.165157442711326
51,47,49.01969421736144
51,46,88.1289886639731
51,45,106.29676200736247
51,44,125.93646934149707
51,43,146.53400068287863
51,42,167.35785640265118
51,41,194.84711114456817
51,40,217.6352322229488
51,39,241.93765562722567
51,38,267.09131784199724
51,37,292.1405861691626
51,36,432.14167247330704
51,35,458.1084454777489
51,34,484.5056165763127
51,33,519.8359875877478
51,32,559.4039852214568
51,31,587.827236757233
51,30,663.0021721264904
51,29,694.0712654478092
51,28,1190.2186772043806
51,27,1256.4839580857765
51,26,1328.114012055974
51,25,1401.4797306383537
51,24,1472.5720863674492
51,23,1571.1166948231287
51,22,1651.2616636790153
51,21,1732.4591278061368
51,20,1815.484678090977
51,19,1896.001303313188
51,18,2221.980042526892
51,17,2291.6246357406635
51,16,2362.2556431199378
51,15,2457.83872598734
51,14,2595.40513627148
51,13,2670.919534387947
51,12,2832.1072743110276
51,11,2908.284213393298
51,10,6811.816438209547
51,9,7010.503702627448
51,8,7211.808382611039
51,7,7482.262060732842
51,6,7979.643844965954
51,5,8194.916754519607
51,4,8508.062095320794
51,3,8695.36403816752
51,2,35891.163803055344
51,1,36668.20940201483
52,52,8.710083934018432
52,51,16.512113101682054
52,50,25.307479728156938
52,49,34.36670597176817
52,48,51.95881070668849
52,47,63.89655176264316
52,46,111.41343289032837
52,45,131.0385051435496
52,44,152.14018414210753
52,43,174.14276912152278
52,42,196.2512102727584
52,41,225.4331589322544
52,40,249.4817713913496
52,39,275.0667737101187
52,38,301.4862158949227
52,37,327.7138992329526
52,36,475.2450929422348
52,35,502.12826369049395
52,34,529.4487223383957
52,33,566.081408825339
52,32,608.026151010349
52,31,637.4126538018012
52,30,715.585793333259
52,29,747.6397669191745
52,28,1280.3849415232514
52,27,1348.7953923533
52,26,1422.7227934542116
52,25,1498.385346362951
52,24,1571.6234544437411
52,23,1673.1559901809776
52,22,1756.1478868404622
52,21,1839.6901110328051
52,20,1925.0621547774153
52,19,2007.7798038372387
52,18,2343.043222015372
52,17,2414.4393355416587
52,16,2486.820978145678
52,15,2584.748812821942
52,14,2730.073328743211
52,13,2807.434582069179
52,12,2972.7021948354036
52,11,3050.6561552426997
52,10,7126.463238399667
52,9,7329.389494716508
52,8,7534.92066598456
52,7,7810.971662493959
52,6,8337.933755101703
52,5,8557.829058144236
52,4,8877.466533298366
52,3,9068.56597812313
52,2,37389.25499495359
52,1,38177.771385727756
53,53,9.786537563180927
53,52,16.937868196023818
53,51,26.6053447668221
53,50,37.01893239552051
53,49,47.23605995296029
53,48,67.4326594803611
53,47,80.35504796601373
53,46,136.90955842933525
53,45,157.91015565832603
53,44,180.4106797366049
53,43,203.768369934081
53,42,227.12104496658947
53,41,257.96377969196226
53,40,283.25384562863314
53,39,310.09953588009523
53,38,337.7664088606125
53,37,365.15677238256603
53,36,520.1761602069523
53,35,547.9763734528735
53,34,576.2204235339241
53,33,614.1543538601115
53,32,658.5958827096462
53,31,688.9468388306292
53,30,770.1211166795033
53,29,803.1618521020083
53,28,1373.6607410159286
53,27,1444.2143985781397
53,26,1520.4371981873671
53,25,1598.3949277854852
53,24,1673.7775417714533
53,23,1778.2961827014647
53,22,1864.2004486557657
53,21,1950.0897416651671
53,20,2037.8108052387158
53,19,2122.7320253964185
53,18,2467.363526231364
53,17,2540.510915352147
53,16,2614.6428375203277
53,15,2714.9157079974707
53,14,2868.420784933794
53,13,2947.6337527600394
53,12,3116.9995619749516
53,11,3196.735141138165
53,10,7448.405632178925
53,9,7655.559736730318
53,8,7865.305927357504
53,7,8146.943053192568
53,6,8705.176827309
53,5,8929.707700771014
53,4,9255.852662313268
53,3,9450.756197332717
53,2,38921.810140252295
53,1,39721.588110223645
54,54,10.943343577084093
54,53,18.569907016605136
54,52,27.371464912980088
54,51,38.630981440376694
54,50,50.52799659614028
54,49,61.77085894937507
54,48,84.49770583836552
54,47,98.3306819071325
54,46,164.53971387225084
54,45,186.85146172433747
54,44,210.70029090446363
54,43,235.37260683534393
54,42,259.9365358889839
54,41,292.413307273521
54,40,318.93137221432977
54,39,347.01949207624347
54,38,375.91839824036526
54,37,404.458187507117
54,36,566.9350295979553
54,35,595.6532947092887
54,34,624.8215777735509
54,33,664.0561471787255
54,32,711.1213478346858
54,31,742.4382757435005
54,30,826.6176940902526
54,29,860.6472849237898
54,28,1470.0436222858632
54,27,1542.7390714323578
54,26,1621.2558349758976
54,25,1701.5075519029756
54,24,1779.0338455789715
54,23,1886.537210541003
54,22,1975.4236986042902
54,21,2063.6628073027114
54,20,2153.735836932742
54,19,2240.8635726708912
54,18,2594.9517206603814
54,17,2669.8501439736165
54,16,2745.7320002431966
54,15,2848.350263633472
54,14,3010.4799004228707
54,13,3091.5497272596253
54,12,3265.0329767152502
54,11,3346.5550601065734
54,10,7777.666396241956
54,9,7989.037083969395
54,8,8202.986703806211
54,7,8490.19871827277
54,6,9081.480352928269
54,5,9310.66106613803
54,4,9643.318930374226
54,3,9842.033752165296
54,2,40489.11130914919
54,1,41299.93720639376
55,55,3.8393278822315624
55,54,20.306213679018683
55,53,29.613795250892966
55,52,39.756499178535975
55,51,52.422532821863385
55,50,65.71965959184169
55,49,77.88995538811817
55,48,103.0862575975541
55,47,117.77353692215512
55,46,194.24115399706284
55,45,217.81298287785475
55,44,242.96937314784023
55,43,268.9233091557998
55,42,294.6713977977518
55,41,328.7596530826012
55,40,356.49703860501904
55,39,385.8123232377396
55,38,415.93031724083954
55,37,445.6083519636102
55,36,615.5221960014195
55,35,645.1597484706108
55,34,675.2531233158558
55,33,715.7880658717833
55,32,765.6107832961021
55,31,797.895434777423
55,30,885.0849033639099
55,29,920.1055929317187
55,28,1569.5302875157022
55,27,1644.3665184848317
55,26,1725.1761868453405
55,25,1807.721037843726
55,24,1887.3904818838182
55,23,1997.8774858062563
55,22,2089.820464283766
55,21,2180.412455291421
55,20,2272.840700015658
55,19,2362.178180644356
55,18,2725.8162092491807
55,17,2802.4653528360373
55,16,2880.096730465735
55,15,2985.0607101120027
55,14,3156.2810814612662
55,13,3239.2131260472547
55,12,3416.8338272747496
55,11,3500.147517618363
55,10,8114.260836725703
55,9,8329.836501547083
55,8,8547.977619662084
55,7,8840.752931318624
55,6,9466.946069564363
55,5,9700.791805947383
55,4,10039.975071347377
55,3,10242.509218448564
55,2,42091.54066515375
55,1,42913.198812049784
56,56,4.2095306027057875
56,55,8.160507764330342
56,54,31.983892742985514
56,53,42.63897864150985
56,52,53.91912903340848
56,51,67.85715483207694
56,50,82.50732121992816
56,49,95.53085918546404
56,48,123.14642666272985
56,47,138.64486847750948
56,46,225.96290835071744
56,45,250.75405468898748
56,44,277.18498587876184
56,43,304.393514734038
56,42,331.30343256018205
56,41,366.98409900134357
56,40,395.9363074655073
56,39,426.4660100988539
56,38,457.7922333924976
56,37,488.5991144891684
56,36,665.9392292808479
56,35,696.4974695219864
56,34,727.5169632604992
56,33,769.3523081130753
56,32,822.07356009582
56,31,855.3279010223328
56,30,945.5332286486818
56,29,981.54741119851
56,28,1672.118877424346
56,27,1749.095275160174
56,26,1832.1971657133909
56,25,1917.0346425491675
56,24,1998.8470168228926
56,23,2112.316909604517
56,22,2207.395219542613
56,21,2300.343511976443
56,20,2395.1305603344586
56,19,2486.681336250501
56,18,2859.967260028827
56,17,2938.36678718731
56,16,3017.7472560057636
56,15,3125.0573070035257
56,14,3305.857687977966
56,13,3390.6575891487837
56,12,3572.4366619708426
56,11,3657.5473462238956
56,10,8458.209558443796
56,9,8677.978389473728
56,8,8900.298871922087
56,7,9198.625723362162
56,6,9861.68521705523
56,5,10100.212285223737
56,4,10445.928393633372
56,3,10652.29065923186
56,2,43729.4268453128
56,1,44561.69799052935
57,57,4.501992045592905
57,56,11.368097527222787
57,55,18.103729667246252
57,54,45.67064468448466
57,53,57.45865762932082
57,52,69.73193799694813
57,51,84.84204499496741
57,50,100.82481585814521
57,49,114.64499208219253
57,48,144.63811949448296
57,47,160.91442876543152
57,46,259.6630787854623
57,45,285.6408182497265
57,44,313.3193907659871
57,43,341.7602815420333
57,42,369.8135579305555
57,41,407.07043699525826
57,40,437.2366568876094
57,39,468.9701338965653
57,38,501.4954850004472
57,37,533.4233224350835
57,36,718.1880006828408
57,35,749.6684214766212
57,34,781.6151643121741
57,33,824.7511617722404
57,32,880.5193148865699
57,31,914.7454793276463
57,30,1007.9732797785008
57,29,1044.9834680688687
57,28,1777.80722230679
57,27,1856.9234817273693
57,26,1942.3172070226049
57,25,2029.4470698482012
57,24,2113.402392451908
57,23,2229.854678761224
57,22,2328.151794543678
57,21,2423.4600951521115
57,20,2520.609811734537
57,19,2614.3776936725044
57,18,2997.4140270501243
57,17,3077.5635424890907
57,16,3158.692618139631
57,15,3268.349075906746
57,14,3459.2426104723627
57,13,3545.9162613349777
57,12,3731.875478565706
57,11,3818.7888027115523
57,10,8809.529554494096
57,9,9033.479431114398
57,8,9259.966834636127
57,7,9563.833159674754
57,6,10265.808271226106
57,5,10509.034058482903
57,4,10861.297001437593
57,3,11071.497143696854
57,2,45403.17701490959
57,1,46245.84006819696
58,58,4.618248294548716
58,57,11.649149952413799
58,56,20.869961802236478
58,55,31.65260871697925
58,54,61.166541207698494
58,53,73.93762318094504
58,52,87.09924180812459
58,51,103.3060515280233
58,50,120.62117852228366
58,49,135.19444695865272
58,48,167.53033348264947
58,47,184.5586901376824
58,46,295.30711429910554
58,45,322.44506366437673
58,44,351.34928305884495
58,43,381.00419759847324
58,42,410.1855263735723
58,41,449.00483196194574
58,40,480.3875693848736
58,39,513.315963768892
58,38,547.0328494029314
58,37,580.0750586291402
58,36,772.2711188312212
58,35,804.6752737563455
58,34,837.550472142537
58,33,881.9875657082362
58,32,940.9585688875045
58,31,976.1588479243411
58,30,1072.4165293826497
58,29,1110.4253563356585
58,28,1886.5941389434863
58,27,1967.8502515130847
58,26,2055.535713032125
58,25,2144.957989315407
58,24,2231.0565180212884
58,23,2350.4909745355094
58,22,2452.0951475230167
58,21,2549.767465819314
58,20,2649.284009008833
58,19,2745.2730856424737
58,18,3138.1668819690444
58,17,3220.065961306849
58,16,3302.9431346826373
58,15,3414.946353176969
58,14,3616.471001449969
58,13,3705.024595146407
58,12,3895.186681025678
58,11,3983.9085967927303
58,10,9168.241143719008
58,9,9396.359714375183
58,8,9627.001366010449
58,7,9936.394896432885
58,6,10679.433182119203
58,5,10927.37631147763
58,4,11286.196437403052
58,3,11500.245097609324
58,2,47113.15119191728
58,1,47965.98190975866
59,59,4.551072067662329
59,58,8.741986354884169
59,57,21.847274162236943
59,56,32.92310042579578
59,55,45.991493480602294
59,54,78.32868774066478
59,53,89.37666752177704
59,52,105.95865507197604
59,51,121.65635388191488
59,50,141.8569076072061
59,49,157.14954670935631
59,48,191.79906984979257
59,47,209.55938554262954
59,46,332.86626760955454
59,45,361.14307721129285
59,44,391.2548999510906
59,43,422.10867110787
59,42,452.4053463832813
59,41,492.77531636802246
59,40,525.3800937826852
59,39,559.4960628954617
59,38,594.3981789332022
59,37,628.5492981618514
59,36,828.1915551647779
59,35,861.5210242195495
59,34,895.3259289725207
59,33,941.0647165225399
59,32,1003.4023238118189
59,31,1039.5791443764404
59,30,1138.8748642977505
59,29,1177.88507105474
59,28,1998.4786232202894
59,27,2081.874833510432
59,26,2171.8521814837645
59,25,2263.567129358302
59,24,2351.8093283211915
59,23,2474.2259702921733
59,22,2579.230332050486
59,21,2679.2709540107458
59,20,2781.158751101244
59,19,2879.373365358947
59,18,3282.236089336784
59,17,3365.8842715327
59,16,3450.5090007171316
59,15,3564.859340096719
59,14,3777.5787760554954
59,13,3868.0188123944386
59,12,4062.4074575846157
59,11,4152.944229887704
59,10,9534.364035622142
59,9,9766.638692585919
59,8,10001.421664032745
59,7,10316.329895120318
59,6,11102.68093689827
59,5,11355.361315735236
59,4,11720.752499896194
59,3,11938.661393685432
59,2,48859.770316887545
59,1,49722.54253161112
60,60,4.6698249076552045
60,59,8.942704082401288
60,58,22.72502630577626
60,57,34.155059745342626
60,56,64.92233383059867
60,55,78.69608192775203
60,54,91.87746757563139
60,53,108.83516498325152
60,52,127.72562983838348
60,51,142.3235225515522
60,50,174.40208750476907
60,49,198.81817140411877
60,48,217.42583957411458
60,47,235.9024649416053
60,46,372.3165017089334
60,45,401.71484880798965
60,44,433.0194372646307
60,43,465.05949899988036
60,42,496.4609654889093
60,41,538.3715482135659
60,40,572.2066705849577
60,39,607.5041642917274
60,38,643.5863163456817
60,37,678.8418561857558
60,36,885.952659825588
60,35,920.2090271317428
60,34,954.9449123297154
60,33,1001.9861190586854
60,32,1067.862130734896
60,31,1105.0180428117592
60,30,1207.3606798755711
60,29,1247.3751107477576
60,28,2113.4600027818574
60,27,2198.996779182992
60,26,2291.266386437976
60,25,2385.274471643089
60,24,2475.660990888146
60,23,2601.0600543578707
60,22,2709.562734695563
60,21,2811.9762093815157
60,20,2916.239944587629
60,19,3016.6846823511623
60,18,3429.6321344794824
60,17,3515.028923428939
60,16,3601.4006349551246
60,15,3718.0984619696455
60,14,3942.6030273265524
60,13,4034.9363303450987
60,12,4233.576230724365
60,11,4325.934456120533
60,10,9907.91830775588
60,9,10144.336187793162
60,8,10383.247295987134
60,7,10703.657487271363
60,6,11535.676862115664
60,5,11793.11576374469
60,4,12165.089000091964
60,3,12386.870859082232
60,2,50643.42348844214
60,1,51515.908248117805
61,61,4.791125295705957
61,60,9.146981631737388
61,59,23.61444058977705
61,58,35.24396446158312
61,57,67.02394767659088
61,56,80.80134257545895
61,55,94.54080367044807
61,54,111.88202876593301
61,53,131.00658559100836
61,52,146.20041475055027
61,51,178.3850362634776
61,50,203.42718216804798
61,49,229.41336179882984
61,48,244.39654627490611
61,47,263.5773014110686
61,46,413.6376413422412
61,45,444.1434484442787
61,44,476.6285845905404
61,43,509.84451863143585
61,42,542.342010697438
61,41,585.7846100762903
61,40,620.8609841005768
61,39,657.3350627395092
61,38,694.593018093078
61,37,730.9493368323897
61,36,945.5581660107194
61,35,980.743005730447
61,34,1016.4111549546536
61,33,1064.7556143058762
61,32,1134.35013342055
61,31,1172.487802883075
61,30,1277.8869403146666
61,29,1318.9085421143702
61,28,2231.538025770979
61,27,2319.216040228736
61,26,2413.7784847652247
61,25,2510.080365874947
61,24,2602.612028489499
61,23,2730.993961455766
61,22,2843.0982159565515
61,21,2947.8893495392267
61,20,3054.533959292063
61,19,3157.213645055242
61,18,3580.365916384029
61,17,3667.5107871490027
61,16,3755.6288819836363
61,15,3874.674576862607
61,14,4111.582285161675
61,13,4205.816026765454
61,12,4408.732935684649
61,11,4502.919566952118
61,10,10288.924960905188
61,9,10529.472958869512
61,8,10772.49877962966
61,7,11098.397973201465
61,6,11978.55144145348
61,5,12240.771605953754
61,4,12619.32953357317
61,3,12844.998092392656
61,2,52464.47896799869
61,1,53346.443981054545
62,62,4.915032517502615
62,61,9.354890160493326
62,60,24.63828772821574
62,59,36.34821425823622
62,58,50.399123173520664
62,57,85.28690701970977
62,56,97.30029235011435
62,55,115.04086952529715
62,54,134.28539260175026
62,53,150.19168912367277
62,52,181.749977691707
62,51,207.82948833761185
62,50,234.4742728892158
62,49,249.97547058479833
62,48,269.5773524145213
62,47,327.33599848574556
62,46,456.81266985876954
62,45,488.41449021460954
62,44,522.0701079947396
62,43,556.45327786166
62,42,590.0395251243534
62,41,635.0067882188591
62,40,671.3377807165865
62,39,708.9844616415155
62,38,747.4148230415099
62,37,784.869019356739
62,36,1007.0121038630685
62,35,1043.126968730335
62,34,1079.728663306931
62,33,1129.3772993111443
62,32,1202.8789957728768
62,31,1242.0011978421296
62,30,1350.4671055051938
62,29,1392.4989262111894
62,28,2352.7127138731958
62,27,2442.5328200028557
62,26,2539.388864998515
62,25,2637.9853755315453
62,24,2732.6631616349873
62,23,2864.028609293443
62,22,2979.8429435782336
62,21,3087.016788599575
62,20,3196.047451784326
62,19,3300.9671393843755
62,18,3734.448547868827
62,17,3823.340947576437
62,16,3913.2048017377883
62,15,4034.5987579360844
62,14,4284.556325494051
62,13,4380.6980444548635
62,12,4587.918815409444
62,11,4683.941181528486
62,10,10677.405334223135
62,9,10922.07010190868
62,8,11169.196968684959
62,7,11500.571987553347
62,6,12431.439816406255
62,5,12698.465540993999
62,4,13083.591351012255
62,3,13313.161228753137
62,2,54323.24463393387
62,1,55214.45296959674
63,63,5.04160604239577
63,62,9.566499864365973
63,61,25.73029008491355
63,60,37.641396009802875
63,59,71.41295257405736
63,58,85.0742593253939
63,57,100.08343132821227
63,56,118.24801973523951
63,55,137.7110500162938
63,54,154.21874153187392
63,53,185.16674004326654
63,52,211.53930992177496
63,51,239.30234031558706
63,50,255.6640002713303
63,49,275.6957074520757
63,48,334.0997445885009
63,47,364.98523161581016
63,46,501.8270456184781
63,45,534.5155686009716
63,44,569.3333699621617
63,43,604.8766150936385
63,42,639.5455926230115
63,41,686.0312205017932
63,40,723.6325397186102
63,39,762.448658115591
63,38,802.0487463580199
63,37,840.5985575636371
63,36,1070.3184726146035
63,35,1107.3648757099716
63,34,1144.9013756918591
63,33,1195.8551745790182
63,32,1273.4615387471163
63,31,1313.5711426893313
63,30,1425.1147326384
63,29,1468.1599096140285
63,28,2476.983650533806
63,27,2568.9468393117963
63,26,2668.0973882855596
63,25,2768.989493136212
63,24,2865.814499037388
63,23,3000.164253369954
63,22,3119.8025172650878
63,21,3229.3643329085294
63,20,3340.7864314482804
63,19,3447.9513662464356
63,18,3891.890276509306
63,17,3982.5296001218535
63,16,4074.138539930483
63,15,4197.881129706458
63,14,4461.564975150889
63,13,4559.622570103382
63,12,4771.17514367581
63,11,4869.040943931524
63,10,11073.378036865153
63,9,11322.145913043116
63,8,11573.359846179894
63,7,11910.197199493989
63,6,12894.478406212549
63,5,13166.335566368009
63,4,13558.073524877485
63,3,13791.561760244613
63,2,56220.5928864638
63,1,57120.81454626254
64,64,5.370219017672777
64,63,10.097741364634752
64,62,20.84988188954106
64,61,39.02816548604881
64,60,73.5797164074784
64,59,87.51773280909521
64,58,102.81153291474612
64,57,121.43444667358357
64,56,136.08409113102417
64,55,160.92810089329072
64,54,178.19657649293808
64,53,215.30440878310915
64,52,238.70367736454477
64,51,278.44038094648886
64,50,284.81410647760816
64,49,340.533126357964
64,48,372.2267104112721
64,47,404.509512869432
64,46,548.6686252433389
64,45,582.4363055701502
64,44,618.4094754919249
64,43,655.1068873274452
64,42,690.8536351633009
64,41,738.852258018064
64,40,777.7418903337459
64,39,817.7250098317895
64,38,858.4927925741999
64,37,898.1365354984381
64,36,1135.4820020335367
64,35,1173.4614292311671
64,34,1211.9339852076098
64,33,1264.194008302476
64,32,1346.1116728543425
64,31,1387.2116589926065
64,30,1501.844529192715
64,29,1545.9063112848212
64,28,2604.3517943397987
64,27,2698.4592221238277
64,26,2799.9053515475107
64,25,2903.0941819153895
64,24,3002.0676544998923
64,23,3139.402707217539
64,22,3262.9842818422353
64,21,3374.9395785904903
64,20,3488.758743727471
64,19,3598.1744072229963
64,18,4052.7033927133125
64,17,4145.0890277499475
64,16,4238.442374806223
64,15,4364.534009080625
64,14,4642.651491724028
64,13,4742.633289987698
64,12,4958.5468446080695
64,11,5058.264218492093
64,10,11476.867256732708
64,9,11729.724386999687
64,8,11985.011214719803
64,7,12327.297260098623
64,6,13367.814785256434
64,5,13644.53106944782
64,4,14042.88591628228
64,3,14280.31026187794
64,2,58156.731642294595
64,1,59065.72950795051
65,65,5.314363364402624
65,64,9.983540822998863
65,63,22.222901196507525
65,62,34.368868819984314
65,61,75.63860041393359
65,60,90.36927268934946
65,59,87.4117365298897
65,58,124.52576287530376
65,57,139.61862561253741
65,56,165.0819937339934
65,55,182.58550403111883
65,54,219.92789113084862
65,53,247.48036908282464
65,52,267.3761458423745
65,51,313.9426084119174
65,50,345.91020616518716
65,49,379.108272332261
65,48,412.2306510388018
65,47,445.8966601624643
65,46,597.326883891021
65,45,632.16761880048
65,44,669.2905665985833
65,43,707.137276913334
65,42,743.9577233696766
65,41,793.4647581293654
65,40,833.6628935910941
65,39,874.8111991963286
65,38,916.7451980521266
65,37,957.4816868351674
65,36,1202.507197338971
65,35,1241.4210885895664
65,34,1280.8309217662902
65,33,1334.398275022954
65,32,1420.8432797506157
65,31,1462.9367222037145
65,30,1580.671104174475
65,29,1625.7528363381823
65,28,2734.8172837231673
65,27,2831.070220138437
65,26,2934.8131251928917
65,25,3040.2999248336346
65,24,3141.423210693087
65,23,3281.7446870156227
65,22,3409.394568140352
65,21,3523.749055292184
65,20,3639.9711149337636
65,19,3751.643174168959
65,18,4216.898787277232
65,17,4311.030077141992
65,16,4406.12711105022
65,15,4534.568188235738
65,14,4827.858661327154
65,13,4929.773401008723
65,12,5150.078317117567
65,11,5251.655827723584
65,10,11887.892933929466
65,9,12144.825166846427
65,8,12404.170420296725
65,7,12751.891223223096
65,6,13851.596457398486
65,5,14133.201364427505
65,4,14538.261658208221
65,3,14779.642839709004
65,2,60132.71722423835
65,1,61050.26407184237
66,66,5.455272506779536
66,65,10.197569915543195
66,64,23.302013357239037
66,63,35.78102928751903
66,62,77.82880418184199
66,61,93.31533765507929
66,60,108.22397953064721
66,59,112.5768403265283
66,58,149.94906903175197
66,57,165.80290137669493
66,56,188.75965835886237
66,55,224.89936612477047
66,54,249.99408562705392
66,53,285.46465522160764
66,52,297.3906213889108
66,51,351.3581794904697
66,50,384.85247140209793
66,49,419.5620248831792
66,48,454.09910877053693
66,47,489.1360047713326
66,46,647.7930071595018
66,45,683.7018980292643
66,44,721.9700697693945
66,43,760.962100440516
66,42,798.8529390723073
66,41,849.8645010147112
66,40,891.3935051252477
66,39,933.7057389346643
66,38,976.8049772626459
66,37,1018.6334792371077
66,36,1271.3991209486494
66,35,1311.2488804819563
66,34,1351.5971919910876
66,33,1406.4730350643335
66,32,1497.6711607577613
66,31,1540.7612412539015
66,30,1661.6100335873705
66,29,1707.7151743244744
66,28,2868.3812653316077
66,27,2966.7811111732385
66,26,3072.8221266263827
66,25,3180.60827430618
66,24,3283.882841897114
66,23,3427.1920349351954
66,22,3559.0410078402665
66,21,3675.800623127473
66,20,3794.4316325775
66,19,3908.365969718825
66,18,4384.488845883616
66,17,4480.365120303169
66,16,4577.205109239595
66,15,4707.996055788089
66,14,5017.232165407693
66,13,5121.089051516257
66,12,5345.817035804458
66,11,5449.263727181633
66,10,12306.478989020681
66,9,12567.47195645519
66,8,12830.860950764665
66,7,13184.002393418914
66,6,14345.980667904105
66,5,14632.505713035622
66,4,15044.151394688752
66,3,15289.50804160904
66,2,62147.634655629045
66,1,63073.47413491073
67,67,5.5992987410255814
67,66,10.415369031664175
67,65,24.263357559892448
67,64,37.146405429657264
67,63,80.20963865433093
67,62,96.03605119606674
67,61,111.2559984030852
67,60,130.69654375017748
67,59,140.78802024882089
67,58,169.92434753157048
67,57,193.39932728877397
67,56,219.7198422848477
67,55,257.9697249133074
67,54,279.5459351619113
67,53,321.7444109953762
67,52,328.7399218200294
67,51,390.6696836103206
67,50,425.67446646018215
67,49,461.8815152295086
67,48,497.82101699788046
67,47,534.2180269823175
67,46,700.0593922320461
67,45,737.032536980212
67,44,776.442246275555
67,43,816.5763692125834
67,42,855.5349408751113
67,41,908.047747713735
67,40,950.9321293308136
67,39,994.4075182226878
67,38,1038.6714583635912
67,37,1081.5916384516688
67,36,1342.162824263517
67,35,1382.9498131986516
67,34,1424.2377755649586
67,33,1480.4233066097781
67,32,1576.610380381617
67,31,1620.700382997616
67,30,1744.6771314137832
67,29,1791.8092493385295
67,28,3005.0446055835187
67,27,3105.5928660132777
67,26,3213.9334386014834
67,25,3324.020421029179
67,24,3429.4478352462565
67,23,3575.746173736374
67,22,3711.9309299749098
67,21,3831.101814902038
67,20,3952.1480323179667
67,19,4068.350721087195
67,18,4555.485463852958
67,17,4653.106023809693
67,16,4751.688209125799
67,15,4884.829458059368
67,14,5210.81835784805
67,13,5316.627070660853
67,12,5545.811177590137
67,11,5651.136584575138
67,10,12732.647694870115
67,9,12997.686767814457
67,8,13265.104557430426
67,7,13623.652278978847
67,6,14851.128092007777
67,5,15142.606884870765
67,4,15560.93791067238
67,3,15810.294293361938
67,2,64203.515761747185
67,1,65137.4202179645
68,68,5.746516716014152
68,67,10.63701306291514
68,66,25.23734618914979
68,65,38.34462279720718
68,64,82.73741210741137
68,63,98.63494645831983
68,62,114.43911948191216
68,61,134.1226653603804
68,60,157.46389400718195
68,59,174.30185412192682
68,58,197.82285904658488
68,57,224.83456099203366
68,56,252.7252169626312
68,55,285.8067666124326
68,54,308.11820435529575
68,53,365.2171547242807
68,52,397.8440679243037
68,51,431.86186487313034
68,50,468.36305158878736
68,49,506.0553892036549
68,48,543.3865818464958
68,47,581.1342795978103
68,46,754.1195496137104
68,45,792.1538786355668
68,44,832.7021727300545
68,43,873.9757991412511
68,42,913.9999988958258
68,41,968.0112966924503
68,40,1012.2776955287248
68,39,1056.9158956973054
68,38,1102.3443914681673
68,37,1146.3562704428473
68,36,1414.803533938507
68,35,1456.5290705112905
68,34,1498.7578268478123
68,33,1556.2542778605357
68,32,1657.6765045856162
68,31,1702.7698188495415
68,30,1829.8887194461709
68,29,1878.0514984847775
68,28,3144.808334913336
68,27,3247.5066109358518
68,26,3358.1482912064507
68,25,3470.537695604815
68,24,3578.119611132063
68,23,3727.408652704572
68,22,3868.071931396557
68,21,3989.660427453247
68,20,4113.128310455615
68,19,4231.605612891586
68,18,4729.900764794287
68,17,4829.26488410931
68,16,4929.588481778722
68,15,5065.080474035258
68,14,5408.66514322811
68,13,5516.435866256636
68,12,5750.11056225589
68,11,5857.324739983607
68,10,13166.42171936034
68,9,13435.492009512285
68,8,13706.92338975138
68,7,14070.862788621087
68,6,15367.20547207419
68,5,15663.673853207796
68,4,16088.66631022932
68,3,16342.046348267268
68,2,66300.0624934759
68,1,67241.78738311704
69,69,5.8970036245694235
69,68,10.862579861800768
69,67,26.3669592437822
69,66,39.55926410043495
69,65,85.36415786372075
69,64,101.2257750926579
69,63,117.71146879506983
69,62,137.66418809840854
69,61,161.07265873814796
69,60,178.8325556233828
69,59,201.54336164963786
69,58,229.70504687434033
69,57,268.1345678024116
69,56,289.9257704353083
69,55,328.3570089269704
69,54,359.70673455972315
69,53,405.4393283871666
69,52,439.493895862154
69,51,474.9213817576706
69,50,512.9067101721581
69,49,552.0736801988767
69,48,590.7871971068473
69,47,629.8773373610579
69,46,809.9680390091744
69,45,849.0611855140393
69,44,890.7457394337443
69,43,933.1568325023992
69,42,974.2450363726199
69,41,1029.7525428676379
69,40,1075.4297328932767
69,39,1121.2307877865094
69,38,1167.8240490677974
69,37,1212.927972754351
69,36,1489.326814803112
69,35,1531.9921800985637
69,34,1575.1628489055488
69,33,1633.9714887943398
69,32,1740.8858071233624
69,31,1786.9859372905285
69,30,1917.2618572964068
69,29,1966.4591082098893
69,28,3287.674016555481
69,27,3392.5240097431897
69,26,3505.468457963142
69,25,3620.1619787927375
69,24,3729.9001469385325
69,23,3882.1815896568287
69,22,4027.472337999904
69,21,4151.484997801155
69,20,4277.3812151717175
69,19,4398.139592859958
69,18,4907.747668881527
69,17,5008.85460742734
69,16,5110.918821245835
69,15,5248.762022956402
69,14,5610.822684107072
69,13,5720.566146380003
69,12,5958.767405492404
69,11,6067.880973278611
69,10,13607.825699060271
69,9,13880.912091871525
69,8,14156.341632210375
69,7,14525.657910942577
69,6,15894.387730682998
69,5,16195.883952156613
69,4,16627.609730063217
69,3,16885.04097614778
69,2,68438.49205709877
69,1,69387.80483862049
70,70,6.050838078703928
70,69,11.092148127044268
70,68,27.57519575965359
70,67,40.99022969443927
70,66,88.03716694046523
70,65,103.93169778753949
70,64,121.00577003992841
70,63,141.22890018957253
70,62,164.863180959953
70,61,183.40489673464015
70,60,205.31522626072993
70,59,233.7923295828639
70,58,274.484221456973
70,57,296.38859684074396
70,56,334.9184253889238
70,55,367.11527506669034
70,54,399.8624284876356
70,53,447.5373203093598
70,52,483.01165657964145
70,51,519.8364797834225
70,50,559.2952619975811
70,49,599.9275524974913
70,48,640.0152111946032
70,47,680.4405814104479
70,46,867.6001948957686
70,45,907.7503816277863
70,44,950.5694030921815
70,43,994.1163975567858
70,42,1036.267393738948
70,41,1093.2692401127747
70,40,1140.3881331622758
70,39,1187.3524293470352
70,38,1235.1109832951051
70,37,1281.3075878755205
70,36,1565.738287640683
70,35,1609.3447234039495
70,34,1653.4583953960844
70,33,1713.5805223358188
70,32,1826.254953796203
70,31,1873.365519869846
70,30,2006.813995374133
70,29,2057.0496582449887
70,28,3433.6431219108026
70,27,3540.6466195603007
70,26,3655.8955903712754
70,25,3772.895014346894
70,24,3884.7912690454536
70,23,4040.066933659239
70,22,4190.140442054838
70,21,4316.584016676231
70,20,4444.915435822652
70,19,4567.961537857811
70,18,5089.038962845807
70,17,5191.88795977983
70,16,5295.691974402734
70,15,5435.886866992366
70,14,5817.34239848964
70,13,5929.069896996687
70,12,6171.835253947483
70,11,6282.859419572523
70,10,14056.883638434849
70,9,14333.97077198832
70,8,14613.382794700048
70,7,14988.060931546739
70,6,16432.85523078296
70,5,16739.420087344188
70,4,17177.797189837594
70,3,17439.306714421462
70,2,70618.37013404042
70,1,71575.01942918914
71,71,6.443552511905533
71,70,11.852341326128183
71,69,18.338789902552303
71,68,42.5288888024794
71,67,58.46789593713874
71,66,109.99991142798736
71,65,124.2492531874325
71,64,144.7175794384192
71,63,150.6075602297436
71,62,191.053315308797
71,61,210.3208128325101
71,60,237.93394901507935
71,59,268.0994819917913
71,58,305.8900537549512
71,57,328.50179076593605
71,56,374.1405842144639
71,55,407.7667156318866
71,54,441.8941915941098
71,53,491.4965309051409
71,52,528.3853086037303
71,51,566.5967527479822
71,50,607.519662116812
71,49,649.6091295246197
71,48,691.0637796626347
71,47,732.8180711863419
71,46,927.0119735120298
71,45,968.2179174327782
71,44,1012.1700656641904
71,43,1056.8517983595866
71,42,1100.0647273159946
71,41,1158.5594057502776
71,40,1207.1530611126625
71,39,1255.2812883707254
71,38,1304.2059439124516
71,37,1351.4961239204229
71,36,1644.0435562211978
71,35,1688.5922616157584
71,34,1733.649995541756
71,33,1795.0869280950274
71,32,1913.800934604597
71,31,1961.9256725910914
71,30,2098.5629042316923
71,29,2149.8410499866563
71,28,3582.7168847083144
71,27,3691.8757426033235
71,26,3809.431066969395
71,25,3928.7382552479035
71,24,4042.7944963363557
71,23,4201.0663044395105
71,22,4356.084338776711
71,21,4484.9657618055335
71,20,4615.7394328614755
71,19,4741.080080602365
71,18,5273.787113805081
71,17,5378.377377809893
71,16,5483.920348787706
71,15,5626.467415071956
71,14,6028.276812271759
71,13,6142.00023305987
71,12,6389.368833681072
71,11,6502.315416531093
71,10,14513.618416016581
71,9,14794.690652195864
71,8,15078.069203241246
71,7,15458.093913385901
71,6,16982.79350576579
71,5,17294.470468132742
71,4,17739.524846666704
71,3,18005.143783653468
71,2,72841.02528992211
71,1,73804.77364147728
72,72,7.030347112421604
72,71,12.44689919105677
72,70,24.98695404430294
72,69,35.027191195948234
72,68,60.368924914309375
72,67,113.10636912890033
72,66,129.99716223079886
72,65,148.13925007867067
72,64,169.59761042214143
72,63,179.79398543795614
72,62,218.67556774551795
72,61,238.6458014266999
72,60,272.61407963362706
72,59,312.8460298067348
72,58,335.5497215117968
72,57,379.949429893674
72,56,415.2562644373066
72,55,450.2945381953699
72,54,485.787554577084
72,53,537.304188613145
72,52,575.6043922179028
72,51,615.193162490905
72,50,657.5720673303553
72,49,701.111600899329
72,48,743.9270084326951
72,47,787.00472000747
72,46,988.2001849228185
72,45,1030.4610321993625
72,44,1075.5453649196759
72,43,1121.3610314611979
72,42,1165.6353499286433
72,41,1225.6216884727526
72,40,1275.7253462685514
72,39,1325.0184797253937
72,38,1375.110313611462
72,37,1423.4952103678806
72,36,1724.2487816078392
72,35,1769.7409260874433
72,34,1815.743760907894
72,33,1878.4968516126837
72,32,2003.5417486171518
72,31,2052.68452860464
72,30,2192.527428139692
72,29,2244.8522789437866
72,28,3734.8975598136562
72,27,3846.213724736316
72,26,3966.077334582523
72,25,4087.6942482074046
72,24,4203.912466032691
72,23,4365.182475300994
72,22,4525.313466722837
72,21,4656.63988483536
72,20,4789.863071935872
72,19,4917.505288981652
72,18,5462.006141826491
72,17,5568.336878768872
72,16,5675.6179603568635
72,15,5820.517721700128
72,14,6243.68176832258
72,13,6359.4136503393465
72,12,6611.426395331532
72,11,6726.307892190973
72,10,14978.056944871396
72,9,15263.098441259945
72,8,15550.427362744524
72,7,15935.78319574182
72,6,17544.3996279579
72,5,17861.235099530157
72,4,18313.063770789995
72,3,18582.82684203741
72,2,75107.56675969188
72,1,76078.18588754156
73,73,7.231747340819107
73,72,12.935269010611174
73,71,26.377433106772052
73,70,36.95600694918594
73,69,48.41592314994066
73,68,80.96757643118787
73,67,137.0710570642488
73,66,154.5841592934643
73,65,173.44615419178774
73,64,195.84894961996628
73,63,223.76594514676412
73,62,244.01354781982891
73,61,278.16481975166425
73,60,309.3207138296686
73,59,346.08325120940833
73,58,369.47185098263844
73,57,421.4417716994272
73,56,458.24826951450905
73,55,494.68388377933445
73,54,531.5296262943499
73,53,584.9488627284044
73,52,624.6595683876485
73,51,665.6175926158978
73,50,709.4453947868366
73,49,754.4287799799695
73,48,798.5995072410041
73,47,842.9958410318197
73,46,1051.1619274036834
73,45,1094.4771791122607
73,44,1140.693086366928
73,43,1187.6421824355368
73,42,1232.9776114404417
73,41,1294.4547231051322
73,40,1346.1058173684517
73,39,1396.565078055226
73,38,1447.8253982897281
73,37,1497.3063661353742
73,36,1806.359807230562
73,35,1852.7965197299109
73,34,1899.745462898619
73,33,1963.8160794474572
73,32,2095.49540075683
73,31,2145.6602198630985
73,30,2288.7263858239576
73,29,2342.102308591868
73,28,3890.1865147555795
73,27,4003.6619892435447
73,26,4125.835879802885
73,25,4249.764541854842
73,24,4368.146781332641
73,23,4532.417136518014
73,22,4697.836291046528
73,21,4831.615026027289
73,20,4967.295168978971
73,19,5097.246144423589
73,18,5653.70881641693
73,17,5761.779200987182
73,16,5870.79751742933
73,15,6018.050494603664
73,14,6463.613294593123
73,13,6581.366834867893
73,12,6838.066396425895
73,11,6954.895989202201
73,10,15450.222445287704
73,9,15739.217076428647
73,8,16030.479927177448
73,7,16421.15116073514
73,6,18117.87352478964
73,5,18439.916944302604
73,4,18898.50606428758
73,3,19172.44872841619
73,2,77417.92027920969
73,1,78395.1700518847
74,74,7.667846426459327
74,73,13.607008070876594
74,72,27.81949211443896
74,71,38.78212786870971
74,70,50.83763897859411
74,69,63.57048758773472
74,68,104.21456569352827
74,67,162.4990627903926
74,66,177.35176592525704
74,65,199.90510369240857
74,64,216.17130542496648
74,63,253.23998467126606
74,62,284.2018879359101
74,61,315.3365541880608
74,60,348.0234500865832
74,59,380.66736612627534
74,58,404.73778807178695
74,57,464.8103670020143
74,56,503.1016151329566
74,55,540.921761307576
74,54,579.1091049339951
74,53,634.420535809103
74,52,675.542748208184
74,51,717.8630272309854
74,50,763.1335446443021
74,49,809.5553667746929
74,48,855.0766897088672
74,47,900.7874820098622
74,46,1115.8950203267607
74,45,1160.2644904189667
74,44,1207.611660223151
74,43,1255.693953594818
74,42,1302.0904553198577
74,41,1365.0577228427712
74,40,1418.2959253091317
74,39,1469.9227697888546
74,38,1522.3531080286973
74,37,1572.931708283974
74,36,1890.3830348574595
74,35,1937.7654166864993
74,34,1985.6614564634685
74,33,2051.050995825811
74,32,2189.680937286369
74,31,2240.871938698786
74,30,2387.179706590319
74,29,2441.611234221443
74,28,4048.5861361034717
74,27,4164.223001615097
74,26,4288.7092565956345
74,25,4414.951778039285
74,24,4535.500163576623
74,23,4702.773131762715
74,22,4873.662624894516
74,21,5009.901204315246
74,20,5148.045949901027
74,19,5280.31306832212
74,18,5848.9094682293835
74,17,5958.718670954481
74,16,6069.473343651962
74,15,6219.080093215134
74,14,6688.130895509199
74,13,6807.920016963549
74,12,7069.350992115282
74,11,7188.142617982719
74,10,15930.142171469925
74,9,16223.07359886091
74,8,16518.253724942657
74,7,16914.22445981516
74,6,18703.42740309221
74,5,19030.731526299507
74,4,19496.078183582184
74,3,19774.238888636883
74,2,79772.85786109444
74,1,80756.50153830524
75,75,8.126837285926536
75,74,14.309274043394673
75,73,29.455582711510885
75,72,40.671363986862644
75,71,53.12262343796033
75,70,66.50401001734267
75,69,80.39328985778964
75,68,166.3624309132917
75,67,185.35009318789312
75,66,204.41786441823703
75,65,227.86242088408963
75,64,250.24765391836803
75,63,284.1037538295692
75,62,321.87764446580076
75,61,354.50627253005365
75,60,388.69562433575044
75,59,416.5956863612182
75,58,471.5239727986017
75,57,510.04000472709686
75,56,549.8030737016155
75,55,588.9966392713716
75,54,628.5159037786733
75,53,685.7102386597242
75,52,728.2467441800475
75,51,771.9232112564499
75,50,818.6310628599865
75,49,866.4866092809879
75,48,913.3544312664465
75,47,960.3760775331957
75,46,1182.397577488782
75,45,1227.8213433099481
75,44,1276.299717279706
75,43,1325.5152083917155
75,42,1372.9729512656418
75,41,1437.429993126878
75,40,1492.2972423373733
75,39,1545.093336705179
75,38,1598.6954243047956
75,37,1650.3734032086268
75,36,1976.3247728587698
75,35,2024.6538934329244
75,34,2073.497993894167
75,33,2140.2078730058706
75,32,2286.1177051166183
75,31,2338.3391791020053
75,30,2487.9076207478065
75,29,2543.399454112519
75,28,4210.098416612227
75,27,4327.898815053156
75,26,4454.699586903955
75,25,4583.258146826096
75,24,4705.974863635105
75,23,4876.252808818352
75,22,5052.801922145027
75,21,5191.508060677016
75,20,5332.1252438543315
75,19,5466.716067290779
75,18,6047.621930915604
75,17,6159.169104912796
75,16,6271.659238979699
75,15,6423.620334833982
75,14,6917.295281377393
75,13,7039.134659403902
75,12,7305.343634033094
75,11,7426.1120148938235
75,10,16417.841761463642
75,9,16714.69339560578
75,8,17013.77389204231
75,7,17415.02800100728
75,6,19301.279537972117
75,5,19633.900614583406
75,4,20106.030337974094
75,3,20388.450942243217
75,2,82173.27943768814
75,1,83163.0858561947
76,76,8.631796571497869
76,75,15.011099895009577
76,74,29.292128435608863
76,73,42.810377626564396
76,72,55.4815124350055
76,71,69.2642371131299
76,70,83.85206059807922
76,69,98.80455497596127
76,68,193.60411659379776
76,67,213.17105291781903
76,66,232.8124466779343
76,65,257.12451386240923
76,64,286.45080155447783
76,63,316.3446422762897
76,62,361.55306581310776
76,61,395.6467476153918
76,60,425.14652332566084
76,59,449.9353285033773
76,58,517.1361946080806
76,57,557.1173578695738
76,56,598.3410127618845
76,55,638.8983402280554
76,54,679.7410917456259
76,53,738.8100251835821
76,52,782.765278349599
76,51,827.7926866483515
76,50,875.9332016053495
76,49,925.218385477648
76,48,973.429170731996
76,47,1021.7585684703241
76,46,1250.6681666137042
76,45,1297.14653509263
76,44,1346.7562791424643
76,43,1397.1051759339114
76,42,1445.624512945671
76,41,1511.5711650013081
76,40,1568.1117094275287
76,39,1622.0789159696342
76,38,1676.8546724912344
76,37,1729.6339509980014
76,36,2064.1915919332923
76,35,2113.4684938038813
76,34,2163.2615993076565
76,33,2231.293258825782
76,32,2384.8257822113387
76,31,2438.082177712317
76,30,2590.931131209663
76,29,2647.488152368861
76,28,4374.725722633223
76,27,4494.691861002756
76,26,4623.809376021317
76,25,4754.686227030862
76,24,4879.573526464148
76,23,5052.858917327764
76,22,5235.264210609346
76,21,5376.445818411653
76,20,5519.543470952163
76,19,5656.465747170918
76,18,6249.860668777532
76,17,6363.144958153398
76,16,6477.369650815387
76,15,6631.685695306394
76,14,7151.169744874774
76,13,7275.074860272777
76,12,7546.110531046022
76,11,7668.871229423606
76,10,16913.348320092224
76,9,17214.103340503392
76,8,17517.067071406367
76,7,17923.588226622516
76,6,19911.65832118059
76,5,20249.656352876216
76,4,20728.5129753904
76,3,21015.237279107216
76,2,84619.41946291653
76,1,85615.15176522166
77,77,9.164038800615396
77,76,15.743141739950042
77,75,31.02551365466422
77,74,42.882623503125025
77,73,58.145330519778625
77,72,72.10832743066844
77,71,87.09891643401157
77,70,102.79796272806901
77,69,118.7385616307548
77,68,222.18964786984677
77,67,242.3111399346557
77,66,262.5082555768024
77,65,287.6706192581547
77,64,323.73000921200855
77,63,345.1544549796651
77,62,403.20027955758985
77,61,438.7340458145137
77,60,462.90882762907364
77,59,488.3620294073573
77,58,564.5955328775092
77,57,606.0306275000015
77,56,648.705080463796
77,55,690.6177587274411
77,54,732.7766356980176
77,53,793.7127237402714
77,52,839.0927468247588
77,51,885.4665654315263
77,50,935.0356966207202
77,49,985.7469824508769
77,48,1035.2976898874283
77,47,1084.9321804941276
77,46,1320.705546448327
77,45,1368.2390176535334
77,44,1418.9804885562842
77,43,1470.4631762746083
77,42,1520.0446179895239
77,41,1587.480905985011
77,40,1645.7413402282855
77,39,1700.881696485331
77,38,1756.8332101731216
77,37,1810.715865857157
77,36,2153.9899537004476
77,35,2204.215648603182
77,34,2254.958679229361
77,33,2324.3135751123473
77,32,2485.825566260272
77,31,2540.1214933471665
77,30,2696.271567265161
77,29,2753.898842962537
77,28,4542.470003378337
77,27,4664.604136910974
77,26,4796.040677159438
77,25,4929.238127242813
77,24,5056.298309640899
77,23,5232.5936960114495
77,22,5421.059148838137
77,21,5564.724314473278
77,20,5710.310647763169
77,19,5849.572293796039
77,18,6455.63965182347
77,17,6570.660179382377
77,16,6686.618507517327
77,15,6843.2901143856425
77,14,7389.818966880751
77,13,7515.806139176964
77,12,7791.719393073039
77,11,7916.4888488771885
77,10,17416.6873653165
77,9,17721.32868554107
77,8,18028.158248833293
77,7,18439.929874865815
77,6,20534.79913410136
77,5,20878.238088874397
77,4,21363.921186233943
77,3,21654.998755238048
77,2,87113.0350254341
77,1,88114.47645568658
78,78,9.586468371376515
78,77,21.533671845563596
78,76,32.66634204842596
78,75,45.14211631756247
78,74,58.46405226282412
78,73,75.31062025032674
78,72,90.43877504165475
78,71,106.53919755408427
78,70,123.27301034035627
78,69,140.14081979622938
78,68,252.08402505035534
78,67,272.74394219836637
78,66,293.48497790185166
78,65,319.485194465271
78,64,357.84522509585514
78,63,379.8534117568677
78,62,446.79494247603606
78,61,483.74716744076466
78,60,502.01817564707676
78,59,528.1367138492154
78,58,613.8901986471992
78,57,656.7694938179454
78,56,700.8862087635036
78,55,744.1469092458107
78,54,787.6154868390771
78,53,850.4120577936689
78,52,897.2243712460472
78,51,944.9407087041529
78,50,995.9349717165851
78,49,1048.0693248106593
78,48,1098.9573642396597
78,47,1149.8946960016071
78,46,1392.5090084684202
78,45,1441.098257991973
78,44,1492.9719889635362
78,43,1545.5890186058211
78,42,1596.2332237768323
78,41,1665.1593581844413
78,40,1725.188679156973
78,39,1781.5043951563155
78,38,1838.6339215792286
78,37,1893.622187926508
78,36,2245.7268313476984
78,35,2296.902311075176
78,34,2348.5961730897457
78,33,2419.275788855496
78,32,2589.138510689901
78,31,2644.478759623322
78,30,2803.9513853206245
78,29,2862.6541881128214
78,28,4713.334105017237
78,27,4837.63855678396
78,26,4971.396481211904
78,25,5106.916915299717
78,24,5236.1523507198435
78,23,5415.460392484654
78,22,5610.197603460056
78,21,5756.3546195963545
78,20,5904.438050788372
78,19,6046.047177951424
78,18,6664.9742416357785
78,17,6781.730130721571
78,16,6899.42117282176
78,15,7058.448996687812
78,14,7633.311273085272
78,13,7761.397734424493
78,12,8042.241817505785
78,11,8169.037425333308
78,10,17927.8879290396
78,9,18236.39825229285
78,8,18547.076035734186
78,7,18964.08138510941
78,6,21170.950851154656
78,5,21519.898999184396
78,4,22012.32887961239
78,3,22307.81026087785
78,2,89653.82190571848
78,1,90660.74137280964
79,79,10.144769491154744
79,78,22.923405560143358
79,77,34.36306648737578
79,76,47.272574859205506
79,75,61.271795904014134
79,74,75.88303787574122
79,73,94.1871621792552
79,72,110.38175916754625
79,71,127.51367841160184
79,70,145.22046380570518
79,69,162.96584357259806
79,68,283.2617714567596
79,67,304.44996655811593
79,66,325.72745396140596
79,65,352.5566119475017
79,64,393.3251988718857
79,63,415.9150528912152
79,62,492.315614695442
79,61,530.6675136143722
79,60,542.4773117020538
79,59,569.2627787811259
79,58,665.009725283691
79,57,709.3247461761758
79,56,754.8762622079456
79,55,799.4785882356128
79,54,844.2512508494701
79,53,908.9023102509494
79,52,957.1558632587945
79,51,1006.2113879281399
79,50,1058.627793409502
79,49,1112.1826207032495
79,48,1164.4057997346429
79,47,1216.6440804763372
79,46,1466.0779287685805
79,45,1515.7237787349216
79,44,1568.7304520161235
79,43,1622.4825150262686
79,42,1674.1902676694106
79,41,1744.6066187972858
79,40,1806.4562657943636
79,39,1863.9497050643106
79,38,1922.2596490706412
79,37,1978.3558985955146
79,36,2339.4090213693457
79,35,2391.535252306862
79,34,2444.1808321607155
79,33,2516.186668786633
79,32,2694.786349559399
79,31,2751.1758928091404
79,30,2913.9933282598954
79,29,2973.7771395630975
79,28,4887.320312376362
79,27,5013.79745348003
79,26,5149.879176608616
79,25,5287.7250351036355
79,24,5419.1381429713565
79,23,5601.46158191959
79,22,5802.6899098638305
79,21,5951.347252514437
79,20,6101.936383574495
79,19,6245.901277421409
79,18,6877.879118976165
79,17,6996.369477873787
79,16,7115.79229826458
79,15,7277.17701314896
79,14,7881.716367616885
79,13,8011.920299182892
79,12,8297.750903903945
79,11,8426.59105360254
79,10,18446.97695061814
79,9,18759.33872610802
79,8,19073.84686327354
79,7,19496.068957796742
79,6,21820.369771256137
79,5,22174.89993055842
79,4,22674.123917607994
79,3,22974.065479244728
79,2,92243.41892338546
79,1,93255.60350834222
80,80,10.93780950185848
80,79,18.132004936875678
80,78,36.28787464499206
80,77,49.470455369138335
80,76,63.91108193884857
80,75,79.25337982898787
80,74,95.01797927735866
80,73,114.67936405295616
80,72,131.86325785806795
80,71,149.96366108237953
80,70,168.593192799897
80,69,187.17548610236068
80,68,315.7044238389775
80,67,337.41495040570453
80,66,359.2245204384836
80,65,386.87635069533655
80,64,430.16773402242603
80,63,453.3386224163914
80,62,539.74346481598
80,61,552.6732924668706
80,60,579.4458817412246
80,59,675.1350888034826
80,58,717.9449521336052
80,57,763.6883124394761
80,56,810.668106537943
80,55,856.6064771651958
80,54,902.6783213478058
80,53,969.1784865148412
80,52,1018.8836133334856
80,51,1069.2754973407007
80,50,1123.1115058541188
80,49,1178.0846182722823
80,48,1231.6411095367237
80,47,1285.178778754666
80,46,1541.4121356928897
80,45,1592.1155430850454
80,44,1646.2559803116644
80,43,1701.1439008756702
80,42,1753.916104052389
80,41,1825.8231987791066
80,40,1889.5471131468992
80,39,1948.2207913460475
80,38,2007.7137067007684
80,37,2064.9204510061786
80,36,2435.0437817512516
80,35,2488.1217140991353
80,34,2541.719887304963
80,33,2615.053473598656
80,32,2802.7918545623033
80,31,2860.2358653511965
80,30,3026.421246989099
80,29,3087.291777683536
80,28,5064.43168964432
80,27,5193.083955453361
80,26,5331.491964816551
80,25,5471.665761374668
80,24,5605.259027563772
80,23,5790.600711088274
80,22,5998.547474569715
80,21,6149.713824644256
80,20,6302.81746426285
80,19,6449.146605535847
80,18,7094.370192203278
80,17,7214.594132218054
80,16,7335.747799231402
80,15,7499.49012297955
80,14,8135.10763053072
80,13,8267.448239673115
80,12,8558.323681938953
80,11,8689.227839896263
80,10,18973.984415218427
80,9,19290.179883574736
80,8,19608.50029957557
80,7,20035.9219921141
80,6,22483.326255892553
80,5,22843.516162123946
80,4,23349.476082213863
80,3,23653.936895179104
80,2,94882.0699493923
80,1,95899.30220966441
81,81,9.309151451462904
81,80,19.300650657844713
81,79,28.29071541537358
81,78,51.96081477893403
81,77,66.62835281339615
81,76,82.41356293952856
81,75,98.95976333138768
81,74,115.77146190807876
81,73,136.7097665138576
81,72,154.82263446223195
81,71,173.84053809689664
81,70,193.35178676555142
81,69,212.73755637475008
81,68,349.3986370736795
81,67,371.62850328615735
81,66,393.9680043951531
81,65,422.43822175105856
81,64,468.3726525950814
81,63,492.1250218942401
81,62,589.0617714665779
81,61,594.9896571080973
81,60,622.4168553230272
81,59,728.5366052991034
81,58,772.6876645695128
81,57,819.8529128424109
81,56,868.2552705328957
81,55,915.5248089629763
81,54,962.8915475797783
81,53,1031.2359721209766
81,52,1082.4043440162463
81,51,1134.130200529442
81,50,1189.3836680408688
81,49,1245.7732320250373
81,48,1300.6615292479432
81,47,1355.497318377127
81,46,1618.5114386389523
81,45,1670.2734711293397
81,44,1725.5486097964763
81,43,1781.5733226716677
81,42,1835.4109781573316
81,41,1908.809476526983
81,40,1974.4641445090936
81,39,2034.3207115634864
81,38,2094.9992836972115
81,37,2153.3191572191595
81,36,2532.63811401877
81,35,2586.6686748817783
81,34,2641.2202986322945
81,33,2715.883179489317
81,32,2913.178029662187
81,31,2971.6818837328306
81,30,3141.2592303234355
81,29,3203.222423603927
81,28,5244.670576413279
81,27,5375.500443957634
81,26,5516.237275737259
81,25,5658.741572679724
81,24,5794.517526189092
81,23,5982.8803748739365
81,22,6197.780992568575
81,21,6351.465211720296
81,20,6507.092350912565
81,19,6655.794392218323
81,18,7314.462485208588
81,17,7436.419102145639
81,16,7559.302669407398
81,15,7725.403338294472
81,14,8393.559817505351
81,13,8528.0573787675
81,12,8824.03869634625
81,11,8957.027451525219
81,10,19508.93768158658
81,9,19828.948823745923
81,8,20151.063183739716
81,7,20583.667089522725
81,6,23160.09864002148
81,5,23526.03123258333
81,4,24038.755432710648
81,3,24347.800346222197
81,2,97571.22551222605
81,1,98593.30330753337
82,82,10.215476077591083
82,81,16.866451682310903
82,80,29.900899000111657
82,79,40.28468739939454
82,78,69.70313457380429
82,77,85.66132306841038
82,76,102.64796029624699
82,75,120.28965996808306
82,74,138.06473945011612
82,73,160.2151031688357
82,72,179.20990070579097
82,71,199.10384762391197
82,70,219.4631556582743
82,69,239.62480991530907
82,68,384.3349723479389
82,67,407.0832695336548
82,66,429.9521407547601
82,65,459.23796394607587
82,64,507.9415189462437
82,63,532.2766312409757
82,62,640.2557676478683
82,61,638.6680396171788
82,60,666.752677745606
82,59,783.7445133930636
82,58,829.2306464770438
82,57,877.8121474893227
82,56,927.6320645063686
82,55,976.2285142731275
82,54,1024.886405808077
82,53,1095.070730603349
82,52,1147.7153301841338
82,51,1200.7731716010487
82,50,1257.4423154399453
82,49,1315.2468243493797
82,48,1371.4657173185517
82,47,1427.5986282971194
82,46,1697.376019097137
82,45,1750.1978471590808
82,44,1806.6087340081433
82,43,1863.7712792126867
82,42,1918.6754832275578
82,41,1993.566176146338
82,40,2061.2106911068454
82,39,2122.2529305389116
82,38,2184.119976599431
82,37,2243.5557369436365
82,36,2632.1994187542487
82,35,2687.183519792208
82,34,2742.6894403165447
82,33,2818.6831852564737
82,32,3025.968889199185
82,31,3085.538183040891
82,30,3258.5324475221373
82,29,3321.5944992465397
82,28,5428.039954737374
82,27,5561.049955735822
82,26,5704.118208719155
82,25,5848.955631248463
82,24,5986.916857863424
82,23,6178.303884336835
82,22,6400.4020745372545
82,21,6556.61322285443
82,20,6714.77305294112
82,19,6865.8568359437495
82,18,7538.172068230726
82,17,7661.86045709321
82,16,7786.472978295149
82,15,7954.932766902123
82,14,8657.151400284383
82,13,8793.827337385746
82,12,9094.978478838546
82,11,9230.07362985853
82,10,20051.86665754182
82,9,20375.67523120361
82,8,20701.564977078946
82,7,21139.333523384834
82,6,23850.980018795708
82,5,24222.743854615925
82,4,24742.170342360667
82,3,25055.867809348812
82,2,100311.31199124362
82,1,101338.03245271815
83,83,9.941223020131819
83,82,18.18107351821946
83,81,26.536669045066844
83,80,42.371077168829004
83,79,53.91963196157903
83,78,89.33151788032313
83,77,106.43238112051046
83,76,124.50951764923747
83,75,143.1615744205005
83,74,161.83360865223233
83,73,185.14329588467385
83,72,204.98357775774727
83,71,225.71971212941833
83,70,246.8993704377767
83,69,267.8140786336767
83,68,420.5069129470104
83,67,443.77419411270876
83,66,467.17300933914464
83,65,497.27279946480814
83,64,548.8772741198429
83,63,573.7970060363998
83,62,693.3123068121172
83,61,683.7144578998083
83,60,712.4596373780398
83,59,840.7515534774946
83,58,887.5674511896702
83,57,937.5602785363875
83,56,988.7933700112787
83,55,1038.7130164413943
83,54,1088.6587973764954
83,53,1160.6790978386202
83,52,1214.8141928302919
83,51,1269.2023868608774
83,50,1327.285747863811
83,49,1386.5039885994925
83,48,1444.0525330739467
83,47,1501.4818113427016
83,46,1778.0061638454981
83,45,1831.8890465676966
83,44,1889.4368238774794
83,43,1947.7383339400021
83,42,2003.7102655933884
83,41,2080.0940619572157
83,40,2149.790178113758
83,39,2212.020997716456
83,38,2275.079457730101
83,37,2335.633977411978
83,36,2733.7351001617053
83,35,2789.673636501076
83,34,2846.134687629088
83,33,2923.460887408775
83,32,3141.189026825307
83,31,3201.829587190634
83,30,3378.2666837716256
83,29,3442.43405363255
83,28,5614.542622828306
83,27,5749.735335807139
83,26,5895.13766283732
83,25,6042.310890445707
83,24,6182.460024653619
83,23,6376.874322229611
83,22,6606.422271280767
83,21,6765.169600387684
83,20,6925.871506060227
83,19,7079.346054861245
83,18,7765.514905093387
83,17,7890.934155083247
83,16,8017.274678909008
83,15,8188.094393200068
83,14,8925.963381627744
83,13,9064.840332610707
83,12,9371.228309890632
83,11,9508.452936035044
83,10,20602.80071056548
83,9,20930.388234797443
83,8,21260.034569657862
83,7,21702.94997542867
83,6,24556.27530504408
83,5,24933.964944445102
83,4,25460.079398024252
83,3,25778.50380734225
83,2,103103.62996362634
83,1,104134.80372189934
84,84,10.12351923189162
84,83,17.923604233976732
84,82,28.331722328838445
84,81,38.01241098535681
84,80,56.50412793500126
84,79,69.05562886296087
84,78,110.7036135171653
84,77,128.83337251583927
84,76,147.91432364219656
84,75,167.5093734440245
84,74,187.0253318453555
84,73,211.45119262062798
84,72,232.10907278355046
84,71,253.65964936225794
84,70,275.6367819946758
84,69,297.2856155204551
84,68,457.9102121047911
84,67,481.6980492436929
84,66,505.6281876245312
84,65,536.5411788047929
84,64,591.1840490720924
84,63,616.6907423719483
84,62,696.3764951762028
84,61,724.2982956936764
84,60,853.2180040400532
84,59,899.5513151979992
84,58,947.6923751060419
84,57,999.0922236522008
84,56,1051.73465040839
84,55,1102.9742571199745
84,54,1154.2050875768832
84,53,1228.057833244714
84,52,1283.698961378411
84,51,1339.4161970850957
84,50,1398.9126110580216
84,49,1459.5436394584538
84,48,1518.42113528123
84,47,1577.146250554312
84,46,1860.4023978706205
84,45,1915.3476751808053
84,44,1974.0335735974318
84,43,2033.4752672320597
84,42,2090.5161830354045
84,41,2168.3941045881
84,40,2240.2062985316265
84,39,2303.628727327007
84,38,2367.881661635538
84,37,2429.5579258152175
84,36,2837.252797849358
84,35,2894.1466518743973
84,34,2951.5636585538778
84,33,3030.22392866306
84,32,3258.8639076820155
84,31,3320.5818071732197
84,30,3500.488656463065
84,29,3565.768085655798
84,28,5804.181672073996
84,27,5941.559726558609
84,26,6089.298838964468
84,25,6238.8106099725155
84,24,6381.150339381603
84,23,6578.595088016463
84,22,6815.853641256641
84,21,6977.146601588565
84,20,7140.400168322641
84,19,7296.274696552275
84,18,7996.507524656147
84,17,8123.6567253104795
84,16,8251.724301582519
84,15,8424.904787170466
84,14,9200.080212074534
84,13,9341.18211199368
84,12,9652.877192336602
84,11,9792.255742552028
84,10,21161.770454912294
84,9,21493.11822395873
84,8,21826.502126001138
84,7,22274.54642095149
84,6,25276.304124383692
84,5,25660.02058456726
84,4,26192.838366196236
84,3,26516.070175811063
84,2,105949.41633807255
84,1,106984.86677766439
85,85,11.021699667823977
85,84,18.344039073119507
85,83,27.972344537956143
85,82,40.32723681072639
85,81,51.112918288533805
85,80,72.1526352469701
85,79,85.58651184881955
85,78,133.70760893646428
85,77,152.77804413996495
85,76,172.7945662268677
85,75,193.278968340864
85,74,213.5962891761686
85,73,239.10281540439252
85,72,260.5573990418099
85,71,282.89961780185365
85,70,305.6552998069669
85,69,328.02254590778364
85,68,496.54238004009113
85,67,520.8530454691253
85,66,545.3164502532996
85,65,577.0425455161188
85,64,634.8669769997227
85,63,660.9633255519345
85,62,743.3464510855435
85,61,771.8892661794738
85,60,912.5153819709851
85,59,960.1381237092656
85,58,1009.6003591925346
85,57,1062.4034693726996
85,56,1116.451873723392
85,55,1169.0086270367788
85,54,1221.5220428614903
85,53,1297.204060587312
85,52,1354.3680188024257
85,51,1411.4132758947096
85,50,1472.321847440223
85,49,1534.3649654648975
85,48,1594.5709361292743
85,47,1654.5915642533614
85,46,1944.5654357000824
85,45,2000.5745207509156
85,44,2060.399852045603
85,43,2120.983027586299
85,42,2179.0942556423433
85,41,2258.46743094522
85,40,2332.462963316557
85,39,2397.08014777071
85,38,2462.5307336329047
85,37,2525.3318370138118
85,36,2942.7603297786977
85,35,3000.610373541446
85,34,3058.9841539857753
85,33,3138.980136364828
85,32,3379.019829672937
85,31,3441.821401668823
85,30,3625.225974355399
85,29,3691.6245026210254
85,28,5996.960363893191
85,27,6136.52644148584
85,26,6286.6051101520125
85,25,6438.4582228346
85,24,6582.99128933271
85,23,6783.469757031015
85,22,7028.708607695287
85,21,7192.556852117403
85,20,7358.371869875985
85,19,7516.655784236333
85,18,8231.166852505703
85,17,8360.0450968022
85,16,8489.838779578105
85,15,8665.380925886982
85,14,9479.589754115614
85,13,9622.941920140038
85,12,9940.01782404769
85,11,10081.576209048275
85,10,21728.807294447433
85,9,22063.89638351052
85,8,22400.99861182244
85,7,22854.153644717077
85,6,26011.401112471565
85,5,26401.25234968111
85,4,26940.708510648223
85,3,27268.833181362523
85,2,108849.31146391053
85,1,109888.8662057346
86,86,11.974269728445272
86,85,19.660108139051687
86,84,28.66645632272799
86,83,39.78799463977355
86,82,53.97303535117059
86,81,65.70664040401493
86,80,89.20559920057147
86,79,103.43000700084541
86,78,158.25478281121875
86,77,178.1969981203994
86,76,199.09502025247966
86,75,220.4258259538016
86,74,241.51019724164053
86,73,268.06802316465075
86,72,290.3041946489195
86,71,313.41928488990277
86,70,336.9378419209837
86,69,360.010454047139
86,68,536.402349579987
86,67,561.2385879307928
86,66,586.2375917030628
86,65,618.7772104069585
86,64,679.9321099924147
86,63,706.6210766927171
86,62,791.7030122854579
86,61,820.8705974686562
86,60,973.5986297010521
86,59,1022.5070395397363
86,58,1073.2870065157294
86,57,1127.4901038904939
86,56,1182.9415588961915
86,55,1236.8130242484474
86,54,1290.6068998832138
86,53,1368.115347789965
86,52,1426.8201909488448
86,51,1485.1927176651645
86,50,1547.5128022417414
86,49,1610.9675430122197
86,48,1672.50172261732
86,47,1733.8177344918317
86,46,2030.496336361364
86,45,2087.570713730643
86,44,2148.5368695636184
86,43,2210.2629043419697
86,42,2269.445844161081
86,41,2350.315509869705
86,40,2426.564494858829
86,39,2492.379701032923
86,38,2559.0312351699654
86,37,2622.9603845719735
86,36,3050.265941877502
86,35,3109.073044191747
86,34,3168.4044167759625
86,33,3249.7377881328975
86,32,3501.6842385645054
86,31,3565.5760981197795
86,30,3752.5074765637264
86,29,3820.032465634371
86,28,6192.882632083818
86,27,6334.6394790451295
86,26,6487.0605478477355
86,25,6641.257874060151
86,24,6787.987086861015
86,23,6991.502647546384
86,22,7245.00054934189
86,21,7411.413950287627
86,20,7579.800430898969
86,19,7740.503347758518
86,18,8469.510902244858
86,17,8600.117300206819
86,16,8731.636161450546
86,15,8909.540920203643
86,14,9764.584247744266
86,13,9910.21348224005
86,12,10232.747622030582
86,11,10376.513324963162
86,10,22303.94523643972
86,9,22642.75653463965
86,8,22983.557662332132
86,7,23441.805146044706
86,6,26761.918999001697
86,5,27158.020464220936
86,4,27703.386431324252
86,3,28036.487190348413
86,2,111800.66462424677
86,1,112844.10780068737
87,87,5.474296949862684
87,86,21.044458607815177
87,85,30.459897102387227
87,84,40.77541021746323
87,83,53.18071089162695
87,82,69.12924651673376
87,81,81.69291024984953
87,80,107.57748449642364
87,79,122.52155372292513
87,78,184.27400996051222
87,77,205.0338607251016
87,76,226.77029684559022
87,75,248.9129482227231
87,74,270.7365984242699
87,73,298.321319865907
87,72,321.32878826368267
87,71,345.2012717058071
87,70,369.46970814925595
87,69,393.23685116177325
87,68,577.4899385770162
87,67,602.8547908037202
87,66,628.3919759615864
87,65,661.7459225857292
87,64,726.3859907871613
87,63,753.6707330398481
87,62,841.4542201500223
87,61,871.2504089274063
87,60,1036.462474869752
87,59,1086.6533071995934
87,58,1138.7480184307246
87,57,1194.3482370371892
87,56,1251.2001774218847
87,55,1306.3842370781897
87,54,1361.456728768875
87,53,1440.7890378543937
87,52,1501.054054115722
87,51,1560.7533211547125
87,50,1624.4844807708298
87,49,1689.350566322608
87,48,1752.2128598735699
87,47,1814.8242835534745
87,46,2118.1955436431685
87,45,2176.3367418816133
87,44,2238.4451650025535
87,43,2301.315486705368
87,42,2361.571582095914
87,41,2443.939047125323
87,40,2522.5144878898864
87,39,2589.5310733826645
87,38,2657.386943872297
87,37,2722.4474313864807
87,36,3159.7768826261067
87,35,3219.541888624534
87,34,3279.831651022229
87,33,3362.504093177123
87,32,3626.8841219072096
87,31,3691.8731576754044
87,30,3882.36151313105
87,29,3951.0206396500607
87,28,6391.950185755407
87,27,6535.9005594155715
87,26,6690.666887504501
87,25,6847.211314319495
87,24,6996.139494502568
87,23,7202.695550854005
87,22,7464.7404151196615
87,21,7633.72900407177
87,20,7804.697120026016
87,19,7967.828807020035
87,18,8711.554819575525
87,17,8843.888450844825
87,16,8977.131532640587
87,15,9157.399853233152
87,14,10055.155929911965
87,13,10203.090562296778
87,12,10531.164145839997
87,11,10677.166273416322
87,10,22887.210470625003
87,9,23229.7245556218
87,8,23574.2048436959
87,7,24037.526186128216
87,6,27528.21708324521
87,5,27930.692138843435
87,4,28482.543367760252
87,3,28820.728018046797
87,2,114812.2468579641
87,1,115859.48951843643
88,88,5.8862720986734915
88,87,10.376933654700725
88,86,32.33728172819283
88,85,43.07785604472183
88,84,54.47379918846005
88,83,68.01015734523155
88,82,85.6897630866043
88,81,98.99316174756761
88,80,127.20159901686212
88,79,142.81016731837363
88,78,211.7078846826623
88,77,233.24260526923686
88,76,255.78296873618902
88,75,278.709556687604
88,74,301.2499484071629
88,73,329.8412132966951
88,72,353.61377973071944
88,71,378.2308982888536
88,70,403.23845274530294
88,69,427.6911494984454
88,68,619.8060415068096
88,67,645.7027343070831
88,66,671.7808475134333
88,65,705.9502334062933
88,64,774.2360872518608
88,63,802.1199193165819
88,62,892.6089302123038
88,61,923.037623790091
88,60,1101.102599410349
88,59,1152.5730780839808
88,58,1205.9799665864814
88,57,1262.9748222821866
88,56,1321.2250250424065
88,55,1377.7198633738892
88,54,1434.069399060481
88,53,1515.223278674401
88,52,1577.0690141988218
88,51,1638.0947171246462
88,50,1703.2367271119765
88,49,1769.5140777849113
88,48,1833.7045714152207
88,47,1897.6116037501943
88,46,2207.664449972762
88,45,2266.8740596724597
88,44,2330.1262636091233
88,43,2394.142370638225
88,42,2455.473129538422
88,41,2539.3398030922826
88,40,2620.317688054265
88,39,2688.539125921208
88,38,2757.6028366862456
88,37,2823.7980632649706
88,36,3271.3017736651386
88,35,3332.025530352481
88,34,3393.274485098274
88,33,3477.287719040413
88,32,3754.648762669976
88,31,3820.7421797761813
88,30,4014.818899000816
88,29,4084.6202014116975
88,28,6594.167326134085
88,27,6740.314052395743
88,26,6897.428575929381
88,25,7056.323068121358
88,24,7207.45310817261
88,23,7417.053173956138
88,22,7687.942367091404
88,21,7859.516404510025
88,20,8033.076559754023
88,19,8198.647003371863
88,18,8957.317484926109
88,17,9091.377453722607
88,16,9226.343823599476
88,15,9408.976727954878
88,14,10351.404836818007
88,13,10501.674886929988
88,12,10835.373291238351
88,11,10983.642745855355
88,10,23478.638769653993
88,9,23824.83604809487
88,8,24172.9755867101
88,7,24641.35208124328
88,6,28310.683154153634
88,5,28719.663851706347
88,4,29277.785965696577
88,3,29621.15943241353
88,2,117880.78228052186
88,1,118931.68388768975
89,89,6.017781430649663
89,88,11.016263140249036
89,87,16.764326631010892
89,86,45.47946409092105
89,85,57.30425326980546
89,84,69.61682333503094
89,83,84.1685691862243
89,82,103.57229959109955
89,81,117.5453610584379
89,80,148.02549156695972
89,79,164.25534573431784
89,78,240.50965111710693
89,77,262.7853198709025
89,76,286.1018993943328
89,75,309.7898110511031
89,74,333.0286126324119
89,73,362.6093870912965
89,72,387.1443562820901
89,71,412.4956002284472
89,70,438.23337272698325
89,69,463.364203082947
89,68,663.3521451430801
89,67,689.7839988973059
89,66,716.4058759050903
89,65,751.3920423821089
89,64,823.490321051103
89,63,851.976672586411
89,62,945.1763031002848
89,61,976.2414492386796
89,60,1167.514998104473
89,59,1220.2627493535038
89,58,1274.979609271309
89,57,1333.3669470236503
89,56,1393.0134841698414
89,55,1450.8175452384894
89,54,1508.4427861016231
89,53,1591.416185703009
89,52,1654.8644371588234
89,51,1717.2164661760485
89,50,1783.7692865489714
89,49,1851.4579939880377
89,48,1916.9769297460416
89,47,1982.1799125134644
89,46,2298.904175202244
89,45,2359.183833402854
89,44,2423.5813860837893
89,43,2488.744831320844
89,42,2551.1518104953934
89,41,2636.519181868295
89,40,2719.9785366999618
89,39,2789.408400117546
89,38,2859.6835556157566
89,37,2927.0170164693805
89,36,3384.848783320446
89,35,3446.5321295950666
89,34,3508.741073815154
89,33,3594.096844715466
89,32,3885.0076761941664
89,31,3952.2130015804823
89,30,4149.910704147376
89,29,4220.862590040466
89,28,6799.537229790791
89,27,6947.8831751250755
89,26,7107.3488770598315
89,25,7268.596446561157
89,24,7421.931281378533
89,23,7634.578940969337
89,22,7914.61943304299
89,21,8088.789377946775
89,20,8264.952177132787
89,19,8432.971553386928
89,18,9206.816429197157
89,17,9342.60184038337
89,16,9479.2905671909
89,15,9664.289117170734
89,14,10653.433152591884
89,13,10806.070414342157
89,12,11145.483383651674
89,11,11296.052957945585
89,10,24078.26208405266
89,9,24428.122727154776
89,8,24779.901370819636
89,7,25253.31410970979
89,6,29109.71857295973
89,5,29525.346248618935
89,4,30090.113420348294
89,3,30438.796586824294
89,2,121010.94777687956
89,1,122065.43389558945
90,90,6.493842531546912
90,89,11.541882871198043
90,88,20.948907275905583
90,87,31.84613299367135
90,86,60.248149257935935
90,85,72.98664519001017
90,84,86.09379086597195
90,83,101.57171272043941
90,82,122.71229279271665
90,81,137.30019723455788
90,80,170.0077285733698
90,79,186.8248608362236
90,78,270.64100925171203
90,77,293.63063640529583
90,76,317.7011020810702
90,75,342.1319759961749
90,74,366.0542599863273
90,73,396.6102501661983
90,72,421.90797110263037
90,71,447.98470401377165
90,70,474.4453585258148
90,69,500.24821849796143
90,68,708.1303712398461
90,67,735.100740087921
90,66,762.2692571309632
90,65,798.0737245928776
90,64,874.1572304428493
90,63,903.2496227113322
90,62,999.166025775526
90,61,1030.8716117869535
90,60,1235.696233194718
90,59,1289.7192418266814
90,58,1345.7441917459173
90,57,1405.522155223209
90,56,1466.5633683199828
90,55,1525.6753341293702
90,54,1584.5751561897578
90,53,1669.36625355403
90,52,1734.4400814775465
90,51,1798.1185113787353
90,50,1866.0822792388353
90,49,1935.1826005392732
90,48,2002.030371548448
90,47,2068.5297877230923
90,46,2391.9161955626964
90,45,2453.267588339004
90,44,2518.8121150495404
90,43,2585.1245091264827
90,42,2648.609317525436
90,41,2735.478961225459
90,40,2821.501925949636
90,39,2892.143893483599
90,38,2963.6342042250762
90,37,3032.1094941797087
90,36,3500.4265778625063
90,35,3563.0703525356435
90,34,3626.2400858528936
90,33,3712.9401730633645
90,32,4017.9917382100157
90,31,4086.3168466888865
90,30,4287.669463402997
90,29,4359.780738881551
90,28,7008.063870765149
90,27,7158.611957721946
90,26,7320.43188438694
90,25,7484.035607064485
90,24,7639.578229981746
90,23,7855.277160315838
90,22,8144.785755865972
90,21,8321.562286542143
90,20,8500.338556006369
90,19,8670.817250462287
90,18,9460.070461010144
90,17,9597.580436142158
90,16,9735.990606191937
90,15,9923.355925494528
90,14,10961.348465535199
90,13,11116.386644212675
90,12,11461.608608047016
90,11,11614.51313368378
90,10,24686.11544389501
90,9,25039.619426549885
90,8,25395.01683343269
90,7,25873.44676125703
90,6,29925.747826872775
90,5,30348.173881257404
90,4,30918.335120673564
90,3,31272.43696698057
90,2,124195.0553845838
90,1,125252.94209823136
91,91,6.370598325766955
91,90,11.55487039900192
91,89,21.43472867491342
91,88,33.148962332201954
91,87,44.80894897507661
91,86,76.48310301243528
91,85,90.00935838304153
91,84,103.81847841908953
91,83,120.15294661096641
91,82,143.05867601259308
91,81,158.21826722316933
91,80,193.11545921965387
91,79,210.4930215995731
91,78,302.070332891933
91,77,325.7523953420698
91,76,350.5587141889144
91,75,375.71761661739436
91,74,400.3112203611731
91,73,431.83040067497905
91,72,457.8938960820557
91,71,484.6890435778058
91,70,511.86655767084056
91,69,538.3364542567056
91,68,754.1431925411566
91,67,781.6554151884959
91,66,809.3734471159419
91,65,845.9978668208603
91,64,926.24570025079
91,63,955.9477217948074
91,62,1054.588027526706
91,61,1086.9380687231976
91,60,1305.6430645036992
91,59,1360.9396224900786
91,58,1418.2710594450286
91,57,1479.43804930201
91,56,1541.872511628078
91,55,1602.291267963361
91,54,1662.4647308360554
91,53,1749.0718996899373
91,52,1815.795626773517
91,51,1880.8006916596134
91,50,1950.1756969264889
91,49,2020.688031584637
91,48,2088.865160462641
91,47,2156.6616136863636
91,46,2486.70170473448
91,45,2549.1265537770864
91,44,2615.8197229440443
91,43,2683.2827200850443
91,42,2747.8470054817835
91,41,2836.220563322977
91,40,2924.8924478855647
91,39,2996.7502900316676
91,38,3069.4595591118455
91,37,3139.0803597667636
91,36,3618.043391723976
91,35,3681.648424564197
91,34,3745.779739895815
91,33,3833.8259435378873
91,32,4153.632155826501
91,31,4223.085278853693
91,30,4428.128079749568
91,29,4501.407960707718
91,28,7219.75014981902
91,27,7372.503331850044
91,26,7536.680565785789
91,25,7702.64355398939
91,24,7860.39699073882
91,23,8079.150924929184
91,22,8378.45442010161
91,21,8557.848407093
91,20,8739.249167562253
91,19,8912.197749331272
91,18,9717.0971398649
91,17,9856.330795981432
91,16,9996.461491678696
91,15,10186.194736986829
91,14,11275.261085261314
91,13,11432.73590278755
91,12,11783.866223808394
91,11,11939.142690103725
91,10,25302.230347655288
91,9,25659.357391511425
91,8,26018.35296620409
91,7,26501.78080338813
91,6,30759.21190103441
91,5,31188.598535124333
91,4,31765.44165366076
91,3,32125.113399149584
91,2,127448.77428448769
91,1,128510.1013078359
92,92,6.5653406617213514
92,91,11.832238209077326
92,90,23.84046802868001
92,89,34.436168050054754
92,88,46.43610754324726
92,87,59.6939809544689
92,86,94.06370374602737
92,85,108.28289358809937
92,84,122.72293225555858
92,83,139.85910788462573
92,82,164.5709086290147
92,81,180.26805995611792
92,80,217.3226920182311
92,79,235.23945965913504
92,78,334.77146004170606
92,77,359.1287818709695
92,76,384.6563812003907
92,75,410.53116602237293
92,74,435.78619208084933
92,73,468.2584356769971
92,72,495.0931171654587
92,71,522.6009226640438
92,70,550.4903915765384
92,69,577.6232826953134
92,68,801.393646664842
92,67,829.4510216135463
92,66,857.7214217758327
92,65,895.1675518986776
92,64,979.7652897835961
92,63,1010.0805898090342
92,62,1111.4528756605112
92,61,1144.4514200140236
92,60,1377.352918955124
92,59,1433.9216021996333
92,58,1492.558183734762
92,57,1555.1128446937869
92,56,1618.9393521080672
92,55,1680.6639818338722
92,54,1742.1103244423025
92,53,1830.532139143537
92,52,1898.9313775403787
92,51,1965.2634735624376
92,50,2036.0501642509223
92,49,2107.975060950922
92,48,2177.482207006332
92,47,2246.5764295713766
92,46,2583.2625981334277
92,45,2646.762673201348
92,44,2714.606209757351
92,43,2783.2215214797498
92,42,2848.866983757422
92,41,2938.746183283378
92,40,3030.1555601570935
92,39,3103.2331554311263
92,38,3177.165294943154
92,37,3247.9353904396185
92,36,3737.708477600966
92,35,3802.275606278665
92,34,3867.3693067664976
92,33,3956.763470243022
92,32,4291.962172709392
92,31,4362.55193671467
92,30,4571.321646584141
92,29,4645.779801352626
92,28,7434.60079409913
92,27,7589.562092754434
92,26,7756.09979259347
92,25,7924.425235484772
92,24,8084.392582596765
92,23,8306.205362906498
92,22,8615.640825921559
92,21,8797.66337830718
92,20,8981.699891727925
92,19,9157.129158141805
92,18,9977.916696210628
92,17,10118.87318157589
92,16,10260.723517381906
92,15,10452.825927130243
92,14,11595.288845698735
92,13,11755.238220938088
92,12,12112.381611074823
92,11,12270.069359267973
92,10,25926.644987926666
92,9,26287.374650865702
92,8,26649.94763432721
92,7,27138.353998817318
92,6,31610.582167253346
92,5,32047.103371538044
92,4,32628.44444370828
92,3,32993.80407445309
92,2,130754.52422054988
92,1,131819.0885336355
93,93,6.97438232626176
93,92,12.022515609059406
93,91,24.790787361089844
93,90,35.63234718183558
93,89,48.04052360320321
93,88,61.668262067067495
93,87,96.374122591425
93,86,111.36258147209192
93,85,125.50085274617085
93,84,142.99943781922855
93,83,156.4583601955508
93,82,187.2166641251089
93,81,203.42430025408
93,80,242.6088278327344
93,79,261.0480185258093
93,78,368.72250315972764
93,77,393.7413752645749
93,76,419.97847324988606
93,75,446.55926157747405
93,74,472.4676656533248
93,73,505.8844283128491
93,72,533.4978569161125
93,71,561.7136677130969
93,70,590.3111286449443
93,69,618.103776594627
93,68,849.8848654110019
93,67,878.4906209432991
93,66,907.3161937961353
93,65,945.5858628243517
93,64,1034.7257042785275
93,63,1065.657974226558
93,62,1169.7711902153187
93,61,1203.4223077408592
93,60,1450.8231458647756
93,59,1508.6627657103463
93,58,1568.6033647797628
93,57,1632.544542778118
93,56,1697.7620734456043
93,55,1760.7918193755436
93,54,1823.5104250228383
93,53,1913.7456196221974
93,52,1983.847263656241
93,51,2051.5069176850375
93,50,2123.7058685101647
93,49,2197.0439944598497
93,48,2267.8819246010703
93,47,2338.2747492408635
93,46,2681.6001142564983
93,45,2746.177211891311
93,44,2815.172874550757
93,43,2884.9422468222147
93,42,2951.6706162613764
93,41,3043.0572411593603
93,40,3137.295990987112
93,39,3211.5973029823185
93,38,3286.756310911323
93,37,3358.679565853147
93,36,3859.430135790966
93,35,3924.9601879859197
93,34,3991.017068813524
93,33,4081.7610531698974
93,32,4433.014849888281
93,31,4504.750277979467
93,30,4717.2850842466
93,29,4792.931637783862
93,28,7652.618418198489
93,27,7809.790876757629
93,26,7978.692227293
93,25,8149.383340376214
93,24,8311.567717267648
93,23,8536.443228390834
93,22,8856.35812040467
93,21,9041.020534001635
93,20,9227.704251188861
93,19,9405.625177913944
93,18,10242.546732068158
93,17,10385.22518569915
93,16,10528.79426738594
93,15,10723.267106687854
93,14,11921.551239347125
93,13,12084.015394217635
93,12,12447.282166657667
93,11,12607.42301285996
93,10,26559.390441668107
93,9,26923.702011658777
93,8,27289.83137450736
93,7,27783.196638663903
93,6,32480.34523643
93,5,32924.18763275587
93,4,33512.18965506299
93,3,33883.421061911424
93,2,134137.78291321933
93,1,135205.74007774825
94,94,6.982875140509257
94,93,12.036478284314656
94,92,25.85104772868077
94,91,36.85172351742208
94,90,49.52440806140423
94,89,82.94814430647732
94,88,97.4516273153274
94,87,111.8187087875163
94,86,129.22455189478924
94,85,140.91475469439246
94,84,160.46738689834856
94,83,180.64731977855502
94,82,210.97024092204506
94,81,227.6668466627379
94,80,268.9577388579225
94,79,287.9061137950325
94,78,403.9052415279221
94,77,429.5747467428233
94,76,456.51183703205135
94,75,483.7906159599413
94,74,510.34588921377724
94,73,544.6999690770492
94,72,573.101679713007
94,71,602.0217860116193
94,70,631.3240878817205
94,69,659.7739522323819
94,68,899.6205086032159
94,67,928.7777972147835
94,66,958.1612941685626
94,65,997.2563929623019
94,64,1091.1373663814945
94,63,1122.6903435533568
94,62,1229.5543071659756
94,61,1263.862101428785
94,60,1526.0518179617306
94,59,1585.1614115542834
94,58,1646.4051108990918
94,57,1711.7318515562044
94,56,1778.3395673470445
94,55,1842.6738351862987
94,54,1906.664236243662
94,53,1998.711719268238
94,52,2070.543981643232
94,51,2139.531861898436
94,50,2213.1437873938235
94,49,2287.8959427425652
94,48,2360.065545900446
94,47,2431.7579207575836
94,46,2781.716402496547
94,45,2847.3723640887893
94,44,2917.5219646267037
94,43,2988.447197476737
94,42,3056.260253649825
94,41,3149.15616966254
94,40,3246.319584142574
94,39,3321.848683720331
94,38,3398.238666483023
94,37,3471.319047550676
94,36,3983.2179960499043
94,35,4049.7118112242215
94,34,4116.732681434007
94,33,4208.828394696383
94,32,4576.825731779172
94,31,4649.716290301707
94,30,4866.055983897744
94,29,4942.901569511983
94,28,7873.808065416432
94,27,8033.194797844078
94,26,8204.463062546132
94,25,8377.523140754487
94,24,8541.927740234645
94,23,8769.869979050103
94,22,9100.622467433872
94,21,9287.936285023947
94,20,9477.27890658035
94,19,9657.702705713356
94,18,10511.00832901485
94,17,10655.407926992862
94,16,10800.694898236825
94,15,10997.539522092937
94,14,12254.176815931256
94,13,12419.198493047374
94,12,12788.705064484608
94,11,12951.34353467708
94,10,27200.506551465824
94,9,27568.37916269667
94,8,27938.043721930277
94,7,28436.348170364316
94,6,33369.02408478727
94,5,33820.38813468755
94,4,34412.15029061192
94,3,34789.38726664401
94,2,137572.86298882213
94,1,138644.0238318956
95,95,7.181514337556376
95,94,12.33321884829622
95,93,26.971635879113215
95,92,38.22050047562503
95,91,51.03659973100146
95,90,65.40257773810518
95,89,101.57163971913037
95,88,116.77833509090928
95,87,131.73315915380104
95,86,149.95655740197978
95,85,164.43491984106953
95,84,185.07147926503805
95,83,206.28095592212566
95,82,235.81116435221696
95,81,252.97963317537307
95,80,296.3568099590955
95,79,315.8039654015174
95,78,440.30426466527564
95,77,466.61573287922266
95,76,494.24515995334616
95,75,522.2154455733742
95,74,549.4123431445037
95,73,584.6976645962058
95,72,613.899011680756
95,71,643.5204974399612
95,70,673.5251761628161
95,69,702.6303082415992
95,68,950.6042100545293
95,67,980.3160905589225
95,66,1010.260192444482
95,65,1050.1826471520415
95,64,1149.0107725974383
95,63,1181.188227403709
95,62,1290.8135611129578
95,61,1325.7821614298139
95,60,1603.0368215463352
95,59,1663.4156101054793
95,58,1725.9616626965042
95,57,1792.6731729081491
95,56,1860.6703827683884
95,55,1926.308707086399
95,54,1991.5705526466302
95,53,2085.4293674853816
95,52,2159.0217737402895
95,51,2229.3386597514946
95,50,2304.3643837567347
95,49,2380.5314715573536
95,48,2454.033730102502
95,47,2527.0266908775443
95,46,2883.6128772311145
95,45,2950.349567436182
95,44,3021.654947577114
95,43,3093.7378718121236
95,42,3162.6374214298685
95,41,3257.0445459834764
95,40,3357.2313742528986
95,39,3433.9924159789634
95,38,3511.617564663188
95,37,3585.8591179087375
95,36,4109.080649687872
95,35,4176.539060249515
95,34,4244.524723634815
95,33,4337.974093980714
95,32,4723.4301756183395
95,31,4797.485777919567
95,30,5017.671767931986
95,29,5095.727534102656
95,28,8098.172501367451
95,27,8259.776643926401
95,26,8433.415112852623
95,25,8608.84747790717
95,24,8775.475516214594
95,23,9006.488522230959
95,22,9348.447601259379
95,21,9538.42455852587
95,20,9730.437980212668
95,19,9913.37604824167
95,18,10783.319745829745
95,17,10929.43965915458
95,16,11076.44365911983
95,15,11275.66145508188
95,14,12593.296182726537
95,13,12760.920777075185
95,12,13136.78997937625
95,11,13301.973462026492
95,10,27850.025561851377
95,9,28221.43808470537
95,8,28594.616393121385
95,7,29097.84007430744
95,6,34277.160031023006
95,5,34736.26107979214
95,4,35332.85056250777
95,3,35716.28944906434
95,2,141083.06890021978
95,1,142157.57247219246
96,96,7.31383296445835
96,95,12.998091401460286
96,94,24.336559164828184
96,93,39.66888123770523
96,92,52.740584620099774
96,91,67.2268384757829
96,90,104.34156303001045
96,89,117.74079034247825
96,88,135.9239660955027
96,87,147.60290696025868
96,86,168.09474606851668
96,85,189.44615376626908
96,84,211.12443567255806
96,83,241.61813060315825
96,82,258.3117716538257
96,81,287.94409269422715
96,80,324.7964433311233
96,79,344.7342658648498
96,78,477.90668250985357
96,77,504.8532719986692
96,76,533.1689048124032
96,75,561.8254838998456
96,74,589.6598176342166
96,73,625.8712703964527
96,72,655.8853201939424
96,71,686.2059539809612
96,70,716.9111431874989
96,69,746.6701120247195
96,68,1002.8400424431287
96,67,1033.1094825076864
96,66,1063.6168019775005
96,65,1104.3685725367236
96,64,1208.3570853050933
96,63,1241.1628285101935
96,62,1353.5609633292374
96,61,1389.1945375498242
96,60,1681.7766770269454
96,59,1743.4240605611765
96,58,1807.2718872464313
96,57,1875.367535903203
96,56,1944.7536987722174
96,55,2011.6957470180823
96,54,2078.228808196996
96,53,2173.898146695541
96,52,2249.281571443651
96,51,2320.9283640118415
96,50,2397.3688316465978
96,49,2474.9518708563855
96,48,2549.787873536014
96,47,2624.082556824343
96,46,2987.291769138739
96,45,3055.1110917562182
96,44,3127.574140064752
96,43,3200.8166344131464
96,42,3270.8045278207983
96,41,3366.724852528457
96,40,3470.037403514869
96,39,3548.034645096949
96,38,3626.8992551827077
96,37,3702.3061249285993
96,36,4237.027885370808
96,35,4305.45173554408
96,34,4374.403009556328
96,33,4469.208010759348
96,32,4872.865972108719
96,31,4948.0970253600335
96,30,5172.17248178742
96,29,5251.450144650429
96,28,8325.716638849757
96,27,8489.5413922144
96,26,8665.553427170611
96,25,8843.361473218709
96,24,9012.21623342953
96,23,9246.304148695635
96,22,9599.849949409569
96,21,9792.502027282359
96,20,9987.198392957891
96,19,10172.662361240464
96,18,11059.502341678995
96,17,11207.34177623477
96,16,11356.061979777343
96,15,11557.654422548754
96,14,12939.049261142705
96,13,13109.32506153202
96,12,13491.686700614058
96,11,13659.46571018093
96,10,28507.987464032078
96,9,28882.918604531536
96,8,29259.589050656305
96,7,29767.71191225777
96,6,35205.3336764214
96,5,35672.40337731565
96,4,36274.2241216475
96,3,36664.067792610615
96,2,144666.70998051856
96,1,145744.68323756085
97,97,7.606326973403491
97,96,12.926545555727479
97,95,25.491698795775324
97,94,37.12933047597168
97,93,54.5437019713122
97,92,69.28753371489087
97,91,85.32094390100335
97,90,124.60195289031132
97,89,139.2817723624284
97,88,151.5033402418702
97,87,171.86567112668732
97,86,193.47668433457747
97,85,215.90997370865557
97,84,247.03866704003255
97,83,263.99403413997436
97,82,294.4215424968897
97,81,318.55520194133015
97,80,354.2694372614986
97,79,374.69166758191926
97,78,516.701544107804
97,77,544.2778983230152
97,76,573.2748573832924
97,75,602.6135673371306
97,74,631.0820262775832
97,73,668.2153186371211
97,72,699.0567543030406
97,71,730.0748869935798
97,70,761.4792316455084
97,69,791.8910503738927
97,68,1056.332103952457
97,67,1087.161972916662
97,66,1118.2350466176179
97,65,1159.8181111134797
97,64,1269.1876538201889
97,63,1302.6255318635388
97,62,1417.808669910115
97,61,1454.1114233083074
97,60,1762.2698582747075
97,59,1825.1853873795703
97,58,1890.3345503167836
97,57,1959.813842715546
97,56,2030.588543324961
97,55,2098.834093501378
97,54,2166.638242364122
97,53,2264.1174196599954
97,52,2341.324092935717
97,51,2414.3017951420265
97,50,2492.1580537137597
97,49,2571.15816054783
97,48,2647.3290848269476
97,47,2722.9267110069122
97,46,3092.7549201158968
97,45,3161.658805803313
97,44,3235.2814444641563
97,43,3309.685422258428
97,42,3380.76354079725
97,41,3478.1991139987877
97,40,3584.7433182086615
97,39,3663.981107452314
97,38,3744.089565670277
97,37,3820.6659819641004
97,36,4367.068969433355
97,35,4436.459105353176
97,34,4506.376811016175
97,33,4602.539448088244
97,32,5025.1714251322355
97,31,5101.588847514882
97,30,5329.598756547546
97,29,5410.110621423595
97,28,8556.444134070873
97,27,8722.492736530903
97,26,8900.881742190846
97,25,9081.068906622868
97,24,9252.153710979228
97,23,9489.32074144567
97,22,9854.8447025027
97,21,10050.18409859412
97,20,10247.575771368398
97,19,10435.577478674413
97,18,11339.576037495395
97,17,11489.13421159416
97,16,11639.569806662967
97,15,11843.5384276195
97,14,13291.580385223844
97,13,13464.558762345177
97,12,13853.550059350857
97,11,14023.978450232235
97,10,29174.428245318424
97,9,29552.856485489774
97,8,29932.997233651095
97,7,30445.999042379855
97,6,36154.1528634951
97,5,36629.440547167644
97,4,37236.094155220824
97,3,37632.55205041574
97,2,148321.61510220764
97,1,149403.17189742246
98,98,7.826681774911409
98,97,13.232156826259267
98,96,26.633194753955472
98,95,38.62270554443671
98,94,52.10777251025676
98,93,71.46651844460877
98,92,87.7556904414077
98,91,105.23163515872896
98,90,146.043577952879
98,89,155.65256178096456
98,88,176.19869782828658
98,87,197.62749341095477
98,86,220.31433436132886
98,85,252.25594659126904
98,84,269.93263908598874
98,83,300.7427248813723
98,82,325.4765624336357
98,81,350.4592656720798
98,80,384.7706658964827
98,79,405.67255781058
98,78,556.6796308362865
98,77,584.8816099585318
98,76,614.556053334082
98,75,644.5736096474692
98,74,673.6736194916388
98,73,711.7251648201147
98,72,743.4102199038515
98,71,775.1247064422378
98,70,807.227297595433
98,69,838.2913684920348
98,68,1111.0847614870845
98,67,1142.4778335153076
98,66,1174.1191243969733
98,65,1216.5354766518678
98,64,1331.5143277491752
98,63,1365.5882283595238
98,62,1483.5693404125873
98,61,1520.545525032164
98,60,1844.5152174089305
98,59,1908.6985840550674
98,58,1975.148779420328
98,57,2046.0113518329097
98,56,2118.1742967963605
98,55,2187.7232345976586
98,54,2256.7984422920267
98,53,2356.086898565732
98,52,2435.150433605061
98,51,2509.4601520669444
98,50,2588.7333534324653
98,49,2669.151744412242
98,48,2746.6588597168516
98,47,2823.5607365443634
98,46,3200.0045789857527
98,45,3269.994991653024
98,44,3344.7791831968184
98,43,3420.346599205864
98,42,3492.5168618238163
98,41,3591.4697974614064
98,40,3701.3552979845012
98,39,3781.838081174946
98,38,3863.194874023097
98,37,3940.945160805178
98,36,4499.213785709079
98,35,4569.571064186235
98,34,4640.4560348332325
98,33,4737.97835558014
98,32,5180.386721590402
98,31,5258.0019820444795
98,30,5489.993268924991
98,29,5571.752275952373
98,28,8790.359628982733
98,27,8958.635374436284
98,26,9139.404817585919
98,25,9321.974600476244
98,24,9495.292828895612
98,23,9735.543269805592
98,22,10113.448407133115
98,21,10311.48755990446
98,20,10511.58714658897
98,19,10702.13866242338
98,18,11623.562307835104
98,17,11774.838470278093
98,16,11926.988676079516
98,15,12133.335088045596
98,14,13651.042220188916
98,13,13826.777881123164
98,12,14222.544064601296
98,11,14395.67931405744
98,10,29849.387611818693
98,9,30231.29125300875
98,8,30614.880286853688
98,7,31132.74068783702
98,6,37124.264801508194
98,5,37608.03913166783
98,4,38217.925099757995
98,3,38621.21054417662
98,2,152043.86125464994
98,1,153129.08538248032
99,99,8.052505814072688
99,98,13.543895841383403
99,97,27.696052325109875
99,96,40.09493232612781
99,95,53.967133903530886
99,94,69.14070225871023
99,93,90.32692628035747
99,92,108.05439569504261
99,91,126.88350097185881
99,90,168.60646021646738
99,89,180.79666009112296
99,88,202.39715348763278
99,87,224.84790970993208
99,86,257.46840059909914
99,85,276.0264146547927
99,84,306.48156567057316
99,83,332.2264618513819
99,82,357.82481110486907
99,81,383.6405248000441
99,80,416.29667262409816
99,79,437.6747168199221
99,78,597.8330664795923
99,77,626.6575252993027
99,76,657.0064683091573
99,75,687.7003167944333
99,74,717.4299178260345
99,73,756.3967313680148
99,72,788.9431326127639
99,71,821.3532593685542
99,70,854.1535720265645
99,69,885.8696330616042
99,68,1167.1023821119772
99,67,1199.0613334420127
99,66,1231.273226941543
99,65,1274.5248658182877
99,64,1395.3491510765014
99,63,1430.0630019538157
99,62,1550.8558014941334
99,61,1588.5097173904817
99,60,1928.5115461960154
99,59,1993.9625613380938
99,58,2061.713598054252
99,57,2133.9591970442175
99,56,2207.510195194593
99,55,2278.3624958480623
99,54,2348.708815412135
99,53,2449.8060949951864
99,52,2530.7614983989943
99,51,2606.4044276437585
99,50,2687.0958124315243
99,49,2768.933788950135
99,48,2847.778442057536
99,47,2925.9859504985707
99,46,3309.0426570435297
99,45,3380.121583821513
99,44,3456.0693202888824
99,43,3532.8021597888082
99,42,3606.066512676269
99,41,3706.538975867074
99,40,3819.879195262308
99,39,3901.611506610106
99,38,3984.2212097167985
99,37,4063.149774675689
99,36,4633.4717887863435
99,35,4704.797069339036
99,34,4776.650142496667
99,33,4875.534225929241
99,32,5338.552790599894
99,31,5417.377932390363
99,30,5653.39953651381
99,29,5736.419289588217
99,28,9027.466695015326
99,27,9197.97291096319
99,26,9381.12629677656
99,25,9566.082236919541
99,24,9741.63730428802
99,23,9984.975508437044
99,22,10375.676601293353
99,21,10576.42816725073
99,20,10779.248495342512
99,19,10972.36209805909
99,18,11911.4814602027
99,17,12064.474872323157
99,16,12218.338921255718
99,15,12427.064794172298
99,14,14017.593036889633
99,13,14196.144260230343
99,12,14598.839116914478
99,11,14774.742592893985
99,10,30532.901981173953
99,9,30918.25909613901
99,8,31305.274170506706
99,7,31827.972623007183
99,6,38116.350285344684
99,5,38608.900980428116
99,4,39221.9730147958
99,3,39632.337319362545
99,2,155843.91284504
99,1,156933.04966464595
100,100,8.283930911096643
100,99,13.861888695753091
100,98,28.77879295210121
100,97,41.45764338603078
100,96,55.79662986501608
100,95,71.38811246412189
100,94,88.11644324104917
100,93,111.03038643922989
100,92,130.10551910442572
100,91,150.21113527690977
100,90,192.24366401784837
100,89,207.4446614355953
100,88,230.05715894682973
100,87,262.8889599687179
100,86,282.1663535326569
100,85,312.3027683139349
100,84,338.34980459067657
100,83,365.00348368954974
100,82,391.4502809081597
100,81,418.08507975963505
100,80,448.8455077738384
100,79,470.69721548896814
100,78,640.1552410401366
100,77,669.5998560289241
100,76,700.6210311067886
100,75,731.98923354568
100,74,762.346986677518
100,73,802.2266080266654
100,72,835.6535402256239
100,71,868.7589714485944
100,70,902.2568196789413
100,69,934.6249065812959
100,68,1224.3896070465307
100,67,1256.9170225543123
100,66,1289.701832080023
100,65,1333.7907632711715
100,64,1460.7047062643703
100,63,1496.0624836173279
100,62,1619.6814355328743
100,61,1658.0174422569514
100,60,2014.258038519906
100,59,2080.9766282314113
100,58,2150.028425597636
100,57,2223.656907204043
100,56,2298.5958699809917
100,55,2370.751599325369
100,54,2442.369167498857
100,53,2545.274924772772
100,52,2628.1586282276994
100,51,2705.1360551826047
100,50,2787.2469583602306
100,49,2870.5059128409107
100,48,2950.689534058438
100,47,3030.204134714531
100,46,3419.8715590005017
100,45,3492.0410187525076
100,44,3569.154330664228
100,43,3647.0546185153867
100,42,3721.415043842249
100,41,3823.4092626125107
100,40,3940.3214999498678
100,39,4023.3079723275046
100,38,4107.175261332231
100,37,4187.286606323884
100,36,4769.853180036974
100,35,4842.147335420332
100,34,4914.969363337474
100,33,5015.2173337643435
100,32,5499.712725221528
100,31,5579.76041233192
100,30,5819.863431037585
100,29,5904.158251196932
100,28,9267.770129859202
100,27,9440.510199699023
100,26,9626.051095607554
100,25,9813.396794622164
100,24,9991.192173723593
100,23,10237.622582984044
100,22,10641.546462725186
100,21,10845.023345822727
100,20,11050.577493244067
100,19,11246.265698401487
100,18,12203.355681531602
100,17,12358.065639127406
100,16,12513.642798841642
100,15,12724.749889852805
100,14,14391.40079122969
100,13,14572.829733290111
100,12,14982.616321279389
100,11,15161.353624870306
100,10,31225.01230865669
100,9,31613.800794430423
100,8,32004.219488457966
100,7,32531.735338248563
100,6,39131.13662329081
100,5,39632.77651063181
100,4,40248.232818204226
100,3,40665.94007812811
100,2,159720.46056774672
100,1,160813.76785835158
101,101,8.521091425604197
101,100,14.186263539471087
101,99,29.99024111346635
101,98,42.845541297991325
101,97,57.48277308371829
101,96,73.59585292317041
101,95,90.76942565951279
101,94,108.93942594153928
101,93,133.49554870092308
101,92,153.84143125237776
101,91,175.15757944901563
101,90,216.9182142368408
101,89,235.55350510585757
101,88,268.7455115441206
101,87,288.23537475588716
101,86,318.913778333631
101,85,344.55810247600385
101,84,371.5111860826457
101,83,399.0575167315169
101,82,426.3388353625587
101,81,453.7806093638426
101,80,482.41646190350554
101,79,504.74018813449703
101,78,683.6405498701394
101,77,713.7036750458806
101,76,745.3954129514613
101,75,777.4365487157868
101,74,808.4214536504062
101,73,849.211876261861
101,72,883.5399536245544
101,71,917.3406819074537
101,70,951.5361763424659
101,69,984.5565860067064
101,68,1282.9511737791004
101,67,1316.0495493732685
101,66,1349.4095175460736
101,65,1394.3377498116981
101,64,1527.5939146445476
101,63,1563.599647158598
101,62,1690.0599615651333
101,61,1729.0824843241787
101,60,2101.7539973336
101,59,2169.7401903797327
101,58,2240.092766596246
101,57,2315.104085559914
101,56,2391.4310170955237
101,55,2464.890322647693
101,54,2537.77935164185
101,53,2642.4933420453262
101,52,2727.343222537923
101,51,2805.656519923341
101,50,2889.1883644297877
101,49,2973.8697743137
101,48,3055.3938719005387
101,47,3136.217099730586
101,46,3532.4936891072966
101,45,3605.7557300783064
101,44,3684.0366837937945
101,43,3763.106481774107
101,42,3838.564995203606
101,41,3942.0832568165238
101,40,4062.688769301122
101,39,4146.934132466422
101,38,4232.06378124461
101,37,4313.362500612882
101,36,4908.368214715135
101,35,4981.6321303732875
101,34,5055.4239793932165
101,33,5157.038005200163
101,32,5663.911058250926
101,31,5745.194612231387
101,30,5989.432416698465
101,29,6075.017385896428
101,28,9511.274594873843
101,27,9686.251953716333
101,26,9874.183984833922
101,25,10063.923102538956
101,24,10243.96231970267
101,23,10493.489458734046
101,22,10911.07524387412
101,21,11117.290593859801
101,20,11325.591887312541
101,19,11523.867446139426
101,18,12499.20723788924
101,17,12655.63306933449
101,16,12812.92264083021
101,15,13026.412791895835
101,14,14772.64156769149
101,13,14957.014569001884
101,12,15374.065934464568
101,11,15555.707247911583
101,10,31925.759449137808
101,9,32317.957019554044
101,8,32711.756729163157
101,7,33244.0691991187
101,6,40169.39546447641
101,5,40680.46269336058
101,4,41296.876276895564
101,3,41722.207354119426
101,2,163673.15276409264
101,1,164770.9200301668
102,102,8.764123688717183
102,101,14.517149622965116
102,100,31.27226059926068
102,99,44.406374741886815
102,98,59.19933889814438
102,97,75.62396335696121
102,96,93.37196049193598
102,95,112.0118595943352
102,94,131.52745653425256
102,93,157.65208335634594
102,92,179.20334450640328
102,91,201.6730358507383
102,90,242.60082644670524
102,89,275.28278147805145
102,88,294.10844815532664
102,87,325.7452304529696
102,86,351.6069144188559
102,85,378.1062104305651
102,84,405.9491851045616
102,83,434.3741840155142
102,82,462.47793254741833
102,81,490.7161381005318
102,80,517.0098563182307
102,79,539.8046553540897
102,78,728.284193024017
102,77,758.9647402433395
102,76,791.325870012268
102,75,824.038952237567
102,74,855.6503771039613
102,73,897.3499857069664
102,72,932.6012303503247
102,71,967.0975322311779
102,70,1001.9910414163176
102,69,1035.6642982619428
102,68,1342.7918135496068
102,67,1376.4635568180192
102,66,1410.400854948228
102,65,1456.1703941465041
102,64,1596.0299282650055
102,63,1632.6876992626596
102,62,1762.00531981936
102,61,1801.718853402686
102,60,2190.998670100247
102,59,2260.2525821512018
102,58,2331.9060391692096
102,57,2408.3002340307103
102,56,2486.0152169026796
102,55,2560.7783146950997
102,54,2634.9390796934463
102,53,2741.461144202689
102,52,2828.3165391066495
102,51,2907.9671539972855
102,50,2992.921439136696
102,49,3079.0268555149423
102,48,3161.8930049325454
102,47,3244.026458825286
102,46,3646.911199465288
102,45,3721.2678921046695
102,44,3800.7185820202935
102,43,3880.959980942604
102,42,3957.5186241646843
102,41,4062.5632645964197
102,40,4186.987342261848
102,39,4272.496415520795
102,38,4358.893288785767
102,37,4441.384062315404
102,36,5049.026860473912
102,35,5123.261429072325
102,34,5198.023974057176
102,33,5301.006259697604
102,32,5831.193445655454
102,31,5913.726879876776
102,30,6162.155223694564
102,29,6249.046226340896
102,28,9757.983953840787
102,27,9935.202072624108
102,26,10125.528904609298
102,25,10317.665141716056
102,24,10499.95176043525
102,23,10752.58021373151
102,22,11184.27951996446
102,21,11393.246717005692
102,20,11604.308716473075
102,19,11805.18460115255
102,18,12799.057616548778
102,17,12957.198670535103
102,16,13116.199975837815
102,15,13332.07509719807
102,14,15161.499165464427
102,13,15348.887076089137
102,12,15773.38701531134
102,11,15958.007474665077
102,10,32635.18197168985
102,9,33030.7661240379
102,8,33427.92402845825
102,7,33965.01217402407
102,6,41231.94399826176
102,5,41752.804486980065
102,4,42369.799230464094
102,3,42803.07321054877
102,2,167710.18391113548
102,1,168812.84628683561
103,103,7.568567939641498
103,102,15.347905924737306
103,101,22.66428583688338
103,100,46.060461436198544
103,99,61.13587120407331
103,98,77.68759136114771
103,97,95.75659330971463
103,96,115.02222264777285
103,95,135.03030790669274
103,94,155.80954280059268
103,93,183.43895531150056
103,92,206.13999483940137
103,91,229.71385259532363
103,90,269.26827170327107
103,89,299.9072805017657
103,88,324.80785871235065
103,87,358.86183108512364
103,86,385.5921991908104
103,85,412.93040694496733
103,84,441.64930218124624
103,83,470.94083426048707
103,82,499.8565072543169
103,81,526.1433128571831
103,80,549.3969572942178
103,79,601.0479047875178
103,78,774.0821937453445
103,77,805.3795405205648
103,76,838.409312956552
103,75,871.7937250608692
103,74,904.0313536706244
103,73,946.6388790903612
103,72,982.8367146576378
103,71,1018.0291195091451
103,70,1053.6212435971213
103,69,1087.9480772222248
103,68,1403.9165110929266
103,67,1438.1639491772987
103,66,1472.6806840523916
103,65,1519.2935372331542
103,64,1666.0264521521294
103,63,1703.340409829967
103,62,1835.532031445669
103,61,1875.9411526861788
103,60,2281.9916750090188
103,59,2352.513508166602
103,58,2425.468032212849
103,57,2503.245226943484
103,56,2582.3484246366284
103,55,2658.415602078825
103,54,2733.8484445681456
103,53,2842.1785165814867
103,52,2931.0802571202116
103,51,3012.0697163013024
103,50,3098.448023975069
103,49,3185.97907826126
103,48,3270.1889287767185
103,47,3353.6342783015334
103,46,3763.1267241808737
103,45,3838.5801693785534
103,44,3919.2027265929273
103,43,4000.6178550502314
103,42,4078.2787041804163
103,41,4184.852119348758
103,40,4313.2241864551115
103,39,4400.001889043573
103,38,4487.670952850636
103,37,4571.358555816943
103,36,5191.839822733055
103,35,5267.045954009862
103,34,5342.780088200138
103,33,5447.132887464917
103,32,6001.607933515577
103,31,6085.406007568464
103,30,6338.083196413872
103,29,6426.296982679966
103,28,10007.903256580832
103,27,10187.365662793984
103,26,10380.09102403419
103,25,10574.628144541995
103,24,10759.16578676465
103,23,11014.900227918686
103,22,11461.177469713684
103,21,11672.910152257431
103,20,11886.746679177604
103,19,12090.236109705753
103,18,13102.930140082744
103,17,13262.78580614227
103,16,13423.498208941268
103,15,13641.760307330274
103,14,15558.168851746455
103,13,15748.647430300693
103,12,16180.7914217835
103,11,16368.471569198928
103,10,33353.322834064296
103,9,33752.27089792342
103,8,34152.76400873439
103,7,34694.60678494421
103,6,42319.65778771895
103,5,42850.70808615449
103,4,43466.82868472501
103,3,43908.38155847905
103,2,171829.37414931905
103,1,172937.3890580409
104,104,9.23283947285083
104,103,16.51304965578933
104,102,23.815306533929665
104,101,32.3530154668546
104,100,63.189366822528086
104,99,80.02027285071236
104,98,98.18163162153569
104,97,117.77475459736351
104,96,138.45869903640792
104,95,159.7514070289446
104,94,181.72408480658416
104,93,210.80295948217514
104,92,234.60649370359917
104,91,274.6913597149863
104,78,821.031145566539
104,77,852.9450534819241
104,76,886.6430715287263
104,75,920.6985079555807
104,74,953.5622895115399
104,73,997.0767620535971
104,72,1034.2460065758844
104,71,1070.1352633865492
104,70,1106.426804798875
104,69,1141.4081241984488
104,46,3881.1426085916273
104,45,3957.694930127113
104,44,4039.4915142389723
104,43,4122.082530308267
104,42,4200.8476880208755
104,41,4308.952322690377
104,40,4441.406014463173
104,39,4529.45735777805
104,38,4618.403671685509
104,37,4703.292967386287
104,36,5336.81747918047
104,35,5412.996093932779
104,34,5489.702722833395
104,33,5595.4283301480555
104,32,6175.203818342994
104,31,6260.282078276521
104,30,6517.269097660377
104,29,6606.823332498275
104,28,10261.036671470461
104,27,10442.746932006683
104,26,10637.874595133468
104,25,10834.816407664875
104,24,11021.608736122726
104,23,11280.453903100257
104,22,11741.78650902446
104,21,11956.298557114082
104,20,12172.923677563638
104,19,12379.040105783932
104,18,13410.847257305268
104,17,13572.416952540363
104,16,13734.839844850692
104,15,13955.491005598182
104,14,15962.85488943821
104,13,16156.505201785092
104,12,16596.50134152997
104,11,16787.327585422576
104,10,34080.22246178333
104,9,34482.51156313988
104,8,34886.31668825152
104,7,35432.89290176655
104,6,43433.467026027654
104,5,43975.13742339024
104,4,44589.82095110934
104,2,176038.4507899434
104,1,177152.42955860382
105,105,9.782928823761658
105,104,16.74452517350777
105,103,24.58115913026977
105,102,40.99671860179724
105,101,52.742136770424146
105,100,82.49429662605299
105,99,100.92631691789447
105,98,120.57235909726838
105,97,141.5879865465396
105,96,163.60576838754176
105,95,186.1116616289008
105,94,209.21744436158772
105,93,239.69757401209154
105,92,264.5634424359057
105,91,302.6927775443803
105,78,869.1282730196663
105,77,901.6588260548979
105,76,936.0249927795057
105,75,970.7514153722987
105,74,1004.241527987849
105,73,1048.662245252998
105,72,1086.8291166674485
105,71,1123.4161720175503
105,70,1160.4081166978908
105,69,1196.0449942817977
105,46,4000.9616310379884
105,45,4078.614982726004
105,44,4161.587789333861
105,43,4245.356888135195
105,42,4325.228490918562
105,41,4434.866848350347
105,40,4571.540114040932
105,39,4660.870210781307
105,38,4751.098937092901
105,37,4837.194885687588
105,36,5483.970881487704
105,35,5561.122920145962
105,34,5638.80297010652
105,33,5745.903732098107
105,32,6352.03290163656
105,31,6438.407740216282
105,30,6699.768444216995
105,29,6790.681778149178
105,28,10517.389414274045
105,27,10701.351153110936
105,26,10898.884953917192
105,25,11098.235330809304
105,24,11287.28606716557
105,23,11549.24678722109
105,22,12026.125505828002
105,21,12243.431065597655
105,20,12462.859115063698
105,19,12671.616248281956
105,18,13722.833077498508
105,17,13886.116264408241
105,16,14050.249084498131
105,15,14273.291496096106
105,14,16375.774350122216
105,13,16572.683249779067
105,12,17020.753376226457
105,11,17214.818541441316
105,10,34815.92519935461
105,9,35221.53230236638
105,8,35628.62608795456
105,7,36179.91445456176
105,6,44574.37029647221
105,5,45127.12844377005
105,4,45738.559711690774
105,2,180335.00122014442
105,1,181455.59411076337
106,106,10.350877806042673
106,105,17.48537366073153
106,104,25.594017937310532
106,103,42.66037300713174
106,102,54.93103822760979
106,101,67.71553031452467
106,100,103.83711387152121
106,99,123.74126831672264
106,98,144.76676450959783
106,97,167.11863780177296
106,96,190.3981017326878
106,95,214.05587969738392
106,94,238.2427259532135
106,93,270.0819605155613
106,92,295.97613629237424
106,91,331.644157091908
106,78,918.3712560827058
106,77,951.5188059307798
106,76,986.5532772015406
106,75,1021.9508745992183
106,74,1056.0676907000575
106,73,1101.3941848029392
106,72,1140.5863063883912
106,71,1177.872281333384
106,70,1215.5657782909645
106,69,1251.8594319130243
106,46,4122.586491400757
106,45,4201.343053978043
106,44,4285.494311221916
106,43,4370.443721407129
106,42,4451.423936255863
106,41,4562.59857335851
106,40,4703.633763588117
106,39,4794.24782511418
106,38,4885.764226215601
106,37,4973.071882197883
106,36,5633.311052430983
106,35,5711.4374733395025
106,34,5790.091889773324
106,33,5898.570202583897
106,32,6532.1487824401165
106,31,6619.837492101892
106,30,6885.6387708375205
106,29,6977.930903841999
106,28,10776.966386649796
106,27,10963.18327796257
106,26,11163.127107941496
106,25,11364.889977708857
106,24,11556.20289544128
106,23,11821.284075029513
106,22,12314.213225327312
106,21,12534.326704625224
106,20,12756.572283619867
106,19,12967.984080471631
106,18,14038.911592860597
106,17,14203.90777531636
106,16,14369.750003666302
106,15,14595.185952516484
106,14,16797.155898594327
106,13,16997.416531923333
106,12,17453.797412319866
106,11,17651.20132582701
106,10,35560.47477618884
106,9,35969.37667029428
106,8,36379.73558786837
106,7,36935.71471578157
106,6,45743.43513476677
106,5,46307.790073530654
106,4,46913.413041050786
106,2,184719.52313513472
106,1,185847.46819654005
107,107,10.986057303978214
107,106,18.25595940156451
107,105,26.644768998526935
107,104,44.36976835657794
107,103,56.99193060610582
107,102,70.3420467491598
107,101,84.03988294024552
107,100,127.10124367434321
107,99,148.36922832746757
107,98,170.6851516639239
107,97,194.29973692068484
107,96,218.77901242317623
107,95,243.5358883980293
107,94,268.75876940701505
107,93,301.9201348909515
107,92,328.81390154709436
107,91,361.5340180808323
107,78,968.7581235852535
107,77,1002.5232427863865
107,76,1038.2263860660476
107,75,1074.2955378960462
107,74,1109.0395934347139
107,73,1155.2716007170964
107,72,1195.5180089861872
107,71,1233.5041775309962
107,70,1271.9005195009336
107,69,1308.8522952893022
107,46,4246.019628675833
107,45,4325.881603568884
107,44,4411.213565340178
107,43,4497.345542218776
107,42,4579.436560120667
107,41,4692.150078199918
107,40,4837.694027789162
107,39,4929.597357907387
107,38,5022.406789994102
107,37,5110.9312962255335
107,36,5784.848744560736
107,35,5863.950519141835
107,34,5943.580261612512
107,33,6053.438563906317
107,32,6715.606688813496
107,31,6804.627515633511
107,30,7074.939466432887
107,29,7168.6312137804
107,28,11039.771715806126
107,27,11228.247469667587
107,26,11430.605260595048
107,25,11634.784592369006
107,24,11828.363502050663
107,23,12096.57010621272
107,22,12606.067811285826
107,21,12829.003866607613
107,20,13054.081827513988
107,19,13268.162485499277
107,18,14359.106090943402
107,17,14525.814803717361
107,16,14693.365952503978
107,15,14921.19780885561
107,14,17227.24006848811
107,13,17430.95242946565
107,12,17895.897064588822
107,11,18096.747203032464
107,10,36313.91282624193
107,9,36726.08609746547
107,8,37139.686415084536
107,7,37700.33476672475
107,6,46941.80320072012
107,5,47518.30992650079
107,4,48117.6801630212
107,2,189206.2413193233
107,1,190342.54164850776
108,108,10.653616261455618
108,107,19.05736239376791
108,106,32.061828171637615
108,105,37.53280255541111
108,104,59.106104607327026
108,103,72.81000934995504
108,102,87.11102035438536
108,101,101.62325210879003
108,100,152.18778526699654
108,99,174.72823669561438
108,98,198.2589508118035
108,97,223.07331884162707
108,96,248.69916738817955
108,95,274.50954323972604
108,94,300.7293882309233
108,93,335.1803593597096
108,92,363.0496304884535
108,91,392.3534152810155
108,78,1020.2874365653436
108,77,1054.6708875250285
108,76,1091.0432557429872
108,75,1127.7845109448622
108,74,1163.1564875726679
108,73,1210.2939334624014
108,72,1251.6250995392893
108,71,1290.3128791745007
108,70,1329.4134950637908
108,69,1367.0248613682083
108,46,4371.26426420255
108,45,4452.23388715752
108,44,4538.748847533583
108,43,4626.065687623365
108,42,4709.269737466196
108,41,4823.524801005981
108,40,4973.728949313848
108,39,5066.92696093885
108,38,5161.034890846184
108,37,5250.781494626642
108,36,5938.595867705124
108,35,6018.673995271274
108,34,6099.28005236355
108,33,6210.520845644933
108,32,6902.465255757012
108,31,6992.83748052346
108,30,7267.733662109234
108,29,7362.847049720986
108,28,11305.811477644826
108,27,11496.549872542464
108,26,11701.325631329111
108,25,11907.925470022115
108,24,12103.774252695668
108,23,12375.111351087382
108,22,12901.709902023704
108,21,13127.483480911429
108,20,13355.408970831695
108,19,13572.172967117343
108,18,14683.442706545255
108,17,14851.863546348231
108,16,15021.12319064899
108,15,15251.353451266667
108,14,17666.284614343003
108,13,17873.556215643814
108,12,18347.3354163201
108,11,18551.74768351205
108,10,37076.28787328527
108,9,37491.70897824762
108,8,37908.52683480788
108,7,38473.82282827588
108,6,48170.70994145198
108,5,48759.9747637151
108,4,49348.68795107584
108,2,193781.32542689738
108,1,194926.93092903262
109,105,61.46115016474122
109,102,105.14286777281714
109,101,120.39108519981463
109,100,179.01235763692
109,99,202.74786752607523
109,98,227.42885569313015
109,97,253.38895221321565
109,96,280.1154060943586
109,95,306.93977149394294
109,94,334.12258366965784
109,93,369.83446288854816
109,92,398.6592034951896
109,91,424.09534307142286
109,78,1072.9578875674822
109,77,1107.9605852033583
109,76,1145.0028825293268
109,75,1182.416928604477
109,74,1218.4176265686328
109,73,1266.4605964016296
109,72,1308.908435567072
109,71,1348.2993659476342
109,70,1388.105800955487
109,69,1426.378330242826
109,46,4498.322826834134
109,45,4580.402351851655
109,44,4668.102627806326
109,43,4756.606651359488
109,42,4840.925983311491
109,41,4956.725296848324
109,40,5111.745755979909
109,39,5206.243953653164
109,38,5301.655941204421
109,37,5392.629977452482
109,36,6094.563345334167
109,35,6175.618838443729
109,34,6257.202212981979
109,33,6369.82804102733
109,32,7092.784169216034
109,31,7184.528160915429
109,30,7464.085764745339
109,29,7560.644096642194
109,28,11575.089598040227
109,27,11768.09444318296
109,26,11975.292211347001
109,25,12184.31663675566
109,24,12382.439205192171
109,23,12656.91191819943
109,22,13201.157954731476
109,21,13429.784255253888
109,20,13660.572675141919
109,19,13880.034727739863
109,18,15011.945095303623
109,17,15182.077689750828
109,16,15353.045436363509
109,15,15585.676682383382
109,14,18114.559347674283
109,13,18325.50589131804
109,12,18808.40986176749
109,11,19016.509383788583
109,10,37847.64184883658
109,9,38266.28703513756
109,8,38686.29836049444
109,7,39256.220262115196
109,6,49431.4763871748
109,5,50034.16284447135
109,4,50611.30047392884
109,2,198465.98323232683
109,1,199622.2243608139
110,105,78.1452996239042
110,102,124.36081774679846
110,101,140.28251600236143
110,100,207.50266720057093
110,99,232.36739371963503
110,98,258.14342768950297
110,97,285.20266893892676
110,96,312.98992003758866
110,95,340.7939496568209
110,94,368.9100782675011
110,93,405.85748517523075
110,92,435.6212355357062
110,91,456.7545177649073
110,78,1126.7686536334686
110,77,1162.391646525528
110,76,1200.1047126178757
110,75,1238.1923628232823
110,74,1274.8226907154876
110,73,1323.7714215958972
110,72,1367.3693215836463
110,71,1407.465060219677
110,70,1447.9789728749947
110,69,1486.914339744383
110,46,4627.198646122705
110,45,4710.390361073325
110,44,4799.278309039046
110,43,4888.97187673431
110,42,4974.408778184813
110,41,5091.7551078920205
110,40,5251.7527908975635
110,39,5347.556789794238
110,38,5444.278506995102
110,37,5536.485416568057
110,36,6252.763422162461
110,35,6334.797323304604
110,34,6417.359049114276
110,33,6531.37252094355
110,32,7286.626989296004
110,31,7379.764300030307
110,30,7664.064448498222
110,29,7762.092419130509
110,28,11847.612246694562
110,27,12042.887418942617
110,26,12252.511312200395
110,25,12463.964478945814
110,24,12664.364815537536
110,23,12941.978366573627
110,22,13504.433266963086
110,21,13735.927785608348
110,20,13969.594838662164
110,19,14191.76995250194
110,18,15344.64015217581
110,17,15516.484194771081
110,16,15689.159717384673
110,15,15924.194662414611
110,14,18572.354370662546
110,13,18787.100586007815
110,12,19279.440898667854
110,11,19491.363005373743
110,10,38628.02453820372
110,9,39049.86992779624
110,8,39473.05052643803
110,7,40047.576565072915
110,6,50725.53838602988
110,5,51342.37430034671
110,4,51902.57174859409
110,2,203245.4425787054
110,1,204413.6305670239
