Z,N,IE_pred_eV
1,1,13.598434460885766
2,2,23.19799377868421
2,1,54.41776506140876
3,3,5.243201770293787
3,2,73.3185130308829
3,1,122.45435792352012
4,4,8.675244814025714
4,3,17.53818091639952
4,2,150.99265651413836
4,1,217.71858176909103
5,5,7.734074969935133
5,4,23.857243658216476
5,3,36.84732831365294
5,2,256.0745523624456
5,1,340.2260170213159
6,6,10.76310835194494
6,5,22.578686915063997
6,4,46.13290925121831
6,3,63.092278125639275
6,2,388.5056485413206
6,1,489.99319730417835
7,7,14.19850700565339
7,6,27.763608422210933
7,5,44.71700361959839
7,4,75.38018909388195
7,3,96.23456380138045
7,2,548.2700773441298
7,1,667.0461205704481
8,8,13.479286247607847
8,7,33.425438455338906
8,6,52.154627747570665
8,5,73.96651160950789
8,4,111.54274462999297
8,3,136.2546996314565
8,2,735.3682969650587
8,1,871.409887016506
9,9,17.379631299064904
9,8,33.48299235357082
9,7,60.10308914805832
9,6,83.70458374154602
9,5,110.23073512715494
9,4,154.59401266457954
9,3,183.144713219002
9,2,949.8162823334239
9,1,1103.117491053579
10,10,21.667450510635728
10,9,39.69610937155979
10,8,61.00143161298901
10,7,93.95675368332832
10,6,122.29473103983636
10,5,153.4554445943429
10,4,204.52154503247118
10,3,236.9023263853389
10,2,1191.6329131666134
10,1,1362.1991961501124
11,11,6.203039651514972
11,10,46.369961299712486
11,9,69.56288437075001
11,8,95.73387673727895
11,7,134.84722164734026
11,6,167.8614515605906
11,5,203.61148838282335
11,4,261.32343852992614
11,3,297.53206847903255
11,2,1460.8550722712191
11,1,1648.7022023940326
12,12,8.159731350800739
12,11,15.425007799067412
12,10,78.63325516674378
12,9,106.65164769079539
12,8,137.5261510810865
12,7,182.69590879075474
12,6,220.36871817152056
12,5,260.68244935106105
12,4,325.00128806995
12,3,365.03947976806256
12,2,1757.513241232918
12,1,1962.6637717108076
13,13,6.560690911098782
13,12,18.772771037551756
13,11,28.226929637042858
13,10,118.11232913568652
13,9,150.79941175779945
13,8,186.29250661850472
13,7,237.45680000517106
13,6,279.79879038791955
13,5,324.6629639732243
13,4,395.5629539701173
13,3,439.43548379442353
13,2,2081.656377652952
13,1,2304.1402008552504
14,14,8.49542974589814
14,13,16.152797060453576
14,12,32.99509954515543
14,11,44.41026093239872
14,10,164.6391323525453
14,9,201.9160980300386
14,8,241.98074757919247
14,7,299.0999738124942
14,6,346.14294407823036
14,5,395.5522133555232
14,4,473.0169621171864
14,3,520.7306691328124
14,2,2433.3256707791875
14,1,2673.1777455722377
15,15,10.667038356601086
15,14,19.36553261993226
15,13,29.394086827767556
15,12,50.60178447342967
15,11,63.86291981247651
15,10,218.12395971693365
15,9,259.949383372862
15,8,304.55902730307656
15,7,367.6073338381324
15,6,419.40139148521513
15,5,473.35616245424865
15,4,557.3768369299536
15,3,608.9404731425627
15,2,2812.580597859622
15,1,3069.8418679669994
16,16,11.013685609917683
16,15,22.870653672244345
16,14,33.925852935896415
16,13,46.06497731914365
16,12,71.47166899348161
16,11,86.51761496218984
16,10,278.5141660906416
16,9,324.8659248721722
16,8,374.00558934943155
16,7,442.965670791899
16,6,499.57766898986006
16,5,558.0823516625192
16,4,648.6557200501127
16,3,704.0794233707834
16,2,3219.472422354137
16,1,3494.1881614887184
17,17,13.579995178993572
17,16,23.93630292212384
17,15,38.77692139634915
17,14,51.92750027255636
17,13,66.03941637762081
17,12,95.53529912373534
17,11,112.3327711890211
17,10,345.77843163330215
17,9,396.6453326632978
17,8,450.3072651179025
17,7,525.167797496452
17,6,586.6812685101529
17,5,649.7435998449819
17,4,746.871345018938
17,3,806.1667126945651
17,2,3654.070555456713
17,1,3946.2913427962694
18,18,16.395855969150986
18,17,27.942353976033345
18,16,40.57383940058013
18,15,58.114055709251126
18,14,73.23284643691103
18,13,89.24088473443048
18,12,122.75094336312411
18,11,141.2819721757166
18,10,419.8966014525496
18,9,475.27386363110867
18,8,533.45486264748
18,7,614.2085837745472
18,6,680.723860419142
18,5,748.3541588191197
18,4,852.0419252923023
18,3,915.221771926996
18,2,4116.442593097287
18,1,4426.223502824283
19,19,4.203369914852055
19,18,32.255553381779606
19,17,46.0059170105434
19,16,60.643214916306256
19,15,80.73526347397869
19,14,97.76075488011661
19,13,115.62087714790482
19,12,153.09265120585457
19,11,173.34808594701425
19,10,500.8543696675651
19,9,560.7410707622305
19,8,623.440835590158
19,7,710.0832100002312
19,6,781.7178437617569
19,5,853.9284283077369
19,4,964.1849859331102
19,3,1031.2631058592037
19,2,4606.649431000826
19,1,4934.049107465245
20,20,5.027105954996583
20,19,10.380976096413528
20,18,51.78175243999383
20,17,67.47837358166703
20,16,83.9938065008188
20,15,106.55578417320146
20,14,125.4618300701854
20,13,145.14859709704197
20,12,186.54519010076984
20,11,208.52130837214227
20,10,588.6444923139138
20,9,653.0425212824437
20,8,720.2630842868667
20,7,812.7920383766705
20,6,889.6819994567637
20,5,966.4873141371687
20,4,1083.3246784073526
20,3,1154.3161648793225
20,2,5124.780395640409
20,1,5469.862745477554
21,21,5.41553957984521
21,20,11.091405088275994
21,19,24.997933733793356
21,18,74.68167973448976
21,17,92.20885240993842
21,16,110.53947250500656
21,15,135.523687355703
21,14,156.30507314234148
21,13,177.80413439750464
21,12,223.09967602314237
21,11,246.7961606517744
21,10,683.2621374910937
21,9,752.175259057727
21,8,823.9202869085372
21,7,922.3355291757699
21,6,1004.6360131249836
21,5,1086.052289031298
21,4,1209.4852116929367
21,3,1284.4062884895304
21,2,5670.921967459952
21,1,6033.755436566424
22,22,5.818517991749979
22,21,11.827345972412871
22,20,27.268059916052287
22,19,41.013835129169145
22,18,100.80850533263616
22,17,120.11347844090136
22,16,140.22776287500585
22,15,167.6054541257064
22,14,190.2706298312468
22,13,213.57450221547066
22,12,262.7511426118044
22,11,288.16985855124454
22,10,784.7029935208747
22,9,858.1361807555919
22,8,934.4104307250296
22,7,1038.7128642192558
22,6,1126.5991440048529
22,5,1212.6440730028114
22,4,1342.6895560903972
22,3,1421.5573827020855
22,2,6245.152340092613
22,1,6625.809040542238
23,23,6.2358927819736465
23,22,17.25895919257896
23,21,29.335962556546015
23,20,44.066759035778205
23,19,60.65560281685652
23,18,130.08359128929737
23,17,151.14294648680757
23,16,173.02560410512956
23,15,202.77915053443488
23,14,227.34653457126709
23,13,252.45222895273758
23,12,305.49830812101203
23,11,332.6426555727446
23,10,892.9658965265
23,9,970.9251849176371
23,8,1051.7344367996382
23,7,1161.926154351608
23,6,1255.594907385268
23,5,1346.2877549780148
23,4,1482.9651768415158
23,3,1565.7980269720522
23,2,6847.5682608331945
23,1,7246.124867346
24,24,6.270649974598
24,23,19.083020377719123
24,22,31.494488127192977
24,21,46.816844342349064
24,20,64.53968243259915
24,19,83.81585039323329
24,18,162.46203032852506
24,17,185.26673181720474
24,16,208.91123165304754
24,15,241.02983260710596
24,14,267.5258220918369
24,13,294.4333580931053
24,12,351.34201951084486
24,11,380.21647234264157
24,10,1008.0501246251987
24,9,1090.5423346769132
24,8,1175.8931482107246
24,7,1291.9771472542404
24,6,1391.64754908628
24,5,1487.009006568499
24,4,1630.3396967968472
24,3,1717.1568688412776
24,2,7478.264006842021
24,1,7894.80129999
25,25,7.1131755692157
25,24,14.185586203584899
25,23,34.12040984477922
25,22,49.67742577400381
25,21,68.00990839678947
25,20,88.56467365753271
25,19,110.41159286701664
25,18,197.91717141227028
25,17,222.4655502682381
25,16,247.87030276474272
25,15,282.34755440064583
25,14,310.8055491298036
25,13,339.51707961487296
25,12,400.2853935174463
25,11,430.8952592897796
25,10,1129.9571060804994
25,9,1216.9898088601278
25,8,1306.8895124852756
25,7,1428.8697024851604
25,6,1534.7847769587818
25,5,1634.8370361582186
25,4,1784.8444610736055
25,3,1875.6663941196691
25,2,8137.349107773338
25,1,8571.952567438824
26,26,7.61103441852756
26,25,14.959882268605073
26,24,31.314590820214942
26,23,53.162854201926756
26,22,71.60745209905414
26,21,92.78054023777904
26,20,116.0484054042364
26,19,140.377664618582
26,18,236.43237621890373
26,17,262.72659759442837
26,16,289.8928424180788
26,15,326.7252155252621
26,14,357.185108503021
26,13,387.70429893754715
26,12,452.3324898866063
26,11,484.68368867347107
26,10,1258.6874499044445
26,9,1350.2687463545724
26,8,1444.7252215802675
26,7,1572.6061400906642
26,6,1685.033872988454
26,5,1789.8004492694602
26,4,1946.5099973433955
26,3,2041.3581453765244
26,2,8824.927366514508
26,1,9277.686582905602
27,27,8.125262957748687
27,26,19.893269629038592
27,25,34.081887992338835
27,24,50.423209226692
27,23,75.98698064373251
27,22,97.13788183506676
27,21,121.02718051634344
27,20,146.91870929809113
27,19,173.662561735042
27,18,277.99745784019865
27,17,306.04175189413394
27,16,334.97243756401264
27,15,374.1584189080845
27,14,406.6664877225389
27,13,438.9981833849036
27,12,507.4892194724496
27,11,541.5882167939724
27,10,1394.2441011925418
27,9,1490.3826910140244
27,8,1589.4044495584913
27,7,1723.191368455113
27,6,1842.4261759162353
27,5,1951.9320432389975
27,4,2115.3709605018876
27,3,2214.267927490609
27,2,9541.118103311412
27,1,10012.127361734565
28,28,8.655611324994213
28,27,21.705232605025632
28,26,36.54595386324847
28,25,54.081808755000026
28,24,73.31938713699476
28,23,102.4309390032129
28,22,126.15896034695267
28,21,152.67174317743846
28,20,181.1187815254908
28,19,210.2248341043349
28,18,322.60567275759087
28,17,352.4053302231421
28,16,383.1044031116176
28,15,424.64385208800365
28,14,459.2527471955525
28,13,493.40267245190074
28,12,565.7617797925514
28,11,601.6154585241926
28,10,1536.6283601957884
28,9,1637.333342744344
28,8,1740.929323402893
28,7,1880.6279711893312
28,6,2006.9918525596138
28,5,2121.2632582706287
28,4,2291.4607575447653
28,3,2394.4301680869617
28,2,10286.034514001449
28,1,10775.392251424186
29,29,8.55743199489526
29,28,23.904453994161692
29,27,39.09738948418505
29,26,57.30847050029123
29,25,77.90180677390543
29,24,99.84015680185315
29,23,132.37507318969776
29,22,158.58750344711655
29,21,187.65381838917943
29,20,218.6039867254529
29,19,250.03151786538055
29,18,370.2535802762638
29,17,401.81450822066824
29,16,434.28660035908734
29,15,478.18047307426707
29,14,514.9494650292999
29,13,550.924142220753
29,12,627.1587020039655
29,11,664.7744056345124
29,10,1685.845766942251
29,9,1791.1268638791805
29,8,1899.3066617217694
29,7,2044.9235277140294
29,6,2178.767762226819
29,5,2297.8325144938017
29,4,2474.8190847989767
29,3,2581.8858097709517
29,2,11059.811318263262
29,1,11567.620966035583
30,30,9.842239842443869
30,29,18.258762047997763
30,28,42.210453742132096
30,27,60.63839255278341
30,26,81.91528959362964
30,25,105.36504925761281
30,24,129.8646039180236
30,23,165.72872541458455
30,22,194.35898935192773
30,21,225.92545860893557
30,20,259.33813347532794
30,19,293.0552854389
30,18,420.938474434467
30,17,454.26682307492075
30,16,488.51692740134644
30,15,534.766895050889
30,14,573.7620075172978
30,13,611.5685394516366
30,12,691.6876483529611
30,11,731.0730416090336
30,10,1841.8975671497833
30,9,1951.7647913550143
30,8,2064.5383160047877
30,7,2216.0801832326124
30,6,2357.7863583173425
30,5,2481.6734801639964
30,4,2665.4818841671927
30,3,2776.6718089457436
30,2,11862.570579449288
30,1,12388.939743328225
31,31,7.821124795475798
31,30,20.430183338792702
31,29,30.652710894932955
31,28,64.70655620858567
31,27,86.04500681564936
31,26,110.17873165147795
31,25,136.3422524215957
31,24,163.30160185547928
31,23,202.42252000753555
31,22,233.42337486526256
31,21,267.44900382694715
31,20,303.29257833548456
31,19,339.27444095158813
31,18,474.65981414597746
31,17,509.76190777579495
31,16,545.7953253858809
31,15,594.4037152408812
31,14,635.6981130026556
31,13,675.3442003322211
31,12,759.3587016003868
31,11,800.5218512180494
31,10,2004.789744576365
31,9,2119.2536598467855
31,8,2236.6314007405595
31,7,2394.1056965461003
31,6,2544.087509877004
31,5,2672.8275606263223
31,4,2863.492075568106
31,3,2978.8323460963666
31,2,12694.458300133561
31,1,13239.49967438632
32,32,9.09466628650056
32,31,17.059056137553032
32,30,33.73842308621859
32,29,45.41623542583234
32,28,91.0887297165883
32,27,115.11889074089223
32,26,141.96260058029281
32,25,170.73664688030715
32,24,200.0809620275444
32,23,242.4021301556575
32,22,275.7409302062839
32,21,312.1940286770613
32,20,350.4438058284606
32,19,388.6708756689514
32,18,531.4173125061022
32,17,568.2995180794343
32,16,606.1217220387888
32,15,657.0913231647537
32,14,700.7655797337962
32,13,742.259408656621
32,12,830.1816336698876
32,11,873.1309358124397
32,10,2174.5257683286573
32,9,2293.5973016473704
32,8,2415.590133298428
32,7,2579.0046607459003
32,6,2737.709185328691
32,5,2871.3340749925014
32,4,3068.890650938721
32,3,3188.4095347333987
32,2,13555.611557500753
32,1,14119.442331595013
33,33,10.328808013226224
33,32,19.185422342822687
33,31,28.982549700807752
33,30,49.418758734180216
33,29,62.34953344350386
33,28,121.14669397609401
33,27,147.71747842928585
33,26,177.16588475900943
33,25,208.4745105151298
33,24,240.14788035448422
33,23,285.624564158112
33,22,321.2800076772382
33,21,360.13600624842957
33,20,400.7726848814592
33,19,441.22974823990734
33,18,591.2113714207139
33,17,629.8800664610078
33,16,669.4966593541681
33,15,722.8306447042359
33,14,768.9731048724885
33,13,812.3233182370216
33,12,904.1669973950795
33,11,948.9111801301117
33,10,2351.109608395825
33,9,2474.8000601642066
33,8,2601.419250894743
33,7,2770.7821945522055
33,6,2938.6914276233456
33,5,3077.2344553985054
33,4,3281.7212901533103
33,3,3405.448237289688
33,2,14446.179322473754
33,1,15028.92152935009
34,34,10.599914980351754
34,33,21.264540158820775
34,32,31.997828619131393
34,31,43.28400409510344
34,30,67.26054370414427
34,29,81.32461110388478
34,28,154.73111341031924
34,27,183.73607975995992
34,26,215.71242016103338
34,25,249.49901352455188
34,24,283.4592728303048
34,23,332.05572981898376
34,22,370.0156090501426
34,21,411.2555011311944
34,20,454.2640864824131
34,19,496.93941152377397
34,18,654.0435999636368
34,17,694.5052035725441
34,16,735.9219366021423
34,15,791.6238640399692
34,14,840.3310758092587
34,13,885.5468005077767
34,12,981.3270903198035
34,11,1027.875265495154
34,10,2534.5482543002445
34,9,2662.869435954953
34,8,2794.126786896775
34,7,2969.4468927956773
34,6,3147.079519301862
34,5,3290.5755547845047
34,4,3502.0321114050053
34,3,3629.997875222768
34,2,15366.322953522558
34,1,15968.103812450037
35,35,12.092403692181065
35,34,22.032360854051504
35,33,34.93011642265876
35,32,47.19847800212028
35,31,59.76781361007667
35,30,87.13155698111281
35,29,102.25665863381106
35,28,191.73305595567814
35,27,223.09591280714537
35,26,257.5433851207874
35,25,293.76522695748264
35,24,329.980289948283
35,23,381.6676181542043
35,22,421.92712911579787
35,21,465.5362143805395
35,20,510.9050884065829
35,19,555.7896985956768
35,18,719.9150285127217
35,17,762.1759350953952
35,16,805.398627051146
35,15,863.4723050390861
35,14,914.849337574495
35,13,961.940096811002
35,12,1061.67336256311
35,11,1110.0349528200165
35,10,2724.8449984664358
35,9,2857.8090188889737
35,8,2993.716643577282
35,7,3175.002918863561
35,6,3362.9156380309355
35,5,3511.4009100658855
35,4,3729.868667221272
35,3,3862.1051609141787
35,2,16316.194599935205
35,1,16937.14598694399
36,36,13.677027970060477
36,35,24.485053650598335
36,34,36.20423772627303
36,33,50.97482617586747
36,32,64.57919847666567
36,31,78.30619981070353
36,30,108.94613561643229
36,29,125.08824079459151
36,28,232.07179103178262
36,27,265.7371572044874
36,26,302.6132920565411
36,25,341.2379114271752
36,24,379.68328751857393
36,23,434.43799974728876
36,22,476.998649373858
36,21,522.9657200586734
36,20,570.6860675736588
36,19,617.7733148363402
36,18,788.8283562417037
36,17,832.8950218093353
36,16,877.9296349895683
36,15,938.3792005574987
36,14,992.5401523449686
36,13,1041.515946870799
36,12,1145.2199041773526
36,11,1195.4047397186175
36,10,2922.0084713127585
36,9,3059.627987264284
36,8,3200.1985661363638
36,7,3387.4606137648934
36,6,3586.250147562715
36,5,3739.7625536540436
36,4,3965.2847405252714
36,3,4101.825291558726
36,2,17295.977438112386
36,1,17936.236945397406
37,37,4.326283354920337
37,36,27.073480102358992
37,35,39.6206308735811
37,34,52.75508581362364
37,33,69.17957652231482
37,32,84.00644121995472
37,31,98.81305366800989
37,30,132.64708388832094
37,29,149.77946890909553
37,28,275.68586119952454
37,27,311.61307146477884
37,26,350.8857808268984
37,25,391.8882824844142
37,24,432.5451776138581
37,23,490.3479724085802
37,22,535.2166634595462
37,21,583.5332428802216
37,20,633.5984581784386
37,19,682.883539197162
37,18,860.7852763189856
37,17,906.6641501295283
37,16,953.5167092268343
37,15,1016.3464967333983
37,14,1073.414826210783
37,13,1124.2860434979787
37,12,1231.979537138981
37,11,1283.997772404604
37,10,3126.042581310199
37,9,3268.3305488331885
37,8,3413.577073599321
37,7,3606.8247465156505
37,6,3817.1291951176745
37,5,3975.708054692573
37,4,4208.329723285363
37,3,4349.208872960733
37,2,18305.8349039636
37,1,18965.544935455655
38,38,4.852100131675706
38,37,9.9515891620021
38,36,43.20279472722784
38,35,57.1240449311092
38,34,71.46061975917381
38,33,89.40536023918119
38,32,105.39196846556965
38,31,121.22906411129958
38,30,158.19566785443845
38,29,176.30253711459153
38,28,322.5281947598571
38,27,360.6871995284212
38,26,402.33211473648146
38,25,445.69336765917126
38,24,488.5473990051338
38,23,549.3823753045518
38,22,596.5708560066249
38,21,647.2307347558249
38,20,699.6360857987461
38,19,751.1157864973127
38,18,935.7887604740121
38,17,983.4863538009793
38,16,1032.1630063739035
38,15,1097.37760864164
38,14,1157.486643080513
38,13,1210.2641209245073
38,12,1321.9672328443073
38,11,1375.829419432574
38,10,3336.9552755510904
38,9,3483.925128428301
38,8,3633.861083082834
38,7,3833.104721181303
38,6,4055.605571206942
38,5,4219.291857530635
38,4,4459.059730737929
38,3,4604.313427933622
38,2,19345.955645829155
38,1,20025.264230226196
39,39,4.847929983937384
39,38,10.912548297027657
39,37,20.796484878648528
39,36,61.68046734121033
39,35,76.76377516168189
39,34,92.17967609240996
39,33,111.56099075334876
39,32,128.6759024816209
39,31,145.5125101989488
39,30,185.5652041390768
39,29,204.63780026066183
39,28,372.56186491809945
39,27,412.93034895010004
39,26,456.9288701854196
39,25,502.634127345457
39,24,547.6743075187719
39,23,611.5282674804562
39,22,661.0526646251867
39,21,714.0514587768685
39,20,768.7937371054859
39,19,822.4661440354672
39,18,1013.8414019652295
39,17,1063.3642656854588
39,16,1113.8712507383284
39,15,1181.4754589987058
39,14,1244.7688037512128
39,13,1299.4637946208004
39,12,1415.1977440000312
39,11,1470.9148001233266
39,10,3554.752481958605
39,9,3706.4180244196764
39,8,3861.0572744824904
39,7,4066.3075531843824
39,6,4301.731324155097
39,5,4470.567579302484
39,4,4717.53026449766
39,3,4867.195804827267
39,2,20416.524593117214
39,1,21115.585113912064
40,40,5.503949245132851
40,39,11.14284602167659
40,38,22.52944499211058
40,37,32.86569044915998
40,36,82.27024986523631
40,35,98.39673113447837
40,34,114.82053092262711
40,33,135.58489950779446
40,32,153.81689642541284
40,31,171.6337550301347
40,30,214.73736501199411
40,29,234.77156532810488
40,28,425.7577900717966
40,27,468.3191862650922
40,26,514.6571160197533
40,25,562.695040397962
40,24,609.9130593950439
40,23,676.7750291382267
40,22,728.6555619497702
40,21,783.9904176781798
40,20,841.0677133554017
40,19,896.9320345087385
40,18,1094.9464269825376
40,17,1146.301184202968
40,16,1198.6448581718103
40,15,1268.6436810429534
40,14,1335.2757103428235
40,13,1391.8999090599948
40,12,1511.6870886818529
40,11,1569.2703321035542
40,10,3779.4418605046094
40,9,3935.8173320458313
40,8,4095.174189641718
40,7,4306.442202806593
40,6,4555.562400441326
40,5,4729.592844144944
40,4,4983.800609053207
40,3,5137.91672280804
40,2,21517.73941998165
40,1,22236.710950249442
41,41,5.670656451726707
41,40,14.743885364830495
41,39,24.17221774235318
41,38,35.20416500670032
41,37,47.30773055201062
41,36,104.82870847551253
41,35,121.93164453579956
41,34,139.32177503745177
41,33,161.4344485731627
41,32,180.78603357776964
41,31,199.57160637840838
41,30,245.6996577986884
41,29,266.69444111078315
41,28,482.0927597468061
41,27,526.8348219605938
41,26,575.5013537232371
41,25,625.8632795849907
41,24,675.2529487645143
41,23,745.1137842983791
41,22,799.374553290421
41,21,857.0438972216081
41,20,916.4554015736954
41,19,974.5118044662125
41,18,1179.1073154128205
41,17,1232.300673088011
41,16,1286.4875154067786
41,15,1358.886172331266
41,14,1429.0225081870797
41,13,1487.588058517078
41,12,1611.452028603545
41,11,1670.9131869839255
41,10,4011.0314496008623
41,9,4172.131526464532
41,8,4336.220750827389
41,7,4553.518007952725
41,6,4817.157042547656
41,5,4996.427612572077
41,4,5257.9319035570525
41,3,5416.538779448542
41,2,22649.801362738253
41,1,23388.84867983005
42,42,6.0399278869468365
42,41,16.10755143082731
42,40,25.8863440515805
42,39,37.40559821142167
42,38,50.286654913026766
42,37,64.00318894337798
42,36,129.26611838982683
42,35,147.3085094090208
42,34,165.64121907692487
42,33,189.07946704447977
42,32,209.56296366941052
42,31,229.31091090310767
42,30,278.44375903090855
42,29,300.4002089775458
42,28,541.5480086694547
42,27,588.461772744562
42,26,639.4487350106249
42,25,692.1281039863791
42,24,743.6849244686402
42,23,816.5369908172192
42,22,873.2058302792685
42,21,933.2091628646252
42,20,994.9550014076008
42,19,1055.2044734937115
42,18,1266.3276138495398
42,17,1321.3663659549366
42,16,1377.40297693352
42,15,1452.2068830186483
42,14,1526.0248773527553
42,13,1586.544371443184
42,12,1714.509840367213
42,11,1775.8610536260614
42,10,4249.5290732068825
42,9,4415.368847023022
42,8,4584.205621860866
42,7,4807.544014954668
42,6,5086.575140920703
42,5,5271.133510311832
42,4,5539.987189285012
42,3,5703.126500783841
42,2,23812.91851221236
42,1,24572.212226673295
43,43,6.568559737750773
43,42,13.083382009183762
43,41,27.8694276471578
43,40,39.69542241406929
43,39,53.075930351453
43,38,67.6459942321002
43,37,82.85890014038354
43,36,155.52460905687985
43,35,174.48678577893628
43,34,193.74919256764088
43,33,218.4981661321951
43,32,240.1333343890171
43,31,260.84086995985535
43,30,312.96432163317553
43,29,335.88496368323206
43,28,604.1080423016211
43,27,653.1870499748975
43,26,706.4883241494721
43,25,761.4802398771873
43,24,815.2010545625373
43,23,891.03794895745
43,22,950.1463187893129
43,21,1012.4840315047712
43,20,1076.5651109490575
43,19,1139.0093285343357
43,18,1356.6105538462507
43,17,1413.5015693884288
43,16,1471.3946534601253
43,15,1548.6093863250098
43,14,1626.2985966271178
43,13,1688.7850598285922
43,12,1820.87783578211
43,11,1884.1316431593891
43,10,4494.941139128927
43,9,4665.5360533495705
43,8,4839.135921409764
43,7,5068.527635725367
43,6,5363.876875221698
43,5,5553.772424942612
43,4,5830.033896573133
43,3,5997.748897147839
43,2,25007.330337945776
43,1,25787.04775276033
44,44,6.769641122196323
44,43,16.332675017110255
44,42,26.874437785745897
44,41,42.34171362627335
44,40,55.96861576728794
44,39,71.04209444365202
44,38,87.18113828990697
44,37,103.80135909432664
44,36,183.56605078059394
44,35,203.4386738144079
44,34,223.62466793724437
44,33,249.6748278219533
44,32,272.4874241764861
44,31,294.1542548544769
44,30,349.25860689855364
44,29,373.14699278064984
44,28,669.7606471013751
44,27,721.0004282996285
44,26,776.6115711149207
44,25,833.9125224770002
44,24,889.7953100289677
44,23,968.6117315299869
44,22,1030.194727039825
44,21,1094.868030783646
44,20,1161.28599251795
44,19,1225.927289499827
44,18,1449.960764591511
44,17,1508.7110481380844
44,16,1568.467471580194
44,15,1648.0988388618061
44,14,1729.8616175172094
44,13,1794.3285747109626
44,12,1930.5756913735936
44,11,1995.7451006120682
44,10,4747.278368246234
44,9,4922.644375106454
44,8,5101.023397280414
44,7,5336.481119119893
44,6,5649.129627496289
44,5,5844.413666968458
44,4,6128.139193601348
44,3,6300.474688106404
44,2,26233.243670059437
44,1,27033.567722006595
45,45,7.151088426696669
45,44,17.705336883826778
45,43,28.980058945696676
45,42,41.59743634751095
45,41,59.30395842525227
45,40,74.55457180875891
45,39,91.1960321879694
45,38,108.81297657441435
45,37,126.7718214374828
45,36,213.36462710883563
45,35,234.1445827434917
45,34,255.25230875633574
45,33,282.5977323532091
45,32,306.6185976765006
45,31,329.246180479544
45,30,387.3254132190654
45,29,412.1858066942583
45,28,738.4952821436323
45,27,791.8928897239986
45,26,849.8107599739982
45,25,909.4183187402679
45,24,967.4619461850299
45,23,1049.2534670327477
45,22,1113.3497553490306
45,21,1180.3605210385952
45,20,1249.1175983333555
45,19,1315.9588380251157
45,18,1546.3818645345082
45,17,1606.998513328045
45,16,1668.6252572776912
45,15,1750.6792255513394
45,14,1836.7311853763779
45,13,1903.1926153240972
45,12,2043.622222310955
45,11,2110.720665058448
45,10,5006.547778732049
45,9,5186.701187776269
45,8,5369.875788335623
45,7,5611.412498072731
45,6,5942.398471939897
45,5,6143.124118889228
45,4,6434.375697425241
45,3,6611.378162335132
45,2,27490.91517692471
45,1,28312.035828958913
46,46,9.46655239960617
46,45,19.130498793514434
46,44,30.952094343844117
46,43,44.395773467602815
46,42,58.82083384971916
46,41,78.59292790617728
46,40,95.33846035465916
46,39,113.453906161333
46,38,132.47892417444567
46,37,151.72299003203764
46,36,244.9027669985812
46,35,266.59074250769993
46,34,288.62106017528265
46,33,317.258358912941
46,32,342.52289913311046
46,31,366.1139627924819
46,30,427.1651941483611
46,29,453.0023873091053
46,28,810.3036073476923
46,27,865.8573309743209
46,26,926.0798739902434
46,25,987.9925337734668
46,24,1048.1966353516605
46,23,1132.9596210087827
46,22,1199.6114959340723
46,21,1268.9622120734318
46,20,1340.061202967684
46,19,1409.1057603350848
46,18,1645.87859261695
46,17,1708.3688420921703
46,16,1771.8730459922942
46,15,1856.3557912679314
46,14,1946.9264089881822
46,13,2015.396797323257
46,12,2160.0382605222326
46,11,2229.07964730596
46,10,5272.759748142152
46,9,5457.71734196485
46,8,5645.704425773898
46,7,5893.333550386709
46,6,6243.754673198842
46,5,6449.97703372426
46,4,6748.815522322256
46,3,6930.533074204122
46,2,28780.571226487733
46,1,29622.684529518458
47,47,7.946202322376416
47,46,20.771152672263792
47,45,32.99417888674995
47,44,47.00137266261701
47,43,62.335588800109306
47,42,78.37717168583052
47,41,100.08570912378782
47,40,118.23182086406582
47,39,137.7497888548923
47,38,158.1288716428559
47,37,178.61636331724966
47,36,278.1682559546579
47,35,300.76724781983955
47,34,323.72274222310307
47,33,353.65031188244734
47,32,380.198185094501
47,31,404.75638084695544
47,30,468.7793895683773
47,29,495.59855593848437
47,28,885.1783944856985
47,27,942.8874921034358
47,26,1005.4135173445479
47,25,1069.6305100647746
47,24,1131.9953356153717
47,23,1219.7267998001103
47,22,1288.9801878301153
47,21,1360.6738607579991
47,20,1434.1180386036162
47,19,1505.369720075456
47,18,1748.4551702219
47,17,1812.8263728695001
47,16,1878.215310523688
47,15,1965.1331797973842
47,14,2060.466324020036
47,13,2130.960644533946
47,12,2279.8444961458868
47,11,2350.843198663599
47,10,5545.922666320327
47,9,5735.701619460213
47,8,5928.5184890224355
47,7,6182.253790588794
47,6,6553.269402351428
47,5,6765.045534632075
47,4,7071.53656259969
47,3,7258.019086964481
47,2,30102.481360061636
47,1,30965.790615382917
48,48,8.702948854941027
48,47,16.486965866690387
48,46,35.34876658119617
48,45,49.69202433676717
48,44,65.59358253874825
48,43,82.62100980002296
48,42,100.14080488812886
48,41,123.68831868473644
48,40,143.16567597785377
48,39,164.03134795058077
48,38,185.72243192912813
48,37,207.42048498385373
48,36,313.15274814709744
48,35,336.66715764527027
48,34,360.5515224811079
48,33,391.76905483416033
48,32,419.64403529746556
48,31,445.1737133151215
48,30,512.1706167197149
48,29,539.9772318710112
48,28,963.1140119570288
48,27,1022.9785491088231
48,26,1087.8076061740546
48,25,1154.3288085937656
48,24,1218.855153338463
48,23,1309.5527111692386
48,22,1381.4572561970547
48,21,1455.4973876029146
48,20,1531.2904881780712
48,19,1604.7535245038478
48,18,1854.116824675358
48,17,1920.3764869579018
48,16,1987.6576019294625
48,15,2077.0171544463924
48,14,2177.37171553209
48,13,2249.905476432328
48,12,2403.063503390632
48,11,2476.0344021914107
48,10,5826.047842661832
48,9,6020.665814442573
48,8,6218.330263824341
48,7,6478.185961239781
48,6,6871.019635069133
48,5,7088.4087100160705
48,4,7402.616058986289
48,3,7593.9151800285645
48,2,31456.88577483714
48,1,32341.600687340364
49,49,7.139460102032547
49,48,17.799669018901728
49,47,27.197509466940442
49,46,52.79261715196225
49,45,68.94921414601332
49,44,86.54055430856675
49,43,105.11930061186786
49,42,124.01586335543483
49,41,149.32776488998698
49,40,170.08551802487466
49,39,192.25652776480896
49,38,215.22666441538902
49,37,238.1093421367015
49,36,349.85036844872246
49,35,374.2854178815111
49,34,399.10303664463237
49,33,431.611155054479
49,32,460.86107308485435
49,31,487.36710429043234
49,30,557.342043655262
49,29,586.1418078430146
49,28,1044.1053164096638
49,27,1106.1259877087057
49,26,1173.2582096899139
49,25,1242.0840082155758
49,24,1308.773097387751
49,23,1402.4348424923535
49,22,1477.0439319025015
49,21,1553.4344318023307
49,20,1631.5805722206298
49,19,1707.2595441039537
49,18,1962.8679858615722
49,17,2031.0237376750283
49,16,2100.2046104438014
49,15,2192.012568871271
49,14,2297.6630086487103
49,13,2372.252226195186
49,12,2529.7174062034983
49,11,2604.6758650787283
49,10,6113.143774650414
49,9,6312.61880452851
49,8,6515.149012652014
49,7,6781.139639367681
49,6,7197.08146039546
49,5,7420.144705157637
49,4,7742.138800895498
49,3,7938.308050070741
49,2,32844.08361008442
49,1,33750.421829322804
50,50,7.940797044052929
50,49,15.179412431792597
50,48,29.094954888545885
50,47,39.76183107917746
50,46,72.811105408469
50,45,90.56821327690554
50,44,109.70355456640037
50,43,129.73012760063327
50,42,149.92817885030047
50,41,176.94670278241836
50,40,198.94793736094738
50,39,222.39136818905058
50,38,246.61465915466383
50,37,270.6614684095253
50,36,388.2572593042288
50,35,413.6186440869056
50,34,439.3743365464725
50,33,473.17436646279856
50,32,503.85114674273905
50,31,531.3388189268628
50,30,604.2977673836759
50,29,634.0965764690284
50,28,1128.1484124806943
50,27,1192.326454227356
50,26,1261.7624901294494
50,25,1332.893731005186
50,24,1401.7471839307648
50,23,1498.3716678046683
50,22,1575.7425405690594
50,21,1654.4877219389546
50,20,1734.9914015772654
50,19,1812.8912440527706
50,18,2074.7140927578275
50,17,2144.773722471074
50,16,2215.8621044437077
50,15,2310.1253954467647
50,14,2421.3624146776783
50,13,2498.023659832315
50,12,2659.830252507879
50,11,2736.7921663067373
50,10,6407.22186792859
50,9,6611.572465440245
50,8,6818.987087111736
50,7,7091.127609119327
50,6,7531.536926812673
50,5,7760.337788864185
50,4,8090.187855577687
50,3,8291.282619293268
50,2,34264.336083164504
50,1,35192.522164553375
51,51,8.50913137400529
51,50,16.55990086562341
51,49,25.35017324621768
51,48,42.2541496659652
51,47,53.968198183517266
51,46,95.19649851622118
51,45,114.40450582560042
51,44,134.97844841447568
51,43,156.37640972646932
51,42,177.81953233806075
51,41,206.49945776778074
51,40,229.71794944489127
51,39,254.40812556660845
51,38,279.8641674050429
51,37,305.0589166190361
51,36,428.3707922232401
51,35,454.6644459241393
51,34,481.3632856597286
51,33,516.4570689491183
51,32,548.6167943209878
51,31,577.0917203857479
51,30,653.0422762460895
51,29,683.8461829455434
51,28,1215.239669663714
51,27,1281.5767447404285
51,26,1353.317654816821
51,25,1426.7555517593603
51,24,1497.7753020694227
51,23,1597.3614445499122
51,22,1677.5552456385137
51,21,1758.659761331213
51,20,1841.5258024225218
51,19,1921.6517501390783
51,18,2189.6599658430396
51,17,2261.6313974676805
51,16,2334.6351864405615
51,15,2431.3609040090364
51,14,2548.4920422332707
51,13,2627.2424251161133
51,12,2793.4259326359775
51,11,2872.407712469341
51,10,6708.291343408346
51,9,6917.536409621507
51,8,7129.854495484996
51,7,7408.160204576264
51,6,7874.468134488296
51,5,8109.072260953031
51,4,8446.851736288128
51,3,8652.929373814133
51,2,35717.94301570174
51,1,36668.20940201483
52,52,8.63944667509535
52,51,17.65168595089138
52,50,27.34261148096922
52,49,37.362760305496245
52,48,57.05512322654892
52,47,69.67332910316547
52,46,119.79827673908888
52,45,140.3505392255615
52,44,162.28592078894323
52,43,184.998231698442
52,42,207.643826329695
52,41,237.94944154337426
52,40,262.3673420833196
52,39,288.28421751138353
52,38,314.9569533495575
52,37,341.28690163313104
52,36,470.18964029941446
52,35,497.4216118192243
52,34,525.0688317997445
52,33,561.4586266985021
52,32,595.1616709641586
52,31,624.6297511191333
52,30,703.5810443530129
52,29,735.3962618522598
52,28,1305.3768435966394
52,27,1373.8750143187574
52,26,1447.922255372458
52,25,1523.668385973056
52,24,1596.8566857649525
52,23,1699.403797761376
52,22,1782.4857235141133
52,21,1865.9545934552968
52,20,1951.1881729742927
52,19,2033.5457933174198
52,18,2307.71205319153
52,17,2381.6033987111095
52,16,2456.5306907706363
52,15,2555.7261613106757
52,14,2679.0765386384696
52,13,2759.933776355309
52,12,2930.5310808105723
52,11,3011.549722896344
52,10,7016.36616648966
52,9,7230.5251357021825
52,8,7447.766275762885
52,7,7732.252976164111
52,6,8225.965479219714
52,5,8466.440946633136
52,4,8812.220625943775
52,3,9023.34050862208
52,2,37205.1848308098
52,1,38177.771385727756
53,53,9.476283849366265
53,52,18.120835536851743
53,51,28.95517959221617
53,50,39.98183531080776
53,49,51.01622121027529
53,48,73.34926224517812
53,47,86.77804490721904
53,46,146.5051980851646
53,45,168.32476186341913
53,44,191.56447676591708
53,43,215.54819393301824
53,42,239.36388877359155
53,41,271.2667392030555
53,40,296.8728542975993
53,39,324.00076614829516
53,38,351.8775689869379
53,37,379.3327266265808
53,36,513.7127491015165
53,35,541.8890866798388
53,34,570.4899764659938
53,33,608.1783285114161
53,32,643.489457340846
53,31,673.9568071594742
53,30,755.919295743489
53,29,788.75215287806
53,28,1398.5567805531682
53,27,1469.2183761727285
53,26,1545.5736690952285
53,25,1623.6298481257747
53,24,1698.9891515891786
53,23,1804.496784561785
53,22,1890.536089298679
53,21,1976.3745856150192
53,20,2063.9811212364143
53,19,2148.576205970458
53,18,2428.874460078262
53,17,2504.6939415075244
53,16,2581.5529509491007
53,15,2683.2256238984146
53,14,2813.138492886457
53,13,2896.1208359128696
53,12,3071.1700388591
53,11,3154.2430514967177
53,10,7331.452899442969
53,9,7550.545503287142
53,8,7772.729587340338
53,7,8063.413280328756
53,6,8586.113500774045
53,5,8832.530625347254
53,4,9186.394413264581
53,3,9402.618125794374
53,2,38726.43194023804
53,1,39721.588110223645
54,54,10.340007458791455
54,53,19.593050254672015
54,52,29.773129752895056
54,51,42.1108296940561
54,50,54.26514229481245
54,49,66.17194809090275
54,48,91.03503347704577
54,47,105.21244432113185
54,46,175.23386659230175
54,45,198.26468817095068
54,44,222.76614387369634
54,43,247.98875264956047
54,42,272.94988264025045
54,41,306.42717745360244
54,40,333.21575403441324
54,39,361.54253609135867
54,38,390.6135629534697
54,37,419.1862047704997
54,36,558.9403093164907
54,35,588.067047053735
54,34,617.6269450649559
54,33,656.6166725029568
54,32,693.6052476095912
54,31,725.078211543315
54,30,810.0636949392097
54,29,843.9206753594559
54,28,1494.7785529078712
54,27,1567.6062181961538
54,26,1646.2716084198762
54,25,1726.639956560449
54,24,1804.1729913011316
54,23,1912.6410465049464
54,22,2001.711260227239
54,21,2089.9250030455805
54,20,2179.910253630255
54,19,2266.748917558297
54,18,2553.154640443603
54,17,2630.9106949837605
54,16,2709.709860037624
54,15,2813.8674448372935
54,14,2950.705070499561
54,13,3035.8314305160625
54,12,3215.37211819074
54,11,3300.517650621697
54,10,7653.5680377127
54,9,7877.614601203154
54,8,8104.76211892504
54,7,8401.659394383432
54,6,8955.011325678815
54,5,9207.443074893472
54,4,9569.466815094827
54,3,9790.85802913233
54,2,40281.95478044489
54,1,41299.93720639376
55,55,4.384945375434406
55,54,21.118537975260594
55,53,31.893114321072506
55,52,43.28197782690884
55,51,56.89793092501564
55,50,70.04758657758954
55,49,82.73253215162974
55,48,110.0415504553713
55,47,124.92631104785784
55,46,205.9205671398539
55,45,230.12152904428496
55,44,255.85274646561962
55,43,282.2895050146385
55,42,308.37723512939834
55,41,343.4105936690195
55,40,371.38036983111823
55,39,400.8966194669087
55,38,431.1542527476173
55,37,460.8384785950241
55,36,605.8724584468521
55,35,635.9555585108967
55,34,666.4797940704864
55,33,706.7739011586066
55,32,745.5140169925699
55,31,777.9991184167721
55,30,866.0205742590803
55,29,900.908281015824
55,28,1594.0401647825006
55,27,1669.036749056377
55,26,1750.0144924077426
55,25,1832.697324894341
55,24,1912.4069883804277
55,23,2023.8355785903666
55,22,2116.0145247734413
55,21,2206.609375901145
55,20,2298.9793351142666
55,19,2388.0679146260172
55,18,2680.5576968677897
55,17,2760.25890028362
55,16,2841.0068046367933
55,15,2947.6571641603377
55,14,3091.801424180255
55,13,3179.0913040755754
55,12,3363.1643957906426
55,11,3450.401168864979
55,10,7982.720706794571
55,9,8211.741918606383
55,8,8443.873726361498
55,7,8747.001456164804
55,6,9332.752502750252
55,5,9591.274320834029
55,4,9961.542821681365
55,3,10188.167533316822
55,2,41872.1239005511
55,1,42913.198812049784
56,56,4.7744711410674885
56,55,9.612062670602803
56,54,34.085167449886974
56,53,46.0528970526429
56,52,58.42143081747658
56,51,73.1659497332447
56,50,87.22855928430569
56,49,100.62831496401107
56,48,130.31857423494256
56,47,145.88320200421012
56,46,238.51614025670747
56,45,263.856958471237
56,44,290.7938490963627
56,43,318.4259055008654
56,42,345.62588561175994
56,41,382.2004370773087
56,40,411.3539708204119
56,39,442.05252349447926
56,38,473.49097536040296
56,37,504.2824033264788
56,36,654.5100652806489
56,35,685.5554231093421
56,34,717.0493195026006
56,33,758.6509870638852
56,32,799.2216808274983
56,31,832.7256309502441
56,30,923.7972066540345
56,29,959.7223857530304
56,28,1696.3408968120596
56,27,1773.5094712320779
56,26,1856.8020568012223
56,25,1941.801911000259
56,24,2023.6913004336598
56,23,2138.080796533095
56,22,2233.450761587539
56,21,2326.4328680565973
56,20,2421.1938105437325
56,19,2512.5389092897626
56,18,2811.0905418695543
56,17,2892.7456618239244
56,16,2975.4510879824256
56,15,3084.602306628342
56,14,3236.455540680403
56,13,3325.929107900243
56,12,3514.5770073389267
56,11,3603.9243877075482
56,10,8318.925230766217
56,9,8552.942289842416
56,8,8790.07975916146
56,7,9099.455289993337
56,6,9719.439848883181
56,5,9984.129910275042
56,4,10362.724855409882
56,3,10594.651341012921
56,2,43497.25598972432
56,1,44561.69799052935
57,57,5.036207656300049
57,56,11.571641343086895
57,55,18.913770949074724
57,54,48.91031860915326
57,53,61.83765750553903
57,52,75.03799489750818
57,51,90.81071774271928
57,50,105.73686767144555
57,49,119.80862855165942
57,48,151.82995360568228
57,47,168.0563275217498
57,46,272.98203064838503
57,45,299.44036675704047
57,44,327.5647564824888
57,43,356.3777472193526
57,42,384.6790875013596
57,41,422.78275023851734
57,40,453.12589055611426
57,39,485.0013826237728
57,38,517.6163538717582
57,37,549.5118468565486
57,36,704.8540158029404
57,35,736.8674414097982
57,34,769.3362931481793
57,33,812.248833731605
57,32,854.7342637551048
57,31,889.2639393893872
57,30,983.4008583975117
57,29,1020.3703855473134
57,28,1801.6795462467614
57,27,1881.0233434809622
57,26,1966.6334314435203
57,25,2053.953006651762
57,24,2138.0253636097464
57,23,2255.3763204551888
57,22,2354.024124841123
57,21,2449.3998638065627
57,20,2546.5582904300327
57,19,2640.1667274333695
57,18,2944.7589693422838
57,17,3028.3769297482213
57,16,3113.0488223092716
57,15,3224.70915524555
57,14,3384.694884845323
57,13,3476.37294843124
57,12,3669.6394922935924
57,11,3761.117470300289
57,10,8662.192364182292
57,9,8901.226870645778
57,8,9143.391777497425
57,7,9459.032784965295
57,6,10115.175321692288
57,5,10386.114501345395
57,4,10773.126078709138
57,3,11010.425122259741
57,2,45157.746169424674
57,1,46245.84006819696
58,58,5.1522485533178
58,57,11.798997562685091
58,56,23.520981538253643
58,55,36.01705995185409
58,54,65.3515862214432
58,53,79.08933199362079
58,52,93.02607960119784
58,51,109.7587799254006
58,50,125.5213593090647
58,49,140.2361936824584
58,48,174.54950637647056
58,47,191.4259658022039
58,46,309.2878098642289
58,45,336.84723575608615
58,44,366.1454473380316
58,43,396.1284792890022
58,42,425.5229994917628
58,41,465.14595119389554
58,40,496.6874618687545
58,39,529.7360099492793
58,38,563.5244420450899
58,37,596.521911030813
58,36,756.905682458915
58,35,789.8929133634103
58,34,823.3419948284239
58,33,867.5688490049772
58,32,912.058515761248
58,31,947.6209684035357
58,30,1044.8395214370255
58,29,1082.8604199331385
58,28,1910.0557600365128
58,27,1991.5781823712805
58,26,2079.5086148162345
58,25,2169.1507859050234
58,24,2255.409511718936
58,23,2375.7226917206103
58,22,2477.7398429956547
58,21,2575.5158456893223
58,20,2675.078509104856
58,19,2770.9573442217506
58,18,3081.5699482716345
58,17,3167.1598614475624
58,16,3253.8073591347165
58,15,3367.985272546715
58,14,3536.5490736032875
58,13,3630.4531366448814
58,12,3828.383702755686
58,11,3922.012945718375
58,10,9012.536116404353
58,9,9256.610157756662
58,8,9503.824769767316
58,7,9825.749371008065
58,6,10520.068135843216
58,5,10797.340205412114
58,4,11192.85696035628
58,3,11435.601811609595
58,2,46853.94211412283
58,1,47965.98190975866
59,59,5.118913476778688
59,58,10.27830677613236
59,57,24.372789804969035
59,56,37.21532276537743
59,55,52.12488884179208
59,54,83.24702936377702
59,53,94.87051005534703
59,52,111.96119537567137
59,51,127.78247468918306
59,50,146.544778681871
59,49,161.8832881637722
59,48,198.45814776632457
59,47,215.97754705415292
59,46,347.409159435403
59,45,376.0576817551604
59,44,406.51948200310665
59,43,437.664360399935
59,42,468.14600993464364
59,41,509.2802610667623
59,40,542.0315277554241
59,39,576.2504635155803
59,38,611.2103280588753
59,37,645.3085611881446
59,36,810.6665891838427
59,35,844.6332924390076
59,34,879.0678552547735
59,33,924.6125733817988
59,32,971.2015303553959
59,31,1007.8039822080243
59,30,1108.1214841403655
59,29,1147.200926862979
59,28,2021.46922949883
59,27,2105.173824248929
59,26,2195.4276000239774
59,25,2287.3953938065874
59,24,2375.8440286523296
59,23,2499.120373739105
59,22,2604.6031778985725
59,21,2704.7863112908685
59,20,2806.7601981976086
59,19,2904.9167156919666
59,18,3221.530321004075
59,17,3309.101481174824
59,16,3397.733909776846
59,15,3514.438069653902
59,14,3692.0484058164934
59,13,3788.200676747291
59,12,3990.842205788302
59,11,4086.6440701950905
59,10,9369.969880116112
59,9,9619.106006893677
59,8,9871.393058545875
59,7,10199.619778611841
59,6,10934.230384046468
59,5,11217.922088973102
59,4,11622.038130449251
59,3,11870.304724907315
59,2,48586.25222397381
59,1,49722.54253161112
60,60,5.235178872520076
60,59,10.503878673654182
60,58,25.097554614921776
60,57,38.352809729538
60,56,68.2045161829041
60,55,82.94622154194545
60,54,96.90110392657085
60,53,114.34685818698064
60,52,131.4119908901201
60,51,146.13839436087198
60,50,176.23506248010787
60,49,201.23958835073603
60,48,223.54198227412542
60,47,241.70036992773694
60,46,387.3264953979178
60,45,417.0554815526973
60,44,448.6733005064078
60,43,480.97394789155607
60,42,512.5383643598025
60,41,555.1774265380265
60,40,589.1522407548521
60,39,624.5399029199057
60,38,660.6700353685503
60,37,695.8685622761373
60,36,866.1384551780826
60,35,901.090235161642
60,34,936.5155114915219
60,33,983.3817440151751
60,32,1032.1708213967909
60,31,1069.820667290634
60,30,1173.2554315944365
60,29,1213.4007479247869
60,28,2135.9198582854788
60,27,2221.810305095394
60,26,2314.39056698617
60,25,2408.6871507496203
60,24,2499.329364175852
60,23,2625.5699830642548
60,22,2734.619669662941
60,21,2837.2170302849963
60,20,2941.6093559036776
60,19,3042.051059725678
60,18,3364.6471263609883
60,17,3454.2090126131598
60,16,3544.8358875540275
60,15,3664.0751613453585
60,14,3851.224267252504
60,13,3949.6476827224305
60,12,4157.048724757631
60,11,4255.045280079321
60,10,9734.507392425618
60,9,9988.728621422762
60,8,10246.111317206194
60,7,10580.659091975282
60,6,11357.77831554545
60,5,11647.979489377958
60,4,12060.788120597714
60,3,12314.65505481242
60,2,50355.05282016746
60,1,51515.908248117805
61,61,5.352100511457195
61,60,10.731115396990177
61,59,25.82662443438068
61,58,39.306726532811574
61,57,69.78985008148801
61,56,84.53100314730821
61,55,99.04918976973563
61,54,116.85471638800342
61,53,133.9978493208325
61,52,149.3147339303484
61,51,179.81736918783457
61,50,205.4505425338572
61,49,232.0130375774244
61,48,249.79098181277664
61,47,268.5866910901916
61,46,429.0239531592946
61,45,459.82734095641445
61,44,492.59568691243555
61,43,526.0477018132349
61,42,558.6918720930253
61,41,602.8304979872008
61,40,638.0448993142096
61,39,674.6004692916924
61,38,711.9004365883263
61,37,748.1994198219302
61,36,923.3232223913316
61,35,959.2656316780732
61,34,995.6868408817605
61,33,1043.8783339866368
61,32,1094.9743730263617
61,31,1133.6791859349855
61,30,1240.250510830244
61,29,1281.4691963229918
61,28,2253.40786337949
61,27,2341.4879685864603
61,26,2436.3979977287577
61,25,2533.026674800398
61,24,2625.86626278447
61,23,2755.0724268170516
61,22,2867.795282677247
61,21,2972.814197167594
61,20,3079.6324064222367
61,19,3182.367021864159
61,18,3510.927789336155
61,17,3602.4900733847694
61,16,3695.121107209959
61,15,3816.9045720740264
61,14,4014.1093815661866
61,13,4114.827635879436
61,12,4327.038411078445
61,11,4427.252470173036
61,10,10106.163279741526
61,9,10365.493111214939
61,8,10627.995142941618
61,7,10968.883340443082
61,6,11790.833135721537
61,5,12087.636836962658
61,4,12509.225125125151
61,3,12768.773680598868
61,2,52160.69912349254
61,1,53346.443981054545
62,62,5.4696349700400955
62,61,10.959966676329095
62,60,26.699970817915183
62,59,40.26646836473025
62,58,56.30998989838777
62,57,88.57460779374952
62,56,101.2433681705649
62,55,119.42118645562746
62,54,136.52721342585832
62,53,152.54094792994042
62,52,182.753886633898
62,51,209.41653573878216
62,50,236.63936852645475
62,49,254.4634303268287
62,48,273.66830508067454
62,47,320.5841448940787
62,46,472.48858916340646
62,45,504.3622966889973
62,44,538.277311073906
62,43,572.8776270699161
62,42,606.5996223257836
62,41,652.2335961815127
62,40,688.7057559752103
62,39,726.4291238979783
62,38,764.8991151342486
62,37,802.2992595138401
62,36,982.2229907593335
62,35,1019.1615393678563
62,34,1056.5838933228163
62,33,1106.1044837973034
62,32,1159.6205761780154
62,31,1199.388111595973
62,30,1309.1162650941735
62,29,1351.415989114306
62,28,2373.933636525345
62,27,2464.207324154039
62,26,2561.4505305312014
62,25,2660.4147315887017
62,24,2755.4556093083947
62,23,2887.628741918545
62,22,3004.1362406950325
62,21,3111.5842609655006
62,20,3220.8360240712777
62,19,3325.8714939761317
62,18,3660.379925249544
62,17,3753.952473593358
62,16,3848.597577815162
62,15,3972.9345215485196
62,14,4180.737621530471
62,13,4283.775191259277
62,12,4500.8476407952185
62,11,4603.302785568559
62,10,10484.952482275485
62,9,10749.414901447051
62,8,11017.060449672825
62,7,11364.308870723718
62,6,12233.520508390744
62,5,12537.023146518308
62,4,12967.460871677444
62,3,13232.774933106368
62,2,54003.48571290851
62,1,55214.45296959674
63,63,5.58773597284754
63,62,11.190377598276909
63,61,27.63741747423759
63,60,41.43298128562894
63,59,72.99885053298165
63,58,87.63908138825636
63,57,103.4093617972125
63,56,121.98002473680478
63,55,139.14488601958223
63,54,155.7373801115508
63,53,185.71303992468057
63,52,212.6608959232653
63,51,240.9915766153822
63,50,259.174697505574
63,49,278.7940098447042
63,48,326.43003936256974
63,47,357.6823379885369
63,46,517.7096447137163
63,45,550.6511175069802
63,44,585.7102246396815
63,43,621.456836178312
63,42,656.2555947395535
63,41,703.3815510560222
63,40,741.1316795845183
63,39,780.023325177483
63,38,819.664051322788
63,37,858.1665187311762
63,36,1042.8397151964982
63,35,1080.7798693980264
63,34,1119.2085675972069
63,33,1170.0621651585193
63,32,1226.1178847315498
63,31,1266.9560746344616
63,30,1379.862252783599
63,29,1423.25085444965
63,28,2497.497035704483
63,27,2589.9683143867646
63,26,2689.5482011978593
63,25,2790.8514487929438
63,24,2888.0976175318337
63,23,3023.2392474784588
63,22,3143.6481481566334
63,21,3253.533016923804
63,20,3365.226194764423
63,19,3472.570646655649
63,18,3813.0102829209345
63,17,3908.6031324577907
63,16,4005.272392598265
63,15,4132.17227948698
63,14,4351.142841386049
63,13,4456.524982119466
63,12,4678.512760702417
63,11,4783.233340161041
63,10,10870.887241368455
63,9,11140.506645374513
63,8,11413.320305395506
63,7,11766.949086495064
63,6,12685.967224680377
63,5,12996.268607813023
63,4,13435.688832789669
63,3,13706.856447555989
63,2,55884.27153378659
63,1,57120.81454626254
64,64,5.861977063033833
64,63,11.70206623539341
64,62,21.231888232161676
64,61,42.68979454739732
64,60,74.5046965884059
64,59,89.42459623849194
64,58,105.47034050073098
64,57,124.46257906990871
64,56,141.1070075020585
64,55,161.6619532862989
64,54,178.9177632246757
64,53,215.9283685579191
64,52,241.1788368974001
64,51,269.44573922429066
64,50,287.21737105443833
64,49,331.926791882357
64,48,363.9485242300032
64,47,396.6217927704519
64,46,564.6784620705095
64,45,598.6863523917
64,44,634.8880136111862
64,43,671.7797866907238
64,42,707.6549671516548
64,41,756.2702770703861
64,40,795.320585625222
64,39,835.3815086816169
64,38,876.1941482649778
64,37,915.8005145056471
64,36,1105.1759621025403
64,35,1144.123171738477
64,34,1183.5634256167796
64,33,1235.7540348814364
64,32,1294.4757191308736
64,31,1336.392697537244
64,30,1452.4990718926608
64,29,1496.9845891483649
64,28,2624.0992228620016
64,27,2718.7722241235388
64,26,2820.6924288730384
64,25,2924.3383798664245
64,24,3023.793968610128
64,23,3161.905786859363
64,22,3286.338325034627
64,21,3398.668025460348
64,20,3512.810720407299
64,19,3622.4725157168423
64,18,3968.827595162756
64,17,4066.451001379218
64,16,4165.15472545164
64,15,4294.627258677732
64,14,4525.362172279546
64,13,4633.1149967600495
64,12,4860.073636950981
64,11,4967.084846264192
64,10,11263.98525772593
64,9,11538.786587861929
64,8,11816.793503479768
64,7,12176.823289243997
64,6,13148.310916755201
64,5,13465.514542989438
64,4,13914.013063612156
64,3,14191.12479729755
64,2,57803.25058744055
64,1,59065.72950795051
65,65,5.83713874853695
65,64,11.635452855969696
65,63,25.837049843581852
65,62,39.867379679223426
65,61,75.86365288790905
65,60,91.54571459529687
65,59,94.00989284651166
65,58,126.79807342742264
65,57,144.35468628142112
65,56,164.82658073995518
65,55,182.30237482638475
65,54,220.00146838755487
65,53,248.12283982505235
65,52,268.71122395175223
65,51,304.24808391396044
65,50,336.4116128664012
65,49,369.8352256790291
65,48,403.3080466203389
65,47,437.3890870584146
65,46,613.3876888429427
65,45,648.4615850506323
65,44,685.8050803373262
65,43,723.8415755744956
65,42,760.7934128237113
65,41,810.8960539505581
65,40,851.2707044541985
65,39,892.502336819035
65,38,934.4884591932097
65,37,975.2006470537195
65,36,1169.2339899418212
65,35,1209.1936814986366
65,34,1249.65070440664
65,33,1303.182402313465
65,32,1364.7033926597792
65,31,1407.70748528159
65,30,1527.0371531623919
65,29,1572.6278132924883
65,28,2753.7404567079006
65,27,2850.6193915379995
65,26,2954.8836390008437
65,25,3060.8760371926055
65,24,3162.5452578863224
65,23,3303.62905429887
65,22,3432.2130284592813
65,21,3546.9957359424684
65,20,3663.596243132374
65,19,3775.5839307049955
65,18,4127.839205334872
65,17,4227.503604745343
65,16,4328.252285032251
65,15,4460.307355288814
65,14,4703.432212831194
65,13,4813.582676166395
65,12,5045.569557241818
65,11,5154.897424523509
65,10,11664.260042431839
65,9,11944.26867441414
65,8,12227.494426829533
65,7,12593.94622483022
65,6,13620.689005463017
65,5,13944.902084780577
65,4,14402.660826160132
65,3,14685.81204289528
65,2,59761.46515602154
65,1,61050.26407184237
66,66,5.962625612482762
66,65,11.859873605143267
66,64,26.724673945123445
66,63,41.127089058232556
66,62,77.29755034284179
66,61,93.69510561042034
66,60,109.39984811379883
66,59,117.93687201679771
66,58,148.49681538921152
66,57,164.46881884797259
66,56,189.95746997919383
66,55,224.3650012092658
66,54,250.2162167579591
66,53,280.73899474215625
66,52,297.39250588170864
66,51,340.92526965435815
66,50,374.6325581571287
66,49,409.58427388031964
66,48,444.49488526307505
66,47,479.9724061494517
66,46,663.8313906359139
66,45,699.9716303202974
66,44,738.4569104515367
66,43,777.638266625646
66,42,815.66748001868
66,41,867.2559613284435
66,40,908.9810607473918
66,39,951.3852201019976
66,38,994.5467485601657
66,37,1036.366998028121
66,36,1235.016520770275
66,35,1275.9941181442684
66,34,1317.4731436815437
66,33,1372.3500952925497
66,32,1436.8110277341827
66,31,1480.9107723870295
66,30,1603.4877940494996
66,29,1650.1920365863443
66,28,2886.421942582517
66,27,2985.511127394306
66,26,3092.123257225965
66,25,3200.4659618142223
66,24,3304.353137318293
66,23,3448.4108382477602
66,22,3581.2797875815827
66,21,3698.5239034969854
66,20,3817.5907453501186
66,19,3931.913094915355
66,18,4290.053903074086
66,17,4391.769946449395
66,16,4494.574292892129
66,15,4629.222021061678
66,14,4885.39230969545
66,13,4997.968274255812
66,12,5235.042759238851
66,11,5346.714211620177
66,10,12071.728993859671
66,9,12356.970827878702
66,8,12645.441526744036
66,7,13018.336824361078
66,6,14103.24834645268
66,5,14434.582061872523
66,4,14901.57666156167
66,3,15190.862521293831
66,2,61757.98574212483
66,1,63073.47413491073
67,67,6.08856438993749
67,66,12.085477973935152
67,65,27.468641291426202
67,64,42.3134759425997
67,63,78.85394113500205
67,62,95.57643878794872
67,61,111.59348688071677
67,60,131.2974518194012
67,59,143.8186981669598
67,58,167.5001658433863
67,57,193.9817653273698
67,56,220.8670334153162
67,55,257.34684666772546
67,54,278.39530494771583
67,53,316.5638087478492
67,52,327.2186938481065
67,51,379.45829315785966
67,50,414.693477468223
67,49,451.15978641323824
67,48,487.4968094357097
67,47,524.3611642549859
67,46,716.0045593667276
67,45,753.2120704578373
67,44,792.8396254320043
67,43,833.1664511881618
67,42,872.274155667503
67,41,925.3474345888741
67,40,968.451023645339
67,39,1012.0298580435533
67,38,1056.3690213756404
67,37,1099.2998474303615
67,36,1302.526195592348
67,35,1344.5271212211194
67,34,1387.033401973156
67,33,1443.259851123208
67,32,1510.8089270847463
67,31,1556.0130739029505
67,30,1681.8624555391996
67,29,1729.688933513968
67,28,3022.1445399744102
67,27,3123.448376701913
67,26,3232.412321619539
67,25,3343.1092853067903
67,24,3449.218828958326
67,23,3596.2524675648438
67,22,3733.5457907610285
67,21,3853.2599213830376
67,20,3974.801826376701
67,19,4091.4678084367447
67,18,4455.479980040904
67,17,4559.258517565599
67,16,4664.1294425704955
67,15,4801.380158729212
67,14,5071.282387847061
67,13,5186.312636841303
67,12,5428.536101735166
67,11,5542.5789805838895
67,10,12486.407873134629
67,9,12776.909288703626
67,8,13070.651526396332
67,7,13450.012230505627
67,6,14596.139015061513
67,5,14934.708637669124
67,4,15411.137194763665
67,3,15706.660413164986
67,2,63794.82948332332
67,1,65137.4202179645
68,68,6.214899145260393
68,67,12.312209857672103
68,66,28.213217513708795
68,65,43.294268084395256
68,64,80.48631924726216
68,63,97.29213961887251
68,62,113.86856900374102
68,61,133.78352848968552
68,60,153.79288015558512
68,59,170.7023814202334
68,58,197.75296762075487
68,57,225.30873407645245
68,56,253.754230967525
68,55,283.2909857089987
68,54,305.0593457440749
68,53,352.5113121713281
68,52,385.4784406804363
68,51,419.8304618043605
68,50,456.5799345834129
68,49,494.5492268524578
68,48,532.3029404976882
68,47,570.545912076652
68,46,769.903036124587
68,45,808.1792179814623
68,44,848.9499781302807
68,43,890.4232707435883
68,42,930.6109105409059
68,41,985.1683316157486
68,40,1029.680391344299
68,39,1074.4363393577923
68,38,1119.9556376457251
68,37,1163.999800928171
68,36,1371.7657631332727
68,35,1414.7954456076748
68,34,1458.3342587089232
68,33,1515.9145284001052
68,32,1586.7078052531685
68,31,1633.0253247884123
68,30,1762.1730249661082
68,29,1811.1306143678878
68,28,3160.9092157469204
68,27,3264.4321895400067
68,26,3375.7519724210406
68,25,3488.8072386967524
68,24,3597.143652214639
68,23,3747.1553642302865
68,22,3889.018462497977
68,21,4011.211418536251
68,20,4135.237320895677
68,19,4254.256106692766
68,18,4624.125934018924
68,17,4729.978018010407
68,16,4836.926639031822
68,15,4976.790884845835
68,14,5261.143804154876
68,13,5378.658076390681
68,12,5626.093984343589
68,11,5742.5370816719105
68,10,12908.312809002115
68,9,13204.10066946648
68,8,13503.141525615094
68,7,13888.98996741458
68,6,15099.516893381973
68,5,15445.441965102731
68,4,15931.381157024864
68,3,16233.246073719356
68,2,65871.68323463242
68,1,67241.78738311704
69,69,6.341573147504701
69,68,12.540013177521656
69,67,29.10928648094629
69,66,44.27625906857173
69,65,82.14694411291204
69,64,98.94818065173344
69,63,116.16346674822553
69,62,136.31453264867508
69,61,156.2127280818636
69,60,173.9739860061941
69,59,200.81250741389593
69,58,229.4665188907376
69,57,264.3637746099006
69,56,285.6463939165708
69,55,317.0363711837203
69,54,348.68893716089224
69,53,391.8152079716843
69,52,426.23892490651116
69,51,462.0271203098888
69,50,500.2792142833731
69,49,539.7415247234002
69,48,578.9036504035396
69,47,618.5182730872277
69,46,825.5234682857609
69,45,864.8701032596905
69,44,906.7853655407287
69,43,949.4064506539619
69,42,990.6757505401674
69,41,1046.7170009647307
69,40,1092.6694734475823
69,39,1138.605236483905
69,38,1185.3074179756795
69,37,1230.4679054476596
69,36,1442.7382438478026
69,35,1486.8021301080632
69,34,1531.378787673997
69,33,1590.3172875590267
69,32,1664.518987504154
69,31,1711.9590846333895
69,30,1844.432038484733
69,29,1894.529853729279
69,28,3302.7174193466717
69,27,3408.4641089374013
69,26,3522.1438535200027
69,25,3637.5615677013757
69,24,3748.1294522157746
69,23,3901.1214898515873
69,22,4047.7059288961914
69,21,4172.386739749169
69,20,4298.905794042082
69,19,4420.286769807299
69,18,4796.00102422787
69,17,4903.937924274585
69,16,5012.97557896179
69,15,5155.464126548553
69,14,5455.0200320754875
69,13,5575.049072472826
69,12,5827.763081420382
69,11,5946.636192048639
69,10,13337.461839731077
69,9,13638.563531536241
69,8,13942.930612687178
69,7,14335.289597817702
69,6,15613.545738568104
69,5,15966.950307131006
69,4,16462.5751628391
69,3,16770.891773387637
69,2,67989.74874696435
69,1,69387.80483862049
70,70,6.468527604496448
70,69,12.768829390320589
70,68,30.06929300181127
70,67,45.47527338715458
70,66,83.78685357818831
70,65,100.65286473486206
70,64,118.41473240361393
70,63,138.8029948313727
70,62,158.73635618217028
70,61,177.2097957297512
70,60,203.88388354008168
70,59,232.83350474680995
70,58,269.20588329863466
70,57,290.58645149975996
70,56,322.38061088197804
70,55,354.8201837472849
70,54,387.90216968164435
70,53,432.94921068929773
70,52,468.82237633593724
70,51,506.0353007501932
70,50,545.7800183338458
70,49,586.7268056072047
70,48,627.2903186150418
70,47,668.2707203634003
70,46,882.8630513480397
70,45,923.2822286902011
70,44,966.3435907476495
70,43,1010.1140665187085
70,42,1052.466985215195
70,41,1109.992047976626
70,40,1157.4188555590047
70,39,1204.5373668795999
70,38,1252.4254004797526
70,37,1298.7054012612434
70,36,1515.4466613424688
70,35,1560.5502198032375
70,34,1606.1700703928902
70,33,1666.4712929730567
70,32,1744.254108434521
70,31,1792.8262273483074
70,30,1928.6523473414552
70,29,1979.8997472129658
70,28,3447.5704589176503
70,27,3555.5455266643285
70,26,3671.589446382418
70,25,3789.373844397541
70,24,3902.1778901017597
70,23,4058.152606330652
70,22,4209.616252343673
70,21,4336.794156175327
70,20,4465.815727340568
70,19,4589.568484945896
70,18,4971.114361661983
70,17,5081.147558529991
70,16,5192.285798434333
70,15,5337.4096412099225
70,14,5652.955682771847
70,13,5775.53127141531
70,12,6033.591296845857
70,11,6154.925249459304
70,10,13773.872362100556
70,9,14080.315774742234
70,8,14390.037194052155
70,7,14788.929975263114
70,6,16138.394482009178
70,5,16499.407279060597
70,4,17004.741511536206
70,3,17319.621408831234
70,2,70148.57586197244
70,1,71575.01942918914
71,71,6.111305736488678
71,70,13.555497524579803
71,69,21.29178168151236
71,68,46.76608484425796
71,67,64.81124093415355
71,66,105.39279774099244
71,65,120.55738168872433
71,64,141.15934217298795
71,63,154.93870045711674
71,62,183.35327724273915
71,61,202.46422159220387
71,60,236.21178233716748
71,59,266.83333975288605
71,58,298.7198613087561
71,57,320.74237439198396
71,56,360.5514171304171
71,55,394.4505256857447
71,54,428.94556458030627
71,53,475.89737860893405
71,52,513.215521047046
71,51,551.8434646833375
71,50,593.0722493992911
71,49,635.4962076384462
71,48,677.4551753855081
71,47,719.7964412278757
71,46,941.9193946255895
71,45,983.4134485087045
71,44,1027.622753769131
71,43,1072.5444436111027
71,42,1115.983133931416
71,41,1174.9922459521401
71,40,1223.9293148426464
71,39,1272.2337116537997
71,38,1321.310761740831
71,37,1368.7136447544758
71,36,1589.8939768192106
71,35,1636.042698612628
71,34,1682.7111269761174
71,33,1744.3796420682493
71,32,1825.9250487423521
71,31,1875.638876715328
71,30,2014.847051250975
71,29,2067.253643512118
71,28,3595.4693594674586
71,27,3705.677538425841
71,26,3824.0899220609213
71,25,3944.245315984063
71,24,4059.2902886478255
71,23,4218.2501172098555
71,22,4374.7572696024135
71,21,4504.441699859808
71,20,4635.975349618599
71,19,4762.109673759244
71,18,5149.4747279596795
71,17,5261.61590420927
71,16,5374.866485188132
71,15,5522.6368244865835
71,14,5854.99635960254
71,13,5980.151339248189
71,12,6243.627614050061
71,11,6367.454300943871
71,10,14217.560648500372
71,9,14529.374145622896
71,8,14844.478493628356
71,7,15249.928732105058
71,6,16674.236957660843
71,5,17042.99157914424
71,4,17558.16951606541
71,3,17879.730476477413
71,2,72349.47701824638
71,1,73804.77364147728
72,72,6.625102733219804
72,71,14.078969645727561
72,70,24.671164257578397
72,69,35.377473750672486
72,68,66.4574314430834
72,67,107.28447762294817
72,66,125.02072477106267
72,65,143.72425883892362
72,64,165.19299026255226
72,63,184.5995816039214
72,62,209.1440933781127
72,61,228.88359216865527
72,60,270.51833743196124
72,59,303.9352871378732
72,58,326.039776642446
72,57,365.14697920354763
72,56,400.567018596858
72,55,435.909112259908
72,54,471.8033124833116
72,53,520.6456960909079
72,52,559.4067430633637
72,51,599.4415019746989
72,50,642.1470599495653
72,49,686.0419736017344
72,48,729.3914322179893
72,47,773.0895018294702
72,46,1002.6907766898447
72,45,1045.2622510547653
72,44,1090.6215594152914
72,43,1136.6964887492932
72,42,1181.2232797399267
72,41,1241.7169167183079
72,40,1292.2022230269379
72,39,1341.6958395914257
72,38,1391.9652615546822
72,37,1440.4945728291825
72,36,1666.0836486082596
72,35,1713.2830648694212
72,34,1761.0055080846978
72,33,1824.0459794205221
72,32,1909.5445894831905
72,31,1960.4100787075188
72,30,2103.0302224816564
72,29,2156.6058874901414
72,28,3746.41612994723
72,27,3858.86225058938
72,26,3979.6474905316218
72,25,4102.17829733353
72,24,4219.469066166102
72,23,4381.416558746602
72,22,4543.138140573929
72,21,4675.338759097694
72,20,4809.394279612172
72,19,4937.920180291524
72,18,5331.092404058111
72,17,5445.35347475066
72,16,5560.728387875032
72,15,5711.156672469649
72,14,6061.1908007820275
72,13,6188.959151425458
72,12,6457.924385143435
72,11,6584.276838749707
72,10,14668.546902276139
72,9,14985.759404409313
72,8,15306.275832625724
72,7,15718.307704555506
72,6,17221.258146935957
72,5,17597.893379537094
72,4,18123.123160335705
72,3,18451.488741068173
72,2,74593.5447856223
72,1,76078.18588754156
73,73,7.336899871112741
73,72,14.405759736940185
73,71,25.941116870439057
73,70,37.20525494315674
73,69,49.368151662862445
73,68,88.93493612129004
73,67,130.4982695759514
73,66,148.75289992802047
73,65,168.07998795219643
73,64,190.38469266679678
73,63,212.56563416249455
73,62,232.56127627938815
73,61,275.1259558238797
73,60,306.76587013496254
73,59,334.9160133296994
73,58,357.65207728572756
73,57,405.46613922772906
73,56,442.4087025852549
73,55,479.17972195207653
73,54,516.4612850984416
73,53,567.1815739575839
73,52,607.3856151988952
73,51,648.8202796450822
73,50,692.9964083642569
73,49,738.3570077808002
73,48,783.092835930433
73,47,828.1443946598097
73,46,1065.175588383213
73,45,1108.827189064544
73,44,1155.3387317951845
73,43,1202.5690872346863
73,42,1248.1864483778284
73,41,1310.1652827906225
73,40,1362.238876746366
73,39,1412.9252148425267
73,38,1464.3905270923908
73,37,1514.0499640507844
73,36,1744.0187891919725
73,35,1792.2744632876554
73,34,1841.056401702974
73,33,1905.4735706594915
73,32,1995.125454769472
73,31,2047.1528179622012
73,30,2193.215850056032
73,29,2247.9707367003844
73,28,3900.411850821828
73,27,4015.1008090383425
73,26,4138.263366466017
73,25,4263.174072725628
73,24,4382.715576888469
73,23,4547.653355535495
73,22,4714.767022708254
73,21,4849.493683678236
73,20,4986.081061039562
73,19,5117.00873874657
73,18,5515.97643222407
73,17,5632.369515624978
73,16,5749.880957495245
73,15,5902.978844070706
73,14,6271.587833357237
73,13,6402.00468239748
73,12,6676.53408525477
73,11,6805.446491168725
73,10,15126.847686812804
73,9,15449.4885872374
73,8,15775.446723120704
73,7,16194.084809194848
73,6,17779.64564273927
73,5,18164.305608692106
73,4,18699.687286305332
73,3,19034.98402422251
73,2,76880.6879147759
73,1,78395.1700518847
74,74,7.636829557242981
74,73,14.974400202883292
74,72,27.241443832095417
74,71,38.91218372894567
74,70,51.69116411135205
74,69,65.1294940939219
74,68,114.02774933919972
74,67,154.91718709229133
74,66,170.60447236303662
74,65,193.04010219915483
74,64,220.66544624846483
74,63,239.8037525756512
74,62,280.12528037175065
74,61,311.75775624107456
74,60,344.92197303517656
74,59,367.0233036835233
74,58,390.39615868250826
74,57,447.60952272236676
74,56,486.06009231445995
74,55,524.2480978449502
74,54,562.9070194252247
74,53,615.4938971386802
74,52,657.1430075114974
74,51,699.9718025056618
74,50,745.6132656491346
74,49,792.4351246590168
74,48,838.5539560398636
74,47,884.9563619276474
74,46,1129.3727889079582
74,45,1174.1073652101031
74,44,1221.7735295593006
74,43,1270.1616471059408
74,42,1316.8721798324484
74,41,1380.3370741259637
74,40,1434.0411339550485
74,39,1485.9238615841384
74,38,1538.5887458561451
74,37,1589.3821586959245
74,36,1823.7030149892903
74,35,1873.0205588662986
74,34,1922.8675315606847
74,33,1988.666233668168
74,32,2082.68129926955
74,31,2135.881032011578
74,30,2285.4189299148325
74,29,2341.363479710013
74,28,4057.458589795605
74,27,4174.395373511516
74,26,4299.93980655203
74,25,4427.234997055101
74,24,4549.032273313991
74,23,4716.9630673498095
74,22,4889.653403353991
74,21,5026.916186158212
74,20,5166.045633767372
74,19,5299.385511666742
74,18,5704.137360916754
74,17,5822.67480863117
74,16,5942.335211722663
74,15,6098.1146036805885
74,14,6486.23956563041
74,13,6619.341267109947
74,12,6899.512719815947
74,11,7031.020498411966
74,10,15592.48349338021
74,9,15920.582739229136
74,8,16252.012768113162
74,7,16677.282157808408
74,6,18349.59889208052
74,5,18742.43340635689
74,4,19288.08085109412
74,3,19630.44058919441
74,2,79211.66088068786
74,1,80756.50153830524
75,75,7.941556840723871
75,74,15.554105568047062
75,73,28.700145380077153
75,72,40.658172100737524
75,71,53.85433251606212
75,70,67.96157855256355
75,69,82.53794010760514
75,68,157.2571975105671
75,67,176.82790061596396
75,66,196.3814263756926
75,65,219.6171765449349
75,64,254.92275250134813
75,63,268.1806869363102
75,62,317.172266466599
75,61,350.29624958445095
75,60,384.95854211879384
75,59,400.25690815228154
75,58,452.8931080413243
75,57,491.5605047820622
75,56,531.5066705566338
75,55,571.1015242995478
75,54,611.1293329179114
75,53,665.5726528854279
75,52,708.6707343752685
75,51,752.8888711779086
75,50,799.9912773854412
75,49,848.270710520281
75,48,895.7698437409133
75,47,943.5210494185487
75,46,1195.2814877531314
75,45,1241.1020037974881
75,44,1289.9253054406256
75,43,1339.4736454324163
75,42,1387.2800612588676
75,41,1452.2320413861653
75,40,1507.6109112437803
75,39,1560.6938448025453
75,38,1614.5621293393162
75,37,1666.4935056979295
75,36,1905.1398190168427
75,35,1955.52489136648
75,34,2006.4424933397
75,33,2073.6276509955464
75,32,2172.2260017944222
75,31,2226.6088860096997
75,30,2379.654687749298
75,29,2436.799639065928
75,28,4217.557987071962
75,27,4336.7476604770845
75,26,4464.678606851945
75,25,4594.362947001091
75,24,4718.4211131408665
75,23,4889.3477350195635
75,22,5067.806386818609
75,21,5207.615579077922
75,20,5349.297520469936
75,19,5485.060228109713
75,18,5895.5852356012165
75,17,6016.279619484735
75,16,6138.1016388521675
75,15,6296.574668233976
75,14,6705.199178698895
75,13,6841.023347123388
75,12,7126.917475455616
75,11,7261.057318862958
75,10,16065.473206975063
75,9,16399.061260343577
75,8,16735.99388613716
75,7,17167.92012610358
75,6,18931.32308884757
75,5,19332.487892091995
75,4,19888.546370986922
75,3,20238.106737533813
75,2,81587.34567666287
75,1,83163.0858561947
76,76,8.269195800952136
76,75,16.11251884925165
76,74,28.206643203042525
76,73,42.61662583101967
76,72,56.064193814978964
76,71,70.59250312970745
76,70,85.88699218507942
76,69,101.49639844459746
76,68,183.1139593757935
76,67,203.19936516450267
76,66,223.27697124715888
76,65,247.30135859704455
76,64,291.1829774241009
76,63,297.6879984998985
76,62,356.1236533222796
76,61,390.71289869183454
76,60,406.5058443537484
76,59,430.56078955076197
76,58,497.14648907062775
76,57,537.3044445117987
76,56,578.7355942421783
76,55,619.7287022909763
76,54,661.1182484457156
76,53,717.408891723435
76,52,761.9615509474799
76,51,807.5651083682528
76,50,856.1248155087604
76,49,905.8587978597917
76,48,954.736126809087
76,47,1003.8346200185605
76,46,1262.9011199248353
76,45,1309.8106393616195
76,44,1359.7937081448943
76,43,1410.5048430143313
76,42,1459.4099536061156
76,41,1525.8501976192617
76,40,1582.9504386082722
76,39,1637.2375370022417
76,38,1692.313191602535
76,37,1745.3866525261258
76,36,1988.3329165877171
76,35,2039.7912303505193
76,34,2091.785119256166
76,33,2160.3617473512636
76,32,2263.7740746609616
76,31,2319.3511928912335
76,30,2475.9390303628234
76,29,2534.295434034476
76,28,4380.712027258826
76,27,4502.15973811236
76,26,4632.481922580027
76,25,4764.560165945464
76,24,4890.88442822678
76,23,5064.809782614298
76,22,5249.235632111777
76,21,5391.601739826063
76,20,5535.846818987668
76,19,5674.043202357933
76,18,6090.330698835525
76,17,6213.194821218703
76,16,6337.191344750268
76,15,6498.37038486882
76,14,6928.522258048028
76,13,7067.107831426919
76,12,7358.8081427355555
76,11,7495.618081014935
76,10,16545.83712444025
76,9,16884.944988203377
76,8,17227.41145946706
76,7,17666.020585905408
76,6,19525.03313618064
76,5,19934.690224325517
76,4,20501.22634036661
76,3,20858.129357953156
76,2,84007.95826553041
76,1,85615.15176522166
77,77,8.601784697038141
77,76,16.68003548347033
77,75,29.714651065647764
77,74,42.34345126283233
77,73,58.53909663792343
77,72,73.27672713536559
77,71,88.99185405988426
77,70,105.36619729588027
77,69,121.92780491289602
77,68,210.0815356441841
77,67,230.67408649628177
77,66,251.27245299136928
77,65,276.07905157461624
77,64,302.7113801318513
77,63,323.8693174810672
77,62,396.9503994374292
77,61,432.9828613849953
77,60,441.1943652021319
77,59,465.8851846906831
77,58,543.1903778405771
77,57,584.8283116942187
77,56,627.7353670571525
77,55,670.1194579075091
77,54,712.8647297920124
77,53,770.9944742691752
77,52,817.008914696194
77,51,863.9947300988932
77,50,914.008754773642
77,49,965.1948443232106
77,48,1015.4487895025807
77,47,1065.8935329358635
77,46,1332.231192390224
77,45,1380.2328582958826
77,44,1431.3784181402038
77,43,1483.2550137147118
77,42,1533.2617143674145
77,41,1601.1915311849232
77,40,1660.0619644306373
77,39,1715.5573148475282
77,38,1771.8444372444894
77,37,1826.0642246795228
77,36,2073.285889233899
77,35,2125.8232094660707
77,34,2178.8991026946846
77,33,2248.872301784683
77,32,2357.3402722472033
77,31,2414.1230122475627
77,30,2574.28811813758
77,29,2633.867342921129
77,28,4546.922249466311
77,27,4670.633214381432
77,26,4803.351432562098
77,25,4937.828404484951
77,24,5066.424042176662
77,23,5243.351103492716
77,22,5433.950408013359
77,21,5578.884139904822
77,20,5725.703205437268
77,19,5866.344311961735
77,18,6288.383893490704
77,17,6413.430775021758
77,16,6539.614911108958
77,15,6703.512559826364
77,14,7156.2656318382515
77,13,7297.652912861948
77,12,7595.245887000578
77,11,7734.765333079234
77,10,17033.593966055658
77,9,17378.253147879732
77,8,17726.285221481463
77,7,18171.603712511544
77,6,20130.950568524673
77,5,20549.268469290873
77,4,21126.507706435867
77,3,21490.90367483454
77,2,86475.23682725019
77,1,88114.47645568658
78,78,8.783305327075901
78,77,19.273824270922116
78,76,31.11473316772474
78,75,44.36831324971214
78,74,58.49433157796235
78,73,76.27576172283302
78,72,92.1556832395768
78,71,108.9475538714331
78,70,126.31931937021466
78,69,143.7704441931476
78,68,238.13639598706047
78,67,259.234889591589
78,66,280.35492253457033
78,65,305.94074256318254
78,64,333.66930207840795
78,63,355.39430349721306
78,62,439.6273779391981
78,61,477.0845149853942
78,60,477.00991400218015
78,59,502.34327202137735
78,58,591.0117251379028
78,57,634.1206154624774
78,56,678.4958237877448
78,55,722.2647742951542
78,54,766.3607543343111
78,53,826.3221787295691
78,52,873.8071252031044
78,51,922.1727142305847
78,50,973.6386676852715
78,49,1026.2749523148507
78,48,1077.9044152237484
78,47,1129.6948081601265
78,46,1403.2716400502477
78,45,1452.3686719159875
78,44,1504.679538403386
78,43,1557.7243527321018
78,42,1608.8356224779693
78,41,1678.2564525584137
78,40,1738.948221603608
78,39,1795.6560429269766
78,38,1853.1588628949658
78,37,1908.5293441660278
78,36,2160.0027841496676
78,35,2213.6249411415024
78,34,2267.7886283927414
78,33,2339.163598548181
78,32,2452.940288706509
78,31,2510.9403652432516
78,30,2674.719129207747
78,29,2735.532885337085
78,28,4716.191065143369
78,27,4842.170591552754
78,26,4977.28973313249
78,25,5114.1703542308705
78,24,5245.042742291455
78,23,5424.97458481677
78,22,5621.961175520376
78,21,5769.473470406082
78,20,5918.877603282926
78,19,6061.9747085713925
78,18,6489.7563001984945
78,17,6616.9992047293745
78,16,6745.38430732741
78,15,6912.013418953084
78,14,7388.489552688432
78,13,7532.720295292649
78,12,7836.295571551036
78,11,7978.565411346583
78,10,17528.765864923047
78,9,17879.00844354133
78,8,18232.63845159255
78,7,18684.693311886425
78,6,20749.30991699192
78,5,21176.464113119866
78,4,21764.45589427484
78,3,22136.498705351398
78,2,88988.85751953724
78,1,90660.74137280964
79,79,9.101837777805047
79,78,20.348450763166298
79,77,32.53904328545472
79,76,46.24361114390647
79,75,61.052745685806634
79,74,76.46383397442126
79,73,95.68024521692709
79,72,112.5926665623695
79,71,130.37724063595812
79,70,148.68268959753829
79,69,166.97444080595463
79,68,267.26289516220527
79,67,288.87010090710044
79,66,310.51538198342615
79,65,336.87977455431155
79,64,365.7457801366455
79,63,388.0433733167399
79,62,484.13263817228847
79,61,522.9988393274853
79,60,513.9553013856887
79,59,539.9379218426803
79,58,640.5988711272371
79,57,685.1710279787237
79,56,731.0077753770231
79,55,776.1564519574514
79,54,821.5989828988564
79,53,883.3853669991594
79,52,932.3509912122006
79,51,982.094464944036
79,50,1035.0104828148087
79,49,1089.0955190411805
79,48,1142.0998274463682
79,47,1195.2356571074515
79,46,1476.0223832272623
79,45,1526.2180607832458
79,44,1579.6971243193232
79,43,1633.9129915476733
79,42,1686.1318786234638
79,41,1757.045274231809
79,40,1819.6118903824572
79,39,1877.5365197129804
79,38,1936.2593859042297
79,37,1992.7850414722484
79,36,2248.4874527440907
79,35,2303.2003378768136
79,34,2358.457676361548
79,33,2431.2397083336687
79,32,2550.5900212837223
79,31,2609.8194800219626
79,30,2777.249455131062
79,29,2839.309799111191
79,28,4888.520299705541
79,27,5016.773767725628
79,26,5154.2987966471
79,25,5293.5880627277775
79,24,5426.742652779425
79,23,5609.682423392675
79,22,5813.277844847237
79,21,5963.379852051308
79,20,6115.380345792728
79,19,6260.944934803842
79,18,6694.45871777771
79,17,6823.911136640911
79,16,6954.510789354081
79,15,7123.884453304055
79,14,7625.255497341189
79,13,7772.372951318763
79,12,8082.023427566263
79,11,8227.086069125717
79,10,18031.372882119915
79,9,18387.23146158835
79,8,18746.492265256584
79,7,19205.31096581443
79,6,21380.352746576657
79,5,21816.525988800935
79,4,22415.450079262708
79,3,22795.302120487246
79,2,91550.43909023992
79,1,93255.60350834222
80,80,9.625503394129423
80,79,18.434067435038987
80,78,34.13369016667521
80,77,48.15080060673427
80,76,63.41721095901331
80,75,79.56415681815594
80,74,96.10310141855165
80,73,116.63978167871623
80,72,134.50294629193226
80,71,153.21559359496354
80,70,172.40513793669655
80,69,191.49920880453146
80,68,297.4508005382366
80,67,319.57193660530544
80,66,341.7477161145539
80,65,368.89163565537825
80,64,398.939778604931
80,63,421.8160831394375
80,62,530.4470238451455
80,61,521.2182744927302
80,60,547.2017727103521
80,59,648.6673384847492
80,58,691.9415095328435
80,57,737.9703970976268
80,56,785.2630629974874
80,55,831.7871990707455
80,54,878.5728819697783
80,53,942.1781365446698
80,52,992.6360092734259
80,51,1043.7560157971782
80,50,1098.1207110111156
80,49,1153.6534847985265
80,48,1208.0323588590509
80,47,1262.513771755759
80,46,1550.4837071662369
80,45,1601.7813702121514
80,44,1656.4315959500802
80,43,1711.8214269450596
80,42,1765.1510502288206
80,41,1837.55867699969
80,40,1902.0560837736066
80,39,1961.2019801641557
80,38,2021.1493642938185
80,37,2078.834792158962
80,36,2338.7441658683815
80,35,2394.5537426832834
80,34,2450.910667756401
80,33,2525.105154682822
80,32,2650.3062865340585
80,31,2710.7775251294242
80,30,2881.8974835546687
80,29,2945.216841045716
80,28,5063.912535920026
80,27,5194.44541654656
80,26,5334.381390189076
80,25,5476.084391657349
80,24,5611.526730715895
80,23,5797.477673599725
80,22,6007.911382145067
80,21,6160.614484512382
80,20,6315.222868510486
80,19,6463.266658042421
80,18,6902.503121518708
80,17,7034.178794487681
80,16,7167.006831675065
80,15,7339.138399209907
80,14,7866.628385950741
80,13,8016.677387285903
80,12,8332.499415903632
80,11,8480.398884123902
80,10,18541.438030732064
80,9,18902.945795742155
80,8,19267.870841107146
80,7,19733.4813895283
80,6,22024.334149675567
80,5,22469.716920187897
80,4,23079.651004945532
80,3,23467.48014466188
80,2,94160.20459182031
80,1,95899.30220966441
81,81,7.533589949840132
81,80,19.392449806672175
81,79,29.758835615155167
81,78,50.289291902330405
81,77,65.82005071030088
81,76,82.42429674829384
81,75,99.74810500512248
81,74,117.29767882651568
81,73,139.06652448328393
81,72,157.81959875903982
81,71,177.41030800559597
81,70,197.44517543524603
81,69,217.31145136731752
81,68,328.6935302985761
81,67,351.3352753764721
81,66,374.04780546512467
81,65,401.97329734956656
81,64,433.2514952008139
81,63,456.71300063300066
81,62,578.5536138678549
81,61,559.6193561945099
81,60,586.247211290672
81,59,700.3737704710376
81,58,745.0303247711634
81,57,792.5103993496305
81,56,841.2542205764685
81,55,889.1502997476125
81,54,937.2763940144761
81,53,1002.694982295154
81,52,1054.658021659537
81,51,1107.1536812661604
81,50,1162.9660878184202
81,49,1219.9459647213664
81,48,1275.6994719891989
81,47,1331.5269333377917
81,46,1626.6557954733125
81,45,1679.0588297664654
81,44,1734.8832424634086
81,43,1791.450009970161
81,42,1845.8935453761217
81,41,1919.79716315459
81,40,1986.283783078972
81,39,2046.6555141859844
81,38,2107.831997808999
81,37,2166.6819011022403
81,36,2430.7769246533235
81,35,2487.689222858292
81,34,2545.1517414708123
81,33,2620.764168130121
81,32,2752.1060564163668
81,31,2813.8318279068003
81,30,2988.681767249966
81,29,3053.272937460317
81,28,5242.36961090157
81,27,5375.187444666562
81,26,5517.539490641773
81,25,5661.661388978408
81,24,5799.397097129242
81,23,5988.3625220995455
81,22,6205.872024150052
81,21,6361.187814832995
81,20,6518.415830859373
81,19,6668.950747200858
81,18,7113.900606900867
81,17,7247.8135032164055
81,16,7382.883990812608
81,15,7557.78704953084
81,14,8112.674351074929
81,13,8265.70137145432
81,12,8587.79486994481
81,11,8738.576861559328
81,10,19058.981730399537
81,9,19426.172391782507
81,8,19796.7956548334
81,7,20269.22652395862
81,6,22681.51676551102
81,5,23136.30763706063
81,4,23757.419451738104
81,3,24153.40218793411
81,2,96819.58322207855
81,1,98593.30330753337
82,82,8.011721613348646
82,81,16.054467556694412
82,80,31.169553825527093
82,79,42.74940991400412
82,78,68.51504582644351
82,77,85.32824872645318
82,76,103.10550112915406
82,75,121.48648829204024
82,74,139.95861490737815
82,73,162.89133172380573
82,72,182.48930297090035
82,71,202.91918942777022
82,70,223.76895683652603
82,69,244.38372239710387
82,68,360.98709849935636
82,67,384.15695658973766
82,66,407.4130572751049
82,65,436.1229101253121
82,64,468.68217400769987
82,63,492.73559468187005
82,62,628.4375175116625
82,61,599.1561245524932
82,60,626.4353588172613
82,59,753.8229887698809
82,58,799.8570293438214
82,57,848.7836140745632
82,56,898.974581295927
82,55,948.2397494798806
82,54,997.7040990585208
82,53,1064.930984483812
82,52,1118.4134272928497
82,51,1172.2842891857454
82,50,1229.543826855904
82,49,1287.9705224472218
82,48,1345.0990521922904
82,47,1402.2733240504083
82,46,1704.539130968572
82,45,1758.0509694190775
82,44,1815.0526544434133
82,43,1872.7993944670245
82,42,1928.3600768549372
82,41,2003.761541388359
82,40,2072.2983418204235
82,39,2133.900587453487
82,38,2196.310865802773
82,37,2256.3300567564797
82,36,2524.5900914222275
82,35,2582.6112160620837
82,34,2641.18541557991
82,33,2718.221368050159
82,32,2856.0071931492907
82,31,2919.0006265604497
82,30,3097.6218254627474
82,29,3163.49800364205
82,28,5423.893984850798
82,27,5559.002396465931
82,26,5703.775728018132
82,25,5850.321771353581
82,24,5990.356556792015
82,23,6182.339859004088
82,22,6407.170909006307
82,21,6565.111210426023
82,20,6724.9708318470775
82,19,6878.009029323238
82,18,7328.663268569106
82,17,7464.827604284661
82,16,7602.154857266619
82,15,7779.843253130585
82,14,8363.462996395181
82,13,8519.516238894283
82,12,8847.98489833245
82,11,9001.696883008733
82,10,19584.026865588745
82,9,19956.934705661042
82,8,20333.290738091044
82,7,20812.57092335966
82,6,23352.177415223694
82,5,23816.583565446963
82,4,24448.95414250844
82,3,24853.273538096182
82,2,99528.97923723087
82,1,101338.03245271815
83,83,7.530254215737082
83,82,16.976316466071292
83,81,26.463901490740675
83,80,44.621160517297504
83,79,57.15858693377172
83,78,88.58446139389959
83,77,106.5112053052693
83,76,125.3395174449254
83,75,144.68798914057285
83,74,164.01602914511082
83,73,188.05923016820873
83,72,208.4692070555255
83,71,229.7079338498991
83,70,251.3486780575968
83,69,272.6932540872461
83,68,394.3292989086953
83,67,418.0351854842432
83,66,441.84195674870386
83,65,471.3394575986706
83,64,505.2338308852501
83,63,529.8860057156354
83,62,680.0855072578734
83,61,639.8330093849642
83,60,667.7705767280033
83,59,809.006632810529
83,58,856.4141323601408
83,57,906.7833044506621
83,56,958.4180671169885
83,55,1009.0500506655043
83,54,1059.8510138160802
83,53,1128.8816050155149
83,52,1183.8989778242171
83,51,1239.1449749332874
83,50,1297.8514103610805
83,49,1357.7249560044252
83,48,1416.2291885183329
83,47,1474.7513023410693
83,46,1784.1342336743116
83,45,1838.7583501533966
83,44,1896.9404465140906
83,43,1955.870251497923
83,42,2012.551368592286
83,41,2089.4526222160353
83,40,2160.1031720501587
83,39,2222.9407186160556
83,38,2286.5895951535313
83,37,2347.782990099942
83,36,2620.188010545058
83,35,2679.3241418916605
83,34,2739.016189584577
83,33,2817.481352764046
83,32,2962.028039703287
83,31,3026.30265142206
83,30,3208.7376996588473
83,29,3275.9124899946814
83,28,5608.4879159619495
83,27,5745.892607623215
83,26,5893.092516165045
83,25,6042.068031699552
83,24,6184.407683628949
83,23,6379.412332912032
83,22,6611.8190996786425
83,21,6772.395957580456
83,20,6934.8993833519335
83,19,7090.45323871783
83,18,7546.803078241797
83,17,7685.233312042238
83,16,7824.831890183694
83,15,8005.319721410042
83,14,8619.066244729791
83,13,8778.195720297876
83,12,9113.147174085134
83,11,9269.838477238858
83,10,20116.595765702452
83,9,20495.25562448011
83,8,20877.379539792342
83,7,21363.538540401634
83,6,24036.6042034821
83,5,24510.841892479377
83,4,25154.603701237924
83,3,25567.451810695842
83,2,102289.67041490848
83,1,104134.80372189934
84,84,7.476215957111537
84,83,16.725046673701165
84,82,27.843886686449345
84,81,38.502912186616065
84,80,59.491886460994294
84,79,72.81232526744137
84,78,110.32816831299186
84,77,129.24452801429192
84,76,149.0329965651434
84,75,169.28124198638497
84,74,189.4144840144089
84,73,214.5261239511062
84,72,235.72462980793105
84,71,257.74848711272233
84,70,280.16138825538394
84,69,302.22109009818985
84,68,428.71920597616594
84,67,452.96918340329324
84,66,477.33381903609217
84,65,507.62258496398226
84,64,542.909138645316
84,63,568.1669667759571
84,62,648.7632488224463
84,61,675.9986035106837
84,60,818.8844802444785
84,59,865.9172161321733
84,58,914.694905320066
84,57,966.5034041811602
84,56,1019.5791934154138
84,55,1071.5762329855395
84,54,1123.7126259107852
84,53,1194.542734149072
84,52,1251.1118358119836
84,51,1307.733249895501
84,50,1367.8866672397971
84,49,1429.207384861013
84,48,1489.0882691801582
84,47,1548.9595063482584
84,46,1865.4418001882011
84,45,1921.1817089273784
84,44,1980.5474081822701
84,43,2040.66342605597
84,42,2098.4683179395897
84,41,2176.8713877200644
84,40,2249.7019215038354
84,39,2313.779662445199
84,38,2378.67204944191
84,37,2441.044669579519
84,36,2717.575231508314
84,35,2777.8326300067683
84,34,2838.648777680933
84,33,2918.5489397100764
84,32,3070.1876938879577
84,31,3135.757405378947
84,30,3322.050252490331
84,29,3390.5376877229737
84,28,5796.1539383407035
84,27,5935.860695173824
84,26,6085.492555850967
84,25,6236.902955461193
84,24,6381.553349587623
84,23,6579.582897096724
84,22,6819.828152740387
84,21,6983.053844512047
84,20,7148.2135076127615
84,19,7306.295628268516
84,18,7768.332537350452
84,17,7909.043378627674
84,16,8050.928094620982
84,15,8234.229721587948
84,14,8879.5592179459
84,13,9041.816841660704
84,12,9383.362876673194
84,11,9543.084782479364
84,10,20656.711950282748
84,9,21041.15924529501
84,8,21429.086738822316
84,7,21922.154582097468
84,6,24735.099337145544
84,5,25219.394466148136
84,4,25874.71355565032
84,3,26296.291670319482
84,2,105102.87005488614
84,1,106984.86677766439
85,85,7.802388028963233
85,84,16.919600344348357
85,83,27.74004821649991
85,82,40.3526401029405
85,81,51.949294908683086
85,80,75.60287120381125
85,79,89.58756148338132
85,78,133.61850345116468
85,77,153.43293877791808
85,76,174.1133190652758
85,75,195.20990975087608
85,74,216.10959763089835
85,73,242.25634897496187
85,72,264.2273206942381
85,71,287.01777917395975
85,70,310.1880546953449
85,69,332.951387678757
85,68,464.1568012628405
85,67,488.9589106966551
85,66,513.8885783907596
85,65,544.9724388720927
85,64,581.7113048976797
85,63,607.5817043093392
85,62,690.9277311999804
85,61,718.7937007544588
85,60,876.1740955273171
85,59,924.5480078787555
85,58,974.6932799150711
85,57,1027.938427961546
85,56,1082.4529895921278
85,55,1135.8137824307066
85,54,1189.2848297375351
85,53,1261.9106303525023
85,52,1320.0495191147872
85,51,1378.0469493107394
85,50,1439.647723432016
85,49,1502.4162022048308
85,48,1563.6749353805596
85,47,1624.896808884945
85,46,1948.4626598708853
85,45,2005.3219142391024
85,44,2065.8744586914167
85,43,2127.1798911265846
85,42,2186.111948910466
85,41,2266.018943595989
85,40,2341.0984253763495
85,39,2406.421360552408
85,38,2472.562278558939
85,37,2536.1192496277413
85,36,2816.756454515931
85,35,2878.141464213875
85,34,2940.0880513482807
85,33,3021.429106179213
85,32,3180.505969434044
85,31,3247.385124214359
85,30,3437.5811266055307
85,29,3507.3956869534836
85,28,5986.894739781973
85,27,6128.909432030778
85,26,6280.978705802392
85,25,6434.829488121537
85,24,6581.796588767544
85,23,6782.854669018138
85,22,7031.209975654571
85,21,7197.09701489984
85,20,7364.925586969718
85,19,7525.548815537793
85,18,7993.264512692458
85,17,8136.2709263552
85,16,8280.45685064073
85,15,8466.586901525608
85,14,9145.020195434387
85,13,9310.45988532356
85,12,9658.716659326326
85,11,9821.522517054766
85,10,21204.399681235554
85,9,21594.670418332295
85,8,21988.437778166546
85,7,22488.4450322855
85,6,25447.979398027215
85,5,25942.568100489207
85,4,26609.534230379835
85,3,27040.051930665195
85,2,107969.1940477097
85,1,109888.8662057346
86,86,8.106655167340413
86,85,17.70950224493134
86,84,28.178286749762325
86,83,40.374051643253594
86,82,54.27250738241188
86,81,66.64080171276579
86,80,92.82850035281007
86,79,107.39623168978812
86,78,158.35820305556624
86,77,179.0026734404187
86,76,200.52343172223792
86,75,222.42912568486878
86,74,244.06556444969564
86,73,271.22086771362257
86,72,293.95416497508745
86,71,317.4967783366858
86,70,341.4128645319744
86,69,364.87090000084964
86,68,500.6427576402978
86,67,526.0049172379698
86,66,551.5066857147381
86,65,583.3896035469747
86,64,621.644039531411
86,63,648.1339242101743
86,62,734.2412811876176
86,61,762.7450070120888
86,60,935.18019631249
86,59,984.8930252520904
86,58,1036.4038590591836
86,57,1091.083498461295
86,56,1147.035040074355
86,55,1201.7586947899435
86,54,1256.5639911487808
86,53,1330.9819957788523
86,52,1390.7099861530148
86,51,1450.0843263700106
86,50,1513.1331044452277
86,49,1577.3501855106667
86,48,1639.988199448091
86,47,1702.5624428105823
86,46,2033.197934607736
86,45,2091.180131093264
86,44,2152.922817500482
86,43,2215.4209236946162
86,42,2275.483593450894
86,41,2356.896707511224
86,40,2434.296902224142
86,39,2500.870143017991
86,38,2568.2647261009993
86,37,2633.0112835757677
86,36,2917.7367695704993
86,35,2980.2558264753025
86,34,3043.3392883601327
86,33,3126.127244996621
86,32,3293.00369000324
86,31,3361.207076941874
86,30,3555.353063521189
86,29,3626.5097023050853
86,28,6180.713663965969
86,27,6325.0422608039435
86,26,6479.554508982302
86,25,6635.851274078613
86,24,6785.141148323427
86,23,6989.231497694632
86,22,7245.977417948433
86,21,7414.538572708242
86,20,7585.048982492008
86,19,7748.226414604434
86,18,8221.612906893339
86,17,8366.930129913228
86,16,8513.43260734314
86,15,8702.405999019977
86,14,9415.531538322235
86,13,9584.209334646483
86,12,9939.29763773612
86,11,10105.242989114793
86,10,21759.685731328696
86,9,22155.816547440383
86,8,22555.460697598442
86,7,23062.438525164267
86,6,26175.578340920467
86,5,26680.70766223171
86,4,27358.751090160364
86,3,27798.419152661358
86,2,110885.96619350293
86,1,112844.10780068737
87,87,5.137878222963789
87,86,18.49302585907512
87,85,29.422246232636972
87,84,41.059406752576194
87,83,54.40332971011989
87,82,69.43590441443777
87,81,82.45995380555227
87,80,111.07948268661347
87,79,126.17451238322585
87,78,184.47227857945984
87,77,205.89595779733833
87,76,228.2180033759859
87,75,250.902759586408
87,74,273.2531737504889
87,73,301.3957594578043
87,72,324.8860335265974
87,71,349.1695866253542
87,70,373.8224929740408
87,69,397.9683688101972
87,68,538.1780231655523
87,67,564.1079571141829
87,66,590.188741652206
87,65,622.8747443384106
87,64,662.7112014000276
87,63,689.8274575952627
87,62,778.7091915541085
87,61,807.8577081572057
87,60,995.8964470176436
87,59,1046.9464962386853
87,58,1099.8213675295333
87,57,1155.9337810601023
87,56,1213.320900891089
87,55,1269.406873458092
87,54,1325.5463253870173
87,53,1401.7533235115989
87,52,1463.0909594816997
87,51,1523.8433515063423
87,50,1588.34100805138
87,49,1654.0077416837855
87,48,1718.0266628813215
87,47,1781.955191727688
87,46,2119.6480820218685
87,45,2178.756837537105
87,44,2241.692992396891
87,43,2305.387064046847
87,42,2366.583823013589
87,41,2449.505303075832
87,40,2529.3008129783916
87,39,2597.129556593009
87,38,2665.7830263577657
87,37,2731.724490636417
87,36,3020.52029334099
87,35,3084.179904453324
87,34,3148.406750768556
87,33,3232.647703808996
87,32,3407.701176527257
87,31,3477.244022147967
87,30,3675.3882722460517
87,29,3747.902409287692
87,28,6377.611819952769
87,27,6524.260335841225
87,26,6681.2211624261545
87,25,6839.96955344549
87,24,6991.588315498693
87,23,7198.714695388911
87,22,7464.140885839543
87,21,7635.3891181072395
87,20,7808.594490280768
87,19,7974.339416172459
87,18,8453.388817865422
87,17,8601.03230794412
87,16,8749.866906017802
87,15,8941.698776690953
87,14,9691.175458548543
87,13,9863.149571707632
87,12,10225.194938543966
87,11,10394.337575905432
87,10,22322.58921687436
87,9,22724.61723772452
87,8,23130.175594626533
87,7,23644.155569399394
87,6,26918.236202281347
87,5,27434.16459606981
87,4,28124.024020918823
87,3,28573.08127672894
87,2,113861.93166454538
87,1,115859.48951843643
88,88,5.4371713923415985
88,87,10.853920829232775
88,86,30.66873526036886
88,85,42.76175301802879
88,84,55.33680987380689
88,83,69.65957050634935
88,82,85.72222691964171
88,81,99.32102589973584
88,80,130.29164604402453
88,79,145.87572909122215
88,78,211.90240525819027
88,77,234.06721744057623
88,76,257.1608284587839
88,75,280.6016289539007
88,74,303.6485831849404
88,73,332.761368192969
88,72,357.0072207817001
88,71,382.02308750654134
88,70,407.4059086812566
88,69,432.23445165541096
88,68,576.7640749596742
88,67,603.2692906237995
88,66,629.9358389304763
88,65,663.428992902081
88,64,704.9172291648307
88,63,732.6667203269595
88,62,824.3372698668029
88,61,854.137529696635
88,60,1058.3174641629184
88,59,1110.703550710613
88,58,1164.9413932728398
88,57,1222.4852759325966
88,56,1281.3069421714672
88,55,1338.755020421041
88,54,1396.2288357436946
88,53,1474.2218978576843
88,52,1537.1909763203323
88,51,1599.32281228358
88,50,1665.2704559070423
88,49,1732.3881109825525
88,48,1797.789771106005
88,47,1863.0746952934328
88,46,2207.81446567168
88,45,2268.0534405403932
88,44,2332.1864440198096
88,43,2397.079829508416
88,42,2459.4142095622005
88,41,2543.846384921039
88,40,2626.1147474766994
88,39,2695.204303564858
88,38,2765.121996142673
88,37,2832.263798610271
88,36,3125.1124376503653
88,35,3189.9192088168506
88,34,3255.2960514963847
88,33,3340.9962164640806
88,32,3524.6208352004323
88,31,3595.5188502644673
88,30,3797.7112265130922
88,29,3871.5987982993283
88,28,6577.592890856254
88,27,6726.567444908192
88,26,6885.982559926101
88,25,7047.188327143115
88,24,7201.1421996368135
88,23,7411.308479533493
88,22,7685.713986822114
88,21,7859.662524122325
88,20,8035.576251719614
88,19,8203.902225677557
88,18,8688.606948718048
88,17,8838.592446783368
88,16,8989.77501864584
88,15,9184.480808564167
88,14,9972.041536200242
88,13,10147.372534668064
88,12,10516.505652646014
88,11,10688.90581596917
88,10,22893.138574742512
88,9,23301.101582965697
88,8,23712.612225087338
88,7,24233.626546133437
88,6,27676.320521301433
88,5,28203.318798574095
88,4,28904.947512618543
88,3,29363.633617353913
88,2,116893.78712336064
88,1,118931.68388768975
89,89,5.124813004819867
89,88,11.415662315894647
89,87,18.045563641488762
89,86,44.47320597266256
89,85,57.497388688013416
89,84,70.83981013028603
89,83,86.02026750115783
89,82,103.04402000181678
89,81,117.16077414528665
89,80,150.4183734768276
89,79,166.46543244517372
89,78,240.6027180207414
89,77,263.4801134956516
89,76,287.32267725273374
89,75,311.50190006175404
89,74,335.23210160423565
89,73,365.3013295090941
89,72,390.3046604215583
89,71,416.04629164571696
89,70,442.1538111752011
89,69,467.66122501034437
89,68,616.4025316799228
89,67,643.4903001654495
89,66,670.7491765907419
89,65,705.053555025237
89,64,748.2667387566637
89,63,776.6563000922083
89,62,871.1313919437534
89,61,901.5902742076646
89,60,1122.4381949407814
89,59,1176.1595794066184
89,58,1231.7597238534959
89,57,1290.7341285024686
89,56,1350.9896307040833
89,55,1409.7998908335035
89,54,1468.6085393614483
89,53,1548.3849784509082
89,52,1613.008539932617
89,51,1676.5214316359338
89,50,1743.920376022068
89,49,1812.490412704049
89,48,1879.276823110866
89,47,1945.9204226370684
89,46,2297.6981353691335
89,45,2359.0710216418247
89,44,2424.404294589493
89,43,2490.5003857785414
89,42,2553.975960938461
89,41,2639.9212253161622
89,40,2724.7429658022843
89,39,2795.0987431922304
89,38,2866.286095813313
89,37,2934.6337660638837
89,36,3231.518162150944
89,35,3297.4787881346538
89,34,3364.012331128903
89,33,3451.1780298666686
89,32,3643.7852140948426
89,31,3716.054600098351
89,30,3922.3465677511053
89,29,3997.6240359059566
89,28,6780.6594247062885
89,27,6931.9662129425415
89,26,7093.841402534323
89,25,7257.510373070459
89,24,7413.805658238978
89,23,7627.015775592882
89,22,7910.709181645284
89,21,8087.371486952329
89,20,8266.007200947764
89,19,8436.928012335835
89,18,8927.280671184692
89,17,9079.624176223993
89,16,9233.170835287263
89,15,9430.76625342885
89,14,10258.221261308787
89,13,10436.972166771826
89,12,10813.329090139765
89,11,10989.049574039827
89,10,23471.358482393203
89,9,23885.294846564804
89,8,24302.796442872153
89,7,24830.87784258185
89,6,28450.211725362024
89,5,28988.563763633545
89,4,29702.508307600252
89,3,30171.082674922505
89,2,119986.18126207824
89,1,122065.43389558945
90,90,5.473607119217496
90,89,11.813795563369572
90,88,19.839088380768466
90,87,32.80188042154579
90,86,59.672193194377805
90,85,73.45436357337705
90,84,87.44435761402806
90,83,103.39605970887325
90,82,121.33722951117177
90,81,135.9320945210163
90,80,171.4255677863948
90,79,187.91808628319617
90,78,270.5368780026517
90,77,294.10549195247944
90,76,318.6798399514583
90,75,343.584045561705
90,74,367.98744198739433
90,73,399.00202581417915
90,72,424.76753947264643
90,71,451.2300678316632
90,70,478.05845062490096
90,69,504.2420732539256
90,68,657.0952486761863
90,67,684.772605423731
90,66,712.6301921279659
90,65,747.7498617054413
90,64,792.7646965471616
90,63,821.8011415743879
90,62,919.0977286810407
90,61,950.2220574789827
90,60,1188.254157365822
90,59,1243.3104980709281
90,58,1300.2726336178164
90,57,1360.6769393352604
90,56,1422.3658620103017
90,55,1482.5386462009212
90,54,1542.6828409259267
90,53,1624.2401995784512
90,52,1690.5425401938667
90,51,1755.4383089965766
90,50,1824.290065222774
90,49,1894.3141290805452
90,48,1962.4874761049173
90,47,2030.4921975762184
90,46,2389.3004597694257
90,45,2451.810987591184
90,44,2518.34799778028
90,43,2585.6502362512333
90,42,2650.270628847371
90,41,2737.7314474646346
90,40,2825.1901568005583
90,39,2896.8176708867927
90,38,2969.280229358855
90,37,3038.839402487052
90,36,3339.7428839133936
90,35,3406.8641576006708
90,34,3474.5612059670984
90,33,3563.1988774595848
90,32,3765.2180603643196
90,31,3838.8755381225496
90,30,4049.3202477932323
90,29,4126.004630732476
90,28,6986.814753030387
90,27,7140.460064901778
90,26,7304.801208800412
90,25,7470.939304274199
90,24,7629.5824009108555
90,23,7845.840383580536
90,22,8139.1400339195025
90,21,8318.529827348446
90,20,8499.901418608724
90,19,8673.431113006893
90,18,9169.424574719496
90,17,9324.142363237526
90,16,9480.069502789484
90,15,9680.570551536355
90,14,10549.811164094672
90,13,10732.047608200166
90,12,11115.77010332366
90,11,11294.87642604838
90,10,24057.276588883185
90,9,24477.225314057185
90,8,24900.75717502383
90,7,25435.93898249185
90,6,29240.31244837234
90,5,29790.316127684076
90,4,30515.50257911677
90,3,30994.216729720432
90,2,123131.39647422548
90,1,125252.94209823136
91,91,5.297923830034619
91,90,11.854678277219076
91,89,20.19077762040057
91,88,33.77304751307971
91,87,46.60643031432222
91,86,76.08714031918706
91,85,90.50604891709955
91,84,105.06017915256244
91,83,121.72113646194043
91,82,140.55446125474307
91,81,155.59958359767734
91,80,193.28813717161225
91,79,210.2146792484092
91,78,301.6758098566616
91,77,325.9197347688241
91,76,351.21289381533427
91,75,376.83190150927
91,74,401.9009851038767
91,73,433.8519874470556
91,72,460.3868074337376
91,71,487.56672889610326
91,70,515.1132696421556
91,69,541.9713718529247
91,68,698.8441012456257
91,67,727.1178470121632
91,66,755.580343577049
91,65,791.5193482898376
91,64,838.4161950352268
91,63,868.1063169467554
91,62,968.2425030289766
91,61,1000.0390572365989
91,60,1255.7610809424846
91,59,1312.1523806088856
91,58,1370.476507582796
91,57,1432.3103767849157
91,56,1495.4325606209934
91,55,1556.9684421104632
91,54,1618.4491073362847
91,53,1701.7851252645603
91,52,1769.791793325184
91,51,1836.072444543016
91,50,1906.3786965395288
91,49,1977.8585952711135
91,48,2047.4212184462679
91,47,2116.789654374035
91,46,2482.622490638743
91,45,2546.274417937581
91,44,2614.0186685694416
91,43,2682.5305339057127
91,42,2748.299403481846
91,41,2837.278296780171
91,40,2927.460687212788
91,39,3000.365548199274
91,38,3074.108955002666
91,37,3144.885360279382
91,36,3449.7915899287714
91,35,3518.080393357379
91,34,3586.9478440305506
91,33,3677.0640312925907
91,32,3888.9433523146463
91,31,3964.006171885738
91,30,4178.658489514868
91,29,4256.767374831397
91,28,7196.061125955121
91,27,7352.051319308241
91,26,7518.864363869084
91,25,7687.477573107163
91,24,7848.474950600936
91,23,8067.784880778608
91,22,8371.019038051147
91,21,8553.150270111362
91,20,8737.27186236814
91,19,8913.424715845289
91,18,9415.052016000694
91,17,9572.160619691935
91,16,9730.484890391415
91,15,9933.907836015234
91,14,10846.910223057246
91,13,11032.700565698848
91,12,11423.936376943686
91,11,11606.496913142175
91,10,24650.917069797626
91,9,25076.917734487746
91,8,25506.51974857847
91,7,26048.835808108593
91,6,30047.041027793788
91,5,30609.009097881888
91,4,31346.907567903865
91,3,31836.059339048705
91,2,126345.0716534742
91,1,128510.1013078359
92,92,5.391135871550495
92,91,12.075167783420177
92,90,23.04397782583003
92,89,34.70124553769734
92,88,47.866715541743915
92,87,62.33699974952937
92,86,93.58908308198215
92,85,108.56080952222769
92,84,123.62103002802586
92,83,140.94655850871385
92,82,160.6604058761314
92,81,176.13650923860436
92,80,215.98764995929508
92,79,233.34114064201663
92,78,333.99618138033185
92,77,358.90369287426967
92,76,384.9059533489924
92,75,411.23214621687634
92,74,436.9614273753018
92,73,469.8416639049451
92,72,497.1550458241209
92,71,525.0499769197173
92,70,553.3129087378978
92,69,580.844541716377
92,68,741.6512232609462
92,67,770.527941427382
92,66,799.6013797630059
92,65,836.3637438650783
92,64,885.2267682012881
92,63,915.577354989255
92,62,1018.5723698575543
92,61,1051.0479057476682
92,60,1324.9553550273713
92,59,1382.6819363547197
92,58,1442.3683473781232
92,57,1505.6317121732147
92,56,1570.187244376701
92,55,1633.0870205419258
92,54,1695.905287580511
92,53,1781.0179049419303
92,52,1850.7557271246842
92,51,1918.423452997774
92,50,1990.1860629625253
92,49,2063.123773367667
92,48,2134.078172999606
92,47,2204.813070250237
92,46,2577.6659486345166
92,45,2642.4630768317206
92,44,2711.4181227519757
92,43,2781.1431488473804
92,42,2848.0642079574077
92,41,2938.563771751878
92,40,3031.5597699471114
92,39,3105.747700899264
92,38,3180.7777134325097
92,37,3252.7771919140455
92,36,3561.6702207099956
92,35,3631.133543828718
92,34,3701.178404378603
92,33,3792.779778048725
92,32,4014.986894252555
92,31,4091.472876644188
92,30,4310.389504770591
92,29,4389.941094894279
92,28,7408.402603650583
92,27,7566.744143300048
92,26,7736.035142574278
92,25,7907.129563110453
92,24,8070.487801164751
92,23,8292.853868862147
92,22,8606.360991149888
92,21,8791.24789034704
92,20,8978.133888339951
92,19,9156.924453649885
92,18,9664.178918095511
92,17,9823.69516562954
92,16,9984.433517620088
92,15,10190.794943854598
92,14,11149.624478466985
92,13,11339.040013204087
92,12,11737.943314088767
92,11,11924.029515001464
92,10,25252.31059176066
92,9,25684.403458915996
92,8,26120.116204551767
92,7,26669.601015885197
92,6,30870.84504822773
92,5,31445.106311409607
92,4,32193.720133149545
92,3,32693.57852563729
92,2,129609.5941433737
92,1,131819.0885336355
93,93,6.093493635850011
93,92,12.169286625962762
93,91,23.63302168369803
93,90,35.520415387991115
93,89,49.070834029521535
93,88,63.90206986876471
93,87,94.97164819358481
93,86,110.62931444565615
93,85,125.4441935247422
93,84,143.08201851244644
93,83,156.0499454429349
93,82,181.6285410708944
93,81,197.52253839349675
93,80,239.5105253599845
93,79,257.2870326626325
93,78,367.47901521206774
93,77,393.04160547660973
93,76,419.7458011380642
93,75,446.773579478618
93,74,473.15916594169755
93,73,506.96287604413175
93,72,535.0659733156298
93,71,563.6744438071314
93,70,592.6527704257247
93,69,620.8576287541226
93,68,785.5186051273045
93,67,815.0046664176836
93,66,844.6949123897575
93,65,882.2846269747529
93,64,933.2019282860178
93,63,964.219762775573
93,62,1070.0938919075209
93,61,1103.25514809296
93,60,1395.833309967545
93,59,1454.895765596102
93,58,1515.9449992598343
93,57,1580.6380176589826
93,56,1646.6271909027284
93,55,1710.8918454020989
93,54,1775.0490169897496
93,53,1861.9363339563745
93,52,1933.433406199446
93,51,2002.4905541346147
93,50,2075.7115308011225
93,49,2150.109167804164
93,48,2222.45797552241
93,47,2294.5622067341515
93,46,2674.4318690479213
93,45,2740.3780240726046
93,44,2810.5474510809872
93,43,2881.489205116465
93,42,2949.5661992679907
93,41,3041.589076428844
93,40,3137.4918685785606
93,39,3212.96868374107
93,38,3289.2911523681414
93,37,3362.5196359177735
93,36,3675.3837910472735
93,35,3746.0287130765673
93,34,3817.2580827623674
93,33,3910.351415408513
93,32,4143.374235111236
93,31,4221.301774334979
93,30,4444.541260508613
93,29,4525.55437730385
93,28,7623.841130620414
93,27,7784.540541552789
93,26,7956.315607073623
93,25,8129.89739437429
93,24,8295.623134614041
93,23,8521.04957112659
93,22,8845.17842839437
93,21,9032.835449242295
93,20,9222.500486183506
93,19,9403.943542634808
93,18,9916.818634915026
93,17,10078.759607810623
93,16,10241.929246255952
93,15,10451.245996609749
93,14,11458.06137916558
93,13,11651.176449899946
93,12,12057.908109388149
93,11,12247.594637841577
93,10,25861.480856623446
93,9,26299.70675155869
93,8,26741.571374065545
93,7,27298.25993584627
93,6,31712.186514721172
93,5,32299.08679974616
93,4,33060.77201691808
93,3,33571.67634166677
93,2,132950.40890684677
93,1,135205.74007774825
94,94,6.103241548983889
94,93,12.204860922791271
94,92,24.28711451426798
94,91,36.33318922052234
94,90,50.13081920521763
94,89,79.84182448402184
94,88,95.15537436789677
94,87,110.25667113352367
94,86,127.83478411662576
94,85,139.12690553327562
94,84,159.25195184439806
94,83,180.01300586945092
94,82,203.4389503655128
94,81,219.7422669438454
94,80,263.8469404695512
94,79,282.0448185892968
94,78,402.10895595995487
94,77,428.32061683515263
94,76,455.7215874886763
94,75,483.4469601104594
94,74,510.4862425693298
94,73,545.2088452784994
94,72,574.11454383715
94,71,603.4358457793719
94,70,633.1292214508242
94,69,662.0075469199018
94,68,830.4485247020303
94,67,860.5501111227524
94,66,890.8628852582831
94,65,929.2839196480586
94,64,982.3476956654652
94,63,1014.0395748545691
94,62,1122.8141595264754
94,61,1156.6678814187715
94,60,1468.3919853596258
94,59,1528.7911675887233
94,58,1591.2040023917955
94,57,1657.327056387443
94,56,1724.750369971287
94,55,1790.3810757466556
94,54,1855.878630967353
94,53,1944.5389210449127
94,52,2017.8246437679286
94,51,2088.2737273804064
94,50,2162.95523941791
94,49,2238.8150708081935
94,48,2312.5610645240154
94,47,2386.0376437088075
94,46,2772.922168689646
94,45,2840.0212218669167
94,44,2911.4086684813956
94,43,2983.570772831206
94,42,3052.8075016254757
94,41,3146.356409516867
94,40,3245.2625444616483
94,39,3322.0341732571114
94,38,3399.6550655538294
94,37,3474.118600194192
94,36,3790.9385649489573
94,35,3862.7722783647405
94,34,3935.1933721851524
94,33,4029.7855689019034
94,32,4274.133159933978
94,31,4353.52127350847
94,30,4581.144157839167
94,29,4663.638297827449
94,28,7842.381061912285
94,27,8005.444979827417
94,26,8179.7103344833
94,25,8355.785756374753
94,24,8523.885754397868
94,23,8752.376902559718
94,22,9087.486887892523
94,21,9277.928772668187
94,20,9470.38777268437
94,19,9654.498386011508
94,18,10172.987867581514
94,17,10337.37095419992
94,16,10502.989393698648
94,15,10715.27864075165
94,14,11772.336887904861
94,13,11969.22913593014
94,12,12383.957261538832
94,11,12577.322257306196
94,10,26478.460070712463
94,9,26922.860524906508
94,8,27370.918881570797
94,7,27934.846873049268
94,6,32571.56245560095
94,5,33171.46605317132
94,4,33943.52019355098
94,3,34465.76448147657
94,2,136341.79314252676
94,1,138644.0238318956
95,95,6.213177758519911
95,94,12.432494344700956
95,93,24.96004298453992
95,92,37.24413352972253
95,91,51.18396850053495
95,90,66.70997294259452
95,89,98.05324782643777
95,88,113.93285324999641
95,87,129.50694844324192
95,86,147.76262196510496
95,85,162.35448191344523
95,84,183.54704122805651
95,83,205.32272120904983
95,82,226.07658888786395
95,81,242.783957761821
95,80,288.98980405543944
95,79,307.6090693071891
95,78,437.87333826949094
95,77,464.7300015276423
95,76,492.824164112616
95,75,521.2444151404952
95,74,548.9358058461228
95,73,584.5736856355243
95,72,614.2964620780059
95,71,644.3305122046836
95,70,674.7391279429876
95,69,704.2916151534175
95,68,876.4430598446183
95,67,907.1661710314213
95,66,938.1070514577885
95,65,977.3633429866783
95,64,1032.6700291851416
95,63,1065.04276484737
95,62,1176.7401436852774
95,61,1211.2930870457885
95,60,1542.628252869518
95,59,1604.3652307027082
95,58,1668.1426445103968
95,57,1735.6963009299604
95,56,1804.5544235236473
95,55,1871.552508143647
95,54,1938.392069489557
95,53,2028.8237405704003
95,52,2103.928811293383
95,51,2175.772479950876
95,50,2251.9168251318215
95,49,2329.241241219613
95,48,2404.387316167891
95,47,2479.2393704555716
95,46,2873.138005887692
95,45,2941.3938541134016
95,44,3014.0029900321115
95,43,3087.3891003874537
95,42,3157.789396628909
95,41,3252.8670977640877
95,40,3354.876532424023
95,39,3432.948996876136
95,38,3511.87437477136
95,37,3587.5790988340086
95,36,3908.3397999242416
95,35,3981.369590700603
95,34,4054.989719350373
95,33,4151.087790756372
95,32,4407.291189176174
95,31,4488.15952208763
95,30,4720.228352055665
95,29,4804.22369349182
95,28,8064.024474305609
95,27,8229.459596627641
95,26,8406.221522139327
95,25,8584.796905713336
95,24,8755.277980482175
95,23,8986.838225247731
95,22,9333.299470799067
95,21,9526.54119516059
95,20,9721.809318350612
95,19,9908.602788287257
95,18,10432.700560873269
95,17,10599.543410197954
95,16,10767.628428220105
95,15,10982.907613329762
95,14,12092.568741317784
95,13,12293.319248624419
95,12,12716.219513582895
95,11,12913.344759400938
95,10,27103.273008194188
95,9,27553.890131718566
95,8,28008.184663210504
95,7,28579.3882810154
95,6,33449.487290094796
95,5,34062.77814886582
95,4,34846.47298078038
95,3,35380.41864531907
95,2,139807.01540292575
95,1,142157.57247219246
96,96,5.699053843661257
96,95,12.961678389875964
96,94,23.377656817468576
96,93,38.18571637739057
96,92,52.37049227048401
96,91,68.01571596212713
96,90,99.64042550251052
96,89,113.9245468596742
96,88,132.15330112906838
96,87,144.13215313723222
96,86,165.1215807442504
96,85,186.96934581172837
96,84,209.18833932752904
96,83,230.0821375693991
96,82,246.3898180299752
96,81,279.9920306626807
96,80,314.9342504485665
96,79,333.9761388428115
96,78,474.761852432684
96,77,502.26097355510996
96,76,531.0460028047289
96,75,560.1594443474846
96,74,588.5021842567794
96,73,625.0525359946695
96,72,655.6083639656738
96,71,686.3556070972727
96,70,717.4801129496873
96,69,747.7078466092452
96,68,923.5045392113453
96,67,954.85501580471
96,66,986.4294584135258
96,65,1026.5249249809606
96,64,1084.1753693399658
96,63,1117.2358067286098
96,62,1231.8793241587766
96,61,1267.1382773361227
96,60,1618.539604086832
96,59,1681.6156575691577
96,58,1746.7588250280098
96,57,1815.743836032586
96,56,1886.0376084851662
96,55,1954.404558300261
96,54,2022.5878972541584
96,53,2114.7895039993628
96,52,2191.74595255335
96,51,2264.9870017538256
96,50,2342.5966192200003
96,49,2421.388146160057
96,48,2497.937328346808
96,47,2574.1681119195573
96,46,2975.081329159952
96,45,3044.4979131304667
96,44,3118.3324582036435
96,43,3192.946282650312
96,42,3264.514030749051
96,41,3361.1233565898046
96,40,3466.3395581685027
96,39,3545.7189939106497
96,38,3625.9550349001743
96,37,3702.907199454535
96,36,4027.593875651794
96,35,4101.827144174267
96,34,4176.653735018408
96,33,4274.264823891188
96,32,4542.8780236748935
96,31,4625.246899022729
96,30,4861.826378621522
96,29,4947.3438373717645
96,28,8288.775574620015
96,27,8456.58870402249
96,26,8635.85358731319
96,25,8816.935365763062
96,24,8989.804444397869
96,23,9224.438273183674
96,22,9582.631957627975
96,21,9778.688784365682
96,20,9976.781481145628
96,19,10166.273393545996
96,18,10695.97363683576
96,17,10865.294205570863
96,16,11035.863889922719
96,15,11254.150783515694
96,14,12418.883411673045
96,13,12623.576972843106
96,12,13054.833216972846
96,11,13255.804433778238
96,10,27735.951950458268
96,9,28192.828556817134
96,8,28653.40241311795
96,7,29231.91852854315
96,6,34346.51323529958
96,5,34973.596634403235
96,4,35769.54683438905
96,3,36315.567008798476
96,2,143344.34667160618
96,1,145744.68323756085
97,97,6.440344432679839
97,96,12.872662819746852
97,95,24.029091594171643
97,94,36.64441938971641
97,93,53.59892839912521
97,92,69.49149693915213
97,91,86.6875844287099
97,90,119.08777158530835
97,89,134.21387668964687
97,88,147.03491531034962
97,87,167.9290231718918
97,86,190.01918264340492
97,85,212.9296944968944
97,84,233.66365101440826
97,83,250.216909183283
97,82,285.08861581735175
97,81,309.639180050418
97,80,341.6770462667762
97,79,361.1436850297148
97,78,512.7659412892441
97,77,540.9061685473104
97,76,570.3807373532585
97,75,600.186504137396
97,74,629.1804996682422
97,73,666.6411897739986
97,72,698.0474591381054
97,71,729.5087784167956
97,70,761.3502083886837
97,69,792.2546005781472
97,68,971.635178920312
97,67,1003.618712564678
97,66,1035.8320578620842
97,65,1076.7705945869081
97,64,1136.870215220799
97,63,1170.625238138596
97,62,1288.2392108317858
97,61,1324.211001936505
97,60,1696.1234942276585
97,59,1760.5400854196646
97,58,1827.0503507388912
97,57,1897.4676277415103
97,56,1969.198038471888
97,55,2038.9354759100795
97,54,2108.4644915346116
97,53,2202.4347105025636
97,52,2281.275903713571
97,51,2355.917255893393
97,50,2434.994706906667
97,49,2515.255987908421
97,48,2593.2114162891976
97,47,2670.824293097906
97,46,3078.753677517197
97,45,3149.3349709839463
97,44,3224.3986833814256
97,43,3300.2439703409013
97,42,3372.9830948304016
97,41,3471.126929250729
97,40,3579.6569359704054
97,39,3660.3495801477457
97,38,3741.902565031241
97,37,3820.108522195927
97,36,4148.706657166798
97,35,4224.150908058636
97,34,4300.191494773716
97,33,4399.322861797278
97,32,4680.923747352354
97,31,4764.814184574576
97,30,5005.971231079153
97,29,5093.032483115551
97,28,8516.63730986962
97,27,8686.835327276505
97,26,8868.609631476927
97,25,9052.204314785738
97,24,9227.46840465785
97,23,9465.180368878719
97,22,9835.498883857097
97,21,10034.38633436955
97,20,10235.319316671532
97,19,10427.525516093321
97,18,10962.822601535003
97,17,11134.6391301874
97,16,11307.711854926181
97,15,11529.024525071642
97,14,12751.411385605184
97,13,12960.136713641934
97,12,13399.941408330968
97,11,13604.848488928412
97,10,28376.525246563386
97,9,28839.704785488066
97,8,29306.601758193978
97,7,29892.467830758353
97,6,35263.21851328681
97,5,35904.52263052026
97,4,36712.54695944275
97,3,37271.02675809363
97,2,146951.57580860876
97,1,149403.17189742246
98,98,6.552966757126053
98,97,13.0930491403286
98,96,24.637670827555464
98,95,37.56356616278264
98,94,52.10190582169059
98,93,71.01942708066314
98,92,88.46223018178631
98,91,107.0830265002286
98,90,139.4474150483438
98,89,150.07351493411312
98,88,171.1626168534174
98,87,193.11276257325207
98,86,216.26141315321738
98,85,236.98822225505165
98,84,254.1754167659255
98,83,289.9654740514206
98,82,315.07660046951213
98,81,340.49544688915165
98,80,369.2163121618192
98,79,389.11048382315033
98,78,551.8785839863923
98,77,580.6595080624912
98,76,610.8230903927785
98,75,641.3209839774552
98,74,670.9666836260709
98,73,709.336145822401
98,72,741.6116101760645
98,71,773.7882612193262
98,70,806.3479791079908
98,69,837.9307248327347
98,68,1020.8373224323395
98,67,1053.4594736871875
98,66,1086.3169618114296
98,65,1128.1024490027728
98,64,1190.761413033266
98,63,1225.2179578522098
98,62,1345.8276765361845
98,61,1382.5191897882519
98,60,1775.3777497286706
98,59,1841.1365131397502
98,58,1909.0153825615282
98,57,1980.8659905925788
98,56,2054.0341715573527
98,55,2125.1438522947396
98,54,2196.02056949006
98,53,2291.7582002643044
98,52,2372.518868478397
98,51,2448.5635745032
98,50,2529.111544972586
98,49,2610.8453435337506
98,48,2690.2102735536905
98,47,2769.2087212610268
98,46,3184.156974738616
98,45,3255.9069927006867
98,44,3332.2036772434967
98,43,3409.284223796413
98,42,3483.1986974006822
98,41,3582.8799865902974
98,40,3694.83449800234
98,39,3776.846698880237
98,38,3859.7230214435594
98,37,3939.1892337443637
98,36,4271.684578865374
98,35,4348.347431024248
98,34,4425.609663623407
98,33,4526.268699777434
98,32,4821.46010120094
98,31,4906.8938587724415
98,30,5152.69773034108
98,29,5241.32525999505
98,28,8747.613600496235
98,27,8920.20348390524
98,26,9104.493768326134
98,25,9290.607963426122
98,24,9468.274171477038
98,23,9709.068912247776
98,22,10091.91612875024
98,21,10293.65000814225
98,20,10497.439274800152
98,19,10692.375888922083
98,18,11233.264439093102
98,17,11407.595474352627
98,16,11583.189922347952
98,15,11807.546763068658
98,14,13090.290913634433
98,13,13303.140922569813
98,12,13751.695801185386
98,11,13960.633123087055
98,10,29025.02482804526
98,9,29494.55144329075
98,8,29967.8160239409
98,7,30561.07017338602
98,6,36200.219141518064
98,5,36856.1969664371
98,4,37674.91880151886
98,3,38246.25293205123
98,2,150624.73760375244
98,1,153129.08538248032
99,99,6.664820667922809
99,98,13.313511012729709
99,97,25.15927693274433
99,96,38.42543916151907
99,95,53.307433708636836
99,94,69.56911627900074
99,93,90.29770260399869
99,92,109.16295487601467
99,91,129.1052554306929
99,90,160.66904630755286
99,89,174.53760170420682
99,88,196.67661190406082
99,87,219.6400554545386
99,86,240.22797606478545
99,85,258.1730186046579
99,84,294.25973039407324
99,83,320.27682659693005
99,82,346.2709747723888
99,81,372.54497738634717
99,80,397.5511716854337
99,79,417.87613676091763
99,78,592.0939070260274
99,77,621.5158595786947
99,76,652.3685685286849
99,75,683.558926810773
99,74,713.8572160450989
99,73,753.1343578180464
99,72,786.2990905378887
99,71,819.192640571348
99,70,852.4722882596714
99,69,884.7353218024338
99,68,1071.1132069032608
99,67,1104.3794147217613
99,66,1137.886192188227
99,65,1180.5224937232
99,64,1245.8558878330903
99,63,1281.0209493232248
99,62,1404.6526562954577
99,61,1442.0708393594357
99,60,1856.300145108754
99,59,1923.402864668336
99,58,1992.6519846925275
99,57,2065.9371213374193
99,56,2140.54432805462
99,55,2213.028122559016
99,54,2285.254674602689
99,53,2382.758619153132
99,52,2465.474864737421
99,51,2542.926088122763
99,50,2624.947372707222
99,49,2708.1565570690577
99,48,2788.934345926703
99,47,2869.3219416068127
99,46,3291.2927895488574
99,45,3364.2155794687637
99,44,3441.749077926385
99,43,3520.0687199160525
99,42,3595.162554135361
99,41,3696.384292956332
99,40,3811.8777355230345
99,39,3895.21594273767
99,38,3979.42209986868
99,37,4060.155130831021
99,36,4396.533649826339
99,35,4474.422828275761
99,34,4552.914464812444
99,33,4655.108679903167
99,32,4964.51941612855
99,31,5051.519016308805
99,30,5302.041388625242
99,29,5392.258518588064
99,28,8981.707293895366
99,27,9156.69609618557
99,26,9343.508992487843
99,25,9532.149379177441
99,24,9712.2248890014
99,23,9956.107105557201
99,22,10351.898555451544
99,21,10556.494929800752
99,20,10763.156743609741
99,19,10960.840161425063
99,18,11507.314980668812
99,17,11684.179356471537
99,16,11862.314500346762
99,15,12089.734206698093
99,14,13435.665381273851
99,13,13652.7374420479
99,12,14110.254078229491
99,11,14323.320794572626
99,10,29681.479392098336
99,9,30157.397867784806
99,8,30637.075193840737
99,7,31237.75613109772
99,6,37158.16324874661
99,5,37829.29453941069
99,4,38658.898699022524
99,3,39243.525789697414
99,2,154374.2524625982
99,1,156933.04966464595
100,100,6.7758081937592936
100,99,13.53395276902445
100,98,25.66397155357602
100,97,39.16478514882059
100,96,54.43996862529907
100,95,71.07459436741622
100,94,88.89582570857877
100,93,111.31037529107773
100,92,131.49444312173483
100,91,152.67349728705017
100,90,182.71596335747753
100,89,200.38400784728614
100,88,223.53276728116768
100,87,243.55897782104213
100,86,262.114976709658
100,85,298.54931934567895
100,84,324.8529696274616
100,83,351.7918007293741
100,82,378.6557330786526
100,81,405.77389158705233
100,80,426.6816404207589
100,79,447.4410114741121
100,78,633.4071124779537
100,77,663.4710149825688
100,76,695.0134814734304
100,75,726.8970815832893
100,74,757.8492054070621
100,73,798.0333403073452
100,72,832.1087119768291
100,71,865.7209975273068
100,70,899.7224600367181
100,69,932.667926320492
100,68,1122.465226630895
100,67,1156.3808255918364
100,66,1190.5419600698253
100,65,1234.0329328449932
100,64,1302.1609564105622
100,63,1338.0416025103502
100,62,1464.7225042814378
100,61,1502.8743849149027
100,60,1938.8888472211572
100,59,2007.3374522481533
100,58,2077.9586071770163
100,57,2152.679601675676
100,56,2228.727213590264
100,55,2302.587108330604
100,54,2376.1657389046127
100,53,2475.4350068282306
100,52,2560.1443346538726
100,51,2639.005356358434
100,50,2722.5028642539496
100,49,2807.19041379716
100,48,2889.384526980847
100,47,2971.1649539561854
100,46,3400.163163840507
100,45,3474.2628157263125
100,44,3553.037017195916
100,43,3632.599639624711
100,42,3708.876894777954
100,41,3811.642139405315
100,40,3930.792762644985
100,39,4015.463539072151
100,38,4101.006142725789
100,37,4183.012668415197
100,36,4523.260570528688
100,35,4602.383918405038
100,34,4682.112836977888
100,33,4785.849874656618
100,32,5110.1359321881455
100,31,5198.724710636554
100,30,5454.039825741463
100,29,5545.870773288884
100,28,9218.922450573098
100,27,9396.31732271125
100,26,9585.659559563812
100,25,9776.832915396448
100,24,9959.325011068937
100,23,10206.29949258218
100,22,10615.462654024086
100,21,10822.937880803782
100,20,11032.48879928549
100,19,11232.935700664902
100,18,11784.991848636277
100,17,11964.408713160443
100,16,12145.103842504857
100,15,12375.60544479065
100,14,13787.687206935738
100,13,14009.083485308112
100,12,14475.784048911242
100,11,14693.084464846754
100,10,30345.922011780127
100,9,30828.277842452095
100,8,31314.413767987007
100,7,31922.560882533806
100,6,38137.743633519756
100,5,38824.537269651904
100,4,39664.46051660482
100,3,40262.838289062136
100,2,158198.76434325983
100,1,160813.76785835158
101,101,6.885828914533437
101,100,13.754276315321334
101,99,26.218911883888733
101,98,39.88534870127792
101,97,55.41182737653549
101,96,72.49040881098634
101,95,90.71063261219587
101,94,109.95804122041196
101,93,133.9553197783648
101,92,155.3740321453163
101,91,177.71995263837312
101,90,205.56121264468092
101,89,227.56739000342
101,88,247.16083512853248
101,87,265.90433406585737
101,86,303.42551490843243
101,85,329.4226421815957
101,84,356.64720259462473
101,83,384.49421514490524
101,82,412.2168443085126
101,81,440.16996286039796
101,80,456.60841545892714
101,79,477.8060619855701
101,78,675.81422654045
101,77,706.5214676389279
101,76,738.7547399724981
101,75,771.3327164146783
101,74,802.9402130857995
101,73,844.0309997885788
101,72,879.0396611070831
101,71,913.3727488987427
101,70,948.0981210910847
101,69,981.7283476475169
101,68,1174.8957793802058
101,67,1209.4660109928113
101,66,1244.2865003340637
101,65,1288.6359972157943
101,64,1359.6841525163095
101,63,1396.2875336227319
101,62,1526.0457980974818
101,61,1564.9384948038303
101,60,2023.1421324495125
101,59,2092.9386848756308
101,58,2164.933785080184
101,57,2241.0920873533537
101,56,2318.5815977755487
101,55,2393.8196862005098
101,54,2468.7527411166034
101,53,2569.7864405684472
101,52,2656.527776707991
101,51,2736.801988571623
101,50,2821.77873717423
101,49,2907.9477364473087
101,48,2991.561742233844
101,47,3074.7387848892317
101,46,3510.770122109021
101,45,3586.0507673495276
101,44,3666.0696066916335
101,43,3746.879142053229
101,42,3824.34392574524
101,41,3928.655790725353
101,40,4051.5857475025714
101,39,4137.59576832273
101,38,4224.481544545396
101,37,4307.768352698183
101,36,4651.872074318543
101,35,4732.237552820547
101,34,4813.211751451913
101,33,4918.499388448442
101,32,5258.345118972238
101,31,5348.5472636500235
101,30,5608.732048702646
101,29,5702.201971266318
101,28,9459.262988119743
101,27,9639.071175211084
101,26,9830.949573948878
101,25,10024.662769832146
101,24,10209.578831777028
101,23,10459.650451258947
101,22,10882.624979519169
101,21,11092.995706392696
101,20,11305.452580603904
101,19,11508.679935295579
101,18,12066.312715417778
101,17,12248.30153076244
101,16,12431.576251826978
101,15,12665.17911462124
101,14,14146.516332332903
101,13,14372.344122787801
101,12,14848.462132878547
101,11,15070.106083697234
101,10,31018.385623747596
101,9,31507.225010729817
101,8,31999.866102824973
101,7,32615.519456781014
101,6,39139.69559024179
101,5,39842.692079909575
101,4,40691.753810103255
101,3,41304.36339719615
101,2,162097.872309107
101,1,164770.9200301668
102,102,6.994779470235057
102,101,13.974380177147657
102,100,26.778079776180657
102,99,40.68848145176122
102,98,56.36272749742208
102,97,73.7055434416599
102,96,92.41839523030941
102,95,112.08826927849564
102,94,132.6531267488639
102,93,158.14755094454597
102,92,180.73245535441998
102,91,204.1873779674973
102,90,229.1848899701662
102,89,251.2170440706407
102,88,269.44232797870984
102,87,308.3649821463462
102,86,334.6167043172769
102,85,361.4941719661566
102,84,389.6260742741562
102,83,418.36987769360945
102,82,446.9419367098911
102,81,475.7223555976632
102,80,487.33271974283167
102,79,508.97269668429453
102,78,719.3119102214291
102,77,750.664246581868
102,76,783.5897078307288
102,75,816.8634842038828
102,74,849.1281293444323
102,73,891.1255181855068
102,72,927.0913889740143
102,71,962.1475411625458
102,70,997.5990975719435
102,69,1031.9165687653806
102,68,1228.4071813214891
102,67,1263.637202152755
102,66,1299.1219804270488
102,65,1344.3338501290068
102,64,1418.433134359362
102,63,1455.766490024814
102,62,1588.631237725848
102,61,1628.2719675464707
102,60,2109.0582276394493
102,59,2180.204905786236
102,58,2253.575972211941
102,57,2331.173137704137
102,56,2410.1061393518376
102,55,2486.7246085261254
102,54,2563.014523044085
102,53,2665.811845405651
102,52,2754.6255505459358
102,51,2836.316443760261
102,50,2922.775546990461
102,49,3010.429174278947
102,48,3095.466732911095
102,47,3180.0442661907846
102,46,3623.1154225851324
102,45,3699.581227704463
102,44,3780.848678597631
102,43,3862.9090997803673
102,42,3941.5655601648227
102,41,4047.4272085117955
102,40,4174.262628112469
102,39,4261.618674129433
102,38,4349.854456281315
102,37,4434.428439872353
102,36,4782.374604057631
102,35,4863.990286968949
102,34,4946.217878024699
102,33,5053.064016319385
102,32,5409.183377571467
102,31,5501.023964411519
102,30,5766.158141841277
102,29,5861.293179763753
102,28,9702.732024191288
102,27,9884.96084946419
102,26,10079.382306883945
102,25,10275.642289698188
102,24,10462.989778161322
102,23,10716.163469651823
102,22,11153.401402413547
102,21,11366.684552002442
102,20,11582.064511187024
102,19,11788.089564272703
102,18,12351.294475514447
102,17,12535.875005239477
102,16,12721.749228411732
102,15,12958.473034033937
102,14,14512.319810831266
102,13,14742.691887806099
102,12,15228.473008437106
102,11,15454.57626123627
102,10,31698.900905724593
102,9,32194.270720901728
102,8,32693.46422322149
102,7,33316.66450452741
102,6,40164.798023183124
102,5,40884.57225291523
102,4,41742.65109218291
102,3,42370.01882403267
102,2,166079.71899162015
102,1,168812.84628683561
103,103,5.296083706992972
103,102,14.576799599278303
103,101,22.905617800512474
103,100,41.5074290221188
103,99,57.43039176568025
103,98,74.89735170544003
103,97,93.88419411511777
103,96,114.09356505107215
103,95,135.10235278373068
103,94,156.89570841002416
103,93,183.81595997723036
103,92,207.51137099329242
103,91,232.02721317231246
103,90,253.57229163433357
103,89,272.8328010743465
103,88,307.6586628675141
103,87,339.85153862036515
103,86,367.002875346371
103,85,394.7474634374278
103,84,423.77533333864443
103,83,453.40637259249826
103,82,482.82014736278
103,81,493.64987712100793
103,80,515.695248998478
103,79,573.2910778948146
103,78,763.897487673048
103,77,795.8969712598109
103,76,829.516279198735
103,75,863.4875192920833
103,74,896.4112866439771
103,73,939.3154831180011
103,72,976.2637556162534
103,71,1012.045407664074
103,70,1048.2255841173578
103,69,1083.2329261597959
103,68,1283.0019124086225
103,67,1318.896808633945
103,66,1355.0507588337366
103,65,1401.1288549688911
103,64,1478.415974312952
103,63,1516.4866475099373
103,62,1652.4879726880977
103,61,1692.8840669612198
103,60,2196.6357198061382
103,59,2269.1348178900857
103,58,2343.8839826091908
103,57,2422.9216739244944
103,56,2503.299861434073
103,55,2581.3009950803703
103,54,2658.95029749239
103,53,2763.5105236894437
103,52,2854.4384252902532
103,51,2937.5495960744975
103,50,3025.4942708446324
103,49,3114.6358050925437
103,48,3201.1006757446685
103,47,3287.0826723155933
103,46,3737.2012878663827
103,45,3814.856464015055
103,44,3897.37654875491
103,43,3980.6918788593366
103,42,4060.5442141110034
103,41,4167.958869269016
103,40,4298.829957551728
103,39,4387.538926546614
103,38,4477.131666745019
103,37,4562.99983502212
103,36,4914.775283797222
103,35,4997.649368810796
103,34,5081.138590352153
103,33,5189.551271389442
103,32,5562.689211728558
103,31,5656.194262308921
103,30,5926.360524244608
103,29,6023.1878669221205
103,28,9949.333849596193
103,27,10133.990735985677
103,26,10330.962247271216
103,25,10529.77606300189
103,24,10719.56254019852
103,23,10975.843328276187
103,22,11427.809383514108
103,21,11644.022182260076
103,20,11862.342663031646
103,19,12071.182962981175
103,18,12639.95576867711
103,17,12827.148103490445
103,16,13015.642069189309
103,15,13255.5068501522
103,14,14885.275384034041
103,13,15120.31043702649
103,12,15616.013457076342
103,11,15846.698202289435
103,10,32387.502760799052
103,9,32889.45061282497
103,8,33395.24451242327
103,7,34026.03311703602
103,6,41213.885888857425
103,5,41951.05035471532
103,4,42816.95441934511
103,3,43459.630961789946
103,2,170142.0692726328
103,1,172937.3890580409
104,104,6.363579191236668
104,103,14.244818337614506
104,102,23.82045272250689
104,101,33.242010781803316
104,100,58.52595201486983
104,99,76.24146166406516
104,98,95.32414006235409
104,97,115.81473712510267
104,96,137.40837080712973
104,95,159.66555851468695
104,94,182.6143405514628
104,93,210.90067477409258
104,92,235.66134140787108
104,91,256.7517207864151
104,78,809.5687066739339
104,77,842.2176210442213
104,76,876.532653616382
104,75,911.2032154768721
104,74,944.7882388639974
104,73,988.5996650541452
104,72,1026.5568053680872
104,71,1063.0665409600306
104,70,1099.9779124081501
104,69,1135.6778742050171
104,46,3853.0296398285177
104,45,3931.8784359611127
104,44,4015.6552179356504
104,43,4100.229522601347
104,42,4181.281973619352
104,41,4290.252908881342
104,40,4425.294023155878
104,39,4515.362922659851
104,38,4606.31968445331
104,37,4693.489155977612
104,36,5049.080908902282
104,35,5133.221711533599
104,34,5217.9809211348365
104,33,5327.9683172623145
104,32,5718.90216446619
104,31,5814.098687573235
104,30,6089.382824678953
104,29,6187.930760666446
104,28,10199.071872460052
104,27,10386.164325254977
104,26,10585.6929653566
104,25,10787.067740288086
104,24,10979.300852512015
104,23,11238.693827685122
104,22,11705.86561398282
104,21,11925.025575555399
104,20,12146.304305178437
104,19,12357.977687998542
104,18,12932.314364384714
104,17,13122.13890851182
104,16,13313.273173488442
104,15,13556.299294485865
104,14,15265.569095213415
104,13,15505.392156173395
104,12,16011.28996126616
104,11,16246.68530534951
104,10,33084.223592933246
104,9,33592.79778779631
104,8,34105.240775462276
104,7,34743.65975652481
104,6,42287.84647954227
104,5,43043.05474962406
104,4,43916.493813034926
104,2,174292.5921053428
104,1,177152.42955860382
105,105,6.6173713247142825
105,104,15.414901229042904
105,103,24.238047767411928
105,102,37.0994497965998
105,101,49.228250974241604
105,100,77.62593909226317
105,99,96.9528199569044
105,98,117.507413178922
105,97,139.38756763702924
105,96,162.27367032885957
105,95,185.70497010123574
105,94,209.74890935285603
105,93,239.35102642837657
105,92,265.14029007132336
105,91,282.1095879587149
105,78,856.3238088509479
105,77,889.6246239991008
105,76,924.6374412499079
105,75,960.0093458635113
105,74,994.2578940195598
105,73,1038.977163933946
105,72,1077.9709253813785
105,71,1115.2114619504516
105,70,1152.8567303963066
105,69,1189.252173760396
105,46,3970.60281734169
105,45,4050.649528433518
105,44,4135.68712059426
105,43,4221.524516481847
105,42,4303.781375076108
105,41,4414.311923865875
105,40,4553.661674467973
105,39,4645.09763177039
105,38,4737.4256002238635
105,37,4825.903612598325
105,36,5185.298894315139
105,35,5270.714857880467
105,34,5356.752542633684
105,33,5468.322969584691
105,32,5877.86397549776
105,31,5974.78003055575
105,30,6255.271124981733
105,29,6355.569115480987
105,28,10451.9505361563
105,27,10641.486161454346
105,26,10843.579104674323
105,25,11047.522065146848
105,24,11242.209561693695
105,23,11504.719905528791
105,22,11987.58822394034
105,21,12209.713174675968
105,20,12433.968196791753
105,19,12648.492810777692
105,18,13228.389606362562
105,17,13420.867100307089
105,16,13614.662560592697
105,15,13860.870747136287
105,14,15653.398917459557
105,13,15898.141880176949
105,12,16414.522628272105
105,11,16654.765186820496
105,10,33789.09957133776
105,9,34304.34917049112
105,8,34823.4906994125
105,7,35469.58283908227
105,6,43387.632749995035
105,5,44161.58351237011
105,4,45041.02477703804
105,2,178528.81249967028
105,1,181455.59411076337
106,106,6.861188708898219
106,105,15.838864897592506
106,104,24.915130720838985
106,103,38.313382863675095
106,102,50.9263672385207
106,101,64.1308996911592
106,100,98.63457558599835
106,99,119.42577492451959
106,98,141.3355135615136
106,97,164.5119518178932
106,96,188.61514349060354
106,95,213.1593329051383
106,94,238.2485331747496
106,93,269.1238826645683
106,92,295.9122096988343
106,91,308.2086549854681
106,78,904.1613663396423
106,77,938.1166989629138
106,76,973.8295083610415
106,75,1009.904910182953
106,74,1044.8193623471432
106,73,1090.4472560374036
106,72,1130.5066914691465
106,71,1168.4808638975073
106,70,1206.8628439686454
106,69,1243.956731228249
106,46,4089.9230689525393
106,45,4171.172033591008
106,44,4257.474595649228
106,43,4344.5792475402795
106,42,4428.0448537047705
106,41,4540.138405207875
106,40,4683.939740918253
106,39,4776.750000997229
106,38,4870.45648057693
106,37,4960.250388481217
106,36,5323.436608689886
106,35,5410.136302960893
106,34,5497.461078078745
106,33,5610.622992661307
106,32,6039.6179189566965
106,31,6138.2826708279545
106,30,6424.073265298269
106,29,6526.152009531094
106,28,10707.973965827445
106,27,10899.960463710597
106,26,11104.624976323661
106,25,11311.143441273727
106,24,11508.293167379243
106,23,11773.926142542134
106,22,12272.99523213871
106,21,12498.10330700162
106,20,12725.352977588773
106,19,12942.747279603656
106,18,13528.200696881193
106,17,13723.352214679655
106,16,13919.83010285208
106,15,14169.241437204762
106,14,16048.97356782301
106,13,16298.775727922932
106,12,16825.944079613782
106,11,17071.17860251592
106,10,34502.166226113295
106,9,35024.141036118104
106,8,35550.03131153483
106,7,36203.84010667888
106,6,44514.263780758585
106,5,45307.70530436167
106,4,46190.88542023151
106,2,182851.16177089026
106,1,185847.46819654005
107,107,7.113112358359956
107,106,16.265638701875375
107,105,25.598929466209253
107,104,39.53341645993885
107,103,52.484543917599176
107,102,66.21322380546502
107,101,80.34963290191516
107,100,121.41002355746821
107,99,143.54632886878295
107,98,166.71611936967471
107,97,191.1123385182148
107,96,216.37045015115976
107,95,241.97687928464202
107,94,268.0698935189152
107,93,300.1823179294774
107,92,327.9461255648418
107,91,335.0432055588873
107,78,953.0801863215388
107,77,987.6927664507657
107,76,1024.1078931153277
107,75,1060.8890543333312
107,74,1096.4718786666365
107,73,1143.0093182708147
107,72,1184.1647940216046
107,71,1222.8755392921394
107,70,1261.9971443690936
107,69,1299.7925262557205
107,46,4210.992372881025
107,45,4293.447967560189
107,44,4381.019699693884
107,43,4469.395814077553
107,42,4554.0745498962715
107,41,4667.734540210081
107,40,4816.13482893842
107,39,4910.3267486796485
107,38,5005.419157397079
107,37,5096.536427036192
107,36,5463.501146733816
107,35,5551.493263094837
107,34,5640.113866996213
107,33,5754.875860255888
107,32,6204.208642293098
107,31,6304.65241655554
107,30,6595.838685915786
107,29,6699.730187930277
107,28,10967.14551160653
107,27,11161.590661632556
107,26,11368.834086327506
107,25,11577.935451580435
107,24,11777.555333485263
107,23,12046.316263225255
107,22,12562.104029410772
107,21,12790.213659035953
107,20,13020.476633374094
107,19,13240.759376524547
107,18,13831.766131053786
107,17,14029.613069790892
107,16,14228.794944451744
107,15,14481.430851716204
107,14,16452.512749002708
107,13,16707.52139323714
107,12,17245.799859107785
107,11,17496.17991789292
107,10,35223.45701320499
107,9,35752.207554708395
107,8,36284.897502756285
107,7,36946.46712491147
107,6,45668.8297250245
107,5,46482.564883464205
107,4,47369.343197908165
107,2,187273.79409451148
107,1,190342.54164850776
108,108,6.404405809670209
108,107,16.694856683104682
108,106,27.866840165667117
108,105,36.91462326345788
108,104,54.05185740429195
108,103,68.12296744938384
108,102,82.82040578039663
108,101,97.77843191109437
108,100,145.83587565245435
108,99,169.22039743114314
108,98,193.57250045694332
108,97,219.12548890183191
108,96,245.4870432300968
108,95,272.1136697055233
108,94,299.17597641697216
108,93,332.49462874126425
108,92,361.2153481431624
108,91,362.60920508370276
108,78,1003.0795002618797
108,77,1038.3521526522477
108,76,1075.472023735616
108,75,1112.9613018767975
108,74,1149.2150461556096
108,73,1196.6630866290257
108,72,1238.9463094527378
108,71,1278.39666297967
108,70,1318.2609028002196
108,69,1356.7609172113132
108,46,4333.813472443773
108,45,4417.480126297427
108,44,4506.325284581548
108,43,4595.977125165326
108,42,4681.87342972574
108,41,4797.103361245101
108,40,4950.254508827129
108,39,5045.835574647338
108,38,5142.32146183378
108,37,5234.769688031808
108,36,5605.500677545293
108,35,5694.794045986389
108,34,5784.719357377514
108,33,5901.090176269167
108,32,6371.683802778568
108,31,6473.93817085586
108,30,6770.620181372385
108,29,6876.357848780349
108,28,11229.470454277072
108,27,11426.382149243203
108,26,11636.211941022535
108,25,11847.903715508464
108,24,12050.00179508865
108,23,12321.89610949577
108,22,12854.934484056543
108,21,13086.06443852539
108,20,13319.359715431021
108,19,13542.549991531008
108,18,14139.107118351054
108,17,14339.671236877975
108,16,14541.579021669566
108,15,14797.461318733254
108,14,16864.252236703942
108,13,17124.623363197075
108,12,17674.353942853955
108,11,17930.042762801077
108,10,35953.01203029265
108,9,36488.589638498735
108,8,37028.131007532786
108,7,37697.506427475295
108,6,46852.51084285862
108,5,47687.403035665295
108,4,48573.69045850608
108,2,191782.80281286215
108,1,194926.93092903262
109,105,55.77143139601127
109,102,100.6388405155835
109,101,116.33366529677593
109,100,171.81615895011404
109,99,196.36985545766527
109,98,221.84046000194436
109,97,248.49810480017194
109,96,275.9203170297834
109,95,303.5321369251161
109,94,331.53491357764926
109,93,366.0333717515787
109,92,395.69668226148224
109,91,390.9037907175558
109,78,1054.1585777840535
109,77,1090.094195397158
109,76,1127.9213150904895
109,75,1166.1211404045462
109,74,1203.048412322661
109,73,1251.4082175170756
109,72,1294.8522486896395
109,71,1335.0453280100367
109,70,1375.6552932364395
109,69,1414.8631512270442
109,46,4458.388314630059
109,45,4543.2704934613785
109,44,4633.39337269858
109,43,4724.325243025455
109,42,4811.443595810496
109,41,4928.247014320906
109,40,5086.305530035456
109,39,5183.283340490419
109,38,5281.170369219798
109,37,5374.957258637962
109,36,5749.442419411628
109,35,5840.045992783485
109,34,5931.285014770744
109,33,6049.273541141998
109,32,6542.091883195327
109,31,6646.189715620956
109,30,6948.471593308546
109,29,7056.09030424439
109,28,11494.951933455677
109,27,11694.338140733345
109,26,11906.761825617685
109,25,12121.051589696586
109,24,12325.635984735614
109,23,12600.669166870228
109,22,13151.50428227758
109,21,13385.673630060373
109,20,13622.020510489258
109,19,13848.13771060679
109,18,14450.24245063808
109,17,14653.545834735287
109,16,14858.201783305718
109,15,15117.352633832119
109,14,17284.43891964544
109,13,17550.337940883812
109,12,18111.88374356084
109,11,18373.05503794912
109,10,36690.864937601495
109,9,37233.32166604638
109,8,37779.766929802805
109,7,38456.99379591703
109,6,48066.56940837015
109,5,48923.54899763806
109,4,49808.75485717184
109,2,196399.31458314005
109,1,199622.2243608139
110,105,72.14820978725483
110,102,119.58282135554373
110,101,135.94889188935235
110,100,199.27135862258407
110,99,224.92950245636703
110,98,251.46603647238052
110,97,279.1850846754498
110,96,307.63228456098545
110,95,336.2000888184645
110,94,365.1192352873898
110,93,400.7747941561141
110,92,431.37001211867147
110,91,419.925119110909
110,78,1106.3170813755798
110,77,1142.9186165831727
110,76,1181.4555589516876
110,75,1220.3684292167447
110,74,1257.9718931384098
110,73,1307.244732578478
110,72,1351.884020508801
110,71,1392.8230258111962
110,70,1434.1818893977652
110,69,1474.1008772591977
110,46,4584.7197295898495
110,45,4670.821952573001
110,44,4762.226903833529
110,43,4854.44316492668
110,42,4942.788102766427
110,41,5061.168619599532
110,40,5224.295742723229
110,39,5322.678028494901
110,38,5421.973995746555
110,37,5517.107386261431
110,36,5895.334818312839
110,35,5987.257691481765
110,34,6079.819570835502
110,33,6199.43484592544
110,32,6715.484791407846
110,31,6821.460357021772
110,30,7129.450590721937
110,29,7238.986809645243
110,28,11763.595312331983
110,27,11965.464112203972
110,26,12180.489327998943
110,25,12397.384774583634
110,24,12604.463718087254
110,23,12882.641356502538
110,22,13451.83393183347
110,21,13689.062089214185
110,20,13928.480226198333
110,19,14157.544088580777
110,18,14765.194009072591
110,17,14971.259115121851
110,16,15178.685855128399
110,15,15441.127824754205
110,14,17713.33863129911
110,13,17984.941267271013
110,12,18558.68855509127
110,11,18825.52756873783
110,10,37437.05696741154
110,9,37986.445701407494
110,8,38539.848173397564
110,7,39224.97295223635
110,6,49312.37802511843
110,5,50192.450059964
110,4,51071.55059137992
110,2,201108.46905749483
110,1,204413.6305670239
