Z,N,IE_pred_eV
1,1,13.605874253390997
2,2,17.183462406453888
2,1,54.42567057832796
3,3,5.268798788041746
3,2,61.98978305639611
3,1,122.46590966910284
4,4,6.36921784176027
4,3,17.464891090756872
4,2,134.45884319832098
4,1,217.73745934953547
5,5,7.543094955037063
5,4,19.59926737788501
5,3,36.68637481411724
5,2,234.5064819923146
5,1,340.2555345729738
6,6,9.886270665035543
6,5,21.80428456715576
6,4,39.962070283085005
6,3,62.88935491099426
6,2,362.0788711594644
6,1,490.03969742229333
7,7,12.333335049113673
7,6,25.218713534447907
7,5,43.30405076982535
7,4,67.39029160887523
7,3,96.04432415207579
7,2,517.1442894911046
7,1,667.1138571098982
8,8,9.701344590944435
8,7,28.753422783397657
8,6,47.89380087864375
8,5,71.95172032205777
8,4,101.83753566749223
8,3,136.13202076554958
8,2,699.6878357408972
8,1,871.5062699777197
9,9,12.357276063788987
9,8,27.229777129934263
9,7,52.61372458844571
9,6,77.79768325036564
9,5,107.68414323017952
9,4,143.27209385396134
9,3,183.1407718534593
9,2,909.7079241104144
9,1,1103.2495394972177
10,10,15.117489291725324
10,9,31.01277261710436
10,8,52.298615470525675
10,7,83.77327318857485
10,6,114.85063688389572
10,5,150.45730247552953
10,4,191.67294393348348
10,3,237.0647359536008
10,2,1147.2138984565747
10,1,1362.3806162693802
11,11,6.286540795742507
11,10,34.9187700604351
11,9,57.30716963906441
11,8,84.74373837055396
11,7,122.13068869957634
11,6,158.99651150484388
11,5,200.24095698957083
11,4,247.02710856371175
11,3,297.90270867834107
11,2,1412.2243696307755
11,1,1648.9407980247217
12,12,7.073121750898834
12,11,14.960789246941356
12,10,62.45574919056395
12,9,91.05332143496301
12,8,124.44725470284223
12,7,167.611465754174
12,6,210.19600767585743
12,5,257.0151115081226
12,4,309.3278632199511
12,3,365.65729163364483
12,2,1704.7660325381398
12,1,1962.9757296232863
13,13,7.885052799279967
13,12,16.267232547605
13,11,27.127115891607986
13,10,97.51838602433698
13,9,132.1169808880065
13,8,171.3225807185225
13,7,220.15989126765103
13,6,268.4222552560788
13,5,320.76762568873534
13,4,378.5734911051521
13,3,440.33430193106483
13,2,2024.8728088472624
13,1,2304.5354030546455
14,14,9.223987524138686
14,13,17.596994903407488
14,12,28.996117732719366
14,11,42.68155884326938
14,10,139.95623268266212
14,9,180.39964085321787
14,8,225.30497308631135
14,7,279.7337385447824
14,6,333.6578239120779
14,5,391.49255551594564
14,4,454.7663997131033
14,3,521.9423447773953
14,2,2372.5852153502647
14,1,2673.6741574378993
15,15,10.60873661502849
15,14,19.472381507040804
15,13,30.885844257816114
15,12,45.14563542821401
15,11,61.550591584282316
15,10,189.65901358480085
15,9,235.8276717057304
15,8,286.34532569266815
15,7,346.3006857922502
15,6,405.8926524260696
15,5,469.1889780770304
15,4,537.9124821594254
15,3,610.4924989117912
15,2,2747.949891592576
15,1,3070.4506790216737
16,16,9.736447674156086
16,15,21.400018514824623
16,14,33.338914660250346
16,13,47.62729711625656
16,12,64.63513486464672
16,11,83.68128344939693
16,10,246.54435674212567
16,9,298.3452171235825
16,8,354.40598955005737
16,7,419.83583905442794
16,6,485.1225834886125
16,5,553.8601429972823
16,4,628.0206476600238
16,3,705.998081596177
16,2,3151.019241808738
16,1,3494.9280011841247
17,17,11.214351754469218
17,16,21.08061322924461
17,15,35.84714552630938
17,14,50.689218576242716
17,13,67.73361827507831
17,12,87.40656993168103
17,11,109.03509451735465
17,10,310.549784813331
17,9,367.9094149093023
17,8,429.45788611883097
17,7,500.31998180648964
17,6,571.348307067274
17,5,645.5128493102504
17,4,725.1024711063654
17,3,808.4744706367017
17,2,3581.8511601452365
17,1,3947.1735044329357
18,18,12.73860916740769
18,17,23.11972689477762
18,16,36.12012889411531
18,15,53.80397577671001
18,14,71.42857199803252
18,13,91.1416928809833
18,12,113.41764769210553
18,11,137.5838313244992
18,10,381.62733635682554
18,9,444.4871016205024
18,8,511.4784702566403
18,7,587.7383141853769
18,6,664.5745853626598
18,5,744.1569808624815
18,4,829.1719279250209
18,3,917.9389679176721
18,2,4040.508817412335
18,1,4427.258916405317
19,19,4.431356958821807
19,18,25.213520511895535
19,17,38.75920556010685
19,16,54.698820812396804
19,15,75.16674563085903
19,14,95.48888255006061
19,13,117.80552169793648
19,12,142.63737092757572
19,11,169.30693460726945
19,10,459.73986269251003
19,9,528.0524903296215
19,8,600.4502648247113
19,7,682.079529233897
19,6,764.8096755441945
19,5,849.8051551165407
19,4,940.2451909516537
19,3,1034.410693574655
19,2,4527.060493869232
19,1,4935.26031186801
20,20,4.925099091336982
20,19,10.2662449610631
20,18,41.46053739183168
20,17,57.966639578553604
20,16,76.70599428099047
20,15,99.85998458075701
20,14,122.82052605763035
20,13,147.6913474552085
20,12,175.04305372047472
20,11,204.18961438161844
20,10,544.8584219256555
20,9,618.585502177373
20,8,696.3597882326188
20,7,783.3351255710296
20,6,872.064893796825
20,5,962.4724543269815
20,4,1058.3404730331877
20,3,1157.9105030708552
20,2,5041.579446851965
20,1,5471.25811271728
21,21,5.438378289303646
21,20,11.066976077726599
21,19,23.538215199814303
21,18,61.30359496986842
21,17,80.6244722308743
21,16,102.0612559897777
21,15,127.82770221827244
21,14,153.3870564347673
21,13,180.7743971146174
21,12,210.61827247802708
21,11,242.2215390984644
21,10,636.9604090191675
21,9,716.070546720507
21,8,799.1967573041285
21,7,891.4988887999971
21,6,986.3542819104166
21,5,1082.1762173990735
21,4,1183.4779037829794
21,3,1288.460921595324
21,2,5584.143805058137
21,1,6035.337087978922
22,22,5.977100166931073
22,21,11.897785962027449
22,20,25.707501636088928
22,19,39.08293443312824
22,18,84.61834354449358
22,17,106.6474563049538
22,16,130.70503569268905
22,15,159.0276849577062
22,14,187.16167536906528
22,13,217.0366485946205
22,12,249.35142769317804
22,11,283.39589605202644
22,10,736.0281904464211
22,9,820.4956163499569
22,8,908.9534864180195
22,7,1006.566495237482
22,6,1107.6943493385909
22,5,1208.9358770301344
22,4,1315.6794321453897
22,3,1426.0860917037216
22,2,6154.836483429067
22,1,6627.586353808259
23,23,6.541265769730561
23,22,16.638104894684226
23,21,27.93902796768299
23,20,41.86801052565255
23,19,58.19919016570734
23,18,111.31475088510685
23,17,135.97250569494264
23,16,162.59246324106115
23,15,193.4276959399745
23,14,224.12481581691978
23,13,256.4652653168558
23,12,291.23471433833225
23,11,327.708706003861
23,10,842.0480915182828
23,9,931.8516043538847
23,8,1025.6244287838401
23,7,1128.5352055846183
23,6,1236.103871524578
23,5,1342.772831043232
23,4,1454.9687486770258
23,3,1570.8117311844924
23,2,6753.745114094622
23,1,7248.099373490141
24,24,7.12339004176179
24,23,18.387334767031277
24,22,30.232796171938553
24,21,44.72220258721503
24,20,61.62453013287133
24,19,80.7766944940289
24,18,141.326278989363
24,17,168.55215110459284
24,16,197.68929548284032
24,15,231.00287760451184
24,14,264.26245045304574
24,13,299.0514769460046
24,12,336.2633717018874
24,11,375.15831530436714
24,10,955.0096345576649
24,9,1050.1317847657622
24,8,1149.2058221273787
24,7,1257.4036255968283
24,6,1371.6037306788585
24,5,1483.71033982197
24,4,1601.3712230419608
24,3,1722.6650988941665
24,2,7380.9619899521895
24,1,7896.973957438951
25,25,7.745932579710499
25,24,14.570707616202432
25,23,32.58694226099237
25,22,47.6455135700061
25,21,65.12523710461547
25,20,84.86127594425999
25,19,106.73361405259745
25,18,174.60291681573054
25,17,204.35019373199216
25,16,235.96913640638053
25,15,271.7339359106208
25,14,307.56488379685493
25,13,344.7897648574013
25,12,384.4351280981932
25,11,425.74501414152263
25,10,1074.9049583455678
25,9,1175.3314109409164
25,8,1279.6954120825444
25,7,1393.1715172615136
25,6,1514.2167889381092
25,5,1631.7734438715872
25,4,1754.9138533562682
25,3,1881.6749668570656
25,2,8036.5840182627935
25,1,8574.312263198593
26,26,8.38643612473323
26,25,15.521852311169273
26,24,31.165217797263253
26,23,50.633262363320526
26,22,68.70131515558481
26,21,89.02691935441165
26,20,111.49244283800519
26,19,136.00816124476384
26,18,211.10656054415787
26,17,243.3387433982546
26,16,277.41149652917784
26,15,315.60584535596917
26,14,354.02587423086163
26,13,393.6772598520204
26,12,435.7497838950745
26,11,479.4707458520498
26,10,1201.7283704651582
26,9,1307.4474024159842
26,8,1417.0922341141747
26,7,1535.8396484730604
26,6,1663.9677864753223
26,5,1786.9888970450468
26,4,1915.6252248415128
26,3,2047.8715973291144
26,2,8720.712682249192
26,1,9280.2207954425
27,27,9.052388070612462
27,26,20.124652246887983
27,25,33.645451730004595
27,24,49.85456820497717
27,23,72.3430055840781
27,22,93.27363005207162
27,21,116.33753647678797
27,20,141.453313611431
27,19,168.55300751024055
27,18,250.80787010248068
27,17,285.4961537516028
27,16,322.0004106709178
27,15,362.60690875718956
27,14,403.64198551229515
27,13,445.7132903500075
27,12,490.2088942998334
27,11,536.3388829387467
27,10,1335.4759983742088
27,9,1446.4780982095701
27,8,1561.396440018563
27,7,1685.4096723508312
27,6,1820.883259017376
27,5,1949.3851120682202
27,4,2083.535475850778
27,3,2221.2867238250014
27,2,9433.454009130966
27,1,10014.810405973636
28,28,9.74378970967923
28,27,22.092996805904278
28,26,36.187910611343305
28,25,52.98469471046722
28,24,72.22917098729755
28,23,97.58342782358338
28,22,121.26890166455142
28,21,146.9894991064365
28,20,174.69435992005654
28,19,204.3314747897906
28,18,293.6840808336251
28,17,330.80555349456677
28,16,369.7234355931355
28,15,412.7280635342333
28,14,456.4121008043045
28,13,500.8990389987991
28,12,547.815525149691
28,11,596.3540526044669
28,10,1476.1455147162478
28,9,1592.423060685133
28,8,1712.6091587238395
28,7,1841.8840295987777
28,6,1984.991470590512
28,5,2118.992115800135
28,4,2258.676269777834
28,3,2401.9535353320825
28,2,10174.918543372147
28,1,10778.196293724497
29,29,10.451574336858236
29,28,24.11600584133971
29,27,38.79259521400497
29,26,56.183908777995015
29,25,76.03038913166425
29,24,98.15103100217574
29,23,126.25619519517433
29,22,152.61672589488415
29,21,180.9311297774184
29,20,211.17722611135648
29,19,243.31487961552358
29,18,339.71744887637846
29,17,379.25378255094057
29,16,420.57091126227346
29,15,465.96236236820664
29,14,512.3370536718812
29,13,559.2372785419057
29,12,608.5740628443062
29,11,659.5219994930046
29,10,1623.7359190825448
29,9,1745.282918289576
29,8,1870.732383733518
29,7,2005.2658689333325
29,6,2156.322358312076
29,5,2295.841512257439
29,4,2441.08077169428
29,3,2589.9066631035494
29,2,10945.221324175798
29,1,11570.498004757095
30,30,11.202947483518669
30,29,19.62734375680663
30,28,41.45950633343726
30,27,59.45221153164539
30,26,79.90692731061995
30,25,102.63935744019942
30,24,127.51806905451441
30,23,158.28703753147838
30,22,187.26332680654588
30,21,218.12243954153982
30,20,250.8719319459185
30,19,285.4806432689651
30,18,388.89412652771875
30,17,430.8306089108311
30,16,474.5354083819229
30,15,522.3045792253421
30,14,571.4193445037896
30,13,620.7321664151
30,12,672.4900649256671
30,11,725.8494767026572
30,10,1778.2473631446642
30,9,1905.0592384683648
30,8,2035.7688814490514
30,7,2175.5589817961527
30,6,2334.9074867844706
30,5,2479.966451875394
30,4,2630.783628811628
30,3,2785.1821695522694
30,2,11744.481866459366
30,1,12391.83943226298
31,31,11.96100552574152
31,30,20.7417288598632
31,29,31.193821614992363
31,28,62.789604123507374
31,27,83.85878704875863
31,26,107.20867486949344
31,25,132.7058389044136
31,24,160.25328604111877
31,23,193.6189127392659
31,22,225.16712644299574
31,21,258.53218997007383
31,20,293.7548844316304
31,19,330.8109225703546
31,18,441.2033352729929
31,17,485.5281435660652
31,16,531.6113096989748
31,15,581.7509068540049
31,14,633.662920170599
31,13,685.3890833940786
31,12,739.5701415199803
31,11,795.3441585074628
31,10,1939.6810094287348
31,9,2071.754424213098
31,8,2207.72211598943
31,7,2352.7677484472683
31,6,2520.7800101979874
31,5,2671.4016058118045
31,4,2827.8209540571756
31,3,2987.817538865533
31,2,12572.824144698474
31,1,13242.34881656322
32,32,13.023102830534452
32,31,21.860670264409443
32,30,32.689810838166785
32,29,44.980844266880865
32,28,87.88596990394969
32,27,111.8589852582362
32,26,137.9797729529376
32,25,166.15016274052542
32,24,196.29761405072023
32,23,232.20737117762116
32,22,266.2956667594759
32,21,302.1358073648649
32,20,339.8074389111665
32,19,379.2916016418331
32,18,496.63674865313624
32,17,543.3403975544435
32,16,591.7944888183092
32,15,644.2987219320773
32,14,699.0730010742265
32,13,753.2145056613333
32,12,809.8218604572251
32,11,868.0145699064999
32,10,2108.0389164183157
32,9,2245.371629270126
32,8,2386.5961871460513
32,7,2536.8970931899407
32,6,2713.974640664092
32,5,2870.183144354422
32,4,3032.230312199701
32,3,3197.8516690374513
32,2,13430.376579146927
32,1,14122.158745108427
33,33,14.109848091959215
33,32,23.295130399141655
33,31,34.18806486237845
33,30,46.87141971357566
33,29,60.87071621528365
33,28,116.590290613069
33,27,143.33987364954646
33,26,172.13793634716833
33,25,202.9112857365011
33,24,235.60507468833512
33,23,274.01733872439564
33,22,310.6234269116498
33,21,348.9138748130782
33,20,389.01484055717214
33,19,430.91153850065365
33,18,555.1880255028412
33,17,604.2629424816711
33,16,655.0820610624205
33,15,709.9464008702902
33,14,767.6559441206356
33,13,824.2159024928342
33,12,883.2536707327466
33,11,943.8700293356293
33,10,2283.3239444341734
33,9,2425.914688198817
33,8,2572.395778871746
33,7,2727.9524469723315
33,6,2914.52762161611
33,5,3076.3487186871835
33,4,3244.0507080748193
33,3,3415.324865075316
33,2,14317.272024035006
33,1,15031.406152478727
34,34,13.928036724421625
34,33,24.755791903316627
34,32,36.01265977682126
34,31,48.76178192569625
34,30,63.165206096106694
34,29,78.77998513563398
34,28,148.78614348721825
34,27,178.21660982480498
34,26,209.62019705263756
34,25,242.94174492711988
34,24,278.13942330356105
34,23,319.02083817332226
34,22,358.13024694652074
34,21,398.8510240182523
34,20,441.36543414413455
34,19,485.6619945135627
34,18,616.8524525692027
34,17,668.2926474244966
34,16,721.4721882287756
34,15,778.6931739818265
34,14,839.4191332102422
34,13,898.401653776762
34,12,959.8748403057244
34,11,1022.9206017606446
34,10,2465.5396780375695
34,9,2613.388058332282
34,8,2765.126116275187
34,7,2925.939715986163
34,6,3122.4767053559285
34,5,3289.937445421134
34,4,3463.3225765484053
34,3,3640.2788331829584
34,2,15233.647757422423
34,1,15970.232320383777
35,35,15.068215091802715
35,34,24.95546112243615
35,33,37.8614325795869
35,32,50.98873719890227
35,31,65.45681579204803
35,30,81.48527580554537
35,29,98.64828982817973
35,28,184.38618618560392
35,27,216.4243515061597
35,26,250.37765171425116
35,25,286.20416362592556
35,24,323.87177481361846
35,23,367.1953454279219
35,22,408.8001705730732
35,21,451.93510878000933
35,20,496.8500661462607
35,19,543.5361970357549
35,18,681.6266677895703
35,17,735.4274729232325
35,16,790.9639241337989
35,15,850.5390090183922
35,14,914.3708910136721
35,13,975.7809830230989
35,12,1039.695405198084
35,11,1105.177060022376
35,10,2654.690361670186
35,9,2807.7967713432417
35,8,2964.792929526415
35,7,3130.8652551698033
35,6,3337.8611340119182
35,5,3510.989893413071
35,4,3690.087773925985
35,3,3872.7566757610202
35,2,16179.645472441414
35,1,16938.782877662772
36,36,16.234473576375688
36,35,26.481808325126423
36,34,38.45932508302875
36,33,53.23295126753278
36,32,68.09477975320806
36,31,84.1848381393588
36,30,101.76960119357133
36,29,120.43129164202641
36,28,223.32375265722183
36,27,257.91279912553176
36,26,294.3718300987159
36,25,332.66878236928676
36,24,372.7788928298837
36,23,418.52258393405083
36,22,462.6205828788797
36,21,508.1565801916487
36,20,555.4616267869308
36,19,604.529000381824
36,18,749.5084438003009
36,17,805.6663081386208
36,16,863.5570913506032
36,15,925.4845174050398
36,14,992.5204073618265
36,13,1056.3639025752507
36,12,1122.7261275704088
36,11,1190.6508527890712
36,10,2850.7808459701296
36,9,3009.1463926107554
36,8,3171.4024234117837
36,7,3342.7358457448872
36,6,3560.7216233184326
36,5,3739.548072486705
36,4,3924.389570570735
36,3,4112.802887093349
36,2,17155.411269712873
36,1,17937.20780028441
37,37,4.361283227383286
37,36,28.03892436291385
37,35,40.38816227027841
37,34,54.240283327583235
37,33,70.73674164514516
37,32,87.2400938744705
37,31,104.88216698634741
37,30,123.9726871134481
37,29,144.096055296338
37,28,265.5471912944135
37,27,302.64242738902055
37,26,341.5721318546386
37,25,382.3116816404456
37,24,424.8419362050852
37,23,472.9876272328966
37,22,519.5815590835158
37,21,567.5080084898705
37,20,617.1946953279968
37,19,668.6366203089239
37,18,820.4965169449545
37,17,879.0088409937252
37,16,939.2521820393155
37,15,1003.5308781802139
37,14,1073.8776807141674
37,13,1140.1611685088835
37,12,1208.978460981511
37,11,1279.3540778354788
37,10,3053.8165427541853
37,9,3217.4429869606765
37,8,3384.9612515331005
37,7,3561.5586760879414
37,6,3791.1003487409066
37,5,3975.6554237434916
37,4,4166.272644536264
37,3,4360.4633496121405
37,2,18161.09565075606
37,1,18965.661411346948
38,38,4.751148109448222
38,37,9.665979938015026
38,36,42.35203556401096
38,35,56.58243748924955
38,34,72.16118773800385
38,33,90.27816928847447
38,32,108.3594023353054
38,31,127.5021642851846
38,30,148.0607853166704
38,29,169.6179485928521
38,28,311.01596022591286
38,27,350.58182854799236
38,26,391.95398349891735
38,25,435.1134811321308
38,24,480.0455268558482
38,23,530.578221767279
38,22,579.6753665782364
38,21,629.9837129938517
38,20,682.045262477854
38,19,735.856424092937
38,18,894.5904510228017
38,17,955.4554537719602
38,16,1018.0502775560923
38,15,1084.6797758635316
38,14,1158.453470003227
38,13,1227.1842432781962
38,12,1298.4645214362076
38,11,1371.2994596439712
38,10,3263.803387077418
38,9,3432.6930896433996
38,8,3605.476494345112
38,7,3787.3413253733825
38,6,4029.0409335601767
38,5,4219.356811207791
38,4,4415.783076055108
38,3,4615.785330653179
38,2,19196.85351224333
38,1,20024.30238107815
39,39,2.8556013976777663
39,38,10.292732214683637
39,37,20.348766513664646
39,36,58.963505834863504
39,35,74.92398274153244
39,34,92.12507595236559
39,33,111.78865469559388
39,32,131.40497452308335
39,31,152.01028241048266
39,30,174.00868698345667
39,29,196.9785119035945
39,28,359.6978777937988
39,27,401.7058043125777
39,26,445.49749099548853
39,25,491.05837336550496
39,24,538.3770470169405
39,23,591.284269523739
39,22,642.8960798461787
39,21,695.5794727194749
39,20,750.0105110751506
39,19,806.186763095767
39,18,971.7905278267172
39,17,1035.0071385418153
39,16,1099.9529828240418
39,15,1168.9333493668412
39,14,1246.2592547725785
39,13,1317.4452646011478
39,12,1391.1970631271292
39,11,1466.500330533828
39,10,3480.7478051055577
39,9,3654.9036816382472
39,8,3832.9556403813185
39,7,4020.091749530509
39,6,4274.588438600694
39,5,4470.698514596742
39,4,4672.968342751662
39,3,4878.817479627813
39,2,20262.844140976144
39,1,21113.293726835313
40,40,5.570359337673786
40,39,10.924345014607201
40,38,21.7998277337194
40,37,32.36215692128151
40,36,77.72921947394826
40,35,95.31354633025076
40,34,114.06180648267497
40,33,135.21753473601407
40,32,156.34150625310284
40,31,178.3807487859885
40,30,201.79752152615012
40,29,226.1639630445278
40,28,411.5671500588002
40,27,455.99397234721465
40,26,502.18643969748723
40,25,550.1333958468148
40,24,599.8261028367191
40,23,655.0974282768217
40,22,709.239279563931
40,21,764.2922979091625
40,20,821.0886412815031
40,19,879.6268381312892
40,18,1052.0976585303217
40,17,1117.6654281562548
40,16,1184.9623724010746
40,15,1256.2941497266088
40,14,1337.3072019896306
40,13,1410.957019401572
40,12,1487.189458006455
40,11,1564.9706146871372
40,10,3704.656686787367
40,9,3884.0821685503834
40,8,4067.406570141003
40,7,4259.818269141467
40,6,4527.789353344017
40,5,4729.728223042144
40,4,4937.877315470887
40,3,5149.609825550457
40,2,21359.231209478843
40,1,22232.80281310527
41,41,5.998897206550919
41,40,14.131414732533878
41,39,23.285905458897624
41,38,34.20767752054527
41,37,46.68066161473335
41,36,98.54767404171034
41,35,117.67946063359511
41,34,137.9196506108626
41,33,160.52677471357362
41,32,183.1426976635118
41,31,206.59429368756315
41,30,231.4132138561699
41,29,257.164128149574
41,28,466.6029318132413
41,27,513.4297330627827
41,26,562.0075418607166
41,25,612.3278760046148
41,24,664.3841102525029
41,23,722.0107994639014
41,22,778.7018152160186
41,21,836.1202480525745
41,20,895.2787301066023
41,19,956.1765903813725
41,18,1135.513311441171
41,17,1203.4323395847048
41,16,1273.0809458853164
41,15,1346.7651049319097
41,14,1431.6101382656288
41,13,1507.732921875174
41,12,1586.4556785005195
41,11,1666.7248145657186
41,10,3935.537362510861
41,9,4120.236362505096
41,8,4308.837542207577
41,7,4506.529558974217
41,6,4788.691588214435
41,5,4996.495029621198
41,4,5210.560254632296
41,3,5428.213774870616
41,2,22486.182772123335
41,1,23383.001351504372
42,42,6.449014731122819
42,41,15.294439478935859
42,40,24.807000968951634
42,39,36.092086230027775
42,38,48.930919107610286
42,37,63.172673792407636
42,36,121.34571162557226
42,35,141.9689635243272
42,34,163.65983725583004
42,33,187.687438795384
42,32,211.78891105027873
42,31,236.63655980251434
42,30,262.84538258541335
42,29,289.97166412651535
42,28,524.7882607498694
42,27,573.9994929412775
42,26,624.9498633110437
42,25,677.6330030266232
42,24,732.0439719048611
42,23,792.0186821234528
42,22,851.281616146097
42,21,911.0622857431177
42,20,972.5806176604758
42,19,1035.8366123859776
42,18,1222.0394527041947
42,17,1292.310327083669
42,16,1364.3115908268433
42,15,1440.3494904973622
42,14,1529.1815264829058
42,13,1607.7869949379801
42,12,1689.0102828175404
42,11,1771.7779993118174
42,10,4173.3975830820955
42,9,4363.374466554348
42,8,4557.257181245926
42,7,4760.234638898536
42,6,5057.344467860193
42,5,5271.049426577137
42,4,5491.0688070336355
42,3,5714.682109566518
42,2,23643.871261711556
42,1,24564.065400778494
43,43,6.92132006313252
43,42,12.95630938479304
43,41,26.3614321806796
43,40,38.01538492438533
43,39,51.22358541673738
43,38,65.83500486592068
43,37,81.7422618574987
43,36,146.06956885974307
43,35,168.14257592166138
43,34,191.25291692946595
43,33,216.67727738851985
43,32,242.2655335960271
43,31,268.49696776912305
43,30,296.08653967657887
43,29,324.5814844481983
43,28,586.1092570520698
43,27,637.6920733217324
43,26,691.004381573096
43,25,746.0414940938995
43,24,802.7998226293166
43,23,865.1163771774236
43,22,926.9775399170701
43,21,989.1181584132152
43,20,1052.9948143913748
43,19,1118.608074931226
43,18,1311.6784973296744
43,17,1384.302243271585
43,16,1458.6575517133838
43,15,1537.050904716137
43,14,1630.0354460352091
43,13,1711.133854464274
43,12,1794.8684024058518
43,11,1880.1457948027078
43,10,4418.24550248771
43,9,4613.505061198159
43,8,4812.67446758867
43,7,5020.942865976459
43,6,5333.798725283667
43,5,5553.443301130271
43,4,5779.456003040886
43,3,6009.068985464245
43,2,24832.473486453895
43,1,25776.17536680305
44,44,7.398111640829031
44,43,15.553829630238187
44,42,25.79253294537867
44,41,39.97360475002904
44,40,53.55866309257101
44,39,68.54295323966434
44,38,84.82199948283757
44,37,102.31810630342163
44,36,172.67908704242663
44,35,196.17035950472425
44,34,220.6762797247885
44,33,247.47904271661668
44,32,274.5618109795419
44,31,302.1678930870818
44,30,331.13150007123136
44,29,360.990329159609
44,28,650.5545146866427
44,27,704.4982551510911
44,26,760.1636417047434
44,25,817.5473316639326
44,24,876.6468271675164
44,23,941.300030463982
44,22,1005.789249676105
44,21,1070.2883019453534
44,20,1136.5224249335529
44,19,1204.492666622478
44,18,1404.4332685105767
44,17,1479.4113065958363
44,16,1556.1224039014098
44,15,1636.8732477477934
44,14,1734.1865760462667
44,13,1817.7886958368813
44,12,1904.0457312043256
44,11,1991.8443750905478
44,10,4670.089662999988
44,9,4870.637092693696
44,8,5075.0987281711705
44,7,5288.66392755376
44,6,5618.106496697841
44,5,5843.729931796096
44,4,6075.776254111134
44,3,6311.429930751881
44,2,26052.170627290874
44,1,27019.516002582986
45,45,7.897092567391433
45,44,16.80957707746387
45,43,27.41849137894527
45,42,39.81447226447328
45,41,55.928272764649435
45,40,71.29652220989361
45,39,87.95028657617509
45,38,105.8191925623391
45,37,124.84628732525773
45,36,201.14386383690842
45,35,226.0293656746607
45,34,251.91242473970473
45,33,280.07929029191814
45,32,308.67000215164614
45,31,337.6440596720021
45,30,367.97694008188495
45,29,399.1964387593049
45,28,718.114633107162
45,27,774.4104246993852
45,26,832.4214856094954
45,25,892.1455548126586
45,24,953.5810180424938
45,23,1020.5665058751492
45,22,1087.7171142641737
45,21,1154.5737615869227
45,20,1223.1650852004468
45,19,1293.4925436499138
45,18,1500.3069636394082
45,17,1577.6410740012896
45,16,1656.7100315973123
45,15,1739.8207038656321
45,14,1841.6501810560546
45,13,1927.7672824236881
45,12,2016.558516393264
45,11,2106.890455007548
45,10,4928.938982261383
45,9,5134.779862881419
45,8,5344.539628615928
45,7,5563.407835207735
45,6,5910.321317006425
45,5,6141.963985140275
45,4,6380.085350603278
45,3,6621.821844662742
45,2,27303.14823551374
45,1,28294.27640825276
46,46,9.25399401167503
46,45,18.09607650967814
46,44,29.079457659393587
46,43,41.85406134079962
46,42,56.18769326407899
46,41,74.0817685473199
46,40,91.1271272400884
46,39,109.37151635845075
46,38,128.77168377673502
46,37,149.2854550610437
46,36,231.44063356996818
46,35,257.7018592172663
46,34,284.94773029005376
46,33,314.4675114258502
46,32,344.58475731502443
46,31,374.92208672916314
46,30,406.62106282103684
46,29,439.19930396116604
46,28,788.781853130205
46,27,847.4222951393416
46,26,907.7728372114042
46,25,969.8320921240818
46,24,1033.5991646149978
46,23,1102.91328208604
46,22,1172.7621263052872
46,21,1241.976126655694
46,20,1312.924910114792
46,19,1385.6102877979797
46,18,1599.3031257735452
46,17,1678.9954178563496
46,16,1760.4246091737439
46,15,1845.8977263207382
46,14,1952.442098761779
46,13,2041.0859356661822
46,12,2132.4235504070384
46,11,2225.30128375555
46,10,5194.802742048292
46,9,5405.943020303549
46,8,5621.007166299804
46,7,5845.184919429967
46,6,6210.498115821104
46,5,6448.201512911187
46,4,6692.44045983819
46,3,6940.302996305677
46,2,28585.596230645424
46,1,29600.650031076366
47,47,8.943923415811241
47,46,19.413328367596957
47,45,30.775432467818696
47,44,43.932522450242374
47,43,58.64934569813732
47,42,74.7657275897191
47,41,94.32978792199457
47,40,112.97508265306232
47,39,132.75079015030892
47,38,153.6374232880852
47,37,175.60351786317653
47,36,263.55144552495074
47,35,291.1740576313144
47,34,319.77156490413614
47,33,350.6354955545197
47,32,382.3026536905555
47,31,414.0001458250446
47,30,447.0633417408745
47,29,480.99947160949483
47,28,862.54977102007
47,27,923.5286857561985
47,26,986.213530530871
47,25,1050.6036268117455
47,24,1116.6986665581587
47,23,1188.3383679216913
47,22,1260.9258346164406
47,21,1332.4974763138534
47,20,1405.80444993752
47,19,1480.848871164085
47,18,1701.425619557704
47,17,1783.4785063831864
47,16,1867.2705852468011
47,15,1955.1090243838503
47,14,2066.5787294777147
47,13,2157.7615265230597
47,12,2251.6581640122326
47,11,2347.0946393304785
47,10,5467.690578464833
47,9,5684.13655242736
47,8,5904.511664264631
47,7,6134.005824942054
47,6,6518.693213942954
47,5,6762.49994949976
47,4,7012.900124375892
47,3,7266.933023623646
47,2,29899.70889854953
47,1,30938.834665447324
48,48,9.498688374692145
48,47,16.72811650926043
48,46,32.506416502090936
48,45,46.049856571016434
48,44,61.1533808689996
48,43,77.65511399856253
48,42,95.44239721830722
48,41,116.59502513069268
48,40,136.78361231151348
48,39,158.0453829820011
48,38,180.38381479799452
48,37,203.7753231322362
48,36,297.46237275954246
48,35,326.43522094501924
48,34,356.37563462311266
48,33,388.5768548518056
48,32,421.8218445702566
48,31,454.877698293762
48,30,489.30432191969373
48,29,524.5983926480762
48,28,939.4131119355001
48,27,1002.7253453815106
48,26,1067.7401710176962
48,25,1134.4574870639233
48,24,1202.8774666102709
48,23,1276.8402325596485
48,22,1352.2102881049327
48,21,1426.1403342849055
48,20,1501.8066535912224
48,19,1579.2116263696332
48,18,1806.6786108129268
48,17,1891.0947869872398
48,16,1977.2526690499174
48,15,2067.459552208288
48,14,2184.0770270392945
48,13,2277.8114680576587
48,12,2374.280220289097
48,11,2472.288823657546
48,10,5747.612473358752
48,9,5969.370778816182
48,8,6195.063765853898
48,7,6429.881506558036
48,6,6834.964320246039
48,5,7084.918109683838
48,4,7341.524260481874
48,3,7601.772932464402
48,2,31245.684889738975
48,1,32309.032452888692
49,49,10.05591863560288
49,48,17.549670133419166
49,47,26.351865818677357
49,46,48.20606470201145
49,45,63.69980008971329
49,44,80.59007893938362
49,43,98.76335021407972
49,42,118.13912120716506
49,41,140.81914992527976
49,40,162.50934095219114
49,39,185.222215542916
49,38,208.98533925902106
49,37,233.7810023084128
49,36,333.16258108204573
49,35,363.476984287604
49,34,394.7534969852013
49,33,428.2866652400764
49,32,463.1417908706546
49,31,497.5552919755885
49,30,533.3454645541799
49,29,569.998301933534
49,28,1019.367548893295
49,27,1085.008810084199
49,26,1152.3500228918851
49,25,1221.3915562895018
49,24,1292.1339786635858
49,23,1368.417747626169
49,22,1446.6179889418106
49,21,1522.9076308412655
49,20,1600.9348377067308
49,19,1680.7022212921263
49,18,1915.0665491575883
49,17,2001.8489719974411
49,16,2090.3758187273693
49,15,2182.9544992223987
49,14,2304.9544909258557
49,13,2401.2537089947896
49,12,2500.3081093817755
49,11,2600.902658333734
49,10,6034.578746785419
49,9,6261.656345116124
49,8,6492.67442997651
49,7,6732.823225520586
49,6,7159.370528910653
49,5,7415.516186620564
49,4,7678.374156758793
49,3,7944.885095749502
49,2,32623.727217860334
49,1,33711.449882053035
50,50,10.809550081667266
50,49,18.371692860622257
50,48,27.450257609784128
50,47,37.61411053589199
50,46,66.28860469789254
50,45,83.57062409241804
50,44,102.13279846605772
50,43,121.89423039351139
50,42,142.7966897095158
50,41,166.9574596929292
50,40,190.11872788586646
50,39,214.25542116370016
50,38,239.4218608599965
50,37,265.6047695864227
50,36,370.643647190304
50,35,402.2928615000866
50,34,434.9001944296977
50,33,469.761192081246
50,32,506.26305355580104
50,31,542.0344023047485
50,30,579.1890241379075
50,29,617.2021224100475
50,28,1102.4095569637711
50,27,1170.3762876320577
50,26,1240.040916989768
50,25,1311.4041991849945
50,24,1384.4670281403621
50,23,1463.070138891255
50,22,1544.1518532729442
50,21,1622.8026707379395
50,20,1703.1926603785469
50,19,1785.324637538353
50,18,2026.5941531482515
50,17,2115.7460264204124
50,16,2206.64523123938
50,15,2301.5992818120826
50,14,2429.2291594158164
50,13,2528.1067281022956
50,12,2629.760743905161
50,11,2732.9554808909274
50,10,6328.600050373599
50,9,6561.004217747067
50,8,6797.354926913678
50,7,7042.842546248828
50,6,7491.972316961205
50,5,7754.355750055547
50,4,8023.512472923097
50,3,8296.333252729704
50,2,34034.04325833279
50,1,35146.29778872248
51,51,11.578645509449581
51,50,19.398100991005126
51,49,28.547116387969275
51,48,38.99551389594076
51,47,50.378639528392796
51,46,86.59675116629772
51,45,105.55074404942121
51,44,125.70050466166676
51,43,146.9876934789943
51,42,169.3697871006726
51,41,194.9752287244046
51,40,219.58557764315077
51,39,245.12461317076728
51,38,271.6773986582699
51,37,299.23403645095914
51,36,409.89905216448733
51,35,442.87787115091146
51,34,476.8119744872608
51,33,512.9976782841991
51,32,551.1871315140058
51,31,588.3173069170936
51,30,626.8379506228251
51,29,666.2133880990735
51,28,1188.5362949780372
51,27,1258.8255630452327
51,26,1330.8111749012426
51,25,1404.4942004696763
51,24,1479.875802279674
51,23,1560.7969457593351
51,22,1644.8151780913427
51,21,1725.8291060361682
51,20,1808.5840988149935
51,19,1893.0831520286295
51,18,2141.2663975246505
51,17,2232.791157384718
51,16,2326.0663336259845
51,15,2423.3995360958684
51,14,2556.919603619862
51,13,2658.3895292767693
51,12,2762.657554914547
51,11,2868.467141506931
51,10,6629.6873614696515
51,9,6867.425679203521
51,8,7109.116834597701
51,7,7359.951333444817
51,6,7832.831542070376
51,5,8101.499744721994
51,4,8377.003238709001
51,3,8656.18250831642
51,2,35476.84474712362
51,1,36613.79135580863
52,52,11.536157931191234
52,51,20.440268090817334
52,50,29.855826548507007
52,49,40.373339591236316
52,48,52.04685251856875
52,47,64.55065541925744
52,46,109.01718907147858
52,45,129.55794650561305
52,44,151.2323136415427
52,43,173.997835661228
52,42,197.82325740163816
52,41,224.8451626184533
52,40,250.88926907336895
52,39,277.8136297745746
52,38,305.73922202709156
52,37,334.658749807864
52,36,450.9238003125941
52,35,485.22825141112816
52,34,520.4860738722082
52,33,557.9941789760467
52,32,597.9163337562852
52,31,636.4069858547062
52,30,676.2958108590449
52,29,717.036181749954
52,28,1277.7455088959593
52,27,1350.354920895698
52,26,1424.6595461432237
52,25,1500.6607138326049
52,24,1578.3598084687196
52,23,1661.5979871288243
52,22,1748.6116131738909
52,21,1831.9909129697385
52,20,1917.1134302257956
52,19,2003.9823211803757
52,18,2259.0885022195866
52,17,2352.9898050094184
52,16,2448.644775421114
52,15,2548.361111628777
52,14,2688.044922263569
52,13,2792.1216372326426
52,12,2899.018488359256
52,11,3007.4580001029667
52,10,6937.851977955574
52,9,7180.9323238852085
52,8,7427.972035301772
52,7,7684.1617495133705
52,6,8182.011440596496
52,5,8457.012488906668
52,4,8738.91185288459
52,3,9024.499332480365
52,2,36952.347779644704
52,1,38114.150113352676
53,53,12.339744845095053
53,52,20.676362329582844
53,51,31.17769344416721
53,50,41.97004134169969
53,49,53.70938340916312
53,48,66.50799552910638
53,47,80.06269341660042
53,46,133.46655845507257
53,45,155.53055313051533
53,44,178.6817582362581
53,43,202.88909231967457
53,42,228.1295030746768
53,41,256.545589234292
53,40,284.01347382747065
53,39,312.30961072573757
53,38,341.59717514985283
53,37,371.87089088582735
53,36,493.71412891613227
53,35,529.3412402891206
53,34,565.9205501985223
53,33,604.7494313002751
53,32,646.453677799619
53,31,686.3070415051579
53,30,727.5667250438329
53,29,769.6750840095531
53,28,1370.0354523598558
53,27,1444.9630809982514
53,26,1521.5851558353118
53,25,1599.9032191638187
53,24,1679.91883914278
53,23,1765.4733324841677
53,22,1855.5451372029956
53,21,1941.292372170191
53,20,2028.7852154134348
53,19,2118.0269672731943
53,18,2380.065922855523
53,17,2476.3476344778387
53,16,2574.3864220441615
53,15,2676.4900658986858
53,14,2822.6247371119384
53,13,2929.3230937099697
53,12,3038.8640019537966
53,11,3149.948923775724
53,10,7253.105513652234
53,9,7501.536054388956
53,8,7753.932712688885
53,7,8015.486252256433
53,6,8539.576625825814
53,5,8820.95967316281
53,4,9109.305082366896
53,3,9401.35155970961
53,2,38460.77280975587
53,1,39647.597938525294
54,54,13.160024101583812
54,53,21.76153275136059
54,52,31.701219214518307
54,51,43.57342524312088
54,50,55.59743959412997
54,49,68.45748249565082
54,48,82.31054652164653
54,47,96.86585277242199
54,46,159.8824149184868
54,45,183.421558216293
54,44,208.01288680962386
54,43,233.63358160028017
54,42,260.2666384277654
54,41,290.05915088088705
54,40,318.94521451959025
54,39,348.6023084282091
54,38,379.2431660588696
54,37,410.86409138422295
54,36,538.2672847648138
54,35,575.2149045250412
54,34,613.1141495866788
54,33,653.2627509893933
54,32,696.8028082197977
54,31,738.0216338921026
54,30,780.6553149536372
54,29,824.1351317129078
54,28,1465.4048209822681
54,27,1542.6491448832444
54,26,1621.587460890137
54,25,1702.221486546159
54,24,1784.5529420789771
54,23,1872.4232773095944
54,22,1965.6200373637362
54,21,2053.73805169609
54,20,2143.6042846327996
54,19,2235.222166652624
54,18,2504.2043424986828
54,17,2602.8705291351203
54,16,2703.29734902525
54,15,2807.7926595012677
54,14,2960.679188945606
54,13,3070.014454129553
54,12,3182.2150624103165
54,11,3295.9612845197967
54,10,7575.459894232054
54,9,7829.249078203468
54,8,8087.011349175107
54,7,8353.937592808354
54,6,8905.593086395053
54,5,9193.408359152652
54,4,9488.251061424542
54,3,9786.80838852033
54,2,40002.34464886387
54,1,41214.363055626694
55,55,4.314900037105905
55,54,22.866397512558912
55,53,33.07655343883293
55,52,44.3894103155993
55,51,57.48081633001171
55,50,70.63882403902139
55,49,84.54830761482879
55,48,99.40501799176326
55,47,114.92416433710396
55,46,188.21723903442464
55,45,213.19464473466422
55,44,239.19755200946278
55,43,266.20922064574273
55,42,294.2171560441929
55,41,325.3718440914297
55,40,355.6741627149661
55,39,386.6835673337466
55,38,418.67077556978677
55,37,451.633336245088
55,36,584.5813503630636
55,35,622.8480051198245
55,34,662.0662016007681
55,33,703.533949542899
55,32,748.9679308800881
55,31,791.5554280074728
55,30,835.5666614987447
55,29,880.4217834488915
55,28,1563.8526976841654
55,27,1643.4125510053343
55,26,1724.6662131485032
55,25,1807.6155457955592
55,24,1892.26239514276
55,23,1982.4483220903237
55,22,2078.840891841136
55,21,2169.3327924137157
55,20,2261.5757253618817
55,19,2355.573239489885
55,18,2631.509664480886
55,17,2732.5645844586456
55,16,2835.3838369441223
55,15,2942.275351897921
55,14,3102.228934012682
55,13,3214.216784635065
55,12,3329.0931429846055
55,11,3445.516957202937
55,10,7904.927353576535
55,9,8164.083904756793
55,8,8427.220723568898
55,7,8699.528813783358
55,6,9280.128184873112
55,5,9574.426978604659
55,4,9875.819290957968
55,3,10180.940381014352
55,2,41577.29246510578
55,1,42814.67803608664
56,56,4.636941368082578
56,55,9.275928471851348
56,54,34.474314643058996
56,53,46.059687259639325
56,52,58.59198691593715
56,51,72.79817672748504
56,50,87.02397906530882
56,49,101.9317862515318
56,48,117.7550749207979
56,47,134.21087279061496
56,46,218.43437000373595
56,45,244.821418651553
56,44,272.21349019748146
56,43,300.598366603153
56,42,329.96694863245256
56,41,362.472304585713
56,40,394.1921088986304
56,39,426.54692584876136
56,38,459.87495472397495
56,37,494.17473119685565
56,36,632.6551074946946
56,35,672.2398907333078
56,34,712.7765351987823
56,33,755.5632674056923
56,32,802.9537594454456
56,31,846.9135506631617
56,30,892.3062697080168
56,29,938.5408909683806
56,28,1665.3785069813568
56,27,1747.2530370734084
56,26,1830.8214282110307
56,25,1916.085660579402
56,24,2003.047684728824
56,23,2095.549154305988
56,22,2195.2125547483834
56,21,2288.0816953580675
56,20,2382.704871689134
56,19,2479.0857408635216
56,18,2761.9880061313916
56,17,2865.436102775347
56,16,2970.6523669819026
56,15,3079.9447976761658
56,14,3247.295140891925
56,13,3361.951659470914
56,12,3479.520221294991
56,11,3598.638317761997
56,10,8241.52043052313
56,9,8506.05334277339
56,8,8774.573908953345
56,7,9052.273247610106
56,6,9663.250656483462
56,5,9964.085332372333
56,4,10272.08063784863
56,3,10583.819462478345
56,2,43185.8497826081
56,1,44448.77979846439
57,57,4.966408214626401
57,56,11.107724960605875
57,55,18.54663170617945
57,54,47.75487502473025
57,53,60.55970860610952
57,52,74.20585431518543
57,51,89.45329141521131
57,50,104.7022860344854
57,49,120.5712207446602
57,48,137.3337398320908
57,47,154.70592295235411
57,46,250.50518592470274
57,45,278.2794519302939
57,44,307.0429373726283
57,43,336.78682084543595
57,42,367.5045813573396
57,41,401.3512679035263
57,40,434.49255754053485
57,39,468.18730860485994
57,38,502.85178835786047
57,37,538.4853192699303
57,36,682.4879291785317
57,35,723.3904124890896
57,34,765.2454109849676
57,33,809.3513196757325
57,32,858.7654716009456
57,31,904.1015549237048
57,30,950.8800396761758
57,29,998.4986753148592
57,28,1769.981976560654
57,27,1854.1706082183891
57,26,1940.0533589675058
57,25,2027.6323063313978
57,24,2116.9094872820187
57,23,2211.7266329310905
57,22,2314.740143101511
57,21,2409.9901107684996
57,20,2506.997295073768
57,19,2605.7654529681936
57,18,2895.6456932870547
57,17,3001.4915886201925
57,16,3109.1096170009155
57,15,3220.8078432444568
57,14,3395.899487712687
57,13,3513.241158652257
57,12,3633.5187773793728
57,11,3755.3482415919625
57,10,8585.25196595375
57,9,8855.170497903535
57,8,9129.084270782587
57,7,9412.184515031706
57,6,10055.030607951174
57,5,10362.454589583334
57,4,10677.10733436952
57,3,10995.518921020217
57,2,44828.25448081353
57,1,46116.909608448754
58,58,5.0501927571418825
58,57,11.321455188134092
58,56,16.024107801024613
58,55,26.491288156029615
58,54,62.554600819077045
58,53,76.47214268537866
58,52,91.15793624980562
58,51,107.3938255646046
58,50,123.63671727772855
58,49,140.43941533478912
58,48,158.12083003138142
58,47,176.3942234155455
58,46,284.40711074324037
58,45,313.5508737083278
58,44,343.6716160601715
58,43,374.763088926581
58,42,406.82074347130015
58,41,442.0011577089784
58,40,476.57041435192406
58,39,511.6007861875786
58,38,547.5983086295049
58,37,584.562934720917
58,36,734.0796934100782
58,35,776.2998553710848
58,34,819.4734662160794
58,33,864.8990517001222
58,32,916.4086729920061
58,31,963.1253906179593
58,30,1011.2942423270324
58,29,1060.301706795422
58,28,1877.663104828639
58,27,1964.1655099727027
58,26,2052.3624730199826
58,25,2142.2561513300557
58,24,2233.8486533976916
58,23,2330.9817750451343
58,22,2437.4290255239384
58,21,2535.0636285459605
58,20,2634.4587962763258
58,19,2735.6183782879934
58,18,3032.489255470456
58,17,3140.737744646951
58,16,3250.7624580808924
58,15,3364.871523903693
58,14,3548.0641596852115
58,13,3668.107865889871
58,12,3791.1117919606145
58,11,3915.6701021044346
58,10,8936.135100183834
58,9,9211.448770592919
58,8,9490.765465167635
58,7,9779.27652375229
58,6,10455.539516460742
58,5,10769.607286868883
58,4,11090.972977650441
58,3,11416.11340723865
58,2,46504.7487938681
58,1,47819.31307885805
59,59,4.881950719318495
59,58,9.743440721283884
59,57,17.325562938356377
59,56,28.1781410750115
59,55,40.971130715327796
59,54,78.76766176395537
59,53,93.53544468567665
59,52,110.03535833038163
59,51,132.65287552751934
59,50,143.79988625077408
59,49,161.5160638675142
59,48,180.10118947118136
59,47,199.26442388539493
59,46,320.1221810205027
59,45,350.6213401499662
59,44,382.0879831464413
59,43,414.5178234292292
59,42,447.90783013847613
59,41,484.41576810441046
59,40,520.4217423072454
59,39,556.7843857875612
59,38,594.1123466774748
59,37,632.4060858070966
59,36,787.4307137725184
59,35,830.9688825885522
59,34,875.4616698644907
59,33,922.2077025331467
59,32,975.8893673515881
59,31,1023.991379757112
59,30,1073.5554990903843
59,29,1123.9568880929064
59,28,1988.4221333803828
59,27,2077.23820523585
59,26,2167.7494333488617
59,25,2259.9580404253525
59,24,2353.866194091653
59,23,2453.3157442252796
59,22,2563.2848124189704
59,21,2663.308069921599
59,20,2765.0953982903234
59,19,2868.6507335978813
59,18,3172.5254216431226
59,17,3283.1814680161074
59,16,3395.6179514507944
59,15,3512.1430612462727
59,14,3703.811846901588
59,13,3826.574866737957
59,12,3952.322744894673
59,11,4079.6277694351115
59,10,9294.183270616326
59,9,9574.901854164484
59,8,9859.631437329945
59,7,10153.563467213762
59,6,10864.850228712345
59,5,11185.617327664786
59,4,11513.752529192107
59,3,11845.678933922389
59,2,48215.57931006255
59,1,49556.24016964015
60,60,4.965022571904113
60,59,9.901833804512375
60,58,18.662020516688568
60,57,29.90385824332055
60,56,66.25760633699994
60,55,80.72027663513886
60,54,95.94350925839844
60,53,112.70915553673198
60,52,129.48878196993934
60,51,146.8102297239598
60,50,198.1348505915249
60,49,223.6139723053213
60,48,203.263445198724
60,47,223.3080392144114
60,46,357.63599904533635
60,45,389.4792704159863
60,44,422.2826641609103
60,43,456.04339949409894
60,42,490.75962004196134
60,41,528.5900160086252
60,40,566.0435695334987
60,39,603.7359406906736
60,38,642.3924136662529
60,37,682.0138600099447
60,36,842.5416832206777
60,35,887.3984901578955
60,34,933.2112856702539
60,33,981.2787746885539
60,32,1037.2139316170008
60,31,1086.706195936917
60,30,1137.6707647777466
60,29,1189.4714399612333
60,28,2102.2595235417316
60,27,2193.38935455817
60,26,2286.2150816923577
60,25,2380.738980991878
60,24,2476.9632689025834
60,23,2578.7298404511057
60,22,2692.3133473926623
60,21,2794.729480161202
60,20,2898.9133401331496
60,19,3004.868944678464
60,18,3315.761116455469
60,17,3428.82984719626
60,16,3543.683345764542
60,15,3662.6298608407756
60,14,3863.165742373409
60,13,3988.6657469374463
60,12,4117.175613779428
60,11,4247.245609282591
60,10,9659.410209629788
60,9,9945.543733088265
60,8,10235.696420203873
60,7,10535.059823488247
60,6,11283.036960065936
60,5,11610.559981576418
60,4,11945.52231442402
60,3,12284.292875776173
60,2,49960.996971322515
60,1,51327.94518787243
61,61,5.0487954708162945
61,60,10.061504762471996
61,59,20.03348106514207
61,58,31.668440455466648
61,57,68.14909141559113
61,56,82.88738490358959
61,55,98.38213297633166
61,54,115.41522070768984
61,53,132.46595078737005
61,52,150.04901653074765
61,51,203.18264578517727
61,50,229.0476387491587
61,49,255.94397644376784
61,48,227.59911747443908
61,47,248.5188119064543
61,46,396.93695719403877
61,45,430.1152725984349
61,44,464.24802269663775
61,43,499.33358787816695
61,42,535.3710243166296
61,41,574.5197463398182
61,40,613.4337367281669
61,39,652.4539696766578
61,38,692.4376046815096
61,37,733.3858468728793
61,36,899.4136282331821
61,35,945.5899695932525
61,34,992.723841583687
61,33,1042.1140089639866
61,32,1100.3890950954853
61,31,1151.2768469941216
61,30,1203.6473130869813
61,29,1256.8528890561238
61,28,2219.175936300811
61,27,2312.619799199542
61,26,2407.7604242061448
61,25,2504.600130761613
61,24,2603.141175548224
61,23,2707.2254912968287
61,22,2824.5206997455275
61,21,2929.3341221584383
61,20,3035.9190713768567
61,19,3144.2796416471347
61,18,3462.203456927024
61,17,3577.6901591248384
61,16,3694.9660746765517
61,15,3816.339510166342
61,14,4026.149540276944
61,13,4154.404590931133
61,12,4285.694872705109
61,11,4418.548481863248
61,10,10031.82994267378
61,9,10323.388681418066
61,8,10618.974933171612
61,7,10923.78035427382
61,6,11710.175293763776
61,5,12044.511883800982
61,4,12386.36002230157
61,3,12732.033969170576
61,2,51741.25707274244
61,1,53134.686787761806
62,62,5.133269423289657
62,61,10.222453620277394
62,60,21.439945129613026
62,59,33.47188852663474
62,58,47.44886550585356
62,57,85.26979650003264
62,56,100.8513188859135
62,55,118.15355740968754
62,54,135.4772238260311
62,53,153.32340474878313
62,52,208.28839984546605
62,51,234.54119255189894
62,50,261.8214302152369
62,49,231.89713873797547
62,48,253.06606565116292
62,47,371.17473298167596
62,46,438.01565573608264
62,45,472.52170721770176
62,44,507.9778290769358
62,43,544.3833005757942
62,42,581.7378891925915
62,41,622.2015774098286
62,40,662.5907749934095
62,39,702.9375796564632
62,38,744.2475205415167
62,37,786.5220747679161
62,36,958.0478711860616
62,35,1005.5448770778123
62,34,1054.0011043534403
62,33,1104.715363378031
62,32,1165.4219219342795
62,31,1217.7106603354428
62,30,1271.4927242786475
62,29,1326.1090575396747
62,28,2339.1722150724117
62,27,2434.9305465188622
62,26,2532.3866190471285
62,25,2631.5427872498212
62,24,2732.4013409039935
62,23,2838.804244223671
62,22,2959.913157881011
62,21,3067.1284707931995
62,20,3176.119247318088
62,19,3286.889654823366
62,18,3611.8597495004533
62,17,3729.7698666819783
62,16,3849.4737546792635
62,15,3973.2797767659013
62,14,4192.787434380665
62,13,4323.815980530226
62,12,4457.905491129787
62,11,4593.561740968781
62,10,10411.456786548244
62,9,10708.451261376538
62,8,11009.481780916121
62,7,11319.740103982289
62,6,12146.342180223106
62,5,12487.551034600998
62,4,12836.344704938325
62,3,13188.98231191339
62,2,53556.619262159096
62,1,54976.727970644715
63,63,5.218444436619342
63,62,10.384680403244033
63,61,22.880811060092473
63,60,35.314203292684596
63,59,72.01203653441915
63,58,87.30769674886042
63,57,103.35107007165719
63,56,120.92416925155521
63,55,138.52261115753677
63,54,156.63340578390267
63,53,213.45211662715607
63,52,240.0946380114862
63,51,267.76056682954766
63,50,236.2358254722491
63,49,257.6550605590544
63,48,378.4515655365388
63,47,411.00165656257985
63,46,480.8644605934109
63,45,516.6923516552145
63,44,553.4670027984785
63,43,591.188391036241
63,42,629.8568395066358
63,41,671.6327772362946
63,40,713.5138072857422
63,39,755.1863865175374
63,38,797.8222037665445
63,37,841.422958757904
63,36,1018.4459992912184
63,35,1067.2650078487943
63,34,1117.0450582832661
63,33,1169.0849954613393
63,32,1232.31979630257
63,31,1286.0152704728382
63,30,1341.2148746552457
63,29,1397.2480541653408
63,28,2462.249370840626
63,27,2560.322757329427
63,26,2660.094965587312
63,25,2761.5683785363026
63,24,2864.745313111218
63,23,2973.4677598155176
63,22,3098.497223502898
63,21,3208.1192079506236
63,20,3319.520724701721
63,19,3432.7060110582393
63,18,3764.7374874212537
63,17,3885.076616437968
63,16,4007.2141831702816
63,15,4133.458606591681
63,14,4363.104116633402
63,13,4496.924993714606
63,12,4633.832932865594
63,11,4772.311233114957
63,10,10798.305347846375
63,9,11100.74632207238
63,8,11407.232052379464
63,7,11722.954398909464
63,6,12591.615936391749
63,5,12939.756798823964
63,4,13295.556777270029
63,3,13655.219363040405
63,2,55407.34753976061
63,1,56854.336084987146
64,64,5.567622397036782
64,63,10.918240596566275
64,62,20.95780648986752
64,61,37.193713831773294
64,60,73.98350079073387
64,59,89.56090551501616
64,58,105.88138965615217
64,57,123.72705988452047
64,56,153.33335656611405
64,55,160.17339205996365
64,54,179.18858360465347
64,53,245.707979474689
64,52,219.52732439388038
64,51,322.84166746303924
64,50,262.32237884784166
64,49,385.79478721312455
64,48,418.72069538750236
64,47,452.60746502698856
64,46,525.4771636966813
64,45,562.6221395522012
64,44,600.7114104363914
64,43,639.7454958888484
64,42,679.725153611508
64,41,722.8111638417686
64,40,766.2024683553988
64,39,809.2004503476643
64,38,853.1620858188147
64,37,898.089257358411
64,36,1080.6098388115931
64,35,1130.7523748028402
64,34,1181.857887385912
64,33,1235.2252472983337
64,32,1301.090409810639
64,31,1356.1986083891695
64,30,1412.8219275441743
64,29,1470.2782666039304
64,28,2588.408569306473
64,27,2688.7977349190687
64,26,2790.8868950139263
64,25,2894.6784552039235
64,24,3000.1747546535375
64,23,3111.2178058260683
64,22,3240.2796064937565
64,21,3352.313218112349
64,20,3466.130557925623
64,19,3581.7359304685683
64,18,3920.8443484018712
64,17,4043.618236640368
64,16,4168.1953367211345
64,15,4296.884122520058
64,14,4537.124775894348
64,13,4673.757203551389
64,12,4813.503155163129
64,11,4954.8232967713375
64,10,11192.39052154324
64,9,11500.288998335674
64,8,11812.241119815384
64,7,12133.43884647926
64,6,13046.076245160126
64,5,13401.209905463345
64,4,13764.078016747104
64,3,14130.827942623682
64,2,57293.710257727835
64,1,58767.782826384566
65,65,5.3908976753308115
65,64,10.712967846927109
65,63,22.84482152531171
65,62,36.08981259563449
65,61,75.98162903743629
65,60,91.8428196924341
65,59,103.51458861598968
65,58,126.56223300220893
65,57,157.59847764098944
65,56,163.55495526935664
65,55,182.83413237891116
65,54,251.3812213370985
65,53,279.8239078339107
65,52,245.03526382930957
65,51,360.86254741100294
65,50,393.2044044336411
65,49,426.5074979804861
65,48,460.7684316250305
65,47,495.98488874787796
65,46,571.8487194733368
65,45,610.3069565158582
65,44,649.7077056797175
65,43,690.051908531723
65,42,731.3406626255562
65,41,775.7350243195921
65,40,820.6568392763018
65,39,864.9802220971559
65,38,910.2679433765904
65,37,956.5220364843624
65,36,1144.5414335440687
65,35,1196.009190537842
65,34,1248.4419603207443
65,33,1303.138632836402
65,32,1371.7417507837627
65,31,1428.2688924295298
65,30,1486.3223255404594
65,29,1545.2083548143048
65,28,2717.6511197325526
65,27,2820.356915485363
65,26,2924.7639621126873
65,25,3030.874683268647
65,24,3138.691436265907
65,23,3252.056251926218
65,22,3385.2672203830434
65,21,3499.717584444795
65,20,3615.9559956645676
65,19,3733.986823524554
65,18,4080.188192534907
65,17,4205.402735411581
65,16,4332.425369523615
65,15,4463.564623015845
65,14,4714.875096788495
65,13,4854.3386772184285
65,12,4996.942607883165
65,11,5141.1247616632045
65,10,11593.727489714429
65,9,11907.094709658631
65,8,12224.524637926344
65,7,12551.209334554143
65,6,13509.804154824064
65,5,13871.992447256998
65,4,14241.99156305295
65,3,14615.89223159566
65,2,59215.980119904845
65,1,60717.34423756201
66,66,5.478175915605466
66,65,10.879028559278659
66,64,24.391220902391208
66,63,38.048559966756045
66,62,78.00642345516847
66,61,94.1534419598193
66,60,111.03374670213583
66,59,135.37883503435836
66,58,147.86356132150442
66,57,166.77720169216107
66,56,226.1997423614668
66,55,257.0291547623036
66,54,227.89652870880494
66,53,325.90943954196587
66,52,271.7098987975432
66,51,400.68042368005416
66,50,434.3620713005538
66,49,468.998455608979
66,48,504.58751142192693
66,47,541.1279663109791
66,46,619.9750384683425
66,45,659.7434785616296
66,44,700.4532016817788
66,43,742.1054774022025
66,42,784.7016687111396
66,41,830.4030486983985
66,40,876.877393575005
66,39,922.5264994035937
66,38,969.1408618969872
66,37,1016.7226392325867
66,36,1210.2430267743957
66,35,1263.0378522084554
66,34,1316.7998176244403
66,33,1372.8278270736387
66,32,1444.2820950810462
66,31,1502.2346204699465
66,30,1561.7247838093654
66,29,1622.0472452970976
66,28,2849.9784652295752
66,27,2955.0018597780727
66,26,3061.7278380643447
66,25,3170.158837961909
66,24,3280.297231561823
66,23,3395.9850650575922
66,22,3533.4671783272443
66,21,3650.3395853203865
66,20,3769.004477860338
66,19,3889.466288447106
66,18,4242.777060424998
66,17,4370.438299131651
66,16,4499.912611992752
66,15,4633.508580928823
66,14,4896.381258673367
66,13,5038.6959751210725
66,12,5184.178232746057
66,11,5331.242948137852
66,10,12002.331720370936
66,9,12321.179159230995
66,8,12644.098543076356
66,7,12976.28203080514
66,6,13982.882078593366
66,5,14352.187880319161
66,4,14729.381917845472
66,3,15110.497771587572
66,2,61174.43418149579
66,1,62703.30070837404
67,67,5.5661552465221575
67,66,11.046367300061688
67,65,25.972619839648868
67,64,40.04616565797897
67,63,80.05788625361338
67,62,96.49277502949167
67,61,113.65579059918481
67,60,132.32944167824667
67,59,170.72913461846733
67,58,170.2297705100214
67,57,231.59225259784841
67,56,259.7946762615374
67,55,292.02390541852657
67,54,253.9975710751174
67,53,364.2558662164969
67,52,299.5469719355857
67,51,442.2844223689161
67,50,477.29754448106854
67,49,513.2604115617221
67,48,550.1719877466767
67,47,588.0318134275196
67,46,669.852824289799
67,45,710.9290433075098
67,44,752.9457684217392
67,43,795.9045235279918
67,42,839.8068783470835
67,41,886.8142755626891
67,40,934.8649526445218
67,39,981.8403898041062
67,38,1029.782205095502
67,37,1078.6926604321552
67,36,1277.7170460725633
67,35,1331.8409286975284
67,34,1386.9341608400205
67,33,1444.2956568102866
67,32,1518.7199982069035
67,31,1578.104563160101
67,30,1639.038284284326
67,29,1700.804126097655
67,28,2985.3921742724274
67,27,3092.73424577508
67,26,3201.78030411193
67,25,3312.5327982479703
67,24,3424.9941122820073
67,23,3543.0063053122053
67,22,3684.886789535865
67,21,3804.1866912168416
67,20,3925.283633032512
67,19,4048.1821088771753
67,18,4408.619171513091
67,17,4538.73329098447
67,16,4670.665569508351
67,15,4806.724642407435
67,14,5081.669934704557
67,13,5226.8561500919295
67,12,5375.237462650538
67,11,5525.205666588489
67,10,12418.21896639829
67,9,12742.5583330602
67,8,13070.979052571978
67,7,13408.673382135623
67,6,14465.393794141575
67,5,14841.881023802953
67,4,15226.334944519669
67,3,15614.731464780822
67,2,63169.353848785955
67,1,64725.936975804725
68,68,5.6548356756786315
68,67,11.214984095595831
68,66,27.589018614177096
68,65,42.082630071832554
68,64,82.13601967149513
68,63,98.8608216473862
68,62,116.30841576610578
68,61,135.26148483583597
68,60,154.2616226300266
68,59,173.71801101617748
68,58,237.04264023109857
68,57,265.64378028929184
68,56,295.2431375518515
68,55,258.53984451166156
68,54,281.22680555990377
68,53,415.6080371196946
68,52,450.2745582689725
68,51,485.6657058080465
68,50,522.0035972184337
68,49,559.287439831036
68,48,597.5169959244236
68,47,636.6924400253979
68,46,721.4794437294408
68,45,763.8615464969793
68,44,807.1837495886659
68,43,851.4477732592703
68,42,896.655347503757
68,41,944.9680470775878
68,40,994.6206486393561
68,39,1042.9232799407848
68,38,1092.1935892564386
68,37,1142.433925111267
68,36,1346.96609042419
68,35,1402.421149703293
68,34,1458.8478432248805
68,33,1517.545092707633
68,32,1595.0642885087193
68,31,1655.8877580727942
68,30,1718.2720706241182
68,29,1781.4884424470165
68,28,3123.893933268372
68,27,3233.5558622460276
68,26,3344.9232459785508
68,25,3457.99854197703
68,24,3572.7841440823904
68,23,3693.1221222701424
68,22,3839.533556086675
68,21,3961.2665619475124
68,20,4084.8012758708014
68,19,4210.142251784456
68,18,4577.722922570421
68,17,4710.296249648469
68,16,4844.692921279327
68,15,4983.221625916592
68,14,5270.768290989278
68,13,5418.846746664701
68,12,5570.148221054476
68,11,5723.041216929675
68,10,12841.405264589
68,9,13171.248499167878
68,8,13505.182664004653
68,7,13848.400114153428
68,6,14957.424443193067
68,5,15341.15805959035
68,4,15732.937867989347
68,3,16128.681573770155
68,2,65201.024878884324
68,1,66785.54212396768
69,69,5.7442172107331215
69,68,11.384878972401575
69,67,29.24041751025782
69,66,44.157953619706895
69,65,84.24082597657915
69,64,101.25758459305274
69,63,118.9916255158694
69,62,138.22582567662886
69,61,157.5119135551369
69,60,177.24193535327709
69,59,242.55090703093413
69,58,271.5526781322621
69,57,240.74727631072113
69,56,263.08626806995494
69,55,386.40900053805984
69,54,420.25141385726994
69,53,458.0606567331716
69,52,494.10294722117106
69,51,530.8170765099646
69,50,568.4743311692977
69,49,607.0747012611428
69,48,646.6185690241026
69,47,687.1066042934647
69,46,774.8528225172086
69,45,818.5393582761711
69,44,863.1658948249747
69,43,908.734303042791
69,42,955.246436332756
69,41,1004.8639715858196
69,40,1056.1458934357115
69,39,1105.776809656381
69,38,1156.3768615094107
69,37,1207.9484701981619
69,36,1417.9929192927677
69,35,1474.7813964188595
69,34,1532.5438617781595
69,33,1592.5792424448098
69,32,1673.3240612909262
69,31,1735.5935046218651
69,30,1799.4356438162433
69,29,1864.1098929481702
69,28,3265.4855400285746
69,27,3377.468603080852
69,26,3491.1586489341535
69,25,3606.5581415898005
69,24,3723.669482791372
69,23,3846.334751736985
69,22,3997.415170081698
69,21,4121.587044182273
69,20,4247.56540507518
69,19,4375.354865587297
69,18,4750.096886342478
69,17,4885.135888115326
69,16,5022.003519317056
69,15,5163.008521348134
69,14,5463.703985818392
69,13,5614.695800414205
69,12,5768.938921411151
69,11,5924.7783881190535
69,10,13271.906934759127
69,9,13607.266206854965
69,8,13946.726154648375
69,7,14295.479230686793
69,6,15459.060531143816
69,5,15850.106532007145
69,4,16249.279274486102
69,3,16652.437721437534
69,2,67269.73737948618
69,1,68882.40958410605
70,70,5.834299859404391
70,69,11.556051957200216
70,68,30.926816819362294
70,67,46.27213672185279
70,66,86.37230746567178
70,65,103.68306667965592
70,64,121.70542319952267
70,63,141.22246810623975
70,62,160.79639244071154
70,61,180.80155578677017
70,60,248.11705478668463
70,59,277.521371778896
70,58,245.11010868279416
70,57,267.7097756072357
70,56,393.75566833500017
70,55,427.9847919205281
70,54,463.1531309473199
70,53,502.2822805070963
70,52,539.7008576209495
70,51,577.7326704355588
70,50,616.7049386016116
70,49,656.618257327777
70,48,697.4734906661275
70,47,739.2716953263246
70,46,829.9713610517013
70,45,874.9612550003455
70,44,920.8913041440684
70,43,967.7634938149367
70,42,1015.5797715123482
70,41,1066.5018923396074
70,40,1119.442352537624
70,39,1170.402850102396
70,38,1222.3340813788839
70,37,1275.2385289056717
70,36,1490.8004432854439
70,35,1548.9246935411365
70,34,1608.0253503751883
70,33,1669.4013448013127
70,32,1753.508673705274
70,31,1817.2313596338072
70,30,1882.5387583322765
70,29,1948.6784262298718
70,28,3410.168898017688
70,27,3524.4744622794415
70,26,3640.4885934250333
70,25,3758.213760301865
70,24,3877.652371076581
70,23,4002.6465128310565
70,22,4158.539511102149
70,21,4285.156169224043
70,20,4413.584201414526
70,19,4543.828278459385
70,18,4925.7498103258295
70,17,5063.261092622293
70,16,5202.606387505775
70,15,5346.094489213889
70,14,5660.505168968512
70,13,5814.4318373556525
70,12,5971.638466655328
70,11,6130.446457720609
70,10,13709.740578940335
70,9,14050.628286028763
70,8,14395.626580907374
70,7,14749.928013339844
70,6,15970.38992671269
70,5,16368.81534756051
70,4,16775.449111374048
70,3,17186.09089083574
70,2,69375.78580865388
70,1,71016.8371345925
71,71,4.531316961628107
71,70,12.125064742763989
71,69,19.276809478141775
71,68,48.42517980738162
71,67,66.14093656828658
71,66,106.32630001273948
71,65,124.44981220618884
71,64,144.251416072681
71,63,181.4712942774336
71,62,184.5933605611492
71,61,205.48584692761406
71,60,283.54986323856525
71,59,314.34163317292234
71,58,272.4113589661285
71,57,295.8719554924435
71,56,435.7843835346764
71,55,471.33695739295666
71,54,507.8229509398432
71,53,548.265193631748
71,52,587.06246637277
71,51,626.4077171806517
71,50,666.6915146632227
71,49,707.9149217915298
71,48,750.0791767700574
71,47,793.1856380928357
71,46,886.8338658213581
71,45,933.1263633395755
71,44,980.359382065208
71,43,1028.5349931289295
71,42,1077.6552147912723
71,41,1129.8818612321431
71,40,1184.5119230386197
71,39,1236.8034851564998
71,38,1290.0675050482253
71,37,1344.3065173531418
71,36,1565.391716156614
71,35,1624.8542023945222
71,34,1685.295573834768
71,33,1748.01476452309
71,32,1835.627740300973
71,31,1900.811133477432
71,30,1967.5914187562564
71,29,2035.2042380026858
71,28,3557.946011275656
71,27,3674.575529514383
71,26,3792.9152511927286
71,25,3912.9676487064776
71,24,4034.7351354698253
71,23,4162.059805377532
71,22,4322.91464392639
71,21,4451.982151010733
71,20,4582.866025978498
71,19,4715.570996801861
71,18,5104.690615662884
71,17,5244.680921685669
71,16,5386.510720759466
71,15,5532.488859912551
71,14,5861.200481066931
71,13,6018.083873397063
71,12,6178.276248734055
71,11,6340.075191505388
71,10,14154.923080640192
71,9,14501.351846585909
71,8,14851.90127780898
71,7,15211.764021083918
71,6,16491.501861620596
71,5,16897.37477469714
71,4,17311.538686978878
71,3,17729.73342508086
71,2,71519.46897461374
71,1,73189.12690092919
72,72,5.082110918407068
72,71,12.701097290825738
72,70,24.7077341907662
72,69,35.68178026219064
72,68,68.76594331654073
72,67,108.80949836545369
72,66,127.41603971902096
72,65,146.67640310934087
72,64,167.39051291088953
72,63,213.26710301736847
72,62,209.58950054918918
72,61,231.35568801705926
72,60,320.83094814583086
72,59,277.11682244416124
72,58,300.83747286773615
72,57,443.65019163136054
72,56,479.58834853160647
72,55,516.4562420103061
72,54,554.2532050623797
72,53,596.0029999623586
72,52,636.1830463039684
72,51,676.8383508300726
72,50,718.4309079631198
72,49,760.9621416186418
72,48,804.4335798737839
72,47,848.8468159674982
72,46,945.4394932427012
72,45,993.0341141938728
72,44,1041.5697995557823
72,43,1091.0486835394454
72,42,1141.4728365803953
72,41,1195.004116625974
72,40,1251.3567149262433
72,39,1304.9809955829612
72,38,1359.5795718856157
72,37,1415.1550230619935
72,36,1641.7699279324174
72,35,1702.573214993196
72,34,1764.3579227755042
72,33,1828.4229878543708
72,32,1919.6911291378242
72,31,1986.3428866715228
72,30,2054.603876819829
72,29,2123.6977684621256
72,28,3708.8189799219817
72,27,3827.7739861918794
72,26,3948.4408818196453
72,25,4070.8221417433447
72,24,4194.920183706198
72,23,4324.577107572392
72,22,4490.548816479681
72,21,4622.073384316426
72,20,4755.419418600519
72,19,4890.591703862396
72,18,5286.928396141519
72,17,5429.40460522434
72,16,5573.725884255971
72,15,5722.2011330625755
72,14,6065.8190530127695
72,13,6225.68141383942
72,12,6388.882148177733
72,11,6553.694843085907
72,10,14607.471604163982
72,9,14959.45427784588
72,8,15315.567858537413
72,7,15681.005089881415
72,6,17022.486930294588
72,5,17435.87644358012
72,4,17857.64067042996
72,3,18283.459027252808
72,2,73701.09003556853
72,1,75399.58535574788
73,73,6.974907472356012
73,72,13.283691587760686
73,71,25.92153426155412
73,70,37.18035724208187
73,69,49.64152469349705
73,68,91.6690456840401
73,67,130.41342433457066
73,66,149.96366079409032
73,65,170.13263598597806
73,64,191.73136672783951
73,63,213.53210046180246
73,62,235.56943056030175
73,61,327.38184174363465
73,60,359.936968701533
73,59,305.884449068047
73,58,330.4611862128561
73,57,487.9073075322743
73,56,525.1583664187892
73,55,563.3350305317526
73,54,602.4375457046257
73,53,645.4903784660545
73,52,687.0587757007867
73,51,729.0214595490374
73,50,771.920600735604
73,49,815.7579007110578
73,48,860.5351111973451
73,47,906.2540071823197
73,46,1005.7877033941488
73,45,1054.6842044838052
73,44,1104.5224622856451
73,43,1155.3046560796365
73,42,1207.0328936781282
73,41,1261.8690645562922
73,40,1319.9790351557515
73,39,1374.9378454774098
73,38,1430.8728928631162
73,37,1487.7867950270156
73,36,1719.938398978313
73,35,1782.0851488968106
73,34,1845.2159091420917
73,33,1910.629618637135
73,32,2005.7089583813056
73,31,2073.8369269032764
73,30,2143.5866287881913
73,29,2214.1696999921955
73,28,3862.7899961661633
73,27,3984.072101946928
73,26,4107.067829647723
73,25,4231.779655988218
73,24,4358.210002339335
73,23,4490.200973884179
73,22,4661.450457988796
73,21,4795.43844312897
73,20,4931.253096432696
73,19,5068.899258484932
73,18,5472.472417288169
73,17,5617.441543763812
73,16,5764.261412740294
73,15,5915.240976894342
73,14,6274.390505448709
73,13,6437.254452919788
73,12,6603.486533707439
73,11,6771.336153581042
73,10,15067.403593992172
73,9,15424.953248030357
73,8,15786.644214004798
73,7,16157.669332339214
73,6,17563.43708959507
73,5,17984.413345882786
73,4,18413.849091514323
73,3,18847.362760303353
73,2,75920.95649952319
73,1,77648.5233188098
74,74,7.377735056714978
74,73,13.886328037255039
74,72,27.157754294191513
74,71,38.70383564910535
74,70,51.44991367427993
74,69,65.22097218692606
74,68,116.93535113827302
74,67,153.28381072512525
74,66,173.54311921059383
74,65,195.42060577922817
74,64,252.6044773285192
74,63,240.02246435522528
74,62,333.99431624477137
74,61,366.94883724571247
74,60,400.8492866702377
74,59,335.81184236323196
74,58,361.2429359406886
74,57,533.9293275740728
74,56,572.486882981138
74,55,611.9670305261403
74,54,652.3707011920586
74,53,696.7228914900467
74,52,739.6865869921132
74,51,782.9545650609465
74,50,827.1586120413847
74,49,872.3006415543384
74,48,918.3825767609236
74,47,965.4063323895575
74,46,1067.8782216882676
74,45,1118.0765653034684
74,44,1169.217484014682
74,43,1221.3031879055652
74,42,1274.3358103988933
74,41,1330.4772627282223
74,40,1390.381374028581
74,39,1446.6766706225073
74,38,1503.950240567038
74,37,1562.204735118213
74,36,1799.90057486323
74,35,1863.393542739345
74,34,1927.873162302475
74,33,1994.638374896241
74,32,2093.691593311605
74,31,2163.3038064008465
74,30,2234.550413149509
74,29,2306.630955129677
74,28,4019.8613407591642
74,27,4143.472231517975
74,26,4268.798521024054
74,25,4395.842687224469
74,24,4524.607154599994
74,23,4658.934033165857
74,22,4835.62817731802
74,21,4972.086079184204
74,20,5110.375952655868
74,19,5250.502693975957
74,18,5661.332115544358
74,17,5808.801307712215
74,16,5958.127009889792
74,15,6111.618227695414
74,14,6486.944948278178
74,13,6652.833473393118
74,12,6822.120261875055
74,11,6993.030351308432
74,10,15534.736774208233
74,9,15897.866703784064
74,8,16265.148512455824
74,7,16641.77513738894
74,6,18114.445658563796
74,5,18543.07983459819
74,4,18980.259340541525
74,3,19421.541046970797
74,2,78179.38022412354
74,1,79936.25595700575
75,75,7.791876086622589
75,74,14.50234440781724
75,73,28.41387519131732
75,72,40.25221688228285
75,71,53.28546268340256
75,70,67.34007732507787
75,69,82.29666134627074
75,68,156.4428793419549
75,67,177.18330377499234
75,66,198.51338954518934
75,65,221.25210137010333
75,64,288.69065463037
75,63,267.6852766430961
75,62,374.0239416955881
75,61,408.32055933440915
75,60,443.55289903852565
75,59,366.8968199004954
75,58,542.7691289125845
75,57,581.7087660612349
75,56,621.5676676110909
75,55,662.3470255857869
75,54,704.0482829272955
75,53,749.6968325823525
75,52,794.0640456111446
75,51,838.6357253796785
75,50,884.1434190512566
75,49,930.5892010462984
75,48,977.9751247123521
75,47,1026.3032111514303
75,46,1131.7110069522867
75,45,1183.2113352437732
75,44,1235.6551641782441
75,43,1289.0447233690873
75,42,1343.382162517098
75,41,1400.8294068381692
75,40,1462.566393497723
75,39,1520.2002684489803
75,38,1578.814540551339
75,37,1638.4118906105389
75,36,1881.6600218991061
75,35,1946.5020523311855
75,34,2012.3334256331143
75,33,2080.4530858414346
75,32,2183.649643689294
75,31,2254.754319612061
75,30,2327.5062085676345
75,29,2401.092694755365
75,28,4180.035379830153
75,27,4305.976811954079
75,26,4433.635461833764
75,25,4563.013808263013
75,24,4694.114278469515
75,23,4830.77898695262
75,22,5013.090761466037
75,21,5152.025220639386
75,20,5292.797055310063
75,19,5435.411217074805
75,18,5853.517097517846
75,17,6003.493636700813
75,16,6155.332547735017
75,15,6311.342889303682
75,14,6703.512980223507
75,13,6872.449446149029
75,12,7044.814676732961
75,11,7218.809151501832
75,10,16009.489147972305
75,9,16378.212869733388
75,8,16751.099199103148
75,7,17133.341169991683
75,6,18675.607318190847
75,5,19111.971623862737
75,4,19556.968168218424
75,3,20006.091669700872
75,2,80476.67741650653
75,1,82263.10278435597
76,76,8.217331139022617
76,75,15.131741713289655
76,74,28.312425345022994
76,73,41.819966149992936
76,72,55.148173592929524
76,71,69.48840186458686
76,70,84.72636495074772
76,69,100.7794658363238
76,68,180.85798285284844
76,67,202.4715210437765
76,66,224.65920309849358
76,65,248.24510331318467
76,64,326.6343166524895
76,63,296.51317386052
76,62,415.8566113869026
76,61,451.4820764732978
76,60,372.5517012010138
76,59,399.09310010098307
76,58,591.0006834513412
76,57,631.2394608540034
76,56,672.39556507609
76,55,714.470681437544
76,54,757.4666324662851
76,53,804.4091047768624
76,52,850.1892523190375
76,51,896.0634557807073
76,50,942.873892629881
76,49,990.6227576277066
76,48,1039.3122016544266
76,47,1088.9443256469146
76,46,1197.2862247122716
76,45,1250.0888379408511
76,44,1303.8359689236959
76,43,1358.5298579254097
76,42,1414.172663551605
76,41,1472.926318837064
76,40,1536.5369170910008
76,39,1595.5115893508319
76,38,1655.46886382892
76,37,1716.411447673264
76,36,1965.2204232551069
76,35,2031.4144472509875
76,34,2098.600553522969
76,33,2168.0776892283225
76,32,2275.593961429199
76,31,2348.199501148636
76,30,2422.4652320638475
76,29,2497.5663164833313
76,28,4343.314562060711
76,27,4471.5883601140795
76,26,4601.581235285814
76,25,4733.295666981503
76,24,4866.7340849434495
76,23,5005.738607924658
76,22,5193.847174205932
76,21,5335.264970870729
76,20,5478.525646232472
76,19,5623.634207017017
76,18,6049.037139300612
76,17,6201.528438982406
76,16,6355.888066130598
76,15,6514.42513264356
76,14,6924.125688421061
76,13,7096.133829860104
76,12,7271.601609530554
76,11,7448.70475605104
76,10,16491.67899703618
76,9,16866.01024807924
76,8,17244.514995790694
76,7,17632.386370865082
76,6,19247.018111199035
76,5,19691.185788792736
76,4,20144.073685533036
76,3,20601.11377057334
76,2,82813.16863316078
76,1,84629.38766201037
77,77,8.654100806610378
77,76,15.774520989510508
77,75,29.615690144230648
77,74,42.03545820815549
77,73,57.027672632976675
77,72,71.66594819190996
77,71,87.18717095410425
77,70,103.51905098882577
77,69,120.6038834815319
77,68,206.46562323268978
77,67,228.9330199171465
77,66,251.96450159361032
77,65,276.38763161965204
77,64,301.4230422974053
77,63,326.2944681063893
77,62,459.47747620181804
77,61,496.4213061659738
77,60,405.09518042241916
77,59,432.4891974671018
77,58,640.9824141789132
77,57,682.5163238030258
77,56,724.96630069587
77,55,768.3343923567263
77,54,812.6226993266968
77,53,860.8571225432981
77,52,908.060763915122
77,51,955.2366641845134
77,50,1003.3492443081075
77,49,1052.400787480486
77,48,1102.3935162431
77,47,1153.3295902476557
77,46,1264.6042247264907
77,45,1318.7095630955164
77,44,1373.760514998436
77,43,1429.7593243955428
77,42,1486.7081530046394
77,41,1546.7689368231609
77,40,1612.295921198353
77,39,1672.6137291473046
77,38,1733.916420330587
77,37,1796.2067256787075
77,36,2050.585575562556
77,35,2118.134607857429
77,34,2186.678508737823
77,33,2257.51622902938
77,32,2369.535638541385
77,31,2443.650623961237
77,30,2519.4389373983995
77,29,2596.0634532234776
77,28,4509.701416155293
77,27,4640.309470422812
77,26,4772.638499922044
77,25,4906.690984557508
77,24,5042.469356463805
77,23,5183.815738516555
77,22,5377.906554852621
77,21,5521.814607381658
77,20,5667.57114009158
77,19,5815.181214681136
77,18,6247.902185846851
77,17,6402.9157908818015
77,16,6559.803772271139
77,15,6720.87529530108
77,14,7148.814648049789
77,13,7323.918570658845
77,12,7502.513378435082
77,11,7682.749853262392
77,10,16981.324881296114
77,9,17361.2776182212
77,8,17745.414900682466
77,7,18138.92995623073
77,6,19828.775441844173
77,5,20280.820765332963
77,4,20741.6753636468
77,3,21206.707851233747
77,2,85189.17877979725
77,1,87035.43879824826
78,78,9.096545710175906
78,77,19.68326471264301
78,76,30.941365831863322
78,75,43.65814100331365
78,74,57.56175034333275
78,73,73.855232037385
78,72,89.67908229173263
78,71,106.29146567081334
78,70,123.65229665536901
78,69,141.7210264590957
78,68,233.24417546480095
78,67,256.5518861475541
78,66,280.41745153966946
78,65,305.6708186204076
78,64,331.7189448037659
78,63,357.4375438427058
78,62,504.8745427805941
78,61,543.128412261647
78,60,438.7948440748377
78,59,467.04242210099807
78,58,692.7093059370325
78,57,735.5351450893916
78,56,779.2763261763887
78,55,823.9351585691026
78,54,869.5139426487684
78,53,919.0387322673992
78,52,967.6775284644386
78,51,1016.1545980089589
78,50,1065.5689823853395
78,49,1115.9230280462057
78,48,1167.2190086944643
78,47,1219.459125893459
78,46,1333.665522007018
78,45,1389.0741503586391
78,44,1445.4295560052028
78,43,1502.733981193974
78,42,1560.989586239783
78,41,1622.3583063079063
78,40,1689.8465275135854
78,39,1751.5099225195593
78,38,1814.1605531898622
78,37,1877.80117221295
78,36,2137.7593859402364
78,35,2206.6665226620676
78,34,2276.5713600956274
78,33,2348.772853373504
78,32,2465.486005304261
78,31,2541.1191977158087
78,30,2618.4390136267684
78,29,2696.595971896029
78,28,4679.198548572395
78,27,4812.14281285414
78,26,4946.809987823682
78,25,5083.202553873695
78,24,5221.322945501163
78,23,5365.013289657253
78,22,5565.2782171440085
78,21,5711.683580810106
78,20,5859.943123507478
78,19,6010.061961810334
78,18,6450.122350404904
78,17,6607.6659362931505
78,16,6767.090040247804
78,15,6930.703881134064
78,14,7377.611921989999
78,13,7555.836101840488
78,12,7737.5827882745225
78,11,7920.977617637866
78,10,17478.445638380053
78,9,17864.034036410103
78,8,18253.818187974583
78,7,18652.991417580222
78,6,20420.978075729865
78,5,20880.97635011592
78,4,21349.874033794345
78,3,21822.97577282996
78,2,87605.03711122849
78,1,89481.58874847855
79,79,9.555805768392403
79,78,20.730331603818083
79,77,32.2894529728772
79,76,45.30571101028342
79,75,59.5052692118202
79,74,74.70791718842837
79,73,92.17477700568578
79,72,109.09671339553569
79,71,126.73512871237781
79,70,145.0770422374876
79,69,164.0939219679275
79,68,261.17788130686256
79,67,285.3164431724567
79,66,310.0093360766111
79,65,336.08812827679054
79,64,363.1710101977565
79,63,389.7359414892605
79,62,552.038066445325
79,61,591.595346506623
79,60,473.65145903586
79,59,502.75406838378655
79,58,746.1772190364387
79,57,790.292438560824
79,56,835.3226966756982
79,55,881.2704876828268
79,54,928.1382515173124
79,53,978.952147349832
79,52,1029.0388320685827
79,51,1078.816800209093
79,50,1129.532875397231
79,49,1181.1894474893097
79,48,1233.7888251204884
79,47,1287.3332384135117
79,46,1404.4707807193568
79,45,1461.1833755941543
79,44,1518.8439706316165
79,43,1577.4548022034514
79,42,1637.018025740264
79,41,1699.6955726432836
79,40,1769.191996456866
79,39,1832.2035372787932
79,38,1896.2047337349945
79,37,1961.198358689915
79,36,2226.7458693809695
79,35,2297.014286013687
79,34,2368.283280411097
79,33,2441.8518127188304
79,32,2563.456628639984
79,31,2640.616967345836
79,30,2719.4773838090705
79,29,2799.1759722796332
79,28,4851.80864148568
79,27,4987.091131114516
79,26,5124.098502992831
79,25,5262.833238075779
79,24,5403.297773270239
79,23,5549.334239626521
79,22,5755.971648223843
79,21,5904.88151402452
79,20,6055.65135424947
79,19,6208.286340301418
79,18,6655.70791399772
79,17,6815.789286219571
79,16,6977.757410641572
79,15,7143.921559914142
79,14,7610.550060509559
79,13,7791.919343589346
79,12,7976.843130300524
79,11,8163.421709671201
79,10,17983.060383265984
79,9,18374.29883542662
79,8,18769.74440762857
79,7,19174.590521458224
79,6,21023.726139635604
79,5,21491.753700331257
79,4,21968.771887190458
79,3,22450.020755953145
79,2,90061.07723125654
79,1,91968.17441523967
80,80,10.032303663724361
80,79,17.78316133098545
80,78,33.65995214302604
80,77,46.978169028423856
80,76,61.47592597105946
80,75,76.97209286602761
80,74,93.34515344853224
80,73,111.89444088925501
80,72,129.85238376796218
80,71,148.46894429488304
80,70,167.75624672528
80,69,187.69429359380442
80,68,290.2552315531195
80,67,315.21813403786734
80,66,340.7337682424227
80,65,367.63479331111193
80,64,395.77769202463105
80,63,423.18910931526585
80,62,600.9600899183816
80,61,480.2582595226759
80,60,509.615145992384
80,59,756.8925269865558
80,58,801.3827341775936
80,57,846.7853185317069
80,56,893.1029720671485
80,55,940.3383149039594
80,54,988.493879993264
80,53,1040.5958949195724
80,52,1092.1442548762232
80,51,1143.2230727229476
80,50,1195.2409215603216
80,49,1248.2002190150686
80,48,1302.1032958318021
80,47,1356.9524001076834
80,46,1477.0208004680062
80,45,1535.0381391235874
80,44,1594.0047525333378
80,43,1653.92286803596
80,42,1714.7946335341574
80,41,1778.7819744353446
80,40,1850.3357214333837
80,39,1914.6980693460073
80,38,1980.0525570885404
80,37,2046.4019764856664
80,36,2317.549146449631
80,35,2389.182096052132
80,34,2461.8185446740376
80,33,2536.757458228714
80,32,2663.459310666585
80,31,2742.155911758758
80,30,2822.5662038540713
80,29,2903.815785977163
80,28,5027.534450948363
80,27,5165.157241004241
80,26,5304.506919889415
80,25,5445.5859692664935
80,24,5588.39682856441
80,23,5736.78163301557
80,22,5949.996507715646
80,21,6101.41820129949
80,20,6254.705760503227
80,19,6409.864411554399
80,18,6864.6693249471255
80,17,7027.29641835097
80,16,7191.816590149764
80,15,7360.539166997512
80,14,7847.662100974962
80,13,8032.201702726551
80,12,8220.3281819696
80,11,8410.116275659497
80,10,18495.188507929073
80,9,18892.091624283603
80,8,19293.213385124116
80,7,19703.747309261198
80,6,21637.12112135711
80,5,22113.255333604204
80,4,22598.472474943297
80,3,23087.947380582715
80,2,92557.63709256801
80,1,94495.53704819955
81,81,10.508275979520036
81,80,18.487519919979654
81,79,27.706162451198736
81,78,48.67551587040164
81,77,63.47372168071901
81,76,79.26545608210694
81,75,95.9288916062648
81,74,113.38106840702332
81,73,132.94700350564233
81,72,151.8967373693364
81,71,171.45581697918828
81,70,191.66163053876045
81,69,212.50031407462103
81,68,320.46783825111703
81,67,346.250728810263
81,66,372.58612461652575
81,65,400.30740418787394
81,64,429.5385734930904
81,63,457.7974061711874
81,62,651.6340892208922
81,61,516.5754996450079
81,60,546.7884854684227
81,59,812.5472177262695
81,58,858.3230290551253
81,57,905.0114009377463
81,56,952.6151371001157
81,55,1001.1369380451744
81,54,1050.5793938220204
81,53,1103.9687718364032
81,52,1156.9936345359001
81,51,1209.373445922753
81,50,1262.6933230941866
81,49,1316.9556991731772
81,48,1372.1629169160424
81,47,1428.3172340342999
81,46,1551.316504569071
81,45,1610.6394556291682
81,44,1670.9130016079976
81,43,1732.1393584648952
81,42,1794.320664609828
81,41,1859.6188377980939
81,40,1933.2812238073357
81,39,1998.9971383428767
81,38,2065.7077382905654
81,37,2133.4158335226007
81,36,2410.173441250416
81,35,2483.1742528959376
81,34,2557.1815284311374
81,33,2633.4942403251016
81,32,2765.50608740487
81,31,2845.7482426777838
81,30,2927.71786148174
81,29,3010.527975485472
81,28,5206.378805237629
81,27,5346.344028936477
81,26,5488.038182106417
81,25,5631.463747320837
81,24,5776.623166696632
81,23,5927.358579780903
81,22,6147.36262687834
81,21,6301.303607562912
81,20,6457.116440200521
81,19,6614.806405876787
81,18,7077.017198437632
81,17,7242.198076676399
81,16,7409.2784512426315
81,15,7580.567703021894
81,14,8088.981567584985
81,13,8276.71707247721
81,12,8468.072206740964
81,11,8661.095947528935
81,10,19014.84968101475
81,9,19417.432287950123
81,8,19824.24522122961
81,7,20240.48209705035
81,6,22261.26586955784
81,5,22745.585127882572
81,4,23239.080707973695
81,3,23736.86158603502
81,2,95095.05899663661
81,1,97064.02224415563
82,82,11.122882245237252
82,81,19.18918472589585
82,80,28.643106237432928
82,79,39.04257002382038
82,78,65.49865741628005
82,77,81.58800817810366
82,76,98.543688787954
82,75,116.28277118240142
82,74,134.74817116851997
82,73,155.28248832809325
82,72,175.19263810772168
82,71,195.66747600944566
82,70,216.7714035415278
82,69,238.4950088874097
82,68,351.809636446359
82,67,378.40975489514
82,66,405.56313241447424
82,65,434.10360546701463
82,64,464.45414141416876
82,63,493.56193078751164
82,62,704.05469925989
82,61,554.0529951481184
82,60,585.1244576268662
82,59,869.9358331967255
82,58,916.9957794641393
82,57,964.968723493598
82,56,1013.8575364303891
82,55,1063.6649642675031
82,54,1114.3936264729232
82,53,1169.0698081695098
82,52,1223.5870356789746
82,51,1277.2681529632462
82,50,1331.890464545072
82,49,1387.4564094500165
82,48,1443.9683345337348
82,47,1501.4285005549907
82,46,1627.3589299849193
82,45,1687.9884454509827
82,44,1749.5699164434632
82,43,1812.1055458505296
82,42,1875.5974611747024
82,41,1942.2075713259005
82,40,2018.0321484898782
82,39,2085.104483709053
82,38,2153.174108874478
82,37,2222.2438512437966
82,36,2504.6230796275677
82,35,2578.9951570333515
82,34,2654.3767063453156
82,33,2732.0667073972027
82,32,2869.609227621218
82,31,2951.406403602913
82,30,3034.944975290427
82,29,3119.325333357131
82,28,5388.344603358891
82,27,5530.654450596634
82,26,5674.695301168433
82,25,5820.469638809687
82,24,5967.979908535588
82,23,6121.068254381823
82,22,6348.0800078353
82,21,6504.547867707576
82,20,6662.893660405402
82,19,6823.122721937276
82,18,7292.76231611598
82,17,7460.505171127702
82,16,7630.154031847257
82,15,7804.018333627176
82,14,8334.542471124942
82,13,8525.499832255344
82,12,8720.10995388954
82,11,8916.395842673386
82,10,19542.063847535796
82,9,19950.340987095467
82,8,20362.86029178899
82,7,20784.815475377814
82,6,22896.264593630804
82,5,23388.848321331323
82,4,23890.702856939846
82,3,24396.870670915494
82,2,97673.68959363144
82,1,99673.97994703495
83,83,11.747533022686756
83,82,20.03581769817962
83,81,29.57530556330611
83,80,40.21378185932058
83,79,51.606940770155674
83,78,83.93975051373296
83,77,101.18954663458571
83,76,119.21724683644727
83,75,137.96598810382986
83,74,157.3963703978761
83,73,178.8632186481633
83,72,199.7118360387214
83,71,221.0821788137732
83,70,243.06865263597518
83,69,265.66510423522783
83,68,384.2763113382975
83,67,411.69208238394236
83,66,439.6625649541593
83,65,469.02186907235154
83,64,500.5256154354783
83,63,530.4843914152733
83,62,758.217499288941
83,61,592.6932038518006
83,60,624.6258130464112
83,59,929.0561128493566
83,58,977.3990795064324
83,57,1026.6556807894488
83,56,1076.8288214337622
83,55,1127.921266190101
83,54,1179.9356426824318
83,53,1235.8982367288174
83,52,1291.9247243160721
83,51,1346.9076081445958
83,50,1402.832894408974
83,49,1459.7030205875146
83,48,1517.520331479055
83,47,1576.2870857700184
83,46,1705.149218654822
83,45,1767.086327060448
83,44,1829.9767877614433
83,43,1893.822789410914
83,42,1958.6264476347287
83,41,2026.5496616823186
83,40,2104.592260055701
83,39,2173.0239612742866
83,38,2242.455613835223
83,37,2312.8900619267006
83,36,2600.902487569036
83,35,2676.6493078907492
83,34,2753.4086509104136
83,33,2832.4795046464264
83,32,2975.7812317899484
83,31,3059.1430688771397
83,30,3144.260393916628
83,29,3230.220881443752
83,28,5573.434813692126
83,27,5718.091529726851
83,26,5864.481355440375
83,25,6012.606776020387
83,24,6162.470239627169
83,23,6317.9138949930675
83,22,6552.158822869506
83,21,6711.161285960819
83,20,6872.047856751382
83,19,7034.823926264104
83,18,7511.915625723107
83,17,7682.228777251579
83,16,7854.454535056287
83,15,8030.902389197698
83,14,8584.37930873965
83,13,8778.584847464912
83,12,8976.476658332831
83,11,9176.05156380487
83,10,20076.851228591197
83,9,20490.83815785127
83,8,20909.079247523696
83,7,21336.768309124833
83,6,23542.222863569863
83,5,24043.151512234457
83,4,24553.446552167105
83,3,25068.08329307397
83,2,100293.87988233217
83,1,102325.76444789402
84,84,11.809238761415441
84,83,20.89113820859975
84,82,30.65832819531384
84,81,41.37826414135767
84,80,53.012410502718645
84,79,65.27408911204297
84,78,103.8664668078258
84,77,122.18449732445933
84,76,141.21815225700348
84,75,160.92835207336105
84,74,181.28797027918807
84,73,203.66044457222094
84,72,225.4326465916427
84,71,247.68308282304113
84,70,270.5401793663428
84,69,294.00018376013725
84,68,417.8648820182053
84,67,446.0956187512666
84,66,474.88301465542474
84,65,505.061323321034
84,64,537.7548178616274
84,63,568.5670054225928
84,62,600.2562093857294
84,61,632.4416772900003
84,60,941.1924063299335
84,59,989.906210594859
84,58,1039.5313767977802
84,57,1090.0709712149016
84,56,1141.5279064193826
84,55,1193.904945526911
84,54,1247.2047080673537
84,53,1304.453467524324
84,52,1362.0071462585252
84,51,1418.2923885831592
84,50,1475.5213094883125
84,49,1533.6963391729116
84,48,1592.8198156363958
84,47,1652.8939915435749
84,46,1784.6886100027466
84,45,1847.9344105301618
84,44,1912.1349927077465
84,43,1977.2925302148474
84,42,2043.4091261917624
84,41,2112.6466697193646
84,40,2192.965439316128
84,39,2262.7595402246893
84,38,2333.5563089386037
84,37,2405.358606292691
84,36,2699.01618978706
84,35,2776.141302556152
84,34,2854.28203130213
84,33,2934.737373051156
84,32,3084.034831161138
84,31,3168.9711428456403
84,30,3255.677195276772
84,29,3343.2278702117715
84,28,5761.652472764908
84,27,5908.658357022161
84,26,6057.399489134727
84,25,6207.878356064288
84,24,6360.097409392694
84,23,6517.898802785069
84,22,6759.609413778232
84,21,6921.154335306643
84,20,7084.589632924685
84,19,7249.920752783881
84,18,7734.48824075547
84,17,7907.380135907387
84,16,8082.191328859205
84,15,8261.231364624207
84,14,8838.527063723492
84,13,9036.007469315713
84,12,9237.208040470476
84,11,9440.099198814756
84,10,20619.232321105155
84,9,21038.944511590522
84,8,21462.92301384822
84,7,21896.361737351126
84,6,24199.247609849794
84,5,24708.60265890337
84,4,25227.420783582344
84,3,25750.609469562845
84,2,102955.98521004886
84,1,105019.73438491892
85,85,12.458497950033824
85,84,21.188833483140343
85,83,31.74530712538418
85,82,42.69902523559399
85,81,54.40919980214211
85,80,66.9128817581076
85,79,79.95757812880488
85,78,125.18452462474112
85,77,144.5046659099528
85,76,164.49613163473197
85,75,185.13216197294784
85,74,206.39425981229786
85,73,229.65199722710054
85,72,252.33830682716228
85,71,275.4570728788673
85,70,299.1756498828848
85,69,323.49206312810463
85,68,452.57339551538024
85,67,481.6190816858496
85,66,511.2237221757203
85,65,542.2216228269867
85,64,576.1440735720305
85,63,607.8124213492843
85,62,640.3652661798926
85,61,673.4142746053069
85,60,1002.4901222493274
85,59,1052.4846301656992
85,58,1103.391419540561
85,57,1155.2135533092019
85,56,1207.9539323888223
85,55,1261.6153028069734
85,54,1316.200263676127
85,53,1374.7350662591537
85,52,1433.8349088536936
85,51,1491.4232186208442
85,50,1549.9565415238217
85,49,1609.4372961281606
85,48,1669.8678100304098
85,47,1731.2503268715946
85,46,1865.9784344415725
85,45,1930.5340918507668
85,44,1996.0459898652373
85,43,2062.5162867936206
85,42,2129.947072972431
85,41,2200.500227054679
85,40,2283.1556802876194
85,39,2354.3153004114492
85,38,2426.480358327895
85,37,2499.653731375325
85,36,2798.9688084533254
85,35,2877.4758346387152
85,34,2957.001612348722
85,33,3038.8451484371894
85,32,3194.3829869216574
85,31,3280.903759097389
85,30,3369.208685881908
85,29,3458.3597781227845
85,28,5953.000684138459
85,27,6102.358089126624
85,26,6253.452911407132
85,25,6406.28764006238
85,24,6560.864730396124
85,23,6721.026341265181
85,22,6970.442291281573
85,21,7134.5376569552345
85,20,7300.529760189305
85,19,7468.42410239718
85,18,7960.491440153038
85,17,8135.970652988437
85,16,8313.375945894171
85,15,8495.016919083773
85,14,9097.021205326118
85,13,9297.803534652703
85,12,9502.340306035421
85,11,9708.575320644959
85,10,21169.227897584427
85,9,21594.68103472187
85,8,22024.412790698487
85,7,22463.617173154365
85,6,24867.447123314345
85,5,25385.31107959128
85,4,25912.73590065265
85,3,26444.560576598073
85,2,105660.36527254757
85,1,107756.25274342517
86,86,13.11935078573198
86,85,22.076168661969774
86,84,32.28284477940224
86,83,44.01465105369223
86,82,55.96738843996684
86,81,68.5410580528005
86,80,81.82828022592884
86,79,95.59659832523384
86,78,147.8255313698345
86,77,168.09971170080354
86,76,189.0134923531127
86,75,210.54875770950983
86,74,232.6931431806232
86,73,256.82062893399393
86,72,280.41579283897636
86,71,304.39390461174634
86,70,328.96696515812
86,69,354.1343205988195
86,68,488.40069955968283
86,67,518.2618284174526
86,66,548.6844466392768
86,65,580.5028486738388
86,64,615.6961324718753
86,63,648.2236579491373
86,62,681.643274840312
86,61,715.5590559260993
86,60,1065.515446638407
86,59,1116.7901723759176
86,58,1168.9782130441524
86,57,1222.08260967163
86,56,1276.106236888648
86,55,1331.0518120396478
86,54,1386.9219045787602
86,53,1446.7427361410982
86,52,1507.4087654618652
86,51,1566.3009565122088
86,50,1626.1395457283509
86,49,1686.9269367949682
86,48,1748.6654442206916
86,47,1811.3573003874162
86,46,1949.0201077237862
86,45,2014.8868479703465
86,44,2081.7113148857165
86,43,2149.495651284657
86,42,2218.241934615528
86,41,2290.1120330450685
86,40,2375.167087503694
86,39,2447.6954299579393
86,38,2521.2320323902923
86,37,2595.7797886152794
86,36,2900.7650620695417
86,35,2980.657693247652
86,34,3061.5722536072176
86,33,3144.807760641495
86,32,3306.8388894387376
86,31,3394.95427977991
86,30,3484.8684002172313
86,29,3575.63031107142
86,28,6147.482617394807
86,27,6299.1939477189635
86,26,6452.644895531279
86,25,6607.837952401136
86,24,6764.775577673439
86,23,6927.2999356739
86,22,7184.668134479551
86,21,7351.322059855448
86,20,7519.879176949927
86,19,7690.345042587428
86,18,8189.936668011562
86,17,8368.011899164616
86,16,8548.02008321859
86,15,8732.270875836062
86,14,9359.89768857237
86,13,9564.009365797714
86,12,9771.910145955717
86,11,9981.516987168134
86,10,21726.859005892584
86,9,22158.068988498093
86,8,22593.57005237179
86,7,23038.556303539226
86,6,25546.93105507173
86,5,26073.38745241335
86,4,26609.503612328048
86,3,27150.049349522527
86,2,108407.38411398027
86,1,110535.68685585799
87,87,5.262080984270902
87,86,22.977184172672636
87,85,33.411922323231344
87,84,44.79287809234564
87,83,57.50604811932555
87,82,70.33547183282278
87,81,83.68643309820469
87,80,97.69758043074671
87,79,112.14771212138889
87,78,171.73909491778593
87,77,192.9319643840433
87,76,214.74163723839496
87,75,237.15612698337947
87,74,260.1674647676527
87,73,285.1528202373324
87,72,309.6549567086138
87,71,334.4855704277346
87,70,359.90778875877027
87,69,385.9219407605829
87,68,525.3462721846614
87,67,556.0237263439824
87,66,587.2653662559685
87,65,619.9054312178497
87,64,656.4141089634953
87,63,689.804056189331
87,62,724.0937787108954
87,61,758.87974539177
87,60,1130.267235721684
87,59,1182.8218918449877
87,58,1236.290983815558
87,57,1290.677516971511
87,56,1345.9843288115608
87,55,1402.2140994206768
87,54,1459.3693617766205
87,53,1520.4763024374065
87,52,1582.7296022116627
87,51,1642.9265830142556
87,50,1704.071390917181
87,49,1766.1664123654716
87,48,1829.2139468354421
87,47,1893.2162138353344
87,46,2033.815126013786
87,45,2100.994232452235
87,44,2169.1325766535406
87,43,2238.232286033808
87,42,2308.2954252561444
87,41,2381.4838521041715
87,40,2469.003873625931
87,39,2542.9042231274548
87,38,2617.815705850971
87,37,2693.7412321544434
87,36,3004.4097644569015
87,35,3085.691762076336
87,34,3167.9989085327957
87,33,3252.630232758591
87,32,3421.415957576802
87,31,3511.136294979129
87,30,3602.670100179441
87,29,3695.0534018746334
87,28,6345.101507214529
87,27,6499.169218678604
87,26,6654.978778145148
87,25,6812.53268005168
87,24,6971.833388118157
87,23,7136.72307243081
87,22,7402.297790353292
87,21,7571.518520246228
87,20,7742.648988349229
87,19,7915.694807060177
87,18,8422.835533316924
87,17,8603.515609644486
87,16,8786.13560209682
87,15,8973.005222034639
87,14,9627.192954095319
87,13,9834.661770402536
87,12,10045.954736226116
87,11,10258.961741076308
87,10,22292.14696903985
87,9,22729.129908837633
87,8,23170.416547377583
87,7,23621.20108929501
87,6,26237.81041639694
87,5,26772.943815271843
87,4,27317.836986987764
87,3,27867.189882771778
87,2,111197.41012681907
87,1,113358.40840179192
88,88,5.565702367105459
88,87,10.914013952913463
88,86,34.55658045990372
88,85,46.16437271066196
88,84,58.524170113671836
88,83,72.0897411256024
88,82,85.71542217786778
88,81,99.78407610297148
88,80,114.47728370641074
88,79,129.5795173842592
88,78,196.88758105955608
88,77,218.97290171615242
88,76,241.65864796704145
88,75,264.93721536281925
88,74,288.8038065389033
88,73,314.63791017923455
88,72,340.0478884015934
88,71,365.7258246007881
88,70,391.9931888250756
88,69,418.8510413735937
88,68,563.4100928248139
88,67,594.905054157708
88,66,626.9670016272879
88,65,660.4300899594224
88,64,698.3014343809685
88,63,732.5572412099373
88,62,767.7205790937784
88,61,803.3803041496842
88,60,1196.7445959686213
88,59,1250.5790612975898
88,58,1305.3291497520377
88,57,1360.9978209072626
88,56,1417.5878672378465
88,55,1475.101925357129
88,54,1533.542486854409
88,53,1595.935699307756
88,52,1659.7984266574122
88,51,1721.3011915722745
88,50,1783.7532509837959
88,49,1847.1569724520098
88,48,1911.5146390733937
88,47,1976.8284563702969
88,46,2120.3650615774127
88,45,2188.8578716638062
88,44,2258.3114539074795
88,43,2328.727920594283
88,42,2400.109323854063
88,41,2474.617511319654
88,40,2564.670357316101
88,39,2639.946078419192
88,38,2716.2358560670195
88,37,2793.542617305374
88,36,3109.9078238501934
88,35,3192.5830185792315
88,34,3276.286623730598
88,33,3362.3176804602067
88,32,3538.1278380794383
88,31,3629.4636221572223
88,30,3722.6277745657526
88,29,3816.6432098070577
88,28,6545.8606525357845
88,27,6702.287251323979
88,26,6860.457958561468
88,25,7020.375271945989
88,24,7182.041659917528
88,23,7349.299298625588
88,22,7623.342273306099
88,21,7795.138181243413
88,20,7968.85046589652
88,19,8144.48479540999
88,18,8659.199809699601
88,17,8842.49368395518
88,16,9027.734527803499
88,15,9217.232108551952
88,14,9898.943927981249
88,13,10109.798041312317
88,12,10324.511737788576
88,11,10540.947609777142
88,10,22865.11338498725
88,9,23307.885606158103
88,8,23754.97429829805
88,7,24211.573764881403
88,6,26940.197578640542
88,5,27484.09356578625
88,4,28037.850452390052
88,3,28596.097629841985
88,2,114030.81605179513
88,1,116224.79340793117
89,89,4.5712161883444695
89,88,11.387345975261303
89,87,17.965232716615503
89,86,47.553175924184124
89,85,60.137132105403175
89,84,73.34609303788612
89,83,87.67651337208949
89,82,102.04580255615011
89,81,116.79042278859228
89,80,132.1360175447852
89,79,147.8691145811093
89,78,223.24255449140716
89,77,246.20070980782558
89,76,269.74758041364254
89,75,293.8787142079631
89,74,318.59161220642324
89,73,345.267453924862
89,72,371.5884382984106
89,71,398.1098235968863
89,70,425.2193638521142
89,69,452.91866194154693
89,68,602.5925440105676
89,67,634.9064257066342
89,66,667.7901561384248
89,65,702.0777863948633
89,64,741.3618193745389
89,63,776.4870919956967
89,62,812.5277105951816
89,61,849.0649101297862
89,60,1264.946848631469
89,59,1320.0611419640368
89,58,1376.0922952800447
89,57,1433.0432152024696
89,56,1490.9166435923528
89,55,1549.715169231413
89,54,1609.4412389075976
89,53,1673.1209585374497
89,52,1738.6163580307773
89,51,1801.4259798498385
89,50,1865.1863975138829
89,49,1929.8999586246553
89,48,1995.5689290317257
89,47,2062.1954995651195
89,46,2208.6715590010936
89,45,2278.4794614225657
89,44,2349.249692258646
89,43,2420.9843490695494
89,42,2493.68547182165
89,41,2569.5148983318268
89,40,2662.1709613368694
89,39,2738.825496864576
89,38,2816.4970614973054
89,37,2895.1885991754834
89,36,3217.2642420841808
89,35,3301.336533230885
89,34,3386.4405382806385
89,33,3473.875311380097
89,32,3656.9884050093983
89,31,3749.9503056422536
89,30,3844.7556386090982
89,29,3940.4141201775947
89,28,6749.763415786354
89,27,6908.551457715858
89,26,7069.085898136125
89,25,7231.369238404738
89,24,7395.403952034674
89,23,7565.032221549768
89,22,7847.812764740778
89,21,8022.192352458679
89,20,8198.495047124823
89,19,8376.726572812498
89,18,8899.041435207531
89,17,9084.958185738513
89,16,9272.829049441172
89,15,9464.963849816892
89,14,10175.188021625623
89,13,10389.455956438615
89,12,10607.619296421082
89,11,10827.513105297277
89,10,23445.780126463895
89,9,23894.358165220863
89,8,24347.265601657993
89,7,24809.69683832153
89,6,27654.206273143092
89,5,28206.95146122771
89,4,28769.659795625023
89,3,29336.88940325976
89,2,116907.9789778406
89,1,119135.22224810944
90,90,5.009148844006274
90,89,11.865212051026898
90,88,21.668934278885647
90,87,30.689263716837893
90,86,61.768975452785554
90,85,75.19871910087032
90,84,89.16900277495157
90,83,104.2038141181622
90,82,119.28301223731555
90,81,134.6741275623722
90,80,150.65096392690597
90,79,166.9997178384797
90,78,250.78231621525666
90,77,274.5985639606133
90,76,298.99524330571023
90,75,323.97017888831544
90,74,349.5225410336261
90,73,377.03474260582993
90,72,404.2718559638207
90,71,431.63385087854937
90,70,459.5834306609159
90,69,488.1225986149391
90,68,642.8943358373857
90,67,676.0287309518706
90,66,709.7358693238053
90,65,744.8496868154303
90,64,785.5992239874453
90,63,821.5977170605358
90,62,858.5194212107475
90,61,895.9379415891096
90,60,1334.873500378659
90,59,1391.2677589210919
90,58,1448.5801505251773
90,57,1506.8135239117971
90,56,1565.9705665354163
90,55,1626.053816436299
90,54,1687.065673366325
90,53,1752.0321998622255
90,52,1819.184618834085
90,51,1883.3022423951222
90,50,1948.3721933657005
90,49,2014.3967987738192
90,48,2081.378306740956
90,47,2149.31889302555
90,46,2298.7363318668376
90,45,2369.8607640372675
90,44,2441.9491015516915
90,43,2515.0034277553486
90,42,2589.0257709130146
90,41,2666.1779594409763
90,40,2761.5102108530546
90,39,2839.547080499842
90,38,2918.6040003275275
90,37,2998.683931428081
90,36,3326.484113861542
90,35,3411.9574688576695
90,34,3498.46588312762
90,33,3587.3084245568466
90,32,3778.0117592403967
90,31,3872.610616164136
90,30,3969.0681335547974
90,29,4066.3807439430952
90,28,6956.813222181493
90,27,7117.965312019436
90,26,7280.866119688922
90,25,7445.518150611786
90,24,7611.92388373232
90,23,7783.925508265611
90,22,8075.7206126699375
90,21,8252.692509647773
90,20,8431.594335273947
90,19,8612.431869739503
90,18,9142.372512095772
90,17,9330.921342561967
90,16,9521.431519771106
90,15,9716.21292366388
90,14,10455.963131599154
90,13,10673.67377864112
90,12,10895.316042634011
90,11,11118.697224192205
90,10,24034.16934079649
90,9,24488.56994498584
90,8,24947.313027803055
90,7,25415.593091102008
90,6,28379.951591155208
90,5,28941.63361845759
90,4,29513.38216307048
90,3,30089.683374553904
90,2,119829.28034203444
90,1,122090.07964328997
91,91,4.745863247832415
91,90,11.681619633848477
91,89,21.97079351658048
91,88,32.0861220191614
91,87,44.893172878536376
91,86,77.07166104009262
91,85,91.25907802202777
91,84,105.93017827168929
91,83,121.62706129304729
91,82,137.39575681437785
91,81,153.41245237496534
91,80,170.00544668964196
91,79,186.95900858116576
91,78,279.4901700793294
91,77,304.1533982414022
91,76,329.3913106570893
91,75,355.20337890633016
91,74,381.5899853484581
91,73,409.9344404466094
91,72,438.0945140596965
91,71,466.2951043477789
91,70,495.08325900710986
91,69,524.4612742108256
91,68,684.3164475331507
91,67,718.2730898852575
91,66,752.8053801587398
91,65,788.7471327843502
91,64,831.0178337204296
91,63,867.8934348500279
91,62,905.7001561583307
91,61,944.0039636591284
91,60,1406.5242188594837
91,59,1464.1986804550315
91,58,1522.7925737839143
91,57,1582.3086864536904
91,56,1642.7496491185696
91,55,1704.117947301097
91,54,1766.4159324064992
91,53,1832.6696226315262
91,52,1901.5045275670802
91,51,1966.931364271355
91,50,2033.312087073831
91,49,2100.6490021785985
91,48,2168.9443398068643
91,47,2238.2002605291495
91,46,2390.5611598207465
91,45,2463.003605691215
91,44,2536.4115535243764
91,43,2610.7870730425007
91,42,2686.132181341646
91,41,2764.6086979152933
91,40,2862.692731909259
91,39,2942.1155309940696
91,38,3022.5614492324617
91,37,3104.033465164685
91,36,3437.5726260930514
91,35,3524.4510800341004
91,34,3612.367980528555
91,33,3702.622409928415
91,32,3901.2122279952027
91,31,3997.459050432099
91,30,4095.5799262743544
91,29,4194.557917355381
91,28,7167.013559081087
91,27,7330.532349919356
91,26,7495.802206971716
91,25,7662.8256401309945
91,24,7831.605134134255
91,23,8005.982885208594
91,22,8307.077331356239
91,21,8486.65029438543
91,20,8668.16009899727
91,19,8851.612581695037
91,18,9389.205306631497
91,17,9580.395545743313
91,16,9773.554455056015
91,15,9970.991971192543
91,14,10741.30763952312
91,13,10962.490255617546
91,12,11187.641091573501
91,11,11414.539447462132
91,10,24630.303449750063
91,9,25090.543578475816
91,8,25555.13942078584
91,7,26029.285578079278
91,6,29117.549983762518
91,5,29688.257513869943
91,4,30269.1360603505
91,3,30854.599074228867
91,2,122795.10592955153
91,1,125089.75466156543
92,92,4.834414688757124
92,91,11.830165417246805
92,90,21.89491199631526
92,89,33.50786101514609
92,88,46.615936679318025
92,87,60.95710448774235
92,86,93.37078122607369
92,85,108.25533169412967
92,84,123.58501599528864
92,83,139.91404111278132
92,82,156.36139854644986
92,81,172.9888299785973
92,80,190.18727065846312
92,79,207.7379813962176
92,78,309.35318346111984
92,77,334.8550122946217
92,76,360.92766834952323
92,75,387.57181319879464
92,74,414.78870631212277
92,73,443.9623077247309
92,72,473.0536953320884
92,71,502.0915307215436
92,70,531.7173415069022
92,69,561.9336350920493
92,68,726.8600819661684
92,67,761.6408163465176
92,66,797.0000979999251
92,65,833.7716175802158
92,64,877.6220402867771
92,63,915.3787578683083
92,62,954.0745446909631
92,61,993.2677172980722
92,60,1479.8988122795238
92,59,1538.853800716105
92,58,1598.7295367129511
92,57,1659.528744899874
92,56,1721.253997824602
92,55,1783.9077275993297
92,54,1847.4922366946046
92,53,1915.0334986016392
92,52,1985.5774924146892
92,51,2052.3148155081794
92,50,2120.0076079567784
92,49,2188.658155180757
92,48,2258.268669575245
92,47,2328.8412966169058
92,46,2484.147885982195
92,45,2557.9098741227854
92,44,2632.638979727102
92,43,2708.337259547647
92,42,2785.0067200983362
92,41,2864.8091724751275
92,40,2965.723250062967
92,39,3046.535648414547
92,38,3128.3742822597474
92,37,3211.242147915022
92,36,3550.5350573018495
92,35,3638.8227125366
92,34,3728.152243551916
92,33,3819.82274787294
92,32,4026.6043644252136
92,31,4124.510330749412
92,30,4224.305908912758
92,29,4324.960701638293
92,28,7380.3679754002815
92,27,7546.256168082713
92,26,7713.897804179461
92,25,7883.295398461421
92,24,8054.4514418211675
92,23,8231.20813782058
92,22,8541.894600980031
92,21,8724.077513764629
92,20,8908.204272090165
92,19,9094.280768970713
92,18,9639.552248913085
92,17,9833.393350187662
92,16,10029.210534913918
92,15,10229.313796637101
92,14,11031.260411953239
92,13,11255.944619800934
92,12,11484.634042931282
92,11,11715.079740473388
92,10,25234.205149379024
92,9,25700.30197264936
92,8,26170.767898259262
92,7,26650.797627391858
92,6,29867.11926181538
92,5,30446.941983337394
92,4,31037.041352296426
92,3,31631.75739173979
92,2,125805.84587361471
92,1,128134.64071815819
93,93,6.189199691813192
93,92,11.974103423061369
93,91,23.0352604020154
93,90,34.95448138590831
93,89,48.36583049815885
93,88,63.00597087087224
93,87,95.37064477461071
93,86,110.4684392732822
93,85,126.00663856955902
93,84,142.5397928086061
93,83,173.0645699483727
93,82,176.16349625983784
93,81,193.39118828423327
93,80,211.18755866191367
93,79,229.33012237529803
93,78,340.3612886212517
93,77,366.6954145210178
93,76,393.59792734069475
93,75,421.07034464842474
93,74,449.11455615560965
93,73,479.11498726017214
93,72,509.14742681503054
93,71,539.0216954163853
93,70,569.484690552374
93,69,600.5390687661238
93,68,770.5266300207223
93,67,806.1333894555772
93,66,842.3215794594014
93,65,879.9247673060927
93,64,925.4164260638604
93,63,964.0583797619488
93,62,1003.6473892926989
93,61,1043.7341101793966
93,60,1554.9972122547156
93,59,1615.2331250793638
93,58,1676.3911117656057
93,57,1738.4738331408919
93,56,1801.4838031820568
93,55,1865.4234003841837
93,54,1930.29487825748
93,53,1999.124165686099
93,52,2071.405005752446
93,51,2139.454146254282
93,50,2208.460361828194
93,49,2278.4259173800137
93,48,2349.3530077482865
93,47,2421.243763577254
93,46,2579.498414648746
93,45,2654.581516564806
93,44,2730.63336966958
93,43,2807.6560184437153
93,42,2885.651459445079
93,41,2966.781495932606
93,40,3070.606589154969
93,39,3152.812330113787
93,38,3236.047469821553
93,37,3320.315022722831
93,36,3665.3767770847044
93,35,3755.0778028484747
93,34,3845.8241756227976
93,33,3938.915008790939
93,32,4154.202947227242
93,31,4253.779404661565
93,30,4355.2611985658605
93,29,4457.604382691862
93,28,7596.880081068628
93,27,7765.140423665469
93,26,7935.1566155001665
93,25,8106.931176627387
93,24,8280.466604457633
93,23,8459.605110210923
93,22,8780.18426733189
93,21,8964.98614011815
93,20,9151.738953238271
93,19,9340.448656418648
93,18,9893.425932702117
93,17,10089.927474236045
93,16,10288.41260218214
93,15,10491.19136724472
93,14,11325.860800271386
93,13,11554.07658826377
93,12,11786.334980860449
93,11,12020.358552884989
93,10,25845.89740988791
93,9,26317.86830828197
93,8,26794.22185137657
93,7,27280.152840377996
93,6,30628.77859586281
93,5,31217.807222160423
93,4,31817.219262910337
93,3,32421.28057546902
93,2,128861.89465544965
93,1,131225.13557542002
94,94,6.02923974757775
94,93,11.789666475599034
94,92,24.198016015089415
94,91,36.4259838258715
94,90,50.142855268831276
94,89,82.41585465737747
94,88,97.25809153846453
94,87,112.56890799924379
94,86,128.89132176976358
94,85,156.14507295847397
94,84,176.8135485532699
94,83,198.13461397202363
94,82,196.79011552069488
94,81,214.61077835026413
94,80,232.99992454534598
94,79,251.73081590011918
94,78,372.5066226186549
94,77,399.668333310773
94,76,427.39705701922725
94,75,455.6949216820365
94,74,484.5642643563477
94,73,515.3898384193465
94,72,546.3743497261664
94,71,577.0846795445492
94,70,608.3847560281287
94,69,640.27733759554
94,68,815.317642549548
94,67,851.7524309415589
94,66,888.7715099101172
94,65,927.2083256689041
94,64,974.4057514742926
94,63,1013.9371647641477
94,62,1054.4236567895869
94,61,1095.408209146641
94,60,1631.819459358539
94,59,1693.336757741085
94,58,1755.777461494414
94,57,1819.1441676176921
94,56,1883.4393317004688
94,55,1948.6652789430611
94,54,2014.824214304494
94,53,2084.942022519994
94,52,2158.988639349949
94,51,2228.3509825310584
94,50,2298.6720272273656
94,49,2369.9540182793817
94,48,2442.1991333921733
94,47,2515.4094887711253
94,46,2676.61470925846
94,45,2753.0205379099407
94,44,2830.396769166381
94,43,2908.7454359657836
94,42,2988.0685255639546
94,41,3070.527833968435
94,40,3177.3476702013413
94,39,3260.9505697244567
94,38,3345.586077782186
94,37,3431.2572273170676
94,36,3782.103245624053
94,35,3873.2218777105936
94,34,3965.3893701092957
94,33,4059.904852724627
94,32,4284.022980293717
94,31,4385.281444634634
94,30,4488.4611369849345
94,29,4592.504470820967
94,28,7816.553546533006
94,27,7987.188833858264
94,26,8159.582404700237
94,25,8333.736784800307
94,24,8509.654478447626
94,23,8691.177704843021
94,22,9021.958341527987
94,21,9209.388310760425
94,20,9398.776405783909
94,19,9590.128633240574
94,18,10150.839115267181
94,17,10350.010799524485
94,16,10551.173662790576
94,15,10756.637813162097
94,14,11625.148640584535
94,13,11856.926362628532
94,12,12092.784473896723
94,11,12330.416818579903
94,10,26465.403475500894
94,9,26943.26603985469
94,8,27425.524944697714
94,7,27917.375091498503
94,6,31402.64851609059
94,5,32000.974785019655
94,4,32609.792375330533
94,3,33223.29223270407
94,2,131963.65110424225
94,1,134361.64134283224
95,95,6.108299125167875
95,94,11.9388960797634
95,93,25.38220141189695
95,92,37.92236904276726
95,91,51.94701194091982
95,90,67.19124004758424
95,89,99.43410756222238
95,88,114.96196379787976
95,87,130.920480478156
95,86,147.86492633848968
95,85,180.59965874436327
95,84,202.1979184163108
95,83,224.4258262417039
95,82,218.23264806542966
95,81,236.64134195140682
95,80,255.61987683513001
95,79,274.93691084860535
95,78,405.7830366871673
95,77,433.76884934243066
95,76,462.3211062498033
95,75,491.4423642069149
95,74,521.1352715926143
95,73,552.7848070033114
95,72,584.7336165884718
95,71,616.2799977867378
95,70,648.4173591884303
95,69,681.1485251304231
95,68,861.2348081823271
95,67,898.4996870659976
95,66,936.3516886281138
95,65,975.6241416621846
95,64,1024.594944701292
95,63,1065.020139032548
95,62,1106.4084710073253
95,61,1148.2952339414553
95,60,1710.36569089156
95,59,1773.1648911700104
95,58,1836.8888294100893
95,57,1901.5400393657699
95,56,1967.1209189177835
95,55,2033.6337406987504
95,54,2101.0806618588376
95,53,2172.4875237185747
95,52,2248.33004017215
95,51,2319.007022502965
95,50,2390.6443520977155
95,49,2463.244254320147
95,48,2536.808890284526
95,47,2611.3403622541723
95,46,2775.498790576807
95,45,2853.228999073882
95,44,2931.9312788570805
95,43,3011.60765207134
95,42,3092.2600973428
95,41,3176.0504040300666
95,40,3285.951510393262
95,39,3370.9554562502676
95,38,3456.995266631208
95,37,3544.07399335937
95,36,3900.72001324531
95,35,3993.2605537129693
95,34,4086.8535099457813
95,33,4182.798029010586
95,32,4416.079692392998
95,31,4519.031847760791
95,30,4623.921290305775
95,29,4729.67670048614
95,28,8039.392102300336
95,27,8212.405175467988
95,26,8387.178994741964
95,25,8563.716091949353
95,24,8742.018978615919
95,23,8925.929882244163
95,22,9267.228999746254
95,21,9457.29632774807
95,20,9649.32905750913
95,19,9843.33325279175
95,18,10411.804717238565
95,17,10613.656370852746
95,16,10817.506885643645
95,15,11025.666427329645
95,14,11929.164253630452
95,13,12164.534628983994
95,12,12404.023574884812
95,11,12645.295955600717
95,10,27092.746864339635
95,9,27576.518895449535
95,8,28064.70111610131
95,7,28562.48852826423
95,6,32188.850912262908
95,5,32796.56758593096
95,4,33414.88463179928
95,3,34037.91732961674
95,2,135111.5183970989
95,1,137544.5644770058
96,96,5.196806616747492
96,95,12.433742056463878
96,94,24.65446051076195
96,93,39.441214845372016
96,92,53.778301479822176
96,91,69.32764527852977
96,90,101.4977113319541
96,89,117.1069144046428
96,88,133.851828294123
96,87,163.1891333647828
96,86,184.42290341423737
96,85,206.2995971332923
96,84,228.80143794436736
96,83,221.7401046116975
96,82,240.34059046371314
96,81,315.80271853949574
96,80,279.04438321208346
96,79,298.9463996467781
96,78,440.18572757888785
96,77,468.99311616025665
96,76,498.3669891416889
96,75,528.310197577261
96,74,558.8255997470853
96,73,591.29832248354
96,72,624.224809297444
96,71,656.6075324690079
96,70,689.5826391837468
96,69,723.1529924000704
96,68,908.2799356877516
96,67,946.3770141462403
96,66,985.0640168058467
96,65,1025.1741595576243
96,64,1075.9890932732176
96,63,1117.312483513625
96,62,1159.6071066838122
96,61,1202.4005519710415
96,60,1790.6361304929128
96,59,1854.7177971039466
96,58,1919.7255321436746
96,57,1985.6618071635748
96,56,2052.528963387776
96,55,2120.3292219141804
96,54,2189.0646930785265
96,53,2261.761175730083
96,52,2339.430926694232
96,51,2411.424033193383
96,50,2484.3791508529494
96,49,2558.2984862551216
96,48,2633.1841845578056
96,47,2709.038334658602
96,46,2876.152735080047
96,45,2955.2090155320825
96,44,3035.239052879994
96,43,3116.244859236734
96,42,3198.22840528184
96,41,3283.3514743374917
96,40,3396.4232221926286
96,39,3482.832173242338
96,38,3570.28029073286
96,37,3658.7706457597424
96,36,4021.2327200147083
96,35,4115.199536922953
96,34,4210.222367289336
96,33,4307.6003759624355
96,32,4550.3885368767815
96,31,4655.046235488395
96,30,4761.657448800005
96,29,4869.1370300744875
96,28,8265.399538516385
96,27,8440.7932845319
96,26,8617.950267430351
96,25,8796.873025518582
96,24,8977.564077913223
96,23,9163.865660736654
96,22,9516.008582981682
96,21,9708.722657657518
96,20,9903.409500434052
96,19,10100.075232398533
96,18,10676.335822472987
96,17,10880.877396062027
96,16,11087.425602510084
96,15,11298.290665382707
96,14,12237.948444689475
96,13,12476.942557807002
96,12,12720.093820909462
96,11,12965.037866089342
96,10,27727.951368308662
96,9,28217.65087665153
96,8,28711.774576702188
96,7,29215.517571167897
96,6,32987.50903366772
96,5,33604.70989820333
96,4,34232.621333632225
96,3,34865.282191243685
96,2,138305.90405900852
96,1,140774.31578168095
97,97,6.267963488747678
97,96,12.24017334342396
97,95,25.884348752598648
97,94,39.05196295935072
97,93,55.6318395355323
97,92,71.49323259324028
97,91,88.37817918370688
97,90,119.68092381976528
97,89,136.3673905439444
97,88,166.76486048213292
97,87,188.28328548493107
97,86,210.43965336936108
97,85,233.2165792499025
97,84,225.27591547173876
97,83,244.068948454294
97,82,321.1486492777326
97,81,346.9521499495927
97,80,303.27154870282124
97,79,323.75817824709947
97,78,475.71095775906224
97,77,505.3381458473476
97,76,535.532319088831
97,75,566.2965227656002
97,74,597.6337493575137
97,73,630.9292162568712
97,72,664.8478734306768
97,71,698.0674803115525
97,70,731.881009558459
97,69,766.2913421143256
97,68,956.4549398965395
97,67,995.386366915362
97,66,1034.9104878440173
97,65,1075.860410741676
97,64,1128.5934371519963
97,63,1170.8195280433085
97,62,1214.024984404312
97,61,1257.729673927756
97,60,1872.6310792848014
97,59,1937.9958188390474
97,58,2004.2879527040589
97,57,2071.5098916134093
97,56,2139.663921464723
97,55,2208.7522130816023
97,54,2278.776831167234
97,53,2352.7635331986967
97,52,2432.2930856590438
97,51,2505.603847585716
97,50,2579.8783017795363
97,49,2655.1186368163208
97,48,2731.326982601138
97,47,2808.5054153023393
97,46,2978.5786735108727
97,45,3058.96275600909
97,44,3140.3222976813495
97,43,3222.6593013740408
97,42,3305.975730507547
97,41,3392.4333629846383
97,40,3508.768012513024
97,39,3596.5859980518226
97,38,3685.446497643758
97,37,3775.352602053365
97,36,4143.647095373377
97,35,4239.044622546323
97,34,4335.501803206001
97,33,4434.317820580539
97,32,4686.965191412008
97,31,4793.340453374253
97,30,4901.685626646477
97,29,5010.901641688812
97,28,8494.579704577423
97,27,8672.357055961358
97,26,8851.900163086582
97,25,9033.211571128038
97,24,9216.293807142973
97,23,9404.989116188439
97,22,9768.309596819074
97,21,9963.679931378301
97,20,10161.03049062925
97,19,10360.367453188463
97,18,10944.44567792749
97,17,11151.687245920883
97,16,11360.943307920128
97,15,11574.524145559208
97,14,12551.542503502074
97,13,12794.191803889227
97,12,13041.037233230903
97,11,13289.684936230571
97,10,28371.041052987945
97,9,28866.686258456728
97,8,29366.769810773723
97,7,29876.48691362004
97,6,33798.74748906513
97,5,34425.52735439905
97,4,35063.1291411897
97,3,35705.51450146775
97,2,141547.219962807
97,1,144051.31040772772
98,98,6.3485684867961805
98,97,12.392221044359792
98,96,27.136640385927368
98,95,40.622812371261645
98,94,55.58185691345157
98,93,73.67936605634534
98,92,90.87639577028106
98,91,108.96283869071337
98,90,138.7422756742661
98,89,170.32960212158227
98,88,192.18080790793962
98,87,214.6180904023344
98,86,237.67125376488988
98,85,228.8400925695685
98,84,247.82642879294318
98,83,326.5371419879451
98,82,352.60307153384593
98,81,379.24548613748203
98,80,328.30037534139217
98,79,349.37186484383886
98,78,512.3558410561947
98,77,542.801643200981
98,76,573.8152791616267
98,75,605.3999140732232
98,74,637.5586181427534
98,73,671.6766561845211
98,72,706.6030652472305
98,71,740.6603091570704
98,70,775.3131226609427
98,69,810.5643891869228
98,68,1005.7618304239795
98,67,1045.529789128283
98,66,1085.8931794604043
98,65,1127.6850070335345
98,64,1182.4133630369836
98,63,1225.5467464530889
98,62,1269.6676663734183
98,61,1314.2882501101485
98,60,1956.3509082980302
98,59,2022.9993646045582
98,58,2090.5765346595954
98,57,2159.0847700124973
98,56,2228.526302766572
98,55,2298.9032548966316
98,54,2370.217646791102
98,53,2445.4951957667286
98,52,2526.918369216928
98,51,2601.5483620585164
98,50,2677.143744731756
98,49,2753.7066886395855
98,48,2831.239309188318
98,47,2909.743670497751
98,46,3082.7787895854317
98,45,3164.4924413023427
98,44,3247.183270944117
98,43,3330.853272854571
98,42,3415.504403881687
98,41,3503.29843712585
98,40,3622.9911819767754
98,39,3712.2223011507313
98,38,3802.499327491703
98,37,3893.8253718322844
98,36,4267.968957803947
98,35,4364.801694617904
98,34,4462.697767383839
98,33,4562.9563782860805
98,32,4825.825557734907
98,31,4933.930570856
98,30,5044.022061720936
98,29,5154.986940953292
98,28,8726.936508771712
98,27,8907.100443212556
98,26,9089.032680245953
98,25,9272.73577229692
98,24,9458.212254707965
98,23,9649.304381781558
98,22,10024.144711221883
98,21,10222.180943920761
98,20,10422.204948041006
98,19,10624.222959931894
98,18,11216.147693541858
98,17,11426.09945401869
98,16,11638.073659069372
98,15,11854.380648613325
98,14,12869.988204191663
98,13,13116.324506268558
98,12,13366.896317224282
98,11,13619.280036198994
98,10,29022.04025753195
98,9,29523.64958918567
98,8,30029.711575674948
98,7,30545.421521888755
98,6,34622.69224663891
98,5,35259.146946296314
98,4,35906.536073849624
98,3,36558.74330300069
98,2,144835.88232914373
98,1,147375.96785314556
99,99,6.42968870378778
99,98,12.545208152540834
99,97,28.411335700888014
99,96,42.21853746044514
99,95,57.49422120911967
99,94,73.96759600701947
99,93,93.39171922907984
99,92,111.79144586570752
99,91,130.9826484935697
99,90,158.65019658902725
99,89,196.05340822479482
99,88,218.83491154145656
99,87,242.16546512921784
99,86,232.43264792314162
99,85,251.61304444802494
99,84,331.96820142678763
99,83,358.29744171646917
99,82,385.19997742974516
99,81,412.6763287906119
99,80,354.1305809016185
99,79,375.7876616956817
99,78,550.1181770342447
99,77,581.3818763972471
99,76,613.214520121988
99,75,645.619337965714
99,74,678.5994358403847
99,73,713.540093841178
99,72,749.490908671146
99,71,784.3867226107636
99,70,819.8798403718204
99,69,855.9731363417752
99,68,1056.202702604332
99,67,1096.8094059550863
99,66,1138.014247254309
99,65,1180.6501351977079
99,64,1237.454399655281
99,63,1281.4997524972343
99,62,1326.540852874463
99,61,1372.0820673235837
99,60,2041.7960519720918
99,59,2109.728901852384
99,58,2178.5917771020295
99,57,2248.386971895913
99,56,2319.116666217364
99,55,2390.7829347335783
99,54,2463.387754930893
99,53,2539.956805256101
99,52,2623.3086923969254
99,51,2699.259534111015
99,50,2776.1774790819327
99,49,2854.064682413973
99,48,2932.9232458042493
99,47,3012.7552220359257
99,46,3188.7553188336906
99,45,3271.8003432247365
99,44,3355.8242806227936
99,43,3440.829117627058
99,42,3526.8168051950806
99,41,3615.9491122382583
99,40,3739.098124240039
99,39,3829.746545513807
99,38,3921.4443124093787
99,37,4014.1945562264236
99,36,4394.204214526384
99,35,4492.476725718789
99,34,4591.816297870252
99,33,4693.522152677205
99,32,4966.985761425058
99,31,5076.832881042697
99,30,5188.683215402233
99,29,5301.409556834245
99,28,8962.473917948306
99,27,9145.027457981922
99,26,9329.351875378037
99,25,9515.449730186867
99,24,9703.323566375166
99,23,9896.815647797011
99,22,10283.526760335757
99,21,10484.238654237028
99,20,10686.945956328515
99,19,10891.654960894277
99,18,11491.455442128832
99,17,11704.127716666133
99,16,11918.830475728926
99,15,12137.874117734693
99,14,13193.327805192303
99,13,13443.383288164796
99,12,13697.714062322892
99,11,13953.866520109274
99,10,29680.973594574796
99,9,30188.56569040212
99,8,30700.624901781914
99,7,31222.346635042904
99,6,35459.47063395084
99,5,36105.69702485395
99,4,36762.97150998202
99,3,37425.09899736671
99,2,148172.31172644979
99,1,150748.7119630633
100,100,6.511324145849121
100,99,12.699134689009522
100,98,29.708434993509563
100,97,43.8391386492303
100,96,59.433706947887565
100,95,76.22021658344191
100,94,94.01608470092783
100,93,114.63173461867832
100,92,134.13913541520733
100,91,154.36429275566724
100,90,179.38209331471577
100,89,223.0097335961018
100,88,246.69921701608394
100,87,236.05359364435228
100,86,255.42880848647403
100,85,337.4418323893763
100,84,364.0352656320673
100,83,391.19875220255614
100,82,418.93307975883084
100,81,447.2395796016625
100,80,380.76246093542125
100,79,403.0062489114692
100,78,588.9963219826187
100,77,621.0775753555877
100,76,653.7290796067887
100,75,686.9540882421812
100,74,720.7557117632598
100,73,756.5192217544414
100,72,793.5121601825582
100,71,829.2476309919117
100,70,865.5822099074003
100,69,902.5187538290767
100,68,1107.7797301808803
100,67,1149.2274178026832
100,66,1191.2759194421033
100,65,1234.758052423938
100,64,1293.7222138559066
100,63,1338.6842964531886
100,62,1384.6503792957951
100,61,1431.1170462614825
100,60,2128.9670025599266
100,59,2198.1849523203473
100,58,2268.3342302749816
100,57,2339.417075152599
100,56,2411.4356165857726
100,55,2484.3918835517716
100,54,2558.28781210979
100,53,2636.1490431782568
100,52,2721.4660308658626
100,51,2798.7393803417544
100,50,2876.9815618937514
100,49,2956.1947152282314
100,48,3036.3809291458756
100,47,3117.5422458257544
100,46,3296.510547557472
100,45,3380.888783652272
100,44,3466.2476840721797
100,43,3552.589228420025
100,42,3639.915362436854
100,41,3730.3878514519192
100,40,3857.0943253787727
100,39,3949.1642860551733
100,38,4042.287076017345
100,37,4136.4658474290145
100,36,4522.358861220093
100,35,4622.07577671754
100,34,4722.863520831141
100,33,4826.021335305084
100,32,5110.462151697619
100,31,5222.0639005220055
100,30,5335.685772393637
100,29,5450.186341474585
100,28,9201.195957210626
100,27,9386.142169924009
100,26,9572.861862627287
100,25,9761.3576033637
100,24,9951.63194505718
100,23,10147.527161414651
100,22,10546.468742305698
100,21,10749.866185054163
100,20,10955.26676271199
100,19,11162.676827698242
100,18,11770.38265927159
100,17,11985.785892802185
100,16,12203.227740161314
100,15,12425.018658472723
100,14,13521.604049180942
100,13,13775.411256919344
100,12,14033.53394196483
100,11,14293.488225969393
100,10,30347.8659501412
100,9,30861.459656836592
100,8,31379.53509242315
100,7,31907.287764898752
100,6,36309.21133789757
100,5,36965.307300178094
100,4,37632.56618692484
100,3,38304.713344886884
100,2,151556.93307090775
100,1,154169.97092973965
101,101,6.5934748191457215
101,100,12.854000674937376
101,99,31.027938565711153
101,98,45.48461636720439
101,97,61.400314699461354
101,96,78.50200246945144
101,95,96.60670547606941
101,94,115.58962579593859
101,93,137.29963833325044
101,92,157.84605740839115
101,91,179.05269448499567
101,90,200.92170369247373
101,89,251.17046231236796
101,88,239.70294193903467
101,87,259.27373407379616
101,86,342.9580397092917
101,85,369.81654845527265
101,84,397.2418159713281
101,83,425.2349021281381
101,82,453.79738522543545
101,81,482.9311843189762
101,80,408.1967828863728
101,79,431.02870216302296
101,78,628.9890876750242
101,77,661.8878513085746
101,76,695.3583176616982
101,75,729.4037339276775
101,74,764.0271923432647
101,73,800.6139385489242
101,72,838.6677800110097
101,71,875.2441273504993
101,70,912.4214437228169
101,69,950.2025624821651
101,68,1160.4951593955784
101,67,1202.7860952828005
101,66,1245.6804925387976
101,65,1290.0110825934971
101,64,1351.2226073614854
101,63,1397.1062622758843
101,62,1444.0022136261837
101,61,1491.3992392865296
101,60,2217.864305296975
101,59,2288.3680877520173
101,58,2359.804491768753
101,57,2432.1757026317687
101,56,2505.483801449792
101,55,2579.7307731734622
101,54,2654.918513946222
101,53,2734.072628529219
101,52,2821.3924189382105
101,51,2899.9899746483843
101,50,2979.55810629108
101,49,3060.098939090484
101,48,3141.614549776888
101,47,3224.1069706697654
101,46,3406.046811892586
101,45,3491.760133664904
101,44,3578.45588725971
101,43,3666.1360460191595
101,42,3754.802551131104
101,41,3846.6171649406256
101,40,3976.9853633293083
101,39,4070.481169114196
101,38,4165.0333329514115
101,37,4260.645028262086
101,36,4652.438981769725
101,35,4753.604996533049
101,34,4855.84565032986
101,33,4960.460205468073
101,32,5256.271301212057
101,31,5369.640369182369
101,30,5485.0466405578345
101,29,5601.334370040809
101,28,9443.106709632806
101,27,9630.448706390061
101,26,9819.566813572315
101,25,10010.463607576085
101,24,10203.141650609066
101,23,10401.443226526946
101,22,10812.98381910565
101,21,11019.07682271857
101,20,11227.180777830896
101,19,11437.302095194744
101,18,12052.94324322786
101,17,12271.088003907038
101,16,12491.279597041717
101,15,12715.828538665657
101,14,13854.860163013878
101,13,14112.452003938557
101,12,14374.39991354296
101,11,14638.189475636693
101,10,31022.742483562604
101,9,31542.356856314433
101,8,32066.467723818736
101,7,32600.270695969502
101,6,37172.04440467003
101,5,37838.1088414908
101,4,38515.452200961256
101,3,39197.71946466454
101,2,154990.17562642397
101,1,157640.17729256247
102,102,6.676140729882
102,101,13.009806131624948
102,100,32.36984672530109
102,99,47.15497105121384
102,98,63.39404504217164
102,97,80.81295439458655
102,96,99.22835640707196
102,95,118.51547846795629
102,94,138.58820614303133
102,93,161.32167079189583
102,92,182.85715279277102
102,91,205.00596594005617
102,90,223.25729562523057
102,89,243.38070510696193
102,88,263.1478344740679
102,87,348.32024972114573
102,86,375.641295400747
102,85,403.329174292996
102,84,431.5818017972199
102,83,460.4010074496353
102,82,489.78893823921095
102,81,519.747934017237
102,80,436.4347041870245
102,79,459.85642846905426
102,78,670.0956613639927
102,77,703.8121327333397
102,76,738.101864997888
102,75,772.9680771458237
102,74,808.4138265691743
102,73,845.8243203838924
102,72,884.9589083812991
102,71,922.3774675714036
102,70,960.3989027445913
102,69,999.0260195038136
102,68,1214.3513041989393
102,67,1257.4877751035501
102,66,1301.2303278067138
102,65,1346.411613187131
102,64,1409.961514059709
102,63,1456.771665209442
102,62,1504.60245433976
102,61,1552.9348285457893
102,60,2308.488554218139
102,59,2380.2789261754956
102,58,2453.003203199259
102,57,2526.6635191701666
102,56,2601.261908528537
102,55,2676.8003138829954
102,54,2753.280592988683
102,53,2833.728315832843
102,52,2923.089947804894
102,51,3003.0134466211507
102,50,3083.909279998528
102,49,3165.7795596004894
102,48,3248.626350918225
102,47,3332.451677161076
102,46,3517.3664969632005
102,45,3604.416812770164
102,44,3692.4513440521787
102,43,3781.4720586116355
102,42,3871.480893733872
102,41,3964.63960936706
102,40,4098.776907377948
102,39,4193.702931985617
102,38,4289.688888430032
102,37,4386.7379717781305
102,36,4784.45074803236
102,35,4887.070621916954
102,34,4990.768988124087
102,33,5096.845130022253
102,32,5404.430005895836
102,31,5519.579250048944
102,30,5636.782950764471
102,29,5754.870940581413
102,28,9688.210315996803
102,27,9877.951252185356
102,26,10069.470957002266
102,25,10262.772015549745
102,24,10457.85699963919
102,23,10658.568203565415
102,22,11083.085316379606
102,21,11291.884017050776
102,20,11502.701575611498
102,19,11715.544461342592
102,18,12339.151254840244
102,17,12560.048233920583
102,16,12783.000353384185
102,15,13010.318188374104
102,14,14193.139857667076
102,13,14454.549604640602
102,12,14720.35641835783
102,11,14988.015074776562
102,10,31705.62862739827
102,9,32231.282929687906
102,8,32761.448645023047
102,7,33301.321485417815
102,6,38048.1012397151
102,5,38724.23407710041
102,4,39411.76300729813
102,3,40104.25183457138
102,2,158472.47300460096
102,1,161159.76793804945
103,103,7.009125041705485
103,102,13.526169397814156
103,101,21.236254577087617
103,100,48.85020314536337
103,99,65.4148985629747
103,98,83.15307309835475
103,97,101.881038393513
103,96,121.47406766444443
103,95,141.84630128064882
103,94,162.93800355199994
103,93,186.64252094785436
103,92,209.13061619620743
103,91,232.1919061550678
103,90,246.38042081218865
103,89,267.051123049937
103,88,351.980191208654
103,87,381.2739037956248
103,86,409.46083276601973
103,85,437.97378470771406
103,84,467.05045255835745
103,83,496.69321500871774
103,82,526.9046222047323
103,81,441.83545539910887
103,80,465.43681106901585
103,79,643.600447571268
103,78,712.3155421428914
103,77,746.8501140009803
103,76,781.9595812180623
103,75,817.6471188716756
103,74,853.915737703105
103,73,892.1505974313524
103,72,932.3868458327162
103,71,970.6490537949024
103,70,1009.5160823207557
103,69,1048.9907064932438
103,68,1269.3505423599572
103,67,1313.3348567078576
103,66,1357.9278483283954
103,65,1403.9620927183585
103,64,1469.944997739404
103,63,1517.6866497777926
103,62,1566.457328605469
103,61,1615.7301243655077
103,60,2400.840388525744
103,59,2473.9181286595476
103,58,2547.9310473020655
103,57,2622.881228981555
103,56,2698.770663331185
103,55,2775.6012523044847
103,54,2853.3748167958174
103,53,2935.1168934006455
103,52,3026.5607639537657
103,51,3107.8119801064195
103,50,3190.0373040331633
103,49,3273.2388347565593
103,48,3357.4186273587698
103,47,3442.5786966877563
103,46,3630.472036118117
103,45,3718.8612882004873
103,44,3808.236555568859
103,43,3898.5998011902925
103,42,3989.952959084133
103,41,4084.4577873767894
103,40,4222.474717694698
103,39,4318.835402489606
103,38,4416.259637857823
103,37,4514.750640894478
103,36,4918.400419624002
103,35,5022.478977253793
103,34,5127.639923478957
103,33,5235.182563206885
103,32,5554.955284781766
103,31,5671.897729131976
103,30,5790.912056749098
103,29,5910.813573895733
103,28,9936.510974548484
103,27,10128.65404934395
103,26,10322.578578708974
103,25,10518.287156795926
103,24,10715.78236533305
103,23,10918.906509338862
103,22,11356.786723293313
103,21,11568.301381209742
103,20,11781.842893143052
103,19,11997.417787095726
103,18,12629.020917452262
103,17,12852.680929166045
103,16,13078.404478472434
103,15,13308.502199818562
103,14,14536.487328180205
103,13,14801.748618405432
103,12,15071.448381573373
103,11,15343.010312823515
103,10,32396.55008736098
103,9,32928.26379077242
103,8,33464.50397787065
103,7,34010.46646301103
103,6,38937.51460769943
103,5,39623.81679437353
103,4,40321.6334200457
103,3,41024.44629123439
103,2,162004.26316471281
103,1,164729.1840998476
104,104,6.343564700192826
104,103,13.718170325987655
104,102,21.93917883030081
104,101,30.708963553845088
104,100,67.46287585745127
104,99,85.5223593302339
104,98,104.56475234624915
104,97,124.46539446339436
104,96,145.13869895989714
104,95,166.52530497055128
104,94,188.58374953015658
104,93,213.2201863349079
104,92,236.63436544658416
104,91,250.0944463813774
104,78,755.6484900164382
104,77,791.001713980532
104,76,826.9315209055882
104,75,863.441030945446
104,74,900.5332000201344
104,73,939.593134413587
104,72,980.9530368397571
104,71,1020.0604205413999
104,70,1059.7746003998511
104,69,1100.09831932115
104,46,3745.365910239927
104,45,3835.0960742762472
104,44,3925.8140695939264
104,43,4017.5218550114246
104,42,4110.221361903292
104,41,4206.07434713613
104,40,4348.084644906708
104,39,4445.884498577844
104,38,4544.751566461749
104,37,4644.689088057324
104,36,5054.294343723574
104,35,5159.836474377229
104,34,5266.4649329949425
104,33,5375.479046483402
104,32,5707.864379857758
104,31,5826.613215286598
104,30,5947.451534982563
104,29,6069.18001341237
104,28,10188.01294077121
104,27,10382.561396919242
104,26,10578.894021293552
104,25,10777.013417433052
104,24,10976.92217728903
104,23,11182.462616882376
104,22,11634.101692395801
104,21,11848.342691566077
104,20,12064.618630561963
104,19,12282.936096297648
104,18,12922.566616829647
104,17,13149.000598278348
104,16,13377.506603794885
104,15,13610.395327320839
104,14,14884.94725360391
104,13,15154.094088527825
104,12,15427.721212175275
104,11,15703.22096294455
104,10,33095.53284224698
104,9,33633.32562628622
104,8,34175.66011692526
104,7,34727.73223107873
104,6,39840.41863247518
104,5,40536.99213970848
104,4,41245.19961219832
104,2,165585.98841368064
104,1,168348.87135873354
105,105,6.836209334190008
105,104,14.576830707516098
105,103,22.638305355839833
105,102,39.24751028287795
105,101,51.668291330522806
105,100,87.92081384967084
105,99,107.27949918741787
105,98,127.48945995534486
105,97,148.46540044407112
105,96,170.14835045115953
105,95,192.4972774132577
105,94,215.4835450956705
105,93,241.02241388865073
105,92,265.3435523829721
105,91,274.2228965244654
105,78,800.0944849071525
105,77,836.2670424856145
105,76,873.0179059539417
105,75,910.3501330897338
105,74,948.2666195891237
105,73,988.1524144274271
105,72,1030.6590561222076
105,71,1070.6132230518722
105,70,1111.1761875463783
105,69,1152.350659535505
105,46,3862.050647119086
105,45,3953.1237318274707
105,44,4045.186480041998
105,43,4138.240847100664
105,42,4232.288762338266
105,41,4329.4919819095585
105,40,4475.61262970761
105,39,4574.856227972131
105,38,4675.170748956886
105,37,4776.559454932616
105,36,5192.138954892726
105,35,5299.149612400861
105,34,5407.250580449177
105,33,5517.741208386777
105,32,5863.1747559279265
105,31,5983.743340083029
105,30,6106.419184549942
105,29,6229.9882250763385
105,28,10442.720527175365
105,27,10639.677650789154
105,26,10838.421683986275
105,25,11038.955240020425
105,24,11241.280921365136
105,23,11449.241055316323
105,22,11915.04403948988
105,21,12132.02188758337
105,20,12351.04285094329
105,19,12572.11357558253
105,18,13219.80290108662
105,17,13449.021912136928
105,16,13680.3215229837
105,15,13916.01248724893
105,14,15238.564796950388
105,13,15511.631542173107
105,12,15789.220802931743
105,11,16068.693282004653
105,10,33802.603143870016
105,9,34346.49489579359
105,8,34894.94372943163
105,7,35453.145664472846
105,6,40756.94879704783
105,5,41463.89661851037
105,4,42182.59911561634
105,2,169218.09540605007
105,1,172019.27964261346
106,106,7.340443972953721
106,105,15.116912487610866
106,104,23.356164600814076
106,103,40.52602313790729
106,102,53.17995167896227
106,101,66.60801342705962
106,100,110.02527985043571
106,99,130.54626524338371
106,98,151.8264070102342
106,97,173.80714144810744
106,96,196.44788019533914
106,95,219.72043513305374
106,94,243.60527403856022
106,93,270.0241926646838
106,92,295.2387802767716
106,91,299.1268852034387
106,78,845.6536934807656
106,77,882.6463729380636
106,76,920.2191028776276
106,75,958.3748739476717
106,74,997.1165183219435
106,73,1037.8290254430426
106,72,1081.506597156502
106,71,1122.3092274520914
106,70,1163.7226784759882
106,69,1205.7496270407098
106,46,3980.528820885987
106,45,4072.9468676681036
106,44,4166.356426471304
106,43,4260.759449802073
106,42,4356.157865543785
106,41,4454.713429672783
106,40,4605.064702499235
106,39,4705.756687832512
106,38,4807.523349238995
106,37,4910.367972121344
106,36,5331.940774910062
106,35,5440.424977562286
106,34,5550.003516648984
106,33,5661.975764388105
106,32,6020.90410048402
106,31,6143.305957686285
106,30,6267.833027038221
106,29,6393.256397244279
106,28,10700.638103102632
106,27,10900.00722347474
106,26,11101.166022478701
106,25,11304.11712340312
106,24,11508.863139535913
106,23,11719.246409714578
106,22,12199.62774351106
106,21,12419.35307170715
106,20,12641.129780199137
106,19,12864.964574282447
106,18,13520.74448061666
106,17,13752.759703802605
106,16,13986.864191757495
106,15,14225.368757965236
106,14,15597.385605146725
106,13,15874.406990335518
106,12,16155.993530356522
106,11,16439.47401053421
106,10,34517.787516998884
106,9,35067.798331651116
106,8,35622.38175526999
106,7,36186.733910529874
106,6,41687.24194354548
106,5,42404.668095167275
106,4,43133.97082100884
106,2,172901.03514396958
106,1,175740.86322652295
107,107,7.856052842935813
107,106,15.666829382923746
107,105,24.085247979700366
107,104,41.821839148626985
107,103,54.71048625074467
107,102,68.3681222821849
107,101,82.6719003499076
107,100,133.635811443146
107,99,155.22171994922104
107,98,177.50167943062002
107,97,200.43555952637934
107,96,223.99563224377175
107,95,248.1628092420613
107,94,272.92407843718854
107,93,300.20595987665035
107,92,326.3048090526769
107,91,324.8036488967414
107,78,892.326442162491
107,77,930.1401199886013
107,76,968.5356041216756
107,75,1007.5158153693843
107,74,1047.0835206793492
107,73,1088.6236489894911
107,72,1133.4974624970712
107,71,1175.1503024245906
107,70,1217.4160048535948
107,69,1260.2972138401587
107,46,4100.803051494875
107,45,4194.568134117323
107,44,4289.3265936396065
107,43,4385.080380366139
107,42,4481.831421300121
107,41,4581.741472758016
107,40,4736.446983062654
107,39,4838.592064452087
107,38,4941.81562010145
107,37,5046.120958897036
107,36,5473.70641261839
107,35,5583.669243079235
107,34,5694.730479296563
107,33,5808.189516767523
107,32,6181.070323586362
107,31,6305.3191447446325
107,30,6431.711306432004
107,29,6559.00294058701
107,28,10961.770094543765
107,27,11163.554583971138
107,26,11367.13154876709
107,25,11572.503622567154
107,24,11779.673429758706
107,23,11992.48332098125
107,22,12487.866946414188
107,21,12710.350509260805
107,20,12934.893806983351
107,19,13161.503604340347
107,18,13825.40622802754
107,17,14060.22896845833
107,16,14297.149727867405
107,15,14538.47937977782
107,14,15961.455808991084
107,13,16242.46692779896
107,12,16528.086254674025
107,11,16815.610372698335
107,10,35241.112759298805
107,9,35797.26293895707
107,8,36358.0014069131
107,7,36928.52438903509
107,6,42631.43627318999
107,5,43359.445793027924
107,4,44099.45497791731
107,2,176635.26297717018
107,1,179514.0807326273
108,108,7.423509520893873
108,107,16.22658218491437
108,106,28.850798259699456
108,105,34.308007858662485
108,104,56.259896460549975
108,103,70.14853948264438
108,102,84.67792640114101
108,101,99.76616730052292
108,100,158.65134056563494
108,99,181.23196588286592
108,98,204.4603170724225
108,97,228.30913827740991
108,96,252.75979549770906
108,95,277.7997039704855
108,94,303.42055401024356
108,93,331.5522990218395
108,92,358.5296025663151
108,91,351.2514227984927
108,78,940.1131950835204
108,77,978.7488211117305
108,76,1017.9680125976345
108,75,1057.7736193357464
108,74,1098.1683425465794
108,73,1140.5370506363672
108,72,1186.633555592457
108,71,1229.1384121322753
108,70,1272.2581891451641
108,69,1315.9954986703106
108,46,4222.876004254222
108,45,4317.9902285631215
108,44,4414.099711098611
108,43,4511.206400572801
108,42,4609.3122236627205
108,41,4710.578937528378
108,40,4869.765680255794
108,39,4973.368632976065
108,38,5078.053902974285
108,37,5183.824822963448
108,36,5617.442563783884
108,35,5728.889169016713
108,34,5841.4382928638315
108,33,5956.389354496462
108,32,6343.691557753394
108,31,6469.801200286003
108,30,6598.0724890165575
108,29,6727.246487998886
108,28,11226.12098396878
108,27,11430.324257589906
108,26,11636.322831006228
108,25,11844.119348504151
108,24,12053.716445848584
108,23,12268.95648573534
108,22,12779.775953067261
108,21,13005.028628348027
108,20,13232.34948260213
108,19,13461.745340228365
108,18,14133.803178080288
108,17,14371.44486335344
108,16,14611.193411046459
108,15,14855.359754894524
108,14,16330.822023111334
108,13,16615.8583331
108,12,16905.546319786525
108,11,17197.15007626784
108,10,35972.60594127578
108,9,36534.9159955035
108,8,37101.83016938557
108,7,37678.54479218874
108,6,43589.67134626968
108,5,44328.37029438031
108,4,45079.19319470021
108,2,180421.23860294596
108,1,183339.39513022115
109,105,57.81530069920249
109,102,102.01536377639574
109,101,117.82383843542095
109,100,184.99800230395573
109,99,208.5221545155803
109,98,232.66095510069428
109,97,257.3962348579577
109,96,282.71584546774585
109,95,308.61188152150584
109,94,335.0794416932417
109,93,364.05098282301566
109,92,391.9036191992851
109,91,378.4692008887842
109,78,989.0145359753407
109,77,1028.4731214035319
109,76,1068.5170288359793
109,75,1109.1490370335116
109,74,1150.3717818890188
109,73,1193.5700719570882
109,72,1240.916873840971
109,71,1284.2756101852472
109,70,1328.251339351963
109,69,1372.8466423848802
109,46,4346.7503893987705
109,45,4443.215893063892
109,44,4540.678552823037
109,43,4639.140316386129
109,42,4738.603110640751
109,41,4841.228694078718
109,40,5005.027091735152
109,39,5110.09275714288
109,38,5216.2446276834
109,37,5323.486060230679
109,36,5763.156010966053
109,35,5876.091602164164
109,34,5990.133868476566
109,33,6106.582253128556
109,32,6508.786157859218
109,31,6636.770645621766
109,30,6766.935263287653
109,29,6898.005894513373
109,28,11493.695310168645
109,27,11700.320825811885
109,26,11908.744493372853
109,25,12118.96896808484
109,24,12330.996897361321
109,23,12548.670656202625
109,22,13075.369231151855
109,21,13303.4020197613
109,20,13533.511520930073
109,19,13765.704618871001
109,18,14445.950527631812
109,17,14686.422707751219
109,16,14929.010682961845
109,15,15176.025447379714
109,14,16705.531345926138
109,13,16994.628668492962
109,12,17288.421553243
109,11,17584.14131259191
109,10,36712.2944062241
109,9,37280.78505173091
109,8,37853.89580022534
109,7,38436.823084574076
109,6,44562.08808211323
109,5,45311.583540431726
109,4,46073.32843851827
109,2,184259.42606613564
109,1,187217.2737357288
110,105,73.74927921326051
110,102,120.31342564993999
110,101,136.79639243420584
110,100,212.62107355403
110,99,237.05108459749317
110,98,262.07212939342855
110,97,287.6725051870205
110,96,313.8447188205574
110,95,340.58424726168096
110,94,367.88866667428755
110,93,397.6922612708089
110,92,426.41927782656643
110,91,406.4565582195827
110,78,1039.0311532416315
110,77,1079.3137609735222
110,76,1120.18344027027
110,75,1161.6428996933603
110,74,1203.69471087457
110,73,1247.7236237194757
110,72,1296.3495026783505
110,71,1340.5640344803967
110,70,1385.3976444865777
110,69,1430.852883972397
110,46,4472.428961699045
110,45,4570.247913984213
110,44,4669.065936870943
110,43,4768.884977637588
110,42,4869.706963901809
110,41,4973.69365596034
110,40,5142.237603699412
110,39,5248.770889045322
110,38,5356.394312228106
110,37,5465.111254608078
110,36,5910.853623397583
110,35,6025.283475921796
110,34,6140.824203807038
110,33,6258.775274698375
110,32,6676.372701038373
110,31,6806.246224257223
110,30,6938.318539867586
110,29,7071.3002372243545
110,28,11764.497668107515
110,27,11973.548926149708
110,26,12184.401215937965
110,25,12397.057203940587
110,24,12611.519549483754
110,23,12831.630640114441
110,22,13374.66141106977
110,21,13605.485436895968
110,20,13838.394798331323
110,19,14073.396439572974
110,18,14761.86363558092
110,17,15005.177982879517
110,16,15250.617147169916
110,15,15500.492183113578
110,14,17085.631359608193
110,13,17378.82587991701
110,12,17676.760266209956
110,11,17976.63275657219
110,10,37460.20577017674
110,9,38034.897930685445
110,8,38614.22632944739
110,7,39203.38750312701
110,6,45548.82875906528
110,5,46309.22883128949
110,4,47082.00503532068
110,2,188150.29375910517
110,1,191148.18821270406
