Z,N,IE_pred_eV
1,1,13.598434460885766
2,2,22.109635075887702
2,1,54.41776506140876
3,3,4.6383037958434015
3,2,70.89211468220623
3,1,122.45435792352012
4,4,7.786203276029152
4,3,16.554040930741213
4,2,147.2224035889523
4,1,217.71858176909103
5,5,8.553967044066452
5,4,22.277247043812526
5,3,35.621106073750724
5,2,251.04668514830445
5,1,340.2260170213159
6,6,11.563290026258796
6,5,23.954855200786547
6,4,43.983548252418416
6,3,61.7327619648283
6,2,382.3300783581683
6,1,489.99319730417835
7,7,14.910660753935014
7,6,28.842588730390702
7,5,46.71183916538446
7,4,72.7873173705028
7,3,94.82295129533884
7,2,541.0577406240957
7,1,667.0461205704481
8,8,14.132001613137582
8,7,34.07381677134612
8,6,53.54916327031014
8,5,76.63246164769446
8,4,108.61343440814443
8,3,134.85021153979903
8,2,727.2236681285855
8,1,871.409887016506
9,9,17.852066092346583
9,8,33.719360139123786
9,7,60.7187647030025
9,6,85.47694400531722
9,5,113.60012313834469
9,4,151.41445643228673
9,3,181.79007774709552
9,2,940.8352516444305
9,1,1103.117491053579
10,10,21.92201487332035
10,9,39.3577098055241
10,8,60.87751329239354
10,7,94.62058380091185
10,6,124.49878184973113
10,5,157.54305356605144
10,4,201.1600202836839
10,3,235.6281840568141
10,2,1181.9028452166017
10,1,1362.1991961501124
11,11,5.89623713582306
11,10,45.37486717248003
11,9,68.49334018961525
11,8,95.36160739921799
11,7,135.63671841811833
11,6,170.53669142661929
11,5,208.41939331366228
11,4,257.8339306616943
11,3,296.36025951339474
11,2,1450.4554713610944
11,1,1648.7022023940326
12,12,8.065395870730523
12,11,14.90565112714993
12,10,76.51191608242684
12,9,105.00122988128398
12,8,137.01361210732998
12,7,183.6730830118542
12,6,223.54179458646024
12,5,266.2042601345734
12,4,321.4267584580386
12,3,363.98548184721585
12,2,1746.5168458009457
12,1,1962.6637717108076
13,13,6.457867553715728
13,12,18.336620850795505
13,11,27.582130262066908
13,10,115.06483329199169
13,9,148.71466863838907
13,8,185.72967810574136
13,7,238.66775692700398
13,6,283.48661335924305
13,5,330.88714368407915
13,4,391.93790502204524
13,3,438.5101683171604
13,2,2070.130064977527
13,1,2304.1402008552504
14,14,8.613578828767281
14,13,16.154265253399682
14,12,32.27975768105214
14,11,43.725007214609654
14,10,160.85744777615548
14,9,199.5218566700727
14,8,241.43863127629135
14,7,300.57752342009763
14,6,350.3555844511481
14,5,402.464394236231
14,4,469.3694762534428
14,3,519.9415970042342
14,2,2421.3314582780154
14,1,2673.1777455722377
15,15,10.96963585458996
15,14,19.503390650764413
15,13,29.63666692227945
15,12,49.69413473050453
15,11,63.20671009843781
15,10,213.77211784259393
15,9,257.34723948093773
15,8,304.09237757377406
15,7,369.373974863764
15,6,424.1444530338293
15,5,480.94082749089813
15,4,553.7300929001526
15,3,608.2928300543382
15,2,2800.176382818404
15,1,3069.8418679669994
16,16,11.384521059790806
16,15,23.03785443479946
16,14,34.186293720529456
16,13,46.648427884286605
16,12,70.45197011101257
16,11,85.9437669061191
16,10,273.7272118921854
16,9,322.13729806327837
16,8,373.65620012802094
16,7,445.0361602100016
16,6,504.85403921938394
16,5,566.3239189657844
16,4,645.0291869270084
16,3,703.5767153065686
16,2,3206.7127540431243
16,1,3494.1881614887184
17,17,14.159728491605566
17,16,23.993671155412933
17,15,38.88805362621283
17,14,52.4047657239071
17,13,67.03091678104491
17,12,94.47006358383966
17,11,111.8810325573896
17,10,340.666338678392
17,9,393.85527388638434
17,8,450.1068910015207
17,7,527.5511979959672
17,6,592.4924403354462
17,5,658.627210776096
17,4,743.2816615224427
17,3,805.8112724555233
17,2,3641.0071841543795
17,1,3946.2913427962694
18,18,17.193585643075888
18,17,28.006724426275575
18,16,40.410509917451286
18,15,58.262836106634865
18,14,73.99973405890768
18,13,90.68327379489507
18,12,121.69314193627885
18,11,140.98155822525914
18,10,414.5489806453863
18,9,472.47452394622525
18,8,533.4275861203816
18,7,616.9098098152427
18,6,687.0708558267131
18,5,757.8661518457051
18,4,848.5035971559031
18,3,915.0151386245695
18,2,4103.125022595666
18,1,4426.223502824283
19,19,5.3335187395541155
19,18,32.29648784160285
19,17,45.65644838254698
19,16,60.37130230012816
19,15,81.00061108504936
19,14,98.86987897516654
19,13,117.53993772205898
19,12,152.08388176995015
19,11,173.22031979530067
19,10,495.34469146129817
19,9,557.9745492366476
19,8,623.6049057060882
19,7,713.1041755863403
19,6,788.6018630711869
19,5,864.0566280406948
19,4,960.7109244068014
19,3,1031.2063057517307
19,2,4593.1253976629405
19,1,4934.049107465245
20,20,6.710729459243683
20,19,11.787605181770958
20,18,51.19300601387096
20,17,66.84835910896864
20,16,83.71017093386136
20,15,106.99744646470288
20,14,126.95000818850801
20,13,147.55859157325017
20,12,185.6180594553192
20,11,208.58171352061896
20,10,583.0335025724662
20,9,650.3430879991047
20,8,720.6323198801144
20,7,816.1325239783886
20,6,897.1049285469761
20,5,977.2212774934601
20,4,1079.9265911540492
20,3,1154.4099199513275
20,2,5111.096175073682
20,1,5469.862745477554
21,21,6.941705133167075
21,20,12.343053714589052
21,19,26.255969857208957
21,18,73.62760218553815
21,17,91.41737834644245
21,16,110.31986395632445
21,15,136.18461409931484
21,14,158.19762531905465
21,13,180.71176858685791
21,12,222.2798925994571
21,11,247.05606145041344
21,10,677.6005944867383
21,9,749.5710963724495
21,8,824.5051384421208
21,7,925.9937978396935
21,6,1012.6007376083295
21,5,1097.3833894612671
21,4,1206.1739328074502
21,3,1284.651174565993
21,2,5657.122734672871
21,1,6033.755436566424
22,22,7.176877673485946
22,21,12.911670559265248
22,20,28.419349242742268
22,19,43.46493190456388
22,18,99.436433799533
22,17,119.25643617732153
22,16,140.12899566001843
22,15,168.5154299385063
22,14,192.58484074931266
22,13,216.98169858706729
22,12,262.05920673029
22,11,288.6375796000422
22,10,779.0338020122086
22,9,855.6507219307169
22,8,935.2187770195701
22,7,1042.686102911271
22,6,1135.109755489249
22,5,1224.5655211209005
22,4,1339.4753058757549
22,3,1421.9539464471732
22,2,6231.282484868049
22,1,6625.809040542238
23,23,7.4162843938598275
23,22,16.80069144055785
23,21,30.048621879200397
23,20,46.32666852474317
23,19,64.40553454384893
23,18,128.51334239197428
23,17,150.2946153702737
23,16,173.08938063925217
23,15,203.95811189974407
23,14,230.09426500093574
23,13,256.35806261776736
23,12,304.9508276446791
23,11,333.3244160666889
23,10,887.3257343634584
23,9,968.5781280679241
23,8,1052.7721848033168
23,7,1166.210805750886
23,6,1264.6568752731773
23,5,1358.7946363710964
23,4,1479.8577520495448
23,3,1566.346874423735
23,2,6833.6715972183765
23,1,7246.124867346
24,24,6.718998478386929
24,23,18.43663281238049
24,22,31.70659144617399
24,21,48.4973964508941
24,20,67.99106166443703
24,19,88.90398808286837
24,18,160.78778979261233
24,17,184.48377657503863
24,16,209.16774001876564
24,15,242.490517359085
24,14,270.71540977251846
24,13,298.83538565012265
24,12,350.95272406040397
24,11,381.1170502230782
24,10,1002.4707181513761
24,9,1088.3504275974815
24,8,1177.164680239145
24,7,1296.5691343104672
24,6,1401.2678118773047
24,5,1500.0982540282662
24,4,1627.3486326631157
24,3,1717.8587312285817
24,2,7464.384003618417
24,1,7894.80129999
25,25,7.907937714424477
25,24,14.697167121426302
25,23,34.025490786677025
25,22,50.70041544767218
25,21,70.73243561713251
25,20,93.23333320666447
25,19,116.83596495172083
25,18,196.21217191197871
25,17,221.79097875370064
25,16,248.34114141150863
25,15,284.0975140661646
25,14,314.4431819078072
25,13,344.41226035543065
25,12,400.0659082875699
25,11,432.0184860210209
25,10,1124.4662067598479
25,9,1214.9674458937097
25,8,1308.3980216152504
25,7,1433.7645922522324
25,6,1544.9718164209312
25,5,1648.507413748783
25,4,1781.9791538381253
25,3,1876.5221781912028
25,2,8123.529054279369
25,1,8571.952567438824
26,26,8.231257057686125
26,25,15.222413785943528
26,24,31.14162709212126
26,23,53.73152110111854
26,22,73.50922331677225
26,21,96.56816414756915
26,20,121.92495554071286
26,19,148.11065596213095
26,18,234.75352243583234
26,17,262.1930535476721
26,16,290.59326848713306
26,15,328.7683024583681
26,14,361.27579756735275
26,13,393.0896146746834
26,12,452.2929269772641
26,11,486.03281496542553
26,10,1253.3096069999099
26,9,1348.4284318169512
26,8,1446.4729571593189
26,7,1577.7992425429024
26,6,1695.7977351077259
26,5,1804.052490089946
26,4,1943.779810705911
26,3,2042.3689692423898
26,2,8811.210555952544
26,1,9277.686582905602
27,27,8.561578854824049
27,26,18.71860079031318
27,25,33.48789454215076
27,24,50.613370429545476
27,23,77.27356186283322
27,22,99.9412468435935
27,21,125.8715070419411
27,20,153.972185841926
27,19,182.660909625062
27,18,276.38916729403223
27,17,305.67408276487345
27,16,335.9130549813273
27,15,376.4958793096928
27,14,411.21476884514436
27,13,444.87107142264955
27,12,507.6386285394874
27,11,543.1661875201548
27,10,1389.001248365972
27,9,1488.7353889329477
27,8,1591.3929012961678
27,7,1728.6778109825968
27,6,1853.7785038862226
27,5,1966.7680231508423
27,4,2112.785304221249
27,3,2215.4351491921143
27,2,9527.547959380405
27,1,10012.127361734565
28,28,8.898957109655962
28,27,19.95645307677191
28,26,35.22333440335959
28,25,53.68426522276324
28,24,73.97168384600177
28,23,104.4533692889343
28,22,129.85859522028142
28,21,158.5449837747332
28,20,189.30524162701127
28,19,220.43602582436588
28,18,321.1028835517803
28,17,352.2225397342294
28,16,384.29241348717807
28,15,427.27511561685293
28,14,464.26316669071684
28,13,499.76130189500265
28,12,566.1084930817108
28,11,603.4251138497248
28,10,1531.5402888890992
28,9,1635.888750134615
28,8,1743.1593500881827
28,7,1886.4027278672136
28,6,2018.9458733568238
28,5,2136.687122624576
28,4,2289.02915838374
28,3,2395.755404057913
28,2,10272.654733831758
28,1,10775.392251424186
29,29,7.921326622875115
29,28,21.73624278910407
29,27,36.98630456817617
29,26,55.97687658334899
29,25,77.79010009184358
29,24,101.00789790570018
29,23,135.12825163498246
29,22,163.1605840720035
29,21,194.5164726247126
29,20,227.87201471408306
29,19,261.3979516916427
29,18,368.88403804108196
29,17,401.83122170960263
29,16,435.72673040746173
29,15,481.10373369032425
29,14,520.4269398523315
29,13,557.767617639264
29,12,627.7105997583259
29,11,666.8186369452905
29,10,1680.9304763890082
29,9,1789.8936132401766
29,8,1901.778590100276
29,7,2050.981450248558
29,6,2191.3383129672848
29,5,2313.849867842598
29,4,2472.5512368279897
29,3,2583.370952290401
29,2,11046.665966523533
29,1,11567.620966035583
30,30,9.733111823522211
30,29,17.42148488328569
30,28,39.47792286647121
30,27,58.30058150874005
30,26,80.66717478683874
30,25,105.59111979762747
30,24,131.57113357718418
30,23,169.19298324678212
30,22,199.7719346638563
30,21,233.7311882730934
30,20,269.6323259236663
30,19,305.5169068445369
30,18,419.72446605641204
30,17,454.4943845881179
30,16,490.21210668469524
30,15,537.9795172263632
30,14,579.7120536816146
30,13,618.8970012514775
30,12,692.45236156609
30,11,733.354898778254
30,10,1837.1715645182478
30,9,1950.7506120364073
30,8,2067.251997988382
30,7,2222.415983544901
30,6,2370.989840386094
30,5,2498.2914909138317
30,4,2663.3876993244808
30,3,2778.3190330531465
30,2,11849.704207523517
30,1,12388.939743328225
31,31,6.2488722728239185
31,30,20.121858117253332
31,29,29.739654181840194
31,28,61.532202753597886
31,27,83.5786263196952
31,26,109.07377367683694
31,25,136.93268062463446
31,24,165.55044517316915
31,23,206.56907151514
31,22,239.63619010037263
31,21,276.1477823607449
31,20,314.5558075700945
31,19,352.77047903928684
31,18,473.6194653995196
31,17,510.20919942507027
31,16,547.7471913812215
31,15,597.9025385145455
31,14,642.1270289317988
31,13,683.1589149911312
31,12,760.3437706830055
31,11,803.0446316139095
31,10,2000.2682545093935
31,9,2118.465492791743
31,8,2239.5862611325797
31,7,2400.7139508722303
31,6,2557.9419092714943
31,5,2690.0549572268255
31,4,2861.5817171039002
31,3,2980.6441203140666
31,2,12681.91601875056
31,1,13239.49967438632
32,32,7.940391982785482
32,31,15.276225577663846
32,30,33.307961987797015
32,29,44.52097789787069
32,28,87.57115504725301
32,27,112.59356365005927
32,26,141.03721758841382
32,25,171.70067225117424
32,24,202.86246388958912
32,23,247.19659462599833
32,22,282.7099887003904
32,21,321.73412959726363
32,20,362.6186179787683
32,19,403.1408976238099
32,18,530.5655702741333
32,17,568.9735727379644
32,16,608.3309860991011
32,15,660.8728683355857
32,14,707.6805526906126
32,13,750.5627967961663
32,12,831.3946293020424
32,11,875.8982427829577
32,10,2170.2229149527125
32,9,2293.041389097988
32,8,2418.785189422024
32,7,2585.879778810214
32,6,2752.2340372920235
32,5,2889.181076093762
32,4,3067.1745680133226
32,3,3190.388623657014
32,2,13543.439133206863
32,1,14119.442331595013
33,33,9.457686427608898
33,32,17.88991902376868
33,31,27.296665336039034
33,30,48.93963613769926
33,29,61.54175591757513
33,28,117.36263171980521
33,27,145.18125522974458
33,26,176.43985800105048
33,25,209.80942048395275
33,24,243.4436077056435
33,23,291.02925923550464
33,22,328.95984477769065
33,21,370.4652674751142
33,20,413.80217290459666
33,19,456.61431376243684
33,18,590.5607428919926
33,17,630.7865262800842
33,16,671.9633767337109
33,15,726.8912623076399
33,14,776.3822890018548
33,13,821.1189726096434
33,12,905.6156150284538
33,11,951.9269687675936
33,10,2347.0385492835167
33,9,2474.482008889699
33,8,2604.853123101373
33,7,2777.918393335413
33,6,2953.9078037952445
33,5,3095.712732764568
33,4,3280.2102432213937
33,3,3407.597705143432
33,2,14434.42324233149
33,1,15028.92152935009
34,34,9.898748777430484
34,33,20.185216750126905
34,32,30.810516265496993
34,31,41.88004506560281
34,30,66.7966555944595
34,29,80.65605469501786
34,28,150.73877508380565
34,27,181.2207198315223
34,26,215.1935305778239
34,25,251.19380584676873
34,24,287.2449644061279
34,23,338.03116710004
34,22,378.3600739308152
34,21,422.322117342385
34,20,468.0924198003407
34,19,513.1804632632942
34,18,653.6047118326445
34,17,695.6486647382484
34,16,738.6457062212191
34,15,795.9598408723236
34,14,848.2436506799136
34,13,894.8394978584947
34,12,983.01922556309
34,11,1031.1438793929285
34,10,2530.7212802991817
34,9,2662.7942616679397
34,8,2797.797702216756
34,7,2976.8381726622642
34,6,3163.0100306174177
34,5,3309.6982179611623
34,4,3500.7371944929464
34,3,3632.3210898271645
34,2,15355.030492462232
34,1,15968.103812450037
35,35,11.895269860083452
35,34,21.052812079865735
35,33,33.81919841703932
35,32,46.275262792347895
35,31,58.76027301346864
35,30,86.73581725477864
35,29,101.7660048975504
35,28,187.57549709496283
35,27,220.62083636021853
35,26,257.2306820248899
35,25,295.8031154434213
35,24,334.2278337512387
35,23,388.17345311486787
35,22,430.89008545298515
35,21,477.28918071265
35,20,525.4777689189114
35,19,572.8307217287457
35,18,719.6970531828601
35,17,763.560203761543
35,16,808.3787297872535
35,15,868.0799249793475
35,14,923.2755260664128
35,13,971.7357744428873
35,12,1063.617166300267
35,11,1113.5611429640057
35,10,2721.2736205383844
35,9,2857.9811764867673
35,8,2997.6224213544015
35,7,3182.643015783989
35,6,3379.584394950564
35,5,3531.182441586663
35,4,3728.8013288514326
35,3,3864.605791459206
35,2,16305.413890316368
35,1,16937.14598694399
36,36,14.043387148255986
36,35,23.98999193182451
36,34,35.11570816759326
36,33,49.950268172049874
36,32,64.02177618862879
36,31,77.76694937223003
36,30,108.66167804073811
36,29,124.80483325758233
36,28,227.7798281701857
36,27,263.3123706740035
36,26,302.49940852000736
36,25,343.5980582125915
36,24,384.3620664079808
36,23,441.4336499367481
36,22,486.53442065809145
36,21,535.3551038289532
36,20,585.9500788345888
36,19,635.5594305706041
36,18,788.8393345685672
36,17,834.5233089994067
36,16,881.1651409016466
36,15,943.2547957016769
36,14,1001.4912530158548
36,13,1051.8217059726062
36,12,1147.4238310977435
36,11,1199.193688050525
36,10,2918.703473316857
36,9,3060.0513884524926
36,8,3204.336610352131
36,7,3395.342975641535
36,6,3603.682778772175
36,5,3760.2188165244597
36,4,3964.4567989738234
36,3,4104.507313357702
36,2,17285.75751201876
36,1,17936.236945397406
37,37,4.636078898455455
37,36,27.093816774954043
37,35,38.95470296020623
37,34,51.677358997232155
37,33,68.32172437167857
37,32,83.88259909057037
37,31,98.78778264617533
37,30,132.50912963586924
37,29,149.72605182069378
37,28,271.28047902464925
37,27,309.2413441515414
37,26,350.9585853403621
37,25,394.5469903683477
37,24,437.62296250444075
37,23,497.7929756910535
37,22,545.2802555347877
37,21,596.5102719411245
37,20,649.5022577637063
37,19,701.3614529697069
37,18,861.0323646826973
37,17,908.5392127381492
37,16,957.0065433734587
37,15,1021.4864628634393
37,14,1082.903204763762
37,13,1135.1101119815453
37,12,1234.4523776556334
37,11,1288.0550971876546
37,10,3123.0140709614834
37,9,3269.008569926927
37,8,3417.9443457028283
37,7,3614.942478947942
37,6,3835.352805268389
37,5,3996.8562285745897
37,4,4207.753383239156
37,3,4352.076562990024
37,2,18296.225761955582
37,1,18965.544935455655
38,38,5.666743644939218
38,37,10.08152970785484
38,36,42.969726372489255
38,35,56.39229583198406
38,34,70.47984648938552
38,33,88.76858040876034
38,32,105.74798364810886
38,31,121.74730658275787
38,30,158.23331840067445
38,29,176.49723584433644
38,28,318.0224537702743
38,27,358.36567199303795
38,26,402.5758927071051
38,25,448.6249107648617
38,24,493.99095666913513
38,23,557.236610296351
38,22,607.118081984855
38,21,660.7478316008287
38,20,716.1295779188636
38,19,770.2337379478497
38,18,936.2784186192001
38,17,985.6106027882448
38,16,1035.9060012633297
38,15,1102.7784217862397
38,14,1167.5257442667196
38,13,1221.6158455462546
38,12,1324.7181437752936
38,11,1380.1611880721916
38,10,3334.212710983289
38,9,3484.860610965022
38,8,3638.454083437711
38,7,3841.4505564796295
38,6,4074.6487537614357
38,5,4241.150441423217
38,4,4458.747595760073
38,3,4607.371367819772
38,2,19337.00829647295
38,1,20025.264230226196
39,39,7.041829714007736
39,38,11.611454533638165
39,37,20.216344191113773
39,36,61.290509826425705
39,35,76.05055525848427
39,34,91.357320501066
39,33,111.18176783477195
39,32,129.5443912083526
39,31,146.5938989245777
39,30,185.80294569303592
39,29,205.0955463568254
39,28,367.96240878575315
39,27,410.6517332739167
39,26,457.3251722209386
39,25,505.81132017155255
39,24,553.4497926221459
39,23,619.7520529152443
39,22,672.0401663275424
39,21,728.0621893248954
39,20,785.8281715268464
39,19,842.1737869499051
39,18,1014.5795360402213
39,17,1065.7398424983828
39,16,1117.8661747982312
39,15,1187.133671807438
39,14,1255.3731402670605
39,13,1311.3536108210897
39,12,1418.2362688765259
39,11,1475.5275312712063
39,10,3552.3046946294025
39,9,3707.613268666008
39,8,3865.8720121722445
39,7,4074.8738021763247
39,6,4321.624139698671
39,5,4493.156354572608
39,4,4717.49534930573
39,3,4870.4488784580335
39,2,20408.29110359553
39,1,21115.585113912064
40,40,6.285771014436258
40,39,11.284779446164883
40,38,22.26572755703272
40,37,33.241526730149666
40,36,81.81053132512693
40,35,97.7674677567921
40,34,114.20026744001966
40,33,135.48747680382056
40,32,155.22186863380733
40,31,173.29198659063695
40,30,215.1962616383378
40,29,235.50512092955782
40,28,421.0660178385887
40,27,466.0726582409499
40,26,515.1853673196701
40,25,566.0896295139216
40,24,615.986269633641
40,23,685.3291607079435
40,22,740.04078845244
40,21,798.4494177779591
40,20,858.5955779088624
40,19,917.1803192982334
40,18,1095.9384983308917
40,17,1148.9300176387405
40,16,1202.890435336268
40,15,1274.5559179506097
40,14,1346.4608602961098
40,13,1404.3393238355366
40,12,1515.0231764677553
40,11,1574.1710005340485
40,10,3777.297065640263
40,9,3937.2740861643597
40,8,4100.206155126807
40,7,4315.220715948579
40,6,4576.336378723976
40,5,4752.932865882473
40,4,4984.056350565953
40,3,5141.370117105704
40,2,21510.272958260943
40,1,22236.710950249442
41,41,5.988033148814771
41,40,13.999255840664194
41,39,24.050290542815986
41,38,35.91834157647793
41,37,48.7996995049482
41,36,104.37194527111869
41,35,121.43635524957062
41,34,138.93462974126035
41,33,161.63472468843182
41,32,182.7461892354595
41,31,201.8169877046325
41,30,246.39827375366116
41,29,267.71513698885246
41,28,477.305739707681
41,27,524.6066882194527
41,26,576.1392910669172
41,25,629.4462064798264
41,24,681.5894782474095
41,23,753.9595207249647
41,22,811.1156995684231
41,21,871.9067702254705
41,20,934.4302931245522
41,19,995.2528417491781
41,18,1180.3584226677044
41,17,1235.184518644437
41,16,1290.9824333230147
41,15,1365.0491170674368
41,14,1440.8051067477077
41,13,1500.5896291368617
41,12,1615.096047872764
41,11,1676.109225210981
41,10,4009.1972509582856
41,9,4173.850971308279
41,8,4341.4648848016495
41,7,4562.500132528668
41,6,4838.845178284366
41,5,5020.54119416915
41,4,5258.492171534633
41,3,5420.197983911715
41,2,22643.156242882163
41,1,23388.84867983005
42,42,6.354831048878803
42,41,15.616901433111055
42,40,25.887821387815993
42,39,38.24424157831513
42,38,52.10678951842181
42,37,66.6850848143134
42,36,128.87108697082786
42,35,146.98533489920575
42,34,165.50928834416553
42,33,189.5876785338082
42,32,212.09386367768036
42,31,232.15200932192838
42,30,279.39886307848417
42,29,301.71847766059705
42,28,536.6591896127464
42,27,586.2359698003329
42,26,640.1727183678224
42,25,695.869676540993
42,24,750.250246735298
42,23,825.63600754924
42,22,885.2617520118489
42,21,948.4323618793696
42,20,1013.3314873015804
42,19,1076.3913902345646
42,18,1267.8425540782112
42,17,1324.5068318170074
42,16,1382.1458870356994
42,15,1458.6172613273206
42,14,1538.4226058517809
42,13,1600.121683300275
42,12,1718.4725902049486
42,11,1781.3603517037252
42,10,4248.012462079525
42,9,4417.351577241155
42,8,4589.6562818770235
42,7,4816.720550904003
42,6,5109.211888271184
42,5,5296.0442071298285
42,4,5540.866295720078
42,3,5706.997306875989
42,2,23807.1502325502
42,1,24572.212226673295
43,43,7.2797914196860605
43,42,13.223447816491685
43,41,28.141375168546897
43,40,40.62680780112466
43,39,54.97989087538629
43,38,70.62363366980706
43,37,86.75053537372567
43,36,155.23832915873396
43,35,174.3649493170765
43,34,193.8882934676947
43,33,219.3207347340151
43,32,243.24884055960655
43,31,264.28558715044016
43,30,314.1914218792136
43,29,337.51072535921736
43,28,599.1078078416688
43,27,650.9455178092824
43,26,707.273556519846
43,25,765.3502380120557
43,24,821.9605555205693
43,23,900.3522697508812
43,22,962.4764310626151
43,21,1028.0247313896696
43,20,1095.2985839557061
43,19,1160.5961185805188
43,18,1358.393866909722
43,17,1416.9001314582435
43,16,1476.3841640887827
43,15,1555.263944211828
43,14,1639.3301680178126
43,13,1702.9527019279417
43,12,1825.1705533768998
43,11,1889.9425462337344
43,10,4493.748488443209
43,9,4667.782054996878
43,8,4844.786845922296
43,7,5077.888789230025
43,6,5387.498137996487
43,5,5579.505013940361
43,4,5831.246602074701
43,3,6001.837398063608
43,2,25002.495593862717
43,1,25787.04775276033
44,44,7.013697515064721
44,43,16.467240929040177
44,42,27.392091235968604
44,41,43.51775968423863
44,40,57.91288240321513
44,39,74.04761134779868
44,38,91.32071728342777
44,37,108.88880928441101
44,36,183.4261707465419
44,35,203.5407879416068
44,34,224.04621694189308
44,33,250.8156359934276
44,32,276.20066367835494
44,31,298.2105312658413
44,30,350.7723582110934
44,29,375.08993770824617
44,28,664.6367406865079
44,27,718.7233863221616
44,26,777.432252164908
44,25,837.8802624668582
44,24,896.7142961003799
44,23,978.1036600700614
44,22,1042.758912165178
44,21,1110.6840183879995
44,20,1180.3325514639257
44,19,1247.868694525308
44,18,1452.016766992748
44,17,1512.369061610774
44,16,1573.7021432436675
44,15,1654.994327475863
44,14,1743.5467787159
44,13,1809.1021347858816
44,12,1935.210063419618
44,11,2001.8764134526177
44,10,4746.415420779456
44,9,4925.1530037465745
44,8,5106.867676086762
44,7,5346.016468466644
44,6,5673.772781444996
44,5,5870.9941617827135
44,4,6129.700721536325
44,3,6304.787279878566
44,2,26229.400438120923
44,1,27033.567722006595
45,45,7.356524380784658
45,44,17.918970909960198
45,43,29.717832477241583
45,42,42.8804902518149
45,41,61.440163444288565
45,40,77.53421646599159
45,39,95.29766369740274
45,38,114.0900293315384
45,37,133.02027360527862
45,36,213.40151826940988
45,35,234.48839062282298
45,34,255.9646522513428
45,33,284.0590042793064
45,32,310.94260417111536
45,31,333.9224484545825
45,30,389.13992519581257
45,29,414.4555987772574
45,28,733.2331455707451
45,27,789.5590452530763
45,26,850.6401887167414
45,25,913.452677410539
45,24,974.5056171507034
45,23,1058.885494927666
45,22,1126.1082455755648
45,21,1196.410058231404
45,20,1268.4338981410726
45,19,1338.210193303177
45,18,1548.7146702742884
45,17,1610.917212262995
45,16,1674.1035858129849
45,15,1757.812372780759
45,14,1851.0906968230042
45,13,1918.5886510598652
45,12,2048.610387636773
45,11,2117.181645995838
45,10,5006.019634382697
45,9,5189.471140828676
45,8,5375.905822159396
45,7,5621.110942704147
45,6,5968.1023463883075
45,5,6170.579740651968
45,4,6436.301737169873
45,3,6615.921543229508
45,2,27488.122703525773
45,1,28312.035828958913
46,46,9.57731147784439
46,45,19.41115979613445
46,44,31.721760803504303
46,43,45.852482204396416
46,42,60.93777516267388
46,41,81.69480607562583
46,40,99.33963206922702
46,39,118.62103016652435
46,38,138.8515374674894
46,37,159.0849967063328
46,36,245.14121925124087
46,35,267.1904127890102
46,34,289.6304180954118
46,33,319.0412715190303
46,32,347.4710456680794
46,31,371.4194424496458
46,30,429.2942675394155
46,29,455.6088150046396
46,28,804.8866369201854
46,27,863.4440298356465
46,26,926.8905159742366
46,25,992.0619550690558
46,24,1055.3300520704418
46,23,1142.694347185717
46,22,1212.5247754205875
46,21,1285.203925925839
46,20,1359.604338658675
46,19,1431.6228793101207
46,18,1648.4921289984206
46,17,1712.549339651738
46,16,1777.593451181194
46,15,1863.7232829189415
46,14,1961.9820454188105
46,13,2031.4328313926935
46,12,2165.3928185835434
46,11,2235.880011230726
46,10,5272.570846491842
46,9,5460.7466330354655
46,8,5651.911894172015
46,7,5903.183274817062
46,6,6270.559571499538
46,5,6478.336224296534
46,4,6751.1222422422115
46,3,6935.314245802229
46,2,28778.89010320201
46,1,29622.684529518458
47,47,8.069464225901044
47,46,21.253767103397113
47,45,33.770557906527586
47,44,48.41419609238722
47,43,64.55592248570373
47,42,81.34460726656587
47,41,104.12893352877173
47,40,123.2190552434795
47,39,143.93689290231057
47,38,165.54495317820152
47,37,187.03717426886413
47,36,278.62880212643483
47,35,301.6343313180498
47,34,325.0338778292559
47,33,355.75541636237307
47,32,385.78446878377224
47,31,410.70126288497136
47,30,471.23669550223775
47,29,498.55164066985145
47,28,879.5881446445992
47,27,940.370830326382
47,26,1006.1770437066909
47,25,1073.7029903845714
47,24,1139.1833695976402
47,23,1229.5268385775562
47,22,1302.0088823422805
47,21,1377.0666200415703
47,20,1453.845413374165
47,19,1528.1087599720993
47,18,1751.3531850798793
47,17,1817.2696537909076
47,16,1884.1761170701004
47,15,1972.7316325302222
47,14,2076.2408607283314
47,13,2147.6551446049825
47,12,2285.5785096334316
47,11,2357.9931131708404
47,10,5546.076767682215
47,9,5738.98754853963
47,8,5934.894311331503
47,7,6192.242217883858
47,6,6581.217096324257
47,5,6794.337941957472
47,4,7074.240614738805
47,3,7263.045354887091
47,2,30101.97352412258
47,1,30965.790615382917
48,48,9.43474022708874
48,47,16.39895084115065
48,46,36.27374271006426
48,45,51.024237931907834
48,44,67.67867119959662
48,43,85.607626877868
48,42,103.9442403553074
48,41,128.6312605050524
48,40,149.09101878481772
48,39,171.18450890004002
48,38,194.12435375395668
48,37,216.84150790208804
48,36,313.85268095285295
48,35,337.8112932040466
48,34,362.16821941826004
48,33,394.1965685027411
48,32,425.8832686272198
48,31,451.76927407094
48,30,514.969835914102
48,29,543.2873093041153
48,28,957.3303480555901
48,27,1020.333450568845
48,26,1088.4949132100041
48,25,1158.3718741138573
48,24,1226.062436377392
48,23,1319.3806104261175
48,22,1394.562037905633
48,21,1472.0001992945383
48,20,1551.1597056620897
48,19,1627.670879044742
48,18,1857.3028910140267
48,17,1925.083401055558
48,16,1993.8570244930738
48,15,2084.84309537316
48,14,2193.888929668319
48,13,2267.2778517436286
48,12,2409.190505330718
48,11,2483.544490201497
48,10,5826.54800673448
48,9,6024.204939790076
48,8,6224.864565623375
48,7,6488.299716055284
48,6,6900.153386202497
48,5,7118.665202006629
48,4,7405.7345916704235
48,3,7599.194155368403
48,2,31457.61457918749
48,1,32341.600687340364
49,49,6.120062596077647
49,48,18.358105742177287
49,47,26.91848229854882
49,46,54.185897007093125
49,45,70.85256152887087
49,44,89.29279407127095
49,43,108.85000675211657
49,42,128.62234820015345
49,41,155.11917340880373
49,40,176.89421181991003
49,39,200.3174985712223
49,38,224.55421878043165
49,37,248.4703708538272
49,36,350.80451481576705
49,35,375.7148520628409
49,34,401.02843708066666
49,33,434.3611590912013
49,32,467.7690028343816
49,31,494.62576627016864
49,30,560.4969713896161
49,29,589.8195845285691
49,28,1038.1065372491344
49,27,1103.3262599513794
49,26,1173.8394225777774
49,25,1246.0646797262802
49,24,1315.9639596766756
49,23,1412.252993544529
49,22,1490.1854141411632
49,21,1570.0063254337244
49,20,1651.5493139312725
49,19,1730.311718306553
49,18,1966.3454995905247
49,17,2035.9949865598683
49,16,2106.640731580438
49,15,2200.062407198656
49,14,2314.9476652522508
49,13,2390.3228083637546
49,12,2536.2514008671487
49,11,2612.5572002834338
49,10,6113.992337357177
49,9,6316.406910286268
49,8,6521.831085362963
49,7,6791.364500824472
49,6,7227.446013769437
49,5,7451.397354994474
49,4,7745.689462099856
49,3,7943.8476506693705
49,2,32846.11381165942
49,1,33750.421829322804
50,50,7.516583248053277
50,49,13.883326434690124
50,48,29.46198371036962
50,47,39.3179626838569
50,46,74.67036127417138
50,45,93.03146493077688
50,44,113.09772206887509
50,43,134.16827313380998
50,42,155.29411287001474
50,41,183.53043965919395
50,40,206.58197803170185
50,39,231.30015624893971
50,38,256.8069362200239
50,37,281.90211397588314
50,36,389.4785689475077
50,35,415.3406153886647
50,34,441.6111823675351
50,33,476.24694107491575
50,32,511.4445331682754
50,31,539.2741852645315
50,30,607.8223969206717
50,29,638.1531736491827
50,28,1121.9113385836663
50,27,1189.3448228379652
50,26,1262.2069562415388
50,25,1336.7784872847672
50,24,1408.8855973806753
50,23,1508.1422278650577
50,22,1588.8811898082197
50,21,1671.087655724837
50,20,1755.0173301780408
50,19,1836.0347579442926
50,18,2078.4862702928394
50,17,2150.0098491472054
50,16,2222.5328580335863
50,15,2318.395401989306
50,14,2439.4402700612936
50,13,2516.813702337807
50,12,2666.7857220900933
50,11,2745.056276257474
50,10,6408.420416990443
50,9,6615.604531891527
50,8,6825.80535396008
50,7,7101.448474148784
50,6,7563.1785354654285
50,5,7792.619892178565
50,4,8094.188806178664
50,3,8297.091071449955
50,2,34267.733917275036
50,1,35192.522164553375
51,51,8.295569807548327
51,50,15.964591510238721
51,49,23.986294559044016
51,48,42.43403150964369
51,47,53.39285505146169
51,46,97.5023635974847
51,45,117.40086039666714
51,44,138.97774240462604
51,43,161.47725612493198
51,42,183.89551688862363
51,41,213.81740383057775
51,40,238.1182901393775
51,39,264.1045921787417
51,38,290.86071723660376
51,37,317.1194954015789
51,36,429.87078383965627
51,35,456.68546741285564
51,34,483.9140875553049
51,33,519.8523805475836
51,32,556.9134536618467
51,31,585.7185821437898
51,30,656.9508613281714
51,29,688.2931656567721
51,28,1208.7397139554687
51,27,1278.3848754648438
51,26,1353.5939282393992
51,25,1430.5102858394944
51,24,1504.8248166716287
51,23,1607.046253752887
51,22,1690.6512862927464
51,21,1775.2465191269566
51,20,1861.5664534466266
51,19,1944.8430282837935
51,18,2193.729836354904
51,17,2267.132770479834
51,16,2341.5383352934996
51,15,2439.8471840897937
51,14,2567.38983404591
51,13,2646.7740890923096
51,12,2800.8178384771136
51,11,2881.06657540757
51,10,6709.840692087303
51,9,6921.806579695358
51,8,7136.796471686313
51,7,7418.561042816839
51,6,7907.4345600264005
51,5,8142.418328453775
51,4,8451.321655252113
51,3,8659.01521375259
51,2,35722.776200962275
51,1,36668.20940201483
52,52,8.67533648205912
52,51,17.179971469277923
52,50,26.73848291380263
52,49,36.06224497586687
52,48,57.07072228154732
52,47,69.00270907512805
52,46,122.52136953221296
52,45,143.84428182953158
52,44,166.84717760359885
52,43,190.71287605761944
52,42,214.37768942257043
52,41,245.94326941013531
52,40,271.47524629847754
52,39,298.70905750774904
52,38,326.6984941342655
52,37,354.1089791903757
52,36,471.97874180552236
52,35,499.747681407134
52,34,527.9359898444923
52,33,565.1769859576636
52,32,604.180505091236
52,31,633.9640894276017
52,30,707.8881514778082
52,29,740.2456637928173
52,28,1298.5880572903534
52,27,1370.4435206165049
52,26,1447.9980757751807
52,25,1527.2583632402436
52,24,1603.780373695622
52,23,1708.9643097833846
52,22,1795.499060876368
52,21,1882.4867043219674
52,20,1971.2008732536651
52,19,2056.7410843877847
52,18,2312.0824529235233
52,17,2387.3702009282197
52,16,2463.6638111544444
52,15,2564.4246368040863
52,14,2698.8219965943417
52,13,2780.230138081698
52,12,2938.3748721779193
52,11,3020.61577386445
52,10,7018.266327553399
52,9,7235.026685287228
52,8,7454.818535945288
52,7,7742.716796186097
52,6,8260.306028291981
52,5,8500.886733285359
52,4,8817.17872474243
52,3,9029.71258690996
52,2,37211.52263704684
52,1,38177.771385727756
53,53,10.12619009419321
53,52,17.88405007161954
53,51,28.29446206732663
53,50,39.46987005423753
53,49,49.87222287581124
53,48,73.23288173480367
53,47,86.04854641687866
53,46,149.61046963661144
53,45,172.27533419191323
53,44,196.64136108358534
53,43,221.82597227042223
53,42,246.70254607693863
53,41,279.87895142566
53,40,306.6306819403342
53,39,335.0960605093454
53,38,364.306369426848
53,37,392.85940183118265
53,36,515.8005538574815
53,35,544.5258386427316
53,34,573.6758591305304
53,33,612.2202192187771
53,32,653.2504540894365
53,31,684.0157709908466
53,30,760.6398385146457
53,29,794.01648680125
53,28,1391.4518963907783
53,27,1465.5168238008464
53,26,1545.4159357382987
53,25,1627.019656447109
53,24,1705.7495394247562
53,23,1813.89398306303
53,22,1903.4262129080116
53,21,1992.8102181642519
53,20,2083.922876233884
53,19,2171.7314655269543
53,18,2433.5480176398764
53,17,2510.7261481560186
53,16,2588.9134044910993
53,15,2692.1320002322377
53,14,2833.7603163805393
53,13,2917.2058603144646
53,12,3079.481648396208
53,11,3163.7291731266073
53,10,7333.703055291689
53,9,7555.270803343337
53,8,7779.877720390117
53,7,8073.922077374123
53,6,8621.879003526748
53,5,8868.113100941731
53,4,9191.86043456951
53,3,9409.285607556401
53,2,38734.345146435735
53,1,39721.588110223645
54,54,11.660369184242738
54,53,20.027370071914433
54,52,29.318431384572836
54,51,41.30934690538171
54,50,53.92146136712281
54,49,65.25473152603975
54,48,90.82290590668173
54,47,104.4593627761874
54,46,178.68329097948154
54,45,202.62918816041213
54,44,228.31110449933766
54,43,254.77871061779945
54,42,280.84048144028304
54,41,315.60170592121
54,40,343.56741406196363
54,39,373.25206343555834
54,38,403.6736523203256
54,37,433.36226691751244
54,36,561.3357750437873
54,35,591.0198682023604
54,34,621.1339483690149
54,33,660.9827731744863
54,32,704.1294938080001
54,31,735.8801132083796
54,30,815.2129706482863
54,29,849.6129506631479
54,28,1487.329000028423
54,27,1563.603114514616
54,26,1645.8463512563908
54,25,1729.7934648970468
54,24,1810.7320107376229
54,23,1921.8353886549776
54,22,2014.4371835520403
54,21,2106.221905404471
54,20,2199.7376893565856
54,19,2289.819753322896
54,18,2558.13377152252
54,17,2637.2080653162934
54,16,2717.294783235607
54,15,2822.977199887552
54,14,2972.232956127587
54,13,3057.729996192706
54,12,3224.1679768246913
54,11,3310.437186701521
54,10,7656.16651418724
54,9,7882.555090560068
54,8,8111.990700317538
54,7,8412.194124406682
54,6,8992.254200818297
54,5,9244.200481636335
54,4,9575.46105629791
54,3,9797.830399873814
54,2,40291.51580976242
54,1,41299.93720639376
55,55,4.25338007082982
55,54,22.268773787459917
55,53,32.114091404484036
55,52,42.651495692785986
55,51,55.99825678707753
55,50,69.93360164896065
55,49,82.09767758391453
55,48,109.77086979865518
55,47,124.18329011753077
55,46,209.6747864096718
55,45,234.85622295018436
55,44,261.8181818646492
55,43,289.541256401022
55,42,316.7678117710061
55,41,353.0930876946155
55,40,382.2715212207776
55,39,413.1659686438774
55,38,444.7914703997824
55,37,475.61042793970836
55,36,608.5840547865852
55,35,639.2296679155569
55,34,670.310374038063
55,33,711.4650858849054
55,32,756.8236830572512
55,31,789.5634031274697
55,30,871.6142833627054
55,29,907.0420058761642
55,28,1586.2160910287926
55,27,1664.699535545179
55,26,1749.2868408624781
55,25,1835.5776332094958
55,24,1918.7259115353736
55,23,2032.7869183641906
55,22,2128.534696739983
55,21,2222.7247793624833
55,20,2318.6485954529594
55,19,2411.0094793565927
55,18,2685.844587061269
55,17,2766.820954570075
55,16,2848.813080829357
55,15,2956.965516099548
55,14,3114.26604565076
55,13,3201.8291795870095
55,12,3372.4614284269437
55,11,3460.7679159350073
55,10,7985.664941438119
55,9,8216.888065304738
55,8,8451.166273174476
55,7,8757.541984479702
55,6,9371.526739640583
55,5,9629.246147816091
55,4,9968.086133729992
55,3,10195.454600110193
55,2,41883.4067744236
55,1,42913.198812049784
56,56,5.083210672558778
56,55,9.09104797418739
56,54,35.0152797987958
56,53,46.07634055822914
56,52,57.65660155904601
56,51,72.20620157935117
56,50,87.39597462993044
56,49,100.32167475387789
56,48,130.025982081484
56,47,145.18208175775146
56,46,242.53546143904006
56,45,268.91818627267486
56,44,297.13279058250043
56,43,326.0901214606727
56,42,354.465733461867
56,41,392.3383814585148
56,40,422.7320934462613
56,39,454.82911372005515
56,38,487.65295648443373
56,37,519.5984261734503
56,36,657.5458891511482
56,35,689.1559333519682
56,34,721.2060157899824
56,33,763.6683251578957
56,32,811.3400183577633
56,31,845.0728624396363
56,30,929.851475410305
56,29,966.3115758030876
56,28,1688.1111713060277
56,27,1768.8045055108578
56,26,1855.7362067235892
56,25,1944.371306318898
56,24,2029.7306883423448
56,23,2146.748327086072
56,22,2245.723003636352
56,21,2342.323422742392
56,20,2440.660492828211
56,19,2535.30583742064
56,18,2816.6871366544065
56,17,2899.5716683343167
56,16,2983.475331995025
56,15,3094.1041973781266
56,14,3259.8885651647283
56,13,3349.5329654378925
56,12,3524.3926430192355
56,11,3614.7526033242707
56,10,8322.211744240865
56,9,8558.283560247555
56,8,8797.418697326297
56,7,9109.980358159812
56,6,9759.801052691095
56,5,10023.3569306455
56,4,10369.838660589217
56,3,10602.263237437473
56,2,43510.3364174181
56,1,44561.69799052935
57,57,5.394658004388601
57,56,11.626859542729335
57,55,19.19007594802809
57,54,49.611904194193336
57,53,61.692737196721325
57,52,74.178374741956
57,51,89.8248810114472
57,50,106.2306876133548
57,49,119.86948503539055
57,48,151.5508270766469
57,47,167.42719375582448
57,46,277.227005747764
57,45,304.7850556012033
57,44,334.23123431082536
57,43,364.4063961215957
57,42,393.9189220589396
57,41,433.3254571778532
57,40,464.9402515770244
57,39,498.23439985764634
57,38,532.2524466024158
57,37,565.3217307022915
57,36,708.2218765872221
57,35,740.7993991423516
57,34,773.8217382327349
57,33,817.5935787313456
57,32,867.6855889570271
57,31,902.415773051108
57,30,989.9322517840002
57,29,1027.4295642579655
57,28,1793.011764432985
57,27,1875.9158827496371
57,26,1965.192611591119
57,25,2056.172916174523
57,24,2143.7450089675494
57,23,2263.7185088600636
57,22,2366.0055566985952
57,21,2465.021559317561
57,20,2565.7773621644333
57,19,2662.7130491602047
57,18,2950.6669576421596
57,17,3035.465884274466
57,16,3121.2873565193468
57,15,3234.3992238471965
57,14,3409.128965711773
57,13,3500.8703535850277
57,12,3679.9916645105764
57,11,3772.4218703435654
57,10,8665.81672810032
57,9,8906.75169263943
57,8,9150.758400799332
57,7,9469.519965864298
57,6,10157.180717580783
57,5,10426.638769054494
57,4,10780.832374851167
57,3,11018.3723120448
57,2,45172.70153342763
57,1,46245.84006819696
58,58,5.49860990266476
58,57,11.629554501632173
58,56,21.3917369414067
58,55,36.30052927312194
58,54,65.84364020987951
58,53,78.81096730454989
58,52,92.10833799044
58,51,108.77710077358331
58,50,126.38185781482869
58,49,140.6993406132516
58,48,174.3176810468881
58,47,190.89729218273948
58,46,313.7195570245258
58,45,342.43317261785745
58,44,373.09466528714853
58,43,404.4749197354883
58,42,435.1150070739552
58,41,476.0444896396668
58,40,508.8890343286787
58,39,543.3763106357279
58,38,578.5856035390977
58,37,612.7769454396479
58,36,760.6131684696317
58,35,794.1613296433937
58,34,828.1589189193597
58,33,873.2424278522207
58,32,925.8682016630191
58,31,961.6001350261134
58,30,1051.865057983224
58,29,1090.4046230612523
58,28,1900.916237072264
58,27,1986.032360620661
58,26,2077.655052039456
58,25,2170.9817332574667
58,24,2260.768388612501
58,23,2383.697223857819
58,22,2489.3868219485776
58,21,2590.823948606383
58,20,2694.0042447172755
58,19,2793.236422404335
58,18,3087.7907499992425
58,17,3174.510472249759
58,16,3262.2561963023686
58,15,3377.8578367662203
58,14,3562.0178634065524
58,13,3655.8725587392346
58,12,3839.2908580218286
58,11,3933.8087109859694
58,10,9016.492923187247
58,9,9262.305888076253
58,8,9511.199205016836
58,7,9836.175033008893
58,6,10563.776608058703
58,5,10839.20508601064
58,4,11201.178337281606
58,3,11443.895093188772
58,2,46870.851548710896
58,1,47965.98190975866
59,59,5.38820787451533
59,58,9.659132139345202
59,57,22.180579802361443
59,56,37.55588014390518
59,55,55.486601021083295
59,54,83.56161674178269
59,53,93.33408534468236
59,52,110.39937829276396
59,51,127.50801788801519
59,50,147.80885035833055
59,49,162.78043967563636
59,48,198.3058725746895
59,47,215.57637416878825
59,46,351.9895161906066
59,45,381.843629201192
59,44,413.70786545278895
59,43,446.2833349002614
59,42,478.0438146168556
59,41,520.4873396687947
59,40,554.5728702635253
59,39,590.2504474052446
59,38,626.6489953930427
59,37,661.9614161290076
59,36,814.7211165231874
59,35,849.2431615879615
59,34,884.2190838338319
59,33,930.6165707460768
59,32,985.8959933701598
59,31,1022.634267208004
59,30,1115.6586458092281
59,29,1155.2457031065867
59,28,2011.8229934128883
59,27,2099.152629660515
59,26,2193.1224844922185
59,25,2288.796954765062
59,24,2380.8002409145515
59,23,2506.684097322947
59,22,2615.8712347445885
59,21,2719.7352978784197
59,20,2825.34610942531
59,19,2926.881174816161
59,18,3228.0650715810957
59,17,3316.7121506161166
59,16,3406.3887322202822
59,15,3524.4871033830987
59,14,3718.586559426767
59,13,3814.5714892693527
59,12,4002.3233079993374
59,11,4098.946848395341
59,10,9374.25271094207
59,9,9624.958895752165
59,8,9878.754227208152
59,7,10209.95904479131
59,6,10979.70249799835
59,5,11261.172273680164
59,4,11630.99777892128
59,3,11878.95523726658
59,2,48605.196625235985
59,1,49722.54253161112
60,60,5.492409888833529
60,59,9.85297881675404
60,58,22.62535214405003
60,57,38.63231066955891
60,56,67.47220741499477
60,55,81.60068147969479
60,54,94.79121588401523
60,53,112.24298664444095
60,52,131.66260079920107
60,51,145.91506231212855
60,50,170.55648230608944
60,49,197.47808739521875
60,48,223.49999334605954
60,47,241.45249124987527
60,46,392.01806777881177
60,45,423.001197330243
60,44,456.0584686914549
60,43,489.82151875905464
60,42,522.6969484376725
60,41,566.6472550640483
60,40,601.987360289303
60,39,638.8533744493938
60,38,676.439988963584
60,37,712.8731606489993
60,36,870.547304314269
60,35,906.046546536623
60,34,942.0039593554511
60,33,989.7178855410943
60,32,1047.777509646894
60,31,1085.5268927679058
60,30,1181.322172656848
60,29,1221.962159828678
60,28,2125.7306389041987
60,27,2215.2755554331047
60,26,2311.5940172030505
60,25,2409.6179101979665
60,24,2503.8400960856043
60,23,2632.678853980176
60,22,2745.4634486170125
60,21,2851.7605238079477
60,20,2959.808127338911
60,19,3063.6527204279055
60,18,3371.496661512584
60,17,3462.077819494659
60,16,3553.6920273898695
60,15,3674.294273394922
60,14,3878.86744871613
60,13,3977.00016757214
60,12,4169.123261015368
60,11,4267.871189506788
60,10,9739.108785117805
60,9,9994.723777540048
60,8,10253.436897870455
60,7,10590.885800701992
60,6,11405.076346386342
60,5,11692.661015386395
60,4,12070.409846041986
60,3,12323.674281242811
60,2,50376.11490535302
60,1,51515.908248117805
61,61,5.597905965192685
61,60,10.049100893466207
61,59,23.067615216809433
61,58,39.25297777559616
61,57,68.49842808345997
61,56,82.53964213207419
61,55,96.39194991591518
61,54,114.23195218200959
61,53,133.8465494720958
61,52,148.80268636571088
61,51,173.75391042935172
61,50,201.44464772216665
61,49,229.96231342085142
61,48,249.88863262714543
61,47,268.516831257515
61,46,433.79010009566474
61,45,465.8935384478868
61,44,500.13637949747755
61,43,535.0811530752703
61,42,569.067469450196
61,41,614.5186389390515
61,40,651.1291066451879
61,39,689.1824947534967
61,38,727.9566616375378
61,37,765.51080855856
61,36,928.0935651818339
61,35,964.5733760522628
61,34,1001.515503670391
61,33,1050.548468920137
61,32,1111.5217563170374
61,31,1150.2871952154783
61,30,1248.8652659391623
61,29,1290.563821413802
61,28,2242.638077980992
61,27,2334.400285068946
61,26,2433.069025405263
61,25,2533.4441846192567
61,24,2629.8877315064733
61,23,2761.6814578887647
61,22,2878.168484082807
61,21,2986.904908412262
61,20,3097.3958345715446
61,19,3203.5568391648026
61,18,3518.0926299777116
61,17,3610.614755661225
61,16,3704.173527210834
61,15,3827.286985782977
61,14,4042.894273539603
61,13,4143.1929902124375
61,12,4339.726398560348
61,11,4440.6181045463245
61,10,10111.074696544114
61,9,10371.614466987237
61,8,10635.261534140926
61,7,10978.970006580212
61,6,11840.021101464557
61,5,12133.797111929154
61,4,12519.533361916061
61,3,12778.17345372795
61,2,52183.963486241744
61,1,53346.443981054545
62,62,5.704712298120653
62,61,10.247518929109505
62,60,23.85303580227294
62,59,39.869064189068204
62,58,59.27499597320886
62,57,87.10450674606265
62,56,98.04636074705282
62,55,116.28821454235324
62,54,135.9605629014052
62,53,151.75361944955498
62,52,175.94808638865968
62,51,204.98359258318442
62,50,234.30530827120677
62,49,254.20729975436006
62,48,273.2884418494457
62,47,311.71094244139385
62,46,477.29336728065067
62,45,510.51056965530927
62,44,545.9332879097861
62,43,582.0553470725414
62,42,617.1495965188822
62,41,664.0968131058263
62,40,701.9955187217972
62,39,741.2358878525953
62,38,781.1976632570669
62,37,819.8734807057483
62,36,987.3619095821222
62,35,1024.825710729859
62,34,1062.755836749091
62,33,1113.1105667421332
62,32,1177.1381360848318
62,31,1216.9247545629933
62,30,1318.2979559796224
62,29,1361.0609204733587
62,28,2362.5443738599884
62,27,2456.5261048043426
62,26,2557.547005713274
62,25,2660.27546931783
62,24,2758.9430184148373
62,23,2893.6919530537803
62,22,3013.991565016517
62,21,3125.1739299811898
62,20,3238.1149574988663
62,19,3346.599496395487
62,18,3667.860261736007
62,17,3762.330410581304
62,16,3857.8408518497063
62,15,3983.473053993201
62,14,4210.701934113626
62,13,4313.185533758924
62,12,4514.169633314569
62,11,4617.225218567081
62,10,10490.164277029544
62,9,10755.645177561213
62,8,11024.242732171482
62,7,11374.22664620847
62,6,12284.664202191661
62,5,12584.710972116598
62,4,12978.480698413689
62,3,13242.567438691261
62,2,54029.03889167619
62,1,55214.45296959674
63,63,5.812843812472017
63,62,10.44825103672618
63,61,24.7763476945522
63,60,40.93483379104784
63,59,70.59749203453526
63,58,84.33556748063488
63,57,99.66201626648758
63,56,118.33134341260404
63,55,138.18920145992118
63,54,154.67034253417074
63,53,178.13707345773963
63,52,207.43327345393524
63,51,238.1856701954442
63,50,258.56816037027465
63,49,278.10760046266716
63,48,317.09410741682484
63,47,349.9832456072555
63,46,522.5177290996904
63,45,556.8438433728302
63,44,593.4421497626881
63,43,630.7381890179457
63,42,666.9383079343415
63,41,715.3776558493842
63,40,754.5844740978102
63,39,795.0119860954
63,38,836.1619014338421
63,37,875.9604791359857
63,36,1048.3542145462145
63,35,1086.8054618036656
63,34,1125.72691349173
63,33,1177.4062356189431
63,32,1244.6361006760296
63,31,1285.4491896228294
63,30,1389.6302915529645
63,29,1433.4636984940996
63,28,2485.4480415399003
63,27,2581.6517090431807
63,26,2685.0268188871037
63,25,2790.110777404305
63,24,2891.0051111031
63,23,3028.7096160849487
63,22,3152.9372392949062
63,21,3266.5723532126394
63,20,3381.9704717527443
63,19,3492.7858719040114
63,18,3820.8059569345883
63,17,3917.231324632053
63,16,4014.700683583599
63,15,4142.859317955114
63,14,4382.325313336524
63,13,4487.013351863784
63,12,4692.489851793276
63,11,4797.730126401052
63,10,10876.388624830699
63,9,11146.827313492218
63,8,11420.392202466293
63,7,11776.667718275252
63,6,12739.134234407484
63,5,13045.534191433226
63,4,13447.445966047157
63,3,13717.054246271002
63,2,55912.201812555395
63,1,57120.81454626254
64,64,6.1497767007840025
64,63,11.055434244539395
64,62,19.60650782026445
64,61,42.177249621726794
64,60,71.51454187799813
64,59,85.53377149537745
64,58,101.14415161004518
64,57,120.27865675545131
64,56,138.7853051015951
64,55,161.3101783361857
64,54,178.48422283760118
64,53,209.87620290134873
64,52,239.64154313123603
64,51,255.36701618829008
64,50,286.8297926826974
64,49,321.93749897170375
64,48,355.7438870747508
64,47,390.0705390620868
64,46,569.4550588281857
64,45,604.8865906328507
64,44,642.6573397647934
64,43,681.1249886776985
64,42,718.4296565167934
64,41,768.3579917925955
64,40,808.89476427001
64,39,850.5100714406991
64,38,892.8490854486461
64,37,933.7718733786132
64,36,1111.0729794954732
64,35,1150.5151781094885
64,34,1190.4313418754991
64,33,1243.4382023253786
64,32,1314.0260693319576
64,31,1355.8711085842892
64,30,1462.87337102493
64,29,1507.7834710794434
64,28,2611.348875159652
64,27,2709.7771029690985
64,26,2815.508672862336
64,25,2922.950508244358
64,24,3026.07458927194
64,23,3166.7352045295584
64,22,3295.011722929926
64,21,3411.1066604884245
64,20,3528.969121877539
64,19,3642.1229643370243
64,18,3976.9380872674647
64,17,4075.326056679499
64,16,4174.761770601065
64,15,4305.4547455203165
64,14,4557.802596572745
64,13,4664.715375998697
64,12,4874.727473754377
64,11,4982.17403357768
64,10,11269.764266659125
64,9,11545.177837973682
64,8,11823.727346675292
64,7,12186.311084904311
64,6,13203.570686446588
64,5,13516.409548350488
64,4,13926.533899231867
64,3,14201.740813743381
64,2,57833.64834713961
64,1,59065.72950795051
65,65,6.066114086445951
65,64,10.813204244154486
65,63,23.016332339320698
65,62,39.121401525833285
65,61,72.23720675495657
65,60,87.16566448417922
65,59,90.57384785675468
65,58,122.0454115689929
65,57,141.83043728578656
65,56,164.20080957593427
65,55,181.61276815163197
65,54,213.4056186390424
65,53,243.59083980679029
65,52,267.4177230759091
65,51,291.1881725659075
65,50,325.40980860142577
65,49,360.93153029327726
65,48,396.20701800889066
65,47,431.9534434128096
65,46,618.0984382296436
65,45,654.6329667363553
65,44,693.5739262650117
65,43,733.2115653032107
65,42,771.6200599899802
65,41,823.0348688125232
65,40,864.9253572946446
65,39,907.7295181729442
65,38,951.2589449388767
65,37,993.3076934185787
65,36,1175.5203983289719
65,35,1215.9570852945928
65,34,1256.8713886471387
65,33,1311.2088249866583
65,32,1385.3183401036652
65,31,1428.2009847861416
65,30,1538.038126660052
65,29,1584.031373817354
65,28,2740.245750138537
65,27,2840.9013204763623
65,26,2948.991749784629
65,25,3058.7939817696297
65,24,3164.1509030696548
65,23,3307.768279671368
65,22,3440.220114471799
65,21,3558.78216515794
65,20,3679.116431787968
65,19,3794.6165028153546
65,18,4136.263615502071
65,17,4236.621717192448
65,16,4338.031372756597
65,15,4471.266763334988
65,14,4737.171435635431
65,13,4846.3299870579785
65,12,5060.922342519235
65,11,5170.597553879363
65,10,11670.303503596855
65,9,11950.709376344756
65,8,12234.26111519645
65,7,12603.170009277796
65,6,13678.112851837715
65,5,13997.479640598816
65,4,14415.972425303276
65,3,14696.859595589673
65,2,59794.42257012898
65,1,61050.26407184237
66,66,6.195370108315686
66,65,10.998588969551916
66,64,23.784804398248962
66,63,40.34443265877578
66,62,73.06516678471847
66,61,88.83482951864137
66,60,103.86922396527824
66,59,112.33147518958282
66,58,146.80483546909912
66,57,162.384816431998
66,56,180.53043360512322
66,55,217.30786267580714
66,54,247.95543191945163
66,53,271.47068862861
66,52,296.3750866821615
66,51,328.8741950183922
66,50,364.66852533870644
66,49,401.7377040134396
66,48,438.4640874461256
66,47,475.6158348975357
66,46,668.4422730439313
66,45,706.0782529856153
66,44,746.1879468152107
66,43,786.9945863186429
66,42,826.5066931706247
66,41,879.4060093649929
66,40,922.675894416146
66,39,966.6703322302741
66,38,1011.3918098118085
66,37,1054.5685469490977
66,36,1241.6991321414016
66,35,1283.1338881223746
66,34,1325.0498114264487
66,33,1380.7209648217895
66,32,1458.5240212071596
66,31,1502.4501191388952
66,30,1615.136365695638
66,29,1662.2194365255937
66,28,2872.138463039437
66,27,2975.0243369574973
66,26,3085.476196836479
66,25,3197.6415083721467
66,24,3305.2345187159362
66,23,3451.809455207689
66,22,3588.5687380674476
66,21,3709.605439431563
66,20,3832.419218711096
66,19,3950.2735434321694
66,18,4298.790936891453
66,17,4401.126881169895
66,16,4504.518246786579
66,15,4640.30433710877
66,14,4920.472253576414
66,13,5031.898399294231
66,12,5251.117264250797
66,11,5363.044328310038
66,10,12078.022491831536
66,9,12363.438497301786
66,8,12652.010491162624
66,7,13027.261903650337
66,6,14162.909517216453
66,5,14488.896809090505
66,4,14915.706825078783
66,3,15202.355272141613
66,2,61793.59759609576
66,1,63073.47413491073
67,67,6.326403657591619
67,66,11.185937318278501
67,65,24.205572226244378
67,64,41.38218731679085
67,63,74.06282145023297
67,62,90.1619123553998
67,61,105.52116556032047
67,60,125.37429638398073
67,59,135.26479454450487
67,58,165.1218270418034
67,57,184.09715345839592
67,56,212.77516703511645
67,55,251.70260357052305
67,54,276.43965228401805
67,53,308.4851633353163
67,52,326.5079697333265
67,51,368.3958904338363
67,50,405.73909777429253
67,49,444.33637041003635
67,48,482.4987789398128
67,47,521.0440796558933
67,46,720.481800935256
67,45,759.218393128762
67,44,800.495961690326
67,43,842.4711292475598
67,42,883.0870522302824
67,41,937.4693684914856
67,40,982.1462410227301
67,39,1027.3326918044456
67,38,1073.2481380857464
67,37,1117.5551333868007
67,36,1309.6117593950125
67,35,1352.0482020279642
67,34,1394.9692713273782
67,33,1451.9773737518244
67,32,1533.65439390155
67,31,1578.6299831158244
67,30,1694.180062007853
67,29,1742.359853443338
67,28,3007.0264444846553
67,27,3112.145735184504
67,26,3224.961741323576
67,25,3339.4929521599424
67,24,3449.3254318461336
67,23,3598.858842268589
67,22,3740.0635275892796
67,21,3863.5826419414943
67,20,3988.883863230472
67,19,4109.1006840119035
67,18,4464.527930850842
67,17,4568.849591465694
67,16,4674.2306007664465
67,15,4812.575861849964
67,14,5107.7460601292205
67,13,5221.462424820072
67,12,5445.355672426369
67,11,5559.558638513781
67,10,12492.935715040907
67,9,12783.380049847705
67,8,13076.99069040001
67,7,13458.602350935807
67,6,14658.112722490103
67,5,14990.816753752351
67,4,15426.114398143389
67,3,15718.612464356049
67,2,63833.192104081376
67,1,65137.4202179645
68,68,6.459237888380696
68,67,11.375268026678578
68,66,24.621614095310747
68,65,41.96167678816845
68,64,75.16890854057921
68,63,91.28134201188432
68,62,107.27814564615983
68,61,127.33218120464811
68,60,151.39985158361483
68,59,168.08203202120472
68,58,187.25663938133266
68,57,216.7051301706074
68,56,247.00022204430473
68,55,281.0159989668065
68,54,302.9281783312664
68,53,338.9324190597727
68,52,373.5661361557856
68,51,409.72908124290876
68,50,448.60162370016207
68,49,488.71106200780105
68,48,528.2973493295963
68,47,568.2266431385946
68,46,774.2130188280315
68,45,814.0499619700753
68,44,856.4950566534013
68,43,899.638712528722
68,42,941.3590083109501
68,41,997.2232108479876
68,40,1043.336581173077
68,39,1089.717057375808
68,38,1136.8286399741078
68,37,1182.2683803630614
68,36,1379.260963883485
68,35,1422.7027487129985
68,34,1466.6325362257353
68,33,1524.9809080136133
68,32,1610.7211486316635
68,31,1656.7524630129806
68,30,1775.1816207395727
68,29,1824.4652564877747
68,28,3144.909209480069
68,27,3252.265174515582
68,26,3367.4481799526693
68,25,3484.3482404540696
68,24,3596.423696288667
68,23,3748.9166043032737
68,22,3894.7106064378927
68,21,4020.720118942242
68,20,4148.516932142637
68,19,4271.104707707673
68,18,4633.482666417406
68,17,4739.798082052034
68,16,4847.176835371398
68,15,4988.089926799486
68,14,5299.03531210348
68,13,5415.065355032949
68,12,5643.682550604914
68,11,5760.186350835262
68,10,12915.057990043215
68,9,13210.54921883263
68,8,13509.217267425794
68,7,13897.2072763836
68,6,15163.880360177056
68,5,15503.40119954328
68,4,15947.234630540715
68,3,16245.671904930607
68,2,65912.89541970532
68,1,67241.78738311704
69,69,6.5938972963268
69,68,11.566601614394868
69,67,25.375176324569157
69,66,42.53343613970879
69,65,76.32112139451354
69,64,92.33114053129296
69,63,109.06461568769228
69,62,129.34947699952156
69,61,153.4226958811181
69,60,171.14091718447816
69,59,189.39421982422445
69,58,220.19202968879773
69,57,261.1179064539978
69,56,282.5085290114659
69,55,300.7208981037539
69,54,333.96642395466654
69,53,379.12071649293296
69,52,415.2362860779317
69,51,452.85366779086746
69,50,493.239478083544
69,49,534.8479685064833
69,48,575.8482364392288
69,47,617.1537994657332
69,46,829.6326449539557
69,45,870.5701589681789
69,44,914.1828628365332
69,43,958.495337059916
69,42,1001.3208666896148
69,41,1058.6661880511733
69,40,1106.2475087290622
69,39,1153.8242748120538
69,38,1202.1343917883255
69,37,1248.7095671258992
69,36,1450.6496982101562
69,35,1495.1005251372999
69,34,1540.0426553011207
69,33,1599.7347102517385
69,32,1689.736588056694
69,31,1736.8300689473829
69,30,1858.154102427555
69,29,1908.5489457209953
69,28,3285.786730105141
69,27,3395.382777228575
69,26,3512.935779614041
69,25,3632.2077790826834
69,24,3746.5298531527847
69,23,3901.983404757916
69,22,4052.516754609108
69,21,4181.024886622072
69,20,4311.325676162666
69,19,4436.293095424088
69,18,4805.663958609999
69,17,4913.981346922367
69,16,5023.3661254469835
69,15,5166.8559136269005
69,14,5494.384603721153
69,13,5612.752666477749
69,12,5846.145168996352
69,11,5964.975668646085
69,10,13344.406009277298
69,9,13644.963102201538
69,8,13948.70772782229
69,7,14343.094605530798
69,6,15680.37825403156
69,5,16026.820026095163
69,4,16479.334873504755
69,3,16783.806297589545
69,2,68033.91128303276
69,1,69387.80483862049
70,70,6.730406432577181
70,69,11.75995810269265
70,68,26.260145059897283
70,67,43.54542650092608
70,66,77.45588003657647
70,65,93.451723517017
70,64,110.80310905565696
70,63,131.32099955938259
70,62,155.58916753505395
70,61,174.168830149095
70,60,191.52017753195958
70,59,222.5717072733581
70,58,265.6582455165429
70,57,287.14535000373235
70,56,305.1701139982318
70,55,339.30405903954113
70,54,374.0176756924605
70,53,421.1105731804385
70,52,458.6961547044247
70,51,497.75278508263716
70,50,539.6386360647183
70,49,582.7353827354791
70,48,625.1415953907072
70,47,667.817234760667
70,46,886.7378646133569
70,45,928.7765668116067
70,44,973.5573234565258
70,43,1019.0392573378736
70,42,1062.9711396344746
70,41,1121.797109695597
70,40,1170.8797959924811
70,39,1219.655339992783
70,38,1269.1665954218684
70,37,1316.8800783253996
70,36,1523.780912613312
70,35,1569.2445239318508
70,34,1615.2026709343759
70,33,1676.24191028864
70,32,1770.7133221602767
70,31,1818.8756212661801
70,30,1943.1108868854267
70,29,1994.6245438881688
70,28,3429.6588142438413
70,27,3541.498486617307
70,26,3661.4246131819627
70,25,3783.071765417621
70,24,3899.6442219393066
70,23,4058.059668196668
70,22,4213.488642990426
70,21,4344.503840527217
70,20,4477.317214064288
70,19,4604.673185658928
70,18,4981.080456853398
70,17,5091.408207242785
70,16,5202.807465674295
70,15,5348.8830138968515
70,14,5693.8396814129355
70,13,5814.571014409429
70,12,6052.792036349954
70,11,6173.976063094583
70,10,13780.995788223185
70,9,14086.638099174697
70,8,14395.478856525853
70,7,14796.281514622468
70,6,16207.777448296065
70,5,16561.24850092314
70,4,17022.438221745702
70,3,17333.039932469448
70,2,70195.79214993033
70,1,71575.01942918914
71,71,5.1185528315496445
71,70,13.162634990494778
71,69,19.569145644281306
71,68,44.72657591115319
71,67,65.25069139571627
71,66,98.92124282319752
71,65,112.41438600033952
71,64,133.1391961239485
71,63,148.56532057120594
71,62,181.19501079986483
71,61,200.4350732679327
71,60,224.93748873371592
71,59,257.72841381684793
71,58,295.6197579653412
71,57,317.779996681198
71,56,344.08414178165145
71,55,379.7176639331365
71,54,415.8756553645833
71,53,464.88092482353704
71,52,503.9286840718961
71,51,544.4121719466627
71,50,587.7871728015492
71,49,632.3632993403623
71,48,676.1689716899857
71,47,720.209777102406
71,46,945.5262008216414
71,45,988.6670368206385
71,44,1034.616590771938
71,43,1081.26888722196
71,42,1126.3084587107317
71,41,1186.6148612403015
71,40,1237.2343154414052
71,39,1287.2113232174102
71,38,1337.9265046362411
71,37,1386.7813315343276
71,36,1598.6574881395356
71,35,1645.1376653240607
71,34,1692.1155493836823
71,33,1754.505554323861
71,32,1853.6642050580579
71,31,1902.9021863191485
71,30,2030.0656061268808
71,29,2082.705928241589
71,28,3576.52496415822
71,27,3690.6119229179126
71,26,3812.914412487799
71,25,3936.9400382570884
71,24,4055.766747391532
71,23,4217.145422956398
71,22,4377.632672615584
71,21,4511.163591242797
71,20,4646.498364704503
71,19,4776.2520029963425
71,18,5159.740463440057
71,17,5272.0871266167
71,16,5385.509482613697
71,15,5534.180036922266
71,14,5897.44729793828
71,13,6020.5680854402235
71,12,6263.672749789435
71,11,6387.238121672653
71,10,14224.842182042059
71,9,14535.589418221436
71,8,14849.546217056144
71,7,15256.783918553725
71,6,16746.253936345045
71,5,17106.86701032509
71,4,17576.834759456997
71,3,17893.668760126395
71,2,72399.8525246755
71,1,73804.77364147728
72,72,5.871450972534769
72,71,13.78696228236972
72,70,21.14928302094652
72,69,32.10509907463377
72,68,66.73635065077143
72,67,100.30473773300463
72,66,117.33434522436472
72,65,135.7581788133976
72,64,157.44846103804144
72,63,179.78475199291697
72,62,208.03555920617947
72,61,227.91608358462062
72,60,260.33500516039413
72,59,300.5845617345145
72,58,322.8238798621004
72,57,347.42704729368586
72,56,384.8269417093875
72,55,421.93576392959665
72,54,459.51875892758363
72,53,510.414106558983
72,52,550.9196191761287
72,51,592.8198849749089
72,50,637.6750943084505
72,49,683.723339192367
72,48,728.9233004093718
72,47,774.3254572249527
72,46,1005.9957759529723
72,45,1050.2399786176054
72,44,1097.359342435436
72,43,1145.1831411133633
72,42,1191.3319383985333
72,41,1253.1187952232397
72,40,1305.312453546436
72,39,1356.4938043113011
72,38,1408.4158811075965
72,37,1458.4152529972964
72,36,1675.2827985454421
72,35,1722.7833757437222
72,34,1770.7847762894878
72,33,1834.5292230610833
72,32,1938.6030001457736
72,31,1988.923759635321
72,30,2119.032874024139
72,29,2172.8079794897226
72,28,3726.385636594537
72,27,3842.723684827121
72,26,3967.4059141312
72,25,4093.8134684697498
72,24,4214.898433022808
72,23,4379.241792835907
72,22,4544.956525411463
72,21,4681.012063186291
72,20,4818.8772944791335
72,19,4951.037952190307
72,18,5341.653765783479
72,17,5456.028083572779
72,16,5571.482347818398
72,15,5722.7573761433905
72,14,6105.257371286622
72,13,6230.794802745833
72,12,6478.840291627304
72,11,6604.815891725796
72,10,14675.963943307235
72,9,14991.836246143253
72,8,15310.929433103483
72,7,15724.621898398676
72,6,17295.9949341551
72,5,17663.867475639134
72,4,18142.789275223837
72,3,18465.963006013473
72,2,74647.18722009845
72,1,76078.18588754156
73,73,7.868136980443316
73,72,13.767061752848985
73,71,22.610294134833854
73,70,34.26478386617667
73,69,46.913623601708416
73,68,91.83023018392797
73,67,123.54253388182279
73,66,141.22733119043843
73,65,160.37687092365545
73,64,182.978368695858
73,63,211.3304627284319
73,62,231.49468790128233
73,61,264.1028866174005
73,60,297.6555038306102
73,59,332.0914189485078
73,58,354.98659911956815
73,57,388.41795679672276
73,56,427.37227112436835
73,55,465.93651079901065
73,54,504.928646481603
73,53,557.6950001532587
73,52,599.6567668075376
73,51,642.9656369484428
73,50,689.2937313821153
73,49,736.8081802507799
73,48,783.3983602364617
73,47,830.1589753781194
73,46,1068.1447574047954
73,45,1113.493792737419
73,44,1161.784197770503
73,43,1210.7808318906536
73,42,1258.0405551069277
73,41,1321.3080830486485
73,40,1375.115439444705
73,39,1427.5041774516721
73,38,1480.6362745125846
73,37,1531.7835335004224
73,36,1753.6598621156866
73,35,1802.18471485829
73,34,1851.213458681084
73,33,1916.3161006454795
73,32,2025.5434091757174
73,31,2076.95426912698
73,30,2210.0272227014375
73,29,2264.945490548762
73,28,3879.2403400943062
73,27,3997.8333863407524
73,26,4124.898831394588
73,25,4253.691864982266
73,24,4377.0391838779715
73,23,4544.348753887426
73,22,4715.46683755585
73,21,4854.0560967915135
73,20,4994.461047329379
73,19,5129.038278941043
73,18,5526.828892923839
73,17,5643.239767986413
73,16,5760.734913594574
73,15,5914.6240653735185
73,14,6317.31991732371
73,13,6445.302195307644
73,12,6698.347773694111
73,11,6826.763561386686
73,10,15134.376146982519
73,9,15455.394006750508
73,8,15779.644279173119
73,7,16199.811574037862
73,6,17857.19030928059
73,5,18232.444604375938
73,4,18720.387459152225
73,3,19050.010927072522
73,2,76937.70765362935
73,1,78395.1700518847
74,74,8.270479227617193
74,73,14.475188893949241
74,72,24.09794009431823
74,71,36.16942049606047
74,70,49.5728912408462
74,69,63.636276286350636
74,68,119.67306232647768
74,67,148.10434171028905
74,66,162.38767689135406
74,65,185.11273321398895
74,64,216.88143380696687
74,63,239.7398986904233
74,62,268.3256969045504
74,61,301.74080928542077
74,60,336.8526461657139
74,59,364.7607836178201
74,58,388.31201813822815
74,57,431.2106508062638
74,56,471.69821716981147
74,55,511.701558563103
74,54,552.0898421471521
74,53,606.7108046742192
74,52,650.1298885821864
74,51,694.8407896501737
74,50,742.6358168202429
74,49,791.6117061962649
74,48,839.5889822084433
74,47,887.7059623654587
74,46,1131.9718199027077
74,45,1178.4273637448875
74,44,1227.8902418415882
74,43,1278.0612250270017
74,42,1326.433729343817
74,41,1391.18233325004
74,40,1446.6449934061504
74,39,1500.2443284989122
74,38,1554.58972872071
74,37,1606.888362050991
74,36,1833.7921956882399
74,35,1883.3452542786413
74,34,1933.4052286484757
74,33,1999.8699116522794
74,32,2114.5000756433615
74,31,2167.0086050359055
74,30,2303.06420112439
74,29,2359.134293559885
74,28,4035.0895403307045
74,27,4155.9416230397055
74,26,4285.393885786918
74,25,4416.576072429138
74,24,4542.18996745858
74,23,4712.467381192003
74,22,4889.171533769555
74,21,5030.303853810488
74,20,5173.258021979249
74,19,5310.261616073953
74,18,5715.275865793402
74,17,5833.732390914347
74,16,5953.277582974898
74,15,6109.790727593381
74,14,6533.688266137641
74,13,6664.144682163267
74,12,6922.251855990533
74,11,7053.138946638453
74,10,15600.097761907411
74,9,15926.282097015252
74,8,16255.710583096678
74,7,16682.37322239948
74,6,18430.041865295767
74,5,18812.80538214609
74,4,19309.849126172194
74,3,19646.037261366488
74,2,79272.17078078218
74,1,80756.50153830524
75,75,8.684681983648057
75,74,15.203238975957072
75,73,25.85118789589256
75,72,38.101313633751815
75,71,51.91750309483651
75,70,66.78825620985613
75,69,82.06940134924513
75,68,149.9564380412621
75,67,169.18309279962472
75,66,188.52473254811932
75,65,212.10870529574052
75,64,252.5989758784363
75,63,269.335976829254
75,62,306.3092823840232
75,61,341.2536858420909
75,60,377.8884978181495
75,59,398.5903425996365
75,58,435.11381415523067
75,57,475.7829259615932
75,56,517.7862419419622
75,55,559.215275589679
75,54,600.9890680571167
75,53,657.4504627359672
75,52,702.3301904770026
75,51,748.4378885942988
75,50,797.6950514369576
75,49,848.1285928324867
75,48,897.4906483602101
75,47,946.9625841927631
75,46,1197.475730217835
75,45,1245.039634533758
75,44,1295.6765872108333
75,43,1347.0235865431107
75,42,1396.510859588316
75,41,1462.7411053722576
75,40,1519.9028238143337
75,39,1574.7161145663727
75,38,1630.2782433523046
75,37,1683.7318698359063
75,36,1915.683183501991
75,35,1966.2684284421202
75,34,2017.3635760984537
75,33,2085.194229922148
75,32,2205.4878684596324
75,31,2259.101885028394
75,30,2398.159592214362
75,29,2455.390457190228
75,28,4193.933252706599
75,27,4317.048521090028
75,26,4448.891309250339
75,25,4582.4664258582725
75,24,4710.351222879771
75,23,4883.598196129823
75,22,5066.078114151118
75,21,5209.76305288958
75,20,5355.276155543354
75,19,5494.716117310074
75,18,5907.0041839885625
75,17,6027.5156281272375
75,16,6149.1202096046
75,15,6308.267417652125
75,14,6754.416838300206
75,13,6887.377804008361
75,12,7150.610390395744
75,11,7284.001090492415
75,10,16073.14611361853
75,9,16404.518230426274
75,8,16739.146448695567
75,7,17172.325343615343
75,6,19014.75721002882
75,5,19405.162819383233
75,4,19911.417670291954
75,3,20254.29079993353
75,2,81651.46110457998
75,1,83163.0858561947
76,76,9.165905936261023
76,75,15.880441597517168
76,74,25.60217988129884
76,73,40.36009278053099
76,72,54.28976052707938
76,71,69.56853682889187
76,70,85.70730787649487
76,69,102.06487140510917
76,68,176.07989689146396
76,67,195.90637049452343
76,66,215.83439538780956
76,65,240.25174550107013
76,64,290.2694641695809
76,63,300.10631179582566
76,62,346.1654808357669
76,61,382.6033325063326
76,60,404.73229093732743
76,59,428.9727007372871
76,58,479.9342147733853
76,57,522.1160701441063
76,56,565.6206299926852
76,55,608.4643373501127
76,54,651.6149492503602
76,53,709.9044624658529
76,52,756.2501944103842
76,51,803.7505911509891
76,50,854.4660795855825
76,49,906.3543231746241
76,48,957.099539586367
76,47,1007.92561790213
76,46,1264.6555267710894
76,45,1313.3298000335956
76,44,1365.1425815455218
76,43,1417.6674038692065
76,42,1468.2715553359294
76,41,1535.9841584432218
76,40,1594.8908887976183
76,39,1650.9216377274042
76,38,1707.7040594538553
76,37,1762.3164272113938
76,36,1999.3364245271896
76,35,2050.9578916320406
76,34,2103.092215586329
76,33,2172.292858563619
76,32,2298.5222983522635
76,31,2353.249881341291
76,30,2495.329867864349
76,29,2553.730753177826
76,28,4355.7718099162175
76,27,4481.154528899446
76,26,4615.391661581259
76,25,4751.363594218823
76,24,4881.523729285875
76,23,5057.742068564369
76,22,5246.194592612917
76,21,5392.441935957352
76,20,5540.523918210536
76,19,5682.410479053128
76,18,6102.023927965459
76,17,6224.599745664705
76,16,6348.273246875672
76,15,6510.064802292065
76,14,6979.562486955628
76,13,7115.059593948861
76,12,7383.4838484665115
76,11,7519.411719867751
76,10,16553.539903757428
76,9,16890.121520829758
76,8,17229.971404702876
76,7,17669.68789427443
76,6,19611.553737237165
76,5,20009.740027280535
76,4,20525.23650523242
76,3,20874.918917542258
76,2,84075.79737456421
76,1,85615.15176522166
77,77,9.662513658819503
77,76,16.574541955804968
77,75,27.385748008311623
77,74,40.24364583589297
77,73,57.04416371766401
77,72,72.37667199883204
77,71,88.91860363632213
77,70,106.18211689509802
77,69,123.513159215297
77,68,203.3906281252927
77,67,223.79035735983518
77,66,244.28693321400013
77,65,269.5204208167814
77,64,305.3992898315271
77,63,326.5319176139929
77,62,387.855845445365
77,61,425.75821250836776
77,60,440.09331676282227
77,59,464.9790633481894
77,58,526.5141007372009
77,57,570.1941298777075
77,56,615.1878882674542
77,55,659.4372242451338
77,54,703.9575844838336
77,53,764.0644656301447
77,52,811.8834061493636
77,51,860.7733637892238
77,50,912.9442076667426
77,49,966.2849207203465
77,48,1018.4122786674717
77,47,1070.5922005172615
77,46,1333.5102691434265
77,45,1383.2970519459234
77,44,1436.2875463965381
77,43,1489.9921179144073
77,42,1541.7153622177757
77,41,1610.9111661066183
77,40,1671.6111028446917
77,39,1728.8629427898798
77,38,1786.8693480830345
77,37,1842.6443232768459
77,36,2084.7553742032796
77,35,2137.417150291274
77,34,2190.5947091382104
77,33,2261.1694403076135
77,32,2393.6191211860987
77,31,2449.468614626802
77,30,2594.591758285886
77,29,2654.172215620655
77,28,4520.605076347889
77,27,4648.259608986045
77,26,4784.894998123149
77,25,4923.267723518524
77,24,5055.707725481311
77,23,5234.899304570663
77,22,5429.528552762654
77,21,5578.348297627486
77,20,5729.00931581487
77,19,5873.352917235022
77,18,6300.3446600829975
77,17,6424.994478563138
77,16,6550.746604140694
77,15,6715.192986904798
77,14,7209.183328377157
77,13,7347.249386652709
77,12,7620.934088628104
77,11,7759.433991652452
77,10,17041.296220032338
77,9,17383.109431036653
77,8,17728.20329141437
77,7,18174.479093862024
77,6,20220.655537208615
77,5,20626.76707669731
77,4,21151.693491973918
77,3,21508.317378737058
77,2,86546.92019197745
77,1,88114.47645568658
78,78,9.475517227656203
78,77,17.04704899848278
78,76,28.940797665637174
78,75,42.5365689703743
78,74,57.07263682830547
78,73,75.61630262801539
78,72,92.15783004433221
78,71,109.81966057001382
78,70,128.1034502522816
78,69,146.3321217449357
78,68,231.849980644468
78,67,252.80678104337665
78,66,273.86128952801994
78,65,299.89947563886494
78,64,337.73848556748175
78,63,359.41602987111236
78,62,431.3487251792533
78,61,470.6921761092752
78,60,476.6129422740366
78,59,502.14726062215993
78,58,574.8374399127283
78,57,620.0035606354775
78,56,666.476517338046
78,55,712.1240874844991
78,54,758.0084881044725
78,53,819.9233206074979
78,52,869.2243803448481
78,51,919.5015916257024
78,50,973.1255533694398
78,49,1027.9171338137674
78,48,1081.4261452818446
78,47,1134.960071691891
78,46,1404.0393977247415
78,45,1454.9409563434353
78,44,1509.1111732251884
78,43,1563.9975372408362
78,42,1616.842193269376
78,41,1687.5221702313256
78,40,1750.0658100607234
78,39,1808.5425085584513
78,38,1867.776719634703
78,37,1924.7182924319172
78,36,2171.943947028734
78,35,2225.6501811318094
78,34,2279.875100057863
78,33,2351.8281122696244
78,32,2490.7950471238014
78,31,2547.7750801085645
78,30,2695.963022391204
78,29,2756.7329295555637
78,28,4688.433758294164
78,27,4818.364586245168
78,26,4957.402258738139
78,25,5098.179866989068
78,24,5232.904379499724
78,23,5415.0711693147205
78,22,5616.088729793037
78,21,5767.491111331463
78,20,5920.741560746854
78,19,6067.552881118757
78,18,6501.977265514852
78,17,6628.710908750054
78,16,6756.551561920924
78,15,6923.663479558191
78,14,7443.340940662164
78,13,7584.01006140688
78,12,7863.026687596867
78,11,8004.134869010346
78,10,17536.435527706373
78,9,17883.5028658371
78,8,18233.863456211973
78,7,18686.720752899906
78,6,20842.29979260003
78,5,21256.48753662562
78,4,21790.855044236505
78,3,22154.555703690276
78,2,89064.5088206168
78,1,90660.74137280964
79,79,9.925380857856894
79,78,18.360153432653636
79,77,30.50908478559459
79,76,44.5376152000315
79,75,59.86663974283418
79,74,75.79863384565813
79,73,95.87188377299307
79,72,113.48506776236094
79,71,132.16246719750976
79,70,151.38945749266065
79,69,170.45932761218305
79,68,261.4311016283732
79,67,282.93575011440447
79,66,304.54247726264316
79,65,331.378014050773
79,64,371.2366255951707
79,63,393.4607492797308
79,62,476.6177636352123
79,61,517.3832735367615
79,60,514.2930717937529
79,59,540.4796339680158
79,58,624.8904627833938
79,57,671.5326473482016
79,56,719.4765009827253
79,55,766.5162882129998
79,54,813.7601643445819
79,53,877.4746599038319
79,52,928.2683330142297
79,51,979.9311993578152
79,50,1035.0066694854359
79,49,1091.2480580689887
79,48,1146.1386941259063
79,47,1201.0271850777733
79,46,1476.2422935320242
79,45,1528.2610000388925
79,44,1583.6130549202574
79,43,1639.6833540992893
79,42,1693.6518297343898
79,41,1765.8170609226308
79,40,1830.2572463368613
79,39,1889.9626924020863
79,38,1950.4286504169315
79,37,2008.540923533448
79,36,2260.9058513227496
79,35,2315.6607487737288
79,34,2370.93721329593
79,33,2444.272783511235
79,32,2590.0669933358563
79,31,2648.186482710593
79,30,2799.461637388846
79,29,2861.4312018617943
79,28,4859.257953815271
79,27,4991.469656587167
79,26,5132.913732276024
79,25,5276.100404785865
79,24,5413.11416542223
79,23,5598.258205797397
79,22,5805.883268916111
79,21,5959.878739549703
79,20,6115.729233365097
79,19,6265.0191679219915
79,18,6706.931928742809
79,17,6835.759401054357
79,16,6965.6986670751585
79,15,7135.487032743122
79,14,7682.098148038361
79,13,7825.405785410498
79,12,8109.828602951837
79,11,8253.582743228617
79,10,18038.97618199714
79,9,18391.320573259876
79,8,18746.97104260464
79,7,19206.432416794203
79,6,21476.730791594084
79,5,21899.152380249234
79,4,22443.101315398548
79,3,22814.02213272221
79,2,91630.18464781683
79,1,93255.60350834222
80,80,11.24744901622801
80,79,18.760382398311357
80,78,32.348224277104265
80,77,46.552675170463765
80,76,62.308475431246364
80,75,79.0857222027638
80,74,96.21452133521554
80,73,117.66243971094397
80,72,136.24917593773606
80,71,155.86527955788375
80,70,175.97804508977555
80,69,195.84681208440855
80,68,292.1153559681857
80,67,314.16333329272464
80,66,336.31991910829584
80,65,363.9483747344106
80,64,405.8918448882331
80,63,428.6653439494474
80,62,523.6409541540436
80,61,521.6087693239444
80,60,547.7821932133152
80,59,631.5370680825372
80,58,676.6614148102689
80,57,724.7713538813034
80,56,774.1792341505053
80,55,822.6063886417189
80,54,871.2061507326614
80,53,936.7129953402548
80,52,989.011275164992
80,51,1042.058818798006
80,50,1098.5847427903686
80,49,1156.2753638546708
80,48,1212.5480079928948
80,47,1268.7919850612136
80,46,1550.1186606112276
80,45,1603.2569897844344
80,44,1659.7931024542984
80,43,1717.0495784353323
80,42,1772.1443715204014
80,41,1845.796048661502
80,40,1912.1880309517983
80,39,1973.1262394620367
80,38,2034.828009573223
80,37,2094.1152037487764
80,36,2351.64520775122
80,35,2407.45303967971
80,34,2463.785304966134
80,33,2538.5078053339203
80,32,2691.4528119500505
80,31,2750.720981961048
80,30,2905.1065878870713
80,29,2968.2863685198445
80,28,5033.078488184562
80,27,5167.5757600159895
80,26,5311.430469901161
80,25,5457.030498042901
80,24,5596.338356388259
80,23,5784.46178053188
80,22,5998.921330849232
80,21,6155.52058306636
80,20,6313.981975543531
80,19,6465.761658788522
80,18,6915.219995286249
80,17,7046.151501507676
80,16,7178.1996679949925
80,15,7350.6756268090285
80,14,7925.521257500668
80,13,8071.504295029832
80,12,8361.410543458505
80,11,8507.84984926102
80,10,18548.939454112155
80,9,18906.584270807318
80,8,19267.548217618783
80,7,19733.63672399374
80,6,22124.206452999657
80,5,22555.026656149188
80,4,23108.594090386756
80,3,23486.883442709266
80,2,94244.17385298248
80,1,95899.30220966441
81,81,7.033863278597882
81,80,20.5662327165346
81,79,29.706555415434185
81,78,48.904666673433084
81,77,64.76462336549402
81,76,81.96295640910861
81,75,99.9869399395879
81,74,118.16997060163325
81,73,140.8784777020474
81,72,160.36848598232316
81,71,180.8661175004117
81,70,201.82153356079107
81,69,222.4573072237488
81,68,323.8898019446151
81,67,346.47977266276524
81,66,369.1861499274835
81,65,397.60517956416084
81,64,441.70404545083994
81,63,465.03048646440624
81,62,572.3996702825091
81,61,560.8218293197365
81,60,587.6380556145793
81,59,683.6154687746495
81,58,730.1400403025795
81,57,779.7108583396932
81,56,830.5770948244301
81,55,880.3877491087808
81,54,930.3406318045926
81,53,997.6333395999397
81,52,1051.4496383452897
81,51,1105.8814143406391
81,50,1163.8572155976344
81,49,1222.9969111107853
81,48,1280.652304129074
81,47,1338.2530030807284
81,46,1625.6680617234713
81,45,1679.928573698874
81,44,1737.6510508076417
81,43,1796.096027830098
81,42,1852.3197115440082
81,41,1927.4591175492785
81,40,1995.8606014256293
81,39,2058.035699769912
81,38,2120.977458133189
81,37,2181.4439001597557
81,36,2444.165856278945
81,35,2501.0309521708805
81,34,2558.4233352826154
81,33,2634.5372216524925
81,32,2794.9705149991246
81,31,2855.3968996048848
81,30,3012.9170285473065
81,29,3077.317938858949
81,28,5209.8954197616895
81,27,5346.683045876633
81,26,5492.952706849756
81,25,5640.970466576458
81,24,5782.577360122959
81,23,5973.6823620491905
81,22,6195.211308846281
81,21,6354.4252505959485
81,20,6515.508612309688
81,19,6669.78939444809
81,18,7126.85191150502
81,17,7259.897837413047
81,16,7394.0653745977315
81,15,7569.240277586965
81,14,8173.677812126125
81,13,8322.374609338684
81,12,8617.844604348564
81,11,8767.009861616567
81,10,19066.343983207073
81,9,19429.312988679558
81,8,19795.614405263877
81,7,20268.353497622567
81,6,22784.99232146449
81,5,23224.3833825818
81,4,23787.695198473615
81,3,24173.509643794787
81,2,96907.9085223404
81,1,98593.30330753337
82,82,8.366679547016814
82,81,15.060221582861846
82,80,31.999638075281105
82,79,42.3964803705682
82,78,67.61942232660317
82,77,84.85453661975822
82,76,103.29404398335139
82,75,122.42026533810287
82,74,141.5541219792268
82,73,165.4380909628687
82,72,185.78117553941178
82,71,207.1174817574975
82,70,228.88297302271175
82,69,250.26163147905507
82,68,356.74559702307425
82,67,379.87838337807517
82,66,403.13605305331595
82,65,432.3448191974768
82,64,478.67456081722344
82,63,502.5580335908959
82,62,622.8781531489828
82,61,601.200575599615
82,60,628.6641320735093
82,59,737.3987818026335
82,58,785.3174940315095
82,57,836.3435294949168
82,56,888.6634745223624
82,55,939.8546033685767
82,54,991.1585526258011
82,53,1060.2313598416335
82,52,1115.5804584200973
82,51,1171.39649411448
82,50,1230.822023042649
82,49,1291.4110111152797
82,48,1350.4502183688383
82,47,1409.4091628518024
82,46,1702.890321401653
82,45,1758.2756603658042
82,44,1817.1868948721103
82,43,1876.8227802093143
82,42,1934.1780044406028
82,41,2010.8065152237978
82,40,2081.2777228379246
82,39,2144.693954874033
82,38,2208.8799930845985
82,37,2270.530120532403
82,36,2538.4719905052575
82,35,2596.3987460671137
82,34,2654.85563366969
82,33,2732.365454714748
82,32,2900.6390213053496
82,31,2962.233483413603
82,30,3122.9130921038486
82,29,3188.546421705686
82,28,5389.709400467616
82,27,5528.792270553541
82,26,5677.481299928714
82,25,5827.921266654854
82,24,5971.8322352225705
82,23,6165.921089210798
82,22,6394.762457623507
82,21,6556.6022310069
82,20,6720.318867875754
82,19,6877.112333203069
82,18,7341.839106999228
82,17,7477.010035903326
82,16,7613.307613356082
82,15,7791.193039077143
82,14,8426.638867612113
82,13,8578.089351644465
82,12,8879.206678873872
82,11,9031.140351604114
82,10,19591.21083655789
82,9,19959.528228813615
82,8,20331.191545364836
82,7,20810.605133220284
82,6,23459.368235374768
82,5,23907.51036593249
82,4,24480.604469858885
82,3,24874.10661925914
82,2,99621.7961798834
82,1,101338.03245271815
83,83,7.631289326213984
83,82,16.970113899406194
83,81,25.359793750287427
83,80,45.16777369531976
83,79,56.58701566122316
83,78,88.20312120353466
83,77,106.61533424907648
83,76,126.15167014931326
83,75,146.27515983360578
83,74,166.28402575387415
83,73,191.2791916400428
83,72,212.43990575267318
83,71,234.58258841564532
83,70,257.1334532229108
83,69,279.2367319499616
83,68,390.67679873011474
83,67,414.3546755098972
83,66,438.16620181972297
83,65,468.16495718551147
83,64,516.8057737914129
83,63,541.2507160271413
83,62,675.0629180930003
83,61,642.7491712730684
83,60,670.8647379599471
83,59,792.8780612389255
83,58,842.1860188327998
83,57,894.6626375431173
83,56,948.4325134109612
83,55,1001.0018111440172
83,54,1053.6553835661643
83,53,1124.503149916728
83,52,1181.4011522559877
83,51,1238.6018885735523
83,50,1299.4773712642368
83,49,1361.5162024693168
83,48,1421.940577734766
83,47,1482.2595485406348
83,46,1781.7852659057323
83,45,1838.2981513048967
83,44,1898.4006137550807
83,43,1959.2298896917491
83,42,2017.7193741325952
83,41,2095.8384492161886
83,40,2168.4421746240314
83,39,2233.103895162706
83,38,2298.5386150323666
83,37,2361.376971629986
83,36,2634.567776380913
83,35,2693.5606522309195
83,34,2753.08649906389
83,33,2831.9968932235665
83,32,3008.477741262061
83,31,3071.250482946333
83,30,3235.1154418075607
83,29,3301.992868299731
83,28,5572.520855628729
83,27,5713.903955436569
83,26,5865.016862062997
83,25,6017.883601820321
83,24,6164.103779261184
83,23,6361.178828617601
83,22,6597.583918301021
83,21,6762.060892740211
83,20,6928.4223392222275
83,19,7087.740299758865
83,18,7560.1928703629155
83,17,7697.499578295092
83,16,7835.938060072007
83,15,8016.545808031317
83,14,8684.477832702176
83,13,8838.72357124257
83,12,9145.575243812724
83,11,9300.321554729197
83,10,20123.560488199033
83,9,20497.25088501556
83,8,20874.300954641476
83,7,21360.413383541963
83,6,24147.625418439242
83,5,24604.70725703002
83,4,25187.671657416904
83,3,25589.032623176387
83,2,102387.11775145103
83,1,104134.80372189934
84,84,7.898096557920921
84,83,16.12461290571841
84,82,27.84484193324698
84,81,37.52051549917649
84,80,59.82591427860155
84,79,72.105574391831
84,78,110.44924663620584
84,77,129.89695473088406
84,76,150.4253568067704
84,75,171.4690208328117
84,74,192.29681339086792
84,73,218.35416735044987
84,72,240.30808082571778
84,71,263.2327140781126
84,70,286.55019333943994
84,69,309.3642899135039
84,68,425.6795874730909
84,67,449.90579767896884
84,66,474.2744579092908
84,65,505.06424775387904
84,64,556.1009260524602
84,63,581.112003193067
84,62,651.9763659711039
84,61,679.2992239985748
84,60,801.1829310548233
84,59,850.0455212818339
84,58,900.7388378365949
84,57,954.6622835462947
84,56,1009.8790603905736
84,55,1063.8248431888517
84,54,1117.827126251133
84,53,1190.445257311797
84,52,1248.9095602362268
84,51,1307.4958066778327
84,50,1369.8218061739906
84,49,1433.311331265159
84,48,1495.1224907086769
84,47,1556.8035042761583
84,46,1862.3528642551346
84,45,1919.9960879503458
84,44,1981.2923239197532
84,43,2043.3175458237226
84,42,2102.9440788072397
84,41,2182.5552594957494
84,40,2257.356930578191
84,39,2323.268605960843
84,38,2389.956520405857
84,37,2453.9877572427627
84,36,2732.457576469587
84,35,2792.5211019788403
84,34,2853.1204345400015
84,33,2933.4361339495617
84,32,3118.5068558227927
84,31,3182.468434775494
84,30,3349.5455730946746
84,29,3417.679180705747
84,28,5758.3304588699475
84,27,5902.018874423677
84,26,6055.560263263208
84,25,6210.858437469008
84,24,6359.393056375247
84,23,6559.456719734109
84,22,6803.685286303004
84,21,6970.8110663557845
84,20,7139.829093451641
84,19,7301.683596754435
84,18,7781.925002924338
84,17,7921.378466016662
84,16,8061.968918094366
84,15,8245.311018219289
84,14,8947.271356793284
84,13,9104.355650262016
84,12,9417.032305453078
84,11,9574.637336663884
84,10,20663.41456455667
84,9,21042.503021809516
84,8,21424.965139078544
84,7,21917.801214173585
84,6,24850.06931451755
84,5,25316.28846472952
84,4,25909.243361665587
84,3,26318.64298029943
84,2,105205.08982551021
84,1,106984.86677766439
85,85,8.888282970460855
85,84,16.660623651710083
85,83,26.65856870636711
85,82,40.56755624340047
85,81,51.26393230880489
85,80,75.80177009895243
85,79,88.82673572319895
85,78,134.20818423671676
85,77,154.58900058608577
85,76,176.03262487726658
85,75,197.93932651875363
85,74,219.54427524872042
85,73,246.6261150500754
85,72,269.3571655500789
85,71,293.04525895218137
85,70,317.11512370598723
85,69,340.62966607800416
85,68,461.7516898503374
85,67,486.5301089489517
85,66,511.45964813994283
85,65,543.0420944873829
85,64,596.5639408902674
85,63,622.1459628400142
85,62,695.0934899624166
85,61,723.0354723934341
85,60,858.6717463018006
85,59,908.8943472307053
85,58,960.969996787945
85,57,1016.3372668046105
85,56,1072.998560243804
85,55,1128.319683811564
85,54,1183.6702282011374
85,53,1258.0546084087323
85,52,1318.1038790328903
85,51,1378.076774547391
85,50,1441.854156782447
85,49,1506.7954980027882
85,48,1569.9952968102043
85,47,1633.0405856861573
85,46,1944.5931859687944
85,45,2003.369608892871
85,44,2065.8622357663367
85,43,2129.0860293712813
85,42,2189.8524658485076
85,41,2270.9573721725465
85,40,2348.025112117151
85,39,2415.1913196358346
85,38,2483.1370523445403
85,37,2548.3659278551545
85,36,2832.1458952191037
85,35,2893.2846709194996
85,34,2954.962089716772
85,33,3036.6879223037586
85,32,3230.7472776186028
85,31,3295.9086228967603
85,30,3466.225772366045
85,29,3535.628069940435
85,28,5947.139010540487
85,27,6093.137929077552
85,26,6249.112502273095
85,25,6406.8468689278525
85,24,6557.701261914156
85,23,6760.756034890241
85,22,7013.076468824205
85,21,7182.862898173132
85,20,7354.549517551522
85,19,7518.952850804741
85,18,8007.04765399237
85,17,8148.659052608212
85,16,8291.412747047132
85,15,8477.501464876814
85,14,9215.099289261065
85,13,9375.067265505651
85,12,9693.663367456928
85,11,9854.175164398797
85,10,21210.79539621386
85,9,21595.30741727927
85,8,21983.207327757777
85,7,22482.792325699378
85,6,25567.019865245704
85,5,26042.58346530403
85,4,26645.571334045864
85,3,27063.197174337514
85,2,108076.3318448569
85,1,109888.8662057346
86,86,9.899106378711428
86,85,18.22970458366425
86,84,27.44934768928894
86,83,38.93101760834855
86,82,54.858843998386064
86,81,66.39341087042023
86,80,92.97072568661146
86,79,106.65797991911717
86,78,159.36996439440418
86,77,180.60914479556294
86,76,202.9111332342639
86,75,225.6382239457962
86,74,247.98907060857553
86,73,276.0661785429242
86,72,299.56477069991496
86,71,324.00235555646367
86,70,348.81386441937843
86,69,373.0211423274142
86,68,498.89201233412757
86,67,524.226917245314
86,66,549.7213784405704
86,65,582.098525849703
86,64,638.1993522560762
86,63,664.3572187815295
86,62,739.3898297907122
86,61,767.9560586038581
86,60,917.8387240161777
86,59,969.4186317642847
86,58,1022.8743306665784
86,57,1079.6830772431913
86,56,1137.7870677558167
86,55,1194.4828630846632
86,54,1251.1816305229133
86,53,1327.3285724538434
86,52,1388.9827378558714
86,51,1450.343722642387
86,50,1515.5736327158913
86,49,1581.9681646695296
86,48,1646.5586823018311
86,47,1710.9706836271712
86,46,2028.5065618386184
86,45,2088.419116167302
86,44,2152.1108256816683
86,43,2216.5358900983138
86,42,2278.445155039864
86,41,2361.04548987574
86,40,2440.4501862512298
86,39,2508.8756193960835
86,38,2578.0839103472117
86,37,2644.5152958799667
86,36,2933.637619319676
86,35,2995.856324289259
86,34,3058.6165111271844
86,33,3141.757409435512
86,32,3345.220950258821
86,31,3411.5933842069126
86,30,3585.1794388353314
86,29,3655.863384510771
86,28,6138.9479364175395
86,27,6287.26265935986
86,26,6445.675230137944
86,25,6605.850657987183
86,24,6759.030271357692
86,23,6965.078744841359
86,22,7225.768274300733
86,21,7398.227453721545
86,20,7572.594935970453
86,19,7739.559643599123
86,18,8235.573992350011
86,17,8379.354726826774
86,16,8524.28315763898
86,15,8713.131014763967
86,14,9488.045611986146
86,13,9650.944340810944
86,12,9975.558423848792
86,11,10139.027119981378
86,10,21765.727786614694
86,9,22155.68936321093
86,8,22549.053304711033
86,7,23055.413026346778
86,6,26298.814525935704
86,5,26783.939904270035
86,4,27396.342267517928
86,3,27822.382384356708
86,2,110998.17203319089
86,1,112844.10780068737
87,87,4.194309110198133
87,86,19.839090403767415
87,85,29.539266889359116
87,84,39.971927755751814
87,83,52.697885374878446
87,82,70.52284780805097
87,81,82.76723357845883
87,80,111.24114720267436
87,79,125.53021103176265
87,78,185.8525956926778
87,77,207.89514730533912
87,76,231.01313437311504
87,75,254.5286057420727
87,74,277.60189135178723
87,73,306.65147590044654
87,72,330.9130904563084
87,71,356.08966406893813
87,70,381.6347731312375
87,69,406.5291477851907
87,68,537.1001135755016
87,67,562.9960111393035
87,66,589.0596053488672
87,65,622.2337939515903
87,64,681.0119147405077
87,63,707.7505675835106
87,62,784.8707795034242
87,61,814.0664019025027
87,60,978.6775743604519
87,59,1031.6128022772182
87,58,1086.4468870032374
87,57,1144.6953093434233
87,56,1204.2406483731306
87,55,1262.3108420531184
87,54,1320.3581355741337
87,53,1398.2643020364576
87,52,1461.5445161714783
87,51,1524.2952797714265
87,50,1590.9790919724362
87,49,1658.8283949923452
87,48,1724.811893117992
87,47,1790.5932093922938
87,46,2114.092630635273
87,45,2175.1442945224994
87,44,2240.0378260598372
87,43,2305.6669071242845
87,42,2368.7219703445467
87,41,2452.819485370258
87,40,2534.634823197284
87,39,2604.324265187562
87,38,2674.7999440575422
87,37,2742.4387985871767
87,36,3036.9366471251037
87,35,3100.2400172573953
87,34,3164.0877131671887
87,33,3248.648684348321
87,32,3461.9493123000825
87,31,3529.544542336102
87,30,3706.429439766937
87,29,3778.4084336764936
87,28,6333.756416682033
87,27,6484.39230336733
87,26,6645.247735977215
87,25,6807.869143875676
87,24,6963.379479750584
87,23,7172.424261965163
87,22,7441.769036485704
87,21,7616.913261308568
87,20,7793.974072783423
87,19,7963.512896116068
87,18,8467.514359089055
87,17,8613.475998327256
87,16,8760.590829655826
87,15,8952.21053595634
87,14,9766.194177091074
87,13,9932.072715953811
87,12,10262.807491967156
87,11,10429.28536533706
87,10,22328.228841661345
87,9,22723.66631252629
87,8,23122.52087260199
87,7,23635.681459119136
87,6,27045.796925111426
87,5,27540.71208075104
87,4,28163.21722912441
87,3,28597.887468858873
87,2,113979.3574830295
87,1,115859.48951843643
88,88,4.922752701127936
88,87,9.121911543282968
88,86,31.677162553941397
88,85,42.557233045852165
88,84,53.98540416086576
88,83,67.77934730565183
88,82,87.41909963212908
88,81,100.28174670295039
88,80,130.54489244713795
88,79,145.39139940655497
88,78,213.5942837923326
88,77,236.3995235969078
88,76,260.30179555301606
88,75,284.5815552595449
88,74,308.3596797929439
88,73,338.36388364764315
88,72,363.38807373887425
88,71,389.29582770013616
88,70,415.5686114957592
88,69,441.14608325415054
88,68,576.3763719759828
88,67,602.8378971069434
88,66,629.4749296930736
88,65,663.4487242563237
88,64,725.007025838352
88,63,752.3314348100529
88,62,831.5423276060736
88,61,861.3725199299814
88,60,1041.183068807886
88,59,1095.4722666735336
88,58,1151.68363037569
88,57,1211.370424969974
88,56,1272.3561977584925
88,55,1331.800885639568
88,54,1391.1973315379607
88,53,1470.8597241468237
88,52,1535.7883879111503
88,51,1599.9308693878077
88,50,1668.070191737796
88,49,1737.3760601025988
88,48,1804.7549934271178
88,47,1871.9084056295737
88,46,2201.35190705016
88,45,2263.545726691733
88,44,2329.6438908294
88,43,2396.4798052225733
88,42,2460.6837049406504
88,41,2546.280231598075
88,40,2630.5827893421656
88,39,2701.5411404158235
88,38,2773.2891543348887
88,37,2842.1405513206664
88,36,3142.048169500092
88,35,3206.441024433819
88,34,3271.381056700706
88,33,3357.36721760262
88,32,3580.955926831621
88,31,3649.7860901017966
88,30,3830.0009314220583
88,29,3903.288864833177
88,28,6531.566162280857
88,27,6684.528689913001
88,26,6847.8319637006825
88,25,7012.904385490628
88,24,7170.751063958267
88,23,7382.7948640037675
88,22,7661.090243744895
88,21,7838.932076469418
88,20,8018.698952792439
88,19,8190.82490057118
88,18,8702.882688371472
88,17,8851.037031089005
88,16,9000.350158957408
88,15,9194.754692850667
88,14,10049.636283376582
88,13,10218.545858491889
88,12,10555.5085954406
88,11,10725.05026216951
88,10,22898.324951346516
88,9,23299.265166588375
88,8,23703.637448381058
88,7,24223.625594444555
88,6,27808.338390524907
88,5,28313.28290969847
88,4,28945.792150526097
88,3,29389.30840318668
88,2,117016.58971535102
88,1,118931.68388768975
89,89,6.218329821350878
89,88,10.1931987464963
89,87,15.644040705501807
89,86,45.19499441351244
89,85,57.04805921627933
89,84,69.31002573122437
89,83,84.04310706575066
89,82,105.44522795221366
89,81,118.86016910953391
89,80,150.83077354993216
89,79,166.20203376498284
89,78,242.54787200760452
89,77,266.0855993755919
89,76,290.748349673432
89,75,315.77424585527774
89,74,340.2440420422984
89,73,371.1888202992897
89,72,396.9784581125947
89,71,423.611684313673
89,70,450.6078826588524
89,69,476.8657472940066
89,68,616.7215349721982
89,67,643.7533686752787
89,66,670.968176338814
89,65,705.7442983117227
89,64,770.1902983970199
89,63,798.1054414322753
89,62,879.4105943028138
89,61,909.8805533984365
89,60,1105.3503969118924
89,59,1160.9927561226134
89,58,1218.580766885879
89,57,1279.7050551762713
89,56,1342.1307180351394
89,55,1402.9503123042573
89,54,1463.696814114627
89,53,1545.1127219306418
89,52,1611.7134704227826
89,51,1677.2498251031855
89,50,1746.846467641345
89,49,1817.6108803414795
89,48,1886.3878706027278
89,47,1954.9163142470934
89,46,2290.284565738911
89,45,2353.6236417163223
89,44,2420.9293057497557
89,43,2488.974926597562
89,42,2554.330755929113
89,41,2641.428186906104
89,40,2728.297485878838
89,39,2800.5297495265463
89,38,2873.555149282729
89,37,2943.6242636183556
89,36,3248.9769129517877
89,35,3314.464145440584
89,34,3380.5014167547424
89,33,3467.9179788761744
89,32,3702.2645079368103
89,31,3772.3421769697784
89,30,3955.9192448049607
89,29,4030.5305078613846
89,28,6732.3777306491575
89,27,6887.672464786524
89,26,7053.428642700026
89,25,7220.957195442495
89,24,7381.145924275446
89,23,7596.191511296124
89,22,7883.742202775197
89,21,8064.294441672064
89,20,8246.7803560581
89,19,8421.506674238048
89,18,8941.691562316348
89,17,9092.050611544748
89,16,9243.574138153172
89,15,9440.776712869521
89,14,10338.465177569728
89,13,10510.459275479356
89,12,10853.761999042925
89,11,11026.424518147194
89,10,23476.0387057717
89,9,23882.50895577769
89,8,24292.42650635767
89,7,24819.269367446534
89,6,28586.82327069516
89,5,29102.04901407992
89,4,29745.05513974637
89,3,30197.65256990643
89,2,120114.52064253658
89,1,122065.43389558945
90,90,6.744032918892027
90,89,10.726041127137579
90,88,19.369196188816712
90,87,31.175498356734288
90,86,60.166256202366114
90,85,72.83527462871778
90,84,85.8134818252338
90,83,101.39095221463782
90,82,124.52570056223604
90,81,138.44506092500197
90,80,172.06008562485306
90,79,187.93197701275074
90,78,272.67705185832284
90,77,296.9248321643188
90,76,322.33018827363645
90,75,348.08857346509797
90,74,373.2402608760326
90,73,405.11454651651377
90,72,431.67526905884466
90,71,459.029914431859
90,70,486.7465913239636
90,69,513.6831809305503
90,68,658.1367644895242
90,67,685.7435845076473
90,66,713.5404986523793
90,65,749.1217847092722
90,64,816.5677280610859
90,63,845.0785863032181
90,62,928.4820495152375
90,61,959.5969962850265
90,60,1171.1753760849097
90,59,1228.1705646219864
90,58,1287.1350115921548
90,57,1349.6962946463154
90,56,1413.561637932478
90,55,1475.7568379331271
90,54,1537.8545530284027
90,53,1621.0215296365716
90,52,1689.3192420827893
90,51,1756.2518301661487
90,50,1827.3077958895838
90,49,1899.5329099969747
90,48,1969.7107416153328
90,47,2039.6173041134905
90,46,2380.891073238821
90,45,2445.3785656118575
90,44,2513.8946589700226
90,43,2583.1529215155606
90,42,2649.6638342099554
90,41,2738.2641305848674
90,40,2827.7827100742356
90,39,2901.29400047816
90,38,2975.6019481464905
90,37,3046.8940636527304
90,36,3357.7280541488476
90,35,3424.314638511593
90,34,3491.4541353733753
90,33,3580.306415363434
90,32,3825.8999953488456
90,31,3897.2382052045614
90,30,4084.21103834663
90,29,4160.160550853754
90,28,6936.192431084838
90,27,7093.825041662552
90,26,7262.039287375029
90,25,7432.029188726647
90,24,7594.565780088965
90,23,7812.616005612132
90,22,8109.736281472195
90,21,8293.011982156217
90,20,8478.230167286578
90,19,8655.570360105037
90,18,9183.954764251373
90,17,9336.530745955928
90,16,9490.276998453452
90,15,9690.291086244
90,14,10632.779210278102
90,13,10807.913729020693
90,12,11157.673544751904
90,11,11333.51658408869
90,10,24061.395627596838
90,9,24473.423691474676
90,8,24888.9145507535
90,7,25422.639805623854
90,6,29381.658302459393
90,5,29907.430311676882
90,4,30559.80398436949
90,3,31021.708873407835
90,2,123265.43866710937
90,1,125252.94209823136
91,91,6.2018380523466945
91,90,10.731142465664501
91,89,19.635215085261304
91,88,32.32231556385755
91,87,46.8382097122743
91,86,76.41835524538872
91,85,89.78860598437234
91,84,103.39757064773617
91,83,119.74916124466334
91,82,144.6041968715031
91,81,158.99307140575397
91,80,194.20338062350794
91,79,210.5581320794832
91,78,303.95355434773717
91,77,328.89475708140037
91,76,355.02933483902603
91,75,381.5100001794549
91,74,407.33640015805435
91,73,440.13146391576066
91,72,467.47125233021177
91,71,495.54457089277315
91,70,523.9798441060723
91,69,551.5943190149414
91,68,700.6233820366713
91,67,728.8098236721302
91,66,757.1931395394673
91,65,793.5825027535747
91,64,864.145454838264
91,63,893.2570050466996
91,62,978.7632590708118
91,61,1010.5284360837193
91,60,1238.6540774703824
91,59,1297.0021709171745
91,58,1357.3432039513214
91,57,1421.3413081781289
91,56,1486.646408574747
91,55,1550.2181601282628
91,54,1613.6684639173466
91,53,1698.584286334941
91,52,1768.6050807670445
91,51,1836.9364404299988
91,50,1909.4538992883383
91,49,1983.1420257233092
91,48,2054.723624063111
91,47,2126.0115245308693
91,46,2473.171555168586
91,45,2538.810671450718
91,44,2608.5401728913707
91,43,2679.0140617129064
91,42,2746.683260128601
91,41,2836.788434843545
91,40,2929.041904441574
91,39,3003.8374342323623
91,38,3079.4331908899308
91,37,3151.953688684212
91,36,3468.306327618455
91,35,3535.9973101827427
91,34,3604.244093159546
91,33,3694.537499332747
91,32,3951.8875716104612
91,31,4024.49982896444
91,30,4214.90324998296
91,29,4292.206473124962
91,28,7143.010473109647
91,27,7302.986707866451
91,26,7473.664257430981
91,25,7646.120797060019
91,24,7811.011140259911
91,23,8032.068901526566
91,22,8339.082744215839
91,21,8525.09519172472
91,20,8713.059111596001
91,19,8893.026914743346
91,18,9429.684824150607
91,17,9584.490164613322
91,16,9740.471672314297
91,15,9943.310974578893
91,14,10932.67922537334
91,13,11111.012588858415
91,12,11467.351932751095
91,11,11646.437899494047
91,10,24654.417725427975
91,9,25072.031807941694
91,8,25493.124445130994
91,7,26033.760213745085
91,6,30193.266082211463
91,5,30729.86342241486
91,4,31393.017250126308
91,3,31864.50208317394
91,2,126484.98395640434
91,1,128510.1013078359
92,92,6.218179881092605
92,91,11.006433011474545
92,90,20.34216909331033
92,89,33.35993000365516
92,88,48.25915872701175
92,87,64.69699630245886
92,86,93.82335883034975
92,85,107.81139959357147
92,84,121.98867530055277
92,83,139.06184535249247
92,82,165.63842974911583
92,81,180.47133051698944
92,80,217.2382536111072
92,79,234.0628526963632
92,78,336.3552817550528
92,77,361.97766031579073
92,76,388.83150718725574
92,75,416.02689770543105
92,74,442.52285266064786
92,73,476.23182547439507
92,72,504.3606994930595
92,71,533.1509939713328
92,70,562.3038350940155
92,69,590.5960312227054
92,68,744.1830782012527
92,67,772.9537190610433
92,66,801.927685857742
92,65,839.1281006405393
92,64,912.9300825170654
92,63,942.6473048503332
92,62,1030.2612616314457
92,61,1062.68194536485
92,60,1307.783252133928
92,59,1367.4846976076947
92,58,1429.202799057984
92,57,1494.6378543275246
92,56,1561.383058950037
92,55,1626.3325437803983
92,54,1691.1370232133845
92,53,1777.7996887853824
92,52,1849.57094759677
92,51,1919.3037979270798
92,50,1993.2850920847163
92,49,2068.438702849846
92,48,2141.42714282397
92,47,2214.0997419142554
92,46,2567.1267793211614
92,45,2633.9207893863354
92,44,2704.866742783568
92,43,2776.559307882644
92,42,2845.3900586582336
92,41,2937.0021968906226
92,40,3032.0793269798296
92,39,3108.164425567412
92,38,3185.053369898258
92,37,3258.807746385704
92,36,3580.717416783325
92,35,3649.5179338786565
92,34,3718.8771556480515
92,33,3810.617211307713
92,32,4080.254283271357
92,31,4154.154606308527
92,30,4348.024830250912
92,29,4426.697811292007
92,28,7352.833836916663
92,27,7515.159560130528
92,26,7688.305763322236
92,25,7863.234344741679
92,24,8030.484446307731
92,23,8254.552739919623
92,22,8571.794111477788
92,21,8760.556868323969
92,20,8951.280266870288
92,19,9133.88969416671
92,18,9678.896823693913
92,17,9835.944190124848
92,16,9994.173725439032
92,15,10199.852225738648
92,14,11238.27321145105
92,13,11419.866567825451
92,12,11782.913626697424
92,11,11965.307883794872
92,10,25255.13345974243
92,9,25678.362298956068
92,8,26105.085721172276
92,7,26652.66070374644
92,6,31022.09868088526
92,5,31569.815587517984
92,4,32241.693684334514
92,3,32723.000695208953
92,2,129755.55217363969
92,1,131819.0885336355
93,93,5.94503699360722
93,92,10.810056281959938
93,91,20.935196354050603
93,90,34.160790071363735
93,89,49.54485694161003
93,88,66.39251365543724
93,87,95.08856857787275
93,86,109.95041143019643
93,85,123.7106505958419
93,84,141.13954978517012
93,83,158.09552207508818
93,82,187.59640549717412
93,81,202.85475069841834
93,80,241.1475775120108
93,79,258.4326016912191
93,78,369.8646954991306
93,77,396.15932965839676
93,76,423.7251250249269
93,75,451.62973659022174
93,74,478.7916572699898
93,73,513.4091459748329
93,72,542.3389212989659
93,71,571.8453284692939
93,70,601.7153922961022
93,69,630.685687366358
93,68,788.8174866264483
93,67,818.1768248270838
93,66,847.7456271239394
93,65,885.7601010108682
93,64,962.9281974721742
93,63,993.256069903598
93,62,1082.9830335252373
93,61,1116.0645305004323
93,60,1378.5596099577606
93,59,1439.615165880728
93,58,1502.7110958333428
93,57,1569.583484074266
93,56,1637.7693634157495
93,55,1704.0979575061947
93,54,1770.2583729480878
93,53,1858.6660528681837
93,52,1932.2164123674027
93,51,2003.3536207636528
93,50,2078.8012318143847
93,49,2155.4229283002655
93,48,2229.8214049558483
93,47,2303.8821766600136
93,46,2662.7568071874375
93,45,2730.709022477507
93,44,2802.8745146660017
93,43,2875.7888491812923
93,42,2945.7844620325423
93,41,3038.9056924689125
93,40,3136.8984554911
93,39,3214.2785466086384
93,38,3292.4661522752613
93,37,3367.4599975699393
93,36,3694.9660646106336
93,35,3764.8813235142848
93,34,3835.358209565309
93,33,3928.5505269505297
93,32,4211.026926509004
93,31,4286.229846482178
93,30,4483.604489422551
93,29,4563.663865791845
93,28,7565.662376454186
93,27,7730.343520167217
93,26,7905.963788451937
93,25,8083.369876497522
93,24,8252.985810035061
93,23,8480.067664625969
93,22,8807.880612263727
93,21,8999.407464774722
93,20,9192.904311707513
93,19,9378.169603369983
93,18,9931.603252581977
93,17,10090.905509059176
93,16,10251.396043108729
93,15,10459.92794922577
93,14,11549.670605781565
93,13,11734.587940890415
93,12,12104.47690545236
93,11,12290.247904679556
93,10,25863.564284792083
93,9,26292.43703120627
93,8,26724.820661661182
93,7,27279.3639818426
93,6,31868.62275165188
93,5,32427.76958034642
93,4,33110.666359116636
93,3,33602.108279933025
93,2,133102.58807602932
93,1,135205.74007774825
94,94,5.969286901673165
94,93,10.803430441671274
94,92,21.66238461908947
94,91,34.9365969963144
94,90,50.53910522548349
94,89,79.94677643131273
94,88,94.29900885105764
94,87,108.40192061845946
94,86,125.78209759698454
94,85,139.46980766049384
94,84,161.20667286638746
94,83,183.55856285133484
94,82,210.4539154769503
94,81,226.12424421974117
94,80,265.9184090156886
94,79,283.65717384344373
94,78,404.46794360439884
94,77,431.4284671485181
94,76,459.70093569969845
94,75,488.3108723319771
94,74,516.1364064030596
94,73,551.6582134696631
94,72,581.4023350344653
94,71,611.6246735876375
94,70,642.2121797627143
94,69,671.861403036006
94,68,834.5285981399927
94,67,864.48105442531
94,66,894.6488161612081
94,65,933.4803894136088
94,64,1014.1469123292135
94,63,1045.0904250861142
94,62,1136.9361109791864
94,61,1170.6837746756703
94,60,1450.9805683379798
94,59,1513.3912871746552
94,58,1577.8660718505894
94,57,1646.1764202964234
94,56,1715.8037658781018
94,55,1783.5130407308336
94,54,1851.0313301345793
94,53,1941.1823787050134
94,52,2016.5417645296877
94,51,2089.086358414134
94,50,2166.002921337243
94,49,2244.0954498937595
94,48,2319.90729473732
94,47,2395.3598435899303
94,46,2760.062555260703
94,45,2829.1763491774777
94,44,2902.5645315324637
94,43,2976.703793631683
94,42,3047.867642542453
94,41,3142.500165098873
94,40,3243.5038360227604
94,39,3322.184462115439
94,38,3401.6763224598412
94,37,3477.9153441982508
94,36,3811.058260183354
94,35,3882.093562328914
94,34,3953.693434274372
94,33,4048.343744907268
94,32,4344.234579714932
94,31,4420.755189370564
94,30,4621.673400285139
94,29,4703.136453775026
94,28,7781.498311880886
94,27,7948.540926970645
94,26,8126.6407879828585
94,25,8306.529963897565
94,24,8478.51792282353
94,23,8708.61646959997
94,22,9047.355428113178
94,21,9241.660448925095
94,20,9437.945002936272
94,19,9625.880686213231
94,18,10187.819933855586
94,17,10349.390193901789
94,16,10512.154949505712
94,15,10723.554762089658
94,14,11866.98945794319
94,13,12055.297834200157
94,12,12432.169405385963
94,11,12621.38894844353
94,10,26479.740119471906
94,9,26914.286475662015
94,8,27352.36029451415
94,7,27913.901679671293
94,6,32733.340240443777
94,5,33304.244860762155
94,4,33995.39439273091
94,3,34497.236912896944
94,2,136500.37902530897
94,1,138644.0238318956
95,95,6.156183081518364
95,94,11.100379895927139
95,93,22.419550411310293
95,92,35.88907155091109
95,91,51.50239853628049
95,90,69.11913152610933
95,89,98.1361269278936
95,88,113.12368984454547
95,87,127.76273707244292
95,86,145.8786973980998
95,85,164.13170436623213
95,84,186.94480519494238
95,83,210.30627839096684
95,82,234.19254738038893
95,81,250.26522185617267
95,80,291.54093648714047
95,79,309.7288532229706
95,78,440.1538392711654
95,77,467.7758466559422
95,76,496.7512989173882
95,75,526.0639192828307
95,74,554.5516816205211
95,73,590.9745667966694
95,72,621.5479688587646
95,71,652.4866034887373
95,70,683.7922263105376
95,69,714.1215708155522
95,68,881.3182571520613
95,67,911.8681632859756
95,66,942.6389369348339
95,65,982.2906624343109
95,64,1066.5932765224168
95,63,1098.1574290592046
95,62,1192.127931910597
95,61,1226.5471598846657
95,60,1525.0433789429867
95,59,1588.8105576023381
95,58,1654.6654433064439
95,57,1724.4145803079164
95,56,1795.4843634527158
95,55,1864.576049017316
95,54,1933.4542934284668
95,53,2025.3472049372529
95,52,2102.546823801421
95,51,2176.5019597194687
95,50,2254.8902313998815
95,49,2334.456452569867
95,48,2411.6851047477526
95,47,2488.5331379664244
95,46,2859.044162553054
95,45,2929.3229489606324
95,44,3003.937014476832
95,43,3079.3044042658853
95,42,3151.6399054751982
95,41,3247.7859615390653
95,40,3351.8991592361604
95,39,3431.8859580778867
95,38,3512.6877625425186
95,37,3590.1777633763104
95,36,3928.998970925106
95,35,4001.15969182944
95,34,4073.8879470960946
95,33,4170.002074464101
95,32,4479.906062739952
95,31,4557.760019839635
95,30,4762.262495085044
95,29,4845.147158481072
95,28,8000.34157619224
95,27,8169.751781465209
95,26,8350.336824718295
95,25,8532.714731352298
95,24,8707.080976565465
95,23,8940.199379133966
95,22,9290.22927543361
95,21,9487.32676744131
95,20,9686.413519635154
95,19,9877.034354766212
95,18,10447.559911008213
95,17,10611.411491541756
95,16,10776.463896836636
95,15,10990.746348914274
95,14,12190.349638122294
95,13,12382.119334396586
95,12,12766.121034665257
95,11,12958.864437210212
95,10,27103.683408852372
95,9,27543.933503404303
95,8,27987.727920726466
95,7,28556.29753856457
95,6,33616.770674556006
95,5,34199.779639314715
95,4,34900.38763211725
95,3,35412.96385387691
95,2,139972.19434758654
95,1,142157.57247219246
96,96,6.142364634883789
96,95,12.150828642646792
96,94,21.285179976206095
96,93,36.88166576287424
96,92,52.683768908137196
96,91,70.27386701898382
96,90,99.76158801991087
96,89,112.10984693140551
96,88,130.21715354902338
96,87,143.89044332460625
96,86,166.55307061121513
96,85,190.1293496190016
96,84,213.96492670707318
96,83,239.00027259857544
96,82,254.47441175123868
96,81,281.68445354903963
96,80,318.0079397014434
96,79,336.6420425516711
96,78,476.91347444773834
96,77,505.1940854720038
96,76,534.8700808584755
96,75,564.883740312033
96,74,594.0331180179128
96,73,631.3546282441011
96,72,662.773645379893
96,71,694.429394456016
96,70,726.4541905760701
96,69,757.4651579665607
96,68,929.188603090833
96,67,960.3402102489872
96,66,991.71798544276
96,65,1032.1929333218193
96,64,1120.2748357200817
96,63,1152.4646520584333
96,62,1248.5664688440643
96,61,1283.662719377218
96,60,1600.7459004842365
96,59,1665.8710704115822
96,58,1733.1075176462462
96,57,1804.2964702962138
96,56,1876.8098429531162
96,55,1947.2858310335835
96,54,2017.5262601110346
96,53,2111.159678595218
96,52,2190.232053960922
96,51,2265.6010288412285
96,50,2345.4639011043664
96,49,2426.506803899535
96,48,2505.155824988426
96,47,2583.403167917683
96,46,2959.7025328939335
96,45,3031.14978389203
96,44,3106.992985961377
96,43,3183.5917645089385
96,42,3257.1023949097844
96,41,3354.7642913492277
96,40,3462.0890778391904
96,39,3543.3878038212288
96,38,3625.5053594986716
96,37,3704.2522578648677
96,36,4048.7942825750165
96,35,4122.085892028887
96,34,4195.948024139524
96,33,4293.531910074514
96,32,4618.0724225572585
96,31,4697.275998475718
96,30,4905.405115062338
96,29,4989.7300270253045
96,28,8222.19418964346
96,27,8393.978215762652
96,26,8577.054139482541
96,25,8761.926528637328
96,24,8938.677433843848
96,23,9174.818948748012
96,22,9536.515499702049
96,21,9736.42005036679
96,20,9938.323779179418
96,19,10131.644812100762
96,18,10710.839189938475
96,17,10876.985656995852
96,16,11044.33939151191
96,15,11261.519508111342
96,14,12519.879856861035
96,13,12715.184631944036
96,12,13106.471367091694
96,11,13302.817749605721
96,10,27735.424064288578
96,9,28181.408572681175
96,8,28630.95455038965
96,7,29206.58316480307
96,6,34519.47167891702
96,5,35114.951851956845
96,4,35825.564515114645
96,3,36349.21831962966
96,2,143516.3109753109
96,1,145744.68323756085
97,97,6.57225714890424
97,96,11.668677758001627
97,95,21.994006908229334
97,94,35.651691950033175
97,93,53.91395383374843
97,92,71.68698064624554
97,91,90.98486446007276
97,90,119.28880028206589
97,89,132.33299217914856
97,88,146.60657497217466
97,87,168.99530509567083
97,86,192.77058164957137
97,85,217.40660712233117
97,84,243.27752080315136
97,83,259.0109496801854
97,82,286.47013639067137
97,81,312.2922212833975
97,80,345.3141574050456
97,79,364.392740062502
97,78,514.7395849653415
97,77,543.6771033046522
97,76,574.0521805218293
97,75,604.7660205995192
97,74,634.5770107780177
97,73,672.7953319039646
97,72,705.0776235344563
97,71,737.4516743263641
97,70,770.1970133749104
97,69,801.8913584732534
97,68,978.1416962341398
97,67,1009.8991725447025
97,66,1041.887873310131
97,65,1083.1891208923607
97,64,1175.1991944162141
97,63,1208.0197257064267
97,62,1306.2597418142354
97,61,1342.0385362935133
97,60,1678.0859461158036
97,59,1744.5708401454265
97,58,1813.1904930228766
97,57,1885.8204579877493
97,56,1959.7787257627558
97,55,2031.641046041773
97,54,2103.246015972328
97,53,2198.618707653397
97,52,2279.5976840877684
97,51,2356.3839161189308
97,50,2437.7243963862948
97,49,2520.247079552671
97,48,2600.320136194694
97,47,2679.9707156587115
97,46,3062.0381412626643
97,45,3134.657375176645
97,44,3211.733014735407
97,43,3289.566491130392
97,42,3364.255775970242
97,41,3463.43586833585
97,40,3574.0778055512887
97,39,3656.6943170323802
97,38,3740.133535919631
97,37,3820.1433539109917
97,36,4170.449753663351
97,35,4244.877805201095
97,34,4319.879393095815
97,33,4418.939083247708
97,32,4758.765107225932
97,31,4839.335204346054
97,30,5051.1350717975465
97,29,5136.919598811683
97,28,8447.05689615964
97,27,8621.221057357394
97,26,8806.7936383191
97,25,8994.166340315327
97,24,9173.308362991162
97,23,9412.47630075633
97,22,9786.226168152794
97,21,9988.952619871197
97,20,10193.68836119526
97,19,10389.724895054842
97,18,10977.672339145616
97,17,11146.127483796798
97,16,11315.79645421194
97,15,11535.889520646886
97,14,12855.71290823875
97,13,13054.630201696675
97,12,13453.36470105455
97,11,13653.397219835617
97,10,28374.98802297914
97,9,28826.73810066289
97,8,29282.06708511978
97,7,29864.785969338427
97,6,35442.02713387228
97,5,36050.36722395278
97,4,36770.73231924424
97,3,37305.81858327263
97,2,147130.5239677942
97,1,149403.17189742246
98,98,6.786860956778603
98,97,11.959457452070827
98,96,22.60441070397611
98,95,36.58407515398364
98,94,52.6016619014278
98,93,73.15571009201436
98,92,92.63168040492613
98,91,113.43535980431015
98,90,139.79507575639556
98,89,149.47846255622292
98,88,171.97465220379303
98,87,195.433470052794
98,86,220.26623683249167
98,85,247.2457002955887
98,84,263.760699139208
98,83,290.9248427135436
98,82,317.35945063128213
98,81,344.0435566210947
98,80,373.45597219730007
98,79,392.9783159128281
98,78,553.6263189033759
98,77,583.219976922775
98,76,614.2934522785195
98,75,645.7072437012187
98,74,676.1803333440009
98,73,715.2941807309545
98,72,748.4586846240817
98,71,781.5525332004528
98,70,815.0200497794892
98,69,847.3997434026278
98,68,1028.1797516577794
98,67,1060.5471896066817
98,66,1093.150681241091
98,65,1135.2813155265908
98,64,1231.374313608324
98,63,1264.8306498375155
98,62,1365.216153605327
98,61,1401.6830886695443
98,60,1757.0616833401107
98,59,1824.9082233606734
98,58,1894.9128999330258
98,57,1968.9852359281647
98,56,2044.3898527668327
98,55,2117.640669579822
98,54,2190.6126614267255
98,53,2287.7235140207813
98,52,2370.644284049908
98,51,2448.851314890304
98,50,2531.6725293069926
98,49,2615.6782052836957
98,48,2697.1790737563865
98,47,2778.2369231629095
98,46,3166.0518245984886
98,45,3239.8466135224553
98,44,3318.15804695594
98,43,3397.229586322948
98,42,3473.1011070061145
98,41,3573.801809466199
98,40,3687.870046071135
98,39,3771.8103149600684
98,38,3856.577223668602
98,37,3937.856096433915
98,36,4293.971505219694
98,35,4369.541645576825
98,34,4445.68836308654
98,33,4546.23001904949
98,32,4902.017261630433
98,31,4983.971454351369
98,30,5199.488029155533
98,29,5286.752312935594
98,28,8674.931378872592
98,27,8851.482091619944
98,26,9039.557205035237
98,25,9229.436148828026
98,24,9410.975849503677
98,23,9653.173600284894
98,22,10039.37464641078
98,21,10244.938121581226
98,20,10452.521194138972
98,19,10651.28881371335
98,18,11248.075387730385
98,17,11418.853247458595
98,16,11590.851609151274
98,15,11813.873198764411
98,14,13197.989452308784
98,13,13400.60065936232
98,12,13806.95406838973
98,11,14010.760224406971
98,10,29022.404762549006
98,9,29479.952100138602
98,8,29941.09607785463
98,7,30530.93708528979
98,6,36385.05903472703
98,5,37006.67146373878
98,4,37735.338691754645
98,3,38282.2208017702
98,2,150810.87485338707
98,1,153129.08538248032
99,99,7.005935876272268
99,98,12.254726304907631
99,97,23.036094602489683
99,96,37.39084071714733
99,95,53.76187412634776
99,94,71.77346122049909
99,93,94.33857909492696
99,92,115.31695677804097
99,91,137.4731601979117
99,90,161.2233745392684
99,89,175.11021754834016
99,88,198.67380120611426
99,87,223.14825669992857
99,86,251.1365128964846
99,85,268.6046292289795
99,84,294.61504869634473
99,83,322.07717464566775
99,82,349.38908053238674
99,81,376.9217870869699
99,80,402.43102352666347
99,79,422.39718510394994
99,78,593.5688406671425
99,77,623.8185963546556
99,76,655.5904001895043
99,75,687.7044131836371
99,74,718.8404782060844
99,73,758.8490006178616
99,72,792.9158946835217
99,71,826.7312906835093
99,70,860.9228385277232
99,69,893.9900305360784
99,68,1079.3048982062792
99,67,1112.286315298932
99,66,1145.50840427078
99,65,1188.4715156461198
99,64,1288.8082334528897
99,63,1322.9055075234874
99,62,1425.4441832270365
99,61,1462.6049344799317
99,60,1837.6712132255539
99,59,1906.8814845149225
99,58,1978.2731528717065
99,57,2053.78935764443
99,56,2130.641904401192
99,55,2205.2834976001054
99,54,2279.6250995851096
99,53,2378.4730998931827
99,52,2463.3722123635694
99,51,2543.0036916048202
99,50,2627.3088692501315
99,49,2712.800848835449
99,48,2795.733400821041
99,47,2878.202646495701
99,46,3271.744046347722
99,45,3346.7180062718317
99,44,3426.2686348323655
99,43,3506.5816476707405
99,42,3583.6390316273605
99,41,3685.8628031014155
99,40,3803.4701359627097
99,39,3888.7402374753715
99,38,3974.8409669126722
99,37,4057.395132845055
99,36,4419.365220850686
99,35,4496.083181494955
99,34,4573.380788753105
99,33,4675.410676355916
99,32,5047.862643382716
99,31,5131.219201945499
99,30,5350.500357459502
99,29,5439.26534441527
99,28,8905.81823026311
99,27,9084.761989991759
99,26,9275.345584697972
99,25,9467.736772854538
99,24,9651.6807912434
99,23,9896.911792846748
99,22,10295.97325006041
99,21,10504.38912739452
99,20,10714.83510887172
99,19,10916.349657835352
99,18,11522.063190634975
99,17,11695.178030196088
99,16,11869.520167986406
99,15,12095.486116944041
99,14,13546.855367515656
99,13,13753.246089265442
99,12,14167.398517422072
99,11,14375.070444317898
99,10,29677.700484217214
99,9,30141.077253947176
99,8,30608.068697683233
99,7,31205.064192483285
99,6,37349.22178997514
99,5,37984.54461037184
99,4,38721.62209133373
99,3,39280.70674237332
99,2,154567.7884770488
99,1,156933.04966464595
100,100,7.2295548520383335
100,99,12.554538517959559
100,98,23.43139554085715
100,97,37.96398868694731
100,96,54.77033642040382
100,95,73.16492802223506
100,94,92.89742688777234
100,93,117.26039261267154
100,92,139.58985267349848
100,91,162.9811903918374
100,90,183.53098673505926
100,89,202.06704679262404
100,88,226.6471555713774
100,87,255.1909709379318
100,86,273.4185359608384
100,85,298.25829965775233
100,84,325.9900474998411
100,83,354.3668666831246
100,82,382.5424023331778
100,81,410.91304888382973
100,80,432.2380662032157
100,79,452.6487196026022
100,78,634.5632592579557
100,77,665.4696456321625
100,76,697.9402015877123
100,75,730.7551111391551
100,74,762.5553437729044
100,73,803.4580551629201
100,72,838.4487405599959
100,71,872.987650633749
100,70,907.9052735217317
100,69,941.6622706186203
100,68,1131.5194390447912
100,67,1165.1187875005073
100,66,1198.9632303431265
100,65,1242.7619182005064
100,64,1347.5093968936892
100,63,1382.2527976544468
100,62,1486.9527466482089
100,61,1524.8130820798985
100,60,1919.9130084825701
100,59,1990.4892540951782
100,58,2063.270028757385
100,57,2140.231737196199
100,56,2218.533921429885
100,55,2294.5686876548357
100,54,2370.282597592728
100,53,2470.866835661278
100,52,2557.7822266800267
100,51,2638.8419174783826
100,50,2724.634396896182
100,49,2811.616096469931
100,48,2895.9843066408234
100,47,2979.869175805483
100,46,3379.115720439607
100,45,3455.2725208327206
100,44,3536.0658007058473
100,43,3617.6237530711255
100,42,3695.870683617357
100,41,3799.620040464336
100,40,3920.883007135809
100,39,4007.489131679249
100,38,4094.929929072898
100,37,4178.765741418149
100,36,4546.637269265671
100,35,4624.508877799557
100,34,4702.963232683047
100,33,4806.4877367466415
100,32,5196.336964859734
100,31,5281.114903116037
100,30,5504.210563098641
100,29,5594.498059679825
100,28,9139.719219428986
100,27,9321.06262372924
100,26,9514.160746892423
100,25,9709.07028055849
100,24,9895.425359476036
100,23,10143.693129159594
100,22,10556.035873915904
100,21,10767.319818929445
100,20,10980.644576821918
100,19,11184.92218740591
100,18,11799.652376593982
100,17,11975.118713887035
100,16,12151.819268113188
100,15,12380.745708994576
100,14,13902.465683606451
100,13,14112.726056351843
100,12,14534.867288885878
100,11,14746.502125035555
100,10,30340.90572210695
100,9,30810.14464488757
100,8,31283.016581313197
100,7,31887.199524429903
100,6,38335.21485601278
100,5,38984.71405327508
100,4,39729.55878539284
100,3,40301.27068692591
100,2,158399.9156777324
100,1,160813.76785835158
101,101,7.457792565056115
101,100,12.858949247233754
101,99,23.912017531805326
101,98,38.49323061837859
101,97,55.491960341431756
101,96,74.37953710122295
101,95,94.52256216071704
101,94,115.76998728184915
101,93,141.7670376245849
101,92,165.33262557896097
101,91,189.86844845285515
101,90,206.6856696585766
101,89,230.2915478466727
101,88,259.6595488613939
101,87,278.0729569400849
101,86,302.56427654918497
101,85,329.85260027819385
101,84,358.5000824339906
101,83,387.77727371302154
101,82,416.80555546400785
101,81,446.0057213008185
101,80,462.87673121488376
101,79,483.73304284477854
101,78,676.606379819255
101,77,708.1703838201141
101,76,741.3405099499769
101,75,774.8573168473356
101,74,807.3231641407409
101,73,849.1198832954373
101,72,885.0569724318293
101,71,920.3215464600702
101,70,955.9674502783674
101,69,990.4166937773952
101,68,1184.825693133934
101,67,1219.046864799138
101,66,1253.5173721383385
101,65,1298.1547445390634
101,64,1407.4864692814751
101,63,1442.8812494462761
101,62,1549.7509973149674
101,61,1588.3167851444216
101,60,2003.7856326663007
101,59,2075.730239144255
101,58,2149.902368174876
101,57,2228.3113402949607
101,56,2308.064985515675
101,55,2385.4954290332093
101,54,2462.584446216205
101,53,2564.904105227475
101,52,2653.875116986622
101,51,2736.366890008639
101,50,2823.6501132741714
101,49,2912.125049301087
101,48,2997.932990502535
101,47,3083.237806866015
101,46,3488.1677236808487
101,45,3565.511085545432
101,44,3647.5505256805154
101,43,3730.356937004877
101,42,3809.797151332121
101,41,3915.0746642896224
101,40,4040.113619191083
101,39,4128.062071134098
101,38,4216.849298809376
101,37,4301.9732245679625
101,36,4675.794042255143
101,35,4754.825221954628
101,34,4834.4422795729015
101,33,4939.4679028984565
101,32,5347.477203175337
101,31,5433.696316137912
101,30,5660.658562181439
101,29,5752.491279777422
101,28,9376.63594704114
101,27,9560.385691094643
101,26,9756.004483324594
101,25,9953.438557315025
101,24,10142.21153803154
101,23,10393.519666163686
101,22,10819.576437566064
101,21,11033.744400831421
101,20,11249.964090732752
101,19,11457.02118221115
101,18,12080.859604423747
101,17,12258.69220956918
101,16,12437.76607518013
101,15,12669.669435558531
101,14,14264.983063034822
101,13,14479.208084849515
101,12,14909.538295200708
101,11,15125.238558196905
101,10,31012.050830833203
101,9,31487.185171398127
101,8,31965.971176270345
101,7,32577.375118750973
101,6,39343.780566050176
101,5,40007.952517294776
101,4,40759.30084861675
101,3,41344.08703296639
101,2,162306.86252381478
101,1,164770.9200301668
102,102,7.690724930608915
102,101,13.168013729355213
102,100,24.38400248870543
102,99,39.14607772408881
102,98,56.16254221905713
102,97,75.25577942538068
102,96,95.94667374158978
102,95,117.63021199113084
102,94,140.2356709675744
102,93,167.73972569371404
102,92,192.4536991903897
102,91,218.06350601978266
102,90,230.66290391460612
102,89,264.8036371464423
102,88,282.43342300961115
102,87,306.9218352004558
102,86,334.4106864081079
102,85,362.57959345799424
102,84,392.12841392064917
102,83,422.2944888710952
102,82,452.16689164815165
102,81,482.18998335982917
102,80,494.3473448821374
102,79,515.6508754668907
102,78,719.6955198652871
102,77,751.9184852393067
102,76,785.7893134931702
102,75,820.0092791788959
102,74,853.1423916870973
102,73,895.8331900789528
102,72,932.7405001205541
102,71,968.7330413481557
102,70,1005.109568826486
102,69,1040.2536141011383
102,68,1239.2259062425553
102,67,1274.0727352744052
102,66,1309.1729735982767
102,65,1354.6521443490883
102,64,1468.7482429050597
102,63,1504.7997246431257
102,62,1613.8482225758028
102,61,1653.1254365891346
102,60,2089.287581945342
102,59,2162.603061762732
102,58,2238.168910237075
102,57,2318.0270150753913
102,56,2399.2340456338134
102,55,2478.062764791461
102,54,2556.529777384024
102,53,2660.5841174261827
102,52,2751.651511594743
102,51,2835.579333849747
102,50,2924.356835158078
102,49,3014.3286130784772
102,48,3101.580446018246
102,47,3188.3096198664543
102,46,3598.9006489393037
102,45,3677.4343376921115
102,44,3760.723492150478
102,43,3844.7819275263982
102,42,3925.419209373292
102,41,4032.2274934733605
102,40,4161.1666766035105
102,39,4250.463867175363
102,38,4340.603995403229
102,37,4427.022608544657
102,36,4806.841629662474
102,35,4887.038393702722
102,34,4967.824200540564
102,33,5074.3575558656285
102,32,5501.321297897593
102,31,5589.002196321495
102,30,5819.885368269446
102,29,5913.286965422981
102,28,9616.56919425269
102,27,9802.732053968602
102,26,10000.877731352492
102,25,10200.842616039241
102,24,10392.040421006806
102,23,10646.392547951093
102,22,11086.608140245773
102,21,11303.676341380049
102,20,11522.807390873784
102,19,11732.660654261486
102,18,12365.700733964137
102,17,12545.914616543363
102,16,12727.376930272841
102,15,12962.273915879661
102,14,14634.577389281336
102,13,14852.867264450602
102,12,15291.597769355229
102,11,15511.471754394617
102,10,31691.163863257963
102,9,32172.227393712637
102,8,32656.961555222413
102,7,33275.62059090459
102,6,40375.70526463148
102,5,41055.079440707916
102,4,41812.72334461789
102,3,42411.0751990344
102,2,166296.7775659695
102,1,168812.84628683561
103,103,4.571612169275366
103,102,14.487066660291934
103,101,21.417351321185365
103,100,39.800118462581956
103,99,56.99429667802255
103,98,76.074259860566
103,97,96.98253733654158
103,96,119.2661212138833
103,95,142.3315362381625
103,94,166.17447409137228
103,93,195.08598077753177
103,92,220.88120349814147
103,91,247.50983524893533
103,90,255.44398008245903
103,89,286.6386811116452
103,88,305.7603512541505
103,87,338.99294130276553
103,86,367.38686864578995
103,85,396.42251227165497
103,84,426.8611285011748
103,83,457.9069046350676
103,82,488.616652235848
103,81,501.22959527583254
103,80,522.974108750271
103,79,573.0642635504664
103,78,763.8285445503631
103,77,796.7121015209292
103,76,831.2850202239131
103,75,866.2096212643013
103,74,900.0118182816625
103,73,943.5969855011772
103,72,981.4995458108029
103,71,1018.2224934190361
103,70,1055.3321104247561
103,69,1091.173616816657
103,68,1294.7224958328313
103,67,1330.1987685032566
103,66,1365.9323691177938
103,65,1412.2564644940524
103,64,1531.3039373060708
103,63,1568.017525292296
103,62,1679.2541752215361
103,61,1719.248908292036
103,60,2176.4176905936743
103,59,2251.1066810335183
103,58,2328.068731220154
103,57,2409.377948190321
103,56,2492.040391755991
103,55,2572.270082380915
103,54,2652.118071570882
103,53,2757.9064355106048
103,52,2851.112425827834
103,51,2936.4803671633385
103,50,3026.7557800471045
103,49,3118.2281019971124
103,48,3206.9280831509736
103,47,3295.086119508526
103,46,3711.3155313721327
103,45,3791.0433659336527
103,44,3875.585843430099
103,43,3960.8999232451492
103,42,4042.738112208585
103,41,4151.079838762366
103,40,4284.047471811813
103,39,4374.699930441616
103,38,4466.199548904126
103,37,4553.919541426619
103,36,4939.786796020824
103,35,5021.155258236881
103,34,5103.115962956933
103,33,5211.163786905458
103,32,5657.909342970497
103,31,5747.07350907886
103,30,5981.93436201905
103,29,6076.9295096962605
103,28,9859.52087855262
103,27,10048.103732152556
103,26,10248.78260921868
103,25,10451.28467372941
103,24,10644.914328805648
103,23,10902.314174391242
103,22,11357.14572233573
103,21,11577.130678883355
103,20,11799.189816757871
103,19,12011.856242913627
103,18,12654.193352130605
103,17,12836.803785703434
103,16,13020.669950783224
103,15,13258.577577286478
103,14,15011.429377254395
103,13,15233.889941872456
103,12,15681.244127381084
103,11,15905.406394216528
103,10,32378.277053143913
103,9,32865.30411607651
103,8,33356.02109852487
103,7,33981.96994485767
103,6,41431.83183166901
103,5,42126.97396925312
103,4,42889.631172599074
103,3,43502.06316264929
103,2,170367.43375217143
103,1,172937.3890580409
104,104,6.171404588540766
104,103,14.753325902188282
104,102,23.111422656601583
104,101,31.21102119224176
104,100,57.837019511421374
104,99,77.09075712280989
104,98,97.9542940883383
104,97,120.46543647523053
104,96,144.18056107027454
104,95,168.50576027411506
104,94,193.49281238991296
104,93,223.733098181201
104,92,250.55821211211097
104,91,258.9042131425606
104,78,809.0036343109192
104,77,842.549638074693
104,76,877.8262397845914
104,75,913.4571249972887
104,74,947.9303604641183
104,73,992.4103676868936
104,72,1031.334424660463
104,71,1068.7903327668505
104,70,1106.6356101945817
104,69,1143.1773260957862
104,46,3825.4130885633
104,45,3906.338933722823
104,44,3992.1383894312985
104,43,4078.7117810997397
104,42,4161.754764764916
104,41,4271.63265059536
104,40,4408.761007210731
104,39,4500.775373868168
104,38,4593.641183939517
104,37,4682.669358536186
104,36,5074.635965450927
104,35,5157.182333991688
104,34,5240.324181008529
104,33,5349.893325327069
104,32,5817.282506275993
104,31,5907.952334215661
104,30,6146.850156284823
104,29,6243.464587474539
104,28,10105.492015928485
104,27,10296.50182576246
104,26,10499.720296110634
104,25,10704.765988798026
104,24,10900.834604613578
104,23,11161.28594322871
104,22,11631.203118873904
104,21,11854.121628918847
104,20,12079.12586767202
104,19,12294.622730670788
104,18,12946.354154089548
104,17,13131.376662292663
104,16,13317.662334482493
104,15,13558.59790917484
104,14,15395.728170983582
104,13,15622.471313058977
104,12,16078.685558612864
104,11,16307.257420915616
104,10,33073.42009174833
104,9,33566.4455606683
104,8,34063.18056468656
104,7,34696.45451144992
104,6,42513.05596550293
104,5,43224.5714760921
104,4,43991.857240421734
104,2,174526.5068882561
104,1,177152.42955860382
105,105,6.424242950460045
105,104,15.817513341999566
105,103,23.371657692119353
105,102,35.65285152650632
105,101,47.91927962603693
105,100,78.1280244080846
105,99,99.16017381968516
105,98,121.59464994834904
105,97,145.54609607753605
105,96,170.56839417723452
105,95,196.05867782221802
105,94,222.11704168219632
105,93,253.62343795117815
105,92,281.4393045053023
105,91,284.7275247009043
105,78,855.2193625362949
105,77,889.4298503423643
105,76,925.4118962747153
105,75,961.7508584607693
105,74,996.897199526575
105,73,1042.2726771316245
105,72,1082.2457105838578
105,71,1120.437237635245
105,70,1159.0208431713772
105,69,1196.2656001873218
105,46,3941.1944335662506
105,45,4023.3222078234685
105,44,4110.382351597992
105,43,4198.218777854317
105,42,4282.4704998088155
105,41,4393.887317528645
105,40,4535.312820558556
105,39,4628.695855709634
105,38,4722.934680519981
105,37,4813.277960289411
105,36,5211.396174720504
105,35,5295.126761487146
105,34,5379.456100444094
105,33,5490.5535442198925
105,32,5979.484207848214
105,31,6071.683065149967
105,30,6314.679851783619
105,29,6412.940434142639
105,28,10354.484621557891
105,27,10547.928452514781
105,26,10753.693008390324
105,25,10961.288876602983
105,24,11159.803667504368
105,23,11423.310353156856
105,22,11908.795654363945
105,21,12134.66482191447
105,20,12362.631483434607
105,19,12580.976365291339
105,18,13242.201390383507
105,17,13429.651768539867
105,16,13618.3728779133
105,15,13862.354027671674
105,14,15787.675007125104
105,13,16018.819175965875
105,12,16484.143968420845
105,11,16717.25408230052
105,10,33776.62639014482
105,9,34275.685724612274
105,8,34778.47454279359
105,7,35419.109522547675
105,6,43620.33960111746
105,5,44348.87755428945
105,4,45119.1602528822
105,2,178771.53094129614
105,1,181455.59411076337
106,106,6.631737855320598
106,105,16.50908036979798
106,104,24.386178033781025
106,103,37.017059677814046
106,102,49.853980436547026
106,101,63.26557178755381
106,100,100.39662323591344
106,99,122.99332389759901
106,98,146.83582735296557
106,97,172.10196955782453
106,96,198.33470170232155
106,95,224.91611173645086
106,94,251.98868494351711
106,93,284.7109059884262
106,92,313.4879498343738
106,91,311.32569910648783
106,78,902.474539468663
106,77,937.3516928019271
106,76,974.0410803511061
106,75,1011.0900295022703
106,74,1046.911635358521
106,73,1093.1833492474525
106,72,1134.2340871382162
106,71,1173.1639829652866
106,70,1212.4886699895262
106,69,1250.4393739701175
106,46,4058.660571225884
106,45,4141.9942437525
106,44,4230.318836813545
106,43,4319.422072364675
106,42,4404.88652903853
106,41,4517.845102547382
106,40,4663.708404714144
106,39,4758.46698693183
106,38,4854.085768966439
106,37,4945.751195172566
106,36,5350.074403930587
106,35,5434.995622902297
106,34,5520.518906956427
106,33,5633.151754088386
106,32,6144.55944740489
106,31,6238.311728366669
106,30,6485.472336535337
106,29,6585.407137176457
106,28,10606.500368372763
106,27,10802.385380486341
106,26,11010.702604891605
106,25,11220.855287027101
106,24,11421.82356351767
106,23,11688.389519651455
106,22,12189.938501502096
106,21,12418.775731877273
106,20,12649.722442843125
106,19,12870.933229238397
106,18,13541.753149062066
106,17,13731.647460889415
106,16,13922.820208547824
106,15,14169.864875344563
106,14,16187.48202430373
106,13,16423.152761900485
106,12,16897.85386592289
106,11,17135.638851367683
106,10,34487.92867561711
106,9,34993.0579098727
106,8,35501.93691540198
106,7,36149.969488436145
106,6,44754.711400107924
106,5,45500.968922202206
106,4,46271.88168486498
106,2,183102.946173197
106,1,185847.46819654005
107,107,6.819588400050969
107,106,17.218566230848296
107,105,25.42604458421823
107,104,38.36957972257536
107,103,51.53357544999832
107,102,65.55198061232116
107,101,79.93717654413355
107,100,124.43231645105872
107,99,148.42957181033742
107,98,173.55428095188844
107,97,200.0373125687659
107,96,227.40469806621698
107,95,255.0191319580644
107,94,283.0609084919091
107,93,316.9583342965771
107,92,346.6745428169407
107,91,338.6904106492723
107,78,950.7681238907269
107,77,986.3142367531884
107,76,1023.7129716866118
107,75,1061.4739116290664
107,74,1097.9730147577682
107,73,1145.1418445252712
107,72,1187.3002788078927
107,71,1226.97137223592
107,70,1267.039968890094
107,69,1305.6995908285082
107,46,4177.812219940041
107,45,4262.355804194896
107,44,4351.948652273464
107,43,4442.322516877245
107,42,4529.003750954938
107,41,4643.506946428294
107,40,4793.953006059663
107,39,4890.094125851749
107,38,4987.099920735358
107,37,5080.09464690822
107,36,5490.677347702474
107,35,5576.79570985718
107,34,5663.519490539342
107,33,5777.694962718375
107,32,6312.554641474579
107,31,6407.885821218983
107,30,6659.278126817671
107,29,6760.9164786499
107,28,10861.540134905043
107,27,11059.87356814926
107,26,11270.75011865806
107,25,11483.466327850923
107,24,11686.895481027987
107,23,11956.524679768807
107,22,12474.646168282861
107,21,12706.469154448485
107,20,12940.413832600374
107,19,13164.508699861313
107,18,13845.02678933668
107,17,14037.381356154197
107,16,14231.02220339348
107,15,14481.148630074154
107,14,16595.3725123314
107,13,16835.70303438719
107,12,17320.062776719766
107,11,17562.667901615245
107,10,35207.35755713137
107,9,35718.593268813805
107,8,36233.599384046895
107,7,36889.06669786793
107,6,45917.27175064523
107,5,46681.99898526421
107,4,47453.29241954948
107,2,187534.91416061585
107,1,190342.54164850776
108,108,6.3751532138204725
108,107,17.946250990296434
108,106,28.400794717728125
108,105,36.43654238490305
108,104,53.20126865877357
108,103,67.5427892266448
108,102,82.5697472438288
108,101,97.80166964201965
108,100,150.07332362724574
108,99,175.34441394111786
108,98,201.65344679118314
108,97,229.27668645695474
108,96,257.7190011518385
108,95,286.32059248230104
108,94,315.2959722194384
108,93,350.3355985990836
108,92,380.9750099055379
108,91,366.81537550642065
108,78,1000.0994184245551
108,77,1036.3168803778826
108,76,1074.4270632160046
108,75,1112.9020815793895
108,74,1150.0809811667327
108,73,1198.1479130253904
108,72,1241.4453282963789
108,71,1281.8605263430077
108,70,1322.6759359872774
108,69,1362.0475136677235
108,46,4298.650839218307
108,45,4384.408407548676
108,44,4475.2733762759
108,43,4566.921750261017
108,42,4654.823865611063
108,41,4770.874610937077
108,40,4926.052806189968
108,39,5023.583583720179
108,38,5121.9835781102765
108,37,5216.314887257869
108,36,5633.21277019304
108,35,5720.534899812594
108,34,5808.465843427483
108,33,5924.1913014876645
108,32,6483.519289620249
108,31,6580.456006722262
108,30,6836.151138852236
108,29,6939.523738322872
108,28,11119.606685061159
108,27,11320.395893406581
108,26,11533.838538359852
108,25,11749.125099008801
108,24,11955.022635531072
108,23,12227.719143933053
108,22,12762.935581714506
108,21,12997.762348283019
108,20,13234.723246886899
108,19,13461.72070471192
108,18,14152.04236625139
108,17,14346.873804039073
108,16,14542.999509691437
108,15,14796.226287994155
108,14,17011.58604985275
108,13,17256.7179538939
108,12,17751.036779917722
108,11,17998.616787017047
108,10,35934.95023704539
108,9,36452.32964309164
108,8,36973.50043625985
108,7,37636.44034819564
108,6,47109.211935421634
108,5,47893.217886131366
108,4,48660.68881550693
108,2,192053.5405080302
108,1,194926.93092903262
109,105,55.08800824809531
109,102,100.77501944665778
109,101,116.75893572196959
109,100,177.19409634323003
109,99,203.64041651630495
109,98,231.0571289370098
109,97,259.7600895079809
109,96,289.23001232922854
109,95,318.7824096325465
109,94,348.6631566965292
109,93,384.8180175820422
109,92,416.3695535919294
109,91,395.6957865133935
109,78,1050.4676903016177
109,77,1087.3589610282372
109,76,1126.1827634694846
109,75,1165.374010815499
109,74,1203.2350551126003
109,73,1252.2011598134936
109,72,1296.6701483605195
109,71,1337.8324221339324
109,70,1379.3976101167589
109,69,1419.4842363582197
109,46,4421.177080596865
109,45,4508.15274738124
109,44,4600.293744341726
109,43,4693.220550495803
109,42,4782.347694843697
109,41,4899.948956451623
109,40,5060.013145348964
109,39,5158.940812413815
109,38,5258.742305826461
109,37,5354.417593069229
109,36,5777.687469745875
109,35,5866.220088680332
109,34,5955.364960438267
109,33,6072.647883233262
109,32,6657.503753338383
109,31,6756.073862446736
109,30,7016.14636032836
109,29,7121.2853342387825
109,28,11380.700635272318
109,27,11583.953046871562
109,26,11799.968623027116
109,25,12017.832428087724
109,24,12226.205929367683
109,23,12501.973855204507
109,22,13054.8214600288
109,21,13292.670321035803
109,20,13532.665986336286
109,19,13762.584837174812
109,18,14462.817493522281
109,17,14660.142678441967
109,16,14858.770264199931
109,15,15115.116289736043
109,14,17436.37350835528
109,13,17686.457469762492
109,12,18191.05549479534
109,11,18443.775433847368
109,10,36670.73743730677
109,9,37194.29829960447
109,8,37721.67188987025
109,7,38392.122845703554
109,6,48331.80603006087
109,5,49135.96493346292
109,4,49898.9023987783
109,2,196679.95952002154
109,1,199622.2243608139
110,105,71.74899068413185
110,102,120.06786401475091
110,101,136.7324382100332
110,100,205.69636698854163
110,99,233.24071614344402
110,98,261.7047613204456
110,97,291.4394873899895
110,96,321.89936754800794
110,95,352.37368596513295
110,94,383.1373825635023
110,93,420.38534578823493
110,92,452.8419230749302
110,91,425.32811652078357
110,78,1101.8725306662157
110,77,1139.4401324126893
110,76,1178.9797917711617
110,75,1218.8894782953573
110,74,1257.4350635067199
110,73,1307.3014950716808
110,72,1352.9759904658831
110,71,1394.8883780044084
110,70,1437.206375339442
110,69,1478.0112023913325
110,46,4545.392453833689
110,45,4633.590392141467
110,44,4727.01138444639
110,43,4821.220605733262
110,42,4911.57698769345
110,41,5030.7317927702625
110,40,5195.840434935198
110,39,5296.172355090624
110,38,5397.382780217291
110,37,5494.409572320943
110,36,5924.109468142772
110,35,6013.85941421979
110,34,6104.22509675869
110,33,6223.073105312976
110,32,6834.561902527062
110,31,6934.794570839651
110,30,7199.32265835305
110,29,7306.26167864019
110,28,11644.824776819305
110,27,11850.547932736357
110,26,12069.14338641958
110,25,12289.591438922987
110,24,12500.448600868724
110,23,12779.29214515019
110,22,13350.32128062641
110,21,13591.210889249134
110,20,13834.260210702225
110,19,14067.119598013827
110,18,14777.372855382037
110,17,14977.208965588181
110,16,15178.355758131289
110,15,15437.840284549005
110,14,17870.004959926733
110,13,18125.20161202032
110,12,18640.42056608596
110,11,18898.45683235376
110,10,37414.7574018214
110,9,37944.538135485935
110,8,38478.15330211525
110,7,39156.15447443093
110,6,49586.43941355931
110,5,50411.69837760629
110,4,51164.95196165593
110,2,201399.3245261948
110,1,204413.6305670239
