Z,N,IE_pred_eV,IE_ref_eV
1,1,13.605874,13.598434599702
2,2,24.311303,24.587389011
2,1,54.425671,54.4177655282
3,3,5.0362673,5.391714996
3,2,74.751009,75.640097
3,1,122.46591,122.45435913
4,4,8.2112015,9.322699
4,3,17.252419,18.21115
4,2,152.69394,153.896205
4,1,217.73748,217.71858459
5,5,6.5084563,8.298019
5,4,22.926838,25.15483
5,3,36.624046,37.93059
5,2,258.08889,259.374379
5,1,340.25561,340.2260225
6,6,9.2999465,11.260288
6,5,20.479773,24.383143
6,4,44.855195,47.88778
6,3,63.069184,64.49352
6,2,390.90927,392.09056
6,1,490.03992,489.99320779
7,7,12.571397,14.53413
7,6,25.374185,29.60125
7,5,41.950919,47.4453
7,4,73.901398,77.4735
7,3,96.533775,97.8901
7,2,551.146,552.06741
7,1,667.11443,667.0461377
8,8,13.58599,13.618055
8,7,30.765248,35.12112
8,6,48.995849,54.93554
8,5,70.751477,77.4135
8,4,110.00285,113.899
8,3,136.98224,138.1189
8,2,738.80321,739.32697
8,1,871.50754,871.4099138
9,9,17.521285,17.42282
9,8,32.490084,34.97081
9,7,56.540351,62.70798
9,6,79.982337,87.175
9,5,106.76685,114.249
9,4,153.11821,157.16311
9,3,184.3918,185.1868
9,2,953.89555,953.8983
9,1,1103.2521,1103.1175302
10,10,21.936034,21.564541
10,9,38.593135,40.96297
10,8,59.033508,63.4233
10,7,89.697677,97.19
10,6,118.211,126.247
10,5,149.91866,157.934
10,4,203.22076,207.271
10,3,238.74894,239.097
10,2,1196.4465,1195.8082
10,1,1362.3855,1362.199256
11,11,5.9294443,5.13907696
11,10,45.201722,47.28636
11,9,67.337568,71.62
11,8,93.001529,98.936
11,7,130.10064,138.404
11,6,163.59799,172.23
11,5,200.15305,208.504
11,4,260.2943,264.192
11,3,300.0471,299.856
11,2,1466.487,1465.0992
11,1,1648.9494,1648.702285
12,12,8.1383165,7.646236
12,11,14.96679,15.035271
12,10,76.167869,80.1436
12,9,103.53035,109.2654
12,8,134.24678,141.33
12,7,177.65261,186.76
12,6,216.08564,225.02
12,5,257.4334,265.924
12,4,324.33044,327.99
12,3,368.28514,367.489
12,2,1764.055,1761.8049
12,1,1962.9902,1962.663889
13,13,6.9449514,5.985769
13,12,18.444528,18.82855
13,11,27.74002,28.447642
13,10,114.60241,119.9924
13,9,147.01746,153.8252
13,8,182.66506,190.49
13,7,232.2835,241.76
13,6,275.63465,284.64
13,5,321.73563,330.21
13,4,395.32689,398.65
13,3,443.46632,442.005
13,2,2089.1947,2085.97693
13,1,2304.5588,2304.140359
14,14,8.8074757,8.15168
14,13,16.906997,16.34585
14,12,32.492379,33.493
14,11,44.065993,45.14179
14,10,160.3455,166.767
14,9,197.69012,205.279
14,8,238.18084,246.57
14,7,293.94139,303.59
14,6,342.21904,351.28
14,5,393.04512,401.38
14,4,473.28616,476.273
14,3,525.59753,523.415
14,2,2441.9562,2437.65805
14,1,2673.7107,2673.177958
15,15,10.847031,10.486686
15,14,19.829973,19.76949
15,13,30.743684,30.20264
15,12,50.096209,51.44387
15,11,63.822427,65.02511
15,10,213.2843,220.43
15,9,255.46948,263.57
15,8,300.73816,309.6
15,7,362.5872,372.31
15,6,415.82284,424.4
15,5,471.35455,479.44
15,4,558.21481,560.62
15,3,614.68881,611.741
15,2,2822.3952,2816.90868
15,1,3070.506,3069.842145
16,16,11.456402,10.3600167
16,15,22.922273,23.33788
16,14,34.730219,34.86
16,13,48.229845,47.222
16,12,71.133063,72.5945
16,11,86.925262,88.0529
16,10,273.33711,280.954
16,9,320.29725,328.794
16,8,370.29489,379.84
16,7,438.19111,447.7
16,6,496.43777,504.55
16,5,556.66245,564.41
16,4,650.12276,651.96
16,3,710.75297,706.994
16,2,3230.5731,3223.78057
16,1,3495.0096,3494.188518
17,17,13.804104,12.967633
17,16,23.895215,23.81364
17,15,38.864708,39.8
17,14,53.28114,53.24
17,13,69.215254,67.68
17,12,95.518797,96.94
17,11,113.31556,114.2013
17,10,340.44354,348.306
17,9,392.1295,400.851
17,8,446.81887,456.7
17,7,520.73017,530.0
17,6,584.0617,591.58
17,5,648.97216,656.3
17,4,749.02293,750.23
17,3,813.80531,809.198
17,2,3666.5563,3658.34366
17,1,3947.291,3946.29179
18,18,16.358428,15.7596119
18,17,27.331431,27.62967
18,16,40.220439,40.735
18,15,58.444969,59.58
18,14,75.331622,74.84
18,13,93.596668,91.29
18,12,123.19465,124.41
18,11,142.9515,143.4567
18,10,414.55814,422.6
18,9,470.93272,479.76
18,8,530.28532,540.4
18,7,610.18659,619.0
18,6,678.69753,685.5
18,5,748.29106,755.13
18,4,854.9309,855.5
18,3,923.86345,918.375
18,2,4130.417,4120.66559
18,1,4427.4247,4426.22407
19,19,4.6657987,4.34066373
19,18,30.987039,31.625
19,17,44.73896,45.8031
19,16,60.197322,60.917
19,15,81.508689,82.66
19,14,100.77807,99.44
19,13,121.30155,117.56
19,12,154.11911,154.87
19,11,175.80331,175.8174
19,10,495.64624,503.67
19,9,556.68108,565.6
19,8,620.67498,631.1
19,7,706.54658,714.7
19,6,780.35239,786.3
19,5,854.63002,860.92
19,4,967.86469,967.7
19,3,1040.9471,1034.542
19,2,4622.2323,4610.80714
19,1,4935.49,4934.04979
20,20,6.1373494,6.113154921
20,19,11.064923,11.871719
20,18,49.486251,50.91316
20,17,65.793267,67.2732
20,16,83.66741,84.34
20,15,107.94885,108.78
20,14,129.54788,127.21
20,13,152.27813,147.24
20,12,188.26277,188.54
20,11,211.84993,211.275
20,10,583.68109,591.6
20,9,649.35449,658.2
20,8,717.97286,728.6
20,7,809.79943,817.2
20,6,889.03701,894.0
20,5,968.00303,973.7
20,4,1087.8446,1086.8
20,3,1165.0782,1157.726
20,2,5142.0846,5128.8576
20,1,5471.5709,5469.86358
21,21,6.4298705,6.56149
21,20,11.560335,12.79977
21,19,23.951664,24.756839
21,18,71.625496,73.4894
21,17,90.33609,91.95
21,16,110.52088,110.68
21,15,137.68919,137.99
21,14,161.58939,158.08
21,13,186.4892,180.03
21,12,225.60499,225.18
21,11,251.07681,249.798
21,10,678.64191,687.36
21,9,748.93729,757.7
21,8,822.1673,833.2
21,7,919.93691,926.5
21,6,1004.7654,1008.6
21,5,1088.4268,1093.5
21,4,1214.8929,1213.1
21,3,1296.2804,1287.957
21,2,5690.0617,5674.9036
21,1,6035.7569,6033.75643
22,22,6.7310728,6.82812
22,21,12.068491,13.5755
22,20,26.137238,27.49171
22,19,40.743397,43.26717
22,18,97.247227,99.299
22,17,118.25784,119.533
22,16,140.67956,140.68
22,15,170.67411,170.5
22,14,196.86554,192.1
22,13,223.90799,215.92
22,12,266.13161,265.07
22,11,293.4743,291.5
22,10,780.51246,787.67
22,9,855.41727,864.0
22,8,933.24928,944.5
22,7,1036.9528,1042.5
22,6,1127.5542,1130.2
22,5,1215.9207,1220.3
22,4,1349.0343,1346.3
22,3,1434.5795,1425.257
22,2,6266.2567,6249.0226
22,1,6628.1421,6625.81023
23,23,7.0412179,6.746187
23,22,15.900321,14.634
23,21,28.416992,29.3111
23,20,43.659411,46.709
23,19,61.356262,65.28165
23,18,126.24238,128.125
23,17,149.48062,150.72
23,16,174.08648,173.55
23,15,206.86228,206.0
23,14,235.34977,230.5
23,13,264.51542,254.8
23,12,309.83344,308.5
23,11,339.03665,336.274
23,10,889.28007,896.0
23,9,968.78495,977.2
23,8,1051.2119,1062.9
23,7,1160.8425,1165.2
23,6,1257.4231,1258.9
23,5,1350.5065,1354.2
23,4,1490.2951,1486.7
23,3,1580.0031,1569.656
23,2,6870.7678,6851.3112
23,1,7248.8261,7246.12624
24,24,6.0040806,6.76651
24,23,17.624996,16.486305
24,22,30.791191,30.959
24,21,46.675254,49.16
24,20,65.006123,69.46
24,19,85.602962,90.6349
24,18,158.53353,160.29
24,17,183.94778,184.76
24,16,210.69933,209.5
24,15,246.22251,244.5
24,14,277.02327,270.8
24,13,308.29828,296.7
24,12,356.70512,354.7
24,11,387.76115,384.163
24,10,1004.9349,1011.6
24,9,1089.0331,1097.2
24,8,1176.0499,1188.0
24,7,1291.6028,1294.8
24,6,1394.3938,1394.5
24,5,1492.208,1495.1
24,4,1638.7037,1634.1
24,3,1732.5806,1721.183
24,2,7503.6988,7481.8624
24,1,7897.9136,7894.80289
25,25,7.6894679,7.434038
25,24,13.672195,15.63999
25,23,33.258164,33.668
25,22,49.791212,51.21
25,21,68.760785,72.41
25,20,89.988451,95.604
25,19,113.35066,119.203
25,18,194.0645,195.5
25,17,221.61732,221.89
25,16,250.48621,248.6
25,15,288.73095,286.1
25,14,321.87304,314.4
25,13,355.24784,343.6
25,12,406.74438,402.95
25,11,439.64765,435.172
25,10,1127.4693,1133.7
25,9,1216.1561,1224.1
25,8,1307.7597,1320.3
25,7,1429.2315,1430.9
25,6,1538.4907,1537.2
25,5,1641.0515,1643.2
25,4,1794.2905,1788.7
25,3,1892.3434,1879.873
25,2,8165.1589,8140.7864
25,1,8575.5148,8571.95438
26,26,8.0281816,7.9024681
26,25,14.234191,16.19921
26,24,32.17827,30.651
26,23,53.00251,54.91
26,22,72.620556,75.0
26,21,94.483156,98.985
26,20,118.4726,124.9671
26,19,144.50283,151.06
26,18,232.79371,233.6
26,17,262.45762,262.1
26,16,293.42275,290.9
26,15,334.3692,330.8
26,14,369.89063,361.0
26,13,405.35898,392.2
26,12,459.95147,456.2
26,11,494.69804,489.312
26,10,1256.8775,1262.7
26,9,1350.15,1357.8
26,8,1446.3388,1460.0
26,7,1573.7276,1575.6
26,6,1689.7401,1687.0
26,5,1797.0653,1798.4
26,4,1957.0876,1950.4
26,3,2059.3246,2045.759
26,2,8855.2629,8828.1864
26,1,9281.745,9277.6886
27,27,8.3770568,7.88101
27,26,20.456537,17.0844
27,25,34.722743,33.5
27,24,51.723241,51.27
27,23,76.575011,79.5
27,22,99.087409,102.0
27,21,123.70771,128.9
27,20,150.36147,157.8
27,19,178.98783,186.14
27,18,274.6899,275.4
27,17,306.44457,305.32
27,16,339.49013,336.1
27,15,383.123,378.5
27,14,421.07113,410.0
27,13,458.62943,441.1
27,12,516.3287,511.96
27,11,552.91601,546.588
27,10,1393.1553,1397.2
27,9,1491.0121,1504.5
27,8,1591.7855,1606.0
27,7,1725.0908,1724.0
27,6,1848.1706,1844.0
27,5,1960.2795,1960.8
27,4,2127.1292,2119.4
27,3,2233.5592,2218.876
27,2,9574.131,9544.1817
27,1,10016.725,10012.1297
28,28,8.7364437,7.639878
28,27,22.427742,18.168838
28,26,37.362999,35.187
28,25,55.022627,54.92
28,24,75.124407,76.06
28,23,103.78162,108.0
28,22,129.05635,132.0
28,21,156.33686,162.0
28,20,185.58311,193.2
28,19,216.7516,224.7
28,18,319.72929,319.5
28,17,353.55959,351.6
28,16,388.67378,384.5
28,15,434.98121,429.3
28,14,475.41253,462.8
28,13,515.05933,495.4
28,12,575.88019,571.07
28,11,614.30682,607.02
28,10,1536.2998,1540.1
28,9,1638.7407,1646.0
28,8,1744.0994,1758.0
28,7,1883.3215,1880.0
28,6,2013.8128,2008.1
28,5,2130.7265,2130.5
28,4,2304.4512,2295.6
28,3,2415.0842,2399.259
28,2,10321.889,10288.8848
28,1,10780.583,10775.3948
29,29,7.5635222,7.72638
29,28,24.489072,20.29239
29,27,40.09945,36.841
29,26,58.423523,57.38
29,25,79.179156,79.8
29,24,102.1808,103.0
29,23,134.48516,139.0
29,22,162.42937,166.0
29,21,192.29839,198.0
29,20,224.08328,232.2
29,19,257.75274,265.33
29,18,367.8936,367.0
29,17,403.78831,401.0
29,16,440.96233,436.0
29,15,489.93519,483.1
29,14,532.91521,518.7
29,13,574.65081,552.8
29,12,638.61157,632.5
29,11,678.87704,670.608
29,10,1686.3089,1690.5
29,9,1793.3349,1800.0
29,8,1903.2806,1918.0
29,7,2048.4208,2044.0
29,6,2186.6996,2179.4
29,5,2308.4408,2307.3
29,4,2489.0916,2479.1
29,3,2603.9383,2586.954
29,2,11098.669,11062.4309
29,1,11573.45,11567.6237
30,30,9.4882485,9.394197
30,29,16.628584,17.96439
30,28,42.932541,39.7233
30,27,61.926353,59.573
30,26,83.340471,82.6
30,25,106.99018,108.0
30,24,132.75039,133.9
30,23,168.58611,173.9
30,22,199.13405,203.0
30,21,231.53792,238.0
30,20,265.82048,274.4
30,19,301.95915,310.8
30,18,419.16871,417.6
30,17,457.11956,453.4
30,16,496.34697,490.6
30,15,547.97828,540.0
30,14,593.58152,577.8
30,13,637.40772,613.3
30,12,704.52984,697.5
30,11,746.63451,737.366
30,10,1843.1819,1846.8
30,9,1954.7948,1961.0
30,8,2069.33,2085.0
30,7,2220.3905,2214.0
30,6,2366.8655,2358.0
30,5,2493.4585,2491.5
30,4,2681.0902,2669.9
30,3,2800.1622,2781.996
30,2,11904.609,11864.9401
30,1,12395.464,12388.9427
31,31,8.1420208,5.999302
31,30,19.450292,20.51514
31,29,28.496212,30.72576
31,28,65.531571,63.241
31,27,87.608792,86.01
31,26,111.91063,112.7
31,25,138.31308,140.8
31,24,166.73018,169.9
31,23,206.0106,211.0
31,22,239.11594,244.0
31,21,274.01391,280.0
31,20,310.76258,319.0
31,19,349.34573,356.0
31,18,473.54365,471.2
31,17,513.54467,508.8
31,16,554.82085,548.3
31,15,609.10534,599.8
31,14,657.41556,640.0
31,13,703.33543,677.0
31,12,773.64324,765.7
31,11,817.58815,807.308
31,10,2006.9184,2010.0
31,9,2123.1211,2129.0
31,8,2242.2491,2258.0
31,7,2399.2328,2391.0
31,6,2554.3474,2543.9
31,5,2685.8181,2683.0
31,4,2880.4887,2868.0
31,3,3003.7985,2984.426
31,2,12739.853,12696.5581
31,1,13246.771,13239.5029
32,32,9.6262006,7.899435
32,31,17.761104,15.93461
32,30,32.20553,34.0576
32,29,42.841386,45.7155
32,28,91.984591,90.5
32,27,116.94259,115.9
32,26,143.99086,144.9
32,25,173.04457,176.4
32,24,204.04375,212.5
32,23,246.70275,252.1
32,22,282.33348,286.0
32,21,319.69423,326.0
32,20,358.88448,367.0
32,19,399.89269,407.0
32,18,531.00997,527.9
32,17,573.05694,567.3
32,16,616.37874,609.1
32,15,673.31257,662.8
32,14,724.4229,706.7
32,13,772.44063,744.0
32,12,845.96111,837.1
32,11,891.74794,880.44
32,10,2177.5192,2178.2
32,9,2298.3151,2304.0
32,8,2422.0398,2439.0
32,7,2584.9503,2575.0
32,6,2749.184,2737.1
32,5,2885.5598,2881.9
32,4,3087.3309,3074.0
32,3,3214.8917,3194.293
32,2,13604.549,13557.4218
32,1,14127.521,14119.4457
33,33,10.995961,9.78855
33,32,19.983168,18.5892
33,31,30.224429,28.349
33,30,47.423187,50.15
33,29,59.459065,62.77
33,28,122.08658,121.19
33,27,149.78422,147.0
33,26,179.4777,180.0
33,25,211.10814,213.0
33,24,244.63328,247.0
33,23,290.61953,296.0
33,22,328.75458,333.0
33,21,368.55381,375.0
33,20,410.16642,418.0
33,19,453.58437,460.0
33,18,591.56114,587.6
33,17,635.65128,628.8
33,16,681.01674,672.9
33,15,740.59722,728.9
33,14,794.61048,774.0
33,13,844.73124,814.0
33,12,921.49382,911.7
33,11,969.12482,956.79
33,10,2354.9854,2356.9
33,9,2480.3788,2486.0
33,8,2608.7047,2626.0
33,7,2777.5463,2766.0
33,6,2951.4162,2938.0
33,5,3092.726,3088.1
33,4,3301.6625,3287.0
33,3,3433.4886,3411.643
33,2,14498.855,14447.6799
33,1,15037.87,15028.9251
34,34,11.400166,9.752368
34,33,22.021876,21.196
34,32,33.166002,31.697
34,31,45.191061,42.947
34,30,64.89992,68.3
34,29,78.213138,81.83
34,28,155.69366,155.327
34,27,186.03005,184.0
34,26,218.29457,219.0
34,25,252.44596,255.0
34,24,288.45428,291.0
34,23,337.72729,342.9
34,22,378.35422,383.0
34,21,420.57294,426.0
34,20,464.59277,473.0
34,19,510.40831,517.0
34,18,655.19221,650.5
34,17,701.32389,693.4
34,16,748.73202,739.8
34,15,810.95741,798.0
34,14,867.98641,845.8
34,13,920.21625,887.0
34,12,1000.2527,989.6
34,11,1049.7307,1036.36
34,10,2539.3188,2540.7
34,9,2669.3144,2674.0
34,8,2802.2469,2820.0
34,7,2977.0244,2964.0
34,6,3161.0867,3146.0
34,5,3307.3611,3301.8
34,4,3523.5312,3507.0
34,3,3659.6376,3636.526
34,2,15422.934,15367.493
34,1,15977.982,15968.1075
35,35,13.083176,11.81381
35,34,22.679947,21.591
35,33,35.820273,34.871
35,32,48.836634,47.782
35,31,62.441689,59.595
35,30,84.502,87.39
35,29,99.010464,103.03
35,28,192.70217,192.61
35,27,225.60356,224.0
35,26,260.38372,261.0
35,25,297.01361,301.0
35,24,335.47196,338.0
35,23,387.99938,393.0
35,22,431.11276,436.0
35,21,475.73604,481.0
35,20,522.15113,530.0
35,19,570.35468,577.0
35,18,721.8995,716.3
35,17,770.07204,761.0
35,16,819.52263,809.8
35,15,884.39205,870.0
35,14,944.55994,920.8
35,13,998.90574,963.0
35,12,1082.2501,1070.6
35,11,1133.5782,1119.17
35,10,2730.5216,2731.4
35,9,2865.1249,2869.0
35,8,3002.6696,3021.0
35,7,3183.3884,3169.0
35,6,3378.2406,3361.0
35,5,3529.5115,3523.1
35,4,3752.9868,3735.0
35,3,3893.3895,3868.986
35,2,16376.953,16317.014
35,1,16948.027,16937.1497
36,36,14.868785,13.9996055
36,35,25.116979,24.35984
36,34,36.732298,35.838
36,33,52.067629,50.85
36,32,66.778241,64.69
36,31,81.830263,78.49
36,30,106.1385,109.13
36,29,121.78587,125.802
36,28,233.03566,233.0
36,27,268.44708,268.0
36,26,305.7008,308.0
36,25,344.77637,350.0
36,24,385.65876,391.0
36,23,441.41441,446.0
36,22,487.0147,492.0
36,21,534.03078,540.0
36,20,582.8317,591.0
36,19,633.41567,640.0
36,18,791.68041,785.316
36,17,841.89388,831.6
36,16,893.38744,882.8
36,15,960.90066,945.0
36,14,1024.3413,999.0
36,13,1080.8107,1042.0
36,12,1167.4991,1155.0
36,11,1220.681,1205.23
36,10,2928.5967,2928.9
36,9,3067.8136,3072.0
36,8,3209.9768,3228.0
36,7,3396.6427,3380.0
36,6,3602.9247,3584.0
36,5,3759.2259,3752.0
36,4,3990.0814,3971.0
36,3,4134.7971,4109.083
36,2,17361.09,17296.424
36,1,17948.182,17936.2405
37,37,4.5201134,4.1771281
37,36,27.666359,27.28954
37,35,39.891199,39.247
37,34,53.235637,52.2
37,33,70.550666,68.44
37,32,86.846899,82.9
37,31,103.25675,98.67
37,30,129.74615,132.79
37,29,146.49302,150.628
37,28,276.63662,277.12
37,27,314.5164,313.1
37,26,354.21123,356.0
37,25,395.7068,400.0
37,24,438.99259,443.0
37,23,497.95502,502.0
37,22,546.04779,550.0
37,21,595.44741,601.0
37,20,646.62675,654.0
37,19,699.5852,706.0
37,18,864.53318,857.0
37,17,916.78833,905.3
37,16,970.32592,958.9
37,15,1040.4834,1024.0
37,14,1107.3418,1080.0
37,13,1165.9431,1125.0
37,12,1256.0137,1242.5
37,11,1311.0536,1294.57
37,10,3133.5473,3133.3
37,9,3277.3842,3281.0
37,8,3424.1726,3443.0
37,7,3616.7921,3600.0
37,6,3835.1883,3815.0
37,5,3996.555,3988.0
37,4,4234.8689,4214.0
37,3,4383.9154,4356.865
37,2,18375.527,18305.886
37,1,18978.629,18965.5484
38,38,5.725647,5.69486745
38,37,10.395232,11.0302765
38,36,43.168166,42.88353
38,35,57.095323,56.28
38,34,71.9756,70.7
38,33,91.12648,88.0
38,32,108.94436,104.0
38,31,126.65109,121.21
38,30,155.28023,158.33
38,29,173.09861,177.3
38,28,323.461,324.07
38,27,363.77709,362.0
38,26,405.88767,408.0
38,25,449.78288,454.0
38,24,495.45552,499.0
38,23,557.60701,562.0
38,22,608.20237,612.0
38,21,659.97827,665.0
38,20,713.53022,722.0
38,19,768.85856,774.0
38,18,940.45685,932.0
38,17,994.75497,982.1
38,16,1050.3382,1038.0
38,15,1123.1407,1105.0
38,14,1193.5736,1165.0
38,13,1254.3158,1211.0
38,12,1347.8089,1333.4
38,11,1404.7112,1387.19
38,10,3345.377,3344.7
38,9,3493.8408,3497.0
38,8,3645.2616,3664.0
38,7,3843.8415,3830.0
38,6,4075.0827,4053.0
38,5,4241.5516,4232.0
38,4,4487.4057,4465.0
38,3,4640.8016,4612.397
38,2,19420.453,19345.59
38,1,20039.561,20025.2673
39,39,8.4102968,6.21726
39,38,12.196383,12.2236
39,37,22.033845,20.52441
39,36,61.077263,60.6072
39,35,76.519328,75.35
39,34,92.808361,91.39
39,33,113.69668,110.02
39,32,133.00206,128.12
39,31,151.96336,145.64
39,30,182.70882,185.7
39,29,201.57865,205.814
39,28,373.47456,374.04
39,27,416.20196,414.0
39,26,460.70824,463.0
39,25,506.98679,512.0
39,24,555.03286,559.0
39,23,620.35863,624.0
39,22,673.47083,677.0
39,21,727.61737,733.0
39,20,783.53746,790.0
39,19,841.23221,847.0
39,18,1019.451,1010.0
39,17,1075.7939,1061.9
39,16,1133.4247,1120.2
39,15,1208.8739,1190.0
39,14,1283.0497,1253.0
39,13,1345.9425,1300.0
39,12,1442.9002,1427.6
39,11,1501.6699,1483.12
39,10,3564.0897,3562.9
39,9,3717.1879,3720.0
39,8,3873.2487,3892.0
39,7,4077.7962,4060.0
39,6,4322.6612,4299.0
39,5,4494.2708,4484.0
39,4,4747.7504,4724.0
39,3,4905.5152,4875.731
39,2,20496.067,20415.719
39,1,21131.175,21115.588
40,40,6.2248041,6.634126
40,39,11.217178,13.13
40,38,23.608964,23.17
40,37,35.832545,34.41836
40,36,81.188579,80.348
40,35,98.022234,96.38
40,34,115.63493,112.0
40,33,138.19179,133.7
40,32,158.97132,153.0
40,31,179.15755,172.02
40,30,212.0091,214.9
40,29,231.91589,236.252
40,28,426.65029,426.0
40,27,471.76928,470.0
40,26,518.65523,520.0
40,25,567.30394,573.0
40,24,617.7125,622.0
40,23,686.2001,690.0
40,22,741.84727,745.0
40,21,798.36012,803.0
40,20,856.64499,863.0
40,19,916.70359,922.0
40,18,1101.516,1092.0
40,17,1159.9058,1144.7
40,16,1219.5866,1205.4
40,15,1297.6841,1277.0
40,14,1375.7841,1344.0
40,13,1440.8378,1392.0
40,12,1541.3043,1525.1
40,11,1601.9465,1582.37
40,10,3789.69,3788.0
40,9,3947.4303,3950.0
40,8,4108.1391,4127.0
40,7,4318.6621,4300.0
40,6,4577.9797,4553.0
40,5,4754.7702,4744.0
40,4,5015.9638,4991.0
40,3,5178.1182,5146.935
40,2,21602.572,21516.471
40,1,22253.676,22236.712
41,41,5.411182,6.75885
41,40,14.50313,14.32
41,39,25.238738,25.04
41,38,37.889757,37.611
41,37,52.161342,50.5728
41,36,103.36424,102.069
41,35,121.50719,119.1
41,34,140.38548,136.0
41,33,164.5617,159.2
41,32,186.81721,180.0
41,31,208.20755,200.28
41,30,243.1648,246.1
41,29,264.09808,268.59
41,28,482.96664,482.5
41,27,530.46148,530.0
41,26,579.71417,581.0
41,25,630.72229,636.0
41,24,683.48431,688.0
41,23,755.12318,758.0
41,22,813.32715,816.0
41,21,872.20309,877.0
41,20,932.8503,940.0
41,19,995.27097,1000.0
41,18,1186.6523,1176.0
41,17,1247.0917,1230.6
41,16,1308.8253,1293.7
41,15,1389.5733,1368.0
41,14,1471.7916,1439.0
41,13,1539.017,1488.0
41,12,1643.0384,1625.9
41,11,1705.5589,1684.97
41,10,4022.1826,4020.1
41,9,4184.5732,4187.0
41,8,4349.9385,4369.0
41,7,4566.4449,4540.0
41,6,4841.0963,4815.0
41,5,5023.1093,5011.0
41,4,5292.1091,5265.0
41,3,5458.6746,5426.066
41,2,22740.181,22648.046
41,1,23407.278,23388.85
42,42,5.6518695,7.09243
42,41,15.743163,16.16
42,40,26.923434,27.13
42,39,40.004978,40.33
42,38,54.694674,54.417
42,37,70.80432,68.82704
42,36,127.5097,125.638
42,35,146.90607,143.6
42,34,167.00968,164.12
42,33,192.76958,186.3
42,32,216.5145,209.3
42,31,239.09438,230.28
42,30,276.16457,279.1
42,29,298.11683,302.6
42,28,542.40617,544.0
42,27,592.26419,591.0
42,26,643.87311,646.0
42,25,697.23181,702.0
42,24,752.3398,758.0
42,23,827.12093,829.0
42,22,887.90713,890.0
42,21,949.14382,953.0
42,20,1012.1517,1019.0
42,19,1076.9334,1082.0
42,18,1274.8613,1263.0
42,17,1337.3531,1319.6
42,16,1401.1424,1385.1
42,15,1484.5436,1462.0
42,14,1571.0877,1537.0
42,13,1640.4964,1587.0
42,12,1748.1207,1730.1
42,11,1812.5254,1790.93
42,10,4261.5724,4259.0
42,9,4428.6221,4430.0
42,8,4598.6526,4618.0
42,7,4821.1511,4800.0
42,6,5112.0712,5084.0
42,5,5299.3503,5287.0
42,4,5576.2522,5548.0
42,3,5747.2513,5713.194
42,2,23909.115,23810.653
42,1,24592.202,24572.213
43,43,7.0329374,7.11938
43,42,12.530955,15.26
43,41,28.661365,29.55
43,40,42.17848,41.0
43,39,57.288968,57.0
43,38,73.808027,72.0
43,37,91.612665,88.0
43,36,153.55861,150.0
43,35,174.16991,169.0
43,34,195.4706,189.9
43,33,222.78792,214.0
43,32,248.04498,239.0
43,31,271.80439,262.08
43,30,311.00076,311.0
43,29,333.96666,338.55
43,28,604.95468,604.0
43,27,657.1656,655.0
43,26,711.1221,713.0
43,25,766.82407,773.0
43,24,824.27181,829.0
43,23,902.18743,904.0
43,22,965.5848,968.0
43,21,1029.1807,1032.0
43,20,1094.5482,1102.0
43,19,1161.6904,1166.0
43,18,1366.1443,1354.0
43,17,1430.6917,1411.6
43,16,1496.5403,1479.5
43,15,1582.5974,1559.0
43,14,1673.689,1638.0
43,13,1745.293,1689.0
43,12,1856.5701,1838.0
43,11,1922.8655,1900.28
43,10,4507.865,4505.0
43,9,4679.5826,4681.0
43,8,4854.2877,4874.0
43,7,5082.7871,5060.0
43,6,5390.9673,5361.0
43,5,5583.5579,5570.0
43,4,5868.4612,5838.0
43,3,6043.9176,6008.391
43,2,25109.6,25004.531
43,1,25808.677,25787.047
44,44,6.1564471,7.3605
44,43,16.446541,16.76
44,42,27.932842,28.47
44,41,44.405741,45.0
44,40,59.944506,59.0
44,39,76.87532,76.0
44,38,95.081435,93.0
44,37,114.48106,110.0
44,36,181.46347,178.41
44,35,203.2629,198.0
44,34,225.7407,219.9
44,33,254.59592,245.0
44,32,281.39564,271.0
44,31,306.32792,295.9
44,30,347.66857,348.0
44,29,371.64444,376.25
44,28,670.60046,670.0
44,27,725.15586,723.0
44,26,781.45282,784.0
44,25,839.49198,845.0
44,24,899.27423,905.0
44,23,980.31763,981.0
44,22,1046.3586,1048.0
44,21,1112.3128,1115.0
44,20,1180.0396,1187.0
44,19,1249.5421,1253.0
44,18,1460.5032,1447.0
44,17,1527.1098,1506.7
44,16,1595.0211,1577.0
44,15,1683.7373,1659.0
44,14,1779.6127,1743.0
44,13,1853.4247,1794.0
44,12,1968.4065,1949.0
44,11,2036.5993,2013.04
44,10,4761.066,4758.0
44,9,4937.461,4939.0
44,8,5116.8502,5136.0
44,7,5351.3599,5330.0
44,6,5677.8499,5647.0
44,5,5875.799,5861.0
44,4,6168.8069,6137.0
44,3,6348.7453,6311.721
44,2,26341.874,26229.888
44,1,27056.942,27033.564
45,45,6.4208679,7.4589
45,44,17.781364,18.08
45,43,29.719635,31.06
45,42,43.556054,42.0
45,41,62.651904,63.0
45,40,80.00649,80.0
45,39,98.616141,97.0
45,38,118.41008,115.1
45,37,139.33329,135.0
45,36,211.18961,207.51
45,35,234.15841,228.0
45,34,257.79914,252.1
45,33,288.17767,277.0
45,32,316.55742,306.0
45,31,342.65843,331.58
45,30,386.16546,389.3
45,29,411.1489,415.97
45,28,739.3338,739.0
45,27,796.22674,794.0
45,26,854.85823,857.0
45,25,915.22948,921.0
45,24,977.34183,984.0
45,23,1061.5072,1061.0
45,22,1130.2277,1131.0
45,21,1198.5398,1202.0
45,20,1268.6259,1274.0
45,19,1340.4893,1344.0
45,18,1557.9402,1544.0
45,17,1626.6098,1604.9
45,16,1696.5877,1677.6
45,15,1787.9664,1763.0
45,14,1888.8769,1851.0
45,13,1964.9103,1903.0
45,12,2083.6504,2063.0
45,11,2153.7477,2129.22
45,10,5021.1815,5018.0
45,9,5202.2637,5203.0
45,8,5386.347,5406.0
45,7,5626.8765,5600.0
45,6,5972.7868,5940.0
45,5,6176.1434,6161.0
45,4,6477.3627,6444.0
45,3,6661.809,6623.262
45,2,27606.183,27486.979
45,1,28337.244,28312.031
46,46,9.1508224,8.336839
46,45,19.168945,19.43
46,44,31.562601,32.93
46,43,45.839508,46.0
46,42,61.701252,61.0
46,41,83.184645,84.1
46,40,102.21708,101.0
46,39,122.40716,120.0
46,38,143.71824,141.0
46,37,166.1131,159.9
46,36,242.71139,238.57
46,35,266.8364,260.0
46,34,291.63006,286.0
46,33,323.52092,311.0
46,32,353.52426,342.0
46,31,380.79179,369.1
46,30,426.49071,427.0
46,29,452.4803,457.5
46,28,811.14656,810.0
46,27,870.37129,869.0
46,26,931.33236,933.0
46,25,994.03141,1000.0
46,24,1058.4701,1065.0
46,23,1145.7523,1145.0
46,22,1217.1917,1218.0
46,21,1287.862,1290.0
46,20,1360.3079,1366.0
46,19,1434.533,1438.0
46,18,1658.4579,1644.0
46,17,1729.1943,1706.2
46,16,1801.2429,1781.3
46,15,1895.2879,1869.0
46,14,2001.5007,1962.0
46,13,2079.7693,2016.0
46,12,2202.3234,2181.0
46,11,2274.3327,2248.87
46,10,5288.2177,5284.0
46,9,5473.9972,5475.0
46,8,5662.785,5683.0
46,7,5909.3443,5880.0
46,6,6275.8485,6242.0
46,5,6484.6634,6469.0
46,4,6794.205,6759.0
46,3,6983.1862,6943.097
46,2,28902.779,28776.032
46,1,29649.837,29622.678
47,47,6.9753892,7.576234
47,46,20.609685,21.4844
47,45,33.4621,34.8
47,44,48.182497,49.0
47,43,64.473643,65.0
47,42,82.147881,82.0
47,41,105.85656,106.0
47,40,126.47259,125.0
47,39,148.17317,145.1
47,38,170.95013,167.0
47,37,194.77828,188.0
47,36,276.00957,271.46
47,35,301.28163,294.0
47,34,327.22121,321.0
47,33,360.61615,347.0
47,32,392.29246,381.0
47,31,420.72581,408.43
47,30,468.64506,469.0
47,29,495.64016,500.87
47,28,886.03189,885.0
47,27,947.58361,946.0
47,26,1010.8701,1013.0
47,25,1075.8933,1082.0
47,24,1142.6552,1149.0
47,23,1233.0497,1231.0
47,22,1307.2512,1308.0
47,21,1380.2801,1382.0
47,20,1455.0867,1460.0
47,19,1531.6747,1535.0
47,18,1762.0589,1747.0
47,17,1834.8665,1810.5
47,16,1908.9901,1888.0
47,15,2005.7052,1979.0
47,14,2117.5037,2077.0
47,13,2198.022,2131.0
47,12,2324.4477,2302.0
47,11,2398.377,2371.99
47,10,5562.1814,5558.0
47,9,5752.6687,5753.0
47,8,5946.1715,5966.0
47,7,6198.7712,6170.0
47,6,6587.1081,6551.0
47,5,6801.4342,6785.0
47,4,7119.4127,7082.0
47,3,7312.957,7271.298
47,2,30231.928,30097.314
47,1,30994.987,30965.78
48,48,8.5575047,8.99382
48,47,14.956898,16.908313
48,46,35.418509,37.468
48,45,50.585376,51.0
48,44,67.308544,67.9
48,43,85.401961,87.0
48,42,104.74488,105.0
48,41,130.56391,130.1
48,40,152.6984,150.0
48,39,175.85889,173.0
48,38,200.06395,195.0
48,37,225.29671,218.0
48,36,311.06958,305.0
48,35,337.48242,329.0
48,34,364.56314,358.0
48,33,399.456,385.0
48,32,432.86024,421.0
48,31,462.45989,452.6
48,30,512.63048,513.0
48,29,540.6311,546.19
48,28,963.98397,963.0
48,27,1027.8587,1026.0
48,26,1093.4671,1095.0
48,25,1160.8114,1167.0
48,24,1229.8938,1237.0
48,23,1323.3966,1320.0
48,22,1400.4067,1401.0
48,21,1475.7953,1477.0
48,20,1552.9638,1558.0
48,19,1631.9162,1635.0
48,18,1868.7462,1852.0
48,17,1943.6294,1917.9
48,16,2019.8326,1998.0
48,15,2119.2219,2091.0
48,14,2236.9067,2195.0
48,13,2319.6898,2250.0
48,12,2450.0467,2427.0
48,11,2525.9041,2498.62
48,10,5843.0795,5839.0
48,9,6038.2854,6039.0
48,8,6236.5144,6257.0
48,7,6495.165,6460.0
48,6,6906.6415,6869.0
48,5,7126.5336,7109.0
48,4,7453.0678,7414.0
48,3,7651.2047,7607.95
48,2,31593.9,31451.07
48,1,32372.968,32341.587
49,49,6.9805521,5.7863558
49,48,17.213228,18.87041
49,47,25.160176,28.04415
49,46,53.04852,55.45
49,45,70.206313,69.3
49,44,88.721198,90.0
49,43,108.47404,109.0
49,42,129.38591,130.1
49,41,157.23193,156.0
49,40,180.83971,178.0
49,39,205.42298,201.0
49,38,231.02798,226.0
49,37,257.64366,249.0
49,36,347.88031,341.0
49,35,375.42977,368.0
49,34,403.6485,396.0
49,33,440.03472,425.0
49,32,475.22733,462.0
49,31,505.99473,497.1
49,30,558.45,560.0
49,29,587.45665,593.38
49,28,1044.9978,1043.0
49,27,1111.1921,1109.0
49,26,1179.1195,1181.0
49,25,1248.7823,1255.0
49,24,1320.1828,1328.0
49,23,1416.7905,1413.0
49,22,1496.6596,1496.0
49,21,1574.4091,1575.0
49,20,1653.9411,1659.0
49,19,1735.2597,1738.0
49,18,1978.5233,1961.0
49,17,2055.4867,2028.5
49,16,2133.7742,2111.0
49,15,2235.8421,2207.0
49,14,2359.7311,2317.0
49,13,2444.7948,2373.0
49,12,2579.1443,2555.0
49,11,2656.9386,2628.77
49,10,6130.9191,6126.0
49,9,6330.8549,6331.0
49,8,6533.8213,6554.0
49,7,6798.5341,6770.0
49,6,7234.5274,7196.0
49,5,7460.0425,7442.0
49,4,7795.2553,7754.0
49,3,7998.0156,7953.14
49,2,32988.98,32837.593
49,1,33784.065,33750.404
50,50,8.0724408,7.343918
50,49,15.171071,14.63307
50,48,28.083764,30.506
50,47,37.215443,40.74
50,46,73.167329,77.03
50,45,92.105957,94.0
50,44,112.27073,112.9
50,43,133.58422,135.0
50,42,155.99437,156.0
50,41,185.80565,184.0
50,40,210.85569,208.0
50,39,236.83409,232.0
50,38,263.81781,258.0
50,37,291.79988,282.0
50,36,386.43324,379.0
50,35,415.11673,407.0
50,34,444.4716,437.0
50,33,482.3479,466.0
50,32,519.39476,506.0
50,31,551.33213,537.0
50,30,606.10754,608.0
50,29,636.12115,642.35
50,28,1129.0692,1127.0
50,27,1197.5802,1195.0
50,26,1267.824,1269.0
50,25,1339.8031,1347.0
50,24,1413.5199,1421.0
50,23,1513.2292,1508.0
50,22,1596.0113,1596.0
50,21,1676.1235,1676.0
50,20,1758.0208,1763.0
50,19,1841.7075,1844.0
50,18,2091.3935,2074.0
50,17,2170.442,2142.1
50,16,2250.8187,2227.0
50,15,2355.5698,2326.0
50,14,2485.9994,2443.0
50,13,2573.36,2499.0
50,12,2711.7656,2687.0
50,11,2791.5058,2762.49
50,10,6425.7077,6421.0
50,9,6630.3849,6631.0
50,8,6838.1006,6859.0
50,7,7108.8869,7080.0
50,6,7570.8477,7531.0
50,5,7802.0447,7790.0
50,4,8146.0632,8103.0
50,3,8353.4792,8306.95
50,2,34417.458,34257.148
50,1,35228.572,35192.501
51,51,8.7977167,8.608389
51,50,16.806111,16.626
51,49,25.569183,25.3235
51,48,40.787844,43.804
51,47,50.900169,55.0
51,46,95.556619,99.51
51,45,116.13532,117.0
51,44,137.8522,139.0
51,43,160.65653,162.0
51,42,184.5139,185.0
51,41,216.24388,214.0
51,40,242.7154,238.0
51,39,270.06819,265.0
51,38,298.41449,292.0
51,37,327.75028,317.0
51,36,426.72184,420.0
51,35,456.53798,447.0
51,34,487.02807,479.0
51,33,526.39215,510.0
51,32,565.36463,552.0
51,31,598.47486,584.0
51,30,655.6078,657.0
51,29,686.62967,693.26
51,28,1216.1945,1214.0
51,27,1287.0198,1285.0
51,26,1359.5778,1360.0
51,25,1433.8713,1441.0
51,24,1509.9026,1518.0
51,23,1612.7108,1606.0
51,22,1698.464,1698.0
51,21,1780.9406,1781.0
51,20,1865.2053,1869.0
51,19,1951.2625,1954.0
51,18,2207.3606,2190.0
51,17,2288.4991,2266.0
51,16,2370.9702,2349.0
51,15,2478.4094,2428.0
51,14,2615.7348,2567.0
51,13,2705.4092,2654.0
51,12,2847.9366,2815.0
51,11,2929.6322,2900.0
51,10,6727.4532,6714.0
51,9,6936.8837,6929.0
51,8,7149.3607,7167.0
51,7,7426.2323,7390.0
51,6,7915.6869,7887.0
51,5,8152.6273,8140.0
51,4,8505.583,8455.0
51,3,8717.6881,8669.48
51,2,35879.64,35710.03
51,1,36706.795,36668.183
52,52,9.0326816,9.009808
52,51,17.92798,18.6
52,50,27.725497,27.84
52,49,37.815063,37.4155
52,48,55.104273,59.3
52,47,66.07123,69.1
52,46,120.0682,124.2
52,45,142.19022,143.0
52,44,165.39029,167.0
52,43,189.63517,191.1
52,42,214.90228,215.0
52,41,248.51529,245.0
52,40,276.39516,272.0
52,39,305.10664,299.0
52,38,334.80322,328.0
52,37,365.48297,354.0
52,36,468.74114,461.0
52,35,499.6894,491.0
52,34,531.31455,522.0
52,33,572.16492,555.0
52,32,613.13995,599.0
52,31,647.4265,633.0
52,30,706.95619,709.0
52,29,738.98793,746.12
52,28,1306.3704,1304.0
52,27,1379.5079,1377.0
52,26,1454.3785,1455.0
52,25,1530.9846,1538.0
52,24,1609.329,1618.0
52,23,1715.2336,1707.0
52,22,1804.0197,1803.0
52,21,1888.8629,1889.0
52,20,1975.4975,1979.0
52,19,2063.9276,2066.0
52,18,2326.4285,2309.0
52,17,2409.6624,2386.0
52,16,2494.2331,2472.0
52,15,2604.3653,2552.0
52,14,2748.9615,2700.0
52,13,2840.9675,2788.0
52,12,2987.6841,2954.0
52,11,3071.345,3041.0
52,10,7036.1636,7022.0
52,9,7250.3596,7243.0
52,8,7467.6104,7485.0
52,7,7750.5794,7714.0
52,6,8269.1332,8240.0
52,5,8511.8804,8499.0
52,4,8873.9092,8821.0
52,3,9090.7386,9040.83
52,2,37375.838,37196.52
52,1,38219.049,38177.74
53,53,10.178862,10.451236
53,52,18.347021,19.13126
53,51,29.17207,29.57
53,50,40.474613,40.357
53,49,51.68259,51.52
53,48,70.892598,74.4
53,47,82.633309,87.61
53,46,146.59869,150.81
53,45,170.19605,171.0
53,44,194.82983,197.0
53,43,220.47846,220.9
53,42,247.1274,247.0
53,41,282.59569,279.0
53,40,311.87668,307.0
53,39,341.9349,335.0
53,38,372.97231,365.0
53,37,404.98852,393.0
53,36,512.48734,505.0
53,35,544.56793,535.0
53,34,577.32855,569.0
53,33,619.66437,601.0
53,32,662.72454,649.0
53,31,698.19135,683.0
53,30,760.15876,762.0
53,29,793.20224,800.8
53,28,1399.5942,1397.0
53,27,1475.0423,1472.0
53,26,1552.2237,1553.0
53,25,1631.1412,1639.0
53,24,1711.7974,1720.0
53,23,1820.7961,1812.0
53,22,1912.6812,1911.0
53,21,1999.8934,1999.0
53,20,2088.9002,2093.0
53,19,2179.7061,2181.0
53,18,2448.6014,2431.0
53,17,2533.936,2510.0
53,16,2620.6119,2598.0
53,15,2733.4423,2680.0
53,14,2885.7047,2836.0
53,13,2980.0606,2926.0
53,12,3131.036,3096.0
53,11,3216.6726,3185.5
53,10,7351.8472,7337.0
53,9,7570.8213,7563.0
53,8,7792.8586,7811.0
53,7,8081.9375,8044.0
53,6,8631.2775,8601.0
53,5,8879.8976,8867.0
53,4,9251.1401,9196.0
53,3,9472.7303,9421.1
53,2,38906.377,38717.0
53,1,39765.663,39721.549
54,54,11.380658,12.1298437
54,53,20.045406,20.975
54,52,29.768086,31.05
54,51,42.201109,42.2
54,50,54.830418,54.1
54,49,67.024589,66.703
54,48,88.060058,91.6
54,47,100.52131,105.9778
54,46,175.0742,179.84
54,45,200.09826,202.0
54,44,226.12966,229.02
54,43,253.15474,255.0
54,42,281.16445,281.0
54,41,318.46618,314.0
54,40,349.1457,343.0
54,39,380.54155,374.0
54,38,412.91257,404.0
54,37,446.25948,434.0
54,36,557.95762,549.0
54,35,591.17128,582.0
54,34,625.06825,616.0
54,33,668.88921,650.0
54,32,714.12294,700.0
54,31,750.77438,736.0
54,30,815.22214,818.0
54,29,849.27949,857.0
54,28,1495.8636,1493.0
54,27,1573.6206,1571.0
54,26,1653.1116,1653.0
54,25,1734.3393,1742.0
54,24,1817.3062,1826.0
54,23,1929.397,1919.0
54,22,2024.4511,2023.0
54,21,2114.035,2113.0
54,20,2205.417,2209.0
54,19,2298.6015,2300.0
54,18,2573.8837,2556.0
54,17,2661.3246,2637.0
54,16,2750.1114,2726.0
54,15,2865.6453,2811.0
54,14,3025.9905,2975.0
54,13,3122.7152,3068.0
54,12,3278.0213,3243.0
54,11,3365.6444,3333.8
54,10,7674.5127,7660.0
54,9,7898.2778,7889.0
54,8,8125.1147,8144.0
54,7,8420.3164,8382.0
54,6,9002.2145,8971.0
54,5,9256.7758,9243.0
54,4,9637.3772,9581.0
54,3,9863.7664,9810.37
54,2,40471.595,40271.73
54,1,41346.976,41299.892
55,55,3.7835308,3.89390572743
55,54,21.807505,23.15745
55,53,31.981311,33.195
55,52,42.972657,43.0
55,51,56.799614,56.0
55,50,70.648249,69.1
55,49,83.74244,82.9
55,48,106.54376,110.1
55,47,119.68992,125.61
55,46,205.44086,213.3
55,45,231.85626,233.0
55,44,259.25859,261.0
55,43,287.6396,289.0
55,42,316.99407,316.0
55,41,356.11182,352.0
55,40,388.19105,382.0
55,39,420.91758,413.0
55,38,454.6167,445.0
55,37,489.28992,476.0
55,36,605.14995,597.0
55,35,639.49784,629.0
55,34,674.53241,666.0
55,33,719.83867,700.0
55,32,767.34034,753.0
55,31,805.18117,791.0
55,30,872.15351,875.0
55,29,907.22706,916.1
55,28,1595.1763,1592.0
55,27,1675.2411,1672.0
55,26,1757.0405,1757.0
55,25,1840.5773,1848.0
55,24,1925.8541,1936.0
55,23,2041.035,2029.0
55,22,2139.3327,2137.0
55,21,2231.2911,2230.0
55,20,2325.0511,2329.0
55,19,2420.6174,2422.0
55,18,2702.2799,2683.0
55,17,2791.8329,2767.0
55,16,2882.7363,2859.0
55,15,3000.9794,2945.0
55,14,3169.8459,3118.0
55,13,3268.9591,3214.0
55,12,3428.6698,3392.0
55,11,3518.2907,3485.0
55,10,8004.169,7989.0
55,9,8232.7384,8224.0
55,8,8464.3883,8484.0
55,7,8765.7258,8726.0
55,6,9382.0421,9350.0
55,5,9642.6156,9629.0
55,4,10032.726,9974.0
55,3,10263.954,10208.78
55,2,42071.84,41861.08
55,1,42963.339,42913.144
56,56,4.7550219,5.2116646
56,55,9.0277254,10.003826
56,54,34.262306,35.8438
56,53,45.677914,47.0
56,52,57.745417,58.0
56,51,72.826028,71.0
56,50,87.831535,86.0
56,49,101.76848,101.0
56,48,126.30025,130.5
56,47,140.10719,146.52
56,46,237.65868,241.0
56,45,265.43936,267.1
56,44,294.19264,296.0
56,43,323.914,325.0
56,42,354.60092,354.0
56,41,395.52065,390.0
56,40,429.00395,422.0
56,39,463.05591,455.0
56,38,498.07896,488.0
56,37,534.07519,520.0
56,36,654.06292,646.0
56,35,689.54654,679.0
56,34,725.72027,717.0
56,33,772.51234,752.0
56,32,822.3825,809.0
56,31,861.41785,846.0
56,30,930.96056,935.0
56,29,967.05287,976.62
56,28,1697.5305,1695.0
56,27,1779.902,1776.0
56,26,1864.0089,1864.0
56,25,1949.854,1958.0
56,24,2037.4398,2047.0
56,23,2155.7093,2142.0
56,22,2257.3293,2256.0
56,21,2351.6651,2349.0
56,20,2447.8064,2452.0
56,19,2545.7578,2547.0
56,18,2833.7947,2814.0
56,17,2925.4658,2901.0
56,16,3018.4919,2994.0
56,15,3139.4499,3081.0
56,14,3317.299,3266.0
56,13,3418.8212,3363.0
56,12,3583.0125,3546.0
56,11,3674.643,3640.0
56,10,8340.8252,8326.0
56,9,8574.2124,8565.0
56,8,8810.6892,8831.0
56,7,9118.1761,9077.0
56,6,9770.8621,9739.0
56,5,10037.521,10023.0
56,4,10437.296,10376.0
56,3,10673.405,10616.42
56,2,43707.474,43485.37
56,1,44615.118,44561.633
57,57,4.9569225,5.5769
57,56,9.7151259,11.18496
57,55,17.776254,19.1773
57,54,48.453692,49.95
57,53,60.925145,61.6
57,52,73.944547,74.0
57,51,90.185024,88.0
57,50,106.31429,105.0
57,49,121.05539,119.0
57,48,147.29912,151.4
57,47,161.75041,168.77
57,46,271.69745,275.0
57,45,300.824,303.0
57,44,330.91313,332.0
57,43,361.96293,364.0
57,42,393.97275,393.0
57,41,436.68306,431.0
57,40,471.57751,464.0
57,39,506.95096,498.0
57,38,543.29482,533.0
57,37,580.61164,566.0
57,36,704.69564,696.0
57,35,741.31678,731.0
57,34,778.63148,770.0
57,33,826.9102,806.0
57,32,879.25576,865.0
57,31,919.49106,906.0
57,30,991.65147,995.0
57,29,1028.7653,1039.09
57,28,1802.9247,1800.0
57,27,1887.602,1884.0
57,26,1974.0155,1974.0
57,25,2062.1681,2069.0
57,24,2152.0624,2162.0
57,23,2273.4189,2259.0
57,22,2378.4444,2377.0
57,21,2475.1609,2473.0
57,20,2573.6868,2577.0
57,19,2674.0268,2674.0
57,18,2968.4332,2950.0
57,17,3062.2285,3036.0
57,16,3157.3835,3133.0
57,15,3281.0624,3222.0
57,14,3468.3789,3416.0
57,13,3572.3313,3515.0
57,12,3741.0816,3704.0
57,11,3834.734,3800.0
57,10,8684.4909,8669.0
57,9,8922.7099,8914.0
57,8,9164.0276,9184.0
57,7,9477.6776,9437.0
57,6,10168.78,10136.0
57,5,10441.601,10426.0
57,4,10851.2,10789.0
57,3,11092.233,11033.4
57,2,45378.87,45145.0
57,1,46302.689,46245.77
58,58,5.1007971,5.5386
58,57,9.7863148,10.956
58,56,21.33965,20.1974
58,55,35.434357,36.906
58,54,64.17745,65.55
58,53,77.584419,77.6
58,52,91.474541,91.0
58,51,108.81084,106.0
58,50,126.05057,125.0
58,49,141.56962,140.0
58,48,169.51895,172.0
58,47,184.60341,192.24
58,46,307.53409,312.0
58,45,337.99188,340.0
58,44,369.40536,371.0
58,43,401.77441,403.0
58,42,435.09969,435.0
58,41,479.59123,472.0
58,40,515.90632,509.0
58,39,552.59835,543.0
58,38,590.26079,579.0
58,37,628.89647,613.0
58,36,757.04766,749.0
58,35,794.80835,785.0
58,34,833.26602,824.0
58,33,883.03251,862.0
58,32,937.96693,924.0
58,31,979.40796,965.0
58,30,1054.2349,1060.0
58,29,1092.3731,1103.5
58,28,1911.3573,1908.0
58,27,1998.3396,1994.0
58,26,2087.0591,2087.0
58,25,2177.5186,2185.0
58,24,2269.7208,2280.0
58,23,2394.1629,2378.0
58,22,2502.6819,2500.0
58,21,2601.7824,2600.0
58,20,2702.6965,2706.0
58,19,2805.4287,2806.0
58,18,3106.2005,3087.0
58,17,3202.1262,3176.0
58,16,3299.4165,3274.0
58,15,3425.8223,3366.0
58,14,3623.1158,3570.0
58,13,3729.5204,3672.0
58,12,3902.9102,3865.0
58,11,3998.5973,3963.0
58,10,9035.1757,9020.0
58,9,9278.2408,9269.0
58,8,9524.4138,9545.0
58,7,9844.2413,9803.0
58,6,10575.904,10542.0
58,5,10854.967,10840.0
58,4,11274.556,11210.0
58,3,11520.558,11459.85
58,2,47086.418,46840.31
58,1,48026.444,47965.89
59,59,5.1829408,5.4702
59,58,9.7346365,10.631
59,57,22.008707,21.6237
59,56,36.350685,38.981
59,55,53.072238,57.53
59,54,81.298463,82.0
59,53,93.478216,97.0
59,52,111.10725,112.0
59,51,125.17297,131.0
59,50,147.00798,148.0
59,49,163.28716,162.0
59,48,192.94468,196.0
59,47,208.65474,217.02
59,46,345.15066,350.0
59,45,376.92862,378.0
59,44,409.65762,412.0
59,43,443.33879,445.0
59,42,477.97373,478.0
59,41,524.23876,516.0
59,40,561.98618,554.0
59,39,599.99472,590.0
59,38,638.97417,627.0
59,37,678.92759,663.0
59,36,811.1189,803.0
59,35,850.02134,840.0
59,34,889.62421,880.0
59,33,940.87982,920.0
59,32,998.52335,985.0
59,31,1041.1762,1028.0
59,30,1118.72,1124.0
59,29,1157.8857,1169.9
59,28,2022.827,2019.0
59,27,2112.1137,2108.0
59,26,2203.1386,2202.0
59,25,2295.9046,2304.0
59,24,2390.4142,2400.0
59,23,2517.9406,2501.0
59,22,2630.0457,2628.0
59,21,2731.5339,2729.0
59,20,2834.8398,2838.0
59,19,2939.9681,2941.0
59,18,3247.1019,3227.0
59,17,3345.1645,3319.0
59,16,3444.5966,3419.0
59,15,3573.7358,3512.0
59,14,3781.541,3729.0
59,13,3890.4205,3832.0
59,12,4068.5328,4030.0
59,11,4166.2679,4130.0
59,10,9392.8898,9378.0
59,9,9640.8155,9632.0
59,8,9891.8588,9913.0
59,7,10217.878,10175.0
59,6,10992.349,10959.0
59,5,11277.735,11262.0
59,4,11707.486,11641.0
59,3,11958.504,11895.89
59,2,48830.518,48571.71
59,1,49786.789,49722.44
60,60,5.3328498,5.52475
60,59,9.9800406,10.783
60,58,22.687942,22.09
60,57,37.278653,40.6
60,56,67.12935,60.0
60,55,81.075654,84.0
60,54,95.496486,99.0
60,53,113.42024,114.0
60,52,131.5351,136.0
60,51,147.57234,152.0
60,50,170.40179,168.0
60,49,197.47963,195.0
60,48,217.56578,221.0
60,47,233.89645,243.0
60,46,384.53315,389.0
60,45,417.6228,420.0
60,44,451.66051,453.0
60,43,486.64827,489.0
60,42,522.5883,522.0
60,41,570.62036,562.0
60,40,609.81385,602.0
60,39,649.1375,638.0
60,38,689.43296,678.0
60,37,730.70346,714.0
60,36,866.90962,859.0
60,35,906.95618,896.0
60,34,947.7066,939.0
60,33,1000.4529,978.0
60,32,1060.9328,1049.0
60,31,1104.8038,1092.0
60,30,1185.1162,1191.0
60,29,1225.3128,1238.42
60,28,2137.3329,2134.0
60,27,2228.9234,2224.0
60,26,2322.2532,2321.0
60,25,2417.3252,2425.0
60,24,2514.1418,2525.0
60,23,2644.7515,2627.0
60,22,2760.5401,2758.0
60,21,2864.4197,2861.0
60,20,2970.1213,2974.0
60,19,3077.6496,3078.0
60,18,3391.1429,3371.0
60,17,3491.3491,3465.0
60,16,3592.9298,3567.0
60,15,3724.8086,3662.0
60,14,3943.6869,3891.0
60,13,4055.0648,3997.0
60,12,4237.985,4198.0
60,11,4337.7819,4302.0
60,10,9757.6433,9742.0
60,9,10010.445,10002.0
60,8,10266.373,10288.0
60,7,10598.599,10555.0
60,6,11418.232,11384.0
60,5,11710.026,11694.0
60,4,12150.115,12082.0
60,3,12406.2,12341.66
60,2,50611.588,50339.59
60,1,51584.144,51515.78
61,61,5.4865732,5.58187
61,60,10.230536,10.938
61,59,23.377379,22.44
61,58,38.218288,41.17
61,57,68.620034,61.7
61,56,82.839474,85.0
61,55,97.528884,101.0
61,54,115.74934,116.0
61,53,134.32096,138.0
61,52,150.62027,155.0
61,51,172.88816,174.0
61,50,200.20151,202.0
61,49,228.93634,229.0
61,48,243.37509,248.0
61,47,260.32322,269.0
61,46,425.67041,430.0
61,45,460.06529,462.0
61,44,495.40644,497.0
61,43,531.69644,534.0
61,42,568.93798,569.0
61,41,618.73169,609.0
61,40,659.38689,651.0
61,39,700.0248,689.0
61,38,741.63575,730.0
61,37,784.22306,767.0
61,36,924.42033,916.0
61,35,965.61353,956.0
61,34,1007.514,998.0
61,33,1061.7527,1040.0
61,32,1125.2036,1113.0
61,31,1170.2993,1158.0
61,30,1253.4337,1261.0
61,29,1294.6645,1308.7
61,28,2254.8737,2251.0
61,27,2348.7676,2344.0
61,26,2444.402,2443.0
61,25,2541.7797,2549.0
61,24,2640.9031,2652.0
61,23,2774.5949,2755.0
61,22,2894.1695,2892.0
61,21,3000.4444,2997.0
61,20,3108.5457,3112.0
61,19,3218.4783,3219.0
61,18,3538.3293,3519.0
61,17,3640.6858,3613.0
61,16,3744.4219,3718.0
61,15,3879.0473,3816.0
61,14,4109.5871,4056.0
61,13,4223.4877,4166.0
61,12,4411.3035,4371.0
61,11,4513.1769,4476.0
61,10,10129.447,10115.0
61,9,10387.139,10378.0
61,8,10647.969,10671.0
61,7,10986.417,10942.0
61,6,11853.675,11819.0
61,5,12151.965,12136.0
61,4,12602.575,12532.0
61,3,12863.778,12797.26
61,2,52430.059,52144.29
61,1,53418.946,53346.31
62,62,5.6442236,5.643722
62,61,10.486253,11.078
62,60,24.077043,23.55
62,59,39.169622,41.64
62,58,56.644062,62.7
62,57,86.646294,87.0
62,56,99.57493,103.0
62,55,118.09407,118.0
62,54,137.13586,141.0
62,53,153.69924,158.0
62,52,175.39295,179.0
62,51,202.94249,208.0
62,50,231.91156,237.0
62,49,248.2386,257.0
62,48,265.40453,276.0
62,47,317.28214,306.5
62,46,468.55357,474.0
62,45,504.24868,506.0
62,44,540.88919,543.0
62,43,578.47808,581.0
62,42,617.01829,617.0
62,41,668.56909,658.0
62,40,710.70352,702.0
62,39,752.6553,742.0
62,38,795.5816,782.0
62,37,839.48581,822.0
62,36,983.65179,976.0
62,35,1025.9943,1016.0
62,34,1069.0474,1060.0
62,33,1124.7805,1103.0
62,32,1191.3443,1180.0
62,31,1237.6717,1226.0
62,30,1323.6828,1332.0
62,29,1365.9515,1381.56
62,28,2375.4488,2371.0
62,27,2471.6457,2466.0
62,26,2569.5844,2569.0
62,25,2669.2674,2676.0
62,24,2770.6975,2782.0
62,23,2907.4704,2887.0
62,22,3030.9386,3028.0
62,21,3139.6128,3137.0
62,20,3250.118,3253.0
62,19,3362.4592,3363.0
62,18,3688.667,3669.0
62,17,3793.1808,3766.0
62,16,3899.0794,3873.0
62,15,4036.458,3971.0
62,14,4279.2763,4227.0
62,13,4395.725,4337.0
62,12,4588.5266,4548.0
62,11,4692.4914,4655.0
62,10,10508.312,10494.0
62,9,10770.911,10762.0
62,8,11036.657,11060.0
62,7,11381.342,11337.0
62,6,12298.803,12264.0
62,5,12603.682,12588.0
62,4,13065.002,12992.0
62,3,13331.376,13262.85
62,2,54286.379,53986.12
62,1,55291.647,55214.3
63,63,5.8059167,5.670385
63,62,10.747326,11.24
63,61,24.786222,24.84
63,60,40.132684,42.94
63,59,71.628594,63.2
63,58,86.401173,89.0
63,57,101.63413,105.0
63,56,120.45391,120.0
63,55,139.97978,144.0
63,54,156.80924,161.0
63,53,177.91619,183.0
63,52,205.70262,213.0
63,51,234.90657,243.0
63,50,253.17786,263.0
63,49,270.56256,281.0
63,48,320.9124,311.0
63,47,355.12638,344.4
63,46,513.17546,518.0
63,45,550.16698,553.0
63,44,588.10369,590.0
63,43,626.98882,630.0
63,42,666.8255,667.0
63,41,720.12954,709.0
63,40,763.76253,755.0
63,39,807.02815,795.0
63,38,851.26998,838.0
63,37,896.49148,879.0
63,36,1044.605,1037.0
63,35,1088.0995,1078.0
63,34,1132.308,1124.0
63,33,1189.5375,1167.0
63,32,1259.3641,1249.0
63,31,1306.9305,1296.0
63,30,1395.8745,1406.0
63,29,1439.1848,1456.06
63,28,2499.0572,2495.0
63,27,2597.5569,2591.0
63,26,2697.7996,2697.0
63,25,2799.7879,2807.0
63,24,2903.5243,2914.0
63,23,3043.3775,3022.0
63,22,3170.852,3168.0
63,21,3281.9299,3279.0
63,20,3394.8433,3398.0
63,19,3509.5975,3510.0
63,18,3842.162,3823.0
63,17,3948.8402,3921.0
63,16,4056.9086,4031.0
63,15,4197.0475,4131.0
63,14,4452.7905,4400.0
63,13,4571.8134,4513.0
63,12,4769.6936,4729.0
63,11,4875.7657,4838.0
63,10,10894.249,10880.0
63,9,11161.77,11153.0
63,8,11432.449,11457.0
63,7,11783.388,11739.0
63,6,12753.749,12718.0
63,5,13065.311,13050.0
63,4,13537.537,13462.0
63,3,13809.139,13738.58
63,2,56181.013,55865.93
63,1,57202.716,57120.64
64,64,6.0441166,6.1498
64,63,11.13112,12.076
64,62,19.119552,20.54
64,61,41.105436,44.44
64,60,73.145519,64.8
64,59,88.198073,89.0
64,58,103.70597,106.0
64,57,122.82835,123.0
64,56,135.58484,144.0
64,55,162.52973,165.0
64,54,180.10644,183.0
64,53,208.48195,213.0
64,52,236.03459,246.0
64,51,259.71961,268.0
64,50,280.888,288.0
64,49,324.56405,319.0
64,48,359.00643,352.0
64,47,394.77924,384.4
64,46,559.53027,565.0
64,45,597.81527,601.0
64,44,637.04573,639.0
64,43,677.22506,680.0
64,42,718.35649,719.0
64,41,773.41049,761.0
64,40,818.56315,810.0
64,39,863.14291,851.0
64,38,908.70075,895.0
64,37,955.24014,937.0
64,36,1107.2811,1100.0
64,35,1151.9305,1142.0
64,34,1197.2972,1189.0
64,33,1256.0254,1233.0
64,32,1329.2727,1321.0
64,31,1378.0854,1368.0
64,30,1470.02,1481.0
64,29,1514.376,1532.3
64,28,2625.6984,2621.0
64,27,2726.5006,2720.0
64,26,2829.0471,2827.0
64,25,2933.3405,2941.0
64,24,3039.3833,3050.0
64,23,3182.3159,3160.0
64,22,3313.915,3312.0
64,21,3427.4008,3424.0
64,20,3542.7269,3546.0
64,19,3659.8987,3660.0
64,18,3998.8205,3980.0
64,17,4107.6706,4080.0
64,16,4217.9161,4191.0
64,15,4360.8225,4294.0
64,14,4630.1672,4578.0
64,13,4751.7913,4693.0
64,12,4954.8455,4914.0
64,11,5063.0413,5025.0
64,10,11287.27,11273.0
64,9,11559.73,11552.0
64,8,11835.358,11861.0
64,7,12192.567,12147.0
64,6,13218.649,13183.0
64,5,13536.993,13521.0
64,4,14020.326,13943.0
64,3,14297.215,14224.57
64,2,58114.441,57783.91
64,1,59152.639,59065.54
65,65,6.1419092,5.8638
65,64,11.286088,11.513
65,63,24.212316,21.82
65,62,39.507649,39.33
65,61,74.670218,66.5
65,60,90.004997,90.0
65,59,89.806182,108.0
65,58,125.21686,125.0
65,57,137.69439,143.0
65,56,165.72711,168.0
65,55,183.5689,186.0
65,54,211.28052,216.0
65,53,240.95611,250.0
65,52,263.29013,273.0
65,51,294.90625,294.0
65,50,328.23713,325.0
65,49,362.90839,358.0
65,48,398.90867,393.0
65,47,436.229,426.6
65,46,607.61327,613.0
65,45,647.18949,651.0
65,44,687.71184,690.0
65,43,729.1838,732.0
65,42,771.60866,772.0
65,41,828.4098,816.0
65,40,875.10504,866.0
65,39,920.9995,909.0
65,38,967.87405,954.0
65,37,1015.7322,997.0
65,36,1171.6815,1165.0
65,35,1217.4887,1208.0
65,34,1264.0165,1256.0
65,33,1324.2457,1301.0
65,32,1401.0799,1393.0
65,31,1451.1468,1443.0
65,30,1546.1312,1559.0
65,29,1591.537,1610.4
65,28,2755.3716,2750.0
65,27,2858.4763,2852.0
65,26,2963.3265,2961.0
65,25,3069.9249,3078.0
65,24,3178.274,3189.0
65,23,3324.2852,3300.0
65,22,3460.1325,3458.0
65,21,3576.0308,3573.0
65,20,3693.7743,3698.0
65,19,3813.3685,3814.0
65,18,4158.6492,4139.0
65,17,4269.6785,4242.0
65,16,4382.1088,4355.0
65,15,4527.7901,4460.0
65,14,4811.4448,4760.0
65,13,4935.6983,4877.0
65,12,5144.0246,5103.0
65,11,5254.3611,5217.0
65,10,11687.386,11673.0
65,9,11964.802,11957.0
65,8,12245.396,12272.0
65,7,12608.891,12563.0
65,6,13693.644,13658.0
65,5,14018.872,14003.0
65,4,14513.521,14434.0
65,3,14795.758,14721.02
65,2,60087.163,59741.12
65,1,61141.923,61050.1
66,66,6.316456,5.939061
66,65,11.564065,11.647
66,64,24.930514,22.89
66,63,40.481571,41.23
66,62,76.202179,62.1
66,61,91.821421,93.0
66,60,107.8855,110.0
66,59,111.01623,127.0
66,58,148.68556,152.0
66,57,166.32522,170.0
66,56,180.07292,192.0
66,55,214.04021,224.0
66,54,245.7243,259.0
66,53,270.7142,279.0
66,52,291.73176,300.0
66,51,331.9317,332.0
66,50,366.83232,366.0
66,49,403.06051,399.0
66,48,440.60741,431.0
66,47,479.46604,464.9
66,46,657.42055,664.0
66,45,698.2863,702.0
66,44,740.09912,743.0
66,43,782.86252,786.0
66,42,826.57979,827.0
66,41,885.12569,872.0
66,40,933.38819,924.0
66,39,980.59815,969.0
66,38,1028.7903,1014.0
66,37,1077.9682,1059.0
66,36,1237.8076,1232.0
66,35,1284.7756,1275.0
66,34,1332.4676,1325.0
66,33,1394.2003,1371.0
66,32,1474.7963,1468.0
66,31,1526.1254,1520.0
66,30,1624.2204,1638.0
66,29,1670.6803,1691.7
66,28,2888.0764,2882.0
66,27,2993.4834,2987.0
66,26,3100.6373,3098.0
66,25,3209.5407,3217.0
66,24,3320.196,3331.0
66,23,3469.2853,3445.0
66,22,3609.51,3607.0
66,21,3727.8255,3725.0
66,20,3847.9912,3852.0
66,19,3970.0127,3970.0
66,18,4321.6545,4303.0
66,17,4434.8708,4407.0
66,16,4549.4936,4523.0
66,15,4697.9573,4629.0
66,14,4996.6635,4945.0
66,13,5123.5754,5066.0
66,12,5337.2746,5296.0
66,11,5449.7696,5412.0
66,10,12094.609,12081.0
66,9,12376.998,12370.0
66,8,12662.576,12690.0
66,7,13032.374,12986.0
66,6,14178.88,14144.0
66,5,14511.099,14495.0
66,4,15017.279,14936.0
66,3,15304.929,15228.06
66,2,62099.699,61736.62
66,1,63171.091,63073.23
67,67,6.4955404,6.0215
67,66,11.847968,11.781
67,65,25.659078,22.79
67,64,41.467351,42.52
67,63,77.74088,63.9
67,62,93.646806,95.0
67,61,109.99209,112.0
67,60,130.03388,129.0
67,59,133.80786,155.0
67,58,169.55916,173.0
67,57,182.63754,197.0
67,56,210.94722,229.0
67,55,247.00776,263.0
67,54,273.72534,284.0
67,53,306.66089,305.0
67,52,321.35722,340.0
67,51,370.77827,373.0
67,50,407.23482,408.0
67,49,445.00873,441.0
67,48,484.09311,475.0
67,47,524.48253,510.0
67,46,708.94891,715.0
67,45,751.10293,755.0
67,44,794.20517,797.0
67,43,838.25911,842.0
67,42,883.26805,885.0
67,41,943.55664,929.0
67,40,993.41288,985.0
67,39,1041.9393,1029.0
67,38,1091.4503,1077.0
67,37,1141.9491,1122.0
67,36,1305.6611,1300.0
67,35,1353.7932,1346.0
67,34,1402.6524,1395.0
67,33,1465.8911,1443.0
67,32,1550.4326,1545.0
67,31,1603.0323,1598.0
67,30,1704.3001,1719.0
67,29,1751.8187,1773.6
67,28,3023.8123,3018.0
67,27,3131.5216,3125.0
67,26,3240.9791,3238.0
67,25,3352.1875,3359.0
67,24,3465.1492,3476.0
67,23,3617.3158,3592.0
67,22,3762.0531,3760.0
67,21,3882.7905,3880.0
67,20,4005.3834,4009.0
67,19,4129.8373,4131.0
67,18,4487.8434,4469.0
67,17,4603.2545,4576.0
67,16,4720.0777,4693.0
67,15,4871.3316,4802.0
67,14,5185.8647,5135.0
67,13,5315.4651,5258.0
67,12,5534.6409,5494.0
67,11,5649.3129,5611.0
67,10,12508.953,12495.0
67,9,12796.332,12790.0
67,8,13086.911,13116.0
67,7,13463.029,13417.0
67,6,14674.509,14639.0
67,5,15013.829,14998.0
67,4,15531.765,15448.0
67,3,15824.895,15745.77
67,2,64152.586,63772.42
67,1,65240.689,65137.13
68,68,6.6792943,6.1077
68,67,12.13795,11.916
68,66,26.398039,22.7
68,65,42.465023,42.42
68,64,79.285782,65.1
68,63,95.480597,96.0
68,62,112.10914,114.0
68,61,132.46126,131.0
68,60,154.63427,158.0
68,59,172.82405,177.0
68,58,185.22083,201.0
68,57,213.76993,235.0
68,56,243.73074,268.0
68,55,279.06844,290.0
68,54,297.5608,311.0
68,53,339.23852,345.0
68,52,374.7463,381.0
68,51,411.43166,415.0
68,50,449.43299,450.0
68,49,488.74352,486.0
68,48,529.35793,520.0
68,47,571.27203,555.0
68,46,762.1957,770.0
68,45,805.63707,810.0
68,44,850.02795,853.0
68,43,895.37181,899.0
68,42,941.67189,943.0
68,41,1003.7014,989.0
68,40,1055.1797,1046.0
68,39,1105.0238,1092.0
68,38,1155.8547,1142.0
68,37,1207.6759,1188.0
68,36,1375.2439,1370.0
68,35,1424.5431,1416.0
68,34,1474.5728,1468.0
68,33,1539.3203,1516.0
68,32,1628.0004,1625.0
68,31,1681.8792,1678.0
68,30,1786.3835,1803.0
68,29,1834.9655,1858.5
68,28,3162.5789,3157.0
68,27,3272.5905,3265.0
68,26,3384.3517,3381.0
68,25,3497.8651,3505.0
68,24,3613.1332,3624.0
68,23,3768.3767,3742.0
68,22,3917.7675,3916.0
68,21,4040.9318,4038.0
68,20,4165.957,4170.0
68,19,4292.8484,4294.0
68,18,4657.2229,4639.0
68,17,4774.8367,4748.0
68,16,4893.8685,4866.0
68,15,5047.9206,4978.0
68,14,5379.0914,5329.0
68,13,5511.4114,5455.0
68,12,5736.1704,5695.0
68,11,5853.0388,5815.0
68,10,12930.429,12918.0
68,9,13222.816,13217.0
68,8,13518.414,13548.0
68,7,13900.87,13855.0
68,6,15180.691,15146.0
68,5,15527.227,15511.0
68,4,16057.149,15971.0
68,3,16355.829,16274.56
68,2,66246.384,65848.24
68,1,67351.281,67241.48
69,69,6.8678532,6.184402
69,68,12.434167,12.065
69,67,27.14743,23.66
69,66,43.474624,42.41
69,65,80.836332,65.4
69,64,97.322227,98.0
69,63,114.23609,116.0
69,62,134.90042,133.0
69,61,157.65203,160.0
69,60,176.11988,180.0
69,59,187.82285,205.0
69,58,216.61207,239.0
69,57,260.86625,274.0
69,56,279.22863,295.0
69,55,301.68911,317.0
69,54,335.52656,352.0
69,53,378.55319,387.0
69,52,415.65109,424.0
69,51,453.88028,460.0
69,50,493.41736,496.0
69,49,534.25712,530.0
69,48,576.39548,570.0
69,47,619.82928,603.0
69,46,817.15871,825.0
69,45,861.88679,866.0
69,44,907.5658,911.0
69,43,954.19913,958.0
69,42,1001.79,1004.0
69,41,1065.5589,1050.0
69,40,1118.6894,1110.0
69,39,1169.8525,1157.0
69,38,1222.0049,1207.0
69,37,1275.1498,1255.0
69,36,1446.5578,1442.0
69,35,1497.0275,1490.0
69,34,1548.2308,1542.0
69,33,1614.4899,1591.0
69,32,1707.5112,1706.0
69,31,1762.6781,1761.0
69,30,1870.4843,1889.0
69,29,1920.1345,1945.2
69,28,3304.3758,3298.0
69,27,3416.6897,3409.0
69,26,3530.7547,3528.0
69,25,3646.5732,3653.0
69,24,3764.1479,3775.0
69,23,3922.4676,3895.0
69,22,4076.659,4075.0
69,21,4202.2554,4199.0
69,20,4329.7181,4335.0
69,19,4459.0525,4461.0
69,18,4829.8001,4812.0
69,17,4949.625,4922.0
69,16,5070.8736,5044.0
69,15,5227.7318,5157.0
69,14,5576.388,5527.0
69,13,5711.4599,5656.0
69,12,5941.9117,5901.0
69,11,6060.9967,6023.0
69,10,13359.051,13347.0
69,9,13656.463,13651.0
69,8,13957.099,13988.0
69,7,14345.911,14300.0
69,6,15697.589,15663.0
69,5,16051.46,16036.0
69,4,16593.607,16510.0
69,3,16897.911,16814.34
69,2,68381.672,67965.25
69,1,69503.457,69387.45
70,70,7.0613558,6.25416
70,69,12.73678,12.179185
70,68,27.907282,25.053
70,67,44.496191,43.61
70,66,82.391962,65.6
70,65,99.171113,99.0
70,64,116.37233,117.0
70,63,137.35078,135.0
70,62,160.6987,163.0
70,61,179.44663,182.0
70,60,190.44363,209.0
70,59,219.47366,244.0
70,58,266.08278,279.0
70,57,284.6761,301.0
70,56,305.20067,324.0
70,55,339.27023,360.0
70,54,374.67235,396.0
70,53,419.66768,431.0
70,52,458.35063,469.0
70,51,498.11467,505.0
70,50,539.18017,540.0
70,49,581.54315,580.0
70,48,625.20053,610.0
70,47,670.14997,651.0
70,46,873.83612,882.0
70,45,919.8505,924.0
70,44,966.81729,971.0
70,43,1014.7398,1019.0
70,42,1063.6213,1065.0
70,41,1129.1282,1114.0
70,40,1183.943,1175.0
70,39,1236.4266,1224.0
70,38,1289.9019,1275.0
70,37,1344.3723,1324.0
70,36,1519.605,1516.0
70,35,1571.2484,1564.0
70,34,1623.6288,1618.0
70,33,1691.4023,1668.0
70,32,1788.9773,1789.0
70,31,1845.4416,1845.0
70,30,1956.6166,1978.0
70,29,2007.3401,2036.4
70,28,3449.2027,3443.0
70,27,3563.8191,3555.0
70,26,3680.1879,3677.0
70,25,3798.3118,3805.0
70,24,3918.1931,3929.0
70,23,4079.5887,4051.0
70,22,4238.7338,4238.0
70,21,4366.7676,4364.0
70,20,4496.6731,4502.0
70,19,4628.456,4630.0
70,18,5005.5825,4988.0
70,17,5127.6267,5101.0
70,16,5251.1007,5224.0
70,15,5410.7734,5339.0
70,14,5777.8007,5731.0
70,13,5915.658,5860.0
70,12,6151.9152,6111.0
70,11,6273.2377,6236.0
70,10,13794.832,13784.0
70,9,14097.288,14093.0
70,8,14402.98,14435.0
70,7,14798.167,14752.0
70,6,16225.374,16191.0
70,5,16586.704,16570.0
70,4,17141.323,17050.0
70,3,17451.329,17365.44
70,2,70559.054,70123.04
70,1,71697.827,71574.63
71,71,6.1053562,5.425871
71,70,14.604465,14.13
71,69,21.626372,20.9594
71,68,45.52976,45.249
71,67,64.797736,66.8
71,66,103.21558,98.0
71,65,118.51725,117.0
71,64,139.81169,136.0
71,63,145.94937,159.0
71,62,185.5614,185.0
71,61,205.03279,205.0
71,60,222.35478,238.0
71,59,253.03093,276.0
71,58,295.62193,305.0
71,57,314.78941,328.0
71,56,343.03561,361.0
71,55,378.6686,399.0
71,54,415.62089,438.0
71,53,462.5699,476.0
71,52,502.83552,520.0
71,51,544.12714,560.0
71,50,586.7151,600.0
71,49,630.59641,630.0
71,48,675.76882,670.0
71,47,722.23062,713.0
71,46,932.22641,941.0
71,45,979.52685,985.0
71,44,1027.7813,1032.0
71,43,1076.9929,1081.0
71,42,1127.1648,1130.0
71,41,1194.4087,1178.0
71,40,1250.9417,1242.0
71,39,1304.7474,1292.0
71,38,1359.5473,1345.0
71,37,1415.3448,1395.0
71,36,1594.3875,1591.0
71,35,1647.2081,1641.0
71,34,1700.769,1696.0
71,33,1770.06,1747.0
71,32,1872.4114,1875.0
71,31,1930.1826,1933.0
71,30,2044.7949,2067.0
71,29,2096.5972,2125.5
71,28,3597.0594,3590.0
71,27,3713.9783,3706.0
71,26,3832.6512,3828.0
71,25,3953.0805,3960.0
71,24,4075.2688,4086.0
71,23,4239.7397,4211.0
71,22,4403.9981,4403.0
71,21,4534.4747,4532.0
71,20,4666.8286,4673.0
71,19,4801.0657,4803.0
71,18,5184.5776,5168.0
71,17,5308.8497,5282.0
71,16,5434.5577,5408.0
71,15,5597.0533,5525.0
71,14,5983.3772,5937.0
71,13,6124.0545,6070.0
71,12,6366.233,6326.0
71,11,6489.815,6452.0
71,10,14237.786,14228.0
71,9,14545.305,14542.0
71,8,14856.072,14890.0
71,7,15257.651,15211.0
71,6,16764.224,16730.0
71,5,17133.142,17120.0
71,4,17700.488,17610.0
71,3,18016.276,17928.05
71,2,72779.158,72322.87
71,1,73935.026,73804.35
72,72,6.7499778,6.82507
72,71,15.090815,14.61
72,70,21.764615,22.55
72,69,33.722614,33.37
72,68,66.107438,68.37
72,67,105.09329,98.0
72,66,122.99702,118.0
72,65,141.2702,137.0
72,64,163.59512,157.0
72,63,175.27758,187.0
72,62,211.61023,209.0
72,61,231.79422,230.0
72,60,256.17135,270.0
72,59,301.32093,310.0
72,58,320.7151,334.0
72,57,346.82278,359.0
72,56,382.68712,399.0
72,55,419.8691,440.0
72,54,458.35975,481.0
72,53,507.24991,520.0
72,52,549.09809,570.0
72,51,591.91139,610.0
72,50,636.01698,650.0
72,49,681.41268,690.0
72,48,728.09687,730.0
72,47,776.06843,772.0
72,46,992.32833,1002.0
72,45,1040.9147,1047.0
72,44,1090.4567,1094.0
72,43,1140.9574,1146.0
72,42,1192.4199,1195.0
72,41,1261.3997,1245.0
72,40,1319.6869,1311.0
72,39,1374.8165,1362.0
72,38,1430.9427,1417.0
72,37,1488.0692,1467.0
72,36,1670.9078,1669.0
72,35,1724.909,1719.0
72,34,1779.6538,1776.0
72,33,1850.4654,1827.0
72,32,1957.8267,1963.0
72,31,2016.9147,2022.0
72,30,2135.0344,2159.0
72,29,2187.9209,2218.9
72,28,3747.9456,3741.0
72,27,3867.1673,3858.0
72,26,3988.1444,3984.0
72,25,4110.8794,4118.0
72,24,4235.3748,4246.0
72,23,4402.9206,4372.0
72,22,4572.4584,4573.0
72,21,4705.3833,4703.0
72,20,4840.1914,4846.0
72,19,4976.8885,4980.0
72,18,5366.7933,5350.0
72,17,5493.302,5468.0
72,16,5621.2528,5595.0
72,15,5786.5801,5713.0
72,14,6193.1671,6149.0
72,13,6336.7003,6284.0
72,12,6584.9193,6545.0
72,11,6710.7836,6674.0
72,10,14687.925,14678.0
72,9,15000.527,14999.0
72,8,15316.388,15351.0
72,7,15724.38,15680.0
72,6,17314.323,17280.0
72,5,17690.962,17680.0
72,4,18271.302,18180.0
72,3,18592.957,18502.32
72,2,75042.635,74565.91
72,1,76215.717,76077.7
73,73,7.9365493,7.549571
73,72,14.097324,16.2
73,71,23.037519,23.1
73,70,35.345225,35.0
73,69,49.021732,48.272
73,68,89.287305,94.01
73,67,127.53778,119.0
73,66,146.20879,139.0
73,65,165.22288,159.0
73,64,188.54237,180.0
73,63,215.36057,213.0
73,62,235.81894,235.0
73,61,259.33205,262.0
73,60,291.85918,304.0
73,59,332.44148,338.0
73,58,352.40568,363.0
73,57,386.72795,396.0
73,56,424.14009,439.0
73,55,462.85934,482.0
73,54,502.8787,530.0
73,53,553.69948,570.0
73,52,597.13209,610.0
73,51,641.4623,660.0
73,50,687.08162,700.0
73,49,733.98852,750.0
73,48,782.18194,790.0
73,47,831.66117,832.0
73,46,1054.1408,1064.0
73,45,1104.0133,1110.0
73,44,1154.8429,1160.0
73,43,1206.6327,1211.0
73,42,1259.3859,1262.0
73,41,1330.1008,1313.0
73,40,1390.1801,1382.0
73,39,1446.6353,1434.0
73,38,1504.0899,1490.0
73,37,1562.5472,1542.0
73,36,1749.1681,1748.0
73,35,1804.3536,1799.0
73,34,1860.2859,1857.0
73,33,1932.6213,1910.0
73,32,2045.2368,2053.0
73,31,2105.6517,2113.0
73,30,2227.3506,2254.0
73,29,2281.3271,2314.7
73,28,3901.8613,3898.7
73,27,4023.3859,4014.0
73,26,4146.6673,4143.0
73,25,4271.7082,4278.0
73,24,4398.5111,4410.0
73,23,4569.1315,4537.0
73,22,4744.1213,4745.0
73,21,4879.5003,4877.0
73,20,5016.7683,5024.0
73,19,5155.9313,5159.0
73,18,5552.2375,5537.0
73,17,5680.9918,5655.0
73,16,5811.1944,5785.0
73,15,5979.3621,5907.0
73,14,6407.2217,6364.0
73,13,6553.648,6502.0
73,12,6808.0299,6769.0
73,11,6936.2004,6900.0
73,10,15145.266,15137.0
73,9,15462.969,15461.0
73,8,15783.945,15820.0
73,7,16198.368,16150.0
73,6,17875.863,17840.0
73,5,18260.364,18250.0
73,4,18853.971,18760.0
73,3,19181.581,19088.51
73,2,77350.165,76852.0
73,1,78540.586,78394.63
74,74,8.2478757,7.86403
74,73,14.576027,16.37
74,72,24.348376,26.0
74,71,37.007974,38.2
74,70,51.01921,51.6
74,69,66.121885,64.77
74,68,114.83124,122.01
74,67,151.20927,141.2
74,66,167.99773,160.2
74,65,191.62995,179.0
74,64,209.34303,208.9
74,63,242.91287,231.6
74,62,262.51307,258.3
74,61,295.27885,290.7
74,60,329.39137,325.3
74,59,364.74785,361.9
74,58,385.28397,387.9
74,57,428.43391,420.7
74,56,467.3822,462.1
74,55,507.62912,502.6
74,54,549.16925,543.4
74,53,601.91177,594.5
74,52,646.93245,640.6
74,51,692.77572,685.6
74,50,739.90563,734.1
74,49,788.32121,784.4
74,48,838.02181,833.4
74,47,889.00712,881.4
74,46,1117.6631,1132.2
74,45,1168.8217,1180.0
74,44,1220.9391,1230.4
74,43,1274.0183,1283.4
74,42,1328.0622,1335.1
74,41,1400.5115,1386.8
74,40,1462.423,1459.9
74,39,1520.2058,1512.4
74,38,1578.9906,1569.1
74,37,1638.7809,1621.7
74,36,1829.171,1829.8
74,35,1885.5444,1882.9
74,34,1942.6679,1940.6
74,33,2016.5303,1994.8
74,32,2134.6559,2149.1
74,31,2196.4082,2210.0
74,30,2321.7598,2354.5
74,29,2376.8322,2414.1
74,28,4058.8062,4057.0
74,27,4182.6339,4180.0
74,26,4308.22,4309.0
74,25,4435.5671,4446.0
74,24,4564.6776,4578.0
74,23,4738.3723,4709.0
74,22,4918.9937,4927.0
74,21,5056.8326,5063.0
74,20,5196.5666,5209.0
74,19,5338.2016,5348.0
74,18,5740.9185,5719.0
74,17,5871.9273,5840.0
74,16,6004.3909,5970.0
74,15,6175.4081,6093.0
74,14,6625.5941,6596.0
74,13,6774.9523,6735.0
74,12,7035.6231,7000.0
74,11,7166.1246,7130.0
74,10,15609.822,15566.0
74,9,15932.647,15896.0
74,8,16258.757,16252.0
74,7,16679.632,16588.0
74,6,18449.043,18476.0
74,5,18841.551,18872.0
74,4,19448.71,19362.0
74,3,19782.368,19686.74
74,2,79702.452,79181.94
74,1,80910.351,80755.91
75,75,8.5695493,7.83352
75,74,15.067939,16.6
75,73,25.695523,27.0
75,72,38.711167,39.1
75,71,53.058999,51.9
75,70,68.483086,67.0
75,69,84.820667,82.71
75,68,153.72456,144.4
75,67,173.41004,165.0
75,66,193.41838,187.0
75,65,218.0179,208.0
75,64,242.84644,236.0
75,63,271.62075,268.0
75,62,298.7195,291.0
75,61,333.06901,330.0
75,60,368.74652,377.0
75,59,398.24067,403.0
75,58,432.75064,429.0
75,57,471.92838,476.0
75,56,512.40328,520.0
75,55,554.17001,570.0
75,54,597.22435,620.0
75,53,651.88108,670.0
75,52,698.49504,720.0
75,51,745.84828,760.0
75,50,794.48631,810.0
75,49,844.40856,860.0
75,48,895.61479,910.0
75,47,948.10498,953.0
75,46,1182.8943,1194.0
75,45,1235.3393,1242.0
75,44,1288.7447,1294.0
75,43,1343.1136,1349.0
75,42,1398.4486,1402.0
75,41,1472.6316,1454.0
75,40,1536.4175,1530.0
75,39,1595.5298,1583.0
75,38,1655.6469,1641.0
75,37,1716.7723,1696.0
75,36,1910.9191,1912.0
75,35,1968.4841,1966.0
75,34,2026.8024,2025.0
75,33,2102.1954,2080.0
75,32,2226.0985,2240.0
75,31,2289.1992,2302.0
75,30,2418.2786,2450.0
75,29,2474.4532,2514.5
75,28,4218.7802,4214.0
75,27,4344.9113,4335.0
75,26,4472.8023,4468.0
75,25,4602.4559,4609.0
75,24,4733.8745,4745.0
75,23,4910.6431,4877.0
75,22,5097.0824,5099.0
75,21,5237.3872,5236.0
75,20,5379.5933,5388.0
75,19,5523.7067,5528.0
75,18,5932.8445,5919.0
75,17,6066.1172,6042.0
75,16,6200.8512,6176.0
75,15,6374.7271,6300.0
75,14,6848.3397,6810.0
75,13,7000.6696,6952.0
75,12,7267.759,7230.0
75,11,7400.6176,7366.0
75,10,16081.608,16080.0
75,9,16409.575,16410.0
75,8,16740.839,16780.0
75,7,17168.187,17120.0
75,6,19034.073,19000.0
75,5,19434.738,19420.0
75,4,20055.744,19950.0
75,3,20395.548,20297.4
75,2,82100.233,81556.58
75,1,83325.758,83162.41
76,76,8.9019148,8.43823
76,75,15.573449,17.0
76,74,25.195018,25.0
76,73,40.450135,41.0
76,72,55.141407,55.0
76,71,70.88851,70.1
76,70,87.535766,85.1
76,69,104.98007,102.02
76,68,178.88358,168.7
76,67,199.26809,190.0
76,66,219.97004,213.0
76,65,245.52015,235.0
76,64,278.23639,269.0
76,63,301.47689,298.0
76,62,336.76827,322.0
76,61,372.68121,367.0
76,60,405.22921,410.0
76,59,426.55306,436.0
76,58,476.49795,470.0
76,57,517.20124,520.0
76,56,559.19496,570.0
76,55,602.47501,620.0
76,54,647.03813,670.0
76,53,703.60264,720.0
76,52,751.81653,770.0
76,51,800.67732,820.0
76,50,850.82151,870.0
76,49,902.24892,920.0
76,48,954.95961,970.0
76,47,1008.9538,1015.0
76,46,1249.8341,1262.0
76,45,1303.5658,1311.0
76,44,1358.2595,1364.0
76,43,1413.9182,1420.0
76,42,1470.5447,1474.0
76,41,1546.461,1528.0
76,40,1612.1653,1606.0
76,39,1672.6094,1660.0
76,38,1734.061,1720.0
76,37,1796.5237,1776.0
76,36,1994.4152,1996.0
76,35,2053.1755,2052.0
76,34,2112.6926,2112.0
76,33,2189.6194,2168.0
76,32,2319.5798,2336.0
76,31,2384.0402,2400.0
76,30,2516.9242,2552.0
76,29,2574.2076,2615.5
76,28,4381.7833,4374.0
76,27,4510.2181,4501.0
76,26,4640.4144,4635.0
76,25,4772.3747,4779.0
76,24,4906.1016,4917.0
76,23,5085.944,5052.0
76,22,5278.3946,5280.0
76,21,5421.1716,5421.0
76,20,5565.8561,5575.0
76,19,5712.4542,5717.0
76,18,6128.0241,6115.0
76,17,6263.5702,6240.0
76,16,6400.5842,6376.0
76,15,6577.3282,6503.0
76,14,7075.5155,7039.0
76,13,7230.8588,7185.0
76,12,7504.5002,7468.0
76,11,7639.7429,7610.0
76,10,16560.639,16560.0
76,9,16893.769,16900.0
76,8,17230.209,17270.0
76,7,17664.049,17620.0
76,6,19631.168,19600.0
76,5,20040.148,20030.0
76,4,20675.307,20570.0
76,3,21021.36,20920.6
76,2,84544.274,83976.18
76,1,85787.584,85614.42
77,77,9.2453272,8.96702
77,76,16.092952,17.0
77,75,26.580797,28.0
77,74,39.865452,40.0
77,73,57.256662,57.0
77,72,73.338471,72.0
77,71,90.296789,89.0
77,70,108.04045,105.0
77,69,126.50385,122.7
77,68,205.17951,194.8
77,67,226.24793,217.0
77,66,247.6335,240.0
77,65,274.12293,264.0
77,64,306.2635,303.0
77,63,329.09147,329.0
77,62,376.63809,356.0
77,61,414.09835,407.0
77,60,440.30933,445.0
77,59,462.20617,472.0
77,58,522.02306,510.0
77,57,564.24415,560.0
77,56,607.75027,610.0
77,55,652.53826,670.0
77,54,698.60567,720.0
77,53,757.07247,770.0
77,52,806.89431,820.0
77,51,857.26072,870.0
77,50,908.90959,920.0
77,49,961.84103,980.0
77,48,1016.0554,1030.0
77,47,1071.553,1080.0
77,46,1318.4819,1331.0
77,45,1373.5006,1381.0
77,44,1429.483,1436.0
77,43,1486.432,1493.0
77,42,1544.3502,1548.0
77,41,1621.9994,1603.0
77,40,1689.6688,1684.0
77,39,1751.4467,1739.0
77,38,1814.2351,1801.0
77,37,1878.0373,1857.0
77,36,2079.662,2083.0
77,35,2139.6216,2139.0
77,34,2200.3412,2201.0
77,33,2278.8055,2258.0
77,32,2415.1156,2435.0
77,31,2480.9473,2500.0
77,30,2617.7146,2656.0
77,29,2676.1135,2720.4
77,28,4547.8154,4540.0
77,27,4678.5542,4668.0
77,26,4811.056,4806.0
77,25,4945.3235,4952.0
77,24,5081.3592,5092.0
77,23,5264.2751,5229.0
77,22,5462.9378,5466.0
77,21,5608.1932,5609.0
77,20,5755.3625,5765.0
77,19,5904.452,5910.0
77,18,6326.4662,6315.0
77,17,6464.2953,6441.0
77,16,6603.5991,6580.0
77,15,6783.2207,6708.0
77,14,7307.1811,7274.0
77,13,7465.5809,7421.0
77,12,7745.9115,7710.0
77,11,7883.5666,7850.0
77,10,17046.931,17040.0
77,9,17385.245,17390.0
77,8,17726.883,17770.0
77,7,18167.236,18120.0
77,6,20240.554,20210.0
77,5,20658.014,20650.0
77,4,21307.643,21200.0
77,3,21660.051,21556.6
77,2,87035.372,86442.44
77,1,88296.641,88113.6
78,78,8.2661464,8.95883
78,77,16.097063,18.56
78,76,28.005889,29.0
78,75,41.649602,43.0
78,74,56.605217,56.0
78,73,75.815467,75.0
78,72,93.104051,91.0
78,71,111.14828,109.0
78,70,129.90196,126.0
78,69,149.32355,144.9
78,68,232.58785,220.4
78,67,254.33148,245.0
78,66,276.39513,269.0
78,65,303.81644,293.0
78,64,337.59477,332.0
78,63,361.12139,358.0
78,62,418.31196,392.0
78,61,457.30664,445.0
78,60,476.58107,479.0
78,59,499.05413,507.0
78,58,569.31766,550.0
78,57,613.0502,610.0
78,56,658.0634,660.0
78,55,704.35489,710.0
78,54,751.92285,760.0
78,53,812.28723,820.0
78,52,863.72628,870.0
78,51,915.59688,930.0
78,50,968.74934,980.0
78,49,1023.184,1040.0
78,48,1078.9014,1090.0
78,47,1135.9023,1140.0
78,46,1388.8374,1402.0
78,45,1445.1436,1454.0
78,44,1502.4151,1509.0
78,43,1560.6547,1567.0
78,42,1619.8651,1624.0
78,41,1699.2467,1680.0
78,40,1768.93,1763.0
78,39,1832.0441,1821.0
78,38,1896.1715,1883.0
78,37,1961.3157,1941.0
78,36,2166.6625,2171.0
78,35,2227.8253,2228.0
78,34,2289.7513,2291.0
78,33,2369.7568,2350.0
78,32,2512.7221,2536.0
78,31,2579.937,2603.0
78,30,2720.6681,2762.0
78,29,2780.1895,2827.8
78,28,4716.8766,4715.0
78,27,4849.9197,4839.0
78,26,4984.7274,4980.0
78,25,5121.3025,5128.0
78,24,5259.6473,5270.0
78,23,5445.6365,5410.0
78,22,5650.7194,5654.0
78,21,5798.4597,5800.0
78,20,5948.1205,5959.0
78,19,6099.708,6106.0
78,18,6528.1797,6517.0
78,17,6668.3016,6646.0
78,16,6809.9051,6787.0
78,15,6992.4143,6918.0
78,14,7543.3981,7512.0
78,13,7704.899,7660.0
78,12,7992.0602,7960.0
78,11,8132.1573,8100.0
78,10,17540.501,17540.0
78,9,17884.02,17890.0
78,8,18230.876,18280.0
78,7,18677.764,18630.0
78,6,20862.467,20840.0
78,5,21288.577,21280.0
78,4,21953.005,21840.0
78,3,22311.882,22205.7
78,2,89574.361,88955.1
78,1,90853.774,90659.84
79,79,8.5947239,9.225554
79,78,17.17983,20.203
79,77,29.470664,30.0
79,76,43.47554,45.0
79,75,58.773798,60.0
79,74,75.109695,74.0
79,73,95.929182,94.0
79,72,114.30387,112.0
79,71,133.34888,130.1
79,70,153.05276,149.0
79,69,173.38969,168.2
79,68,261.09167,248.0
79,67,283.50605,275.0
79,66,306.2453,299.0
79,65,334.59372,324.0
79,64,370.06646,365.0
79,63,394.29441,392.0
79,62,461.77614,433.0
79,61,502.29488,487.0
79,60,514.04808,520.0
79,59,537.1007,550.0
79,58,618.37489,600.0
79,57,663.61363,650.0
79,56,710.12952,710.0
79,55,757.92082,760.0
79,54,806.98622,820.0
79,53,869.24415,870.0
79,52,922.31087,930.0
79,51,975.68462,990.0
79,50,1030.3399,1040.0
79,49,1086.2773,1100.0
79,48,1143.4976,1150.0
79,47,1202.0015,1210.0
79,46,1460.9004,1475.0
79,45,1518.4944,1527.0
79,44,1577.0555,1584.0
79,43,1636.5862,1644.0
79,42,1697.0893,1702.0
79,41,1778.2031,1758.0
79,40,1849.9512,1845.0
79,39,1914.4039,1904.0
79,38,1979.8728,1967.0
79,37,2046.3614,2026.0
79,36,2255.4198,2261.0
79,35,2317.7897,2320.0
79,34,2380.9263,2383.0
79,33,2462.4766,2443.0
79,32,2612.416,2640.0
79,31,2681.0267,2708.0
79,30,2825.8038,2870.0
79,29,2886.4551,2941.0
79,28,4888.9668,4888.0
79,27,5024.3145,5013.0
79,26,5161.4286,5156.0
79,25,5300.3116,5307.0
79,24,5440.966,5452.0
79,23,5630.0283,5594.0
79,22,5841.7471,5846.0
79,21,5991.979,5994.0
79,20,6144.1379,6156.0
79,19,6298.2304,6305.0
79,18,6733.1737,6724.0
79,17,6875.5986,6854.0
79,16,7019.512,6997.0
79,15,7204.9186,7130.0
79,14,7784.2304,7760.0
79,13,7948.879,7910.0
79,12,8243.0161,8210.0
79,11,8385.5862,8360.0
79,10,18041.363,18040.0
79,9,18390.109,18400.0
79,8,18742.206,18790.0
79,7,19195.651,19150.0
79,6,21497.151,21470.0
79,5,21932.09,21920.0
79,4,22611.66,22500.0
79,3,22977.124,22868.1
79,2,92162.11,91515.8
79,1,93459.867,93254.62
80,80,10.34555,10.437504
80,79,17.739571,18.75688
80,78,30.97551,34.49
80,77,45.343631,48.55
80,76,60.986337,61.2
80,75,77.650338,76.6
80,74,95.178185,93.0
80,73,117.46433,113.9
80,72,136.84495,134.0
80,71,156.83204,153.0
80,70,177.44417,173.0
80,69,198.66595,192.7
80,68,290.67924,276.9
80,67,313.76278,307.0
80,66,337.17717,332.0
80,65,366.44988,357.0
80,64,403.67826,402.0
80,63,428.61102,429.0
80,62,507.01949,477.0
80,61,522.35549,530.0
80,60,545.61005,560.0
80,59,623.7244,590.0
80,58,669.18903,650.0
80,57,715.92965,710.0
80,56,763.94459,760.0
80,55,813.23263,820.0
80,54,863.79289,880.0
80,53,927.94088,930.0
80,52,982.64693,990.0
80,51,1037.5231,1050.0
80,50,1093.6808,1110.0
80,49,1151.1207,1160.0
80,48,1209.8437,1220.0
80,47,1269.8509,1280.0
80,46,1534.6706,1549.0
80,45,1593.5531,1603.0
80,44,1653.4041,1661.0
80,43,1714.2265,1723.0
80,42,1776.0226,1780.0
80,41,1858.8684,1839.0
80,40,1932.7349,1928.0
80,39,1998.5286,1989.0
80,38,2065.3415,2052.0
80,37,2133.177,2113.0
80,36,2345.9369,2354.0
80,35,2409.518,2412.0
80,34,2473.8692,2478.0
80,33,2556.9683,2539.0
80,32,2714.2149,2745.0
80,31,2784.2341,2815.0
80,30,2933.1415,2981.0
80,29,2994.9302,3049.9
80,28,5064.0861,5055.0
80,27,5201.7389,5191.0
80,26,5341.1597,5335.0
80,25,5482.351,5490.0
80,24,5625.3154,5636.0
80,23,5817.4507,5780.0
80,22,6036.0289,6041.0
80,21,6188.7591,6192.0
80,20,6343.4231,6356.0
80,19,6500.0276,6508.0
80,18,6941.4578,6933.0
80,17,7086.1958,7066.0
80,16,7232.4294,7211.0
80,15,7420.7437,7350.0
80,14,8029.7446,8010.0
80,13,8197.5891,8160.0
80,12,8498.852,8470.0
80,11,8643.9273,8620.0
80,10,18549.535,18550.0
80,9,18903.531,18910.0
80,8,19260.891,19310.0
80,7,19720.914,19680.0
80,6,22144.864,22120.0
80,5,22588.817,22580.0
80,4,23283.884,23170.0
80,3,23656.06,23544.1
80,2,94799.524,94124.7
80,1,96115.843,95898.19
81,81,7.1076039,6.1082873
81,80,20.113072,20.4283
81,79,29.074083,29.852
81,78,47.254254,51.14
81,77,63.243198,62.6
81,76,80.236853,80.0
81,75,98.080027,97.9
81,74,116.67491,116.0
81,73,140.32857,135.0
81,72,160.6617,158.0
81,71,181.54986,177.0
81,70,203.04057,198.0
81,69,225.12538,218.3
81,68,321.34249,306.9
81,67,345.09551,340.0
81,66,369.18598,366.0
81,65,399.38152,392.0
81,64,438.43112,439.0
81,63,464.07273,467.0
81,62,554.03293,520.0
81,61,561.42735,570.0
81,60,585.2614,600.0
81,59,674.78967,640.0
81,58,721.75534,700.0
81,57,769.99424,760.0
81,56,819.50522,820.0
81,55,870.28747,880.0
81,54,922.34044,930.0
81,53,988.3755,990.0
81,52,1044.7336,1060.0
81,51,1101.1118,1110.0
81,50,1158.7716,1170.0
81,49,1217.714,1230.0
81,48,1277.94,1290.0
81,47,1339.4507,1350.0
81,46,1610.148,1625.0
81,45,1670.3194,1681.0
81,44,1731.461,1740.0
81,43,1793.5755,1802.0
81,42,1856.6653,1862.0
81,41,1941.2429,1920.0
81,40,2017.2836,2014.0
81,39,2084.4208,2075.0
81,38,2152.5803,2140.0
81,37,2221.7654,2202.0
81,36,2438.217,2447.0
81,35,2503.0136,2508.0
81,34,2568.5836,2574.0
81,33,2653.2353,2635.0
81,32,2818.1367,2854.0
81,31,2889.5777,2925.0
81,30,3042.7014,3094.0
81,29,3105.6355,3164.7
81,28,5242.2346,5234.0
81,27,5382.1929,5371.0
81,26,5523.9208,5518.0
81,25,5667.4209,5674.0
81,24,5812.6958,5824.0
81,23,6007.904,5969.0
81,22,6233.5728,6241.0
81,21,6388.8082,6392.0
81,20,6545.9845,6560.0
81,19,6705.1082,6714.0
81,18,7153.0415,7146.0
81,17,7300.1031,7281.0
81,16,7448.6675,7430.0
81,15,7639.8998,7570.0
81,14,8280.0097,8260.0
81,13,8451.1003,8420.0
81,12,8759.6431,8730.0
81,11,8907.2576,8880.0
81,10,19065.034,19070.0
81,9,19424.302,19440.0
81,8,19786.949,19840.0
81,7,20253.573,20210.0
81,6,22805.871,22780.0
81,5,23259.034,23250.0
81,4,23969.967,23850.0
81,3,24348.986,24234.1
81,2,97487.552,96783.2
81,1,98822.666,98592.12
82,82,8.0165779,7.4166799
82,81,15.627946,15.032499
82,80,32.070584,31.9373
82,79,42.043269,42.33256
82,78,65.544758,68.8
82,77,82.869603,82.9
82,76,101.02944,100.1
82,75,119.92845,120.0
82,74,139.50591,138.0
82,73,164.45677,158.0
82,72,185.70708,182.0
82,71,207.46744,203.0
82,70,229.81558,224.0
82,69,252.74773,245.1
82,68,353.07595,338.1
82,67,377.50004,374.0
82,66,402.26845,401.0
82,65,433.38638,427.0
82,64,474.32695,478.0
82,63,500.68183,507.0
82,62,602.809,570.0
82,61,601.70465,610.0
82,60,626.12179,650.0
82,59,727.60668,690.0
82,58,776.06984,750.0
82,57,825.80406,810.0
82,56,876.80859,870.0
82,55,929.08295,930.0
82,54,982.62687,990.0
82,53,1050.5464,1050.0
82,52,1108.5706,1120.0
82,51,1166.4505,1180.0
82,50,1225.6125,1240.0
82,49,1286.0576,1300.0
82,48,1347.7869,1360.0
82,47,1410.8016,1430.0
82,46,1687.3326,1704.0
82,45,1748.7935,1760.0
82,44,1811.2262,1819.0
82,43,1874.6333,1884.0
82,42,1939.0173,1945.0
82,41,2025.3267,2004.0
82,40,2103.5999,2101.0
82,39,2172.0833,2163.0
82,38,2241.5919,2230.0
82,37,2312.1294,2292.0
82,36,2532.2636,2543.0
82,35,2598.2798,2605.0
82,34,2665.0728,2671.0
82,33,2751.2812,2735.0
82,32,2924.2,2965.0
82,31,2997.0765,3036.0
82,30,3154.5046,3211.0
82,29,3218.5924,3282.1
82,28,5423.4123,5414.0
82,27,5565.6765,5555.0
82,26,5709.712,5703.0
82,25,5855.5215,5862.0
82,24,6003.1073,6015.0
82,23,6201.3883,6162.0
82,22,6434.3871,6442.0
82,21,6592.1349,6597.0
82,20,6751.8305,6767.0
82,19,6913.4808,6924.0
82,18,7367.9347,7362.0
82,17,7517.3304,7500.0
82,16,7668.2363,7650.0
82,15,7862.3973,7790.0
82,14,8535.0975,8520.0
82,13,8709.4863,8680.0
82,12,9025.4681,9000.0
82,11,9175.657,9150.0
82,10,19587.878,19590.0
82,9,19952.44,19970.0
82,8,20320.396,20380.0
82,7,20793.645,20750.0
82,6,23480.452,23460.0
82,5,23943.029,23940.0
82,4,24670.212,24550.0
82,3,25056.212,24938.2
82,2,100227.19,99491.8
82,1,101581.34,101336.7
83,83,7.7847079,7.285516
83,82,17.000713,16.703
83,81,26.224959,25.57075
83,80,45.635929,45.37
83,79,56.340371,54.856
83,78,85.548966,88.4
83,77,104.02679,103.0
83,76,123.23107,122.0
83,75,143.10282,143.0
83,74,163.60489,161.1
83,73,189.8022,183.0
83,72,211.94689,208.0
83,71,234.559,229.0
83,70,257.74948,252.0
83,69,281.51771,272.6
83,68,385.87598,370.2
83,67,410.97357,409.0
83,66,436.42243,436.0
83,65,468.46303,464.0
83,64,511.36845,520.0
83,63,538.4413,550.0
83,62,653.34158,620.0
83,61,643.19268,660.0
83,60,668.19651,690.0
83,59,782.17148,750.0
83,58,832.12923,810.0
83,57,883.35632,870.0
83,56,935.85234,930.0
83,55,989.61709,990.0
83,54,1044.6505,1060.0
83,53,1114.4523,1120.0
83,52,1174.1574,1180.0
83,51,1233.5393,1250.0
83,50,1294.2036,1310.0
83,49,1356.1518,1380.0
83,48,1419.3848,1440.0
83,47,1483.9041,1500.0
83,46,1766.2244,1784.0
83,45,1828.9753,1840.0
83,44,1892.6997,1902.0
83,43,1957.4001,1967.0
83,42,2023.0789,2029.0
83,41,2111.1199,2090.0
83,40,2191.6866,2190.0
83,39,2261.5188,2253.0
83,38,2332.3794,2321.0
83,37,2404.2718,2385.0
83,36,2628.08,2641.0
83,35,2695.3201,2703.0
83,34,2763.3406,2771.0
83,33,2851.1096,2835.0
83,32,3032.4242,3078.0
83,31,3106.7503,3151.0
83,30,3268.573,3329.0
83,29,3333.823,3401.8
83,28,5607.6195,5599.0
83,27,5752.19,5740.0
83,26,5898.5336,5892.0
83,25,6046.6528,6054.0
83,24,6196.5502,6208.0
83,23,6397.9039,6358.0
83,22,6638.4802,6648.0
83,21,6798.7476,6804.0
83,20,6960.9701,6977.0
83,19,7125.1546,7137.0
83,18,7586.1473,7580.0
83,17,7737.888,7720.0
83,16,7891.1464,7870.0
83,15,8088.2469,8010.0
83,14,8795.0826,8780.0
83,13,8972.8239,8950.0
83,12,9296.4084,9270.0
83,11,9449.2088,9430.0
83,10,20118.083,20130.0
83,9,20487.963,20500.0
83,8,20861.253,20920.0
83,7,21341.149,21300.0
83,6,24168.899,24150.0
83,5,24641.102,24640.0
83,4,25384.935,25260.0
83,3,25778.062,25656.9
83,2,103019.46,102251.8
83,1,104392.93,104133.4
84,84,7.8360716,8.41807
84,83,16.756279,19.3
84,82,28.033914,27.3
84,81,38.427972,36.0
84,80,60.502942,57.0
84,79,71.7802,69.1
84,78,107.07245,108.0
84,77,126.58316,125.0
84,76,146.75019,146.1
84,75,167.53787,166.0
84,74,188.92425,186.0
84,73,216.33083,209.0
84,72,239.35599,235.0
84,71,262.80536,257.0
84,70,286.82742,281.0
84,69,311.42366,304.0
84,68,419.7403,416.0
84,67,445.51438,444.0
84,66,471.64658,473.0
84,65,504.61069,502.0
84,64,549.55891,560.0
84,63,577.35464,590.0
84,62,652.85341,670.0
84,61,678.04919,700.0
84,60,788.29923,740.0
84,59,838.48081,800.0
84,58,889.93074,870.0
84,57,942.6487,930.0
84,56,996.63453,990.0
84,55,1051.8882,1060.0
84,54,1108.41,1120.0
84,53,1180.0922,1180.0
84,52,1241.4943,1250.0
84,51,1302.3782,1320.0
84,50,1364.5454,1380.0
84,49,1427.9971,1440.0
84,48,1492.7346,1510.0
84,47,1558.7592,1570.0
84,46,1846.8234,1865.0
84,45,1910.865,1923.0
84,44,1975.8817,1986.0
84,43,2041.8759,2052.0
84,42,2108.8501,2115.0
84,41,2198.6228,2177.0
84,40,2281.5465,2281.0
84,39,2352.7302,2345.0
84,38,2424.9455,2414.0
84,37,2498.1959,2480.0
84,36,2725.6697,2740.0
84,35,2794.1382,2803.0
84,34,2863.3905,2873.0
84,33,2952.7244,2938.0
84,32,3142.8292,3194.0
84,31,3218.6196,3268.0
84,30,3384.9289,3450.0
84,29,3451.3501,3524.2
84,28,5794.8561,5785.0
84,27,5941.7335,5930.0
84,26,6090.3856,6084.0
84,25,6240.8152,6248.0
84,24,6393.0246,6405.0
84,23,6597.451,6557.0
84,22,6845.8609,6856.0
84,21,7008.6554,7015.0
84,20,7173.4122,7191.0
84,19,7340.1385,7350.0
84,18,7807.6897,7810.0
84,17,7961.7864,7950.0
84,16,8117.4085,8100.0
84,15,8317.4594,8240.0
84,14,9060.0426,9050.0
84,13,9241.1927,9220.0
84,12,9572.5489,9550.0
84,11,9727.9996,9710.0
84,10,20655.668,20670.0
84,9,21030.891,21050.0
84,8,21409.538,21470.0
84,7,21896.105,21860.0
84,6,24871.517,24860.0
84,5,25353.569,25360.0
84,4,26114.468,25990.0
84,3,26514.876,26390.4
84,2,105865.46,105064.3
84,1,107258.54,106983.4
85,85,8.6111738,9.31751
85,84,16.953456,17.88
85,83,27.653176,26.58
85,82,40.650741,39.65
85,81,51.950294,50.39
85,80,76.490195,72.0
85,79,88.246618,85.1
85,78,129.98508,130.1
85,77,150.44838,149.0
85,76,171.52255,169.0
85,75,193.18688,192.1
85,74,215.42932,212.0
85,73,244.01756,236.0
85,72,267.9157,263.0
85,71,292.1921,287.0
85,70,317.03813,311.0
85,69,342.45668,335.0
85,68,454.66758,452.0
85,67,481.12148,481.0
85,66,507.94019,510.0
85,65,541.82903,540.0
85,64,588.90213,600.0
85,63,617.42581,630.0
85,62,695.97118,720.0
85,61,721.75424,750.0
85,60,844.85888,790.0
85,59,896.53195,860.0
85,58,949.47211,920.0
85,57,1003.6793,990.0
85,56,1059.1535,1050.0
85,55,1115.8951,1120.0
85,54,1173.9042,1180.0
85,53,1247.4651,1250.0
85,52,1310.5815,1320.0
85,51,1372.9679,1380.0
85,50,1436.6384,1450.0
85,49,1501.5943,1510.0
85,48,1567.8369,1590.0
85,47,1635.3678,1650.0
85,46,1929.1297,1948.0
85,45,1994.4627,2007.0
85,44,2060.7723,2071.0
85,43,2128.061,2139.0
85,42,2196.3312,2203.0
85,41,2287.8356,2266.0
85,40,2373.1826,2373.0
85,39,2445.7207,2439.0
85,38,2519.2936,2510.0
85,37,2593.9048,2576.0
85,36,2825.0364,2841.0
85,35,2894.7377,2905.0
85,34,2965.2263,2977.0
85,33,3056.1295,3042.0
85,32,3255.4356,3312.0
85,31,3332.7055,3388.0
85,30,3503.5956,3573.0
85,29,3571.1973,3649.0
85,28,5985.1225,5976.0
85,27,6134.3072,6122.0
85,26,6285.2684,6279.0
85,25,6438.0088,6445.0
85,24,6592.5309,6604.0
85,23,6800.0299,6759.0
85,22,7056.538,7068.0
85,21,7221.8671,7230.0
85,20,7389.166,7410.0
85,19,7558.442,7570.0
85,18,8032.5723,8030.0
85,17,8189.0363,8180.0
85,16,8347.0334,8330.0
85,15,8550.046,8480.0
85,14,9330.0583,9330.0
85,13,9514.676,9500.0
85,12,9853.978,9830.0
85,11,10012.12,9990.0
85,10,21200.651,21210.0
85,9,21581.241,21600.0
85,8,21965.269,22030.0
85,7,22458.532,22420.0
85,6,25588.626,25580.0
85,5,26080.76,26090.0
85,4,26859.158,26730.0
85,3,27267.008,27139.0
85,2,108766.31,107930.0
85,1,110179.32,109887.2
86,86,9.4055858,10.7485
86,85,18.189629,18.99
86,84,27.979629,29.4
86,83,40.07618,36.9
86,82,54.568469,52.9
86,81,66.611436,64.0
86,80,93.48535,88.0
86,79,105.66499,102.0
86,78,154.19779,154.0
86,77,175.55931,173.9
86,76,197.50235,195.0
86,75,220.01594,218.0
86,74,243.09451,240.0
86,73,272.84365,264.0
86,72,297.61208,293.0
86,71,322.70834,317.0
86,70,348.37302,342.0
86,69,374.60992,367.0
86,68,490.65722,488.0
86,67,517.79449,520.0
86,66,545.30304,550.0
86,65,580.11811,580.0
86,64,629.40233,640.0
86,63,658.65915,680.0
86,62,740.31304,760.0
86,61,766.68707,800.0
86,60,903.16002,850.0
86,59,956.32265,920.0
86,58,1010.7514,980.0
86,57,1066.4465,1050.0
86,56,1123.4081,1110.0
86,55,1181.6365,1180.0
86,54,1241.1323,1250.0
86,53,1316.5705,1310.0
86,52,1381.4194,1390.0
86,51,1445.3089,1460.0
86,50,1510.4834,1520.0
86,49,1576.9443,1590.0
86,48,1644.693,1660.0
86,47,1713.731,1720.0
86,46,2013.1436,2033.0
86,45,2079.7685,2094.0
86,44,2147.3717,2158.0
86,43,2215.9556,2227.0
86,42,2285.5224,2293.0
86,41,2378.7586,2357.0
86,40,2466.5978,2467.0
86,39,2540.4932,2535.0
86,38,2615.4266,2606.0
86,37,2691.4017,2674.0
86,36,2926.1838,2944.0
86,35,2997.1225,3010.0
86,34,3068.852,3082.0
86,33,3161.3287,3149.0
86,32,3370.265,3433.0
86,31,3449.03,3510.0
86,30,3624.5973,3699.0
86,29,3693.3892,3777.0
86,28,6178.4187,6169.0
86,27,6329.9113,6318.0
86,26,6483.1821,6476.0
86,25,6638.234,6646.0
86,24,6795.0693,6807.0
86,23,7005.6409,6964.0
86,22,7270.5205,7283.0
86,21,7438.3919,7450.0
86,20,7608.2409,7630.0
86,19,7780.0746,7800.0
86,18,8260.8059,8260.0
86,17,8419.6486,8410.0
86,16,8580.0323,8570.0
86,15,8786.0179,8710.0
86,14,9605.2139,9610.0
86,13,9793.3603,9780.0
86,12,10140.788,10120.0
86,11,10301.663,10290.0
86,10,21753.052,21770.0
86,9,22139.032,22160.0
86,8,22528.468,22600.0
86,7,23028.451,22990.0
86,6,26320.559,26310.0
86,5,26823.019,26830.0
86,4,27619.369,27490.0
86,3,28034.833,27903.1
86,2,111723.22,110846.3
86,1,113156.49,112842.2
87,87,3.9562545,4.0727411
87,86,19.454078,22.4
87,85,29.626766,33.5
87,84,40.528272,39.1
87,83,53.760889,50.0
87,82,69.609759,67.0
87,81,82.294614,80.0
87,80,111.41706,106.0
87,79,123.98657,120.0
87,78,179.64851,179.0
87,77,201.87102,200.0
87,76,224.65643,222.1
87,75,248.00009,245.0
87,74,271.90072,269.0
87,73,302.79501,293.0
87,72,328.43464,324.0
87,71,354.34584,349.0
87,70,380.82556,375.0
87,69,407.87818,400.0
87,68,527.70916,530.0
87,67,555.53344,560.0
87,66,583.73524,590.0
87,65,619.47829,620.0
87,64,671.0641,690.0
87,63,701.05934,720.0
87,62,785.88541,810.0
87,61,812.85403,850.0
87,60,963.20042,910.0
87,59,1017.8511,980.0
87,58,1073.7671,1040.0
87,57,1130.949,1110.0
87,56,1189.397,1180.0
87,55,1249.1117,1250.0
87,54,1310.0936,1320.0
87,53,1387.4079,1380.0
87,52,1454.0087,1460.0
87,51,1519.402,1530.0
87,50,1586.0813,1600.0
87,49,1654.048,1670.0
87,48,1723.3038,1740.0
87,47,1793.8501,1810.0
87,46,2098.8653,2119.0
87,45,2166.7828,2182.0
87,44,2235.6803,2247.0
87,43,2305.5599,2317.0
87,42,2376.4241,2384.0
87,41,2471.3922,2450.0
87,40,2561.7953,2564.0
87,39,2637.051,2631.0
87,38,2713.348,2706.0
87,37,2790.69,2774.0
87,36,3029.1158,3049.0
87,35,3101.2964,3115.0
87,34,3174.2715,3190.0
87,33,3268.3263,3257.0
87,32,3487.3393,3556.0
87,31,3567.6156,3635.0
87,30,3747.9588,3828.0
87,29,3817.9511,3907.0
87,28,6374.7451,6365.0
87,27,6528.546,6516.0
87,26,6684.1271,6678.0
87,25,6841.4909,6849.0
87,24,7000.6401,7013.0
87,23,7214.2844,7172.0
87,22,7487.8177,7500.0
87,21,7658.2394,7670.0
87,20,7830.6464,7850.0
87,19,8005.046,8020.0
87,18,8492.4013,8500.0
87,17,8653.6344,8640.0
87,16,8816.4165,8800.0
87,15,9025.3869,8950.0
87,14,9885.5968,9890.0
87,13,10077.336,10070.0
87,12,10433.074,10420.0
87,11,10596.728,10590.0
87,10,22312.888,22330.0
87,9,22704.286,22730.0
87,8,23099.153,23170.0
87,7,23605.881,23570.0
87,6,27067.668,27060.0
87,5,27580.71,27590.0
87,4,28395.483,28260.0
87,3,28818.741,28683.4
87,2,114737.43,113821.9
87,1,116191.33,115857.5
88,88,4.9315915,5.2784239
88,87,9.8804423,10.14718
88,86,31.305742,31.0
88,85,42.559682,41.0
88,84,54.336513,52.9
88,83,68.536799,64.0
88,82,85.660355,82.0
88,81,98.922588,97.0
88,80,130.23932,124.0
88,79,143.17924,140.0
88,78,206.29328,204.9
88,77,229.35116,227.0
88,76,252.96049,250.0
88,75,277.12078,274.0
88,74,301.83354,299.0
88,73,333.8609,324.0
88,72,360.3755,356.0
88,71,387.09837,382.0
88,70,414.39077,409.0
88,69,442.25745,435.0
88,68,565.82371,570.0
88,67,594.33872,600.0
88,66,623.23722,630.0
88,65,659.91013,660.0
88,64,713.89236,740.0
88,63,744.63137,770.0
88,62,832.69491,860.0
88,61,860.26172,900.0
88,60,1024.9783,970.0
88,59,1081.1156,1040.0
88,58,1138.518,1110.0
88,57,1197.1858,1180.0
88,56,1257.1196,1250.0
88,55,1318.32,1320.0
88,54,1380.7876,1390.0
88,53,1459.977,1460.0
88,52,1528.3501,1530.0
88,51,1595.248,1610.0
88,50,1663.433,1680.0
88,49,1732.9067,1750.0
88,48,1803.6706,1820.0
88,47,1875.7263,1880.0
88,46,2186.2949,2208.0
88,45,2255.5058,2271.0
88,44,2325.6982,2338.0
88,43,2396.8743,2409.0
88,42,2469.0366,2477.0
88,41,2565.7367,2544.0
88,40,2658.7784,2662.0
88,39,2735.3974,2731.0
88,38,2813.0611,2806.0
88,37,2891.7731,2876.0
88,36,3133.8362,3155.0
88,35,3207.2635,3224.0
88,34,3281.489,3298.0
88,33,3377.1263,3368.0
88,32,3606.6815,3682.0
88,31,3688.4859,3762.0
88,30,3873.7059,3959.0
88,29,3944.909,4040.0
88,28,6574.1018,6565.0
88,27,6730.2116,6718.0
88,26,6888.1035,6881.0
88,25,7047.78,7056.0
88,24,7209.2436,7222.0
88,23,7425.9607,7380.0
88,22,7708.439,7720.0
88,21,7881.4191,7890.0
88,20,8056.3924,8080.0
88,19,8233.3664,8250.0
88,18,8727.3699,8730.0
88,17,8891.0052,8880.0
88,16,9056.1977,9040.0
88,15,9268.1646,9200.0
88,14,10171.298,10190.0
88,13,10366.696,10360.0
88,12,10730.937,10720.0
88,11,10897.416,10890.0
88,10,22880.181,22900.0
88,9,23277.02,23300.0
88,8,23677.346,23750.0
88,7,24190.845,24160.0
88,6,27830.32,27830.0
88,5,28354.212,28370.0
88,4,29187.901,29050.0
88,3,29619.144,29479.8
88,2,117810.26,116853.5
88,1,119285.17,118929.5
89,89,5.4728359,5.380235
89,88,11.359928,11.75
89,87,17.550263,17.436
89,86,44.625026,44.8
89,85,56.732655,55.0
89,84,69.234001,67.0
89,83,84.292032,79.0
89,82,102.64506,98.9
89,81,116.4434,113.9
89,80,149.92227,143.9
89,79,163.22182,161.1
89,78,234.10051,233.0
89,77,257.9761,255.0
89,76,282.39656,279.0
89,75,307.3641,305.0
89,74,332.88202,330.0
89,73,366.0331,355.0
89,72,393.42872,390.0
89,71,420.96121,416.0
89,70,449.0649,444.0
89,69,477.74472,470.0
89,68,605.0015,610.0
89,67,634.21096,640.0
89,66,663.80961,670.0
89,65,701.4144,710.0
89,64,757.89229,780.0
89,63,789.38052,820.0
89,62,880.74844,920.0
89,61,908.91699,950.0
89,60,1088.492,1030.0
89,59,1146.1152,1100.0
89,58,1205.003,1170.0
89,57,1265.1561,1240.0
89,56,1326.5752,1310.0
89,55,1389.2609,1380.0
89,54,1453.2138,1460.0
89,53,1534.2775,1530.0
89,52,1604.4446,1610.0
89,51,1672.8481,1680.0
89,50,1742.5398,1750.0
89,49,1813.5215,1820.0
89,48,1885.7947,1900.0
89,47,1959.3611,1970.0
89,46,2275.4327,2298.0
89,45,2345.9377,2362.0
89,44,2417.4258,2430.0
89,43,2489.8992,2503.0
89,42,2563.3601,2572.0
89,41,2661.7924,2639.0
89,40,2757.5503,2762.0
89,39,2835.5357,2833.0
89,38,2914.5693,2908.0
89,37,2994.6546,2980.0
89,36,3240.349,3264.0
89,35,3315.0279,3334.0
89,34,3390.5086,3409.0
89,33,3487.7331,3479.0
89,32,3728.3154,3811.0
89,31,3811.6652,3893.0
89,30,4001.8652,4093.0
89,29,4074.2902,4175.0
89,28,6776.489,6767.0
89,27,6934.9085,6923.0
89,26,7095.1117,7088.0
89,25,7257.1015,7265.0
89,24,7420.8802,7430.0
89,23,7640.6701,7600.0
89,22,7932.3942,7950.0
89,21,8107.9409,8120.0
89,20,8285.4889,8310.0
89,19,8465.0458,8480.0
89,18,8965.7228,8970.0
89,17,9131.7725,9120.0
89,16,9299.3877,9290.0
89,15,9514.3633,9440.0
89,14,10462.414,10480.0
89,13,10661.54,10660.0
89,12,11034.481,11030.0
89,11,11203.835,11200.0
89,10,23454.951,23480.0
89,9,23857.257,23890.0
89,8,24263.067,24340.0
89,7,24783.363,24760.0
89,6,28608.9,28610.0
89,5,29143.926,29160.0
89,4,29997.044,29850.0
89,3,30436.475,30293.1
89,2,120943.07,119945.7
89,1,122439.43,122063.1
90,90,5.9906023,6.3067
90,89,11.746509,12.1
90,88,17.935368,18.32
90,87,32.630249,28.648
90,86,59.164157,58.0
90,85,71.979258,69.1
90,84,85.108823,82.0
90,83,100.9517,95.0
90,82,120.51357,118.0
90,81,134.82169,133.0
90,80,170.4466,165.0
90,79,184.10047,181.0
90,78,263.04728,262.0
90,77,287.72842,285.0
90,76,312.95119,310.0
90,75,338.71948,336.0
90,74,365.03775,362.0
90,73,399.30529,389.0
90,72,427.58984,424.0
90,71,455.93083,451.0
90,70,484.84513,480.0
90,69,514.33774,508.0
90,68,645.24337,650.0
90,67,675.15097,680.0
90,66,705.45322,720.0
90,65,743.99199,750.0
90,64,803.06937,830.0
90,63,835.31231,870.0
90,62,930.0531,970.0
90,61,958.8269,1010.0
90,60,1153.7406,1090.0
90,59,1212.8487,1160.0
90,58,1273.2214,1240.0
90,57,1334.8593,1310.0
90,56,1397.7633,1380.0
90,55,1461.934,1460.0
90,54,1527.3721,1530.0
90,53,1610.3094,1600.0
90,52,1682.2933,1680.0
90,51,1752.2033,1760.0
90,50,1823.403,1830.0
90,49,1895.8939,1910.0
90,48,1969.6777,1980.0
90,47,2044.7561,2060.0
90,46,2366.2792,2390.0
90,45,2438.0789,2455.0
90,44,2510.8634,2524.0
90,43,2584.6347,2598.0
90,42,2659.3952,2669.0
90,41,2759.5599,2737.0
90,40,2858.1145,2864.0
90,39,2937.4695,2935.0
90,38,3017.8762,3013.0
90,37,3099.3382,3086.0
90,36,3348.6585,3375.0
90,35,3424.5938,3445.0
90,34,3501.3347,3522.0
90,33,3600.1511,3593.0
90,32,3852.2655,3943.0
90,31,3937.1787,4025.0
90,30,4132.4643,4230.0
90,29,4206.1226,4313.0
90,28,6981.9072,6972.0
90,27,7142.6368,7130.0
90,26,7305.1521,7299.0
90,25,7469.4557,7480.0
90,24,7635.5503,7650.0
90,23,7858.4131,7810.0
90,22,8159.693,8180.0
90,21,8337.8148,8350.0
90,20,8517.9461,8550.0
90,19,8700.0946,8720.0
90,18,9207.472,9220.0
90,17,9375.9482,9370.0
90,16,9545.9985,9540.0
90,15,9763.9951,9690.0
90,14,10759.043,10790.0
90,13,10961.969,10970.0
90,12,11343.815,11340.0
90,11,11516.095,11510.0
90,10,24037.216,24060.0
90,9,24445.017,24480.0
90,8,24856.338,24940.0
90,7,25383.456,25360.0
90,6,29403.814,29410.0
90,5,29950.269,29970.0
90,4,30823.356,30680.0
90,3,31271.188,31122.8
90,2,124137.33,123091.0
90,1,125655.58,125250.3
91,91,5.467077,5.89
91,90,11.911419,11.9
91,89,18.101356,18.6
91,88,33.34157,30.9
91,87,48.780084,44.3
91,86,74.760914,72.0
91,85,88.190262,85.1
91,84,101.88607,98.9
91,83,118.46476,111.0
91,82,139.2319,137.0
91,81,154.03321,153.0
91,80,191.80002,187.0
91,79,205.80639,203.0
91,78,293.11675,292.0
91,77,318.59519,316.0
91,76,344.61424,342.0
91,75,371.17889,369.0
91,74,398.29427,395.0
91,73,433.67256,423.0
91,72,462.85557,460.0
91,71,492.00461,488.0
91,70,521.72938,518.0
91,69,552.03488,546.0
91,68,686.55035,690.0
91,67,717.15973,720.0
91,66,748.169,760.0
91,65,787.64392,790.0
91,64,849.4293,880.0
91,63,882.43252,920.0
91,62,980.61622,1020.0
91,61,1009.9988,1060.0
91,60,1220.7229,1150.0
91,59,1281.3154,1220.0
91,58,1343.1724,1300.0
91,57,1406.2949,1370.0
91,56,1470.6835,1450.0
91,55,1536.3391,1520.0
91,54,1603.2625,1600.0
91,53,1688.0727,1670.0
91,52,1761.8972,1760.0
91,51,1833.3151,1830.0
91,50,1906.0238,1910.0
91,49,1980.0252,1980.0
91,48,2055.321,2060.0
91,47,2131.9128,2130.0
91,46,2458.8345,2483.0
91,45,2531.9298,2550.0
91,44,2606.0114,2620.0
91,43,2681.0815,2696.0
91,42,2757.1422,2766.0
91,41,2859.0396,2837.0
91,40,2960.4745,2968.0
91,39,3041.2024,3040.0
91,38,3122.9855,3119.0
91,37,3205.8275,3193.0
91,36,3458.7689,3488.0
91,35,3535.9656,3558.0
91,34,3613.9716,3637.0
91,33,3714.3848,3709.0
91,32,3978.5573,4077.0
91,31,4065.0524,4161.0
91,30,4265.5319,4370.0
91,29,4340.4354,4454.0
91,28,7190.3565,7181.0
91,27,7353.3968,7341.0
91,26,7518.2248,7510.0
91,25,7684.8431,7690.0
91,24,7853.2541,7870.0
91,23,8079.19,8040.0
91,22,8390.3456,8410.0
91,21,8571.0511,8590.0
91,20,8753.7745,8780.0
91,19,8938.5235,8960.0
91,18,9452.6291,9460.0
91,17,9623.5445,9620.0
91,16,9796.0426,9790.0
91,15,10017.073,9950.0
91,14,11061.288,11100.0
91,13,11268.091,11290.0
91,12,11659.053,11660.0
91,11,11834.314,11840.0
91,10,24626.999,24660.0
91,9,25040.321,25080.0
91,8,25457.18,25540.0
91,7,25991.148,25970.0
91,6,30215.487,30230.0
91,5,30773.684,30800.0
91,4,31667.303,31520.0
91,3,32123.764,31971.6
91,2,127394.56,126304.8
91,1,128935.2,128507.0
92,92,5.4642556,6.19405
92,91,12.196249,11.6
92,90,20.428976,19.8
92,89,34.06076,36.7
92,88,49.694167,46.0
92,87,66.935397,62.0
92,86,91.308877,89.0
92,85,105.29277,101.0
92,84,119.51473,116.0
92,83,136.79592,128.9
92,82,158.77692,158.0
92,81,174.06134,173.0
92,80,213.97502,210.0
92,79,228.33428,227.0
92,78,324.29648,323.0
92,77,350.56668,348.0
92,76,377.37805,375.0
92,75,404.73616,402.0
92,74,432.64654,431.0
92,73,469.13109,458.0
92,72,499.2235,497.0
92,71,529.18065,525.0
92,70,559.71617,557.0
92,69,590.835,585.0
92,68,728.92358,730.0
92,67,760.23835,770.0
92,66,791.95801,800.0
92,65,832.37131,840.0
92,64,896.97803,930.0
92,63,930.74719,970.0
92,62,1032.4454,1070.0
92,61,1062.4402,1110.0
92,60,1289.4383,1210.0
92,59,1351.5147,1290.0
92,58,1414.8559,1370.0
92,57,1479.4626,1440.0
92,56,1545.3358,1520.0
92,55,1612.4762,1590.0
92,54,1680.8848,1670.0
92,53,1767.5676,1750.0
92,52,1843.2578,1830.0
92,51,1916.1846,1910.0
92,50,1990.4038,1990.0
92,49,2065.9171,2070.0
92,48,2142.7262,2140.0
92,47,2220.8329,2220.0
92,46,2553.0991,2578.0
92,45,2627.4908,2646.0
92,44,2702.8703,2718.0
92,43,2779.2398,2794.0
92,42,2856.6016,2867.0
92,41,2960.2319,2938.0
92,40,3064.6338,3073.0
92,39,3146.738,3147.0
92,38,3229.901,3228.0
92,37,3314.1264,3301.0
92,36,3570.6844,3602.0
92,35,3649.1475,3675.0
92,34,3728.4238,3753.0
92,33,3830.4387,3827.0
92,32,4107.2172,4214.0
92,31,4195.3135,4299.0
92,30,4401.0974,4513.0
92,29,4477.2587,4598.0
92,28,7401.8372,7393.0
92,27,7567.189,7550.0
92,26,7734.3304,7730.0
92,25,7903.2639,7910.0
92,24,8073.9922,8090.0
92,23,8303.0013,8260.0
92,22,8624.3623,8650.0
92,21,8807.6603,8830.0
92,20,8992.9846,9030.0
92,19,9180.3433,9210.0
92,18,9701.2064,9720.0
92,17,9874.5738,9870.0
92,16,10049.533,10040.0
92,15,10273.609,10200.0
92,14,11369.259,11410.0
92,13,11580.017,11600.0
92,12,11980.314,11990.0
92,11,12158.613,12160.0
92,10,25224.321,25260.0
92,9,25643.191,25680.0
92,8,26065.616,26150.0
92,7,26606.461,26590.0
92,6,31044.369,31060.0
92,5,31614.636,31640.0
92,4,32529.376,32400.0
92,3,32994.707,32836.5
92,2,130716.36,129569.9
92,1,132279.93,131816.2
93,93,5.7718639,6.265608
93,92,11.273785,11.5
93,91,20.958088,19.7
93,90,34.787847,33.8
93,89,50.617078,48.0
93,88,68.050812,65.0
93,87,92.800129,92.0
93,86,106.99039,107.0
93,85,121.41422,121.0
93,84,138.91706,136.0
93,83,160.86108,151.0
93,82,179.13296,179.0
93,81,194.89477,196.0
93,80,236.96738,233.0
93,79,251.6813,252.0
93,78,356.57719,355.0
93,77,383.63561,382.0
93,76,411.23676,408.0
93,75,439.38654,438.0
93,74,468.09065,466.0
93,73,505.6779,495.0
93,72,536.69192,535.0
93,71,567.45765,565.0
93,70,598.80452,596.0
93,69,630.73737,626.0
93,68,772.36432,770.0
93,67,804.38803,810.0
93,66,836.82142,850.0
93,65,878.17536,880.0
93,64,945.72174,980.0
93,63,980.26255,1020.0
93,62,1085.5484,1130.0
93,61,1116.1589,1170.0
93,60,1359.8861,1280.0
93,59,1423.4462,1360.0
93,58,1488.2713,1430.0
93,57,1554.3622,1510.0
93,56,1621.7199,1590.0
93,55,1690.3453,1670.0
93,54,1760.2392,1740.0
93,53,1848.7942,1820.0
93,52,1926.3765,1910.0
93,51,2000.8136,1990.0
93,50,2076.5446,2070.0
93,49,2153.5711,2140.0
93,48,2231.8951,2230.0
93,47,2311.5182,2310.0
93,46,2649.0734,2675.0
93,45,2724.7622,2745.0
93,44,2801.4403,2817.0
93,43,2879.1102,2894.0
93,42,2957.7738,2969.0
93,41,3063.1374,3041.0
93,40,3170.5963,3181.0
93,39,3254.0802,3255.0
93,38,3338.6265,3338.0
93,37,3424.2389,3413.0
93,36,3684.4096,3718.0
93,35,3764.1443,3792.0
93,34,3844.6961,3872.0
93,33,3948.3177,3947.0
93,32,4238.2726,4353.0
93,31,4327.99,4441.0
93,30,4539.1917,4658.0
93,29,4616.6237,4744.0
93,28,7616.3498,7610.0
93,27,7784.0137,7770.0
93,26,7953.4691,7950.0
93,25,8124.7187,8130.0
93,24,8297.765,8310.0
93,23,8529.8474,8480.0
93,22,8861.7536,8890.0
93,21,9047.653,9070.0
93,20,9235.5875,9270.0
93,19,9425.5651,9450.0
93,18,9953.2162,9970.0
93,17,10129.048,10130.0
93,16,10306.481,10300.0
93,15,10533.617,10470.0
93,14,11683.068,11730.0
93,13,11897.863,11930.0
93,12,12307.723,12320.0
93,11,12489.119,12500.0
93,10,25829.203,25870.0
93,9,26253.65,26300.0
93,8,26681.668,26770.0
93,7,27229.418,27210.0
93,6,31890.93,31910.0
93,5,32473.613,32500.0
93,4,33410.095,33300.0
93,3,33884.551,33722.2
93,2,134104.44,132911.0
93,1,135691.52,135202.0
94,94,5.8699434,6.02576
94,93,11.434938,11.5
94,92,21.494081,21.1
94,91,35.522858,35.0
94,90,51.548849,49.0
94,89,78.573337,80.0
94,88,92.632956,95.0
94,87,106.94592,109.0
94,86,124.19879,124.0
94,85,140.39255,139.0
94,84,162.81895,159.0
94,83,186.16575,179.0
94,82,200.28949,200.0
94,81,216.52595,219.0
94,80,260.77522,258.0
94,79,275.8464,278.0
94,78,389.95195,389.0
94,77,417.79643,416.0
94,76,446.18589,444.0
94,75,475.12636,474.0
94,74,504.62355,503.0
94,73,543.31068,532.0
94,72,575.25967,575.0
94,71,606.83475,605.0
94,70,638.99381,637.0
94,69,671.74158,668.0
94,68,816.8739,820.0
94,67,849.61005,850.0
94,66,882.76046,890.0
94,65,925.05735,930.0
94,64,995.66684,1030.0
94,63,1030.9851,1070.0
94,62,1139.9332,1180.0
94,61,1171.1629,1220.0
94,60,1432.0661,1340.0
94,59,1497.1097,1420.0
94,58,1563.4186,1500.0
94,57,1630.9938,1580.0
94,56,1699.8361,1660.0
94,55,1769.9465,1740.0
94,54,1841.3259,1820.0
94,53,1931.7529,1890.0
94,52,2011.2546,1990.0
94,51,2087.2035,2070.0
94,50,2164.4477,2150.0
94,49,2242.9891,2230.0
94,48,2322.8294,2310.0
94,47,2403.9707,2390.0
94,46,2746.7578,2774.0
94,45,2823.7445,2844.0
94,44,2901.7221,2918.0
94,43,2980.6931,2997.0
94,42,3060.6593,3072.0
94,41,3167.7565,3146.0
94,40,3278.3657,3290.0
94,39,3363.2327,3366.0
94,38,3449.1659,3449.0
94,37,3536.1691,3527.0
94,36,3799.9489,3836.0
94,35,3880.9606,3911.0
94,34,3962.7932,3993.0
94,33,4068.0266,4068.0
94,32,4371.7517,4496.0
94,31,4463.111,4585.0
94,30,4679.8464,4807.0
94,29,4758.5628,4890.0
94,28,7833.8945,7830.0
94,27,8003.8713,7990.0
94,26,8175.6415,8170.0
94,25,8349.2078,8360.0
94,24,8524.5729,8540.0
94,23,8759.7287,8710.0
94,22,9102.5301,9130.0
94,21,9291.0402,9310.0
94,20,9481.5941,9520.0
94,19,9674.2001,9700.0
94,18,10208.671,10230.0
94,17,10386.982,10390.0
94,16,10566.901,10570.0
94,15,10797.109,10730.0
94,14,12002.834,12060.0
94,13,12221.753,12260.0
94,12,12641.409,12660.0
94,11,12825.968,12840.0
94,10,26441.667,26480.0
94,9,26871.718,26920.0
94,8,27305.359,27400.0
94,7,27860.042,27840.0
94,6,32755.669,32800.0
94,5,33351.134,33400.0
94,4,34310.006,34100.0
94,3,34793.86,34625.8
94,2,137560.59,136305.1
94,1,139171.79,138640.2
95,95,6.0411673,5.97381
95,94,11.714417,11.7
95,93,22.036247,21.7
95,92,36.265822,36.8
95,91,52.48951,50.0
95,90,70.310771,67.9
95,89,95.787334,95.0
95,88,110.3939,110.0
95,87,125.22484,125.0
95,86,143.17416,141.0
95,85,164.78951,163.0
95,84,188.30819,184.0
95,83,212.71249,206.0
95,82,222.23966,225.0
95,81,238.95004,242.0
95,80,285.39825,284.0
95,79,300.82983,305.0
95,78,424.41557,424.0
95,77,453.04495,451.0
95,76,482.22201,481.0
95,75,511.95275,511.0
95,74,542.24284,541.0
95,73,582.02759,571.0
95,72,614.92604,616.0
95,71,647.31146,646.0
95,70,680.28374,680.0
95,69,713.8475,711.0
95,68,862.45374,870.0
95,67,895.90575,900.0
95,66,929.77644,940.0
95,65,973.0186,980.0
95,64,1046.82,1090.0
95,63,1082.9216,1130.0
95,62,1195.6081,1240.0
95,61,1227.4605,1280.0
95,60,1505.9779,1410.0
95,59,1572.505,1490.0
95,58,1640.2978,1570.0
95,57,1709.3572,1650.0
95,56,1779.6843,1730.0
95,55,1851.2799,1820.0
95,54,1924.1451,1900.0
95,53,2016.444,1980.0
95,52,2097.8939,2070.0
95,51,2175.356,2160.0
95,50,2254.1149,2240.0
95,49,2334.1727,2320.0
95,48,2415.5311,2410.0
95,47,2498.1921,2480.0
95,46,2846.1528,2874.0
95,45,2924.4381,2946.0
95,44,3003.7161,3021.0
95,43,3083.989,3101.0
95,42,3165.2587,3178.0
95,41,3274.0899,3251.0
95,40,3387.9459,3402.0
95,39,3474.1997,3479.0
95,38,3561.5235,3563.0
95,37,3649.9209,3641.0
95,36,3917.3071,3956.0
95,35,3999.601,4033.0
95,34,4082.7198,4115.0
95,33,4189.5703,4191.0
95,32,4507.684,4642.0
95,31,4600.7066,4733.0
95,30,4823.0945,4960.0
95,29,4903.1095,5050.0
95,28,8054.4718,8040.0
95,27,8226.7621,8210.0
95,26,8400.8478,8390.0
95,25,8576.7317,8590.0
95,24,8754.4163,8770.0
95,23,8992.6459,8950.0
95,22,9346.703,9380.0
95,21,9537.8329,9560.0
95,20,9731.0158,9770.0
95,19,9926.2599,9960.0
95,18,10467.584,10490.0
95,17,10648.386,10650.0
95,16,10830.807,10830.0
95,15,11064.101,11000.0
95,14,12328.681,12400.0
95,13,12551.815,12600.0
95,12,12981.509,13000.0
95,11,13169.297,13190.0
95,10,27061.737,27110.0
95,9,27497.421,27550.0
95,8,27936.713,28040.0
95,7,28498.357,28500.0
95,6,33639.11,33700.0
95,5,34247.743,34300.0
95,4,35229.688,35100.0
95,3,35723.229,35549.4
95,2,141086.71,139769.5
95,1,142722.7,142153.5
96,96,5.4533429,5.992241
96,95,13.399543,12.4
96,94,21.079944,20.1
96,93,37.014665,37.7
96,92,53.439094,51.0
96,91,71.455384,69.1
96,90,97.28227,97.0
96,89,110.33307,112.0
96,88,128.04089,128.0
96,87,143.99616,144.0
96,86,166.77282,167.0
96,85,190.46384,190.0
96,84,215.0377,213.0
96,83,225.65835,235.0
96,82,242.55929,253.0
96,81,286.3614,272.0
96,80,310.83739,311.0
96,79,326.63276,332.0
96,78,459.96411,460.0
96,77,489.37798,489.0
96,76,519.34248,518.0
96,75,549.86353,550.0
96,74,580.94664,580.0
96,73,621.82721,611.0
96,72,655.69068,657.0
96,71,688.8876,689.0
96,70,722.67429,723.0
96,69,757.05522,755.0
96,68,909.10529,910.0
96,67,943.27656,950.0
96,66,977.87074,990.0
96,65,1022.0605,1030.0
96,64,1099.188,1140.0
96,63,1136.0789,1180.0
96,62,1252.5815,1300.0
96,61,1285.0602,1340.0
96,60,1581.6215,1480.0
96,59,1649.6321,1560.0
96,58,1718.9089,1650.0
96,57,1789.4528,1730.0
96,56,1861.2649,1810.0
96,55,1934.346,1890.0
96,54,2008.6973,1980.0
96,53,2102.868,2060.0
96,52,2186.2961,2160.0
96,51,2265.2728,2240.0
96,50,2345.5481,2320.0
96,49,2427.1239,2410.0
96,48,2510.0021,2490.0
96,47,2594.1845,2580.0
96,46,2947.2588,2976.0
96,45,3026.8437,3050.0
96,44,3107.4228,3125.0
96,43,3188.9984,3207.0
96,42,3271.5725,3284.0
96,41,3382.138,3360.0
96,40,3499.3408,3515.0
96,39,3586.9851,3593.0
96,38,3675.7031,3679.0
96,37,3765.4988,3758.0
96,36,4036.489,4078.0
96,35,4120.0705,4156.0
96,34,4204.4809,4239.0
96,33,4312.9538,4317.0
96,32,4646.1001,4791.0
96,31,4740.8082,4880.0
96,30,4968.9703,5110.0
96,29,5050.2986,5200.0
96,28,8278.0821,8270.0
96,27,8452.6866,8440.0
96,26,8629.0886,8620.0
96,25,8807.2908,8820.0
96,24,8987.2958,9000.0
96,23,9228.5993,9180.0
96,22,9594.2832,9630.0
96,21,9788.0427,9820.0
96,20,9983.8643,10020.0
96,19,10181.756,10220.0
96,18,10729.969,10760.0
96,17,10913.276,10920.0
96,16,11098.211,11100.0
96,15,11334.605,11270.0
96,14,12660.739,12740.0
96,13,12888.182,12950.0
96,12,13328.168,13350.0
96,11,13519.256,13550.0
96,10,27689.434,27740.0
96,9,28130.781,28180.0
96,8,28575.754,28700.0
96,7,29144.388,29100.0
96,6,34541.808,34600.0
96,5,35164.017,35200.0
96,4,36169.753,36000.0
96,3,36673.29,36493.0
96,2,144684.8,143311.0
96,1,146346.32,145740.1
97,97,6.3973578,6.19785
97,96,12.292124,11.9
97,95,21.622227,21.6
97,94,35.817387,36.0
97,93,54.393053,56.0
97,92,72.609801,70.1
97,91,92.155209,90.0
97,90,115.59279,114.0
97,89,129.96619,130.0
97,88,145.81632,147.0
97,87,168.7689,171.0
97,86,192.63275,195.0
97,85,217.37661,218.0
97,84,229.10295,240.0
97,83,246.19545,259.0
97,82,289.15611,279.0
97,81,316.95899,303.0
97,80,337.09444,339.0
97,79,353.25709,361.0
97,78,496.59466,497.0
97,77,526.7931,526.0
97,76,557.54528,557.0
97,75,588.85696,590.0
97,74,620.7335,621.0
97,73,662.70845,652.0
97,72,697.55352,700.0
97,71,731.56325,733.0
97,70,766.16564,768.0
97,69,801.36504,800.0
97,68,956.83006,960.0
97,67,991.72391,1000.0
97,66,1027.0448,1040.0
97,65,1072.1845,1080.0
97,64,1152.7779,1200.0
97,63,1190.4642,1240.0
97,62,1310.8622,1360.0
97,61,1343.9707,1410.0
97,60,1658.9969,1550.0
97,59,1728.4911,1630.0
97,58,1799.2521,1720.0
97,57,1871.2807,1800.0
97,56,1944.578,1890.0
97,55,2019.1451,1970.0
97,54,2094.9828,2050.0
97,53,2191.0253,2140.0
97,52,2276.4628,2240.0
97,51,2356.9558,2320.0
97,50,2438.7492,2410.0
97,49,2521.8447,2490.0
97,48,2606.2444,2580.0
97,47,2691.9501,2670.0
97,46,3050.0763,3080.0
97,45,3130.9616,3154.0
97,44,3212.8428,3232.0
97,43,3295.722,3315.0
97,42,3379.6014,3393.0
97,41,3491.9016,3469.0
97,40,3612.5547,3630.0
97,39,3701.5932,3709.0
97,38,3791.7093,3797.0
97,37,3882.9069,3877.0
97,36,4157.4993,4202.0
97,35,4242.374,4281.0
97,34,4328.0817,4365.0
97,33,4438.1823,4445.0
97,32,4787.0315,4940.0
97,31,4883.4483,5040.0
97,30,5117.5091,5270.0
97,29,5200.1664,5360.0
97,28,8504.7257,8500.0
97,27,8681.6452,8670.0
97,26,8860.3643,8850.0
97,25,9040.8856,9050.0
97,24,9223.2119,9240.0
97,23,9467.5895,9420.0
97,22,9845.2824,9880.0
97,21,10041.681,10070.0
97,20,10240.151,10280.0
97,19,10440.701,10480.0
97,18,10995.838,11020.0
97,17,11181.664,11190.0
97,16,11369.128,11380.0
97,15,11608.635,11550.0
97,14,12999.143,13090.0
97,13,13230.995,13300.0
97,12,13681.534,13720.0
97,11,13875.997,13910.0
97,10,28324.783,28380.0
97,9,28771.822,28800.0
97,8,29222.505,29300.0
97,7,29798.161,29800.0
97,6,35464.35,35500.0
97,5,36100.567,36200.0
97,4,37130.851,37000.0
97,3,37644.713,37457.6
97,2,148357,146917.0
97,1,150044.83,149398.0
98,98,6.5825656,6.281878
98,97,12.59065,12.0
98,96,22.171491,22.4
98,95,36.568674,37.7
98,94,52.985944,51.9
98,93,73.765581,75.0
98,92,93.512002,91.0
98,91,114.40965,112.9
98,90,134.72705,133.0
98,89,147.61436,152.0
98,88,170.7778,178.0
98,87,194.81497,201.0
98,86,219.72927,225.0
98,85,232.57344,247.0
98,84,249.8585,265.0
98,83,291.96561,286.0
98,82,319.92964,310.0
98,81,348.71315,334.0
98,80,364.1718,368.0
98,79,380.70529,390.0
98,78,534.305,536.0
98,77,565.28847,566.0
98,76,596.82886,597.0
98,75,628.93174,630.0
98,74,661.60226,662.0
98,73,704.67044,695.0
98,72,740.51474,744.0
98,71,775.33869,778.0
98,70,810.75817,814.0
98,69,846.77741,847.0
98,68,1005.6296,1010.0
98,67,1041.2493,1050.0
98,66,1077.3,1090.0
98,65,1123.3921,1120.0
98,64,1207.5972,1250.0
98,63,1246.085,1300.0
98,62,1370.4592,1420.0
98,61,1404.2011,1470.0
98,60,1738.1041,1620.0
98,59,1809.0822,1700.0
98,58,1881.3276,1790.0
98,57,1954.8413,1880.0
98,56,2029.6242,1960.0
98,55,2105.6775,2050.0
98,54,2183.0021,2130.0
98,53,2280.9165,2220.0
98,52,2368.3959,2320.0
98,51,2450.407,2410.0
98,50,2533.72,2490.0
98,49,2618.3371,2580.0
98,48,2704.2601,2670.0
98,47,2791.4909,2750.0
98,46,3154.6059,3186.0
98,45,3236.7925,3261.0
98,44,3319.9766,3340.0
98,43,3404.1603,3424.0
98,42,3489.3457,3503.0
98,41,3603.3811,3581.0
98,40,3727.5917,3747.0
98,39,3818.0282,3828.0
98,38,3909.5463,3915.0
98,37,4002.1499,3998.0
98,36,4280.3432,4329.0
98,35,4366.5167,4407.0
98,34,4453.5274,4494.0
98,33,4565.2612,4570.0
98,32,4930.5112,5100.0
98,31,5028.6605,5190.0
98,30,5268.7479,5430.0
98,29,5352.7503,5520.0
98,28,8734.403,8730.0
98,27,8913.6384,8900.0
98,26,9094.6754,9090.0
98,25,9277.5167,9290.0
98,24,9462.165,9480.0
98,23,9709.6171,9660.0
98,22,10099.712,10140.0
98,21,10298.76,10330.0
98,20,10499.889,10550.0
98,19,10703.107,10740.0
98,18,11265.205,11300.0
98,17,11453.565,11470.0
98,16,11643.572,11650.0
98,15,11886.207,11820.0
98,14,13344.037,13450.0
98,13,13580.403,13660.0
98,12,14041.767,14080.0
98,11,14239.683,14280.0
98,10,28967.808,29000.0
98,9,29420.569,29500.0
98,8,29876.993,30000.0
98,7,30459.699,30500.0
98,6,36407.357,36500.0
98,5,37058.039,37100.0
98,4,38113.668,37900.0
98,3,38638.208,38443.5
98,2,152105.56,150593.0
98,1,153820.56,153124.0
99,99,6.7726805,6.3684
99,98,12.895828,12.2
99,97,22.727763,22.7
99,96,37.32803,38.8
99,95,53.945731,54.1
99,94,72.171697,71.0
99,93,94.865355,97.0
99,92,115.96611,112.9
99,91,138.09481,137.0
99,90,154.65134,157.0
99,89,172.75232,180.0
99,88,197.01053,206.0
99,87,222.09572,231.0
99,86,236.0698,252.0
99,85,253.54843,270.0
99,84,294.78997,294.0
99,83,322.91547,317.0
99,82,351.85863,342.0
99,81,381.61488,367.0
99,80,392.07238,398.0
99,79,408.98021,421.0
99,78,573.0935,576.0
99,77,604.86273,606.0
99,76,637.19205,638.0
99,75,670.08684,672.0
99,74,703.55203,705.0
99,73,747.71253,738.0
99,72,784.57471,790.0
99,71,820.21437,824.0
99,70,856.45241,861.0
99,69,893.29292,895.0
99,68,1055.5055,1060.0
99,67,1091.8544,1100.0
99,66,1128.6379,1140.0
99,65,1175.6849,1180.0
99,64,1263.6532,1310.0
99,63,1302.949,1360.0
99,62,1431.3816,1480.0
99,61,1465.7606,1530.0
99,60,1818.9434,1690.0
99,59,1891.4057,1780.0
99,58,1965.1358,1870.0
99,57,2040.1348,1950.0
99,56,2116.4038,2040.0
99,55,2193.9438,2130.0
99,54,2272.7557,2220.0
99,53,2372.5421,2300.0
99,52,2462.0974,2410.0
99,51,2545.6282,2490.0
99,50,2630.4628,2580.0
99,49,2716.6032,2680.0
99,48,2804.0513,2760.0
99,47,2892.8092,2850.0
99,46,3260.8481,3294.0
99,45,3344.3368,3370.0
99,44,3428.8247,3449.0
99,43,3514.3139,3535.0
99,42,3600.8064,3616.0
99,41,3716.5774,3694.0
99,40,3844.4561,3866.0
99,39,3936.2945,3947.0
99,38,4029.2185,4038.0
99,37,4123.2321,4120.0
99,36,4405.0256,4456.0
99,35,4492.5037,4537.0
99,34,4580.8231,4620.0
99,33,4694.1959,4700.0
99,32,5076.5732,5260.0
99,31,5176.48,5350.0
99,30,5422.7249,5600.0
99,29,5508.0894,5690.0
99,28,8967.1147,8960.0
99,27,9148.6667,9140.0
99,26,9332.0224,9330.0
99,25,9517.1845,9530.0
99,24,9704.1558,9720.0
99,23,9954.6826,9910.0
99,22,10357.584,10400.0
99,21,10559.291,10590.0
99,20,10763.089,10810.0
99,19,10968.986,11010.0
99,18,11538.085,11570.0
99,17,11728.993,11740.0
99,16,11921.557,11930.0
99,15,12167.335,12110.0
99,14,13695.571,13810.0
99,13,13936.56,14030.0
99,12,14409.032,14460.0
99,11,14610.486,14700.0
99,10,29618.533,29700.0
99,9,30077.046,30100.0
99,8,30539.243,30700.0
99,7,31129.03,31100.0
99,6,37371.487,37400.0
99,5,38037.12,38100.0
99,4,39118.937,38900.0
99,3,39654.531,39451.4
99,2,155932.88,154344.0
99,1,157675.98,156927.0
100,100,6.9678295,6.5
100,99,13.207814,12.4
100,98,23.291069,23.2
100,97,38.095487,39.3
100,96,54.914573,55.0
100,95,73.338039,74.0
100,94,93.102177,93.0
100,93,117.51226,120.0
100,92,139.84819,136.0
100,91,163.12344,162.0
100,90,175.34267,185.0
100,89,199.15657,209.0
100,88,224.47601,237.0
100,87,239.59203,257.0
100,86,257.26523,276.0
100,85,297.62922,300.0
100,84,325.91653,326.0
100,83,355.01966,351.0
100,82,384.93419,377.0
100,81,415.65715,402.0
100,80,420.79946,430.0
100,79,438.08506,453.0
100,78,612.95895,616.0
100,77,645.51483,647.0
100,76,678.63397,680.0
100,75,712.32149,716.0
100,74,746.58214,749.0
100,73,791.83423,782.0
100,72,829.73399,837.0
100,71,866.1909,871.0
100,70,903.24901,909.0
100,69,940.9123,944.0
100,68,1106.4594,1110.0
100,67,1143.5406,1150.0
100,66,1181.0602,1190.0
100,65,1229.0643,1230.0
100,64,1320.9539,1370.0
100,63,1361.064,1420.0
100,62,1493.6391,1550.0
100,61,1528.6588,1600.0
100,60,1901.515,1770.0
100,59,1975.4618,1850.0
100,58,2050.6771,1940.0
100,57,2127.1619,2030.0
100,56,2204.9174,2120.0
100,55,2283.9445,2210.0
100,54,2364.2443,2300.0
100,53,2465.9029,2390.0
100,52,2557.5692,2490.0
100,51,2642.6215,2590.0
100,50,2728.9795,2680.0
100,49,2816.6451,2760.0
100,48,2905.6203,2850.0
100,47,2995.9072,2950.0
100,46,3368.8034,3403.0
100,45,3453.5953,3480.0
100,44,3539.3879,3561.0
100,43,3626.1833,3647.0
100,42,3713.9838,3730.0
100,41,3831.491,3810.0
100,40,3963.1522,3986.0
100,39,4056.3965,4070.0
100,38,4150.7306,4160.0
100,37,4246.1583,4245.0
100,36,4531.5519,4586.0
100,35,4620.3403,4670.0
100,34,4709.9744,4760.0
100,33,4824.9918,4840.0
100,32,5225.2531,5420.0
100,31,5326.9432,5510.0
100,30,5579.4799,5760.0
100,29,5666.2241,5860.0
100,28,9202.8611,9200.0
100,27,9386.7305,9370.0
100,26,9572.4058,9570.0
100,25,9759.8896,9770.0
100,24,9949.1848,9970.0
100,23,10202.787,10160.0
100,22,10618.911,10660.0
100,21,10823.287,10860.0
100,20,11029.765,11080.0
100,19,11238.351,11280.0
100,18,11814.491,11850.0
100,17,12007.961,12020.0
100,16,12203.099,12220.0
100,15,12452.033,12390.0
100,14,14053.902,14180.0
100,13,14299.63,14400.0
100,12,14783.504,14800.0
100,11,14988.584,15000.0
100,10,30276.982,30300.0
100,9,30741.279,30800.0
100,8,31209.28,31300.0
100,7,31806.179,31800.0
100,6,38357.439,38400.0
100,5,39038.539,39100.0
100,4,40147.434,40000.0
100,3,40694.486,40482.2
100,2,159841.54,158171.0
100,1,161613.73,160808.0
101,101,7.1681424,6.58
101,100,13.526767,12.4
101,99,23.861438,24.3
101,98,38.871076,40.0
101,97,55.892506,54.1
101,96,74.51433,76.0
101,95,94.472462,96.0
101,94,115.59332,115.1
101,93,141.58204,143.9
101,92,165.07108,162.0
101,91,189.43316,187.0
101,90,196.7853,215.0
101,89,226.78847,240.0
101,88,243.1401,260.0
101,87,261.00888,282.0
101,86,300.48341,307.0
101,85,328.93287,334.0
101,84,358.19628,360.0
101,83,388.26939,386.0
101,82,419.14936,412.0
101,81,450.8344,438.0
101,80,450.3566,462.0
101,79,468.02331,486.0
101,78,653.90047,659.0
101,77,687.24404,690.0
101,76,721.15395,723.0
101,75,755.63511,760.0
101,74,790.69207,794.0
101,73,837.03517,828.0
101,72,875.99325,885.0
101,71,913.26901,920.0
101,70,951.14877,958.0
101,69,989.63637,994.0
101,68,1158.4929,1160.0
101,67,1196.3096,1210.0
101,66,1234.5683,1250.0
101,65,1283.5321,1290.0
101,64,1379.5072,1430.0
101,63,1420.4381,1480.0
101,62,1557.2412,1620.0
101,61,1592.9055,1660.0
101,60,1985.8193,1840.0
101,59,2061.251,1930.0
101,58,2137.9519,2020.0
101,57,2215.923,2110.0
101,56,2295.1654,2200.0
101,55,2375.6802,2290.0
101,54,2457.4685,2390.0
101,53,2560.9996,2480.0
101,52,2654.8135,2580.0
101,51,2741.3892,2680.0
101,50,2829.2724,2760.0
101,49,2918.4651,2860.0
101,48,3008.9694,2950.0
101,47,3100.7873,3050.0
101,46,3478.4726,3513.0
101,45,3564.5684,3592.0
101,44,3651.6667,3675.0
101,43,3739.7694,3762.0
101,42,3828.8788,3845.0
101,41,3948.1226,3926.0
101,40,4083.6847,4109.0
101,39,4178.339,4194.0
101,38,4274.0871,4286.0
101,37,4370.9332,4371.0
101,36,4659.9274,4720.0
101,35,4750.0321,4800.0
101,34,4840.9867,4890.0
101,33,4957.6546,4970.0
101,32,5376.5877,5580.0
101,31,5480.088,5680.0
101,30,5739.0541,5930.0
101,29,5827.1968,6030.0
101,28,9441.6427,9430.0
101,27,9627.8304,9620.0
101,26,9815.8261,9810.0
101,25,10005.633,10020.0
101,24,10197.253,10220.0
101,23,10453.93,10410.0
101,22,10883.704,10930.0
101,21,11090.761,11130.0
101,20,11299.928,11350.0
101,19,11511.215,11560.0
101,18,12094.439,12130.0
101,17,12290.486,12310.0
101,16,12488.211,12500.0
101,15,12740.318,12680.0
101,14,14419.196,14560.0
101,13,14669.785,14800.0
101,12,15165.367,15200.0
101,11,15374.168,15400.0
101,10,30943.182,31000.0
101,9,31413.295,31500.0
101,8,31887.131,32000.0
101,7,32491.173,32500.0
101,6,39365.957,39500.0
101,5,40063.073,40100.0
101,4,41199.989,41000.0
101,3,41758.93,41548.0
101,2,163834.24,162066.0
101,1,165636.64,164764.0
102,102,7.3737518,6.62621
102,101,13.852849,12.93
102,100,24.438898,25.8
102,99,39.65483,41.5
102,98,56.879564,60.0
102,97,75.700607,74.0
102,96,95.853507,97.0
102,95,117.16469,119.0
102,94,139.51801,140.0
102,93,166.98738,170.0
102,92,191.57257,187.0
102,91,216.97875,216.0
102,90,218.96845,246.0
102,89,246.71401,267.0
102,88,264.77936,285.0
102,87,303.20593,312.0
102,86,331.96454,341.0
102,85,361.38854,367.0
102,84,391.62052,394.0
102,83,422.6578,422.0
102,82,454.4987,448.0
102,81,487.14232,475.0
102,80,480.74761,496.0
102,79,498.79868,520.0
102,78,695.91744,701.0
102,77,730.04981,734.0
102,76,764.75152,768.0
102,75,800.02728,805.0
102,74,835.88143,840.0
102,73,883.31509,875.0
102,72,923.35329,934.0
102,71,961.44956,969.0
102,70,1000.1526,1010.0
102,69,1039.4661,1045.0
102,68,1211.6077,1220.0
102,67,1250.1631,1260.0
102,66,1289.1639,1300.0
102,65,1339.0899,1350.0
102,64,1439.3215,1500.0
102,63,1481.08,1550.0
102,62,1622.1981,1680.0
102,61,1658.5109,1730.0
102,60,2071.8568,1920.0
102,59,2148.7738,2010.0
102,58,2226.9608,2110.0
102,57,2306.4186,2200.0
102,56,2387.1486,2290.0
102,55,2469.1516,2380.0
102,54,2552.4289,2470.0
102,53,2657.8328,2570.0
102,52,2753.8323,2680.0
102,51,2841.9333,2760.0
102,50,2931.3436,2860.0
102,49,3022.0655,2950.0
102,48,3114.1009,3050.0
102,47,3207.4519,3140.0
102,46,3589.8562,3627.0
102,45,3677.2569,3705.0
102,44,3765.6617,3790.0
102,43,3855.0727,3878.0
102,42,3945.492,3962.0
102,41,4066.473,4045.0
102,40,4206.058,4234.0
102,39,4302.1265,4320.0
102,38,4399.293,4413.0
102,37,4497.5618,4500.0
102,36,4790.1574,4850.0
102,35,4881.5845,4930.0
102,34,4973.8658,5030.0
102,33,5092.1901,5110.0
102,32,5530.6154,5750.0
102,31,5635.9538,5850.0
102,30,5901.4906,6110.0
102,29,5991.0512,6210.0
102,28,9683.4601,9680.0
102,27,9871.967,9860.0
102,26,10062.284,10060.0
102,25,10254.414,10270.0
102,24,10448.36,10470.0
102,23,10708.113,10660.0
102,22,11151.977,11200.0
102,21,11361.725,11410.0
102,20,11573.593,11630.0
102,19,11787.592,11840.0
102,18,12377.942,12420.0
102,17,12576.582,12600.0
102,16,12776.911,12800.0
102,15,13032.204,12980.0
102,14,14791.629,15000.0
102,13,15047.206,15200.0
102,12,15554.816,15600.0
102,11,15767.437,15800.0
102,10,31617.158,31700.0
102,9,32093.118,32200.0
102,8,32572.822,32700.0
102,7,33184.041,33200.0
102,6,40397.829,40500.0
102,5,41111.547,41200.0
102,4,42277.484,42100.0
102,3,42848.781,42632.0
102,2,167913.9,166050.0
102,1,169747.7,168804.0
103,103,4.6774079,4.96
103,102,15.775831,14.54
103,101,23.657546,21.8
103,100,40.446782,43.6
103,99,57.875784,56.0
103,98,76.89691,80.0
103,97,97.245355,96.0
103,96,118.74756,121.0
103,95,141.28758,143.0
103,94,164.7868,165.0
103,93,193.66589,197.0
103,92,219.30761,216.0
103,91,245.72708,244.0
103,90,241.88481,269.0
103,89,268.57668,290.0
103,88,300.45206,322.0
103,87,334.83253,344.0
103,86,364.59649,374.0
103,85,394.98765,403.0
103,84,426.1825,431.0
103,83,458.17952,459.0
103,82,490.97793,487.0
103,81,487.9777,510.0
103,80,506.16183,540.0
103,79,584.02256,560.0
103,78,739.00946,745.0
103,77,773.93177,779.0
103,76,809.42636,814.0
103,75,845.49769,852.0
103,74,882.14995,888.0
103,73,930.67384,922.0
103,72,971.81504,985.0
103,71,1010.7335,1020.0
103,70,1050.2614,1061.0
103,69,1090.4024,1098.0
103,68,1265.8056,1280.0
103,67,1305.1028,1320.0
103,66,1344.8488,1360.0
103,65,1395.7393,1410.0
103,64,1500.4052,1570.0
103,63,1542.9981,1620.0
103,62,1688.5201,1760.0
103,61,1725.4853,1810.0
103,60,2159.6279,2010.0
103,59,2238.0308,2100.0
103,58,2317.7043,2190.0
103,57,2398.6495,2290.0
103,56,2480.8675,2380.0
103,55,2564.3594,2470.0
103,54,2649.1263,2570.0
103,53,2756.4033,2670.0
103,52,2854.6279,2780.0
103,51,2944.2561,2860.0
103,50,3035.1956,2960.0
103,49,3127.4487,3060.0
103,48,3221.0172,3150.0
103,47,3315.9034,3250.0
103,46,3702.9548,3741.0
103,45,3791.6614,3821.0
103,44,3881.3738,3906.0
103,43,3972.094,3996.0
103,42,4063.8242,4082.0
103,41,4186.5428,4165.0
103,40,4330.277,4360.0
103,39,4427.7638,4448.0
103,38,4526.353,4540.0
103,37,4626.0488,4630.0
103,36,4922.2477,4990.0
103,35,5015.0032,5070.0
103,34,5108.6174,5160.0
103,33,5228.6041,5250.0
103,32,5687.376,5920.0
103,31,5794.5817,6030.0
103,30,6066.8341,6290.0
103,29,6157.833,6390.0
103,28,9928.3137,9920.0
103,27,10119.141,10110.0
103,26,10311.78,10310.0
103,25,10506.235,10520.0
103,24,10702.507,10720.0
103,23,10965.336,10920.0
103,22,11423.743,11470.0
103,21,11636.192,11680.0
103,20,11850.773,11910.0
103,19,12067.494,12120.0
103,18,12665.017,12710.0
103,17,12866.265,12890.0
103,16,13069.212,13090.0
103,15,13327.708,13300.0
103,14,15171.384,15300.0
103,13,15432.085,15600.0
103,12,15952.056,16000.0
103,11,16168.603,16200.0
103,10,32298.936,32400.0
103,9,32780.777,32900.0
103,8,33266.382,33400.0
103,7,33884.81,33900.0
103,6,41453.901,41600.0
103,5,42184.845,42300.0
103,4,43380.865,43200.0
103,3,43965.018,43759.0
103,2,172083.65,170116.0
103,1,173950.16,172928.0
104,104,5.9607748,6.02
104,103,14.861982,14.35
104,102,26.134421,23.84
104,101,34.873986,31.87
104,100,58.881204,64.0
104,99,78.10328,77.0
104,98,98.648047,102.0
104,97,120.34197,119.0
104,96,143.06934,146.1
104,95,166.75179,169.0
104,94,191.33571,193.0
104,93,221.57242,225.0
104,92,248.24323,244.0
104,91,244.87725,275.0
104,78,783.17625,791.0
104,77,818.88969,825.0
104,76,855.17823,860.0
104,75,892.04616,899.0
104,74,929.49744,936.0
104,73,979.11129,972.0
104,72,1021.3795,1036.0
104,71,1061.1218,1073.0
104,70,1101.4763,1114.0
104,69,1142.4465,1151.0
104,46,3817.7692,3857.0
104,45,3907.7826,3938.0
104,44,3998.8035,4025.0
104,43,4090.834,4116.0
104,42,4183.876,4203.0
104,41,4308.333,4287.0
104,40,4456.3463,4489.0
104,39,4555.2559,4580.0
104,38,4655.2722,4670.0
104,37,4756.3995,4760.0
104,36,5056.2038,5130.0
104,35,5150.294,5210.0
104,34,5245.2475,5300.0
104,33,5366.9028,5390.0
104,32,5846.9111,6100.0
104,31,5956.0144,6200.0
104,30,6235.1313,6470.0
104,29,6327.5899,6570.0
104,28,10176.204,10170.0
104,27,10369.352,10360.0
104,26,10564.315,10560.0
104,25,10761.095,10780.0
104,24,10959.695,10980.0
104,23,11225.6,11180.0
104,22,11699.014,11750.0
104,21,11914.176,11960.0
104,20,12131.481,12200.0
104,19,12350.936,12410.0
104,18,12955.678,13010.0
104,17,13159.55,13190.0
104,16,13365.132,13400.0
104,15,13626.846,13600.0
104,14,15558.656,15800.0
104,13,15824.625,16000.0
104,12,16357.304,16400.0
104,11,16577.891,16700.0
104,10,32988.544,33100.0
104,9,33476.299,33600.0
104,8,33967.839,34100.0
104,7,34593.508,34600.0
104,6,42535.07,42700.0
104,5,43283.909,43400.0
104,4,44511.142,44300.0
104,2,176346.82,174265.0
104,1,178247.46,177142.0
105,105,6.5126459,6.8
105,104,16.823681,14.0
105,103,25.084819,23.1
105,102,34.224184,33.0
105,101,47.263379,43.0
105,100,79.319757,86.0
105,99,100.06163,98.9
105,98,121.94798,126.0
105,97,144.86332,145.1
105,96,168.72959,172.0
105,95,193.4935,196.0
105,94,219.11835,220.9
105,93,250.67391,254.0
105,92,278.35513,274.0
105,91,268.72553,307.0
105,78,828.41768,838.0
105,77,864.92344,872.0
105,76,902.00703,908.0
105,75,939.67254,948.0
105,74,977.92379,985.0
105,73,1028.6274,1022.0
105,72,1072.0477,1089.0
105,71,1112.6157,1126.0
105,70,1153.7985,1168.0
105,69,1195.5995,1207.0
105,46,3934.2999,3975.0
105,45,4025.6212,4057.0
105,44,4117.9517,4145.0
105,43,4211.2933,4237.0
105,42,4305.6483,4326.0
105,41,4431.8442,4411.0
105,40,4584.271,4620.0
105,39,4684.6077,4710.0
105,38,4786.0557,4810.0
105,37,4888.6191,4900.0
105,36,5192.0317,5260.0
105,35,5287.4629,5350.0
105,34,5383.762,5450.0
105,33,5507.0922,5530.0
105,32,6009.2641,6280.0
105,31,6120.2965,6380.0
105,30,6406.4305,6650.0
105,29,6500.3714,6760.0
105,28,10427.132,10420.0
105,27,10622.602,10610.0
105,26,10819.889,10820.0
105,25,11018.995,11040.0
105,24,11219.924,11240.0
105,23,11488.907,11440.0
105,22,11977.804,12040.0
105,21,12195.691,12250.0
105,20,12415.73,12480.0
105,19,12637.932,12700.0
105,18,13249.941,13300.0
105,17,13456.453,13500.0
105,16,13664.685,13700.0
105,15,13929.634,13900.0
105,14,15953.651,16200.0
105,13,16225.038,16400.0
105,12,16770.79,16900.0
105,11,16995.537,17100.0
105,10,33686.009,33800.0
105,9,34179.711,34300.0
105,8,34677.22,34800.0
105,7,35310.165,35300.0
105,6,43642.301,43800.0
105,5,44409.75,44500.0
105,4,45669.4,45400.0
105,2,180707.01,178505.0
105,1,182643.33,181445.0
106,106,7.0916968,7.8
106,105,17.369686,17.1
106,104,25.825685,25.8
106,103,35.625078,35.5
106,102,48.940826,47.2
106,101,63.081462,59.3
106,100,101.48614,109.0
106,99,123.56563,122.0
106,98,146.66958,152.0
106,97,170.72025,170.0
106,96,195.66468,200.0
106,95,221.4665,224.0
106,94,248.10069,251.0
106,93,280.94589,285.0
106,92,309.62523,306.0
106,91,293.29663,339.0
106,78,874.73371,885.0
106,77,912.03297,921.0
106,76,949.91269,958.0
106,75,988.3768,998.0
106,74,1027.4289,1036.0
106,73,1079.2222,1073.0
106,72,1123.8209,1143.0
106,71,1165.2163,1181.0
106,70,1207.229,1223.0
106,69,1249.8626,1263.0
106,46,4052.5478,4095.0
106,45,4145.1779,4178.0
106,44,4238.8189,4267.0
106,43,4333.4729,4360.0
106,42,4429.1418,4450.0
106,41,4557.0772,4540.0
106,40,4714.0561,4750.0
106,39,4815.8245,4840.0
106,38,4918.7086,4940.0
106,37,5022.7128,5030.0
106,36,5329.7372,5410.0
106,35,5426.5159,5490.0
106,34,5524.1672,5590.0
106,33,5649.1786,5680.0
106,32,6174.4798,6460.0
106,31,6287.4743,6570.0
106,30,6580.7825,6840.0
106,29,6676.2293,6950.0
106,28,10681.098,10680.0
106,27,10878.891,10870.0
106,26,11078.503,11080.0
106,25,11279.937,11300.0
106,24,11483.196,11510.0
106,23,11755.255,11710.0
106,22,12260.126,12320.0
106,21,12480.749,12540.0
106,20,12703.536,12780.0
106,19,12928.496,12990.0
106,18,13547.823,13600.0
106,17,13756.991,13800.0
106,16,13967.891,14000.0
106,15,14236.09,14200.0
106,14,16356.586,16600.0
106,13,16633.551,16800.0
106,12,17192.757,17300.0
106,11,17421.792,17500.0
106,10,34391.359,34500.0
106,9,34891.042,35000.0
106,8,35394.555,35600.0
106,7,36034.81,36100.0
106,6,44776.623,44900.0
106,5,45563.45,45700.0
106,4,46856.804,46600.0
106,2,185168.07,182833.0
106,1,187141.79,185835.0
107,107,7.6982531,7.7
107,106,17.930942,17.5
107,105,26.585319,26.7
107,104,37.057171,37.3
107,103,50.650874,49.0
107,102,65.053175,62.1
107,101,80.093999,74.9
107,100,125.19497,134.0
107,99,148.48817,148.0
107,98,172.72382,178.0
107,97,197.8493,198.0
107,96,223.82858,228.0
107,95,250.63696,255.0
107,94,278.25752,281.0
107,93,312.37014,318.0
107,92,342.04006,337.0
107,91,318.58871,374.0
107,78,922.12436,934.0
107,77,960.21829,969.0
107,76,998.89524,1008.0
107,75,1038.1589,1049.0
107,74,1078.0129,1088.0
107,73,1130.8957,1126.0
107,72,1176.7003,1197.0
107,71,1218.9248,1237.0
107,70,1261.7693,1280.0
107,69,1305.2371,1320.0
107,46,4172.5135,4216.0
107,45,4266.4535,4301.0
107,44,4361.4061,4390.0
107,43,4457.3734,4486.0
107,42,4554.3574,4580.0
107,41,4684.0329,4660.0
107,40,4845.7067,4890.0
107,39,4948.9113,4980.0
107,38,5053.2363,5080.0
107,37,5158.686,5170.0
107,36,5469.3264,5550.0
107,35,5567.4592,5640.0
107,34,5666.4693,5740.0
107,33,5793.1684,5830.0
107,32,6342.6055,6650.0
107,31,6457.5963,6760.0
107,30,6758.2402,7040.0
107,29,6855.2177,7140.0
107,28,10938.103,10930.0
107,27,11138.22,11130.0
107,26,11340.158,11340.0
107,25,11543.92,11560.0
107,24,11749.51,11780.0
107,23,12024.647,11980.0
107,22,12545.996,12610.0
107,21,12769.366,12830.0
107,20,12994.912,13070.0
107,19,13222.642,13300.0
107,18,13849.339,13900.0
107,17,14061.18,14100.0
107,16,14274.763,14300.0
107,15,14546.231,14500.0
107,14,16767.691,17000.0
107,13,17050.405,17300.0
107,12,17623.464,17700.0
107,11,17856.925,18000.0
107,10,35104.622,35200.0
107,9,35610.322,35700.0
107,8,36119.873,36300.0
107,7,36767.473,36800.0
107,6,45939.145,46100.0
107,5,46746.175,46900.0
107,4,48074.61,47800.0
107,2,189734.17,187260.0
107,1,191747.17,190329.0
108,108,7.5087391,7.6
108,107,18.507858,18.2
108,106,28.289349,29.3
108,105,38.810168,37.7
108,104,52.393825,51.2
108,103,67.058968,64.0
108,102,82.348508,78.1
108,101,98.159459,91.7
108,100,150.31913,159.9
108,99,174.74035,173.9
108,98,200.04742,206.1
108,97,226.20465,227.0
108,96,253.18766,258.0
108,95,280.97985,285.0
108,94,309.57003,314.0
108,93,344.93301,351.0
108,92,375.58954,371.0
108,91,344.60083,409.0
108,78,970.58972,984.0
108,77,1009.4795,1020.0
108,76,1048.9547,1060.0
108,75,1089.019,1101.0
108,74,1129.6757,1140.0
108,73,1183.6481,1180.0
108,72,1230.6872,1253.0
108,71,1273.7427,1294.0
108,70,1317.4207,1338.0
108,69,1361.7244,1379.0
108,46,4294.1978,4339.0
108,45,4389.4488,4425.0
108,44,4485.714,4516.0
108,43,4582.9957,4610.0
108,42,4681.2959,4700.0
108,41,4812.7122,4790.0
108,40,4979.228,5020.0
108,39,5083.8736,5110.0
108,38,5189.6442,5220.0
108,37,5296.5443,5310.0
108,36,5610.8056,5700.0
108,35,5710.2991,5780.0
108,34,5810.6747,5880.0
108,33,5939.0682,5980.0
108,32,6513.6902,6840.0
108,31,6630.7131,6950.0
108,30,6938.8585,7230.0
108,29,7037.3929,7340.0
108,28,11198.147,11200.0
108,27,11400.589,11390.0
108,26,11604.854,11610.0
108,25,11810.946,11830.0
108,24,12018.868,12040.0
108,23,12297.083,12250.0
108,22,12835.426,12910.0
108,21,13061.556,13130.0
108,20,13289.873,13400.0
108,19,13520.386,13600.0
108,18,14154.506,14200.0
108,17,14369.037,14400.0
108,16,14585.322,14600.0
108,15,14860.073,14800.0
108,14,17187.211,17500.0
108,13,17475.855,17700.0
108,12,18063.186,18200.0
108,11,18301.22,18400.0
108,10,35825.828,35900.0
108,9,36337.58,36400.0
108,8,36853.206,37000.0
108,7,37508.186,37500.0
108,6,47131.056,47300.0
108,5,47959.178,48100.0
108,4,49324.171,49000.0
108,2,194409.83,191784.0
108,1,196464.17,194911.0
109,105,54.159278,50.0
109,102,100.6868,94.0
109,101,117.18248,109.0
109,100,176.76989,187.0
109,99,202.25908,202.0
109,98,228.59474,235.9
109,97,255.75285,257.0
109,96,283.71708,289.0
109,95,312.47654,318.0
109,94,342.02407,346.0
109,93,378.62424,386.0
109,92,410.26616,406.0
109,91,371.33264,445.0
109,78,1020.1299,1035.0
109,77,1059.8167,1072.0
109,76,1100.0912,1112.0
109,75,1140.9571,1154.0
109,74,1182.4174,1195.0
109,73,1237.4793,1234.0
109,72,1285.7829,1311.0
109,71,1329.6711,1352.0
109,70,1374.1844,1397.0
109,69,1419.326,1439.0
109,46,4417.6015,4464.0
109,45,4514.1644,4551.0
109,44,4611.7434,4640.0
109,43,4710.3406,4740.0
109,42,4809.958,4830.0
109,41,4943.1159,4920.0
109,40,5114.6254,5160.0
109,39,5220.7168,5250.0
109,38,5327.938,5360.0
109,37,5436.2934,5450.0
109,36,5754.181,5840.0
109,35,5855.0421,5930.0
109,34,5956.7901,6030.0
109,33,6086.8846,6130.0
109,32,6687.7851,7030.0
109,31,6806.8776,7150.0
109,30,7122.6953,7430.0
109,29,7222.8139,7550.0
109,28,11461.231,11460.0
109,27,11665.998,11660.0
109,26,11872.592,11870.0
109,25,12081.015,12100.0
109,24,12291.27,12320.0
109,23,12572.564,12530.0
109,22,13128.431,13200.0
109,21,13357.334,13400.0
109,20,13588.434,13700.0
109,19,13821.743,13900.0
109,18,14463.342,14500.0
109,17,14680.579,14700.0
109,16,14899.583,14900.0
109,15,15177.636,15100.0
109,14,17615.406,17900.0
109,13,17910.171,18200.0
109,12,18512.216,18700.0
109,11,18754.98,18900.0
109,10,36555.006,36700.0
109,9,37072.846,37200.0
109,8,37594.583,37800.0
109,7,38256.98,38300.0
109,6,48353.64,48500.0
109,5,49203.814,49400.0
109,4,50606.953,50300.0
109,2,199199.92,196392.0
109,1,201297.9,199605.0
110,105,71.155372,65.0
110,102,119.97401,112.9
110,101,137.09772,128.0
110,100,204.48434,216.0
110,99,230.99893,231.0
110,98,258.33258,266.0
110,97,286.46927,288.0
110,96,315.39839,322.0
110,95,345.11304,352.0
110,94,375.60899,380.0
110,93,413.43609,422.0
110,92,446.06435,442.0
110,91,398.78426,483.0
110,78,1070.7452,1087.0
110,77,1111.23,1125.0
110,76,1152.3049,1165.0
110,75,1193.9733,1208.0
110,74,1236.2381,1250.0
110,73,1292.3896,1290.0
110,72,1341.9889,1369.0
110,71,1386.7117,1412.0
110,70,1432.0621,1457.0
110,69,1478.0433,1500.0
110,46,4542.7254,4590.0
110,45,4640.6014,4680.0
110,44,4739.4952,4770.0
110,43,4839.409,4870.0
110,42,4940.3448,4960.0
110,41,5075.2449,5060.0
110,40,5251.9044,5300.0
110,39,5359.4465,5400.0
110,38,5468.1231,5500.0
110,37,5577.939,5600.0
110,36,5899.4591,5990.0
110,35,6001.6946,6080.0
110,34,6104.822,6190.0
110,33,6236.6244,6280.0
110,32,6864.9437,7230.0
110,31,6986.145,7350.0
110,30,7309.8106,7640.0
110,29,7411.5426,7750.0
110,28,11727.356,11730.0
110,27,11934.45,11930.0
110,26,12143.373,12140.0
110,25,12354.128,12380.0
110,24,12566.718,12600.0
110,23,12851.091,12810.0
110,22,13425.026,13500.0
110,21,13656.714,13700.0
110,20,13890.611,14000.0
110,19,14126.728,14200.0
110,18,14775.864,14800.0
110,17,14995.825,15000.0
110,16,15217.564,15300.0
110,15,15498.937,15500.0
110,14,18052.553,18400.0
110,13,18353.643,18600.0
110,12,18970.866,19100.0
110,11,19218.529,19400.0
110,10,37292.187,37400.0
110,9,37816.151,37900.0
110,8,38344.036,38500.0
110,7,39013.886,39100.0
110,6,49608.282,49800.0
110,5,50481.548,50700.0
110,4,51924.543,51600.0
110,2,204109.77,201112.0
110,1,206253.89,204394.0
