Z,N,IE_pred_eV,IE_ref_eV
1,1,13.605693,13.598434599702
2,2,24.218134,24.587389011
2,1,54.422772,54.4177655282
3,3,5.7484053,5.391714996
3,2,75.919768,75.640097
3,1,122.45124,122.45435913
4,4,7.8742949,9.322699
4,3,17.993529,18.21115
4,2,154.83279,153.896205
4,1,217.69109,217.71858459
5,5,9.7790919,8.298019
5,4,22.160273,25.15483
5,3,37.0415,37.93059
5,2,260.95719,259.374379
5,1,340.14233,340.2260225
6,6,11.462796,11.260288
6,5,26.105924,24.383143
6,4,43.249097,47.88778
6,3,62.892316,64.49352
6,2,394.29299,392.09056
6,1,489.80495,489.99320779
7,7,12.925408,14.53413
7,6,29.830482,29.60125
7,5,49.235602,47.4453
7,4,71.140768,77.4735
7,3,95.54598,97.8901
7,2,554.84017,552.06741
7,1,666.67896,667.0461377
8,8,14.166928,13.618055
8,7,33.333948,35.12112
8,6,55.001014,54.93554
8,5,79.168127,77.4135
8,4,105.83529,113.899
8,3,135.00249,138.1189
8,2,742.59873,739.32697
8,1,870.76436,871.4099138
9,9,15.187355,17.42282
9,8,36.616322,34.97081
9,7,60.545334,62.70798
9,6,86.974393,87.175
9,5,115.9035,114.249
9,4,147.33265,157.16311
9,3,181.26185,185.1868
9,2,957.56868,953.8983
9,1,1102.0611,1103.1175302
10,10,15.986689,21.564541
10,9,39.677603,40.96297
10,8,65.868562,63.4233
10,7,94.559567,97.19
10,6,125.75062,126.247
10,5,159.44172,157.934
10,4,195.63286,207.271
10,3,234.32405,239.097
10,2,1199.75,1195.8082
10,1,1360.5693,1362.199256
11,11,7.3168394,5.13907696
11,10,42.517791,47.28636
11,9,70.970697,71.62
11,8,101.92365,98.936
11,7,135.37665,138.404
11,6,171.32969,172.23
11,5,209.78278,208.504
11,4,250.73592,264.192
11,3,294.1891,299.856
11,2,1469.1427,1465.0992
11,1,1646.2889,1648.702285
12,12,9.0780208,7.646236
12,11,15.480255,15.035271
12,10,75.851739,80.1436
12,9,109.06664,109.2654
12,8,144.78158,141.33
12,7,182.99657,186.76
12,6,223.71161,225.02
12,5,266.92669,265.924
12,4,312.64182,327.99
12,3,360.857,367.489
12,2,1765.7469,1761.8049
12,1,1959.2198,1962.663889
13,13,10.740939,5.985769
13,12,18.148483,18.82855
13,11,26.667159,28.447642
13,10,115.98853,119.9924
13,9,153.96542,153.8252
13,8,194.44236,190.49
13,7,237.41934,241.76
13,6,282.89637,284.64
13,5,330.87345,330.21
13,4,381.35057,398.65
13,3,434.32774,442.005
13,2,2089.5623,2085.97693
13,1,2299.3621,2304.140359
14,14,12.305594,8.15168
14,13,20.718447,16.34585
14,12,30.242432,33.493
14,11,40.877549,45.14179
14,10,162.92818,166.767
14,9,205.66706,205.279
14,8,250.90599,246.57
14,7,298.64496,303.59
14,6,348.88399,351.28
14,5,401.62305,401.38
14,4,456.86217,476.273
14,3,514.60133,523.415
14,2,2440.5892,2437.65805
14,1,2666.7159,2673.177958
15,15,13.771985,10.486686
15,14,23.190148,19.76949
15,13,33.719443,30.20264
15,12,45.359869,51.44387
15,11,58.111427,65.02511
15,10,216.67066,220.43
15,9,264.17154,263.57
15,8,314.17246,309.6
15,7,366.67343,372.31
15,6,421.67444,424.4
15,5,479.1755,479.44
15,4,539.17661,560.62
15,3,601.67776,611.741
15,2,2818.8275,2816.90868
15,1,3061.281,3069.842145
16,16,15.140113,10.3600167
16,15,25.563586,23.33788
16,14,37.09819,34.86
16,13,49.743926,47.222
16,12,63.500793,72.5945
16,11,78.368792,88.0529
16,10,277.216,280.954
16,9,329.47887,328.794
16,8,384.24178,379.84
16,7,441.50474,447.7
16,6,501.26775,504.55
16,5,563.5308,564.41
16,4,628.2939,651.96
16,3,695.55705,706.994
16,2,3224.2772,3223.78057
16,1,3483.0574,3494.188518
17,17,16.409978,12.967633
17,16,27.83876,23.81364
17,15,40.378674,39.8
17,14,54.029719,53.24
17,13,68.791896,67.68
17,12,84.665205,96.94
17,11,101.64965,114.2013
17,10,344.56418,348.306
17,9,401.58904,400.851
17,8,461.11395,456.7
17,7,523.1389,530.0
17,6,587.6639,591.58
17,5,654.68895,656.3
17,4,724.21404,750.23
17,3,796.23918,809.198
17,2,3656.9382,3658.34366
17,1,3932.0453,3946.29179
18,18,17.581579,15.7596119
18,17,30.015671,27.62967
18,16,43.560894,40.735
18,15,58.217249,59.58
18,14,73.984736,74.84
18,13,90.863354,91.29
18,12,108.8531,124.41
18,11,127.95399,143.4567
18,10,418.71521,422.6
18,9,480.50206,479.76
18,8,544.78896,540.4
18,7,611.57591,619.0
18,6,680.8629,685.5
18,5,752.64994,755.13
18,4,826.93702,855.5
18,3,903.72415,918.375
18,2,4116.8106,4120.66559
18,1,4408.2446,4426.22407
19,19,4.8101939,4.34066373
19,18,32.094318,31.625
19,17,46.644851,45.8031
19,16,62.306516,60.917
19,15,79.079312,82.66
19,14,96.96324,99.44
19,13,115.9583,117.56
19,12,136.06449,154.87
19,11,157.28181,175.8174
19,10,499.66908,503.67
19,9,566.21793,565.6
19,8,635.26682,631.1
19,7,706.81576,714.7
19,6,780.86474,786.3
19,5,857.41377,860.92
19,4,936.46285,967.7
19,3,1018.012,1034.542
19,2,4603.8944,4610.80714
19,1,4911.6552,4934.04979
20,20,5.9680195,6.113154921
20,19,10.176939,11.871719
20,18,49.630545,50.91316
20,17,66.297519,67.2732
20,16,84.075625,84.34
20,15,102.96486,108.78
20,14,122.96523,127.21
20,13,144.07673,147.24
20,12,166.29936,188.54
20,11,189.63313,211.275
20,10,587.4258,591.6
20,9,658.73664,658.2
20,8,732.54752,728.6
20,7,808.85846,817.2
20,6,887.66943,894.0
20,5,968.98046,973.7
20,4,1052.7915,1086.8
20,3,1139.1026,1157.726
20,2,5118.1896,5128.8576
20,1,5442.2772,5469.86358
21,21,6.7357622,6.56149
21,20,11.153389,12.79977
21,19,13.605693,24.756839
21,18,70.190259,73.4894
21,17,88.973674,91.95
21,16,108.86822,110.68
21,15,129.8739,137.99
21,14,151.99071,158.08
21,13,175.21865,180.03
21,12,199.55772,225.18
21,11,225.00793,249.798
21,10,681.98537,687.36
21,9,758.0582,757.7
21,8,836.63108,833.2
21,7,917.704,926.5
21,6,1001.277,1008.6
21,5,1087.35,1093.5
21,4,1175.923,1213.1
21,3,1266.9962,1287.957
21,2,5659.6962,5674.9036
21,1,6000.1107,6033.75643
22,22,7.5482279,6.82812
22,21,12.174561,13.5755
22,20,16.092511,27.49171
22,19,24.187899,43.26717
22,18,93.77346,99.299
22,17,114.67332,119.533
22,16,136.6843,140.68
22,15,159.80642,170.5
22,14,184.03968,192.1
22,13,209.38406,215.92
22,12,235.83957,265.07
22,11,263.40622,291.5
22,10,783.34778,787.67
22,9,864.18261,864.0
22,8,947.51748,944.5
22,7,1033.3524,1042.5
22,6,1121.6874,1130.2
22,5,1212.5224,1220.3
22,4,1305.8574,1346.3
22,3,1401.6925,1425.257
22,2,6228.4142,6249.0226
22,1,6585.1555,6625.81023
23,23,11.154371,6.746187
23,22,10.491501,14.634
23,21,18.481066,29.3111
23,20,27.581763,46.709
23,19,37.793592,65.28165
23,18,120.38015,128.125
23,17,143.39645,150.72
23,16,167.52388,173.55
23,15,192.76244,206.0
23,14,219.11213,230.5
23,13,246.57295,254.8
23,12,275.14491,308.5
23,11,304.828,336.274
23,10,891.51304,896.0
23,9,977.10986,977.2
23,8,1065.2067,1062.9
23,7,1155.8036,1165.2
23,6,1248.9006,1258.9
23,5,1344.4976,1354.2
23,4,1442.5946,1486.7
23,3,1543.1917,1569.656
23,2,6824.3436,6851.3112
23,1,7197.4117,7246.12624
24,24,8.6489076,6.76651
24,23,11.776483,16.486305
24,22,20.771358,30.959
24,21,30.877365,49.16
24,20,42.094503,69.46
24,19,54.422772,90.6349
24,18,150.01033,160.29
24,17,175.14306,184.76
24,16,201.38693,209.5
24,15,228.74194,244.5
24,14,257.20807,270.8
24,13,286.78533,296.7
24,12,317.47373,354.7
24,11,349.27326,384.163
24,10,1006.4811,1011.6
24,9,1096.84,1097.2
24,8,1189.6988,1188.0
24,7,1285.0577,1294.8
24,6,1382.9167,1394.5
24,5,1483.2757,1495.1
24,4,1586.1347,1634.1
24,3,1691.4938,1721.183
24,2,7447.4843,7481.8624
24,1,7836.8792,7894.80289
25,25,10.253962,7.434038
25,24,15.506415,15.63999
25,23,22.963387,33.668
25,22,34.074703,51.21
25,21,46.29715,72.41
25,20,59.630729,95.604
25,19,74.07544,119.203
25,18,182.66399,195.5
25,17,209.91317,221.89
25,16,238.27348,248.6
25,15,267.74492,286.1
25,14,298.3275,314.4
25,13,330.0212,343.6
25,12,362.82604,402.95
25,11,396.74201,435.172
25,10,1128.2521,1133.7
25,9,1223.3729,1224.1
25,8,1320.9938,1320.3
25,7,1421.1146,1430.9
25,6,1523.7356,1537.2
25,5,1628.8566,1643.2
25,4,1736.4776,1788.7
25,3,1846.5987,1879.873
25,2,8097.8364,8140.7864
25,1,8503.5582,8571.95438
26,26,11.245319,7.9024681
26,25,16.706479,16.19921
26,24,25.057152,30.651
26,23,37.173777,54.91
26,22,50.401534,75.0
26,21,64.740423,98.985
26,20,80.190444,124.9671
26,19,96.751596,151.06
26,18,218.34114,233.6
26,17,247.70676,262.1
26,16,278.18351,290.9
26,15,309.7714,330.8
26,14,342.47041,361.0
26,13,376.28056,392.2
26,12,411.20184,456.2
26,11,447.23425,489.312
26,10,1256.8259,1262.7
26,9,1356.7087,1357.8
26,8,1459.0915,1460.0
26,7,1563.9744,1575.6
26,6,1671.3574,1687.0
26,5,1781.2403,1798.4
26,4,1893.6234,1950.4
26,3,2008.5064,2045.759
26,2,8775.4,8828.1864
26,1,9197.4486,9277.6886
27,27,15.190815,7.88101
27,26,15.04185,17.0844
27,25,27.052653,33.5
27,24,40.174588,51.27
27,23,54.407655,79.5
27,22,69.751853,102.0
27,21,86.207183,128.9
27,20,103.77364,157.8
27,19,122.45124,186.14
27,18,257.04178,275.4
27,17,288.52384,305.32
27,16,321.11703,336.1
27,15,354.82136,378.5
27,14,389.63682,410.0
27,13,425.5634,441.1
27,12,462.60112,511.96
27,11,500.74998,546.588
27,10,1392.2025,1397.2
27,9,1496.8473,1504.5
27,8,1603.9922,1606.0
27,7,1713.637,1724.0
27,6,1825.782,1844.0
27,5,1940.4269,1960.8
27,4,2057.572,2119.4
27,3,2177.217,2218.876
27,2,9480.1749,9544.1817
27,1,9918.5503,10012.1297
28,28,16.669199,7.639878
28,27,15.933778,18.168838
28,26,28.949891,35.187
28,25,43.077136,54.92
28,24,58.315512,76.06
28,23,74.66502,108.0
28,22,92.12566,132.0
28,21,110.69743,162.0
28,20,130.38033,193.2
28,19,151.17437,224.7
28,18,298.7659,319.5
28,17,332.36441,351.6
28,16,367.07404,384.5
28,15,402.89481,429.3
28,14,439.82671,462.8
28,13,477.86974,495.4
28,12,517.0239,571.07
28,11,557.28919,607.02
28,10,1534.382,1540.1
28,9,1643.7888,1646.0
28,8,1755.6956,1758.0
28,7,1870.1025,1880.0
28,6,1987.0094,2008.1
28,5,2106.4164,2130.5
28,4,2228.3234,2295.6
28,3,2352.7305,2399.259
28,2,10212.161,10288.8848
28,1,10666.863,10775.3948
29,29,13.605693,7.72638
29,28,16.727444,20.29239
29,27,30.748866,36.841
29,26,45.881421,57.38
29,25,62.125107,79.8
29,24,79.479924,103.0
29,23,97.945873,139.0
29,22,117.52295,166.0
29,21,138.21117,198.0
29,20,160.01051,232.2
29,19,182.92099,265.33
29,18,343.51352,367.0
29,17,379.22846,401.0
29,16,416.05454,436.0
29,15,453.99174,483.1
29,14,493.04008,518.7
29,13,533.19955,552.8
29,12,574.47016,632.5
29,11,616.85189,670.608
29,10,1683.3644,1690.5
29,9,1797.5332,1800.0
29,8,1914.202,1918.0
29,7,2033.3708,2044.0
29,6,2155.0397,2179.4
29,5,2279.2087,2307.3
29,4,2405.8777,2479.1
29,3,2535.0468,2586.954
29,2,10971.359,11062.4309
29,1,11442.388,11567.6237
30,30,15.657976,9.394197
30,29,21.953964,17.96439
30,28,32.449578,39.7233
30,27,48.587442,59.573
30,26,65.836437,82.6
30,25,84.196564,108.0
30,24,103.66782,133.9
30,23,124.25021,173.9
30,22,145.94373,203.0
30,21,168.74839,238.0
30,20,192.66417,274.4
30,19,217.69109,310.8
30,18,391.28462,417.6
30,17,429.116,453.4
30,16,468.05852,490.6
30,15,508.11217,540.0
30,14,549.27695,577.8
30,13,591.55286,613.3
30,12,634.9399,697.5
30,11,679.43808,737.366
30,10,1839.1496,1846.8
30,9,1958.0803,1961.0
30,8,2079.5111,2085.0
30,7,2203.442,2214.0
30,6,2329.8729,2358.0
30,5,2458.8039,2491.5
30,4,2590.2348,2669.9
30,3,2724.1659,2781.996
30,2,11757.768,11864.9401
30,1,12245.124,12388.9427
31,31,17.64566,5.999302
31,30,24.602552,20.51514
31,29,32.289917,30.72576
31,28,51.1952,63.241
31,27,69.449505,86.01
31,26,88.814941,112.7
31,25,109.29151,140.8
31,24,130.87921,169.9
31,23,153.57804,211.0
31,22,177.388,244.0
31,21,202.3091,280.0
31,20,228.34132,319.0
31,19,255.48468,356.0
31,18,442.0792,471.2
31,17,482.02703,508.8
31,16,523.08599,548.3
31,15,565.25608,599.8
31,14,608.5373,640.0
31,13,652.92965,677.0
31,12,698.43314,765.7
31,11,745.04776,807.308
31,10,2001.7376,2010.0
31,9,2125.4304,2129.0
31,8,2251.6232,2258.0
31,7,2380.316,2391.0
31,6,2511.5089,2543.9
31,5,2645.2018,2683.0
31,4,2781.3948,2868.0
31,3,2920.0879,2984.426
31,2,12571.388,12696.5581
31,1,13075.071,13239.5029
32,32,19.568743,7.899435
32,31,27.18654,15.93461
32,30,35.534811,34.0576
32,29,44.613555,45.7155
32,28,72.964309,90.5
32,27,93.335055,115.9
32,26,114.81693,144.9
32,25,137.40994,176.4
32,24,161.11408,212.5
32,23,185.92936,252.1
32,22,211.85576,286.0
32,21,238.8933,326.0
32,20,267.04196,367.0
32,19,296.30176,407.0
32,18,495.89728,527.9
32,17,537.96155,567.3
32,16,581.13695,609.1
32,15,625.42348,662.8
32,14,670.82114,706.7
32,13,717.32994,744.0
32,12,764.94986,837.1
32,11,813.68092,880.44
32,10,2171.1285,2178.2
32,9,2299.5832,2304.0
32,8,2430.538,2439.0
32,7,2563.9929,2575.0
32,6,2699.9478,2737.1
32,5,2838.4027,2881.9
32,4,2979.3577,3074.0
32,3,3122.8127,3194.293
32,2,13412.22,13557.4218
32,1,13932.23,14119.4457
33,33,21.427227,9.78855
33,32,29.705929,18.5892
33,31,38.715104,28.349
33,30,48.454753,50.15
33,29,58.924875,62.77
33,28,97.756905,121.19
33,27,120.24409,147.0
33,26,143.84241,180.0
33,25,168.55186,213.0
33,24,194.37244,247.0
33,23,221.30416,296.0
33,22,249.347,333.0
33,21,278.50098,375.0
33,20,308.76609,418.0
33,19,340.14233,460.0
33,18,552.73884,587.6
33,17,596.91955,628.8
33,16,642.21139,672.9
33,15,688.61436,728.9
33,14,736.12847,774.0
33,13,784.7537,814.0
33,12,834.49007,911.7
33,11,885.33757,956.79
33,10,2347.3222,2356.9
33,9,2480.5389,2486.0
33,8,2616.2557,2626.0
33,7,2754.4726,2766.0
33,6,2895.1895,2938.0
33,5,3038.4064,3088.1
33,4,3184.1234,3287.0
33,3,3332.3404,3411.643
33,2,14280.263,14447.6799
33,1,14816.6,15028.9251
34,34,23.221112,9.752368
34,33,32.160718,21.196
34,32,41.830798,31.697
34,31,52.231352,42.947
34,30,63.362379,68.3
34,29,75.22388,81.83
34,28,125.57299,155.327
34,27,150.17662,184.0
34,26,175.89138,219.0
34,25,202.71727,255.0
34,24,230.65429,291.0
34,23,259.70245,342.9
34,22,289.86173,383.0
34,21,321.13215,426.0
34,20,353.5137,473.0
34,19,387.00638,517.0
34,18,612.60389,650.5
34,17,658.90104,693.4
34,16,706.30932,739.8
34,15,754.82874,798.0
34,14,804.45928,845.8
34,13,855.20096,887.0
34,12,907.05377,989.6
34,11,960.01771,1036.36
34,10,2530.3188,2540.7
34,9,2668.2975,2674.0
34,8,2808.7763,2820.0
34,7,2951.7551,2964.0
34,6,3097.234,3146.0
34,5,3245.2129,3301.8
34,4,3395.6919,3507.0
34,3,3548.6709,3636.526
34,2,15175.518,15367.493
34,1,15728.181,15968.1075
35,35,24.950396,11.81381
35,34,34.550907,21.591
35,33,44.881892,34.871
35,32,55.94335,47.782
35,31,67.735282,59.595
35,30,80.257688,87.39
35,29,93.510567,103.03
35,28,156.41256,192.61
35,27,183.13263,224.0
35,26,210.96383,261.0
35,25,239.90616,301.0
35,24,269.95963,338.0
35,23,301.12422,393.0
35,22,333.39995,436.0
35,21,366.78681,481.0
35,20,401.2848,530.0
35,19,436.89392,577.0
35,18,675.49243,716.3
35,17,723.90602,761.0
35,16,773.43074,809.8
35,15,824.0666,870.0
35,14,875.81358,920.8
35,13,928.6717,963.0
35,12,982.64095,1070.6
35,11,1037.7213,1119.17
35,10,2720.1182,2731.4
35,9,2862.8589,2869.0
35,8,3008.0997,3021.0
35,7,3155.8405,3169.0
35,6,3306.0814,3361.0
35,5,3458.8223,3523.1
35,4,3614.0633,3735.0
35,3,3771.8043,3868.986
35,2,16097.984,16317.014
35,1,16666.974,16937.1497
36,36,26.615081,13.9996055
36,35,36.876497,24.35984
36,34,47.868386,35.838
36,33,59.590749,50.85
36,32,72.043586,64.69
36,31,85.226897,78.49
36,30,99.140681,109.13
36,29,113.78494,125.802
36,28,190.27562,233.0
36,27,219.11213,268.0
36,26,249.05977,308.0
36,25,280.11855,350.0
36,24,312.28845,391.0
36,23,345.56949,446.0
36,22,379.96166,492.0
36,21,415.46496,540.0
36,20,452.07939,591.0
36,19,489.80495,640.0
36,18,741.40445,785.316
36,17,791.93449,831.6
36,16,843.57565,882.8
36,15,896.32795,945.0
36,14,950.19137,999.0
36,13,1005.1659,1042.0
36,12,1061.2516,1155.0
36,11,1118.4484,1205.23
36,10,2916.7205,2928.9
36,9,3064.2232,3072.0
36,8,3214.226,3228.0
36,7,3366.7288,3380.0
36,6,3521.7316,3584.0
36,5,3679.2345,3752.0
36,4,3839.2375,3971.0
36,3,4001.7405,4109.083
36,2,17047.661,17296.424
36,1,17632.978,17936.2405
37,37,4.1157222,4.1771281
37,36,39.137487,27.28954
37,35,50.790281,39.247
37,34,63.173549,52.2
37,33,76.28729,68.44
37,32,90.131505,82.9
37,31,104.70619,98.67
37,30,120.01136,132.79
37,29,136.04699,150.628
37,28,227.16216,277.12
37,27,258.11512,313.1
37,26,290.1792,356.0
37,25,323.35441,400.0
37,24,357.64076,443.0
37,23,393.03824,502.0
37,22,429.54685,550.0
37,21,467.16659,601.0
37,20,505.89746,654.0
37,19,545.73947,706.0
37,18,810.33996,857.0
37,17,862.98644,905.3
37,16,916.74404,958.9
37,15,971.61278,1024.0
37,14,1027.5926,1080.0
37,13,1084.6836,1125.0
37,12,1142.8858,1242.5
37,11,1202.199,1294.57
37,10,3120.1256,3133.3
37,9,3272.3903,3281.0
37,8,3427.155,3443.0
37,7,3584.4199,3600.0
37,6,3744.1847,3815.0
37,5,3906.4496,3988.0
37,4,4071.2145,4214.0
37,3,4238.4795,4356.865
37,2,18024.55,18305.886
37,1,18626.194,18965.5484
38,38,5.1063867,5.69486745
38,37,8.7076436,11.0302765
38,36,53.647576,42.88353
38,35,66.691749,56.28
38,34,80.466395,70.7
38,33,94.971515,88.0
38,32,110.20711,104.0
38,31,126.17318,121.21
38,30,142.86972,158.33
38,29,160.29673,177.3
38,28,267.0722,324.07
38,27,300.14159,362.0
38,26,334.32211,408.0
38,25,369.61377,454.0
38,24,406.01656,499.0
38,23,443.53048,562.0
38,22,482.15553,612.0
38,21,521.89171,665.0
38,20,562.73903,722.0
38,19,604.69747,774.0
38,18,882.29896,932.0
38,17,937.06188,982.1
38,16,992.93593,1038.0
38,15,1049.9211,1105.0
38,14,1108.0174,1165.0
38,13,1167.2249,1211.0
38,12,1227.5434,1333.4
38,11,1288.9731,1387.19
38,10,3330.3335,3344.7
38,9,3487.3602,3497.0
38,8,3646.887,3664.0
38,7,3808.9138,3830.0
38,6,3973.4406,4053.0
38,5,4140.4675,4232.0
38,4,4309.9945,4465.0
38,3,4482.0214,4612.397
38,2,19028.65,19345.59
38,1,19646.621,20025.2673
39,39,-0.95781806,6.21726
39,38,16.264223,12.2236
39,37,8.9445755,20.52441
39,36,70.145348,60.6072
39,35,84.580899,75.35
39,34,99.746924,91.39
39,33,115.64342,110.02
39,32,132.27039,128.12
39,31,149.62784,145.64
39,30,167.71576,185.7
39,29,186.53415,205.814
39,28,310.00572,374.04
39,27,345.19155,414.0
39,26,381.48852,463.0
39,25,418.89662,512.0
39,24,457.41584,559.0
39,23,497.0462,624.0
39,22,537.7877,677.0
39,21,579.64032,733.0
39,20,622.60408,790.0
39,19,666.67896,847.0
39,18,957.28145,1010.0
39,17,1014.1608,1061.9
39,16,1072.1513,1120.2
39,15,1131.2529,1190.0
39,14,1191.4657,1253.0
39,13,1252.7895,1300.0
39,12,1315.2246,1427.6
39,11,1378.7707,1483.12
39,10,3547.3443,3562.9
39,9,3709.133,3720.0
39,8,3873.4218,3892.0
39,7,4040.2106,4060.0
39,6,4209.4994,4299.0
39,5,4381.2883,4484.0
39,4,4555.5772,4724.0
39,3,4732.3662,4875.731
39,2,20059.962,20415.719
39,1,20694.259,21115.588
40,40,6.4584525,6.634126
40,39,10.416859,13.13
40,38,10.579445,23.17
40,37,15.901467,34.41836
40,36,88.630804,80.348
40,35,104.45773,96.38
40,34,121.01514,112.0
40,33,138.30301,133.7
40,32,156.32136,153.0
40,31,175.07019,172.02
40,30,194.54949,214.9
40,29,214.75926,236.252
40,28,355.96273,426.0
40,27,393.265,470.0
40,26,431.67841,520.0
40,25,471.20295,573.0
40,24,511.83862,622.0
40,23,553.58542,690.0
40,22,596.44335,745.0
40,21,640.41242,803.0
40,20,685.49261,863.0
40,19,731.68394,922.0
40,18,1035.2874,1092.0
40,17,1094.2832,1144.7
40,16,1154.3902,1205.4
40,15,1215.6082,1277.0
40,14,1277.9374,1344.0
40,13,1341.3777,1392.0
40,12,1405.9292,1525.1
40,11,1471.5918,1582.37
40,10,3771.158,3788.0
40,9,3937.7087,3950.0
40,8,4106.7594,4127.0
40,7,4278.3102,4300.0
40,6,4452.361,4553.0
40,5,4628.9119,4744.0
40,4,4807.9628,4991.0
40,3,4989.5138,5146.935
40,2,21118.485,21516.471
40,1,21769.109,22236.712
41,41,6.6667896,6.75885
41,40,6.8972615,14.32
41,39,12.149715,25.04
41,38,18.132642,37.611
41,37,24.846043,50.5728
41,36,109.10394,102.069
41,35,126.32225,119.1
41,34,144.27103,136.0
41,33,162.95029,159.2
41,32,182.36002,180.0
41,31,202.50022,200.28
41,30,223.3709,246.1
41,29,244.97205,268.59
41,28,404.94322,482.5
41,27,444.36194,530.0
41,26,484.89179,581.0
41,25,526.53277,636.0
41,24,569.28488,688.0
41,23,613.14812,758.0
41,22,658.12249,816.0
41,21,704.208,877.0
41,20,751.40464,940.0
41,19,799.71241,1000.0
41,18,1116.3169,1176.0
41,17,1177.4291,1230.6
41,16,1239.6525,1293.7
41,15,1302.987,1368.0
41,14,1367.4326,1439.0
41,13,1432.9894,1488.0
41,12,1499.6573,1625.9
41,11,1567.4363,1684.97
41,10,4001.7745,4020.1
41,9,4173.0872,4187.0
41,8,4346.8999,4369.0
41,7,4523.2127,4540.0
41,6,4702.0255,4815.0
41,5,4883.3384,5011.0
41,4,5067.1513,5265.0
41,3,5253.4642,5426.066
41,2,22204.219,22648.046
41,1,22871.17,23388.85
42,42,7.4002215,7.09243
42,41,7.742027,16.16
42,40,13.655385,27.13
42,39,20.299217,40.33
42,38,27.673523,54.417
42,37,35.778302,68.82704
42,36,131.56477,125.638
42,35,150.17445,143.6
42,34,169.51461,164.12
42,33,189.58525,186.3
42,32,210.38635,209.3
42,31,231.91793,230.28
42,30,254.17999,279.1
42,29,277.17252,302.6
42,28,456.9472,544.0
42,27,498.48236,591.0
42,26,541.12865,646.0
42,25,584.88607,702.0
42,24,629.75462,758.0
42,23,675.73431,829.0
42,22,722.82512,890.0
42,21,771.02707,953.0
42,20,820.34015,1019.0
42,19,870.76436,1082.0
42,18,1200.3698,1263.0
42,17,1263.5985,1319.6
42,16,1327.9383,1385.1
42,15,1393.3893,1462.0
42,14,1459.9513,1537.0
42,13,1527.6245,1587.0
42,12,1596.4089,1730.1
42,11,1666.3044,1790.93
42,10,4239.1938,4259.0
42,9,4415.2685,4430.0
42,8,4593.8432,4618.0
42,7,4774.918,4800.0
42,6,4958.4928,5084.0
42,5,5144.5677,5287.0
42,4,5333.1426,5548.0
42,3,5524.2175,5713.194
42,2,23317.165,23810.653
42,1,24000.443,24572.213
43,43,8.7735462,7.11938
43,42,13.267677,15.26
43,41,15.096456,29.55
43,40,22.401192,41.0
43,39,30.436403,57.0
43,38,39.202087,72.0
43,37,48.698244,88.0
43,36,156.01327,150.0
43,35,176.01434,169.0
43,34,196.74588,189.9
43,33,218.20789,214.0
43,32,240.40037,239.0
43,31,263.32333,262.08
43,30,286.97677,311.0
43,29,311.36067,338.55
43,28,511.97467,604.0
43,27,555.62627,655.0
43,26,600.389,713.0
43,25,646.26286,773.0
43,24,693.24786,829.0
43,23,741.34398,904.0
43,22,790.55124,968.0
43,21,840.86963,1032.0
43,20,892.29915,1102.0
43,19,944.8398,1166.0
43,18,1287.4463,1354.0
43,17,1352.7914,1411.6
43,16,1419.2476,1479.5
43,15,1486.815,1559.0
43,14,1555.4935,1638.0
43,13,1625.2832,1689.0
43,12,1696.184,1838.0
43,11,1768.1959,1900.28
43,10,4483.416,4505.0
43,9,4664.2527,4681.0
43,8,4847.5894,4874.0
43,7,5033.4262,5060.0
43,6,5221.763,5361.0
43,5,5412.5998,5570.0
43,4,5605.9367,5838.0
43,3,5801.7737,6008.391
43,2,24457.322,25004.531
43,1,25156.927,25787.047
44,44,8.9818834,7.3605
44,43,9.2377588,16.76
44,42,16.472926,28.47
44,41,24.438568,45.0
44,40,33.134683,59.0
44,39,42.561272,76.0
44,38,52.718334,93.0
44,37,63.60587,110.0
44,36,182.44946,178.41
44,35,203.84191,198.0
44,34,225.96482,219.9
44,33,248.81821,245.0
44,32,272.40208,271.0
44,31,296.71641,295.9
44,30,321.76123,348.0
44,29,347.53651,376.25
44,28,570.02563,670.0
44,27,615.79367,723.0
44,26,662.67284,784.0
44,25,710.66315,845.0
44,24,759.76458,905.0
44,23,809.97715,981.0
44,22,861.30084,1048.0
44,21,913.73567,1115.0
44,20,967.28164,1187.0
44,19,1021.9387,1253.0
44,18,1377.5462,1447.0
44,17,1445.0078,1506.7
44,16,1513.5804,1577.0
44,15,1583.2643,1659.0
44,14,1654.0592,1743.0
44,13,1725.9653,1794.0
44,12,1798.9825,1949.0
44,11,1873.1109,2013.04
44,10,4734.4411,4758.0
44,9,4920.0397,4939.0
44,8,5108.1384,5136.0
44,7,5298.7372,5330.0
44,6,5491.836,5647.0
44,5,5687.4348,5861.0
44,4,5885.5337,6137.0
44,3,6086.1327,6311.721
44,2,25624.69,26229.888
44,1,26340.622,27033.564
45,45,9.8301133,7.4589
45,44,9.8887251,18.08
45,43,17.784798,31.06
45,42,26.411344,42.0
45,41,35.768363,63.0
45,40,45.855857,80.0
45,39,56.673824,97.0
45,38,68.222265,115.1
45,37,80.501179,135.0
45,36,210.87334,207.51
45,35,233.65716,228.0
45,34,257.17145,252.1
45,33,281.41622,277.0
45,32,306.39146,306.0
45,31,332.09718,331.58
45,30,358.53337,389.3
45,29,385.70003,415.97
45,28,631.10008,739.0
45,27,678.98456,794.0
45,26,727.98017,857.0
45,25,778.08691,921.0
45,24,829.30479,984.0
45,23,881.6338,1061.0
45,22,935.07394,1131.0
45,21,989.62521,1202.0
45,20,1045.2876,1274.0
45,19,1102.0611,1344.0
45,18,1470.6696,1544.0
45,17,1540.2476,1604.9
45,16,1610.9367,1677.6
45,15,1682.737,1763.0
45,14,1755.6484,1851.0
45,13,1829.6709,1903.0
45,12,1904.8046,2063.0
45,11,1981.0494,2129.22
45,10,4992.2689,5018.0
45,9,5182.6296,5203.0
45,8,5375.4903,5406.0
45,7,5570.851,5600.0
45,6,5768.7118,5940.0
45,5,5969.0727,6161.0
45,4,6171.9336,6444.0
45,3,6377.2945,6623.262
45,2,26819.27,27486.979
45,1,27551.529,28312.031
46,46,2.6485882,8.336839
46,45,10.475092,19.43
46,44,19.032069,32.93
46,43,28.31952,46.0
46,42,38.337444,61.0
46,41,49.085842,84.1
46,40,60.564714,101.0
46,39,72.77406,120.0
46,38,85.713879,141.0
46,37,99.384172,159.9
46,36,241.28489,238.57
46,35,265.46009,260.0
46,34,290.36577,286.0
46,33,316.00191,311.0
46,32,342.36853,342.0
46,31,369.46563,369.1
46,30,397.2932,427.0
46,29,425.85124,457.5
46,28,695.19801,810.0
46,27,745.19893,869.0
46,26,796.31098,933.0
46,25,848.53417,1000.0
46,24,901.86849,1065.0
46,23,956.31393,1145.0
46,22,1011.8705,1218.0
46,21,1068.5382,1290.0
46,20,1126.3171,1366.0
46,19,1185.207,1438.0
46,18,1566.8165,1644.0
46,17,1638.5109,1706.2
46,16,1711.3165,1781.3
46,15,1785.2332,1869.0
46,14,1860.2611,1962.0
46,13,1936.4,2016.0
46,12,2013.6501,2181.0
46,11,2092.0114,2248.87
46,10,5256.8997,5284.0
46,9,5452.0223,5475.0
46,8,5649.645,5683.0
46,7,5849.7678,5880.0
46,6,6052.3905,6242.0
46,5,6257.5134,6469.0
46,4,6465.1363,6759.0
46,3,6675.2592,6943.097
46,2,28041.061,28776.032
46,1,28789.647,29622.678
47,47,11.641371,7.576234
47,46,10.996859,21.4844
47,45,20.214741,34.8
47,44,30.163096,49.0
47,43,40.841925,65.0
47,42,52.251228,82.0
47,41,64.391005,106.0
47,40,77.261255,125.0
47,39,90.861979,145.1
47,38,105.19318,167.0
47,37,120.25485,188.0
47,36,273.68413,271.46
47,35,299.25071,294.0
47,34,325.54776,321.0
47,33,352.57529,347.0
47,32,380.33329,381.0
47,31,408.82176,408.43
47,30,438.04071,469.0
47,29,467.99013,500.87
47,28,762.31943,885.0
47,27,814.43679,946.0
47,26,867.66529,1013.0
47,25,922.00491,1082.0
47,24,977.45567,1149.0
47,23,1034.0176,1231.0
47,22,1091.6906,1308.0
47,21,1150.4747,1382.0
47,20,1210.37,1460.0
47,19,1271.3764,1535.0
47,18,1665.9869,1747.0
47,17,1739.7978,1810.5
47,16,1814.7198,1888.0
47,15,1890.7529,1979.0
47,14,1967.8972,2077.0
47,13,2046.1526,2131.0
47,12,2125.5192,2302.0
47,11,2205.9968,2371.99
47,10,5528.3333,5558.0
47,9,5728.2179,5753.0
47,8,5930.6026,5966.0
47,7,6135.4873,6170.0
47,6,6342.8721,6551.0
47,5,6552.7569,6785.0
47,4,6765.1418,7082.0
47,3,6980.0267,7271.298
47,2,29290.064,30097.314
47,1,30054.976,30965.78
48,48,13.397356,8.99382
48,47,18.78436,16.908313
48,46,21.332812,37.468
48,45,31.942073,51.0
48,44,43.281807,67.9
48,43,55.352014,87.0
48,42,68.152696,105.0
48,41,81.683851,130.1
48,40,95.945479,150.0
48,39,110.93758,173.0
48,38,126.66016,195.0
48,37,143.11321,218.0
48,36,308.07106,305.0
48,35,335.02901,329.0
48,34,362.71744,358.0
48,33,391.13635,385.0
48,32,420.28572,421.0
48,31,450.16558,452.6
48,30,480.7759,513.0
48,29,512.1167,546.19
48,28,832.46433,963.0
48,27,886.69814,1026.0
48,26,942.04307,1095.0
48,25,998.49914,1167.0
48,24,1056.0663,1237.0
48,23,1114.7447,1320.0
48,22,1174.5341,1401.0
48,21,1235.4347,1477.0
48,20,1297.4465,1558.0
48,19,1360.5693,1635.0
48,18,1768.1808,1852.0
48,17,1844.1081,1917.9
48,16,1921.1465,1998.0
48,15,1999.2961,2091.0
48,14,2078.5569,2195.0
48,13,2158.9287,2250.0
48,12,2240.4117,2427.0
48,11,2323.0058,2498.62
48,10,5806.5697,5839.0
48,9,6011.2163,6039.0
48,8,6218.363,6257.0
48,7,6428.0097,6460.0
48,6,6640.1565,6869.0
48,5,6854.8033,7109.0
48,4,7071.9502,7414.0
48,3,7291.5971,7607.95
48,2,30566.278,31451.07
48,1,31347.517,32341.587
49,49,15.098068,5.7863558
49,48,21.050558,18.87041
49,47,27.628061,28.04415
49,46,33.65645,55.45
49,45,45.657089,69.3
49,44,58.388201,90.0
49,43,71.849787,109.0
49,42,86.041847,130.1
49,41,100.96438,156.0
49,40,116.61739,178.0
49,39,133.00087,201.0
49,38,150.11482,226.0
49,37,167.95925,249.0
49,36,344.44566,341.0
49,35,372.795,368.0
49,34,401.87481,396.0
49,33,431.68509,425.0
49,32,462.22584,462.0
49,31,493.49707,497.1
49,30,525.49878,560.0
49,29,558.23095,593.38
49,28,905.63273,1043.0
49,27,961.98297,1109.0
49,26,1019.4444,1181.0
49,25,1078.0169,1255.0
49,24,1137.7005,1328.0
49,23,1198.4953,1413.0
49,22,1260.4012,1496.0
49,21,1323.4182,1575.0
49,20,1387.5464,1659.0
49,19,1452.7857,1738.0
49,18,1873.3981,1961.0
49,17,1951.4419,2028.5
49,16,2030.5968,2111.0
49,15,2110.8628,2207.0
49,14,2192.24,2317.0
49,13,2274.7283,2373.0
49,12,2358.3277,2555.0
49,11,2443.0383,2628.77
49,10,6091.609,6126.0
49,9,6301.0176,6331.0
49,8,6512.9262,6554.0
49,7,6727.335,6770.0
49,6,6944.2437,7196.0
49,5,7163.6525,7442.0
49,4,7385.5614,7754.0
49,3,7609.9703,7953.14
49,2,31869.703,32837.593
49,1,32667.269,33750.404
50,50,16.743506,7.343918
50,49,23.261483,14.63307
50,48,30.404472,30.506
50,47,38.172473,40.74
50,46,47.967771,77.03
50,45,61.359788,94.0
50,44,75.482279,112.9
50,43,90.335243,135.0
50,42,105.91868,156.0
50,41,122.23259,184.0
50,40,139.27698,208.0
50,39,157.05184,232.0
50,38,175.55717,258.0
50,37,194.79298,282.0
50,36,382.80795,379.0
50,35,412.54867,407.0
50,34,443.01985,437.0
50,33,474.22151,466.0
50,32,506.15365,506.0
50,31,538.81626,537.0
50,30,572.20934,608.0
50,29,606.33289,642.35
50,28,981.82461,1127.0
50,27,1040.2913,1195.0
50,26,1099.8691,1269.0
50,25,1160.5581,1347.0
50,24,1222.3581,1421.0
50,23,1285.2694,1508.0
50,22,1349.2917,1596.0
50,21,1414.4252,1676.0
50,20,1480.6698,1763.0
50,19,1548.0255,1844.0
50,18,1981.639,2074.0
50,17,2061.7992,2142.1
50,16,2143.0705,2227.0
50,15,2225.453,2326.0
50,14,2308.9466,2443.0
50,13,2393.5513,2499.0
50,12,2479.2672,2687.0
50,11,2566.0942,2762.49
50,10,6383.4511,6421.0
50,9,6597.6217,6631.0
50,8,6814.2924,6859.0
50,7,7033.4631,7080.0
50,6,7255.1338,7531.0
50,5,7479.3046,7790.0
50,4,7705.9755,8103.0
50,3,7935.1464,8306.95
50,2,33200.34,34257.148
50,1,34014.233,35192.501
51,51,18.333671,8.608389
51,50,25.417135,16.626
51,49,33.125611,25.3235
51,48,41.459098,43.804
51,47,50.417597,55.0
51,46,64.266775,99.51
51,45,79.05017,117.0
51,44,94.564039,139.0
51,43,110.80838,162.0
51,42,127.7832,185.0
51,41,145.48849,214.0
51,40,163.92425,238.0
51,39,183.09049,265.0
51,38,202.9872,292.0
51,37,223.61439,317.0
51,36,423.15793,420.0
51,35,454.29002,447.0
51,34,486.15258,479.0
51,33,518.74562,510.0
51,32,552.06914,552.0
51,31,586.12312,584.0
51,30,620.90758,657.0
51,29,656.42252,693.26
51,28,1061.04,1214.0
51,27,1121.6231,1285.0
51,26,1183.3174,1360.0
51,25,1246.1228,1441.0
51,24,1310.0393,1518.0
51,23,1375.0669,1606.0
51,22,1441.2057,1698.0
51,21,1508.4556,1781.0
51,20,1576.8167,1869.0
51,19,1646.2889,1954.0
51,18,2092.9033,2190.0
51,17,2175.18,2266.0
51,16,2258.5677,2349.0
51,15,2343.0666,2428.0
51,14,2428.6767,2567.0
51,13,2515.3979,2654.0
51,12,2603.2302,2815.0
51,11,2692.1736,2900.0
51,10,6682.096,6714.0
51,9,6901.0286,6929.0
51,8,7122.4613,7167.0
51,7,7346.394,7390.0
51,6,7572.8267,7887.0
51,5,7801.7595,8140.0
51,4,8033.1924,8455.0
51,3,8267.1253,8669.48
51,2,34558.188,35710.03
51,1,35388.408,36668.183
52,52,19.868564,9.009808
52,51,27.517514,18.6
52,50,35.791476,27.84
52,49,44.69045,37.4155
52,48,54.214435,59.3
52,47,64.363432,69.1
52,46,82.553462,124.2
52,45,98.728236,143.0
52,44,115.63348,167.0
52,43,133.26921,191.1
52,42,151.6354,215.0
52,41,170.73207,245.0
52,40,190.55921,272.0
52,39,211.11683,299.0
52,38,232.40492,328.0
52,37,254.42348,354.0
52,36,465.49558,461.0
52,35,498.01905,491.0
52,34,531.273,522.0
52,33,565.25742,555.0
52,32,599.97231,599.0
52,31,635.41767,633.0
52,30,671.59351,709.0
52,29,708.49982,746.12
52,28,1143.2788,1304.0
52,27,1205.9784,1377.0
52,26,1269.7891,1455.0
52,25,1334.7109,1538.0
52,24,1400.7439,1618.0
52,23,1467.888,1707.0
52,22,1536.1432,1803.0
52,21,1605.5096,1889.0
52,20,1675.9871,1979.0
52,19,1747.5757,2066.0
52,18,2207.1911,2309.0
52,17,2291.5842,2386.0
52,16,2377.0884,2472.0
52,15,2463.7038,2552.0
52,14,2551.4303,2700.0
52,13,2640.2679,2788.0
52,12,2730.2166,2954.0
52,11,2821.2765,3041.0
52,10,6987.5438,7022.0
52,9,7211.2384,7243.0
52,8,7437.4331,7485.0
52,7,7666.1278,7714.0
52,6,7897.3225,8240.0
52,5,8131.0173,8499.0
52,4,8367.2121,8821.0
52,3,8605.907,9040.83
52,2,35943.248,37196.52
52,1,36789.794,38177.74
53,53,21.348183,10.451236
53,52,29.56262,19.13126
53,51,38.402069,29.57
53,50,47.866529,40.357
53,49,57.956001,51.52
53,48,68.670484,74.4
53,47,80.009979,87.61
53,46,102.82783,150.81
53,45,120.39399,171.0
53,44,138.69061,197.0
53,43,157.71771,220.9
53,42,177.47528,247.0
53,41,197.96333,279.0
53,40,219.18185,307.0
53,39,241.13085,335.0
53,38,263.81031,365.0
53,37,287.22026,393.0
53,36,509.82092,505.0
53,35,543.73577,535.0
53,34,578.3811,569.0
53,33,613.75689,601.0
53,32,649.86316,649.0
53,31,686.6999,683.0
53,30,724.26712,762.0
53,29,762.56481,800.8
53,28,1228.5412,1397.0
53,27,1293.3572,1472.0
53,26,1359.2843,1553.0
53,25,1426.3226,1639.0
53,24,1494.472,1720.0
53,23,1563.7325,1812.0
53,22,1634.1042,1911.0
53,21,1705.587,1999.0
53,20,1778.1809,2093.0
53,19,1851.886,2181.0
53,18,2324.5024,2431.0
53,17,2411.012,2510.0
53,16,2498.6326,2598.0
53,15,2587.3644,2680.0
53,14,2677.2074,2836.0
53,13,2768.1614,2926.0
53,12,2860.2266,3096.0
53,11,2953.4029,3185.5
53,10,7299.7945,7337.0
53,9,7528.2511,7563.0
53,8,7759.2077,7811.0
53,7,7992.6644,8044.0
53,6,8228.6212,8601.0
53,5,8467.0779,8867.0
53,4,8708.0348,9196.0
53,3,8951.4916,9421.1
53,2,37355.519,38717.0
53,1,38218.392,39721.549
54,54,22.772529,12.1298437
54,53,31.552453,20.975
54,52,40.957388,31.05
54,51,50.987335,42.2
54,50,61.642293,54.1
54,49,72.922263,66.703
54,48,84.827245,91.6
54,47,97.357238,105.9778
54,46,125.08989,179.84
54,45,144.04742,202.0
54,44,163.73542,229.02
54,43,184.1539,255.0
54,42,205.30285,281.0
54,41,227.18228,314.0
54,40,249.79218,343.0
54,39,273.13255,374.0
54,38,297.2034,404.0
54,37,322.00472,434.0
54,36,556.13395,549.0
54,35,591.44018,582.0
54,34,627.47688,616.0
54,33,664.24405,650.0
54,32,701.7417,700.0
54,31,739.96982,736.0
54,30,778.92842,818.0
54,29,818.61748,857.0
54,28,1316.827,1493.0
54,27,1383.7595,1571.0
54,26,1451.803,1653.0
54,25,1520.9578,1742.0
54,24,1591.2236,1826.0
54,23,1662.6006,1919.0
54,22,1735.0887,2023.0
54,21,1808.6879,2113.0
54,20,1883.3983,2209.0
54,19,1959.2198,2300.0
54,18,2444.8372,2556.0
54,17,2533.4632,2637.0
54,16,2623.2003,2726.0
54,15,2714.0485,2811.0
54,14,2806.0079,2975.0
54,13,2899.0784,3068.0
54,12,2993.26,3243.0
54,11,3088.5528,3333.8
54,10,7618.848,7660.0
54,9,7852.0666,7889.0
54,8,8087.7852,8144.0
54,7,8326.0039,8382.0
54,6,8566.7226,8971.0
54,5,8809.9414,9243.0
54,4,9055.6602,9581.0
54,3,9303.8791,9810.37
54,2,38795.001,40271.73
54,1,39674.201,41299.892
55,55,3.7330813,3.89390572743
55,54,33.487012,23.15745
55,53,43.457434,33.195
55,52,54.052868,43.0
55,51,65.273313,56.0
55,50,77.118769,69.1
55,49,89.589237,82.9
55,48,102.68472,110.1
55,47,116.40521,125.61
55,46,149.33963,213.3
55,45,169.68853,233.0
55,44,190.76792,261.0
55,43,212.57777,289.0
55,42,235.1181,316.0
55,41,258.38891,352.0
55,40,282.39019,382.0
55,39,307.12194,413.0
55,38,332.58416,445.0
55,37,358.77686,476.0
55,36,604.43466,597.0
55,35,641.13226,629.0
55,34,678.56034,666.0
55,33,716.71889,700.0
55,32,755.60792,753.0
55,31,795.22742,791.0
55,30,835.57739,875.0
55,29,876.65784,916.1
55,28,1408.1363,1592.0
55,27,1477.1852,1672.0
55,26,1547.3452,1757.0
55,25,1618.6164,1848.0
55,24,1690.9987,1936.0
55,23,1764.4921,2029.0
55,22,1839.0967,2137.0
55,21,1914.8123,2230.0
55,20,1991.6392,2329.0
55,19,2069.5771,2422.0
55,18,2568.1955,2683.0
55,17,2658.9379,2767.0
55,16,2750.7915,2859.0
55,15,2843.7562,2945.0
55,14,2937.832,3118.0
55,13,3033.0189,3214.0
55,12,3129.317,3392.0
55,11,3226.7262,3485.0
55,10,7944.7044,7989.0
55,9,8182.6849,8224.0
55,8,8423.1656,8484.0
55,7,8666.1462,8726.0
55,6,8911.627,9350.0
55,5,9159.6077,9629.0
55,4,9410.0885,9974.0
55,3,9663.0694,10208.78
55,2,40261.695,41861.08
55,1,41157.222,42913.144
56,56,4.6316433,5.2116646
56,55,7.8980894,10.003826
56,54,45.902207,35.8438
56,53,57.063127,47.0
56,52,68.849059,58.0
56,51,81.260002,71.0
56,50,94.295957,86.0
56,49,107.95692,101.0
56,48,122.2429,130.5
56,47,137.15389,146.52
56,46,175.57705,241.0
56,45,197.31733,267.1
56,44,219.7881,296.0
56,43,242.98933,325.0
56,42,266.92104,354.0
56,41,291.58322,390.0
56,40,316.97588,422.0
56,39,343.09901,455.0
56,38,369.95261,488.0
56,37,397.53669,520.0
56,36,654.72305,646.0
56,35,692.81203,679.0
56,34,731.63149,717.0
56,33,771.18142,752.0
56,32,811.46182,809.0
56,31,852.4727,846.0
56,30,894.21406,935.0
56,29,936.68588,976.62
56,28,1502.4691,1695.0
56,27,1573.6345,1776.0
56,26,1645.9109,1864.0
56,25,1719.2985,1958.0
56,24,1793.7973,2047.0
56,23,1869.4071,2142.0
56,22,1946.1281,2256.0
56,21,2023.9602,2349.0
56,20,2102.9035,2452.0
56,19,2182.9579,2547.0
56,18,2694.5773,2814.0
56,17,2787.4361,2901.0
56,16,2881.4061,2994.0
56,15,2976.4872,3081.0
56,14,3072.6795,3266.0
56,13,3169.9829,3363.0
56,12,3268.3974,3546.0
56,11,3367.923,3640.0
56,10,8277.3636,8326.0
56,9,8520.1061,8565.0
56,8,8765.3487,8831.0
56,7,9013.0914,9077.0
56,6,9263.3341,9739.0
56,5,9516.0769,10023.0
56,4,9771.3197,10376.0
56,3,10029.063,10616.42
56,2,41755.6,43485.37
56,1,42667.454,44561.633
57,57,9.5933152,5.5769
57,56,4.2900451,11.18496
57,55,7.6532024,19.1773
57,54,60.018114,49.95
57,53,72.369532,61.6
57,52,85.345962,74.0
57,51,98.947403,88.0
57,50,113.17386,105.0
57,49,128.02532,119.0
57,48,143.5018,151.4
57,47,159.60328,168.77
57,46,203.80215,275.0
57,45,226.93382,303.0
57,44,250.79596,332.0
57,43,275.38857,364.0
57,42,300.71166,393.0
57,41,326.76522,431.0
57,40,353.54925,464.0
57,39,381.06376,498.0
57,38,409.30874,533.0
57,37,438.2842,566.0
57,36,706.99912,696.0
57,35,746.47948,731.0
57,34,786.69032,770.0
57,33,827.63163,806.0
57,32,869.30341,865.0
57,31,911.70567,906.0
57,30,954.8384,995.0
57,29,998.7016,1039.09
57,28,1599.8254,1800.0
57,27,1673.1072,1884.0
57,26,1747.5001,1974.0
57,25,1823.0041,2069.0
57,24,1899.6193,2162.0
57,23,1977.3456,2259.0
57,22,2056.183,2377.0
57,21,2136.1316,2473.0
57,20,2217.1913,2577.0
57,19,2299.3621,2674.0
57,18,2823.9825,2950.0
57,17,2918.9578,3036.0
57,16,3015.0443,3133.0
57,15,3112.2418,3222.0
57,14,3210.5505,3416.0
57,13,3309.9703,3515.0
57,12,3410.5013,3704.0
57,11,3512.1434,3800.0
57,10,8616.8256,8669.0
57,9,8864.3302,8914.0
57,8,9114.3348,9184.0
57,7,9366.8394,9437.0
57,6,9621.8441,10136.0
57,5,9879.3489,10426.0
57,4,10139.354,10789.0
57,3,10401.859,11033.4
57,2,43276.717,45145.0
57,1,44204.897,46245.77
58,58,9.5933152,5.5386
58,57,12.207199,10.956
58,56,-0.26395194,20.1974
58,55,6.3589844,36.906
58,54,75.834732,65.55
58,53,89.376648,77.6
58,52,103.54358,91.0
58,51,118.33552,106.0
58,50,133.75247,125.0
58,49,149.79443,140.0
58,48,166.4614,172.0
58,47,183.75339,192.24
58,46,234.01494,312.0
58,45,258.53798,340.0
58,44,283.7915,371.0
58,43,309.77549,403.0
58,42,336.48996,435.0
58,41,363.9349,472.0
58,40,392.11031,509.0
58,39,421.0162,543.0
58,38,450.65256,579.0
58,37,481.01939,613.0
58,36,761.26288,749.0
58,35,802.13462,785.0
58,34,843.73683,824.0
58,33,886.06952,862.0
58,32,929.13268,924.0
58,31,972.92632,965.0
58,30,1017.4504,1060.0
58,29,1062.705,1103.5
58,28,1700.2052,1908.0
58,27,1775.6034,1994.0
58,26,1852.1128,2087.0
58,25,1929.7332,2185.0
58,24,2008.4649,2280.0
58,23,2088.3076,2378.0
58,22,2169.2615,2500.0
58,21,2251.3265,2600.0
58,20,2334.5026,2706.0
58,19,2418.7899,2806.0
58,18,2956.4113,3087.0
58,17,3053.503,3176.0
58,16,3151.7059,3274.0
58,15,3251.0199,3366.0
58,14,3351.445,3570.0
58,13,3452.9813,3672.0
58,12,3555.6287,3865.0
58,11,3659.3872,3963.0
58,10,8963.0905,9020.0
58,9,9215.357,9269.0
58,8,9470.1236,9545.0
58,7,9727.3903,9803.0
58,6,9987.157,10542.0
58,5,10249.424,10840.0
58,4,10514.191,11210.0
58,3,10781.457,11459.85
58,2,44825.044,46840.31
58,1,45769.552,47965.89
59,59,4.6316433,5.4702
59,58,7.8980894,10.631
59,57,4.3420324,21.6237
59,56,11.625873,38.981
59,55,19.640188,57.53
59,54,150.78813,82.0
59,53,106.41991,97.0
59,52,121.39042,112.0
59,51,85.704332,131.0
59,50,156.03179,148.0
59,49,173.26425,162.0
59,48,191.12172,196.0
59,47,209.60421,217.02
59,46,266.21541,350.0
59,45,292.12983,378.0
59,44,318.77473,412.0
59,43,346.1501,445.0
59,42,374.25595,478.0
59,41,403.09226,516.0
59,40,432.65905,554.0
59,39,462.95632,590.0
59,38,493.98406,627.0
59,37,525.74227,663.0
59,36,817.51432,803.0
59,35,859.77744,840.0
59,34,902.77103,880.0
59,33,946.4951,920.0
59,32,990.94964,985.0
59,31,1036.1347,1028.0
59,30,1082.0501,1124.0
59,29,1128.6961,1169.9
59,28,1803.6085,2019.0
59,27,1881.1231,2108.0
59,26,1959.7489,2202.0
59,25,2039.4858,2304.0
59,24,2120.3339,2400.0
59,23,2202.2931,2501.0
59,22,2285.3634,2628.0
59,21,2369.5448,2729.0
59,20,2454.8374,2838.0
59,19,2541.2411,2941.0
59,18,3091.8635,3227.0
59,17,3191.0717,3319.0
59,16,3291.391,3419.0
59,15,3392.8215,3512.0
59,14,3495.363,3729.0
59,13,3599.0157,3832.0
59,12,3703.7796,4030.0
59,11,3809.6545,4130.0
59,10,9316.1582,9378.0
59,9,9573.1868,9632.0
59,8,9832.7154,9913.0
59,7,10094.744,10175.0
59,6,10359.273,10959.0
59,5,10626.301,11262.0
59,4,10895.83,11641.0
59,3,11167.859,11895.89
59,2,46400.584,48571.71
59,1,47361.418,49722.44
60,60,4.6316433,5.52475
60,59,7.8980894,10.783
60,58,8.8834169,22.09
60,57,16.828163,40.6
60,56,80.911356,60.0
60,55,94.810422,84.0
60,54,109.3345,99.0
60,53,124.48359,114.0
60,52,140.25769,136.0
60,51,156.6568,152.0
60,50,131.97218,168.0
60,49,148.75046,195.0
60,48,217.48275,221.0
60,47,237.15573,243.0
60,46,300.40357,389.0
60,45,327.70937,420.0
60,44,355.74564,453.0
60,43,384.51239,489.0
60,42,414.00961,522.0
60,41,444.23731,562.0
60,40,475.19548,602.0
60,39,506.88412,638.0
60,38,539.30324,678.0
60,37,572.45283,714.0
60,36,875.75345,859.0
60,35,919.40794,896.0
60,34,963.79291,939.0
60,33,1008.9084,978.0
60,32,1054.7543,1049.0
60,31,1101.3307,1092.0
60,30,1148.6375,1191.0
60,29,1196.6749,1238.42
60,28,1910.0352,2134.0
60,27,1989.6663,2224.0
60,26,2070.4086,2321.0
60,25,2152.2619,2425.0
60,24,2235.2264,2525.0
60,23,2319.302,2627.0
60,22,2404.4888,2758.0
60,21,2490.7867,2861.0
60,20,2578.1957,2974.0
60,19,2666.7159,3078.0
60,18,3230.3392,3371.0
60,17,3331.6639,3465.0
60,16,3434.0996,3567.0
60,15,3537.6465,3662.0
60,14,3642.3045,3891.0
60,13,3748.0737,3997.0
60,12,3854.9539,4198.0
60,11,3962.9454,4302.0
60,10,9676.0288,9742.0
60,9,9937.8193,10002.0
60,8,10202.11,10288.0
60,7,10468.901,10555.0
60,6,10738.191,11384.0
60,5,11009.982,11694.0
60,4,11284.273,12082.0
60,3,11561.064,12341.66
60,2,48003.334,50339.59
60,1,48980.495,51515.78
61,61,4.6316433,5.58187
61,60,7.8980894,10.938
61,59,13.360202,22.44
61,58,21.965852,41.17
61,57,83.507067,61.7
61,56,97.584708,85.0
61,55,112.28736,101.0
61,54,127.61502,116.0
61,53,143.5677,138.0
61,52,160.14539,155.0
61,51,139.07182,174.0
61,50,156.511,202.0
61,49,174.68066,229.0
61,48,245.54449,248.0
61,47,266.40797,269.0
61,46,336.57941,430.0
61,45,365.27659,462.0
61,44,394.70424,497.0
61,43,424.86237,534.0
61,42,455.75097,569.0
61,41,487.37004,609.0
61,40,519.71959,651.0
61,39,552.79961,689.0
61,38,586.6101,730.0
61,37,621.15107,767.0
61,36,935.98025,916.0
61,35,981.02613,956.0
61,34,1026.8025,998.0
61,33,1073.3093,1040.0
61,32,1120.5466,1113.0
61,31,1168.5144,1158.0
61,30,1217.2126,1261.0
61,29,1266.6413,1308.7
61,28,2019.4855,2251.0
61,27,2101.233,2344.0
61,26,2184.0917,2443.0
61,25,2268.0615,2549.0
61,24,2353.1424,2652.0
61,23,2439.3345,2755.0
61,22,2526.6377,2892.0
61,21,2615.052,2997.0
61,20,2704.5775,3112.0
61,19,2795.2141,3219.0
61,18,3371.8385,3519.0
61,17,3475.2795,3613.0
61,16,3579.8317,3718.0
61,15,3685.495,3816.0
61,14,3792.2695,4056.0
61,13,3900.1551,4166.0
61,12,4009.1518,4371.0
61,11,4119.2596,4476.0
61,10,10042.702,10115.0
61,9,10309.255,10378.0
61,8,10578.307,10671.0
61,7,10849.86,10942.0
61,6,11123.913,11819.0
61,5,11400.465,12136.0
61,4,11679.518,12532.0
61,3,11961.071,12797.26
61,2,49633.296,52144.29
61,1,50626.784,53346.31
62,62,4.6316433,5.643722
62,61,7.8980894,11.078
62,60,17.772387,23.55
62,59,27.038942,41.64
62,58,37.035971,62.7
62,57,149.50233,87.0
62,56,115.27849,103.0
62,55,130.78473,118.0
62,54,146.91598,141.0
62,53,163.67224,158.0
62,52,146.10686,179.0
62,51,164.20695,208.0
62,50,183.03751,237.0
62,49,249.90044,257.0
62,48,270.9425,276.0
62,47,254.42348,306.5
62,46,374.74293,474.0
62,45,404.83149,506.0
62,44,435.65052,543.0
62,43,467.20002,581.0
62,42,499.48,617.0
62,41,532.49045,658.0
62,40,566.23138,702.0
62,39,600.70278,742.0
62,38,635.90465,782.0
62,37,671.837,822.0
62,36,998.19474,976.0
62,35,1044.632,1016.0
62,34,1091.7997,1060.0
62,33,1139.6979,1103.0
62,32,1188.3266,1180.0
62,31,1237.6858,1226.0
62,30,1287.7754,1332.0
62,29,1338.5955,1381.56
62,28,2131.9592,2371.0
62,27,2215.8232,2466.0
62,26,2300.7983,2569.0
62,25,2386.8845,2676.0
62,24,2474.0819,2782.0
62,23,2562.3904,2887.0
62,22,2651.8101,3028.0
62,21,2742.3408,3137.0
62,20,2833.9827,3253.0
62,19,2926.7358,3363.0
62,18,3516.3612,3669.0
62,17,3621.9187,3766.0
62,16,3728.5873,3873.0
62,15,3836.3671,3971.0
62,14,3945.258,4227.0
62,13,4055.26,4337.0
62,12,4166.3731,4548.0
62,11,4278.5974,4655.0
62,10,10416.179,10494.0
62,9,10687.493,10762.0
62,8,10961.308,11060.0
62,7,11237.622,11337.0
62,6,11516.437,12264.0
62,5,11797.752,12588.0
62,4,12081.566,12992.0
62,3,12367.881,13262.85
62,2,51290.47,53986.12
62,1,52300.284,55214.3
63,63,4.6316433,5.670385
63,62,7.8980894,11.24
63,61,22.119972,24.84
63,60,32.047432,42.94
63,59,88.813288,63.2
63,58,103.24808,89.0
63,57,118.30788,105.0
63,56,133.99269,120.0
63,55,150.30252,144.0
63,54,167.23735,161.0
63,53,153.0773,183.0
63,52,171.83829,213.0
63,51,191.32976,243.0
63,50,254.29466,263.0
63,49,275.51529,281.0
63,48,263.81031,311.0
63,47,287.22026,344.4
63,46,414.89413,518.0
63,45,446.37407,553.0
63,44,478.58448,590.0
63,43,511.52536,630.0
63,42,545.19672,667.0
63,41,579.59855,709.0
63,40,614.73086,755.0
63,39,650.59363,795.0
63,38,687.18689,838.0
63,37,724.51061,879.0
63,36,1062.3969,1037.0
63,35,1110.2256,1078.0
63,34,1158.7847,1124.0
63,33,1208.0742,1167.0
63,32,1258.0943,1249.0
63,31,1308.8448,1296.0
63,30,1360.3258,1406.0
63,29,1412.5373,1456.06
63,28,2247.4564,2495.0
63,27,2333.4368,2591.0
63,26,2420.5284,2697.0
63,25,2508.7311,2807.0
63,24,2598.0449,2914.0
63,23,2688.4698,3022.0
63,22,2780.0059,3168.0
63,21,2872.6531,3279.0
63,20,2966.4115,3398.0
63,19,3061.281,3510.0
63,18,3663.9073,3823.0
63,17,3771.5813,3921.0
63,16,3880.3664,4031.0
63,15,3990.2626,4131.0
63,14,4101.2699,4400.0
63,13,4213.3884,4513.0
63,12,4326.618,4729.0
63,11,4440.9587,4838.0
63,10,10796.458,10880.0
63,9,11072.534,11153.0
63,8,11351.111,11457.0
63,7,11632.187,11739.0
63,6,11915.764,12718.0
63,5,12201.841,13050.0
63,4,12490.417,13462.0
63,3,12781.494,13738.58
63,2,52974.855,55865.93
63,1,54000.996,57120.64
64,64,5.2274708,6.1498
64,63,8.6558895,12.076
64,62,7.6532024,20.54
64,61,36.991323,44.44
64,60,91.523797,64.8
64,59,106.13716,89.0
64,58,121.37554,106.0
64,57,137.23893,123.0
64,56,118.71112,144.0
64,55,173.85737,165.0
64,54,191.98271,183.0
64,53,179.40504,213.0
64,52,261.43643,246.0
64,51,158.56123,268.0
64,50,318.41322,288.0
64,49,273.13255,319.0
64,48,297.2034,352.0
64,47,322.00472,384.4
64,46,457.03302,565.0
64,45,489.90434,601.0
64,44,523.50613,639.0
64,43,557.83839,680.0
64,42,592.90112,719.0
64,41,628.69433,761.0
64,40,665.21802,810.0
64,39,702.47217,851.0
64,38,740.4568,895.0
64,37,779.17191,937.0
64,36,1128.5868,1100.0
64,35,1177.8068,1142.0
64,34,1227.7573,1189.0
64,33,1278.4382,1233.0
64,32,1329.8497,1321.0
64,31,1381.9916,1368.0
64,30,1434.8639,1481.0
64,29,1488.4668,1532.3
64,28,2365.9771,2621.0
64,27,2454.074,2720.0
64,26,2543.282,2827.0
64,25,2633.6011,2941.0
64,24,2725.0314,3050.0
64,23,2817.5728,3160.0
64,22,2911.2253,3312.0
64,21,3005.9889,3424.0
64,20,3101.8637,3546.0
64,19,3198.8496,3660.0
64,18,3814.477,3980.0
64,17,3924.2674,4080.0
64,16,4035.1689,4191.0
64,15,4147.1816,4294.0
64,14,4260.3053,4578.0
64,13,4374.5402,4693.0
64,12,4489.8863,4914.0
64,11,4606.3435,5025.0
64,10,11183.54,11273.0
64,9,11464.378,11552.0
64,8,11747.717,11861.0
64,7,12033.555,12147.0
64,6,12321.894,13183.0
64,5,12612.733,13521.0
64,4,12906.071,13943.0
64,3,13201.91,14224.57
64,2,54686.451,57783.91
64,1,55728.919,59065.54
65,65,4.6316433,5.8638
65,64,7.8980894,11.513
65,63,30.621344,21.82
65,62,41.870614,39.33
65,61,94.272572,66.5
65,60,143.4283,90.0
65,59,90.117677,108.0
65,58,140.52343,125.0
65,57,125.11868,143.0
65,56,177.53729,168.0
65,55,195.8412,186.0
65,54,186.90718,216.0
65,53,207.72046,250.0
65,52,289.58463,273.0
65,51,258.38891,294.0
65,50,282.39019,325.0
65,49,307.12194,358.0
65,48,332.58416,393.0
65,47,358.77686,426.6
65,46,501.15959,613.0
65,45,535.42229,651.0
65,44,570.41545,690.0
65,43,606.13909,732.0
65,42,642.59321,772.0
65,41,679.7778,816.0
65,40,717.69286,866.0
65,39,756.33839,909.0
65,38,795.7144,954.0
65,37,835.82089,997.0
65,36,1196.7643,1165.0
65,35,1247.3757,1208.0
65,34,1298.7176,1256.0
65,33,1350.7899,1301.0
65,32,1403.5927,1393.0
65,31,1457.126,1443.0
65,30,1511.3898,1559.0
65,29,1566.384,1610.4
65,28,2487.5213,2750.0
65,27,2577.7346,2852.0
65,26,2669.0591,2961.0
65,25,2761.4946,3078.0
65,24,2855.0413,3189.0
65,23,2949.6992,3300.0
65,22,3045.4681,3458.0
65,21,3142.3482,3573.0
65,20,3240.3394,3698.0
65,19,3339.4418,3814.0
65,18,3968.0702,4139.0
65,17,4079.977,4242.0
65,16,4192.9949,4355.0
65,15,4307.124,4460.0
65,14,4422.3643,4760.0
65,13,4538.7156,4877.0
65,12,4656.1781,5103.0
65,11,4774.7517,5217.0
65,10,11577.424,11673.0
65,9,11863.025,11957.0
65,8,12151.125,12272.0
65,7,12441.726,12563.0
65,6,12734.827,13658.0
65,5,13030.427,14003.0
65,4,13328.528,14434.0
65,3,13629.129,14721.02
65,2,56425.258,59741.12
65,1,57484.053,61050.1
66,66,4.6316433,5.939061
66,65,7.8980894,11.647
66,64,34.77513,22.89
66,63,46.685305,41.23
66,62,97.059613,62.1
66,61,112.03013,93.0
66,60,157.56591,110.0
66,59,113.90593,127.0
66,58,160.69174,152.0
66,57,178.1623,170.0
66,56,173.60102,192.0
66,55,194.34473,224.0
66,54,242.66179,259.0
66,53,211.18068,279.0
66,52,319.14658,300.0
66,51,291.58322,332.0
66,50,316.97588,366.0
66,49,343.09901,399.0
66,48,369.95261,431.0
66,47,397.53669,464.9
66,46,547.27385,664.0
66,45,582.92792,702.0
66,44,619.31247,743.0
66,43,656.42749,786.0
66,42,694.27298,827.0
66,41,732.84894,872.0
66,40,772.15538,924.0
66,39,812.1923,969.0
66,38,852.95969,1014.0
66,37,894.45755,1059.0
66,36,1266.9295,1232.0
66,35,1318.9323,1275.0
66,34,1371.6656,1325.0
66,33,1425.1293,1371.0
66,32,1479.3235,1468.0
66,31,1534.2481,1520.0
66,30,1589.9033,1638.0
66,29,1646.2889,1691.7
66,28,2612.089,2882.0
66,27,2704.4187,2987.0
66,26,2797.8596,3098.0
66,25,2892.4116,3217.0
66,24,2988.0748,3331.0
66,23,3084.849,3445.0
66,22,3182.7344,3607.0
66,21,3281.731,3725.0
66,20,3381.8386,3852.0
66,19,3483.0574,3970.0
66,18,4124.6868,4303.0
66,17,4238.7101,4407.0
66,16,4353.8445,4523.0
66,15,4470.09,4629.0
66,14,4587.4467,4945.0
66,13,4705.9145,5066.0
66,12,4825.4934,5296.0
66,11,4946.1834,5412.0
66,10,11978.112,12081.0
66,9,12268.475,12370.0
66,8,12561.337,12690.0
66,7,12856.7,12986.0
66,6,13154.562,14144.0
66,5,13454.925,14495.0
66,4,13757.788,14936.0
66,3,14063.151,15228.06
66,2,58191.277,61736.62
66,1,59266.399,63073.23
67,67,4.6316433,6.0215
67,66,7.8980894,11.781
67,65,38.864317,22.79
67,64,51.435396,42.52
67,63,99.884921,63.9
67,62,115.03401,95.0
67,61,130.80811,112.0
67,60,172.36337,129.0
67,59,139.07519,155.0
67,58,181.88048,173.0
67,57,180.31306,197.0
67,56,201.71767,229.0
67,55,223.85276,263.0
67,54,272.25417,284.0
67,53,244.77849,305.0
67,52,350.12227,340.0
67,51,326.76522,373.0
67,50,353.54925,408.0
67,49,381.06376,441.0
67,48,409.30874,475.0
67,47,438.2842,510.0
67,46,595.37579,715.0
67,45,632.42124,755.0
67,44,670.19716,797.0
67,43,708.70356,842.0
67,42,747.94043,885.0
67,41,787.90778,929.0
67,40,828.60559,985.0
67,39,870.03389,1029.0
67,38,912.19265,1077.0
67,37,955.08189,1122.0
67,36,1339.0825,1300.0
67,35,1392.4766,1346.0
67,34,1446.6012,1395.0
67,33,1501.4563,1443.0
67,32,1557.0419,1545.0
67,31,1613.3579,1598.0
67,30,1670.4044,1719.0
67,29,1728.1814,1773.6
67,28,2739.6802,3018.0
67,27,2834.1263,3125.0
67,26,2929.6837,3238.0
67,25,3026.3521,3359.0
67,24,3124.1317,3476.0
67,23,3223.0224,3592.0
67,22,3323.0243,3760.0
67,21,3424.1372,3880.0
67,20,3526.3613,4009.0
67,19,3629.6966,4131.0
67,18,4284.3269,4469.0
67,17,4400.4667,4576.0
67,16,4517.7175,4693.0
67,15,4636.0795,4802.0
67,14,4755.5526,5135.0
67,13,4876.1368,5258.0
67,12,4997.8322,5494.0
67,11,5120.6387,5611.0
67,10,12385.603,12495.0
67,9,12680.727,12790.0
67,8,12978.352,13116.0
67,7,13278.476,13417.0
67,6,13581.101,14639.0
67,5,13886.226,14998.0
67,4,14193.85,15448.0
67,3,14503.975,15745.77
67,2,59984.508,63772.42
67,1,61075.956,65137.13
68,68,4.6316433,6.1077
68,67,7.8980894,11.916
68,66,42.888904,22.7
68,65,56.120888,42.42
68,64,102.74849,65.1
68,63,118.07616,96.0
68,62,134.02883,114.0
68,61,150.60652,131.0
68,60,167.80922,158.0
68,59,185.63693,177.0
68,58,186.9605,201.0
68,57,209.02602,235.0
68,56,231.82201,268.0
68,55,276.83971,290.0
68,54,298.95322,311.0
68,53,309.77549,345.0
68,52,336.48996,381.0
68,51,363.9349,415.0
68,50,392.11031,450.0
68,49,421.0162,486.0
68,48,450.65256,520.0
68,47,481.01939,555.0
68,46,645.46541,770.0
68,45,683.90224,810.0
68,44,723.06954,853.0
68,43,762.96732,899.0
68,42,803.59557,943.0
68,41,844.95429,989.0
68,40,887.04349,1046.0
68,39,929.86316,1092.0
68,38,973.4133,1142.0
68,37,1017.6939,1188.0
68,36,1413.223,1370.0
68,35,1468.0086,1416.0
68,34,1523.5246,1468.0
68,33,1579.771,1516.0
68,32,1636.748,1625.0
68,31,1694.4554,1678.0
68,30,1752.8933,1803.0
68,29,1812.0617,1858.5
68,28,2870.2948,3157.0
68,27,2966.8574,3265.0
68,26,3064.5312,3381.0
68,25,3163.3161,3505.0
68,24,3263.2121,3624.0
68,23,3364.2193,3742.0
68,22,3466.3376,3916.0
68,21,3569.567,4038.0
68,20,3673.9075,4170.0
68,19,3779.3592,4294.0
68,18,4446.9906,4639.0
68,17,4565.2467,4748.0
68,16,4684.614,4866.0
68,15,4805.0924,4978.0
68,14,4926.6819,5329.0
68,13,5049.3826,5455.0
68,12,5173.1944,5695.0
68,11,5298.1174,5815.0
68,10,12799.896,12918.0
68,9,13099.782,13217.0
68,8,13402.169,13548.0
68,7,13707.056,13855.0
68,6,14014.442,15146.0
68,5,14324.329,15511.0
68,4,14636.716,15971.0
68,3,14951.602,16274.56
68,2,61804.949,65848.24
68,1,62912.725,67241.48
69,69,4.6316433,6.184402
69,68,7.8980894,12.065
69,67,46.848891,23.66
69,66,60.74178,42.41
69,65,105.65033,65.4
69,64,121.15657,98.0
69,63,137.28782,116.0
69,62,154.04408,133.0
69,61,171.42536,160.0
69,60,189.43164,180.0
69,59,193.54334,205.0
69,58,216.26976,239.0
69,57,255.7679,274.0
69,56,277.04805,295.0
69,55,292.12983,317.0
69,54,318.77473,352.0
69,53,346.1501,387.0
69,52,374.25595,424.0
69,51,403.09226,460.0
69,50,432.65905,496.0
69,49,462.95632,530.0
69,48,493.98406,570.0
69,47,525.74227,603.0
69,46,697.54272,825.0
69,45,737.37092,866.0
69,44,777.9296,911.0
69,43,819.21876,958.0
69,42,861.23839,1004.0
69,41,903.98849,1050.0
69,40,947.46906,1110.0
69,39,991.68011,1157.0
69,38,1036.6216,1207.0
69,37,1082.2936,1255.0
69,36,1489.3513,1442.0
69,35,1545.5282,1490.0
69,34,1602.4356,1542.0
69,33,1660.0735,1591.0
69,32,1718.4418,1706.0
69,31,1777.5406,1761.0
69,30,1837.3698,1889.0
69,29,1897.9296,1945.2
69,28,3003.933,3298.0
69,27,3102.612,3409.0
69,26,3202.4022,3528.0
69,25,3303.3036,3653.0
69,24,3405.316,3775.0
69,23,3508.4396,3895.0
69,22,3612.6743,4075.0
69,21,3718.0202,4199.0
69,20,3824.4772,4335.0
69,19,3932.0453,4461.0
69,18,4612.6777,4812.0
69,17,4733.0503,4922.0
69,16,4854.534,5044.0
69,15,4977.1288,5157.0
69,14,5100.8348,5527.0
69,13,5225.6519,5656.0
69,12,5351.5802,5901.0
69,11,5478.6196,6023.0
69,10,13220.992,13347.0
69,9,13525.641,13651.0
69,8,13832.789,13988.0
69,7,14142.438,14300.0
69,6,14454.586,15663.0
69,5,14769.235,16036.0
69,4,15086.384,16510.0
69,3,15406.032,16814.34
69,2,63652.603,67965.25
69,1,64776.705,69387.45
70,70,4.6316433,6.25416
70,69,7.8980894,12.179185
70,68,50.744279,25.053
70,67,65.298072,43.61
70,66,108.59044,65.6
70,65,124.27525,99.0
70,64,140.58508,117.0
70,63,157.51991,135.0
70,62,175.07976,163.0
70,61,193.26462,182.0
70,60,200.06158,209.0
70,59,223.44891,244.0
70,58,260.21313,279.0
70,57,281.67186,301.0
70,56,300.40357,324.0
70,55,327.70937,360.0
70,54,355.74564,396.0
70,53,384.51239,431.0
70,52,414.00961,469.0
70,51,444.23731,505.0
70,50,475.19548,540.0
70,49,506.88412,580.0
70,48,539.30324,610.0
70,47,572.45283,651.0
70,46,751.60771,882.0
70,45,792.82729,924.0
70,44,834.77735,971.0
70,43,877.45788,1019.0
70,42,920.86889,1065.0
70,41,965.01037,1114.0
70,40,1009.8823,1175.0
70,39,1055.4848,1224.0
70,38,1101.8177,1275.0
70,37,1148.881,1324.0
70,36,1567.4673,1516.0
70,35,1625.0356,1564.0
70,34,1683.3343,1618.0
70,33,1742.3635,1668.0
70,32,1802.1232,1789.0
70,31,1862.6134,1845.0
70,30,1923.8341,1978.0
70,29,1985.7852,2036.4
70,28,3140.5946,3443.0
70,27,3241.3901,3555.0
70,26,3343.2967,3677.0
70,25,3446.3145,3805.0
70,24,3550.4434,3929.0
70,23,3655.6835,4051.0
70,22,3762.0346,4238.0
70,21,3869.4969,4364.0
70,20,3978.0703,4502.0
70,19,4087.7549,4630.0
70,18,4781.3883,4988.0
70,17,4903.8773,5101.0
70,16,5027.4775,5224.0
70,15,5152.1888,5339.0
70,14,5278.0112,5731.0
70,13,5404.9447,5860.0
70,12,5532.9894,6111.0
70,11,5662.1453,6236.0
70,10,13648.891,13784.0
70,9,13958.302,14093.0
70,8,14270.212,14435.0
70,7,14584.623,14752.0
70,6,14901.533,16191.0
70,5,15220.944,16570.0
70,4,15542.855,17050.0
70,3,15867.265,17365.44
70,2,65527.467,70123.04
70,1,66667.896,71574.63
71,71,-1.3285605,5.425871
71,70,9.25943,14.13
71,69,13.605693,20.9594
71,68,69.789764,45.249
71,67,85.734936,66.8
71,66,153.26607,98.0
71,65,143.9206,117.0
71,64,161.03401,136.0
71,63,162.20743,159.0
71,62,200.42036,185.0
71,61,219.79572,205.0
71,60,230.56346,238.0
71,59,255.34216,276.0
71,58,290.82594,305.0
71,57,313.47517,328.0
71,56,336.57941,361.0
71,55,365.27659,399.0
71,54,394.70424,438.0
71,53,424.86237,476.0
71,52,455.75097,520.0
71,51,487.37004,560.0
71,50,519.71959,600.0
71,49,552.79961,630.0
71,48,586.6101,670.0
71,47,621.15107,713.0
71,46,807.66038,941.0
71,45,850.27134,985.0
71,44,893.61278,1032.0
71,43,937.68469,1081.0
71,42,982.48708,1130.0
71,41,1028.0199,1178.0
71,40,1074.2833,1242.0
71,39,1121.2771,1292.0
71,38,1169.0014,1345.0
71,37,1217.4561,1395.0
71,36,1647.5709,1591.0
71,35,1706.5306,1641.0
71,34,1766.2207,1696.0
71,33,1826.6413,1747.0
71,32,1887.7924,1875.0
71,31,1949.674,1933.0
71,30,2012.286,2067.0
71,29,2075.6285,2125.5
71,28,3280.2797,3590.0
71,27,3383.1917,3706.0
71,26,3487.2147,3828.0
71,25,3592.3489,3960.0
71,24,3698.5943,4086.0
71,23,3805.9508,4211.0
71,22,3914.4184,4403.0
71,21,4023.9971,4532.0
71,20,4134.687,4673.0
71,19,4246.488,4803.0
71,18,4953.1223,5168.0
71,17,5077.7278,5282.0
71,16,5203.4444,5408.0
71,15,5330.2722,5525.0
71,14,5458.211,5937.0
71,13,5587.261,6070.0
71,12,5717.4222,6326.0
71,11,5848.6944,6452.0
71,10,14083.593,14228.0
71,9,14397.766,14542.0
71,8,14714.438,14890.0
71,7,15033.611,15211.0
71,6,15355.283,16730.0
71,5,15679.456,17120.0
71,4,16006.129,17610.0
71,3,16335.301,17928.05
71,2,67429.543,72322.87
71,1,68586.299,73804.35
72,72,-0.32308701,6.82507
72,71,15.629492,14.61
72,70,9.0520377,22.55
72,69,13.605693,33.37
72,68,90.822934,68.37
72,67,132.40253,98.0
72,66,149.45641,118.0
72,65,167.13531,137.0
72,64,185.43922,157.0
72,63,190.4144,187.0
72,62,227.46168,209.0
72,61,248.02753,230.0
72,60,263.05301,270.0
72,59,295.56455,310.0
72,58,318.39235,334.0
72,57,345.38484,359.0
72,56,374.74293,399.0
72,55,404.83149,440.0
72,54,435.65052,481.0
72,53,467.20002,520.0
72,52,499.48,570.0
72,51,532.49045,610.0
72,50,566.23138,650.0
72,49,600.70278,690.0
72,48,635.90465,730.0
72,47,671.837,772.0
72,46,865.70074,1002.0
72,45,909.70308,1047.0
72,44,954.43589,1094.0
72,43,999.89918,1146.0
72,42,1046.0929,1195.0
72,41,1093.0172,1245.0
72,40,1140.6719,1311.0
72,39,1189.0571,1362.0
72,38,1238.1727,1417.0
72,37,1288.0189,1467.0
72,36,1729.6622,1669.0
72,35,1790.0133,1719.0
72,34,1851.0948,1776.0
72,33,1912.9068,1827.0
72,32,1975.4492,1963.0
72,31,2038.7222,2022.0
72,30,2102.7256,2159.0
72,29,2167.4595,2218.9
72,28,3422.9883,3741.0
72,27,3528.0167,3858.0
72,26,3634.1562,3984.0
72,25,3741.4069,4118.0
72,24,3849.7687,4246.0
72,23,3959.2416,4372.0
72,22,4069.8256,4573.0
72,21,4181.5208,4703.0
72,20,4294.3271,4846.0
72,19,4408.2446,4980.0
72,18,5127.8799,5350.0
72,17,5254.6018,5468.0
72,16,5382.4349,5595.0
72,15,5511.3791,5713.0
72,14,5641.4344,6149.0
72,13,5772.6008,6284.0
72,12,5904.8784,6545.0
72,11,6038.2671,6674.0
72,10,14525.098,14678.0
72,9,14844.032,14999.0
72,8,15165.467,15351.0
72,7,15489.401,15680.0
72,6,15815.836,17280.0
72,5,16144.771,17680.0
72,4,16476.205,18180.0
72,3,16810.14,18502.32
72,2,69358.83,74565.91
72,1,70531.913,76077.7
73,73,6.5232511,7.549571
73,72,10.275615,16.2
73,71,10.3956,23.1
73,70,15.514742,35.0
73,69,21.258896,48.272
73,68,113.84379,94.01
73,67,154.93696,119.0
73,66,173.18134,139.0
73,65,192.05074,159.0
73,64,211.54514,180.0
73,63,231.66456,213.0
73,62,252.40899,235.0
73,61,270.69926,262.0
73,60,297.53025,304.0
73,59,328.13318,338.0
73,58,352.15148,363.0
73,57,384.14467,396.0
73,56,414.89413,439.0
73,55,446.37407,482.0
73,54,478.58448,530.0
73,53,511.52536,570.0
73,52,545.19672,610.0
73,51,579.59855,660.0
73,50,614.73086,700.0
73,49,650.59363,750.0
73,48,687.18689,790.0
73,47,724.51061,832.0
73,46,925.72878,1064.0
73,45,971.1225,1110.0
73,44,1017.2467,1160.0
73,43,1064.1014,1211.0
73,42,1111.6865,1262.0
73,41,1160.0021,1313.0
73,40,1209.0482,1382.0
73,39,1258.8248,1434.0
73,38,1309.3318,1490.0
73,37,1360.5693,1542.0
73,36,1813.7413,1748.0
73,35,1875.4837,1799.0
73,34,1937.9566,1857.0
73,33,2001.1599,1910.0
73,32,2065.0938,2053.0
73,31,2129.7581,2113.0
73,30,2195.1529,2254.0
73,29,2261.2781,2314.7
73,28,3568.7204,3898.7
73,27,3675.8652,4014.0
73,26,3784.1212,4143.0
73,25,3893.4883,4278.0
73,24,4003.9665,4410.0
73,23,4115.5559,4537.0
73,22,4228.2564,4745.0
73,21,4342.068,4877.0
73,20,4456.9907,5024.0
73,19,4573.0246,5159.0
73,18,5305.661,5537.0
73,17,5434.4993,5655.0
73,16,5564.4488,5785.0
73,15,5695.5094,5907.0
73,14,5827.6812,6364.0
73,13,5960.9641,6502.0
73,12,6095.3581,6769.0
73,11,6230.8632,6900.0
73,10,14973.405,15137.0
73,9,15297.102,15461.0
73,8,15623.298,15820.0
73,7,15951.995,16150.0
73,6,16283.191,17840.0
73,5,16616.888,18250.0
73,4,16953.085,18760.0
73,3,17291.782,19088.51
73,2,71315.329,76852.0
73,1,72504.739,78394.63
74,74,7.2232039,7.86403
74,73,11.13754,16.37
74,72,11.683889,26.0
74,71,17.368518,38.2
74,70,23.678158,51.6
74,69,30.61281,64.77
74,68,138.85232,122.01
74,67,196.49825,141.2
74,66,195.93474,160.2
74,65,215.60772,179.0
74,64,227.75702,208.9
74,63,264.9774,231.6
74,62,278.28091,258.3
74,61,305.77281,290.7
74,60,333.99517,325.3
74,59,362.40252,361.9
74,58,387.61132,387.9
74,57,424.89218,420.7
74,56,457.03302,462.1
74,55,489.90434,502.6
74,54,523.50613,543.4
74,53,557.83839,594.5
74,52,592.90112,640.6
74,51,628.69433,685.6
74,50,665.21802,734.1
74,49,702.47217,784.4
74,48,740.4568,833.4
74,47,779.17191,881.4
74,46,987.7445,1132.2
74,45,1034.5296,1180.0
74,44,1082.0452,1230.4
74,43,1130.2912,1283.4
74,42,1179.2677,1335.1
74,41,1228.9747,1386.8
74,40,1279.4122,1459.9
74,39,1330.5801,1512.4
74,38,1382.4786,1569.1
74,37,1435.1074,1621.7
74,36,1899.808,1829.8
74,35,1962.9417,1882.9
74,34,2026.806,1940.6
74,33,2091.4008,1994.8
74,32,2156.726,2149.1
74,31,2222.7817,2210.0
74,30,2289.5678,2354.5
74,29,2357.0845,2414.1
74,28,3717.476,4057.0
74,27,3826.7372,4180.0
74,26,3937.1097,4309.0
74,25,4048.5932,4446.0
74,24,4161.1879,4578.0
74,23,4274.8937,4709.0
74,22,4389.7106,4927.0
74,21,4505.6387,5063.0
74,20,4622.6779,5209.0
74,19,4740.8282,5348.0
74,18,5486.4655,5719.0
74,17,5617.4203,5840.0
74,16,5749.4862,5970.0
74,15,5882.6633,6093.0
74,14,6016.9515,6596.0
74,13,6152.3508,6735.0
74,12,6288.8613,7000.0
74,11,6426.4829,7130.0
74,10,15428.516,15566.0
74,9,15756.974,15896.0
74,8,16087.933,16252.0
74,7,16421.391,16588.0
74,6,16757.35,18476.0
74,5,17095.809,18872.0
74,4,17436.767,19362.0
74,3,17780.226,19686.74
74,2,73299.039,79181.94
74,1,74504.776,80755.91
75,75,7.957865,7.83352
75,74,12.034174,16.6
75,73,12.916905,27.0
75,72,19.16702,39.1
75,71,26.042147,51.9
75,70,33.542285,67.0
75,69,41.667435,82.71
75,68,182.95405,144.4
75,67,202.56751,165.0
75,66,222.80598,187.0
75,65,243.66946,208.0
75,64,260.53566,236.0
75,63,291.89374,268.0
75,62,313.95076,291.0
75,61,342.83403,330.0
75,60,372.44778,377.0
75,59,388.31881,403.0
75,58,434.82563,429.0
75,57,467.62737,476.0
75,56,501.15959,520.0
75,55,535.42229,570.0
75,54,570.41545,620.0
75,53,606.13909,670.0
75,52,642.59321,720.0
75,51,679.7778,760.0
75,50,717.69286,810.0
75,49,756.33839,860.0
75,48,795.7144,910.0
75,47,835.82089,953.0
75,46,1051.7479,1194.0
75,45,1099.9244,1242.0
75,44,1148.8313,1294.0
75,43,1198.4688,1349.0
75,42,1248.8367,1402.0
75,41,1299.935,1454.0
75,40,1351.7639,1530.0
75,39,1404.3232,1583.0
75,38,1457.613,1641.0
75,37,1511.6333,1696.0
75,36,1987.8623,1912.0
75,35,2052.3875,1966.0
75,34,2117.6431,2025.0
75,33,2183.6293,2080.0
75,32,2250.3459,2240.0
75,31,2317.7929,2302.0
75,30,2385.9705,2450.0
75,29,2454.8785,2514.5
75,28,3869.255,4214.0
75,27,3980.6328,4335.0
75,26,4093.1216,4468.0
75,25,4206.7216,4609.0
75,24,4321.4327,4745.0
75,23,4437.2549,4877.0
75,22,4554.1883,5099.0
75,21,4672.2328,5236.0
75,20,4791.3884,5388.0
75,19,4911.6552,5528.0
75,18,5670.2935,5919.0
75,17,5803.3648,6042.0
75,16,5937.5472,6176.0
75,15,6072.8407,6300.0
75,14,6209.2453,6810.0
75,13,6346.7611,6952.0
75,12,6485.3879,7230.0
75,11,6625.126,7366.0
75,10,15890.429,16080.0
75,9,16223.65,16410.0
75,8,16559.37,16780.0
75,7,16897.591,17120.0
75,6,17238.311,19000.0
75,5,17581.532,19420.0
75,4,17927.252,19950.0
75,3,18275.473,20297.4
75,2,75309.96,81556.58
75,1,76532.024,83162.41
76,76,8.7272346,8.43823
76,75,12.965516,17.0
76,74,14.094648,25.0
76,73,20.91025,41.0
76,72,28.350863,55.0
76,71,36.416488,70.1
76,70,45.107124,85.1
76,69,54.422772,102.02
76,68,209.14501,168.7
76,67,229.94897,190.0
76,66,251.37794,213.0
76,65,273.43191,235.0
76,64,295.30198,269.0
76,63,320.22382,298.0
76,62,351.6083,322.0
76,61,381.88294,367.0
76,60,403.91476,410.0
76,59,430.49263,436.0
76,58,478.15713,470.0
76,57,512.35025,520.0
76,56,547.27385,570.0
76,55,582.92792,620.0
76,54,619.31247,670.0
76,53,656.42749,720.0
76,52,694.27298,770.0
76,51,732.84894,820.0
76,50,772.15538,870.0
76,49,812.1923,920.0
76,48,852.95969,970.0
76,47,894.45755,1015.0
76,46,1117.739,1262.0
76,45,1167.3069,1311.0
76,44,1217.6052,1364.0
76,43,1268.634,1420.0
76,42,1320.3933,1474.0
76,41,1372.883,1528.0
76,40,1426.1032,1606.0
76,39,1480.0539,1660.0
76,38,1534.7351,1720.0
76,37,1590.1467,1776.0
76,36,2077.9044,1996.0
76,35,2143.8209,2052.0
76,34,2210.468,2112.0
76,33,2277.8455,2168.0
76,32,2345.9534,2336.0
76,31,2414.7919,2400.0
76,30,2484.3608,2552.0
76,29,2554.6602,2615.5
76,28,4024.0576,4374.0
76,27,4137.5517,4501.0
76,26,4252.157,4635.0
76,25,4367.8735,4779.0
76,24,4484.701,4917.0
76,23,4602.6397,5052.0
76,22,4721.6895,5280.0
76,21,4841.8505,5421.0
76,20,4963.1225,5575.0
76,19,5085.5057,5717.0
76,18,5857.1451,6115.0
76,17,5992.3327,6240.0
76,16,6128.6316,6376.0
76,15,6266.0415,6503.0
76,14,6404.5626,7039.0
76,13,6544.1948,7185.0
76,12,6684.9381,7468.0
76,11,6826.7926,7610.0
76,10,16359.145,16560.0
76,9,16697.128,16900.0
76,8,17037.61,17270.0
76,7,17380.593,17620.0
76,6,17726.075,19600.0
76,5,18074.058,20030.0
76,4,18424.541,20570.0
76,3,18777.523,20920.6
76,2,77348.093,83976.18
76,1,78586.483,85614.42
77,77,9.5313125,8.96702
77,76,13.931566,17.0
77,75,15.217117,28.0
77,74,22.598206,40.0
77,73,30.604306,57.0
77,72,39.235418,72.0
77,71,48.491541,89.0
77,70,58.372675,105.0
77,69,68.878821,122.7
77,68,237.03668,194.8
77,67,259.03114,217.0
77,66,281.6506,240.0
77,65,304.89508,264.0
77,64,328.76457,303.0
77,63,353.25907,329.0
77,62,391.25351,356.0
77,61,422.91954,407.0
77,60,441.84063,445.0
77,59,469.609,472.0
77,58,523.47631,510.0
77,57,559.06081,560.0
77,56,595.37579,610.0
77,55,632.42124,670.0
77,54,670.19716,720.0
77,53,708.70356,770.0
77,52,747.94043,820.0
77,51,787.90778,870.0
77,50,828.60559,920.0
77,49,870.03389,980.0
77,48,912.19265,1030.0
77,47,955.08189,1080.0
77,46,1185.7178,1331.0
77,45,1236.677,1381.0
77,44,1288.3667,1436.0
77,43,1340.7869,1493.0
77,42,1393.9375,1548.0
77,41,1447.8187,1603.0
77,40,1502.4303,1684.0
77,39,1557.7724,1739.0
77,38,1613.8449,1801.0
77,37,1670.6479,1857.0
77,36,2169.9341,2083.0
77,35,2237.2421,2139.0
77,34,2305.2805,2201.0
77,33,2374.0493,2258.0
77,32,2443.5487,2435.0
77,31,2513.7785,2500.0
77,30,2584.7388,2656.0
77,29,2656.4296,2720.4
77,28,4181.8836,4540.0
77,27,4297.4942,4668.0
77,26,4414.216,4806.0
77,25,4532.0488,4952.0
77,24,4650.9928,5092.0
77,23,4771.0479,5229.0
77,22,4892.2142,5466.0
77,21,5014.4916,5609.0
77,20,5137.8801,5765.0
77,19,5262.3798,5910.0
77,18,6047.0201,6315.0
77,17,6184.3242,6441.0
77,16,6322.7394,6580.0
77,15,6462.2658,6708.0
77,14,6602.9033,7274.0
77,13,6744.652,7421.0
77,12,6887.5118,7710.0
77,11,7031.4827,7850.0
77,10,16834.664,17040.0
77,9,17177.409,17390.0
77,8,17522.653,17770.0
77,7,17870.398,18120.0
77,6,18220.642,20210.0
77,5,18573.387,20650.0
77,4,18928.631,21200.0
77,3,19286.376,21556.6
77,2,79413.438,86442.44
77,1,80668.155,88113.6
78,78,9.7202805,8.95883
78,77,8.9627503,18.56
78,76,16.284314,29.0
78,75,24.230889,43.0
78,74,32.802476,56.0
78,73,41.999074,75.0
78,72,51.820684,91.0
78,71,62.267305,109.0
78,70,73.338938,126.0
78,69,85.035582,144.9
78,68,266.62907,220.4
78,67,289.81402,245.0
78,66,313.62398,269.0
78,65,338.05896,293.0
78,64,363.11894,332.0
78,63,388.80394,358.0
78,62,432.88641,392.0
78,61,465.94382,445.0
78,60,481.46721,479.0
78,59,510.42608,507.0
78,58,570.78318,550.0
78,57,607.75906,610.0
78,56,645.46541,660.0
78,55,683.90224,710.0
78,54,723.06954,760.0
78,53,762.96732,820.0
78,52,803.59557,870.0
78,51,844.95429,930.0
78,50,887.04349,980.0
78,49,929.86316,1040.0
78,48,973.4133,1090.0
78,47,1017.6939,1140.0
78,46,1255.6842,1402.0
78,45,1308.0348,1454.0
78,44,1361.1159,1509.0
78,43,1414.9275,1567.0
78,42,1469.4695,1624.0
78,41,1524.742,1680.0
78,40,1580.745,1763.0
78,39,1637.4785,1821.0
78,38,1694.9424,1883.0
78,37,1753.1368,1941.0
78,36,2263.9516,2171.0
78,35,2332.6509,2228.0
78,34,2402.0806,2291.0
78,33,2472.2409,2350.0
78,32,2543.1316,2536.0
78,31,2614.7528,2603.0
78,30,2687.1045,2762.0
78,29,2760.1867,2827.8
78,28,4342.7332,4715.0
78,27,4460.4602,4839.0
78,26,4579.2984,4980.0
78,25,4699.2477,5128.0
78,24,4820.3081,5270.0
78,23,4942.4797,5410.0
78,22,5065.7624,5654.0
78,21,5190.1562,5800.0
78,20,5315.6612,5959.0
78,19,5442.2772,6106.0
78,18,6239.9186,6517.0
78,17,6379.3391,6646.0
78,16,6519.8708,6787.0
78,15,6661.5136,6918.0
78,14,6804.2676,7512.0
78,13,6948.1327,7660.0
78,12,7093.1089,7960.0
78,11,7239.1963,8100.0
78,10,17316.986,17540.0
78,9,17664.492,17890.0
78,8,18014.499,18280.0
78,7,18367.005,18630.0
78,6,18722.012,20840.0
78,5,19079.519,21280.0
78,4,19439.525,21840.0
78,3,19802.032,22205.7
78,2,81505.993,88955.1
78,1,82777.037,90659.84
79,79,10.559067,9.225554
79,78,9.4091872,20.203
79,77,17.296237,30.0
79,76,25.808299,45.0
79,75,34.945372,60.0
79,74,44.707457,74.0
79,73,55.094554,94.0
79,72,66.106661,112.0
79,71,77.743781,130.1
79,70,90.005912,149.0
79,69,102.89305,168.2
79,68,297.92216,248.0
79,67,322.29761,275.0
79,66,347.29807,299.0
79,65,372.92354,324.0
79,64,399.17403,365.0
79,63,426.04952,392.0
79,62,476.50699,433.0
79,61,510.95578,487.0
79,60,522.79451,520.0
79,59,552.94387,550.0
79,58,620.07772,600.0
79,57,658.44498,650.0
79,56,697.54272,710.0
79,55,737.37092,760.0
79,54,777.9296,820.0
79,53,819.21876,870.0
79,52,861.23839,930.0
79,51,903.98849,990.0
79,50,947.46906,1040.0
79,49,991.68011,1100.0
79,48,1036.6216,1150.0
79,47,1082.2936,1210.0
79,46,1327.6384,1475.0
79,45,1381.3804,1527.0
79,44,1435.8528,1584.0
79,43,1491.0558,1644.0
79,42,1546.9892,1702.0
79,41,1603.6531,1758.0
79,40,1661.0474,1845.0
79,39,1719.1723,1904.0
79,38,1778.0276,1967.0
79,37,1837.6133,2026.0
79,36,2359.9567,2261.0
79,35,2430.0474,2320.0
79,34,2500.8685,2383.0
79,33,2572.4201,2443.0
79,32,2644.7023,2640.0
79,31,2717.7148,2708.0
79,30,2791.4579,2870.0
79,29,2865.9314,2941.0
79,28,4506.6062,4888.0
79,27,4626.4497,5013.0
79,26,4747.4043,5156.0
79,25,4869.47,5307.0
79,24,4992.6469,5452.0
79,23,5116.9349,5594.0
79,22,5242.334,5846.0
79,21,5368.8443,5994.0
79,20,5496.4657,6156.0
79,19,5625.1982,6305.0
79,18,6435.8405,6724.0
79,17,6577.3776,6854.0
79,16,6720.0257,6997.0
79,15,6863.7849,7130.0
79,14,7008.6553,7760.0
79,13,7154.6369,7910.0
79,12,7301.7295,8210.0
79,11,7449.9333,8360.0
79,10,17806.111,18040.0
79,9,18158.379,18400.0
79,8,18513.148,18790.0
79,7,18870.416,19150.0
79,6,19230.185,21470.0
79,5,19592.453,21920.0
79,4,19957.222,22500.0
79,3,20324.491,22868.1
79,2,83625.76,91515.8
79,1,84913.131,93254.62
80,80,12.151797,10.437504
80,79,17.037968,18.75688
80,78,18.252888,34.49
80,77,27.330436,48.55
80,76,37.032996,61.2
80,75,47.360567,76.6
80,74,58.31315,93.0
80,73,69.890745,113.9
80,72,82.093351,134.0
80,71,94.920968,153.0
80,70,108.3736,173.0
80,69,122.45124,192.7
80,68,330.91597,276.9
80,67,356.48192,307.0
80,66,382.67287,332.0
80,65,409.48885,357.0
80,64,436.92983,402.0
80,63,464.99582,429.0
80,62,522.11526,477.0
80,61,529.14029,530.0
80,60,559.46823,560.0
80,59,632.33179,590.0
80,58,671.35996,650.0
80,57,711.1186,710.0
80,56,751.60771,760.0
80,55,792.82729,820.0
80,54,834.77735,880.0
80,53,877.45788,930.0
80,52,920.86889,990.0
80,51,965.01037,1050.0
80,50,1009.8823,1110.0
80,49,1055.4848,1160.0
80,48,1101.8177,1220.0
80,47,1148.881,1280.0
80,46,1401.5802,1549.0
80,45,1456.7136,1603.0
80,44,1512.5774,1661.0
80,43,1569.1717,1723.0
80,42,1626.4965,1780.0
80,41,1684.5518,1839.0
80,40,1743.3375,1928.0
80,39,1802.8537,1989.0
80,38,1863.1004,2052.0
80,37,1924.0776,2113.0
80,36,2457.9495,2354.0
80,35,2529.4315,2412.0
80,34,2601.6441,2478.0
80,33,2674.5871,2539.0
80,32,2748.2606,2745.0
80,31,2822.6645,2815.0
80,30,2897.799,2981.0
80,29,2973.6639,3049.9
80,28,4673.5027,5055.0
80,27,4795.4626,5191.0
80,26,4918.5337,5335.0
80,25,5042.7158,5490.0
80,24,5168.0092,5636.0
80,23,5294.4136,5780.0
80,22,5421.9292,6041.0
80,21,5550.5559,6192.0
80,20,5680.2937,6356.0
80,19,5811.1427,6508.0
80,18,6634.786,6933.0
80,17,6778.4395,7066.0
80,16,6923.204,7211.0
80,15,7069.0797,7350.0
80,14,7216.0666,8010.0
80,13,7364.1645,8160.0
80,12,7513.3736,8470.0
80,11,7663.6939,8620.0
80,10,18302.038,18550.0
80,9,18659.069,18910.0
80,8,19018.599,19310.0
80,7,19380.63,19680.0
80,6,19745.16,22120.0
80,5,20112.191,22580.0
80,4,20481.721,23170.0
80,3,20853.752,23544.1
80,2,85772.738,94124.7
80,1,87076.436,95898.19
81,81,13.694392,6.1082873
81,80,19.093477,20.4283
81,79,25.059465,29.852
81,78,28.7973,51.14
81,77,39.065346,62.6
81,76,49.958404,80.0
81,75,61.476474,97.9
81,74,73.619555,116.0
81,73,86.387648,135.0
81,72,99.780752,158.0
81,71,113.79887,177.0
81,70,128.44199,198.0
81,69,143.71013,218.3
81,68,365.61048,306.9
81,67,392.36693,340.0
81,66,419.74839,366.0
81,65,447.75486,392.0
81,64,476.38634,439.0
81,63,505.64283,467.0
81,62,569.71121,520.0
81,61,572.4234,570.0
81,60,603.94184,600.0
81,59,684.21033,640.0
81,58,724.62987,700.0
81,57,765.77989,760.0
81,56,807.66038,820.0
81,55,850.27134,880.0
81,54,893.61278,930.0
81,53,937.68469,990.0
81,52,982.48708,1060.0
81,51,1028.0199,1110.0
81,50,1074.2833,1170.0
81,49,1121.2771,1230.0
81,48,1169.0014,1290.0
81,47,1217.4561,1350.0
81,46,1477.5097,1625.0
81,45,1534.0344,1681.0
81,44,1591.2897,1740.0
81,43,1649.2754,1802.0
81,42,1707.9915,1862.0
81,41,1767.4382,1920.0
81,40,1827.6153,2014.0
81,39,1888.5229,2075.0
81,38,1950.1609,2140.0
81,37,2012.5295,2202.0
81,36,2557.9299,2447.0
81,35,2630.8034,2508.0
81,34,2704.4073,2574.0
81,33,2778.7417,2635.0
81,32,2853.8066,2854.0
81,31,2929.6019,2925.0
81,30,3006.1277,3094.0
81,29,3083.384,3164.7
81,28,4843.4227,5234.0
81,27,4967.499,5371.0
81,26,5092.6865,5518.0
81,25,5218.9851,5674.0
81,24,5346.3949,5824.0
81,23,5474.9158,5969.0
81,22,5604.5478,6241.0
81,21,5735.291,6392.0
81,20,5867.1453,6560.0
81,19,6000.1107,6714.0
81,18,6836.755,7146.0
81,17,6982.5249,7281.0
81,16,7129.4059,7430.0
81,15,7277.398,7570.0
81,14,7426.5013,8260.0
81,13,7576.7157,8420.0
81,12,7728.0413,8730.0
81,11,7880.4779,8880.0
81,10,18804.769,19070.0
81,9,19166.561,19440.0
81,8,19530.853,19840.0
81,7,19897.646,20210.0
81,6,20266.938,22780.0
81,5,20638.731,23250.0
81,4,21013.024,23850.0
81,3,21389.816,24234.1
81,2,87946.928,96783.2
81,1,89266.953,98592.12
82,82,15.186854,7.4166799
82,81,21.098851,15.032499
82,80,27.577753,31.9373
82,79,34.623558,42.33256
82,78,41.042424,68.8
82,77,52.500968,82.9
82,76,64.584525,100.1
82,75,77.293092,120.0
82,74,90.626672,138.0
82,73,104.58526,158.0
82,72,119.16886,182.0
82,71,134.37748,203.0
82,70,150.2111,224.0
82,69,166.66974,245.1
82,68,402.00571,338.1
82,67,429.95266,374.0
82,66,458.52461,401.0
82,65,487.72158,427.0
82,64,517.54356,478.0
82,63,547.99055,507.0
82,62,619.29484,570.0
82,61,617.40722,610.0
82,60,650.11616,650.0
82,59,738.07655,690.0
82,58,779.88747,750.0
82,57,822.42887,810.0
82,56,865.70074,870.0
82,55,909.70308,930.0
82,54,954.43589,990.0
82,53,999.89918,1050.0
82,52,1046.0929,1120.0
82,51,1093.0172,1180.0
82,50,1140.6719,1240.0
82,49,1189.0571,1300.0
82,48,1238.1727,1360.0
82,47,1288.0189,1430.0
82,46,1555.4269,1704.0
82,45,1613.343,1760.0
82,44,1671.9896,1819.0
82,43,1731.3667,1884.0
82,42,1791.4742,1945.0
82,41,1852.3123,2004.0
82,40,1913.8808,2101.0
82,39,1976.1797,2163.0
82,38,2039.2092,2230.0
82,37,2102.9691,2292.0
82,36,2659.8981,2543.0
82,35,2734.1629,2605.0
82,34,2809.1582,2671.0
82,33,2884.884,2735.0
82,32,2961.3402,2965.0
82,31,3038.5269,3036.0
82,30,3116.4441,3211.0
82,29,3195.0918,3282.1
82,28,5016.3661,5414.0
82,27,5142.5589,5555.0
82,26,5269.8629,5703.0
82,25,5398.2779,5862.0
82,24,5527.8041,6015.0
82,23,5658.4415,6162.0
82,22,5790.1899,6442.0
82,21,5923.0495,6597.0
82,20,6057.0203,6767.0
82,19,6192.1021,6924.0
82,18,7041.7474,7362.0
82,17,7189.6337,7500.0
82,16,7338.6312,7650.0
82,15,7488.7398,7790.0
82,14,7639.9595,8520.0
82,13,7792.2904,8680.0
82,12,7945.7323,9000.0
82,11,8100.2855,9150.0
82,10,19314.302,19590.0
82,9,19680.856,19970.0
82,8,20049.911,20380.0
82,7,20421.465,20750.0
82,6,20795.52,23460.0
82,5,21172.074,23940.0
82,4,21551.129,24550.0
82,3,21932.683,24938.2
82,2,90148.329,99491.8
82,1,91484.681,101336.7
83,83,16.62918,7.285516
83,82,23.054091,16.703
83,81,30.045906,25.57075
83,80,37.604624,45.37
83,79,45.730246,54.856
83,78,54.988259,88.4
83,77,67.637302,103.0
83,76,80.911356,122.0
83,75,94.810422,143.0
83,74,109.3345,161.1
83,73,124.48359,183.0
83,72,140.25769,208.0
83,71,156.6568,229.0
83,70,173.68092,252.0
83,69,191.33006,272.6
83,68,440.10165,370.2
83,67,469.2391,409.0
83,66,499.00155,436.0
83,65,529.38902,464.0
83,64,560.40149,520.0
83,63,592.03898,550.0
83,62,670.86616,620.0
83,61,664.09176,660.0
83,60,697.99119,690.0
83,59,793.93046,750.0
83,58,837.13276,810.0
83,57,881.06553,870.0
83,56,925.72878,930.0
83,55,971.1225,990.0
83,54,1017.2467,1060.0
83,53,1064.1014,1120.0
83,52,1111.6865,1180.0
83,51,1160.0021,1250.0
83,50,1209.0482,1310.0
83,49,1258.8248,1380.0
83,48,1309.3318,1440.0
83,47,1360.5693,1500.0
83,46,1635.3318,1784.0
83,45,1694.6393,1840.0
83,44,1754.6772,1902.0
83,43,1815.4457,1967.0
83,42,1876.9446,2029.0
83,41,1939.174,2090.0
83,40,2002.1339,2190.0
83,39,2065.8242,2253.0
83,38,2130.2451,2321.0
83,37,2195.3964,2385.0
83,36,2763.8539,2641.0
83,35,2839.5101,2703.0
83,34,2915.8968,2771.0
83,33,2993.014,2835.0
83,32,3070.8616,3078.0
83,31,3149.4397,3151.0
83,30,3228.7483,3329.0
83,29,3308.7873,3401.8
83,28,5192.3331,5599.0
83,27,5320.6424,5740.0
83,26,5450.0627,5892.0
83,25,5580.5942,6054.0
83,24,5712.2369,6208.0
83,23,5844.9906,6358.0
83,22,5978.8556,6648.0
83,21,6113.8316,6804.0
83,20,6249.9188,6977.0
83,19,6387.117,7137.0
83,18,7249.7633,7580.0
83,17,7399.7661,7720.0
83,16,7550.88,7870.0
83,15,7703.105,8010.0
83,14,7856.4412,8780.0
83,13,8010.8885,8950.0
83,12,8166.4469,9270.0
83,11,8323.1165,9430.0
83,10,19830.638,20130.0
83,9,20201.954,20500.0
83,8,20575.771,20920.0
83,7,20952.087,21300.0
83,6,21330.904,24150.0
83,5,21712.22,24640.0
83,4,22096.037,25260.0
83,3,22482.353,25656.9
83,2,92376.942,102251.8
83,1,93729.62,104133.4
84,84,18.021373,8.41807
84,83,24.959197,19.3
84,82,32.463924,27.3
84,81,40.535556,36.0
84,80,49.174091,57.0
84,79,58.37953,69.1
84,78,70.634806,108.0
84,77,84.474347,125.0
84,76,98.9389,146.1
84,75,114.02846,166.0
84,74,129.74304,186.0
84,73,146.08263,209.0
84,72,163.04722,235.0
84,71,180.63684,257.0
84,70,198.85146,281.0
84,69,217.69109,304.0
84,68,479.89831,416.0
84,67,510.22625,444.0
84,66,541.1792,473.0
84,65,572.75716,502.0
84,64,604.96014,560.0
84,63,637.78812,590.0
84,62,671.24112,670.0
84,61,705.31913,700.0
84,60,807.90884,740.0
84,59,851.77204,800.0
84,58,896.36572,870.0
84,57,941.68987,930.0
84,56,987.7445,990.0
84,55,1034.5296,1060.0
84,54,1082.0452,1120.0
84,53,1130.2912,1180.0
84,52,1179.2677,1250.0
84,51,1228.9747,1320.0
84,50,1279.4122,1380.0
84,49,1330.5801,1440.0
84,48,1382.4786,1510.0
84,47,1435.1074,1570.0
84,46,1717.2243,1865.0
84,45,1777.9232,1923.0
84,44,1839.3526,1986.0
84,43,1901.5124,2052.0
84,42,1964.4027,2115.0
84,41,2028.0235,2177.0
84,40,2092.3747,2281.0
84,39,2157.4564,2345.0
84,38,2223.2686,2414.0
84,37,2289.8113,2480.0
84,36,2869.7975,2740.0
84,35,2946.845,2803.0
84,34,3024.6231,2873.0
84,33,3103.1316,2938.0
84,32,3182.3706,3194.0
84,31,3262.3401,3268.0
84,30,3343.04,3450.0
84,29,3424.4705,3524.2
84,28,5371.3236,5785.0
84,27,5501.7492,5930.0
84,26,5633.2861,6084.0
84,25,5765.934,6248.0
84,24,5899.6931,6405.0
84,23,6034.5633,6557.0
84,22,6170.5446,6856.0
84,21,6307.6371,7015.0
84,20,6445.8407,7191.0
84,19,6585.1555,7350.0
84,18,7460.8028,7810.0
84,17,7612.922,7950.0
84,16,7766.1523,8100.0
84,15,7920.4938,8240.0
84,14,8075.9464,9050.0
84,13,8232.5101,9220.0
84,12,8390.185,9550.0
84,11,8548.971,9710.0
84,10,20353.777,20670.0
84,9,20729.855,21050.0
84,8,21108.434,21470.0
84,7,21489.512,21860.0
84,6,21873.091,24860.0
84,5,22259.169,25360.0
84,4,22647.748,25990.0
84,3,23038.826,26390.4
84,2,94632.766,105064.3
84,1,96001.771,106983.4
85,85,19.363431,9.31751
85,84,26.814168,17.88
85,83,34.831808,26.58
85,82,43.416353,39.65
85,81,52.567801,50.39
85,80,62.286154,72.0
85,79,72.57141,85.1
85,78,87.982065,130.1
85,77,103.0121,149.0
85,76,118.66715,169.0
85,75,134.94722,192.1
85,74,151.85229,212.0
85,73,169.38238,236.0
85,72,187.53747,263.0
85,71,206.31758,287.0
85,70,225.7227,311.0
85,69,245.75283,335.0
85,68,521.39567,452.0
85,67,552.91411,481.0
85,66,585.05756,510.0
85,65,617.82602,540.0
85,64,651.21949,600.0
85,63,685.23798,630.0
85,62,719.88147,720.0
85,61,755.14998,750.0
85,60,866.34673,790.0
85,59,911.60132,860.0
85,58,957.58637,920.0
85,57,1004.3019,990.0
85,56,1051.7479,1050.0
85,55,1099.9244,1120.0
85,54,1148.8313,1180.0
85,53,1198.4688,1250.0
85,52,1248.8367,1320.0
85,51,1299.935,1380.0
85,50,1351.7639,1450.0
85,49,1404.3232,1510.0
85,48,1457.613,1590.0
85,47,1511.6333,1650.0
85,46,1801.1046,1948.0
85,45,1863.1948,2007.0
85,44,1926.0156,2071.0
85,43,1989.5668,2139.0
85,42,2053.8484,2203.0
85,41,2118.8606,2266.0
85,40,2184.6032,2373.0
85,39,2251.0763,2439.0
85,38,2318.2799,2510.0
85,37,2386.214,2576.0
85,36,2977.7287,2841.0
85,35,3056.1676,2905.0
85,34,3135.3371,2977.0
85,33,3215.237,3042.0
85,32,3295.8674,3312.0
85,31,3377.2282,3388.0
85,30,3459.3195,3573.0
85,29,3542.1413,3649.0
85,28,5553.3375,5976.0
85,27,5685.8796,6122.0
85,26,5819.5329,6279.0
85,25,5954.2973,6445.0
85,24,6090.1728,6604.0
85,23,6227.1595,6759.0
85,22,6365.2572,7068.0
85,21,6504.4662,7230.0
85,20,6644.7862,7410.0
85,19,6786.2174,7570.0
85,18,7674.8657,8030.0
85,17,7829.1013,8180.0
85,16,7984.4481,8330.0
85,15,8140.906,8480.0
85,14,8298.4751,9330.0
85,13,8457.1552,9500.0
85,12,8616.9465,9830.0
85,11,8777.849,9990.0
85,10,20883.719,21210.0
85,9,21264.559,21600.0
85,8,21647.899,22030.0
85,7,22033.74,22420.0
85,6,22422.08,25580.0
85,5,22812.921,26090.0
85,4,23206.261,26730.0
85,3,23602.102,27139.0
85,2,96915.801,107930.0
85,1,98301.133,109887.2
86,86,20.655355,10.7485
86,85,28.619005,18.99
86,84,37.149558,29.4
86,83,46.247016,36.9
86,82,55.911377,52.9
86,81,66.142643,64.0
86,80,76.940812,88.0
86,79,88.305885,102.0
86,78,107.03004,154.0
86,77,123.25057,173.9
86,76,140.09612,195.0
86,75,157.56668,218.0
86,74,175.66225,240.0
86,73,194.38284,264.0
86,72,213.72843,293.0
86,71,233.69904,317.0
86,70,254.29466,342.0
86,69,275.51529,367.0
86,68,564.59375,488.0
86,67,597.30268,520.0
86,66,630.63663,550.0
86,65,664.59559,580.0
86,64,699.17956,640.0
86,63,734.38855,680.0
86,62,770.22254,760.0
86,61,806.68155,800.0
86,60,926.77231,850.0
86,59,973.41827,920.0
86,58,1020.7947,980.0
86,57,1068.9016,1050.0
86,56,1117.739,1110.0
86,55,1167.3069,1180.0
86,54,1217.6052,1250.0
86,53,1268.634,1310.0
86,52,1320.3933,1390.0
86,51,1372.883,1460.0
86,50,1426.1032,1520.0
86,49,1480.0539,1590.0
86,48,1534.7351,1660.0
86,47,1590.1467,1720.0
86,46,1886.9725,2033.0
86,45,1950.4541,2094.0
86,44,2014.6662,2158.0
86,43,2079.6088,2227.0
86,42,2145.2819,2293.0
86,41,2211.6854,2357.0
86,40,2278.8194,2467.0
86,39,2346.6839,2535.0
86,38,2415.2789,2606.0
86,37,2484.6043,2674.0
86,36,3087.6476,2944.0
86,35,3167.4779,3010.0
86,34,3248.0387,3082.0
86,33,3329.33,3149.0
86,32,3411.3518,3433.0
86,31,3494.104,3510.0
86,30,3577.5867,3699.0
86,29,3661.7999,3777.0
86,28,5738.3749,6169.0
86,27,5873.0335,6318.0
86,26,6008.8032,6476.0
86,25,6145.684,6646.0
86,24,6283.676,6807.0
86,23,6422.7791,6964.0
86,22,6562.9933,7283.0
86,21,6704.3187,7450.0
86,20,6846.7552,7630.0
86,19,6990.3028,7800.0
86,18,7891.9521,8260.0
86,17,8048.3042,8410.0
86,16,8205.7674,8570.0
86,15,8364.3417,8710.0
86,14,8524.0272,9610.0
86,13,8684.8238,9780.0
86,12,8846.7316,10120.0
86,11,9009.7505,10290.0
86,10,21420.463,21770.0
86,9,21806.065,22160.0
86,8,22194.168,22600.0
86,7,22584.77,22990.0
86,6,22977.873,26310.0
86,5,23373.475,26830.0
86,4,23771.578,27490.0
86,3,24172.181,27903.1
86,2,99226.048,110846.3
86,1,100627.71,112842.2
87,87,3.5614686,4.0727411
87,86,30.373707,22.4
87,85,39.417174,33.5
87,84,49.027544,39.1
87,83,59.204819,50.0
87,82,69.948997,67.0
87,81,81.260079,80.0
87,80,93.138065,106.0
87,79,105.58296,120.0
87,78,127.77872,179.0
87,77,145.18975,200.0
87,76,163.2258,222.1
87,75,181.88686,245.0
87,74,201.17293,269.0
87,73,221.08401,293.0
87,72,241.6201,324.0
87,71,262.78121,349.0
87,70,284.56732,375.0
87,69,306.97845,400.0
87,68,609.49253,530.0
87,67,643.39197,560.0
87,66,677.91642,590.0
87,65,713.06587,620.0
87,64,748.84034,690.0
87,63,785.23982,720.0
87,62,822.26432,810.0
87,61,859.91382,850.0
87,60,989.18557,910.0
87,59,1037.2229,980.0
87,58,1085.9907,1040.0
87,57,1135.489,1110.0
87,56,1185.7178,1180.0
87,55,1236.677,1250.0
87,54,1288.3667,1320.0
87,53,1340.7869,1380.0
87,52,1393.9375,1460.0
87,51,1447.8187,1530.0
87,50,1502.4303,1600.0
87,49,1557.7724,1670.0
87,48,1613.8449,1740.0
87,47,1670.6479,1810.0
87,46,1974.8281,2119.0
87,45,2039.7011,2182.0
87,44,2105.3046,2247.0
87,43,2171.6386,2317.0
87,42,2238.703,2384.0
87,41,2306.4979,2450.0
87,40,2375.0233,2564.0
87,39,2444.2792,2631.0
87,38,2514.2655,2706.0
87,37,2584.9823,2774.0
87,36,3199.5542,3049.0
87,35,3280.7759,3115.0
87,34,3362.7281,3190.0
87,33,3445.4107,3257.0
87,32,3528.8239,3556.0
87,31,3612.9675,3635.0
87,30,3697.8415,3828.0
87,29,3783.4461,3907.0
87,28,5926.4358,6365.0
87,27,6063.2108,6516.0
87,26,6201.097,6678.0
87,25,6340.0943,6849.0
87,24,6480.2027,7013.0
87,23,6621.4222,7172.0
87,22,6763.7529,7500.0
87,21,6907.1947,7670.0
87,20,7051.7476,7850.0
87,19,7197.4117,8020.0
87,18,8112.0619,8500.0
87,17,8270.5305,8640.0
87,16,8430.1101,8800.0
87,15,8590.8009,8950.0
87,14,8752.6029,9890.0
87,13,8915.5159,10070.0
87,12,9079.5401,10420.0
87,11,9244.6754,10590.0
87,10,21964.011,22330.0
87,9,22354.375,22730.0
87,8,22747.239,23170.0
87,7,23142.604,23570.0
87,6,23540.468,27060.0
87,5,23940.833,27590.0
87,4,24343.697,28260.0
87,3,24749.062,28683.4
87,2,101563.51,113821.9
87,1,102981.49,115857.5
88,88,4.4187229,5.2784239
88,87,7.535008,10.14718
88,86,41.634655,31.0
88,85,51.757939,41.0
88,84,62.448126,52.9
88,83,73.705217,64.0
88,82,85.529213,82.0
88,81,97.920112,97.0
88,80,110.87791,124.0
88,79,124.40262,140.0
88,78,150.22811,204.9
88,77,168.82964,227.0
88,76,188.05619,250.0
88,75,207.90775,274.0
88,74,228.38431,299.0
88,73,249.48589,324.0
88,72,271.21249,356.0
88,71,293.56409,382.0
88,70,316.5407,409.0
88,69,340.14233,435.0
88,68,656.09203,570.0
88,67,691.18197,600.0
88,66,726.89691,630.0
88,65,763.23687,660.0
88,64,800.20183,740.0
88,63,837.79181,770.0
88,62,876.0068,860.0
88,61,914.84681,900.0
88,60,1053.5865,970.0
88,59,1103.0152,1040.0
88,58,1153.1744,1110.0
88,57,1204.0641,1180.0
88,56,1255.6842,1250.0
88,55,1308.0348,1320.0
88,54,1361.1159,1390.0
88,53,1414.9275,1460.0
88,52,1469.4695,1530.0
88,51,1524.742,1610.0
88,50,1580.745,1680.0
88,49,1637.4785,1750.0
88,48,1694.9424,1820.0
88,47,1753.1368,1880.0
88,46,2064.6714,2208.0
88,45,2130.9358,2271.0
88,44,2197.9307,2338.0
88,43,2265.656,2409.0
88,42,2334.1118,2477.0
88,41,2403.2981,2544.0
88,40,2473.2149,2662.0
88,39,2543.8621,2731.0
88,38,2615.2398,2806.0
88,37,2687.348,2876.0
88,36,3313.4484,3155.0
88,35,3396.0615,3224.0
88,34,3479.4051,3298.0
88,33,3563.4791,3368.0
88,32,3648.2836,3682.0
88,31,3733.8186,3762.0
88,30,3820.0841,3959.0
88,29,3907.08,4040.0
88,28,6117.5202,6565.0
88,27,6256.4117,6718.0
88,26,6396.4143,6881.0
88,25,6537.528,7056.0
88,24,6679.7528,7222.0
88,23,6823.0888,7380.0
88,22,6967.5359,7720.0
88,21,7113.0942,7890.0
88,20,7259.7635,8080.0
88,19,7407.544,8250.0
88,18,8335.1953,8730.0
88,17,8495.7803,8880.0
88,16,8657.4764,9040.0
88,15,8820.2836,9200.0
88,14,8984.202,10190.0
88,13,9149.2315,10360.0
88,12,9315.3721,10720.0
88,11,9482.6239,10890.0
88,10,22514.361,22900.0
88,9,22909.487,23300.0
88,8,23307.114,23750.0
88,7,23707.24,24160.0
88,6,24109.866,27830.0
88,5,24514.993,28370.0
88,4,24922.62,29050.0
88,3,25332.746,29479.8
88,2,103928.18,116853.5
88,1,105362.49,118929.5
89,89,-1.6271839,5.380235
89,88,8.8337667,11.75
89,87,12.980229,17.436
89,86,54.438198,44.8
89,85,65.641299,55.0
89,84,77.411303,67.0
89,83,89.748212,79.0
89,82,102.65202,98.9
89,81,116.12274,113.9
89,80,130.16036,143.9
89,79,144.76488,161.1
89,78,174.37822,233.0
89,77,194.17025,255.0
89,76,214.58729,279.0
89,75,235.62935,305.0
89,74,257.29641,330.0
89,73,279.58849,355.0
89,72,302.50558,390.0
89,71,326.04768,416.0
89,70,350.21479,444.0
89,69,375.00692,470.0
89,68,704.39224,610.0
89,67,740.67267,640.0
89,66,777.57812,670.0
89,65,815.10857,710.0
89,64,853.26404,780.0
89,63,892.04451,820.0
89,62,931.45,920.0
89,61,971.4805,950.0
89,60,1119.9751,1030.0
89,59,1170.7952,1100.0
89,58,1222.3458,1170.0
89,57,1274.6268,1240.0
89,56,1327.6384,1310.0
89,55,1381.3804,1380.0
89,54,1435.8528,1460.0
89,53,1491.0558,1530.0
89,52,1546.9892,1610.0
89,51,1603.6531,1680.0
89,50,1661.0474,1750.0
89,49,1719.1723,1820.0
89,48,1778.0276,1900.0
89,47,1837.6133,1970.0
89,46,2156.5024,2298.0
89,45,2224.1581,2362.0
89,44,2292.5444,2430.0
89,43,2361.6611,2503.0
89,42,2431.5083,2572.0
89,41,2502.086,2639.0
89,40,2573.3941,2762.0
89,39,2645.4327,2833.0
89,38,2718.2018,2908.0
89,37,2791.7014,2980.0
89,36,3429.3304,3264.0
89,35,3513.3348,3334.0
89,34,3598.0698,3409.0
89,33,3683.5352,3479.0
89,32,3769.7311,3811.0
89,31,3856.6574,3893.0
89,30,3944.3143,4093.0
89,29,4032.7016,4175.0
89,28,6311.6281,6767.0
89,27,6452.636,6923.0
89,26,6594.755,7088.0
89,25,6737.9852,7265.0
89,24,6882.3265,7430.0
89,23,7027.7789,7600.0
89,22,7174.3425,7950.0
89,21,7322.0171,8120.0
89,20,7470.8029,8310.0
89,19,7620.6999,8480.0
89,18,8561.3522,8970.0
89,17,8724.0536,9120.0
89,16,8887.8661,9290.0
89,15,9052.7898,9440.0
89,14,9218.8246,10480.0
89,13,9385.9705,10660.0
89,12,9554.2276,11030.0
89,11,9723.5958,11200.0
89,10,23071.514,23480.0
89,9,23471.402,23890.0
89,8,23873.791,24340.0
89,7,24278.679,24760.0
89,6,24686.068,28610.0
89,5,25095.956,29160.0
89,4,25508.345,29850.0
89,3,25923.233,30293.1
89,2,106320.06,119945.7
89,1,107770.7,122063.1
90,90,-0.73367774,6.3067
90,89,30.534858,12.1
90,88,6.9416802,18.32
90,87,-1.5888735,28.648
90,86,68.784337,58.0
90,85,81.067255,69.1
90,84,93.917076,82.0
90,83,107.3338,95.0
90,82,121.31743,118.0
90,81,135.86796,133.0
90,80,150.9854,165.0
90,79,166.66974,181.0
90,78,200.22903,262.0
90,77,221.21156,285.0
90,76,242.8191,310.0
90,75,265.05166,336.0
90,74,287.90922,362.0
90,73,311.3918,389.0
90,72,335.49939,424.0
90,71,360.23198,451.0
90,70,385.58959,480.0
90,69,411.57222,508.0
90,68,754.39317,650.0
90,67,791.8641,680.0
90,66,829.96004,720.0
90,65,868.68099,750.0
90,64,908.02695,830.0
90,63,947.99793,870.0
90,62,988.59391,970.0
90,61,1029.8149,1010.0
90,60,1188.3515,1090.0
90,59,1240.5629,1160.0
90,58,1293.5049,1240.0
90,57,1347.1773,1310.0
90,56,1401.5802,1380.0
90,55,1456.7136,1460.0
90,54,1512.5774,1530.0
90,53,1569.1717,1600.0
90,52,1626.4965,1680.0
90,51,1684.5518,1760.0
90,50,1743.3375,1830.0
90,49,1802.8537,1910.0
90,48,1863.1004,1980.0
90,47,1924.0776,2060.0
90,46,2250.321,2390.0
90,45,2319.3682,2455.0
90,44,2389.1458,2524.0
90,43,2459.6539,2598.0
90,42,2530.8925,2669.0
90,41,2602.8615,2737.0
90,40,2675.561,2864.0
90,39,2748.991,2935.0
90,38,2823.1515,3013.0
90,37,2898.0425,3086.0
90,36,3547.2,3375.0
90,35,3632.5958,3445.0
90,34,3718.7222,3522.0
90,33,3805.579,3593.0
90,32,3893.1662,3943.0
90,31,3981.484,4025.0
90,30,4070.5322,4230.0
90,29,4160.3109,4313.0
90,28,6508.7595,6972.0
90,27,6651.8838,7130.0
90,26,6796.1193,7299.0
90,25,6941.4659,7480.0
90,24,7087.9236,7650.0
90,23,7235.4925,7810.0
90,22,7384.1725,8180.0
90,21,7533.9636,8350.0
90,20,7684.8659,8550.0
90,19,7836.8792,8720.0
90,18,8790.5325,9220.0
90,17,8955.3504,9370.0
90,16,9121.2793,9540.0
90,15,9288.3195,9690.0
90,14,9456.4707,10790.0
90,13,9625.7331,10970.0
90,12,9796.1066,11340.0
90,11,9967.5913,11510.0
90,10,23635.47,24060.0
90,9,24040.12,24480.0
90,8,24447.271,24940.0
90,7,24856.921,25360.0
90,6,25269.072,29410.0
90,5,25683.722,29970.0
90,4,26100.873,30680.0
90,3,26520.523,31122.8
90,2,108739.15,123091.0
90,1,110206.11,125250.3
91,91,-1.6271839,5.89
91,90,14.872315,11.9
91,89,6.9416802,18.6
91,88,2.8284358,30.9
91,87,9.180372,44.3
91,86,84.673072,72.0
91,85,98.035806,85.1
91,84,111.96544,98.9
91,83,126.46199,111.0
91,82,141.52543,137.0
91,81,157.15578,153.0
91,80,173.35304,187.0
91,79,190.11719,203.0
91,78,227.78056,292.0
91,77,249.95359,316.0
91,76,272.75163,342.0
91,75,296.17468,369.0
91,74,320.22274,395.0
91,73,344.89582,423.0
91,72,370.1939,460.0
91,71,396.117,488.0
91,70,422.66511,518.0
91,69,449.83823,546.0
91,68,806.0948,690.0
91,67,844.75623,720.0
91,66,884.04267,760.0
91,65,923.95412,790.0
91,64,964.49058,880.0
91,63,1005.6521,920.0
91,62,1047.4385,1020.0
91,61,1089.85,1060.0
91,60,1258.7154,1150.0
91,59,1312.3183,1220.0
91,58,1366.6516,1300.0
91,57,1421.7154,1370.0
91,56,1477.5097,1450.0
91,55,1534.0344,1520.0
91,54,1591.2897,1600.0
91,53,1649.2754,1670.0
91,52,1707.9915,1760.0
91,51,1767.4382,1830.0
91,50,1827.6153,1910.0
91,49,1888.5229,1980.0
91,48,1950.1609,2060.0
91,47,2012.5295,2130.0
91,46,2346.1274,2483.0
91,45,2416.5659,2550.0
91,44,2487.7349,2620.0
91,43,2559.6344,2696.0
91,42,2632.2643,2766.0
91,41,2705.6248,2837.0
91,40,2779.7157,2968.0
91,39,2854.537,3040.0
91,38,2930.0889,3119.0
91,37,3006.3712,3193.0
91,36,3667.0573,3488.0
91,35,3753.8445,3558.0
91,34,3841.3622,3637.0
91,33,3929.6104,3709.0
91,32,4018.589,4077.0
91,31,4108.2982,4161.0
91,30,4198.7378,4370.0
91,29,4289.9078,4454.0
91,28,6708.9144,7181.0
91,27,6854.1551,7341.0
91,26,7000.507,7510.0
91,25,7147.9701,7690.0
91,24,7296.5443,7870.0
91,23,7446.2296,8040.0
91,22,7597.026,8410.0
91,21,7748.9336,8590.0
91,20,7901.9522,8780.0
91,19,8056.0821,8960.0
91,18,9022.7363,9460.0
91,17,9189.6706,9620.0
91,16,9357.7161,9790.0
91,15,9526.8726,9950.0
91,14,9697.1403,11100.0
91,13,9868.5191,11290.0
91,12,10041.009,11660.0
91,11,10214.61,11840.0
91,10,24206.229,24660.0
91,9,24615.641,25080.0
91,8,25027.553,25540.0
91,7,25441.966,25970.0
91,6,25858.878,30230.0
91,5,26278.291,30800.0
91,4,26700.203,31520.0
91,3,27124.616,31971.6
91,2,111185.45,126304.8
91,1,112668.74,128507.0
92,92,-1.6271839,6.19405
92,91,20.915935,11.6
92,90,0.89806059,19.8
92,89,7.1904719,36.7
92,88,14.107895,46.0
92,87,21.650329,62.0
92,86,102.1044,89.0
92,85,116.54695,101.0
92,84,131.55641,116.0
92,83,147.13277,128.9
92,82,163.27603,158.0
92,81,179.9862,173.0
92,80,197.26327,210.0
92,79,215.10724,227.0
92,78,257.0328,323.0
92,77,280.39633,348.0
92,76,304.38487,375.0
92,75,328.99842,402.0
92,74,354.23698,431.0
92,73,380.10055,458.0
92,72,406.58913,497.0
92,71,433.70273,525.0
92,70,461.44133,557.0
92,69,489.80495,585.0
92,68,859.49715,730.0
92,67,899.34907,770.0
92,66,939.82601,800.0
92,65,980.92796,840.0
92,64,1022.6549,930.0
92,63,1065.0069,970.0
92,62,1107.9839,1070.0
92,61,1151.5859,1110.0
92,60,1331.0671,1210.0
92,59,1386.0614,1290.0
92,58,1441.7861,1370.0
92,57,1498.2412,1440.0
92,56,1555.4269,1520.0
92,55,1613.343,1590.0
92,54,1671.9896,1670.0
92,53,1731.3667,1750.0
92,52,1791.4742,1830.0
92,51,1852.3123,1910.0
92,50,1913.8808,1990.0
92,49,1976.1797,2070.0
92,48,2039.2092,2140.0
92,47,2102.9691,2220.0
92,46,2443.9214,2578.0
92,45,2515.7513,2646.0
92,44,2588.3117,2718.0
92,43,2661.6025,2794.0
92,42,2735.6239,2867.0
92,41,2810.3757,2938.0
92,40,2885.858,3073.0
92,39,2962.0707,3147.0
92,38,3039.0139,3228.0
92,37,3116.6876,3301.0
92,36,3788.9023,3602.0
92,35,3877.0809,3675.0
92,34,3965.99,3753.0
92,33,4055.6295,3827.0
92,32,4145.9996,4214.0
92,31,4237.1001,4299.0
92,30,4328.931,4513.0
92,29,4421.4925,4598.0
92,28,6912.0927,7393.0
92,27,7059.4499,7550.0
92,26,7207.9183,7730.0
92,25,7357.4978,7910.0
92,24,7508.1884,8090.0
92,23,7659.9901,8260.0
92,22,7812.903,8650.0
92,21,7966.927,8830.0
92,20,8122.0621,9030.0
92,19,8278.3084,9210.0
92,18,9257.9637,9720.0
92,17,9427.0144,9870.0
92,16,9597.1763,10040.0
92,15,9768.4493,10200.0
92,14,9940.8334,11410.0
92,13,10114.329,11600.0
92,12,10288.935,11990.0
92,11,10464.653,12160.0
92,10,24783.79,25260.0
92,9,25197.965,25680.0
92,8,25614.639,26150.0
92,7,26033.814,26590.0
92,6,26455.488,31060.0
92,5,26879.662,31640.0
92,4,27306.337,32400.0
92,3,27735.512,32836.5
92,2,113658.97,129569.9
92,1,115158.59,131816.2
93,93,4.9871598,6.265608
93,92,10.560315,11.5
93,91,4.639337,19.7
93,90,11.497235,33.8
93,89,18.980144,48.0
93,88,27.088065,65.0
93,87,104.85215,92.0
93,86,119.45667,107.0
93,85,134.6281,121.0
93,84,150.36643,136.0
93,83,106.23277,151.0
93,82,186.56922,179.0
93,81,204.35921,196.0
93,80,222.7161,233.0
93,79,241.63989,252.0
93,78,287.98575,355.0
93,77,312.53978,382.0
93,76,337.71881,408.0
93,75,363.52286,438.0
93,74,389.95192,466.0
93,73,417.00599,495.0
93,72,444.68507,535.0
93,71,472.98917,565.0
93,70,501.91827,596.0
93,69,531.47239,626.0
93,68,914.6002,770.0
93,67,955.64263,810.0
93,66,997.31006,850.0
93,65,1039.6025,880.0
93,64,1082.52,980.0
93,63,1126.0624,1020.0
93,62,1170.2299,1130.0
93,61,1215.0224,1170.0
93,60,1405.4065,1280.0
93,59,1461.7921,1360.0
93,58,1518.9082,1430.0
93,57,1576.7547,1510.0
93,56,1635.3318,1590.0
93,55,1694.6393,1670.0
93,54,1754.6772,1740.0
93,53,1815.4457,1820.0
93,52,1876.9446,1910.0
93,51,1939.174,1990.0
93,50,2002.1339,2070.0
93,49,2065.8242,2140.0
93,48,2130.2451,2230.0
93,47,2195.3964,2310.0
93,46,2543.7031,2675.0
93,45,2616.9244,2745.0
93,44,2690.8761,2817.0
93,43,2765.5584,2894.0
93,42,2840.9711,2969.0
93,41,2917.1143,3041.0
93,40,2993.9879,3181.0
93,39,3071.5921,3255.0
93,38,3149.9267,3338.0
93,37,3228.9917,3413.0
93,36,3912.735,3718.0
93,35,4002.305,3792.0
93,34,4092.6054,3872.0
93,33,4183.6363,3947.0
93,32,4275.3977,4353.0
93,31,4367.8896,4441.0
93,30,4461.112,4658.0
93,29,4555.0648,4744.0
93,28,7118.2946,7610.0
93,27,7267.7682,7770.0
93,26,7418.353,7950.0
93,25,7570.0489,8130.0
93,24,7722.856,8310.0
93,23,7876.7742,8480.0
93,22,8031.8035,8890.0
93,21,8187.9439,9070.0
93,20,8345.1955,9270.0
93,19,8503.5582,9450.0
93,18,9496.2145,9970.0
93,17,9667.3816,10130.0
93,16,9839.6599,10300.0
93,15,10013.049,10470.0
93,14,10187.55,11730.0
93,13,10363.162,11930.0
93,12,10539.884,12320.0
93,11,10717.718,12500.0
93,10,25368.155,25870.0
93,9,25787.091,26300.0
93,8,26208.528,26770.0
93,7,26632.464,27210.0
93,6,27058.9,31910.0
93,5,27487.837,32500.0
93,4,27919.273,33300.0
93,3,28353.21,33722.2
93,2,116159.69,132911.0
93,1,117675.64,135202.0
94,94,4.4187229,6.02576
94,93,7.535008,11.5
94,92,8.3253402,21.1
94,91,15.748725,35.0
94,90,23.797121,49.0
94,89,92.326274,80.0
94,88,106.17493,95.0
94,87,120.59048,109.0
94,86,135.57294,124.0
94,85,99.210927,139.0
94,84,112.96745,159.0
94,83,127.34898,179.0
94,82,211.40501,200.0
94,81,230.27481,219.0
94,80,249.71152,258.0
94,79,269.71513,278.0
94,78,320.63942,389.0
94,77,346.38394,416.0
94,76,372.75347,444.0
94,75,399.74802,474.0
94,74,427.36758,503.0
94,73,455.61214,532.0
94,72,484.48172,575.0
94,71,513.97632,605.0
94,70,544.09592,637.0
94,69,574.84053,668.0
94,68,971.40397,820.0
94,67,1013.6369,850.0
94,66,1056.4948,890.0
94,65,1099.9778,930.0
94,64,1144.0857,1030.0
94,63,1188.8187,1070.0
94,62,1234.1767,1180.0
94,61,1280.1597,1220.0
94,60,1481.7335,1340.0
94,59,1539.5105,1420.0
94,58,1598.018,1500.0
94,57,1657.2559,1580.0
94,56,1717.2243,1660.0
94,55,1777.9232,1740.0
94,54,1839.3526,1820.0
94,53,1901.5124,1890.0
94,52,1964.4027,1990.0
94,51,2028.0235,2070.0
94,50,2092.3747,2150.0
94,49,2157.4564,2230.0
94,48,2223.2686,2310.0
94,47,2289.8113,2390.0
94,46,2645.4725,2774.0
94,45,2720.0852,2844.0
94,44,2795.4283,2918.0
94,43,2871.5019,2997.0
94,42,2948.306,3072.0
94,41,3025.8406,3146.0
94,40,3104.1056,3290.0
94,39,3183.1011,3366.0
94,38,3262.8271,3449.0
94,37,3343.2835,3527.0
94,36,4038.5553,3836.0
94,35,4129.5167,3911.0
94,34,4221.2085,3993.0
94,33,4313.6308,4068.0
94,32,4406.7836,4496.0
94,31,4500.6669,4585.0
94,30,4595.2806,4807.0
94,29,4690.6248,4890.0
94,28,7327.5199,7830.0
94,27,7479.11,7990.0
94,26,7631.8112,8170.0
94,25,7785.6236,8360.0
94,24,7940.5471,8540.0
94,23,8096.5817,8710.0
94,22,8253.7274,9130.0
94,21,8411.9843,9310.0
94,20,8571.3523,9520.0
94,19,8731.8315,9700.0
94,18,9737.4887,10230.0
94,17,9910.7724,10390.0
94,16,10085.167,10570.0
94,15,10260.673,10730.0
94,14,10437.29,12060.0
94,13,10615.018,12260.0
94,12,10793.857,12660.0
94,11,10973.808,12840.0
94,10,25959.322,26480.0
94,9,26383.021,26920.0
94,8,26809.219,27400.0
94,7,27237.917,27840.0
94,6,27669.116,32800.0
94,5,28102.814,33400.0
94,4,28539.013,34100.0
94,3,28977.711,34625.8
94,2,118687.63,136305.1
94,1,120219.9,138640.2
95,95,4.4187229,5.97381
95,94,7.535008,11.7
95,93,11.95607,21.7
95,92,19.944942,36.8
95,91,28.558824,50.0
95,90,37.797718,67.9
95,89,110.45177,95.0
95,88,125.38024,110.0
95,87,140.87561,125.0
95,86,156.93789,141.0
95,85,119.64685,163.0
95,84,134.59387,184.0
95,83,150.1659,206.0
95,82,237.7834,225.0
95,81,257.73302,242.0
95,80,278.24954,284.0
95,79,299.33296,305.0
95,78,354.99379,424.0
95,77,381.92881,451.0
95,76,409.48885,481.0
95,75,437.67389,511.0
95,74,466.48394,541.0
95,73,495.91901,571.0
95,72,525.97909,616.0
95,71,556.66418,646.0
95,70,587.97428,680.0
95,69,619.90939,711.0
95,68,1029.9085,870.0
95,67,1073.3319,900.0
95,66,1117.3803,940.0
95,65,1162.0537,980.0
95,64,1207.3522,1090.0
95,63,1253.2757,1130.0
95,62,1299.8241,1240.0
95,61,1346.9976,1280.0
95,60,1560.0483,1410.0
95,59,1619.2166,1490.0
95,58,1679.1155,1570.0
95,57,1739.7448,1650.0
95,56,1801.1046,1730.0
95,55,1863.1948,1820.0
95,54,1926.0156,1900.0
95,53,1989.5668,1980.0
95,52,2053.8484,2070.0
95,51,2118.8606,2160.0
95,50,2184.6032,2240.0
95,49,2251.0763,2320.0
95,48,2318.2799,2410.0
95,47,2386.214,2480.0
95,46,2749.2296,2874.0
95,45,2825.2336,2946.0
95,44,2901.9681,3021.0
95,43,2979.4331,3101.0
95,42,3057.6286,3178.0
95,41,3136.5545,3251.0
95,40,3216.2109,3402.0
95,39,3296.5978,3479.0
95,38,3377.7152,3563.0
95,37,3459.563,3641.0
95,36,4166.3634,3956.0
95,35,4258.7161,4033.0
95,34,4351.7993,4115.0
95,33,4445.613,4191.0
95,32,4540.1572,4642.0
95,31,4635.4318,4733.0
95,30,4731.4369,4960.0
95,29,4828.1725,5050.0
95,28,7539.7687,8040.0
95,27,7693.4752,8210.0
95,26,7848.2929,8390.0
95,25,8004.2217,8590.0
95,24,8161.2616,8770.0
95,23,8319.4127,8950.0
95,22,8478.6749,9380.0
95,21,8639.0482,9560.0
95,20,8800.5327,9770.0
95,19,8963.1283,9960.0
95,18,9981.7865,10490.0
95,17,10157.187,10650.0
95,16,10333.698,10830.0
95,15,10511.32,11000.0
95,14,10690.054,12400.0
95,13,10869.898,12600.0
95,12,11050.854,13000.0
95,11,11232.921,13190.0
95,10,26557.293,27110.0
95,9,26985.753,27550.0
95,8,27416.713,28040.0
95,7,27850.174,28500.0
95,6,28286.134,33700.0
95,5,28724.594,34300.0
95,4,29165.555,35100.0
95,3,29609.016,35549.4
95,2,121242.78,139769.5
95,1,122791.38,142153.5
96,96,-1.6271839,5.992241
96,95,6.282468,12.4
96,94,15.531527,20.1
96,93,24.085885,37.7
96,92,33.265254,51.0
96,91,43.069635,69.1
96,90,166.30686,97.0
96,89,126.51405,112.0
96,88,141.82045,128.0
96,87,111.38348,144.0
96,86,126.27097,167.0
96,85,141.78348,190.0
96,84,157.921,213.0
96,83,241.8732,235.0
96,82,261.98479,253.0
96,81,223.26372,272.0
96,80,308.33015,311.0
96,79,330.49339,332.0
96,78,391.04888,460.0
96,77,419.1744,489.0
96,76,447.92493,518.0
96,75,477.30047,550.0
96,74,507.30102,580.0
96,73,537.92659,611.0
96,72,569.17716,657.0
96,71,601.05275,689.0
96,70,633.55335,723.0
96,69,666.67896,755.0
96,68,1090.1136,910.0
96,67,1134.7276,950.0
96,66,1179.9665,990.0
96,65,1225.8304,1030.0
96,64,1272.3194,1140.0
96,63,1319.4333,1180.0
96,62,1367.1723,1300.0
96,61,1415.5363,1340.0
96,60,1640.3507,1480.0
96,59,1700.9104,1560.0
96,58,1762.2006,1650.0
96,57,1824.2213,1730.0
96,56,1886.9725,1810.0
96,55,1950.4541,1890.0
96,54,2014.6662,1980.0
96,53,2079.6088,2060.0
96,52,2145.2819,2160.0
96,51,2211.6854,2240.0
96,50,2278.8194,2320.0
96,49,2346.6839,2410.0
96,48,2415.2789,2490.0
96,47,2484.6043,2580.0
96,46,2854.9743,2976.0
96,45,2932.3697,3050.0
96,44,3010.4956,3125.0
96,43,3089.352,3207.0
96,42,3168.9389,3284.0
96,41,3249.2562,3360.0
96,40,3330.304,3515.0
96,39,3412.0822,3593.0
96,38,3494.591,3679.0
96,37,3577.8302,3758.0
96,36,4296.1591,4078.0
96,35,4389.9032,4156.0
96,34,4484.3778,4239.0
96,33,4579.5829,4317.0
96,32,4675.5184,4791.0
96,31,4772.1844,4880.0
96,30,4869.5809,5110.0
96,29,4967.7079,5200.0
96,28,7755.041,8270.0
96,27,7910.864,8440.0
96,26,8067.7981,8620.0
96,25,8225.8433,8820.0
96,24,8384.9997,9000.0
96,23,8545.2672,9180.0
96,22,8706.6458,9630.0
96,21,8869.1356,9820.0
96,20,9032.7365,10020.0
96,19,9197.4486,10220.0
96,18,10229.108,10760.0
96,17,10406.624,10920.0
96,16,10585.252,11100.0
96,15,10764.991,11270.0
96,14,10945.841,12740.0
96,13,11127.802,12950.0
96,12,11310.874,13350.0
96,11,11495.057,13550.0
96,10,27162.066,27740.0
96,9,27595.288,28180.0
96,8,28031.01,28700.0
96,7,28469.233,29100.0
96,6,28909.955,34600.0
96,5,29353.177,35200.0
96,4,29798.9,36000.0
96,3,30247.123,36493.0
96,2,123825.14,143311.0
96,1,125390.07,145740.1
97,97,4.4187229,6.19785
97,96,7.535008,11.9
97,95,19.051711,21.6
97,94,28.171556,36.0
97,93,37.916412,56.0
97,92,48.286279,70.1
97,91,59.281158,90.0
97,90,236.87873,114.0
97,89,144.99627,130.0
97,88,117.38685,147.0
97,87,132.83983,171.0
97,86,148.91782,195.0
97,85,165.62082,218.0
97,84,245.99772,240.0
97,83,266.27128,259.0
97,82,231.92239,279.0
97,81,252.10447,303.0
97,80,339.95336,339.0
97,79,363.19642,361.0
97,78,428.80468,497.0
97,77,458.12069,526.0
97,76,488.06172,557.0
97,75,518.62776,590.0
97,74,549.81881,621.0
97,73,581.63488,652.0
97,72,614.07595,700.0
97,71,647.14204,733.0
97,70,680.83314,768.0
97,69,715.14924,800.0
97,68,1152.0195,960.0
97,67,1197.824,1000.0
97,66,1244.2534,1040.0
97,65,1291.3078,1080.0
97,64,1338.9873,1200.0
97,63,1387.2917,1240.0
97,62,1436.2212,1360.0
97,61,1485.7757,1410.0
97,60,1722.6408,1550.0
97,59,1784.5919,1630.0
97,58,1847.2735,1720.0
97,57,1910.6855,1800.0
97,56,1974.8281,1890.0
97,55,2039.7011,1970.0
97,54,2105.3046,2050.0
97,53,2171.6386,2140.0
97,52,2238.703,2240.0
97,51,2306.4979,2320.0
97,50,2375.0233,2410.0
97,49,2444.2792,2490.0
97,48,2514.2655,2580.0
97,47,2584.9823,2670.0
97,46,2962.7068,3080.0
97,45,3041.4936,3154.0
97,44,3121.0108,3232.0
97,43,3201.2586,3315.0
97,42,3282.2368,3393.0
97,41,3363.9455,3469.0
97,40,3446.3847,3630.0
97,39,3529.5543,3709.0
97,38,3613.4544,3797.0
97,37,3698.085,3877.0
97,36,4427.9425,4202.0
97,35,4523.078,4281.0
97,34,4618.944,4365.0
97,33,4715.5404,4445.0
97,32,4812.8674,4940.0
97,31,4910.9247,5040.0
97,30,5009.7126,5270.0
97,29,5109.231,5360.0
97,28,7973.3368,8500.0
97,27,8131.2762,8670.0
97,26,8290.3268,8850.0
97,25,8450.4884,9050.0
97,24,8611.7613,9240.0
97,23,8774.1452,9420.0
97,22,8937.6403,9880.0
97,21,9102.2465,10070.0
97,20,9267.9638,10280.0
97,19,9434.7923,10480.0
97,18,10479.453,11020.0
97,17,10659.085,11190.0
97,16,10839.83,11380.0
97,15,11021.685,11550.0
97,14,11204.651,13090.0
97,13,11388.729,13300.0
97,12,11573.917,13720.0
97,11,11760.217,13910.0
97,10,27773.642,28380.0
97,9,28211.626,28800.0
97,8,28652.11,29300.0
97,7,29095.094,29800.0
97,6,29540.579,35500.0
97,5,29988.563,36200.0
97,4,30439.048,37000.0
97,3,30892.032,37457.6
97,2,126434.71,146917.0
97,1,128015.97,149398.0
98,98,4.4187229,6.281878
98,97,7.535008,12.0
98,96,22.516622,22.4
98,95,32.201953,37.7
98,94,42.512296,51.9
98,93,53.44765,75.0
98,92,65.008015,91.0
98,91,77.193392,112.9
98,90,305.66366,133.0
98,89,123.33494,152.0
98,88,139.35341,178.0
98,87,155.99689,201.0
98,86,173.26538,225.0
98,85,250.15694,247.0
98,84,270.59248,265.0
98,83,240.5258,286.0
98,82,261.27336,310.0
98,81,282.64593,334.0
98,80,373.11917,368.0
98,79,397.44204,390.0
98,78,468.26119,536.0
98,77,498.7677,566.0
98,76,529.89923,597.0
98,75,561.65577,630.0
98,74,594.03732,662.0
98,73,627.04388,695.0
98,72,660.67545,744.0
98,71,694.93204,778.0
98,70,729.81363,814.0
98,69,765.32024,847.0
98,68,1215.6262,1010.0
98,67,1262.6211,1050.0
98,66,1310.241,1090.0
98,65,1358.4859,1120.0
98,64,1407.3559,1250.0
98,63,1456.8509,1300.0
98,62,1506.9708,1420.0
98,61,1557.7158,1470.0
98,60,1806.9185,1620.0
98,59,1870.261,1700.0
98,58,1934.334,1790.0
98,57,1999.1375,1880.0
98,56,2064.6714,1960.0
98,55,2130.9358,2050.0
98,54,2197.9307,2130.0
98,53,2265.656,2220.0
98,52,2334.1118,2320.0
98,51,2403.2981,2410.0
98,50,2473.2149,2490.0
98,49,2543.8621,2580.0
98,48,2615.2398,2670.0
98,47,2687.348,2750.0
98,46,3072.4269,3186.0
98,45,3152.6051,3261.0
98,44,3233.5137,3340.0
98,43,3315.1529,3424.0
98,42,3397.5225,3503.0
98,41,3480.6225,3581.0
98,40,3564.4531,3747.0
98,39,3649.0141,3828.0
98,38,3734.3056,3915.0
98,37,3820.3276,3998.0
98,36,4561.7136,4329.0
98,35,4658.2405,4407.0
98,34,4755.4978,4494.0
98,33,4853.4857,4570.0
98,32,4952.204,5100.0
98,31,5051.6527,5190.0
98,30,5151.832,5430.0
98,29,5252.7417,5520.0
98,28,8194.6561,8730.0
98,27,8354.7119,8900.0
98,26,8515.8789,9090.0
98,25,8678.157,9290.0
98,24,8841.5463,9480.0
98,23,9006.0467,9660.0
98,22,9171.6582,10140.0
98,21,9338.3809,10330.0
98,20,9506.2146,10550.0
98,19,9675.1596,10740.0
98,18,10732.821,11300.0
98,17,10914.57,11470.0
98,16,11097.431,11650.0
98,15,11281.402,11820.0
98,14,11466.485,13450.0
98,13,11652.679,13660.0
98,12,11839.984,14080.0
98,11,12028.4,14280.0
98,10,28392.02,29000.0
98,9,28834.767,29500.0
98,8,29280.013,30000.0
98,7,29727.759,30500.0
98,6,30178.006,36500.0
98,5,30630.752,37100.0
98,4,31085.999,37900.0
98,3,31543.745,38443.5
98,2,129071.5,150593.0
98,1,130669.08,153124.0
99,99,4.4187229,6.3684
99,98,7.535008,12.2
99,97,25.926259,22.7
99,96,36.177077,38.8
99,95,47.052906,54.1
99,94,58.553747,71.0
99,93,70.679599,97.0
99,92,83.430463,112.9
99,91,96.806338,137.0
99,90,333.07944,157.0
99,89,145.81172,180.0
99,88,163.02068,206.0
99,87,180.85466,231.0
99,86,254.35087,252.0
99,85,274.94838,270.0
99,84,249.07392,294.0
99,83,270.38697,317.0
99,82,292.32504,342.0
99,81,314.88811,367.0
99,80,407.82757,398.0
99,79,433.23026,421.0
99,78,509.41841,576.0
99,77,541.11542,606.0
99,76,573.43745,638.0
99,75,606.38448,672.0
99,74,639.95653,705.0
99,73,674.15359,738.0
99,72,708.97566,790.0
99,71,744.42274,824.0
99,70,780.49484,861.0
99,69,817.19194,895.0
99,68,1280.9335,1060.0
99,67,1329.1189,1100.0
99,66,1377.9293,1140.0
99,65,1427.3648,1180.0
99,64,1477.4252,1310.0
99,63,1528.1107,1360.0
99,62,1579.4211,1480.0
99,61,1631.3566,1530.0
99,60,1893.184,1690.0
99,59,1957.9179,1780.0
99,58,2023.3822,1870.0
99,57,2089.5771,1950.0
99,56,2156.5024,2040.0
99,55,2224.1581,2130.0
99,54,2292.5444,2220.0
99,53,2361.6611,2300.0
99,52,2431.5083,2410.0
99,51,2502.086,2490.0
99,50,2573.3941,2580.0
99,49,2645.4327,2680.0
99,48,2718.2018,2760.0
99,47,2791.7014,2850.0
99,46,3184.1347,3294.0
99,45,3265.7043,3370.0
99,44,3348.0043,3449.0
99,43,3431.0348,3535.0
99,42,3514.7958,3616.0
99,41,3599.2872,3694.0
99,40,3684.5092,3866.0
99,39,3770.4616,3947.0
99,38,3857.1444,4038.0
99,37,3944.5578,4120.0
99,36,4697.4724,4456.0
99,35,4795.3906,4537.0
99,34,4894.0394,4620.0
99,33,4993.4186,4700.0
99,32,5093.5283,5260.0
99,31,5194.3684,5350.0
99,30,5295.939,5600.0
99,29,5398.2401,5690.0
99,28,8418.9988,8960.0
99,27,8581.1711,9140.0
99,26,8744.4546,9330.0
99,25,8908.8491,9530.0
99,24,9074.3548,9720.0
99,23,9240.9717,9910.0
99,22,9408.6996,10400.0
99,21,9577.5387,10590.0
99,20,9747.4889,10810.0
99,19,9918.5503,11010.0
99,18,10989.213,11570.0
99,17,11173.078,11740.0
99,16,11358.055,11930.0
99,15,11544.143,12110.0
99,14,11731.343,13810.0
99,13,11919.653,14030.0
99,12,12109.074,14460.0
99,11,12299.607,14700.0
99,10,29017.202,29700.0
99,9,29464.71,30100.0
99,8,29914.718,30700.0
99,7,30367.227,31100.0
99,6,30822.235,37400.0
99,5,31279.744,38100.0
99,4,31739.752,38900.0
99,3,32202.261,39451.4
99,2,131735.49,154344.0
99,1,133349.4,156927.0
100,100,4.4187229,6.5
100,99,7.535008,12.4
100,98,29.280624,23.2
100,97,40.096928,39.3
100,96,51.538244,55.0
100,95,63.604571,74.0
100,94,76.29591,93.0
100,93,89.612261,120.0
100,92,103.55362,136.0
100,91,118.12,162.0
100,90,361.56347,185.0
100,89,169.9892,209.0
100,88,188.38867,237.0
100,87,258.57951,257.0
100,86,279.33899,276.0
100,85,257.56678,300.0
100,84,279.44532,326.0
100,83,301.94887,351.0
100,82,325.07743,377.0
100,81,348.831,402.0
100,80,444.07856,430.0
100,79,470.56107,453.0
100,78,552.27634,616.0
100,77,585.16385,647.0
100,76,618.67638,680.0
100,75,652.81391,716.0
100,74,687.57646,749.0
100,73,722.96401,782.0
100,72,758.97658,837.0
100,71,795.61416,871.0
100,70,832.87676,909.0
100,69,870.76436,944.0
100,68,1347.9415,1110.0
100,67,1397.3174,1150.0
100,66,1447.3184,1190.0
100,65,1497.9443,1230.0
100,64,1549.1952,1370.0
100,63,1601.0712,1420.0
100,62,1653.5722,1550.0
100,61,1706.6981,1600.0
100,60,1981.4371,1770.0
100,59,2047.5624,1850.0
100,58,2114.4181,1940.0
100,57,2182.0043,2030.0
100,56,2250.321,2120.0
100,55,2319.3682,2210.0
100,54,2389.1458,2300.0
100,53,2459.6539,2390.0
100,52,2530.8925,2490.0
100,51,2602.8615,2590.0
100,50,2675.561,2680.0
100,49,2748.991,2760.0
100,48,2823.1515,2850.0
100,47,2898.0425,2950.0
100,46,3297.8302,3403.0
100,45,3380.7911,3480.0
100,44,3464.4825,3561.0
100,43,3548.9044,3647.0
100,42,3634.0568,3730.0
100,41,3719.9396,3810.0
100,40,3806.5529,3986.0
100,39,3893.8967,4070.0
100,38,3981.971,4160.0
100,37,4070.7757,4245.0
100,36,4835.2189,4586.0
100,35,4934.5285,4670.0
100,34,5034.5686,4760.0
100,33,5135.3392,4840.0
100,32,5236.8402,5420.0
100,31,5339.0718,5510.0
100,30,5442.0338,5760.0
100,29,5545.7262,5860.0
100,28,8646.3651,9200.0
100,27,8810.6538,9370.0
100,26,8976.0537,9570.0
100,25,9142.5647,9770.0
100,24,9310.1868,9970.0
100,23,9478.9201,10160.0
100,22,9648.7645,10660.0
100,21,9819.72,10860.0
100,20,9991.7867,11080.0
100,19,10164.965,11280.0
100,18,11248.628,11850.0
100,17,11434.61,12020.0
100,16,11621.703,12220.0
100,15,11809.908,12390.0
100,14,11999.224,14180.0
100,13,12189.65,14400.0
100,12,12381.188,14800.0
100,11,12573.837,15000.0
100,10,29649.186,30300.0
100,9,30101.457,30800.0
100,8,30556.227,31300.0
100,7,31013.497,31800.0
100,6,31473.268,38400.0
100,5,31935.538,39100.0
100,4,32400.308,40000.0
100,3,32867.579,40482.2
100,2,134426.7,158171.0
100,1,136056.93,160808.0
101,101,4.4187229,6.58
101,100,7.535008,12.4
101,99,32.579715,24.3
101,98,43.961506,40.0
101,97,55.968309,54.1
101,96,68.600123,76.0
101,95,81.856948,96.0
101,94,95.738785,115.1
101,93,110.24563,143.9
101,92,125.37749,162.0
101,91,141.13437,187.0
101,90,391.11574,215.0
101,89,195.8674,240.0
101,88,262.84286,260.0
101,87,283.76432,282.0
101,86,266.00436,307.0
101,85,288.44839,334.0
101,84,311.51742,360.0
101,83,335.21147,386.0
101,82,359.53053,412.0
101,81,384.4746,438.0
101,80,481.87215,462.0
101,79,509.43448,486.0
101,78,596.83499,659.0
101,77,630.913,690.0
101,76,665.61602,723.0
101,75,700.94405,760.0
101,74,736.89709,794.0
101,73,773.47515,828.0
101,72,810.67822,885.0
101,71,848.5063,920.0
101,70,886.95939,958.0
101,69,926.03749,994.0
101,68,1416.6503,1160.0
101,67,1467.2167,1210.0
101,66,1518.4081,1250.0
101,65,1570.2245,1290.0
101,64,1622.666,1430.0
101,63,1675.7324,1480.0
101,62,1729.4239,1620.0
101,61,1783.7404,1660.0
101,60,2071.678,1840.0
101,59,2139.1946,1930.0
101,58,2207.4417,2020.0
101,57,2276.4193,2110.0
101,56,2346.1274,2200.0
101,55,2416.5659,2290.0
101,54,2487.7349,2390.0
101,53,2559.6344,2480.0
101,52,2632.2643,2580.0
101,51,2705.6248,2680.0
101,50,2779.7157,2760.0
101,49,2854.537,2860.0
101,48,2930.0889,2950.0
101,47,3006.3712,3050.0
101,46,3413.5134,3513.0
101,45,3497.8657,3592.0
101,44,3582.9485,3675.0
101,43,3668.7617,3762.0
101,42,3755.3055,3845.0
101,41,3842.5797,3926.0
101,40,3930.5844,4109.0
101,39,4019.3195,4194.0
101,38,4108.7852,4286.0
101,37,4198.9813,4371.0
101,36,4974.953,4720.0
101,35,5075.654,4800.0
101,34,5177.0855,4890.0
101,33,5279.2475,4970.0
101,32,5382.1399,5580.0
101,31,5485.7628,5680.0
101,30,5590.1162,5930.0
101,29,5695.2,6030.0
101,28,8876.7548,9430.0
101,27,9043.16,9620.0
101,26,9210.6763,9810.0
101,25,9379.3038,10020.0
101,24,9549.0423,10220.0
101,23,9719.892,10410.0
101,22,9891.8529,10930.0
101,21,10064.925,11130.0
101,20,10239.108,11350.0
101,19,10414.402,11560.0
101,18,11511.066,12130.0
101,17,11699.165,12310.0
101,16,11888.375,12500.0
101,15,12078.696,12680.0
101,14,12270.128,14560.0
101,13,12462.671,14800.0
101,12,12656.326,15200.0
101,11,12851.091,15400.0
101,10,30287.974,31000.0
101,9,30745.006,31500.0
101,8,31204.538,32000.0
101,7,31666.57,32500.0
101,6,32131.103,39500.0
101,5,32598.135,40100.0
101,4,33067.668,41000.0
101,3,33539.7,41548.0
101,2,137145.11,162066.0
101,1,138791.68,164764.0
102,102,4.4187229,6.62621
102,101,7.535008,12.93
102,100,35.823534,25.8
102,99,47.770811,41.5
102,98,60.3431,60.0
102,97,73.540401,74.0
102,96,87.362713,97.0
102,95,101.81004,119.0
102,94,116.88237,140.0
102,93,132.57972,170.0
102,92,148.90208,187.0
102,91,165.84945,216.0
102,90,421.73626,246.0
102,89,267.14092,267.0
102,88,288.22435,285.0
102,87,274.38667,312.0
102,86,297.39618,341.0
102,85,321.03071,367.0
102,84,345.29024,394.0
102,83,370.17478,422.0
102,82,395.68434,448.0
102,81,421.81891,475.0
102,80,521.20834,496.0
102,79,549.85049,520.0
102,78,643.09434,701.0
102,77,678.36285,734.0
102,76,714.25637,768.0
102,75,750.7749,805.0
102,74,787.91844,840.0
102,73,825.687,875.0
102,72,864.08056,934.0
102,71,903.09914,969.0
102,70,942.74273,1010.0
102,69,983.01133,1045.0
102,68,1487.0597,1220.0
102,67,1538.8166,1260.0
102,66,1591.1986,1300.0
102,65,1644.2055,1350.0
102,64,1697.8374,1500.0
102,63,1752.0944,1550.0
102,62,1806.9764,1680.0
102,61,1862.4833,1730.0
102,60,2163.9065,1920.0
102,59,2232.8145,2010.0
102,58,2302.453,2110.0
102,57,2372.8219,2200.0
102,56,2443.9214,2290.0
102,55,2515.7513,2380.0
102,54,2588.3117,2470.0
102,53,2661.6025,2570.0
102,52,2735.6239,2680.0
102,51,2810.3757,2760.0
102,50,2885.858,2860.0
102,49,2962.0707,2950.0
102,48,3039.0139,3050.0
102,47,3116.6876,3140.0
102,46,3531.1842,3627.0
102,45,3616.9279,3705.0
102,44,3703.4021,3790.0
102,43,3790.6067,3878.0
102,42,3878.5418,3962.0
102,41,3967.2074,4045.0
102,40,4056.6035,4234.0
102,39,4146.73,4320.0
102,38,4237.587,4413.0
102,37,4329.1745,4500.0
102,36,5116.6748,4850.0
102,35,5218.7672,4930.0
102,34,5321.5901,5030.0
102,33,5425.1434,5110.0
102,32,5529.4272,5750.0
102,31,5634.4415,5850.0
102,30,5740.1863,6110.0
102,29,5846.6615,6210.0
102,28,9110.168,9680.0
102,27,9278.6897,9860.0
102,26,9448.3224,10060.0
102,25,9619.0663,10270.0
102,24,9790.9213,10470.0
102,23,9963.8875,10660.0
102,22,10137.965,11200.0
102,21,10313.153,11410.0
102,20,10489.453,11630.0
102,19,10666.863,11840.0
102,18,11776.529,12420.0
102,17,11966.744,12600.0
102,16,12158.07,12800.0
102,15,12350.507,12980.0
102,14,12544.056,15000.0
102,13,12738.716,15200.0
102,12,12934.486,15600.0
102,11,13131.368,15800.0
102,10,30933.564,31700.0
102,9,31395.358,32200.0
102,8,31859.652,32700.0
102,7,32326.447,33200.0
102,6,32795.741,40500.0
102,5,33267.535,41200.0
102,4,33741.83,42100.0
102,3,34218.624,42632.0
102,2,139890.74,166050.0
102,1,141553.63,168804.0
103,103,5.2281476,4.96
103,102,8.8337667,14.54
103,101,12.980229,21.8
103,100,51.524843,43.6
103,99,64.662618,56.0
103,98,78.425406,80.0
103,97,92.813204,96.0
103,96,107.82601,121.0
103,95,123.46384,143.0
103,94,139.72667,165.0
103,93,156.61451,197.0
103,92,174.12737,216.0
103,91,192.26524,244.0
103,90,493.51873,269.0
103,89,292.71908,290.0
103,88,282.71371,322.0
103,87,306.28871,344.0
103,86,330.48872,374.0
103,85,355.31374,403.0
103,84,380.76377,431.0
103,83,406.83881,459.0
103,82,433.53886,487.0
103,81,527.24182,510.0
103,80,556.04594,540.0
103,79,531.47239,560.0
103,78,691.05441,745.0
103,77,727.51342,779.0
103,76,764.59744,814.0
103,75,802.30646,852.0
103,74,840.6405,888.0
103,73,879.59956,922.0
103,72,919.18362,985.0
103,71,959.3927,1020.0
103,70,1000.2268,1061.0
103,69,1041.6859,1098.0
103,68,1559.1699,1280.0
103,67,1612.1173,1320.0
103,66,1665.6897,1360.0
103,65,1719.8872,1410.0
103,64,1774.7096,1570.0
103,63,1830.1571,1620.0
103,62,1886.2295,1760.0
103,61,1942.927,1810.0
103,60,2258.1227,2010.0
103,59,2328.4221,2100.0
103,58,2399.4519,2190.0
103,57,2471.2123,2290.0
103,56,2543.7031,2380.0
103,55,2616.9244,2470.0
103,54,2690.8761,2570.0
103,53,2765.5584,2670.0
103,52,2840.9711,2780.0
103,51,2917.1143,2860.0
103,50,2993.9879,2960.0
103,49,3071.5921,3060.0
103,48,3149.9267,3150.0
103,47,3228.9917,3250.0
103,46,3650.8428,3741.0
103,45,3737.9778,3821.0
103,44,3825.8434,3906.0
103,43,3914.4394,3996.0
103,42,4003.7659,4082.0
103,41,4093.8229,4165.0
103,40,4184.6103,4360.0
103,39,4276.1282,4448.0
103,38,4368.3766,4540.0
103,37,4461.3555,4630.0
103,36,5260.3843,4990.0
103,35,5363.8681,5070.0
103,34,5468.0823,5160.0
103,33,5573.0271,5250.0
103,32,5678.7023,5920.0
103,31,5785.1079,6030.0
103,30,5892.2441,6290.0
103,29,6000.1107,6390.0
103,28,9346.6047,9920.0
103,27,9517.2428,10110.0
103,26,9688.992,10310.0
103,25,9861.8523,10520.0
103,24,10035.824,10720.0
103,23,10210.906,10920.0
103,22,10387.1,11470.0
103,21,10564.405,11680.0
103,20,10742.821,11910.0
103,19,10922.348,12120.0
103,18,12045.014,12710.0
103,17,12237.346,12890.0
103,16,12430.789,13090.0
103,15,12625.342,13300.0
103,14,12821.007,15300.0
103,13,13017.784,15600.0
103,12,13215.671,16000.0
103,11,13414.669,16200.0
103,10,31585.957,32400.0
103,9,32052.513,32900.0
103,8,32521.569,33400.0
103,7,32993.126,33900.0
103,6,33467.182,41600.0
103,5,33943.738,42300.0
103,4,34422.795,43200.0
103,3,34904.351,43759.0
103,2,142663.58,170116.0
103,1,144342.8,172928.0
104,104,-0.73367774,6.02
104,103,1.2700426,14.35
104,102,14.720492,23.84
104,101,19.89713,31.87
104,100,68.926864,64.0
104,99,83.255137,77.0
104,98,98.208423,102.0
104,97,113.78672,119.0
104,96,129.99003,146.1
104,95,146.81835,169.0
104,94,164.27168,193.0
104,93,182.35002,225.0
104,92,201.05338,244.0
104,91,303.78695,275.0
104,78,740.71519,791.0
104,77,778.3647,825.0
104,76,816.63921,860.0
104,75,855.53874,899.0
104,74,895.06328,936.0
104,73,935.21283,972.0
104,72,975.98739,1036.0
104,71,1017.387,1073.0
104,70,1059.4115,1114.0
104,69,2462.41,1151.0
104,46,3772.489,3857.0
104,45,3861.0154,3938.0
104,44,3950.2724,4025.0
104,43,4040.2598,4116.0
104,42,4130.9776,4203.0
104,41,4222.426,4287.0
104,40,4314.6048,4489.0
104,39,4407.5141,4580.0
104,38,4501.1539,4670.0
104,37,4595.5241,4760.0
104,36,5406.0815,5130.0
104,35,5510.9567,5210.0
104,34,5616.5623,5300.0
104,33,5722.8984,5390.0
104,32,5829.965,6100.0
104,31,5937.762,6200.0
104,30,6046.2895,6470.0
104,29,6155.5475,6570.0
104,28,9586.0649,10170.0
104,27,9758.8194,10360.0
104,26,9932.6851,10560.0
104,25,10107.662,10780.0
104,24,10283.75,10980.0
104,23,10460.949,11180.0
104,22,10639.259,11750.0
104,21,10818.68,11960.0
104,20,10999.213,12200.0
104,19,11180.856,12410.0
104,18,12316.523,13010.0
104,17,12510.971,13190.0
104,16,12706.531,13400.0
104,15,12903.201,13600.0
104,14,13100.982,15800.0
104,13,13299.875,16000.0
104,12,13499.879,16400.0
104,11,13700.993,16700.0
104,10,32245.153,33100.0
104,9,32716.471,33600.0
104,8,33190.289,34100.0
104,7,33666.607,34600.0
104,6,34145.426,42700.0
104,5,34626.744,43400.0
104,4,35110.563,44300.0
104,2,145463.64,174265.0
104,1,147159.18,177142.0
105,105,0.10969406,6.8
105,104,10.445258,14.0
105,103,14.900773,23.1
105,102,14.072328,33.0
105,101,19.282445,43.0
105,100,88.029596,86.0
105,99,103.54837,98.9
105,98,119.69215,126.0
105,97,136.46095,145.1
105,96,153.85475,172.0
105,95,171.87357,196.0
105,94,190.5174,220.9
105,93,209.78624,254.0
105,92,229.68009,274.0
105,91,345.74276,307.0
105,78,792.07668,838.0
105,77,830.91669,872.0
105,76,870.3817,908.0
105,75,910.47172,948.0
105,74,951.18676,985.0
105,73,992.52681,1022.0
105,72,1034.4919,1089.0
105,71,1077.0819,1126.0
105,70,1120.297,1168.0
105,69,2577.7285,1207.0
105,46,3896.1229,3975.0
105,45,3986.0407,4057.0
105,44,4076.689,4145.0
105,43,4168.0678,4237.0
105,42,4260.1771,4326.0
105,41,4353.0168,4411.0
105,40,4446.587,4620.0
105,39,4540.8877,4710.0
105,38,4635.9188,4810.0
105,37,4731.6804,4900.0
105,36,5553.7664,5260.0
105,35,5660.0329,5350.0
105,34,5767.0299,5450.0
105,33,5874.7574,5530.0
105,32,5983.2154,6280.0
105,31,6092.4038,6380.0
105,30,6202.3227,6650.0
105,29,6312.972,6760.0
105,28,9828.5486,10420.0
105,27,10003.42,10610.0
105,26,10179.402,10820.0
105,25,10356.495,11040.0
105,24,10534.699,11240.0
105,23,10714.015,11440.0
105,22,10894.441,12040.0
105,21,11075.979,12250.0
105,20,11258.628,12480.0
105,19,11442.388,12700.0
105,18,12591.056,13300.0
105,17,12787.621,13500.0
105,16,12985.296,13700.0
105,15,13184.083,13900.0
105,14,13383.981,16200.0
105,13,13584.99,16400.0
105,12,13787.11,16900.0
105,11,13990.341,17100.0
105,10,32911.151,33800.0
105,9,33387.231,34300.0
105,8,33865.812,34800.0
105,7,34346.892,35300.0
105,6,34830.472,43800.0
105,5,35316.553,44500.0
105,4,35805.133,45400.0
105,2,148290.9,178505.0
105,1,150002.77,181445.0
106,106,0.90293151,7.8
106,105,11.300672,17.1
106,104,15.910714,25.8
106,103,15.753757,35.5
106,102,21.476787,47.2
106,101,27.766721,59.3
106,100,108.83304,109.0
106,99,125.54231,122.0
106,98,142.87659,152.0
106,97,160.83589,170.0
106,96,179.42019,200.0
106,95,198.62951,224.0
106,94,218.46383,251.0
106,93,238.92317,285.0
106,92,260.00752,306.0
106,91,389.85733,339.0
106,78,845.13889,885.0
106,77,885.16939,921.0
106,76,925.8249,958.0
106,75,967.10542,998.0
106,74,1009.011,1036.0
106,73,1051.5415,1073.0
106,72,1094.6971,1143.0
106,71,1138.4776,1181.0
106,70,1182.8832,1223.0
106,69,2695.6379,1263.0
106,46,4021.7445,4095.0
106,45,4113.0537,4178.0
106,44,4205.0934,4267.0
106,43,4297.8635,4360.0
106,42,4391.3642,4450.0
106,41,4485.5953,4540.0
106,40,4580.5568,4750.0
106,39,4676.2489,4840.0
106,38,4772.6714,4940.0
106,37,4869.8244,5030.0
106,36,5703.439,5410.0
106,35,5811.0969,5490.0
106,34,5919.4853,5590.0
106,33,6028.6041,5680.0
106,32,6138.4534,6460.0
106,31,6249.0332,6570.0
106,30,6360.3435,6840.0
106,29,6472.3843,6950.0
106,28,10074.056,10680.0
106,27,10251.043,10870.0
106,26,10429.142,11080.0
106,25,10608.351,11300.0
106,24,10788.672,11510.0
106,23,10970.104,11710.0
106,22,11152.647,12320.0
106,21,11336.301,12540.0
106,20,11521.067,12780.0
106,19,11706.943,12990.0
106,18,12868.612,13600.0
106,17,13067.293,13800.0
106,16,13267.085,14000.0
106,15,13467.988,14200.0
106,14,13670.003,16600.0
106,13,13873.128,16800.0
106,12,14077.365,17300.0
106,11,14282.712,17500.0
106,10,33583.953,34500.0
106,9,34064.795,35000.0
106,8,34548.137,35600.0
106,7,35033.98,36100.0
106,6,35522.322,44900.0
106,5,36013.164,45700.0
106,4,36506.507,46600.0
106,2,151145.37,182833.0
106,1,152873.57,185835.0
107,107,1.6460346,7.7
107,106,12.1892,17.5
107,105,16.953768,26.7
107,104,17.385052,37.3
107,103,23.620995,49.0
107,102,30.423842,62.1
107,101,37.793592,74.9
107,100,131.3372,134.0
107,99,149.23696,148.0
107,98,167.76174,178.0
107,97,186.91154,198.0
107,96,206.68634,228.0
107,95,227.08615,255.0
107,94,248.11098,281.0
107,93,269.76082,318.0
107,92,292.03567,337.0
107,91,436.13068,374.0
107,78,899.9018,934.0
107,77,941.1228,969.0
107,76,982.96881,1008.0
107,75,1025.4398,1049.0
107,74,1068.5359,1088.0
107,73,1112.2569,1126.0
107,72,1156.603,1197.0
107,71,1201.574,1237.0
107,70,1247.1701,1280.0
107,69,2816.1382,1320.0
107,46,4149.3538,4216.0
107,45,4242.0544,4301.0
107,44,4335.4854,4390.0
107,43,4429.647,4486.0
107,42,4524.539,4580.0
107,41,4620.1614,4660.0
107,40,4716.5144,4890.0
107,39,4813.5978,4980.0
107,38,4911.4117,5080.0
107,37,5009.9561,5170.0
107,36,5855.0992,5550.0
107,35,5964.1485,5640.0
107,34,6073.9283,5740.0
107,33,6184.4385,5830.0
107,32,6295.6792,6650.0
107,31,6407.6504,6760.0
107,30,6520.352,7040.0
107,29,6633.7841,7140.0
107,28,10322.586,10930.0
107,27,10501.69,11130.0
107,26,10681.905,11340.0
107,25,10863.231,11560.0
107,24,11045.669,11780.0
107,23,11229.217,11980.0
107,22,11413.876,12610.0
107,21,11599.647,12830.0
107,20,11786.529,13070.0
107,19,11974.522,13300.0
107,18,13149.192,13900.0
107,17,13349.989,14100.0
107,16,13551.898,14300.0
107,15,13754.917,14500.0
107,14,13959.048,17000.0
107,13,14164.29,17300.0
107,12,14370.643,17700.0
107,11,14578.107,18000.0
107,10,34263.557,35200.0
107,9,34749.161,35700.0
107,8,35237.266,36300.0
107,7,35727.87,36800.0
107,6,36220.974,46100.0
107,5,36716.579,46900.0
107,4,37214.683,47800.0
107,2,154027.06,187260.0
107,1,155771.58,190329.0
108,108,2.3390033,7.6
108,107,13.11084,18.2
108,106,12.242469,29.3
108,105,24.753679,37.7
108,104,25.715069,51.2
108,103,33.030828,64.0
108,102,40.913492,78.1
108,101,49.363059,91.7
108,100,155.54206,159.9
108,99,174.63233,173.9
108,98,194.34761,206.1
108,97,214.6879,227.0
108,96,235.6532,258.0
108,95,257.24351,285.0
108,94,279.45883,314.0
108,93,302.29917,351.0
108,92,325.76452,371.0
108,91,484.5628,409.0
108,78,956.36543,984.0
108,77,998.77693,1020.0
108,76,1041.8134,1060.0
108,75,1085.475,1101.0
108,74,1129.7615,1140.0
108,73,1174.673,1180.0
108,72,1220.2096,1253.0
108,71,1266.3711,1294.0
108,70,1313.1577,1338.0
108,69,2939.2294,1379.0
108,46,4278.9507,4339.0
108,45,4373.0427,4425.0
108,44,4467.8651,4516.0
108,43,4563.418,4610.0
108,42,4659.7014,4700.0
108,41,4756.7153,4790.0
108,40,4854.4596,5020.0
108,39,4952.9344,5110.0
108,38,5052.1397,5220.0
108,37,5152.0755,5310.0
108,36,6008.7472,5700.0
108,35,6119.1878,5780.0
108,34,6230.3589,5880.0
108,33,6342.2606,5980.0
108,32,6454.8926,6840.0
108,31,6568.2552,6950.0
108,30,6682.3482,7230.0
108,29,6797.1717,7340.0
108,28,10574.141,11200.0
108,27,10755.361,11390.0
108,26,10937.692,11610.0
108,25,11121.135,11830.0
108,24,11305.688,12040.0
108,23,11491.353,12250.0
108,22,11678.129,12910.0
108,21,11866.016,13130.0
108,20,12055.014,13400.0
108,19,12245.124,13600.0
108,18,13432.795,14200.0
108,17,13635.709,14400.0
108,16,13839.734,14600.0
108,15,14044.87,14800.0
108,14,14251.117,17500.0
108,13,14458.475,17700.0
108,12,14666.945,18200.0
108,11,14876.525,18400.0
108,10,34949.964,35900.0
108,9,35440.331,36400.0
108,8,35933.197,37000.0
108,7,36428.563,37500.0
108,6,36926.429,47300.0
108,5,37426.796,48100.0
108,4,37929.662,49000.0
108,2,156935.96,191784.0
108,1,158696.8,194911.0
109,105,9.5771972,50.0
109,102,52.945737,94.0
109,101,62.475121,109.0
109,100,181.44764,187.0
109,99,201.72841,202.0
109,98,222.63418,235.9
109,97,244.16497,257.0
109,96,266.32077,289.0
109,95,289.10158,318.0
109,94,312.5074,346.0
109,93,336.53824,386.0
109,92,361.19408,406.0
109,91,535.15369,445.0
109,78,1014.5298,1035.0
109,77,1058.1318,1072.0
109,76,1102.3588,1112.0
109,75,1147.2108,1154.0
109,74,1192.6878,1195.0
109,73,1238.7899,1234.0
109,72,1285.5169,1311.0
109,71,1332.869,1352.0
109,70,1380.846,1397.0
109,69,3064.9115,1439.0
109,46,4410.5354,4464.0
109,45,4506.0187,4551.0
109,44,4602.2325,4640.0
109,43,4699.1768,4740.0
109,42,4796.8516,4830.0
109,41,4895.2568,4920.0
109,40,4994.3925,5160.0
109,39,5094.2587,5250.0
109,38,5194.8554,5360.0
109,37,5296.1825,5450.0
109,36,6164.3828,5840.0
109,35,6276.2148,5930.0
109,34,6388.7773,6030.0
109,33,6502.0703,6130.0
109,32,6616.0938,7030.0
109,31,6730.8477,7150.0
109,30,6846.3321,7430.0
109,29,6962.547,7550.0
109,28,10828.718,11460.0
109,27,11012.055,11660.0
109,26,11196.503,11870.0
109,25,11382.062,12100.0
109,24,11568.732,12320.0
109,23,11756.513,12530.0
109,22,11945.406,13200.0
109,21,12135.409,13400.0
109,20,12326.524,13700.0
109,19,12518.749,13900.0
109,18,13719.422,14500.0
109,17,13924.452,14700.0
109,16,14130.593,14900.0
109,15,14337.846,15100.0
109,14,14546.209,17900.0
109,13,14755.684,18200.0
109,12,14966.27,18700.0
109,11,15177.967,18900.0
109,10,35643.174,36700.0
109,9,36138.303,37200.0
109,8,36635.931,37800.0
109,7,37136.059,38300.0
109,6,37638.687,48500.0
109,5,38143.816,49400.0
109,4,38651.444,50300.0
109,2,159872.06,196392.0
109,1,161649.24,199605.0
110,105,18.362734,65.0
110,102,66.520578,112.9
110,101,77.12978,128.0
110,100,209.05393,216.0
110,99,230.5252,231.0
110,98,252.62147,266.0
110,97,275.34276,288.0
110,96,298.68905,322.0
110,95,322.66036,352.0
110,94,347.25668,380.0
110,93,372.47801,422.0
110,92,398.32436,442.0
110,91,587.90336,483.0
110,78,1074.3948,1087.0
110,77,1119.1873,1125.0
110,76,1164.6048,1165.0
110,75,1210.6473,1208.0
110,74,1257.3149,1250.0
110,73,1304.6074,1290.0
110,72,1352.5249,1369.0
110,71,1401.0675,1412.0
110,70,1450.2351,1457.0
110,69,3193.1844,1500.0
110,46,4544.1077,4590.0
110,45,4640.9824,4680.0
110,44,4738.5876,4770.0
110,43,4836.9233,4870.0
110,42,4935.9894,4960.0
110,41,5035.786,5060.0
110,40,5136.3131,5300.0
110,39,5237.5707,5400.0
110,38,5339.5587,5500.0
110,37,5442.2772,5600.0
110,36,6322.0061,5990.0
110,35,6435.2295,6080.0
110,34,6549.1834,6190.0
110,33,6663.8677,6280.0
110,32,6779.2826,7230.0
110,31,6895.4279,7350.0
110,30,7012.3037,7640.0
110,29,7129.9099,7750.0
110,28,11086.319,11730.0
110,27,11271.773,11930.0
110,26,11458.337,12140.0
110,25,11646.012,12380.0
110,24,11834.799,12600.0
110,23,12024.696,12810.0
110,22,12215.705,13500.0
110,21,12407.825,13700.0
110,20,12601.056,14000.0
110,19,12795.399,14200.0
110,18,14009.072,14800.0
110,17,14216.218,15000.0
110,16,14424.476,15300.0
110,15,14633.845,15500.0
110,14,14844.325,18400.0
110,13,15055.916,18600.0
110,12,15268.619,19100.0
110,11,15482.432,19400.0
110,10,36343.187,37400.0
110,9,36843.078,37900.0
110,8,37345.468,38500.0
110,7,37850.358,39100.0
110,6,38357.748,49800.0
110,5,38867.639,50700.0
110,4,39380.029,51600.0
110,2,162835.38,201112.0
110,1,164628.89,204394.0
