Z,N,IE_pred_eV,IE_ref_eV
1,1,13.605693,13.598434599702
2,2,39.320453,24.587389011
2,1,54.422772,54.4177655282
3,3,5.7484053,5.391714996
3,2,99.185503,75.640097
3,1,122.45124,122.45435913
4,4,12.933912,9.322699
4,3,17.993529,18.21115
4,2,186.26194,153.896205
4,1,217.69109,217.71858459
5,5,22.993621,8.298019
5,4,29.600886,25.15483
5,3,37.0415,37.93059
5,2,300.54976,259.374379
5,1,340.14233,340.2260225
6,6,35.927533,11.260288
6,5,44.082446,24.383143
6,4,53.070707,47.88778
6,3,62.892316,64.49352
6,2,442.04897,392.09056
6,1,489.80495,489.99320779
7,7,51.735648,14.53413
7,6,61.438208,29.60125
7,5,71.974117,47.4453
7,4,83.343374,77.4735
7,3,95.54598,97.8901
7,2,610.75956,552.06741
7,1,666.67896,667.0461377
8,8,70.417965,13.618055
8,7,81.668173,35.12112
8,6,93.751729,54.93554
8,5,106.66863,77.4135
8,4,120.41889,113.899
8,3,135.00249,138.1189
8,2,806.68155,739.32697
8,1,870.76436,871.4099138
9,9,91.974486,17.42282
9,8,104.77234,34.97081
9,7,118.40354,62.70798
9,6,132.8681,87.175
9,5,148.166,114.249
9,4,164.29725,157.16311
9,3,181.26185,185.1868
9,2,1029.8149,953.8983
9,1,1102.0611,1103.1175302
10,10,116.40521,21.564541
10,9,130.75071,40.96297
10,8,145.92956,63.4233
10,7,161.94176,97.19
10,6,178.78731,126.247
10,5,196.46621,157.934
10,4,214.97845,207.271
10,3,234.32405,239.097
10,2,1280.1597,1195.8082
10,1,1360.5693,1362.199256
11,11,7.3168394,5.13907696
11,10,159.60328,47.28636
11,9,176.32978,71.62
11,8,193.88963,98.936
11,7,212.28283,138.404
11,6,231.50937,172.23
11,5,251.56927,208.504
11,4,272.46251,264.192
11,3,294.1891,299.856
11,2,1557.7158,1465.0992
11,1,1646.2889,1648.702285
12,12,12.279138,7.646236
12,11,15.480255,15.035271
12,10,209.60421,80.1436
12,9,228.7117,109.2654
12,8,248.65255,141.33
12,7,269.42674,186.76
12,6,291.03428,225.02
12,5,313.47517,265.924
12,4,336.74941,327.99
12,3,360.857,367.489
12,2,1862.4833,1761.8049
12,1,1959.2198,1962.663889
13,13,18.51886,5.985769
13,12,22.407821,18.82855
13,11,26.667159,28.447642
13,10,266.40797,119.9924
13,9,287.89647,153.8252
13,8,310.21831,190.49
13,7,333.3735,241.76
13,6,357.36203,284.64
13,5,382.18392,330.21
13,4,407.83915,398.65
13,3,434.32774,442.005
13,2,2194.4622,2085.97693
13,1,2299.3621,2304.140359
14,14,26.036006,8.15168
14,13,30.61281,16.34585
14,12,35.559991,33.493
14,11,40.877549,45.14179
14,10,330.01459,166.767
14,9,353.88408,205.279
14,8,378.58691,246.57
14,7,404.1231,303.59
14,6,430.49263,351.28
14,5,457.69552,401.38
14,4,485.73175,476.273
14,3,514.60133,523.415
14,2,2553.6525,2437.65805
14,1,2666.7159,2673.177958
15,15,34.830574,10.486686
15,14,40.095222,19.76949
15,13,45.730246,30.20264
15,12,51.735648,51.44387
15,11,58.111427,65.02511
15,10,400.42405,220.43
15,9,426.67454,263.57
15,8,453.75837,309.6
15,7,481.67555,372.31
15,6,510.42608,424.4
15,5,540.00996,479.44
15,4,570.42719,560.62
15,3,601.67776,611.741
15,2,2940.0542,2816.90868
15,1,3061.281,3069.842145
16,16,44.902567,10.3600167
16,15,50.855057,23.33788
16,14,57.177925,34.86
16,13,63.87117,47.222
16,12,70.934793,72.5945
16,11,78.368792,88.0529
16,10,477.63636,280.954
16,9,506.26784,328.794
16,8,535.73267,379.84
16,7,566.03085,447.7
16,6,597.16237,504.55
16,5,629.12725,564.41
16,4,661.92547,651.96
16,3,695.55705,706.994
16,2,3353.6673,3223.78057
16,1,3483.0574,3494.188518
17,17,56.251982,12.967633
17,16,62.892316,23.81364
17,15,69.903028,39.8
17,14,77.284116,53.24
17,13,85.035582,67.68
17,12,93.157425,96.94
17,11,101.64965,114.2013
17,10,561.65152,348.306
17,9,592.66399,400.851
17,8,624.50982,456.7
17,7,657.18899,530.0
17,6,690.70151,591.58
17,5,725.04739,656.3
17,4,760.22661,750.23
17,3,796.23918,809.198
17,2,3794.4918,3658.34366
17,1,3932.0453,3946.29179
18,18,68.878821,15.7596119
18,17,76.206999,27.62967
18,16,83.905554,40.735
18,15,91.974486,59.58
18,14,100.41379,74.84
18,13,109.22348,91.29
18,12,118.40354,124.41
18,11,127.95399,143.4567
18,10,652.46952,422.6
18,9,685.86299,479.76
18,8,720.08981,540.4
18,7,755.14998,619.0
18,6,791.0435,685.5
18,5,827.77037,755.13
18,4,865.33059,855.5
18,3,903.72415,918.375
18,2,4262.5276,4120.66559
18,1,4408.2446,4426.22407
19,19,4.8101939,4.34066373
19,18,90.799105,31.625
19,17,99.185503,45.8031
19,16,107.94228,60.917
19,15,117.06943,82.66
19,14,126.56696,99.44
19,13,136.43487,117.56
19,12,146.67315,154.87
19,11,157.28181,175.8174
19,10,750.09037,503.67
19,9,785.86483,565.6
19,8,822.47265,631.1
19,7,859.91382,714.7
19,6,898.18834,786.3
19,5,937.2962,860.92
19,4,977.23741,967.7
19,3,1018.012,1034.542
19,2,4757.7748,4610.80714
19,1,4911.6552,4934.04979
20,20,8.0724794,6.113154921
20,19,10.176939,11.871719
20,18,115.74288,50.91316
20,17,125.18749,67.2732
20,16,135.00249,84.34
20,15,145.18786,108.78
20,14,155.74361,127.21
20,13,166.66974,147.24
20,12,177.96625,188.54
20,11,189.63313,211.275
20,10,854.51406,591.6
20,9,892.66953,658.2
20,8,931.65834,728.6
20,7,971.4805,817.2
20,6,1012.136,894.0
20,5,1053.6249,973.7
20,4,1095.9471,1086.8
20,3,1139.1026,1157.726
20,2,5280.2334,5128.8576
20,1,5442.2772,5469.86358
21,21,8.9445755,6.56149
21,20,11.153389,12.79977
21,19,13.605693,24.756839
21,18,143.71013,73.4894
21,17,154.21297,91.95
21,16,165.08619,110.68
21,15,176.32978,137.99
21,14,187.94375,158.08
21,13,199.9281,180.03
21,12,212.28283,225.18
21,11,225.00793,249.798
21,10,965.7406,687.36
21,9,1006.2771,757.7
21,8,1047.6469,833.2
21,7,1089.85,926.5
21,6,1132.8865,1008.6
21,5,1176.7564,1093.5
21,4,1221.4596,1213.1
21,3,1266.9962,1287.957
21,2,5829.9034,5674.9036
21,1,6000.1107,6033.75643
22,22,9.8613944,6.82812
22,21,12.174561,13.5755
22,20,20.140205,27.49171
22,19,24.187899,43.26717
22,18,174.70088,99.299
22,17,186.26194,119.533
22,16,198.19338,140.68
22,15,210.49519,170.5
22,14,223.16738,192.1
22,13,236.20995,215.92
22,12,249.6229,265.07
22,11,263.40622,291.5
22,10,1083.77,787.67
22,9,1126.6874,864.0
22,8,1170.4383,944.5
22,7,1215.0224,1042.5
22,6,1260.4399,1130.2
22,5,1306.6908,1220.3
22,4,1353.775,1346.3
22,3,1401.6925,1425.257
22,2,6406.7848,6249.0226
22,1,6585.1555,6625.81023
23,23,10.822936,6.746187
23,22,23.586981,14.634
23,21,27.952141,29.3111
23,20,32.687678,46.709
23,19,37.793592,65.28165
23,18,208.71511,128.125
23,17,221.33439,150.72
23,16,234.32405,173.55
23,15,247.68408,206.0
23,14,261.4145,230.5
23,13,275.51529,254.8
23,12,289.98645,308.5
23,11,304.828,336.274
23,10,1208.6022,896.0
23,9,1253.9007,977.2
23,8,1300.0325,1062.9
23,7,1346.9976,1165.2
23,6,1394.7961,1258.9
23,5,1443.428,1354.2
23,4,1492.8932,1486.7
23,3,1543.1917,1569.656
23,2,7010.8776,6851.3112
23,1,7197.4117,7246.12624
24,24,8.6489076,6.76651
24,23,31.988496,16.486305
24,22,37.0415,30.959
24,21,42.46488,49.16
24,20,48.258638,69.46
24,19,54.422772,90.6349
24,18,245.75283,160.29
24,17,259.43033,184.76
24,16,273.47821,209.5
24,15,287.89647,244.5
24,14,302.6851,270.8
24,13,317.84411,296.7
24,12,333.3735,354.7
24,11,349.27326,384.163
24,10,1340.2373,1011.6
24,9,1387.9168,1097.2
24,8,1436.4296,1188.0
24,7,1485.7757,1294.8
24,6,1535.9552,1394.5
24,5,1586.968,1495.1
24,4,1638.8142,1634.1
24,3,1691.4938,1721.183
24,2,7642.1818,7481.8624
24,1,7836.8792,7894.80289
25,25,12.880189,7.434038
25,24,15.506415,15.63999
25,23,47.408282,33.668
25,22,53.519506,51.21
25,21,60.001107,72.41
25,20,66.853085,95.604
25,19,74.07544,119.203
25,18,285.81404,195.5
25,17,300.54976,221.89
25,16,315.65586,248.6
25,15,331.13234,286.1
25,14,346.97919,314.4
25,13,363.19642,343.6
25,12,379.78403,402.95
25,11,396.74201,435.172
25,10,1478.6752,1133.7
25,9,1528.7357,1224.1
25,8,1579.6295,1320.3
25,7,1631.3566,1430.9
25,6,1683.9171,1537.2
25,5,1737.311,1643.2
25,4,1791.5381,1788.7
25,3,1846.5987,1879.873
25,2,8300.6973,8140.7864
25,1,8503.5582,8571.95438
26,26,13.975899,7.9024681
26,25,16.706479,16.19921
26,24,59.052488,30.651
26,23,65.851555,54.91
26,22,73.020999,75.0
26,21,80.560821,98.985
26,20,88.47102,124.9671
26,19,96.751596,151.06
26,18,328.89873,233.6
26,17,344.69268,262.1
26,16,360.857,290.9
26,15,377.39169,330.8
26,14,394.29677,361.0
26,13,411.57222,392.2
26,12,429.21805,456.2
26,11,447.23425,489.312
26,10,1623.916,1262.7
26,9,1676.3574,1357.8
26,8,1729.6322,1460.0
26,7,1783.7404,1575.6
26,6,1838.6819,1687.0
26,5,1894.4567,1798.4
26,4,1951.0649,1950.4
26,3,2008.5064,2045.759
26,2,8986.4243,8828.1864
26,1,9197.4486,9277.6886
27,27,15.116333,7.88101
27,26,64.857583,17.0844
27,25,71.974117,33.5
27,24,79.461027,51.27
27,23,87.318315,79.5
27,22,95.54598,102.0
27,21,104.14402,128.9
27,20,113.11244,157.8
27,19,122.45124,186.14
27,18,375.00692,275.4
27,17,391.85908,305.32
27,16,409.08162,336.1
27,15,426.67454,378.5
27,14,444.63783,410.0
27,13,462.9715,441.1
27,12,481.67555,511.96
27,11,500.74998,546.588
27,10,1775.9596,1397.2
27,9,1830.7821,1504.5
27,8,1886.4379,1606.0
27,7,1942.927,1724.0
27,6,2000.2495,1844.0
27,5,2058.4053,1960.8
27,4,2117.3945,2119.4
27,3,2177.217,2218.876
27,2,9699.3626,9544.1817
27,1,9918.5503,10012.1297
28,28,16.301489,7.639878
28,27,78.368792,18.168838
28,26,86.173169,35.187
28,25,94.347923,54.92
28,24,102.89305,76.06
28,23,111.80856,108.0
28,22,121.09445,132.0
28,21,130.75071,162.0
28,20,140.77735,193.2
28,19,151.17437,224.7
28,18,424.13859,319.5
28,17,442.04897,351.6
28,16,460.32973,384.5
28,15,478.98087,429.3
28,14,498.00238,462.8
28,13,517.39427,495.4
28,12,537.15654,571.07
28,11,557.28919,607.02
28,10,1934.8061,1540.1
28,9,1992.0095,1646.0
28,8,2050.0463,1758.0
28,7,2108.9164,1880.0
28,6,2168.6199,2008.1
28,5,2229.1568,2130.5
28,4,2290.5269,2295.6
28,3,2352.7305,2399.259
28,2,10439.512,10288.8848
28,1,10666.863,10775.3948
29,29,13.605693,7.72638
29,28,93.157425,20.29239
29,27,101.64965,36.841
29,26,110.51224,57.38
29,25,119.74522,79.8
29,24,129.34857,103.0
29,23,139.3223,139.0
29,22,149.6664,166.0
29,21,160.38089,198.0
29,20,171.46575,232.2
29,19,182.92099,265.33
29,18,476.29374,367.0
29,17,495.26235,401.0
29,16,514.60133,436.0
29,15,534.31069,483.1
29,14,554.39042,518.7
29,13,574.84053,552.8
29,12,595.66102,632.5
29,11,616.85189,670.608
29,10,2100.4554,1690.5
29,9,2160.0398,1800.0
29,8,2220.4576,1918.0
29,7,2281.7088,2044.0
29,6,2343.7932,2179.4
29,5,2406.7111,2307.3
29,4,2470.4622,2479.1
29,3,2535.0468,2586.954
29,2,11206.873,11062.4309
29,1,11442.388,11567.6237
30,30,18.80597,9.394197
30,29,21.953964,17.96439
30,28,118.40354,39.7233
30,27,127.95399,59.573
30,26,137.8748,82.6
30,25,148.166,108.0
30,24,158.82757,133.9
30,23,169.85952,173.9
30,22,181.26185,203.0
30,21,193.03455,238.0
30,20,205.17763,274.4
30,19,217.69109,310.8
30,18,531.47239,417.6
30,17,551.49921,453.4
30,16,571.89641,490.6
30,15,592.66399,540.0
30,14,613.80195,577.8
30,13,635.31028,613.3
30,12,657.18899,697.5
30,11,679.43808,737.366
30,10,2272.9076,1846.8
30,9,2334.873,1961.0
30,8,2397.6718,2085.0
30,7,2461.3039,2214.0
30,6,2525.7694,2358.0
30,5,2591.0682,2491.5
30,4,2657.2004,2669.9
30,3,2724.1659,2781.996
30,2,12001.446,11864.9401
30,1,12245.124,12388.9427
31,31,24.846043,5.999302
31,30,28.446235,20.51514
31,29,32.289917,30.72576
31,28,146.67315,63.241
31,27,157.28181,86.01
31,26,168.26085,112.7
31,25,179.61027,140.8
31,24,191.33006,169.9
31,23,203.42023,211.0
31,22,215.88078,244.0
31,21,228.7117,280.0
31,20,241.913,319.0
31,19,255.48468,356.0
31,18,589.67452,471.2
31,17,610.75956,508.8
31,16,632.21499,548.3
31,15,654.04079,599.8
31,14,676.23696,640.0
31,13,698.80352,677.0
31,12,721.74045,765.7
31,11,745.04776,807.308
31,10,2452.1626,2010.0
31,9,2516.509,2129.0
31,8,2581.6888,2258.0
31,7,2647.7019,2391.0
31,6,2714.5484,2543.9
31,5,2782.2282,2683.0
31,4,2850.7414,2868.0
31,3,2920.0879,2984.426
31,2,12823.23,12696.5581
31,1,13075.071,13239.5029
32,32,31.725912,7.899435
32,31,35.778302,15.93461
32,30,40.074183,34.0576
32,29,44.613555,45.7155
32,28,177.96625,90.5
32,27,189.63313,115.9
32,26,201.67039,144.9
32,25,214.07802,176.4
32,24,226.85604,212.5
32,23,240.00443,252.1
32,22,253.52319,286.0
32,21,267.41234,326.0
32,20,281.67186,367.0
32,19,296.30176,407.0
32,18,650.90014,527.9
32,17,673.0434,567.3
32,16,695.55705,609.1
32,15,718.44107,662.8
32,14,741.69546,706.7
32,13,765.32024,744.0
32,12,789.31539,837.1
32,11,813.68092,880.44
32,10,2638.2204,2178.2
32,9,2704.9478,2304.0
32,8,2772.5086,2439.0
32,7,2840.9027,2575.0
32,6,2910.1302,2737.1
32,5,2980.191,2881.9
32,4,3051.0852,3074.0
32,3,3122.8127,3194.293
32,2,13672.225,13557.4218
32,1,13932.23,14119.4457
33,33,39.445578,9.78855
33,32,43.950165,18.5892
33,31,48.698244,28.349
33,30,53.689814,50.15
33,29,58.924875,62.77
33,28,212.28283,121.19
33,27,225.00793,147.0
33,26,238.10341,180.0
33,25,251.56927,213.0
33,24,265.4055,247.0
33,23,279.61211,296.0
33,22,294.1891,333.0
33,21,309.13647,375.0
33,20,324.45421,418.0
33,19,340.14233,460.0
33,18,715.14924,587.6
33,17,738.35073,628.8
33,16,761.92259,672.9
33,15,785.86483,728.9
33,14,810.17745,774.0
33,13,834.86045,814.0
33,12,859.91382,911.7
33,11,885.33757,956.79
33,10,2831.0811,2356.9
33,9,2900.1895,2486.0
33,8,2970.1313,2626.0
33,7,3040.9064,2766.0
33,6,3112.5149,2938.0
33,5,3184.9567,3088.1
33,4,3258.2319,3287.0
33,3,3332.3404,3411.643
33,2,14548.432,14447.6799
33,1,14816.6,15028.9251
34,34,48.00504,9.752368
34,33,52.961825,21.196
34,32,58.162102,31.697
34,31,63.60587,42.947
34,30,69.293129,68.3
34,29,75.22388,81.83
34,28,249.6229,155.327
34,27,263.40622,184.0
34,26,277.55992,219.0
34,25,292.084,255.0
34,24,306.97845,291.0
34,23,322.24328,342.9
34,22,337.87849,383.0
34,21,353.88408,426.0
34,20,370.26004,473.0
34,19,387.00638,517.0
34,18,782.42184,650.5
34,17,806.68155,693.4
34,16,831.31163,739.8
34,15,856.31209,798.0
34,14,881.68293,845.8
34,13,907.42414,887.0
34,12,933.53574,989.6
34,11,960.01771,1036.36
34,10,3030.7447,2540.7
34,9,3102.2341,2674.0
34,8,3174.5569,2820.0
34,7,3247.713,2964.0
34,6,3321.7024,3146.0
34,5,3396.5252,3301.8
34,4,3472.1814,3507.0
34,3,3548.6709,3636.526
34,2,15451.85,15367.493
34,1,15728.181,15968.1075
35,35,57.404298,11.81381
35,34,62.813281,21.591
35,33,68.465756,34.871
35,32,74.361722,47.782
35,31,80.501179,59.595
35,30,86.884128,87.39
35,29,93.510567,103.03
35,28,289.98645,192.61
35,27,304.828,224.0
35,26,320.03992,261.0
35,25,335.62221,301.0
35,24,351.57489,338.0
35,23,367.89794,393.0
35,22,384.59137,436.0
35,21,401.65518,481.0
35,20,419.08936,530.0
35,19,436.89392,577.0
35,18,852.71792,716.3
35,17,878.03585,761.0
35,16,903.72415,809.8
35,15,929.78283,870.0
35,14,956.21189,920.8
35,13,983.01133,963.0
35,12,1010.1811,1070.6
35,11,1037.7213,1119.17
35,10,3237.2111,2731.4
35,9,3311.0815,2869.0
35,8,3385.7852,3021.0
35,7,3461.3223,3169.0
35,6,3537.6928,3361.0
35,5,3614.8966,3523.1
35,4,3692.9338,3735.0
35,3,3771.8043,3868.986
35,2,16382.479,16317.014
35,1,16666.974,16937.1497
36,36,67.643352,13.9996055
36,35,73.504533,24.35984
36,34,79.609206,35.838
36,33,85.95737,50.85
36,32,92.549025,64.69
36,31,99.384172,78.49
36,30,106.46281,109.13
36,29,113.78494,125.802
36,28,333.3735,233.0
36,27,349.27326,268.0
36,26,365.5434,308.0
36,25,382.18392,350.0
36,24,399.19482,391.0
36,23,416.57609,446.0
36,22,434.32774,492.0
36,21,452.44977,540.0
36,20,470.94217,591.0
36,19,489.80495,640.0
36,18,926.03749,785.316
36,17,952.41364,831.6
36,16,979.16016,882.8
36,15,1006.2771,945.0
36,14,1033.7643,999.0
36,13,1061.622,1042.0
36,12,1089.85,1155.0
36,11,1118.4484,1205.23
36,10,3450.4803,2928.9
36,9,3526.7317,3072.0
36,8,3603.8165,3228.0
36,7,3681.7346,3380.0
36,6,3760.486,3584.0
36,5,3840.0708,3752.0
36,4,3920.489,3971.0
36,3,4001.7405,4109.083
36,2,17340.32,17296.424
36,1,17632.978,17936.2405
37,37,4.1157222,4.1771281
37,36,85.035582,27.28954
37,35,91.592453,39.247
37,34,98.392815,52.2
37,33,105.43667,68.44
37,32,112.72401,82.9
37,31,120.25485,98.67
37,30,128.02917,132.79
37,29,136.04699,150.628
37,28,379.78403,277.12
37,27,396.74201,313.1
37,26,414.07037,356.0
37,25,431.76911,400.0
37,24,449.83823,443.0
37,23,468.27772,502.0
37,22,487.08759,550.0
37,21,506.26784,601.0
37,20,525.81847,654.0
37,19,545.73947,706.0
37,18,1002.3805,857.0
37,17,1029.8149,905.3
37,16,1057.6197,958.9
37,15,1085.7948,1024.0
37,14,1114.3403,1080.0
37,13,1143.2562,1125.0
37,12,1172.5424,1242.5
37,11,1202.199,1294.57
37,10,3670.5524,3133.3
37,9,3749.1848,3281.0
37,8,3828.6505,3443.0
37,7,3908.9496,3600.0
37,6,3990.0821,3815.0
37,5,4072.0479,3988.0
37,4,4154.847,4214.0
37,3,4238.4795,4356.865
37,2,18325.372,18305.886
37,1,18626.194,18965.5484
38,38,6.9070151,5.69486745
38,37,8.7076436,11.0302765
38,36,104.4155,42.88353
38,35,111.66806,56.28
38,34,119.16411,70.7
38,33,126.90365,88.0
38,32,134.88668,104.0
38,31,143.11321,121.21
38,30,151.58322,158.33
38,29,160.29673,177.3
38,28,429.21805,324.07
38,27,447.23425,362.0
38,26,465.62083,408.0
38,25,484.37779,454.0
38,24,503.50513,499.0
38,23,523.00284,562.0
38,22,542.87093,612.0
38,21,563.1094,665.0
38,20,583.71825,722.0
38,19,604.69747,774.0
38,18,1081.7471,932.0
38,17,1110.2397,982.1
38,16,1139.1026,1038.0
38,15,1168.336,1105.0
38,14,1197.9397,1165.0
38,13,1227.9138,1211.0
38,12,1258.2583,1333.4
38,11,1288.9731,1387.19
38,10,3897.4273,3344.7
38,9,3978.4407,3497.0
38,8,4060.2875,3664.0
38,7,4142.9676,3830.0
38,6,4226.481,4053.0
38,5,4310.8278,4232.0
38,4,4396.008,4465.0
38,3,4482.0214,4612.397
38,2,19337.636,19345.59
38,1,19646.621,20025.2673
39,39,8.9445755,6.21726
39,38,12.604399,12.2236
39,37,8.9445755,20.52441
39,36,125.78309,60.6072
39,35,133.73134,75.35
39,34,141.92308,91.39
39,33,150.35831,110.02
39,32,159.03704,128.12
39,31,167.95925,145.64
39,30,177.12496,185.7
39,29,186.53415,205.814
39,28,481.67555,374.04
39,27,500.74998,414.0
39,26,520.19478,463.0
39,25,540.00996,512.0
39,24,560.19552,559.0
39,23,580.75145,624.0
39,22,601.67776,677.0
39,21,622.97445,733.0
39,20,644.64152,790.0
39,19,666.67896,847.0
39,18,1164.1371,1010.0
39,17,1193.6879,1061.9
39,16,1223.6091,1120.2
39,15,1253.9007,1190.0
39,14,1284.5626,1253.0
39,13,1315.5949,1300.0
39,12,1346.9976,1427.6
39,11,1378.7707,1483.12
39,10,4131.1051,3562.9
39,9,4214.4995,3720.0
39,8,4298.7272,3892.0
39,7,4383.7883,4060.0
39,6,4469.6828,4299.0
39,5,4556.4106,4484.0
39,4,4643.9717,4724.0
39,3,4732.3662,4875.731
39,2,20377.111,20415.719
39,1,20694.259,21115.588
40,40,8.4376556,6.634126
40,39,10.416859,13.13
40,38,13.240456,23.17
40,37,15.901467,34.41836
40,36,149.13837,80.348
40,35,157.78231,96.38
40,34,166.66974,112.0
40,33,175.80066,133.7
40,32,185.17507,153.0
40,31,194.79298,172.02
40,30,204.65437,214.9
40,29,214.75926,236.252
40,28,537.15654,426.0
40,27,557.28919,470.0
40,26,577.79221,520.0
40,25,598.66561,573.0
40,24,619.90939,622.0
40,23,641.52355,690.0
40,22,663.50808,745.0
40,21,685.86299,803.0
40,20,708.58828,863.0
40,19,731.68394,922.0
40,18,1249.5506,1092.0
40,17,1280.1597,1144.7
40,16,1311.1391,1205.4
40,15,1342.4889,1277.0
40,14,1374.209,1344.0
40,13,1406.2996,1392.0
40,12,1438.7605,1525.1
40,11,1471.5918,1582.37
40,10,4371.5857,3788.0
40,9,4457.3611,3950.0
40,8,4543.9699,4127.0
40,7,4631.412,4300.0
40,6,4719.6874,4553.0
40,5,4808.7962,4744.0
40,4,4898.7383,4991.0
40,3,4989.5138,5146.935
40,2,21443.797,21516.471
40,1,21769.109,22236.712
41,41,6.6667896,6.75885
41,40,15.506415,14.32
41,39,18.376133,25.04
41,38,21.489343,37.611
41,37,24.846043,50.5728
41,36,174.48134,102.069
41,35,183.82096,119.1
41,34,193.40408,136.0
41,33,203.23069,159.2
41,32,213.30079,180.0
41,31,223.61439,200.28
41,30,234.17147,246.1
41,29,244.97205,268.59
41,28,595.66102,482.5
41,27,616.85189,530.0
41,26,638.41314,581.0
41,25,660.34476,636.0
41,24,682.64676,688.0
41,23,705.31913,758.0
41,22,728.36188,816.0
41,21,751.77501,877.0
41,20,775.55852,940.0
41,19,799.71241,1000.0
41,18,1337.9876,1176.0
41,17,1369.6549,1230.6
41,16,1401.6925,1293.7
41,15,1434.1005,1368.0
41,14,1466.8789,1439.0
41,13,1500.0277,1488.0
41,12,1533.5468,1625.9
41,11,1567.4363,1684.97
41,10,4618.8692,4020.1
41,9,4707.0256,4187.0
41,8,4796.0153,4369.0
41,7,4885.8384,4540.0
41,6,4976.4948,4815.0
41,5,5067.9846,5011.0
41,4,5160.3078,5265.0
41,3,5253.4642,5426.066
41,2,22537.695,22648.046
41,1,22871.17,23388.85
42,42,7.4002215,7.09243
42,41,21.029691,16.16
42,40,24.351607,27.13
42,39,27.917014,40.33
42,38,31.725912,54.417
42,37,35.778302,68.82704
42,36,201.81198,125.638
42,35,211.8473,143.6
42,34,222.12611,164.12
42,33,232.64841,186.3
42,32,243.4142,209.3
42,31,254.42348,230.28
42,30,265.67625,279.1
42,29,277.17252,302.6
42,28,657.18899,544.0
42,27,679.43808,591.0
42,26,702.05754,646.0
42,25,725.04739,702.0
42,24,748.40761,758.0
42,23,772.1382,829.0
42,22,796.23918,890.0
42,21,820.71053,953.0
42,20,845.55225,1019.0
42,19,870.76436,1082.0
42,18,1429.4481,1263.0
42,17,1462.1736,1319.6
42,16,1495.2695,1385.1
42,15,1528.7357,1462.0
42,14,1562.5723,1537.0
42,13,1596.7793,1587.0
42,12,1631.3566,1730.1
42,11,1666.3044,1790.93
42,10,4872.9555,4259.0
42,9,4963.4929,4430.0
42,8,5054.8636,4618.0
42,7,5147.0677,4800.0
42,6,5240.1052,5084.0
42,5,5333.9759,5287.0
42,4,5428.6801,5548.0
42,3,5524.2175,5713.194
42,2,23658.804,23810.653
42,1,24000.443,24572.213
43,43,11.020611,7.11938
43,42,13.267677,15.26
43,41,31.166876,29.55
43,40,35.184481,41.0
43,39,39.445578,57.0
43,38,43.950165,72.0
43,37,48.698244,88.0
43,36,231.13031,150.0
43,35,241.86132,169.0
43,34,252.83582,189.9
43,33,264.05381,214.0
43,32,275.51529,239.0
43,31,287.22026,262.08
43,30,299.16872,311.0
43,29,311.36067,338.55
43,28,721.74045,604.0
43,27,745.04776,655.0
43,26,768.72544,713.0
43,25,792.7735,773.0
43,24,817.19194,829.0
43,23,841.98076,904.0
43,22,867.13995,968.0
43,21,892.66953,1032.0
43,20,918.56947,1102.0
43,19,944.8398,1166.0
43,18,1523.9321,1354.0
43,17,1557.7158,1411.6
43,16,1591.8699,1479.5
43,15,1626.3943,1559.0
43,14,1661.2891,1638.0
43,13,1696.5543,1689.0
43,12,1732.1899,1838.0
43,11,1768.1959,1900.28
43,10,5133.8447,4505.0
43,9,5226.7631,4681.0
43,8,5320.5148,4874.0
43,7,5415.0999,5060.0
43,6,5510.5183,5361.0
43,5,5606.7701,5570.0
43,4,5703.8552,5838.0
43,3,5801.7737,6008.391
43,2,24807.124,25004.531
43,1,25156.927,25787.047
44,44,8.9818834,7.3605
44,43,34.59563,16.76
44,42,38.821942,28.47
44,41,43.291745,45.0
44,40,48.00504,59.0
44,39,52.961825,76.0
44,38,58.162102,93.0
44,37,63.60587,110.0
44,36,262.43633,178.41
44,35,273.86302,198.0
44,34,285.53321,219.9
44,33,297.44689,245.0
44,32,309.60406,271.0
44,31,322.00472,295.9
44,30,334.64887,348.0
44,29,347.53651,376.25
44,28,789.31539,670.0
44,27,813.68092,723.0
44,26,838.41682,784.0
44,25,863.52311,845.0
44,24,888.99977,905.0
44,23,914.84681,981.0
44,22,941.06422,1048.0
44,21,967.65201,1115.0
44,20,994.61018,1187.0
44,19,1021.9387,1253.0
44,18,1621.4396,1447.0
44,17,1656.2815,1506.7
44,16,1691.4938,1577.0
44,15,1727.0765,1659.0
44,14,1763.0295,1743.0
44,13,1799.3529,1794.0
44,12,1836.0467,1949.0
44,11,1873.1109,2013.04
44,10,5401.5367,4758.0
44,9,5496.8361,4939.0
44,8,5592.9688,5136.0
44,7,5689.9349,5330.0
44,6,5787.7343,5647.0
44,5,5886.3671,5861.0
44,4,5985.8332,6137.0
44,3,6086.1327,6311.721
44,2,25982.656,26229.888
44,1,26340.622,27033.564
45,45,9.8301133,7.4589
45,44,42.638294,18.08
45,43,47.316804,31.06
45,42,52.238805,42.0
45,41,57.404298,63.0
45,40,62.813281,80.0
45,39,68.465756,97.0
45,38,74.361722,115.1
45,37,80.501179,135.0
45,36,295.73003,207.51
45,35,307.85241,228.0
45,34,320.21829,252.1
45,33,332.82765,277.0
45,32,345.68051,306.0
45,31,358.77686,331.58
45,30,372.1167,389.3
45,29,385.70003,415.97
45,28,859.91382,739.0
45,27,885.33757,794.0
45,26,911.1317,857.0
45,25,937.2962,921.0
45,24,963.83108,984.0
45,23,990.73634,1061.0
45,22,1018.012,1131.0
45,21,1045.658,1202.0
45,20,1073.6744,1274.0
45,19,1102.0611,1344.0
45,18,1721.9705,1544.0
45,17,1757.8707,1604.9
45,16,1794.1412,1677.6
45,15,1830.7821,1763.0
45,14,1867.7933,1851.0
45,13,1905.175,1903.0
45,12,1942.927,2063.0
45,11,1981.0494,2129.22
45,10,5676.0316,5018.0
45,9,5773.7119,5203.0
45,8,5872.2257,5406.0
45,7,5971.5727,5600.0
45,6,6071.7531,5940.0
45,5,6172.7669,6161.0
45,4,6274.614,6444.0
45,3,6377.2945,6623.262
45,2,27185.399,27486.979
45,1,27551.529,28312.031
46,46,46.633538,8.336839
46,45,51.520755,19.43
46,44,56.651463,32.93
46,43,62.025662,46.0
46,42,67.643352,61.0
46,41,73.504533,84.1
46,40,79.609206,101.0
46,39,85.95737,120.0
46,38,92.549025,141.0
46,37,99.384172,159.9
46,36,331.01141,238.57
46,35,343.82948,260.0
46,34,356.89105,286.0
46,33,370.1961,311.0
46,32,383.74465,342.0
46,31,397.53669,369.1
46,30,411.57222,427.0
46,29,425.85124,457.5
46,28,933.53574,810.0
46,27,960.01771,869.0
46,26,986.87005,933.0
46,25,1014.0928,1000.0
46,24,1041.6859,1065.0
46,23,1069.6494,1145.0
46,22,1097.9832,1218.0
46,21,1126.6874,1290.0
46,20,1155.7621,1366.0
46,19,1185.207,1438.0
46,18,1825.525,1644.0
46,17,1862.4833,1706.2
46,16,1899.8121,1781.3
46,15,1937.5112,1869.0
46,14,1975.5807,1962.0
46,13,2014.0205,2016.0
46,12,2052.8308,2181.0
46,11,2092.0114,2248.87
46,10,5957.3293,5284.0
46,9,6057.3906,5475.0
46,8,6158.2854,5683.0
46,7,6260.0134,5880.0
46,6,6362.5748,6242.0
46,5,6465.9696,6469.0
46,4,6570.1977,6759.0
46,3,6675.2592,6943.097
46,2,28415.354,28776.032
46,1,28789.647,29622.678
47,47,11.641371,7.576234
47,46,61.243011,21.4844
47,45,66.825917,34.8
47,44,72.652314,49.0
47,43,78.722203,65.0
47,42,85.035582,82.0
47,41,91.592453,106.0
47,40,98.392815,125.0
47,39,105.43667,145.1
47,38,112.72401,167.0
47,37,120.25485,188.0
47,36,368.28047,271.46
47,35,381.79423,294.0
47,34,395.55149,321.0
47,33,409.55223,347.0
47,32,423.79647,381.0
47,31,438.2842,408.43
47,30,453.01542,469.0
47,29,467.99013,500.87
47,28,1010.1811,885.0
47,27,1037.7213,946.0
47,26,1065.6319,1013.0
47,25,1093.9128,1082.0
47,24,1122.5642,1149.0
47,23,1151.5859,1231.0
47,22,1180.9779,1308.0
47,21,1210.7404,1382.0
47,20,1240.8732,1460.0
47,19,1271.3764,1535.0
47,18,1932.1029,1747.0
47,17,1970.1195,1810.5
47,16,2008.5064,1888.0
47,15,2047.2638,1979.0
47,14,2086.3915,2077.0
47,13,2125.8896,2131.0
47,12,2165.758,2302.0
47,11,2205.9968,2371.99
47,10,6245.4298,5558.0
47,9,6347.8722,5753.0
47,8,6451.1479,5966.0
47,7,6555.257,6170.0
47,6,6660.1994,6551.0
47,5,6765.9751,6785.0
47,4,6872.5842,7082.0
47,3,6980.0267,7271.298
47,2,29672.52,30097.314
47,1,30054.976,30965.78
48,48,16.090858,8.99382
48,47,18.78436,16.908313
48,46,77.840168,37.468
48,45,84.118763,51.0
48,44,90.640849,67.9
48,43,97.406427,87.0
48,42,104.4155,105.0
48,41,111.66806,130.1
48,40,119.16411,150.0
48,39,126.90365,173.0
48,38,134.88668,195.0
48,37,143.11321,218.0
48,36,407.53722,305.0
48,35,421.74667,329.0
48,34,436.19961,358.0
48,33,450.89605,385.0
48,32,465.83597,421.0
48,31,481.01939,452.6
48,30,496.4463,513.0
48,29,512.1167,546.19
48,28,1089.85,963.0
48,27,1118.4484,1026.0
48,26,1147.4172,1095.0
48,25,1176.7564,1167.0
48,24,1206.4659,1237.0
48,23,1236.5459,1320.0
48,22,1266.9962,1401.0
48,21,1297.8168,1477.0
48,20,1329.0079,1558.0
48,19,1360.5693,1635.0
48,18,2041.7043,1852.0
48,17,2080.7791,1917.9
48,16,2120.2243,1998.0
48,15,2160.0398,2091.0
48,14,2200.2258,2195.0
48,13,2240.7821,2250.0
48,12,2281.7088,2427.0
48,11,2323.0058,2498.62
48,10,6540.3332,5839.0
48,9,6645.1566,6039.0
48,8,6750.8133,6257.0
48,7,6857.3033,6460.0
48,6,6964.6268,6869.0
48,5,7072.7835,7109.0
48,4,7181.7736,7414.0
48,3,7291.5971,7607.95
48,2,30956.898,31451.07
48,1,31347.517,32341.587
49,49,21.258896,5.7863558
49,48,24.339309,18.87041
49,47,27.628061,28.04415
49,46,96.425008,55.45
49,45,103.39929,69.3
49,44,110.61707,90.0
49,43,118.07833,109.0
49,42,125.78309,130.1
49,41,133.73134,156.0
49,40,141.92308,178.0
49,39,150.35831,201.0
49,38,159.03704,226.0
49,37,167.95925,249.0
49,36,448.78165,341.0
49,35,463.68679,368.0
49,34,478.83542,396.0
49,33,494.22755,425.0
49,32,509.86316,462.0
49,31,525.74227,497.1
49,30,541.86487,560.0
49,29,558.23095,593.38
49,28,1172.5424,1043.0
49,27,1202.199,1109.0
49,26,1232.2261,1181.0
49,25,1262.6234,1255.0
49,24,1293.3912,1328.0
49,23,1324.5293,1413.0
49,22,1356.0379,1496.0
49,21,1387.9168,1575.0
49,20,1420.166,1659.0
49,19,1452.7857,1738.0
49,18,2154.3292,1961.0
49,17,2194.4622,2028.5
49,16,2234.9656,2111.0
49,15,2275.8394,2207.0
49,14,2317.0836,2317.0
49,13,2358.6981,2373.0
49,12,2400.683,2555.0
49,11,2443.0383,2628.77
49,10,6842.0395,6126.0
49,9,6949.2438,6331.0
49,8,7057.2815,6554.0
49,7,7166.1526,6770.0
49,6,7275.857,7196.0
49,5,7386.3947,7442.0
49,4,7497.7658,7754.0
49,3,7609.9703,7953.14
49,2,32268.486,32837.593
49,1,32667.269,33750.404
50,50,27.145484,7.343918
50,49,30.61281,14.63307
50,48,34.288473,30.506
50,47,38.172473,40.74
50,46,116.99753,77.03
50,45,124.66751,94.0
50,44,132.58097,112.9
50,43,140.73793,135.0
50,42,149.13837,156.0
50,41,157.78231,184.0
50,40,166.66974,208.0
50,39,175.80066,232.0
50,38,185.17507,258.0
50,37,194.79298,282.0
50,36,492.01377,379.0
50,35,507.6146,407.0
50,34,523.45892,437.0
50,33,539.54673,466.0
50,32,555.87803,506.0
50,31,572.45283,537.0
50,30,589.27112,608.0
50,29,606.33289,642.35
50,28,1258.2583,1127.0
50,27,1288.9731,1195.0
50,26,1320.0584,1269.0
50,25,1351.514,1347.0
50,24,1383.34,1421.0
50,23,1415.5363,1508.0
50,22,1448.1031,1596.0
50,21,1481.0402,1676.0
50,20,1514.3477,1763.0
50,19,1548.0255,1844.0
50,18,2269.9776,2074.0
50,17,2311.1689,2142.1
50,16,2352.7305,2227.0
50,15,2394.6625,2326.0
50,14,2436.9648,2443.0
50,13,2479.6376,2499.0
50,12,2522.6807,2687.0
50,11,2566.0942,2762.49
50,10,7150.5486,6421.0
50,9,7260.1339,6631.0
50,8,7370.5526,6859.0
50,7,7481.8047,7080.0
50,6,7593.8901,7531.0
50,5,7706.8088,7790.0
50,4,7820.5609,8103.0
50,3,7935.1464,8306.95
50,2,33607.287,34257.148
50,1,34014.233,35192.501
51,51,33.750623,8.608389
51,50,37.60486,16.626
51,49,41.667435,25.3235
51,48,45.938347,43.804
51,47,50.417597,55.0
51,46,139.55774,99.51
51,45,147.9234,117.0
51,44,156.53256,139.0
51,43,165.3852,162.0
51,42,174.48134,185.0
51,41,183.82096,214.0
51,40,193.40408,238.0
51,39,203.23069,265.0
51,38,213.30079,292.0
51,37,223.61439,317.0
51,36,537.23356,420.0
51,35,553.53008,447.0
51,34,570.07009,479.0
51,33,586.8536,510.0
51,32,603.88059,552.0
51,31,621.15107,584.0
51,30,638.66505,657.0
51,29,656.42252,693.26
51,28,1346.9976,1214.0
51,27,1378.7707,1285.0
51,26,1410.9142,1360.0
51,25,1443.428,1441.0
51,24,1476.3122,1518.0
51,23,1509.5668,1606.0
51,22,1543.1917,1698.0
51,21,1577.1871,1781.0
51,20,1611.5528,1869.0
51,19,1646.2889,1954.0
51,18,2388.6495,2190.0
51,17,2430.899,2266.0
51,16,2473.5188,2349.0
51,15,2516.509,2428.0
51,14,2559.8696,2567.0
51,13,2603.6006,2654.0
51,12,2647.7019,2815.0
51,11,2692.1736,2900.0
51,10,7465.8605,6714.0
51,9,7577.8268,6929.0
51,8,7690.6265,7167.0
51,7,7804.2596,7390.0
51,6,7918.726,7887.0
51,5,8034.0257,8140.0
51,4,8150.1588,8455.0
51,3,8267.1253,8669.48
51,2,34973.298,35710.03
51,1,35388.408,36668.183
52,52,41.074312,9.009808
52,51,45.315462,18.6
52,50,49.764948,27.84
52,49,54.422772,37.4155
52,48,59.288934,59.3
52,47,64.363432,69.1
52,46,164.10563,124.2
52,45,173.16698,143.0
52,44,182.47182,167.0
52,43,192.02016,191.1
52,42,201.81198,215.0
52,41,211.8473,245.0
52,40,222.12611,272.0
52,39,232.64841,299.0
52,38,243.4142,328.0
52,37,254.42348,354.0
52,36,584.44105,461.0
52,35,601.43325,491.0
52,34,618.66895,522.0
52,33,636.14815,555.0
52,32,653.87083,599.0
52,31,671.837,633.0
52,30,690.04667,709.0
52,29,708.49982,746.12
52,28,1438.7605,1304.0
52,27,1471.5918,1377.0
52,26,1504.7934,1455.0
52,25,1538.3655,1538.0
52,24,1572.3079,1618.0
52,23,1606.6207,1707.0
52,22,1641.3039,1803.0
52,21,1676.3574,1889.0
52,20,1711.7814,1979.0
52,19,1747.5757,2066.0
52,18,2510.3449,2309.0
52,17,2553.6525,2386.0
52,16,2597.3306,2472.0
52,15,2641.379,2552.0
52,14,2685.7978,2700.0
52,13,2730.587,2788.0
52,12,2775.7466,2954.0
52,11,2821.2765,3041.0
52,10,7787.9753,7022.0
52,9,7902.3226,7243.0
52,8,8017.5033,7485.0
52,7,8133.5174,7714.0
52,6,8250.3648,8240.0
52,5,8368.0455,8499.0
52,4,8486.5596,8821.0
52,3,8605.907,9040.83
52,2,36366.521,37196.52
52,1,36789.794,38177.74
53,53,49.116552,10.451236
53,52,53.744614,19.13126
53,51,58.581012,29.57
53,50,63.625748,40.357
53,49,68.878821,51.52
53,48,74.340232,74.4
53,47,80.009979,87.61
53,46,190.6412,150.81
53,45,200.39824,171.0
53,44,210.39878,197.0
53,43,220.6428,220.9
53,42,231.13031,247.0
53,41,241.86132,279.0
53,40,252.83582,307.0
53,39,264.05381,335.0
53,38,275.51529,365.0
53,37,287.22026,393.0
53,36,633.63621,505.0
53,35,651.32411,535.0
53,34,669.2555,569.0
53,33,687.43038,601.0
53,32,705.84875,649.0
53,31,724.51061,683.0
53,30,743.41597,762.0
53,29,762.56481,800.8
53,28,1533.5468,1397.0
53,27,1567.4363,1472.0
53,26,1601.6962,1553.0
53,25,1636.3265,1639.0
53,24,1671.3271,1720.0
53,23,1706.6981,1812.0
53,22,1742.4395,1911.0
53,21,1778.5513,1999.0
53,20,1815.0335,2093.0
53,19,1851.886,2181.0
53,18,2635.0637,2431.0
53,17,2679.4296,2510.0
53,16,2724.1659,2598.0
53,15,2769.2725,2680.0
53,14,2814.7496,2836.0
53,13,2860.597,2926.0
53,12,2906.8148,3096.0
53,11,2953.4029,3185.5
53,10,8116.8929,7337.0
53,9,8233.6213,7563.0
53,8,8351.1829,7811.0
53,7,8469.578,8044.0
53,6,8588.8064,8601.0
53,5,8708.8681,8867.0
53,4,8829.7632,9196.0
53,3,8951.4916,9421.1
53,2,37786.955,38717.0
53,1,38218.392,39721.549
54,54,57.877343,12.1298437
54,53,62.892316,20.975
54,52,68.115627,31.05
54,51,73.547275,42.2
54,50,79.18726,54.1
54,49,85.035582,66.703
54,48,91.092241,91.6
54,47,97.357238,105.9778
54,46,219.16446,179.84
54,45,229.61719,202.0
54,44,240.31341,229.02
54,43,251.25312,255.0
54,42,262.43633,281.0
54,41,273.86302,314.0
54,40,285.53321,343.0
54,39,297.44689,374.0
54,38,309.60406,404.0
54,37,322.00472,434.0
54,36,684.81906,549.0
54,35,703.20265,582.0
54,34,721.82972,616.0
54,33,740.70029,650.0
54,32,759.81436,700.0
54,31,779.17191,736.0
54,30,798.77295,818.0
54,29,818.61748,857.0
54,28,1631.3566,1493.0
54,27,1666.3044,1571.0
54,26,1701.6225,1653.0
54,25,1737.311,1742.0
54,24,1773.3698,1826.0
54,23,1809.7991,1919.0
54,22,1846.5987,2023.0
54,21,1883.7687,2113.0
54,20,1921.3091,2209.0
54,19,1959.2198,2300.0
54,18,2762.8061,2556.0
54,17,2808.2302,2637.0
54,16,2854.0247,2726.0
54,15,2900.1895,2811.0
54,14,2946.7248,2975.0
54,13,2993.6304,3068.0
54,12,3040.9064,3243.0
54,11,3088.5528,3333.8
54,10,8452.6134,7660.0
54,9,8571.7227,7889.0
54,8,8691.6654,8144.0
54,7,8812.4414,8382.0
54,6,8934.0508,8971.0
54,5,9056.4936,9243.0
54,4,9179.7697,9581.0
54,3,9303.8791,9810.37
54,2,39234.601,40271.73
54,1,39674.201,41299.892
55,55,3.7330813,3.89390572743
55,54,72.75857,23.15745
55,53,78.368792,33.195
55,52,84.187352,43.0
55,51,90.214249,56.0
55,50,96.449483,69.1
55,49,102.89305,82.9
55,48,109.54496,110.1
55,47,116.40521,125.61
55,46,249.6754,213.3
55,45,260.82382,233.0
55,44,272.21573,261.0
55,43,283.85113,289.0
55,42,295.73003,316.0
55,41,307.85241,352.0
55,40,320.21829,382.0
55,39,332.82765,413.0
55,38,345.68051,445.0
55,37,358.77686,476.0
55,36,737.98959,597.0
55,35,757.06887,629.0
55,34,776.39163,666.0
55,33,795.95789,700.0
55,32,815.76764,753.0
55,31,835.82089,791.0
55,30,856.11762,875.0
55,29,876.65784,916.1
55,28,1732.1899,1592.0
55,27,1768.1959,1672.0
55,26,1804.5722,1757.0
55,25,1841.3189,1848.0
55,24,1878.436,1936.0
55,23,1915.9235,2029.0
55,22,1953.7813,2137.0
55,21,1992.0095,2230.0
55,20,2030.6081,2329.0
55,19,2069.5771,2422.0
55,18,2893.5719,2683.0
55,17,2940.0542,2767.0
55,16,2986.9069,2859.0
55,15,3034.13,2945.0
55,14,3081.7235,3118.0
55,13,3129.6874,3214.0
55,12,3178.0216,3392.0
55,11,3226.7262,3485.0
55,10,8795.1367,7989.0
55,9,8916.627,8224.0
55,8,9038.9507,8484.0
55,7,9162.1078,8726.0
55,6,9286.0981,9350.0
55,5,9410.9219,9629.0
55,4,9536.579,9974.0
55,3,9663.0694,10208.78
55,2,40709.458,41861.08
55,1,41157.222,42913.144
56,56,6.2648663,5.2116646
56,55,7.8980894,10.003826
56,54,89.340508,35.8438
56,53,95.54598,47.0
56,52,101.95979,58.0
56,51,108.58193,71.0
56,50,115.41242,86.0
56,49,122.45124,101.0
56,48,129.6984,130.5
56,47,137.15389,146.52
56,46,282.17403,241.0
56,45,294.01813,267.1
56,44,306.10573,296.0
56,43,318.43682,325.0
56,42,331.01141,354.0
56,41,343.82948,390.0
56,40,356.89105,422.0
56,39,370.1961,455.0
56,38,383.74465,488.0
56,37,397.53669,520.0
56,36,793.14781,646.0
56,35,812.92277,679.0
56,34,832.94123,717.0
56,33,853.20318,752.0
56,32,873.70862,809.0
56,31,894.45755,846.0
56,30,915.44997,935.0
56,29,936.68588,976.62
56,28,1836.0467,1695.0
56,27,1873.1109,1776.0
56,26,1910.5454,1864.0
56,25,1948.3504,1958.0
56,24,1986.5257,2047.0
56,23,2025.0714,2142.0
56,22,2063.9874,2256.0
56,21,2103.2739,2349.0
56,20,2142.9307,2452.0
56,19,2182.9579,2547.0
56,18,3027.3612,2814.0
56,17,3074.9018,2901.0
56,16,3122.8127,2994.0
56,15,3171.094,3081.0
56,14,3219.7457,3266.0
56,13,3268.7678,3363.0
56,12,3318.1602,3546.0
56,11,3367.923,3640.0
56,10,9144.4629,8326.0
56,9,9268.3342,8565.0
56,8,9393.0389,8831.0
56,7,9518.5769,9077.0
56,6,9644.9483,9739.0
56,5,9772.153,10023.0
56,4,9900.1911,10376.0
56,3,10029.063,10616.42
56,2,42211.527,43485.37
56,1,42667.454,44561.633
57,57,6.9416802,5.5769
57,56,5.9716237,11.18496
57,55,7.6532024,19.1773
57,54,107.62316,49.95
57,53,114.42388,61.6
57,52,121.43294,74.0
57,51,128.65033,88.0
57,50,136.07606,105.0
57,49,143.71013,119.0
57,48,151.55254,151.4
57,47,159.60328,168.77
57,46,316.66033,275.0
57,45,329.20013,303.0
57,44,341.98342,332.0
57,43,355.0102,364.0
57,42,368.28047,393.0
57,41,381.79423,431.0
57,40,395.55149,464.0
57,39,409.55223,498.0
57,38,423.79647,533.0
57,37,438.2842,566.0
57,36,850.29371,696.0
57,35,870.76436,731.0
57,34,891.47851,770.0
57,33,912.43614,806.0
57,32,933.63727,865.0
57,31,955.08189,906.0
57,30,976.77,995.0
57,29,998.7016,1039.09
57,28,1942.927,1800.0
57,27,1981.0494,1884.0
57,26,2019.5422,1974.0
57,25,2058.4053,2069.0
57,24,2097.6388,2162.0
57,23,2137.2427,2259.0
57,22,2177.217,2377.0
57,21,2217.5617,2473.0
57,20,2258.2767,2577.0
57,19,2299.3621,2674.0
57,18,3164.174,2950.0
57,17,3212.7728,3036.0
57,16,3261.7419,3133.0
57,15,3311.0815,3222.0
57,14,3360.7914,3416.0
57,13,3410.8717,3515.0
57,12,3461.3223,3704.0
57,11,3512.1434,3800.0
57,10,9500.5919,8669.0
57,9,9626.8442,8914.0
57,8,9753.9299,9184.0
57,7,9881.8489,9437.0
57,6,10010.601,10136.0
57,5,10140.187,10426.0
57,4,10270.606,10789.0
57,3,10401.859,11033.4
57,2,43740.807,45145.0
57,1,44204.897,46245.77
58,58,6.9416802,5.5386
58,57,5.9716237,10.956
58,56,134.88668,20.1974
58,55,143.11321,36.906
58,54,127.60652,65.55
58,53,135.00249,77.6
58,52,142.6068,91.0
58,51,150.41944,106.0
58,50,158.44042,125.0
58,49,166.66974,140.0
58,48,175.1074,172.0
58,47,183.75339,192.24
58,46,353.13432,312.0
58,45,366.36981,340.0
58,44,379.84879,371.0
58,43,393.57126,403.0
58,42,407.53722,435.0
58,41,421.74667,472.0
58,40,436.19961,509.0
58,39,450.89605,543.0
58,38,465.83597,579.0
58,37,481.01939,613.0
58,36,909.42729,749.0
58,35,930.59363,785.0
58,34,952.00347,824.0
58,33,973.65679,862.0
58,32,995.55361,924.0
58,31,1017.6939,965.0
58,30,1040.0777,1060.0
58,29,1062.705,1103.5
58,28,2052.8308,1908.0
58,27,2092.0114,1994.0
58,26,2131.5624,2087.0
58,25,2171.4837,2185.0
58,24,2211.7755,2280.0
58,23,2252.4376,2378.0
58,22,2293.4701,2500.0
58,21,2334.873,2600.0
58,20,2376.6463,2706.0
58,19,2418.7899,2806.0
58,18,3304.0103,3087.0
58,17,3353.6673,3176.0
58,16,3403.6947,3274.0
58,15,3454.0924,3366.0
58,14,3504.8606,3570.0
58,13,3555.9991,3672.0
58,12,3607.508,3865.0
58,11,3659.3872,3963.0
58,10,9863.5238,9020.0
58,9,9992.1571,9269.0
58,8,10121.624,9545.0
58,7,10251.924,9803.0
58,6,10383.057,10542.0
58,5,10515.024,10840.0
58,4,10647.824,11210.0
58,3,10781.457,11459.85
58,2,45297.298,46840.31
58,1,45769.552,47965.89
59,59,6.2648663,5.4702
59,58,7.8980894,10.631
59,57,150.35831,21.6237
59,56,159.03704,38.981
59,55,167.95925,57.53
59,54,149.29059,82.0
59,53,145.92956,97.0
59,52,153.83149,112.0
59,51,167.95925,131.0
59,50,182.50549,148.0
59,49,191.33006,162.0
59,48,200.36296,196.0
59,47,209.60421,217.02
59,46,391.596,350.0
59,45,405.52717,378.0
59,44,419.70184,412.0
59,43,434.12,445.0
59,42,448.78165,478.0
59,41,463.68679,516.0
59,40,478.83542,554.0
59,39,494.22755,590.0
59,38,509.86316,627.0
59,37,525.74227,663.0
59,36,970.54855,803.0
59,35,992.41059,840.0
59,34,1014.5161,880.0
59,33,1036.8651,920.0
59,32,1059.4576,985.0
59,31,1082.2936,1028.0
59,30,1105.3731,1124.0
59,29,1128.6961,1169.9
59,28,2165.758,2019.0
59,27,2205.9968,2108.0
59,26,2246.6061,2202.0
59,25,2287.5857,2304.0
59,24,2328.9356,2400.0
59,23,2370.656,2501.0
59,22,2412.7467,2628.0
59,21,2455.2078,2729.0
59,20,2498.0393,2838.0
59,19,2541.2411,2941.0
59,18,3446.8701,3227.0
59,17,3497.5853,3319.0
59,16,3548.6709,3419.0
59,15,3600.1269,3512.0
59,14,3651.9532,3729.0
59,13,3704.15,3832.0
59,12,3756.7171,4030.0
59,11,3809.6545,4130.0
59,10,10233.258,9378.0
59,9,10364.273,9632.0
59,8,10496.12,9913.0
59,7,10628.801,10175.0
59,6,10762.316,10959.0
59,5,10896.664,11262.0
59,4,11031.845,11641.0
59,3,11167.859,11895.89
59,2,46881.001,48571.71
59,1,47361.418,49722.44
60,60,6.2648663,5.52475
60,59,7.8980894,10.783
60,58,166.66974,22.09
60,57,175.80066,40.6
60,56,133.93317,60.0
60,55,141.50771,84.0
60,54,149.29059,99.0
60,53,157.28181,114.0
60,52,165.48137,136.0
60,51,173.88926,152.0
60,50,185.17507,168.0
60,49,194.79298,195.0
60,48,227.31924,221.0
60,47,237.15573,243.0
60,46,432.04536,389.0
60,45,446.67222,420.0
60,44,461.54258,453.0
60,43,476.65643,489.0
60,42,492.01377,522.0
60,41,507.6146,562.0
60,40,523.45892,602.0
60,39,539.54673,638.0
60,38,555.87803,678.0
60,37,572.45283,714.0
60,36,1033.6575,859.0
60,35,1056.2152,896.0
60,34,1079.0164,939.0
60,33,1102.0611,978.0
60,32,1125.3493,1049.0
60,31,1148.881,1092.0
60,30,1172.6562,1191.0
60,29,1196.6749,1238.42
60,28,2281.7088,2134.0
60,27,2323.0058,2224.0
60,26,2364.6732,2321.0
60,25,2406.7111,2425.0
60,24,2449.1192,2525.0
60,23,2491.8978,2627.0
60,22,2535.0468,2758.0
60,21,2578.5661,2861.0
60,20,2622.4558,2974.0
60,19,2666.7159,3078.0
60,18,3592.7533,3371.0
60,17,3644.5268,3465.0
60,16,3696.6706,3567.0
60,15,3749.1848,3662.0
60,14,3802.0694,3891.0
60,13,3855.3243,3997.0
60,12,3908.9496,4198.0
60,11,3962.9454,4302.0
60,10,10609.796,9742.0
60,9,10743.191,10002.0
60,8,10877.42,10288.0
60,7,11012.482,10555.0
60,6,11148.377,11384.0
60,5,11285.106,11694.0
60,4,11422.668,12082.0
60,3,11561.064,12341.66
60,2,48491.915,50339.59
60,1,48980.495,51515.78
61,61,6.2648663,5.58187
61,60,7.8980894,10.938
61,59,183.82096,22.44
61,58,193.40408,41.17
61,57,137.15389,61.7
61,56,144.81772,85.0
61,55,152.68989,101.0
61,54,160.7704,116.0
61,53,169.05924,138.0
61,52,177.55642,155.0
61,51,203.23069,174.0
61,50,213.30079,202.0
61,49,223.61439,229.0
61,48,255.97623,248.0
61,47,266.40797,269.0
61,46,474.4824,430.0
61,45,489.80495,462.0
61,44,505.371,497.0
61,43,521.18054,534.0
61,42,537.23356,569.0
61,41,553.53008,609.0
61,40,570.07009,651.0
61,39,586.8536,689.0
61,38,603.88059,730.0
61,37,621.15107,767.0
61,36,1098.7541,916.0
61,35,1122.0075,956.0
61,34,1145.5044,998.0
61,33,1169.2448,1040.0
61,32,1193.2287,1113.0
61,31,1217.4561,1158.0
61,30,1241.927,1261.0
61,29,1266.6413,1308.7
61,28,2400.683,2251.0
61,27,2443.0383,2344.0
61,26,2485.7639,2443.0
61,25,2528.8599,2549.0
61,24,2572.3264,2652.0
61,23,2616.1631,2755.0
61,22,2660.3703,2892.0
61,21,2704.9478,2997.0
61,20,2749.8958,3112.0
61,19,2795.2141,3219.0
61,18,3741.6601,3519.0
61,17,3794.4918,3613.0
61,16,3847.6938,3718.0
61,15,3901.2662,3816.0
61,14,3955.209,4056.0
61,13,4009.5222,4166.0
61,12,4064.2057,4371.0
61,11,4119.2596,4476.0
61,10,10993.136,10115.0
61,9,11128.913,10378.0
61,8,11265.522,10671.0
61,7,11402.965,10942.0
61,6,11541.242,11819.0
61,5,11680.351,12136.0
61,4,11820.295,12532.0
61,3,11961.071,12797.26
61,2,50130.04,52144.29
61,1,50626.784,53346.31
62,62,6.2648663,5.643722
62,61,7.8980894,11.078
62,60,201.81198,23.55
62,59,211.8473,41.64
62,58,222.12611,62.7
62,57,159.60328,87.0
62,56,156.12745,103.0
62,55,164.29725,118.0
62,54,172.67538,141.0
62,53,181.26185,158.0
62,52,222.12611,179.0
62,51,232.64841,208.0
62,50,243.4142,237.0
62,49,260.42147,257.0
62,48,270.9425,276.0
62,47,254.42348,306.5
62,46,518.90712,474.0
62,45,534.92537,506.0
62,44,551.1871,543.0
62,43,567.69233,581.0
62,42,584.44105,617.0
62,41,601.43325,658.0
62,40,618.66895,702.0
62,39,636.14815,742.0
62,38,653.87083,782.0
62,37,671.837,822.0
62,36,1165.8385,976.0
62,35,1189.7876,1016.0
62,34,1213.9801,1060.0
62,33,1238.4162,1103.0
62,32,1263.0958,1180.0
62,31,1288.0189,1226.0
62,30,1313.1854,1332.0
62,29,1338.5955,1381.56
62,28,2522.6807,2371.0
62,27,2566.0942,2466.0
62,26,2609.8781,2569.0
62,25,2654.0323,2676.0
62,24,2698.557,2782.0
62,23,2743.452,2887.0
62,22,2788.7173,3028.0
62,21,2834.3531,3137.0
62,20,2880.3592,3253.0
62,19,2926.7358,3363.0
62,18,3893.5903,3669.0
62,17,3947.4802,3766.0
62,16,4001.7405,3873.0
62,15,4056.3711,3971.0
62,14,4111.3721,4227.0
62,13,4166.7435,4337.0
62,12,4222.4853,4548.0
62,11,4278.5974,4655.0
62,10,11383.28,10494.0
62,9,11521.437,10762.0
62,8,11660.428,11060.0
62,7,11800.252,11337.0
62,6,11940.909,12264.0
62,5,12082.4,12588.0
62,4,12224.724,12992.0
62,3,12367.881,13262.85
62,2,51795.377,53986.12
62,1,52300.284,55214.3
63,63,6.2648663,5.670385
63,62,7.8980894,11.24
63,61,220.6428,24.84
63,60,231.13031,42.94
63,59,143.71013,63.2
63,58,151.55254,89.0
63,57,159.60328,105.0
63,56,167.86236,120.0
63,55,176.32978,144.0
63,54,185.00554,161.0
63,53,241.86132,183.0
63,52,252.83582,213.0
63,51,264.05381,243.0
63,50,264.90497,263.0
63,49,275.51529,281.0
63,48,275.51529,311.0
63,47,287.22026,344.4
63,46,565.31953,518.0
63,45,582.03346,553.0
63,44,598.99089,590.0
63,43,616.1918,630.0
63,42,633.63621,667.0
63,41,651.32411,709.0
63,40,669.2555,755.0
63,39,687.43038,795.0
63,38,705.84875,838.0
63,37,724.51061,879.0
63,36,1234.9105,1037.0
63,35,1259.5552,1078.0
63,34,1284.4435,1124.0
63,33,1309.5753,1167.0
63,32,1334.9506,1249.0
63,31,1360.5693,1296.0
63,30,1386.4316,1406.0
63,29,1412.5373,1456.06
63,28,2647.7019,2495.0
63,27,2692.1736,2591.0
63,26,2737.0157,2697.0
63,25,2782.2282,2807.0
63,24,2827.811,2914.0
63,23,2873.7643,3022.0
63,22,2920.0879,3168.0
63,21,2966.7819,3279.0
63,20,3013.8462,3398.0
63,19,3061.281,3510.0
63,18,4048.5441,3823.0
63,17,4103.4922,3921.0
63,16,4158.8106,4031.0
63,15,4214.4995,4131.0
63,14,4270.5587,4400.0
63,13,4326.9883,4513.0
63,12,4383.7883,4729.0
63,11,4440.9587,4838.0
63,10,11780.226,10880.0
63,9,11920.764,11153.0
63,8,12062.136,11457.0
63,7,12204.341,11739.0
63,6,12347.379,12718.0
63,5,12491.251,13050.0
63,4,12635.956,13462.0
63,3,12781.494,13738.58
63,2,53487.925,55865.93
63,1,54000.996,57120.64
64,64,6.9416802,6.1498
64,63,8.6558895,12.076
64,62,7.6532024,20.54
64,61,251.25312,44.44
64,60,147.04565,64.8
64,59,154.97735,89.0
64,58,163.11738,106.0
64,57,171.46575,123.0
64,56,262.43633,144.0
64,55,201.67039,165.0
64,54,210.94139,183.0
64,53,273.86302,213.0
64,52,244.30935,246.0
64,51,273.86302,268.0
64,50,295.77289,288.0
64,49,297.44689,319.0
64,48,309.60406,352.0
64,47,322.00472,384.4
64,46,613.71962,565.0
64,45,631.12924,601.0
64,44,648.78236,639.0
64,43,666.67896,680.0
64,42,684.81906,719.0
64,41,703.20265,761.0
64,40,721.82972,810.0
64,39,740.70029,851.0
64,38,759.81436,895.0
64,37,779.17191,937.0
64,36,1305.9701,1100.0
64,35,1331.3106,1142.0
64,34,1356.8946,1189.0
64,33,1382.722,1233.0
64,32,1408.793,1321.0
64,31,1435.1074,1368.0
64,30,1461.6654,1481.0
64,29,1488.4668,1532.3
64,28,2775.7466,2621.0
64,27,2821.2765,2720.0
64,26,2867.1768,2827.0
64,25,2913.4475,2941.0
64,24,2960.0886,3050.0
64,23,3007.1001,3160.0
64,22,3054.4819,3312.0
64,21,3102.2341,3424.0
64,20,3150.3567,3546.0
64,19,3198.8496,3660.0
64,18,4206.5213,3980.0
64,17,4262.5276,4080.0
64,16,4318.9043,4191.0
64,15,4375.6514,4294.0
64,14,4432.7688,4578.0
64,13,4490.2567,4693.0
64,12,4548.1149,4914.0
64,11,4606.3435,5025.0
64,10,12183.975,11273.0
64,9,12326.894,11552.0
64,8,12470.647,11861.0
64,7,12615.233,12147.0
64,6,12760.652,13183.0
64,5,12906.905,13521.0
64,4,13053.991,13943.0
64,3,13201.91,14224.57
64,2,55207.685,57783.91
64,1,55728.919,59065.54
65,65,6.2648663,5.8638
65,64,7.8980894,11.513
65,63,260.82382,21.82
65,62,272.21573,39.33
65,61,150.41944,66.5
65,60,158.44042,90.0
65,59,272.21573,108.0
65,58,175.1074,125.0
65,57,283.85113,143.0
65,56,205.61816,168.0
65,55,214.97845,186.0
65,54,295.73003,216.0
65,53,307.85241,250.0
65,52,273.98677,273.0
65,51,307.85241,294.0
65,50,320.21829,325.0
65,49,332.82765,358.0
65,48,345.68051,393.0
65,47,358.77686,426.6
65,46,664.1074,613.0
65,45,682.21271,651.0
65,44,700.56151,690.0
65,43,719.15381,732.0
65,42,737.98959,772.0
65,41,757.06887,816.0
65,40,776.39163,866.0
65,39,795.95789,909.0
65,38,815.76764,954.0
65,37,835.82089,997.0
65,36,1379.0175,1165.0
65,35,1405.0537,1208.0
65,34,1431.3333,1256.0
65,33,1457.8565,1301.0
65,32,1484.6231,1393.0
65,31,1511.6333,1443.0
65,30,1538.8869,1559.0
65,29,1566.384,1610.4
65,28,2906.8148,2750.0
65,27,2953.4029,2852.0
65,26,3000.3615,2961.0
65,25,3047.6904,3078.0
65,24,3095.3897,3189.0
65,23,3143.4593,3300.0
65,22,3191.8994,3458.0
65,21,3240.7098,3573.0
65,20,3289.8906,3698.0
65,19,3339.4418,3814.0
65,18,4367.522,4139.0
65,17,4424.5865,4242.0
65,16,4482.0214,4355.0
65,15,4539.8267,4460.0
65,14,4598.0024,4760.0
65,13,4656.5485,4877.0
65,12,4715.4649,5103.0
65,11,4774.7517,5217.0
65,10,12594.527,11673.0
65,9,12739.827,11957.0
65,8,12885.96,12272.0
65,7,13032.927,12563.0
65,6,13180.728,13658.0
65,5,13329.361,14003.0
65,4,13478.829,14434.0
65,3,13629.129,14721.02
65,2,56954.656,59741.12
65,1,57484.053,61050.1
66,66,6.2648663,5.939061
66,65,7.8980894,11.647
66,64,282.17403,22.89
66,63,294.01813,41.23
66,62,153.83149,62.1
66,61,161.94176,93.0
66,60,170.26037,110.0
66,59,294.01813,127.0
66,58,187.52259,152.0
66,57,196.46621,170.0
66,56,306.10573,192.0
66,55,318.43682,224.0
66,54,253.034,259.0
66,53,331.01141,279.0
66,52,305.3649,300.0
66,51,343.82948,332.0
66,50,356.89105,366.0
66,49,370.1961,399.0
66,48,383.74465,431.0
66,47,397.53669,464.9
66,46,716.48286,664.0
66,45,735.28386,702.0
66,44,754.32835,743.0
66,43,773.61633,786.0
66,42,793.14781,827.0
66,41,812.92277,872.0
66,40,832.94123,924.0
66,39,853.20318,969.0
66,38,873.70862,1014.0
66,37,894.45755,1059.0
66,36,1454.0525,1232.0
66,35,1480.7844,1275.0
66,34,1507.7598,1325.0
66,33,1534.9786,1371.0
66,32,1562.4409,1468.0
66,31,1590.1467,1520.0
66,30,1618.0961,1638.0
66,29,1646.2889,1691.7
66,28,3040.9064,2882.0
66,27,3088.5528,2987.0
66,26,3136.5696,3098.0
66,25,3184.9567,3217.0
66,24,3233.7142,3331.0
66,23,3282.8421,3445.0
66,22,3332.3404,3607.0
66,21,3382.209,3725.0
66,20,3432.448,3852.0
66,19,3483.0574,3970.0
66,18,4531.5462,4303.0
66,17,4589.6689,4407.0
66,16,4648.1621,4523.0
66,15,4707.0256,4629.0
66,14,4766.2595,4945.0
66,13,4825.8638,5066.0
66,12,4885.8384,5296.0
66,11,4946.1834,5412.0
66,10,13011.881,12081.0
66,9,13159.562,12370.0
66,8,13308.077,12690.0
66,7,13457.425,12986.0
66,6,13607.606,14144.0
66,5,13758.621,14495.0
66,4,13910.469,14936.0
66,3,14063.151,15228.06
66,2,58728.838,61736.62
66,1,59266.399,63073.23
67,67,6.2648663,6.0215
67,66,7.8980894,11.781
67,65,304.36403,22.79
67,64,316.66033,42.52
67,63,157.28181,63.9
67,62,165.48137,95.0
67,61,173.88926,112.0
67,60,182.50549,129.0
67,59,316.66033,155.0
67,58,200.36296,173.0
67,57,329.20013,197.0
67,56,341.98342,229.0
67,55,355.0102,263.0
67,54,283.22164,284.0
67,53,368.28047,305.0
67,52,338.44374,340.0
67,51,381.79423,373.0
67,50,395.55149,408.0
67,49,409.55223,441.0
67,48,423.79647,475.0
67,47,438.2842,510.0
67,46,770.846,715.0
67,45,790.34269,755.0
67,44,810.08287,797.0
67,43,830.06654,842.0
67,42,850.29371,885.0
67,41,870.76436,929.0
67,40,891.47851,985.0
67,39,912.43614,1029.0
67,38,933.63727,1077.0
67,37,955.08189,1122.0
67,36,1531.0753,1300.0
67,35,1558.5028,1346.0
67,34,1586.1739,1395.0
67,33,1614.0884,1443.0
67,32,1642.2464,1545.0
67,31,1670.6479,1598.0
67,30,1699.2929,1719.0
67,29,1728.1814,1773.6
67,28,3178.0216,3018.0
67,27,3226.7262,3125.0
67,26,3275.8012,3238.0
67,25,3325.2465,3359.0
67,24,3375.0623,3476.0
67,23,3425.2484,3592.0
67,22,3475.8048,3760.0
67,21,3526.7317,3880.0
67,20,3578.029,4009.0
67,19,3629.6966,4131.0
67,18,4698.5938,4469.0
67,17,4757.7748,4576.0
67,16,4817.3262,4693.0
67,15,4877.2479,4802.0
67,14,4937.54,5135.0
67,13,4998.2025,5258.0
67,12,5059.2354,5494.0
67,11,5120.6387,5611.0
67,10,13436.039,12495.0
67,9,13586.101,12790.0
67,8,13736.997,13116.0
67,7,13888.726,13417.0
67,6,14041.288,14639.0
67,5,14194.684,14998.0
67,4,14348.913,15448.0
67,3,14503.975,15745.77
67,2,60530.232,63772.42
67,1,61075.956,65137.13
68,68,6.2648663,6.1077
68,67,7.8980894,11.916
68,66,327.39382,22.7
68,65,340.14233,42.42
68,64,160.7704,65.1
68,63,169.05924,96.0
68,62,177.55642,114.0
68,61,186.26194,131.0
68,60,195.17579,158.0
68,59,204.29799,177.0
68,58,353.13432,201.0
68,57,366.36981,235.0
68,56,379.84879,268.0
68,55,287.89647,290.0
68,54,298.95322,311.0
68,53,393.57126,345.0
68,52,407.53722,381.0
68,51,421.74667,415.0
68,50,436.19961,450.0
68,49,450.89605,486.0
68,48,465.83597,520.0
68,47,481.01939,555.0
68,46,827.19682,770.0
68,45,847.3892,810.0
68,44,867.82507,853.0
68,43,888.50443,899.0
68,42,909.42729,943.0
68,41,930.59363,989.0
68,40,952.00347,1046.0
68,39,973.65679,1092.0
68,38,995.55361,1142.0
68,37,1017.6939,1188.0
68,36,1610.0857,1370.0
68,35,1638.2089,1416.0
68,34,1666.5757,1468.0
68,33,1695.1859,1516.0
68,32,1724.0396,1625.0
68,31,1753.1368,1678.0
68,30,1782.4775,1803.0
68,29,1812.0617,1858.5
68,28,3318.1602,3157.0
68,27,3367.923,3265.0
68,26,3418.0562,3381.0
68,25,3468.5598,3505.0
68,24,3519.4338,3624.0
68,23,3570.6781,3742.0
68,22,3622.2928,3916.0
68,21,3674.2779,4038.0
68,20,3726.6334,4170.0
68,19,3779.3592,4294.0
68,18,4868.665,4639.0
68,17,4928.9042,4748.0
68,16,4989.5138,4866.0
68,15,5050.4938,4978.0
68,14,5111.8441,5329.0
68,13,5173.5648,5455.0
68,12,5235.6559,5695.0
68,11,5298.1174,5815.0
68,10,13866.999,12918.0
68,9,14019.442,13217.0
68,8,14172.719,13548.0
68,7,14326.829,13855.0
68,6,14481.772,15146.0
68,5,14637.549,15511.0
68,4,14794.159,15971.0
68,3,14951.602,16274.56
68,2,62358.837,65848.24
68,1,62912.725,67241.48
69,69,6.2648663,6.184402
69,68,7.8980894,12.065
69,67,351.26342,23.66
69,66,364.46412,42.41
69,65,164.29725,65.4
69,64,172.67538,98.0
69,63,181.26185,116.0
69,62,190.05665,133.0
69,61,199.05979,160.0
69,60,208.27127,180.0
69,59,377.90831,205.0
69,58,391.596,239.0
69,57,266.40797,274.0
69,56,277.04805,295.0
69,55,405.52717,317.0
69,54,419.70184,352.0
69,53,434.12,387.0
69,52,448.78165,424.0
69,51,463.68679,460.0
69,50,478.83542,496.0
69,49,494.22755,530.0
69,48,509.86316,570.0
69,47,525.74227,603.0
69,46,885.53533,825.0
69,45,906.4234,866.0
69,44,927.55496,911.0
69,43,948.93001,958.0
69,42,970.54855,1004.0
69,41,992.41059,1050.0
69,40,1014.5161,1110.0
69,39,1036.8651,1157.0
69,38,1059.4576,1207.0
69,37,1082.2936,1255.0
69,36,1691.0838,1442.0
69,35,1719.9027,1490.0
69,34,1748.9651,1542.0
69,33,1778.271,1591.0
69,32,1807.8204,1706.0
69,31,1837.6133,1761.0
69,30,1867.6497,1889.0
69,29,1897.9296,1945.2
69,28,3461.3223,3298.0
69,27,3512.1434,3409.0
69,26,3563.3348,3528.0
69,25,3614.8966,3653.0
69,24,3666.8288,3775.0
69,23,3719.1313,3895.0
69,22,3771.8043,4075.0
69,21,3824.8476,4199.0
69,20,3878.2613,4335.0
69,19,3932.0453,4461.0
69,18,5041.7597,4812.0
69,17,5103.0571,4922.0
69,16,5164.7249,5044.0
69,15,5226.7631,5157.0
69,14,5289.1716,5527.0
69,13,5351.9506,5656.0
69,12,5415.0999,5901.0
69,11,5478.6196,6023.0
69,10,14304.762,13347.0
69,9,14459.586,13651.0
69,8,14615.244,13988.0
69,7,14771.735,14300.0
69,6,14929.059,15663.0
69,5,15087.217,16036.0
69,4,15246.208,16510.0
69,3,15406.032,16814.34
69,2,64214.654,67965.25
69,1,64776.705,69387.45
70,70,6.2648663,6.25416
70,69,7.8980894,12.179185
70,68,375.97281,25.053
70,67,389.62571,43.61
70,66,167.86236,65.6
70,65,176.32978,99.0
70,64,185.00554,117.0
70,63,193.88963,135.0
70,62,202.98206,163.0
70,61,212.28283,182.0
70,60,403.5221,209.0
70,59,417.66198,244.0
70,58,270.9425,279.0
70,57,281.67186,301.0
70,56,432.04536,324.0
70,55,446.67222,360.0
70,54,461.54258,396.0
70,53,476.65643,431.0
70,52,492.01377,469.0
70,51,507.6146,505.0
70,50,523.45892,540.0
70,49,539.54673,580.0
70,48,555.87803,610.0
70,47,572.45283,651.0
70,46,945.86152,882.0
70,45,967.44528,924.0
70,44,989.27253,971.0
70,43,1011.3433,1019.0
70,42,1033.6575,1065.0
70,41,1056.2152,1114.0
70,40,1079.0164,1175.0
70,39,1102.0611,1224.0
70,38,1125.3493,1275.0
70,37,1148.881,1324.0
70,36,1774.0696,1516.0
70,35,1803.5842,1564.0
70,34,1833.3423,1618.0
70,33,1863.3439,1668.0
70,32,1893.589,1789.0
70,31,1924.0776,1845.0
70,30,1954.8096,1978.0
70,29,1985.7852,2036.4
70,28,3607.508,3443.0
70,27,3659.3872,3555.0
70,26,3711.6369,3677.0
70,25,3764.2569,3805.0
70,24,3817.2473,3929.0
70,23,3870.608,4051.0
70,22,3924.3392,4238.0
70,21,3978.4407,4364.0
70,20,4032.9126,4502.0
70,19,4087.7549,4630.0
70,18,5217.8778,4988.0
70,17,5280.2334,5101.0
70,16,5342.9595,5224.0
70,15,5406.0559,5339.0
70,14,5469.5226,5731.0
70,13,5533.3598,5860.0
70,12,5597.5673,6111.0
70,11,5662.1453,6236.0
70,10,14749.328,13784.0
70,9,14906.533,14093.0
70,8,15064.572,14435.0
70,7,15223.444,14752.0
70,6,15383.149,16191.0
70,5,15543.688,16570.0
70,4,15705.06,17050.0
70,3,15867.265,17365.44
70,2,66097.682,70123.04
70,1,66667.896,71574.63
71,71,7.6532024,5.425871
71,70,11.432562,14.13
71,69,13.605693,20.9594
71,68,415.62709,45.249
71,67,429.97568,66.8
71,66,192.60772,98.0
71,65,188.7875,117.0
71,64,197.76088,136.0
71,63,429.97568,159.0
71,62,230.10841,185.0
71,61,240.00443,205.0
71,60,444.56776,238.0
71,59,459.40333,276.0
71,58,302.15056,305.0
71,57,313.47517,328.0
71,56,474.4824,361.0
71,55,489.80495,399.0
71,54,505.371,438.0
71,53,521.18054,476.0
71,52,537.23356,520.0
71,51,553.53008,560.0
71,50,570.07009,600.0
71,49,586.8536,630.0
71,48,603.88059,670.0
71,47,621.15107,713.0
71,46,1008.1754,941.0
71,45,1030.4548,985.0
71,44,1052.9778,1032.0
71,43,1075.7442,1081.0
71,42,1098.7541,1130.0
71,41,1122.0075,1178.0
71,40,1145.5044,1242.0
71,39,1169.2448,1292.0
71,38,1193.2287,1345.0
71,37,1217.4561,1395.0
71,36,1859.043,1591.0
71,35,1889.2534,1641.0
71,34,1919.7071,1696.0
71,33,1950.4044,1747.0
71,32,1981.3452,1875.0
71,31,2012.5295,1933.0
71,30,2043.9572,2067.0
71,29,2075.6285,2125.5
71,28,3756.7171,3590.0
71,27,3809.6545,3706.0
71,26,3862.9624,3828.0
71,25,3916.6406,3960.0
71,24,3970.6893,4086.0
71,23,4025.1083,4211.0
71,22,4079.8976,4403.0
71,21,4135.0574,4532.0
71,20,4190.5875,4673.0
71,19,4246.488,4803.0
71,18,5397.0194,5168.0
71,17,5460.4333,5282.0
71,16,5524.2175,5408.0
71,15,5588.3722,5525.0
71,14,5652.8972,5937.0
71,13,5717.7925,6070.0
71,12,5783.0583,6326.0
71,11,5848.6944,6452.0
71,10,15200.697,14228.0
71,9,15360.283,14542.0
71,8,15520.703,14890.0
71,7,15681.956,15211.0
71,6,15844.042,16730.0
71,5,16006.962,17120.0
71,4,16170.715,17610.0
71,3,16335.301,17928.05
71,2,68007.921,72322.87
71,1,68586.299,73804.35
72,72,11.328865,6.82507
72,71,12.340765,14.61
72,70,11.328865,22.55
72,69,13.605693,33.37
72,68,457.26906,68.37
72,67,196.46621,98.0
72,66,205.61816,118.0
72,65,214.97845,137.0
72,64,224.54708,157.0
72,63,472.31334,187.0
72,62,258.93547,209.0
72,61,269.42674,230.0
72,60,487.60111,270.0
72,59,306.97845,310.0
72,58,318.39235,334.0
72,57,503.13237,359.0
72,56,518.90712,399.0
72,55,534.92537,440.0
72,54,551.1871,481.0
72,53,567.69233,520.0
72,52,584.44105,570.0
72,51,601.43325,610.0
72,50,618.66895,650.0
72,49,636.14815,690.0
72,48,653.87083,730.0
72,47,671.837,772.0
72,46,1072.477,1002.0
72,45,1095.4521,1047.0
72,44,1118.6707,1094.0
72,43,1142.1328,1146.0
72,42,1165.8385,1195.0
72,41,1189.7876,1245.0
72,40,1213.9801,1311.0
72,39,1238.4162,1362.0
72,38,1263.0958,1417.0
72,37,1288.0189,1467.0
72,36,1946.0042,1669.0
72,35,1976.9102,1719.0
72,34,2008.0597,1776.0
72,33,2039.4527,1827.0
72,32,2071.0891,1963.0
72,31,2102.9691,2022.0
72,30,2135.0925,2159.0
72,29,2167.4595,2218.9
72,28,3908.9496,3741.0
72,27,3962.9454,3858.0
72,26,4017.3114,3984.0
72,25,4072.0479,4118.0
72,24,4127.1547,4246.0
72,23,4182.6319,4372.0
72,22,4238.4795,4573.0
72,21,4294.6975,4703.0
72,20,4351.2858,4846.0
72,19,4408.2446,4980.0
72,18,5579.1845,5350.0
72,17,5643.6566,5468.0
72,16,5708.4991,5595.0
72,15,5773.7119,5713.0
72,14,5839.2952,6149.0
72,13,5905.2488,6284.0
72,12,5971.5727,6545.0
72,11,6038.2671,6674.0
72,10,15658.869,14678.0
72,9,15820.836,14999.0
72,8,15983.637,15351.0
72,7,16147.271,15680.0
72,6,16311.738,17280.0
72,5,16477.039,17680.0
72,4,16643.173,18180.0
72,3,16810.14,18502.32
72,2,69945.372,74565.91
72,1,70531.913,76077.7
73,73,8.399433,7.549571
73,72,10.275615,16.2
73,71,15.723079,23.1
73,70,18.386819,35.0
73,69,21.258896,48.272
73,68,500.89871,94.01
73,67,223.16738,119.0
73,66,232.91459,139.0
73,65,242.87013,159.0
73,64,253.034,180.0
73,63,263.40622,213.0
73,62,273.98677,235.0
73,61,516.63868,262.0
73,60,532.62214,304.0
73,59,340.14233,338.0
73,58,352.15148,363.0
73,57,548.84909,396.0
73,56,565.31953,439.0
73,55,582.03346,482.0
73,54,598.99089,530.0
73,53,616.1918,570.0
73,52,633.63621,610.0
73,51,651.32411,660.0
73,50,669.2555,700.0
73,49,687.43038,750.0
73,48,705.84875,790.0
73,47,724.51061,832.0
73,46,1138.7662,1064.0
73,45,1162.437,1110.0
73,44,1186.3513,1160.0
73,43,1210.5092,1211.0
73,42,1234.9105,1262.0
73,41,1259.5552,1313.0
73,40,1284.4435,1382.0
73,39,1309.5753,1434.0
73,38,1334.9506,1490.0
73,37,1360.5693,1542.0
73,36,2034.953,1748.0
73,35,2066.5547,1799.0
73,34,2098.3999,1857.0
73,33,2130.4886,1910.0
73,32,2162.8207,2053.0
73,31,2195.3964,2113.0
73,30,2228.2155,2254.0
73,29,2261.2781,2314.7
73,28,4064.2057,3898.7
73,27,4119.2596,4014.0
73,26,4174.684,4143.0
73,25,4230.4786,4278.0
73,24,4286.6437,4410.0
73,23,4343.1791,4537.0
73,22,4400.0849,4745.0
73,21,4457.3611,4877.0
73,20,4515.0077,5024.0
73,19,4573.0246,5159.0
73,18,5764.3731,5537.0
73,17,5829.9034,5655.0
73,16,5895.8041,5785.0
73,15,5962.0752,5907.0
73,14,6028.7166,6364.0
73,13,6095.7285,6502.0
73,12,6163.1107,6769.0
73,11,6230.8632,6900.0
73,10,16123.843,15137.0
73,9,16288.192,15461.0
73,8,16453.373,15820.0
73,7,16619.388,16150.0
73,6,16786.236,17840.0
73,5,16953.918,18250.0
73,4,17122.433,18760.0
73,3,17291.782,19088.51
73,2,71910.034,76852.0
73,1,72504.739,78394.63
74,74,9.180372,7.86403
74,73,11.13754,16.37
74,72,20.835843,26.0
74,71,23.886495,38.2
74,70,27.145484,51.6
74,69,30.61281,64.77
74,68,546.51605,122.01
74,67,251.56927,141.2
74,66,247.20056,160.2
74,65,257.45373,179.0
74,64,546.51605,208.9
74,63,294.1891,231.6
74,62,546.51605,258.3
74,61,562.9517,290.7
74,60,579.63085,325.3
74,59,375.00692,361.9
74,58,387.61132,387.9
74,57,596.55349,420.7
74,56,613.71962,462.1
74,55,631.12924,502.6
74,54,648.78236,543.4
74,53,666.67896,594.5
74,52,684.81906,640.6
74,51,703.20265,685.6
74,50,721.82972,734.1
74,49,740.70029,784.4
74,48,759.81436,833.4
74,47,779.17191,881.4
74,46,1207.0431,1132.2
74,45,1231.4096,1180.0
74,44,1256.0196,1230.4
74,43,1280.8731,1283.4
74,42,1305.9701,1335.1
74,41,1331.3106,1386.8
74,40,1356.8946,1459.9
74,39,1382.722,1512.4
74,38,1408.793,1569.1
74,37,1435.1074,1621.7
74,36,2125.8896,1829.8
74,35,2158.1869,1882.9
74,34,2190.7278,1940.6
74,33,2223.5121,1994.8
74,32,2256.54,2149.1
74,31,2289.8113,2210.0
74,30,2323.3261,2354.5
74,29,2357.0845,2414.1
74,28,4222.4853,4057.0
74,27,4278.5974,4180.0
74,26,4335.08,4309.0
74,25,4391.9329,4446.0
74,24,4449.1561,4578.0
74,23,4506.7498,4709.0
74,22,4564.7138,4927.0
74,21,4623.0482,5063.0
74,20,4681.753,5209.0
74,19,4740.8282,5348.0
74,18,5952.5852,5719.0
74,17,6019.1738,5840.0
74,16,6086.1327,5970.0
74,15,6153.4619,6093.0
74,14,6221.1616,6596.0
74,13,6289.2316,6735.0
74,12,6357.6721,7000.0
74,11,6426.4829,7130.0
74,10,16595.621,15566.0
74,9,16762.35,15896.0
74,8,16929.913,16252.0
74,7,17098.309,16588.0
74,6,17267.538,18476.0
74,5,17437.601,18872.0
74,4,17608.497,19362.0
74,3,17780.226,19686.74
74,2,73901.907,79181.94
74,1,74504.776,80755.91
75,75,9.9960194,7.83352
75,74,12.034174,16.6
75,73,26.667159,27.0
75,72,30.104722,39.1
75,71,33.750623,51.9
75,70,37.60486,67.0
75,69,41.667435,82.71
75,68,255.97623,144.4
75,67,266.40797,165.0
75,66,277.04805,187.0
75,65,287.89647,208.0
75,64,594.12106,236.0
75,63,326.67269,268.0
75,62,594.12106,291.0
75,61,611.25241,330.0
75,60,628.62725,377.0
75,59,411.57222,403.0
75,58,628.62725,429.0
75,57,646.24558,476.0
75,56,664.1074,520.0
75,55,682.21271,570.0
75,54,700.56151,620.0
75,53,719.15381,670.0
75,52,737.98959,720.0
75,51,757.06887,760.0
75,50,776.39163,810.0
75,49,795.95789,860.0
75,48,815.76764,910.0
75,47,835.82089,953.0
75,46,1277.3077,1194.0
75,45,1302.3699,1242.0
75,44,1327.6756,1294.0
75,43,1353.2248,1349.0
75,42,1379.0175,1402.0
75,41,1405.0537,1454.0
75,40,1431.3333,1530.0
75,39,1457.8565,1583.0
75,38,1484.6231,1641.0
75,37,1511.6333,1696.0
75,36,2218.8138,1912.0
75,35,2251.8068,1966.0
75,34,2285.0434,2025.0
75,33,2318.5234,2080.0
75,32,2352.2469,2240.0
75,31,2386.214,2302.0
75,30,2420.4245,2450.0
75,29,2454.8785,2514.5
75,28,4383.7883,4214.0
75,27,4440.9587,4335.0
75,26,4498.4994,4468.0
75,25,4556.4106,4609.0
75,24,4614.6921,4745.0
75,23,4673.3439,4877.0
75,22,4732.3662,5099.0
75,21,4791.7588,5236.0
75,20,4851.5218,5388.0
75,19,4911.6552,5528.0
75,18,6143.8208,5919.0
75,17,6211.4676,6042.0
75,16,6279.4847,6176.0
75,15,6347.8722,6300.0
75,14,6416.6301,6810.0
75,13,6485.7583,6952.0
75,12,6555.257,7230.0
75,11,6625.126,7366.0
75,10,17074.201,16080.0
75,9,17243.311,16410.0
75,8,17413.255,16780.0
75,7,17584.032,17120.0
75,6,17755.642,19000.0
75,5,17928.086,19420.0
75,4,18101.363,19950.0
75,3,18275.473,20297.4
75,2,75920.992,81556.58
75,1,76532.024,83162.41
76,76,10.846375,8.43823
76,75,12.965516,17.0
76,74,33.217024,25.0
76,73,37.0415,41.0
76,72,41.074312,55.0
76,71,45.315462,70.1
76,70,49.764948,85.1
76,69,54.422772,102.02
76,68,286.33394,168.7
76,67,297.36093,190.0
76,66,308.59625,213.0
76,65,320.03992,235.0
76,64,643.71377,269.0
76,63,360.857,298.0
76,62,643.71377,322.0
76,61,661.5408,367.0
76,60,417.2037,410.0
76,59,430.49263,436.0
76,58,679.61133,470.0
76,57,697.92535,520.0
76,56,716.48286,570.0
76,55,735.28386,620.0
76,54,754.32835,670.0
76,53,773.61633,720.0
76,52,793.14781,770.0
76,51,812.92277,820.0
76,50,832.94123,870.0
76,49,853.20318,920.0
76,48,873.70862,970.0
76,47,894.45755,1015.0
76,46,1349.56,1262.0
76,45,1375.3179,1311.0
76,44,1401.3193,1364.0
76,43,1427.5642,1420.0
76,42,1454.0525,1474.0
76,41,1480.7844,1528.0
76,40,1507.7598,1606.0
76,39,1534.9786,1660.0
76,38,1562.4409,1720.0
76,37,1590.1467,1776.0
76,36,2313.7256,1996.0
76,35,2347.4144,2052.0
76,34,2381.3466,2112.0
76,33,2415.5224,2168.0
76,32,2449.9416,2336.0
76,31,2484.6043,2400.0
76,30,2519.5105,2552.0
76,29,2554.6602,2615.5
76,28,4548.1149,4374.0
76,27,4606.3435,4501.0
76,26,4664.9424,4635.0
76,25,4723.9118,4779.0
76,24,4783.2515,4917.0
76,23,4842.9616,5052.0
76,22,4903.0421,5280.0
76,21,4963.4929,5421.0
76,20,5024.3141,5575.0
76,19,5085.5057,5717.0
76,18,6338.0799,6115.0
76,17,6406.7848,6240.0
76,16,6475.8602,6376.0
76,15,6545.3059,6503.0
76,14,6615.122,7039.0
76,13,6685.3085,7185.0
76,12,6755.8653,7468.0
76,11,6826.7926,7610.0
76,10,17559.584,16560.0
76,9,17731.075,16900.0
76,8,17903.4,17270.0
76,7,18076.558,17620.0
76,6,18250.549,19600.0
76,5,18425.374,20030.0
76,4,18601.032,20570.0
76,3,18777.523,20920.6
76,2,77967.288,83976.18
76,1,78586.483,85614.42
77,77,11.731439,8.96702
77,76,13.931566,17.0
77,75,40.485441,28.0
77,74,44.696828,40.0
77,73,49.116552,57.0
77,72,53.744614,72.0
77,71,58.581012,89.0
77,70,63.625748,105.0
77,69,68.878821,122.7
77,68,318.39235,194.8
77,67,330.01459,217.0
77,66,341.84517,240.0
77,65,353.88408,264.0
77,64,366.13133,303.0
77,63,378.58691,329.0
77,62,695.29415,356.0
77,61,713.81688,407.0
77,60,455.72482,445.0
77,59,469.609,472.0
77,58,732.58309,510.0
77,57,751.5928,560.0
77,56,770.846,610.0
77,55,790.34269,670.0
77,54,810.08287,720.0
77,53,830.06654,770.0
77,52,850.29371,820.0
77,51,870.76436,870.0
77,50,891.47851,920.0
77,49,912.43614,980.0
77,48,933.63727,1030.0
77,47,955.08189,1080.0
77,46,1423.8,1331.0
77,45,1450.2536,1381.0
77,44,1476.9507,1436.0
77,43,1503.8912,1493.0
77,42,1531.0753,1548.0
77,41,1558.5028,1603.0
77,40,1586.1739,1684.0
77,39,1614.0884,1739.0
77,38,1642.2464,1801.0
77,37,1670.6479,1857.0
77,36,2410.6252,2083.0
77,35,2445.0096,2139.0
77,34,2479.6376,2201.0
77,33,2514.509,2258.0
77,32,2549.6239,2435.0
77,31,2584.9823,2500.0
77,30,2620.5842,2656.0
77,29,2656.4296,2720.4
77,28,4715.4649,4540.0
77,27,4774.7517,4668.0
77,26,4834.4089,4806.0
77,25,4894.4365,4952.0
77,24,4954.8344,5092.0
77,23,5015.6027,5229.0
77,22,5076.7414,5466.0
77,21,5138.2505,5609.0
77,20,5200.1299,5765.0
77,19,5262.3798,5910.0
77,18,6535.3624,6315.0
77,17,6605.1256,6441.0
77,16,6675.2592,6580.0
77,15,6745.7631,6708.0
77,14,6816.6374,7274.0
77,13,6887.8821,7421.0
77,12,6959.4972,7710.0
77,11,7031.4827,7850.0
77,10,18051.77,17040.0
77,9,18225.642,17390.0
77,8,18400.348,17770.0
77,7,18575.887,18120.0
77,6,18752.259,20210.0
77,5,18929.465,20650.0
77,4,19107.504,21200.0
77,3,19286.376,21556.6
77,2,80040.796,86442.44
77,1,80668.155,88113.6
78,78,9.7202805,8.95883
78,77,44.082446,18.56
78,76,48.472408,29.0
78,75,53.070707,43.0
78,74,57.877343,56.0
78,73,62.892316,75.0
78,72,68.115627,91.0
78,71,73.547275,109.0
78,70,79.18726,126.0
78,69,85.035582,144.9
78,68,352.15148,220.4
78,67,364.36897,245.0
78,66,376.79479,269.0
78,65,389.42895,293.0
78,64,402.27145,332.0
78,63,415.32229,358.0
78,62,748.86222,392.0
78,61,768.08063,445.0
78,60,495.94665,479.0
78,59,510.42608,507.0
78,58,787.54254,550.0
78,57,807.24794,610.0
78,56,827.19682,660.0
78,55,847.3892,710.0
78,54,867.82507,760.0
78,53,888.50443,820.0
78,52,909.42729,870.0
78,51,930.59363,930.0
78,50,952.00347,980.0
78,49,973.65679,1040.0
78,48,995.55361,1090.0
78,47,1017.6939,1140.0
78,46,1500.0277,1402.0
78,45,1527.1769,1454.0
78,44,1554.5697,1509.0
78,43,1582.206,1567.0
78,42,1610.0857,1624.0
78,41,1638.2089,1680.0
78,40,1666.5757,1763.0
78,39,1695.1859,1821.0
78,38,1724.0396,1883.0
78,37,1753.1368,1941.0
78,36,2509.5125,2171.0
78,35,2544.5926,2228.0
78,34,2579.9162,2291.0
78,33,2615.4833,2350.0
78,32,2651.2939,2536.0
78,31,2687.348,2603.0
78,30,2723.6456,2762.0
78,29,2760.1867,2827.8
78,28,4885.8384,4715.0
78,27,4946.1834,4839.0
78,26,5006.8988,4980.0
78,25,5067.9846,5128.0
78,24,5129.4408,5270.0
78,23,5191.2673,5410.0
78,22,5253.4642,5654.0
78,21,5316.0315,5800.0
78,20,5378.9692,5959.0
78,19,5442.2772,6106.0
78,18,6735.6685,6517.0
78,17,6806.4899,6646.0
78,16,6877.6817,6787.0
78,15,6949.2438,6918.0
78,14,7021.1764,7512.0
78,13,7093.4793,7660.0
78,12,7166.1526,7960.0
78,11,7239.1963,8100.0
78,10,18550.759,17540.0
78,9,18727.012,17890.0
78,8,18904.099,18280.0
78,7,19082.019,18630.0
78,6,19260.772,20840.0
78,5,19440.359,21280.0
78,4,19620.779,21840.0
78,3,19802.032,22205.7
78,2,82141.515,88955.1
78,1,82777.037,90659.84
79,79,10.559067,9.225554
79,78,52.401052,20.203
79,77,57.177925,30.0
79,76,62.163136,45.0
79,75,67.356685,60.0
79,74,72.75857,74.0
79,73,78.368792,94.0
79,72,84.187352,112.0
79,71,90.214249,130.1
79,70,96.449483,149.0
79,69,102.89305,168.2
79,68,387.61132,248.0
79,67,400.42405,275.0
79,66,413.44513,299.0
79,65,426.67454,324.0
79,64,440.11228,365.0
79,63,453.75837,392.0
79,62,804.41797,433.0
79,61,824.33207,487.0
79,60,537.86919,520.0
79,59,552.94387,550.0
79,58,844.48967,600.0
79,57,864.89076,650.0
79,56,885.53533,710.0
79,55,906.4234,760.0
79,54,927.55496,820.0
79,53,948.93001,870.0
79,52,970.54855,930.0
79,51,992.41059,990.0
79,50,1014.5161,1040.0
79,49,1036.8651,1100.0
79,48,1059.4576,1150.0
79,47,1082.2936,1210.0
79,46,1578.243,1475.0
79,45,1606.088,1527.0
79,44,1634.1764,1584.0
79,43,1662.5084,1644.0
79,42,1691.0838,1702.0
79,41,1719.9027,1758.0
79,40,1748.9651,1845.0
79,39,1778.271,1904.0
79,38,1807.8204,1967.0
79,37,1837.6133,2026.0
79,36,2610.3874,2261.0
79,35,2646.1632,2320.0
79,34,2682.1825,2383.0
79,33,2718.4453,2443.0
79,32,2754.9516,2640.0
79,31,2791.7014,2708.0
79,30,2828.6947,2870.0
79,29,2865.9314,2941.0
79,28,5059.2354,4888.0
79,27,5120.6387,5013.0
79,26,5182.4123,5156.0
79,25,5244.5563,5307.0
79,24,5307.0707,5452.0
79,23,5369.9554,5594.0
79,22,5433.2106,5846.0
79,21,5496.8361,5994.0
79,20,5560.832,6156.0
79,19,5625.1982,6305.0
79,18,6938.998,6724.0
79,17,7010.8776,6854.0
79,16,7083.1276,6997.0
79,15,7155.748,7130.0
79,14,7228.7388,7760.0
79,13,7302.0999,7910.0
79,12,7375.8314,8210.0
79,11,7449.9333,8360.0
79,10,19056.55,18040.0
79,9,19235.185,18400.0
79,8,19414.652,18790.0
79,7,19594.953,19150.0
79,6,19776.088,21470.0
79,5,19958.055,21920.0
79,4,20140.856,22500.0
79,3,20324.491,22868.1
79,2,84269.445,91515.8
79,1,84913.131,93254.62
80,80,14.594883,10.437504
80,79,17.037968,18.75688
80,78,66.601994,34.49
80,77,71.974117,48.55
80,76,77.554577,61.2
80,75,83.343374,76.6
80,74,89.340508,93.0
80,73,95.54598,113.9
80,72,101.95979,134.0
80,71,108.58193,153.0
80,70,115.41242,173.0
80,69,122.45124,192.7
80,68,424.77187,276.9
80,67,438.17985,307.0
80,66,451.79617,332.0
80,65,465.62083,357.0
80,64,479.65383,402.0
80,63,493.89516,429.0
80,62,861.96141,477.0
80,61,544.30426,530.0
80,60,559.46823,560.0
80,59,882.5712,590.0
80,58,903.42448,650.0
80,57,924.52126,710.0
80,56,945.86152,760.0
80,55,967.44528,820.0
80,54,989.27253,880.0
80,53,1011.3433,930.0
80,52,1033.6575,990.0
80,51,1056.2152,1050.0
80,50,1079.0164,1110.0
80,49,1102.0611,1160.0
80,48,1125.3493,1220.0
80,47,1148.881,1280.0
80,46,1658.446,1549.0
80,45,1686.9867,1603.0
80,44,1715.7708,1661.0
80,43,1744.7985,1723.0
80,42,1774.0696,1780.0
80,41,1803.5842,1839.0
80,40,1833.3423,1928.0
80,39,1863.3439,1989.0
80,38,1893.589,2052.0
80,37,1924.0776,2113.0
80,36,2713.25,2354.0
80,35,2749.7215,2412.0
80,34,2786.4365,2478.0
80,33,2823.395,2539.0
80,32,2860.597,2745.0
80,31,2898.0425,2815.0
80,30,2935.7314,2981.0
80,29,2973.6639,3049.9
80,28,5235.6559,5055.0
80,27,5298.1174,5191.0
80,26,5360.9492,5335.0
80,25,5424.1514,5490.0
80,24,5487.724,5636.0
80,23,5551.667,5780.0
80,22,5615.9804,6041.0
80,21,5680.6641,6192.0
80,20,5745.7182,6356.0
80,19,5811.1427,6508.0
80,18,7145.351,6933.0
80,17,7218.2888,7066.0
80,16,7291.5971,7211.0
80,15,7365.2757,7350.0
80,14,7439.3247,8010.0
80,13,7513.744,8160.0
80,12,7588.5338,8470.0
80,11,7663.6939,8620.0
80,10,19569.145,18550.0
80,9,19750.16,18910.0
80,8,19932.009,19310.0
80,7,20114.691,19680.0
80,6,20298.206,22120.0
80,5,20482.555,22580.0
80,4,20667.737,23170.0
80,3,20853.752,23544.1
80,2,86424.587,94124.7
80,1,87076.436,95898.19
81,81,19.282445,6.1082873
81,80,22.076471,20.4283
81,79,25.059465,29.852
81,78,82.503648,51.14
81,77,88.47102,62.6
81,76,94.646729,80.0
81,75,101.03077,97.9
81,74,107.62316,116.0
81,73,114.42388,135.0
81,72,121.43294,158.0
81,71,128.65033,177.0
81,70,136.07606,198.0
81,69,143.71013,218.3
81,68,463.63313,306.9
81,67,477.63636,340.0
81,66,491.84793,366.0
81,65,506.26784,392.0
81,64,520.89609,439.0
81,63,535.73267,467.0
81,62,921.49253,520.0
81,61,588.18262,570.0
81,60,603.94184,600.0
81,59,942.79801,640.0
81,58,964.34698,700.0
81,57,986.13944,760.0
81,56,1008.1754,820.0
81,55,1030.4548,880.0
81,54,1052.9778,930.0
81,53,1075.7442,990.0
81,52,1098.7541,1060.0
81,51,1122.0075,1110.0
81,50,1145.5044,1170.0
81,49,1169.2448,1230.0
81,48,1193.2287,1290.0
81,47,1217.4561,1350.0
81,46,1740.6367,1625.0
81,45,1769.8731,1681.0
81,44,1799.3529,1740.0
81,43,1829.0762,1802.0
81,42,1859.043,1862.0
81,41,1889.2534,1920.0
81,40,1919.7071,2014.0
81,39,1950.4044,2075.0
81,38,1981.3452,2140.0
81,37,2012.5295,2202.0
81,36,2818.1003,2447.0
81,35,2855.2675,2508.0
81,34,2892.6782,2574.0
81,33,2930.3324,2635.0
81,32,2968.23,2854.0
81,31,3006.3712,2925.0
81,30,3044.7558,3094.0
81,29,3083.384,3164.7
81,28,5415.0999,5234.0
81,27,5478.6196,5371.0
81,26,5542.5096,5518.0
81,25,5606.7701,5674.0
81,24,5671.4009,5824.0
81,23,5736.4021,5969.0
81,22,5801.7737,6241.0
81,21,5867.5156,6392.0
81,20,5933.628,6560.0
81,19,6000.1107,6714.0
81,18,7354.7275,7146.0
81,17,7428.7236,7281.0
81,16,7503.09,7430.0
81,15,7577.8268,7570.0
81,14,7652.934,8260.0
81,13,7728.4116,8420.0
81,12,7804.2596,8730.0
81,11,7880.4779,8880.0
81,10,20088.542,19070.0
81,9,20271.939,19440.0
81,8,20456.168,19840.0
81,7,20641.231,20210.0
81,6,20827.127,22780.0
81,5,21013.857,23250.0
81,4,21201.42,23850.0
81,3,21389.816,24234.1
81,2,88606.94,96783.2
81,1,89266.953,98592.12
82,82,24.621754,7.4166799
82,81,27.766721,15.032499
82,80,31.100655,31.9373
82,79,34.623558,42.33256
82,78,100.10601,68.8
82,77,106.66863,82.9
82,76,113.43959,100.1
82,75,120.41889,120.0
82,74,127.60652,138.0
82,73,135.00249,158.0
82,72,142.6068,182.0
82,71,150.41944,203.0
82,70,158.44042,224.0
82,69,166.66974,245.1
82,68,504.1951,338.1
82,67,518.79358,374.0
82,66,533.6004,401.0
82,65,548.61556,427.0
82,64,563.83906,478.0
82,63,579.27089,507.0
82,62,983.01133,570.0
82,61,633.76169,610.0
82,60,650.11616,650.0
82,59,1005.0125,690.0
82,58,1027.2572,750.0
82,57,1049.7453,810.0
82,56,1072.477,870.0
82,55,1095.4521,930.0
82,54,1118.6707,990.0
82,53,1142.1328,1050.0
82,52,1165.8385,1120.0
82,51,1189.7876,1180.0
82,50,1213.9801,1240.0
82,49,1238.4162,1300.0
82,48,1263.0958,1360.0
82,47,1288.0189,1430.0
82,46,1824.8151,1704.0
82,45,1854.7472,1760.0
82,44,1884.9227,1819.0
82,43,1915.3417,1884.0
82,42,1946.0042,1945.0
82,41,1976.9102,2004.0
82,40,2008.0597,2101.0
82,39,2039.4527,2163.0
82,38,2071.0891,2230.0
82,37,2102.9691,2292.0
82,36,2924.9383,2543.0
82,35,2962.8012,2605.0
82,34,3000.9076,2671.0
82,33,3039.2574,2735.0
82,32,3077.8508,2965.0
82,31,3116.6876,3036.0
82,30,3155.768,3211.0
82,29,3195.0918,3282.1
82,28,5597.5673,5414.0
82,27,5662.1453,5555.0
82,26,5727.0935,5703.0
82,25,5792.4122,5862.0
82,24,5858.1012,6015.0
82,23,5924.1607,6162.0
82,22,5990.5905,6442.0
82,21,6057.3906,6597.0
82,20,6124.5612,6767.0
82,19,6192.1021,6924.0
82,18,7567.1275,7362.0
82,17,7642.1818,7500.0
82,16,7717.6064,7650.0
82,15,7793.4015,7790.0
82,14,7869.5669,8520.0
82,13,7946.1027,8680.0
82,12,8023.0089,9000.0
82,11,8100.2855,9150.0
82,10,20614.742,19590.0
82,9,20800.52,19970.0
82,8,20987.13,20380.0
82,7,21174.574,20750.0
82,6,21362.852,23460.0
82,5,21551.962,23940.0
82,4,21741.906,24550.0
82,3,21932.683,24938.2
82,2,90816.505,99491.8
82,1,91484.681,101336.7
83,83,30.61281,7.285516
83,82,34.108717,16.703
83,81,37.793592,25.57075
83,80,41.667435,45.37
83,79,45.730246,54.856
83,78,119.40909,88.4
83,77,126.56696,103.0
83,76,133.93317,122.0
83,75,141.50771,143.0
83,74,149.29059,161.1
83,73,157.28181,183.0
83,72,165.48137,208.0
83,71,173.88926,229.0
83,70,182.50549,252.0
83,69,191.33006,272.6
83,68,546.45778,370.2
83,67,561.65152,409.0
83,66,577.05359,436.0
83,65,592.66399,464.0
83,64,608.48274,520.0
83,63,624.50982,550.0
83,62,1046.5178,620.0
83,61,681.04147,660.0
83,60,697.99119,690.0
83,59,1069.2147,750.0
83,58,1092.155,810.0
83,57,1115.3389,870.0
83,56,1138.7662,930.0
83,55,1162.437,990.0
83,54,1186.3513,1060.0
83,53,1210.5092,1120.0
83,52,1234.9105,1180.0
83,51,1259.5552,1250.0
83,50,1284.4435,1310.0
83,49,1309.5753,1380.0
83,48,1334.9506,1440.0
83,47,1360.5693,1500.0
83,46,1910.9812,1784.0
83,45,1941.6089,1840.0
83,44,1972.4801,1902.0
83,43,2003.5948,1967.0
83,42,2034.953,2029.0
83,41,2066.5547,2090.0
83,40,2098.3999,2190.0
83,39,2130.4886,2253.0
83,38,2162.8207,2321.0
83,37,2195.3964,2385.0
83,36,3033.764,2641.0
83,35,3072.3225,2703.0
83,34,3111.1246,2771.0
83,33,3150.1702,2835.0
83,32,3189.4592,3078.0
83,31,3228.9917,3151.0
83,30,3268.7678,3329.0
83,29,3308.7873,3401.8
83,28,5783.0583,5599.0
83,27,5848.6944,5740.0
83,26,5914.7009,5892.0
83,25,5981.0778,6054.0
83,24,6047.8251,6208.0
83,23,6114.9427,6358.0
83,22,6182.4307,6648.0
83,21,6250.2891,6804.0
83,20,6318.5179,6977.0
83,19,6387.117,7137.0
83,18,7782.551,7580.0
83,17,7858.6635,7720.0
83,16,7935.1464,7870.0
83,15,8011.9996,8010.0
83,14,8089.2233,8780.0
83,13,8166.8173,8950.0
83,12,8244.7817,9270.0
83,11,8323.1165,9430.0
83,10,21147.745,20130.0
83,9,21335.904,20500.0
83,8,21524.895,20920.0
83,7,21714.72,21300.0
83,6,21905.379,24150.0
83,5,22096.87,24640.0
83,4,22289.195,25260.0
83,3,22482.353,25656.9
83,2,93053.281,102251.8
83,1,93729.62,104133.4
84,84,37.255612,8.41807
84,83,41.10246,19.3
84,82,45.138275,27.3
84,81,49.363059,36.0
84,80,53.776811,57.0
84,79,58.37953,69.1
84,78,140.41288,108.0
84,77,148.166,125.0
84,76,156.12745,146.1
84,75,164.29725,166.0
84,74,172.67538,186.0
84,73,181.26185,209.0
84,72,190.05665,235.0
84,71,199.05979,257.0
84,70,208.27127,281.0
84,69,217.69109,304.0
84,68,590.42118,416.0
84,67,606.21016,444.0
84,66,622.20748,473.0
84,65,638.41314,502.0
84,64,654.82713,560.0
84,63,671.44946,590.0
84,62,688.28013,670.0
84,61,705.31913,700.0
84,60,1112.012,740.0
84,59,1135.4045,800.0
84,58,1159.0406,870.0
84,57,1182.9201,930.0
84,56,1207.0431,990.0
84,55,1231.4096,1060.0
84,54,1256.0196,1120.0
84,53,1280.8731,1180.0
84,52,1305.9701,1250.0
84,51,1331.3106,1320.0
84,50,1356.8946,1380.0
84,49,1382.722,1440.0
84,48,1408.793,1510.0
84,47,1435.1074,1570.0
84,46,1999.135,1865.0
84,45,2030.4584,1923.0
84,44,2062.0253,1986.0
84,43,2093.8357,2052.0
84,42,2125.8896,2115.0
84,41,2158.1869,2177.0
84,40,2190.7278,2281.0
84,39,2223.5121,2345.0
84,38,2256.54,2414.0
84,37,2289.8113,2480.0
84,36,3144.5773,2740.0
84,35,3183.8316,2803.0
84,34,3223.3293,2873.0
84,33,3263.0706,2938.0
84,32,3303.0553,3194.0
84,31,3343.2835,3268.0
84,30,3383.7553,3450.0
84,29,3424.4705,3524.2
84,28,5971.5727,5785.0
84,27,6038.2671,5930.0
84,26,6105.3318,6084.0
84,25,6172.7669,6248.0
84,24,6240.5724,6405.0
84,23,6308.7483,6557.0
84,22,6377.2945,6856.0
84,21,6446.2111,7015.0
84,20,6515.4981,7191.0
84,19,6585.1555,7350.0
84,18,8000.9979,7810.0
84,17,8078.1686,7950.0
84,16,8155.7098,8100.0
84,15,8233.6213,8240.0
84,14,8311.9031,9050.0
84,13,8390.5554,9220.0
84,12,8469.578,9550.0
84,11,8548.971,9710.0
84,10,21687.551,20670.0
84,9,21878.091,21050.0
84,8,22069.463,21470.0
84,7,22261.669,21860.0
84,6,22454.708,24860.0
84,5,22648.581,25360.0
84,4,22843.287,25990.0
84,3,23038.826,26390.4
84,2,95317.268,105064.3
84,1,96001.771,106983.4
85,85,44.550161,9.31751
85,84,48.747949,17.88
85,83,53.134705,26.58
85,82,57.710429,39.65
85,81,62.475121,50.39
85,80,67.428782,72.0
85,79,72.57141,85.1
85,78,163.11738,130.1
85,77,171.46575,149.0
85,76,180.02245,169.0
85,75,188.7875,192.1
85,74,197.76088,212.0
85,73,206.94259,236.0
85,72,216.33265,263.0
85,71,225.93104,287.0
85,70,235.73777,311.0
85,69,245.75283,335.0
85,68,636.08529,452.0
85,67,652.46952,481.0
85,66,669.06209,510.0
85,65,685.86299,540.0
85,64,702.87223,600.0
85,63,720.08981,630.0
85,62,737.51573,720.0
85,61,755.14998,750.0
85,60,1179.4938,790.0
85,59,1203.5821,860.0
85,58,1227.9138,920.0
85,57,1252.489,990.0
85,56,1277.3077,1050.0
85,55,1302.3699,1120.0
85,54,1327.6756,1180.0
85,53,1353.2248,1250.0
85,52,1379.0175,1320.0
85,51,1405.0537,1380.0
85,50,1431.3333,1450.0
85,49,1457.8565,1510.0
85,48,1484.6231,1590.0
85,47,1511.6333,1650.0
85,46,2089.2764,1948.0
85,45,2121.2955,2007.0
85,44,2153.5581,2071.0
85,43,2186.0642,2139.0
85,42,2218.8138,2203.0
85,41,2251.8068,2266.0
85,40,2285.0434,2373.0
85,39,2318.5234,2439.0
85,38,2352.2469,2510.0
85,37,2386.214,2576.0
85,36,3257.3783,2841.0
85,35,3297.3283,2905.0
85,34,3337.5217,2977.0
85,33,3377.9587,3042.0
85,32,3418.6391,3312.0
85,31,3459.563,3388.0
85,30,3500.7304,3573.0
85,29,3542.1413,3649.0
85,28,6163.1107,5976.0
85,27,6230.8632,6122.0
85,26,6298.9862,6279.0
85,25,6367.4795,6445.0
85,24,6436.3432,6604.0
85,23,6505.5773,6759.0
85,22,6575.1817,7068.0
85,21,6645.1566,7230.0
85,20,6715.5018,7410.0
85,19,6786.2174,7570.0
85,18,8222.4684,8030.0
85,17,8300.6973,8180.0
85,16,8379.2967,8330.0
85,15,8458.2664,8480.0
85,14,8537.6064,9330.0
85,13,8617.3169,9500.0
85,12,8697.3978,9830.0
85,11,8777.849,9990.0
85,10,22234.16,21210.0
85,9,22427.08,21600.0
85,8,22620.834,22030.0
85,7,22815.421,22420.0
85,6,23010.841,25580.0
85,5,23207.095,26090.0
85,4,23404.182,26730.0
85,3,23602.102,27139.0
85,2,97608.467,107930.0
85,1,98301.133,109887.2
86,86,52.496456,10.7485
86,85,57.045185,18.99
86,84,61.782882,29.4
86,83,66.709546,36.9
86,82,71.825179,52.9
86,81,77.12978,64.0
86,80,82.623348,88.0
86,79,88.305885,102.0
86,78,187.52259,154.0
86,77,196.46621,173.9
86,76,205.61816,195.0
86,75,214.97845,218.0
86,74,224.54708,240.0
86,73,234.32405,264.0
86,72,244.30935,293.0
86,71,254.50299,317.0
86,70,264.90497,342.0
86,69,275.51529,367.0
86,68,683.45011,488.0
86,67,700.42959,520.0
86,66,717.6174,550.0
86,65,735.01356,580.0
86,64,752.61805,640.0
86,63,770.43088,680.0
86,62,788.45204,760.0
86,61,806.68155,800.0
86,60,1248.9634,850.0
86,59,1273.7473,920.0
86,58,1298.7747,980.0
86,57,1324.0456,1050.0
86,56,1349.56,1110.0
86,55,1375.3179,1180.0
86,54,1401.3193,1250.0
86,53,1427.5642,1310.0
86,52,1454.0525,1390.0
86,51,1480.7844,1460.0
86,50,1507.7598,1520.0
86,49,1534.9786,1590.0
86,48,1562.4409,1660.0
86,47,1590.1467,1720.0
86,46,2181.4055,2033.0
86,45,2214.1203,2094.0
86,44,2247.0786,2158.0
86,43,2280.2804,2227.0
86,42,2313.7256,2293.0
86,41,2347.4144,2357.0
86,40,2381.3466,2467.0
86,39,2415.5224,2535.0
86,38,2449.9416,2606.0
86,37,2484.6043,2674.0
86,36,3372.1671,2944.0
86,35,3412.8127,3010.0
86,34,3453.7018,3082.0
86,33,3494.8345,3149.0
86,32,3536.2106,3433.0
86,31,3577.8302,3510.0
86,30,3619.6933,3699.0
86,29,3661.7999,3777.0
86,28,6357.6721,6169.0
86,27,6426.4829,6318.0
86,26,6495.664,6476.0
86,25,6565.2156,6646.0
86,24,6635.1375,6807.0
86,23,6705.4298,6964.0
86,22,6776.0925,7283.0
86,21,6847.1255,7450.0
86,20,6918.529,7630.0
86,19,6990.3028,7800.0
86,18,8446.9623,8260.0
86,17,8526.2495,8410.0
86,16,8605.907,8570.0
86,15,8685.935,8710.0
86,14,8766.3333,9610.0
86,13,8847.102,9780.0
86,12,8928.241,10120.0
86,11,9009.7505,10290.0
86,10,22787.572,21770.0
86,9,22982.873,22160.0
86,8,23179.007,22600.0
86,7,23375.975,22990.0
86,6,23573.777,26310.0
86,5,23772.411,26830.0
86,4,23971.879,27490.0
86,3,24172.181,27903.1
86,2,99926.877,110846.3
86,1,100627.71,112842.2
87,87,3.5614686,4.0727411
87,86,65.994168,22.4
87,85,71.082805,33.5
87,84,76.36041,39.1
87,83,81.826983,50.0
87,82,87.482524,67.0
87,81,93.327033,80.0
87,80,99.36051,106.0
87,79,105.58296,120.0
87,78,213.62852,179.0
87,77,223.16738,200.0
87,76,232.91459,222.1
87,75,242.87013,245.0
87,74,253.034,269.0
87,73,263.40622,293.0
87,72,273.98677,324.0
87,71,284.77566,349.0
87,70,295.77289,375.0
87,69,306.97845,400.0
87,68,732.51564,530.0
87,67,750.09037,560.0
87,66,767.87343,590.0
87,65,785.86483,620.0
87,64,804.06458,690.0
87,63,822.47265,720.0
87,62,841.08907,810.0
87,61,859.91382,850.0
87,60,1320.4206,910.0
87,59,1345.9002,980.0
87,58,1371.6233,1040.0
87,57,1397.5899,1110.0
87,56,1423.8,1180.0
87,55,1450.2536,1250.0
87,54,1476.9507,1320.0
87,53,1503.8912,1380.0
87,52,1531.0753,1460.0
87,51,1558.5028,1530.0
87,50,1586.1739,1600.0
87,49,1614.0884,1670.0
87,48,1642.2464,1740.0
87,47,1670.6479,1810.0
87,46,2275.5224,2119.0
87,45,2308.9328,2182.0
87,44,2342.5868,2247.0
87,43,2376.4843,2317.0
87,42,2410.6252,2384.0
87,41,2445.0096,2450.0
87,40,2479.6376,2564.0
87,39,2514.509,2631.0
87,38,2549.6239,2706.0
87,37,2584.9823,2774.0
87,36,3488.9435,3049.0
87,35,3530.2848,3115.0
87,34,3571.8696,3190.0
87,33,3613.6979,3257.0
87,32,3655.7697,3556.0
87,31,3698.085,3635.0
87,30,3740.6438,3828.0
87,29,3783.4461,3907.0
87,28,6555.257,6365.0
87,27,6625.126,6516.0
87,26,6695.3654,6678.0
87,25,6765.9751,6849.0
87,24,6836.9553,7013.0
87,23,6908.3058,7172.0
87,22,6980.0267,7500.0
87,21,7052.118,7670.0
87,20,7124.5796,7850.0
87,19,7197.4117,8020.0
87,18,8674.4797,8500.0
87,17,8754.8251,8640.0
87,16,8835.5409,8800.0
87,15,8916.627,8950.0
87,14,8998.0836,9890.0
87,13,9079.9105,10070.0
87,12,9162.1078,10420.0
87,11,9244.6754,10590.0
87,10,23347.786,22330.0
87,9,23545.468,22730.0
87,8,23743.984,23170.0
87,7,23943.333,23570.0
87,6,24143.515,27060.0
87,5,24344.531,27590.0
87,4,24546.38,28260.0
87,3,24749.062,28683.4
87,2,102272.5,113821.9
87,1,102981.49,115857.5
88,88,5.9768655,5.2784239
88,87,7.535008,10.14718
88,86,81.034475,31.0
88,85,86.66302,41.0
88,84,92.480534,52.9
88,83,98.487016,64.0
88,82,104.68247,82.0
88,81,111.06688,97.0
88,80,117.64027,124.0
88,79,124.40262,140.0
88,78,241.43515,204.9
88,77,251.56927,227.0
88,76,261.91172,250.0
88,75,272.46251,274.0
88,74,283.22164,299.0
88,73,294.1891,324.0
88,72,305.3649,356.0
88,71,316.74904,382.0
88,70,328.34152,409.0
88,69,340.14233,435.0
88,68,783.28188,570.0
88,67,801.45186,600.0
88,66,819.83017,630.0
88,65,838.41682,660.0
88,64,857.21181,740.0
88,63,876.21514,770.0
88,62,895.4268,860.0
88,61,914.84681,900.0
88,60,1393.8655,970.0
88,59,1420.0408,1040.0
88,58,1446.4596,1110.0
88,57,1473.1219,1180.0
88,56,1500.0277,1250.0
88,55,1527.1769,1320.0
88,54,1554.5697,1390.0
88,53,1582.206,1460.0
88,52,1610.0857,1530.0
88,51,1638.2089,1610.0
88,50,1666.5757,1680.0
88,49,1695.1859,1750.0
88,48,1724.0396,1820.0
88,47,1753.1368,1880.0
88,46,2371.6269,2208.0
88,45,2405.733,2271.0
88,44,2440.0827,2338.0
88,43,2474.6758,2409.0
88,42,2509.5125,2477.0
88,41,2544.5926,2544.0
88,40,2579.9162,2662.0
88,39,2615.4833,2731.0
88,38,2651.2939,2806.0
88,37,2687.348,2876.0
88,36,3607.7076,3155.0
88,35,3649.7446,3224.0
88,34,3692.0251,3298.0
88,33,3734.5491,3368.0
88,32,3777.3166,3682.0
88,31,3820.3276,3762.0
88,30,3863.582,3959.0
88,29,3907.08,4040.0
88,28,6755.8653,6565.0
88,27,6826.7926,6718.0
88,26,6898.0902,6881.0
88,25,6969.7582,7056.0
88,24,7041.7965,7222.0
88,23,7114.2053,7380.0
88,22,7186.9844,7720.0
88,21,7260.1339,7890.0
88,20,7333.6538,8080.0
88,19,7407.544,8250.0
88,18,8905.0206,8730.0
88,17,8986.4243,8880.0
88,16,9068.1982,9040.0
88,15,9150.3426,9200.0
88,14,9232.8574,10190.0
88,13,9315.7425,10360.0
88,12,9398.998,10720.0
88,11,9482.6239,10890.0
88,10,23914.803,22900.0
88,9,24114.867,23300.0
88,8,24315.763,23750.0
88,7,24517.493,24160.0
88,6,24720.056,27830.0
88,5,24923.453,28370.0
88,4,25127.683,29050.0
88,3,25332.746,29479.8
88,2,104645.33,116853.5
88,1,105362.49,118929.5
89,89,6.9416802,5.380235
89,88,10.906998,11.75
89,87,12.980229,17.436
89,86,97.617377,44.8
89,85,103.78583,55.0
89,84,110.14325,67.0
89,83,116.68964,79.0
89,82,123.425,98.9
89,81,130.34933,113.9
89,80,137.46262,143.9
89,79,144.76488,161.1
89,78,270.9425,233.0
89,77,281.67186,255.0
89,76,292.60956,279.0
89,75,303.7556,305.0
89,74,315.10998,330.0
89,73,326.67269,355.0
89,72,338.44374,390.0
89,71,350.42313,416.0
89,70,362.61085,444.0
89,69,375.00692,470.0
89,68,835.74883,610.0
89,67,854.51406,640.0
89,66,873.48762,670.0
89,65,892.66953,710.0
89,64,912.05976,780.0
89,63,931.65834,820.0
89,62,951.46525,920.0
89,61,971.4805,950.0
89,60,1469.2981,1030.0
89,59,1496.1691,1100.0
89,58,1523.2836,1170.0
89,57,1550.6415,1240.0
89,56,1578.243,1310.0
89,55,1606.088,1380.0
89,54,1634.1764,1460.0
89,53,1662.5084,1530.0
89,52,1691.0838,1610.0
89,51,1719.9027,1680.0
89,50,1748.9651,1750.0
89,49,1778.271,1820.0
89,48,1807.8204,1900.0
89,47,1837.6133,1970.0
89,46,2469.719,2298.0
89,45,2504.5209,2362.0
89,44,2539.5662,2430.0
89,43,2574.8551,2503.0
89,42,2610.3874,2572.0
89,41,2646.1632,2639.0
89,40,2682.1825,2762.0
89,39,2718.4453,2833.0
89,38,2754.9516,2908.0
89,37,2791.7014,2980.0
89,36,3728.4593,3264.0
89,35,3771.192,3334.0
89,34,3814.1682,3409.0
89,33,3857.3879,3479.0
89,32,3900.8511,3811.0
89,31,3944.5578,3893.0
89,30,3988.5079,4093.0
89,29,4032.7016,4175.0
89,28,6959.4972,6767.0
89,27,7031.4827,6923.0
89,26,7103.8385,7088.0
89,25,7176.5647,7265.0
89,24,7249.6613,7430.0
89,23,7323.1283,7600.0
89,22,7396.9656,7950.0
89,21,7471.1733,8120.0
89,20,7545.7514,8310.0
89,19,7620.6999,8480.0
89,18,9138.585,8970.0
89,17,9221.0469,9120.0
89,16,9303.8791,9290.0
89,15,9387.0817,9440.0
89,14,9470.6546,10480.0
89,13,9554.598,10660.0
89,12,9638.9117,11030.0
89,11,9723.5958,11200.0
89,10,24488.623,23480.0
89,9,24691.068,23890.0
89,8,24894.345,24340.0
89,7,25098.456,24760.0
89,6,25303.4,28610.0
89,5,25509.178,29160.0
89,4,25715.789,29850.0
89,3,25923.233,30293.1
89,2,107045.38,119945.7
89,1,107770.7,122063.1
90,90,10.275615,6.3067
90,89,11.77345,12.1
90,88,6.9416802,18.32
90,87,122.45124,28.648
90,86,115.74288,58.0
90,85,122.45124,69.1
90,84,129.34857,82.0
90,83,136.43487,95.0
90,82,143.71013,118.0
90,81,151.17437,133.0
90,80,158.82757,165.0
90,79,166.66974,181.0
90,78,302.15056,262.0
90,77,313.47517,285.0
90,76,325.00812,310.0
90,75,336.74941,336.0
90,74,348.69903,362.0
90,73,360.857,389.0
90,72,373.2233,424.0
90,71,385.79793,451.0
90,70,398.58091,480.0
90,69,411.57222,508.0
90,68,889.9165,650.0
90,67,909.27697,680.0
90,66,928.84579,720.0
90,65,948.62294,750.0
90,64,968.60843,830.0
90,63,988.80225,870.0
90,62,1009.2044,970.0
90,61,1029.8149,1010.0
90,60,1546.7184,1090.0
90,59,1574.285,1160.0
90,58,1602.0952,1240.0
90,57,1630.1489,1310.0
90,56,1658.446,1380.0
90,55,1686.9867,1460.0
90,54,1715.7708,1530.0
90,53,1744.7985,1600.0
90,52,1774.0696,1680.0
90,51,1803.5842,1760.0
90,50,1833.3423,1830.0
90,49,1863.3439,1910.0
90,48,1893.589,1980.0
90,47,1924.0776,2060.0
90,46,2569.7989,2390.0
90,45,2605.2964,2455.0
90,44,2641.0375,2524.0
90,43,2677.022,2598.0
90,42,2713.25,2669.0
90,41,2749.7215,2737.0
90,40,2786.4365,2864.0
90,39,2823.395,2935.0
90,38,2860.597,3013.0
90,37,2898.0425,3086.0
90,36,3851.1988,3375.0
90,35,3894.6272,3445.0
90,34,3938.2991,3522.0
90,33,3982.2144,3593.0
90,32,4026.3733,3943.0
90,31,4070.7757,4025.0
90,30,4115.4215,4230.0
90,29,4160.3109,4313.0
90,28,7166.1526,6972.0
90,27,7239.1963,7130.0
90,26,7312.6103,7299.0
90,25,7386.3947,7480.0
90,24,7460.5495,7650.0
90,23,7535.0747,7810.0
90,22,7609.9703,8180.0
90,21,7685.2362,8350.0
90,20,7760.8725,8550.0
90,19,7836.8792,8720.0
90,18,9375.1729,9220.0
90,17,9458.693,9370.0
90,16,9542.5834,9540.0
90,15,9626.8442,9690.0
90,14,9711.4754,10790.0
90,13,9796.477,10970.0
90,12,9881.8489,11340.0
90,11,9967.5913,11510.0
90,10,25069.246,24060.0
90,9,25274.072,24480.0
90,8,25479.73,24940.0
90,7,25686.222,25360.0
90,6,25893.547,29410.0
90,5,26101.706,29970.0
90,4,26310.698,30680.0
90,3,26520.523,31122.8
90,2,109472.63,123091.0
90,1,110206.11,125250.3
91,91,6.9416802,5.89
91,90,10.906998,11.9
91,89,6.9416802,18.6
91,88,136.07606,30.9
91,87,143.71013,44.3
91,86,135.41097,72.0
91,85,142.65924,85.1
91,84,150.09648,98.9
91,83,157.72269,111.0
91,82,165.53786,137.0
91,81,173.542,153.0
91,80,181.73511,187.0
91,79,190.11719,203.0
91,78,335.05933,292.0
91,77,346.97919,316.0
91,76,359.10739,342.0
91,75,371.44393,369.0
91,74,383.9888,395.0
91,73,396.74201,423.0
91,72,409.70356,460.0
91,71,422.87345,488.0
91,70,436.25167,518.0
91,69,449.83823,546.0
91,68,945.78488,690.0
91,67,965.7406,720.0
91,66,985.90466,760.0
91,65,1006.2771,790.0
91,64,1026.8578,880.0
91,63,1047.6469,920.0
91,62,1068.6443,1020.0
91,61,1089.85,1060.0
91,60,1626.1263,1150.0
91,59,1654.3887,1220.0
91,58,1682.8945,1300.0
91,57,1711.6439,1370.0
91,56,1740.6367,1450.0
91,55,1769.8731,1520.0
91,54,1799.3529,1600.0
91,53,1829.0762,1670.0
91,52,1859.043,1760.0
91,51,1889.2534,1830.0
91,50,1919.7071,1910.0
91,49,1950.4044,1980.0
91,48,1981.3452,2060.0
91,47,2012.5295,2130.0
91,46,2671.8664,2483.0
91,45,2708.0597,2550.0
91,44,2744.4964,2620.0
91,43,2781.1766,2696.0
91,42,2818.1003,2766.0
91,41,2855.2675,2837.0
91,40,2892.6782,2968.0
91,39,2930.3324,3040.0
91,38,2968.23,3119.0
91,37,3006.3712,3193.0
91,36,3975.9259,3488.0
91,35,4020.05,3558.0
91,34,4064.4176,3637.0
91,33,4109.0286,3709.0
91,32,4153.8832,4077.0
91,31,4198.9813,4161.0
91,30,4244.3228,4370.0
91,29,4289.9078,4454.0
91,28,7375.8314,7181.0
91,27,7449.9333,7341.0
91,26,7524.4056,7510.0
91,25,7599.2482,7690.0
91,24,7674.4613,7870.0
91,23,7750.0447,8040.0
91,22,7825.9985,8410.0
91,21,7902.3226,8590.0
91,20,7979.0172,8780.0
91,19,8056.0821,8960.0
91,18,9614.7843,9460.0
91,17,9699.3626,9620.0
91,16,9784.3112,9790.0
91,15,9869.6303,9950.0
91,14,9955.3197,11100.0
91,13,10041.379,11290.0
91,12,10127.81,11660.0
91,11,10214.61,11840.0
91,10,25656.672,24660.0
91,9,25863.878,25080.0
91,8,26071.918,25540.0
91,7,26280.791,25970.0
91,6,26490.497,30230.0
91,5,26701.037,30800.0
91,4,26912.41,31520.0
91,3,27124.616,31971.6
91,2,111927.1,126304.8
91,1,112668.74,128507.0
92,92,6.9416802,6.19405
92,91,10.906998,11.6
92,90,142.6068,19.8
92,89,150.41944,36.7
92,88,158.44042,46.0
92,87,166.66974,62.0
92,86,156.62166,89.0
92,85,164.40984,101.0
92,84,172.38699,116.0
92,83,180.5531,128.9
92,82,188.90818,158.0
92,81,197.45224,173.0
92,80,206.18526,210.0
92,79,215.10724,227.0
92,78,369.66881,323.0
92,77,382.18392,348.0
92,76,394.90737,375.0
92,75,407.83915,402.0
92,74,420.97928,431.0
92,73,434.32774,458.0
92,72,447.88454,497.0
92,71,461.64967,525.0
92,70,475.62314,557.0
92,69,489.80495,585.0
92,68,1003.354,730.0
92,67,1023.9049,770.0
92,66,1044.6643,800.0
92,65,1065.6319,840.0
92,64,1086.8079,930.0
92,63,1108.1922,970.0
92,62,1129.7849,1070.0
92,61,1151.5859,1110.0
92,60,1707.5219,1210.0
92,59,1736.48,1290.0
92,58,1765.6816,1370.0
92,57,1795.1266,1440.0
92,56,1824.8151,1520.0
92,55,1854.7472,1590.0
92,54,1884.9227,1670.0
92,53,1915.3417,1750.0
92,52,1946.0042,1830.0
92,51,1976.9102,1910.0
92,50,2008.0597,1990.0
92,49,2039.4527,2070.0
92,48,2071.0891,2140.0
92,47,2102.9691,2220.0
92,46,2775.9217,2578.0
92,45,2812.8106,2646.0
92,44,2849.943,2718.0
92,43,2887.3189,2794.0
92,42,2924.9383,2867.0
92,41,2962.8012,2938.0
92,40,3000.9076,3073.0
92,39,3039.2574,3147.0
92,38,3077.8508,3228.0
92,37,3116.6876,3301.0
92,36,4102.6407,3602.0
92,35,4147.4605,3675.0
92,34,4192.5238,3753.0
92,33,4237.8305,3827.0
92,32,4283.3808,4214.0
92,31,4329.1745,4299.0
92,30,4375.2118,4513.0
92,29,4421.4925,4598.0
92,28,7588.5338,7393.0
92,27,7663.6939,7550.0
92,26,7739.2244,7730.0
92,25,7815.1252,7910.0
92,24,7891.3965,8090.0
92,23,7968.0381,8260.0
92,22,8045.0501,8650.0
92,21,8122.4325,8830.0
92,20,8200.1853,9030.0
92,19,8278.3084,9210.0
92,18,9857.4192,9720.0
92,17,9943.0557,9870.0
92,16,10029.063,10040.0
92,15,10115.44,10200.0
92,14,10202.187,11410.0
92,13,10289.305,11600.0
92,12,10376.794,11990.0
92,11,10464.653,12160.0
92,10,26250.901,25260.0
92,9,26460.488,25680.0
92,8,26670.909,26150.0
92,7,26882.162,26590.0
92,6,27094.25,31060.0
92,5,27307.17,31640.0
92,4,27520.924,32400.0
92,3,27735.512,32836.5
92,2,114408.78,129569.9
92,1,115158.59,131816.2
93,93,6.6225656,6.265608
93,92,8.2579714,11.5
93,91,157.28181,19.7
93,90,165.48137,33.8
93,89,173.88926,48.0
93,88,182.50549,65.0
93,87,159.93631,92.0
93,86,167.80548,107.0
93,85,175.86361,121.0
93,84,184.11071,136.0
93,83,191.33006,151.0
93,82,213.8211,179.0
93,81,222.90506,196.0
93,80,232.17799,233.0
93,79,241.63989,252.0
93,78,405.979,355.0
93,77,419.08936,382.0
93,76,432.40806,408.0
93,75,445.9351,438.0
93,74,459.67047,466.0
93,73,473.61418,495.0
93,72,487.76622,535.0
93,71,502.12661,565.0
93,70,516.69533,596.0
93,69,531.47239,626.0
93,68,1062.6238,770.0
93,67,1083.77,810.0
93,66,1105.1245,850.0
93,65,1126.6874,880.0
93,64,1148.4587,980.0
93,63,1170.4383,1020.0
93,62,1192.6262,1130.0
93,61,1215.0224,1170.0
93,60,1790.9053,1280.0
93,59,1820.559,1360.0
93,58,1850.4563,1430.0
93,57,1880.597,1510.0
93,56,1910.9812,1590.0
93,55,1941.6089,1670.0
93,54,1972.4801,1740.0
93,53,2003.5948,1820.0
93,52,2034.953,1910.0
93,51,2066.5547,1990.0
93,50,2098.3999,2070.0
93,49,2130.4886,2140.0
93,48,2162.8207,2230.0
93,47,2195.3964,2310.0
93,46,2881.9646,2675.0
93,45,2919.5492,2745.0
93,44,2957.3773,2817.0
93,43,2995.4489,2894.0
93,42,3033.764,2969.0
93,41,3072.3225,3041.0
93,40,3111.1246,3181.0
93,39,3150.1702,3255.0
93,38,3189.4592,3338.0
93,37,3228.9917,3413.0
93,36,4231.3432,3718.0
93,35,4276.8587,3792.0
93,34,4322.6177,3872.0
93,33,4368.6201,3947.0
93,32,4414.866,4353.0
93,31,4461.3555,4441.0
93,30,4508.0884,4658.0
93,29,4555.0648,4744.0
93,28,7804.2596,7610.0
93,27,7880.4779,7770.0
93,26,7957.0666,7950.0
93,25,8034.0257,8130.0
93,24,8111.3552,8310.0
93,23,8189.055,8480.0
93,22,8267.1253,8890.0
93,21,8345.5659,9070.0
93,20,8424.3768,9270.0
93,19,8503.5582,9450.0
93,18,10103.077,9970.0
93,17,10189.772,10130.0
93,16,10276.837,10300.0
93,15,10364.273,10470.0
93,14,10452.079,11730.0
93,13,10540.255,11930.0
93,12,10628.801,12320.0
93,11,10717.718,12500.0
93,10,26851.932,25870.0
93,9,27063.901,26300.0
93,8,27276.702,26770.0
93,7,27490.337,27210.0
93,6,27704.805,31910.0
93,5,27920.107,32500.0
93,4,28136.242,33300.0
93,3,28353.21,33722.2
93,2,116917.67,132911.0
93,1,117675.64,135202.0
94,94,5.9768655,6.02576
94,93,7.535008,11.5
94,92,172.67538,21.1
94,91,181.26185,35.0
94,90,190.05665,49.0
94,89,144.76488,80.0
94,88,152.25611,95.0
94,87,159.93631,109.0
94,86,167.80548,124.0
94,85,199.05979,139.0
94,84,208.27127,159.0
94,83,217.69109,179.0
94,82,240.27662,200.0
94,81,249.90049,219.0
94,80,259.71332,258.0
94,79,269.71513,278.0
94,78,443.98991,389.0
94,77,457.69552,416.0
94,76,471.60946,444.0
94,75,485.73175,474.0
94,74,500.06237,503.0
94,73,514.60133,532.0
94,72,529.34862,575.0
94,71,544.30426,605.0
94,70,559.46823,637.0
94,69,574.84053,668.0
94,68,1123.5943,820.0
94,67,1145.3358,850.0
94,66,1167.2856,890.0
94,65,1189.4437,930.0
94,64,1211.8102,1030.0
94,63,1234.385,1070.0
94,62,1257.1682,1180.0
94,61,1280.1597,1220.0
94,60,1876.2763,1340.0
94,59,1906.6257,1420.0
94,58,1937.2186,1500.0
94,57,1968.0551,1580.0
94,56,1999.135,1660.0
94,55,2030.4584,1740.0
94,54,2062.0253,1820.0
94,53,2093.8357,1890.0
94,52,2125.8896,1990.0
94,51,2158.1869,2070.0
94,50,2190.7278,2150.0
94,49,2223.5121,2230.0
94,48,2256.54,2310.0
94,47,2289.8113,2390.0
94,46,2989.9952,2774.0
94,45,3028.2755,2844.0
94,44,3066.7993,2918.0
94,43,3105.5665,2997.0
94,42,3144.5773,3072.0
94,41,3183.8316,3146.0
94,40,3223.3293,3290.0
94,39,3263.0706,3366.0
94,38,3303.0553,3449.0
94,37,3343.2835,3527.0
94,36,4362.0334,3836.0
94,35,4408.2446,3911.0
94,34,4454.6992,3993.0
94,33,4501.3974,4068.0
94,32,4548.339,4496.0
94,31,4595.5241,4585.0
94,30,4642.9527,4807.0
94,29,4690.6248,4890.0
94,28,8023.0089,7830.0
94,27,8100.2855,7990.0
94,26,8177.9324,8170.0
94,25,8255.9497,8360.0
94,24,8334.3374,8540.0
94,23,8413.0955,8710.0
94,22,8492.2239,9130.0
94,21,8571.7227,9310.0
94,20,8651.5919,9520.0
94,19,8731.8315,9700.0
94,18,10351.759,10230.0
94,17,10439.512,10390.0
94,16,10527.636,10570.0
94,15,10616.129,10730.0
94,14,10704.993,12060.0
94,13,10794.228,12260.0
94,12,10883.833,12660.0
94,11,10973.808,12840.0
94,10,27459.767,26480.0
94,9,27674.116,26920.0
94,8,27889.298,27400.0
94,7,28105.314,27840.0
94,6,28322.164,32800.0
94,5,28539.846,33400.0
94,4,28758.362,34100.0
94,3,28977.711,34625.8
94,2,119453.77,136305.1
94,1,120219.9,138640.2
95,95,5.9768655,5.97381
95,94,7.535008,11.7
95,93,188.7875,21.7
95,92,197.76088,36.8
95,91,206.94259,50.0
95,90,216.33265,67.9
95,89,166.66974,95.0
95,88,174.70088,110.0
95,87,182.92099,125.0
95,86,191.33006,141.0
95,85,225.93104,163.0
95,84,235.73777,184.0
95,83,245.75283,206.0
95,82,268.27473,225.0
95,81,278.4385,242.0
95,80,288.79125,284.0
95,79,299.33296,305.0
95,78,483.70152,424.0
95,77,498.00238,451.0
95,76,512.51158,481.0
95,75,527.22911,511.0
95,74,542.15498,541.0
95,73,557.28919,571.0
95,72,572.63174,616.0
95,71,588.18262,646.0
95,70,603.94184,680.0
95,69,619.90939,711.0
95,68,1186.2655,870.0
95,67,1208.6022,900.0
95,66,1231.1473,940.0
95,65,1253.9007,980.0
95,64,1276.8624,1090.0
95,63,1300.0325,1130.0
95,62,1323.4109,1240.0
95,61,1346.9976,1280.0
95,60,1963.635,1410.0
95,59,1994.6801,1490.0
95,58,2025.9687,1570.0
95,57,2057.5008,1650.0
95,56,2089.2764,1730.0
95,55,2121.2955,1820.0
95,54,2153.5581,1900.0
95,53,2186.0642,1980.0
95,52,2218.8138,2070.0
95,51,2251.8068,2160.0
95,50,2285.0434,2240.0
95,49,2318.5234,2320.0
95,48,2352.2469,2410.0
95,47,2386.214,2480.0
95,46,3100.0134,2874.0
95,45,3138.9894,2946.0
95,44,3178.2089,3021.0
95,43,3217.6719,3101.0
95,42,3257.3783,3178.0
95,41,3297.3283,3251.0
95,40,3337.5217,3402.0
95,39,3377.9587,3479.0
95,38,3418.6391,3563.0
95,37,3459.563,3641.0
95,36,4494.7113,3956.0
95,35,4541.6181,4033.0
95,34,4588.7685,4115.0
95,33,4636.1623,4191.0
95,32,4683.7996,4642.0
95,31,4731.6804,4733.0
95,30,4779.8047,4960.0
95,29,4828.1725,5050.0
95,28,8244.7817,8040.0
95,27,8323.1165,8210.0
95,26,8401.8216,8390.0
95,25,8480.8972,8590.0
95,24,8560.3431,8770.0
95,23,8640.1594,8950.0
95,22,8720.346,9380.0
95,21,8800.9031,9560.0
95,20,8881.8305,9770.0
95,19,8963.1283,9960.0
95,18,10603.465,10490.0
95,17,10692.276,10650.0
95,16,10781.457,10830.0
95,15,10871.009,11000.0
95,14,10960.932,12400.0
95,13,11051.224,12600.0
95,12,11141.887,13000.0
95,11,11232.921,13190.0
95,10,28074.404,27110.0
95,9,28291.134,27550.0
95,8,28508.698,28040.0
95,7,28727.094,28500.0
95,6,28946.325,33700.0
95,5,29166.388,34300.0
95,4,29387.285,35100.0
95,3,29609.016,35549.4
95,2,122017.08,139769.5
95,1,122791.38,142153.5
96,96,6.9416802,5.992241
96,95,10.906998,12.4
96,94,205.61816,20.1
96,93,214.97845,37.7
96,92,224.54708,51.0
96,91,234.32405,69.1
96,90,170.08852,97.0
96,89,166.66974,112.0
96,88,174.70088,128.0
96,87,234.32405,144.0
96,86,244.30935,167.0
96,85,254.50299,190.0
96,84,264.90497,213.0
96,83,272.60749,235.0
96,82,282.85226,253.0
96,81,275.51529,272.0
96,80,319.41177,311.0
96,79,330.49339,332.0
96,78,525.11385,460.0
96,77,540.00996,489.0
96,76,555.11441,518.0
96,75,570.42719,550.0
96,74,585.94831,580.0
96,73,601.67776,611.0
96,72,617.61556,657.0
96,71,633.76169,689.0
96,70,650.11616,723.0
96,69,666.67896,755.0
96,68,1250.6374,910.0
96,67,1273.5694,950.0
96,66,1296.7097,990.0
96,65,1320.0584,1030.0
96,64,1343.6153,1140.0
96,63,1367.3807,1180.0
96,62,1391.3543,1300.0
96,61,1415.5363,1340.0
96,60,2052.9813,1480.0
96,59,2084.7221,1560.0
96,58,2116.7065,1650.0
96,57,2148.9343,1730.0
96,56,2181.4055,1810.0
96,55,2214.1203,1890.0
96,54,2247.0786,1980.0
96,53,2280.2804,2060.0
96,52,2313.7256,2160.0
96,51,2347.4144,2240.0
96,50,2381.3466,2320.0
96,49,2415.5224,2410.0
96,48,2449.9416,2490.0
96,47,2484.6043,2580.0
96,46,3212.0194,2976.0
96,45,3251.6911,3050.0
96,44,3291.6063,3125.0
96,43,3331.7649,3207.0
96,42,3372.1671,3284.0
96,41,3412.8127,3360.0
96,40,3453.7018,3515.0
96,39,3494.8345,3593.0
96,38,3536.2106,3679.0
96,37,3577.8302,3758.0
96,36,4629.3768,4078.0
96,35,4676.9794,4156.0
96,34,4724.8254,4239.0
96,33,4772.9149,4317.0
96,32,4821.2479,4791.0
96,31,4869.8244,4880.0
96,30,4918.6444,5110.0
96,29,4967.7079,5200.0
96,28,8469.578,8270.0
96,27,8548.971,8440.0
96,26,8628.7344,8620.0
96,25,8708.8681,8820.0
96,24,8789.3722,9000.0
96,23,8870.2467,9180.0
96,22,8951.4916,9630.0
96,21,9033.1069,9820.0
96,20,9115.0925,10020.0
96,19,9197.4486,10220.0
96,18,10858.193,10760.0
96,17,10948.063,10920.0
96,16,11038.303,11100.0
96,15,11128.913,11270.0
96,14,11219.893,12740.0
96,13,11311.244,12950.0
96,12,11402.965,13350.0
96,11,11495.057,13550.0
96,10,28695.844,27740.0
96,9,28914.955,28180.0
96,8,29134.9,28700.0
96,7,29355.677,29100.0
96,6,29577.289,34600.0
96,5,29799.733,35200.0
96,4,30023.011,36000.0
96,3,30247.123,36493.0
96,2,124607.6,143311.0
96,1,125390.07,145740.1
97,97,5.9768655,6.19785
97,96,7.535008,11.9
97,95,223.16738,21.6
97,94,232.91459,36.0
97,93,242.87013,56.0
97,92,253.034,70.1
97,91,263.40622,90.0
97,90,193.76736,114.0
97,89,178.20064,130.0
97,88,253.034,147.0
97,87,263.40622,171.0
97,86,273.98677,195.0
97,85,284.77566,218.0
97,84,276.97497,240.0
97,83,287.30072,259.0
97,82,295.77289,279.0
97,81,306.97845,303.0
97,80,351.57489,339.0
97,79,363.19642,361.0
97,78,568.22689,497.0
97,77,583.71825,526.0
97,76,599.41794,557.0
97,75,615.32598,590.0
97,74,631.44234,621.0
97,73,647.76705,652.0
97,72,664.30009,700.0
97,71,681.04147,733.0
97,70,697.99119,768.0
97,69,715.14924,800.0
97,68,1316.7101,960.0
97,67,1340.2373,1000.0
97,66,1363.9729,1040.0
97,65,1387.9168,1080.0
97,64,1412.069,1200.0
97,63,1436.4296,1240.0
97,62,1460.9985,1360.0
97,61,1485.7757,1410.0
97,60,2144.3154,1550.0
97,59,2176.7519,1630.0
97,58,2209.4319,1720.0
97,57,2242.3554,1800.0
97,56,2275.5224,1890.0
97,55,2308.9328,1970.0
97,54,2342.5868,2050.0
97,53,2376.4843,2140.0
97,52,2410.6252,2240.0
97,51,2445.0096,2320.0
97,50,2479.6376,2410.0
97,49,2514.509,2490.0
97,48,2549.6239,2580.0
97,47,2584.9823,2670.0
97,46,3326.0131,3080.0
97,45,3366.3804,3154.0
97,44,3406.9913,3232.0
97,43,3447.8456,3315.0
97,42,3488.9435,3393.0
97,41,3530.2848,3469.0
97,40,3571.8696,3630.0
97,39,3613.6979,3709.0
97,38,3655.7697,3797.0
97,37,3698.085,3877.0
97,36,4766.0301,4202.0
97,35,4814.3283,4281.0
97,34,4862.87,4365.0
97,33,4911.6552,4445.0
97,32,4960.6839,4940.0
97,31,5009.9561,5040.0
97,30,5059.4718,5270.0
97,29,5109.231,5360.0
97,28,8697.3978,8500.0
97,27,8777.849,8670.0
97,26,8858.6706,8850.0
97,25,8939.8625,9050.0
97,24,9021.4249,9240.0
97,23,9103.3576,9420.0
97,22,9185.6607,9880.0
97,21,9268.3342,10070.0
97,20,9351.3781,10280.0
97,19,9434.7923,10480.0
97,18,11115.946,11020.0
97,17,11206.873,11190.0
97,16,11298.171,11380.0
97,15,11389.84,11550.0
97,14,11481.878,13090.0
97,13,11574.288,13300.0
97,12,11667.067,13720.0
97,11,11760.217,13910.0
97,10,29324.087,28380.0
97,9,29545.579,28800.0
97,8,29767.904,29300.0
97,7,29991.063,29800.0
97,6,30215.056,35500.0
97,5,30439.881,36200.0
97,4,30665.54,37000.0
97,3,30892.032,37457.6
97,2,127225.34,146917.0
97,1,128015.97,149398.0
98,98,5.9768655,6.281878
98,97,7.535008,12.0
98,96,241.43515,22.4
98,95,251.56927,37.7
98,94,261.91172,51.9
98,93,272.46251,75.0
98,92,283.22164,91.0
98,91,294.1891,112.9
98,90,218.9888,133.0
98,89,272.46251,152.0
98,88,283.22164,178.0
98,87,294.1891,201.0
98,86,305.3649,225.0
98,85,281.37715,247.0
98,84,291.78388,265.0
98,83,316.74904,286.0
98,82,328.34152,310.0
98,81,340.14233,334.0
98,80,385.2806,368.0
98,79,397.44204,390.0
98,78,613.04064,536.0
98,77,629.12725,566.0
98,76,645.42219,597.0
98,75,661.92547,630.0
98,74,678.63709,662.0
98,73,695.55705,695.0
98,72,712.68534,744.0
98,71,730.02197,778.0
98,70,747.56693,814.0
98,69,765.32024,847.0
98,68,1384.4834,1010.0
98,67,1408.6059,1050.0
98,66,1432.9367,1090.0
98,65,1457.4759,1120.0
98,64,1482.2233,1250.0
98,63,1507.1792,1300.0
98,62,1532.3433,1420.0
98,61,1557.7158,1470.0
98,60,2237.6371,1620.0
98,59,2270.7693,1700.0
98,58,2304.145,1790.0
98,57,2337.7642,1880.0
98,56,2371.6269,1960.0
98,55,2405.733,2050.0
98,54,2440.0827,2130.0
98,53,2474.6758,2220.0
98,52,2509.5125,2320.0
98,51,2544.5926,2410.0
98,50,2579.9162,2490.0
98,49,2615.4833,2580.0
98,48,2651.2939,2670.0
98,47,2687.348,2750.0
98,46,3441.9944,3186.0
98,45,3483.0574,3261.0
98,44,3524.364,3340.0
98,43,3565.914,3424.0
98,42,3607.7076,3503.0
98,41,3649.7446,3581.0
98,40,3692.0251,3747.0
98,39,3734.5491,3828.0
98,38,3777.3166,3915.0
98,37,3820.3276,3998.0
98,36,4904.671,4329.0
98,35,4953.6649,4407.0
98,34,5002.9023,4494.0
98,33,5052.3832,4570.0
98,32,5102.1076,5100.0
98,31,5152.0755,5190.0
98,30,5202.2868,5430.0
98,29,5252.7417,5520.0
98,28,8928.241,8730.0
98,27,9009.7505,8900.0
98,26,9091.6303,9090.0
98,25,9173.8805,9290.0
98,24,9256.501,9480.0
98,23,9339.492,9660.0
98,22,9422.8533,10140.0
98,21,9506.585,10330.0
98,20,9590.6871,10550.0
98,19,9675.1596,10740.0
98,18,11376.722,11300.0
98,17,11468.707,11470.0
98,16,11561.064,11650.0
98,15,11653.79,11820.0
98,14,11746.887,13450.0
98,13,11840.354,13660.0
98,12,11934.192,14080.0
98,11,12028.4,14280.0
98,10,29959.133,29000.0
98,9,30183.006,29500.0
98,8,30407.712,30000.0
98,7,30633.252,30500.0
98,6,30859.625,36500.0
98,5,31086.832,37100.0
98,4,31314.872,37900.0
98,3,31543.745,38443.5
98,2,129870.29,150593.0
98,1,130669.08,153124.0
99,99,5.9768655,6.3684
99,98,7.535008,12.2
99,97,260.42147,22.7
99,96,270.9425,38.8
99,95,281.67186,54.1
99,94,292.60956,71.0
99,93,303.7556,97.0
99,92,315.10998,112.9
99,91,326.67269,137.0
99,90,245.75283,157.0
99,89,303.7556,180.0
99,88,315.10998,206.0
99,87,326.67269,231.0
99,86,285.81404,252.0
99,85,296.30176,270.0
99,84,338.44374,294.0
99,83,350.42313,317.0
99,82,362.61085,342.0
99,81,375.00692,367.0
99,80,420.52891,398.0
99,79,433.23026,421.0
99,78,659.55511,576.0
99,77,676.23696,606.0
99,76,693.12715,638.0
99,75,710.22568,672.0
99,74,727.53255,705.0
99,73,745.04776,738.0
99,72,762.7713,790.0
99,71,780.70317,824.0
99,70,798.84339,861.0
99,69,817.19194,895.0
99,68,1453.9575,1060.0
99,67,1478.6752,1100.0
99,66,1503.6013,1140.0
99,65,1528.7357,1180.0
99,64,1554.0784,1310.0
99,63,1579.6295,1360.0
99,62,1605.3889,1480.0
99,61,1631.3566,1530.0
99,60,2332.9465,1690.0
99,59,2366.7744,1780.0
99,58,2400.8458,1870.0
99,57,2435.1607,1950.0
99,56,2469.719,2040.0
99,55,2504.5209,2130.0
99,54,2539.5662,2220.0
99,53,2574.8551,2300.0
99,52,2610.3874,2410.0
99,51,2646.1632,2490.0
99,50,2682.1825,2580.0
99,49,2718.4453,2680.0
99,48,2754.9516,2760.0
99,47,2791.7014,2850.0
99,46,3559.9634,3294.0
99,45,3601.7221,3370.0
99,44,3643.7244,3449.0
99,43,3685.9701,3535.0
99,42,3728.4593,3616.0
99,41,3771.192,3694.0
99,40,3814.1682,3866.0
99,39,3857.3879,3947.0
99,38,3900.8511,4038.0
99,37,3944.5578,4120.0
99,36,5045.2996,4456.0
99,35,5094.9892,4537.0
99,34,5144.9223,4620.0
99,33,5195.0989,4700.0
99,32,5245.519,5260.0
99,31,5296.1825,5350.0
99,30,5347.0896,5600.0
99,29,5398.2401,5690.0
99,28,9162.1078,8960.0
99,27,9244.6754,9140.0
99,26,9327.6135,9330.0
99,25,9410.9219,9530.0
99,24,9494.6007,9720.0
99,23,9578.6498,9910.0
99,22,9663.0694,10400.0
99,21,9747.8593,10590.0
99,20,9833.0196,10810.0
99,19,9918.5503,11010.0
99,18,11640.521,11570.0
99,17,11733.565,11740.0
99,16,11826.979,11930.0
99,15,11920.764,12110.0
99,14,12014.919,13810.0
99,13,12109.445,14030.0
99,12,12204.341,14460.0
99,11,12299.607,14700.0
99,10,30600.981,29700.0
99,9,30827.235,30100.0
99,8,31054.323,30700.0
99,7,31282.244,31100.0
99,6,31510.998,37400.0
99,5,31740.585,38100.0
99,4,31971.006,38900.0
99,3,32202.261,39451.4
99,2,132542.44,154344.0
99,1,133349.4,156927.0
100,100,5.9768655,6.5
100,99,7.535008,12.4
100,98,280.12634,23.2
100,97,291.03428,39.3
100,96,302.15056,55.0
100,95,313.47517,74.0
100,94,325.00812,93.0
100,93,336.74941,120.0
100,92,348.69903,136.0
100,91,360.857,162.0
100,90,274.05946,185.0
100,89,336.74941,209.0
100,88,348.69903,237.0
100,87,290.28564,257.0
100,86,300.85435,276.0
100,85,360.857,300.0
100,84,373.2233,326.0
100,83,385.79793,351.0
100,82,398.58091,377.0
100,81,411.57222,402.0
100,80,457.31982,430.0
100,79,470.56107,453.0
100,78,707.77028,616.0
100,77,725.04739,647.0
100,76,742.53283,680.0
100,75,760.22661,716.0
100,74,778.12872,749.0
100,73,796.23918,782.0
100,72,814.55797,837.0
100,71,833.08509,871.0
100,70,851.82056,909.0
100,69,870.76436,944.0
100,68,1525.1323,1110.0
100,67,1550.4453,1150.0
100,66,1575.9666,1190.0
100,65,1601.6962,1230.0
100,64,1627.6342,1370.0
100,63,1653.7805,1420.0
100,62,1680.1352,1550.0
100,61,1706.6981,1600.0
100,60,2430.2436,1770.0
100,59,2464.7672,1850.0
100,58,2499.5343,1940.0
100,57,2534.5448,2030.0
100,56,2569.7989,2120.0
100,55,2605.2964,2210.0
100,54,2641.0375,2300.0
100,53,2677.022,2390.0
100,52,2713.25,2490.0
100,51,2749.7215,2590.0
100,50,2786.4365,2680.0
100,49,2823.395,2760.0
100,48,2860.597,2850.0
100,47,2898.0425,2950.0
100,46,3679.9201,3403.0
100,45,3722.3745,3480.0
100,44,3765.0725,3561.0
100,43,3808.0139,3647.0
100,42,3851.1988,3730.0
100,41,3894.6272,3810.0
100,40,3938.2991,3986.0
100,39,3982.2144,4070.0
100,38,4026.3733,4160.0
100,37,4070.7757,4245.0
100,36,5187.9159,4586.0
100,35,5238.3012,4670.0
100,34,5288.93,4760.0
100,33,5339.8022,4840.0
100,32,5390.918,5420.0
100,31,5442.2772,5510.0
100,30,5493.88,5760.0
100,29,5545.7262,5860.0
100,28,9398.998,9200.0
100,27,9482.6239,9370.0
100,26,9566.6201,9570.0
100,25,9650.9868,9770.0
100,24,9735.7238,9970.0
100,23,9820.8312,10160.0
100,22,9906.3089,10660.0
100,21,9992.1571,10860.0
100,20,10078.376,11080.0
100,19,10164.965,11280.0
100,18,11907.344,11850.0
100,17,12001.446,12020.0
100,16,12095.918,12220.0
100,15,12190.762,12390.0
100,14,12285.975,14180.0
100,13,12381.559,14400.0
100,12,12477.513,14800.0
100,11,12573.837,15000.0
100,10,31249.632,30300.0
100,9,31478.268,30800.0
100,8,31707.736,31300.0
100,7,31938.038,31800.0
100,6,32169.173,38400.0
100,5,32401.142,39100.0
100,4,32633.944,40000.0
100,3,32867.579,40482.2
100,2,135241.81,158171.0
100,1,136056.93,160808.0
101,101,5.9768655,6.58
101,100,7.535008,12.4
101,99,300.54976,24.3
101,98,311.84461,40.0
101,97,323.3478,54.1
101,96,335.05933,76.0
101,95,346.97919,96.0
101,94,359.10739,115.1
101,93,371.44393,143.9
101,92,383.9888,162.0
101,91,396.74201,187.0
101,90,303.90869,215.0
101,89,371.44393,240.0
101,88,294.79195,260.0
101,87,305.44164,282.0
101,86,383.9888,307.0
101,85,396.74201,334.0
101,84,409.70356,360.0
101,83,422.87345,386.0
101,82,436.25167,412.0
101,81,449.83823,438.0
101,80,495.65332,462.0
101,79,509.43448,486.0
101,78,757.68617,659.0
101,77,775.55852,690.0
101,76,793.63921,723.0
101,75,811.92824,760.0
101,74,830.42561,794.0
101,73,849.13131,828.0
101,72,868.04535,885.0
101,71,887.16772,920.0
101,70,906.49844,958.0
101,69,926.03749,994.0
101,68,1598.0078,1160.0
101,67,1623.916,1210.0
101,66,1650.0326,1250.0
101,65,1676.3574,1290.0
101,64,1702.8907,1430.0
101,63,1729.6322,1480.0
101,62,1756.5821,1620.0
101,61,1783.7404,1660.0
101,60,2529.5284,1840.0
101,59,2564.7477,1930.0
101,58,2600.2104,2020.0
101,57,2635.9167,2110.0
101,56,2671.8664,2200.0
101,55,2708.0597,2290.0
101,54,2744.4964,2390.0
101,53,2781.1766,2480.0
101,52,2818.1003,2580.0
101,51,2855.2675,2680.0
101,50,2892.6782,2760.0
101,49,2930.3324,2860.0
101,48,2968.23,2950.0
101,47,3006.3712,3050.0
101,46,3801.8645,3513.0
101,45,3845.0146,3592.0
101,44,3888.4082,3675.0
101,43,3932.0453,3762.0
101,42,3975.9259,3845.0
101,41,4020.05,3926.0
101,40,4064.4176,4109.0
101,39,4109.0286,4194.0
101,38,4153.8832,4286.0
101,37,4198.9813,4371.0
101,36,5332.5199,4720.0
101,35,5383.6008,4800.0
101,34,5434.9253,4890.0
101,33,5486.4933,4970.0
101,32,5538.3047,5580.0
101,31,5590.3597,5680.0
101,30,5642.6581,5930.0
101,29,5695.2,6030.0
101,28,9638.9117,9430.0
101,27,9723.5958,9620.0
101,26,9808.6503,9810.0
101,25,9894.0752,10020.0
101,24,9979.8704,10220.0
101,23,10066.036,10410.0
101,22,10152.572,10930.0
101,21,10239.478,11130.0
101,20,10326.755,11350.0
101,19,10414.402,11560.0
101,18,12177.19,12130.0
101,17,12272.35,12310.0
101,16,12367.881,12500.0
101,15,12463.782,12680.0
101,14,12560.054,14560.0
101,13,12656.696,14800.0
101,12,12753.708,15200.0
101,11,12851.091,15400.0
101,10,31905.087,31000.0
101,9,32136.103,31500.0
101,8,32367.952,32000.0
101,7,32600.635,32500.0
101,6,32834.152,39500.0
101,5,33068.501,40100.0
101,4,33303.684,41000.0
101,3,33539.7,41548.0
101,2,137968.4,162066.0
101,1,138791.68,164764.0
102,102,5.9768655,6.62621
102,101,7.535008,12.93
102,100,321.69173,25.8
102,99,333.3735,41.5
102,98,345.2636,60.0
102,97,357.36203,74.0
102,96,369.66881,97.0
102,95,382.18392,119.0
102,94,394.90737,140.0
102,93,407.83915,170.0
102,92,420.97928,187.0
102,91,434.32774,216.0
102,90,335.30051,246.0
102,89,299.33296,267.0
102,88,310.06364,285.0
102,87,407.83915,312.0
102,86,420.97928,341.0
102,85,434.32774,367.0
102,84,447.88454,394.0
102,83,461.64967,422.0
102,82,475.62314,448.0
102,81,489.80495,475.0
102,80,535.52941,496.0
102,79,549.85049,520.0
102,78,809.30277,701.0
102,77,827.77037,734.0
102,76,846.44631,768.0
102,75,865.33059,805.0
102,74,884.4232,840.0
102,73,903.72415,875.0
102,72,923.23344,934.0
102,71,942.95107,969.0
102,70,962.87703,1010.0
102,69,983.01133,1045.0
102,68,1672.584,1220.0
102,67,1699.0875,1260.0
102,66,1725.7993,1300.0
102,65,1752.7194,1350.0
102,64,1779.8479,1500.0
102,63,1807.1847,1550.0
102,62,1834.7298,1680.0
102,61,1862.4833,1730.0
102,60,2630.8009,1920.0
102,59,2666.7159,2010.0
102,58,2702.8743,2110.0
102,57,2739.2762,2200.0
102,56,2775.9217,2290.0
102,55,2812.8106,2380.0
102,54,2849.943,2470.0
102,53,2887.3189,2570.0
102,52,2924.9383,2680.0
102,51,2962.8012,2760.0
102,50,3000.9076,2860.0
102,49,3039.2574,2950.0
102,48,3077.8508,3050.0
102,47,3116.6876,3140.0
102,46,3925.7965,3627.0
102,45,3969.6423,3705.0
102,44,4013.7316,3790.0
102,43,4058.0644,3878.0
102,42,4102.6407,3962.0
102,41,4147.4605,4045.0
102,40,4192.5238,4234.0
102,39,4237.8305,4320.0
102,38,4283.3808,4413.0
102,37,4329.1745,4500.0
102,36,5479.1115,4850.0
102,35,5530.8882,4930.0
102,34,5582.9083,5030.0
102,33,5635.172,5110.0
102,32,5687.6791,5750.0
102,31,5740.4298,5850.0
102,30,5793.4239,6110.0
102,29,5846.6615,6210.0
102,28,9881.8489,9680.0
102,27,9967.5913,9860.0
102,26,10053.704,10060.0
102,25,10140.187,10270.0
102,24,10227.04,10470.0
102,23,10314.264,10660.0
102,22,10401.859,11200.0
102,21,10489.823,11410.0
102,20,10578.158,11630.0
102,19,10666.863,11840.0
102,18,12450.06,12420.0
102,17,12546.278,12600.0
102,16,12642.867,12800.0
102,15,12739.827,12980.0
102,14,12837.157,15000.0
102,13,12934.857,15200.0
102,12,13032.927,15600.0
102,11,13131.368,15800.0
102,10,32567.344,31700.0
102,9,32800.741,32200.0
102,8,33034.972,32700.0
102,7,33270.035,33200.0
102,6,33505.933,40500.0
102,5,33742.663,41200.0
102,4,33980.227,42100.0
102,3,34218.624,42632.0
102,2,140722.19,166050.0
102,1,141553.63,168804.0
103,103,9.0140476,4.96
103,102,10.906998,14.54
103,101,12.980229,21.8
103,100,355.62093,43.6
103,99,367.89794,56.0
103,98,380.38329,80.0
103,97,393.07698,96.0
103,96,405.979,121.0
103,95,419.08936,143.0
103,94,432.40806,165.0
103,93,445.9351,197.0
103,92,459.67047,216.0
103,91,473.61418,244.0
103,90,368.23492,269.0
103,89,314.72035,290.0
103,88,432.40806,322.0
103,87,445.9351,344.0
103,86,459.67047,374.0
103,85,473.61418,403.0
103,84,487.76622,431.0
103,83,502.12661,459.0
103,82,516.69533,487.0
103,81,541.64388,510.0
103,80,556.04594,540.0
103,79,531.47239,560.0
103,78,862.62008,745.0
103,77,881.68293,779.0
103,76,900.95412,814.0
103,75,920.43364,852.0
103,74,940.12151,888.0
103,73,960.01771,922.0
103,72,980.12224,985.0
103,71,1000.4351,1020.0
103,70,1020.9563,1061.0
103,69,1041.6859,1098.0
103,68,1748.8609,1280.0
103,67,1775.9596,1320.0
103,66,1803.2667,1360.0
103,65,1830.7821,1410.0
103,64,1858.5058,1570.0
103,63,1886.4379,1620.0
103,62,1914.5783,1760.0
103,61,1942.927,1810.0
103,60,2734.0611,2010.0
103,59,2770.6717,2100.0
103,58,2807.5258,2190.0
103,57,2844.6235,2290.0
103,56,2881.9646,2380.0
103,55,2919.5492,2470.0
103,54,2957.3773,2570.0
103,53,2995.4489,2670.0
103,52,3033.764,2780.0
103,51,3072.3225,2860.0
103,50,3111.1246,2960.0
103,49,3150.1702,3060.0
103,48,3189.4592,3150.0
103,47,3228.9917,3250.0
103,46,4051.7163,3741.0
103,45,4096.2578,3821.0
103,44,4141.0428,3906.0
103,43,4186.0713,3996.0
103,42,4231.3432,4082.0
103,41,4276.8587,4165.0
103,40,4322.6177,4360.0
103,39,4368.6201,4448.0
103,38,4414.866,4540.0
103,37,4461.3555,4630.0
103,36,5627.6908,4990.0
103,35,5680.1632,5070.0
103,34,5732.8791,5160.0
103,33,5785.8384,5250.0
103,32,5839.0412,5920.0
103,31,5892.4875,6030.0
103,30,5946.1774,6290.0
103,29,6000.1107,6390.0
103,28,10127.81,9920.0
103,27,10214.61,10110.0
103,26,10301.781,10310.0
103,25,10389.322,10520.0
103,24,10477.234,10720.0
103,23,10565.516,10920.0
103,22,10654.169,11470.0
103,21,10743.191,11680.0
103,20,10832.585,11910.0
103,19,10922.348,12120.0
103,18,12725.953,12710.0
103,17,12823.23,12890.0
103,16,12920.877,13090.0
103,15,13018.895,13300.0
103,14,13117.283,15300.0
103,13,13216.041,15600.0
103,12,13315.17,16000.0
103,11,13414.669,16200.0
103,10,33236.404,32400.0
103,9,33472.182,32900.0
103,8,33708.794,33400.0
103,7,33946.238,33900.0
103,6,34184.517,41600.0
103,5,34423.628,42300.0
103,4,34663.573,43200.0
103,3,34904.351,43759.0
103,2,143503.19,170116.0
103,1,144342.8,172928.0
104,104,10.275615,6.02
104,103,12.340765,14.35
104,102,17.308811,23.84
104,101,19.89713,31.87
104,100,391.25084,64.0
104,99,404.1231,77.0
104,98,417.2037,102.0
104,97,430.49263,119.0
104,96,443.98991,146.1
104,95,457.69552,169.0
104,94,471.60946,193.0
104,93,485.73175,225.0
104,92,500.06237,244.0
104,91,514.60133,275.0
104,78,917.6381,791.0
104,77,937.2962,825.0
104,76,957.16264,860.0
104,75,977.23741,899.0
104,74,997.52052,936.0
104,73,1018.012,972.0
104,72,1038.7118,1036.0
104,71,1059.6199,1073.0
104,70,1080.7363,1114.0
104,69,2839.3089,1151.0
104,46,4179.6237,3857.0
104,45,4224.8609,3938.0
104,44,4270.3416,4025.0
104,43,4316.0658,4116.0
104,42,4362.0334,4203.0
104,41,4408.2446,4287.0
104,40,4454.6992,4489.0
104,39,4501.3974,4580.0
104,38,4548.339,4670.0
104,37,4595.5241,4760.0
104,36,5778.2579,5130.0
104,35,5831.4259,5210.0
104,34,5884.8375,5300.0
104,33,5938.4925,5390.0
104,32,5992.391,6100.0
104,31,6046.533,6200.0
104,30,6100.9185,6470.0
104,29,6155.5475,6570.0
104,28,10376.794,10170.0
104,27,10464.653,10360.0
104,26,10552.882,10560.0
104,25,10641.481,10780.0
104,24,10730.451,10980.0
104,23,10819.791,11180.0
104,22,10909.502,11750.0
104,21,10999.583,11960.0
104,20,11090.034,12200.0
104,19,11180.856,12410.0
104,18,13004.869,13010.0
104,17,13103.205,13190.0
104,16,13201.91,13400.0
104,15,13300.986,13600.0
104,14,13400.432,15800.0
104,13,13500.249,16000.0
104,12,13600.436,16400.0
104,11,13700.993,16700.0
104,10,33912.267,33100.0
104,9,34150.426,33600.0
104,8,34389.418,34100.0
104,7,34629.244,34600.0
104,6,34869.903,42700.0
104,5,35111.396,43400.0
104,4,35353.722,44300.0
104,2,146311.41,174265.0
104,1,147159.18,177142.0
105,105,14.261296,6.8
105,104,12.673015,14.0
105,103,14.900773,23.1
105,102,16.677387,33.0
105,101,19.282445,43.0
105,100,428.58146,86.0
105,99,442.04897,98.9
105,98,455.72482,126.0
105,97,469.609,145.1
105,96,483.70152,172.0
105,95,498.00238,196.0
105,94,512.51158,220.9
105,93,527.22911,254.0
105,92,542.15498,274.0
105,91,557.28919,307.0
105,78,974.35683,838.0
105,77,994.61018,872.0
105,76,1015.0719,908.0
105,75,1035.7419,948.0
105,74,1056.6203,985.0
105,73,1077.707,1022.0
105,72,1099.002,1089.0
105,71,1120.5054,1126.0
105,70,1142.2171,1168.0
105,69,2946.5444,1207.0
105,46,4309.5188,3975.0
105,45,4355.4517,4057.0
105,44,4401.6281,4145.0
105,43,4448.0479,4237.0
105,42,4494.7113,4326.0
105,41,4541.6181,4411.0
105,40,4588.7685,4620.0
105,39,4636.1623,4710.0
105,38,4683.7996,4810.0
105,37,4731.6804,4900.0
105,36,5930.8126,5260.0
105,35,5984.6763,5350.0
105,34,6038.7835,5450.0
105,33,6093.1343,5530.0
105,32,6147.7285,6280.0
105,31,6202.5662,6380.0
105,30,6257.6474,6650.0
105,29,6312.972,6760.0
105,28,10628.801,10420.0
105,27,10717.718,10610.0
105,26,10807.006,10820.0
105,25,10896.664,11040.0
105,24,10986.692,11240.0
105,23,11077.09,11440.0
105,22,11167.859,12040.0
105,21,11258.998,12250.0
105,20,11350.508,12480.0
105,19,11442.388,12700.0
105,18,13286.81,13300.0
105,17,13386.203,13500.0
105,16,13485.967,13700.0
105,15,13586.101,13900.0
105,14,13686.605,16200.0
105,13,13787.48,16400.0
105,12,13888.726,16900.0
105,11,13990.341,17100.0
105,10,34594.932,33800.0
105,9,34835.472,34300.0
105,8,35076.846,34800.0
105,7,35319.053,35300.0
105,6,35562.093,43800.0
105,5,35805.967,44500.0
105,4,36050.673,45400.0
105,2,149146.83,178505.0
105,1,150002.77,181445.0
106,106,18.898724,7.8
106,105,13.605693,17.1
106,104,15.910714,25.8
106,103,21.665755,35.5
106,102,24.621754,47.2
106,101,27.766721,59.3
106,100,467.61279,109.0
106,99,481.67555,122.0
106,98,495.94665,152.0
106,97,510.42608,170.0
106,96,525.11385,200.0
106,95,540.00996,224.0
106,94,555.11441,251.0
106,93,570.42719,285.0
106,92,585.94831,306.0
106,91,601.67776,339.0
106,78,1032.7763,885.0
106,77,1053.6249,921.0
106,76,1074.6818,958.0
106,75,1095.9471,998.0
106,74,1117.4207,1036.0
106,73,1139.1026,1073.0
106,72,1160.9929,1143.0
106,71,1183.0915,1181.0
106,70,1205.3985,1223.0
106,69,3055.7676,1263.0
106,46,4441.4016,4095.0
106,45,4488.0302,4178.0
106,44,4534.9022,4267.0
106,43,4582.0178,4360.0
106,42,4629.3768,4450.0
106,41,4676.9794,4540.0
106,40,4724.8254,4750.0
106,39,4772.9149,4840.0
106,38,4821.2479,4940.0
106,37,4869.8244,5030.0
106,36,6085.355,5410.0
106,35,6139.9144,5490.0
106,34,6194.7173,5590.0
106,33,6249.7637,5680.0
106,32,6305.0536,6460.0
106,31,6360.587,6570.0
106,30,6416.3639,6840.0
106,29,6472.3843,6950.0
106,28,10883.833,10680.0
106,27,10973.808,10870.0
106,26,11064.153,11080.0
106,25,11154.869,11300.0
106,24,11245.956,11510.0
106,23,11337.412,11710.0
106,22,11429.24,12320.0
106,21,11521.437,12540.0
106,20,11614.005,12780.0
106,19,11706.943,12990.0
106,18,13571.773,13600.0
106,17,13672.225,13800.0
106,16,13773.047,14000.0
106,15,13874.239,14200.0
106,14,13975.802,16600.0
106,13,14077.735,16800.0
106,12,14180.039,17300.0
106,11,14282.712,17500.0
106,10,35284.401,34500.0
106,9,35527.322,35000.0
106,8,35771.076,35600.0
106,7,36015.664,36100.0
106,6,36261.085,44900.0
106,5,36507.34,45700.0
106,4,36754.428,46600.0
106,2,152009.47,182833.0
106,1,152873.57,185835.0
107,107,24.187899,7.7
107,106,14.571484,17.5
107,105,16.953768,26.7
107,104,27.30587,37.3
107,103,30.61281,49.0
107,102,34.108717,62.1
107,101,37.793592,74.9
107,100,508.34484,134.0
107,99,523.00284,148.0
107,98,537.86919,178.0
107,97,552.94387,198.0
107,96,568.22689,228.0
107,95,583.71825,255.0
107,94,599.41794,281.0
107,93,615.32598,318.0
107,92,631.44234,337.0
107,91,647.76705,374.0
107,78,1092.8964,934.0
107,77,1114.3403,969.0
107,76,1135.9925,1008.0
107,75,1157.853,1049.0
107,74,1179.9218,1088.0
107,73,1202.199,1126.0
107,72,1224.6846,1197.0
107,71,1247.3784,1237.0
107,70,1270.2807,1280.0
107,69,3166.9785,1320.0
107,46,4575.2721,4216.0
107,45,4622.5964,4301.0
107,44,4670.1641,4390.0
107,43,4717.9753,4486.0
107,42,4766.0301,4580.0
107,41,4814.3283,4660.0
107,40,4862.87,4890.0
107,39,4911.6552,4980.0
107,38,4960.6839,5080.0
107,37,5009.9561,5170.0
107,36,6241.885,5550.0
107,35,6297.1401,5640.0
107,34,6352.6387,5740.0
107,33,6408.3808,5830.0
107,32,6464.3664,6650.0
107,31,6520.5955,6760.0
107,30,6577.0681,7040.0
107,29,6633.7841,7140.0
107,28,11141.887,10930.0
107,27,11232.921,11130.0
107,26,11324.325,11340.0
107,25,11416.099,11560.0
107,24,11508.243,11780.0
107,23,11600.758,11980.0
107,22,11693.643,12610.0
107,21,11786.899,12830.0
107,20,11880.525,13070.0
107,19,11974.522,13300.0
107,18,13859.761,13900.0
107,17,13961.27,14100.0
107,16,14063.151,14300.0
107,15,14165.401,14500.0
107,14,14268.022,17000.0
107,13,14371.013,17300.0
107,12,14474.375,17700.0
107,11,14578.107,18000.0
107,10,35980.672,35200.0
107,9,36225.974,35700.0
107,8,36472.11,36300.0
107,7,36719.079,36800.0
107,6,36966.881,46100.0
107,5,37215.516,46900.0
107,4,37464.985,47800.0
107,2,154899.32,187260.0
107,1,155771.58,190329.0
108,108,30.12882,7.6
108,107,15.570388,18.2
108,106,33.597732,29.3
108,105,24.753679,37.7
108,104,37.255612,51.2
108,103,41.10246,64.0
108,102,45.138275,78.1
108,101,49.363059,91.7
108,100,550.77759,159.9
108,99,566.03085,173.9
108,98,581.49244,206.1
108,97,597.16237,227.0
108,96,613.04064,258.0
108,95,629.12725,285.0
108,94,645.42219,314.0
108,93,661.92547,351.0
108,92,678.63709,371.0
108,91,695.55705,409.0
108,78,1154.7173,984.0
108,77,1176.7564,1020.0
108,76,1199.0038,1060.0
108,75,1221.4596,1101.0
108,74,1244.1237,1140.0
108,73,1266.9962,1180.0
108,72,1290.0769,1253.0
108,71,1313.3661,1294.0
108,70,1336.8635,1338.0
108,69,3280.1771,1379.0
108,46,4711.1303,4339.0
108,45,4759.1502,4425.0
108,44,4807.4136,4516.0
108,43,4855.9206,4610.0
108,42,4904.671,4700.0
108,41,4953.6649,4790.0
108,40,5002.9023,5020.0
108,39,5052.3832,5110.0
108,38,5102.1076,5220.0
108,37,5152.0755,5310.0
108,36,6400.4028,5700.0
108,35,6456.3536,5780.0
108,34,6512.5479,5880.0
108,33,6568.9857,5980.0
108,32,6625.6669,6840.0
108,31,6682.5917,6950.0
108,30,6739.76,7230.0
108,29,6797.1717,7340.0
108,28,11402.965,11200.0
108,27,11495.057,11390.0
108,26,11587.519,11610.0
108,25,11680.351,11830.0
108,24,11773.554,12040.0
108,23,11867.127,12250.0
108,22,11961.071,12910.0
108,21,12055.385,13130.0
108,20,12150.069,13400.0
108,19,12245.124,13600.0
108,18,14150.771,14200.0
108,17,14253.339,14400.0
108,16,14356.278,14600.0
108,15,14459.586,14800.0
108,14,14563.266,17500.0
108,13,14667.315,17700.0
108,12,14771.735,18200.0
108,11,14876.525,18400.0
108,10,36683.746,35900.0
108,9,36931.429,36400.0
108,8,37179.946,37000.0
108,7,37429.296,37500.0
108,6,37679.479,47300.0
108,5,37930.496,48100.0
108,4,38182.345,49000.0
108,2,157816.38,191784.0
108,1,158696.8,194911.0
109,105,44.550161,50.0
109,102,57.710429,94.0
109,101,62.475121,109.0
109,100,594.91106,187.0
109,99,610.75956,202.0
109,98,626.81641,235.9
109,97,643.08159,257.0
109,96,659.55511,289.0
109,95,676.23696,318.0
109,94,693.12715,346.0
109,93,710.22568,386.0
109,92,727.53255,406.0
109,91,745.04776,445.0
109,78,1218.2389,1035.0
109,77,1240.8732,1072.0
109,76,1263.7159,1112.0
109,75,1286.7669,1154.0
109,74,1310.0263,1195.0
109,73,1333.494,1234.0
109,72,1357.17,1311.0
109,71,1381.0544,1352.0
109,70,1405.1471,1397.0
109,69,3395.3633,1439.0
109,46,4848.9761,4464.0
109,45,4897.6917,4551.0
109,44,4946.6509,4640.0
109,43,4995.8535,4740.0
109,42,5045.2996,4830.0
109,41,5094.9892,4920.0
109,40,5144.9223,5160.0
109,39,5195.0989,5250.0
109,38,5245.519,5360.0
109,37,5296.1825,5450.0
109,36,6560.9082,5840.0
109,35,6617.5547,5930.0
109,34,6674.4447,6030.0
109,33,6731.5782,6130.0
109,32,6788.9551,7030.0
109,31,6846.5756,7150.0
109,30,6904.4395,7430.0
109,29,6962.547,7550.0
109,28,11667.067,11460.0
109,27,11760.217,11660.0
109,26,11853.737,11870.0
109,25,11947.628,12100.0
109,24,12041.889,12320.0
109,23,12136.52,12530.0
109,22,12231.522,13200.0
109,21,12326.894,13400.0
109,20,12422.637,13700.0
109,19,12518.749,13900.0
109,18,14444.805,14500.0
109,17,14548.432,14700.0
109,16,14652.428,14900.0
109,15,14756.795,15100.0
109,14,14861.533,17900.0
109,13,14966.64,18200.0
109,12,15072.119,18700.0
109,11,15177.967,18900.0
109,10,37393.623,36700.0
109,9,37643.688,37200.0
109,8,37894.585,37800.0
109,7,38146.316,38300.0
109,6,38398.88,48500.0
109,5,38652.278,49400.0
109,4,38906.508,50300.0
109,2,160760.65,196392.0
109,1,161649.24,199605.0
110,105,57.045185,65.0
110,102,71.825179,112.9
110,101,77.12978,128.0
110,100,640.74524,216.0
110,99,657.18899,231.0
110,98,673.84108,266.0
110,97,690.70151,288.0
110,96,707.77028,322.0
110,95,725.04739,352.0
110,94,742.53283,380.0
110,93,760.22661,422.0
110,92,778.12872,442.0
110,91,796.23918,483.0
110,78,1283.4612,1087.0
110,77,1306.6908,1125.0
110,76,1330.1287,1165.0
110,75,1353.775,1208.0
110,74,1377.6296,1250.0
110,73,1401.6925,1290.0
110,72,1425.9638,1369.0
110,71,1450.4434,1412.0
110,70,1475.1314,1457.0
110,69,3512.5373,1500.0
110,46,4988.8096,4590.0
110,45,5038.221,4680.0
110,44,5087.8758,4770.0
110,43,5137.7741,4870.0
110,42,5187.9159,4960.0
110,41,5238.3012,5060.0
110,40,5288.93,5300.0
110,39,5339.8022,5400.0
110,38,5390.918,5500.0
110,37,5442.2772,5600.0
110,36,6723.4013,5990.0
110,35,6780.7435,6080.0
110,34,6838.3292,6190.0
110,33,6896.1584,6280.0
110,32,6954.231,7230.0
110,31,7012.5472,7350.0
110,30,7071.1068,7640.0
110,29,7129.9099,7750.0
110,28,11934.192,11730.0
110,27,12028.4,11930.0
110,26,12122.979,12140.0
110,25,12217.928,12380.0
110,24,12313.247,12600.0
110,23,12408.936,12810.0
110,22,12504.996,13500.0
110,21,12601.427,13700.0
110,20,12698.227,14000.0
110,19,12795.399,14200.0
110,18,14741.863,14800.0
110,17,14846.547,15000.0
110,16,14951.602,15300.0
110,15,15057.028,15500.0
110,14,15162.823,18400.0
110,13,15268.989,18600.0
110,12,15375.525,19100.0
110,11,15482.432,19400.0
110,10,38110.303,37400.0
110,9,38362.748,37900.0
110,8,38616.027,38500.0
110,7,38870.139,39100.0
110,6,39125.084,49800.0
110,5,39380.862,50700.0
110,4,39637.474,51600.0
110,2,163732.14,201112.0
110,1,164628.89,204394.0
