Z,N,IE_pred_eV
1,1,13.598434460885766
2,2,24.307772037332093
2,1,54.41776506140876
3,3,5.035831451089722
3,2,74.74395583998547
3,1,122.45435792352012
4,4,8.210591496001586
4,3,17.25113772405232
4,2,152.68068657295436
4,1,217.71858176909103
5,5,6.508131920108195
5,4,22.925253389813818
5,3,36.62151407921565
5,2,258.06644220128464
5,1,340.2260170213159
6,6,9.29952128044916
6,5,20.478836526311916
6,4,44.85198467404739
6,3,63.06466925509164
6,2,390.87199661885336
6,1,489.99319730417835
7,7,12.570904505217484
7,6,25.3731912093511
7,5,41.94927501434402
7,4,73.89606206942778
7,3,96.52680449892243
7,2,551.089569779792
7,1,667.0461205704481
8,8,13.585523817412605
8,7,30.764192765175622
8,6,48.99416846557193
8,5,70.74905008843216
8,4,109.99459806709343
8,3,136.97195950240317
8,2,738.7204353108272
8,1,871.409887016506
9,9,17.520779342207057
9,8,32.489145443339815
9,7,56.53871841637764
9,6,79.98002698364003
9,5,106.76376696321535
9,4,153.10629477113383
9,3,184.3774501527813
9,2,953.7791770403908
9,1,1103.117491053579
10,10,21.935432113493018
10,9,38.59207609962665
10,8,59.031887967066844
10,7,89.6952146646275
10,6,118.20775561699169
10,5,149.91454679629035
10,4,203.20348140470787
10,3,238.72864032378374
10,2,1196.2829242955588
10,1,1362.1991961501124
11,11,5.929302769621814
11,10,45.200643610262816
11,9,67.33596096995998
11,8,92.99930896390502
11,7,130.09753311967478
11,6,163.59408212651445
11,5,200.1482737697727
11,4,260.27074635712705
11,3,300.01995384277967
11,2,1466.267219630281
11,1,1648.7022023940326
12,12,8.138130273798888
12,11,14.966447522434912
12,10,76.16612675864121
12,9,103.52798007508594
12,8,134.2437061267322
12,7,177.6485478691166
12,6,216.08069242387282
12,5,257.42750895609004
12,4,324.29837259115146
12,3,368.24872591778814
12,2,1763.7617453051712
12,1,1962.6637717108076
13,13,6.944810150112282
13,12,18.444152459322275
13,11,27.73945559869005
13,10,114.60007914354625
13,9,147.01447286680994
13,8,182.6613500566799
13,7,232.27877572512568
13,6,275.6290412272261
13,5,321.7290895984814
13,4,395.284958737845
13,3,443.4192811698997
13,2,2088.815330733274
13,1,2304.1402008552504
14,14,8.807302997396409
14,13,16.906665526018752
14,12,32.491742182503046
14,11,44.06512902892005
14,10,160.34235918817944
14,9,197.68623807293713
14,8,238.1761672325954
14,7,293.9356241027021
14,6,342.2123316796079
14,5,393.037411540264
14,4,473.2315523418834
14,3,525.536874878307
14,2,2441.4695726585737
14,1,2673.1777455722377
15,15,10.846839235181493
15,14,19.829622132797684
15,13,30.743139712793855
15,12,50.09532179348784
15,11,63.82129646423873
15,10,213.2805235373174
15,9,255.46495897418274
15,8,300.7328287229665
15,7,362.5807722132338
15,6,415.8154731862118
15,5,471.3461983849637
15,4,558.1456786572354
15,3,614.6126801259591
15,2,2821.7849181663396
15,1,3069.8418679669994
16,16,11.456204909021203
16,15,22.92187950699985
16,14,34.72962282906456
16,13,48.22901773741544
16,12,71.13184230842853
16,11,86.92377052169411
16,10,273.332423324888
16,9,320.291750036921
16,8,370.28853183258065
16,7,438.1835863140051
16,6,496.42924655456136
16,5,556.6528965376012
16,4,650.0356959186923
16,3,710.6577807027406
16,2,3229.814004737488
16,1,3494.1881614887184
17,17,13.803887659467403
17,16,23.894840530357005
17,15,38.864097954676005
17,14,53.28030368768732
17,13,69.21416804371503
17,12,95.51729788633585
17,11,113.31378202117646
17,10,340.43820091525606
17,9,392.1233431913881
17,8,446.8118611979436
17,7,520.7219960419163
17,6,584.0525337733326
17,5,648.9619757924775
17,4,748.9155527627314
17,3,813.6886410948402
17,2,3665.628046222034
17,1,3946.2913427962694
18,18,16.358203690481936
18,17,27.331055946865096
18,16,40.21988695795938
18,15,58.444166180142396
18,14,75.33058740077689
18,13,93.59538317770844
18,12,123.19295718988401
18,11,142.94953804976996
18,10,414.55245178885104
18,9,470.92625555108896
18,8,530.2780372294559
18,7,610.1782157717508
18,6,678.6882149033502
18,5,748.2807826863727
18,4,854.8004907616161
18,3,923.7225131038247
18,2,4129.296748576987
18,1,4426.223502824283
19,19,4.66573294322678
19,18,30.986602326236746
19,17,44.738330172554925
19,16,60.19647437677806
19,15,81.50754133565259
19,14,100.77665213363223
19,13,121.2998367877438
19,12,154.1169366358349
19,11,175.80083421838145
19,10,495.63926218373524
19,9,556.6732381359019
19,8,620.6662367479155
19,7,706.5366304532043
19,6,780.3414000840089
19,5,854.6179876006076
19,4,967.7057223984662
19,3,1040.7761618823097
19,2,4620.8833647113615
19,1,4934.049107465245
20,20,6.1372651682531085
20,19,11.064771208348457
20,18,49.48557145099436
20,17,65.79236332880761
20,16,83.6662613210661
20,15,107.94736530847993
20,14,129.54610201351784
20,13,152.27603981269493
20,12,188.26018465464395
20,11,211.8470258096682
20,10,583.6730781451649
20,9,649.3455695748224
20,8,717.9630023466216
20,7,809.7883102774039
20,6,889.0248075286498
20,5,967.9897357455549
20,4,1087.6536543817806
20,3,1164.8737312550124
20,2,5140.479895688709
20,1,5469.862745477554
21,21,6.4297920636191845
21,20,11.560194183397202
21,19,23.951371534502478
21,18,71.62462204465419
21,17,90.33498781849856
21,16,110.51953593028604
21,15,137.687506758902
21,14,161.58741370259645
21,13,186.48692598442304
21,12,225.6022340299126
21,11,251.0737420798316
21,10,678.6336242331937
21,9,748.9281460101165
21,8,822.1572675427327
21,7,919.9256863631496
21,6,1004.7530915131109
21,5,1088.413542927451
21,4,1214.667205330646
21,3,1296.0395574909369
21,2,5688.175681976826
21,1,6033.755436566424
22,22,6.730995732285738
22,21,12.0683529952818
22,20,26.136938864763717
22,19,40.74293068351362
22,18,97.24611451168781
22,17,118.25648684302591
22,16,140.6779505660922
22,15,170.67215304976196
22,14,196.8632830099532
22,13,223.90542303390163
22,12,266.1285651248179
22,11,293.4709415277116
22,10,780.5035278424583
22,9,855.4074806631774
22,8,933.2385953902099
22,7,1036.9409381491666
22,6,1127.5413273366773
22,5,1215.9068300823599
22,4,1348.7684249529673
22,3,1434.2967840343274
22,2,6264.051920073023
22,1,6625.809040542238
23,23,7.041142062037693
23,22,15.90014950129657
23,21,28.41668627493536
23,20,43.65894077940149
23,19,61.35560118951681
23,18,126.24101533207957
23,17,149.47900904351522
23,16,174.0846012576742
23,15,206.86005082493813
23,14,235.34723679064228
23,13,264.5125701102907
23,12,309.8300982490431
23,11,339.0329943060633
23,10,889.2704963624902
23,9,968.7745181931317
23,8,1051.2005540987382
23,7,1160.829999629425
23,6,1257.409550139718
23,5,1350.49194479279
23,4,1489.9841906775223
23,3,1579.6734824660814
23,2,6868.208562721939
23,1,7246.124867346
24,24,6.00401715993807
24,23,17.624810085075485
24,22,30.79086621229574
24,21,46.674760792063275
24,20,65.00543643923321
24,19,85.60205813783942
24,18,158.53185592600988
24,17,183.94583457059787
24,16,210.69710539863357
24,15,246.2199067889425
24,14,277.0203416618306
24,13,308.29501873504216
24,12,356.7013467652201
24,11,387.75705791501923
24,10,1004.9242703972699
24,9,1089.021547028393
24,8,1176.0375164122838
24,7,1291.5891240990459
24,6,1394.3791146904239
24,5,1492.192278873823
24,4,1638.3418030229357
24,3,1732.197971544621
24,2,7500.743213932713
24,1,7894.80129999
25,25,7.689391095141478
25,24,13.672058810780847
25,23,33.2578317847957
25,22,49.79071487400472
25,21,68.76009791346351
25,20,89.98755225305932
25,19,113.349532030187
25,18,194.06256353516017
25,17,221.6151078158998
25,16,250.4837116724035
25,15,288.72806435683054
25,14,321.8698274478373
25,13,355.244293887871
25,12,406.7403165701246
25,11,439.64325494930887
25,10,1127.4580288528725
25,9,1216.1439299203378
25,8,1307.746680101438
25,7,1429.2172316599817
25,6,1538.4753362293823
25,5,1641.0351587978305
25,4,1793.8725262998678
25,3,1891.902592851469
25,2,8161.768887200562
25,1,8571.952567438824
26,26,8.028102825977074
26,25,14.234051404726806
26,24,32.17795404709752
26,23,53.00199005588599
26,22,72.61984380822078
26,21,94.48222891116036
26,20,118.47144028119341
26,19,144.50140905872928
26,18,232.79142614802018
26,17,262.4550492273621
26,16,293.4198672945101
26,15,334.36592372148544
26,14,369.886998960591
26,13,405.35500131822033
26,12,459.9469529374966
26,11,494.69318207908475
26,10,1256.8651891135303
26,9,1350.1367773734526
26,8,1446.3245769350701
26,7,1573.712157513582
26,6,1689.7235182586603
26,5,1797.0476324877868
26,4,1956.6069938638532
26,3,2058.8188644188194
26,2,8851.392950489766
26,1,9277.686582905602
27,27,8.37697884796463
27,26,20.456346748974344
27,25,34.72241928658568
27,24,51.72275957522825
27,23,76.57429847685223
27,22,99.08648654021445
27,21,123.70656039581931
27,20,150.36007315610195
27,19,178.9861603286371
27,18,274.6873441523866
27,17,306.44171583461855
27,16,339.4869689095017
27,15,383.1194282298631
27,14,421.06720770257283
27,13,458.6251597050083
27,12,516.3238921008216
27,11,552.9108655841139
27,10,1393.1423595964782
27,9,1490.9982459379628
27,8,1591.770704807118
27,7,1725.0746963339238
27,6,1848.153381734863
27,5,1960.2612325716213
27,4,2126.5801507007377
27,3,2232.9827130064255
27,2,9569.738427139031
27,1,10012.127361734565
28,28,8.736360957967605
28,27,22.427529379816374
28,26,37.362645031472326
28,25,55.02210553053989
28,24,75.12369583245032
28,23,103.78063636292435
28,22,129.05512593739311
28,21,156.3353807939781
28,20,185.58135643712842
28,19,216.74954680958004
28,18,319.72626213253056
28,17,353.5562438092759
28,16,388.670096549193
28,15,434.97708734487213
28,14,475.4080297833005
28,13,515.0544493945381
28,12,575.8747312439742
28,11,614.3009987035277
28,10,1536.2852081100075
28,9,1638.7251739886415
28,8,1744.0829065843657
28,7,1883.3036180168688
28,6,2013.793770438627
28,5,2130.7063651275516
28,4,2303.825827319278
28,3,2414.4287698973117
28,2,10316.922273488839
28,1,10775.392251424186
29,29,7.563456211310615
29,28,24.4888587812078
29,27,40.09910046279663
29,26,58.42301323827521
29,25,79.1784653058008
29,24,102.17990563920496
29,23,134.48398744969222
29,22,162.42795229608066
29,21,192.29671274554005
29,20,224.0813265568283
29,19,257.75049144010217
29,18,367.8903927481531
29,17,403.7847930602819
29,16,440.9584895348866
29,15,489.93092298205124
29,14,532.9105604691255
29,13,574.6457952309
29,12,638.6059975926087
29,11,678.8711220137251
29,10,1686.2942143506532
29,9,1793.3192956711835
29,8,1903.2640469388523
29,7,2048.402939930264
29,6,2186.680496902901
29,5,2308.420648916721
29,4,2488.384300690952
29,3,2603.198318135138
29,2,11093.083119909115
29,1,11567.620966035583
30,30,9.488167021232607
30,29,16.628441290915287
30,28,42.93217238715601
30,27,61.925821171062786
30,26,83.33975526589907
30,25,106.9892603979735
30,24,132.74925201610154
30,23,168.5846589702371
30,22,199.13234209841653
30,21,231.53593292824613
30,20,265.8181948767005
30,19,301.95656153383464
30,18,419.1651074818257
30,17,457.1156385872416
30,16,496.3427077543213
30,15,547.973571589074
30,14,593.5764253910573
30,13,637.4022491902879
30,12,704.5237966513798
30,11,746.6280984480171
30,10,1843.1660349098752
30,9,1954.7780682573107
30,8,2069.3122774779213
30,7,2220.371436177185
30,6,2366.8451714421126
30,5,2493.437104051555
30,4,2680.2921769672985
30,3,2799.3286899674745
30,2,11898.34695243354
30,1,12388.939743328225
31,31,8.141955940301955
31,30,19.45013696485638
31,29,28.495984694372297
31,28,65.53104934629731
31,27,87.6080950137391
31,26,111.90973423681191
31,25,138.31197830523485
31,24,166.72885469192178
31,23,206.00896082721363
31,22,239.11403513186383
31,21,274.01172764829573
31,20,310.76010451000053
31,19,349.3429528750976
31,18,473.53988473871334
31,17,513.5405793610529
31,16,554.8164288116074
31,15,609.1004919642916
31,14,657.410322978709
31,13,703.3298309613787
31,12,773.6370856501617
31,11,817.5816409859895
31,10,2006.9024500633957
31,9,2123.1042403437923
31,8,2242.2312370549307
31,7,2399.2136632283414
31,6,2554.3270349201307
31,5,2685.796673874142
31,4,2879.593173714413
31,3,3002.8645637148657
31,2,12732.86384494255
31,1,13239.49967438632
32,32,9.626129117952868
32,31,17.76097195248349
32,30,32.20529081628345
32,29,42.841068238606844
32,28,91.9839081841675
32,27,116.9417269464683
32,26,143.98979478436124
32,25,173.04328571887973
32,24,204.0422361428872
32,23,246.70092219342567
32,22,282.3313812296948
32,21,319.6918594406837
32,20,358.8818162795887
32,19,399.8897255234345
32,18,531.0060309017645
32,17,573.0526875312063
32,16,616.3741671647293
32,15,673.3075759628581
32,14,724.41752495183
32,13,772.4348993718767
32,12,845.954831037224
32,11,891.7413209604498
32,10,2177.5030394583396
32,9,2298.2980892516907
32,8,2422.0218337939223
32,7,2584.93113331356
32,6,2749.163583822319
32,5,2885.5383368955586
32,4,3086.329151586123
32,3,3213.848586783051
32,2,13596.774972608899
32,1,14119.442331595013
33,33,10.995880424355006
33,32,19.983022121658422
33,31,30.22420723819464
33,30,47.422839799086
33,29,59.45862956290205
33,28,122.0856814295879
33,27,149.78312538851495
33,26,179.47638079335957
33,25,211.1065892408348
33,24,244.63149200246232
33,23,290.6174033194519
33,22,328.75216829421976
33,21,368.55111521551464
33,20,410.1634152118601
33,19,453.58104306677006
33,18,591.5568069940049
33,17,635.6466290776358
33,16,681.0117557496628
33,15,740.5917946274425
33,14,794.6046583356264
33,13,844.725048871518
33,12,921.4870697400453
33,11,969.1177218935559
33,10,2354.9681401171238
33,9,2480.360593719861
33,8,2608.685634542825
33,7,2777.5259843517965
33,6,2951.3945384727867
33,5,3092.7033086621113
33,4,3300.5447462219327
33,3,3432.3262246333143
33,2,14490.233488839829
33,1,15028.92152935009
34,34,11.400087953229574
34,33,22.021724846061094
34,32,33.16577402697719
34,31,45.19075121003201
34,30,64.89947404639068
34,29,78.21260119643657
34,28,155.6925925955572
34,27,186.02877759891825
34,26,218.2930676878516
34,25,252.44422950852368
34,24,288.452299563301
34,23,337.72497588207295
34,22,378.35161963863146
34,21,420.57005222075986
34,20,464.5895753639389
34,19,510.40480922964167
34,18,655.1877074278755
34,17,701.3190793242501
34,16,748.7268752415192
34,15,810.9518436385315
34,14,867.9804522369367
34,13,920.209935883359
34,12,1000.2458504280042
34,11,1049.7234431571712
34,10,2539.301322588912
34,9,2669.296049904882
34,8,2802.2276208439907
34,7,2977.003915359191
34,6,3161.065004844598
34,5,3307.33835269285
34,4,3522.289124713839
34,3,3658.3475810410423
34,2,15413.4050410656
34,1,15968.103812450037
35,35,13.08308549429279
35,34,22.67978908804134
35,33,35.820024301206686
35,32,48.8362945045561
35,31,62.441254728820226
35,30,84.50141235369767
35,29,99.00977573290758
35,28,192.7008339089697
35,27,225.60199250088962
35,26,260.38190567328536
35,25,297.0115428190562
35,24,335.46962657492816
35,23,387.99668423713644
35,22,431.1097590212874
35,21,475.7327280040707
35,20,522.1474995306747
35,19,570.3507135924721
35,18,721.8944809991418
35,17,770.0666843273585
35,16,819.5169354043426
35,15,884.3858960079025
35,14,944.553373216555
35,13,998.898793004599
35,12,1082.2425576558976
35,11,1133.5702992920394
35,10,2730.502623490423
35,9,2865.1049567280857
35,8,3002.648716688856
35,7,3183.3662401735683
35,6,3378.2170790701034
35,5,3529.4869879030557
35,4,3751.608930709656
35,3,3891.960065553512
35,2,16366.446076696704
35,1,16937.14598694399
36,36,14.868687700754997
36,35,25.116814743267316
36,34,36.732058136287954
36,33,52.06728812586599
36,32,66.77780429673618
36,31,81.82972826422412
36,30,106.13780255869223
36,29,121.78507396306166
36,28,233.0341388473306
36,27,268.44532418530963
36,26,305.69879670458147
36,25,344.7741190820884
36,24,385.6562415190939
36,23,441.4115194747267
36,22,487.0115121470968
36,21,534.0272834742697
36,20,582.8278911657056
36,19,633.4115323529904
36,18,791.6752282117495
36,17,841.888372652779
36,16,893.3815941711085
36,15,960.8943764008989
36,14,1024.3346351237658
36,13,1080.8036438564268
36,12,1167.491438068382
36,11,1220.6730333430821
36,10,2928.577563509851
36,9,3067.7935113001886
36,8,3209.9557704998992
36,7,3396.620506498884
36,6,3602.9011754280073
36,5,3759.201349942379
36,4,3988.5591408254973
36,3,4133.219672935355
36,2,17349.544224430647
36,1,17936.236945397406
37,37,4.520084147827687
37,36,27.666179931837693
37,35,39.89094166891499
37,34,53.23529315316792
37,33,70.55020962832415
37,32,86.84633750363118
37,31,103.25608531280663
37,30,129.74530738812933
37,29,146.49206959222298
37,28,276.6348278526977
37,27,314.5143659016086
37,26,354.20893620013567
37,25,395.70424151039083
37,24,438.9897538524176
37,23,497.95180140013406
37,22,546.0442613985937
37,21,595.4435639012594
37,20,646.6225677659307
37,19,699.5806814647633
37,18,864.5275975751669
37,17,916.7824073510377
37,16,970.3196519919942
37,15,1040.4766363803226
37,14,1107.3346766328234
37,13,1165.9355899953891
37,12,1256.0055933999358
37,11,1311.0451240113348
37,10,3133.5270395731313
37,9,3277.3630016877855
37,8,3424.1504359989763
37,7,3616.768701722348
37,6,3835.163557150893
37,5,3996.5291574734815
37,4,4233.190363219686
37,3,4382.177800703544
37,2,18362.86735432182
37,1,18965.544935455655
38,38,5.725611306179318
38,37,10.395166946053171
38,36,43.167896879876054
38,35,57.094966259880295
38,34,71.97515026314885
38,33,91.12591128451015
38,32,108.94368124854216
38,31,126.65030043935649
38,30,155.27925723739963
38,29,173.0975327794141
38,28,323.45897753744117
38,27,363.7748165088602
38,26,405.88513316355636
38,25,449.7800722562507
38,24,495.4524248717274
38,23,557.6035302565874
38,22,608.1985698355218
38,21,659.9741520545919
38,20,713.5257629038099
38,19,768.8537613387183
38,18,940.4509776224767
38,17,994.7487595880758
38,16,1050.3316051084307
38,15,1123.1337343350517
38,14,1193.5661579385787
38,13,1254.3079924319206
38,12,1347.8004445853041
38,11,1404.7024200462592
38,10,3345.35607996079
38,9,3493.8189992578705
38,8,3645.238810220032
38,7,3843.8174746705686
38,6,4075.0572364685636
38,5,4241.5251017070095
38,4,4485.560014717276
38,3,4638.892844696023
38,2,19406.608681339167
38,1,20025.264230226196
39,39,8.410244868380454
39,38,12.196307684448298
39,37,22.033709030001877
39,36,61.0768855575589
39,35,76.51885545804254
39,34,92.8077884052954
39,33,113.69597430281613
39,32,133.0012382302798
39,31,151.96241830062394
39,30,182.7076949966118
39,29,201.57740977654709
39,28,373.4722538793876
39,27,416.19939086060384
39,26,460.70539613779914
39,25,506.98366197639183
39,24,555.029438204961
39,23,620.3548046771704
39,22,673.4666716084148
39,21,727.6128813458834
39,20,783.5326262975634
39,19,841.2270174859982
39,18,1019.4447539486488
39,17,1075.787281895434
39,16,1133.4177279270789
39,15,1208.866392048264
39,14,1283.041806882095
39,13,1345.9342087705472
39,12,1442.8913012144767
39,11,1501.6606037432023
39,10,3564.06775291995
39,9,3717.164982299655
39,8,3873.2247652114693
39,7,4077.771082530349
39,6,4322.634547016252
39,5,4494.243097701024
39,4,4745.724935997944
39,3,4903.422545974111
39,2,20480.957732741634
39,1,21115.585113912064
40,40,6.224766135397859
40,39,11.217109411905064
40,38,23.608819680033573
40,37,35.8323259252811
40,36,81.18808305173906
40,35,98.02163616564563
40,34,115.63422236192581
40,33,138.19094519718436
40,32,158.97035383960517
40,31,179.15645669977633
40,30,212.00780201761785
40,29,231.91447059280213
40,28,426.6476905421846
40,27,471.7664006408539
40,26,518.6520687062682
40,25,567.3004822351284
40,24,617.7087265409906
40,23,686.1959081240649
40,22,741.8427373328763
40,21,798.3552489859061
40,20,856.6397642334987
40,19,916.6979941272155
40,18,1101.509259677033
40,17,1159.898737369847
40,16,1219.5791792639486
40,15,1297.6761969572347
40,14,1375.7757215825914
40,13,1440.8289733312627
40,12,1541.2948607198593
40,11,1601.936760382463
40,10,3789.666909590853
40,9,3947.4062563752227
40,8,4108.114048778218
40,7,4318.635727156104
40,6,4577.951799236951
40,5,4754.741138447029
40,4,5013.745812932272
40,3,5175.828569521319
40,2,21586.116873053863
40,1,22236.710950249442
41,41,5.411150033320887
41,40,14.503044152383222
41,39,25.23858868284503
41,38,37.889533669583734
41,37,52.16103437979708
41,36,103.36363319814023
41,35,121.50647413864218
41,34,140.38464591370652
41,33,164.5607299922027
41,32,186.81611134515677
41,31,208.20631638125496
41,30,243.1633618416062
41,29,264.0965221379159
41,28,482.9637839195712
41,27,530.4583421995155
41,26,579.7107483150126
41,25,630.7185691726638
41,24,683.4802689234957
41,23,755.1187178809934
41,22,813.3223509545069
41,21,872.1979367229197
41,20,932.8447870995498
41,19,995.2650959074044
41,18,1186.6453414264936
41,17,1247.084354557512
41,16,1308.8175431487118
41,15,1389.5651207674164
41,14,1471.7828787649241
41,13,1539.0078849234371
41,12,1643.0286648538406
41,11,1705.5488133224503
41,10,4022.15881258959
41,9,4184.548521692999
41,8,4349.912788797807
41,7,4566.41797563825
41,6,4841.067664928167
41,5,5023.079610891852
41,4,5289.685235259493
41,3,5456.174495322515
41,2,22722.292096276862
41,1,23388.84867983005
42,42,5.651837819465839
42,41,15.743074577730743
42,40,26.923283297982397
42,39,40.00475391531265
42,38,54.69436775052509
42,37,70.803923389973
42,36,127.50898669045407
42,35,146.90524509368564
42,34,167.00874470485556
42,33,192.76850061069322
42,32,216.51328599077854
42,31,239.093037851214
42,30,276.1630222968579
42,29,298.1151562696664
42,28,542.4031269735026
42,27,592.2608727914579
42,26,643.8694988512271
42,25,697.227901514436
42,24,752.3355858302951
42,23,827.1162912788103
42,22,887.9021537820395
42,21,949.1384957084488
42,20,1012.1460230444884
42,19,1076.9273214373945
42,18,1274.854127126067
42,17,1337.345596034445
42,16,1401.1345961923355
42,15,1484.5352824382103
42,14,1571.0789032278753
42,13,1640.487171261724
42,12,1748.1108566201824
42,11,1812.5152746840984
42,10,4261.548528741057
42,9,4428.597245248031
42,8,4598.626843963338
42,7,4821.124082270509
42,6,5112.042520901955
42,5,5299.3206171688025
42,4,5573.607740791358
42,3,5744.5258665323
42,2,23889.696317328937
42,1,24572.212226673295
43,43,7.032898007708355
43,42,12.530884471224233
43,41,28.661204314616707
43,40,42.17824406371228
43,39,57.28864707784344
43,38,73.8076132801783
43,37,91.61215107717562
43,36,153.55775285872207
43,35,174.1689353042563
43,34,195.4695079172126
43,33,222.7866746109772
43,32,248.04358625561744
43,31,271.80286258218234
43,30,310.99901462499116
43,29,333.9647862061662
43,28,604.9512848802908
43,27,657.1619166049724
43,26,711.1181157446722
43,25,766.8197761027512
43,24,824.2671913137814
43,23,902.1823737537387
43,22,965.5793861737471
43,21,1029.1749094854765
43,20,1094.5420932057605
43,19,1161.6838439233768
43,18,1366.1366049808585
43,17,1430.6837285901036
43,16,1496.531867327502
43,15,1582.5884921743968
43,14,1673.6796061002158
43,13,1745.2832131479659
43,12,1856.5596828678881
43,11,1922.8547337707766
43,10,4507.839712843226
43,9,4679.5564042201195
43,8,4854.26050581053
43,7,5082.758635907613
43,6,5390.9370788908955
43,5,5583.526560234408
43,4,5865.582306102403
43,3,6040.952756786072
43,2,25088.57391384708
43,1,25787.04775276033
44,44,6.156413986059616
44,43,16.446452004240808
44,42,27.932691482739106
44,41,44.40550218719586
44,40,59.9441836293555
44,39,76.8749058246851
44,38,95.08092288415257
44,37,114.48044835350225
44,36,181.4624890247612
44,35,203.26180449698614
44,34,225.73947977569736
44,33,254.59455226078327
44,32,281.394128080939
44,31,306.32627332899324
44,30,347.6666957723408
44,29,371.6424362995041
44,28,670.5968481042157
44,27,725.1519580000825
44,26,781.448613301219
44,25,839.4874581403411
44,24,899.2693848831075
44,23,980.3123483496182
44,22,1046.3529565640874
44,21,1112.3067736613689
44,20,1180.0331979247235
44,19,1249.5354014190295
44,18,1460.4953177739733
44,17,1527.101606660874
44,16,1595.0125110446447
44,15,1683.7282404172217
44,14,1779.603108305305
44,13,1853.4147635925567
44,12,1968.3958624074608
44,11,2036.58831282282
44,10,4761.040343802699
44,9,4937.434445887956
44,8,5116.8226860538525
44,7,5351.331044286541
44,6,5677.819329752898
44,5,5875.767340348453
44,4,6165.677695631874
44,3,6345.524977253681
44,2,26319.13669289649
44,1,27033.567722006595
45,45,6.420833697660464
45,44,17.78126891294198
45,43,29.719476472543633
45,42,43.55582185936567
45,41,62.6515696742099
45,40,80.00606353970592
45,39,98.61561478988132
45,38,118.40945266973904
45,37,139.33255200394234
45,36,211.18848419870537
45,35,234.15716038305123
45,34,257.7977692339129
45,33,288.1761378848421
45,32,316.55573470526053
45,31,342.65660645585615
45,30,386.1634025345935
45,29,411.14670470759444
45,28,739.3298568400949
45,27,796.222497177715
45,26,854.853674894962
45,25,915.224599139676
45,24,977.3366171837738
45,23,1061.501505396346
45,22,1130.221626712403
45,21,1198.5333890379438
45,20,1268.6191096966213
45,19,1340.4821826873138
45,18,1557.9319127062702
45,17,1626.601110379194
45,16,1696.5786304722385
45,15,1787.956869386558
45,14,1888.8668675856559
45,13,1964.8998483410073
45,12,2083.6392907328254
45,11,2153.736253656406
45,10,5021.1546778121965
45,9,5202.235931697751
45,8,5386.318245854897
45,7,5626.8464510103995
45,6,5972.754982238872
45,5,6176.110448911574
45,4,6473.968167187878
45,3,6658.317954601936
45,2,27581.64638391016
45,1,28312.035828958913
46,46,9.15077497249958
46,45,19.1688461236743
46,44,31.562437875481177
46,43,45.839270888166624
46,42,61.70093254501808
46,41,83.18421400364663
46,40,102.21655269887657
46,39,122.40652345707677
46,38,143.71749919983662
46,37,166.11224229669205
46,36,242.7101328403202
46,35,266.8350179100144
46,34,291.6285479473512
46,33,323.5192416868837
46,32,353.52242615802203
46,31,380.78981856287476
46,30,426.4884986277431
46,29,452.4779509383364
46,28,811.1423588418555
46,27,870.3667809876662
46,26,931.3275359394736
46,25,994.0262579874495
46,24,1058.4646397200527
46,23,1145.7463483272745
46,22,1217.1854398910518
46,21,1287.855306906279
46,20,1360.3008347041628
46,19,1434.5256049583961
46,18,1658.4492664512495
46,17,1729.1853755037312
46,16,1801.233613608368
46,15,1895.278047260802
46,14,2001.4903145475662
46,13,2079.75851652831
46,12,2202.3119694424154
46,11,2274.320952489169
46,10,5288.190323514552
46,9,5473.96888262886
46,8,5662.755615880998
46,7,5909.313714488374
46,6,6275.816001438478
46,5,6484.6298119891335
46,4,6790.527521259232
46,3,6979.4066059843335
46,2,28876.334482964212
46,1,29622.684529518458
47,47,6.975353404960211
47,46,20.60957927596844
47,45,33.461928107248184
47,44,48.18224944752859
47,43,64.47331239165601
47,42,82.14745982043134
47,41,105.85601904111232
47,40,126.47194582527584
47,39,148.1724108335647
47,38,170.94924996329965
47,37,194.7772826324365
47,36,276.00815262134995
47,35,301.28008471895896
47,34,327.2195314544704
47,33,360.6143022073241
47,32,392.29044774937597
47,31,420.72365191883836
47,30,468.6426498769467
47,29,495.6376180611151
47,28,886.0273427615851
47,27,947.5787422823429
47,26,1010.8649105399658
47,25,1075.8878008143358
47,24,1142.6493670985585
47,23,1233.043391312357
47,22,1307.2444623525193
47,21,1380.273010144853
47,20,1455.0792287897427
47,19,1531.6668606434928
47,18,1762.0498173111187
47,17,1834.8570538062957
47,16,1908.9803200046367
47,15,2005.6948578322472
47,14,2117.492853472421
47,13,2198.010760754316
47,12,2324.4358010942647
47,11,2398.364679657037
47,10,5562.1528731348635
47,9,5752.639213412455
47,8,5946.141030111014
47,7,6198.739379448551
47,6,6587.074290474707
47,5,6801.399253252527
47,4,7115.435388439577
47,3,7308.871807685919
47,2,30203.475756126143
47,1,30965.790615382917
48,48,8.557462712967881
48,47,14.956824675519735
48,46,35.41833507385073
48,45,50.58512778157248
48,44,67.30821373059763
48,43,85.40154239214819
48,42,104.74436368135294
48,41,130.56327009838068
48,40,152.69764669126434
48,39,175.8580268207661
48,38,200.06297118985418
48,37,225.29560878001652
48,36,311.06805322260766
48,35,337.4807642340029
48,34,364.56134945967705
48,33,399.4540401683723
48,32,432.85811537341476
48,31,462.45762051501487
48,30,512.6279661091945
48,29,540.6284519821246
48,28,963.9792429020757
48,27,1027.853610349726
48,26,1093.461697173164
48,25,1160.8056947213
48,24,1229.887753889249
48,23,1323.3901386016812
48,22,1400.3998439123945
48,21,1475.788050909854
48,20,1552.9562118145302
48,19,1631.9082083927242
48,18,1868.7370850816576
48,17,1943.619901808288
48,16,2019.82273925552
48,15,2119.2115494753557
48,14,2236.8957300902052
48,13,2319.6784603073593
48,12,2450.0346510566787
48,11,2525.891710472731
48,10,5843.050818513136
48,9,6038.255824253948
48,8,6236.483795986436
48,7,6495.133179899395
48,6,6906.60761686422
48,5,7126.498620297161
48,4,7448.770789725392
48,3,7646.793775846529
48,2,31563.31569613981
48,1,32341.600687340364
49,49,6.98051880375541
49,48,17.21314629163521
49,47,25.16005608708632
49,46,53.04826688310084
49,45,70.20597814656693
49,44,88.72077438886365
49,43,108.47352231381636
49,42,129.3852959386477
49,41,157.23118228836242
49,40,180.8388508500429
49,39,205.42199509657465
49,38,231.02687537950263
49,37,257.64242830519555
49,36,347.878643925424
49,35,375.42797457879266
49,34,403.6465695045053
49,33,440.03262315474063
49,32,475.2250629499664
49,31,505.99230985093203
49,30,558.4473346616882
49,29,587.4538455387465
49,28,1044.9928457935769
49,27,1111.1867917189763
49,26,1179.1138230872346
49,25,1248.7763074163279
49,24,1320.1765427730363
49,23,1416.7837553301122
49,22,1496.6524234045144
49,21,1574.4015889466614
49,20,1653.9332353121838
49,19,1735.251366927959
49,18,1978.5138408337064
49,17,2055.476876867301
49,16,2133.7640117233655
49,15,2235.8314570747143
49,14,2359.719858476892
49,13,2444.7831260907315
49,12,2579.131964414837
49,11,2656.925866430225
49,10,6130.889797994621
49,9,6330.824650246625
49,8,6533.790143087724
49,7,6798.5016255039
49,6,7234.492885116388
49,5,7460.006837897347
49,4,7790.620347817482
49,3,7993.260501285846
49,2,32956.15884482021
49,1,33750.421829322804
50,50,8.072403842258478
50,49,15.171001220150451
50,48,28.08363558725198
50,47,37.2152728051158
50,46,73.16699396059491
50,45,92.10553564868856
50,44,112.27021870165214
50,43,133.58361216083406
50,42,155.9936585558249
50,41,185.8047972777405
50,40,210.8547234052743
50,39,236.833008336154
50,38,263.8165995069202
50,37,291.7985402847709
50,36,386.4314674224268
50,35,415.11483505637926
50,34,444.46956870735704
50,33,482.345695106074
50,32,519.3923876958509
50,31,551.3296102659638
50,30,606.1047651180875
50,29,636.118239341808
50,28,1129.0640639368894
50,27,1197.574736207276
50,26,1267.8181979263209
50,25,1339.7969453205199
50,24,1413.5133852107053
50,23,1513.2222941940613
50,22,1596.0040411103287
50,21,1676.1157860009907
50,20,1758.0127594118449
50,19,1841.6990752750971
50,18,2091.383916515302
50,17,2170.4320231251954
50,16,2250.808391949178
50,15,2355.559066142619
50,14,2485.988021917561
50,13,2573.3481857234715
50,12,2711.753184026503
50,11,2791.493010233877
50,10,6425.678328885522
50,9,6630.354589800977
50,8,6838.069350531586
50,7,7108.854388486736
50,6,7570.813016707232
50,5,7802.009011598087
50,4,8141.0690044407565
50,3,8348.358218983578
50,2,34382.27188969245
50,1,35192.522164553375
51,51,8.797676822174902
51,50,16.80603424607849
51,49,25.56906719445055
51,48,40.78765917580712
51,47,50.89993769897939
51,46,95.55618566292607
51,45,116.13479768698144
51,44,137.8515756501856
51,43,160.6557976649813
51,42,184.51305921568309
51,41,216.24289523809264
51,40,242.71429481448902
51,39,270.06696594928627
51,38,298.41313942367213
51,37,327.7487906428519
51,36,426.7199060517532
51,35,456.5359041805913
51,34,487.0258584616378
51,33,526.3897586044836
51,32,565.3620640949961
51,31,598.472147957795
51,30,655.6048233201112
51,29,686.6265525154093
51,28,1216.1889628365939
51,27,1287.0139307821773
51,26,1359.5716681020174
51,25,1433.8647632956283
51,24,1509.8957022354039
51,23,1612.7034856216476
51,22,1698.456269711103
51,21,1780.9324770126184
51,20,1865.1968617360274
51,19,1951.253637029639
51,18,2207.3505550382674
51,17,2288.4887580526324
51,16,2370.959470344874
51,15,2478.3981496578435
51,14,2615.7229288257877
51,13,2705.3969692458168
51,12,2847.9236260908256
51,11,2929.6188567906015
51,10,6727.422695920361
51,9,6936.852224751794
51,8,7149.328296050379
51,7,7426.198629431711
51,6,7915.65101048788
51,5,8152.590301654238
51,4,8500.207195744153
51,3,8712.178775167173
51,2,35841.96021749683
51,1,36668.20940201483
52,52,9.032643440572633
52,51,17.927904398450142
52,50,27.725379958573733
52,49,37.81490375811991
52,48,55.104040239293134
52,47,66.07095142492581
52,46,120.06769626263146
52,45,142.18962388021188
52,44,165.38959192529506
52,43,189.6343705180904
52,42,214.90137042913503
52,41,248.51423643019208
52,40,276.3939955686284
52,39,305.10535542373486
52,38,334.80180329678774
52,37,365.481423980144
52,36,468.7391563947733
52,35,499.68729261808625
52,34,531.3123068253412
52,33,572.1625017603515
52,32,613.1373565233425
52,31,647.4237636055582
52,30,706.9532048629592
52,29,738.9848043785764
52,28,1306.364892396341
52,27,1379.5021222223638
52,26,1454.3723289535885
52,25,1530.9781653953469
52,24,1609.3221735153925
52,23,1715.2263429192037
52,22,1804.0121152993684
52,21,1888.8549621204618
52,20,1975.4891215233786
52,19,2063.918897880538
52,18,2326.418666256149
52,17,2409.6522147679357
52,16,2494.222603138152
52,15,2604.3543119860465
52,14,2748.949921204669
52,13,2840.955513225095
52,12,2987.671436445063
52,11,3071.332016540322
52,10,7036.13389693314
52,9,7250.328987115551
52,8,7467.578847045179
52,7,7750.546680573163
52,6,8269.098228646808
52,5,8511.844462386267
52,4,8868.127089237381
52,3,9084.815767814598
52,2,37335.50993755901
52,1,38177.771385727756
53,53,10.178817681040288
53,52,18.346941699335186
53,51,29.171944326636805
53,50,40.47443826932485
53,49,51.682366809708384
53,48,70.89229186563554
53,47,82.63295204933347
53,46,146.5980513046843
53,45,170.1953113975808
53,44,194.82898573068437
53,43,220.4775111293204
53,42,247.12632734359244
53,41,282.5944686441825
53,40,311.87533584185945
53,39,341.9334251912073
53,38,372.9707008275426
53,37,404.98677384086193
53,36,512.4851199847839
53,35,544.5655755146315
53,34,577.3260512822558
53,33,619.6616863640774
53,32,662.7216716603928
53,31,698.1883284022364
53,30,760.1554752623365
53,29,793.1988105359252
53,28,1399.5881973257583
53,27,1475.0359131391722
53,26,1552.2170005203889
53,25,1631.1341551444232
53,24,1711.7899573619447
53,23,1820.7882035438643
53,22,1912.672909078174
53,21,1999.8847531905017
53,20,2088.89121713545
53,19,2179.6966903594075
53,18,2448.5908174456877
53,17,2533.9250869867165
53,16,2620.600609282299
53,15,2733.4304927666835
53,14,2885.6922537416876
53,13,2980.0476793768607
53,12,3131.0224545353894
53,11,3216.6587130605085
53,10,7351.815457618791
53,9,7570.788596416249
53,8,7792.824914944284
53,7,8081.902601034038
53,6,8631.240170218458
53,5,8879.859192388882
53,4,9244.930602039012
53,3,9466.372759217475
53,2,38863.2972338546
53,1,39721.588110223645
54,54,11.3806108774936
54,53,20.04532279803889
54,52,29.767961816407798
54,51,42.20093297801678
54,50,54.83019013494869
54,49,67.02431020272047
54,48,88.05969203559178
54,47,100.52088825180262
54,46,175.07346694434568
54,45,200.09742419603074
54,44,226.12871896082532
54,43,253.15368520313308
54,42,281.16328529133847
54,41,318.46485887393845
54,40,349.1442491305871
54,39,380.53996617439356
54,38,412.91085159714174
54,37,446.2576251478766
54,36,557.9553016932848
54,35,591.1688212902367
54,34,625.0656459892988
54,33,668.8864307191795
54,32,714.1199697965183
54,31,750.7712579252587
54,30,815.2187525026322
54,29,849.275953958782
54,28,1495.8573614712066
54,27,1573.6140982574168
54,26,1653.1047580072313
54,25,1734.3320628912845
54,24,1817.298618028145
54,23,1929.3889247025813
54,22,2024.4427275474204
54,21,2114.0262075593046
54,20,2205.407777327869
54,19,2298.5919067117757
54,18,2573.872964723829
54,17,2661.3135678373724
54,16,2750.099919918417
54,15,2865.6333905806077
54,14,3025.9778997487483
54,13,3122.7021902730903
54,12,3278.007615799407
54,11,3365.6303942889085
54,10,7674.480814021754
54,9,7898.244974687919
54,8,8125.080910308321
54,7,8420.281335380565
54,6,9002.17702037953
54,5,9256.737291232967
54,4,9630.71353706499
54,3,9856.947029467328
54,2,40425.59842611199
54,1,41299.93720639376
55,55,3.7835152049547487
55,54,21.807415222358696
55,53,31.981179446630502
55,52,42.97247963857795
55,51,56.799379921936186
55,50,70.64795735813361
55,49,83.74209466566282
55,48,106.54331908389719
55,47,119.68942310016548
55,46,205.44001285097463
55,45,231.85530297966565
55,44,259.2575209153858
55,43,287.6384085461333
55,42,316.99276227860906
55,41,356.11034716679643
55,40,388.18944432286315
55,39,420.9158457750936
55,38,454.6148234554279
55,37,489.2879039495398
55,36,605.1474556311513
55,35,639.4952001473428
55,34,674.5296218074801
55,33,719.8356949285346
55,32,767.3371708847511
55,31,805.1778472324434
55,30,872.1499123572056
55,29,907.2233185936652
55,28,1595.1697164437592
55,27,1675.2342016866723
55,26,1757.0332918493384
55,25,1840.5697231601118
55,24,1925.8461150962012
55,23,2041.0266171073772
55,22,2139.323911780783
55,21,2231.2818413794002
55,20,2325.041483878825
55,19,2420.607386088629
55,18,2702.26870147828
55,17,2791.8213945169778
55,16,2882.724415914872
55,15,3000.967030686657
55,14,3169.832788300904
55,13,3268.9456418526506
55,12,3428.655606253353
55,11,3518.2761827698077
55,10,8004.13595833477
55,9,8232.704366837048
55,8,8464.353330250286
55,7,8765.689606852775
55,6,9382.003379743035
55,5,9642.575797480064
55,4,10025.583021355444
55,3,10256.647435841314
55,2,42022.79004860924
55,1,42913.198812049784
56,56,4.755002966852925
56,55,9.027689480001863
56,54,34.26216969727145
56,53,45.67773262261072
56,52,57.74518687441249
56,51,72.82573811947651
56,50,87.83118581200169
56,49,101.76807254739309
56,48,126.29974472498172
56,47,140.1066317400728
56,46,237.65773075071235
56,45,265.43830138223944
56,44,294.19146963499685
56,43,323.9127126119387
56,42,354.59950566078265
56,41,395.5190784299337
56,40,429.00224013774067
56,39,463.05407066017284
56,38,498.07697480258093
56,37,534.0730662151313
56,36,654.060318003662
56,35,689.5438002051341
56,34,725.7173802974758
56,33,772.5092669992765
56,32,822.3792325778709
56,31,861.4144200212147
56,30,930.956857271215
56,29,967.0490204365377
56,28,1697.523792744514
56,27,1779.894964291753
56,26,1864.001533068258
56,25,1949.8462399917687
56,24,2037.431711008976
56,23,2155.7007434544057
56,22,2257.3203271203715
56,21,2351.65574115016
56,20,2447.796637720117
56,19,2545.74763810396
56,18,2833.783448731238
56,17,2925.454185741391
56,16,3018.4799146577134
56,15,3139.4374461353805
56,14,3317.285774453051
56,13,3418.80763703815
56,12,3582.998258045041
56,11,3674.6284193866727
56,10,8340.792040063065
56,9,8574.178318251017
56,8,8810.654117733648
56,7,9118.13977353739
56,6,9770.823187850074
56,5,10037.481344313066
56,4,10429.643669256415
56,3,10665.58025040878
56,2,43655.19488576189
56,1,44561.69799052935
57,57,4.95690295965158
57,56,9.715087518204209
57,55,17.776183561722835
57,54,48.45350100074851
57,53,60.92490467017858
57,52,73.94425506586695
57,51,90.18466772558887
57,50,106.3138665854181
57,49,121.05491081212807
57,48,147.2985358947331
57,47,161.74977028042346
57,46,271.6963800058046
57,45,300.82280782860727
57,44,330.9118244017726
57,43,361.9615009902752
57,42,393.9711912907337
57,41,436.68133914244737
57,40,471.5756432780026
57,39,506.94895460508894
57,38,543.2926764602828
57,37,580.6093485493687
57,36,704.6928528420328
57,35,741.3138560526787
57,34,778.6283996700791
57,33,826.9069335777084
57,32,879.2522844002337
57,31,919.4874288610462
57,30,991.6475536448718
57,29,1028.7612102131206
57,28,1802.9175625282503
57,27,1887.5945030772425
57,26,1974.0077263307526
57,25,2062.1599709268426
57,24,2152.053863374801
57,23,2273.4098859239134
57,22,2378.4350250817824
57,21,2475.151125094012
57,20,2573.6766174745007
57,19,2674.016196263498
57,18,2968.421498741511
57,17,3062.216385993781
57,16,3157.3710133671916
57,15,3281.049389691076
57,14,3468.3651963763714
57,13,3572.31723381159
57,12,3741.0668228196505
57,11,3834.718837831103
57,10,8684.456572023631
57,9,8922.674625721731
57,8,9163.99135390114
57,7,9477.640184115118
57,6,10168.739542293053
57,5,10441.559693438738
57,4,10843.01090029263
57,3,11083.862785377822
57,2,45323.21428645643
57,1,46245.84006819696
58,58,5.100777067315563
58,57,9.786276371685778
58,56,21.33956649257904
58,55,35.43421810378547
58,54,64.17719865828175
58,53,77.5841148483985
58,52,91.47418195416591
58,51,108.81041470588524
58,50,126.05007660757337
58,49,141.56906779693256
58,48,169.5182890329003
58,47,184.60268224543796
58,46,307.5328799679233
58,45,337.9905509003354
58,44,369.40390875346264
58,43,401.7728304987934
58,42,435.09798705056176
58,41,479.58935183874445
58,40,515.9042956933216
58,39,552.596184168004
58,38,590.2584726199835
58,37,628.8940082948586
58,36,757.0446863103327
58,35,794.8052278209063
58,34,833.2627559041028
58,33,883.0290511977033
58,32,937.9632530558982
58,31,979.4041190179523
58,30,1054.2307616863718
58,29,1092.3688365772862
58,28,1911.3497769800163
58,27,1998.3317212976697
58,26,2087.0509135068655
58,25,2177.5100848753946
58,24,2269.71185813275
58,23,2394.153480297572
58,22,2502.6720642453397
58,21,2601.772243981711
58,20,2702.6858615316673
58,19,2805.4176826487674
58,18,3106.188323665866
58,17,3202.1136509594576
58,16,3299.403552418224
58,15,3425.808898402216
58,14,3623.1016154980907
58,13,3729.505771299439
58,12,3902.894936893854
58,11,3998.5816073545516
58,10,9035.140271041055
58,9,9278.204373252234
58,8,9524.376491591136
58,7,9844.202668484368
58,6,10575.86285785638
58,5,10854.924122195836
58,4,11265.797491378304
58,3,11511.609642371102
58,2,47027.20225484711
58,1,47965.98190975866
59,59,5.182920627578955
59,58,9.734598576781575
59,57,22.008621687703037
59,56,36.35054390588632
59,55,53.07203103047262
59,54,81.29814613550982
59,53,93.47785219462668
59,52,111.10681451878128
59,51,125.17248102997536
59,50,147.00740678981313
59,49,163.28652267146506
59,48,192.943926413279
59,47,208.65392679265312
59,46,345.14932022806477
59,45,376.9271500953876
59,44,409.6560207039425
59,43,443.3370639600887
59,42,477.971870993479
59,41,524.2367155544196
59,40,561.9839896922799
59,39,599.992383866682
59,38,638.9716787710378
59,37,678.9249416727126
59,36,811.1157433747305
59,35,850.0180327852997
59,34,889.6207465819717
59,33,940.8761570697077
59,32,998.5194621685071
59,31,1041.1721147858577
59,30,1118.7155965207546
59,29,1157.8811929899655
59,28,2022.8191632803976
59,27,2112.1054702917986
59,26,2203.1300589378548
59,25,2295.8956494994372
59,24,2390.404857815996
59,23,2517.9308108031837
59,22,2630.0354601051736
59,21,2731.5232877991225
59,20,2834.8287304912906
59,19,2939.9566251206247
59,18,3247.0892600843104
59,17,3345.151489142617
59,16,3444.5832133710132
59,15,3573.721834900713
59,14,3781.5263083164446
59,13,3890.4053151598446
59,12,4068.516992305273
59,11,4166.251661746855
59,10,9392.853174389573
59,9,9640.777938395773
59,8,9891.820250076888
59,7,10217.838287282626
59,6,10992.306464488585
59,5,11277.690901801758
59,4,11698.126458959478
59,3,11948.94588322534
59,2,48767.57368304377
59,1,49722.54253161112
60,60,5.332829158619847
60,59,9.980002014672506
60,58,22.687854193124306
60,57,37.278508754090026
60,56,67.12909071156749
60,55,81.07534100048433
60,54,95.49611686887967
60,53,113.41980060153662
60,52,131.5345962712591
60,51,147.57176808923427
60,50,170.4011357160366
60,49,197.47886144509133
60,48,217.56493586721396
60,47,233.89555028375423
60,46,384.531658875211
60,45,417.6211889144222
60,44,451.658764391527
60,43,486.64638393386764
60,42,522.5862758462242
60,41,570.618157548006
60,40,609.8114893184435
60,39,649.134990112814
60,38,689.4302963265663
60,37,730.7006305172371
60,36,866.9062675152521
60,35,906.9526779304873
60,34,947.7029346794421
60,33,1000.4490252646852
60,32,1060.9287052593106
60,31,1104.7995009170563
60,30,1185.1116236923058
60,29,1225.3080196476012
60,28,2137.324595149282
60,27,2228.914732586888
60,26,2322.2442448349893
60,25,2417.3158387243566
60,24,2514.1321210687543
60,23,2644.7412453849015
60,22,2760.5294345538655
60,21,2864.4086473546404
60,20,2970.109780966496
60,19,3077.6377434135825
60,18,3391.1298318853615
60,17,3491.3355958191332
60,16,3592.9158641302224
60,15,3724.7942471017577
60,14,3943.6716807563157
60,13,4055.0490853556717
60,12,4237.96858674695
60,11,4337.765161299751
60,10,9757.605601878366
60,9,10010.405982030072
60,8,10266.33363288443
60,7,10598.558386128872
60,6,11418.187892755304
60,5,11709.980620645621
60,4,12140.118766517397
60,3,12395.994471098122
60,2,50544.711473626114
60,1,51515.908248117805
61,61,5.486552439380443
61,60,10.230497447878141
61,59,23.37729007133161
61,58,38.21814367055785
61,57,68.61977455592196
61,56,82.83916052036128
61,55,97.528514659821
61,54,115.74890346499969
61,53,134.32045140404335
61,52,150.61970347234828
61,51,172.8875068964673
61,50,200.2007472226207
61,49,228.9354763010368
61,48,243.37417230207183
61,47,260.3222318918093
61,46,425.6687974881088
61,45,460.0635458113593
61,44,495.40456058803
61,43,531.6944315609577
61,42,568.9358212194018
61,41,618.7293435229691
61,40,659.384391312836
61,39,700.0221506009642
61,38,741.632941866375
61,37,784.2200950888331
61,36,924.4168281730184
61,35,965.6098762391026
61,34,1007.5101724963539
61,33,1061.7486990296045
61,32,1125.1992919257011
61,31,1170.2948743669956
61,30,1253.4289204399158
61,29,1294.6595687797
61,28,2254.865196022573
61,27,2348.758732535897
61,26,2444.392789089379
61,25,2541.770057506114
61,24,2640.8931342060723
61,23,2774.5843760638813
61,22,2894.1585649179065
61,21,3000.4330699378183
61,20,3108.5339278438255
61,19,3218.466117996834
61,18,3538.315938905645
61,17,3640.6720474427384
61,16,3744.4077591710534
61,15,3879.032575956876
61,14,4109.571524512309
61,13,4223.4717201802205
61,12,4411.286800753669
61,11,4513.159776786943
61,10,10129.408700505848
61,9,10387.100007060535
61,8,10647.928500702266
61,7,10986.375186915859
61,6,11853.629678034607
61,5,12151.919011463344
61,4,12591.895096691067
61,3,12852.878093395577
61,2,52358.97754492724
61,1,53346.443981054545
62,62,5.644203236530872
62,61,10.486215401980287
62,60,24.076956051678515
62,59,39.16948026776094
62,58,56.64385787747936
62,57,86.64598069370834
62,56,99.574569864389
62,55,118.09363895108208
62,54,137.13536084843614
62,53,153.6986890982293
62,52,175.39231390380482
62,51,202.94175651321868
62,50,231.91072604836225
62,49,248.23770651580702
62,48,265.40357620500185
62,47,317.2809897491337
62,46,468.5518745867455
62,45,504.2468622650623
62,44,540.8872382246262
62,43,578.4759866205377
62,42,617.0160579389236
62,41,668.5666751143181
62,40,710.7009565101479
62,39,752.6525806166926
62,38,795.5787220239487
62,37,839.4827828233329
62,36,983.6482390902763
62,35,1025.9905676683638
62,34,1069.0435243178483
62,33,1124.7764145783804
62,32,1191.3399782219954
62,31,1237.6672745627384
62,30,1323.678005477105
62,29,1365.9465334648596
62,28,2375.440202212442
62,27,2471.636795856709
62,26,2569.5751007765116
62,25,2669.257792935884
62,24,2770.687457597851
62,23,2907.459858665821
62,22,3030.9276188620665
62,21,3139.601488609251
62,20,3250.1062677436908
62,19,3362.447007502535
62,18,3688.653657231329
62,17,3793.167095987132
62,16,3899.0653278211953
62,15,4036.443435837335
62,14,4279.260823160714
62,13,4395.709077141256
62,12,4588.509990620923
62,11,4692.4744775951685
62,10,10508.273866106456
62,9,10770.871764563113
62,8,11036.616961807236
62,7,11381.301157769425
62,6,12298.758860625248
62,5,12603.636440887089
62,4,13053.569704132242
62,3,13319.712901016877
62,2,54210.673253035704
62,1,55214.45296959674
63,63,5.8058958206986855
63,62,10.747286960349287
63,61,24.786132759934567
63,60,40.13253964433555
63,59,71.62833733570542
63,58,86.4008627870578
63,57,101.6337640693734
63,56,120.45347470308555
63,55,139.9792770352609
63,54,156.80867457114417
63,53,177.9155565197672
63,52,205.7018842097029
63,51,234.9057244070053
63,50,253.1769535240271
63,49,270.56158654859297
63,48,320.91124780087733
63,47,355.1251053968381
63,46,513.173616704241
63,45,550.1650081016405
63,44,588.1015790112967
63,43,626.986567134296
63,42,666.8231054392492
63,41,720.1269546066508
63,40,763.759789794012
63,39,807.0252517109748
63,38,851.2669260087849
63,37,896.4882609737259
63,36,1044.6012405532135
63,35,1088.095593239571
63,34,1132.3039314915973
63,33,1189.5332537682305
63,32,1259.3596098523342
63,31,1306.9258155193645
63,30,1395.8694501708042
63,29,1439.1796480668559
63,28,2499.0482555185845
63,27,2597.547616612358
63,26,2697.78992077812
63,25,2799.7778278204555
63,24,2903.513911556479
63,23,3043.3665611520337
63,22,3170.840669451528
63,21,3281.9181071766798
63,20,3394.83113332369
63,19,3509.584871779759
63,18,3842.1481722491435
63,17,3948.8260726752446
63,16,4056.894048271455
63,15,4197.0324499902
63,14,4452.7745569866565
63,13,4571.797006552514
63,12,4769.67651052519
63,11,4875.748225951445
63,10,10894.209722934318
63,9,11161.730159521367
63,8,11432.40820307731
63,7,11783.34574713911
63,6,12753.70363739577
63,5,13065.264482799696
63,4,13525.33888022276
63,3,13796.698747935983
63,2,56100.66493172477
63,1,57120.81454626254
64,64,6.0440955544996235
64,63,11.131081368461285
64,62,19.119485727583868
64,61,41.10529290845077
64,60,73.14526518241455
64,59,88.19776625796801
64,58,103.70561324370682
64,57,122.82792162236255
64,56,135.58437380845078
64,55,162.5291606965126
64,54,180.10581314330315
64,53,208.48122487814894
64,52,236.03376634817792
64,51,259.7187100612782
64,50,280.88702289664525
64,49,324.56291986923617
64,48,359.0051800521451
64,47,394.7778732422327
64,46,559.5283287371108
64,45,597.8131886215758
64,44,637.0435181730197
64,43,677.2227076382028
64,42,718.353996305791
64,41,773.4078015624816
64,40,818.5603103398041
64,39,863.1399104293125
64,38,908.6975901655811
64,37,955.2368251753755
64,36,1107.27724498495
64,35,1151.926476546154
64,34,1197.2930299141353
64,33,1256.021007662873
64,32,1329.2680473973423
64,31,1378.0806488132553
64,30,1470.0149116417087
64,29,1514.37075522933
64,28,2625.6892434886518
64,27,2726.491173550502
64,26,2829.0373153527776
64,25,2933.3303126689707
64,24,3039.3727279533036
64,23,3182.3048224336267
64,22,3313.9034519108877
64,21,3427.38884190414
64,20,3542.7146212867665
64,19,3659.885987565301
64,18,3998.8066492967127
64,17,4107.656339934992
64,16,4217.901481898822
64,15,4360.807391695365
64,14,4630.151075847879
64,13,4751.774816592157
64,12,4954.828330807556
64,11,5063.0236774412215
64,10,11287.230298770806
64,9,11559.689629869206
64,8,11835.317075397199
64,7,12192.52423681392
64,6,13218.60312799669
64,5,13536.945929695454
64,4,14007.309314213006
64,3,14283.94408048873
64,2,58029.153577348734
64,1,59065.72950795051
65,65,6.141887952246188
65,64,11.286049401101153
65,63,24.21223258894655
65,62,39.50751280328529
65,61,74.66995975816029
65,60,90.00468627176096
65,59,89.805871555421
65,58,125.21642557231776
65,57,137.69391586566698
65,56,165.72653612473178
65,55,183.5682671016602
65,54,211.27978736655217
65,53,240.95528206657204
65,52,263.28922158993487
65,51,294.9052326808425
65,50,328.2359980987287
65,49,362.907136584066
65,48,398.9072897032026
65,47,436.227489248096
65,46,607.6111701053566
65,45,647.187252319418
65,44,687.7094661944731
65,43,729.1812821974905
65,42,771.6059910996559
65,41,828.4069447808445
65,40,875.1020208526387
65,39,920.9963212677369
65,38,967.8707112159435
65,37,1015.72868013322
65,36,1171.677405894325
65,35,1217.4844562001585
65,34,1264.012144971621
65,33,1324.2411225869373
65,32,1401.0750607098887
65,31,1451.1418169610622
65,30,1546.1259099155666
65,29,1591.5315452011018
65,28,2755.3620920211333
65,27,2858.4664356914027
65,26,2963.3162929650953
65,25,3069.914292041666
65,24,3178.2629843841714
65,23,3324.2737621042625
65,22,3460.1205617720007
65,21,3576.018420617613
65,20,3693.7615907221707
65,19,3813.3553443406977
65,18,4158.634832604877
65,17,4269.663794813595
65,16,4382.0936798862585
65,15,4527.774465317437
65,14,4811.428200242324
65,13,4935.681269591542
65,12,5144.006861030961
65,11,5254.342910523279
65,10,11687.34535363135
65,9,11964.760235075846
65,8,12245.35393925053
65,7,12608.847272345061
65,6,13693.596264335969
65,5,14018.823411962056
65,4,14499.711311679448
65,3,14781.683405555217
65,2,59997.189313241506
65,1,61050.26407184237
66,66,6.316434630162679
66,65,11.564025508653893
66,64,24.930429036672916
66,63,40.48143419250515
66,62,76.20192092722947
66,61,91.82110993212673
66,60,107.88513057927452
66,59,111.01585083836926
66,58,148.6850583281079
66,57,166.32465186077042
66,56,180.07230482276762
66,55,214.03947983728463
66,54,245.72346582296106
66,53,270.7132777055549
66,52,291.730775492675
66,51,331.93057774642585
66,50,366.83107622392373
66,49,403.05914089541227
66,48,440.6059189345411
66,47,479.4644172352113
66,46,657.4183229440112
66,45,698.2839336685087
66,44,740.0966151188323
66,43,782.8598664158392
66,42,826.5769905564817
66,41,885.1226930343823
66,40,933.3850231825713
66,39,980.5948239212437
66,38,1028.7868439448405
66,37,1077.9645769924903
66,36,1237.803382021683
66,35,1284.7712840636784
66,34,1332.463124118688
66,33,1394.1955769599733
66,32,1474.7912677993725
66,31,1526.1202288502586
66,30,1624.2148719781637
66,29,1670.6746328074767
66,28,2888.06661740958
66,27,2993.473288341362
66,26,3100.626805424725
66,25,3209.529781995219
66,24,3320.184759119371
66,23,3469.27353976753
66,22,3609.4978107313036
66,21,3727.8128213084497
66,20,3847.9781857651296
66,19,3969.999252366066
66,18,4321.639901132762
66,17,4434.855803995635
66,16,4549.478198443227
66,15,4697.94142551468
66,14,4996.646578516956
66,13,5123.558029449338
66,12,5337.256547973507
66,11,5449.751104846739
66,10,12094.568472808423
66,9,12376.955947482176
66,8,12662.533156679956
66,7,13032.329615063514
66,6,14178.831489126902
66,5,14511.04933706799
66,4,15002.491715891283
66,3,15289.862344295962
66,2,62003.84895127492
66,1,63073.47413491073
67,67,6.495518814947063
67,66,11.847928319343659
67,65,25.658992366064236
67,64,41.46721312715671
67,63,77.74062138615662
67,62,93.64649420653345
67,61,109.99171986518884
67,60,130.03344738554404
67,59,133.80741638574878
67,58,169.55859567305012
67,57,182.63693120180983
67,56,210.94651351980542
67,55,247.0069399728525
67,54,273.72443066890236
67,53,306.6598741316474
67,52,321.3561527629228
67,51,370.7770371567562
67,50,407.23346470579435
67,49,445.00724529776926
67,48,484.0914952112544
67,47,524.4807876973654
67,46,708.9465536168557
67,45,751.1004307011248
67,44,794.2025233168398
67,43,838.2563227788258
67,42,883.2651164889711
67,41,943.5535037466335
67,40,993.4095746406567
67,39,1041.9358751725733
67,38,1091.4466267269315
67,37,1141.9453208865414
67,36,1305.6567842378265
67,35,1353.788651637691
67,34,1402.64774221096
67,33,1465.8862592433572
67,32,1550.4274872132064
67,31,1603.0269892369308
67,30,1704.2944184938628
67,29,1751.8128230824823
67,28,3023.8022339785125
67,27,3131.511191960137
67,26,3240.968357018566
67,25,3352.1763285255165
67,24,3465.1376379155618
67,23,3617.3037921712967
67,22,3762.040601024828
67,21,3882.777591053304
67,20,4005.3700981129896
67,19,4129.823547848762
67,18,4487.828508221263
67,17,4603.239190018017
67,16,4720.06203089013
67,15,4871.315439140942
67,14,5185.8474670966925
67,13,5315.447384138949
67,12,5534.62250234032
67,11,5649.294116558965
67,10,12508.911529838024
67,9,12796.288981270854
67,8,13086.867284689044
67,7,13462.984159741953
67,6,14674.460508592989
67,5,15013.77949608197
67,4,15516.030778827368
67,3,15808.868269747192
67,2,64051.15867829661
67,1,65137.4202179645
68,68,6.679272253668871
68,67,12.137909728609035
68,66,26.397952138422234
68,65,42.464882977139744
68,64,79.28551965475866
68,63,95.48028163027764
68,62,112.10877364221544
68,61,132.46081700622082
68,60,154.6337585348822
68,59,172.82348283036916
68,58,185.22022139896168
68,57,213.76922656351803
68,56,243.72992931775227
68,55,279.0675218442233
68,54,297.5598179934822
68,53,339.23739516681906
68,52,374.74505975228595
68,51,411.43030135235625
68,50,449.4315082877181
68,49,488.74190880325597
68,48,529.3561791817258
68,47,571.2701442644036
68,46,762.1931781398221
68,45,805.6344032796156
68,44,850.0251407126237
68,43,895.3688485255292
68,42,941.6687791243676
68,41,1003.6980717977929
68,40,1055.1761926136307
68,39,1105.0201673701283
68,38,1155.8509129386932
68,37,1207.6719145925392
68,36,1375.2393582540783
68,35,1424.538381913827
68,34,1474.567902487198
68,33,1539.3151806784344
68,32,1627.9949742215579
68,31,1681.8736446743333
68,30,1786.3776282843262
68,29,1834.9593843846246
68,28,3162.56840838608
68,27,3272.5796552812517
68,26,3384.340496680766
68,25,3497.8535190338525
68,24,3613.1212450350945
68,23,3768.3641905223535
68,22,3917.7545080412083
68,21,4040.918449403297
68,20,4165.9431914936085
68,19,4292.83423879957
68,18,4657.2074898229075
68,17,4774.820959247269
68,16,4893.852355633077
68,15,5047.903859142884
68,14,5379.073604371559
68,13,5511.393143733956
68,12,5736.151437446455
68,11,5853.019438466458
68,10,12930.38669472257
68,9,13222.771850023015
68,8,13518.369182712308
68,7,13900.824106740163
68,6,15180.64089451631
68,5,15527.175734244001
68,4,16040.369952321345
68,3,16338.743335351624
68,2,66138.812525836
68,1,67241.78738311704
69,69,6.867830887665539
69,68,12.43412696514794
69,67,27.1473419280393
69,66,43.4744830788182
69,65,80.83606920411984
69,64,97.32191133124418
69,63,114.23571968999076
69,62,134.89998448398165
69,61,157.65151671923027
69,60,176.11931088759977
69,59,187.82223846946133
69,58,216.6113621364132
69,57,260.8653994045185
69,56,279.2277246272831
69,55,301.6881308962953
69,54,335.5254731631692
69,53,378.55196143976355
69,52,415.6497411770799
69,51,453.8788025228218
69,50,493.41575695398063
69,49,534.2553860645921
69,48,576.3936113309121
69,47,619.8272647415118
69,46,817.1560553973578
69,45,861.8839910864793
69,44,907.5628472405857
69,43,954.1960313822967
69,42,1001.7867477373283
69,41,1065.5554167419657
69,40,1118.6857541409372
69,39,1169.848738586235
69,38,1222.0008909589951
69,37,1275.145687817657
69,36,1446.5531435745863
69,35,1497.0225950449396
69,34,1548.225808937187
69,33,1614.4846563027595
69,32,1707.5056235282398
69,31,1762.6723934798251
69,30,1870.4782627685377
69,29,1920.1282791770573
69,28,3304.365035713909
69,27,3416.678624934811
69,26,3530.7432212780714
69,25,3646.561399414009
69,24,3764.135674283716
69,23,3922.4548902609686
69,22,4076.645749708661
69,21,4202.241772543786
69,20,4329.704000786418
69,19,4459.038019304337
69,18,4829.784422578964
69,17,4949.608873873561
69,16,5070.8571222374
69,15,5227.714828838778
69,14,5576.369911181896
69,13,5711.441358845187
69,12,5941.892418708274
69,11,6060.976965346225
69,10,13359.007977418296
69,9,13656.418944593965
69,8,13957.053625245155
69,7,14345.864619549153
69,6,15697.538164961736
69,5,16051.408084522069
69,4,16575.77931431642
69,3,16879.762635096282
69,2,68268.02094197375
69,1,69387.80483862049
70,70,7.061333566372797
70,69,12.736740216896047
70,68,27.907194084453266
70,67,44.49605026401842
70,66,82.39170237354611
70,65,99.1707996925131
70,64,116.37196147726344
70,63,137.35034290802147
70,62,160.69819347382992
70,61,179.44606269932336
70,60,190.4430312069164
70,59,219.47297084119097
70,58,266.08194132311826
70,57,284.67520109116805
70,56,305.19970704998764
70,55,339.269156673973
70,54,374.67116814620647
70,53,419.66635533957896
70,52,458.34918633407057
70,51,498.1130990325421
70,50,539.1784686972125
70,49,581.5413154584332
70,48,625.1985616922782
70,47,670.147855228607
70,46,873.8333620595682
70,45,919.84759480904
70,44,966.814236860214
70,43,1014.7366337680708
70,42,1063.617932982962
70,41,1129.1246601578607
70,40,1183.9392681143497
70,39,1236.422738619474
70,38,1289.897843118733
70,37,1344.3680483678477
70,36,1519.6001995200552
70,35,1571.2434252344017
70,34,1623.623673833728
70,33,1691.3970003797328
70,32,1788.9716588449705
70,31,1845.4357653735235
70,30,1956.6104268285985
70,29,2007.333815762418
70,28,3449.1918158450394
70,27,3563.8078402917326
70,26,3680.1763085047637
70,25,3798.2997845892824
70,24,3918.1807767873624
70,23,4079.5757881414966
70,22,4238.720415843226
70,21,4366.753798217094
70,20,4496.658912115698
70,19,4628.441424389071
70,18,5005.566706479397
70,17,5127.6105110762455
70,16,5251.084086807588
70,15,5410.756286495677
70,14,5777.782490505644
70,13,5915.639296355796
70,12,6151.895799340683
70,11,6273.217908447403
70,10,13794.788671332199
70,9,14097.24391798045
70,8,14402.934627425357
70,7,14798.120073605145
70,6,16225.323070396478
70,5,16586.651997368248
70,4,17122.284017691665
70,3,17431.951939048588
70,2,70438.34124640076
70,1,71575.01942918914
71,71,6.105337010095901
71,70,14.60441892687353
71,69,21.626304504950504
71,68,45.52961746624394
71,67,64.79753282168127
71,66,103.21525415986419
71,65,118.5168745328668
71,64,139.81125503532968
71,63,145.94891624197962
71,62,185.56081782039064
71,61,205.03214645292243
71,60,222.3540806806449
71,59,253.03013192666472
71,58,295.62100748115967
71,57,314.78842638531347
71,56,343.03453609438674
71,55,378.66741420489075
71,54,415.61958502191175
71,53,462.56845116943487
71,52,502.8339420585814
71,51,544.1254307006224
71,50,586.7132566819812
71,49,630.5944345608837
71,48,675.7666965707501
71,47,722.2283555900696
71,46,932.2234857630535
71,45,979.5237791634364
71,44,1027.778028000645
71,43,1076.989508809966
71,42,1127.1613070585647
71,41,1194.404949535542
71,40,1250.9378013885034
71,39,1304.74335639054
71,38,1359.543073846996
71,37,1415.3404106145447
71,36,1594.3825353125092
71,35,1647.2029497597516
71,34,1700.7636456227538
71,33,1770.0544528562418
71,32,1872.4055672253212
71,31,1930.1765548013834
71,30,2044.7885001450354
71,29,2096.5905786198655
71,28,3597.0481121303637
71,27,3713.966689073494
71,26,3832.639169347566
71,25,3953.068107753771
71,24,4075.2560069330093
71,23,4239.726363716942
71,22,4403.984305951259
71,21,4534.460459935948
71,20,4666.813993412291
71,19,4801.050656868671
71,18,5184.561381709809
71,17,5308.83307636796
71,16,5434.54062179314
71,15,5597.03577058022
71,14,5983.358479955867
71,13,6124.035290455301
71,12,6366.213068862435
71,11,6489.794642817168
71,10,14237.740869369132
71,9,14545.259192771126
71,8,14856.02494381128
71,7,15257.603543893334
71,6,16764.17132209721
71,5,17133.088072137383
71,4,17680.177064381278
71,3,17995.60978044222
71,2,72651.09502361284
71,1,73804.77364147728
72,72,6.749957253837451
72,71,15.090769294352805
72,70,21.76454854235348
72,69,33.72251101169325
72,68,66.10723602930634
72,67,105.0929727060085
72,66,122.99664075894813
72,65,141.26977381898448
72,64,163.59461688811538
72,63,175.2770441698767
72,62,211.60958095124857
72,61,231.79351225980685
72,60,256.1705684641699
72,59,301.3200075728692
72,58,320.7141231105014
72,57,346.8217181165494
72,56,382.6859484378068
72,55,419.8678214217974
72,54,458.3583524282671
72,53,507.2483663603192
72,52,549.096414369775
72,51,591.9095845137069
72,50,636.0150402238895
72,49,681.4105997366848
72,48,728.0946546765148
72,47,776.0660633224093
72,46,992.325300233962
72,45,1040.9115736497934
72,44,1090.453388503231
72,43,1140.9539484427003
72,42,1192.4162742385054
72,41,1261.3958575405043
72,40,1319.682901565676
72,39,1374.8122643263787
72,38,1430.9383756162345
72,37,1488.0646830384574
72,36,1670.9026675869009
72,35,1724.9037657891092
72,34,1779.6484052727933
72,33,1850.4598010287666
72,32,1957.8207692438057
72,31,2016.9085124652336
72,30,2135.027871291167
72,29,2187.914181553324
72,28,3747.934219513847
72,27,3867.155517621337
72,26,3988.1322010917456
72,25,4110.866816710652
72,24,4235.3618626458265
72,23,4402.907178743889
72,22,4572.44448887852
72,21,4705.368993491283
72,20,4840.176648441154
72,19,4976.873289558107
72,18,5366.776968952708
72,17,5493.285288432203
72,16,5621.2356458802
72,15,5786.562407890434
72,14,6193.148242557237
72,13,6336.680986577035
72,12,6584.899188760188
72,11,6710.763089735811
72,10,14687.880525878192
72,9,15000.481133273202
72,8,15316.341351856592
72,7,15724.332232309285
72,6,17314.26987244465
72,5,17690.9084842831
72,4,18249.726160779363
72,3,18571.008923628862
72,2,74907.38405933588
72,1,76078.18588754156
73,73,7.936525203580361
73,72,14.097281299826404
73,71,23.03744946661487
73,70,35.345117586459764
73,69,49.02158383893628
73,68,89.28703436179346
73,67,127.53738853501008
73,66,146.20834726285707
73,65,165.22237570218624
73,64,188.54179888727128
73,63,215.35991548350472
73,62,235.8182219215117
73,61,259.3312599738958
73,60,291.8582951671682
73,59,332.4404707588224
73,58,352.40461318540486
73,57,386.7267774636149
73,56,424.13880348651776
73,55,462.8579372575124
73,54,502.877170241769
73,53,553.6978028162171
73,52,597.130282811477
73,51,641.4603574341326
73,50,687.0795381587392
73,49,733.9862967856517
73,48,782.1795650393404
73,47,831.658651084847
73,46,1054.137633127196
73,45,1104.009921979745
73,44,1154.8393647791072
73,43,1206.6290907399577
73,42,1259.382055047486
73,41,1330.0967341691883
73,40,1390.1759218984182
73,39,1446.6309164920028
73,38,1504.0852994555278
73,37,1562.542510333211
73,36,1749.1627719380774
73,35,1804.3481140597976
73,34,1860.280261660762
73,33,1932.6154383782941
73,32,2045.230636614429
73,31,2105.6453327825843
73,30,2227.3438658922823
73,29,2281.3201686992443
73,28,3901.8494516540422
73,27,4023.373655783293
73,26,4146.654748995194
73,25,4271.69527135958
73,24,4398.497717713423
73,23,4569.117621778111
73,22,4744.10696179567
73,21,4879.485526306702
73,20,5016.753135499338
73,19,5155.915712287827
73,18,5552.220711798397
73,17,5680.974555097239
73,16,5811.176732754616
73,15,5979.343935421732
73,14,6407.202254895507
73,13,6553.628157405892
73,12,6808.0092849012135
73,11,6936.179345756338
73,10,15145.219873939497
73,9,15462.922298214316
73,8,15783.896738279003
73,7,16198.31933902593
73,6,17875.808334854573
73,5,18260.308224346107
73,4,18831.01945942111
73,3,19158.239538791353
73,2,77207.12551410166
73,1,78395.1700518847
74,74,8.247851072853969
74,73,14.575983175461817
74,72,24.348303868136213
74,71,37.0078635983177
74,70,51.01905806824573
74,69,66.12168822893047
74,68,114.83089810329393
74,67,151.20882232198863
74,66,167.99722689112411
74,65,191.62937892808176
74,64,209.34240912242424
74,63,242.91214614245843
74,62,262.51228985576745
74,61,295.27796584460185
74,60,329.39038528634376
74,59,364.74675965344835
74,58,385.28281782011925
74,57,428.4326365181251
74,56,467.3808010285507
74,55,507.6276093044669
74,54,549.1676076070391
74,53,601.9099740741639
74,52,646.9305198979154
74,51,692.7736512192113
74,50,739.9034270766571
74,49,788.3188539218779
74,48,838.0193084291731
74,47,889.0044719685177
74,46,1117.659733811599
74,45,1168.8181803125517
74,44,1220.935409984857
74,43,1274.0144777416083
74,42,1328.0582736223603
74,41,1400.5073329789175
74,40,1462.4186800359137
74,39,1520.2012374924977
74,38,1578.9858742874117
74,37,1638.7760235029273
74,36,1829.165532385195
74,35,1885.538756651692
74,34,1942.662058027206
74,33,2016.5243081848807
74,32,2134.649504238942
74,31,2196.401697286734
74,30,2321.752852762955
74,29,2376.825148683819
74,28,4058.7940578279777
74,27,4182.621396051253
74,26,4308.207148554893
74,25,4435.553849992912
74,24,4564.663993017959
74,23,4738.358166798807
74,22,4918.978998183742
74,21,5056.817494730062
74,20,5196.551054992707
74,19,5338.185690747897
74,18,5740.901339387493
74,17,5871.909801892444
74,16,6004.373006329575
74,15,6175.38968175553
74,14,6625.574370646639
74,13,6774.932044314655
74,12,7035.602123685098
74,11,7166.1032273153805
74,10,15609.775002905828
74,9,15932.59918123095
74,8,16258.70800420849
74,7,16679.58218035933
74,6,18448.98827836664
74,5,18841.49460587443
74,4,19424.2797251305
74,3,19757.528872110674
74,2,79551.08327304423
74,1,80756.50153830524
75,75,8.569524133468498
75,74,15.06789524333528
75,73,25.695447336971085
75,72,38.71105347646618
75,71,53.05884297064177
75,70,68.4828849538449
75,69,84.8204180101246
75,68,153.7241079727752
75,67,173.40952804238745
75,66,193.41781605618164
75,65,218.01725801105448
75,64,242.8457232007146
75,63,271.6199545421464
75,62,298.7186271510847
75,61,333.06803294059966
75,60,368.74544169443703
75,59,398.23950189873733
75,58,432.7493692459644
75,57,471.92699234758993
75,56,512.4017783063761
75,55,554.1683881067705
75,54,597.2225996480785
75,53,651.8791621181496
75,52,698.4929858358184
75,51,745.8460918362427
75,50,794.4839755535494
75,49,844.4060833229931
75,48,895.6121604475339
75,47,948.1021996211069
75,46,1182.8908737043553
75,45,1235.3357034148887
75,44,1288.7409548739809
75,43,1343.1096100262587
75,42,1398.4444951566377
75,41,1472.6273250591448
75,40,1536.4129520939025
75,39,1595.5250970098427
75,38,1655.642061359191
75,37,1716.7672736475986
75,36,1910.913509822358
75,35,1968.4783252490122
75,34,2026.7964997543984
75,33,2102.1892048738987
75,32,2226.0919454866407
75,31,2289.1925282602074
75,30,2418.271454723379
75,29,2474.4459859933313
75,28,4218.7678079242005
75,27,4344.898533672627
75,26,4472.7892200465285
75,25,4602.442397575286
75,24,4733.860557869984
75,23,4910.6287113555545
75,22,5097.067423951971
75,21,5237.371870004824
75,20,5379.5775245346185
75,19,5523.690489988662
75,18,5932.827042970802
75,17,6066.09940080172
75,16,6200.833021145098
75,15,6374.708384968574
75,14,6848.3195654097335
75,13,7000.6490514642055
75,12,7267.737718867451
75,11,7400.595833129633
75,10,16081.560316080762
75,9,16409.526550306153
75,8,16740.790285146304
75,7,17168.136254358484
75,6,19034.017089743265
75,5,19434.681004222883
75,4,20029.753446587405
75,3,20369.128377925103
75,2,81940.14905682391
75,1,83163.0858561947
76,76,8.901889369155922
76,75,15.57340420006319
76,74,25.194945526510057
76,73,40.450019856081404
76,72,55.1412489738846
76,71,70.88830771785908
76,70,87.53551595418173
76,69,104.97977153633146
76,68,178.88307201541105
76,67,199.26752091260485
76,66,219.96941611651894
76,65,245.51944522005832
76,64,278.23559852542684
76,63,301.4760242546123
76,62,336.7673034457013
76,61,372.68014206548986
76,60,405.22804797482934
76,59,426.5518370297381
76,58,476.4965909104299
76,57,517.19975930198
76,56,559.1933622010254
76,55,602.4732843203496
76,54,647.0362852532296
76,53,703.600625107116
76,52,751.8143859615531
76,51,800.6750272397187
76,50,850.8190754937426
76,49,902.2463409974354
76,48,954.9568761463854
76,47,1008.9509347797293
76,46,1249.830531828425
76,45,1303.5620434712766
76,44,1358.2556194651688
76,43,1413.914170963726
76,42,1470.540462559232
76,41,1546.4565519507437
76,40,1612.1607393909096
76,39,1672.604588890022
76,38,1734.0560457277504
76,37,1796.5185359205354
76,36,1994.4094866086375
76,35,2053.169676949366
76,34,2112.686521540689
76,33,2189.6131559448754
76,32,2319.573191533377
76,31,2384.0334208567097
76,30,2516.9170067873793
76,29,2574.2002705361083
76,28,4381.770764916968
76,27,4510.205163636496
76,26,4640.401090358771
76,25,4772.361072763137
76,24,4906.087602550554
76,23,5085.929483455582
76,22,5278.379561214659
76,21,5421.156129287356
76,20,5565.840177576542
76,19,5712.437901039328
76,18,6128.006582544636
76,17,6263.552302752071
76,16,6400.565921003593
76,15,6577.309385033672
76,14,7075.495298777173
76,13,7230.838141006742
76,12,7504.478784590467
76,11,7639.721026344052
76,10,16560.5915518471
76,9,16893.7205326534
76,8,17230.16010026441
76,7,17663.998473256364
76,6,19631.11195978249
76,5,20040.090940588274
76,4,20647.586950891215
76,3,20993.187812046563
76,2,84374.54832117424
76,1,85615.15176522166
77,77,9.245300880352707
77,76,16.09290610421516
77,75,26.58072179521978
77,74,39.865338852218116
77,73,57.25649923087871
77,72,73.33826247469165
77,71,90.29653229095632
77,70,108.04014398218223
77,69,126.50348983668322
77,68,205.17892790199417
77,67,226.24728961382374
77,66,247.63279443395135
77,65,274.1221487365495
77,64,306.2626304154309
77,63,329.0905374657697
77,62,376.63702010221283
77,61,414.09717111191145
77,60,440.3080777511039
77,59,462.2048582537972
77,58,522.0215731012611
77,57,564.2425479833677
77,56,607.7485383124496
77,55,652.5364029304429
77,54,698.6036883224102
77,53,757.0703144912786
77,52,806.8920108888703
77,51,857.2582832289887
77,50,908.907008146375
77,49,961.8382986764406
77,48,1016.0524644567907
77,47,1071.5499796025301
77,46,1318.4781543563788
77,45,1373.496702497609
77,44,1429.478957697668
77,43,1486.4277630728739
77,42,1544.3458240462933
77,41,1621.994741226236
77,40,1689.6639737780558
77,39,1751.4417263740957
77,38,1814.2299210850674
77,37,1878.0319836604833
77,36,2079.6561075375
77,35,2139.6155246934795
77,34,2200.3349071470175
77,33,2278.7990279703868
77,32,2415.1087299909377
77,31,2480.9402307227265
77,30,2617.7071215827905
77,29,2676.105873225941
77,28,4547.802494993303
77,27,4678.540867559877
77,26,4811.042356294785
77,25,4945.309487281162
77,24,5081.344753425811
77,23,5264.2601240439
77,22,5462.922278054395
77,21,5608.177279502455
77,20,5755.346160997348
77,19,5904.4352118699
77,18,6326.448182508671
77,17,6464.276908610919
77,16,6603.580285034986
77,15,6783.201437706841
77,14,7307.160329692402
77,13,7465.559624276473
77,12,7745.889484403604
77,11,7883.544162620898
77,10,17046.882791637378
77,9,17385.195561953762
77,8,17726.832238298175
77,7,18167.183970205053
77,6,20240.496791413723
77,5,20657.954938255196
77,4,21278.171781162837
77,3,21630.106290639418
77,2,86856.03017124237
77,1,88114.47645568658
78,78,8.266123268441268
78,77,16.09701767213426
78,76,28.005810565193745
78,75,41.64948576772545
78,74,56.60505882210899
78,73,75.8152545127474
78,72,93.10379080762719
78,71,111.14796555753713
78,70,129.90159264681088
78,69,149.3231367217804
78,68,232.58720069450936
78,67,254.3307648431887
78,66,276.3943606209424
78,65,303.81558866002433
78,64,337.5938260736085
78,63,361.1203755034243
78,62,418.3107853537752
78,61,457.30536089937675
78,60,476.57973403770524
78,59,499.05273565196995
78,58,569.3160656971413
78,57,613.048486809124
78,56,658.0615583364407
78,55,704.3529188785943
78,54,751.9207489133801
78,53,812.2849589575396
78,52,863.7238596755618
78,51,915.5943205762412
78,50,968.7466315235138
78,49,1023.1811588031118
78,48,1078.8984287323922
78,47,1135.8991022803298
78,46,1388.8335159630028
78,45,1445.1395119721544
78,44,1502.4108552812195
78,43,1560.6503241038358
78,42,1619.8605675181168
78,41,1699.2419652193253
78,40,1768.924997634906
78,39,1832.038941042404
78,38,1896.1662078554525
78,37,1961.3102258640413
78,36,2166.656479448188
78,35,2227.8190547040963
78,34,2289.744924891071
78,33,2369.750185484517
78,32,2512.715019660961
78,31,2579.929808912983
78,30,2720.6604661894544
78,29,2780.181740702291
78,28,4716.863385920522
78,27,4849.906070896893
78,26,4984.713481142974
78,25,5121.288142373219
78,24,5259.632549797186
78,23,5445.621218189703
78,22,5650.703579790104
78,21,5798.443491750462
78,20,5948.10381321814
78,19,6099.690929786809
78,18,6528.161379826302
78,17,6668.2829582552195
78,16,6809.886058118371
78,15,6992.39469828066
78,14,7543.3769465397945
78,13,7704.8774431275415
78,12,7992.037803112919
78,11,8132.134506768029
78,10,17540.4514530326
78,9,17883.969471929366
78,8,18230.824952594307
78,7,18677.71142514442
78,6,20862.40860264958
78,5,21288.517073349612
78,4,21921.57726590404
78,3,22279.955624716105
78,2,89384.28045239167
78,1,90660.74137280964
79,79,8.59469999481233
79,78,17.179782063029737
79,77,29.470582342072834
79,76,43.47541872008996
79,75,58.7736347226191
79,74,75.10948598373555
79,73,95.92891493347992
79,72,114.30354906755313
79,71,133.34851114222167
79,70,153.052335571273
79,69,173.38920948587472
79,68,261.09093968114274
79,67,283.5052581513042
79,66,306.24444627037303
79,65,334.59278892051975
79,64,370.0654275817301
79,63,394.2933134819095
79,62,461.77485024877427
79,61,502.2934808537847
79,60,514.0466438204746
79,59,537.0992013903402
79,58,618.3731661332212
79,57,663.6117861695628
79,56,710.1275456302781
79,55,757.9187104437452
79,54,806.9839742904885
79,53,869.2417246878746
79,52,922.3083034545652
79,51,975.6818976359
79,50,1030.337038454889
79,49,1086.27430520171
79,48,1143.4944077363098
79,47,1201.9981664481033
79,46,1460.8962897485906
79,45,1518.4901866319726
79,44,1577.0510667815156
79,43,1636.581646874695
79,42,1697.084522652638
79,41,1778.1981192156875
79,40,1849.9460215999802
79,39,1914.3985211442384
79,38,1979.867271715686
79,37,2046.355705497508
79,36,2255.4135062732125
79,35,2317.7832421876797
79,34,2380.919623755788
79,33,2462.469761821393
79,32,2612.408735633676
79,31,2681.019226413963
79,30,2825.795944525899
79,29,2886.447059412957
79,28,4888.953188526389
79,27,5024.3005420683885
79,26,5161.414250861576
79,25,5300.296841451605
79,24,5440.950812425144
79,23,5630.012604272966
79,22,5841.730856404239
79,21,5991.962301632186
79,20,6144.120816790531
79,19,6298.212885648841
79,18,6733.154991406687
79,17,6875.579453200143
79,16,7019.492428274561
79,15,7204.898540622362
79,14,7784.208722445089
79,13,7948.85687862555
79,12,8242.993173467312
79,11,8385.562819056444
79,10,18041.312799470514
79,9,18390.057896041068
79,8,18742.154249705938
79,7,19195.597210117394
79,6,21497.09153468006
79,5,21932.028874321666
79,4,22578.187436387976
79,3,22943.12756735109
79,2,91960.92936676473
79,1,93255.60350834222
80,80,10.345522083546182
80,79,17.739523159670526
80,78,30.975426040520887
80,77,45.34350748769934
80,76,60.98617162466627
80,75,77.65012716563858
80,74,95.17792623067784
80,73,117.46400887142302
80,72,136.84457875531172
80,71,156.83160998884696
80,70,177.44369048555842
80,69,198.6654142399696
80,68,290.67844653527777
80,67,313.7619253812892
80,66,337.1762554560021
80,65,366.44887995468247
80,64,403.67716027602944
80,63,428.60986005700266
80,62,507.01811412097436
80,61,522.3540739069879
80,60,545.6085696497365
80,59,623.7227011379589
80,58,669.1872160689911
80,57,715.9277030730932
80,56,763.942514988711
80,55,813.230424761688
80,54,863.790543279249
80,53,927.9383590457687
80,52,982.6442591443349
80,51,1037.5202709799496
80,50,1093.677782107405
80,49,1151.117551978457
80,48,1209.840446825635
80,47,1269.8474238643882
80,46,1534.6664296631939
80,45,1593.548724406918
80,44,1653.3996331365354
80,43,1714.2218144821745
80,42,1776.0178139519883
80,41,1858.8633983418738
80,40,1932.729622655498
80,39,1998.5231283336047
80,38,2065.3358592123977
80,37,2133.171254238648
80,36,2345.930504830197
80,35,2409.511484800416
80,34,2473.862484754654
80,33,2556.961333661054
80,32,2714.2075029934126
80,31,2784.2265279727167
80,30,2933.1334935007803
80,29,2994.9220695819477
80,28,5064.0723604646855
80,27,5201.724774653834
80,26,5341.1451952019415
80,25,5482.336150655279
80,24,5625.300144028975
80,23,5817.434928191105
80,22,6036.012497603528
80,21,6188.742266978931
80,20,6343.405899350385
80,19,6500.009978599692
80,18,6941.438982901187
80,17,7086.1765658426775
80,16,7232.409776787529
80,15,7420.723559981594
80,14,8029.7227837092805
80,13,8197.56687113429
80,12,8498.828888013573
80,11,8643.903812156219
80,10,18549.484967173845
80,9,18903.479393582817
80,8,19260.839115623716
80,7,19720.86074451276
80,6,22144.80338436236
80,5,22588.75600619465
80,4,23248.16749562552
80,3,23619.79174765182
80,2,94586.21074876933
80,1,95899.30220966441
81,81,7.1075848662441565
81,80,20.11301775651837
81,79,29.074004735313473
81,78,47.25412735263244
81,77,63.24302917488054
81,76,80.23663774894939
81,75,98.07976461959446
81,74,116.67459734996847
81,73,140.32819213153454
81,72,160.6612721596954
81,71,181.54937388886512
81,70,203.04002446434248
81,69,225.12477331675723
81,68,321.34163118249336
81,67,345.09458517233236
81,66,369.1849910464449
81,65,399.38044770286695
81,64,438.42994191111853
81,63,464.0714836804592
81,62,554.031448084329
81,61,561.4258506883127
81,60,585.2598327608744
81,59,674.7878671773007
81,58,721.7534073815032
81,57,769.9921756151638
81,56,819.5030253973299
81,55,870.2851411653509
81,54,922.3379742993533
81,53,988.3728570167987
81,52,1044.7308517756119
81,51,1101.1088509675926
81,50,1158.7685225233008
81,49,1217.71077915763
81,48,1277.9366211237602
81,47,1339.44712379763
81,46,1610.1437146806259
81,45,1670.3149339248087
81,44,1731.456392029602
81,43,1793.5706931093298
81,42,1856.6603355731236
81,41,1941.2377482614586
81,40,2017.2781739072382
81,39,2084.415208002234
81,38,2152.5744882833446
81,37,2221.7594628261763
81,36,2438.210512349296
81,35,2503.006891002046
81,34,2568.576689876822
81,33,2653.2281649528136
81,32,2818.1291144176066
81,31,2889.5699293661087
81,30,3042.6932378146903
81,29,3105.6272020172637
81,28,5242.22056319538
81,27,5382.178442680673
81,26,5523.906000750258
81,25,5667.405769089222
81,24,5812.680256165306
81,23,6007.887911958097
81,22,6233.556098548464
81,21,6388.791127293767
81,20,6545.96694616903
81,19,6705.090241128225
81,18,7153.022399878275
81,17,7300.083526717788
81,16,7448.647521082378
81,15,7639.879358676109
81,14,8279.987534965847
81,13,8451.07770026579
81,12,8759.619698442148
81,11,8907.233711594306
81,10,19064.98341575181
81,9,19424.24979265203
81,8,19786.895750076634
81,7,20253.51858937052
81,6,22805.809594943978
81,5,23258.97215900069
81,4,23931.883344826183
81,3,24310.321839831937
81,2,97261.56578617902
81,1,98593.30330753337
82,82,8.0165567017765
82,81,15.627904807627518
82,80,32.070499674969355
82,79,42.04315795975098
82,78,65.54458543666784
82,77,82.86938453088369
82,76,101.02917405720292
82,75,119.9281287816319
82,74,139.5055439409726
82,73,164.45633382644405
82,72,185.70659224278631
82,71,207.46689011015332
82,70,229.81497146623994
82,69,252.74706212811225
82,68,353.0750194155909
82,67,377.4990398137168
82,66,402.2673910595352
82,65,433.3852356720647
82,64,474.3257016760829
82,63,500.6805079931941
82,62,602.8074139204206
82,61,601.7030629232498
82,60,626.120141880426
82,59,727.6047553983769
82,58,776.067791410611
82,57,825.8018775358562
82,56,876.8062729369962
82,55,929.080497280668
82,54,982.6242808260547
82,53,1050.5436481663767
82,52,1108.5676261076026
82,51,1166.4474361049574
82,50,1225.6092826092383
82,49,1286.0542094955003
82,48,1347.7833325951049
82,47,1410.7978299828935
82,46,1687.32815073797
82,45,1748.7888534699932
82,44,1811.2214140125716
82,43,1874.6283854805968
82,42,1939.0122223000435
82,41,2025.3213596207518
82,40,2103.5943602451543
82,39,2172.0775233662707
82,38,2241.5860010141537
82,37,2312.123252739155
82,36,2532.2569182609323
82,35,2598.2729293784087
82,34,2665.0657891663836
82,33,2751.2738969740685
82,32,2924.1922829500145
82,31,2997.0685902813116
82,30,3154.496305605633
82,29,3218.583911524064
82,28,5423.3980309630015
82,27,5565.661807620087
82,26,5709.696956428674
82,25,5855.506013318239
82,24,6003.091493208947
82,23,6201.371930765828
82,22,6434.370098546377
82,21,6592.117484645435
82,20,6751.812723785766
82,19,6913.462605976436
82,18,7367.915257096873
82,17,7517.310553755076
82,16,7668.216084381571
82,15,7862.376567786558
82,14,8535.074968006778
82,13,8709.463345914419
82,12,9025.444269893365
82,11,9175.632755588364
82,10,19587.825988542925
82,9,19952.387348341017
82,8,20320.34282351368
82,7,20793.589831556666
82,6,23480.389931707225
82,5,23942.96588019455
82,4,24629.538604811492
82,3,25014.926961007957
82,2,99987.41038785844
82,1,101338.03245271815
83,83,7.784687491048997
83,82,17.000668641247167
83,81,26.22489003839687
83,80,45.635808799166504
83,79,56.34022325276047
83,78,85.54874119911253
83,77,104.02651739146944
83,76,123.23074839321072
83,75,143.1024441421366
83,74,163.60445858226876
83,73,189.8016982483701
83,72,211.94633608232638
83,71,234.55838777113817
83,70,257.7488068990585
83,69,281.5169691898448
83,68,385.87497149460637
83,67,410.9724935419962
83,66,436.4212838751365
83,65,468.46180437402217
83,64,511.36710972899556
83,63,538.4398857104795
83,62,653.3398661973133
83,61,643.1909957116169
83,60,668.1947584961107
83,59,782.169421879517
83,58,832.1270403136572
83,57,883.3539973045994
83,56,935.8498818638469
83,55,989.6144876976525
83,54,1044.6477742258414
83,53,1114.4494003404723
83,52,1174.1543493151853
83,51,1233.5360130861025
83,50,1294.2002441553136
83,49,1356.1481993438306
83,48,1419.3810948038383
83,47,1483.9001984698295
83,46,1766.2197159427565
83,45,1828.9704872793632
83,44,1892.6947296331448
83,43,1957.3949485768246
83,42,2023.0735576185157
83,41,2111.1143632074472
83,40,2191.6808625144517
83,39,2261.51282918379
83,38,2332.373226704125
83,37,2404.2655284125326
83,36,2628.0730829207
83,35,2695.3130370113277
83,34,2763.333298611676
83,33,2851.1021327304293
83,32,3032.41622276843
83,31,3106.7421845546164
83,30,3268.564376685295
83,29,3333.8142158427495
83,28,5607.604745767636
83,27,5752.174870885483
83,26,5898.518083224177
83,25,6046.636924031858
83,24,6196.533915653003
83,23,6397.887064889497
83,22,6638.46279968459
83,21,6798.729797372859
83,20,6960.951848463773
83,19,7125.135849027764
83,18,7586.127409485797
83,17,7737.867699608267
83,16,7891.125719142142
83,15,8088.225639807077
83,14,8795.059489193849
83,13,8972.800294768092
83,12,9296.38394994947
83,11,9449.183946336392
83,10,20118.02989058194
83,9,20487.90966278845
83,8,20861.198338685714
83,7,21341.092870035834
83,6,24168.835572475407
83,5,24641.03763072208
83,4,25341.487360030285
83,3,25733.969251253166
83,2,102765.03501645477
83,1,104134.80372189934
84,84,7.836051004596589
84,83,16.756234704586504
84,82,28.03384047650571
84,81,38.42787110715633
84,80,60.50278290339933
84,79,71.78001140185359
84,78,107.0721718221996
84,77,126.58282402321139
84,76,146.74980287096605
84,75,167.53743051975516
84,74,188.92375082687678
84,73,216.33025826640682
84,72,239.35535758103188
84,71,262.80467172062004
84,70,286.82667002278043
84,69,311.42284352805433
84,68,419.7391980746727
84,67,445.5132071758107
84,66,471.6453408681254
84,65,504.60936292080663
84,64,549.5574674244701
84,63,577.3531251662863
84,62,652.851697869909
84,61,678.0474074073197
84,60,788.29715707263
84,59,838.4786053012867
84,58,889.9284073492589
84,57,942.6462226339719
84,56,996.6319092641917
84,55,1051.8854856635348
84,54,1108.4071001240823
84,53,1180.0890712342646
84,52,1241.4910741202652
84,51,1302.374830202455
84,50,1364.541830716752
84,49,1427.9933303820774
84,48,1492.7306330188994
84,47,1558.7550857396411
84,46,1846.8185025166697
84,45,1910.8599535571766
84,44,1975.8764835305524
84,43,2041.8705538383829
84,42,2108.8445400586525
84,41,2198.617004546024
84,40,2281.5405400843524
84,39,2352.7240607113827
84,38,2424.9391772736267
84,37,2498.1893791695843
84,36,2725.6625604844307
84,35,2794.1308483034545
84,34,2863.382934999139
84,33,2952.716679627477
84,32,3142.8209300689305
84,31,3218.6111885552928
84,30,3384.9199873136195
84,29,3451.3410070339614
84,28,5794.840915348892
84,27,5941.717864645552
84,26,6090.36963798707
84,25,6240.798782982214
84,24,6393.007830345465
84,23,6597.433647800297
84,22,6845.842937968137
84,21,7008.636965469969
84,20,7173.393385995116
84,19,7340.119203706395
84,18,7807.669207826012
84,17,7961.765520815759
84,16,8117.387189831421
84,15,8317.437548933505
84,14,9060.018821190417
84,13,9241.168464783139
84,12,9572.523733939286
84,11,9727.974035384645
84,10,20655.613433610706
84,9,21030.83546306052
84,8,21409.48144170792
84,7,21896.04726959219
84,6,24871.451946931953
84,5,25353.502707596243
84,4,26068.08069452014
84,3,26467.80805556576
84,2,105595.66605195779
84,1,106984.86677766439
85,85,8.611151268377121
85,84,16.95341149625961
85,83,27.65310422693123
85,82,40.65063429570216
85,81,51.95015827711844
85,80,76.4899952526335
85,79,88.24638700887948
85,78,129.98473535239938
85,77,150.44799123140578
85,76,171.5221060016739
85,75,193.18637801039827
85,74,215.42875401176968
85,73,244.01691747343943
85,72,267.9149979372874
85,71,292.1913366271487
85,70,317.0372983116486
85,69,342.4557814122292
85,68,454.6663919017168
85,67,481.12022188318593
85,66,507.93886547645127
85,65,541.827611244537
85,64,588.900589197573
85,63,617.4241956057624
85,62,695.9693579485688
85,61,721.7523516763598
85,60,844.8566755428558
85,59,896.529608247968
85,58,949.4696269096297
85,57,1003.6766549970258
85,56,1059.1507708022293
85,55,1115.8921775433816
85,54,1173.9011796077666
85,53,1247.4618555039974
85,52,1310.578089820988
85,51,1372.9643512217906
85,50,1436.6346635725702
85,49,1501.5903670293205
85,48,1567.832842569603
85,47,1635.3635075791906
85,46,1929.1246769379773
85,45,1994.4574436253658
85,44,2060.7668925101816
85,43,2128.055444085237
85,42,2196.3254388943437
85,41,2287.8295979883565
85,40,2373.1763841553816
85,39,2445.714285590608
85,38,2519.286997686323
85,37,2593.8980281306717
85,36,2825.0290435381635
85,35,2894.730138050896
85,34,2965.2185574116875
85,33,3056.121488975046
85,32,3255.42714346597
85,31,3332.696840880808
85,30,3503.586488801778
85,29,3571.1880094645862
85,28,5985.106851004522
85,27,6134.291126229483
85,26,6285.251984372909
85,25,6437.991980413991
85,24,6592.513654356835
85,23,6800.01212524938
85,22,7056.519539632015
85,21,7221.848183132276
85,20,7389.146700431923
85,19,7558.422205842626
85,18,8032.551332871782
85,17,8189.014908337181
85,16,8347.011599842202
85,15,8550.0236132953
85,14,9330.033964545897
85,13,9514.65117033719
85,12,9853.952236398309
85,11,10012.093498646533
85,10,21200.595587209533
85,9,21581.18414344273
85,8,21965.21195542538
85,7,22458.473282658822
85,6,25588.55901663482
85,5,26080.69155893668
85,4,26809.574775988425
85,3,27216.70672320766
85,2,108479.9325108511
85,1,109888.8662057346
86,86,9.40556256810684
86,85,18.1895835767729
86,84,27.979559938555163
86,83,40.076081008824545
86,82,54.56833365511042
86,81,66.61127126245353
86,80,93.4851184806351
86,79,105.66472916346818
86,78,154.19740452733328
86,77,175.5588741306184
86,76,197.50186391456785
86,75,220.01539340434016
86,74,243.0939079240118
86,73,272.8429804485644
86,72,297.611340840213
86,71,322.7075426632208
86,70,348.37215613451315
86,69,374.608999099825
86,68,490.6560103323106
86,67,517.7932073497916
86,66,545.3016892861096
86,65,580.1166774496722
86,64,629.4007743481822
86,63,658.6575184263245
86,62,740.3112137711768
86,61,766.6851770183803
86,60,903.1577894028572
86,59,956.3202911068306
86,58,1010.7489284528392
86,57,1066.4438404681398
86,56,1123.4052860812114
86,55,1181.633620864698
86,54,1241.1292785437672
86,53,1316.5672663218465
86,52,1381.41601341976
86,51,1445.3053551348983
86,50,1510.4796696008837
86,49,1576.9403720742873
86,48,1644.6889119417033
86,47,1713.7267694313161
86,46,2013.138641216058
86,45,2079.763388958626
86,44,2147.3664183675405
86,43,2215.9501121701514
86,42,2285.516778667872
86,41,2378.752719143064
86,40,2466.5917183189645
86,39,2540.48691055329
86,38,2615.42017886365
86,37,2691.3950514081635
86,36,2926.1766021317776
86,35,2997.115066218672
86,34,3068.844417814797
86,33,3161.320914093466
86,32,3370.2566452279366
86,31,3449.0214510510305
86,30,3624.5883731272934
86,29,3693.3801119538343
86,28,6178.403469621781
86,27,6329.895612384116
86,26,6483.166119462432
86,25,6638.217554185591
86,24,6795.052466740509
86,23,7005.623624003565
86,22,7270.502513989305
86,21,7438.373545181255
86,20,7608.222074242603
86,19,7780.055327717712
86,18,8260.785468411725
86,17,8419.627773447091
86,16,8580.011090343129
86,15,8785.996210428619
86,14,9605.190144999879
86,13,9793.336093144166
86,12,10140.762704992887
86,11,10301.637571140089
86,10,21752.99774584652
86,9,22138.977563600554
86,8,22528.412208962705
86,7,23028.393719118005
86,6,26320.494295932633
86,5,26822.952896147603
86,4,27565.659504174248
86,3,27980.35464235113
86,2,111415.16958260625
86,1,112844.10780068737
87,87,3.9562447582588436
87,86,19.454030530432455
87,85,29.6266930684846
87,84,40.528171955024696
87,83,53.760756247886
87,82,69.6095881721848
87,81,82.29441112975883
87,80,111.4167858651437
87,79,123.98626754763026
87,78,179.64806778137643
87,77,201.87052736083075
87,76,224.65587560579058
87,75,247.99947746538697
87,74,271.9000495121392
87,73,302.7942674248029
87,72,328.43383262894974
87,71,354.3449727930633
87,70,380.8246202845024
87,69,407.8771743768518
87,68,527.707859782711
87,67,555.5320773480584
87,66,583.733806659962
87,65,619.4767638507934
87,64,671.0624532883164
87,63,701.0576119659486
87,62,785.8834732908638
87,61,812.8520346574302
87,60,963.1980537264776
87,59,1017.8485548208278
87,58,1073.7645061912917
87,57,1130.946223262732
87,56,1189.3941135063346
87,55,1249.1086584002744
87,54,1310.0903990925176
87,53,1387.4044966666338
87,52,1454.0051241667431
87,51,1519.3982436783783
87,50,1586.0773607041983
87,49,1654.0439570124963
87,48,1723.299543110471
87,47,1793.8456558592795
87,46,2098.8600882640467
87,45,2166.777485725279
87,44,2235.6747611055775
87,43,2305.554262380731
87,42,2376.41826829082
87,41,2471.38609072679
87,40,2561.789044333831
87,39,2637.0444928179622
87,38,2713.341334202066
87,37,2790.683119245221
87,36,3029.1083160312055
87,35,3101.288777056848
87,34,3174.263726672
87,33,3268.318232769898
87,32,3487.33071353849
87,31,3567.6068161320527
87,30,3747.9496103155407
87,29,3817.941674063165
87,28,6374.729404292719
87,27,6528.529939113108
87,26,6684.110641990566
87,25,6841.474085551867
87,24,7000.622831035268
87,23,7214.266675964246
87,22,7487.799256340921
87,21,7658.220571580678
87,20,7830.627153510894
87,19,8005.02634301671
87,18,8492.380441915338
87,17,8653.61311419695
87,16,8816.394831837395
87,15,9025.364672618816
87,14,9885.572502315701
87,13,10077.310892347648
87,12,10433.048484395653
87,11,10596.701644266646
87,10,22312.83356394394
87,9,22704.22970333587
87,8,23099.096510558633
87,7,23605.82318554004
87,6,27067.60150506381
87,5,27580.64216805003
87,4,28338.0042735247
87,3,28760.449526381326
87,2,114410.14216104477
87,1,115859.48951843643
88,88,4.931579524687812
88,87,9.88041834618902
88,86,31.305665958023045
88,85,42.559578765244396
88,84,54.336381475359126
88,83,68.53663235544704
88,82,85.66014750276152
88,81,98.92234757793015
88,80,130.23900482723377
88,79,143.17889622755348
88,78,206.29277668473273
88,77,229.35060422459128
88,76,252.95987969987806
88,75,277.1201106526182
88,74,301.83280838261044
88,73,333.8600902232737
88,72,360.3746250189122
88,71,387.09743352478773
88,70,414.3897675642567
88,69,442.2563731631929
88,68,565.822336177285
88,67,594.337281803979
88,66,623.2357107011344
88,65,659.9085301771355
88,64,713.8906270781047
88,63,744.6295626385381
88,62,832.6928892680836
88,61,860.2596362816728
88,60,1024.9757749871096
88,59,1081.1130180761945
88,58,1138.5152485875583
88,57,1197.1829266049012
88,56,1257.1165820089475
88,55,1318.3168005504742
88,54,1380.7842128017949
88,53,1459.9734154598082
88,52,1528.3464132249956
88,51,1595.244143239111
88,50,1663.4289885776525
88,49,1732.9024903785307
88,48,1803.6662141903369
88,47,1875.7217483173044
88,46,2186.2895589673067
88,45,2255.500304211661
88,44,2325.6925214548937
88,43,2396.868526803727
88,42,2469.0305720048723
88,41,2565.730426738959
88,40,2658.771955710467
88,39,2735.3907116166265
88,38,2813.054229850417
88,37,2891.7660858523645
88,36,3133.8285491964793
88,35,3207.2557291094304
88,34,3281.481039111535
88,33,3377.1181058621514
88,32,3606.6727717598515
88,31,3688.4769328545412
88,30,3873.6965004257218
88,29,3944.899433055439
88,28,6574.085811373523
88,27,6730.1953074156545
88,26,6888.0867981632155
88,25,7047.762866460921
88,24,7209.226085440397
88,23,7425.942673342839
88,22,7708.420311871143
88,21,7881.400002885948
88,20,8056.37287649215
88,19,8233.346390054223
88,18,8727.348664868081
88,17,8890.983580227095
88,16,9056.175714666042
88,15,9268.142138845558
88,14,10171.273764763528
88,13,10366.671036186022
88,12,10730.911136752024
88,11,10897.389521595209
88,10,22880.125927807367
88,9,23276.963937064076
88,8,23677.288727308878
88,7,24190.786056878856
88,6,27830.252117380078
88,5,28354.143562475103
88,4,29126.20840953847
88,3,29556.58965047849
88,2,117461.55895855278
88,1,118931.68388768975
89,89,5.4728227180291125
89,88,11.359900070947488
89,87,17.5502205918112
89,86,44.62491772450955
89,85,56.73251750597877
89,84,69.23383415980767
89,83,84.29182831364407
89,82,102.6448098802547
89,81,116.44312119729355
89,80,149.9219103426
89,79,163.22142691596966
89,78,234.09994877284984
89,77,257.9754752257415
89,76,282.39587844701936
89,75,307.36335263481845
89,74,332.8812147263457
89,73,366.032219919869
89,72,393.4277652529203
89,71,420.960195415185
89,70,449.0638173163775
89,69,477.74356089527157
89,68,605.000037020203
89,67,634.2094238144275
89,66,663.8080095637737
89,65,701.4127036482923
89,64,757.8904626959177
89,63,789.3786089293648
89,62,880.7463078498276
89,61,908.9147886273881
89,60,1088.4894187357045
89,59,1146.112402913552
89,58,1205.000099193953
89,57,1265.153086510344
89,56,1326.571995809388
89,55,1389.2574993728097
89,54,1453.2103023776397
89,53,1534.2737674410405
89,52,1604.4407470578744
89,51,1672.844031761972
89,50,1742.535634043935
89,49,1813.51714846577
89,48,1885.7901905470387
89,47,1959.3563956954392
89,46,2275.4272366864125
89,45,2345.9320433778726
89,44,2417.419914866912
89,43,2489.8931381408293
89,42,2563.3539404060366
89,41,2661.786007518384
89,40,2757.5436609842973
89,39,2835.528847032651
89,38,2914.5622184718122
89,37,2994.6473774551087
89,36,3240.341196805224
89,35,3315.0198994663
89,34,3390.500415931285
89,33,3487.7246825668226
89,32,3728.3063999071496
89,31,3811.655962952063
89,30,4001.855536538192
89,29,4074.280326607848
89,28,6776.4726626543625
89,27,6934.891704021736
89,26,7095.094589875591
89,25,7257.0839141696915
89,24,7420.862262748431
89,23,7640.651661463453
89,22,7932.375012258697
89,21,8107.92133557055
89,20,8285.468906458074
89,19,8465.025300932468
89,18,8965.701171901583
89,17,9131.75041604991
89,16,9299.365195509494
89,15,9514.340276950783
89,14,10462.388686817101
89,13,10661.514137230897
89,12,11034.454587007345
89,11,11203.807477459464
89,10,23454.893878308663
89,9,23857.19972345258
89,8,24263.00873966885
89,7,24783.302629005386
89,6,28608.830672446376
89,5,29143.85508491549
89,4,29931.267091494778
89,3,30369.789433808965
89,2,120574.08673104967
89,1,122065.43389558945
90,90,5.990588123431632
90,89,11.746481105665328
90,88,17.935325725964294
90,87,32.630171542254764
90,86,59.16401674964134
90,85,71.97908780015528
90,84,85.10862127929816
90,83,100.95146060479169
90,82,120.51328812715202
90,81,134.82137047534053
90,80,170.44619639439776
90,79,184.1000365302374
90,78,263.046660585116
90,77,287.7277433178342
90,76,312.950445826541
90,75,338.7186770083876
90,74,365.0368916932122
90,73,399.30434846982837
90,72,427.58882983292165
90,71,455.9297507996169
90,70,484.84398073309063
90,69,514.3365209719391
90,68,645.2418469951009
90,67,675.1493685337551
90,66,705.4515550471184
90,65,743.9902291373211
90,64,803.0674707666574
90,63,835.3103327247773
90,62,930.0508962611389
90,61,958.8246305043187
90,60,1153.7378504482315
90,59,1212.8457999441994
90,58,1273.2183451062654
90,57,1334.856162670155
90,56,1397.7599671696282
90,55,1461.9305028325327
90,54,1527.3685372109703
90,53,1610.305574891426
90,52,1682.2892913090338
90,51,1752.1991839809655
90,50,1823.3986737665296
90,49,1895.8894037025543
90,48,1969.6730350497808
90,47,2044.7512466926187
90,46,2366.2735755206054
90,45,2438.073179780385
90,44,2510.857441374259
90,43,2584.6286207889575
90,42,2659.3889230301547
90,41,2759.553421190802
90,40,2858.1077533903795
90,39,2937.462572485049
90,38,3017.8690548469453
90,37,3099.3308313256803
90,36,3348.6505968992633
90,35,3424.585717207098
90,34,3501.326379086379
90,33,3600.1425843421057
90,32,3852.2564171617655
90,31,3937.1693413407056
90,30,4132.454570655614
90,29,4206.112681157083
90,28,6981.890663104115
90,27,7142.619865588648
90,26,7305.134785898247
90,25,7469.438029959566
90,24,7635.532197125997
90,23,7858.394510079505
90,22,8159.673732158305
90,21,8337.795130030945
90,20,8517.92599182411
90,19,8700.074014395384
90,18,9207.45018120827
90,17,9375.926070209118
90,16,9545.97595576293
90,15,9763.972005181306
90,14,10759.01724891465
90,13,10961.943222033728
90,12,11343.78852076675
90,11,11516.067715577075
90,10,24037.159338324367
90,9,24444.959451166615
90,8,24856.27940655815
90,7,25383.396236960354
90,6,29403.744155473956
90,5,29950.198168465613
90,4,30751.98011030852
90,3,31198.838102943995
90,2,123740.01829128667
90,1,125252.94209823136
91,91,5.467063979094384
91,90,11.911391209150896
91,89,18.101313327772903
91,88,33.341490336434504
91,87,48.77996823867642
91,86,74.76073683458274
91,85,88.19005217745526
91,84,101.88582706340752
91,83,118.46448335532004
91,82,139.23156542026297
91,81,154.03284211312015
91,80,191.79956160407804
91,79,205.80590278558194
91,78,293.1160564174925
91,77,318.5944290319083
91,76,344.6134228583396
91,75,371.1780079486409
91,74,398.2933239626914
91,73,433.67152989594297
91,72,462.85447355763927
91,71,492.0034378772025
91,70,521.7281374106901
91,69,552.0335678572497
91,68,686.548718168347
91,67,717.1580258112792
91,66,748.1672250488177
91,65,787.6420492841294
91,64,849.4272803711806
91,63,882.4304287725819
91,62,980.6138959980335
91,61,1009.9963789862232
91,60,1220.7199962737798
91,59,1281.3123196533427
91,58,1343.169257285466
91,57,1406.2915664982334
91,56,1470.6800310670735
91,55,1536.3354551504706
91,54,1603.2586585670301
91,53,1688.0687029902344
91,52,1761.8930586547285
91,51,1833.3107018611038
91,50,1906.0192927165135
91,49,1980.0205186142518
91,48,2055.3160830293764
91,47,2131.907705295
91,46,2458.8286724063614
91,45,2531.9238204476014
91,44,2606.0052189616113
91,43,2681.0751044229733
91,42,2757.1356618661575
91,41,2859.032830333846
91,40,2960.46745219846
91,39,3041.1951747376884
91,38,3122.9780942642883
91,37,3205.8198722603083
91,36,3458.760639978451
91,35,3535.957152501985
91,34,3613.9629800798616
91,33,3714.3759466434
91,32,3978.5478921533618
91,31,4065.042765056315
91,30,4265.521753963796
91,29,4340.425133688223
91,28,7190.339387147064
91,27,7353.379371493248
91,26,7518.20697069285
91,25,7684.824803483506
91,24,7853.2354835001815
91,23,8079.170812427216
91,22,8390.3257108825
91,21,8571.030784128869
91,20,8753.75369100393
91,19,8938.502251443115
91,18,9452.606633041993
91,17,9623.521688242357
91,16,9796.019348533786
91,15,10017.0488802185
91,14,11061.262021380726
91,13,11268.064053532014
91,12,11659.025627120474
91,11,11834.28557785808
91,10,24626.94067150891
91,9,25040.261887273846
91,8,25457.11990243881
91,7,25991.086449264072
91,6,30215.415468495456
91,5,30773.611082091193
91,4,31591.338431218366
91,3,32046.77424604305
91,2,126975.01926597554
91,1,128510.1013078359
92,92,5.464242996574503
92,91,12.196220886927142
92,90,20.428929304438544
92,89,34.06068136592813
92,88,49.6940526644735
92,87,66.93524274468848
92,86,91.30866695355253
92,85,105.29252248925185
92,84,119.51445258338899
92,83,136.79559975068221
92,82,158.7765504503516
92,81,174.06093616266014
92,80,213.97452335786213
92,79,228.3337510424641
92,78,324.29572919771357
92,77,350.5658756580072
92,76,377.37717907227983
92,75,404.73522934840537
92,74,432.6455429905745
92,73,469.1300085015613
92,72,499.2223513923336
92,71,529.1794336759835
92,70,559.7148840439295
92,69,590.8336406377596
92,68,728.9218979321802
92,67,760.2365978534899
92,66,791.956189396726
92,65,832.3693922171491
92,64,896.9759602068705
92,63,930.7450415782394
92,62,1032.4430062574388
92,61,1062.4377251672638
92,60,1289.4352877664426
92,59,1351.5115667800167
92,58,1414.8525941641212
92,57,1479.4591937392127
92,56,1545.3322067250288
92,55,1612.47248729573
92,54,1680.8808991678284
92,53,1767.56351578371
92,52,1843.2535960878736
92,51,1916.1802319842734
92,50,1990.3992320213406
92,49,2065.9123245243322
92,48,2142.72125224667
92,47,2220.8277724464606
92,46,2553.093244884087
92,45,2627.484710488335
92,44,2702.8640214104603
92,43,2779.2333924788545
92,42,2856.594990877514
92,41,2960.2251131249755
92,40,3064.626785681472
92,39,3146.730769802217
92,38,3229.8935417881453
92,37,3314.118795647159
92,36,3570.676155826511
92,35,3649.139134890234
92,34,3728.4152500315126
92,33,3830.429909946566
92,32,4107.207775406274
92,31,4195.303862526426
92,30,4401.0872908001575
92,29,4477.248417734141
92,28,7401.8201680636075
92,27,7567.171599789208
92,26,7734.312567665783
92,25,7903.245704053574
92,24,8073.973637622482
92,23,8302.982137578088
92,22,8624.342432441887
92,21,8807.639987046045
92,20,8992.963900910887
92,19,9180.322119316112
92,18,9701.184004142002
92,17,9874.550996924776
92,16,10049.50935335576
92,15,10273.58514221654
92,14,11369.23287761816
92,13,11579.989942755297
92,12,11980.286593556839
92,11,12158.58462444153
92,10,25224.2626376952
92,9,25643.132301596877
92,8,26065.55601207848
92,7,26606.399581030186
92,6,31044.297061242458
92,5,31614.562881418387
92,4,32446.33914413461
92,3,32910.561707866786
92,2,130261.48246219361
92,1,131819.0885336355
93,93,5.771850508052781
93,92,11.273759302121075
93,91,20.958039644990247
93,90,34.787766309819354
93,89,50.61696129200063
93,88,68.0506541954581
93,87,92.79991467800566
93,86,106.99014707189717
93,85,121.41394292419338
93,84,138.91673948155196
93,83,160.8607043445792
93,82,179.13254070710673
93,81,194.89431538169742
93,80,236.9668358610764
93,79,251.680717460058
93,78,356.57636233117904
93,77,383.63472063823036
93,76,411.2358047481223
93,75,439.3855261902534
93,74,468.08956931090177
93,73,505.6767343135009
93,72,536.6906768463601
93,71,567.4563396086256
93,70,598.8031358696046
93,69,630.7359121370716
93,68,772.3625283458052
93,67,804.386166975374
93,66,836.8194846350876
93,65,878.173329213519
93,64,945.7195507402113
93,63,980.2602812668321
93,62,1085.5458524201138
93,61,1116.156286785576
93,60,1359.8829725168468
93,59,1423.4429220914083
93,58,1488.2678531221695
93,57,1554.3586443468516
93,56,1621.7161847137922
93,55,1690.3413702207795
93,54,1760.235101545144
93,53,1848.789949945794
93,52,1926.3720196775096
93,51,2000.8089622688162
93,50,2076.539746790983
93,49,2153.566139658305
93,48,2231.8899204622926
93,47,2311.5128822874412
93,46,2649.067291158847
93,45,2724.7558532745943
93,44,2801.4338580579656
93,43,2879.103500935766
93,42,2957.7669332587407
93,41,3063.1303050048746
93,40,3170.588978462273
93,39,3254.07264620435
93,38,3338.6187508620005
93,37,3424.2310208200943
93,36,3684.4010289233465
93,35,3764.135626476137
93,34,3844.6872302188185
93,33,3948.308595393008
93,32,4238.262770777493
93,31,4327.980019507787
93,30,4539.18115926571
93,29,4616.613044670753
93,28,7616.332175321118
93,27,7783.995715313322
93,26,7953.450737064241
93,25,8124.699887346228
93,24,8297.745810594899
93,23,8529.827621301645
93,22,8861.733049781598
93,21,9047.632044683989
93,20,9235.566082414602
93,19,9425.543235898704
93,18,9953.193151039532
93,17,10129.025054092459
93,16,10306.457231666145
93,15,10533.592249355706
93,14,11683.04123819946
93,13,11897.835895789487
93,12,12307.694066930526
93,11,12489.090514031195
93,10,25829.142948995504
93,9,26253.588796652068
93,8,26681.606232389662
93,7,27229.354503554216
93,6,31890.85603432802
93,5,32473.538311310887
93,4,33321.83265224709
93,3,33795.12411091166
93,2,133624.88739858143
93,1,135205.74007774825
94,94,5.869930214814423
94,93,11.434912776612821
94,92,21.494033162372883
94,91,35.522778181701334
94,90,51.54873290354267
94,89,78.5731599659072
94,88,92.63274796645516
94,87,106.94567724317167
94,86,124.19850918437979
94,85,140.3922364108905
94,84,162.8185801362183
94,83,186.16532945029144
94,82,200.28904430180717
94,81,216.5254600618991
94,80,260.7746296808919
94,79,275.84578452809654
94,78,389.951075360469
94,77,417.79549026171713
94,76,446.1848839525136
94,75,475.1252886872082
94,74,504.62241572590045
94,73,543.3094556431746
94,72,575.2583755914089
94,71,606.8333849484608
94,70,638.9923725652883
94,69,671.7400719268971
94,68,816.8720644869488
94,67,849.6081367006958
94,66,882.758477342286
94,65,925.0552660814508
94,64,995.6646023226899
94,63,1030.9827836402596
94,62,1139.9306132445527
94,61,1171.1602538690959
94,60,1432.0628704382866
94,59,1497.1063401377285
94,58,1563.4151098905816
94,57,1630.9901038389262
94,56,1699.8322506477732
94,55,1769.9424813638946
94,54,1841.321727872502
94,53,1931.7485792141924
94,52,2011.2501264636542
94,51,2087.1987794135666
94,50,2164.4428097911455
94,49,2242.984019745666
94,48,2322.824223685528
94,47,2403.965248782259
94,46,2746.7516431953086
94,45,2823.7381092956525
94,44,2901.7156190133283
94,43,2980.6863505041138
94,42,3060.6524412027866
94,41,3167.749402221506
94,40,3278.35831992057
94,39,3363.225183886905
94,38,3449.158193360414
94,37,3536.16111291582
94,36,3799.9403785356403
94,35,3880.951850245272
94,34,3962.784249123451
94,33,4068.017444567345
94,32,4371.741885133056
94,31,4463.1009847823225
94,30,4679.835847237807
94,29,4758.5520883118725
94,28,7833.876936917876
94,27,8003.853293729428
94,26,8175.623102829791
94,25,8349.189026169279
94,24,8524.553724661351
94,23,8759.70904274651
94,22,9102.50966070525
94,21,9291.019268380935
94,20,9481.572763102802
94,19,9674.178347782148
94,18,10208.648248978558
94,17,10386.958294250098
94,16,10566.877680080835
94,15,10797.085169024105
94,14,12002.807326465687
94,13,12221.726016323544
94,12,12641.380331524224
94,11,12825.938808344774
94,10,26441.607721967997
94,9,26871.658017631333
94,8,27305.29774242501
94,7,27859.978947238484
94,6,32755.5948721518
94,5,33351.0590052565
94,4,34213.27361528834
94,3,34695.865013270995
94,2,137039.51339620247
94,1,138644.0238318956
95,95,6.041153680005038
95,94,11.71439006203925
95,93,22.03619692705127
95,92,36.26573985762426
95,91,52.48939128910726
95,90,70.31061191904739
95,89,95.78711735235608
95,88,110.39365223543535
95,87,125.22456116474456
95,86,143.17383280773012
95,85,164.7891399906136
95,84,188.3077599163086
95,83,212.7120104754568
95,82,222.2391560062727
95,81,238.9494975991766
95,80,285.39760266827676
95,79,300.82914797475553
95,78,424.4146070384516
95,77,453.04392639501407
95,76,482.2209173424796
95,75,511.9515986858443
95,74,542.2416147712418
95,73,582.0262726944862
95,72,614.9246512637444
95,71,647.3099969778538
95,70,680.2822067999015
95,69,713.8458888154038
95,68,862.4517907390748
95,67,895.9037307411061
95,66,929.7743450330782
95,65,973.016401045706
95,64,1046.8175989744263
95,63,1082.9191135733429
95,62,1195.6053641115088
95,61,1227.4577130429855
95,60,1505.9745281992957
95,59,1572.5014673506364
95,58,1640.2940990467735
95,57,1709.3533850064025
95,56,1779.6802870007773
95,55,1851.2757655193234
95,54,1924.1407788833153
95,53,2016.4394799117385
95,52,2097.889213155574
95,51,2175.3510423440093
95,50,2254.109838731032
95,49,2334.167438257783
95,48,2415.5256884812025
95,47,2498.186449225485
95,46,2846.1463433617173
95,45,2924.431526054011
95,44,3003.709357684993
95,43,3083.982001159915
95,42,3165.251581819749
95,41,3274.082482664762
95,40,3387.9382200071514
95,39,3474.191858433519
95,38,3561.515411557663
95,37,3649.9126819194544
95,36,3917.298296996683
95,35,3999.5919790121916
95,34,4082.710561541713
95,33,4189.560794499471
95,32,4507.673871266528
95,31,4600.696259702079
95,30,4823.0836165678165
95,29,4903.098403138696
95,28,8054.453654951539
95,27,8226.743533220942
95,26,8400.828859294032
95,25,8576.712311042427
95,24,8754.396566551317
95,23,8992.625573955633
95,22,9346.681856794374
95,21,9537.81140872771
95,20,9730.99385472808
95,19,9926.237530070563
95,18,10467.560664994955
95,17,10648.362292783457
95,16,10830.782484749547
95,15,11064.07589148336
95,14,12328.653307180588
95,13,12551.786530978947
95,12,12981.480115043756
95,11,13169.267684605333
95,10,27061.675559003674
95,9,27497.358970825044
95,8,27936.649956614026
95,7,28498.29271534017
95,6,33639.033727471346
95,5,34247.66554116365
95,4,35125.18908231246
95,3,35617.381323526475
95,2,140528.66379215269
95,1,142157.57247219246
96,96,5.453330746068299
96,95,13.399512844073666
96,94,21.07989699232261
96,93,37.01458221042818
96,92,53.4389744262122
96,91,71.45522494072318
96,90,97.28205347472094
96,89,110.33281912570776
96,88,128.04060087126263
96,87,143.9958349501821
96,86,166.77244342561403
96,85,190.46341335632064
96,84,215.03722142775476
96,83,225.6578471204027
96,82,242.55874956487773
96,81,286.36076616560837
96,80,310.83670137952663
96,79,326.6320274929986
96,78,459.9630888752291
96,77,489.3768873269367
96,76,519.3413187609433
96,75,549.8623003564403
96,74,580.9453484486462
96,73,621.8258255231399
96,72,655.6892144476943
96,71,688.8860650608058
96,70,722.6726796990492
96,69,757.0535350540147
96,68,909.1032600956344
96,67,943.274452431018
96,66,977.8685556260856
96,65,1022.0582299493997
96,64,1099.1855097837185
96,63,1136.0763370149657
96,62,1252.5787138421651
96,61,1285.0573019189696
96,60,1581.6179951723327
96,59,1649.6284570385892
96,58,1718.905068390189
96,57,1789.4488220794876
96,56,1861.2607075280935
96,55,1934.3417100294275
96,54,2008.6928103817795
96,53,2102.863299620869
96,52,2186.2911904773614
96,51,2265.2677400945918
96,50,2345.5428983407783
96,49,2427.1185333530757
96,48,2509.9965244678665
96,47,2594.178762985989
96,46,2947.25217937871
96,45,3026.8369166772172
96,44,3107.4159136196768
96,43,3188.991319777406
96,42,3271.565250129241
96,41,3382.130479647567
96,40,3499.333046281652
96,39,3586.977126254648
96,38,3675.694952069631
96,37,3765.4903659747174
96,36,4036.4799831687424
96,35,4120.061314824804
96,34,4204.471574404346
96,33,4312.944163197276
96,32,4646.089729882172
96,31,4740.797654149591
96,30,4968.95918616149
96,29,5050.287354097568
96,28,8278.063609405861
96,27,8452.667754787697
96,26,8629.069369012455
96,25,8807.27114659698
96,24,8987.2757834735
96,23,9228.578709429587
96,22,9594.261848471398
96,21,9788.020887712953
96,20,9983.84199360304
96,19,10181.733636200992
96,18,10729.944711748733
96,17,10913.251621083427
96,16,11098.186478689237
96,15,11334.579518006176
96,14,12660.710397375353
96,13,12888.153045515293
96,12,13328.13811837854
96,11,13519.225590634625
96,10,27689.372467508238
96,9,28130.71818719455
96,8,28575.68993478036
96,7,29144.32340928171
96,6,34541.730961600806
96,5,35163.938464928025
96,4,36057.50433245692
96,3,36559.60824018028
96,2,144090.6292620338
96,1,145744.68323756085
97,97,6.397343543107811
97,96,12.29209668828229
97,95,21.622179037944864
97,94,35.81730765096399
97,93,54.39293176974243
97,92,72.60964008436419
97,91,92.15500394373223
97,90,115.59253105681972
97,89,129.96589902550355
97,88,145.8159993921617
97,87,168.76852313466472
97,86,192.63232245445084
97,85,217.37612991711154
97,84,229.1024387374935
97,83,246.19490206273656
97,82,289.1554652481117
97,81,316.9582902042607
97,80,337.0936903380855
97,79,353.25630920483167
97,78,496.5935579284603
97,77,526.7919271805274
97,76,557.5440392883887
97,75,588.8556534520571
97,74,620.7321196937949
97,73,662.7069760786397
97,72,697.5519680997317
97,71,731.561625380112
97,70,766.1639417140257
97,69,801.363260890551
97,68,956.8279332301429
97,67,991.7217107307793
97,66,1027.0424799889324
97,65,1072.1821419143448
97,64,1152.7753608986798
97,63,1190.4615782083965
97,62,1310.8593181812066
97,61,1343.9677089674678
97,60,1658.9931910134112
97,59,1728.4873108045779
97,58,1799.2480933359266
97,57,1871.2765572902754
97,56,1944.5737152370275
97,55,2019.140573437508
97,54,2094.9781318856744
97,53,2191.020417655224
97,52,2276.4577100364877
97,51,2356.9505863609666
97,50,2438.743761977405
97,49,2521.8391359162074
97,48,2606.238618177247
97,47,2691.9441305822675
97,46,3050.069496787718
97,45,3130.9546391405643
97,44,3212.835658047945
97,43,3295.7146915657218
97,42,3379.5938459566114
97,41,3491.8938125741747
97,40,3612.546707888615
97,39,3701.584971915984
97,38,3791.700876073707
97,37,3882.8983040300404
97,36,4157.490101385915
97,35,4242.364612893083
97,34,4328.072135337751
97,33,4438.172492736822
97,32,4787.0208724193835
97,31,4883.437412309184
97,30,5117.497769512708
97,29,5200.154822384131
97,28,8504.706771940142
97,27,8681.625942530003
97,26,8860.344628766694
97,25,9040.865542516263
97,24,9223.191398216923
97,23,9467.568479534004
97,22,9845.26053361319
97,21,10041.658785884374
97,20,10240.128445426943
97,19,10440.678119546807
97,18,10995.813238352726
97,17,11181.639360334133
97,16,11369.102977840108
97,15,11608.609597446966
97,14,12999.114066602184
97,13,13230.96567427185
97,12,13681.50400439784
97,11,13875.966176997912
97,10,28324.720435381503
97,9,28771.758111988234
97,8,29222.44058434415
97,7,29798.094391078004
97,6,35464.271305313814
97,5,36100.48635951259
97,4,37010.033736196674
97,3,37522.370228338856
97,2,147723.21917598599
97,1,149403.17189742246
98,98,6.5825513107918665
98,97,12.590623049665911
98,96,22.17144295203032
98,95,36.56859420140276
98,94,52.98582833339608
98,93,73.76542064160319
98,92,93.51179821215638
98,91,114.40940455467567
98,90,134.72675568007062
98,89,147.6140420156513
98,88,170.77743063453536
98,87,194.81454130300187
98,86,219.7287925182458
98,85,232.5729294382327
98,84,249.8579558062375
98,83,291.96497664393473
98,82,319.9289459199485
98,81,348.71238686736655
98,80,364.17100816900137
98,79,380.7044591208998
98,78,534.3038391125089
98,77,565.2872421209103
98,76,596.8275624904093
98,75,628.9303671376538
98,74,661.6008173455906
98,73,704.6689047755233
98,72,740.5131261335728
98,71,775.3369982506835
98,70,810.7564066819285
98,69,846.7755639252441
98,68,1005.6274114237951
98,67,1041.2470630945813
98,66,1077.297644743725
98,65,1123.389685174052
98,64,1207.5945286761985
98,63,1246.082323212316
98,62,1370.456217503297
98,61,1404.1980199317504
98,60,1738.1003107101524
98,59,1809.0783036457294
98,58,1881.3235221595921
98,57,1954.8370064018357
98,56,2029.6197883782245
98,55,2105.672892147969
98,54,2182.997334184622
98,53,2280.9114989763375
98,52,2368.390741481795
98,51,2450.401618558703
98,50,2533.7145328849947
98,49,2618.3314133298363
98,48,2704.254199655585
98,47,2791.4848434368237
98,46,3154.5989865156384
98,45,3236.785405552088
98,44,3319.969325163996
98,43,3404.152873617617
98,42,3489.3381500234964
98,41,3603.373293250332
98,40,3727.5835945603735
98,39,3818.0198710828436
98,38,3909.537746489709
98,37,4002.141147553773
98,36,4280.333867596714
98,35,4366.507190547485
98,34,4453.5176646709215
98,33,4565.251310904509
98,32,4930.500425342911
98,31,5028.649545383508
98,30,5268.736474902612
98,29,5352.73863030328
98,28,8734.384036420948
98,27,8913.619021913886
98,26,9094.65559606071
98,25,9277.496488761799
98,24,9462.144433604442
98,23,9709.595940957774
98,22,10099.690089583497
98,21,10298.737487406388
98,20,10499.865803937922
98,19,10703.083786238616
98,18,11265.180533563705
98,17,11453.540054873747
98,16,11643.546785044708
98,15,11886.181194936727
98,14,13344.007875284793
98,13,13580.372966848312
98,12,14041.736488905297
98,11,14239.6524658421
98,10,28967.7449334258
98,9,29420.50472799491
98,8,29876.928405423416
98,7,30459.632684179374
98,6,36407.277739116194
98,5,37057.95808093972
98,4,37982.231824812094
98,3,38505.12921365816
98,2,151422.48915349026
98,1,153129.08538248032
99,99,6.772665764382221
99,98,12.895800408969
99,97,22.72771350861346
99,96,37.32794865360244
99,95,53.94561377201922
99,94,72.17153947240287
99,93,94.86514812387512
99,92,115.96585815303345
99,91,138.09450604417168
99,90,154.65100700457117
99,89,172.75194586584595
99,88,197.01009894465508
99,87,222.09523746084008
99,86,236.0692867702167
99,85,253.54787820781522
99,84,294.78932438951
99,83,322.9147693160929
99,82,351.8578641962092
99,81,381.6140505157365
99,80,392.0715302453797
99,79,408.979317423145
99,78,573.0922521568469
99,77,604.8614102531163
99,76,637.1906666572544
99,75,670.0853769571588
99,74,703.5505022925497
99,73,747.7109022093426
99,72,784.573006524625
99,71,820.2125804408214
99,70,856.4505416423792
99,69,893.2909750798713
99,68,1055.5032037303495
99,67,1091.851974633249
99,66,1128.6354832596815
99,65,1175.6823079927137
99,64,1263.6504682545171
99,63,1302.946139698276
99,62,1431.3785303930647
99,61,1465.7574033337366
99,60,1818.9394174300667
99,59,1891.4015614499751
99,58,1965.131537625486
99,57,2040.130403988492
99,56,2116.399208925131
99,55,2193.938991678738
99,54,2272.750782957834
99,53,2372.536965387367
99,52,2462.0920237645673
99,51,2545.6226300960466
99,50,2630.457057115787
99,49,2716.5972626864027
99,48,2804.045215616158
99,47,2892.8028966228735
99,46,3260.8409526232326
99,45,3344.3295304509616
99,44,3428.817240732795
99,43,3514.3062035819853
99,42,3600.7985124451816
99,41,3716.56928739617
99,40,3844.4477103156105
99,39,3936.285902818241
99,38,4029.209718617152
99,37,4123.223129248962
99,36,4405.016052237632
99,35,4492.49390968653
99,34,4580.813117258468
99,33,4694.185666532991
99,32,5076.562140197527
99,31,5176.468721317831
99,30,5422.713145189997
99,29,5508.077363863314
99,28,8967.095175232127
99,27,9148.64677344746
99,26,9332.002059726885
99,25,9517.163782673495
99,24,9704.134695650646
99,23,9954.660900975521
99,22,10357.561610369594
99,21,10559.268269944549
99,20,10763.065533047216
99,19,10968.962289046238
99,18,11538.059686249326
99,17,11728.967027961784
99,16,11921.53146072199
99,15,12167.308104915985
99,14,13695.540812235184
99,13,13936.529219322314
99,12,14409.000593736873
99,11,14610.454086079108
99,10,29618.468109914407
99,9,30076.980642505434
99,8,30539.176469311948
99,7,31128.96181332357
99,6,37371.405802773006
99,5,38037.03712654986
99,4,38976.35081504175
99,3,39510.181547721695
99,2,155198.89066297255
99,1,156933.04966464595
100,100,6.967814403034868
100,99,13.207785567182272
100,98,23.2910189618584
100,97,38.09540409657578
100,96,54.91445438384158
100,95,73.33788010094342
100,94,93.10197488288665
100,93,117.51200252036611
100,92,139.84788198101208
100,91,163.12308355271463
100,90,175.3422942994491
100,89,199.15613689736426
100,88,224.4755225200842
100,87,239.5915083809642
100,86,257.26466906417386
100,85,297.62857156717814
100,84,325.91582575988275
100,83,355.01888705450506
100,82,384.9333565971368
100,81,415.656245252632
100,80,420.79854996031463
100,79,438.0841079440272
100,78,612.9576169098644
100,77,645.5134341271126
100,76,678.632497297982
100,75,712.319942150271
100,74,746.5805258814743
100,73,791.8325108169506
100,72,829.7321897691671
100,71,866.1890183693556
100,70,903.2470537676253
100,69,940.9102585248962
100,68,1106.4569840082293
100,67,1143.538084672693
100,66,1181.05761182917
100,65,1229.0616475114027
100,64,1320.9510313461053
100,63,1361.0610050704163
100,62,1493.6358166261493
100,61,1528.6554822181065
100,60,1901.5108834160822
100,59,1975.4575216390417
100,58,2050.67263753988
100,57,2127.1573040923345
100,56,2204.9125835523837
100,55,2283.939528196531
100,54,2364.2391811199273
100,53,2465.8975841620286
100,52,2557.5636772211933
100,51,2642.615804312395
100,50,2728.973579626061
100,49,2816.638989353462
100,48,2905.614030786018
100,47,2995.9007133132877
100,46,3368.7961334289053
100,45,3453.587773554541
100,44,3539.3801867226207
100,43,3626.175486448733
100,42,3713.9757619308484
100,41,3831.482653882976
100,40,3963.143646322951
100,39,4056.3877462623714
100,38,4150.721560916275
100,37,4246.1491082224275
100,36,4531.542098945355
100,35,4620.3303181665315
100,34,4709.9641467712445
100,33,4824.981323209614
100,32,5225.241744251536
100,31,5326.931644347125
100,30,5579.4678069896445
100,29,5666.211846989778
100,28,9202.841122054177
100,27,9386.710162639392
100,26,9572.385017542441
100,25,9759.868454719155
100,24,9949.163247923345
100,23,10202.764456964143
100,22,10618.887751423837
100,21,10823.26400196819
100,20,11029.740717152883
100,19,11238.32693125789
100,18,11814.465537668679
100,17,12007.935383708536
100,16,12203.072374884161
100,15,12452.005967104062
100,14,14053.87128784029
100,13,14299.598562390314
100,12,14783.471911615192
100,11,14988.551622633053
100,10,30276.91638547276
100,9,30741.21280153332
100,8,31209.212253010715
100,7,31806.109792656967
100,6,38357.35625505433
100,5,39038.454705712946
100,4,39992.37626556142
100,3,40537.53009850033
100,2,159051.0929460638
100,1,160813.76785835158
101,101,7.1681272062675685
101,100,13.526738123959685
101,99,23.861387608667386
101,98,38.87099331265704
101,97,55.8923868359072
101,96,74.51417116735473
101,95,94.4722608583135
101,94,115.59307415279166
101,93,141.58174011899695
101,92,165.07073380782379
101,91,189.4327558237142
101,90,196.7848789955013
101,89,226.78798503774962
101,88,243.13958546100483
101,87,261.00832127044646
101,86,300.48277414020566
101,85,328.9321727392321
101,84,358.19551441156096
101,83,388.2685621039726
101,82,419.1484729055002
101,81,450.83344572154596
101,80,450.3556462137221
101,79,468.0223191432958
101,78,653.8990759590974
101,77,687.242579764164
101,76,721.1524172685558
101,75,755.6335029893154
101,74,790.6903915695584
101,73,837.0333890904783
101,72,875.9913832629774
101,71,913.267071363798
101,70,951.1467515358762
101,69,989.6342700084767
101,68,1158.4904374311575
101,67,1196.3070477501565
101,66,1234.5656650847043
101,65,1283.5293584026708
101,64,1379.5042894715616
101,63,1420.4351238977029
101,62,1557.237877724585
101,61,1592.9021293638086
101,60,1985.8151191244142
101,59,2061.2466521928122
101,58,2137.9473433178528
101,57,2215.918278010348
101,56,2295.1605303403917
101,55,2375.6751638545297
101,54,2457.463232517396
101,53,2560.994116945306
101,52,2654.80783937204
101,51,2741.383337730431
101,50,2829.2663547403045
101,49,2918.458904407818
101,48,3008.9630120794786
101,47,3100.780715460575
101,46,3478.465216053656
101,45,3564.560841421797
101,44,3651.6588899298677
101,43,3739.7614699732226
101,42,3828.8706678480794
101,41,3948.1141889364467
101,40,4083.676007148933
101,39,4178.330092720031
101,38,4274.078052764184
101,37,4370.923953238239
101,36,4659.917464304668
101,35,4750.021976034474
101,34,4840.9764182847275
101,33,4957.644054340292
101,32,5376.576247174076
101,31,5480.0763497155995
101,30,5739.041935527631
101,29,5827.184396433534
101,28,9441.62261764621
101,27,9627.809957557834
101,26,9815.805265274477
101,25,10005.611328741172
101,24,10197.230942701237
101,23,10453.907488572837
101,22,10883.681165559738
101,21,11090.737547396295
101,20,11299.90443420826
101,19,11511.191007840524
101,18,12094.412934483444
101,17,12290.460230530893
101,16,12488.184900777771
101,15,12740.290422022186
101,14,14419.165617189723
101,13,14669.753444404478
101,12,15165.335079905786
101,11,15374.135095650623
101,10,30943.115948021692
101,9,31413.227913595252
101,8,31887.06299126773
101,7,32491.104386084753
101,6,39365.872921119095
101,5,40062.987759897274
101,4,41030.4706860875
101,3,41587.35916697243
101,2,162978.7226182308
101,1,164770.9200301668
102,102,7.3737361602691385
102,101,13.85281957551368
102,100,24.438846143495105
102,99,39.65474612369991
102,98,56.87944328748389
102,97,75.70044650826053
102,96,95.85330402814176
102,95,117.1644395198302
102,94,139.5177166540836
102,93,166.98702229526208
102,92,191.57216681190286
102,91,216.97829319432427
102,90,218.9679827203546
102,89,246.71348636294871
102,88,264.77880325002934
102,87,303.20529016352737
102,86,331.96383807072925
102,85,361.38777286439415
102,84,391.619692304755
102,83,422.656901582444
102,82,454.4977333723951
102,81,487.1412893820862
102,80,480.7465921618272
102,79,498.79762242955394
102,78,695.9159693068724
102,77,730.048264595105
102,76,764.749904211346
102,75,800.0255849435308
102,74,835.8796637403595
102,73,883.3132243646008
102,72,923.3513357949133
102,71,961.4475268823759
102,70,1000.1504599999602
102,69,1039.4638716299658
102,68,1211.6051746303165
102,67,1250.160445121341
102,66,1289.1612048641812
102,65,1339.0870187084024
102,64,1439.3184404630572
102,63,1481.0768318073056
102,62,1622.1946533412065
102,61,1658.507361204159
102,60,2071.8524220952627
102,59,2148.769296176035
102,58,2226.9560399657416
102,57,2306.4137495534305
102,56,2387.143509146904
102,55,2469.146392123787
102,54,2552.423462078724
102,53,2657.8271333079792
102,52,2753.8264724763762
102,51,2841.927241978357
102,50,2931.3374423254495
102,49,3022.059114953961
102,48,3114.0943129503366
102,47,3207.445102080488
102,46,3589.8485903089777
102,45,3677.2491355509374
102,44,3765.6537642208286
102,43,3855.064580997833
102,42,3945.4836705594453
102,41,4066.4643484911053
102,40,4206.049124888902
102,39,4302.117353455236
102,38,4399.28368584109
102,37,4497.552237623032
102,36,4790.14729371887
102,35,4881.574125356191
102,34,4973.855272011738
102,33,5092.179299075679
102,32,5530.603638199231
102,31,5635.941897537483
102,30,5901.478138574126
102,29,5991.038503287849
102,28,9683.43955419693
102,27,9871.946060729571
102,26,10062.26271601332
102,25,10254.392328602766
102,24,10448.337714818581
102,23,10708.08993442998
102,22,11151.953753197686
102,21,11361.701002061915
102,20,11573.56897826675
102,19,11787.567013928638
102,18,12377.915898714982
102,17,12576.55583806548
102,16,12776.883558643804
102,15,13032.176237983467
102,14,14791.597625517876
102,13,15047.174261051547
102,12,15554.783445985911
102,11,15767.40365276983
102,10,31617.09063535904
102,9,32093.050301030697
102,8,32572.753496395846
102,7,33183.97088693807
102,6,40397.74385105021
102,5,41111.46038627948
102,4,42092.52414024605
102,3,42661.603839244024
102,2,166989.9567544896
102,1,168812.84628683561
103,103,4.677398142010159
103,102,15.775798431063672
103,101,23.657496329682765
103,100,40.44669751449248
103,99,57.87566307169772
103,98,76.89674932965576
103,97,97.24515107973292
103,96,118.7473090078083
103,95,141.2872866685589
103,94,164.7864544875618
103,93,193.6654843136016
103,92,219.3071482173791
103,91,245.72656646248984
103,90,241.88430685226172
103,89,268.57611351072006
103,88,300.4514294282924
103,87,334.8318306882828
103,86,364.59573160304853
103,85,394.9868185831776
103,84,426.1816048538054
103,83,458.1785585117645
103,82,490.97690360522967
103,81,487.97667816890277
103,80,506.1607684286462
103,79,584.0213388914497
103,78,739.007912222084
103,77,773.9301537573439
103,76,809.4246627409896
103,75,845.4959248904246
103,74,882.1481065762669
103,73,930.6718869677726
103,72,971.8130032712185
103,71,1010.731376554749
103,70,1050.2592067898531
103,69,1090.4001275553562
103,68,1265.802971920767
103,67,1305.1000327706931
103,66,1344.8459761290637
103,65,1395.736396214961
103,64,1500.4021027262957
103,63,1542.9948984800353
103,62,1688.516554787831
103,61,1725.4816787996006
103,60,2159.623383914026
103,59,2238.026095143749
103,58,2317.699416100452
103,57,2398.644451863112
103,56,2480.8622954182424
103,55,2564.3540288073923
103,54,2649.1207242504215
103,53,2756.3975412057807
103,52,2854.6219140008957
103,51,2944.2499125663353
103,50,3035.189295123415
103,49,3127.442130263965
103,48,3221.010498596493
103,47,3315.8964937785
103,46,3702.9470730333996
103,45,3791.653494727674
103,44,3881.365671102021
103,43,3972.085704455886
103,42,4063.815679070715
103,41,4186.534070811385
103,40,4330.267911338394
103,39,4427.75453168998
103,38,4526.34355618725
103,37,4626.039151612921
103,36,4922.237394491498
103,35,5014.992682162588
103,34,5108.606734293098
103,33,5228.593197733594
103,32,5687.364085663696
103,31,5794.5695980177425
103,30,6066.82144437618
103,29,6157.820143217566
103,28,9928.292944720664
103,27,10119.119517485517
103,26,10311.758447844659
103,25,10506.212565569265
103,24,10702.484709132377
103,23,10965.31297331204
103,22,11423.718937013073
103,21,11636.168011753587
103,20,11850.74822136275
103,19,12067.469050989672
103,18,12664.990156351405
103,17,12866.238206871909
103,16,13069.184626872348
103,15,13327.67997507875
103,14,15171.352321868051
103,13,15432.053127801018
103,12,15952.023021501638
103,11,16168.569613403019
103,10,32298.86840300935
103,9,32780.70846635933
103,8,33266.31282392137
103,7,33884.73891016403
103,6,41453.81387795856
103,5,42184.756900194494
103,4,43178.35287684516
103,3,43760.10279252991
103,2,171082.59048026544
103,1,172937.3890580409
104,104,5.960762268400918
104,103,14.861950483405055
104,102,26.134366030971307
104,101,34.87391234561992
104,100,58.88108058147823
104,99,78.1031160613269
104,98,98.6478399542442
104,97,120.34172163619091
104,96,143.0690347111559
104,95,166.75144093629405
104,94,191.33530479938662
104,93,221.57195898598837
104,92,248.2427132149446
104,91,244.87673444191032
104,78,783.1746073346683
104,77,818.8879734605933
104,76,855.1764370298717
104,75,892.04428135534
104,74,929.4954907392595
104,73,979.1092312429537
104,72,1021.3773439839549
104,71,1061.119605315176
104,70,1101.4740046177353
104,69,1142.444079481326
104,46,3817.7611504291353
104,45,3907.774418720368
104,44,3998.795124560085
104,43,4090.825369138884
104,42,4183.867237508269
104,41,4308.323917177953
104,40,4456.336970500806
104,39,4555.2463146471655
104,38,4655.262435544652
104,37,4756.389552756592
104,36,5056.193223950517
104,35,5150.283205081702
104,34,5245.236466556587
104,33,5366.89151552887
104,32,5846.898851977925
104,31,5956.001908418464
104,30,6235.118151779709
104,29,6327.576611728189
104,28,10176.182871078361
104,27,10369.3304236818
104,26,10564.2925708812
104,25,10761.072164257466
104,24,10959.672065000565
104,23,11225.576753074158
104,22,11698.989301301028
104,21,11914.151366842856
104,20,12131.455162946124
104,19,12350.910330610945
104,18,12955.650515343594
104,17,13159.522404079536
104,16,13365.103434938817
104,15,13626.817223639513
104,14,15558.623498373863
104,13,15824.591477155254
104,12,16357.270060137771
104,11,16577.856053795673
104,10,32988.47461544834
104,9,33476.22828191981
104,8,33967.767359837395
104,7,34593.43534902486
104,6,42534.98093046778
104,5,43283.81840899342
104,4,44289.80653548634
104,2,175264.3310317679
104,1,177152.42955860382
105,105,6.512632277229082
105,104,16.823645422975236
105,103,25.084766498582706
105,102,34.22411190109647
105,101,47.263279708258786
105,100,79.31959125524206
105,99,100.06141869710527
105,98,121.94772861878319
105,97,144.86301490504061
105,96,168.7292394094137
105,95,193.4930931966819
105,94,219.11788795051848
105,93,250.6733829078998
105,92,278.35455056436024
105,91,268.7249686684661
105,78,828.4159506138634
105,77,864.9216300374753
105,76,902.0051416435793
105,75,939.6705761908086
105,74,977.921745207993
105,73,1028.6252602252623
105,72,1072.0454933786589
105,71,1112.6133751949756
105,70,1153.7960439466824
105,69,1195.5969480863703
105,46,3934.291689537995
105,45,4025.61279695376
105,44,4117.943037128146
105,43,4211.2845113541
105,42,4305.63930656655
105,41,4431.834877154933
105,40,4584.261432873587
105,39,4684.597926767206
105,38,4786.045643720249
105,37,4888.6088576418915
105,36,5192.020838917189
105,35,5287.451862812894
105,34,5383.750750966404
105,33,5507.080651521481
105,32,6009.251479463668
105,31,6120.283644500186
105,30,6406.417104436089
105,29,6500.357820666822
105,28,10427.110397897814
105,27,10622.579876650825
105,26,10819.866215597302
105,25,11018.972288709714
105,24,11219.900980448238
105,23,11488.882505831492
105,22,11977.778799410276
105,21,12195.665251023354
105,20,12415.704220344758
105,19,12637.905507103638
105,18,13249.913314626438
105,17,13456.425051545402
105,16,13664.656891032579
105,15,13929.60518212539
105,14,15953.61746432267
105,13,16225.003902275237
105,12,16770.755101062212
105,11,16995.50095211426
105,10,33685.93829285384
105,9,34179.63933030197
105,8,34677.14725545491
105,7,35310.09093017172
105,6,43642.209495062365
105,5,44409.656892124825
105,4,45426.657199504065
105,2,179532.738211376
105,1,181455.59411076337
106,106,7.091682133041043
106,105,17.36965027562966
106,104,25.825631826021507
106,103,35.62500476583751
106,102,48.94072511480273
106,101,63.08133243011816
106,100,101.48593215623266
106,99,123.56537711227665
106,98,146.66927640916512
106,97,170.71990082058852
106,96,195.66427549402675
106,95,221.46604349527203
106,94,248.1001770995183
106,93,280.9453058379354
106,92,309.62459608522494
106,91,293.29602515345437
106,78,874.7319063403633
106,77,912.0310848814936
106,76,949.9107353500858
106,75,988.3747664073765
106,74,1027.4268264618258
106,73,1079.2199909737178
106,72,1123.8186255404196
106,71,1165.2138826719554
106,70,1207.226545916691
106,69,1249.8599812876191
106,46,4052.539435884566
106,45,4145.169394025449
106,44,4238.810193139018
106,43,4333.463935775437
106,42,4429.132711815971
106,41,4557.067800137685
106,40,4714.04636889543
106,39,4815.814529857843
106,38,4918.6984352875525
106,37,5022.702414997963
106,36,5329.726228505921
106,35,5426.504754266481
106,34,5524.155797786324
106,33,5649.166929601032
106,32,6174.467115942414
106,31,6287.4612967976645
106,30,6580.768981248742
106,29,6676.21558137161
106,28,10681.076221786701
106,27,10878.8685982808
106,26,11078.480129526119
106,25,11279.91371245722
106,24,11483.172255348252
106,23,11755.231055141034
106,22,12260.101203128435
106,21,12480.723661705115
106,20,12703.509619876624
106,19,12928.469039041123
106,18,13547.79470429505
106,17,13756.962578586956
106,16,13967.86170711455
106,15,14236.060846895312
106,14,16356.551878601587
106,13,16633.51702093294
106,12,17192.7218747444
106,11,17421.756132820243
106,10,34391.28771743684
106,9,34890.970444885585
106,8,35394.4819016348
106,7,36034.73560335837
106,6,44776.53114960619
106,5,45563.35618777422
106,4,46589.26226624327
106,2,183888.2826035181
106,1,185847.46819654005
107,107,7.698237112190283
107,106,17.930905108039617
107,105,26.585263757423025
107,104,37.05709407570246
107,103,50.65076862902526
107,102,65.0530401536564
107,101,80.09383254990514
107,100,125.1947052638197
107,99,148.48785756827675
107,98,172.723463387071
107,97,197.8488895073501
107,96,223.82811679136464
107,95,250.63643766255333
107,94,278.2569461872834
107,93,312.3694886258351
107,92,342.03934970656763
107,91,318.5880515612295
107,78,922.1224433594455
107,77,960.2162926624244
107,76,998.8931605327255
107,75,1038.1567841983147
107,74,1078.0106586597153
107,73,1130.8933947728233
107,72,1176.697892893844
107,71,1218.9222975456273
107,70,1261.7667002209078
107,69,1305.2343909754998
107,46,4172.50483538698
107,45,4266.444667883212
107,44,4361.397063132352
107,43,4457.364126043703
107,42,4554.347950460882
107,41,4684.023196990518
107,40,4845.696585151636
107,39,4948.901015233759
107,38,5053.225787618978
107,37,5158.675289578298
107,36,5469.3150860526775
107,35,5567.44767662383
107,34,5666.45750953921
107,33,5793.15635766347
107,32,6342.592353068385
107,31,6457.582870165037
107,30,6758.226135612886
107,29,6855.203445696226
107,28,10938.080215943719
107,27,11138.196471762807
107,26,11340.134206075316
107,25,11543.896339336918
107,24,11749.485804169999
107,23,12024.622317962732
107,22,12545.969586652214
107,21,12769.339885276268
107,20,12994.884863323516
107,19,13222.61464686378
107,18,13849.310079064662
107,17,14061.150647187316
107,16,14274.733815804415
107,15,14546.200418520666
107,14,16767.656043036233
107,13,17050.36983353469
107,12,17623.427764984226
107,11,17856.887797115614
107,10,35104.54900326303
107,9,35610.24825996764
107,8,36119.79845908138
107,7,36767.39704653227
107,6,45939.049617199016
107,5,46746.077656240435
107,4,47780.91610141786
107,2,188345.16853977463
107,1,190342.54164850776
108,108,7.508723787721933
108,107,18.507820725923512
108,106,28.289291124135815
108,105,38.81008845173676
108,104,52.39371770980149
108,103,67.05883142211633
108,102,82.34834019481359
108,101,98.15925870431862
108,100,150.3188227834823
108,99,174.73999553418264
108,98,200.04700756407541
108,97,226.20418398058627
108,96,253.18714283199068
108,95,280.97927917439466
108,94,309.56940075266834
108,93,344.93230944641203
108,92,375.5887747484765
108,91,344.60012254652787
108,78,970.5877429899951
108,77,1009.4774212873027
108,76,1048.9525748110052
108,75,1089.0167799518429
108,74,1129.6733878724174
108,73,1183.6456661953928
108,72,1230.6847077281063
108,71,1273.7400556030063
108,70,1317.4179689538864
108,69,1361.7216681097418
108,46,4294.189060562078
108,45,4389.439819339132
108,44,4485.704876931626
108,43,4582.98634166025
108,42,4681.286312303981
108,41,4812.702393216344
108,40,4979.217818774414
108,39,5083.863223758221
108,38,5189.633646849618
108,37,5296.533534328436
108,36,5610.794158703842
108,35,5710.287499303054
108,34,5810.662879572905
108,33,5939.056057659445
108,32,6513.676902663039
108,31,6630.699595017721
108,30,6938.844394172619
108,29,7037.378535058191
108,28,11198.124128782232
108,27,11400.56528992944
108,26,11604.830283034476
108,25,11810.922052623311
108,24,12018.843556193196
108,23,12297.058273241877
108,22,12835.399427715447
108,21,13061.529653800524
108,20,13289.845940740817
108,19,13520.3585823483
108,18,14154.477503902783
108,17,14369.00763033339
108,16,14585.291901861086
108,15,14860.042900802702
108,14,17187.17614095128
108,13,17475.819118487725
108,12,18063.1494911803
108,11,18301.182352327025
108,10,35825.75478250778
108,9,36337.50602282563
108,8,36853.13079717705
108,7,37508.10976577902
108,6,47130.96000402666
108,5,47959.08036840755
108,4,48998.92762547837
108,2,192889.52694312335
108,1,194926.93092903262
109,105,54.15916696333726
109,102,100.68659878870078
109,101,117.1822446911008
109,100,176.76953153782117
109,99,202.25866277046214
109,98,228.59427673768553
109,97,255.75232262292508
109,96,283.716501161779
109,95,312.4758985925388
109,94,342.02337379212423
109,93,378.62346741944634
109,92,410.26532339609565
109,91,371.33187529989084
109,78,1020.1278470061848
109,77,1059.8144877023171
109,76,1100.0889740508624
109,75,1140.9547319474707
109,74,1182.4149780094385
109,73,1237.4768007944774
109,72,1285.7803038894474
109,71,1329.6684051569546
109,70,1374.1816176820016
109,69,1419.323098020996
109,46,4417.592463591561
109,45,4514.155210162434
109,44,4611.734006385912
109,43,4710.3309650001565
109,42,4809.9481906503315
109,41,4943.105791592459
109,40,5114.614941654073
109,39,5220.706111665732
109,38,5327.927054894096
109,37,5436.28227817707
109,36,5754.169219718369
109,35,5855.030099755891
109,34,5956.777891023255
109,33,6086.872117416793
109,32,6687.771367320011
109,31,6806.863662262719
109,30,7122.680694810818
109,29,7222.7991492694955
109,28,11461.207522667864
109,27,11665.974619432815
109,26,11872.56793151345
109,25,12080.990428046438
109,24,12291.245091920968
109,23,12572.538495802079
109,22,13128.40395300246
109,21,13357.306407325092
109,20,13588.406508852262
109,19,13821.71472227681
109,18,14463.31257471549
109,17,14680.549393911717
109,16,14899.55210464212
109,15,15177.604702219001
109,14,17615.370243827954
109,13,17910.134433241627
109,12,18512.178062994804
109,11,18754.941382676265
109,10,36554.931168787974
109,9,37072.77036885966
109,8,37594.50607950257
109,7,38256.90143975223
109,6,48353.540765917154
109,5,49203.713655433276
109,4,50248.15847008792
109,2,197542.54579276935
109,1,199622.2243608139
110,105,71.15522868658915
110,102,119.97376828437325
110,101,137.0974474686772
110,100,204.48392730717273
110,99,230.99847082705338
110,98,258.33205631320396
110,97,286.46869489312934
110,96,315.39775532226935
110,95,345.1123516945506
110,94,375.6082315610186
110,93,413.4352609544043
110,92,446.0634582961371
110,91,398.78346264609473
110,78,1070.7430195886634
110,77,1111.227736455545
110,76,1152.3025874822285
110,75,1193.970858040321
110,74,1236.2356391283581
110,73,1292.387045569538
110,72,1341.9862063560863
110,71,1386.7088938105758
110,70,1432.0592195797394
110,69,1478.0402821159037
110,46,4542.716240647558
110,45,4640.592064627944
110,44,4739.485704541356
110,43,4839.399278506359
110,42,4940.3348979274215
110,41,5075.234739179432
110,40,5251.893893529889
110,39,5359.435724584496
110,38,5468.112164842322
110,37,5577.927783252671
110,36,5899.447248893714
110,35,6001.682582807879
110,34,6104.809775419469
110,33,6236.611899476368
110,32,6864.929901982666
110,31,6986.130938356264
110,30,7309.795937532415
110,29,7411.527663567271
110,28,11727.33212671264
110,27,11934.426232751912
110,26,12143.348967881098
110,25,12354.103326378661
110,24,12566.692317037006
110,23,12851.064939190308
110,22,13424.99913410738
110,21,13656.686378394354
110,20,13890.583064978664
110,19,14126.699832644585
110,18,14775.83393117375
110,17,14995.79489354906
110,16,15217.533699647433
110,15,15498.905425071409
110,14,18052.51636409162
110,13,18353.606393669677
110,12,18970.82747877786
110,11,19218.49055941927
110,10,37292.11171725462
110,9,37816.075482109394
110,8,38343.959126305184
110,7,39013.80753868495
110,6,49608.18231807606
110,5,50481.44708165657
110,4,51525.643446463495
110,2,202289.41017936287
110,1,204413.6305670239
