Z,N,IE_pred_eV
1,1,13.598434460885766
2,2,23.779805301680145
2,1,54.41776506140876
3,3,4.831419529923873
3,2,73.63535334262839
3,1,122.45435792352012
4,4,8.537347456687465
4,3,16.605428477274927
4,2,150.88756370067108
4,1,217.71858176909103
5,5,8.816112099265068
5,4,23.105328736662003
5,3,35.36936588827822
5,2,255.51141019008486
5,1,340.2260170213159
6,6,11.89430808640416
6,5,23.6316194566527
6,4,44.70077209785774
6,3,61.08778224883297
6,2,387.4936668828767
6,1,489.99319730417835
7,7,15.324907455312765
7,6,28.548838524054524
7,5,45.51372680906311
7,4,73.28144445809481
7,3,93.73746255279353
7,2,546.836124542528
7,1,667.0461205704481
8,8,14.741105170007875
8,7,33.82782312668022
8,6,52.35307614744214
8,5,74.41188263084089
8,4,108.81843230305421
8,3,133.3030591821765
8,2,733.545631843436
8,1,871.409887016506
9,9,18.561667724765474
9,8,33.688647386705256
9,7,59.54916732362251
9,6,83.23927869930725
9,5,110.29171721539758
9,4,151.29309177382748
9,3,179.77609945937587
9,2,947.6396962403617
9,1,1103.117491053579
10,10,22.74107253928362
10,9,39.389985844375325
10,8,59.938920114354374
10,7,92.40009929811738
10,6,121.15992417134856
10,5,153.12958411088465
10,4,200.69322043161662
10,3,233.15197000336417
10,2,1189.1366490601845
10,1,1362.1991961501124
11,11,6.308320164609846
11,10,45.47945098101841
11,9,67.59066396868346
11,8,93.38511793776946
11,7,132.31614846353594
11,6,166.08320793046005
11,5,202.91163011608626
11,4,257.01412334041595
11,3,293.4321998449522
11,2,1458.0719563961002
11,1,1648.7022023940326
12,12,8.884804570147338
12,11,14.888234026774128
12,10,75.65360940915741
12,9,103.04158802881709
12,8,133.9482970246816
12,7,179.2486240056104
12,6,217.98688902638574
12,5,259.6289548722617
12,4,320.2536272672807
12,3,360.61929250616487
12,2,1754.474449828987
12,1,1962.6637717108076
13,13,7.109037396779715
13,12,18.77498574758507
13,11,26.914769356782653
13,10,113.1291914589085
13,9,145.65288053011713
13,8,181.57052254978592
13,7,233.1619377440273
13,6,276.85837490028166
13,5,323.27961634025996
13,4,390.41562893059887
13,3,434.72126324539823
13,2,2078.3914261554255
13,1,2304.1402008552504
14,14,9.372857636383332
14,13,16.186239918775833
14,12,32.114911109993756
14,11,42.29750433841223
14,10,157.80480665013474
14,9,195.3569789988188
14,8,236.207294348735
14,7,294.0279369934185
14,6,342.68991538235633
14,5,393.8640446425028
14,4,467.5049320321155
14,3,515.7460836626614
14,2,2429.862573055885
14,1,2673.1777455722377
15,15,11.837987871122802
15,14,19.565619354781187
15,13,28.742198184842124
15,12,48.81366996180657
15,11,60.97191846306827
15,10,209.6054096543134
15,9,252.10372554223272
15,8,297.8257444870808
15,7,361.8264538631529
15,6,415.48067420597965
15,5,471.38828885109353
15,4,551.5316515721092
15,3,603.7068271118756
15,2,2808.9460304999257
15,1,3069.8418679669994
16,16,12.377068815317589
16,15,23.14704815086926
16,14,33.263003983970926
16,13,44.67919345552689
16,12,68.80618192879358
16,11,82.89096397169794
16,10,268.4735636051894
16,9,315.85392231136757
16,8,366.39955222434463
16,7,436.5407164639642
16,6,495.23226492153947
16,5,555.8593884515102
16,4,642.5059306671318
16,3,698.6159593851612
16,2,3215.6919404402024
16,1,3494.1881614887184
17,17,15.264869870433257
17,16,24.20793676892422
17,15,37.969280250304976
17,14,50.361463186846564
17,13,63.92750010562547
17,12,92.04549355898358
17,11,108.02042488184549
17,10,334.3662652986441
17,9,386.57848642003216
17,8,441.90974288793217
17,7,518.1595334212099
17,6,581.9519188144577
17,5,647.2893721963362
17,4,740.4428466390772
17,3,800.490840236906
17,2,3650.168766417659
17,1,3946.2913427962694
18,18,18.407831162948906
18,17,28.26272280246516
18,16,39.58015509750071
18,15,56.199213366768404
18,14,70.7870667179356
18,13,86.4364620171171
18,12,118.49721847959664
18,11,136.33508609375045
18,10,407.25000341544325
18,9,464.2545026950549
18,8,524.3412264310306
18,7,606.6738982575428
18,6,675.6490311699507
18,5,745.6916031150165
18,4,845.3583115606286
18,3,909.349308031955
18,2,4112.443343160543
18,1,4426.223502824283
19,19,5.2759129017136654
19,18,32.59376651348307
19,17,44.81152624300747
19,16,58.38270995932585
19,15,77.75769124826734
19,14,94.48596796354693
19,13,112.1686548310157
19,12,148.1358054530062
19,11,167.8161217098277
19,10,487.0975664988726
19,9,548.8628745978481
19,8,613.6809721807101
19,7,702.0754885531653
19,6,776.3338617617649
19,5,851.0795937060896
19,4,957.2678692660307
19,3,1025.2084903338987
19,2,4602.575975759278
19,1,4934.049107465245
20,20,6.865184655400739
20,19,11.573157411755798
20,18,50.3334116336483
20,17,64.80192540904062
20,16,80.53175427646777
20,15,102.58628258272628
20,14,121.419081141968
20,13,141.09698833776693
20,12,180.9432774153527
20,11,202.4507230789012
20,10,573.8899528271511
20,9,640.391337567426
20,8,709.9219364649603
20,7,804.361568730939
20,6,884.0232123758574
20,5,963.4733944903184
20,4,1076.1939178494877
20,3,1148.0926017842326
20,2,5120.65552086926
20,1,5469.862745477554
21,21,7.139746941997299
21,20,12.112891305875667
21,19,27.264320902790466
21,18,71.5228410384039
21,17,88.14782268497319
21,16,105.96502250686731
21,15,130.64110300963208
21,14,151.5576555174426
21,13,173.20159694666836
21,12,216.90675041376713
21,11,240.22996116213875
21,10,667.6120589921784
21,9,738.8301219083829
21,8,813.0585285289492
21,7,913.5299907533306
21,6,998.7350159532797
21,5,1082.8937035765828
21,4,1202.1591608536303
21,3,1278.0259127879249
21,2,5666.768125942911
21,1,6033.755436566424
22,22,7.41961212760758
22,21,12.664841302761953
22,20,29.29894906579697
22,19,43.99847178733628
22,18,96.07455846029482
22,17,114.7846657919881
22,16,134.63551417323845
22,15,161.88849156946216
22,14,184.8803042897652
22,13,208.46777778936678
22,12,256.01691687386597
22,11,281.14757836397865
22,10,768.2507886562836
22,9,844.1703213952616
22,8,923.0851394245612
22,7,1029.5778093151573
22,6,1120.4870105284251
22,5,1209.360560767162
22,4,1335.1852823010156
22,3,1415.031408338648
22,2,6240.991773972811
22,1,6625.809040542238
23,23,7.704775256049784
23,22,17.70495182682565
23,21,30.784028572658944
23,20,46.71540605676748
23,19,64.33265740939517
23,18,123.92258275598917
23,17,144.6640409176898
23,16,166.50766209918268
23,15,196.30281555445836
23,14,221.37184208739666
23,13,246.88555155964136
23,12,298.2682196383633
23,11,325.2005027732777
23,10,875.7974926714313
23,9,956.4069065139179
23,8,1039.9996731612869
23,7,1152.5054168290674
23,6,1249.30138302428
23,5,1342.8984567863822
23,4,1475.298617441879
23,3,1559.136846186146
23,2,6843.423090458489
23,1,7246.124867346
24,24,6.853472705420093
24,23,19.218467077022243
24,22,32.29343678311456
24,21,48.733019183659714
24,20,67.76566115104451
24,19,88.15074285017693
24,18,155.01707228117857
24,17,177.749028560798
24,16,201.55402325811733
24,15,233.8641048932844
24,14,261.0214773652106
24,13,288.448199977296
24,12,343.65751715593944
24,11,372.38759114220744
24,10,990.2451756642906
24,9,1075.53584582742
24,8,1163.800521713723
24,7,1282.313247739034
24,6,1385.2012499992131
24,5,1483.532556631922
24,4,1622.525819383774
24,3,1710.3701601670427
24,2,7474.156324174116
24,1,7894.80129999
25,25,8.290951699035407
25,24,14.393910125495392
25,23,34.46680592837085
25,22,50.779627908480634
25,21,70.35193144662428
25,20,92.3259087844242
25,19,115.36587683175179
25,18,189.32026580076277
25,17,214.01146183101108
25,16,239.75357368335364
25,15,274.55710717108235
25,14,303.8223555808982
25,13,333.15215690290603
25,12,392.18428707157045
25,11,422.71000631403376
25,10,1111.5900208013957
25,9,1201.5559341139253
25,8,1294.4886671764473
25,7,1419.0041968027601
25,6,1528.2133582874912
25,5,1631.291641828737
25,4,1776.8973850374477
25,3,1868.7632011937233
25,2,8133.301048351238
25,1,8571.952567438824
26,26,8.664198776834168
26,25,14.899455128216788
26,24,31.990998935159773
26,23,53.653447644311974
26,22,72.97134086015639
26,21,95.50860713241316
26,20,120.3034998502516
26,19,145.91179107243596
26,18,226.80294640885973
26,17,253.42929585753123
26,16,281.0896882041126
26,15,318.3696527380127
26,14,349.7701514155497
26,13,380.9957301586195
26,12,443.8493377829597
26,11,476.1699315085356
26,10,1239.8283355763033
26,9,1334.4655937329037
26,8,1432.0643038982791
26,7,1562.5799608210293
26,6,1678.3641982180286
26,5,1786.2039749923597
26,4,1938.4431205735423
26,3,2034.3469639992072
26,2,8820.961184689522
26,1,9277.686582905602
27,27,9.045531000315917
27,26,19.616217040858135
27,25,34.185231373280565
27,24,50.96021149375433
27,23,76.57473523479389
27,22,98.72823548110738
27,21,124.10447411287937
27,20,151.62808579524355
27,19,179.73743465151642
27,18,267.4427678067811
27,17,295.98568503119054
27,16,325.54975836809297
27,15,365.29270644364937
27,14,398.86342301492846
27,13,431.97969107763646
27,12,498.6556789230168
27,11,532.7715929929711
27,10,1374.9595319056027
27,9,1474.266196174743
27,8,1576.530491113812
27,7,1713.0451052874164
27,6,1835.6844499996391
27,5,1948.3020776689016
27,4,2107.1970485775137
27,3,2207.15676324772
27,2,9537.25622921305
27,1,10012.127361734565
28,28,9.434921824841231
28,27,20.701144858815088
28,26,35.758239323166165
28,25,53.86881891958321
28,24,73.71621137826212
28,23,103.08162754980906
28,22,127.94554721203059
28,21,156.06447640143605
28,20,186.2451579438003
28,19,216.80263130410688
28,18,311.2219949036354
28,17,341.66711094438125
28,16,373.12355755472447
28,15,415.3188507239013
28,14,451.10215409500984
28,13,486.1058272525754
28,12,556.606956344654
28,11,592.5196395923155
28,10,1516.9821008702115
28,9,1620.9577957470042
28,8,1727.8886214875718
28,7,1870.4021550941518
28,6,2000.2037611953056
28,5,2117.617186720026
28,4,2283.1920431376193
28,3,2387.226605611555
28,2,10282.299612941633
28,1,10775.392251424186
29,29,8.276940707204325
29,28,22.331353633766216
29,27,37.35503514650914
29,26,55.99466968548803
29,25,77.37009735076484
29,24,100.09866757314602
29,23,133.06301073735273
29,22,160.5440420918829
29,21,191.3310639385092
29,20,224.1125162975343
29,19,257.0761130740418
29,18,358.127517356529
29,17,390.46384553433137
29,16,423.8040580741803
29,15,468.4434400493708
29,14,506.48916756982624
29,13,543.3785770653957
29,12,617.7094294606658
29,11,655.421299615385
29,10,1665.899326621444
29,9,1774.5453092532036
29,8,1886.1450680748299
29,7,2034.6588474687094
29,6,2171.9585690294916
29,5,2294.1875702181937
29,4,2466.4673275549835
29,3,2574.5970497380104
29,2,11056.226335945286
29,1,11567.620966035583
30,30,10.378599266290534
30,29,17.007725330338975
30,28,39.67998645697623
30,27,58.14893549546211
30,26,80.08292568577075
30,25,104.52079866367444
30,24,129.9877623016433
30,23,166.43402609473333
30,22,196.46232915654892
30,21,229.85886479510435
30,20,265.19632777823773
30,19,300.53238303876617
30,18,408.14832002813034
30,17,442.36748435204225
30,16,477.58495302081496
30,15,524.6620107507657
30,14,565.0274241988867
30,13,603.8021933180239
30,12,681.9687872377001
30,11,721.4830228640423
30,10,1821.7107870713355
30,9,1935.0294700669895
30,8,2051.3015666173105
30,7,2205.817738004411
30,6,2350.9810281846044
30,5,2478.046810823702
30,4,2657.0584578292833
30,3,2769.3047310130532
30,2,11859.158790289415
30,1,12388.939743328225
31,31,7.118722554887745
31,30,20.007059729639284
31,29,28.326197603484502
31,28,61.207959562658566
31,27,82.82847399253818
31,26,107.84646798931162
31,25,135.1957343255249
31,24,163.29260077505458
31,23,203.1292865368692
31,22,235.6528611501078
31,21,271.6125017210951
31,20,309.47016455949586
31,19,347.15160236521046
31,18,461.2767340072672
31,17,497.3725415483522
31,16,534.4625535864237
31,15,583.9725150934283
31,14,626.722533396211
31,13,667.3835033736569
31,12,749.393353706953
31,11,790.7139153191873
31,10,1984.4212091108511
31,9,2102.416314143384
31,8,2223.365342764806
31,7,2383.887171100154
31,6,2537.3107827847316
31,5,2669.236268959309
31,4,2855.008010127618
31,3,2971.3935339772893
31,2,12691.243343959219
31,1,13239.49967438632
32,32,8.898524593168839
32,31,15.386035409120709
32,30,32.201485052341184
32,29,42.01701924551491
32,28,86.65014397624705
32,27,111.20857740687624
32,26,139.15387447341786
32,25,169.2997231136403
32,24,199.94273833982098
32,23,243.0972246361576
32,22,278.0778934543619
32,21,316.5635279287464
32,20,356.91251729710655
32,19,396.91743188511094
32,18,517.5064379896879
32,17,555.4744335410533
32,16,594.4337174524255
32,15,646.3731264062499
32,14,691.5804486208019
32,13,734.1294813800494
32,12,819.9913687815605
32,11,863.1228741194402
32,10,2154.0332471264364
32,9,2276.709514215024
32,8,2402.3409841824773
32,7,2568.8725283718986
32,6,2730.9856699385964
32,5,2867.795270668733
32,4,3060.356697595953
32,3,3180.9053227645595
32,2,13552.617479839251
32,1,14119.442331595013
33,33,10.462027898079613
33,32,17.997954819843955
33,31,26.286491896848943
33,30,46.751005394315534
33,29,57.92945292394744
33,28,115.81386384630854
33,27,143.1517141617188
33,26,173.90544554473422
33,25,206.75921889791624
33,24,239.88284356175996
33,23,286.29675772456767
33,22,323.70735777811944
33,21,364.68911728982147
33,20,407.5060478353064
33,19,449.8166799894343
33,18,576.8327309587315
33,17,616.6699001919889
33,16,657.4963967633801
33,15,711.8629209725002
33,14,759.6082620367847
33,13,804.0481382044558
33,12,893.7720369512883
33,11,938.7197185108317
33,10,2330.550414796771
33,9,2457.913530431285
33,8,2588.2338116426404
33,7,2760.7798863085873
33,6,2932.0456736921496
33,5,3073.7652959217066
33,4,3273.1479648578934
33,3,3397.884739508849
33,2,14443.430605021185
33,1,15028.92152935009
34,34,10.97044927527635
34,33,20.33483063067665
34,32,29.726518920497035
34,31,39.593387469221206
34,30,63.50811625153421
34,29,75.95568294095914
34,28,148.5562840611983
34,27,178.55387046234856
34,26,212.02445723117114
34,25,247.51677859954665
34,24,283.0691582201817
34,23,332.69510261862484
34,22,372.51751022453664
34,21,415.9712876478613
34,20,461.23721585404707
34,19,505.83921623812364
34,18,639.252908076906
34,17,680.9574881304927
34,16,723.6502128478069
34,15,780.4425481917953
34,14,830.8149597578547
34,13,877.149343457244
34,12,970.7464584300125
34,11,1017.5161767761591
34,10,2513.9795449546614
34,9,2646.036213359069
34,8,2781.052624810755
34,7,2959.6189451617406
34,6,3140.5360766711315
34,5,3287.1932796352053
34,4,3493.4297303744165
34,3,3622.3810081512283
34,2,15363.844546532919
34,1,15968.103812450037
35,35,13.015946098433266
35,34,21.248402519870492
35,33,32.78145034457593
35,32,43.85708089283187
35,31,55.148142421701046
35,30,82.36740161327761
35,29,96.01695758915052
35,28,184.7691963931626
35,27,217.33468968443015
35,26,253.45055504506823
35,25,291.5264372510992
35,24,329.46608505978634
35,23,382.2651259939892
35,22,424.48872860704216
35,21,470.39495955249686
35,20,518.0944747583314
35,19,564.9762249032798
35,18,704.7644033141584
35,17,748.3356297654341
35,16,792.8944564674724
35,15,852.1121064348032
35,14,905.2091914982395
35,13,953.4424852888433
35,12,1050.925047015815
35,11,1099.5231839516293
35,10,2704.3240982808475
35,9,2841.08176114646
35,8,2980.8022969561307
35,7,3165.395139226295
35,6,3356.499128226636
35,5,3508.122881555689
35,4,3721.2473956101685
35,3,3854.44067914127
35,2,16314.011951150502
35,1,16937.14598694399
36,36,15.19217073564176
36,35,24.172359980376076
36,34,34.10157228052445
36,33,47.60050734857156
36,32,60.231131735292394
36,31,72.83731494782808
36,30,103.25225900940167
36,29,118.05505717548672
36,28,224.36962947870546
36,27,259.43165442940517
36,26,298.1362344851815
36,25,338.7517005584069
36,24,379.04519930644375
36,23,434.9851590080358
36,22,479.6058626155449
36,21,527.9487353904092
36,20,578.0694034014685
36,19,627.2216294730982
36,18,773.3668866526459
36,17,818.8049285558977
36,16,865.2305557077729
36,15,926.8738392704532
36,14,982.802173659707
36,13,1032.9395538363221
36,12,1134.320961933937
36,11,1184.7544887550953
36,10,2901.593095026506
36,9,3043.060137332949
36,8,3187.493687666128
36,7,3378.120200621217
36,6,3579.985305881845
36,5,3736.606282539123
36,4,3956.65461107259
36,3,4094.118797296119
36,2,17294.116517066323
36,1,17936.236945397406
37,37,4.425303774460556
37,36,27.24988353196322
37,35,37.86851132075633
37,34,49.33177094189787
37,33,64.63790539930294
37,32,78.73540805638665
37,31,92.57800474133401
37,30,126.10594955026654
37,29,142.02616679037604
37,28,267.2924797885027
37,27,304.794856501951
37,26,346.04293232785676
37,25,389.16244102296656
37,24,431.78262517893796
37,23,490.8366236098091
37,22,537.8559869644482
37,21,588.6226821617091
37,20,641.1544527587134
37,19,692.5697644723535
37,18,845.0595640434179
37,17,892.365325187111
37,16,940.6590978607868
37,15,1004.7289543449156
37,14,1063.6043333444172
37,13,1115.6516152293802
37,12,1220.9462257229673
37,11,1273.2225943975398
37,10,3105.7911094778633
37,9,3251.976559026372
37,8,3401.1326117912076
37,7,3597.800438834006
37,6,3811.040932693433
37,5,3972.6912360546294
37,4,4199.700681444285
37,3,4341.465849918039
37,2,18304.32222940293
37,1,18965.544935455655
38,38,5.57978116001358
38,37,10.135732532007248
38,36,41.800313203879554
38,35,53.92641834011279
38,34,66.78377429491105
38,33,83.78126544547362
38,32,99.28748876018878
38,31,114.30879423416856
38,30,150.8861526318845
38,29,167.89726888286484
38,28,313.4864370373963
38,27,353.3845311267317
38,26,397.13966752299297
38,25,442.73431843788427
38,24,487.6590177079089
38,23,549.8045060349805
38,22,599.2292181274057
38,21,652.4094444702948
38,20,707.3443186487557
38,19,761.0169748816885
38,18,919.843343672587
38,17,969.0184263888001
38,16,1019.1823189166194
38,15,1085.6803178514995
38,14,1147.6281943477563
38,13,1201.5918611682482
38,12,1310.8150943468636
38,11,1364.9422890183744
38,10,3316.92694414767
38,9,3467.8406163384534
38,8,3621.729412316532
38,7,3824.446910102877
38,6,4049.7190123635164
38,5,4216.432394013732
38,4,4450.441651670755
38,3,4596.539250617435
38,2,19344.818307803333
38,1,20025.264230226196
39,39,8.729239243174085
39,38,11.871917379421083
39,37,20.810944076650927
39,36,58.69359932559447
39,35,72.19521244530476
39,34,86.34392613959938
39,33,104.94775795308153
39,32,121.82635187410433
39,31,137.9835065629721
39,30,177.56089452429944
39,29,195.64319000222153
39,28,362.91021034425574
39,27,405.1682335279579
39,26,451.4008257204321
39,25,499.44694545637975
39,24,546.6579609820523
39,23,611.8758755021478
39,22,663.7172946193631
39,21,719.3028365040458
39,20,776.6345109215841
39,19,832.5601420063379
39,18,997.719152170562
39,17,1048.7657445812847
39,16,1100.802260767506
39,15,1169.7304956550522
39,14,1234.886321572899
39,13,1290.7734563937597
39,12,1403.9417005218434
39,11,1459.9281878716213
39,10,3535.007596768118
39,9,3690.659950719769
39,8,3849.292342787315
39,7,4058.0684071675882
39,6,4296.071853182755
39,5,4467.8836090328705
39,4,4708.932983522701
39,3,4859.395760462675
39,2,20415.79027517359
39,1,21115.585113912064
40,40,6.242772272690062
40,39,11.311536696206781
40,38,22.790489242142097
40,37,33.522793588247865
40,36,77.78499219395775
40,35,92.56313764169018
40,34,107.92849034222736
40,33,128.0754712844308
40,32,146.30633107523235
40,31,163.56719493957323
40,30,206.10603224348517
40,29,225.24485666078522
40,28,415.5304557774629
40,27,460.11952036252893
40,26,508.8053763882525
40,25,559.2834908676103
40,24,608.7658533619156
40,23,677.0400161739516
40,22,731.3138813264387
40,21,789.2982926187809
40,20,849.0219297715919
40,19,907.1973673529527
40,18,1078.688877294309
40,17,1131.6097116737803
40,16,1185.5218544127567
40,15,1256.8829234548116
40,14,1325.3925805180174
40,13,1383.2108669803615
40,12,1500.3415146037273
40,11,1558.196260426018
40,10,3760.041971534949
40,9,3920.444147384356
40,8,4083.831643660565
40,7,4298.6757764417725
40,6,4550.155697728896
40,5,4727.102763270191
40,4,4975.233941060315
40,3,5130.096023699911
40,2,21517.43642047846
40,1,22236.710950249442
41,41,5.842594067016109
41,40,14.582655007641677
41,39,24.496445389702803
41,38,36.11832350463079
41,37,48.68546752422155
41,36,98.96526808843356
41,35,114.94763758960758
41,34,131.47489942323924
41,33,153.11745952344384
41,32,172.69294683166564
41,31,191.03326151612725
41,30,236.50332943650145
41,29,256.6878684476212
41,28,471.31992315923844
41,27,518.2165800936577
41,26,569.3358342251036
41,25,622.2298659888213
41,24,673.9712457527974
41,23,745.2878717041889
41,22,802.0140814006427
41,21,862.3924222291688
41,20,924.5044459163732
41,19,984.9275658136156
41,18,1162.7549539151291
41,17,1217.5532552279124
41,16,1273.3444836088636
41,15,1347.1414497773283
41,14,1419.161672278474
41,13,1478.9193771802209
41,12,1600.0308193528783
41,11,1659.7632844938244
41,10,3992.0395216706147
41,9,4157.203316462614
41,8,4325.358059980538
41,7,4546.280350462497
41,6,4812.029120802765
41,5,4994.15009777711
41,4,5249.405664591494
41,3,5408.70257763015
41,2,22649.958616351665
41,1,23388.84867983005
42,42,6.2272052073161515
42,41,16.13469180240946
42,40,26.25208784750498
42,39,38.358093559594224
42,38,51.906256860478216
42,37,66.13262191420634
42,36,122.15335954933636
42,35,139.2870177531818
42,34,156.9357328076221
42,33,180.03766049507155
42,32,200.9600198993579
42,31,220.36141829988614
42,30,268.7390736911523
42,29,289.96145650767096
42,28,530.2560816487952
42,27,579.4412098307007
42,26,632.9774827569773
42,25,688.2741207586696
42,24,742.2643578371254
42,23,816.6116517085864
42,22,875.814102134027
42,21,938.5827176514703
42,20,1003.080637455039
42,19,1065.7502220674082
42,18,1249.9201438572277
42,17,1306.599579383983
42,16,1364.2737650132015
42,15,1440.5101119315282
42,14,1516.2089165005286
42,13,1577.914868037387
42,12,1703.026475334651
42,11,1764.6466053812553
42,10,4231.00964763283
42,9,4400.947470978494
42,8,4573.882198131078
42,7,4800.893275579083
42,6,5081.752379615847
42,5,5269.087540327023
42,4,5531.511215978988
42,3,5695.279901187102
42,2,23813.565608445726
42,1,24572.212226673295
43,43,7.305728113535656
43,42,13.19483765822008
43,41,28.424703651836516
43,40,40.65254497019933
43,39,54.691372963848295
43,38,69.98445887296778
43,37,85.74227770424251
43,36,147.28859372733095
43,35,165.5345186285377
43,34,184.2745401480549
43,33,208.80801008909535
43,32,231.08758437129043
43,31,251.53616569235365
43,30,302.8030033443932
43,29,325.0576436167048
43,28,592.3199609097386
43,27,643.7779034587205
43,26,699.7176356576259
43,25,757.4058250109778
43,24,813.636541552201
43,23,891.004352777975
43,22,952.7108126395686
43,21,1017.8671348848636
43,20,1084.7493836929893
43,19,1149.6649904973722
43,18,1340.1871278844637
43,17,1398.7517493609353
43,16,1458.3131236194304
43,15,1536.992696997626
43,14,1616.549808881831
43,13,1680.2133625595716
43,12,1809.345437409379
43,11,1872.8636385402817
43,10,4476.96048921305
43,9,4651.6852784980865
43,8,4829.413235866721
43,7,5062.52416651017
43,6,5359.386053716128
43,5,5551.977301165747
43,4,5821.618058991524
43,3,5989.8969657020225
43,2,25008.49752971793
43,1,25787.04775276033
44,44,6.925569895745107
44,43,17.139995733036184
44,42,27.90417383366757
44,41,43.455644396228514
44,40,57.53553385961097
44,39,73.32259396483131
44,38,90.2286796284625
44,37,107.42332470931048
44,36,174.32519262189106
44,35,193.65444974182785
44,34,213.46320339279654
44,33,239.40670558225352
44,32,263.06072681975206
44,31,284.5460487622718
44,30,338.68795705725927
44,29,361.9710910814641
44,28,657.4961386510577
44,27,711.2140970399043
44,26,769.5460942687581
44,25,829.6167021700464
44,24,888.0810610269002
44,23,968.4606980104293
44,22,1032.7028038591502
44,21,1100.2452688318524
44,20,1169.5111504143847
44,19,1236.673082186047
44,18,1433.5601713281437
44,17,1494.014438492234
44,16,1555.4676214441047
44,15,1636.5946763917316
44,14,1720.2020747852146
44,13,1785.8331645831806
44,12,1919.0070634846168
44,11,1984.4342621000205
44,10,4729.904622207397
44,9,4909.4299860611545
44,8,5091.965079027328
44,7,5331.187566317736
44,6,5644.997950220347
44,5,5842.889030597016
44,4,6119.793418199301
44,3,6292.6224673111665
44,2,26234.961911345334
44,1,27033.567722006595
45,45,7.288372698596599
45,44,18.508681374297158
45,43,30.14394514867578
45,42,43.0526228286134
45,41,60.973973775490634
45,40,76.72351858991601
45,39,94.12478420033622
45,38,112.5461568576069
45,37,131.10644886553337
45,36,203.22803999777443
45,35,223.61907459759874
45,34,244.47960317681566
45,33,271.8164194802404
45,32,296.86813887717574
45,31,319.38244581504557
45,30,376.3888076397201
45,29,400.6981136427722
45,28,725.7711356361051
45,27,781.7386146710855
45,26,842.4535991899639
45,25,904.8990553489997
45,24,965.5914747863295
45,23,1048.975427257542
45,22,1115.7886006224383
45,21,1185.7164730236839
45,20,1257.3660083660245
45,19,1326.7751810575116
45,18,1530.0427240897877
45,17,1592.3914273731004
45,16,1655.7413531508703
45,15,1739.3204630739565
45,14,1827.1828017053895
45,13,1894.791878982875
45,12,2032.0299045804704
45,11,2099.377493789739
45,10,4989.851068615691
45,9,5174.191116422556
45,8,5361.547737980311
45,7,5606.89390247057
45,6,5938.653600545424
45,5,6141.889970746665
45,4,6426.109974921354
45,3,6603.5306759131045
45,2,27493.21612119963
45,1,28312.035828958913
46,46,10.122502281931858
46,45,19.914471532605145
46,44,32.05588119405709
46,43,45.933973706878824
46,42,60.71431682133938
46,41,80.7985040395495
46,40,98.08696872069936
46,39,117.00338408391099
46,38,136.86654838004986
46,37,156.73825043332963
46,36,233.97011968024378
46,35,255.4068688148312
46,34,277.3064611742351
46,33,306.0235883043409
46,32,332.501706769192
46,31,356.0393830141118
46,30,415.90253040124514
46,29,441.2368705263557
46,28,797.1339031697005
46,27,855.3423446014966
46,26,918.4326751355701
46,25,983.2467629372001
46,24,1046.1627640250465
46,23,1132.5445838996575
46,22,1201.9680713019034
46,21,1274.2813913802229
46,20,1348.3152853407748
46,19,1419.9732095816
46,18,1629.6395076929941
46,17,1693.8877866158857
46,16,1759.139725401347
46,15,1845.1758171779545
46,14,1937.510987877578
46,13,2007.109062382433
46,12,2148.434560570829
46,11,2217.714447633632
46,10,5256.812324229175
46,9,5445.9817710635925
46,8,5638.174910465297
46,7,5889.657436052246
46,6,6240.424750403456
46,5,6449.053750623075
46,4,6740.6399283107285
46,3,6922.695341092892
46,2,28783.48726068695
46,1,29622.684529518458
47,47,8.041090120693502
47,46,21.672556554677328
47,45,34.01067691860543
47,44,48.40216600079016
47,43,64.24276013215838
47,42,80.70135125895604
47,41,102.79696607496018
47,40,121.52949671603524
47,39,141.88671154928505
47,38,163.13564667111262
47,37,184.2769704866261
47,36,266.53033307586736
47,35,289.0008587459367
47,34,311.93003885526525
47,33,342.01736813773726
47,32,369.95562991710415
47,31,394.5127675472323
47,30,457.2275040812734
47,29,483.58670473317005
47,28,871.5747243047985
47,27,932.0171623481029
47,26,997.4765509973626
47,25,1064.6541781382275
47,24,1129.7902014624924
47,23,1219.1643230429472
47,22,1291.2411848461782
47,21,1365.9406554952925
47,20,1442.3601982707203
47,19,1516.2688951686623
47,18,1732.354879674263
47,17,1798.5081766112987
47,16,1865.6676903363416
47,15,1954.1659909332504
47,14,2051.2056114647826
47,13,2122.8042207437984
47,12,2268.2415307476876
47,11,2339.4661123863266
47,10,5530.799025156895
47,9,5724.813096738325
47,8,5921.858244548534
47,7,6179.490257372484
47,6,6550.383079188754
47,5,6764.453886798075
47,4,7063.461264305787
47,3,7250.196124899895
47,2,30106.045608292698
47,1,30965.790615382917
48,48,9.568421657588852
48,47,16.2398639844028
48,46,36.421250457619195
48,45,50.917908934782986
48,44,67.27547181188413
48,43,84.87951573912538
48,42,102.87673765791328
48,41,126.87095488644015
48,40,146.97823061927926
48,39,168.71970939349438
48,38,191.31124531331963
48,37,213.68971240181276
48,36,300.89228496553324
48,35,324.3878027069487
48,34,348.3396063280512
48,33,379.7893336689246
48,32,409.2262821793748
48,31,434.80037187319556
48,30,500.36364761342827
48,29,527.7483514458753
48,28,949.0856631848408
48,27,1011.7564977817467
48,26,1079.5798345763262
48,25,1149.1169012549858
48,24,1216.4702102588979
48,23,1308.831875109651
48,22,1383.6090564758238
48,21,1460.6960112060126
48,20,1539.5030595254375
48,19,1615.6650516949542
48,18,1838.1943279762686
48,17,1906.2584049490458
48,16,1975.3313665490014
48,15,2066.2974325852892
48,14,2168.2874396382895
48,13,2241.898685712747
48,12,2391.4732252776676
48,11,2464.6554293350255
48,10,5811.824834647756
48,9,6010.699351565932
48,8,6212.612586661559
48,7,6476.4077716823485
48,6,6868.606093823688
48,5,7088.169877013847
48,4,7394.651334072401
48,3,7586.112018220561
48,2,31461.132130322563
48,1,32341.600687340364
49,49,6.66546690348799
49,48,18.41411971270981
49,47,26.574426448160928
49,46,53.98652108839054
49,45,70.3596542533767
49,44,88.48155425762762
49,43,107.70526004286829
49,42,127.13856768308717
49,41,152.94588743067484
49,40,174.37716492945617
49,39,197.4594330341594
49,38,221.35998718779547
49,37,244.95016716421978
49,36,337.04297556723554
49,35,361.55712261668583
49,34,386.52653958486763
49,33,419.3326911617825
49,32,450.3114973752858
49,31,476.9011683533367
49,30,545.3117635941564
49,29,573.7232902384615
49,28,1029.6594490679204
49,27,1094.5542056724444
49,26,1164.7373534190951
49,25,1236.6305800632051
49,24,1306.1991189153114
49,23,1401.5442271726026
49,22,1479.0725683429953
49,21,1558.5488723728283
49,20,1639.7457597940208
49,19,1718.163992221606
49,18,1947.1626727350629
49,17,2017.1435616930426
49,16,2088.1361064501752
49,15,2181.5757635433997
49,14,2288.7769251174636
49,13,2364.4134384261306
49,12,2518.151640056349
49,11,2593.304894255892
49,10,6099.900723351502
49,9,6303.65198452998
49,8,6510.449856987392
49,7,6780.42230722184
49,6,7195.170439870155
49,5,7420.280292123671
49,4,7734.295040332523
49,3,7930.529729841881
49,2,32849.04673394637
49,1,33750.421829322804
50,50,8.069532517855915
50,49,14.299435020296176
50,48,29.368203930725134
50,47,38.76522639518089
50,46,74.08910753527582
50,45,92.13841644395134
50,44,111.8791183367515
50,43,132.61683247081936
50,42,153.40975643940902
50,41,180.96443400081094
50,40,203.68280554841087
50,39,228.07213528833498
50,38,253.25540036378405
50,37,278.03728742825916
50,36,374.9723139309471
50,35,400.5006267929415
50,34,426.4842028199959
50,33,460.6422991105317
50,32,493.2106946975983
50,31,520.8155355450543
50,30,592.0738659092937
50,29,621.5141271791998
50,28,1113.290202179575
50,27,1180.405392209744
50,26,1252.9450788267932
50,25,1327.1919261732567
50,24,1398.9742623311902
50,23,1497.2993314314444
50,22,1577.6336637960026
50,21,1659.5017006438397
50,20,1743.09123332783
50,19,1823.769075622621
50,18,2059.2658463127677
50,17,2131.169869193716
50,16,2204.0884166064316
50,15,2300.007791052801
50,14,2412.6963394847103
50,13,2490.3713178726716
50,12,2648.300716491936
50,11,2725.4389913975506
50,10,6395.040670364862
50,9,6603.685536462388
50,8,6815.385153332033
50,7,7091.549483952178
50,6,7530.158744081855
50,5,7760.869841894249
50,4,8082.47558272106
50,3,8283.534207033252
50,2,34270.051438092654
50,1,35192.522164553375
51,51,8.796401936285694
51,50,16.361498964771553
51,49,24.124159654023597
51,48,42.157004502530825
51,47,52.62092915270883
51,46,96.52916067399369
51,45,116.11060982569228
51,44,137.36336338310755
51,43,159.53624836796382
51,42,181.6309998541795
51,41,210.8818143518401
51,40,234.86089009656
51,39,260.5309204973684
51,38,286.9761693053221
51,37,312.93396932857195
51,36,414.67227381744266
51,35,441.2117790274388
51,34,468.20729543240645
51,33,503.7140672855474
51,32,537.9243097664856
51,31,566.5447089387577
51,30,640.6526174893459
51,29,671.1240297403505
51,28,1199.9724447491783
51,27,1269.3054020116613
51,26,1344.199078028224
51,25,1420.7976255540655
51,24,1494.792848239447
51,23,1596.094904258685
51,22,1679.294091144675
51,21,1763.556689609098
51,20,1849.542079577282
51,19,1932.4832667886299
51,18,2174.5092704957924
51,17,2248.343001890066
51,16,2323.1942190520354
51,15,2421.5996920070093
51,14,2540.067889026481
51,13,2619.7950744233353
51,12,2781.9442675366154
51,11,2861.0820572030857
51,10,6697.256578816997
51,9,6910.8123843740705
51,8,7127.431321464499
51,7,7409.802556342169
51,6,7873.653707986706
51,5,8110.023282308752
51,4,8439.281612362958
51,3,8645.215963717392
51,2,35724.44687122728
51,1,36668.20940201483
52,52,9.182457964688775
52,51,17.596433341673976
52,50,26.828562780929357
52,49,35.845944806438986
52,48,56.59315716851952
52,47,68.0076980076942
52,46,121.1615577582948
52,45,142.16997737986293
52,44,164.85530574392396
52,43,188.40375523166017
52,42,211.75618020069203
52,41,242.66278695083756
52,40,267.88436893592984
52,39,294.8144043237418
52,38,322.50526615708736
52,37,349.62651562047813
52,36,456.13686917006424
52,35,483.6857986920927
52,34,511.69205282814113
52,33,548.5452538626602
52,32,584.4541717295394
52,31,614.091219795406
52,30,691.0518807759786
52,29,722.5573252458324
52,28,1289.7021901967591
52,27,1361.2510039181757
52,26,1438.496797548195
52,25,1517.4457171410852
52,24,1593.6534249359522
52,23,1697.9300104769786
52,22,1784.057082930129
52,21,1870.7175383946087
52,20,1959.1024318014497
52,19,2044.3110961020573
52,18,2292.9000784473706
52,17,2368.670387136967
52,16,2445.4612318963327
52,15,2546.3594980880853
52,14,2670.9163442368776
52,13,2752.71008448004
52,12,2919.1088647302954
52,11,3000.261251598117
52,10,7006.565189262584
52,9,7225.049880498771
52,8,7446.606322989496
52,7,7735.200079444274
52,6,8225.746350006228
52,5,8467.83391040729
52,4,8804.80346416271
52,3,9015.667231120397
52,2,37212.5142962462
52,1,38177.771385727756
53,53,10.576757606455867
53,52,18.309901579182
53,51,28.46601961376176
53,50,39.178989406997815
53,49,49.26403350770685
53,48,72.54579079144243
53,47,84.82985869940636
53,46,147.87886686126734
53,45,170.23634249541962
53,44,194.29426954662864
53,43,219.17267572807071
53,42,243.74869675318104
53,41,276.27897177587704
53,40,302.7313459079512
53,39,330.9050626862862
53,38,359.8285667938313
53,37,388.10342434906534
53,36,499.3610646281262
53,35,527.918594573021
53,34,556.935185452328
53,33,595.1333852196406
53,32,632.8023963019408
53,31,663.4577610147383
53,30,743.2754771032364
53,29,775.8182178208024
53,28,1382.4746608975436
53,27,1456.2380028828895
53,26,1535.8345554217951
53,25,1617.1329590188484
53,24,1695.553123397422
53,23,1802.8021312224857
53,22,1891.9242804055123
53,21,1980.9862290255646
53,20,2071.7745832701494
53,19,2159.2551391591646
53,18,2414.4431648337554
53,17,2492.1571231951875
53,16,2570.8947531931576
53,15,2674.2927029877023
53,14,2805.2644555324623
53,13,2889.1396236055944
53,12,3059.8188207112457
53,11,3143.0013987195043
53,10,7322.975948957132
53,9,7546.407836915622
53,8,7772.920329715986
53,7,8067.752494371178
53,6,8586.52185475772
53,5,8834.388991173797
53,4,9179.141176114426
53,3,9394.990144635696
53,2,38734.624949388526
53,1,39721.588110223645
54,54,12.023633409155673
54,53,20.401291247767688
54,52,29.493880300716913
54,51,41.169379778013194
54,50,53.21372496684091
54,49,64.23786573081057
54,48,89.92171922354605
54,47,103.01791842861576
54,46,176.60043218991348
54,45,200.24853696806437
54,44,225.63331169406158
54,43,251.8064625793015
54,42,277.57960154537966
54,41,311.7077789058204
54,40,339.3845293434104
54,39,368.7890712120566
54,38,398.93498526512013
54,37,428.3557504935176
54,36,544.3416328052014
54,35,573.9077432623698
54,34,603.9349670615645
54,33,643.4774697538433
54,32,682.9727165454127
54,31,714.6486103614334
54,30,797.3288224017889
54,29,830.9125120843971
54,28,1478.2873721038052
54,27,1554.2645168628246
54,26,1636.2110222569056
54,25,1719.8585153156246
54,24,1800.4915410384763
54,23,1910.7113135485774
54,22,2002.9001025507914
54,21,2094.367614653635
54,20,2187.5637982379744
54,19,2277.321041955056
54,18,2539.1468343248052
54,17,2618.8118167872
54,16,2699.503689976214
54,15,2805.4085427868704
54,14,2943.1395655268134
54,13,3029.1116831408144
54,12,3204.1034209937297
54,11,3289.3324212455204
54,10,7646.508320662366
54,9,7874.906377714333
54,8,8106.394126771209
54,7,8407.481248983282
54,6,8956.08001469808
54,5,9209.790804808033
54,4,9562.388640740617
54,3,9783.280558817407
54,2,40291.05015283612
54,1,41299.93720639376
55,55,4.122357404365232
55,54,22.56927091956443
55,53,32.22345264940824
55,52,42.50825220578193
55,51,55.52066519246118
55,50,68.79368385855408
55,49,80.66683011045966
55,48,108.65331508882005
55,47,122.52052748718765
55,46,207.26452647121886
55,45,232.15896217821964
55,44,258.8353320359962
55,43,286.27580387070304
55,42,313.2253455799111
55,41,348.9305786902229
55,40,377.8296654227807
55,39,408.4549035858485
55,38,439.8151691414578
55,37,470.3758527992899
55,36,591.0758173900922
55,35,621.6511241366159
55,34,652.6898315137253
55,33,693.5765304187416
55,32,734.9689499569499
55,31,767.6680395345019
55,30,853.2171645903027
55,29,887.8457809109841
55,28,1577.136864940368
55,27,1655.3275465618192
55,26,1739.6236114363214
55,25,1825.6201606256966
55,24,1908.4667653384536
55,23,2021.6559438107893
55,22,2116.9873127693913
55,21,2210.864776865535
55,20,2306.473455013728
55,19,2398.5124569698464
55,18,2667.017132531122
55,17,2748.6407287618404
55,16,2831.2945160498484
55,15,2939.713706683067
55,14,3084.567037682119
55,13,3172.652199217802
55,12,3351.9897463896978
55,11,3439.2819645862837
55,10,7977.174500806819
55,9,8210.558121355883
55,8,8447.040751585635
55,7,8754.399729006493
55,6,9334.515065727732
55,5,9594.135892493512
55,4,9954.651019017138
55,3,10180.645834294035
55,2,41882.16132495585
55,1,42913.198812049784
56,56,5.041482947532306
56,55,9.539452490699896
56,54,35.03946546071154
56,53,45.85048070970358
56,52,57.16821962393351
56,51,71.38596112850867
56,50,85.81965292557288
56,49,98.4776591883347
56,48,128.69087853714362
56,47,143.29940300132597
56,46,239.8234389900992
56,45,265.93033493966266
56,44,293.87093562172726
56,43,322.55724683076596
56,42,350.6669298114454
56,41,387.93226327906
56,40,418.0553785235933
56,39,449.89338870061334
56,38,482.461728234685
56,37,514.1577593467097
56,36,639.5620283003556
56,35,671.1476935199471
56,34,703.1992202093153
56,33,745.430538237308
56,32,788.7960159800726
56,31,822.5213960202449
56,30,910.9468167916617
56,29,946.6246607673713
56,28,1679.0210137211268
56,27,1759.425419666152
56,26,1846.0710684742771
56,25,1934.4170157552894
56,24,2019.47824960144
56,23,2135.635812577852
56,22,2234.1902413861494
56,21,2330.482404086187
56,20,2428.508582716423
56,19,2522.8347321334354
56,18,2798.061978021047
56,17,2881.652040280301
56,16,2966.2756740222753
56,15,3077.216917225926
56,14,3229.5750880084424
56,13,3319.7900297503797
56,12,3503.5079452859513
56,11,3592.880813121337
56,10,8314.99197151
56,9,8553.381116983604
56,8,8794.878819734504
56,7,9108.527090763537
56,6,9721.930533533383
56,5,9987.530333359531
56,4,10356.030922642069
56,3,10587.190731563178
56,2,43508.276065978556
56,1,44561.69799052935
57,57,5.362877485071749
57,56,11.514498976435661
57,55,19.299071448140875
57,54,49.285067104281154
57,53,61.10549560754265
57,52,73.33987050305468
57,51,88.66836210131997
57,50,104.21953665642324
57,49,117.61613654722812
57,48,149.99738849275474
57,47,165.3256627507357
57,46,274.23966588339044
57,45,301.53293545586365
57,44,330.7163851853817
57,43,360.6316196443332
57,42,389.8886398004919
57,41,428.70019771743694
57,40,460.0522604880389
57,39,493.0968905883765
57,38,526.8684711714685
57,37,559.696437215405
57,36,689.7990876674725
57,35,722.396719795763
57,34,755.4628010072993
57,33,799.0396021249576
57,32,844.4590971375303
57,31,879.2142373608239
57,30,970.5242089598527
57,29,1007.2558700176143
57,28,1783.9372762182904
57,27,1866.555962799153
57,26,1955.5515564039708
57,25,2046.247543268437
57,24,2133.5247209291497
57,23,2252.6499009966246
57,22,2354.5124706802976
57,21,2453.2243747203865
57,20,2553.6733401221245
57,19,2650.2922889115307
57,18,2932.288245720614
57,17,3017.8528458901537
57,16,3104.454476812352
57,15,3217.925711487703
57,14,3378.1914362526936
57,13,3470.553508714091
57,12,3658.687590368375
57,11,3750.159150749158
57,10,8659.974738649384
57,9,8903.389822279394
57,8,9149.923239018415
57,7,9469.878632069676
57,6,10118.429104890487
57,5,10390.079331283887
57,4,10766.641701614055
57,3,11003.030975466605
57,2,45169.79040620855
57,1,46245.84006819696
58,58,5.441155770778564
58,57,11.520599469114682
58,56,21.46055559967402
58,55,36.23217436306912
58,54,65.13925523684617
58,53,77.85819066911569
58,52,90.92624786831308
58,51,107.29681025469206
58,50,123.94021141772394
58,49,138.04171079047745
58,48,172.54511087528167
58,47,188.57747592223325
58,46,310.483533809772
58,45,338.94299156576506
58,44,369.35251724454594
58,43,400.4833232641468
58,42,430.8776056668055
58,41,471.2239969032599
58,40,503.8127974005386
58,39,538.0593540999038
58,38,573.0305466565562
58,37,606.9880107464342
58,36,741.7866375618264
58,35,775.3982348836537
58,34,809.4809602890941
58,33,854.404508578753
58,32,901.9642286955407
58,31,937.7529562160255
58,30,1031.9565958437445
58,29,1069.7469505470117
58,28,1891.8840046943817
58,27,1976.7178862674393
58,26,2068.064118299081
58,25,2161.1110881406094
58,24,2250.605795344808
58,23,2372.6980960854717
58,22,2477.958635305424
58,21,2579.0956398401463
58,20,2681.9729817284497
58,19,2780.8906683626374
58,18,3069.7040458036063
58,17,3157.2515025747975
58,16,3245.8395276771016
58,15,3361.848954042008
58,14,3530.445972565148
58,13,3624.973189204758
58,12,3817.5605769719814
58,11,3911.1495348554495
58,10,9012.140150343947
58,9,9260.602121333639
58,8,9512.192429311845
58,7,9838.473274437347
58,6,10524.120745676051
58,5,10801.895559757448
58,4,11186.594029484313
58,3,11428.27956641164
58,2,46867.05296581027
58,1,47965.98190975866
59,59,5.271089576157879
59,58,10.09243735834821
59,57,22.238115564958477
59,56,37.488176614599524
59,55,55.21501692251453
59,54,82.47605030131757
59,53,92.49398326501658
59,52,109.22267724725806
59,51,127.4795388554671
59,50,144.9420486040316
59,49,159.7237473284688
59,48,196.31313227895598
59,47,213.0382692374882
59,46,348.5312534770888
59,45,378.14123244617474
59,44,409.7636416555429
59,43,442.09946979824946
59,42,473.62310525212285
59,41,515.4949492424564
59,40,549.3308724680716
59,39,584.7758628544381
59,38,620.9440386612074
59,37,656.0293810854344
59,36,795.5247699647209
59,35,830.1526630967371
59,34,865.2544278218512
59,33,911.5263368613322
59,32,961.3179067949889
59,31,998.1443787127087
59,30,1095.2516221541277
59,29,1134.1058195379242
59,28,2002.8596420024712
59,27,2089.9099481525477
59,26,2183.6078054888703
59,25,2279.006968396346
59,24,2370.7210315818356
59,23,2495.780192887939
59,22,2604.5333816769667
59,21,2708.1011390841595
59,20,2813.412729029747
59,19,2914.635359234089
59,18,3210.3174254480987
59,17,3299.8562925617975
59,16,3390.4393435259635
59,15,3508.995408356401
59,14,3686.3692897279584
59,13,3783.0803344019632
59,12,3980.1595298397774
59,11,4075.8852621260326
59,10,9371.50502682109
59,9,9625.035342222207
59,8,9881.704226324111
59,7,10214.329318816506
59,6,10939.118321112204
59,5,11223.094662545203
59,4,11616.008742132799
59,3,11863.059884556495
59,2,48600.47309992174
59,1,49722.54253161112
60,60,5.348654232888958
60,59,10.280074360216465
60,58,22.671708688193682
60,57,38.56556642568228
60,56,67.59753541382284
60,55,81.38558329094222
60,54,94.2879114103197
60,53,111.36480430683183
60,52,129.67846298997665
60,51,143.6545724851185
60,50,170.7236683874594
60,49,197.27608197365407
60,48,221.28567394004426
60,47,238.69549889219272
60,46,388.3635957440266
60,45,419.11192819817984
60,44,451.9368410145302
60,43,485.4693681456194
60,42,518.1161836541124
60,41,561.5057435244072
60,40,596.6015666249889
60,39,633.2424967700778
60,38,670.6058680713061
60,37,706.8181619042161
60,36,851.014032502078
60,35,886.6608412418323
60,34,922.784309283286
60,33,970.4065045353003
60,32,1022.5271509179859
60,31,1060.3958357598533
60,30,1160.417411109833
60,29,1200.3408649530618
60,28,2116.8628815786906
60,27,2206.1311285339107
60,26,2302.1818660099657
60,25,2399.934677267467
60,24,2493.870145906435
60,23,2621.8961255280965
60,22,2734.241613601123
60,21,2840.246059190109
60,20,2947.9980419065178
60,19,3051.53208153836
60,18,3354.136687726146
60,17,3445.6757524479935
60,16,3538.2626943638547
60,15,3659.3740896627028
60,14,3845.9930863350787
60,13,3944.907332656562
60,12,4146.518242304407
60,11,4244.400819493733
60,10,9738.08661988019
60,9,9996.707244874386
60,8,10258.476898210753
60,7,10597.465499455173
60,6,11363.538874714191
60,5,11653.796570003218
60,4,12055.004591434159
60,3,12307.493196197694
60,2,50370.428112858055
60,1,51515.908248117805
61,61,5.426729584094872
61,60,10.469358994674012
61,59,23.102618320059186
61,58,39.18836253966308
61,57,69.033331080167
61,56,82.70662677530474
61,55,96.22237861454914
61,54,113.64879852727739
61,53,132.10593759272032
61,52,146.73232494165472
61,51,174.03500019269208
61,50,201.36806513434013
61,49,229.5010181056651
61,48,247.45088830208164
61,47,265.53976006235274
61,46,429.9649143264986
61,45,461.84217159464026
61,44,495.8614402050771
61,43,530.5841297744057
61,42,564.349357902908
61,41,609.2502538912081
61,40,645.6209989366874
61,39,683.4562154154269
61,38,722.0137094205073
61,37,759.3526219239494
61,36,908.2554239755759
61,35,944.9240245312598
61,34,982.0721010660816
61,33,1031.046791421036
61,32,1085.599541959779
61,31,1124.5152072415203
61,30,1227.4626200749628
61,29,1268.461005688409
61,28,2233.8927621376693
61,27,2325.3807331465396
61,26,2423.7858570007816
61,25,2523.894003819976
61,24,2620.0531402113206
61,23,2751.046104592691
61,22,2867.088638789837
61,21,2975.5359877398178
61,20,3085.7347794794355
61,19,3191.586954075666
61,18,3501.1705784942187
61,17,3594.718865492742
61,16,3689.318801009661
61,15,3812.9944696777434
61,14,4009.3504167198175
61,13,4110.487954211102
61,12,4316.671946746616
61,11,4416.732161304447
61,10,10111.903157248105
61,9,10375.636579927585
61,8,10642.529719069631
61,7,10987.901576245798
61,6,11797.504428572382
61,5,12094.12632186092
61,4,12503.700004236009
61,3,12761.700461509208
61,2,52177.2742358769
61,1,53346.443981054545
62,62,5.505313301194334
62,61,10.660287198608609
62,60,23.875775702808568
62,59,39.80639708019529
62,58,59.05333537737319
62,57,87.14526113373257
62,56,98.20932883713203
62,55,115.9980526106057
62,54,134.46585943982168
62,53,149.8708162018994
62,52,176.34422108218251
62,51,205.03390609897838
62,50,233.9815439506612
62,49,251.8368803322389
62,48,270.3461435743285
62,47,311.0835118603219
62,46,473.32237553522714
62,45,506.32129210609054
62,44,541.5285549096869
62,43,577.4363150445708
62,42,612.3163342236999
62,41,658.7233139435994
62,40,696.3861397194099
62,39,735.4147006358661
62,38,775.165855753363
62,37,813.6315663365839
62,36,967.2503038521425
62,35,1004.943800560785
62,34,1043.1196075621501
62,33,1093.4492592686145
62,32,1150.5431495428434
62,31,1190.5108503582176
62,30,1296.3963679037427
62,29,1338.4756184280131
62,28,2353.9485256248313
62,27,2447.658249256852
62,26,2548.4194975990763
62,25,2650.8848822693412
62,24,2749.270147517389
62,23,2883.230456688643
62,22,3003.0800043940376
62,21,3113.976743383135
62,20,3226.6290247296965
62,19,3334.8063135313964
62,18,3651.4280893385417
62,17,3746.9948592500546
62,16,3843.617127317541
62,15,3969.86626165698
62,14,4176.475501905705
62,13,4279.857157460462
62,12,4490.657111233109
62,11,4592.916501318884
62,10,10492.973266471094
62,9,10761.84249688758
62,8,11033.882361142123
62,7,11385.65770613421
62,6,12241.141485793887
62,5,12544.213558755415
62,4,12962.206957717439
62,3,13225.796103465025
62,2,54021.30709039461
62,1,55214.45296959674
63,63,5.58440141056669
63,62,10.852851708956333
63,61,24.786037491697215
63,60,40.872425800612525
63,59,71.95018682431824
63,58,85.26733341940516
63,57,100.15807274721548
63,56,118.33355712984398
63,55,136.93696497388913
63,54,152.97503287986
63,53,178.64831626401894
63,52,207.61237168857795
63,51,238.00117249396695
63,50,256.26076651840884
63,49,275.19506086209003
63,48,316.63641636529877
63,47,349.1118625263814
63,46,518.4252431410068
63,45,552.5402675640759
63,44,588.9305944274712
63,43,626.019500673749
63,42,662.011620793877
63,41,709.9203620047907
63,40,748.8944768860183
63,39,789.1160365196824
63,38,830.0609065387686
63,37,869.6540286219061
63,36,1028.0000703769724
63,35,1066.7217619893045
63,34,1105.928607395281
63,33,1157.6159079728543
63,32,1217.3661820026716
63,31,1258.3912410222797
63,30,1367.2278505714112
63,29,1410.3941429708104
63,28,2477.0289102357697
63,27,2572.9626149780124
63,26,2676.0819121701584
63,25,2780.9066082440095
63,24,2881.52062205122
63,23,3018.4487782739884
63,22,3142.2206191296145
63,21,3255.573467638935
63,20,3370.6861453366087
63,19,3481.1957454746134
63,18,3804.9174011983177
63,17,3902.5121224740637
63,16,4001.1662700494035
63,15,4129.998274900662
63,14,4347.402562382653
63,13,4453.049893947257
63,12,4668.510187808812
63,11,4772.991033558127
63,10,10881.31295871236
63,9,11155.341452385575
63,8,11432.551726630647
63,7,11790.751176093589
63,6,12694.577697421897
63,5,13004.18911093558
63,4,13430.719109530657
63,3,13699.977793990038
63,2,55903.386596330885
63,1,57120.81454626254
64,64,5.921474669030943
64,63,11.443454890515678
64,62,19.623997910455103
64,61,42.11412573831646
64,60,73.27827223030036
64,59,86.83919388022065
64,58,101.97556434937752
64,57,120.5741022831301
64,56,139.1820020286785
64,55,159.3978922992986
64,54,176.1667521501134
64,53,210.1841239997386
64,52,237.81300023029718
64,51,255.84102598857766
64,50,284.22899230723027
64,49,321.6515817218006
64,48,355.0518322132195
64,47,388.95967048547703
64,46,565.2648113064118
64,45,600.4917836597839
64,44,638.0614244876617
64,43,676.3285272928937
64,42,713.4308447185135
64,41,762.8378297711473
64,40,803.1444588475161
64,39,844.5592021435625
64,38,886.6983066324551
64,37,927.4198512973875
64,36,1090.5068857244673
64,35,1130.26026521749
64,34,1170.5016453231858
64,33,1223.5495101053914
64,32,1286.0778755423012
64,31,1328.165896395746
64,30,1439.9673498351788
64,29,1484.2271249991022
64,28,2603.133968969701
64,27,2701.2941130212644
64,26,2806.7736044089656
64,25,2913.9598942149246
64,24,3016.8054725040397
64,23,3156.7021743647897
64,22,3284.5170876118377
64,21,3400.3330462536514
64,20,3517.9133032860204
64,19,3630.7626786092524
64,18,3961.6487264704215
64,17,4061.281121675522
64,16,4161.976950678573
64,15,4293.401504809859
64,14,4522.1691098003585
64,13,4630.104481833396
64,12,4850.271152716812
64,11,4956.9965534563735
64,10,11276.943792956848
64,9,11556.155583296933
64,8,11838.560532167472
64,7,12203.205260790011
64,6,13157.951582677555
64,5,13474.194961735402
64,4,13909.34079838457
64,3,14184.352220243503
64,2,57823.7078694009
64,1,59065.72950795051
65,65,5.774864601874814
65,64,11.199781827303033
65,63,23.05458179320959
65,62,39.116514100165176
65,61,74.4150679300214
65,60,88.83297717249974
65,59,91.15025631451891
65,58,122.63653343117507
65,57,142.31133337583222
65,56,162.4693697245783
65,55,179.43664186296687
65,54,213.84131095939736
65,53,243.68995001942386
65,52,265.22217586673577
65,51,291.4572253175756
65,50,325.2986246155409
65,49,360.420983121356
65,48,395.28453923087903
65,47,430.60824316888437
65,46,613.83362074353
65,45,650.1694952573974
65,44,688.9156537018474
65,43,728.3587963686399
65,42,766.5700495471772
65,41,817.4724250687749
65,40,859.1347623305995
65,39,901.7433190079887
65,38,945.0775694494253
65,37,986.9288833376678
65,36,1154.7727531017767
65,35,1195.5614763231579
65,34,1236.8410460401249
65,33,1291.2525814501644
65,32,1356.6874221475964
65,31,1399.844268125079
65,30,1514.6250327042032
65,29,1559.9849781947441
65,28,2732.2628775028875
65,27,2832.652094752777
65,26,2940.49409086391
65,25,3050.0444106526065
65,24,3155.1245142933667
65,23,3297.990589344724
65,22,3429.9749333507352
65,21,3548.261231426707
65,20,3668.3164746191496
65,19,3783.5133060412963
65,18,4121.630942079428
65,17,4223.310946918788
65,16,4326.058472935345
65,15,4460.0854750908375
65,14,4700.812140835567
65,13,4811.058706667794
65,12,5035.979417340123
65,11,5144.973276781793
65,10,11679.883218597539
65,9,11964.302803524817
65,8,12251.927156892936
65,7,12623.03874907057
65,6,13631.401469953325
65,5,13954.372919509953
65,4,14398.299472205004
65,3,14679.151473869093
65,2,59783.31419912577
65,1,61050.26407184237
66,66,5.8711811509816325
66,65,11.375163442095028
66,64,23.809848736786936
66,63,40.33852469945286
66,62,75.65217100673668
66,61,90.86119270436022
66,60,105.37231477260306
66,59,113.150057115306
66,58,146.21744418453375
66,57,161.2743418198652
66,56,181.4346710528262
66,55,217.8706854748547
66,54,246.29565679896888
66,53,271.80935106460583
66,52,293.81454949127686
66,51,328.9378669404985
66,50,364.3429048352295
66,49,401.00590955658714
66,48,437.3158244384596
66,47,474.0418980532083
66,46,664.1255815839924
66,45,701.56823161662
66,44,741.4889097371631
66,43,782.1066074420039
66,42,821.4260846082146
66,41,873.8215787478445
66,40,916.8647839003656
66,39,960.6681847360012
66,38,1005.19885087725
66,37,1048.181591188689
66,36,1220.800262634016
66,35,1262.6281484215137
66,34,1304.9497229663655
66,33,1360.7282305240362
66,32,1429.2048737750242
66,31,1473.4366786477055
66,30,1591.2119715086312
66,29,1637.6790374026675
66,28,2864.4157659815373
66,27,2967.0368848481166
66,26,3077.2438835602725
66,25,3189.160847640299
66,24,3296.478606806709
66,23,3442.315046764333
66,22,3578.600932757849
66,21,3699.36506053159
66,20,3821.902954070556
66,19,3939.4551723235722
66,18,4284.874418158739
66,17,4388.612213033243
66,16,4493.42169731799
66,15,4630.061307931868
66,14,4883.371414714219
66,13,4995.95317887801
66,12,5225.677348839964
66,11,5336.964439439559
66,10,12090.152660062873
66,9,12379.80509184704
66,8,12672.674135859446
66,7,13050.274702884657
66,6,14115.075150061819
66,5,14444.874509469924
66,4,14897.540110154308
66,3,15184.320127137136
66,2,61781.277406080546
66,1,63073.47413491073
67,67,5.968216007504751
67,66,11.551817143420346
67,65,24.21827725852145
67,64,41.375438126977066
67,63,77.05195758290503
67,62,92.55305298084737
67,61,107.34991494306928
67,60,126.55441411543951
67,59,136.34356298877464
67,58,164.1975849536575
67,57,185.1156052163151
67,56,213.51895005771908
67,55,252.08092196693
67,54,274.3347520087748
67,53,308.62596885088254
67,52,323.58378690816687
67,51,368.2552549407114
67,50,405.2018140735744
67,49,443.3874288167956
67,48,481.1298290398509
67,47,519.2472591772075
67,46,716.1354890187372
67,45,754.6835382162827
67,44,795.7773965639077
67,43,837.5687226766214
67,42,877.9961712326367
67,41,931.8830041447975
67,40,976.3341922340252
67,39,1021.3338149121769
67,38,1067.0624783711041
67,37,1111.1785741451688
67,36,1288.592041259254
67,35,1331.4630542659263
67,34,1374.8305929982514
67,33,1431.9795492502908
67,32,1503.6405127451449
67,31,1548.953672365051
67,30,1669.7394428766984
67,29,1717.3208368233886
67,28,2999.5924342677495
67,27,3104.4484497625617
67,26,3217.0231079134646
67,25,3331.309481185572
67,24,3440.8681700444035
67,23,3589.6760981030134
67,22,3730.4015034044037
67,21,3853.651188023468
67,20,3978.6796296733496
67,19,4098.595392998068
67,18,4451.389076394953
67,17,4557.195069127571
67,16,4664.077001238785
67,15,4803.339619670511
67,14,5069.887284857164
67,13,5184.8291140761075
67,12,5419.407945818793
67,11,5533.013922468196
67,10,12507.771985899843
67,9,12802.682823772433
67,8,13100.822353071155
67,7,13484.934470999326
67,6,14609.123657173976
67,5,14945.854608810487
67,4,15407.4394256108
67,3,15700.242304162268
67,2,63819.61556130767
67,1,65137.4202179645
68,68,6.065965080060342
68,67,11.729738137723828
68,66,24.621813897102832
68,65,41.95539886243098
68,64,78.55401914094267
68,63,94.03925203157286
68,62,109.42699871701487
68,61,128.79488079618227
68,60,151.2854914752855
68,59,167.33454110941085
68,58,188.38901165566975
68,57,217.57563152500754
68,56,247.57564675918542
68,55,278.9475920257146
68,54,300.07669160720997
68,53,339.3411287153566
68,52,373.60802913383094
68,51,409.38629453098713
68,50,447.8561930697684
68,49,487.54955104457366
68,48,526.7130857125017
68,47,566.2129128336728
68,46,769.8589523188982
68,45,809.5116454911949
68,44,851.7778962143404
68,43,894.7423959013904
68,42,936.2779541318508
68,41,991.6547713015643
68,40,1037.5430197146006
68,39,1083.7405500929171
68,38,1130.6690719815858
68,37,1175.920697814995
68,36,1358.1509277407972
68,35,1402.0691702245635
68,34,1446.4867692909825
68,33,1505.0098169304877
68,32,1580.0050772809432
68,31,1626.4062500235143
68,30,1750.2191846775538
68,29,1798.9223757828101
68,28,3137.7927990954167
68,27,3244.8868638387244
68,26,3359.8319889625413
68,25,3476.490679723097
68,24,3588.29371044247
68,23,3740.0743746255857
68,22,3885.3832808627835
68,21,4011.126483699716
68,20,4138.6536026912645
68,19,4260.941295278394
68,18,4621.185091743038
68,17,4729.069918441371
68,16,4838.035017195944
68,15,4979.931282851722
68,14,5260.401551566373
68,13,5377.729207044391
68,12,5617.21575585516
68,11,5733.167190754862
68,10,12932.761515426651
68,9,13232.956828804041
68,8,13536.393149933112
68,7,13927.03986352885
68,6,15113.703858260244
68,5,15457.474103613067
68,4,15928.036530352647
68,3,16226.958541498772
68,2,65898.01680191369
68,1,67241.78738311704
69,69,6.164424914983236
69,68,11.908922934660904
69,67,25.361177618391142
69,66,42.52730686996653
69,65,80.09679204033331
69,64,95.45396743763615
69,63,111.52914279926767
69,62,131.08926172892265
69,61,153.55147175537667
69,60,170.56402667390046
69,59,190.6397503174703
69,58,221.1891891114795
69,57,259.6647936289612
69,56,280.1908311442776
69,55,301.69477904787664
69,54,334.60649647206725
69,53,379.3440008373453
69,52,415.0849682646589
69,51,452.31165530598497
69,50,492.2899209097575
69,49,533.4787627333417
69,48,574.0541716491579
69,47,614.9291517705575
69,46,825.2923567340595
69,45,866.0494613388904
69,44,909.4877869007548
69,43,953.6254119596848
69,42,996.2695581437571
69,41,1053.1353815639939
69,40,1100.4917508179733
69,39,1147.8891561687149
69,38,1196.0196555669966
69,37,1242.4092149150815
69,36,1429.4801255695995
69,35,1474.4498358754213
69,34,1519.921727410588
69,33,1579.8226747094884
69,32,1658.3099558929662
69,31,1705.806069721064
69,30,1832.6636139952025
69,29,1882.4963432671473
69,28,3279.017264485178
69,27,3388.3526934408164
69,26,3505.6712500228646
69,25,3624.7053173392974
69,24,3738.756247948028
69,23,3893.511033027822
69,22,4043.5535838326955
69,21,4171.798513108131
69,20,4301.832683452625
69,19,4426.500928626782
69,18,4794.273446763841
69,17,4904.247985521432
69,16,5015.307212905833
69,15,5159.848023189954
69,14,5454.958146569666
69,13,5574.698332055364
69,12,5819.1476081536775
69,11,5937.472041410649
69,10,13365.143563755757
69,9,13670.649970858709
69,8,13979.40994142847
69,7,14376.61481406189
69,6,15628.980524035562
69,5,15979.902011520282
69,4,16459.598251919593
69,3,16764.741148395773
69,2,68017.68399529281
69,1,69387.80483862049
70,70,6.263591474776066
70,69,12.089366983894168
70,68,26.230826891093276
70,67,43.53715241513793
70,66,81.61749847146632
70,65,96.93358244649805
70,64,113.58017685170344
70,63,133.33448647219595
70,62,155.95471591272053
70,61,173.76016903333934
70,60,192.87816148805624
70,59,223.69539240313637
70,58,264.26056022083003
70,57,284.8508829158708
70,56,306.30618094891906
70,55,340.11578903136956
70,54,374.48496096071904
70,53,421.14945608323205
70,52,458.35398626564506
70,51,497.01500383535597
70,50,538.4892963796008
70,49,581.1635176302184
70,48,623.1432796482416
70,47,665.3876055192139
70,46,882.4326091594158
70,45,924.294329114305
70,44,968.904808834173
70,43,1014.2158567945564
70,42,1057.9693600149183
70,41,1116.3235374867709
70,40,1165.1810897847909
70,39,1213.7805881432214
70,38,1263.1154155701145
70,37,1310.6455185147975
70,36,1502.5829289031096
70,35,1548.608472416408
70,34,1595.139015964307
70,33,1656.421825699006
70,32,1738.5668841058025
70,31,1787.1651353957006
70,30,1917.0854930999185
70,29,1968.055774921124
70,28,3423.2661006126136
70,27,3534.846355342851
70,26,3654.5414489151963
70,25,3775.954087369103
70,24,3892.256607823877
70,23,4049.9870174550565
70,22,4204.919649578081
70,21,4335.674748228197
70,20,4468.224576861552
70,19,4595.28222608341
70,18,4970.665022120782
70,17,5082.740385240255
70,16,5195.904938613737
70,15,5343.101438568566
70,14,5653.602154332082
70,13,5775.782542781374
70,12,6025.251569939394
70,11,6145.977539169364
70,10,13804.93988639244
70,9,14115.784532764752
70,8,14429.895539851277
70,7,14833.682625057083
70,6,16155.123626401328
70,5,16513.312722515326
70,4,17002.147300790333
70,3,17313.614220422605
70,2,70178.16833740314
70,1,71575.01942918914
71,71,5.5640447422507515
71,70,13.646928904225204
71,69,20.964471076162024
71,68,44.71472035291724
71,67,65.22686195717863
71,66,102.20486969020494
71,65,115.50242997285515
71,64,135.42548898762305
71,63,149.596265098001
71,62,180.50491464181084
71,61,199.03190875185143
71,60,226.18690973465684
71,59,258.7201383701167
71,58,293.60624374302677
71,57,314.8967352115823
71,56,345.0678596988189
71,55,380.36564949839806
71,54,416.17035252170905
71,53,464.7372424404749
71,52,503.3985800184603
71,51,543.4824301974598
71,50,586.4425820305922
71,49,630.5938695031692
71,48,673.971917545689
71,47,717.5809907356097
71,46,941.2770070412906
71,45,984.2439110377339
71,44,1030.02695903212
71,43,1076.5120210076889
71,42,1121.3758985429974
71,41,1181.2180585181773
71,40,1231.6118803034256
71,39,1281.415912603574
71,38,1331.957625491327
71,37,1380.631067883766
71,36,1577.4626498571781
71,35,1624.5485095310921
71,34,1672.142182906886
71,33,1734.810960361272
71,32,1820.787878191881
71,31,1870.4957299661437
71,30,2003.4978605266879
71,29,2055.613983252406
71,28,3570.5393010913494
71,27,3684.3679714580544
71,26,3806.4428298246416
71,25,3930.237351243114
71,24,4048.795266541125
71,23,4209.502901260618
71,22,4369.48847243748
71,21,4502.7624024686875
71,20,4637.836713796105
71,19,4767.292832190393
71,18,5150.370414339834
71,17,5264.557937367473
71,16,5379.8392384479575
71,15,5529.702806216989
71,14,5856.379666189468
71,13,5981.02892496962
71,12,6235.576796325074
71,11,6358.733864998643
71,10,14252.171194267614
71,9,14568.381722459168
71,8,14887.871652083279
71,7,15298.265453738897
71,6,16692.30806686334
71,5,17057.885729603506
71,4,17555.973211842043
71,3,17873.873292963093
71,2,72380.78342887358
71,1,73804.77364147728
72,72,6.2908225069673955
72,71,14.241766008554732
72,70,21.026549662415334
72,69,31.96408260632681
72,68,66.72324794245033
72,67,103.92418709071764
72,66,120.24150288044736
72,65,137.95062094949776
72,64,158.87183661133224
72,63,180.7384534572682
72,62,206.30833201745426
72,61,225.53737585868342
72,60,261.4649452800633
72,59,298.57401089564337
72,58,319.91442429969123
72,57,348.5834514191085
72,56,385.65607671341513
72,55,422.41960876657276
72,54,459.641936556268
72,53,510.09027326387496
72,52,550.204869550296
72,51,591.702205086979
72,50,636.1398681108459
72,49,681.7614218000307
72,48,726.5329266066735
72,47,771.5031864045129
72,46,1001.8234961606253
72,45,1045.8964738579205
72,44,1092.8528035760269
72,43,1140.5127369202226
72,42,1186.4882341091907
72,41,1247.8182679757997
72,40,1299.7855151742228
72,39,1350.7967387425078
72,38,1402.5480979204278
72,37,1452.367860300845
72,36,1654.1231671282708
72,35,1702.2739516664367
72,34,1750.935359565163
72,33,1814.9943637535596
72,32,1904.9858848967353
72,31,1955.8110836643389
72,30,2091.9147488446715
72,29,2145.1852946952536
72,28,3720.837839669695
72,27,3836.9186669381365
72,26,3961.376665684481
72,25,4087.556525687227
72,24,4208.37378183212
72,23,4372.0603750239825
72,22,4537.268350856152
72,21,4673.070025706548
72,20,4810.677894762251
72,19,4942.54179321245
72,18,5333.40176405802
72,17,5449.713035781979
72,16,5567.122760981432
72,15,5719.665047021338
72,14,6063.3399233910395
72,13,6190.48778640485
72,12,6450.175816295989
72,11,6575.794648645463
72,10,14706.862221034988
72,9,15028.466853611762
72,8,15353.364174719749
72,7,15770.389754312662
72,6,17240.719928786235
72,5,17613.81202582017
72,4,18121.34023268378
72,3,18445.788199020233
72,2,74626.62308018011
72,1,76078.18588754156
73,73,7.358268970815288
73,72,13.999454387824679
73,71,22.434321474656567
73,70,34.07839018097266
73,69,46.69603846730821
73,68,91.79476938222548
73,67,126.19445978517557
73,66,143.20518948387428
73,65,161.68842672046856
73,64,183.5658496292638
73,63,209.69973085896316
73,62,229.16902413460474
73,61,265.3691547471408
73,60,298.6579965921218
73,59,329.4312766537642
73,58,351.45687117472437
73,57,389.42940726585584
73,56,428.0458084684629
73,55,466.2567096921976
73,54,504.8820050801031
73,53,557.1938295511017
73,52,598.7608998460141
73,51,641.6641518506057
73,50,687.572492784207
73,49,734.658779170282
73,48,780.8199519638331
73,47,827.1487138347495
73,46,1064.0701160247686
73,45,1109.2503213119626
73,44,1157.3808938860836
73,43,1206.2167766886096
73,42,1253.305328100509
73,41,1316.1233455482873
73,40,1369.7032660019222
73,39,1421.9245244353585
73,38,1474.8884661029135
73,37,1525.8576886412275
73,36,1732.5680842387708
73,35,1781.788511827469
73,34,1831.5223696345201
73,33,1896.9759917577096
73,32,1991.1738247418111
73,31,2043.124391580745
73,30,2182.350133073876
73,29,2236.783970843493
73,28,3874.161769760901
73,27,3992.498609443857
73,26,4119.343232712568
73,25,4247.911991521006
73,24,4370.992638466497
73,23,4537.660006766385
73,22,4708.266564572694
73,21,4846.6051104848075
73,20,4986.755824101756
73,19,5121.03702231711
73,18,5519.7700174123165
73,17,5638.216848875434
73,16,5757.76689805985
73,15,5912.999784264322
73,14,6274.532270531391
73,13,6404.209546200536
73,12,6669.101291275068
73,11,6797.213664053167
73,10,15169.034134322608
73,9,15496.061587727205
73,8,15826.395265254087
73,7,16250.078129503176
73,6,17800.54793311014
73,5,18181.28537970546
73,4,18698.333605526277
73,3,19029.446937972076
73,2,76915.59744562894
73,1,78395.1700518847
74,74,7.7419320439362656
74,73,14.666391715704938
74,72,23.869752427403842
74,71,35.93706294874451
74,70,49.31996035443124
74,69,63.34261865775933
74,68,119.59515129563991
74,67,149.78620194677674
74,66,163.91277925308188
74,65,185.88100063748038
74,64,217.84824909337829
74,63,237.0330677676113
74,62,269.7268117285697
74,61,302.8906052279552
74,60,337.72199605441284
74,59,361.4617073397634
74,58,384.17156381557
74,57,432.07547448870656
74,56,472.21605847228227
74,55,511.85926188965516
74,54,551.8755315440305
74,53,606.035372504238
74,52,649.0565662330293
74,51,693.3596641509922
74,50,740.7331382196551
74,49,789.2797102473047
74,48,836.827661816861
74,47,884.5130052461931
74,46,1128.0154572834874
74,45,1174.3042823617823
74,44,1223.6102859268142
74,43,1273.6234015978155
74,42,1321.8266203148419
74,41,1386.1329406294774
74,40,1441.3669267993876
74,39,1494.8012487575893
74,38,1548.980885361688
74,37,1601.1028703238721
74,36,1812.801567985575
74,35,1863.096475600491
74,34,1913.9076189864154
74,33,1980.7603947512405
74,32,2079.3655749260643
74,31,2132.4498237041084
74,30,2274.819013187559
74,29,2330.42531926097
74,28,4030.5121257045084
74,27,4151.108971290273
74,26,4280.343837755657
74,25,4411.305187043648
74,24,4536.653404826349
74,23,4706.30348406687
74,22,4882.49170411619
74,21,5023.376492429385
74,20,5166.079582247055
74,19,5302.787840655221
74,18,5709.487671275502
74,17,5830.082125410226
74,16,5951.784651852395
74,15,6109.720290195677
74,14,6490.00934893721
74,13,6622.247996980394
74,12,6892.409418075696
74,11,7023.04830053791
74,10,15638.712122632602
74,9,15971.191688682198
74,8,16306.991265975386
74,7,16737.357471911862
74,6,18371.992691967098
74,5,18760.511799300864
74,4,19287.172608435878
74,3,19625.07387965389
74,2,79248.46235035812
74,1,80756.50153830524
75,75,8.134901216186003
75,74,15.348368969621768
75,73,25.574917307198607
75,72,37.824908431428945
75,71,51.62912894013065
75,70,66.47136681505611
75,69,81.70495997547175
75,68,151.8692864121124
75,67,170.42084967120252
75,66,189.1488100538289
75,65,212.03009102028096
75,64,253.47224277008843
75,63,265.57590596819085
75,62,307.6045497138848
75,61,342.2805539733829
75,60,378.620754511839
75,59,394.6615534592381
75,58,436.16878609897725
75,57,476.5003970478935
75,56,518.1489707837056
75,55,559.2121073112352
75,54,600.6095467313535
75,53,656.604002066107
75,52,701.083129236535
75,51,746.7812605865985
75,50,795.6154122255736
75,49,845.6187463622833
75,48,894.5513558810919
75,47,943.5920163015855
75,46,1193.6582453744113
75,45,1241.0572846255836
75,44,1291.5401012973655
75,43,1342.7319095535006
75,42,1392.0515625968103
75,41,1457.8466862328132
75,40,1514.7783112688628
75,39,1569.4288920581114
75,38,1624.8274953523153
75,37,1678.105692163253
75,36,1894.8277214013033
75,35,1946.202056404895
75,34,1998.0954329732147
75,33,2066.3520312202218
75,32,2169.5752629371996
75,31,2223.8018000499483
75,30,2369.336639649189
75,29,2426.1248995346427
75,28,4189.889516586677
75,27,4312.750479827091
75,26,4444.379322018495
75,25,4577.737064399256
75,24,4705.357143875371
75,23,4877.991963432233
75,22,5059.95196006331
75,21,5203.392588385342
75,20,5348.6578120259155
75,19,5487.803113974955
75,18,5902.566763023341
75,17,6025.321140380464
75,16,6149.18853638896
75,15,6309.839329955021
75,14,6709.824887598168
75,13,6844.6580506108685
75,12,7120.15758264097
75,11,7253.357172154162
75,10,16115.919847140309
75,9,16453.88135294319
75,8,16795.176911354196
75,7,17232.25301367697
75,6,18955.26059550669
75,5,19351.703295749983
75,4,19888.100077549287
75,3,20232.917426991655
75,2,81626.10115886643
75,1,83163.0858561947
76,76,8.586551815435621
76,75,15.977391744175327
76,74,25.47682616643898
76,73,40.045286916583656
76,72,53.96866912373774
76,71,69.22870603615631
76,70,85.33303567285061
76,69,101.63827181906048
76,68,176.99042885912672
76,67,196.20951243145782
76,66,215.59407772774588
76,65,239.3658408277358
76,64,291.03904761505714
76,63,295.3147605661117
76,62,347.34768940456286
76,61,383.5025841610395
76,60,400.66691544086547
76,59,424.0727721424631
76,58,480.85004174885603
76,57,522.6861763961086
76,56,565.8293302902615
76,55,608.3022542958535
76,54,651.0728759322536
76,53,708.8902835630618
76,52,754.8331052905378
76,51,801.9225275650074
76,50,852.2138350105776
76,49,903.6712050939061
76,48,953.9870195486836
76,47,1004.3823065338051
76,46,1260.9975167149644
76,45,1309.508544798818
76,44,1361.1697316698696
76,43,1413.541852894638
76,42,1463.9798489577224
76,41,1531.26444454563
76,40,1589.9395116509063
76,39,1645.80970698028
76,38,1702.4307031415349
76,37,1756.8687048459633
76,36,1978.6509233489337
76,35,2031.1097453494667
76,34,2084.0904166125833
76,33,2153.7556414932224
76,32,2261.8176735419147
76,31,2317.195408755449
76,30,2465.9189612011396
76,29,2523.8989826123156
76,28,4352.2948918993225
76,27,4477.424207198242
76,26,4611.450876593374
76,25,4747.208931177084
76,24,4877.105279676978
76,23,5052.726970490211
76,22,5240.656059508373
76,21,5386.662360823019
76,20,5534.4997113459185
76,19,5676.0922723847025
76,18,6099.019971064774
76,17,6223.94681936189
76,16,6349.99172594825
76,15,6513.37034116536
76,14,6934.035035490304
76,13,7071.497099592538
76,12,7352.405781158169
76,11,7488.201567839644
76,10,16600.68246831894
76,9,16944.15630185795
76,8,17290.978486662032
76,7,17734.79157015456
76,6,19550.567779815283
76,5,19955.08194682573
76,4,20501.25890689658
76,3,20853.12463052313
76,2,84048.73132076138
76,1,85615.15176522166
77,77,9.049819644260335
77,76,16.61856982545558
77,75,27.21555724068357
77,74,40.08629734397056
77,73,56.69745282322666
77,72,72.0173576441333
77,71,88.5350869193358
77,70,105.75986987544236
77,69,123.03530593485638
77,68,203.3327268942734
77,67,223.1977274808354
77,66,243.22266396096492
77,65,267.86834735370195
77,64,300.48086342636685
77,63,321.1200366078894
77,62,388.9195718057785
77,61,426.5265253434011
77,60,435.36502452685886
77,59,459.44480111353187
77,58,527.2901721178487
77,57,570.6173904709104
77,56,615.2440031133892
77,55,659.1184071882816
77,54,703.2557347596772
77,53,762.8858951103892
77,52,810.2999497786658
77,51,858.7778284253604
77,50,910.5235669845981
77,49,963.4329308157274
77,48,1015.1310726505263
77,47,1066.8807928402587
77,46,1330.032366433934
77,45,1379.6573118112763
77,44,1432.4985761731034
77,43,1486.052769249175
77,42,1537.6111396673184
77,41,1606.3860212179231
77,40,1666.8526047078274
77,39,1723.9459157586837
77,38,1781.7928714607242
77,37,1837.394402315993
77,36,2064.275471000872
77,35,2117.82394452472
77,34,2171.897078569634
77,33,2242.9758594452296
77,32,2356.107856449347
77,31,2412.6460043776456
77,30,2564.5821980031014
77,29,2623.7641140701717
77,28,4517.728755878641
77,27,4645.130762244275
77,26,4781.559210272426
77,25,4919.721593770367
77,24,5051.89871731839
77,23,5230.509488154827
77,22,5424.612322604693
77,21,5573.194347981658
77,20,5723.614036583063
77,19,5867.66428810033
77,18,6298.859516518047
77,17,6425.97161750581
77,16,6554.20691116212
77,15,6720.3262603400235
77,14,7162.697199198277
77,13,7302.823832988079
77,12,7589.215392056293
77,11,7727.6442023295895
77,10,17093.023648288203
77,9,17442.040721457684
77,8,17794.42070460732
77,7,18244.99833564667
77,6,20158.137046002612
77,5,20570.876763462766
77,4,21127.03630340265
77,3,21486.090756136542
77,2,86518.09237987248
77,1,88114.47645568658
78,78,8.762034485775263
78,77,16.816172548636775
78,76,28.72576737953717
78,75,42.345464122361875
78,74,56.89314061176248
78,73,75.24599670993835
78,72,91.76918988616981
78,71,109.40256658961833
78,70,127.6445939340413
78,69,145.81544569317265
78,68,230.86456979145393
78,67,251.36069057483508
78,66,272.0149399446085
78,65,297.52245894073957
78,64,331.75026578027996
78,63,352.99743101621084
78,62,432.28994005043546
78,61,471.3272814551458
78,60,471.22916309959504
78,59,495.9848738961058
78,58,575.4737080118817
78,57,620.2808841282076
78,56,666.3817392529312
78,55,711.6508567868278
78,54,757.1496901771651
78,53,818.5836550796229
78,52,867.4781331639842
78,51,917.3424213646992
78,50,970.540564169491
78,49,1024.9004834560822
78,48,1077.9805874657202
78,47,1131.084994008862
78,46,1400.762304583156
78,45,1451.5032411109482
78,44,1505.52643421381
78,43,1560.264592603742
78,42,1612.9454895139681
78,41,1683.2116159344087
78,40,1745.5201220374174
78,39,1803.8401986084464
78,38,1862.916825215945
78,37,1919.6857455677389
78,36,2151.706173444074
78,35,2206.349576718287
78,34,2261.5204571185936
78,33,2334.0178597990403
78,32,2452.4618222643016
78,31,2510.1699212383187
78,30,2665.343601701595
78,29,2725.7378923486713
78,28,4686.192475950613
78,27,4815.871636975954
78,26,4954.705936704327
78,25,5095.276785701492
78,24,5229.7393105981455
78,23,5411.3414774741495
78,22,5611.830242390404
78,21,5762.998287895365
78,20,5916.010771342986
78,19,6062.529387037094
78,18,6502.0990031697165
78,17,6631.409397237067
78,16,6761.848214788157
78,15,6930.72148799232
78,14,7395.872226639416
78,13,7538.700465167973
78,12,7830.651497183862
78,11,7971.751582194478
78,10,17592.97055708463
78,9,17947.562372370365
78,8,18305.531919900695
78,7,18762.902231849643
78,6,20778.204234910496
78,5,21199.33020928837
78,4,21765.498170002007
78,3,22131.88503598309
78,2,89033.86212679335
78,1,90660.74137280964
79,79,9.178193084618028
79,78,18.08863858940777
79,77,30.252415909269907
79,76,44.3127616996445
79,75,59.66746717790839
79,74,75.60718603812936
79,73,95.48796431485542
79,72,113.07785259230472
79,71,131.7235505839485
79,70,150.9066797468052
79,69,169.91725872278786
79,68,259.5622611543463
79,67,280.67964265692336
79,66,301.9559318059119
79,65,328.3165617505428
79,64,364.1980797649265
79,63,386.0517284576232
79,62,477.4335224558703
79,61,517.8837113061782
79,60,508.25967276034555
79,59,533.6938585703253
79,58,625.3872995654895
79,57,671.6652204797326
79,56,719.2326864628886
79,55,765.8910386710858
79,54,812.7472500066845
79,53,875.977131444796
79,52,926.3627628795753
79,51,977.6120878836384
79,50,1032.2612080312213
79,49,1088.07076579078
79,48,1142.532910853192
79,47,1196.9926454575946
79,46,1473.186814961132
79,45,1525.045940256355
79,44,1580.2530364142406
79,43,1636.1771689514017
79,42,1689.9828484153916
79,41,1761.7413024708928
79,40,1825.9445125182558
79,39,1885.4951387264257
79,38,1945.8052786527596
79,37,2003.7455725428852
79,36,2240.947690783252
79,35,2296.691407414434
79,34,2352.9654248490197
79,33,2426.8866400824418
79,32,2550.8958053604506
79,31,2609.783718678911
79,30,2768.220653406987
79,29,2829.838148255687
79,28,4857.686833025973
79,27,4989.647715766912
79,26,5130.892039526656
79,25,5273.875588092435
79,24,5410.628239734998
79,23,5595.22419748809
79,22,5802.318744635899
79,21,5956.083330145927
79,20,6111.69928950066
79,19,6260.697165184173
79,18,6708.751394820036
79,17,6840.273364380726
79,16,6972.929086246828
79,15,7144.56972926057
79,14,7633.62220515726
79,13,7779.1904922967
79,12,8076.780553758453
79,11,8220.591637113888
79,10,18100.548369754775
79,9,18460.74697351676
79,8,18824.338398446147
79,7,19288.53003051945
79,6,21411.012257544982
79,5,21840.692122148193
79,4,22417.02398206058
79,3,22790.895203954395
79,2,91597.66078300217
79,1,93255.60350834222
80,80,10.508623594274965
80,79,18.614582278620006
80,78,32.05804326374309
80,77,46.29789544330842
80,76,62.089675563764835
80,75,78.89039415089029
80,74,96.02217279874448
80,73,117.27627012356075
80,72,135.8354798606551
80,71,155.41742190631763
80,70,175.48490476512646
80,69,195.29341424278897
80,68,289.408025847318
80,67,311.1404159142932
80,66,333.03426473546085
80,65,360.2418325398218
80,64,397.81984509138607
80,63,420.27977122158643
80,62,524.329153718009
80,61,515.3043283383586
80,60,540.7130450221323
80,59,632.2478802443039
80,58,677.0194994731241
80,57,724.760554639704
80,56,773.7883372012045
80,55,821.8315391428134
80,54,870.0419178246705
80,53,935.0607455337173
80,52,986.9497233895828
80,51,1039.583305043402
80,50,1095.6825076700495
80,49,1152.9412530900104
80,48,1208.7859185809202
80,47,1264.601976480324
80,46,1547.3057345031743
80,45,1600.2853652159333
80,44,1656.6784584683346
80,43,1713.7906875859148
80,42,1768.7235092418512
80,41,1841.9754981718293
80,40,1908.1286313278126
80,39,1968.9137289717573
80,38,2030.4613597947364
80,37,2089.577139537431
80,36,2332.0051445746867
80,35,2388.854671166064
80,34,2446.23733111731
80,33,2521.5876842013945
80,32,2651.4269789644345
80,31,2711.504913462082
80,30,2873.2318427203036
80,29,2936.083742112238
80,28,5032.213355592471
80,27,5166.460647046668
80,26,5310.119284281478
80,25,5455.5198822795
80,24,5594.567502895067
80,23,5782.159749280505
80,22,5996.087791675706
80,21,6152.459683420897
80,20,6310.690047005787
80,19,6462.178322772833
80,18,6918.8308768630095
80,17,7052.577967086379
80,16,7187.4642382177235
80,15,7361.885979279026
80,14,7876.012683177061
80,13,8024.360959281886
80,12,8327.672754428113
80,11,8474.236125157326
80,10,18615.78530877518
80,9,18981.62334690883
80,8,19350.869565497553
80,7,19821.911733706424
80,6,22056.817598636604
80,5,22495.226366058385
80,4,23081.77493253913
80,3,23463.287663584993
80,2,94209.71307230779
80,1,95899.30220966441
81,81,7.14303981329265
81,80,20.525072349345358
81,79,30.21803216134039
81,78,48.62944811891916
81,77,64.53066070226963
81,76,81.76382669256351
81,75,99.80746102779617
81,74,117.9886481260827
81,73,140.50247178923692
81,72,159.96134262370765
81,71,180.4229511712068
81,70,201.33214556610568
81,69,221.9070293747495
81,68,320.3884527460926
81,67,342.73224567504064
81,66,365.24124373544964
81,65,393.2915251530284
81,64,432.61283081125026
81,63,455.67982227107103
81,62,572.9588564274071
81,61,553.8334639014641
81,60,579.9124345740931
81,59,684.1929637476226
81,58,730.360270673336
81,57,779.5581878782003
81,56,830.0411154085316
81,55,879.4657041366543
81,54,929.0278161193264
81,53,995.8294009689017
81,52,1049.2353076792213
81,51,1103.2528757395512
81,50,1160.8017252933364
81,49,1219.5096111786743
81,48,1276.737624432
81,47,1333.9113089603507
81,46,1623.1187880568334
81,45,1677.221341081234
81,44,1734.8026265267677
81,43,1793.1051706746487
81,42,1849.1675819642094
81,41,1923.914417211965
81,40,1992.0751750228378
81,39,2054.0987893486435
81,38,2116.888009992138
81,37,2177.1835034370974
81,36,2424.883429055051
81,35,2482.844365818904
81,34,2541.341279090503
81,33,2618.126216915032
81,32,2754.07269045531
81,31,2815.3511976479135
81,30,2980.3958388312226
81,29,3044.4937166214954
81,28,5209.77282557217
81,27,5346.311308644152
81,26,5492.388640363227
81,25,5640.210727801133
81,24,5781.558252112866
81,23,5972.149355073639
81,22,6193.146600318323
81,21,6352.136786115365
81,20,6512.992704592844
81,19,6666.9827411202905
81,18,7132.350795757765
81,17,7268.336794781943
81,16,7405.467504723475
81,15,7582.684328358867
81,14,8123.1104370938065
81,13,8274.280186257922
81,12,8583.399671754887
81,11,8732.758237874124
81,10,19138.707078032276
81,9,19510.217740524917
81,8,19885.15221637764
81,7,20363.07464122521
81,6,22715.884328733908
81,5,23163.204740473127
81,4,23760.11214993621
81,3,24149.431914675588
81,2,96871.44978955353
81,1,98593.30330753337
82,82,8.347447422668875
82,81,15.688587561710925
82,80,32.67029690148845
82,79,43.564295569760354
82,78,67.38117656520369
82,77,84.65668859559094
82,76,103.12751436009056
82,75,122.2690544710035
82,74,141.39648911946233
82,73,165.08542114903983
82,72,185.39425559684258
82,71,206.69312373736997
82,70,228.41179235376245
82,69,249.72914086522675
82,68,352.4934942902395
82,67,375.4470409501987
82,66,398.5703250640513
82,65,427.46060272557776
82,64,468.57578401895205
82,63,492.25139857000124
82,62,623.307368831185
82,61,593.5320877070859
82,60,620.284779977194
82,59,737.8433848873929
82,58,785.4009169216484
82,57,836.0505589228468
82,56,887.9844185951738
82,55,938.7877234776324
82,54,989.699806683032
82,53,1058.2786422660174
82,52,1113.2164046482515
82,51,1168.618142355072
82,50,1227.6166150687336
82,49,1287.773959007114
82,48,1346.3864645291353
82,47,1404.9193622750824
82,46,1700.6259888511445
82,45,1755.853978668972
82,44,1814.6257506890768
82,43,1874.1209236259906
82,42,1931.3154600842752
82,41,2007.5585582010192
82,40,2077.787188610571
82,39,2141.0534914275836
82,38,2205.0885258220073
82,37,2266.568080339177
82,36,2519.5878381584557
82,35,2578.6658953177052
82,34,2638.28278448523
82,33,2716.5078835001373
82,32,2858.851195654316
82,31,2921.341190150003
82,30,3089.732288652782
82,29,3155.088113092409
82,28,5390.366637839485
82,27,5529.201204489771
82,26,5677.701717495057
82,25,5827.949839115711
82,24,5971.602308477972
82,23,6165.1949253094535
82,22,6393.505269518202
82,21,6555.124977259131
82,20,6718.617842471224
82,19,6875.121239213974
82,18,7349.325542070106
82,17,7487.564498165671
82,16,7626.953798389467
82,15,7806.979967457409
82,14,8374.985732787354
82,13,8529.020075784361
82,12,8844.036659466972
82,11,8996.235047259674
82,10,19669.34194097892
82,9,20046.55900757238
82,8,20427.215797796507
82,7,20912.048762237824
82,6,23388.49075006344
82,5,23844.9137790851
82,4,24452.23481660129
82,3,24849.533418960546
82,2,99583.27694736785
82,1,101338.03245271815
83,83,7.345490195994287
83,82,17.487822153325236
83,81,26.496659382324165
83,80,46.52927568657061
83,79,58.370410626248244
83,78,88.01878962717036
83,77,106.46742097247918
83,76,126.03061714076688
83,75,146.16509289312037
83,74,166.1633124103109
83,73,190.96355796588358
83,72,212.08729880266603
83,71,234.1914565081781
83,70,256.6951302494941
83,69,278.7368055467002
83,68,385.7156345535981
83,67,409.2787370829939
83,66,433.01660452287206
83,65,462.74533268820005
83,64,505.7085984030454
83,63,529.9949932814977
83,62,675.361582866893
83,61,634.4029176449059
83,60,661.8330619789322
83,59,793.1903708795651
83,58,842.1337751512409
83,57,894.230966393267
83,56,947.6123621744847
83,55,999.7923907316665
83,54,1052.0532611702304
83,53,1122.4044315141039
83,52,1178.8902793315
83,51,1235.6767681599986
83,50,1296.1252035359205
83,49,1357.7326464218663
83,48,1417.7310713931456
83,47,1477.6250226920608
83,46,1779.8273773361036
83,45,1836.1834060301544
83,44,1896.1480484798888
83,43,1956.8382502406264
83,42,2015.1675276336757
83,41,2092.9084001114943
83,40,2165.267752076877
83,39,2229.7810355010256
83,38,2295.066226675575
83,37,2357.734303889369
83,36,2616.1236859521778
83,35,2676.324680985873
83,34,2737.0673775967903
83,33,2816.7383396383116
83,32,2965.781248624354
83,31,3029.494017501225
83,30,3201.2613734065876
83,29,3267.8875186041787
83,28,5573.995979770843
83,27,5715.13162235902
83,26,5866.05990011216
83,25,6018.738696317893
83,24,6164.701250202604
83,23,6361.298116128057
83,22,6597.17380560056
83,21,6761.43449627752
83,20,6927.575934307932
83,19,7086.6045230077
83,18,7569.769425900972
83,17,7710.275642815649
83,16,7851.937942046706
83,15,8034.787991306126
83,14,8631.711172643496
83,13,8788.654940872897
83,12,9109.661642389437
83,11,9264.746277565033
83,10,20207.7176893219
83,9,20590.675515376523
83,8,20977.08925638072
83,7,21468.86358673022
83,6,24074.92649522419
83,5,24540.651812388518
83,4,25158.49194999974
83,3,25563.94990428531
83,2,102346.47405321905
83,1,104134.80372189934
84,84,7.519471538086907
84,83,16.40495903675068
84,82,28.864074389073505
84,81,39.11730850692596
84,80,61.824553413543384
84,79,74.44436473816906
84,78,110.3334881232371
84,77,129.81227375837406
84,76,150.36283271733572
84,75,171.41337305254288
84,74,192.22666218794393
84,73,218.0896250930834
84,72,240.00414267802898
84,71,262.8894032550214
84,70,286.1594797885533
84,69,308.9117466938116
84,68,420.04933753601216
84,67,444.2228805759872
84,66,468.5765046366084
84,65,499.1430578589161
84,64,544.0121492992888
84,63,568.9119551471446
84,62,643.2039695511172
84,61,669.8594901629531
84,60,801.719776424497
84,59,850.2262527420222
84,58,900.552119435937
84,57,954.0935074500917
84,56,1008.9197467208073
84,55,1062.4750938254074
84,54,1116.0840713139874
84,53,1188.2031784172202
84,52,1246.2546176788112
84,51,1304.4267950809322
84,50,1366.3258594059216
84,49,1429.3843349139222
84,48,1490.7703644394076
84,47,1552.027442820858
84,46,1860.7231605260718
84,45,1918.209913839916
84,44,1979.3698964918867
84,43,2041.2576105304038
84,42,2100.72432281166
84,41,2179.964573518641
84,40,2254.520159177284
84,39,2320.2848355245083
84,38,2386.824645860935
84,37,2450.6858222512255
84,36,2714.496527783243
84,35,2775.8263880870268
84,34,2837.700835320572
84,33,2918.8234906088132
84,32,3074.8823754826276
84,31,3139.8295940832686
84,30,3315.004106295712
84,29,3382.913370441238
84,28,5760.66230569531
84,27,5904.104120934734
84,26,6057.464847896192
84,25,6212.579059289581
84,24,6360.85693977675
84,23,6560.460874034322
84,22,6804.162689783205
84,21,6971.076065157486
84,20,7139.87794420006
84,19,7301.443796562004
84,18,7793.69733135346
84,17,7936.485376145955
84,16,8080.435348282068
84,15,8266.124094225343
84,14,8893.36257696476
84,13,9053.26240592591
84,12,9380.356058125364
84,11,9538.375266987843
84,10,20753.86339609734
84,9,21142.59693248999
84,8,21534.80286012957
84,7,22033.549950719193
84,6,24775.49535149741
84,5,25250.731871858934
84,4,25879.229395023158
84,3,26293.036158878313
84,2,105162.25620887763
84,1,106984.86677766439
85,85,8.25489948950356
85,84,16.86191478787619
85,83,27.475635350454578
85,82,42.03057643479324
85,81,53.25155573599282
85,80,78.3681982180739
85,79,91.65329341993494
85,78,134.17466795848676
85,77,154.58074640749288
85,76,176.04191515383596
85,75,197.95168997773786
85,74,219.53861897532454
85,73,246.42695165576126
85,72,269.1164149763357
85,71,292.76446120878666
85,70,316.7868146002322
85,69,340.2393279306299
85,68,455.4906079513681
85,67,480.2762862620527
85,66,505.2475041763765
85,65,536.6519854051036
85,64,583.4881281704561
85,63,609.0043537815914
85,62,685.6060783774714
85,61,712.9082785354459
85,60,859.0807781204887
85,59,908.944287963243
85,58,960.650012576044
85,57,1015.6329524561208
85,56,1071.9019508210408
85,55,1126.8317220201955
85,54,1181.788567019277
85,53,1255.6716681149255
85,52,1315.3074612619396
85,51,1374.8665837903784
85,50,1438.217237917353
85,49,1502.727945241863
85,48,1565.503500021498
85,47,1628.1259934284446
85,46,1943.3136684970234
85,45,2001.9339115061132
85,44,2064.2917859316294
85,43,2127.3795755659344
85,42,2187.9864920600553
85,41,2268.7278135195047
85,40,2345.5478700332046
85,39,2412.568470623412
85,38,2480.367480950554
85,37,2545.4264472961795
85,36,2814.7121048845975
85,35,2877.1768691209395
85,34,2940.1891231231057
85,33,3022.769431523432
85,32,3186.174835129035
85,31,3252.3685822248312
85,30,3430.9822910869084
85,29,3500.187914073803
85,28,5950.367214990712
85,27,6096.12040466571
85,26,6251.918367152128
85,25,6409.472835533488
85,24,6560.071388401254
85,23,6762.685295713539
85,22,7014.482735599486
85,21,7184.060742069188
85,20,7355.535176440099
85,19,7519.6506081119605
85,18,8021.124552063061
85,17,8166.209259658364
85,16,8312.461848381658
85,15,8501.004394771304
85,14,9160.018942855855
85,13,9322.923368142747
85,12,9656.204824529144
85,11,9817.208938434083
85,10,21307.8089669101
85,9,21702.353770853715
85,8,22100.38773140899
85,7,22606.13955749774
85,6,25490.515535568044
85,5,25975.481996677903
85,4,26614.698162690922
85,3,27037.051168630518
85,2,108031.24122530001
85,1,109888.8662057346
86,86,8.955324974808924
86,85,18.220377447390344
86,84,28.18463251767187
86,83,40.254551795861836
86,82,56.691508839199535
86,81,68.6960783806487
86,80,96.03054262505091
86,79,109.90369913930626
86,78,159.4319842857906
86,77,180.6905824196894
86,76,203.00574604487161
86,75,225.73243025669603
86,74,248.06204133402002
86,73,275.9468293772991
86,72,299.40182251578284
86,71,323.7988108637703
86,70,348.56276529757383
86,69,372.70781489274646
86,68,492.03670603196537
86,67,517.4368245568827
86,66,543.0279808893209
86,65,575.2710769805108
86,64,624.1389729208621
86,63,650.2749355796643
86,62,729.1877011628276
86,61,757.1408697554022
86,60,918.1203251946777
86,59,969.3386060873177
86,58,1022.4222800481828
86,57,1078.844743072952
86,56,1136.5549495910293
86,55,1192.8587014745121
86,54,1249.163566568069
86,53,1324.8071268922938
86,52,1386.0472847175404
86,51,1446.9949016362268
86,50,1511.7983787300361
86,49,1577.7627645899775
86,48,1641.9299869752394
86,47,1705.9203868183597
86,46,2027.599513887507
86,45,2087.356092267776
86,44,2150.914493555534
86,43,2215.205004210449
86,42,2276.9549722829806
86,41,2359.1991491606855
86,40,2438.3547082349496
86,39,2506.6358880685143
86,38,2575.698802651744
86,37,2641.960369093548
86,36,2916.776582359572
86,35,2980.382407031047
86,34,3044.5386435137734
86,33,3128.5827027014893
86,32,3299.6799135463043
86,31,3367.1326928524663
86,30,3549.2188400979944
86,29,3619.734527858928
86,28,6143.112950804359
86,27,6291.182834520483
86,26,6449.422934403103
86,25,6609.422616736794
86,24,6762.347304935213
86,23,6967.974193605773
86,22,7228.14567847124
86,21,7400.4005249188895
86,20,7574.5598931957375
86,19,7741.237481262476
86,18,8252.067464432515
86,17,8399.463954117084
86,16,8548.034389539065
86,15,8739.446148430476
86,14,9431.763370435807
86,13,9597.722943880059
86,12,9937.297328293138
86,11,10101.338808904417
86,10,21869.58691819827
86,9,22269.979196390887
86,8,22673.877690155543
86,7,23186.666862187605
86,6,26220.3226981245
86,5,26715.24832549701
86,4,27364.584401499425
86,3,27795.681902248583
86,2,110950.75516938281
86,1,112844.10780068737
87,87,4.072993702792624
87,86,19.576589884801333
87,85,30.06803959573978
87,84,41.20621482086179
87,83,54.48368205739819
87,82,72.64617324067872
87,81,85.30965511996402
87,80,114.72060284657812
87,79,129.12881311507968
87,78,186.02336112203255
87,77,208.0796741028138
87,76,231.20676884776407
87,75,254.71866399702574
87,74,277.76775691771843
87,73,306.6264695178389
87,72,330.84261506024814
87,71,355.97813347589533
87,70,381.4756850574927
87,69,406.30761520638146
87,68,529.6856694667116
87,67,555.7029830344588
87,66,581.9168005405868
87,65,614.9996563542516
87,64,665.9674813213263
87,63,692.7267426271702
87,62,773.9529541874093
87,61,802.5615105226053
87,60,978.8321841496053
87,59,1031.4036435212843
87,58,1085.8639394038407
87,57,1143.724411176101
87,56,1202.874719470734
87,55,1260.5523839539183
87,54,1318.2057473182851
87,53,1395.6065653322125
87,52,1458.4723159183307
87,51,1520.8102189628125
87,50,1587.0679759220882
87,49,1654.4876890439664
87,48,1720.0489018070764
87,47,1785.409864366825
87,46,2113.5806379111323
87,45,2174.476451930785
87,44,2239.2380712955805
87,43,2304.734003216837
87,42,2367.629922510076
87,41,2451.378797156584
87,40,2532.9437187716685
87,39,2602.4902296106875
87,38,2672.821849144622
87,37,2740.290919518748
87,36,3020.6951855358666
87,35,3085.448321911997
87,34,3150.7548128485287
87,33,3236.268827307876
87,32,3415.4184077826317
87,31,3484.1431389065574
87,30,3669.7361453099315
87,29,3741.5760622865796
87,28,6338.899526737228
87,27,6489.291485565442
87,26,6649.978680104212
87,25,6812.428587787808
87,24,6967.684933507806
87,23,7176.327837490134
87,22,7445.160798547291
87,21,7620.104893790705
87,20,7796.961775658454
87,19,7966.214298333733
87,18,8486.53967306687
87,17,8636.263296167774
87,16,8787.167042111996
87,15,8981.463665503066
87,14,9708.678825006567
87,13,9877.746160619317
87,12,10223.722974387136
87,11,10390.856470527871
87,10,22439.222159189918
87,9,22845.498623960262
87,8,23255.298660189314
87,7,23775.15823852887
87,6,26965.258614717804
87,5,27470.383608004315
87,4,28130.547814308145
87,3,28570.615903653263
87,2,113929.54456976708
87,1,115859.48951843643
88,88,4.844192371168341
88,87,10.019048824414837
88,86,31.96038838540122
88,85,43.577983492950146
88,84,55.672409217515344
88,83,69.97744550938216
88,82,89.75562278293587
88,81,102.99247842786961
88,80,134.37372121872517
88,79,149.28048133533028
88,78,213.8870533290457
88,77,236.70068299609653
88,76,260.60830869669803
88,75,284.8816069271435
88,74,308.63280233411126
88,73,338.4478087574838
88,72,363.4247753909125
88,71,389.2910817302851
88,70,415.5163280615612
88,69,441.03111203836784
88,68,568.4364998530821
88,67,595.074110671355
88,66,621.9136104517115
88,65,655.8377535853962
88,64,708.9772161145673
88,63,736.3635516427498
88,62,819.9066256706512
88,61,849.1751150815018
88,60,1041.2111537220621
88,59,1095.1347952432855
88,58,1150.9709091271989
88,57,1210.2683447073723
88,56,1270.8580596599495
88,55,1329.9099206483304
88,54,1388.9125703510922
88,53,1468.0677685620465
88,52,1532.5815787097733
88,51,1596.311803340473
88,50,1664.0255261802206
88,49,1732.902426117501
88,48,1799.8601436501262
88,47,1866.5945034042052
88,46,2201.2578764406207
88,45,2263.2959022365444
88,44,2329.263509849795
88,43,2395.967641548353
88,42,2460.012486889896
88,41,2545.2679896551467
88,40,2629.3190586179835
88,39,2700.13577575924
88,38,2771.7410246388313
88,37,2840.422622863037
88,36,3126.474466505197
88,35,3192.3812873890934
88,34,3258.8444279811247
88,33,3345.8347438808655
88,32,3533.413218719824
88,31,3603.423281887449
88,30,3792.558870288494
88,29,3865.737688223897
88,28,6537.729505872833
88,27,6690.44904203903
88,26,6853.588407731236
88,25,7018.493671254505
88,24,7176.087317837283
88,23,7387.749379965216
88,22,7665.540551459822
88,21,7843.186576708688
88,20,8022.753826306681
88,19,8194.594333258063
88,18,8724.5584441018
88,17,8876.62484716607
88,16,9029.877664872085
88,15,9227.07512637284
88,14,9990.855667525264
88,13,10163.085625279891
88,12,10515.579137641711
88,11,10685.8616794888
88,10,23016.74905413776
88,9,23428.94709339421
88,8,23844.686361812663
88,7,24371.650073485784
88,6,27725.69264472023
88,5,28241.269108169126
88,4,28912.183768064926
88,3,29361.448952027684
88,2,116964.30856549053
88,1,118931.68388768975
89,89,5.575577847572976
89,88,11.22872471632693
89,87,17.799630736503268
89,86,45.96444354294901
89,85,58.50965343264101
89,84,71.39872771721359
89,83,86.60349218387215
89,82,107.92195674315454
89,81,121.67293711521005
89,80,154.94342746629056
89,79,170.32364971037185
89,78,242.9760117115387
89,77,266.5170763305554
89,76,291.18172948974944
89,75,316.19853482366085
89,74,340.63885338557924
89,73,371.39630868925656
89,72,397.13706669712445
89,71,423.7285022442876
89,70,450.6771954835254
89,69,476.8720966592379
89,68,608.288726109002
89,67,635.5499941502998
89,66,663.0184223525306
89,65,697.785687933649
89,64,753.1720776340799
89,63,781.189441132439
89,62,867.0537127129356
89,61,896.9867902882708
89,60,1105.2524274574341
89,59,1160.527762331069
89,58,1217.739337090601
89,57,1278.4730928539177
89,56,1340.5018712964097
89,55,1400.9285144657251
89,54,1461.281504607567
89,53,1542.188480360923
89,52,1608.3740441910907
89,51,1673.4988374406203
89,50,1742.6704104969685
89,49,1813.0065391173796
89,48,1881.363441946515
89,47,1949.4741880035292
89,46,2290.631743753525
89,45,2353.8150190524393
89,44,2420.991448992129
89,43,2488.9066223092223
89,42,2554.1034297032734
89,41,2640.8675600352667
89,40,2727.484536178949
89,39,2799.5764443030216
89,38,2872.4603564726885
89,37,2942.3596131642557
89,36,3234.120556887821
89,35,3301.187545090204
89,34,3368.813842110543
89,33,3457.2869315814623
89,32,3653.687403761536
89,31,3724.9966449583717
89,30,3917.711856698901
89,29,3992.244762164202
89,28,6739.604313894975
89,27,6894.657021172128
89,26,7060.25372215396
89,25,7227.619559233096
89,24,7387.556240812454
89,23,7602.2406719284745
89,22,7889.296230739529
89,21,8069.657108177666
89,20,8251.947822412234
89,19,8426.389604562046
89,18,8966.139751002122
89,17,9120.564850081559
89,16,9276.18277230573
89,15,9476.297333328688
89,14,10278.386187618245
89,13,10453.835965933644
89,12,10812.965419046304
89,11,10986.456523310722
89,10,23602.198277818814
89,9,24020.35588335083
89,8,24442.07268189173
89,7,24976.174827713483
89,6,28502.00709369985
89,5,29028.29973192091
89,4,29710.479225065345
89,3,30169.187461110476
89,2,120059.69774157902
89,1,122065.43389558945
90,90,6.101397701505629
90,89,11.744383988715013
90,88,19.10713682850252
90,87,31.149602150068006
90,86,61.365116176406914
90,85,74.68415597780859
90,84,88.25330247973932
90,83,104.26658359845848
90,82,127.0752140171806
90,81,141.29905357024657
90,80,176.396100181613
90,79,192.23270260032552
90,78,273.2540585350937
90,77,297.5004442280598
90,76,322.90453524399214
90,75,348.6514285893595
90,74,373.7712505980356
90,73,405.4602673116227
90,72,431.9705411485687
90,71,459.2830908704381
90,70,486.9523010661504
90,69,513.8256171637053
90,68,649.2424491775791
90,67,677.1309314343754
90,66,705.2317103789612
90,65,740.8441907493105
90,64,798.5564578317349
90,63,827.2089613652597
90,62,915.3996297492824
90,61,946.0020564928201
90,60,1170.951808372401
90,59,1227.5787952831688
90,58,1286.1658708027849
90,57,1348.3356625063211
90,56,1411.8034789437925
90,55,1473.6057647065006
90,54,1535.3103937109263
90,53,1617.9667979405424
90,52,1685.8490478143467
90,51,1752.3708576972654
90,50,1823.0023552111297
90,49,1894.799930541595
90,48,1964.5588612849417
90,47,2034.0491349365834
90,46,2381.703063420856
90,45,2446.0346920268707
90,44,2514.4228471358824
90,43,2583.551972394731
90,42,2649.9038442620504
90,41,2738.178677400706
90,40,2827.444371525514
90,39,2900.81657174707
90,38,2974.9842979658356
90,37,3046.1064575874616
90,36,3343.640076759784
90,35,3411.8738331748077
90,34,3480.6699130787883
90,33,3570.632384389808
90,32,3776.2652362663266
90,31,3848.887994272451
90,30,4045.221265021045
90,29,4121.123989960344
90,28,6944.526145695428
90,27,7101.9177252719
90,26,7269.977030300496
90,25,7439.808763120328
90,24,7602.094321192155
90,23,7819.804422333659
90,22,8116.440211589976
90,21,8299.529125879093
90,20,8484.556666234517
90,19,8661.613276756712
90,18,9211.30083384238
90,17,9368.100834060571
90,16,9526.10018481572
90,15,9729.148419528194
90,14,10571.367739897274
90,13,10750.097028740773
90,12,11115.986968284078
90,11,11292.748804693112
90,10,24195.603582224107
90,9,24619.75940083329
90,8,25047.492687271504
90,7,25588.768206143952
90,6,29294.60654972638
90,5,29831.893586311682
90,4,30524.231618341277
90,3,30992.620469584588
90,2,123207.9974473879
90,1,125252.94209823136
91,91,5.611995022635231
91,90,11.74171519267086
91,89,19.37360316117701
91,88,32.28502831672808
91,87,46.870179235575804
91,86,77.99015678493782
91,85,91.97275178081107
91,84,106.1411797380243
91,83,122.89735588163677
91,82,147.16479982623056
91,81,161.8327274854253
91,80,198.70728389588848
91,79,214.9888605432056
91,78,304.69306359912423
91,77,329.6284467786806
91,76,355.7588512454358
91,75,382.2258273936562
91,74,408.01811271667697
91,73,440.6301257487676
91,72,467.91797858685453
91,71,495.94892720902186
91,70,524.3367750453447
91,69,551.8876323526636
91,68,691.2980856580554
91,67,719.8174836953606
91,66,748.5541679628916
91,65,785.0141643447578
91,64,845.1349974066349
91,63,874.4268898970956
91,62,964.9499520405402
91,61,996.2265857470209
91,60,1238.3053387446237
91,59,1296.2843191284458
91,58,1356.2472754671683
91,57,1419.853126904983
91,56,1484.7602282005462
91,55,1547.9392529223119
91,54,1610.9970292469907
91,53,1695.4007269244528
91,52,1765.0058290454047
91,51,1832.9272784321895
91,50,1905.0209391841238
91,49,1978.282331675267
91,48,2049.4462736553046
91,47,2120.3193484310323
91,46,2474.4723346195665
91,45,2539.9554738847814
91,44,2609.5583124978302
91,43,2679.9043552841454
91,42,2747.414448028537
91,41,2837.2021181584346
91,40,2929.2024453222193
91,39,3003.8601426322107
91,38,3079.316937898457
91,37,3151.6673468567487
91,36,3455.0392458405045
91,35,3524.446479157954
91,34,3594.4190776794676
91,33,3685.877661198794
91,32,3901.171234883751
91,31,3975.1223499556672
91,30,4175.11353622808
91,29,4252.402369472348
91,28,7152.4961114798125
91,27,7312.232345312134
91,26,7482.759599336203
91,25,7655.062625887739
91,24,7819.702982005897
91,23,8040.442107693757
91,22,8346.983784576223
91,21,8532.814154930982
91,20,8720.592119319434
91,19,8900.277346824521
91,18,9460.057738395331
91,17,9619.249111185774
91,16,9779.646482825226
91,15,9985.64524824156
91,14,10869.90014739412
91,13,11051.971243699963
91,12,11424.75177407245
91,11,11604.849296127944
91,10,24796.995316191864
91,9,25227.18858613755
91,8,25660.97791406427
91,7,26209.462300772764
91,6,30103.911370291375
91,5,30652.485400056325
91,4,31356.41755575929
91,3,31834.770721320398
91,2,126424.84780575587
91,1,128510.1013078359
92,92,5.6570953255662735
92,91,12.00222278651041
92,90,20.212239229709233
92,89,33.31056998759569
92,88,48.2854034811378
92,87,64.77804957885594
92,86,95.71444025109417
92,85,110.28262634222114
92,84,124.99326443313444
92,83,142.44475085062052
92,82,168.153854108921
92,81,183.24590435170904
92,80,221.85925234389853
92,79,238.5784668828948
92,78,337.271070914494
92,77,362.88349126801535
92,76,389.7304934294267
92,75,416.9101796319833
92,74,443.36989128914905
92,73,476.89818428574705
92,72,504.9737164554192
92,71,533.7213929836827
92,70,562.826852001546
92,69,591.0550542301521
92,68,734.4565668568644
92,67,763.6106978186635
92,66,792.9869514845545
92,65,830.2969493519564
92,64,892.9128888340786
92,63,922.8485511951243
92,62,1015.7107814079338
92,61,1047.6665824940333
92,60,1307.3097293483083
92,59,1366.6413947467954
92,58,1427.980926722744
92,57,1493.0231501667283
92,56,1559.3700415131932
92,55,1623.9271283757357
92,54,1688.3397651333792
92,53,1774.4888332675325
92,52,1845.8442138415671
92,51,1915.1681038718505
92,50,1988.7263368099027
92,49,2063.4540768141296
92,48,2136.026162782959
92,47,2208.285454319132
92,46,2568.940714848825
92,45,2635.5785900621872
92,44,2706.3991413190843
92,43,2777.9651381220824
92,42,2846.636677369205
92,41,2937.9393975685284
92,40,3032.763468512856
92,39,3108.711989769661
92,38,3185.4632316071784
92,37,3259.0473559323777
92,36,3568.325268209163
92,35,3638.9128129279497
92,34,3710.0687932100723
92,33,3803.03036469171
92,32,4028.4317630314654
92,31,4103.726616975679
92,30,4307.417107835971
92,29,4386.1089395926965
92,28,7363.517110433236
92,27,7525.6038998199865
92,26,7698.604565186474
92,25,7873.384400967089
92,24,8040.3855966711035
92,23,8264.157208383356
92,22,8580.940517975034
92,21,8769.526046143541
92,20,8960.068317460185
92,19,9142.396232580217
92,18,9712.429132967685
92,17,9874.028658312043
92,16,10036.840954113053
92,15,10245.807444351776
92,14,11174.090324939916
92,13,11359.568333571106
92,12,11739.37555014331
92,11,11922.87671220756
92,10,25406.41044796818
92,9,25842.68111117895
92,8,26282.56674322528
92,7,26838.29619051116
92,6,30930.371252862304
92,5,31490.540403627947
92,4,32204.035983182108
92,3,32692.60765273101
92,2,129692.64003693145
92,1,131819.0885336355
93,93,5.701699244088008
93,92,11.636787831866284
93,91,20.790082631371895
93,90,34.1001919384675
93,89,49.56430849431433
93,88,66.47443194427552
93,87,97.10308444890993
93,86,112.49076123477718
93,85,126.79964848640047
93,84,144.5780775942497
93,83,159.1631456432063
93,82,190.0153153480313
93,81,205.51779697746073
93,80,245.83914409776548
93,79,262.9915961840698
93,78,370.9706853432906
93,77,397.2514861888721
93,76,424.8079809047231
93,75,452.6950370562663
93,74,479.818692057081
93,73,514.2580162226869
93,72,543.1331256809138
93,71,572.5966908418042
93,70,602.4194183540783
93,69,631.3253138531128
93,68,778.7189094785549
93,67,808.5116705363702
93,66,838.5312359764825
93,65,876.6938675181933
93,64,941.8953969408681
93,63,972.4793249089865
93,62,1067.6882131480195
93,61,1100.3282351819926
93,60,1377.9616410558629
93,59,1438.6469759540348
93,58,1501.3640409377163
93,57,1567.8431878905844
93,56,1635.6305875323822
93,55,1701.5672463010876
93,54,1767.3366242698203
93,53,1855.2293066272841
93,52,1928.3636421263582
93,51,1999.092920213724
93,50,2074.118272185734
93,49,2150.3150186788575
93,48,2224.298501708782
93,47,2297.94753977938
93,46,2665.1086701455497
93,45,2732.904553355871
93,44,2804.945894683676
93,43,2877.734930273723
93,42,2947.571189359375
93,41,3040.391222658685
93,40,3138.131386233865
93,39,3215.376157474522
93,38,3293.4273230893136
93,37,3368.2507266641737
93,36,3683.5044499142195
93,35,3755.279246440446
93,34,3827.625578943192
93,33,3922.097132853642
93,32,4158.072941063053
93,31,4234.727458286435
93,30,4442.160181872939
93,29,4522.272507621681
93,28,7577.5899285254245
93,27,7742.033245315755
93,26,7917.512849695364
93,25,8094.775075150977
93,24,8264.143221819722
93,23,8490.950820675753
93,22,8818.321706010354
93,21,9009.676322654372
93,20,9202.997014663166
93,19,9387.98191839021
93,18,9968.431148885804
93,17,10132.45587052007
93,16,10297.70025957323
93,15,10509.651947464225
93,14,11484.046614554336
93,13,11672.999562383984
93,12,12059.975808051035
93,11,12246.951698443407
93,10,26023.879030949804
93,9,26466.267609915205
93,8,26912.29039368413
93,7,27475.30163420444
93,6,31774.450382129653
93,5,32346.539273765244
93,4,33071.917295025145
93,3,33571.0318862258
93,2,133036.8198496209
93,1,135205.74007774825
94,94,5.66288705355077
94,93,11.622285111905217
94,92,21.49933521787522
94,91,34.86352652716748
94,90,50.55241872362004
94,89,81.93709447313266
94,88,96.83079138404833
94,87,111.45002768895785
94,86,129.14738068536803
94,85,140.61694008545888
94,84,162.32348156350233
94,83,184.61587033864876
94,82,212.72935375215678
94,81,228.6330997823927
94,80,270.6378445430195
94,79,288.22127505225694
94,78,405.7782016522343
94,77,432.72125787713395
94,76,460.9821662584282
94,75,489.57284511708565
94,74,517.358185908584
94,73,552.7044820601948
94,72,582.3927000132471
94,71,612.5719955806928
94,70,643.1122153105558
94,69,672.6966073721406
94,68,824.0866148506103
94,67,854.5219723823897
94,66,885.1886626555603
94,65,924.2066975938158
94,64,992.0883824367497
94,63,1023.3251906609961
94,62,1120.88894444912
94,61,1154.218345682504
94,60,1450.2584353216444
94,59,1512.2987022652349
94,58,1576.39451052046
94,57,1644.311366563925
94,56,1713.5402047241062
94,55,1780.858133974136
94,54,1847.9863065040824
94,53,1937.6210235963765
94,52,2012.5642765221248
94,51,2084.7020483390374
94,50,2161.1972182382647
94,49,2238.865774490264
94,48,2314.264044308688
94,47,2389.3064899774954
94,46,2762.977536779924
94,45,2831.9347667489596
94,44,2905.2000450404953
94,43,2979.21527398053
94,42,3050.219594769759
94,41,3144.559281489842
94,40,3245.311226201215
94,39,3323.857796738102
94,38,3403.2144874447536
94,37,3479.2828555438955
94,36,3800.5843772889443
94,35,3873.5534954393383
94,34,3947.0972816044073
94,33,4043.0859616379335
94,32,4290.123145900801
94,31,4368.15384221819
94,30,4579.373401818792
94,29,4660.924376326969
94,28,7794.717737061246
94,27,7961.523674571476
94,26,8139.487865314236
94,25,8319.23818080228
94,24,8490.979512243457
94,23,8720.826709375719
94,22,9059.141618180964
94,21,9253.279545308347
94,20,9449.393065785967
94,19,9637.049550014246
94,18,10228.083326231554
94,17,10394.550606284638
94,16,10562.244578565715
94,15,10777.199285866523
94,14,11799.88590662949
94,13,11992.384984456181
94,12,12386.679370386364
94,11,12577.20447313281
94,10,26649.43976698699
94,9,27097.987510133265
94,8,27550.189024852218
94,7,28120.519515247946
94,6,32636.648074216184
94,5,33220.99922977189
94,4,33955.52120791022
94,3,34465.4570403309
94,2,136431.66907559853
94,1,138644.0238318956
95,95,5.804997127429581
95,94,11.900342208471077
95,93,22.236725905795225
95,92,35.799492538060704
95,91,51.50777231538543
95,90,69.20050830252686
95,89,100.33199399439523
95,88,115.82771724086646
95,87,130.96055901690863
95,86,149.36995241740118
95,85,165.29512782119957
95,84,188.0575716627698
95,83,211.34205247212302
95,82,236.28138848122168
95,81,252.58051646489346
95,80,296.2489410617145
95,79,314.2626540747135
95,78,441.68258413049034
95,77,469.2837103000806
95,76,498.24552258119445
95,75,527.5373187903134
95,74,555.9830458652854
95,73,592.2332079434002
95,72,622.7495608066358
95,71,653.6449747333093
95,70,684.9033672855793
95,69,715.1674267095527
95,68,870.5611623964452
95,67,901.6431280140844
95,66,932.9608050068977
95,65,972.8371222186238
95,64,1043.497717819977
95,63,1075.392127375849
95,62,1175.3196208712886
95,61,1209.343656741979
95,60,1524.197302925744
95,59,1587.5939951530443
95,58,1653.0699656510358
95,57,1722.4255078428644
95,56,1793.0968868102393
95,55,1861.7979378999669
95,54,1930.2870972637438
95,53,2021.6624041409368
95,52,2098.445815298236
95,51,2171.9953143361936
95,50,2249.9631220196643
95,49,2329.106405150838
95,48,2405.922959560316
95,47,2482.3625775030396
95,46,2862.5478869278777
95,45,2932.669847329142
95,44,3007.1622557337587
95,43,3082.406879020329
95,42,3154.5826496515024
95,41,3250.4443774813035
95,40,3354.3071741745516
95,39,3434.1611930309823
95,38,3514.829110507152
95,37,3592.148227144126
95,36,3919.5716563161996
95,35,3993.7422744578903
95,34,4068.4907256550755
95,33,4166.003796847939
95,32,4424.610501770195
95,31,4504.034487454855
95,30,4719.087174189795
95,29,4802.095617942202
95,28,8014.901432078891
95,27,8184.076154190104
95,26,8364.530644010823
95,25,8546.77481498072
95,24,8720.895635117418
95,23,8953.786081518043
95,22,9303.412075504355
95,21,9500.347770475548
95,20,9699.268764704917
95,19,9889.61165828049
95,18,10491.402479547083
95,17,10660.32995168481
95,16,10830.49127087468
95,15,11048.467107279846
95,14,12121.726885347802
95,13,12317.846588415125
95,12,12719.615309911009
95,11,12913.767668642737
95,10,27283.123971908408
95,9,27737.872725028465
95,8,28196.29515199381
95,7,28773.98290813259
95,6,33517.48111200112
95,5,34114.45613721232
95,4,34859.354938327364
95,3,35380.4575568785
95,2,139900.45745235845
95,1,142157.57247219246
96,96,5.693773437852054
96,95,13.070734215866997
96,94,21.129234141654333
96,93,36.77254656136457
96,92,52.676088931949906
96,91,70.35293425656373
96,90,102.02184388504095
96,89,115.28599949470039
96,88,133.64847606508454
96,87,145.11153700500114
96,86,167.7619049990357
96,85,191.29494198468967
96,84,215.06194494712136
96,83,240.92320630993612
96,82,256.6403531167321
96,81,283.05837708493414
96,80,322.66821383417846
96,79,341.11266774826163
96,78,478.67508252496395
96,77,506.93159947289206
96,76,536.5920402742858
96,75,566.5834345285418
96,74,595.6890132629925
96,73,632.8407195821102
96,72,664.2016414349018
96,71,695.8140162158242
96,70,727.7916471603734
96,69,758.7368572224186
96,68,918.1444363875715
96,67,949.8770641585097
96,66,981.8496373567557
96,65,1022.5872219573879
96,64,1096.1298277013743
96,63,1128.6866730847485
96,62,1230.9874561276238
96,61,1265.7114914983424
96,60,1599.7760377152717
96,59,1664.5308709498875
96,58,1731.3886268709737
96,57,1802.1840225148212
96,56,1874.2992183761683
96,55,1944.3853995354432
96,54,2014.237882959093
96,53,2107.3524794871487
96,52,2186.00860387416
96,51,2260.9732028742883
96,50,2340.416602309032
96,49,2421.0376576115755
96,48,2499.276117256295
96,47,2577.116791134736
96,46,2963.821071922914
96,45,3035.1112087571823
96,44,3110.83400513039
96,43,3187.3112889070367
96,42,3260.6619618847203
96,41,3358.0481895778125
96,40,3465.124391925116
96,39,3546.2916288875563
96,38,3628.276596500731
96,37,3706.8523649748035
96,36,4040.474045969987
96,35,4115.853471550889
96,34,4191.813929746657
96,33,4290.858805071156
96,32,4561.5653340799845
96,31,4642.400362866087
96,30,4861.334293181177
96,29,4945.819747094644
96,28,8238.144015680766
96,27,8409.693800643372
96,26,8592.644414360077
96,25,8777.388318604
96,24,8953.895046683689
96,23,9189.832493613294
96,22,9551.147550977921
96,21,9750.895760781425
96,20,9952.63916644156
96,19,10145.683587805164
96,18,10758.408462085788
96,17,10929.814079189666
96,16,11102.460830730446
96,15,11323.476255002064
96,14,12449.697006870592
96,13,12649.51540136145
96,12,13058.922314842748
96,11,13256.783824164117
96,10,27924.97061044973
96,9,28385.962942952883
96,8,28850.649192885336
96,7,29435.732949283174
96,6,34417.50419446134
96,5,35027.48542394959
96,4,35783.33584554406
96,3,36315.96198543079
96,2,143441.45911717962
96,1,145744.68323756085
97,97,6.121160256863937
97,96,12.426590328965196
97,95,21.817299142385423
97,94,35.57343299234369
97,93,53.889199521005516
97,92,71.75770270855435
97,91,91.12727715248434
97,90,121.65979110417493
97,89,135.78226810830517
97,88,147.8567005675965
97,87,170.24602046595706
97,86,193.9878977605272
97,85,218.56217633497226
97,84,245.04453752963363
97,83,261.0007122092087
97,82,287.92675585537495
97,81,313.6171360158285
97,80,349.8930374579159
97,79,368.7695412902135
97,78,516.7485980598995
97,77,545.6589934528497
97,76,576.0167541760184
97,75,606.7070044866182
97,74,636.4725043711111
97,73,674.5240704112507
97,72,706.7473287230367
97,71,739.0778770914171
97,70,771.7761278113318
97,69,803.4042288164393
97,68,966.8383478949091
97,67,999.2257214720134
97,66,1031.8571360291294
97,65,1073.459062327339
97,64,1149.991254630572
97,63,1183.2154787199847
97,62,1287.8997480468984
97,61,1323.329255770386
97,60,1676.9923853910618
97,59,1743.107266292829
97,58,1811.34860577243
97,57,1883.5851843822147
97,56,1957.145620987406
97,55,2028.6190740764725
97,54,2099.837342241999
97,53,2194.6900461816995
97,52,2275.2527576876655
97,51,2351.6359498199563
97,50,2432.558009994749
97,49,2514.6599923968033
97,48,2594.324083535084
97,47,2673.5697994441734
97,46,3066.7980268803663
97,45,3139.259836205896
97,44,3216.216330010713
97,43,3293.9295923953205
97,42,3368.4586720795032
97,41,3467.3719124913146
97,40,3577.7676151791234
97,39,3660.2539479886923
97,38,3743.5618979049586
97,37,3823.400328540013
97,36,4163.298817037037
97,35,4239.894475604794
97,34,4317.074402270621
97,33,4417.658627782211
97,32,4701.018365527833
97,31,4783.282851786456
97,30,5006.148019282306
97,29,5092.13076644729
97,28,8464.447226592716
97,27,8638.378438727925
97,26,8823.831083069676
97,25,9011.080680265062
97,24,9189.979821819492
97,23,9428.968081840325
97,22,9802.361257232038
97,21,10004.936988901274
97,20,10209.518006243814
97,19,10405.279335012921
97,18,11029.1197492271
97,17,11203.021759172554
97,16,11378.172325894091
97,15,11602.246114138074
97,14,12783.927767513884
97,13,12987.526692672755
97,12,13404.743764329458
97,11,13606.400400653145
97,10,28575.014783786562
97,9,29042.293921133194
97,8,29513.287566138857
97,7,30105.806688913694
97,6,35337.29812236425
97,5,35960.690166929504
97,4,36727.27008548686
97,3,37271.78790751009
97,2,147052.4662182479
97,1,149403.17189742246
98,98,6.282083825734993
98,97,12.69365924964312
98,96,22.406899438593477
98,95,36.483643297186426
98,94,52.61308769439312
98,93,73.2132171689516
98,92,92.7711425620975
98,91,113.62831012956146
98,90,142.23237520928848
98,89,150.75084171226644
98,88,173.26044518442322
98,87,196.6987803887832
98,86,221.47935903418772
98,85,248.85868867134573
98,84,265.5506435283297
98,83,292.46167601434723
98,82,318.77099034636007
98,81,345.314051812164
98,80,377.9221051561587
98,79,397.2326005607915
98,78,555.8974533571397
98,77,585.4611284579988
98,76,616.5156673360834
98,75,647.9046534918924
98,74,678.3306291519038
98,73,717.2808989308561
98,72,750.3855490457495
98,71,783.4357941612226
98,70,816.8563139298216
98,69,849.1692659427096
98,68,1016.645057940835
98,67,1049.6912886539494
98,66,1082.9855241101952
98,65,1125.4549517927885
98,64,1205.0889446368164
98,63,1238.9856036851952
98,62,1346.0642056238823
98,61,1382.204775145457
98,60,1755.8444440489882
98,59,1823.3214591534336
98,58,1892.9483466596334
98,57,1966.6275933071934
98,56,2041.6348376512735
98,55,2114.4978354650625
98,54,2187.0844712607627
98,53,2283.6742180026126
98,52,2366.178736438498
98,51,2443.9841376626982
98,50,2526.388045824304
98,49,2609.974223908833
98,48,2691.0677829889196
98,47,2771.7226345308827
98,46,3171.480062061448
98,45,3245.1170972629047
98,44,3323.3106572200973
98,43,3402.263276080219
98,42,3477.974326255178
98,41,3578.4171560546374
98,40,3692.242083027364
98,39,3776.0535067878664
98,38,3860.6904895175403
98,37,3941.797708899574
98,36,4288.053839059796
98,35,4365.873283866478
98,34,4444.280269636561
98,33,4546.411536695826
98,32,4843.001995223924
98,31,4926.715055213405
98,30,5153.563448194761
98,29,5241.064561101161
98,28,8693.813759596616
98,27,8870.132867895943
98,26,9058.093551332988
98,25,9247.854903101892
98,24,9429.153069168678
98,23,9671.196041724204
98,22,10057.067726871766
98,21,10262.486272562244
98,20,10469.920389797988
98,19,10668.414291179444
98,18,11303.556349237919
98,17,11479.973317568494
98,16,11657.64640255304
98,15,11884.79767699938
98,14,13124.558462773126
98,13,13332.023808305361
98,12,13757.23172096206
98,11,13962.77385148313
98,10,29233.295295130585
98,9,29706.905177439206
98,8,30184.250510165042
98,7,30784.245070247554
98,6,36277.4816148135
98,5,36914.7132477262
98,4,37690.60420242923
98,3,38247.390856950275
98,2,150729.51708786088
98,1,153129.08538248032
99,99,6.444884331181068
99,98,12.963341193581346
99,97,22.819632369362136
99,96,37.26730983580407
99,95,53.75218901120069
99,94,71.87335130555245
99,93,94.46947165097036
99,92,115.51263752866421
99,91,137.70312650645764
99,90,163.69089641683124
99,89,176.4237427874547
99,88,199.9798073364391
99,87,224.41501283928625
99,86,252.58706947270005
99,85,270.17533013770145
99,84,296.23124976144453
99,83,323.5728526348076
99,82,350.7497072824575
99,81,378.13322406967234
99,80,406.755077562795
99,79,426.5019746235915
99,78,596.1169968525205
99,77,626.3340652502583
99,76,658.0854452802297
99,75,690.1735403703223
99,74,721.2609315077639
99,73,761.1091820859468
99,72,795.1155298701732
99,71,828.8872502663756
99,70,863.0319104158075
99,69,896.0318561770445
99,68,1067.5667319607992
99,67,1101.2759509211342
99,66,1135.2370136014088
99,65,1178.577175662464
99,64,1261.4299706854345
99,63,1296.0042322983638
99,62,1405.4886436681604
99,61,1442.3459816230782
99,60,1836.3302443526493
99,59,1905.1716355849248
99,58,1976.1861790022724
99,57,2051.309712140118
99,56,2127.7654536244017
99,55,2202.0203812973687
99,54,2275.978072531735
99,53,2374.3038931702263
99,52,2458.7867928677765
99,51,2538.0181266150435
99,50,2621.9071726629268
99,49,2706.9809134739453
99,48,2789.507872995749
99,47,2871.5760476748405
99,46,3277.8681259203518
99,45,3352.683987624489
99,44,3432.1180309294787
99,43,3512.313433031909
99,42,3589.2100666024944
99,41,3691.185112264153
99,40,3808.552679753934
99,39,3893.695296561568
99,38,3979.667470523097
99,37,4062.049711583937
99,36,4414.746582083454
99,35,4493.797485282224
99,34,4573.439241062195
99,33,4677.125374387106
99,32,4987.549227143124
99,31,5072.730702694986
99,30,5303.616374721391
99,29,5392.657744483159
99,28,8926.245231413972
99,27,9104.95878625598
99,26,9295.433594167727
99,25,9487.712839035954
99,24,9671.416722288684
99,23,9916.518361705856
99,22,10315.280460289658
99,21,10523.557373646576
99,20,10733.860343137912
99,19,10935.102745266944
99,18,11581.737156911384
99,17,11760.6879477074
99,16,11940.90255505091
99,15,12171.150758952217
99,14,13471.733552180578
99,13,13683.155509914628
99,12,14116.544221693428
99,11,14326.066891990458
99,10,29899.84778640989
99,9,30379.833014640575
99,8,30863.5749941112
99,7,31471.08569785054
99,6,37238.705615348015
99,5,37890.23170509221
99,4,38675.57457513956
99,3,39245.05069412951
99,2,154483.03487073464
99,1,156933.04966464595
100,100,6.609548678988316
100,99,13.235624397332264
100,98,23.195285549350903
100,97,37.818918891306026
100,96,54.737899086911945
100,95,73.24638732256993
100,94,93.07740092551637
100,93,117.45250861279129
100,92,139.82824269641003
100,91,163.23487967355334
100,90,185.99951244966633
100,89,203.40584052865185
100,88,227.95976746264964
100,87,256.4582001955202
100,86,274.75594886043046
100,85,299.95030581660643
100,84,327.5691856908075
100,83,355.81513097487283
100,82,383.84707443860896
100,81,412.06142544030104
100,80,436.39247668122636
100,79,456.57853724493526
100,78,637.4035321645492
100,77,668.2746707824122
100,76,700.7234402680863
100,75,733.5114169159203
100,74,765.2614764040603
100,73,806.0073500918603
100,72,840.9369357788958
100,71,875.432128881979
100,70,910.3029936517864
100,69,943.9922361931967
100,68,1119.6057907246766
100,67,1153.9821509760798
100,66,1188.6140763035137
100,65,1232.8282795184439
100,64,1319.0218447248287
100,63,1354.2789955432668
100,62,1466.1813356304028
100,61,1503.7612763710968
100,60,1918.4481878635736
100,59,1988.6563478499247
100,58,2061.0607956304743
100,57,2137.6303658291517
100,56,2215.536416555343
100,55,2291.1857732042595
100,54,2366.5173153151623
100,53,2466.5783410990134
100,52,2553.077581944611
100,51,2633.738684833696
100,50,2719.1162679031668
100,49,2805.6810441828775
100,48,2889.64544025789
100,47,2973.1312274045667
100,46,3385.9636300763536
100,45,3461.961975505814
100,44,3542.6399776830845
100,43,3624.0816486744693
100,42,3702.167537328318
100,41,3805.6774876275654
100,40,3926.704898202017
100,39,4013.1849288842677
100,38,4100.4985722927595
100,37,4184.162185780637
100,36,4543.38523736829
100,35,4623.675401701692
100,34,4704.5597704264155
100,33,4809.808743053977
100,32,5134.694995299264
100,31,5221.3655019225
100,30,5456.34470916256
100,29,5546.949100665073
100,28,9161.74445265813
100,27,9342.859108945186
100,26,9535.85422827665
100,25,9730.657606595782
100,24,9916.77400520592
100,23,10164.938352440664
100,22,10577.014559491816
100,21,10788.165686163306
100,20,11001.353555296002
100,19,11205.360678898858
100,18,11863.682916326563
100,17,12045.186719577525
100,16,12227.96218198618
100,15,12461.327114406893
100,14,13825.606567674013
100,13,14041.079963611232
100,12,14482.849436514321
100,11,14696.45274248777
100,10,30574.71240333814
100,9,31061.118310302845
100,8,31551.30263357565
100,7,32166.370911532103
100,6,38221.66587914618
100,5,38887.96971212771
100,4,39682.15602948698
100,3,40264.76071119858
100,2,158311.66723376923
100,1,160813.76785835158
101,101,6.776063287466697
101,100,13.510496496912703
101,99,23.65235331861335
101,98,38.32476850760772
101,97,55.4380297737156
101,96,74.44034120925707
101,95,94.68776897227016
101,94,116.0180803800695
101,93,142.00693450658315
101,92,165.60026088275987
101,91,190.13327509206863
101,90,209.1317027091226
101,89,231.64154772151196
101,88,260.70766581031256
101,87,279.16968331259295
101,86,304.3249688803889
101,85,331.5115152055257
101,84,360.0354702495341
101,83,389.1726770592096
101,82,418.04988737085876
101,81,447.0875597379795
101,80,466.83547693313716
101,79,487.4637261184107
101,78,679.7540696311466
101,77,711.2803990296251
101,76,744.4274937788363
101,75,777.916445991539
101,74,810.3306789367931
101,73,851.9741232709106
101,72,887.8497101415975
101,71,923.0705585148671
101,70,958.6698570252088
101,69,993.0508372468848
101,68,1172.764747605438
101,67,1207.8124221740488
101,66,1243.1192726977035
101,65,1288.2108926032097
101,64,1377.872336977314
101,63,1413.817785754206
101,62,1528.1508143523977
101,61,1566.4593252344273
101,60,2002.1967668631594
101,59,2073.7742254948407
101,58,2147.570954476495
101,57,2225.5884330093586
101,56,2304.946717514418
101,55,2381.9931074508177
101,54,2458.7013956814226
101,53,2560.4968482305558
101,52,2649.0517946212954
101,51,2731.146610532015
101,50,2818.0162331614074
101,49,2906.075617921681
101,48,2991.481585486307
101,47,3076.389371855855
101,46,3495.76796064699
101,45,3572.952501490436
101,44,3654.877994051264
101,43,3737.5694761147984
101,42,3816.8483481583603
101,41,3921.8959509729843
101,40,4046.7042713914816
101,39,4134.528054167733
101,38,4223.18956371016
101,37,4308.1410169958135
101,36,4673.978056506438
101,35,4755.515414818078
101,34,4837.650370942187
101,33,4944.470303205374
101,32,5284.475481447649
101,31,5372.656445965004
101,30,5611.787756901146
101,29,5703.978853452685
101,28,9400.31407994207
101,27,9583.83659251634
101,26,9779.358306872937
101,25,9976.692155891598
101,24,10165.227968869534
101,23,10416.459145141753
101,22,10842.285171197083
101,21,11056.326647140764
101,20,11272.415756668912
101,19,11479.2041136025
101,18,12149.414469714317
101,17,12333.490801057083
101,16,12518.846779612802
101,15,12755.348594599569
101,14,14186.338600571027
101,13,14405.963223467767
101,12,14856.324150787414
101,11,15074.11361257266
101,10,31257.9292527346
101,9,31750.80189977073
101,8,32247.474998664602
101,7,32870.14300010646
101,6,39227.10079679908
101,5,39908.69655469918
101,4,40710.49903173942
101,3,41306.694140673135
101,2,162215.01705889349
101,1,164770.9200301668
102,102,6.9444136140140715
102,101,13.787943600037622
102,100,24.098310380652336
102,99,38.94789137712088
102,98,56.084314990713644
102,97,75.29691600315635
102,96,96.094412971308
102,95,117.86772857439921
102,94,140.5384202366892
102,93,168.01380971622694
102,92,192.73770407176536
102,91,218.32780476883477
102,90,233.06776206528173
102,89,265.57914362364136
102,88,283.29002385686147
102,87,308.74232882616616
102,86,336.1418451876825
102,85,364.1983021282481
102,84,393.6141950874836
102,83,423.6322600664383
102,82,453.3470417352175
102,81,483.20223810079233
102,80,498.0857516520505
102,79,519.1594109911125
102,78,723.1661423991817
102,77,755.3491308961619
102,76,789.1957946254578
102,75,823.3870733120815
102,74,856.4671861917353
102,73,899.0084020457286
102,72,935.8539705786695
102,71,971.8028120449251
102,70,1008.1329129193699
102,69,1043.2081888477983
102,68,1227.0461149607358
102,67,1262.7692933182095
102,66,1298.755155038834
102,65,1344.727628752602
102,64,1437.9893786582725
102,63,1474.6286574756216
102,62,1591.4057675977042
102,61,1630.4489520223449
102,60,2087.5744066033753
102,59,2160.52381424402
102,58,2235.7153137615364
102,57,2315.182677046585
102,56,2395.9952176423403
102,55,2474.4413371776104
102,54,2552.5293542471923
102,53,2656.058529643181
102,52,2746.7099640131337
102,51,2830.2425330531173
102,50,2918.6077898866106
102,49,3008.165445383881
102,48,3095.017207940054
102,47,3181.351467829349
102,46,3607.2822305026793
102,45,3685.656725642434
102,44,3768.833288283388
102,43,3852.778172282996
102,42,3933.2538051849497
102,41,4039.841857302078
102,40,4168.5560889894305
102,39,4257.730072280721
102,38,4347.745955882712
102,37,4433.991826100016
102,36,4806.5330262269235
102,35,4889.325635513686
102,34,4972.719279004015
102,33,5081.118430374442
102,32,5436.927815582653
102,31,5526.641510669716
102,30,5769.985908170144
102,29,5863.78835340959
102,28,9641.95596284545
102,27,9827.89316962785
102,26,10025.947841298315
102,25,10225.818577041744
102,24,10416.780786971749
102,23,10671.082970631993
102,22,11111.106740013129
102,21,11328.054975552683
102,20,11547.061943559918
102,19,11756.648321587043
102,18,12438.951923822444
102,17,12625.620612021126
102,16,12813.577083607199
102,15,13053.236273634993
102,14,14554.097888820988
102,13,14777.978836256138
102,12,15237.15341258583
102,11,15459.240371975331
102,10,31949.53626355043
102,9,32448.922404386332
102,8,32952.131409156755
102,7,33582.44195519699
102,6,40255.79251237048
102,5,40953.22799264863
102,4,41762.476408082606
102,3,42372.768437632556
102,2,166201.23045927053
102,1,168812.84628683561
103,103,4.525086369322675
103,102,15.190846899294431
103,101,23.63186748312774
103,100,39.56763506711476
103,99,56.88359980984574
103,98,76.09213753425985
103,97,97.11357148630216
103,96,119.48997229163301
103,95,142.62810604248315
103,94,166.5181133588477
103,93,195.38111810227167
103,92,221.16954852344006
103,91,247.7629243434896
103,90,257.79306884182904
103,89,287.2493883283488
103,88,307.6952440244785
103,87,340.7869114694723
103,86,369.0809565437965
103,85,397.9947509399017
103,84,428.2921435462534
103,83,459.18283638121744
103,82,489.7292300617025
103,81,504.6306148643372
103,80,526.128341225906
103,79,574.3075464846814
103,78,767.6378423220032
103,77,800.4792367280659
103,76,835.0269643198288
103,75,869.9221323050476
103,74,903.6699985474187
103,73,947.1094057233516
103,72,984.9501616412142
103,71,1021.6294718053902
103,70,1058.6928693341758
103,69,1094.4651058261513
103,68,1282.4526415720632
103,67,1318.8555340333735
103,66,1355.5245206458017
103,65,1402.38134985028
103,64,1499.381352537186
103,63,1536.7201260515951
103,62,1655.955362854008
103,61,1695.73947166561
103,60,2174.579870749459
103,59,2248.9039977040056
103,58,2325.49287025309
103,57,2406.412201606912
103,56,2488.6811211721315
103,55,2568.529762243523
103,54,2648.00058266248
103,53,2753.2628574961805
103,52,2846.053012938384
103,51,2931.027477974884
103,50,3020.8920629934155
103,49,3111.951748436514
103,48,3200.253625916862
103,47,3288.0189292691994
103,46,3720.508006786424
103,45,3800.0762712161977
103,44,3884.5075412050182
103,43,3969.7094761707303
103,42,4051.385705725269
103,41,4159.5170646797405
103,40,4292.266241625453
103,39,4382.796995291498
103,38,4474.173883485977
103,37,4561.720868492937
103,36,4941.058844608667
103,35,5025.114897156485
103,34,5109.775464695164
103,33,5219.762248016919
103,32,5592.091253078974
103,31,5683.36085336857
103,30,5930.981896096455
103,29,6026.421359000961
103,28,9886.673104569098
103,27,10075.031948104168
103,26,10275.626040999075
103,25,10478.04018144229
103,24,10671.435876668904
103,23,10928.813332638749
103,22,11383.495274732699
103,21,11603.366983486703
103,20,11825.308734651186
103,19,12037.710225570143
103,18,12732.317190874759
103,17,12921.598403902255
103,16,13112.175687498613
103,15,13355.01311651368
103,14,14929.063403809872
103,13,15157.311510522055
103,12,15625.534378257102
103,11,15852.036484841577
103,10,32649.57572202112
103,9,33155.522869940854
103,8,33665.315677055034
103,7,34303.31234429626
103,6,41308.57939529663
103,5,42022.439206222734
103,4,42837.89132150881
103,3,43462.81035904873
103,2,170268.07667705292
103,1,172937.3890580409
104,104,5.9717715826196835
104,103,14.689423381421765
104,102,25.481693663795607
104,101,35.07810127155951
104,100,57.68769754001393
104,99,77.075746918108
104,98,98.06437411844435
104,97,120.67620967547049
104,96,144.46754471392381
104,95,168.8476020123965
104,94,193.86393301475576
104,93,224.03692047630736
104,92,250.83980835511346
104,91,261.02586801369625
104,78,813.1675867818883
104,77,846.6693518272393
104,76,881.9198378503359
104,75,917.5206274598463
104,74,951.9382536387067
104,73,996.2764544794848
104,72,1035.1388341943775
104,71,1072.5512053891096
104,70,1110.350501292631
104,69,1146.8224549341933
104,46,3835.446549111904
104,45,3916.2124461818785
104,44,4001.9021100451682
104,43,4088.3647947940785
104,42,4171.245507151521
104,41,4280.92308037266
104,40,4417.840341302794
104,39,4509.734548917561
104,38,4602.4791870677545
104,37,4691.334098061485
104,36,5077.5639063157405
104,35,5162.891723209306
104,34,5248.827581644474
104,33,5360.410554284676
104,32,5750.0061062068335
104,31,5842.85572870156
104,30,6094.819670923878
104,29,6191.922895029153
104,28,10134.467618795217
104,27,10325.255128081093
104,26,10528.39518836218
104,25,10733.359333901562
104,24,10929.195689915146
104,23,11189.652744768437
104,22,11659.465996951492
104,21,11882.278178525976
104,20,12107.171926706877
104,19,12322.405909813204
104,18,13029.531355400912
104,17,13221.445586766213
104,16,13414.664329717958
104,15,13660.701215106834
104,14,15311.422457148092
104,13,15544.154716673913
104,12,16021.673907753928
104,11,16252.715606679953
104,10,33358.08749590657
104,9,33870.64388442483
104,8,34387.069117029256
104,7,35032.79618669022
104,6,42386.35231727332
104,5,43117.26130694619
104,4,43938.57421066132
104,2,174423.22865479684
104,1,177152.42955860382
105,105,6.284591985601765
105,104,16.38819887966655
105,103,25.40846485366324
105,102,36.08728235298978
105,101,49.052714547285774
105,100,78.07273109645452
105,99,99.23848360261223
105,98,121.78754358458659
105,97,145.82395481124868
105,96,170.90477156541226
105,95,196.43221798447365
105,94,222.50293497493763
105,93,253.92446981555457
105,92,281.70400611907746
105,91,286.74746873165026
105,78,859.754196878082
105,77,893.9184730920738
105,76,929.8735767900391
105,75,966.1818619580378
105,74,1001.2713665787824
105,73,1046.5091236669844
105,72,1086.420811264811
105,71,1124.5689418712943
105,70,1163.106836930696
105,69,1200.2813500133511
105,46,3952.0995240960915
105,45,4034.0669732164206
105,44,4121.01877483429
105,43,4208.745966143646
105,42,4292.835105704898
105,41,4404.061860678097
105,40,4545.284548237358
105,39,4638.549016967693
105,38,4732.668275257865
105,37,4822.838046409528
105,36,5216.057255827158
105,35,5302.66529678555
105,34,5389.884953025616
105,33,5503.072829401069
105,32,5910.714907797946
105,31,6005.169673695506
105,30,6261.545644237428
105,29,6360.340519942632
105,28,10385.342635431045
105,27,10578.565944305552
105,26,10784.258619946495
105,25,10991.779473156483
105,24,11190.06377151364
105,23,11453.604838521982
105,22,11939.035540970777
105,21,12164.805506407476
105,20,12392.66878039119
105,19,12610.75294724499
105,18,13330.617136921623
105,17,13525.18522881116
105,16,13721.066430164647
105,15,13970.324371965053
105,14,15701.374339376256
105,13,15938.714416013561
105,12,16425.792489336087
105,11,16661.50560826608
105,10,34075.11535006694
105,9,34594.32999197359
105,8,35117.43705948497
105,7,35770.93959060937
105,6,43490.06801078941
105,5,44238.695274853875
105,4,45064.281759688245
105,2,178664.2162702665
105,1,181455.59411076337
106,106,6.568864038490609
106,105,17.00284350559439
106,104,26.319682066332554
106,103,37.47368475063044
106,102,51.031383644203984
106,101,65.17064594630914
106,100,100.43477115170185
106,99,123.15652835472878
106,98,147.09929141203966
106,97,172.43326154314
106,96,198.70678109909383
106,95,225.30837803369448
106,94,252.37749612456838
106,93,284.9985903245792
106,92,313.7265075121323
106,91,313.23727735044054
106,78,907.3967405891146
106,77,942.2258071808748
106,76,978.8875204771003
106,75,1015.905290273796
106,74,1051.6688827932976
106,73,1097.8070953448937
106,72,1138.7970379272424
106,71,1177.683719360221
106,70,1216.9630021962953
106,69,1254.8429935832164
106,46,4070.4685002666556
106,45,4153.641473767157
106,44,4241.8592109609135
106,43,4330.854720126987
106,42,4416.15628629744
106,41,4528.935245983142
106,40,4674.604989450167
106,39,4769.246647613829
106,38,4864.74751860177
106,37,4956.239204773329
106,36,5356.5479181727915
106,35,5444.44477993144
106,34,5532.956879304798
106,33,5647.758528419674
106,32,6074.261745781049
106,31,6170.347833936294
106,30,6431.207993632637
106,29,6531.723622538984
106,28,10639.300955495371
106,27,10834.967295251696
106,26,11043.219328152696
106,25,11253.303685843734
106,24,11454.043306620662
106,23,11720.67287556396
106,22,12222.220409175157
106,21,12450.965776422654
106,20,12681.81641540994
106,19,12902.76876564733
106,18,13635.597162485228
106,17,13832.840303125235
106,16,14031.405311008819
106,15,14283.906288026477
106,14,16099.129130560068
106,13,16341.207892451102
106,12,16838.123126680806
106,11,17078.647494878558
106,10,34800.70250802891
106,9,35326.625185417724
106,8,35856.46427357397
106,7,36517.78808914568
106,6,44620.749534736984
106,5,45387.81283775877
106,4,46215.353071330406
106,2,182991.47580292745
106,1,185847.46819654005
107,107,6.868802851148049
107,106,17.628053033940457
107,105,27.246087259312432
107,104,38.85418415175059
107,103,52.751025867323186
107,102,67.52165462191698
107,101,82.6300771348971
107,100,124.55662229323333
107,99,148.66598036403627
107,98,173.87481776478438
107,97,200.40826669545385
107,96,227.79928140274217
107,95,255.41794338010172
107,94,283.44168094274136
107,93,317.22300135357284
107,92,346.878533316043
107,91,340.4895434022579
107,78,956.0944439145607
107,77,991.5906876656458
107,76,1028.961107775184
107,75,1066.690443322252
107,74,1103.130405556024
107,73,1150.1700876493467
107,72,1192.2685118141171
107,71,1231.8966160642763
107,70,1271.9201520924255
107,69,1310.508607966897
107,46,4190.55476898721
107,45,4274.937285647115
107,44,4364.424803238767
107,43,4454.692489076619
107,42,4541.210529607498
107,41,4655.544763365361
107,40,4805.807556505666
107,39,4901.833447361151
107,38,4998.723039728697
107,37,5091.543810545113
107,36,5499.044669587379
107,35,5588.239080763679
107,34,5678.052401841606
107,33,5794.476840255123
107,32,6240.692101163723
107,31,6338.436802115409
107,30,6603.856504089747
107,29,6706.123264801131
107,28,10896.344597235004
107,27,11094.461281438798
107,26,11305.27949124856
107,25,11517.934228163713
107,24,11721.136634418028
107,23,11990.85925081811
107,22,12509.036457618799
107,21,12740.775137961436
107,20,12974.631277932685
107,19,13198.470106346052
107,18,13944.4933964195
107,17,14144.433109634474
107,16,14345.703610787059
107,15,14601.469966759107
107,14,16504.90794208852
107,13,16751.864043521266
107,12,17258.911744909103
107,11,17504.395874194815
107,10,35534.890204188785
107,9,36067.5714377022
107,8,36604.19347768468
107,7,37273.38512473217
107,6,45779.49123301958
107,5,46565.76199138836
107,4,47395.05566138905
107,2,187419.16592619772
107,1,190342.54164850776
108,108,6.596297512609889
108,107,18.263767228016413
108,106,28.65303627005725
108,105,39.75422214592643
108,104,54.4642190766686
108,103,69.57143381729048
108,102,85.3478798109454
108,101,101.27974872159113
108,100,150.2727830825863
108,99,175.64078956149658
108,98,202.01726079864585
108,97,229.67391266485404
108,96,258.12361201997714
108,95,286.7146290232894
108,94,315.6586298408291
108,93,350.5684060583223
108,92,381.13675632263005
108,91,368.50023485540544
108,78,1005.8468871595725
108,77,1042.0127859870704
108,76,1080.0941021523295
108,75,1118.537166816819
108,74,1155.6558464676996
108,73,1203.5981199810058
108,72,1246.8365611077086
108,71,1287.209039863608
108,70,1327.9797716331796
108,69,1367.2797469914135
108,46,4312.360374894366
108,45,4397.956514429288
108,44,4488.717719531161
108,43,4580.261503796741
108,42,4668.000129613486
108,41,4783.892772539365
108,40,4938.899089978899
108,39,5036.316389387451
108,38,5134.60194577816
108,37,5228.759102774464
108,36,5643.557394496786
108,35,5734.058232618587
108,34,5825.181704354319
108,33,5943.238118090355
108,32,6410.054494248279
108,31,6509.486293398123
108,30,6779.544323963847
108,29,6883.593969367949
108,28,11156.477484261435
108,27,11357.051942777709
108,26,11570.44326308499
108,25,11785.675368422659
108,24,11991.348141132308
108,23,12264.168452510316
108,22,12799.501988202204
108,21,13034.252230335233
108,20,13271.13234859229
108,19,13497.876287896022
108,18,14257.330589929381
108,17,14459.988774441636
108,16,14663.986833815807
108,15,14923.041327222476
108,14,16918.948019436426
108,13,17170.928611655752
108,12,17688.422702058306
108,11,17939.02461072127
108,10,36277.72647699438
108,9,36817.21762756827
108,8,37360.67439861053
108,7,38037.78127483883
108,6,46967.477814227874
108,5,47773.7869669985
108,4,48600.68393871795
108,2,191933.38642124963
108,1,194926.93092903262
109,105,56.41314197614843
109,102,104.35863338011568
109,101,121.00897382118639
109,100,177.455834272579
109,99,203.98301885359493
109,98,231.4506822872345
109,97,260.170844913578
109,96,289.6329923313213
109,95,319.1612121984357
109,94,348.998452960557
109,93,385.0108776656725
109,92,416.4820445655116
109,91,397.26653416309335
109,78,1056.6536234600624
109,77,1093.4917214517827
109,76,1132.2861916846011
109,75,1171.4452104123914
109,74,1209.245003551555
109,73,1258.091076134827
109,72,1302.5023941121788
109,71,1343.6222646020958
109,70,1385.1431984757046
109,69,1425.1578052564616
109,46,4435.886561990624
109,45,4522.7004481508975
109,44,4614.739292166276
109,43,4707.563141397892
109,42,4796.526509239635
109,41,4913.980738964678
109,40,5073.885598524619
109,39,5172.701596918381
109,38,5272.390475758512
109,37,5367.891435022062
109,36,5790.095047417615
109,35,5881.911322788611
109,34,5974.354008265705
109,33,6094.051731432028
109,32,6582.398287791549
109,31,6683.546917666031
109,30,6958.32565492596
109,29,7064.1913782419115
109,28,11419.701399856333
109,27,11622.74113909117
109,26,11838.712575095617
109,25,12056.529109825404
109,24,12264.679907139916
109,23,12540.602608788982
109,22,13093.63310842445
109,21,13331.413456344751
109,20,13571.33632907934
109,19,13801.004309431
109,18,14574.131108240326
109,17,14779.53000264435
109,16,14986.278028190738
109,15,15248.643786963754
109,14,17341.497765589455
109,13,17598.65919280889
109,12,18126.93378656819
109,11,18382.821826542106
109,10,37029.252976002645
109,9,37575.60614846715
109,8,38125.950180854634
109,7,38811.02041226426
109,6,48185.976238216164
109,5,49013.22064053208
109,4,49837.065194596384
109,2,196555.26879622455
109,1,199622.2243608139
110,105,73.92374003175811
110,102,124.44325587550279
110,101,141.73571756845354
110,100,206.0067758171755
110,99,233.61592001944032
110,98,262.11508052672565
110,97,291.85180013224954
110,96,322.28989517675654
110,95,352.7276177969491
110,94,383.4368338438759
110,93,420.5308489678289
110,92,452.89873558271995
110,91,426.7866915100485
110,78,1108.5145399635533
110,77,1146.0274402191721
110,76,1185.5373860083796
110,75,1225.414642190721
110,74,1263.897992225165
110,73,1313.6491560272977
110,72,1359.2675695260261
110,71,1401.1379172903103
110,70,1443.4121270210396
110,69,1484.1445383711507
110,46,4561.135444883326
110,45,4649.171262014619
110,44,4742.491758126615
110,43,4836.599701279929
110,42,4926.792030642666
110,41,5045.811089464788
110,40,5210.774176199045
110,39,5310.996298661611
110,38,5412.095994434561
110,37,5508.948306083253
110,36,5938.667846050514
110,35,6031.808721012442
110,34,6125.579836835157
110,33,6246.928376436176
110,32,6757.77630225125
110,31,6860.672839559946
110,30,7140.258535511144
110,29,7247.97508446428
110,28,11686.020323324472
110,27,11891.532964927947
110,26,12110.09163459482
110,25,12330.499772978637
110,24,12541.13636993487
110,23,12820.166257463932
110,22,13391.44871344014
110,21,13632.278056251374
110,20,13875.262808866459
110,19,14107.874106172107
110,18,14894.920483559676
110,17,15103.082710644017
110,16,15312.603497970405
110,15,15578.304075662092
110,14,17772.82459673201
110,13,18035.333278494945
110,12,18574.74466466105
110,11,18836.098555239194
110,10,37789.51909770796
110,9,38342.787255625415
110,8,38900.07194649384
110,7,39593.15453024067
110,6,49436.36409838291
110,5,50285.514188557645
110,4,51101.21578790271
110,2,201269.9599626679
110,1,204413.6305670239
