Z,symbol,ion_charge,N,isoelectronic_seq,ground_shells,ground_config,shells_expanded,ground_level,ionized_level,IE_eV,unc_eV,status,n_max,last_subshell
1,H,0,1,H,1s,1s,1s1,2S<1/2>,,13.598434599702,0.000000000012,theoretical,1,1s1
2,He,0,2,He,1s2,1s2,1s2,1S0,1s 2S<1/2>,24.587389011,0.000000025,experimental,1,1s2
2,He,1,1,H,1s,1s,1s1,2S<1/2>,,54.4177655282,0.0000000010,theoretical,1,1s1
3,Li,0,3,Li,1s2.2s,1s2.2s,1s2.2s1,2S<1/2>,1s2 1S<0>,5.391714996,0.000000022,experimental,2,2s1
3,Li,1,2,He,1s2,1s2,1s2,1S0,1s 2S<1/2>,75.640097,0.0000012,theoretical,1,1s2
3,Li,2,1,H,1s,1s,1s1,2S<1/2>,,122.45435913,0.00000011,theoretical,1,1s1
4,Be,0,4,Be,1s2.2s2,1s2.2s2,1s2.2s2,1S0,2s 2S<1/2>,9.322699,0.000007,experimental,2,2s2
4,Be,1,3,Li,1s2.2s,1s2.2s,1s2.2s1,2S<1/2>,1s2 1S<0>,18.21115,0.00004,experimental,2,2s1
4,Be,2,2,He,1s2,1s2,1s2,1S0,1s 2S<1/2>,153.896205,0.000004,theoretical,1,1s2
4,Be,3,1,H,1s,1s,1s1,2S<1/2>,,217.71858459,0.00000010,theoretical,1,1s1
5,B,0,5,B,1s2.2s2.2p,2s2.2p,1s2.2s2.2p1,2P*<1/2>,2s2 1S<0>,8.298019,0.000003,experimental,2,2p1
5,B,1,4,Be,1s2.2s2,1s2.2s2,1s2.2s2,1S0,2s 2S<1/2>,25.15483,0.00005,experimental,2,2s2
5,B,2,3,Li,1s2.2s,1s2.2s,1s2.2s1,2S<1/2>,1s2 1S<0>,37.93059,0.00007,experimental,2,2s1
5,B,3,2,He,1s2,1s2,1s2,1S0,1s 2S<1/2>,259.374379,0.000009,theoretical,1,1s2
5,B,4,1,H,1s,1s,1s1,2S<1/2>,,340.2260225,0.0000006,theoretical,1,1s1
6,C,0,6,C,1s2.2s2.2p2,2s2.2p2,1s2.2s2.2p2,3P0,2s2.2p 2P*<1/2>,11.260288,0.0000011,experimental,2,2p2
6,C,1,5,B,1s2.2s2.2p,2s2.2p,1s2.2s2.2p1,2P*<1/2>,2s2 1S<0>,24.383143,0.000012,experimental,2,2p1
6,C,2,4,Be,1s2.2s2,1s2.2s2,1s2.2s2,1S0,2s 2S<1/2>,47.88778,0.00025,experimental,2,2s2
6,C,3,3,Li,1s2.2s,1s2.2s,1s2.2s1,2S<1/2>,1s2 1S<0>,64.49352,0.00019,experimental,2,2s1
6,C,4,2,He,1s2,1s2,1s2,1S0,1s 2S<1/2>,392.09056,0.00004,theoretical,1,1s2
6,C,5,1,H,1s,1s,1s1,2S<1/2>,,489.99320779,0.00000022,theoretical,1,1s1
7,N,0,7,N,1s2.2s2.2p3,2s2.2p3,1s2.2s2.2p3,4S*<3/2>,2p2 3P<0>,14.53413,0.00004,experimental,2,2p3
7,N,1,6,C,1s2.2s2.2p2,2s2.2p2,1s2.2s2.2p2,3P0,2p 2P*<1/2>,29.60125,0.00009,semi-empirical,2,2p2
7,N,2,5,B,1s2.2s2.2p,2s2.2p,1s2.2s2.2p1,2P*<1/2>,2s2 1S<0>,47.4453,0.0025,semi-empirical,2,2p1
7,N,3,4,Be,1s2.2s2,1s2.2s2,1s2.2s2,1S0,2s 2S<1/2>,77.4735,0.0004,experimental,2,2s2
7,N,4,3,Li,1s2.2s,1s2.2s,1s2.2s1,2S<1/2>,1s2 1S<0>,97.8901,0.0004,experimental,2,2s1
7,N,5,2,He,1s2,1s2,1s2,1S0,1s 2S<1/2>,552.06741,0.00008,theoretical,1,1s2
7,N,6,1,H,1s,1s,1s1,2S<1/2>,,667.0461377,0.0000007,theoretical,1,1s1
8,O,0,8,O,1s2.2s2.2p4,2s2.2p4,1s2.2s2.2p4,3P<2>,2p3 4S*<3/2>,13.618055,0.000007,experimental,2,2p4
8,O,1,7,N,1s2.2s2.2p3,2s2.2p3,1s2.2s2.2p3,4S*<3/2>,2p2 3P<0>,35.12112,0.00006,experimental,2,2p3
8,O,2,6,C,1s2.2s2.2p2,2s2.2p2,1s2.2s2.2p2,3P0,2p 2P*<1/2>,54.93554,0.00012,semi-empirical,2,2p2
8,O,3,5,B,1s2.2s2.2p,2s2.2p,1s2.2s2.2p1,2P*<1/2>,2s2 1S<0>,77.4135,0.00025,experimental,2,2p1
8,O,4,4,Be,1s2.2s2,1s2.2s2,1s2.2s2,1S0,2s 2S<1/2>,113.899,0.0005,experimental,2,2s2
8,O,5,3,Li,1s2.2s,1s2.2s,1s2.2s1,2S<1/2>,1s2 1S<0>,138.1189,0.0021,semi-empirical,2,2s1
8,O,6,2,He,1s2,1s2,1s2,1S0,1s 2S<1/2>,739.32697,0.00015,theoretical,1,1s2
8,O,7,1,H,1s,1s,1s1,2S<1/2>,,871.4099138,0.0000012,theoretical,1,1s1
9,F,0,9,F,1s2.2s2.2p5,2s2.2p5,1s2.2s2.2p5,2P*<3/2>,2p4 3P<2>,17.42282,0.00005,experimental,2,2p5
9,F,1,8,O,1s2.2s2.2p4,2s2.2p4,1s2.2s2.2p4,3P<2>,2p3 4S*<3/2>,34.97081,0.00012,experimental,2,2p4
9,F,2,7,N,1s2.2s2.2p3,2s2.2p3,1s2.2s2.2p3,4S*<3/2>,2p2 3P<0>,62.70798,0.00025,semi-empirical,2,2p3
9,F,3,6,C,1s2.2s2.2p2,2s2.2p2,1s2.2s2.2p2,3P0,2p 2P*<1/2>,87.175,0.017,semi-empirical,2,2p2
9,F,4,5,B,1s2.2s2.2p,2s2.2p,1s2.2s2.2p1,2P*<1/2>,2s2 1S<0>,114.249,0.006,semi-empirical,2,2p1
9,F,5,4,Be,1s2.2s2,1s2.2s2,1s2.2s2,1S0,2s 2S<1/2>,157.16311,0.00025,experimental,2,2s2
9,F,6,3,Li,1s2.2s,1s2.2s,1s2.2s1,2S<1/2>,1s2 1S<0>,185.1868,0.0006,experimental,2,2s1
9,F,7,2,He,1s2,1s2,1s2,1S0,1s 2S<1/2>,953.8983,0.0003,theoretical,1,1s2
9,F,8,1,H,1s,1s,1s1,2S<1/2>,,1103.1175302,0.0000019,theoretical,1,1s1
10,Ne,0,10,Ne,1s2.2s2.2p6,2s2.2p6,1s2.2s2.2p6,1S0,2p5 2P*<3/2>,21.564541,0.000007,experimental,2,2p6
10,Ne,1,9,F,1s2.2s2.2p5,2s2.2p5,1s2.2s2.2p5,2P*<3/2>,2p4 3P<2>,40.96297,0.00004,experimental,2,2p5
10,Ne,2,8,O,1s2.2s2.2p4,2s2.2p4,1s2.2s2.2p4,3P<2>,2p3 4S*<3/2>,63.4233,0.0003,experimental,2,2p4
10,Ne,3,7,N,1s2.2s2.2p3,2s2.2p3,1s2.2s2.2p3,4S*<3/2>,2s2.2p2 3P<0>,97.19,0.0025,semi-empirical,2,2p3
10,Ne,4,6,C,1s2.2s2.2p2,2s2.2p2,1s2.2s2.2p2,3P0,2p 2P*<1/2>,126.247,0.012,experimental,2,2p2
10,Ne,5,5,B,1s2.2s2.2p,2s2.2p,1s2.2s2.2p1,2P*<1/2>,2s2 1S<0>,157.934,0.005,experimental,2,2p1
10,Ne,6,4,Be,1s2.2s2,1s2.2s2,1s2.2s2,1S0,2s 2S<1/2>,207.271,0.012,experimental,2,2s2
10,Ne,7,3,Li,1s2.2s,1s2.2s,1s2.2s1,2S<1/2>,1s2 1S<0>,239.097,0.0019,semi-empirical,2,2s1
10,Ne,8,2,He,1s2,1s2,1s2,1S0,1s 2S<1/2>,1195.8082,0.0004,theoretical,1,1s2
10,Ne,9,1,H,1s,1s,1s1,2S<1/2>,,1362.199256,0.000004,theoretical,1,1s1
11,Na,0,11,Na,[Ne].3s,2p6.3s,1s2.2s2.2p6.3s1,2S<1/2>,2p6 1S<0>,5.13907696,0.00000025,experimental,3,3s1
11,Na,1,10,Ne,1s2.2s2.2p6,2s2.2p6,1s2.2s2.2p6,1S0,2p5 2P*<3/2>,47.28636,0.00025,experimental,2,2p6
11,Na,2,9,F,1s2.2s2.2p5,2s2.2p5,1s2.2s2.2p5,2P*<3/2>,2p4 3P<2>,71.62,0.0012,semi-empirical,2,2p5
11,Na,3,8,O,1s2.2s2.2p4,2s2.2p4,1s2.2s2.2p4,3P<2>,2p3 4S*<3/2>,98.936,0.012,semi-empirical,2,2p4
11,Na,4,7,N,1s2.2s2.2p3,2s2.2p3,1s2.2s2.2p3,4S*<3/2>,2p2 3P<0>,138.404,0.012,experimental,2,2p3
11,Na,5,6,C,1s2.2s2.2p2,2s2.2p2,1s2.2s2.2p2,3P0,2p 2P*<1/2>,172.23,0.05,semi-empirical,2,2p2
11,Na,6,5,B,1s2.2s2.2p,2s2.2p,1s2.2s2.2p1,2P*<1/2>,2s2 1S<0>,208.504,0.012,semi-empirical,2,2p1
11,Na,7,4,Be,1s2.2s2,1s2.2s2,1s2.2s2,1S0,2s 2S<1/2>,264.192,0.022,semi-empirical,2,2s2
11,Na,8,3,Li,1s2.2s,1s2.2s,1s2.2s1,2S<1/2>,1s2 1S<0>,299.856,0.007,theoretical,2,2s1
11,Na,9,2,He,1s2,1s2,1s2,1S0,1s 2S<1/2>,1465.0992,0.0007,theoretical,1,1s2
11,Na,10,1,H,1s,1s,1s1,2S<1/2>,,1648.702285,0.000005,theoretical,1,1s1
12,Mg,0,12,Mg,[Ne].3s2,2p6.3s2,1s2.2s2.2p6.3s2,1S0,3s 2S<1/2>,7.646236,0.000004,experimental,3,3s2
12,Mg,1,11,Na,[Ne].3s,2p6.3s,1s2.2s2.2p6.3s1,2S<1/2>,2p6 1S<0>,15.035271,0.000006,experimental,3,3s1
12,Mg,2,10,Ne,1s2.2s2.2p6,2s2.2p6,1s2.2s2.2p6,1S0,2p5 2P*<3/2>,80.1436,0.0006,experimental,2,2p6
12,Mg,3,9,F,1s2.2s2.2p5,2s2.2p5,1s2.2s2.2p5,2P*<3/2>,2p4 3P<2>,109.2654,0.0012,semi-empirical,2,2p5
12,Mg,4,8,O,1s2.2s2.2p4,2s2.2p4,1s2.2s2.2p4,3P<2>,2p3 4S*<3/2>,141.33,0.03,semi-empirical,2,2p4
12,Mg,5,7,N,1s2.2s2.2p3,2s2.2p3,1s2.2s2.2p3,4S*<3/2>,2p2 3P<0>,186.76,0.06,semi-empirical,2,2p3
12,Mg,6,6,C,1s2.2s2.2p2,2s2.2p2,1s2.2s2.2p2,3P0,2p 2P*<1/2>,225.02,0.06,semi-empirical,2,2p2
12,Mg,7,5,B,1s2.2s2.2p,2s2.2p,1s2.2s2.2p1,2P*<1/2>,2s2 1S<0>,265.924,0.019,semi-empirical,2,2p1
12,Mg,8,4,Be,1s2.2s2,1s2.2s2,1s2.2s2,1S0,2s 2S<1/2>,327.99,0.04,semi-empirical,2,2s2
12,Mg,9,3,Li,1s2.2s,1s2.2s,1s2.2s1,2S<1/2>,1s2 1S<0>,367.489,0.007,theoretical,2,2s1
12,Mg,10,2,He,1s2,1s2,1s2,1S0,1s 2S<1/2>,1761.8049,0.0010,theoretical,1,1s2
12,Mg,11,1,H,1s,1s,1s1,2S<1/2>,,1962.663889,0.000007,theoretical,1,1s1
13,Al,0,13,Al,[Ne].3s2.3p,3s2.3p,1s2.2s2.2p6.3s2.3p1,2P*<1/2>,3s2 1S<0>,5.985769,0.000003,experimental,3,3p1
13,Al,1,12,Mg,[Ne].3s2,2p6.3s2,1s2.2s2.2p6.3s2,1S0,3s 2S<1/2>,18.82855,0.00005,experimental,3,3s2
13,Al,2,11,Na,[Ne].3s,2p6.3s,1s2.2s2.2p6.3s1,2S<1/2>,2p6 1S<0>,28.447642,0.000025,experimental,3,3s1
13,Al,3,10,Ne,1s2.2s2.2p6,2s2.2p6,1s2.2s2.2p6,1S0,2p5 2P*<3/2>,119.9924,0.0019,experimental,2,2p6
13,Al,4,9,F,1s2.2s2.2p5,2s2.2p5,1s2.2s2.2p5,2P*<3/2>,2p4 3P<2>,153.8252,0.0025,semi-empirical,2,2p5
13,Al,5,8,O,1s2.2s2.2p4,2s2.2p4,1s2.2s2.2p4,3P<2>,2p3 4S*<3/2>,190.49,0.05,semi-empirical,2,2p4
13,Al,6,7,N,1s2.2s2.2p3,2s2.2p3,1s2.2s2.2p3,4S*<3/2>,2p2 3P<0>,241.76,0.09,semi-empirical,2,2p3
13,Al,7,6,C,1s2.2s2.2p2,2s2.2p2,1s2.2s2.2p2,3P0,2p 2P*<1/2>,284.64,0.07,semi-empirical,2,2p2
13,Al,8,5,B,1s2.2s2.2p,2s2.2p,1s2.2s2.2p1,2P*<1/2>,2s2 1S<0>,330.21,0.04,semi-empirical,2,2p1
13,Al,9,4,Be,1s2.2s2,1s2.2s2,1s2.2s2,1S0,2s 2S<1/2>,398.65,0.06,semi-empirical,2,2s2
13,Al,10,3,Li,1s2.2s,1s2.2s,1s2.2s1,2S<1/2>,1s2 1S<0>,442.005,0.007,theoretical,2,2s1
13,Al,11,2,He,1s2,1s2,1s2,1S0,1s 2S<1/2>,2085.97693,0.00016,theoretical,1,1s2
13,Al,12,1,H,1s,1s,1s1,2S<1/2>,,2304.140359,0.000012,theoretical,1,1s1
14,Si,0,14,Si,[Ne].3s2.3p2,3s2.3p2,1s2.2s2.2p6.3s2.3p2,3P0,3p 2P*<1/2>,8.15168,0.00003,experimental,3,3p2
14,Si,1,13,Al,[Ne].3s2.3p,3s2.3p,1s2.2s2.2p6.3s2.3p1,2P*<1/2>,3s2 1S<0>,16.34585,0.00004,experimental,3,3p1
14,Si,2,12,Mg,[Ne].3s2,2p6.3s2,1s2.2s2.2p6.3s2,1S0,3s 2S<1/2>,33.493,0.00009,experimental,3,3s2
14,Si,3,11,Na,[Ne].3s,2p6.3s,1s2.2s2.2p6.3s1,2S<1/2>,2p6 1S<0>,45.14179,0.00007,experimental,3,3s1
14,Si,4,10,Ne,1s2.2s2.2p6,2s2.2p6,1s2.2s2.2p6,1S0,2p5 2P*<3/2>,166.767,0.003,experimental,2,2p6
14,Si,5,9,F,1s2.2s2.2p5,2s2.2p5,1s2.2s2.2p5,2P*<3/2>,2p4 3P<2>,205.279,0.005,semi-empirical,2,2p5
14,Si,6,8,O,1s2.2s2.2p4,2s2.2p4,1s2.2s2.2p4,3P<2>,2p3 4S*<3/2>,246.57,0.05,semi-empirical,2,2p4
14,Si,7,7,N,1s2.2s2.2p3,2s2.2p3,1s2.2s2.2p3,4S*<3/2>,2p2 3P<0>,303.59,0.05,semi-empirical,2,2p3
14,Si,8,6,C,1s2.2s2.2p2,2s2.2p2,1s2.2s2.2p2,3P0,2p 2P*<1/2>,351.28,0.06,semi-empirical,2,2p2
14,Si,9,5,B,1s2.2s2.2p,2s2.2p,1s2.2s2.2p1,2P*<1/2>,2s2 1S<0>,401.38,0.04,semi-empirical,2,2p1
14,Si,10,4,Be,1s2.2s2,1s2.2s2,1s2.2s2,1S0,2s 2S<1/2>,476.273,0.019,semi-empirical,2,2s2
14,Si,11,3,Li,1s2.2s,1s2.2s,1s2.2s1,2S<1/2>,1s2 1S<0>,523.415,0.007,theoretical,2,2s1
14,Si,12,2,He,1s2,1s2,1s2,1S0,1s 2S<1/2>,2437.65805,0.00017,theoretical,1,1s2
14,Si,13,1,H,1s,1s,1s1,2S<1/2>,,2673.177958,0.000017,theoretical,1,1s1
15,P,0,15,P,[Ne].3s2.3p3,3s2.3p3,1s2.2s2.2p6.3s2.3p3,4S*<3/2>,3p2 3P<0>,10.486686,0.000015,experimental,3,3p3
15,P,1,14,Si,[Ne].3s2.3p2,3s2.3p2,1s2.2s2.2p6.3s2.3p2,3P0,3p 2P*<1/2>,19.76949,0.00004,semi-empirical,3,3p2
15,P,2,13,Al,[Ne].3s2.3p,3s2.3p,1s2.2s2.2p6.3s2.3p1,2P*<1/2>,3s2 1S<0>,30.20264,0.00009,experimental,3,3p1
15,P,3,12,Mg,[Ne].3s2,2p6.3s2,1s2.2s2.2p6.3s2,1S0,3s 2S<1/2>,51.44387,0.00012,experimental,3,3s2
15,P,4,11,Na,[Ne].3s,2p6.3s,1s2.2s2.2p6.3s1,2S<1/2>,2p6 1S<0>,65.02511,0.00012,experimental,3,3s1
15,P,5,10,Ne,1s2.2s2.2p6,2s2.2p6,1s2.2s2.2p6,1S0,2p5 2P*<3/2>,220.43,0.005,semi-empirical,2,2p6
15,P,6,9,F,1s2.2s2.2p5,2s2.2p5,1s2.2s2.2p5,2P*<3/2>,2p4 3P<2>,263.57,0.06,semi-empirical,2,2p5
15,P,7,8,O,1s2.2s2.2p4,2s2.2p4,1s2.2s2.2p4,3P<2>,2p3 4S*<3/2>,309.6,0.10,semi-empirical,2,2p4
15,P,8,7,N,1s2.2s2.2p3,2s2.2p3,1s2.2s2.2p3,4S*<3/2>,2p2 3P<0>,372.31,0.21,semi-empirical,2,2p3
15,P,9,6,C,1s2.2s2.2p2,2s2.2p2,1s2.2s2.2p2,3P0,2p 2P*<1/2>,424.4,0.09,semi-empirical,2,2p2
15,P,10,5,B,1s2.2s2.2p,2s2.2p,1s2.2s2.2p1,2P*<1/2>,2s2 1S<0>,479.44,0.05,semi-empirical,2,2p1
15,P,11,4,Be,1s2.2s2,1s2.2s2,1s2.2s2,1S0,2s 2S<1/2>,560.62,0.10,semi-empirical,2,2s2
15,P,12,3,Li,1s2.2s,1s2.2s,1s2.2s1,2S<1/2>,1s2 1S<0>,611.741,0.007,theoretical,2,2s1
15,P,13,2,He,1s2,1s2,1s2,1S0,1s 2S<1/2>,2816.90868,0.00019,theoretical,1,1s2
15,P,14,1,H,1s,1s,1s1,2S<1/2>,,3069.842145,0.000014,theoretical,1,1s1
16,S,0,16,S,[Ne].3s2.3p4,3s2.3p4,1s2.2s2.2p6.3s2.3p4,3P<2>,3p3 4S*<3/2>,10.3600167,0.0000014,experimental,3,3p4
16,S,1,15,P,[Ne].3s2.3p3,3s2.3p3,1s2.2s2.2p6.3s2.3p3,4S*<3/2>,3p2 3P<0>,23.33788,0.00025,experimental,3,3p3
16,S,2,14,Si,[Ne].3s2.3p2,3s2.3p2,1s2.2s2.2p6.3s2.3p2,3P0,3p 2P*<1/2>,34.86,0.04,semi-empirical,3,3p2
16,S,3,13,Al,[Ne].3s2.3p,3s2.3p,1s2.2s2.2p6.3s2.3p1,2P*<1/2>,3s2 1S<0>,47.222,0.012,semi-empirical,3,3p1
16,S,4,12,Mg,[Ne].3s2,2p6.3s2,1s2.2s2.2p6.3s2,1S0,3s 2S<1/2>,72.5945,0.0004,experimental,3,3s2
16,S,5,11,Na,[Ne].3s,2p6.3s,1s2.2s2.2p6.3s1,2S<1/2>,2p6 1S<0>,88.0529,0.0004,experimental,3,3s1
16,S,6,10,Ne,1s2.2s2.2p6,2s2.2p6,1s2.2s2.2p6,1S0,2p5 2P*<3/2>,280.954,0.007,experimental,2,2p6
16,S,7,9,F,1s2.2s2.2p5,2s2.2p5,1s2.2s2.2p5,2P*<3/2>,2p4 3P<2>,328.794,0.007,experimental,2,2p5
16,S,8,8,O,1s2.2s2.2p4,2s2.2p4,1s2.2s2.2p4,3P<2>,2p3 4S*<3/2>,379.84,0.21,semi-empirical,2,2p4
16,S,9,7,N,1s2.2s2.2p3,2s2.2p3,1s2.2s2.2p3,4S*<3/2>,2p2 3P<0>,447.7,0.3,semi-empirical,2,2p3
16,S,10,6,C,1s2.2s2.2p2,2s2.2p2,1s2.2s2.2p2,3P0,2p 2P*<1/2>,504.55,0.12,semi-empirical,2,2p2
16,S,11,5,B,1s2.2s2.2p,2s2.2p,1s2.2s2.2p1,2P*<1/2>,2s2 1S<0>,564.41,0.05,semi-empirical,2,2p1
16,S,12,4,Be,1s2.2s2,1s2.2s2,1s2.2s2,1S0,2s 2S<1/2>,651.96,0.12,semi-empirical,2,2s2
16,S,13,3,Li,1s2.2s,1s2.2s,1s2.2s1,2S<1/2>,1s2 1S<0>,706.994,0.007,theoretical,2,2s1
16,S,14,2,He,1s2,1s2,1s2,1S0,1s 2S<1/2>,3223.78057,0.00020,theoretical,1,1s2
16,S,15,1,H,1s,1s,1s1,2S<1/2>,,3494.188518,0.000019,theoretical,1,1s1
17,Cl,0,17,Cl,[Ne].3s2.3p5,3s2.3p5,1s2.2s2.2p6.3s2.3p5,2P*<3/2>,3p4 3P<2>,12.967633,0.000016,experimental,3,3p5
17,Cl,1,16,S,[Ne].3s2.3p4,3s2.3p4,1s2.2s2.2p6.3s2.3p4,3P<2>,3p3 4S*<3/2>,23.81364,0.00012,experimental,3,3p4
17,Cl,2,15,P,[Ne].3s2.3p3,3s2.3p3,1s2.2s2.2p6.3s2.3p3,4S*<3/2>,3p2 3P<0>,39.8,0.11,semi-empirical,3,3p3
17,Cl,3,14,Si,[Ne].3s2.3p2,3s2.3p2,1s2.2s2.2p6.3s2.3p2,3P0,3p 2P*<1/2>,53.24,0.12,semi-empirical,3,3p2
17,Cl,4,13,Al,[Ne].3s2.3p,3s2.3p,1s2.2s2.2p6.3s2.3p1,2P*<1/2>,3s2 1S<0>,67.68,0.10,semi-empirical,3,3p1
17,Cl,5,12,Mg,[Ne].3s2,2p6.3s2,1s2.2s2.2p6.3s2,1S0,3s 2S<1/2>,96.94,0.04,semi-empirical,3,3s2
17,Cl,6,11,Na,[Ne].3s,2p6.3s,1s2.2s2.2p6.3s1,2S<1/2>,2p6 1S<0>,114.2013,0.0006,experimental,3,3s1
17,Cl,7,10,Ne,1s2.2s2.2p6,2s2.2p6,1s2.2s2.2p6,1S0,2p5 2P*<3/2>,348.306,0.007,experimental,2,2p6
17,Cl,8,9,F,1s2.2s2.2p5,2s2.2p5,1s2.2s2.2p5,2P*<3/2>,2p4 3P<2>,400.851,0.012,experimental,2,2p5
17,Cl,9,8,O,1s2.2s2.2p4,2s2.2p4,1s2.2s2.2p4,3P<2>,2p3 4S*<3/2>,456.7,0.4,semi-empirical,2,2p4
17,Cl,10,7,N,1s2.2s2.2p3,2s2.2p3,1s2.2s2.2p3,4S*<3/2>,2p2 3P<0>,530.0,0.4,semi-empirical,2,2p3
17,Cl,11,6,C,1s2.2s2.2p2,2s2.2p2,1s2.2s2.2p2,3P0,2p 2P*<1/2>,591.58,0.19,semi-empirical,2,2p2
17,Cl,12,5,B,1s2.2s2.2p,2s2.2p,1s2.2s2.2p1,2P*<1/2>,2s2 1S<0>,656.3,0.12,semi-empirical,2,2p1
17,Cl,13,4,Be,1s2.2s2,1s2.2s2,1s2.2s2,1S0,2s 2S<1/2>,750.23,0.19,semi-empirical,2,2s2
17,Cl,14,3,Li,1s2.2s,1s2.2s,1s2.2s1,2S<1/2>,1s2 1S<0>,809.198,0.007,theoretical,2,2s1
17,Cl,15,2,He,1s2,1s2,1s2,1S0,1s 2S<1/2>,3658.34366,0.00022,theoretical,1,1s2
17,Cl,16,1,H,1s,1s,1s1,2S<1/2>,,3946.29179,0.00007,theoretical,1,1s1
18,Ar,0,18,Ar,[Ne].3s2.3p6,3s2.3p6,1s2.2s2.2p6.3s2.3p6,1S0,3p5 2P*<3/2>,15.7596119,0.0000005,experimental,3,3p6
18,Ar,1,17,Cl,[Ne].3s2.3p5,3s2.3p5,1s2.2s2.2p6.3s2.3p5,2P*<3/2>,3p4 3P<2>,27.62967,0.00012,experimental,3,3p5
18,Ar,2,16,S,[Ne].3s2.3p4,3s2.3p4,1s2.2s2.2p6.3s2.3p4,3P<2>,3p3 4S*<3/2>,40.735,0.012,semi-empirical,3,3p4
18,Ar,3,15,P,[Ne].3s2.3p3,3s2.3p3,1s2.2s2.2p6.3s2.3p3,4S*<3/2>,3p2 3P<0>,59.58,0.18,semi-empirical,3,3p3
18,Ar,4,14,Si,[Ne].3s2.3p2,3s2.3p2,1s2.2s2.2p6.3s2.3p2,3P0,3p 2P*<1/2>,74.84,0.17,semi-empirical,3,3p2
18,Ar,5,13,Al,[Ne].3s2.3p,3s2.3p,1s2.2s2.2p6.3s2.3p1,2P*<1/2>,3s2 1S<0>,91.29,0.010,experimental,3,3p1
18,Ar,6,12,Mg,[Ne].3s2,2p6.3s2,1s2.2s2.2p6.3s2,1S0,3s 2S<1/2>,124.41,0.06,semi-empirical,3,3s2
18,Ar,7,11,Na,[Ne].3s,2p6.3s,1s2.2s2.2p6.3s1,2S<1/2>,2p6 1S<0>,143.4567,0.0012,semi-empirical,3,3s1
18,Ar,8,10,Ne,1s2.2s2.2p6,2s2.2p6,1s2.2s2.2p6,1S0,2p5 2P*<3/2>,422.6,0.06,semi-empirical,2,2p6
18,Ar,9,9,F,1s2.2s2.2p5,2s2.2p5,1s2.2s2.2p5,2P*<3/2>,2p4 3P<2>,479.76,0.12,semi-empirical,2,2p5
18,Ar,10,8,O,1s2.2s2.2p4,2s2.2p4,1s2.2s2.2p4,3P<2>,2p3 4S*<3/2>,540.4,0.6,semi-empirical,2,2p4
18,Ar,11,7,N,1s2.2s2.2p3,2s2.2p3,1s2.2s2.2p3,4S*<3/2>,2p2 3P<0>,619.0,0.4,semi-empirical,2,2p3
18,Ar,12,6,C,1s2.2s2.2p2,2s2.2p2,1s2.2s2.2p2,3P0,2p 2P*<1/2>,685.5,0.3,semi-empirical,2,2p2
18,Ar,13,5,B,1s2.2s2.2p,2s2.2p,1s2.2s2.2p1,2P*<1/2>,2s2 1S<0>,755.13,0.22,semi-empirical,2,2p1
18,Ar,14,4,Be,1s2.2s2,1s2.2s2,1s2.2s2,1S0,2s 2S<1/2>,855.5,0.3,semi-empirical,2,2s2
18,Ar,15,3,Li,1s2.2s,1s2.2s,1s2.2s1,2S<1/2>,1s2 1S<0>,918.375,0.007,theoretical,2,2s1
18,Ar,16,2,He,1s2,1s2,1s2,1S0,1s 2S<1/2>,4120.66559,0.00022,theoretical,1,1s2
18,Ar,17,1,H,1s,1s,1s1,2S<1/2>,,4426.22407,0.00004,theoretical,1,1s1
19,K,0,19,K,[Ar].4s,3p6.4s,1s2.2s2.2p6.3s2.3p6.4s1,2S<1/2>,3p6 1S<0>,4.34066373,0.00000009,experimental,4,4s1
19,K,1,18,Ar,[Ne].3s2.3p6,3p6,1s2.2s2.2p6.3s2.3p6,1S0,3p5 2P*<3/2>,31.625,0.00019,experimental,3,3p6
19,K,2,17,Cl,[Ne].3s2.3p5,3s2.3p5,1s2.2s2.2p6.3s2.3p5,2P*<3/2>,3p4 3P<2>,45.8031,0.0017,semi-empirical,3,3p5
19,K,3,16,S,[Ne].3s2.3p4,3s2.3p4,1s2.2s2.2p6.3s2.3p4,3P<2>,3p3 4S*<3/2>,60.917,0.019,semi-empirical,3,3p4
19,K,4,15,P,[Ne].3s2.3p3,3s2.3p3,1s2.2s2.2p6.3s2.3p3,4S*<3/2>,3p2 3P<0>,82.66,0.16,semi-empirical,3,3p3
19,K,5,14,Si,[Ne].3s2.3p2,3s2.3p2,1s2.2s2.2p6.3s2.3p2,3P0,3p 2P*<1/2>,99.44,0.20,semi-empirical,3,3p2
19,K,6,13,Al,[Ne].3s2.3p,3s2.3p,1s2.2s2.2p6.3s2.3p1,2P*<1/2>,3s2 1S<0>,117.56,0.11,experimental,3,3p1
19,K,7,12,Mg,[Ne].3s2,3s2,1s2.2s2.2p6.3s2,1S0,3s 2S<1/2>,154.87,0.05,semi-empirical,3,3s2
19,K,8,11,Na,[Ne].3s,2p6.3s,1s2.2s2.2p6.3s1,2S<1/2>,2p6 1S<0>,175.8174,0.0025,semi-empirical,3,3s1
19,K,9,10,Ne,1s2.2s2.2p6,2s2.2p6,1s2.2s2.2p6,1S0,2p5 2P*<3/2>,503.67,0.07,semi-empirical,2,2p6
19,K,10,9,F,1s2.2s2.2p5,2s2.2p5,1s2.2s2.2p5,2P*<3/2>,2p4 3P<2>,565.6,0.7,semi-empirical,2,2p5
19,K,11,8,O,1s2.2s2.2p4,2s2.2p4,1s2.2s2.2p4,3P<2>,2p3 4S*<3/2>,631.1,0.9,semi-empirical,2,2p4
19,K,12,7,N,1s2.2s2.2p3,2s2.2p3,1s2.2s2.2p3,4S*<3/2>,2p2 3P<0>,714.7,0.5,semi-empirical,2,2p3
19,K,13,6,C,1s2.2s2.2p2,2s2.2p2,1s2.2s2.2p2,3P0,2p 2P*<1/2>,786.3,0.3,semi-empirical,2,2p2
19,K,14,5,B,1s2.2s2.2p,2s2.2p,1s2.2s2.2p1,2P*<1/2>,2s2 1S<0>,860.92,0.25,semi-empirical,2,2p1
19,K,15,4,Be,1s2.2s2,2s2,1s2.2s2,1S0,2s 2S<1/2>,967.7,0.3,semi-empirical,2,2s2
19,K,16,3,Li,1s2.2s,1s2.2s,1s2.2s1,2S<1/2>,1s2 1S<0>,1034.542,0.007,theoretical,2,2s1
19,K,17,2,He,1s2,1s2,1s2,1S0,1s 2S<1/2>,4610.80714,0.00025,theoretical,1,1s2
19,K,18,1,H,1s,1s,1s1,2S<1/2>,,4934.04979,0.00005,theoretical,1,1s1
20,Ca,0,20,Ca,[Ar].4s2,3p6.4s2,1s2.2s2.2p6.3s2.3p6.4s2,1S0,4s 2S<1/2>,6.113154921,0.0000000005,experimental,4,4s2
20,Ca,1,19,K,[Ar].4s,3p6.4s,1s2.2s2.2p6.3s2.3p6.4s1,2S<1/2>,3p6 1S<0>,11.871719,0.000004,experimental,4,4s1
20,Ca,2,18,Ar,[Ne].3s2.3p6,3s2.3p6,1s2.2s2.2p6.3s2.3p6,1S0,3p5 2P*<3/2>,50.91316,0.00025,experimental,3,3p6
20,Ca,3,17,Cl,[Ne].3s2.3p5,3s2.3p5,1s2.2s2.2p6.3s2.3p5,2P*<3/2>,3p4 3P<2>,67.2732,0.0021,semi-empirical,3,3p5
20,Ca,4,16,S,[Ne].3s2.3p4,3s2.3p4,1s2.2s2.2p6.3s2.3p4,3P<2>,3p3 4S*<3/2>,84.34,0.08,semi-empirical,3,3p4
20,Ca,5,15,P,[Ne].3s2.3p3,3s2.3p3,1s2.2s2.2p6.3s2.3p3,4S*<3/2>,3p2 3P<0>,108.78,0.25,semi-empirical,3,3p3
20,Ca,6,14,Si,[Ne].3s2.3p2,3s2.3p2,1s2.2s2.2p6.3s2.3p2,3P0,3p 2P*<1/2>,127.21,0.25,semi-empirical,3,3p2
20,Ca,7,13,Al,[Ne].3s2.3p,3s2.3p,1s2.2s2.2p6.3s2.3p1,2P*<1/2>,3s2 1S<0>,147.24,0.12,experimental,3,3p1
20,Ca,8,12,Mg,[Ne].3s2,2p6.3s2,1s2.2s2.2p6.3s2,1S0,3s 2S<1/2>,188.54,0.06,semi-empirical,3,3s2
20,Ca,9,11,Na,[Ne].3s,2p6.3s,1s2.2s2.2p6.3s1,2S<1/2>,2p6 1S<0>,211.275,0.004,semi-empirical,3,3s1
20,Ca,10,10,Ne,1s2.2s2.2p6,2s2.2p6,1s2.2s2.2p6,1S0,2p5 2P*<3/2>,591.6,0.12,semi-empirical,2,2p6
20,Ca,11,9,F,1s2.2s2.2p5,2s2.2p5,1s2.2s2.2p5,2P*<3/2>,2p4 3P<2>,658.2,0.9,semi-empirical,2,2p5
20,Ca,12,8,O,1s2.2s2.2p4,2s2.2p4,1s2.2s2.2p4,3P<2>,2p3 4S*<3/2>,728.6,1.1,semi-empirical,2,2p4
20,Ca,13,7,N,1s2.2s2.2p3,2s2.2p3,1s2.2s2.2p3,4S*<3/2>,2p2 3P<0>,817.2,0.6,semi-empirical,2,2p3
20,Ca,14,6,C,1s2.2s2.2p2,2s2.2p2,1s2.2s2.2p2,3P0,2p 2P*<1/2>,894.0,0.4,semi-empirical,2,2p2
20,Ca,15,5,B,1s2.2s2.2p,2s2.2p,1s2.2s2.2p1,2P*<1/2>,2s2 1S<0>,973.7,0.3,semi-empirical,2,2p1
20,Ca,16,4,Be,1s2.2s2,1s2.2s2,1s2.2s2,1S0,2s 2S<1/2>,1086.8,0.4,semi-empirical,2,2s2
20,Ca,17,3,Li,1s2.2s,1s2.2s,1s2.2s1,2S<1/2>,1s2 1S<0>,1157.726,0.007,theoretical,2,2s1
20,Ca,18,2,He,1s2,1s2,1s2,1S0,1s 2S<1/2>,5128.8576,0.0003,theoretical,1,1s2
20,Ca,19,1,H,1s,1s,1s1,2S<1/2>,,5469.86358,0.00006,theoretical,1,1s1
21,Sc,0,21,Sc,[Ar].3d.4s2,3d.4s2,1s2.2s2.2p6.3s2.3p6.3d1.4s2,2D<3/2>,3d.4s 3D<1>,6.56149,0.00006,experimental,4,4s2
21,Sc,1,20,Ca,[Ar].3d.4s,3p6.3d.4s,1s2.2s2.2p6.3s2.3p6.3d1.4s1,3D<1>,3d 2D<3/2>,12.79977,0.00025,experimental,4,4s1
21,Sc,2,19,K,[Ar].3d,3p6.3d,1s2.2s2.2p6.3s2.3p6.3d1,2D<3/2>,3p6 1S<0>,24.756839,0.000012,experimental,3,3d1
21,Sc,3,18,Ar,[Ne].3s2.3p6,3s2.3p6,1s2.2s2.2p6.3s2.3p6,1S0,3p5 2P*<3/2>,73.4894,0.0004,experimental,3,3p6
21,Sc,4,17,Cl,[Ne].3s2.3p5,3s2.3p5,1s2.2s2.2p6.3s2.3p5,2P*<3/2>,3p4 3P<2>,91.95,0.03,semi-empirical,3,3p5
21,Sc,5,16,S,[Ne].3s2.3p4,3s2.3p4,1s2.2s2.2p6.3s2.3p4,3P<2>,3p3 4S*<3/2>,110.68,0.05,semi-empirical,3,3p4
21,Sc,6,15,P,[Ne].3s2.3p3,3s2.3p3,1s2.2s2.2p6.3s2.3p3,4S*<3/2>,3p2 3P<0>,137.99,0.25,semi-empirical,3,3p3
21,Sc,7,14,Si,[Ne].3s2.3p2,3s2.3p2,1s2.2s2.2p6.3s2.3p2,3P0,3p 2P*<1/2>,158.08,0.25,semi-empirical,3,3p2
21,Sc,8,13,Al,[Ne].3s2.3p,3s2.3p,1s2.2s2.2p6.3s2.3p1,2P*<1/2>,3s2 1S<0>,180.03,0.12,experimental,3,3p1
21,Sc,9,12,Mg,[Ne].3s2,2p6.3s2,1s2.2s2.2p6.3s2,1S0,3s 2S<1/2>,225.18,0.05,semi-empirical,3,3s2
21,Sc,10,11,Na,[Ne].3s,2p6.3s,1s2.2s2.2p6.3s1,2S<1/2>,2p6 1S<0>,249.798,0.005,semi-empirical,3,3s1
21,Sc,11,10,Ne,1s2.2s2.2p6,2s2.2p6,1s2.2s2.2p6,1S0,2p5 2P*<3/2>,687.36,0.12,experimental,2,2p6
21,Sc,12,9,F,1s2.2s2.2p5,2s2.2p5,1s2.2s2.2p5,2P*<3/2>,2p4 3P<2>,757.7,1.0,semi-empirical,2,2p5
21,Sc,13,8,O,1s2.2s2.2p4,2s2.2p4,1s2.2s2.2p4,3P<2>,2p3 4S*<3/2>,833.2,1.4,semi-empirical,2,2p4
21,Sc,14,7,N,1s2.2s2.2p3,2s2.2p3,1s2.2s2.2p3,4S*<3/2>,2p2 3P<0>,926.5,0.7,semi-empirical,2,2p3
21,Sc,15,6,C,1s2.2s2.2p2,2s2.2p2,1s2.2s2.2p2,3P0,2p 2P*<1/2>,1008.6,0.4,semi-empirical,2,2p2
21,Sc,16,5,B,1s2.2s2.2p,2s2.2p,1s2.2s2.2p1,2P*<1/2>,2s2 1S<0>,1093.5,0.4,semi-empirical,2,2p1
21,Sc,17,4,Be,1s2.2s2,1s2.2s2,1s2.2s2,1S0,2s 2S<1/2>,1213.1,0.4,semi-empirical,2,2s2
21,Sc,18,3,Li,1s2.2s,1s2.2s,1s2.2s1,2S<1/2>,1s2 1S<0>,1287.957,0.007,theoretical,2,2s1
21,Sc,19,2,He,1s2,1s2,1s2,1S0,1s 2S<1/2>,5674.9036,0.0004,theoretical,1,1s2
21,Sc,20,1,H,1s,1s,1s1,2S<1/2>,,6033.75643,0.00009,theoretical,1,1s1
22,Ti,0,22,Ti,[Ar].3d2.4s2,3d2.4s2,1s2.2s2.2p6.3s2.3p6.3d2.4s2,3F<2>,3d2.4s 4F<3/2>,6.82812,0.000012,experimental,4,4s2
22,Ti,1,21,Sc,[Ar].3d2.4s,3d2.(3F).4s,1s2.2s2.2p6.3s2.3p6.3d2.4s1,4F<3/2>,3d2 3F<2>,13.5755,0.0025,experimental,4,4s1
22,Ti,2,20,Ca,[Ar].3d2,3p6.3d2,1s2.2s2.2p6.3s2.3p6.3d2,3F<2>,3d 2D<3/2>,27.49171,0.00025,experimental,3,3d2
22,Ti,3,19,K,[Ar].3d,3p6.3d,1s2.2s2.2p6.3s2.3p6.3d1,2D<3/2>,3p6 1S<0>,43.26717,0.00019,experimental,3,3d1
22,Ti,4,18,Ar,[Ne].3s2.3p6,3s2.3p6,1s2.2s2.2p6.3s2.3p6,1S0,3p5 2P*<3/2>,99.299,0.012,experimental,3,3p6
22,Ti,5,17,Cl,[Ne].3s2.3p5,3s2.3p5,1s2.2s2.2p6.3s2.3p5,2P*<3/2>,3p4 3P<2>,119.533,0.025,semi-empirical,3,3p5
22,Ti,6,16,S,[Ne].3s2.3p4,3s2.3p4,1s2.2s2.2p6.3s2.3p4,3P<2>,3p3 4S*<3/2>,140.68,0.18,semi-empirical,3,3p4
22,Ti,7,15,P,[Ne].3s2.3p3,3s2.3p3,1s2.2s2.2p6.3s2.3p3,4S*<3/2>,3p2 3P<0>,170.5,0.4,semi-empirical,3,3p3
22,Ti,8,14,Si,[Ne].3s2.3p2,3s2.3p2,1s2.2s2.2p6.3s2.3p2,3P0,3p 2P*<1/2>,192.1,0.4,semi-empirical,3,3p2
22,Ti,9,13,Al,[Ne].3s2.3p,3s2.3p,1s2.2s2.2p6.3s2.3p1,2P*<1/2>,3s2 1S<0>,215.92,0.12,experimental,3,3p1
22,Ti,10,12,Mg,[Ne].3s2,2p6.3s2,1s2.2s2.2p6.3s2,1S0,3s 2S<1/2>,265.07,0.06,semi-empirical,3,3s2
22,Ti,11,11,Na,[Ne].3s,2p6.3s,1s2.2s2.2p6.3s1,2S<1/2>,2p6 1S<0>,291.5,0.005,semi-empirical,3,3s1
22,Ti,12,10,Ne,1s2.2s2.2p6,2s2.2p6,1s2.2s2.2p6,1S0,2p5 2P*<3/2>,787.67,0.04,experimental,2,2p6
22,Ti,13,9,F,1s2.2s2.2p5,2s2.2p5,1s2.2s2.2p5,2P*<3/2>,2p4 3P<2>,864.0,1.2,semi-empirical,2,2p5
22,Ti,14,8,O,1s2.2s2.2p4,2s2.2p4,1s2.2s2.2p4,3P<2>,2p3 4S*<3/2>,944.5,1.6,semi-empirical,2,2p4
22,Ti,15,7,N,1s2.2s2.2p3,2s2.2p3,1s2.2s2.2p3,4S*<3/2>,2p2 3P<0>,1042.5,0.8,semi-empirical,2,2p3
22,Ti,16,6,C,1s2.2s2.2p2,2s2.2p2,1s2.2s2.2p2,3P0,2p 2P*<1/2>,1130.2,0.5,semi-empirical,2,2p2
22,Ti,17,5,B,1s2.2s2.2p,2s2.2p,1s2.2s2.2p1,2P*<1/2>,2s2 1S<0>,1220.3,0.5,semi-empirical,2,2p1
22,Ti,18,4,Be,1s2.2s2,1s2.2s2,1s2.2s2,1S0,2s 2S<1/2>,1346.3,0.5,semi-empirical,2,2s2
22,Ti,19,3,Li,1s2.2s,1s2.2s,1s2.2s1,2S<1/2>,1s2 1S<0>,1425.257,0.007,theoretical,2,2s1
22,Ti,20,2,He,1s2,1s2,1s2,1S0,1s 2S<1/2>,6249.0226,0.0007,theoretical,1,1s2
22,Ti,21,1,H,1s,1s,1s1,2S<1/2>,,6625.81023,0.00010,theoretical,1,1s1
23,V,0,23,V,[Ar].3d3.4s2,3d3.4s2,1s2.2s2.2p6.3s2.3p6.3d3.4s2,4F<3/2>,3d4 5D<0>,6.746187,0.000021,experimental,4,4s2
23,V,1,22,Ti,[Ar].3d4,3d4,1s2.2s2.2p6.3s2.3p6.3d4,5D0,3d3 4F<3/2>,14.634,0.007,experimental,3,3d4
23,V,2,21,Sc,[Ar].3d3,3d3,1s2.2s2.2p6.3s2.3p6.3d3,4F<3/2>,3d2 3F<2>,29.3111,0.0025,experimental,3,3d3
23,V,3,20,Ca,[Ar].3d2,3p6.3d2,1s2.2s2.2p6.3s2.3p6.3d2,3F<2>,3d 2D<3/2>,46.709,0.005,experimental,3,3d2
23,V,4,19,K,[Ar].3d,3p6.3d,1s2.2s2.2p6.3s2.3p6.3d1,2D<3/2>,3p6 1S<0>,65.28165,0.00017,experimental,3,3d1
23,V,5,18,Ar,[Ne].3s2.3p6,3s2.3p6,1s2.2s2.2p6.3s2.3p6,1S0,3p5 2P*<3/2>,128.125,0.025,experimental,3,3p6
23,V,6,17,Cl,[Ne].3s2.3p5,3s2.3p5,1s2.2s2.2p6.3s2.3p5,2P*<3/2>,3p4 3P<2>,150.72,0.13,semi-empirical,3,3p5
23,V,7,16,S,[Ne].3s2.3p4,3s2.3p4,1s2.2s2.2p6.3s2.3p4,3P<2>,3p3 4S*<3/2>,173.55,0.21,semi-empirical,3,3p4
23,V,8,15,P,[Ne].3s2.3p3,3s2.3p3,1s2.2s2.2p6.3s2.3p3,4S*<3/2>,3p2 3P<0>,206.0,0.4,semi-empirical,3,3p3
23,V,9,14,Si,[Ne].3s2.3p2,3s2.3p2,1s2.2s2.2p6.3s2.3p2,3P0,3p 2P*<1/2>,230.5,0.5,semi-empirical,3,3p2
23,V,10,13,Al,[Ne].3s2.3p,3s2.3p,1s2.2s2.2p6.3s2.3p1,2P*<1/2>,3s2 1S<0>,254.8,0.4,semi-empirical,3,3p1
23,V,11,12,Mg,[Ne].3s2,2p6.3s2,1s2.2s2.2p6.3s2,1S0,3s 2S<1/2>,308.5,0.3,semi-empirical,3,3s2
23,V,12,11,Na,[Ne].3s,2p6.3s,1s2.2s2.2p6.3s1,2S<1/2>,2p6 1S<0>,336.274,0.006,semi-empirical,3,3s1
23,V,13,10,Ne,1s2.2s2.2p6,2s2.2p6,1s2.2s2.2p6,1S0,2p5 2P*<3/2>,896.0,0.4,experimental,2,2p6
23,V,14,9,F,1s2.2s2.2p5,2s2.2p5,1s2.2s2.2p5,2P*<3/2>,2p4 3P<2>,977.2,1.3,semi-empirical,2,2p5
23,V,15,8,O,1s2.2s2.2p4,2s2.2p4,1s2.2s2.2p4,3P<2>,2p3 4S*<3/2>,1062.9,2.0,semi-empirical,2,2p4
23,V,16,7,N,1s2.2s2.2p3,2s2.2p3,1s2.2s2.2p3,4S*<3/2>,2p2 3P<0>,1165.2,1.1,semi-empirical,2,2p3
23,V,17,6,C,1s2.2s2.2p2,2s2.2p2,1s2.2s2.2p2,3P0,2p 2P*<1/2>,1258.9,0.6,semi-empirical,2,2p2
23,V,18,5,B,1s2.2s2.2p,2s2.2p,1s2.2s2.2p1,2P*<1/2>,2s2 1S<0>,1354.2,0.5,semi-empirical,2,2p1
23,V,19,4,Be,1s2.2s2,1s2.2s2,1s2.2s2,1S0,2s 2S<1/2>,1486.7,0.5,semi-empirical,2,2s2
23,V,20,3,Li,1s2.2s,1s2.2s,1s2.2s1,2S<1/2>,1s2 1S<0>,1569.656,0.007,theoretical,2,2s1
23,V,21,2,He,1s2,1s2,1s2,1S0,1s 2S<1/2>,6851.3112,0.0008,theoretical,1,1s2
23,V,22,1,H,1s,1s,1s1,2S<1/2>,,7246.12624,0.00014,theoretical,1,1s1
24,Cr,0,24,Cr,[Ar].3d5.4s,3d5.(6S).4s,1s2.2s2.2p6.3s2.3p6.3d5.4s1,7S<3>,3d5 6S<5/2>,6.76651,0.00004,experimental,4,4s1
24,Cr,1,23,V,[Ar].3d5,3d5,1s2.2s2.2p6.3s2.3p6.3d5,6S<5/2>,3d4 5D<0>,16.486305,0.000015,experimental,3,3d5
24,Cr,2,22,Ti,[Ar].3d4,3d4,1s2.2s2.2p6.3s2.3p6.3d4,5D0,3d3 4F<3/2>,30.959,0.025,experimental,3,3d4
24,Cr,3,21,Sc,[Ar].3d3,3d3,1s2.2s2.2p6.3s2.3p6.3d3,4F<3/2>,3d2 3F<2>,49.16,0.05,semi-empirical,3,3d3
24,Cr,4,20,Ca,[Ar].3d2,3p6.3d2,1s2.2s2.2p6.3s2.3p6.3d2,3F<2>,3d 2D<3/2>,69.46,0.04,semi-empirical,3,3d2
24,Cr,5,19,K,[Ar].3d,3p6.3d,1s2.2s2.2p6.3s2.3p6.3d1,2D<3/2>,3p6 1S<0>,90.6349,0.0007,experimental,3,3d1
24,Cr,6,18,Ar,[Ne].3s2.3p6,3s2.3p6,1s2.2s2.2p6.3s2.3p6,1S0,3p5 2P*<3/2>,160.29,0.06,semi-empirical,3,3p6
24,Cr,7,17,Cl,[Ne].3s2.3p5,3s2.3p5,1s2.2s2.2p6.3s2.3p5,2P*<3/2>,3p4 3P<2>,184.76,0.15,semi-empirical,3,3p5
24,Cr,8,16,S,[Ne].3s2.3p4,3s2.3p4,1s2.2s2.2p6.3s2.3p4,3P<2>,3p3 4S*<3/2>,209.5,0.3,semi-empirical,3,3p4
24,Cr,9,15,P,[Ne].3s2.3p3,3s2.3p3,1s2.2s2.2p6.3s2.3p3,4S*<3/2>,3p2 3P<0>,244.5,0.5,semi-empirical,3,3p3
24,Cr,10,14,Si,[Ne].3s2.3p2,3s2.3p2,1s2.2s2.2p6.3s2.3p2,3P0,3p 2P*<1/2>,270.8,0.5,semi-empirical,3,3p2
24,Cr,11,13,Al,[Ne].3s2.3p,3s2.3p,1s2.2s2.2p6.3s2.3p1,2P*<1/2>,3s2 1S<0>,296.7,0.6,semi-empirical,3,3p1
24,Cr,12,12,Mg,[Ne].3s2,2p6.3s2,1s2.2s2.2p6.3s2,1S0,3s 2S<1/2>,354.7,0.3,semi-empirical,3,3s2
24,Cr,13,11,Na,[Ne].3s,2p6.3s,1s2.2s2.2p6.3s1,2S<1/2>,2p6 1S<0>,384.163,0.006,semi-empirical,3,3s1
24,Cr,14,10,Ne,1s2.2s2.2p6,2s2.2p6,1s2.2s2.2p6,1S0,2p5 2P*<3/2>,1011.6,0.5,semi-empirical,2,2p6
24,Cr,15,9,F,1s2.2s2.2p5,2s2.2p5,1s2.2s2.2p5,2P*<3/2>,2p4 3P<2>,1097.2,1.4,semi-empirical,2,2p5
24,Cr,16,8,O,1s2.2s2.2p4,2s2.2p4,1s2.2s2.2p4,3P<2>,2p3 4S*<3/2>,1188.0,2.1,semi-empirical,2,2p4
24,Cr,17,7,N,1s2.2s2.2p3,2s2.2p3,1s2.2s2.2p3,4S*<3/2>,2p2 3P<0>,1294.8,1.6,semi-empirical,2,2p3
24,Cr,18,6,C,1s2.2s2.2p2,2s2.2p2,1s2.2s2.2p2,3P0,2p 2P*<1/2>,1394.5,0.7,semi-empirical,2,2p2
24,Cr,19,5,B,1s2.2s2.2p,2s2.2p,1s2.2s2.2p1,2P*<1/2>,2s2 1S<0>,1495.1,0.7,semi-empirical,2,2p1
24,Cr,20,4,Be,1s2.2s2,1s2.2s2,1s2.2s2,1S0,2s 2S<1/2>,1634.1,0.5,semi-empirical,2,2s2
24,Cr,21,3,Li,1s2.2s,1s2.2s,1s2.2s1,2S<1/2>,1s2 1S<0>,1721.183,0.007,theoretical,2,2s1
24,Cr,22,2,He,1s2,1s2,1s2,1S0,1s 2S<1/2>,7481.8624,0.0012,theoretical,1,1s2
24,Cr,23,1,H,1s,1s,1s1,2S<1/2>,,7894.80289,0.00019,theoretical,1,1s1
25,Mn,0,25,Mn,[Ar].3d5.4s2,3d5.4s2,1s2.2s2.2p6.3s2.3p6.3d5.4s2,6S<5/2>,3d5.4s 7S<3>,7.434038,0.0000012,experimental,4,4s2
25,Mn,1,24,Cr,[Ar].3d5.4s,3d5.(6S).4s,1s2.2s2.2p6.3s2.3p6.3d5.4s1,7S<3>,3d5 6S<5/2>,15.63999,0.00007,experimental,4,4s1
25,Mn,2,23,V,[Ar].3d5,3d5,1s2.2s2.2p6.3s2.3p6.3d5,6S<5/2>,3d4 5D<0>,33.668,0.012,experimental,3,3d5
25,Mn,3,22,Ti,[Ar].3d4,3d4,1s2.2s2.2p6.3s2.3p6.3d4,5D0,3d3 4F<3/2>,51.21,0.12,semi-empirical,3,3d4
25,Mn,4,21,Sc,[Ar].3d3,3d3,1s2.2s2.2p6.3s2.3p6.3d3,4F<3/2>,3d2 3F<2>,72.41,0.10,semi-empirical,3,3d3
25,Mn,5,20,Ca,[Ar].3d2,3p6.3d2,1s2.2s2.2p6.3s2.3p6.3d2,3F<2>,3d 2D<3/2>,95.604,0.025,experimental,3,3d2
25,Mn,6,19,K,[Ar].3d,3p6.3d,1s2.2s2.2p6.3s2.3p6.3d1,2D<3/2>,3p6 1S<0>,119.203,0.012,experimental,3,3d1
25,Mn,7,18,Ar,[Ne].3s2.3p6,3s2.3p6,1s2.2s2.2p6.3s2.3p6,1S0,3p5 2P*<3/2>,195.5,0.3,semi-empirical,3,3p6
25,Mn,8,17,Cl,[Ne].3s2.3p5,3s2.3p5,1s2.2s2.2p6.3s2.3p5,2P*<3/2>,3p4 3P<2>,221.89,0.17,semi-empirical,3,3p5
25,Mn,9,16,S,[Ne].3s2.3p4,3s2.3p4,1s2.2s2.2p6.3s2.3p4,3P<2>,3p3 4S*<3/2>,248.6,0.3,semi-empirical,3,3p4
25,Mn,10,15,P,[Ne].3s2.3p3,3s2.3p3,1s2.2s2.2p6.3s2.3p3,4S*<3/2>,3p2 3P<0>,286.1,0.5,semi-empirical,3,3p3
25,Mn,11,14,Si,[Ne].3s2.3p2,3s2.3p2,1s2.2s2.2p6.3s2.3p2,3P0,3p 2P*<1/2>,314.4,0.6,semi-empirical,3,3p2
25,Mn,12,13,Al,[Ne].3s2.3p,3s2.3p,1s2.2s2.2p6.3s2.3p1,2P*<1/2>,3s2 1S<0>,343.6,0.7,semi-empirical,3,3p1
25,Mn,13,12,Mg,[Ne].3s2,2p6.3s2,1s2.2s2.2p6.3s2,1S0,3s 2S<1/2>,402.95,0.25,semi-empirical,3,3s2
25,Mn,14,11,Na,[Ne].3s,2p6.3s,1s2.2s2.2p6.3s1,2S<1/2>,2p6 1S<0>,435.172,0.007,semi-empirical,3,3s1
25,Mn,15,10,Ne,1s2.2s2.2p6,2s2.2p6,1s2.2s2.2p6,1S0,2p5 2P*<3/2>,1133.7,0.6,semi-empirical,2,2p6
25,Mn,16,9,F,1s2.2s2.2p5,2s2.2p5,1s2.2s2.2p5,2P*<3/2>,2p4 3P<2>,1224.1,1.5,semi-empirical,2,2p5
25,Mn,17,8,O,1s2.2s2.2p4,2s2.2p4,1s2.2s2.2p4,3P<2>,2p3 4S*<3/2>,1320.3,2.5,semi-empirical,2,2p4
25,Mn,18,7,N,1s2.2s2.2p3,2s2.2p3,1s2.2s2.2p3,4S*<3/2>,2p2 3P<0>,1430.9,2.2,semi-empirical,2,2p3
25,Mn,19,6,C,1s2.2s2.2p2,2s2.2p2,1s2.2s2.2p2,3P0,2p 2P*<1/2>,1537.2,0.8,semi-empirical,2,2p2
25,Mn,20,5,B,1s2.2s2.2p,2s2.2p,1s2.2s2.2p1,2P*<1/2>,2s2 1S<0>,1643.2,0.7,semi-empirical,2,2p1
25,Mn,21,4,Be,1s2.2s2,1s2.2s2,1s2.2s2,1S0,2s 2S<1/2>,1788.7,0.6,semi-empirical,2,2s2
25,Mn,22,3,Li,1s2.2s,1s2.2s,1s2.2s1,2S<1/2>,1s2 1S<0>,1879.873,0.007,theoretical,2,2s1
25,Mn,23,2,He,1s2,1s2,1s2,1S0,1s 2S<1/2>,8140.7864,0.0014,theoretical,1,1s2
25,Mn,24,1,H,1s,1s,1s1,2S<1/2>,,8571.95438,0.00022,theoretical,1,1s1
26,Fe,0,26,Fe,[Ar].3d6.4s2,3d6.4s2,1s2.2s2.2p6.3s2.3p6.3d6.4s2,5D<4>,3d6.4s 6D<9/2>,7.9024681,0.0000012,experimental,4,4s2
26,Fe,1,25,Mn,[Ar].3d6.4s,3d6.(5D).4s,1s2.2s2.2p6.3s2.3p6.3d6.4s1,6D<9/2>,3d6 5D<4>,16.19921,0.00005,experimental,4,4s1
26,Fe,2,24,Cr,[Ar].3d6,3d6,1s2.2s2.2p6.3s2.3p6.3d6,5D<4>,3d5 6S<5/2>,30.651,0.012,experimental,3,3d6
26,Fe,3,23,V,[Ar].3d5,3d5,1s2.2s2.2p6.3s2.3p6.3d5,6S<5/2>,3d4 5D<0>,54.91,0.04,experimental,3,3d5
26,Fe,4,22,Ti,[Ar].3d4,3d4,1s2.2s2.2p6.3s2.3p6.3d4,5D0,3d3 4F<3/2>,75.0,0.15,semi-empirical,3,3d4
26,Fe,5,21,Sc,[Ar].3d3,3d3,1s2.2s2.2p6.3s2.3p6.3d3,4F<3/2>,3d2 3F<2>,98.985,0.015,experimental,3,3d3
26,Fe,6,20,Ca,[Ar].3d2,3p6.3d2,1s2.2s2.2p6.3s2.3p6.3d2,3F<2>,3p6.3d 2D<3/2>,124.9671,0.0025,experimental,3,3d2
26,Fe,7,19,K,[Ar].3d,3p6.3d,1s2.2s2.2p6.3s2.3p6.3d1,2D<3/2>,3p6 1S<0>,151.06,0.012,experimental,3,3d1
26,Fe,8,18,Ar,[Ne].3s2.3p6,3s2.3p6,1s2.2s2.2p6.3s2.3p6,1S0,3p5 2P*<3/2>,233.6,0.4,semi-empirical,3,3p6
26,Fe,9,17,Cl,[Ne].3s2.3p5,3s2.3p5,1s2.2s2.2p6.3s2.3p5,2P*<3/2>,3p4 3P<2>,262.1,0.12,semi-empirical,3,3p5
26,Fe,10,16,S,[Ne].3s2.3p4,3s2.3p4,1s2.2s2.2p6.3s2.3p4,3P<2>,3p3 4S*<3/2>,290.9,0.4,semi-empirical,3,3p4
26,Fe,11,15,P,[Ne].3s2.3p3,3s2.3p3,1s2.2s2.2p6.3s2.3p3,4S*<3/2>,3p2 3P<0>,330.8,0.6,semi-empirical,3,3p3
26,Fe,12,14,Si,[Ne].3s2.3p2,3s2.3p2,1s2.2s2.2p6.3s2.3p2,3P0,3p 2P*<1/2>,361.0,0.7,semi-empirical,3,3p2
26,Fe,13,13,Al,[Ne].3s2.3p,3s2.3p,1s2.2s2.2p6.3s2.3p1,2P*<1/2>,3s2 1S<0>,392.2,0.7,semi-empirical,3,3p1
26,Fe,14,12,Mg,[Ne].3s2,2p6.3s2,1s2.2s2.2p6.3s2,1S0,3s 2S<1/2>,456.2,0.5,experimental,3,3s2
26,Fe,15,11,Na,[Ne].3s,2p6.3s,1s2.2s2.2p6.3s1,2S<1/2>,2p6 1S<0>,489.312,0.014,semi-empirical,3,3s1
26,Fe,16,10,Ne,1s2.2s2.2p6,2s2.2p6,1s2.2s2.2p6,1S0,2p5 2P*<3/2>,1262.7,0.7,semi-empirical,2,2p6
26,Fe,17,9,F,1s2.2s2.2p5,2s2.2p5,1s2.2s2.2p5,2P*<3/2>,2p4 3P<2>,1357.8,1.9,semi-empirical,2,2p5
26,Fe,18,8,O,1s2.2s2.2p4,2s2.2p4,1s2.2s2.2p4,3P<2>,2p3 4S*<3/2>,1460.0,3,semi-empirical,2,2p4
26,Fe,19,7,N,1s2.2s2.2p3,2s2.2p3,1s2.2s2.2p3,4S*<3/2>,2p2 3P<0>,1575.6,0.5,experimental,2,2p3
26,Fe,20,6,C,1s2.2s2.2p2,2s2.2p2,1s2.2s2.2p2,3P0,2p 2P*<1/2>,1687.0,1.0,semi-empirical,2,2p2
26,Fe,21,5,B,1s2.2s2.2p,2s2.2p,1s2.2s2.2p1,2P*<1/2>,2s2 1S<0>,1798.4,0.8,semi-empirical,2,2p1
26,Fe,22,4,Be,1s2.2s2,1s2.2s2,1s2.2s2,1S0,2s 2S<1/2>,1950.4,1.8,semi-empirical,2,2s2
26,Fe,23,3,Li,1s2.2s,1s2.2s,1s2.2s1,2S<1/2>,1s2 1S<0>,2045.759,0.007,theoretical,2,2s1
26,Fe,24,2,He,1s2,1s2,1s2,1S0,1s 2S<1/2>,8828.1864,0.0012,theoretical,1,1s2
26,Fe,25,1,H,1s,1s,1s1,2S<1/2>,,9277.6886,0.0003,theoretical,1,1s1
27,Co,0,27,Co,[Ar].3d7.4s2,3p6.3d7.4s2,1s2.2s2.2p6.3s2.3p6.3d7.4s2,4F<9/2>,3d8 3F<4>,7.88101,0.00012,experimental,4,4s2
27,Co,1,26,Fe,[Ar].3d8,3d8,1s2.2s2.2p6.3s2.3p6.3d8,3F<4>,3d7 4F<9/2>,17.0844,0.0012,experimental,3,3d8
27,Co,2,25,Mn,[Ar].3d7,3d7,1s2.2s2.2p6.3s2.3p6.3d7,4F<9/2>,3d6 5D<4>,33.5,0.06,semi-empirical,3,3d7
27,Co,3,24,Cr,[Ar].3d6,3d6,1s2.2s2.2p6.3s2.3p6.3d6,5D<4>,3d5 6S<5/2>,51.27,0.10,semi-empirical,3,3d6
27,Co,4,23,V,[Ar].3d5,3d5,1s2.2s2.2p6.3s2.3p6.3d5,6S<5/2>,3d4 5D<0>,79.5,0.20,semi-empirical,3,3d5
27,Co,5,22,Ti,[Ar].3d4,3d4,1s2.2s2.2p6.3s2.3p6.3d4,5D0,3d3 4F<3/2>,102.0,0.20,semi-empirical,3,3d4
27,Co,6,21,Sc,[Ar].3d3,3d3,1s2.2s2.2p6.3s2.3p6.3d3,4F<3/2>,3d2 3F<2>,128.9,0.5,semi-empirical,3,3d3
27,Co,7,20,Ca,[Ar].3d2,3p6.3d2,1s2.2s2.2p6.3s2.3p6.3d2,3F<2>,3d 2D<3/2>,157.8,0.6,semi-empirical,3,3d2
27,Co,8,19,K,[Ar].3d,3p6.3d,1s2.2s2.2p6.3s2.3p6.3d1,2D<3/2>,3p6 1S<0>,186.14,0.25,experimental,3,3d1
27,Co,9,18,Ar,[Ne].3s2.3p6,3s2.3p6,1s2.2s2.2p6.3s2.3p6,1S0,3p5 2P*<3/2>,275.4,0.4,semi-empirical,3,3p6
27,Co,10,17,Cl,[Ne].3s2.3p5,3s2.3p5,1s2.2s2.2p6.3s2.3p5,2P*<3/2>,3p4 3P<2>,305.32,0.23,semi-empirical,3,3p5
27,Co,11,16,S,[Ne].3s2.3p4,3s2.3p4,1s2.2s2.2p6.3s2.3p4,3P<2>,3p3 4S*<3/2>,336.1,0.4,semi-empirical,3,3p4
27,Co,12,15,P,[Ne].3s2.3p3,3s2.3p3,1s2.2s2.2p6.3s2.3p3,4S*<3/2>,3p2 3P<0>,378.5,0.7,semi-empirical,3,3p3
27,Co,13,14,Si,[Ne].3s2.3p2,3s2.3p2,1s2.2s2.2p6.3s2.3p2,3P0,3p 2P*<1/2>,410.0,1.0,semi-empirical,3,3p2
27,Co,14,13,Al,[Ne].3s2.3p,3s2.3p,1s2.2s2.2p6.3s2.3p1,2P*<1/2>,3s2 1S<0>,441.1,1.4,semi-empirical,3,3p1
27,Co,15,12,Mg,[Ne].3s2,2p6.3s2,1s2.2s2.2p6.3s2,1S0,3s 2S<1/2>,511.96,0.06,semi-empirical,3,3s2
27,Co,16,11,Na,[Ne].3s,2p6.3s,1s2.2s2.2p6.3s1,2S<1/2>,2p6 1S<0>,546.588,0.015,semi-empirical,3,3s1
27,Co,17,10,Ne,1s2.2s2.2p6,2s2.2p6,1s2.2s2.2p6,1S0,2p5 2P*<3/2>,1397.2,0.5,experimental,2,2p6
27,Co,18,9,F,1s2.2s2.2p5,2s2.2p5,1s2.2s2.2p5,2P*<3/2>,2p4 3P<2>,1504.5,1.2,experimental,2,2p5
27,Co,19,8,O,1s2.2s2.2p4,2s2.2p4,1s2.2s2.2p4,3P<2>,2p3 4S*<3/2>,1606.0,4,semi-empirical,2,2p4
27,Co,20,7,N,1s2.2s2.2p3,2s2.2p3,1s2.2s2.2p3,4S*<3/2>,2p2 3P<0>,1724.0,3,semi-empirical,2,2p3
27,Co,21,6,C,1s2.2s2.2p2,2s2.2p2,1s2.2s2.2p2,3P0,2p 2P*<1/2>,1844.0,1.1,semi-empirical,2,2p2
27,Co,22,5,B,1s2.2s2.2p,2s2.2p,1s2.2s2.2p1,2P*<1/2>,2s2 1S<0>,1960.8,0.8,semi-empirical,2,2p1
27,Co,23,4,Be,1s2.2s2,1s2.2s2,1s2.2s2,1S0,2s 2S<1/2>,2119.4,1.9,semi-empirical,2,2s2
27,Co,24,3,Li,1s2.2s,1s2.2s,1s2.2s1,2S<1/2>,1s2 1S<0>,2218.876,0.007,theoretical,2,2s1
27,Co,25,2,He,1s2,1s2,1s2,1S0,1s 2S<1/2>,9544.1817,0.0010,theoretical,1,1s2
27,Co,26,1,H,1s,1s,1s1,2S<1/2>,,10012.1297,0.0004,theoretical,1,1s1
28,Ni,0,28,Ni,[Ar].3d8.4s2,3d8.(3F).4s2,1s2.2s2.2p6.3s2.3p6.3d8.4s2,3F<4>,3d9 2D<5/2>,7.639878,0.000017,experimental,4,4s2
28,Ni,1,27,Co,[Ar].3d9,3p6.3d9,1s2.2s2.2p6.3s2.3p6.3d9,2D<5/2>,3d8 3F<4>,18.168838,0.000025,experimental,3,3d9
28,Ni,2,26,Fe,[Ar].3d8,3p6.3d8,1s2.2s2.2p6.3s2.3p6.3d8,3F<4>,3d7 4F<9/2>,35.187,0.019,experimental,3,3d8
28,Ni,3,25,Mn,[Ar].3d7,3p6.3d7,1s2.2s2.2p6.3s2.3p6.3d7,4F<9/2>,3d6 5D<4>,54.92,0.25,semi-empirical,3,3d7
28,Ni,4,24,Cr,[Ar].3d6,3d6,1s2.2s2.2p6.3s2.3p6.3d6,5D<4>,3d6 6S<5/2>,76.06,0.06,semi-empirical,3,3d6
28,Ni,5,23,V,[Ar].3d5,3d5,1s2.2s2.2p6.3s2.3p6.3d5,6S<5/2>,3d4 5D<0>,108.0,1.0,semi-empirical,3,3d5
28,Ni,6,22,Ti,[Ar].3d4,3d4,1s2.2s2.2p6.3s2.3p6.3d4,5D0,3d3 4F<3/2>,132.0,2.0,theoretical,3,3d4
28,Ni,7,21,Sc,[Ar].3d3,3d3,1s2.2s2.2p6.3s2.3p6.3d3,4F<3/2>,3d2 3F<2>,162.0,2.1,theoretical,3,3d3
28,Ni,8,20,Ca,[Ar].3d2,3p6.3d2,1s2.2s2.2p6.3s2.3p6.3d2,3F<2>,3d 2D<3/2>,193.2,0.5,semi-empirical,3,3d2
28,Ni,9,19,K,[Ar].3d,3p6.3d,1s2.2s2.2p6.3s2.3p6.3d1,2D<3/2>,3p6 1S<0>,224.7,0.5,semi-empirical,3,3d1
28,Ni,10,18,Ar,[Ne].3s2.3p6,3s2.3p6,1s2.2s2.2p6.3s2.3p6,1S0,3p5 2P*<3/2>,319.5,0.7,semi-empirical,3,3p6
28,Ni,11,17,Cl,[Ne].3s2.3p5,3s2.3p5,1s2.2s2.2p6.3s2.3p5,2P*<3/2>,3p4 3P<2>,351.6,0.3,semi-empirical,3,3p5
28,Ni,12,16,S,[Ne].3s2.3p4,3s2.3p4,1s2.2s2.2p6.3s2.3p4,3P<2>,3p3 4S*<3/2>,384.5,0.5,semi-empirical,3,3p4
28,Ni,13,15,P,[Ne].3s2.3p3,3s2.3p3,1s2.2s2.2p6.3s2.3p3,4S*<3/2>,3p2 3P<0>,429.3,0.8,semi-empirical,3,3p3
28,Ni,14,14,Si,[Ne].3s2.3p2,3s2.3p2,1s2.2s2.2p6.3s2.3p2,3P0,3p 2P*<1/2>,462.8,1.1,semi-empirical,3,3p2
28,Ni,15,13,Al,[Ne].3s2.3p,3s2.3p,1s2.2s2.2p6.3s2.3p1,2P*<1/2>,3s2 1S<0>,495.4,1.7,semi-empirical,3,3p1
28,Ni,16,12,Mg,[Ne].3s2,2p6.3s2,1s2.2s2.2p6.3s2,1S0,3s 2S<1/2>,571.07,0.12,semi-empirical,3,3s2
28,Ni,17,11,Na,[Ne].3s,2p6.3s,1s2.2s2.2p6.3s1,2S<1/2>,2p6 1S<0>,607.02,0.019,semi-empirical,3,3s1
28,Ni,18,10,Ne,1s2.2s2.2p6,2s2.2p6,1s2.2s2.2p6,1S0,2p5 2P*<3/2>,1540.1,0.5,experimental,2,2p6
28,Ni,19,9,F,1s2.2s2.2p5,2s2.2p5,1s2.2s2.2p5,2P*<3/2>,2p4 3P<2>,1646.0,3,semi-empirical,2,2p5
28,Ni,20,8,O,1s2.2s2.2p4,2s2.2p4,1s2.2s2.2p4,3P<2>,2p3 4S*<3/2>,1758.0,4,semi-empirical,2,2p4
28,Ni,21,7,N,1s2.2s2.2p3,2s2.2p3,1s2.2s2.2p3,4S*<3/2>,2p2 3P<0>,1880.0,5,semi-empirical,2,2p3
28,Ni,22,6,C,1s2.2s2.2p2,2s2.2p2,1s2.2s2.2p2,3P0,2p 2P*<1/2>,2008.1,1.3,semi-empirical,2,2p2
28,Ni,23,5,B,1s2.2s2.2p,2s2.2p,1s2.2s2.2p1,2P*<1/2>,2s2 1S<0>,2130.5,0.9,semi-empirical,2,2p1
28,Ni,24,4,Be,1s2.2s2,1s2.2s2,1s2.2s2,1S0,2s 2S<1/2>,2295.6,2.1,semi-empirical,2,2s2
28,Ni,25,3,Li,1s2.2s,1s2.2s,1s2.2s1,2S<1/2>,1s2 1S<0>,2399.259,0.007,theoretical,2,2s1
28,Ni,26,2,He,1s2,1s2,1s2,1S0,1s 2S<1/2>,10288.8848,0.0010,theoretical,1,1s2
28,Ni,27,1,H,1s,1s,1s1,2S<1/2>,,10775.3948,0.0004,theoretical,1,1s1
29,Cu,0,29,Cu,[Ar].3d10.4s,3d10.4s,1s2.2s2.2p6.3s2.3p6.3d10.4s1,2S<1/2>,3d10 1S<0>,7.72638,0.000004,experimental,4,4s1
29,Cu,1,28,Ni,[Ar].3d10,3d10,1s2.2s2.2p6.3s2.3p6.3d10,1S0,3d9 2D<5/2>,20.29239,0.00006,experimental,3,3d10
29,Cu,2,27,Co,[Ar].3d9,3p6.3d9,1s2.2s2.2p6.3s2.3p6.3d9,2D<5/2>,3d8 3F<4>,36.841,0.012,experimental,3,3d9
29,Cu,3,26,Fe,[Ar].3d8,3p6.3d8,1s2.2s2.2p6.3s2.3p6.3d8,3F<4>,3d7 4F<9/2>,57.38,0.05,semi-empirical,3,3d8
29,Cu,4,25,Mn,[Ar].3d7,3p6.3d7,1s2.2s2.2p6.3s2.3p6.3d7,4F<9/2>,3d6 5D<4>,79.8,0.7,semi-empirical,3,3d7
29,Cu,5,24,Cr,[Ar].3d6,3d6,1s2.2s2.2p6.3s2.3p6.3d6,5D<4>,3d5 6S<5/2>,103.0,1.0,semi-empirical,3,3d6
29,Cu,6,23,V,[Ar].3d5,3d5,1s2.2s2.2p6.3s2.3p6.3d5,6S<5/2>,3d4 5D<0>,139.0,1.2,semi-empirical,3,3d5
29,Cu,7,22,Ti,[Ar].3d4,3d4,1s2.2s2.2p6.3s2.3p6.3d4,5D0,3d3 4F<3/2>,166.0,2.1,theoretical,3,3d4
29,Cu,8,21,Sc,[Ar].3d3,3d3,1s2.2s2.2p6.3s2.3p6.3d3,4F<3/2>,3d2 3F<2>,198.0,2.2,theoretical,3,3d3
29,Cu,9,20,Ca,[Ar].3d2,3p6.3d2,1s2.2s2.2p6.3s2.3p6.3d2,3F<2>,3d 2D<3/2>,232.2,0.5,semi-empirical,3,3d2
29,Cu,10,19,K,[Ar].3d,3p6.3d,1s2.2s2.2p6.3s2.3p6.3d1,2D<3/2>,3p6 1S<0>,265.33,0.25,experimental,3,3d1
29,Cu,11,18,Ar,[Ne].3s2.3p6,3s2.3p6,1s2.2s2.2p6.3s2.3p6,1S0,3p5 2P*<3/2>,367.0,0.9,semi-empirical,3,3p6
29,Cu,12,17,Cl,[Ne].3s2.3p5,3s2.3p5,1s2.2s2.2p6.3s2.3p5,2P*<3/2>,3p4 3P<2>,401.0,0.3,semi-empirical,3,3p5
29,Cu,13,16,S,[Ne].3s2.3p4,3s2.3p4,1s2.2s2.2p6.3s2.3p4,3P<2>,3p3 4S*<3/2>,436.0,0.6,semi-empirical,3,3p4
29,Cu,14,15,P,[Ne].3s2.3p3,3s2.3p3,1s2.2s2.2p6.3s2.3p3,4S*<3/2>,3p2 3P<0>,483.1,0.9,semi-empirical,3,3p3
29,Cu,15,14,Si,[Ne].3s2.3p2,3s2.3p2,1s2.2s2.2p6.3s2.3p2,3P0,3p 2P*<1/2>,518.7,1.2,semi-empirical,3,3p2
29,Cu,16,13,Al,[Ne].3s2.3p,3s2.3p,1s2.2s2.2p6.3s2.3p1,2P*<1/2>,3s2 1S<0>,552.8,2.1,semi-empirical,3,3p1
29,Cu,17,12,Mg,[Ne].3s2,2p6.3s2,1s2.2s2.2p6.3s2,1S0,3s 2S<1/2>,632.5,0.6,semi-empirical,3,3s2
29,Cu,18,11,Na,[Ne].3s,2p6.3s,1s2.2s2.2p6.3s1,2S<1/2>,2p6 1S<0>,670.608,0.020,semi-empirical,3,3s1
29,Cu,19,10,Ne,1s2.2s2.2p6,2s2.2p6,1s2.2s2.2p6,1S0,2p5 2P*<3/2>,1690.5,0.9,semi-empirical,2,2p6
29,Cu,20,9,F,1s2.2s2.2p5,2s2.2p5,1s2.2s2.2p5,2P*<3/2>,2p4 3P<2>,1800.0,3,semi-empirical,2,2p5
29,Cu,21,8,O,1s2.2s2.2p4,2s2.2p4,1s2.2s2.2p4,3P<2>,2p3 4S*<3/2>,1918.0,4,semi-empirical,2,2p4
29,Cu,22,7,N,1s2.2s2.2p3,2s2.2p3,1s2.2s2.2p3,4S*<3/2>,2p2 3P<0>,2044.0,6,semi-empirical,2,2p3
29,Cu,23,6,C,1s2.2s2.2p2,2s2.2p2,1s2.2s2.2p2,3P0,2p 2P*<1/2>,2179.4,1.5,semi-empirical,2,2p2
29,Cu,24,5,B,1s2.2s2.2p,2s2.2p,1s2.2s2.2p1,2P*<1/2>,2s2 1S<0>,2307.3,1.0,semi-empirical,2,2p1
29,Cu,25,4,Be,1s2.2s2,1s2.2s2,1s2.2s2,1S0,2s 2S<1/2>,2479.1,2.2,semi-empirical,2,2s2
29,Cu,26,3,Li,1s2.2s,1s2.2s,1s2.2s1,2S<1/2>,1s2 1S<0>,2586.954,0.007,theoretical,2,2s1
29,Cu,27,2,He,1s2,1s2,1s2,1S0,1s 2S<1/2>,11062.4309,0.0011,theoretical,1,1s2
29,Cu,28,1,H,1s,1s,1s1,2S<1/2>,,11567.6237,0.0005,theoretical,1,1s1
30,Zn,0,30,Zn,[Ar].3d10.4s2,3d10.4s2,1s2.2s2.2p6.3s2.3p6.3d10.4s2,1S0,4s 2S<1/2>,9.394197,0.000006,experimental,4,4s2
30,Zn,1,29,Cu,[Ar].3d10.4s,3d10.4s,1s2.2s2.2p6.3s2.3p6.3d10.4s1,2S<1/2>,3d10 1S<0>,17.96439,0.00025,experimental,4,4s1
30,Zn,2,28,Ni,[Ar].3d10,3d10,1s2.2s2.2p6.3s2.3p6.3d10,1S0,3d9 2D<5/2>,39.7233,0.00012,experimental,3,3d10
30,Zn,3,27,Co,[Ar].3d9,3p6.3d9,1s2.2s2.2p6.3s2.3p6.3d9,2D<5/2>,3d8 3F<4>,59.573,0.019,experimental,3,3d9
30,Zn,4,26,Fe,[Ar].3d8,3p6.3d8,1s2.2s2.2p6.3s2.3p6.3d8,3F<4>,3d7 4F<9/2>,82.6,0.9,semi-empirical,3,3d8
30,Zn,5,25,Mn,[Ar].3d7,3p6.3d7,1s2.2s2.2p6.3s2.3p6.3d7,4F<9/2>,3d6 5D<4>,108.0,1.0,semi-empirical,3,3d7
30,Zn,6,24,Cr,[Ar].3d6,3d6,1s2.2s2.2p6.3s2.3p6.3d6,5D<4>,3d5 6S<5/2>,133.9,1.2,semi-empirical,3,3d6
30,Zn,7,23,V,[Ar].3d5,3d5,1s2.2s2.2p6.3s2.3p6.3d5,6S<5/2>,3d4 5D<0>,173.9,1.7,semi-empirical,3,3d5
30,Zn,8,22,Ti,[Ar].3d4,3d4,1s2.2s2.2p6.3s2.3p6.3d4,5D0,3d3 4F<3/2>,203.0,2.0,semi-empirical,3,3d4
30,Zn,9,21,Sc,[Ar].3d3,3d3,1s2.2s2.2p6.3s2.3p6.3d3,4F<3/2>,3d2 3F<2>,238.0,2.2,theoretical,3,3d3
30,Zn,10,20,Ca,[Ar].3d2,3p6.3d2,1s2.2s2.2p6.3s2.3p6.3d2,3F<2>,3d 2D<3/2>,274.4,0.5,semi-empirical,3,3d2
30,Zn,11,19,K,[Ar].3d,3p6.3d,1s2.2s2.2p6.3s2.3p6.3d1,2D<3/2>,3p6 1S<0>,310.8,1.0,semi-empirical,3,3d1
30,Zn,12,18,Ar,[Ne].3s2.3p6,3s2.3p6,1s2.2s2.2p6.3s2.3p6,1S0,3p5 2P*<3/2>,417.6,1.2,semi-empirical,3,3p6
30,Zn,13,17,Cl,[Ne].3s2.3p5,3s2.3p5,1s2.2s2.2p6.3s2.3p5,2P*<3/2>,3p4 3P<2>,453.4,0.3,semi-empirical,3,3p5
30,Zn,14,16,S,[Ne].3s2.3p4,3s2.3p4,1s2.2s2.2p6.3s2.3p4,3P<2>,3p3 4S*<3/2>,490.6,0.6,semi-empirical,3,3p4
30,Zn,15,15,P,[Ne].3s2.3p3,3s2.3p3,1s2.2s2.2p6.3s2.3p3,4S*<3/2>,3p2 3P<0>,540.0,1.0,semi-empirical,3,3p3
30,Zn,16,14,Si,[Ne].3s2.3p2,3s2.3p2,1s2.2s2.2p6.3s2.3p2,3P0,3p 2P*<1/2>,577.8,1.3,semi-empirical,3,3p2
30,Zn,17,13,Al,[Ne].3s2.3p,3s2.3p,1s2.2s2.2p6.3s2.3p1,2P*<1/2>,3s2 1S<0>,613.3,2.4,semi-empirical,3,3p1
30,Zn,18,12,Mg,[Ne].3s2,2p6.3s2,1s2.2s2.2p6.3s2,1S0,3s 2S<1/2>,697.5,0.7,semi-empirical,3,3s2
30,Zn,19,11,Na,[Ne].3s,2p6.3s,1s2.2s2.2p6.3s1,2S<1/2>,2p6 1S<0>,737.366,0.021,semi-empirical,3,3s1
30,Zn,20,10,Ne,1s2.2s2.2p6,2s2.2p6,1s2.2s2.2p6,1S0,2p5 2P*<3/2>,1846.8,1.0,semi-empirical,2,2p6
30,Zn,21,9,F,1s2.2s2.2p5,2s2.2p5,1s2.2s2.2p5,2P*<3/2>,2p4 3P<2>,1961.0,3,semi-empirical,2,2p5
30,Zn,22,8,O,1s2.2s2.2p4,2s2.2p4,1s2.2s2.2p4,3P<2>,2p3 4S*<3/2>,2085.0,5,semi-empirical,2,2p4
30,Zn,23,7,N,1s2.2s2.2p3,2s2.2p3,1s2.2s2.2p3,4S*<3/2>,2p2 3P<0>,2214.0,8,semi-empirical,2,2p3
30,Zn,24,6,C,1s2.2s2.2p2,2s2.2p2,1s2.2s2.2p2,3P0,2p 2P*<1/2>,2358.0,1.6,semi-empirical,2,2p2
30,Zn,25,5,B,1s2.2s2.2p,2p,1s2.2s2.2p1,2P*<1/2>,2s2 1S<0>,2491.5,1.1,semi-empirical,2,2p1
30,Zn,26,4,Be,1s2.2s2,1s2.2s2,1s2.2s2,1S0,2s 2S<1/2>,2669.9,2.5,semi-empirical,2,2s2
30,Zn,27,3,Li,1s2.2s,1s2.2s,1s2.2s1,2S<1/2>,1s2 1S<0>,2781.996,0.007,theoretical,2,2s1
30,Zn,28,2,He,1s2,1s2,1s2,1S0,1s 2S<1/2>,11864.9401,0.0014,theoretical,1,1s2
30,Zn,29,1,H,1s,1s,1s1,2S<1/2>,,12388.9427,0.0006,theoretical,1,1s1
31,Ga,0,31,Ga,[Ar].3d10.4s2.4p,3d10.4s2.4p,1s2.2s2.2p6.3s2.3p6.3d10.4s2.4p1,2P*<1/2>,4s2 1S<0>,5.999302,0.0000012,experimental,4,4p1
31,Ga,1,30,Zn,[Ar].3d10.4s2,3d10.4s2,1s2.2s2.2p6.3s2.3p6.3d10.4s2,1S0,4s 2S<1/2>,20.51514,0.00012,experimental,4,4s2
31,Ga,2,29,Cu,[Ar].3d10.4s,3d10.4s,1s2.2s2.2p6.3s2.3p6.3d10.4s1,2S<1/2>,3d10 1S<0>,30.72576,0.00025,experimental,4,4s1
31,Ga,3,28,Ni,[Ar].3d10,3d10,1s2.2s2.2p6.3s2.3p6.3d10,1S0,3d9 2D<5/2>,63.241,0.009,experimental,3,3d10
31,Ga,4,27,Co,[Ar].3d9,3d9,1s2.2s2.2p6.3s2.3p6.3d9,2D<5/2>,3d8 3F<4>,86.01,0.12,semi-empirical,3,3d9
31,Ga,5,26,Fe,[Ar].3d8,3d8,1s2.2s2.2p6.3s2.3p6.3d8,3F<4>,3d7 4F<9/2>,112.7,1.1,theoretical,3,3d8
31,Ga,6,25,Mn,[Ar].3d7,3d7,1s2.2s2.2p6.3s2.3p6.3d7,4F<9/2>,3d6 5D<4>,140.8,1.4,theoretical,3,3d7
31,Ga,7,24,Cr,[Ar].3d6,3d6,1s2.2s2.2p6.3s2.3p6.3d6,5D<4>,3d5 6S<5/2>,169.9,1.7,theoretical,3,3d6
31,Ga,8,23,V,[Ar].3d5,3d5,1s2.2s2.2p6.3s2.3p6.3d5,6S<5/2>,3d4 5D<0>,211.0,2.2,theoretical,3,3d5
31,Ga,9,22,Ti,[Ar].3d4,3d4,1s2.2s2.2p6.3s2.3p6.3d4,5D0,3d3 4F<3/2>,244.0,2.5,theoretical,3,3d4
31,Ga,10,21,Sc,[Ar].3d3,3d3,1s2.2s2.2p6.3s2.3p6.3d3,4F<3/2>,3d2 3F<2>,280.0,2.4,theoretical,3,3d3
31,Ga,11,20,Ca,[Ar].3d2,3d2,1s2.2s2.2p6.3s2.3p6.3d2,3F<2>,3d 2D<3/2>,319.0,2.5,theoretical,3,3d2
31,Ga,12,19,K,[Ar].3d,3p6.3d,1s2.2s2.2p6.3s2.3p6.3d1,2D<3/2>,3p6 1S<0>,356.0,3,theoretical,3,3d1
31,Ga,13,18,Ar,[Ne].3s2.3p6,3p6,1s2.2s2.2p6.3s2.3p6,1S0,3p5 2P*<3/2>,471.2,1.4,semi-empirical,3,3p6
31,Ga,14,17,Cl,[Ne].3s2.3p5,3p5,1s2.2s2.2p6.3s2.3p5,2P*<3/2>,3p4 3P<2>,508.8,0.4,semi-empirical,3,3p5
31,Ga,15,16,S,[Ne].3s2.3p4,3p4,1s2.2s2.2p6.3s2.3p4,3P<2>,3p3 4S*<3/2>,548.3,0.7,semi-empirical,3,3p4
31,Ga,16,15,P,[Ne].3s2.3p3,3s2.3p3,1s2.2s2.2p6.3s2.3p3,4S*<3/2>,3p2 3P<0>,599.8,1.4,semi-empirical,3,3p3
31,Ga,17,14,Si,[Ne].3s2.3p2,3s2.3p2,1s2.2s2.2p6.3s2.3p2,3P0,3p 2P*<1/2>,640.0,1.5,semi-empirical,3,3p2
31,Ga,18,13,Al,[Ne].3s2.3p,3s2.3p,1s2.2s2.2p6.3s2.3p1,2P*<1/2>,3s2 1S<0>,677.0,3,semi-empirical,3,3p1
31,Ga,19,12,Mg,[Ne].3s2,3s2,1s2.2s2.2p6.3s2,1S0,3s 2S<1/2>,765.7,0.9,semi-empirical,3,3s2
31,Ga,20,11,Na,[Ne].3s,2p6.3s,1s2.2s2.2p6.3s1,2S<1/2>,2p6 1S<0>,807.308,0.025,semi-empirical,3,3s1
31,Ga,21,10,Ne,1s2.2s2.2p6,2s2.2p6,1s2.2s2.2p6,1S0,2p5 2P*<3/2>,2010.0,1.1,semi-empirical,2,2p6
31,Ga,22,9,F,1s2.2s2.2p5,2s2.2p5,1s2.2s2.2p5,2P*<3/2>,2p4 3P<2>,2129.0,4,semi-empirical,2,2p5
31,Ga,23,8,O,1s2.2s2.2p4,2s2.2p4,1s2.2s2.2p4,3P<2>,2p3 4S*<3/2>,2258.0,5,semi-empirical,2,2p4
31,Ga,24,7,N,1s2.2s2.2p3,2s2.2p3,1s2.2s2.2p3,4S*<3/2>,2p2 3P<0>,2391.0,18,semi-empirical,2,2p3
31,Ga,25,6,C,1s2.2s2.2p2,2s2.2p2,1s2.2s2.2p2,3P0,2p 2P*<1/2>,2543.9,2.0,semi-empirical,2,2p2
31,Ga,26,5,B,1s2.2s2.2p,2s2.2p,1s2.2s2.2p1,2P*<1/2>,2s2 1S<0>,2683.0,1.4,semi-empirical,2,2p1
31,Ga,27,4,Be,1s2.2s2,2s2,1s2.2s2,1S0,2s 2S<1/2>,2868.0,3,semi-empirical,2,2s2
31,Ga,28,3,Li,1s2.2s,1s2.2s,1s2.2s1,2S<1/2>,1s2 1S<0>,2984.426,0.007,theoretical,2,2s1
31,Ga,29,2,He,1s2,1s2,1s2,1S0,1s 2S<1/2>,12696.5581,0.0016,theoretical,1,1s2
31,Ga,30,1,H,1s,1s,1s1,2S<1/2>,,13239.5029,0.0007,theoretical,1,1s1
32,Ge,0,32,Ge,[Ar].3d10.4s2.4p2,4s2.4p2,1s2.2s2.2p6.3s2.3p6.3d10.4s2.4p2,3P0,4p 2P*<1/2>,7.899435,0.000012,experimental,4,4p2
32,Ge,1,31,Ga,[Ar].3d10.4s2.4p,4s2.4p,1s2.2s2.2p6.3s2.3p6.3d10.4s2.4p1,2P*<1/2>,4s2 1S<0>,15.93461,0.000025,experimental,4,4p1
32,Ge,2,30,Zn,[Ar].3d10.4s2,3d10.4s2,1s2.2s2.2p6.3s2.3p6.3d10.4s2,1S0,4s 2S<1/2>,34.0576,0.0012,experimental,4,4s2
32,Ge,3,29,Cu,[Ar].3d10.4s,3d10.4s,1s2.2s2.2p6.3s2.3p6.3d10.4s1,2S<1/2>,3d10 1S<0>,45.7155,0.0012,experimental,4,4s1
32,Ge,4,28,Ni,[Ar].3d10,3d10,1s2.2s2.2p6.3s2.3p6.3d10,1S0,3d9 2D<5/2>,90.5,0.019,experimental,3,3d10
32,Ge,5,27,Co,[Ar].3d9,3p6.3d9,1s2.2s2.2p6.3s2.3p6.3d9,2D<5/2>,3d8 3F<4>,115.9,0.12,semi-empirical,3,3d9
32,Ge,6,26,Fe,[Ar].3d8,3p6.3d8,1s2.2s2.2p6.3s2.3p6.3d8,3F<4>,3d7 4F<9/2>,144.9,1.5,theoretical,3,3d8
32,Ge,7,25,Mn,[Ar].3d7,3d7,1s2.2s2.2p6.3s2.3p6.3d7,4F<9/2>,3d6 5D<4>,176.4,1.7,theoretical,3,3d7
32,Ge,8,24,Cr,[Ar].3d6,3d6,1s2.2s2.2p6.3s2.3p6.3d6,5D<4>,3d5 6S<5/2>,212.5,2.1,theoretical,3,3d6
32,Ge,9,23,V,[Ar].3d5,3d5,1s2.2s2.2p6.3s2.3p6.3d5,6S<5/2>,3d4 5D<0>,252.1,2.2,theoretical,3,3d5
32,Ge,10,22,Ti,[Ar].3d4,3d4,1s2.2s2.2p6.3s2.3p6.3d4,5D0,3d3 4F<3/2>,286.0,3,theoretical,3,3d4
32,Ge,11,21,Sc,[Ar].3d3,3d3,1s2.2s2.2p6.3s2.3p6.3d3,4F<3/2>,3d2 3F<2>,326.0,2.5,theoretical,3,3d3
32,Ge,12,20,Ca,[Ar].3d2,3d2,1s2.2s2.2p6.3s2.3p6.3d2,3F<2>,3d 2D<3/2>,367.0,3,theoretical,3,3d2
32,Ge,13,19,K,[Ar].3d,3p6.3d,1s2.2s2.2p6.3s2.3p6.3d1,2D<3/2>,3p6 1S<0>,407.0,3,theoretical,3,3d1
32,Ge,14,18,Ar,[Ne].3s2.3p6,3s2.3p6,1s2.2s2.2p6.3s2.3p6,1S0,3p5 2P*<3/2>,527.9,1.6,semi-empirical,3,3p6
32,Ge,15,17,Cl,[Ne].3s2.3p5,3s2.3p5,1s2.2s2.2p6.3s2.3p5,2P*<3/2>,3p4 3P<2>,567.3,0.5,semi-empirical,3,3p5
32,Ge,16,16,S,[Ne].3s2.3p4,3s2.3p4,1s2.2s2.2p6.3s2.3p4,3P<2>,3p3 4S*<3/2>,609.1,0.8,semi-empirical,3,3p4
32,Ge,17,15,P,[Ne].3s2.3p3,3s2.3p3,1s2.2s2.2p6.3s2.3p3,4S*<3/2>,3p2 3P<0>,662.8,1.9,semi-empirical,3,3p3
32,Ge,18,14,Si,[Ne].3s2.3p2,3s2.3p2,1s2.2s2.2p6.3s2.3p2,3P0,3p 2P*<1/2>,706.7,1.0,semi-empirical,3,3p2
32,Ge,19,13,Al,[Ne].3s2.3p,3s2.3p,1s2.2s2.2p6.3s2.3p1,2P*<1/2>,3s2 1S<0>,744.0,3,semi-empirical,3,3p1
32,Ge,20,12,Mg,[Ne].3s2,2p6.3s2,1s2.2s2.2p6.3s2,1S0,3s 2S<1/2>,837.1,1.0,semi-empirical,3,3s2
32,Ge,21,11,Na,[Ne].3s,2p6.3s,1s2.2s2.2p6.3s1,2S<1/2>,2p6 1S<0>,880.44,0.03,semi-empirical,3,3s1
32,Ge,22,10,Ne,1s2.2s2.2p6,2s2.2p6,1s2.2s2.2p6,1S0,2p5 2P*<3/2>,2178.2,0.4,experimental,2,2p6
32,Ge,23,9,F,1s2.2s2.2p5,2s2.2p5,1s2.2s2.2p5,2P*<3/2>,2p4 3P<2>,2304.0,4,semi-empirical,2,2p5
32,Ge,24,8,O,1s2.2s2.2p4,2s2.2p4,1s2.2s2.2p4,3P<2>,2p3 4S*<3/2>,2439.0,5,semi-empirical,2,2p4
32,Ge,25,7,N,1s2.2s2.2p3,2s2.2p3,1s2.2s2.2p3,4S*<3/2>,2p2 3P<0>,2575.0,19,semi-empirical,2,2p3
32,Ge,26,6,C,1s2.2s2.2p2,2s2.2p2,1s2.2s2.2p2,3P0,2p 2P*<1/2>,2737.1,2.3,semi-empirical,2,2p2
32,Ge,27,5,B,1s2.2s2.2p,2s2.2p,1s2.2s2.2p1,2P*<1/2>,2s2 1S<0>,2881.9,1.6,semi-empirical,2,2p1
32,Ge,28,4,Be,1s2.2s2,1s2.2s2,1s2.2s2,1S0,2s 2S<1/2>,3074.0,3,semi-empirical,2,2s2
32,Ge,29,3,Li,1s2.2s,1s2.2s,1s2.2s1,2S<1/2>,1s2 1S<0>,3194.293,0.007,theoretical,2,2s1
32,Ge,30,2,He,1s2,1s2,1s2,1S0,1s 2S<1/2>,13557.4218,0.0019,theoretical,1,1s2
32,Ge,31,1,H,1s,1s,1s1,2S<1/2>,,14119.4457,0.0009,theoretical,1,1s1
33,As,0,33,As,[Ar].3d10.4s2.4p3,4s2.4p3,1s2.2s2.2p6.3s2.3p6.3d10.4s2.4p3,4S*<3/2>,4p2 3P<0>,9.78855,0.00025,experimental,4,4p3
33,As,1,32,Ge,[Ar].3d10.4s2.4p2,4s2.4p2,1s2.2s2.2p6.3s2.3p6.3d10.4s2.4p2,3P0,4p 2P*<1/2>,18.5892,0.0010,experimental,4,4p2
33,As,2,31,Ga,[Ar].3d10.4s2.4p,4s2.4p,1s2.2s2.2p6.3s2.3p6.3d10.4s2.4p1,2P*<1/2>,4s2 1S<0>,28.349,0.012,experimental,4,4p1
33,As,3,30,Zn,[Ar].3d10.4s2,3d10.4s2,1s2.2s2.2p6.3s2.3p6.3d10.4s2,1S0,4s 2S<1/2>,50.15,0.06,experimental,4,4s2
33,As,4,29,Cu,[Ar].3d10.4s,3d10.4s,1s2.2s2.2p6.3s2.3p6.3d10.4s1,2S<1/2>,3d10 1S<0>,62.77,0.06,experimental,4,4s1
33,As,5,28,Ni,[Ar].3d10,3d10,1s2.2s2.2p6.3s2.3p6.3d10,1S0,3d9 2D<5/2>,121.19,0.06,experimental,3,3d10
33,As,6,27,Co,[Ar].3d9,3p6.3d9,1s2.2s2.2p6.3s2.3p6.3d9,2D<5/2>,3d8 3F<4>,147.0,2.0,theoretical,3,3d9
33,As,7,26,Fe,[Ar].3d8,3p6.3d8,1s2.2s2.2p6.3s2.3p6.3d8,3F<4>,3d7 4F<9/2>,180.0,2.1,theoretical,3,3d8
33,As,8,25,Mn,[Ar].3d7,3p6.3d7,1s2.2s2.2p6.3s2.3p6.3d7,4F<9/2>,3d6 5D<4>,213.0,2.2,theoretical,3,3d7
33,As,9,24,Cr,[Ar].3d6,3d6,1s2.2s2.2p6.3s2.3p6.3d6,5D<4>,3d5 6S<5/2>,247.0,2.2,theoretical,3,3d6
33,As,10,23,V,[Ar].3d5,3d5,1s2.2s2.2p6.3s2.3p6.3d5,6S<5/2>,3d4 5D<0>,296.0,2.4,theoretical,3,3d5
33,As,11,22,Ti,[Ar].3d4,3d4,1s2.2s2.2p6.3s2.3p6.3d4,5D0,3d3 4F<3/2>,333.0,2.5,theoretical,3,3d4
33,As,12,21,Sc,[Ar].3d3,3d3,1s2.2s2.2p6.3s2.3p6.3d3,4F<3/2>,3d2 3F<2>,375.0,3,theoretical,3,3d3
33,As,13,20,Ca,[Ar].3d2,3p6.3d2,1s2.2s2.2p6.3s2.3p6.3d2,3F<2>,3d 2D<3/2>,418.0,3,theoretical,3,3d2
33,As,14,19,K,[Ar].3d,3p6.3d,1s2.2s2.2p6.3s2.3p6.3d1,2D<3/2>,3p6 1S<0>,460.0,3,theoretical,3,3d1
33,As,15,18,Ar,[Ne].3s2.3p6,3s2.3p6,1s2.2s2.2p6.3s2.3p6,1S0,3p5 2P*<3/2>,587.6,1.9,semi-empirical,3,3p6
33,As,16,17,Cl,[Ne].3s2.3p5,3s2.3p5,1s2.2s2.2p6.3s2.3p5,2P*<3/2>,3p4 3P<2>,628.8,0.6,semi-empirical,3,3p5
33,As,17,16,S,[Ne].3s2.3p4,3s2.3p4,1s2.2s2.2p6.3s2.3p4,3P<2>,3p3 4S*<3/2>,672.9,0.9,semi-empirical,3,3p4
33,As,18,15,P,[Ne].3s2.3p3,3s2.3p3,1s2.2s2.2p6.3s2.3p3,4S*<3/2>,3p2 3P<0>,728.9,2.2,semi-empirical,3,3p3
33,As,19,14,Si,[Ne].3s2.3p2,3s2.3p2,1s2.2s2.2p6.3s2.3p2,3P0,3p 2P*<1/2>,774.0,1.8,semi-empirical,3,3p2
33,As,20,13,Al,[Ne].3s2.3p,3s2.3p,1s2.2s2.2p6.3s2.3p1,2P*<1/2>,3s2 1S<0>,814.0,4,semi-empirical,3,3p1
33,As,21,12,Mg,[Ne].3s2,2p6.3s2,1s2.2s2.2p6.3s2,1S0,3s 2S<1/2>,911.7,1.1,semi-empirical,3,3s2
33,As,22,11,Na,[Ne].3s,2p6.3s,1s2.2s2.2p6.3s1,2S<1/2>,2p6 1S<0>,956.79,0.03,semi-empirical,3,3s1
33,As,23,10,Ne,1s2.2s2.2p6,2s2.2p6,1s2.2s2.2p6,1S0,2p5 2P*<3/2>,2356.9,1.4,semi-empirical,2,2p6
33,As,24,9,F,1s2.2s2.2p5,2s2.2p5,1s2.2s2.2p5,2P*<3/2>,2p4 3P<2>,2486.0,4,semi-empirical,2,2p5
33,As,25,8,O,1s2.2s2.2p4,2s2.2p4,1s2.2s2.2p4,3P<2>,2p3 4S*<3/2>,2626.0,6,semi-empirical,2,2p4
33,As,26,7,N,1s2.2s2.2p3,2s2.2p3,1s2.2s2.2p3,4S*<3/2>,2p2 3P<0>,2766.0,21,semi-empirical,2,2p3
33,As,27,6,C,1s2.2s2.2p2,2s2.2p2,1s2.2s2.2p2,3P0,2p 2P*<1/2>,2938.0,3,semi-empirical,2,2p2
33,As,28,5,B,1s2.2s2.2p,2s2.2p,1s2.2s2.2p1,2P*<1/2>,2s2 1S<0>,3088.1,1.9,semi-empirical,2,2p1
33,As,29,4,Be,1s2.2s2,1s2.2s2,1s2.2s2,1S0,2s 2S<1/2>,3287.0,3,semi-empirical,2,2s2
33,As,30,3,Li,1s2.2s,1s2.2s,1s2.2s1,2S<1/2>,1s2 1S<0>,3411.643,0.007,theoretical,2,2s1
33,As,31,2,He,1s2,1s2,1s2,1S0,1s 2S<1/2>,14447.6799,0.0025,theoretical,1,1s2
33,As,32,1,H,1s,1s,1s1,2S<1/2>,,15028.9251,0.0010,theoretical,1,1s1
34,Se,0,34,Se,[Ar].3d10.4s2.4p4,4s2.4p4,1s2.2s2.2p6.3s2.3p6.3d10.4s2.4p4,3P<2>,4p3 4S*<3/2>,9.752368,0.000006,experimental,4,4p4
34,Se,1,33,As,[Ar].3d10.4s2.4p3,4s2.4p3,1s2.2s2.2p6.3s2.3p6.3d10.4s2.4p3,4S*<3/2>,4p2 3P<0>,21.196,0.010,experimental,4,4p3
34,Se,2,32,Ge,[Ar].3d10.4s2.4p2,4s2.4p2,1s2.2s2.2p6.3s2.3p6.3d10.4s2.4p2,3P0,4p 2P*<1/2>,31.697,0.019,experimental,4,4p2
34,Se,3,31,Ga,[Ar].3d10.4s2.4p,4s2.4p,1s2.2s2.2p6.3s2.3p6.3d10.4s2.4p1,2P*<1/2>,4s2 1S<0>,42.947,0.003,experimental,4,4p1
34,Se,4,30,Zn,[Ar].3d10.4s2,3d10.4s2,1s2.2s2.2p6.3s2.3p6.3d10.4s2,1S0,4s 2S<1/2>,68.3,0.10,semi-empirical,4,4s2
34,Se,5,29,Cu,[Ar].3d10.4s,3d10.4s,1s2.2s2.2p6.3s2.3p6.3d10.4s1,2S<1/2>,3d10 1S<0>,81.83,0.03,experimental,4,4s1
34,Se,6,28,Ni,[Ar].3d10,3d10,1s2.2s2.2p6.3s2.3p6.3d10,1S0,3d9 2D<5/2>,155.327,0.012,experimental,3,3d10
34,Se,7,27,Co,[Ar].3d9,3p6.3d9,1s2.2s2.2p6.3s2.3p6.3d9,2D<5/2>,3d8 3F<4>,184.0,2.1,theoretical,3,3d9
34,Se,8,26,Fe,[Ar].3d8,3p6.3d8,1s2.2s2.2p6.3s2.3p6.3d8,3F<4>,3d7 4F<9/2>,219.0,2.2,theoretical,3,3d8
34,Se,9,25,Mn,[Ar].3d7,3p6.3d7,1s2.2s2.2p6.3s2.3p6.3d7,4F<9/2>,3d6 5D<4>,255.0,2.2,theoretical,3,3d7
34,Se,10,24,Cr,[Ar].3d6,3d6,1s2.2s2.2p6.3s2.3p6.3d6,5D<4>,3d5 6S<5/2>,291.0,2.4,theoretical,3,3d6
34,Se,11,23,V,[Ar].3d5,3d5,1s2.2s2.2p6.3s2.3p6.3d5,6S<5/2>,3d4 5D<0>,342.9,2.5,theoretical,3,3d5
34,Se,12,22,Ti,[Ar].3d4,3d4,1s2.2s2.2p6.3s2.3p6.3d4,5D0,3d3 4F<3/2>,383.0,3,theoretical,3,3d4
34,Se,13,21,Sc,[Ar].3d3,3d3,1s2.2s2.2p6.3s2.3p6.3d3,4F<3/2>,3d2 3F<2>,426.0,3,theoretical,3,3d3
34,Se,14,20,Ca,[Ar].3d2,3p6.3d2,1s2.2s2.2p6.3s2.3p6.3d2,3F<2>,3d 2D<3/2>,473.0,3,theoretical,3,3d2
34,Se,15,19,K,[Ar].3d,3p6.3d,1s2.2s2.2p6.3s2.3p6.3d1,2D<3/2>,3p6 1S<0>,517.0,3,theoretical,3,3d1
34,Se,16,18,Ar,[Ne].3s2.3p6,3s2.3p6,1s2.2s2.2p6.3s2.3p6,1S0,3p5 2P*<3/2>,650.5,2.1,semi-empirical,3,3p6
34,Se,17,17,Cl,[Ne].3s2.3p5,3s2.3p5,1s2.2s2.2p6.3s2.3p5,2P*<3/2>,3p4 3P<2>,693.4,0.7,semi-empirical,3,3p5
34,Se,18,16,S,[Ne].3s2.3p4,3s2.3p4,1s2.2s2.2p6.3s2.3p4,3P<2>,3p3 4S*<3/2>,739.8,1.1,semi-empirical,3,3p4
34,Se,19,15,P,[Ne].3s2.3p3,3s2.3p3,1s2.2s2.2p6.3s2.3p3,4S*<3/2>,3p2 3P<0>,798.0,3,semi-empirical,3,3p3
34,Se,20,14,Si,[Ne].3s2.3p2,3s2.3p2,1s2.2s2.2p6.3s2.3p2,3P0,3p 2P*<1/2>,845.8,2.0,semi-empirical,3,3p2
34,Se,21,13,Al,[Ne].3s2.3p,3s2.3p,1s2.2s2.2p6.3s2.3p1,2P*<1/2>,3s2 1S<0>,887.0,4,semi-empirical,3,3p1
34,Se,22,12,Mg,[Ne].3s2,2p6.3s2,1s2.2s2.2p6.3s2,1S0,3s 2S<1/2>,989.6,1.3,semi-empirical,3,3s2
34,Se,23,11,Na,[Ne].3s,2p6.3s,1s2.2s2.2p6.3s1,2S<1/2>,2p6 1S<0>,1036.36,0.03,semi-empirical,3,3s1
34,Se,24,10,Ne,1s2.2s2.2p6,2s2.2p6,1s2.2s2.2p6,1S0,2p5 2P*<3/2>,2540.7,1.4,semi-empirical,2,2p6
34,Se,25,9,F,1s2.2s2.2p5,2s2.2p5,1s2.2s2.2p5,2P*<3/2>,2p4 3P<2>,2674.0,5,semi-empirical,2,2p5
34,Se,26,8,O,1s2.2s2.2p4,2s2.2p4,1s2.2s2.2p4,3P<2>,2p3 4S*<3/2>,2820.0,6,semi-empirical,2,2p4
34,Se,27,7,N,1s2.2s2.2p3,2s2.2p3,1s2.2s2.2p3,4S*<3/2>,2p2 3P<0>,2964.0,22,semi-empirical,2,2p3
34,Se,28,6,C,1s2.2s2.2p2,2s2.2p2,1s2.2s2.2p2,3P0,2p 2P*<1/2>,3146.0,3,semi-empirical,2,2p2
34,Se,29,5,B,1s2.2s2.2p,2s2.2p,1s2.2s2.2p1,2P*<1/2>,2s2 1S<0>,3301.8,2.1,semi-empirical,2,2p1
34,Se,30,4,Be,1s2.2s2,1s2.2s2,1s2.2s2,1S0,2s 2S<1/2>,3507.0,3,semi-empirical,2,2s2
34,Se,31,3,Li,1s2.2s,1s2.2s,1s2.2s1,2S<1/2>,1s2 1S<0>,3636.526,0.007,theoretical,2,2s1
34,Se,32,2,He,1s2,1s2,1s2,1S0,1s 2S<1/2>,15367.493,0.003,theoretical,1,1s2
34,Se,33,1,H,1s,1s,1s1,2S<1/2>,,15968.1075,0.0012,theoretical,1,1s1
35,Br,0,35,Br,[Ar].3d10.4s2.4p5,4s2.4p5,1s2.2s2.2p6.3s2.3p6.3d10.4s2.4p5,2P*<3/2>,4p4 3P<2>,11.81381,0.00006,experimental,4,4p5
35,Br,1,34,Se,[Ar].3d10.4s2.4p4,4s2.4p4,1s2.2s2.2p6.3s2.3p6.3d10.4s2.4p4,3P<2>,4p3 4S*<3/2>,21.591,,experimental,4,4p4
35,Br,2,33,As,[Ar].3d10.4s2.4p3,4s2.4p3,1s2.2s2.2p6.3s2.3p6.3d10.4s2.4p3,4S*<3/2>,4p2 3P<0>,34.871,0.019,experimental,4,4p3
35,Br,3,32,Ge,[Ar].3d10.4s2.4p2,4s2.4p2,1s2.2s2.2p6.3s2.3p6.3d10.4s2.4p2,3P0,4p 2P*<1/2>,47.782,0.012,experimental,4,4p2
35,Br,4,31,Ga,[Ar].3d10.4s2.4p,4s2.4p,1s2.2s2.2p6.3s2.3p6.3d10.4s2.4p1,2P*<1/2>,4s2 1S<0>,59.595,0.025,experimental,4,4p1
35,Br,5,30,Zn,[Ar].3d10.4s2,3d10.4s2,1s2.2s2.2p6.3s2.3p6.3d10.4s2,1S0,4s 2S<1/2>,87.39,0.025,experimental,4,4s2
35,Br,6,29,Cu,[Ar].3d10.4s,3d10.4s,1s2.2s2.2p6.3s2.3p6.3d10.4s1,2S<1/2>,3d10 1S<0>,103.03,0.19,semi-empirical,4,4s1
35,Br,7,28,Ni,[Ar].3d10,3d10,1s2.2s2.2p6.3s2.3p6.3d10,1S0,3d9 2D<5/2>,192.61,0.06,experimental,3,3d10
35,Br,8,27,Co,[Ar].3d9,3p6.3d9,1s2.2s2.2p6.3s2.3p6.3d9,2D<5/2>,3d8 3F<4>,224.0,2.2,theoretical,3,3d9
35,Br,9,26,Fe,[Ar].3d8,3p6.3d8,1s2.2s2.2p6.3s2.3p6.3d8,3F<4>,3d7 4F<9/2>,261.0,2.2,theoretical,3,3d8
35,Br,10,25,Mn,[Ar].3d7,3p6.3d7,1s2.2s2.2p6.3s2.3p6.3d7,4F<9/2>,3d6 5D<4>,301.0,2.4,theoretical,3,3d7
35,Br,11,24,Cr,[Ar].3d6,3d6,1s2.2s2.2p6.3s2.3p6.3d6,5D<4>,3d5 6S<5/2>,338.0,2.5,theoretical,3,3d6
35,Br,12,23,V,[Ar].3d5,3d5,1s2.2s2.2p6.3s2.3p6.3d5,6S<5/2>,3d4 5D<0>,393.0,3,theoretical,3,3d5
35,Br,13,22,Ti,[Ar].3d4,3d4,1s2.2s2.2p6.3s2.3p6.3d4,5D0,3d3 4F<3/2>,436.0,3,theoretical,3,3d4
35,Br,14,21,Sc,[Ar].3d3,3d3,1s2.2s2.2p6.3s2.3p6.3d3,4F<3/2>,3d2 3F<2>,481.0,3,theoretical,3,3d3
35,Br,15,20,Ca,[Ar].3d2,3p6.3d2,1s2.2s2.2p6.3s2.3p6.3d2,3F<2>,3d 2D<3/2>,530.0,3,theoretical,3,3d2
35,Br,16,19,K,[Ar].3d,3p6.3d,1s2.2s2.2p6.3s2.3p6.3d1,2D<3/2>,3p6 1S<0>,577.0,3,theoretical,3,3d1
35,Br,17,18,Ar,[Ne].3s2.3p6,3s2.3p6,1s2.2s2.2p6.3s2.3p6,1S0,3p5 2P*<3/2>,716.3,2.3,semi-empirical,3,3p6
35,Br,18,17,Cl,[Ne].3s2.3p5,3s2.3p5,1s2.2s2.2p6.3s2.3p5,2P*<3/2>,3p4 3P<2>,761.0,0.8,semi-empirical,3,3p5
35,Br,19,16,S,[Ne].3s2.3p4,3s2.3p4,1s2.2s2.2p6.3s2.3p4,3P<2>,3p3 4S*<3/2>,809.8,1.2,semi-empirical,3,3p4
35,Br,20,15,P,[Ne].3s2.3p3,3s2.3p3,1s2.2s2.2p6.3s2.3p3,4S*<3/2>,3p2 3P<0>,870.0,3,semi-empirical,3,3p3
35,Br,21,14,Si,[Ne].3s2.3p2,3s2.3p2,1s2.2s2.2p6.3s2.3p2,3P0,3p 2P*<1/2>,920.8,2.2,semi-empirical,3,3p2
35,Br,22,13,Al,[Ne].3s2.3p,3s2.3p,1s2.2s2.2p6.3s2.3p1,2P*<1/2>,3s2 1S<0>,963.0,5,semi-empirical,3,3p1
35,Br,23,12,Mg,[Ne].3s2,3s2,1s2.2s2.2p6.3s2,1S0,3s 2S<1/2>,1070.6,1.4,semi-empirical,3,3s2
35,Br,24,11,Na,[Ne].3s,2p6.3s,1s2.2s2.2p6.3s1,2S<1/2>,2p6 1S<0>,1119.17,0.04,semi-empirical,3,3s1
35,Br,25,10,Ne,1s2.2s2.2p6,2s2.2p6,1s2.2s2.2p6,1S0,2p5 2P*<3/2>,2731.4,1.5,semi-empirical,2,2p6
35,Br,26,9,F,1s2.2s2.2p5,2s2.2p5,1s2.2s2.2p5,2P*<3/2>,2p4 3P<2>,2869.0,5,semi-empirical,2,2p5
35,Br,27,8,O,1s2.2s2.2p4,2s2.2p4,1s2.2s2.2p4,3P<2>,2p3 4S*<3/2>,3021.0,7,semi-empirical,2,2p4
35,Br,28,7,N,1s2.2s2.2p3,2s2.2p3,1s2.2s2.2p3,4S*<3/2>,2p2 3P<0>,3169.0,24,semi-empirical,2,2p3
35,Br,29,6,C,1s2.2s2.2p2,2s2.2p2,1s2.2s2.2p2,3P0,2p 2P*<1/2>,3361.0,3,semi-empirical,2,2p2
35,Br,30,5,B,1s2.2s2.2p,2s2.2p,1s2.2s2.2p1,2P*<1/2>,2s2 1S<0>,3523.1,2.2,semi-empirical,2,2p1
35,Br,31,4,Be,1s2.2s2,1s2.2s2,1s2.2s2,1S0,2s 2S<1/2>,3735.0,4,semi-empirical,2,2s2
35,Br,32,3,Li,1s2.2s,1s2.2s,1s2.2s1,2S<1/2>,1s2 1S<0>,3868.986,0.007,theoretical,2,2s1
35,Br,33,2,He,1s2,1s2,1s2,1S0,1s 2S<1/2>,16317.014,0.004,theoretical,1,1s2
35,Br,34,1,H,1s,1s,1s1,2S<1/2>,,16937.1497,0.0015,theoretical,1,1s1
36,Kr,0,36,Kr,[Ar].3d10.4s2.4p6,4s2.4p6,1s2.2s2.2p6.3s2.3p6.3d10.4s2.4p6,1S0,4p5 2P*<3/2>,13.9996055,0.0000020,experimental,4,4p6
36,Kr,1,35,Br,[Ar].3d10.4s2.4p5,4s2.4p5,1s2.2s2.2p6.3s2.3p6.3d10.4s2.4p5,2P*<3/2>,4p4 3P<2>,24.35984,0.00012,experimental,4,4p5
36,Kr,2,34,Se,[Ar].3d10.4s2.4p4,4s2.4p4,1s2.2s2.2p6.3s2.3p6.3d10.4s2.4p4,3P<2>,4p3 4S*<3/2>,35.838,0.020,experimental,4,4p4
36,Kr,3,33,As,[Ar].3d10.4s2.4p3,4s2.4p3,1s2.2s2.2p6.3s2.3p6.3d10.4s2.4p3,4S*<3/2>,4p2 3P<0>,50.85,0.11,experimental,4,4p3
36,Kr,4,32,Ge,[Ar].3d10.4s2.4p2,4s2.4p2,1s2.2s2.2p6.3s2.3p6.3d10.4s2.4p2,3P0,4p 2P*<1/2>,64.69,0.20,semi-empirical,4,4p2
36,Kr,5,31,Ga,[Ar].3d10.4s2.4p,4s2.4p,1s2.2s2.2p6.3s2.3p6.3d10.4s2.4p1,2P*<1/2>,4s2 1S<0>,78.49,0.20,semi-empirical,4,4p1
36,Kr,6,30,Zn,[Ar].3d10.4s2,4s2,1s2.2s2.2p6.3s2.3p6.3d10.4s2,1S0,4s 2S<1/2>,109.13,0.05,theoretical,4,4s2
36,Kr,7,29,Cu,[Ar].3d10.4s,3d10.4s,1s2.2s2.2p6.3s2.3p6.3d10.4s1,2S<1/2>,3d10 1S<0>,125.802,0.003,experimental,4,4s1
36,Kr,8,28,Ni,[Ar].3d10,3d10,1s2.2s2.2p6.3s2.3p6.3d10,1S0,3d9 2D<5/2>,233.0,0.7,semi-empirical,3,3d10
36,Kr,9,27,Co,[Ar].3d9,3p6.3d9,1s2.2s2.2p6.3s2.3p6.3d9,2D<5/2>,3d8 3F<4>,268.0,3,theoretical,3,3d9
36,Kr,10,26,Fe,[Ar].3d8,3d8,1s2.2s2.2p6.3s2.3p6.3d8,3F<4>,3d7 4F<9/2>,308.0,3,theoretical,3,3d8
36,Kr,11,25,Mn,[Ar].3d7,3d7,1s2.2s2.2p6.3s2.3p6.3d7,4F<9/2>,3d6 5D<4>,350.0,3,theoretical,3,3d7
36,Kr,12,24,Cr,[Ar].3d6,3d6,1s2.2s2.2p6.3s2.3p6.3d6,5D<4>,3d5 6S<5/2>,391.0,4,theoretical,3,3d6
36,Kr,13,23,V,[Ar].3d5,3d5,1s2.2s2.2p6.3s2.3p6.3d5,6S<5/2>,3d4 5D<0>,446.0,3,theoretical,3,3d5
36,Kr,14,22,Ti,[Ar].3d4,3d4,1s2.2s2.2p6.3s2.3p6.3d4,5D0,3d3 4F<3/2>,492.0,5,theoretical,3,3d4
36,Kr,15,21,Sc,[Ar].3d3,3d3,1s2.2s2.2p6.3s2.3p6.3d3,4F<3/2>,3d2 3F<2>,540.0,3,theoretical,3,3d3
36,Kr,16,20,Ca,[Ar].3d2,3d2,1s2.2s2.2p6.3s2.3p6.3d2,3F<2>,3d 2D<3/2>,591.0,3,theoretical,3,3d2
36,Kr,17,19,K,[Ar].3d,3p6.3d,1s2.2s2.2p6.3s2.3p6.3d1,2D<3/2>,3p6 1S<0>,640.0,3,theoretical,3,3d1
36,Kr,18,18,Ar,[Ne].3s2.3p6,3s2.3p6,1s2.2s2.2p6.3s2.3p6,1S0,3s2.3p5 2P*<3/2>,785.316,0.012,semi-empirical,3,3p6
36,Kr,19,17,Cl,[Ne].3s2.3p5,3s2.3p5,1s2.2s2.2p6.3s2.3p5,2P*<3/2>,3s2.3p4 3P<2>,831.6,0.9,semi-empirical,3,3p5
36,Kr,20,16,S,[Ne].3s2.3p4,3s2.3p4,1s2.2s2.2p6.3s2.3p4,3P<2>,3s2.3p3 4S*<3/2>,882.8,1.3,semi-empirical,3,3p4
36,Kr,21,15,P,[Ne].3s2.3p3,3s2.3p3,1s2.2s2.2p6.3s2.3p3,4S*<3/2>,3s2.3p2 3P<0>,945.0,3,semi-empirical,3,3p3
36,Kr,22,14,Si,[Ne].3s2.3p2,3s2.3p2,1s2.2s2.2p6.3s2.3p2,3P0,3p 2P*<1/2>,999.0,2.4,semi-empirical,3,3p2
36,Kr,23,13,Al,[Ne].3s2.3p,3s2.3p,1s2.2s2.2p6.3s2.3p1,2P*<1/2>,3s2 1S<0>,1042.0,5,semi-empirical,3,3p1
36,Kr,24,12,Mg,[Ne].3s2,2p6.3s2,1s2.2s2.2p6.3s2,1S0,2p6.3s 2S<1/2>,1155.0,1.6,semi-empirical,3,3s2
36,Kr,25,11,Na,[Ne].3s,2p6.3s,1s2.2s2.2p6.3s1,2S<1/2>,2p6 1S<0>,1205.23,0.04,semi-empirical,3,3s1
36,Kr,26,10,Ne,1s2.2s2.2p6,2s2.2p6,1s2.2s2.2p6,1S0,2p5 2P*<3/2>,2928.9,1.7,semi-empirical,2,2p6
36,Kr,27,9,F,1s2.2s2.2p5,2s2.2p5,1s2.2s2.2p5,2P*<3/2>,2p4 3P<2>,3072.0,5,semi-empirical,2,2p5
36,Kr,28,8,O,1s2.2s2.2p4,2s2.2p4,1s2.2s2.2p4,3P<2>,2p3 4S*<3/2>,3228.0,7,semi-empirical,2,2p4
36,Kr,29,7,N,1s2.2s2.2p3,2s2.2p3,1s2.2s2.2p3,4S*<3/2>,2p2 3P<0>,3380.0,30,semi-empirical,2,2p3
36,Kr,30,6,C,1s2.2s2.2p2,2s2.2p2,1s2.2s2.2p2,3P0,2p 2P*<1/2>,3584.0,4,semi-empirical,2,2p2
36,Kr,31,5,B,1s2.2s2.2p,2s2.2p,1s2.2s2.2p1,2P*<1/2>,2s2 1S<0>,3752.0,2.5,semi-empirical,2,2p1
36,Kr,32,4,Be,1s2.2s2,2s2,1s2.2s2,1S0,2s 2S<1/2>,3971.0,4,semi-empirical,2,2s2
36,Kr,33,3,Li,1s2.2s,1s2.2s,1s2.2s1,2S<1/2>,1s2 1S<0>,4109.083,0.009,theoretical,2,2s1
36,Kr,34,2,He,1s2,1s2,1s2,1S0,1s 2S<1/2>,17296.424,0.004,theoretical,1,1s2
36,Kr,35,1,H,1s,1s,1s1,2S<1/2>,,17936.2405,0.0016,theoretical,1,1s1
37,Rb,0,37,Rb,[Kr].5s,4p6.5s,1s2.2s2.2p6.3s2.3p6.3d10.4s2.4p6.5s1,2S<1/2>,4p6 1S<0>,4.1771281,0.0000012,experimental,5,5s1
37,Rb,1,36,Kr,[Ar].3d10.4s2.4p6,4p6,1s2.2s2.2p6.3s2.3p6.3d10.4s2.4p6,1S0,4p5 2P*<3/2>,27.28954,0.00006,experimental,4,4p6
37,Rb,2,35,Br,[Ar].3d10.4s2.4p5,4s2.4p5,1s2.2s2.2p6.3s2.3p6.3d10.4s2.4p5,2P*<3/2>,4p4 3P<2>,39.247,0.003,semi-empirical,4,4p5
37,Rb,3,34,Se,[Ar].3d10.4s2.4p4,4s2.4p4,1s2.2s2.2p6.3s2.3p6.3d10.4s2.4p4,3P<2>,4p3 4S*<3/2>,52.2,0.25,semi-empirical,4,4p4
37,Rb,4,33,As,[Ar].3d10.4s2.4p3,4s2.4p3,1s2.2s2.2p6.3s2.3p6.3d10.4s2.4p3,4S*<3/2>,4p2 3P<0>,68.44,0.15,theoretical,4,4p3
37,Rb,5,32,Ge,[Ar].3d10.4s2.4p2,4s2.4p2,1s2.2s2.2p6.3s2.3p6.3d10.4s2.4p2,3P0,4p 2P*<1/2>,82.9,2.0,theoretical,4,4p2
37,Rb,6,31,Ga,[Ar].3d10.4s2.4p,4s2.4p,1s2.2s2.2p6.3s2.3p6.3d10.4s2.4p1,2P*<1/2>,4s2 1S<0>,98.67,0.04,semi-empirical,4,4p1
37,Rb,7,30,Zn,[Ar].3d10.4s2,4s2,1s2.2s2.2p6.3s2.3p6.3d10.4s2,1S0,4s 2S<1/2>,132.79,0.25,semi-empirical,4,4s2
37,Rb,8,29,Cu,[Ar].3d10.4s,3d10.4s,1s2.2s2.2p6.3s2.3p6.3d10.4s1,2S<1/2>,3d10 1S<0>,150.628,0.025,experimental,4,4s1
37,Rb,9,28,Ni,[Ar].3d10,3d10,1s2.2s2.2p6.3s2.3p6.3d10,1S0,3d9 2D<5/2>,277.12,0.12,experimental,3,3d10
37,Rb,10,27,Co,[Ar].3d9,3d9,1s2.2s2.2p6.3s2.3p6.3d9,2D<5/2>,3d8 3F<4>,313.1,2.4,theoretical,3,3d9
37,Rb,11,26,Fe,[Ar].3d8,3p6.3d8,1s2.2s2.2p6.3s2.3p6.3d8,3F<4>,3d7 4F<9/2>,356.0,2.5,theoretical,3,3d8
37,Rb,12,25,Mn,[Ar].3d7,3p6.3d7,1s2.2s2.2p6.3s2.3p6.3d7,4F<9/2>,3d6 5D<4>,400.0,3,theoretical,3,3d7
37,Rb,13,24,Cr,[Ar].3d6,3d6,1s2.2s2.2p6.3s2.3p6.3d6,5D<4>,3d5 6S<5/2>,443.0,3,theoretical,3,3d6
37,Rb,14,23,V,[Ar].3d5,3d5,1s2.2s2.2p6.3s2.3p6.3d5,6S<5/2>,3d4 5D<0>,502.0,3,theoretical,3,3d5
37,Rb,15,22,Ti,[Ar].3d4,3d4,1s2.2s2.2p6.3s2.3p6.3d4,5D0,3d3 4F<3/2>,550.0,3,theoretical,3,3d4
37,Rb,16,21,Sc,[Ar].3d3,3d3,1s2.2s2.2p6.3s2.3p6.3d3,4F<3/2>,3d2 3F<2>,601.0,3,theoretical,3,3d3
37,Rb,17,20,Ca,[Ar].3d2,3d2,1s2.2s2.2p6.3s2.3p6.3d2,3F<2>,3d 2D<3/2>,654.0,3,theoretical,3,3d2
37,Rb,18,19,K,[Ar].3d,3p6.3d,1s2.2s2.2p6.3s2.3p6.3d1,2D<3/2>,3p6 1S<0>,706.0,2.2,theoretical,3,3d1
37,Rb,19,18,Ar,[Ne].3s2.3p6,3s2.3p6,1s2.2s2.2p6.3s2.3p6,1S0,3p5 2P*<3/2>,857.0,3,semi-empirical,3,3p6
37,Rb,20,17,Cl,[Ne].3s2.3p5,3s2.3p5,1s2.2s2.2p6.3s2.3p5,2P*<3/2>,3p4 3P<2>,905.3,1.0,semi-empirical,3,3p5
37,Rb,21,16,S,[Ne].3s2.3p4,3s2.3p4,1s2.2s2.2p6.3s2.3p4,3P<2>,3p3 4S*<3/2>,958.9,1.4,semi-empirical,3,3p4
37,Rb,22,15,P,[Ne].3s2.3p3,3s2.3p3,1s2.2s2.2p6.3s2.3p3,4S*<3/2>,3p2 3P<0>,1024.0,4,semi-empirical,3,3p3
37,Rb,23,14,Si,[Ne].3s2.3p2,3s2.3p2,1s2.2s2.2p6.3s2.3p2,3P0,3p 2P*<1/2>,1080.0,3,semi-empirical,3,3p2
37,Rb,24,13,Al,[Ne].3s2.3p,3s2.3p,1s2.2s2.2p6.3s2.3p1,2P*<1/2>,3s2 1S<0>,1125.0,5,semi-empirical,3,3p1
37,Rb,25,12,Mg,[Ne].3s2,3s2,1s2.2s2.2p6.3s2,1S0,3s 2S<1/2>,1242.5,1.7,semi-empirical,3,3s2
37,Rb,26,11,Na,[Ne].3s,3s,1s2.2s2.2p6.3s1,2S<1/2>,2p6 1S<0>,1294.57,0.04,semi-empirical,3,3s1
37,Rb,27,10,Ne,1s2.2s2.2p6,2s2.2p6,1s2.2s2.2p6,1S0,2p5 2P*<3/2>,3133.3,1.8,semi-empirical,2,2p6
37,Rb,28,9,F,1s2.2s2.2p5,2s2.2p5,1s2.2s2.2p5,2P*<3/2>,2p4 3P<2>,3281.0,6,semi-empirical,2,2p5
37,Rb,29,8,O,1s2.2s2.2p4,2s2.2p4,1s2.2s2.2p4,3P<2>,2p3 4S*<3/2>,3443.0,8,semi-empirical,2,2p4
37,Rb,30,7,N,1s2.2s2.2p3,2s2.2p3,1s2.2s2.2p3,4S*<3/2>,2p2 3P<0>,3600.0,30,semi-empirical,2,2p3
37,Rb,31,6,C,1s2.2s2.2p2,2p2,1s2.2s2.2p2,3P0,2p 2P*<1/2>,3815.0,4,semi-empirical,2,2p2
37,Rb,32,5,B,1s2.2s2.2p,2s2.2p,1s2.2s2.2p1,2P*<1/2>,2s2 1S<0>,3988.0,3,semi-empirical,2,2p1
37,Rb,33,4,Be,1s2.2s2,2s2,1s2.2s2,1S0,2s 2S<1/2>,4214.0,4,semi-empirical,2,2s2
37,Rb,34,3,Li,1s2.2s,1s2.2s,1s2.2s1,2S<1/2>,1s2 1S<0>,4356.865,0.010,theoretical,2,2s1
37,Rb,35,2,He,1s2,1s2,1s2,1S0,1s 2S<1/2>,18305.886,0.004,theoretical,1,1s2
37,Rb,36,1,H,1s,1s,1s1,2S<1/2>,,18965.5484,0.0020,theoretical,1,1s1
38,Sr,0,38,Sr,[Kr].5s2,5s2,1s2.2s2.2p6.3s2.3p6.3d10.4s2.4p6.5s2,1S0,5s 2S<1/2>,5.69486745,0.00000012,experimental,5,5s2
38,Sr,1,37,Rb,[Kr].5s,4p6.5s,1s2.2s2.2p6.3s2.3p6.3d10.4s2.4p6.5s1,2S<1/2>,4p6 1S<0>,11.0302765,0.0000025,experimental,5,5s1
38,Sr,2,36,Kr,[Ar].3d10.4s2.4p6,4p6,1s2.2s2.2p6.3s2.3p6.3d10.4s2.4p6,1S0,4p5 2P*<3/2>,42.88353,0.00019,experimental,4,4p6
38,Sr,3,35,Br,[Ar].3d10.4s2.4p5,4s2.4p5,1s2.2s2.2p6.3s2.3p6.3d10.4s2.4p5,2P*<3/2>,4s2.4p4 3P<2>,56.28,0.003,semi-empirical,4,4p5
38,Sr,4,34,Se,[Ar].3d10.4s2.4p4,4s2.4p4,1s2.2s2.2p6.3s2.3p6.3d10.4s2.4p4,3P<2>,4s2.4p3 4S*<3/2>,70.7,0.6,semi-empirical,4,4p4
38,Sr,5,33,As,[Ar].3d10.4s2.4p3,4s2.4p3,1s2.2s2.2p6.3s2.3p6.3d10.4s2.4p3,4S*<3/2>,4s2.4p2 2P<0>,88.0,2.0,theoretical,4,4p3
38,Sr,6,32,Ge,[Ar].3d10.4s2.4p2,4s2.4p2,1s2.2s2.2p6.3s2.3p6.3d10.4s2.4p2,3P0,4s2.4p 2P*<1/2>,104.0,2.0,theoretical,4,4p2
38,Sr,7,31,Ga,[Ar].3d10.4s2.4p,4s2.4p,1s2.2s2.2p6.3s2.3p6.3d10.4s2.4p1,2P*<1/2>,4s2 1S<0>,121.21,0.06,semi-empirical,4,4p1
38,Sr,8,30,Zn,[Ar].3d10.4s2,4s2,1s2.2s2.2p6.3s2.3p6.3d10.4s2,1S0,4s 2S<1/2>,158.33,0.25,semi-empirical,4,4s2
38,Sr,9,29,Cu,[Ar].3d10.4s,3d10.4s,1s2.2s2.2p6.3s2.3p6.3d10.4s1,2S<1/2>,3d10 1S<0>,177.3,0.06,experimental,4,4s1
38,Sr,10,28,Ni,[Ar].3d10,3d10,1s2.2s2.2p6.3s2.3p6.3d10,1S0,3d9 2D<5/2>,324.07,0.15,experimental,3,3d10
38,Sr,11,27,Co,[Ar].3d9,3p6.3d9,1s2.2s2.2p6.3s2.3p6.3d9,2D<5/2>,3d8 3F<4>,362.0,2.5,theoretical,3,3d9
38,Sr,12,26,Fe,[Ar].3d8,3p6.3d8,1s2.2s2.2p6.3s2.3p6.3d8,3F<4>,3d7 4F<9/2>,408.0,3,theoretical,3,3d8
38,Sr,13,25,Mn,[Ar].3d7,3p6.3d7,1s2.2s2.2p6.3s2.3p6.3d7,4F<9/2>,3d6 5D<4>,454.0,3,theoretical,3,3d7
38,Sr,14,24,Cr,[Ar].3d6,3d6,1s2.2s2.2p6.3s2.3p6.3d6,5D<4>,3d5 6S<5/2>,499.0,3,theoretical,3,3d6
38,Sr,15,23,V,[Ar].3d5,3d5,1s2.2s2.2p6.3s2.3p6.3d5,6S<5/2>,3d4 5D<0>,562.0,3,theoretical,3,3d5
38,Sr,16,22,Ti,[Ar].3d4,3d4,1s2.2s2.2p6.3s2.3p6.3d4,5D0,3d3 4F<3/2>,612.0,3,theoretical,3,3d4
38,Sr,17,21,Sc,[Ar].3d3,3d3,1s2.2s2.2p6.3s2.3p6.3d3,4F<3/2>,3d2 3F<2>,665.0,3,theoretical,3,3d3
38,Sr,18,20,Ca,[Ar].3d2,3d2,1s2.2s2.2p6.3s2.3p6.3d2,3F<2>,3d 2D<3/2>,722.0,3,theoretical,3,3d2
38,Sr,19,19,K,[Ar].3d,3p6.3d,1s2.2s2.2p6.3s2.3p6.3d1,2D<3/2>,3p6 1S<0>,774.0,4,theoretical,3,3d1
38,Sr,20,18,Ar,[Ne].3s2.3p6,3p6,1s2.2s2.2p6.3s2.3p6,1S0,3p5 2P*<3/2>,932.0,3,semi-empirical,3,3p6
38,Sr,21,17,Cl,[Ne].3s2.3p5,3p5,1s2.2s2.2p6.3s2.3p5,2P*<3/2>,3p4 3P<2>,982.1,1.1,semi-empirical,3,3p5
38,Sr,22,16,S,[Ne].3s2.3p4,3p4,1s2.2s2.2p6.3s2.3p4,3P<2>,3p3 4S*<3/2>,1038.0,1.5,semi-empirical,3,3p4
38,Sr,23,15,P,[Ne].3s2.3p3,3p3,1s2.2s2.2p6.3s2.3p3,4S*<3/2>,3p2 3P<0>,1105.0,4,semi-empirical,3,3p3
38,Sr,24,14,Si,[Ne].3s2.3p2,3s2.3p2,1s2.2s2.2p6.3s2.3p2,3P0,3p 2P*<1/2>,1165.0,3,semi-empirical,3,3p2
38,Sr,25,13,Al,[Ne].3s2.3p,3s2.3p,1s2.2s2.2p6.3s2.3p1,2P*<1/2>,3s2 1S<0>,1211.0,6,semi-empirical,3,3p1
38,Sr,26,12,Mg,[Ne].3s2,3s2,1s2.2s2.2p6.3s2,1S0,3s 2S<1/2>,1333.4,1.9,semi-empirical,3,3s2
38,Sr,27,11,Na,[Ne].3s,2p6.3s,1s2.2s2.2p6.3s1,2S<1/2>,2p6 1S<0>,1387.19,0.05,semi-empirical,3,3s1
38,Sr,28,10,Ne,1s2.2s2.2p6,2s2.2p6,1s2.2s2.2p6,1S0,2p5 2P*<3/2>,3344.7,1.9,semi-empirical,2,2p6
38,Sr,29,9,F,1s2.2s2.2p5,2s2.2p5,1s2.2s2.2p5,2P*<3/2>,2p4 3P<2>,3497.0,6,semi-empirical,2,2p5
38,Sr,30,8,O,1s2.2s2.2p4,2s2.2p4,1s2.2s2.2p4,3P<2>,2p3 4S*<3/2>,3664.0,8,semi-empirical,2,2p4
38,Sr,31,7,N,1s2.2s2.2p3,2s2.2p3,1s2.2s2.2p3,4S*<3/2>,2s2.2p2 3P<0>,3830.0,30,semi-empirical,2,2p3
38,Sr,32,6,C,1s2.2s2.2p2,2s2.2p2,1s2.2s2.2p2,3P0,2s2.2p 2P*<1/2>,4053.0,4,semi-empirical,2,2p2
38,Sr,33,5,B,1s2.2s2.2p,2s2.2p,1s2.2s2.2p1,2P*<1/2>,2s2 1S<0>,4232.0,3,semi-empirical,2,2p1
38,Sr,34,4,Be,1s2.2s2,2s2,1s2.2s2,1S0,2s 2S<1/2>,4465.0,4,semi-empirical,2,2s2
38,Sr,35,3,Li,1s2.2s,1s2.2s,1s2.2s1,2S<1/2>,1s2 1S<0>,4612.397,0.011,theoretical,2,2s1
38,Sr,36,2,He,1s2,1s2,1s2,1S0,1s 2S<1/2>,19345.59,0.005,theoretical,1,1s2
38,Sr,37,1,H,1s,1s,1s1,2S<1/2>,,20025.2673,0.0024,theoretical,1,1s1
39,Y,0,39,Y,[Kr].4d.5s2,4d.5s2,1s2.2s2.2p6.3s2.3p6.3d10.4s2.4p6.4d1.5s2,2D<3/2>,5s2 1S<0>,6.21726,0.00010,experimental,5,5s2
39,Y,1,38,Sr,[Kr].5s2,5s2,1s2.2s2.2p6.3s2.3p6.3d10.4s2.4p6.5s2,1S0,4d 2D<3/2>,12.2236,0.0006,experimental,5,5s2
39,Y,2,37,Rb,[Kr].4d,4p6.4d,1s2.2s2.2p6.3s2.3p6.3d10.4s2.4p6.4d1,2D<3/2>,4p6 1S<0>,20.52441,0.00012,experimental,4,4d1
39,Y,3,36,Kr,[Ar].3d10.4s2.4p6,4s2.4p6,1s2.2s2.2p6.3s2.3p6.3d10.4s2.4p6,1S0,4s2.4p5 2P*<3/2>,60.6072,0.0025,semi-empirical,4,4p6
39,Y,4,35,Br,[Ar].3d10.4s2.4p5,4s2.4p5,1s2.2s2.2p6.3s2.3p6.3d10.4s2.4p5,2P*<3/2>,4p4 3P<2>,75.35,0.04,experimental,4,4p5
39,Y,5,34,Se,[Ar].3d10.4s2.4p4,4p4,1s2.2s2.2p6.3s2.3p6.3d10.4s2.4p4,3P<2>,4p3 4S*<3/2>,91.39,0.025,semi-empirical,4,4p4
39,Y,6,33,As,[Ar].3d10.4s2.4p3,4s2.4p3,1s2.2s2.2p6.3s2.3p6.3d10.4s2.4p3,4S*<3/2>,4p2 3P<0>,110.02,0.15,semi-empirical,4,4p3
39,Y,7,32,Ge,[Ar].3d10.4s2.4p2,4s2.4p2,1s2.2s2.2p6.3s2.3p6.3d10.4s2.4p2,3P0,4p 2P*<1/2>,128.12,0.12,semi-empirical,4,4p2
39,Y,8,31,Ga,[Ar].3d10.4s2.4p,4p,1s2.2s2.2p6.3s2.3p6.3d10.4s2.4p1,2P*<1/2>,4s2 1S<0>,145.64,0.04,semi-empirical,4,4p1
39,Y,9,30,Zn,[Ar].3d10.4s2,4s2,1s2.2s2.2p6.3s2.3p6.3d10.4s2,1S0,4s 2S<1/2>,185.7,0.4,semi-empirical,4,4s2
39,Y,10,29,Cu,[Ar].3d10.4s,4s,1s2.2s2.2p6.3s2.3p6.3d10.4s1,2S<1/2>,3d10 1S<0>,205.814,0.025,experimental,4,4s1
39,Y,11,28,Ni,[Ar].3d10,3d10,1s2.2s2.2p6.3s2.3p6.3d10,1S0,3d9 2D<5/2>,374.04,0.25,experimental,3,3d10
39,Y,12,27,Co,[Ar].3d9,3p6.3d9,1s2.2s2.2p6.3s2.3p6.3d9,2D<5/2>,3d8 3F<4>,414.0,3,theoretical,3,3d9
39,Y,13,26,Fe,[Ar].3d8,3d8,1s2.2s2.2p6.3s2.3p6.3d8,3F<4>,3d7 4F<9/2>,463.0,3,theoretical,3,3d8
39,Y,14,25,Mn,[Ar].3d7,3d7,1s2.2s2.2p6.3s2.3p6.3d7,4F<9/2>,3d6 5D<4>,512.0,3,theoretical,3,3d7
39,Y,15,24,Cr,[Ar].3d6,3d6,1s2.2s2.2p6.3s2.3p6.3d6,5D<4>,3d5 6S<5/2>,559.0,3,theoretical,3,3d6
39,Y,16,23,V,[Ar].3d5,3d5,1s2.2s2.2p6.3s2.3p6.3d5,6S<5/2>,3d4 5D<0>,624.0,3,theoretical,3,3d5
39,Y,17,22,Ti,[Ar].3d4,3d4,1s2.2s2.2p6.3s2.3p6.3d4,5D0,3d3 4F<3/2>,677.0,3,theoretical,3,3d4
39,Y,18,21,Sc,[Ar].3d3,3d3,1s2.2s2.2p6.3s2.3p6.3d3,4F<3/2>,3d2 3F<2>,733.0,3,theoretical,3,3d3
39,Y,19,20,Ca,[Ar].3d2,3d2,1s2.2s2.2p6.3s2.3p6.3d2,3F<2>,3d 2D<3/2>,790.0,4,theoretical,3,3d2
39,Y,20,19,K,[Ar].3d,3d,1s2.2s2.2p6.3s2.3p6.3d1,2D<3/2>,3p6 1S<0>,847.0,4,theoretical,3,3d1
39,Y,21,18,Ar,[Ne].3s2.3p6,3p6,1s2.2s2.2p6.3s2.3p6,1S0,3p5 2P*<3/2>,1010.0,3,semi-empirical,3,3p6
39,Y,22,17,Cl,[Ne].3s2.3p5,3p5,1s2.2s2.2p6.3s2.3p5,2P*<3/2>,3p4 3P<2>,1061.9,1.2,semi-empirical,3,3p5
39,Y,23,16,S,[Ne].3s2.3p4,3p4,1s2.2s2.2p6.3s2.3p4,3P<2>,3p3 4S*<3/2>,1120.2,1.6,semi-empirical,3,3p4
39,Y,24,15,P,[Ne].3s2.3p3,3p3,1s2.2s2.2p6.3s2.3p3,4S*<3/2>,3p2 3P<0>,1190.0,4,semi-empirical,3,3p3
39,Y,25,14,Si,[Ne].3s2.3p2,3p2,1s2.2s2.2p6.3s2.3p2,3P0,3p 2P*<1/2>,1253.0,3,semi-empirical,3,3p2
39,Y,26,13,Al,[Ne].3s2.3p,3p,1s2.2s2.2p6.3s2.3p1,2P*<1/2>,3s2 1S<0>,1300.0,6,semi-empirical,3,3p1
39,Y,27,12,Mg,[Ne].3s2,3s2,1s2.2s2.2p6.3s2,1S0,3s 2S<1/2>,1427.6,2.0,semi-empirical,3,3s2
39,Y,28,11,Na,[Ne].3s,3s,1s2.2s2.2p6.3s1,2S<1/2>,2p6 1S<0>,1483.12,0.05,semi-empirical,3,3s1
39,Y,29,10,Ne,1s2.2s2.2p6,2p6,1s2.2s2.2p6,1S0,2p5 2P*<3/2>,3562.9,2.0,semi-empirical,2,2p6
39,Y,30,9,F,1s2.2s2.2p5,2p5,1s2.2s2.2p5,2P*<3/2>,2p4 3P<2>,3720.0,6,semi-empirical,2,2p5
39,Y,31,8,O,1s2.2s2.2p4,2p4,1s2.2s2.2p4,3P<2>,"2p2<1/2>.2p<3/2> (0,3/2)*<3/2>",3892.0,8,semi-empirical,2,2p4
39,Y,32,7,N,1s2.2s2.2p3,2p2<1/2>.2p<3/2>,1s2.2s2.2p3,"(0,3/2)*<3/2>",2p2 3P<0>,4060.0,30,semi-empirical,2,2p3
39,Y,33,6,C,1s2.2s2.2p2,2p2,1s2.2s2.2p2,3P0,2p 2P*<1/2>,4299.0,5,semi-empirical,2,2p2
39,Y,34,5,B,1s2.2s2.2p,2p,1s2.2s2.2p1,2P*<1/2>,2s2 1S<0>,4484.0,3,semi-empirical,2,2p1
39,Y,35,4,Be,1s2.2s2,2s2,1s2.2s2,1S0,2s 2S<1/2>,4724.0,5,semi-empirical,2,2s2
39,Y,36,3,Li,1s2.2s,1s2.2s,1s2.2s1,2S<1/2>,1s2 1S<0>,4875.731,0.012,theoretical,2,2s1
39,Y,37,2,He,1s2,1s2,1s2,1S0,1s 2S<1/2>,20415.719,0.006,theoretical,1,1s2
39,Y,38,1,H,1s,1s,1s1,2S<1/2>,,21115.588,0.003,theoretical,1,1s1
40,Zr,0,40,Zr,[Kr].4d2.5s2,4d2.5s2,1s2.2s2.2p6.3s2.3p6.3d10.4s2.4p6.4d2.5s2,3F<2>,4d2.5s 4F<3/2>,6.634126,0.000005,experimental,5,5s2
40,Zr,1,39,Y,[Kr].4d2.5s,4d2.(3F).5s,1s2.2s2.2p6.3s2.3p6.3d10.4s2.4p6.4d2.5s1,4F<3/2>,4d2 3F<2>,13.13,,experimental,5,5s1
40,Zr,2,38,Sr,[Kr].4d2,4d2,1s2.2s2.2p6.3s2.3p6.3d10.4s2.4p6.4d2,3F<2>,4d 2D<3/2>,23.17,0.004,semi-empirical,4,4d2
40,Zr,3,37,Rb,[Kr].4d,4p6.4d,1s2.2s2.2p6.3s2.3p6.3d10.4s2.4p6.4d1,2D<3/2>,4p6 1S<0>,34.41836,0.00006,experimental,4,4d1
40,Zr,4,36,Kr,[Ar].3d10.4s2.4p6,4p6,1s2.2s2.2p6.3s2.3p6.3d10.4s2.4p6,1S0,4p5 2P*<3/2>,80.348,0.007,semi-empirical,4,4p6
40,Zr,5,35,Br,[Ar].3d10.4s2.4p5,4s2.4p5,1s2.2s2.2p6.3s2.3p6.3d10.4s2.4p5,2P*<3/2>,4p4 3P<2>,96.38,0.04,semi-empirical,4,4p5
40,Zr,6,34,Se,[Ar].3d10.4s2.4p4,4p4,1s2.2s2.2p6.3s2.3p6.3d10.4s2.4p4,3P<2>,4p3 4S*<3/2>,112.0,2.0,theoretical,4,4p4
40,Zr,7,33,As,[Ar].3d10.4s2.4p3,4p3,1s2.2s2.2p6.3s2.3p6.3d10.4s2.4p3,4S*<3/2>,4p2 3P<0>,133.7,0.5,semi-empirical,4,4p3
40,Zr,8,32,Ge,[Ar].3d10.4s2.4p2,4p2,1s2.2s2.2p6.3s2.3p6.3d10.4s2.4p2,3P0,4p 2P*<1/2>,153.0,2.2,theoretical,4,4p2
40,Zr,9,31,Ga,[Ar].3d10.4s2.4p,4p,1s2.2s2.2p6.3s2.3p6.3d10.4s2.4p1,2P*<1/2>,4s2 1S<0>,172.02,0.05,semi-empirical,4,4p1
40,Zr,10,30,Zn,[Ar].3d10.4s2,4s2,1s2.2s2.2p6.3s2.3p6.3d10.4s2,1S0,4s 2S<1/2>,214.9,0.4,semi-empirical,4,4s2
40,Zr,11,29,Cu,[Ar].3d10.4s,4s,1s2.2s2.2p6.3s2.3p6.3d10.4s1,2S<1/2>,3d10 1S<0>,236.252,0.025,experimental,4,4s1
40,Zr,12,28,Ni,[Ar].3d10,3d10,1s2.2s2.2p6.3s2.3p6.3d10,1S0,3d9 2D<5/2>,426.0,3,theoretical,3,3d10
40,Zr,13,27,Co,[Ar].3d9,3p6.3d9,1s2.2s2.2p6.3s2.3p6.3d9,2D<5/2>,3d8 3F<4>,470.0,3,theoretical,3,3d9
40,Zr,14,26,Fe,[Ar].3d8,3d8,1s2.2s2.2p6.3s2.3p6.3d8,3F<4>,3d7 4F<9/2>,520.0,3,theoretical,3,3d8
40,Zr,15,25,Mn,[Ar].3d7,3d7,1s2.2s2.2p6.3s2.3p6.3d7,4F<9/2>,3d6 5D<4>,573.0,3,theoretical,3,3d7
40,Zr,16,24,Cr,[Ar].3d6,3d6,1s2.2s2.2p6.3s2.3p6.3d6,5D<4>,3d5 6S<5/2>,622.0,3,theoretical,3,3d6
40,Zr,17,23,V,[Ar].3d5,3d5,1s2.2s2.2p6.3s2.3p6.3d5,6S<5/2>,3d4 5D<0>,690.0,3,theoretical,3,3d5
40,Zr,18,22,Ti,[Ar].3d4,3d4,1s2.2s2.2p6.3s2.3p6.3d4,5D0,3d3 4F<3/2>,745.0,3,theoretical,3,3d4
40,Zr,19,21,Sc,[Ar].3d3,3d3,1s2.2s2.2p6.3s2.3p6.3d3,4F<3/2>,3d2 3F<2>,803.0,4,theoretical,3,3d3
40,Zr,20,20,Ca,[Ar].3d2,3d2,1s2.2s2.2p6.3s2.3p6.3d2,3F<2>,3d 2D<3/2>,863.0,4,theoretical,3,3d2
40,Zr,21,19,K,[Ar].3d,3d,1s2.2s2.2p6.3s2.3p6.3d1,2D<3/2>,3p6 1S<0>,922.0,4,theoretical,3,3d1
40,Zr,22,18,Ar,[Ne].3s2.3p6,3p6,1s2.2s2.2p6.3s2.3p6,1S0,3p5 2P*<3/2>,1092.0,3,semi-empirical,3,3p6
40,Zr,23,17,Cl,[Ne].3s2.3p5,3p5,1s2.2s2.2p6.3s2.3p5,2P*<3/2>,3p4 3P<2>,1144.7,1.2,semi-empirical,3,3p5
40,Zr,24,16,S,[Ne].3s2.3p4,3p4,1s2.2s2.2p6.3s2.3p4,3P<2>,3p3 4S*<3/2>,1205.4,1.7,semi-empirical,3,3p4
40,Zr,25,15,P,[Ne].3s2.3p3,3p3,1s2.2s2.2p6.3s2.3p3,4S*<3/2>,3p2 3P<0>,1277.0,5,semi-empirical,3,3p3
40,Zr,26,14,Si,[Ne].3s2.3p2,3p2,1s2.2s2.2p6.3s2.3p2,3P0,3p 2P*<1/2>,1344.0,3,semi-empirical,3,3p2
40,Zr,27,13,Al,[Ne].3s2.3p,3p,1s2.2s2.2p6.3s2.3p1,2P*<1/2>,3s2 1S<0>,1392.0,7,semi-empirical,3,3p1
40,Zr,28,12,Mg,[Ne].3s2,3s2,1s2.2s2.2p6.3s2,1S0,3s 2S<1/2>,1525.1,2.2,semi-empirical,3,3s2
40,Zr,29,11,Na,[Ne].3s,3s,1s2.2s2.2p6.3s1,2S<1/2>,2p6 1S<0>,1582.37,0.05,semi-empirical,3,3s1
40,Zr,30,10,Ne,1s2.2s2.2p6,2p6,1s2.2s2.2p6,1S0,2p5 2P*<3/2>,3788.0,2.1,semi-empirical,2,2p6
40,Zr,31,9,F,1s2.2s2.2p5,2p5,1s2.2s2.2p5,2P*<3/2>,2p4 3P<2>,3950.0,7,semi-empirical,2,2p5
40,Zr,32,8,O,1s2.2s2.2p4,2p4,1s2.2s2.2p4,3P<2>,"2p2<1/2>.2p<3/2> (0,3/2)*<3/2>",4127.0,9,semi-empirical,2,2p4
40,Zr,33,7,N,1s2.2s2.2p3,2p2<1/2>.2p<3/2>,1s2.2s2.2p3,"(0,3/2)*<3/2>",2p2 3P<0>,4300.0,30,semi-empirical,2,2p3
40,Zr,34,6,C,1s2.2s2.2p2,2p2,1s2.2s2.2p2,3P0,2p 2P*<1/2>,4553.0,5,semi-empirical,2,2p2
40,Zr,35,5,B,1s2.2s2.2p,2p,1s2.2s2.2p1,2P*<1/2>,2s2 1S<0>,4744.0,3,semi-empirical,2,2p1
40,Zr,36,4,Be,1s2.2s2,2s2,1s2.2s2,1S0,2s 2S<1/2>,4991.0,5,semi-empirical,2,2s2
40,Zr,37,3,Li,1s2.2s,1s2.2s,1s2.2s1,2S<1/2>,1s2 1S<0>,5146.935,0.014,theoretical,2,2s1
40,Zr,38,2,He,1s2,1s2,1s2,1S0,1s 2S<1/2>,21516.471,0.006,theoretical,1,1s2
40,Zr,39,1,H,1s,1s,1s1,2S<1/2>,,22236.712,0.004,theoretical,1,1s1
41,Nb,0,41,Nb,[Kr].4d4.5s,4d4.(5D).5s,1s2.2s2.2p6.3s2.3p6.3d10.4s2.4p6.4d4.5s1,6D<1/2>,4d4 5D<0>,6.75885,0.00004,experimental,5,5s1
41,Nb,1,40,Zr,[Kr].4d4,4d4,1s2.2s2.2p6.3s2.3p6.3d10.4s2.4p6.4d4,5D0,4d3 4F<3/2>,14.32,,semi-empirical,4,4d4
41,Nb,2,39,Y,[Kr].4d3,4d3,1s2.2s2.2p6.3s2.3p6.3d10.4s2.4p6.4d3,4F<3/2>,4d2 3F<2>,25.04,,semi-empirical,4,4d3
41,Nb,3,38,Sr,[Kr].4d2,4d2,1s2.2s2.2p6.3s2.3p6.3d10.4s2.4p6.4d2,3F<2>,4d 2D<3/2>,37.611,0.022,experimental,4,4d2
41,Nb,4,37,Rb,[Kr].4d,4p6.4d,1s2.2s2.2p6.3s2.3p6.3d10.4s2.4p6.4d1,2D<3/2>,4p6 1S<0>,50.5728,0.0025,experimental,4,4d1
41,Nb,5,36,Kr,[Ar].3d10.4s2.4p6,4p6,1s2.2s2.2p6.3s2.3p6.3d10.4s2.4p6,1S0,4p5 2P*<3/2>,102.069,0.006,semi-empirical,4,4p6
41,Nb,6,35,Br,[Ar].3d10.4s2.4p5,4p5,1s2.2s2.2p6.3s2.3p6.3d10.4s2.4p5,2P*<3/2>,4p4 3P<2>,119.1,0.4,experimental,4,4p5
41,Nb,7,34,Se,[Ar].3d10.4s2.4p4,4p4,1s2.2s2.2p6.3s2.3p6.3d10.4s2.4p4,3P<2>,4p3 4S*<3/2>,136.0,2.1,theoretical,4,4p4
41,Nb,8,33,As,[Ar].3d10.4s2.4p3,4p3,1s2.2s2.2p6.3s2.3p6.3d10.4s2.4p3,4S*<3/2>,4p2 3P<0>,159.2,0.7,semi-empirical,4,4p3
41,Nb,9,32,Ge,[Ar].3d10.4s2.4p2,4p2,1s2.2s2.2p6.3s2.3p6.3d10.4s2.4p2,3P0,4p 2P*<1/2>,180.0,2.2,theoretical,4,4p2
41,Nb,10,31,Ga,[Ar].3d10.4s2.4p,4p,1s2.2s2.2p6.3s2.3p6.3d10.4s2.4p1,2P*<1/2>,4s2 1S<0>,200.28,0.06,semi-empirical,4,4p1
41,Nb,11,30,Zn,[Ar].3d10.4s2,4s2,1s2.2s2.2p6.3s2.3p6.3d10.4s2,1S0,4s 2S<1/2>,246.1,0.4,semi-empirical,4,4s2
41,Nb,12,29,Cu,[Ar].3d10.4s,4s,1s2.2s2.2p6.3s2.3p6.3d10.4s1,2S<1/2>,3d10 1S<0>,268.59,0.04,experimental,4,4s1
41,Nb,13,28,Ni,[Ar].3d10,3d10,1s2.2s2.2p6.3s2.3p6.3d10,1S0,3d9 2D<5/2>,482.5,1.5,semi-empirical,3,3d10
41,Nb,14,27,Co,[Ar].3d9,3p6.3d9,1s2.2s2.2p6.3s2.3p6.3d9,2D<5/2>,3d8 3F<4>,530.0,3,theoretical,3,3d9
41,Nb,15,26,Fe,[Ar].3d8,3d8,1s2.2s2.2p6.3s2.3p6.3d8,3F<4>,3d7 4F<9/2>,581.0,3,theoretical,3,3d8
41,Nb,16,25,Mn,[Ar].3d7,3d7,1s2.2s2.2p6.3s2.3p6.3d7,4F<9/2>,3d6 5D<4>,636.0,3,theoretical,3,3d7
41,Nb,17,24,Cr,[Ar].3d6,3d6,1s2.2s2.2p6.3s2.3p6.3d6,5D<4>,3d5 6S<5/2>,688.0,3,theoretical,3,3d6
41,Nb,18,23,V,[Ar].3d5,3d5,1s2.2s2.2p6.3s2.3p6.3d5,6S<5/2>,3d4 5D<0>,758.0,3,theoretical,3,3d5
41,Nb,19,22,Ti,[Ar].3d4,3d4,1s2.2s2.2p6.3s2.3p6.3d4,5D0,3d3 4F<3/2>,816.0,4,theoretical,3,3d4
41,Nb,20,21,Sc,[Ar].3d3,3d3,1s2.2s2.2p6.3s2.3p6.3d3,4F<3/2>,3d2 3F<2>,877.0,4,theoretical,3,3d3
41,Nb,21,20,Ca,[Ar].3d2,3d2,1s2.2s2.2p6.3s2.3p6.3d2,3F<2>,3d 2D<3/2>,940.0,4,theoretical,3,3d2
41,Nb,22,19,K,[Ar].3d,3d,1s2.2s2.2p6.3s2.3p6.3d1,2D<3/2>,3p6 1S<0>,1000.0,4,theoretical,3,3d1
41,Nb,23,18,Ar,[Ne].3s2.3p6,3p6,1s2.2s2.2p6.3s2.3p6,1S0,3p5 2P*<3/2>,1176.0,4,semi-empirical,3,3p6
41,Nb,24,17,Cl,[Ne].3s2.3p5,3p5,1s2.2s2.2p6.3s2.3p5,2P*<3/2>,3p4 3P<2>,1230.6,1.3,semi-empirical,3,3p5
41,Nb,25,16,S,[Ne].3s2.3p4,3p4,1s2.2s2.2p6.3s2.3p4,3P<2>,3p3 4S*<3/2>,1293.7,1.8,semi-empirical,3,3p4
41,Nb,26,15,P,[Ne].3s2.3p3,3p3,1s2.2s2.2p6.3s2.3p3,4S*<3/2>,3p2 3P<0>,1368.0,5,semi-empirical,3,3p3
41,Nb,27,14,Si,[Ne].3s2.3p2,3p2,1s2.2s2.2p6.3s2.3p2,3P0,3p 2P*<1/2>,1439.0,3,semi-empirical,3,3p2
41,Nb,28,13,Al,[Ne].3s2.3p,3p,1s2.2s2.2p6.3s2.3p1,2P*<1/2>,3s2 1S<0>,1488.0,7,semi-empirical,3,3p1
41,Nb,29,12,Mg,[Ne].3s2,3s2,1s2.2s2.2p6.3s2,1S0,3s 2S<1/2>,1625.9,2.3,semi-empirical,3,3s2
41,Nb,30,11,Na,[Ne].3s,3s,1s2.2s2.2p6.3s1,2S<1/2>,2p6 1S<0>,1684.97,0.05,semi-empirical,3,3s1
41,Nb,31,10,Ne,1s2.2s2.2p6,2p6,1s2.2s2.2p6,1S0,2p5 2P*<3/2>,4020.1,2.2,semi-empirical,2,2p6
41,Nb,32,9,F,1s2.2s2.2p5,2p5,1s2.2s2.2p5,2P*<3/2>,2p4 3P<2>,4187.0,7,semi-empirical,2,2p5
41,Nb,33,8,O,1s2.2s2.2p4,2p4,1s2.2s2.2p4,3P<2>,"2p2<1/2>.2p<3/2> (0,3/2)*<3/2>",4369.0,9,semi-empirical,2,2p4
41,Nb,34,7,N,1s2.2s2.2p3,2p2<1/2>.2p<3/2>,1s2.2s2.2p3,"(0,3/2)*<3/2>",2p2 3P<0>,4540.0,30,semi-empirical,2,2p3
41,Nb,35,6,C,1s2.2s2.2p2,2p2,1s2.2s2.2p2,3P0,2p 2P*<1/2>,4815.0,5,semi-empirical,2,2p2
41,Nb,36,5,B,1s2.2s2.2p,2p,1s2.2s2.2p1,2P*<1/2>,2s2 1S<0>,5011.0,4,semi-empirical,2,2p1
41,Nb,37,4,Be,1s2.2s2,2s2,1s2.2s2,1S0,2s 2S<1/2>,5265.0,5,semi-empirical,2,2s2
41,Nb,38,3,Li,1s2.2s,1s2.2s,1s2.2s1,2S<1/2>,1s2 1S<0>,5426.066,0.015,theoretical,2,2s1
41,Nb,39,2,He,1s2,1s2,1s2,1S0,1s 2S<1/2>,22648.046,0.007,theoretical,1,1s2
41,Nb,40,1,H,1s,1s,1s1,2S<1/2>,,23388.85,0.004,theoretical,1,1s1
42,Mo,0,42,Mo,[Kr].4d5.5s,4d5.(6S).5s,1s2.2s2.2p6.3s2.3p6.3d10.4s2.4p6.4d5.5s1,7S<3>,4d5 6S<5/2>,7.09243,0.00004,experimental,5,5s1
42,Mo,1,41,Nb,[Kr].4d5,4d5,1s2.2s2.2p6.3s2.3p6.3d10.4s2.4p6.4d5,6S<5/2>,4d4 5D<0>,16.16,0.12,semi-empirical,4,4d5
42,Mo,2,40,Zr,[Kr].4d4,4d4,1s2.2s2.2p6.3s2.3p6.3d10.4s2.4p6.4d4,5D0,4d3 4F<3/2>,27.13,0.12,semi-empirical,4,4d4
42,Mo,3,39,Y,[Kr].4d3,4d3,1s2.2s2.2p6.3s2.3p6.3d10.4s2.4p6.4d3,4F<3/2>,4d2 3F<2>,40.33,0.06,semi-empirical,4,4d3
42,Mo,4,38,Sr,[Kr].4d2,4p6.4d2,1s2.2s2.2p6.3s2.3p6.3d10.4s2.4p6.4d2,3F<2>,4d 2D<3/2>,54.417,0.019,semi-empirical,4,4d2
42,Mo,5,37,Rb,[Kr].4d,4p6.4d,1s2.2s2.2p6.3s2.3p6.3d10.4s2.4p6.4d1,2D<3/2>,4p6 1S<0>,68.82704,0.00021,experimental,4,4d1
42,Mo,6,36,Kr,[Ar].3d10.4s2.4p6,4s2.4p6,1s2.2s2.2p6.3s2.3p6.3d10.4s2.4p6,1S0,4p5 2P*<3/2>,125.638,0.025,semi-empirical,4,4p6
42,Mo,7,35,Br,[Ar].3d10.4s2.4p5,4s2.4p5,1s2.2s2.2p6.3s2.3p6.3d10.4s2.4p5,2P*<3/2>,4p4 3P<2>,143.6,1.0,experimental,4,4p5
42,Mo,8,34,Se,[Ar].3d10.4s2.4p4,4s2.4p4,1s2.2s2.2p6.3s2.3p6.3d10.4s2.4p4,3P<2>,4p3 4S*<3/2>,164.12,0.09,experimental,4,4p4
42,Mo,9,33,As,[Ar].3d10.4s2.4p3,4s2.4p3,1s2.2s2.2p6.3s2.3p6.3d10.4s2.4p3,4S*<3/2>,4p2 3P<0>,186.3,1.2,semi-empirical,4,4p3
42,Mo,10,32,Ge,[Ar].3d10.4s2.4p2,4s2.4p2,1s2.2s2.2p6.3s2.3p6.3d10.4s2.4p2,3P0,4p 2P*<1/2>,209.3,1.2,theoretical,4,4p2
42,Mo,11,31,Ga,[Ar].3d10.4s2.4p,4s2.4p,1s2.2s2.2p6.3s2.3p6.3d10.4s2.4p1,2P*<1/2>,4s2 1S<0>,230.28,0.06,semi-empirical,4,4p1
42,Mo,12,30,Zn,[Ar].3d10.4s2,3d10.4s2,1s2.2s2.2p6.3s2.3p6.3d10.4s2,1S0,4s 2S<1/2>,279.1,0.5,semi-empirical,4,4s2
42,Mo,13,29,Cu,[Ar].3d10.4s,3d10.4s,1s2.2s2.2p6.3s2.3p6.3d10.4s1,2S<1/2>,3d10 1S<0>,302.6,0.04,experimental,4,4s1
42,Mo,14,28,Ni,[Ar].3d10,3d10,1s2.2s2.2p6.3s2.3p6.3d10,1S0,3d9 2D<5/2>,544.0,0.5,semi-empirical,3,3d10
42,Mo,15,27,Co,[Ar].3d9,3p6.3d9,1s2.2s2.2p6.3s2.3p6.3d9,2D<5/2>,3d8 3F<4>,591.0,3,theoretical,3,3d9
42,Mo,16,26,Fe,[Ar].3d8,3p6.3d8,1s2.2s2.2p6.3s2.3p6.3d8,3F<4>,3d7 4F<9/2>,646.0,3,theoretical,3,3d8
42,Mo,17,25,Mn,[Ar].3d7,3p6.3d7,1s2.2s2.2p6.3s2.3p6.3d7,4F<9/2>,3d6 5D<4>,702.0,3,theoretical,3,3d7
42,Mo,18,24,Cr,[Ar].3d6,3d6,1s2.2s2.2p6.3s2.3p6.3d6,5D<4>,3d5 6S<5/2>,758.0,3,theoretical,3,3d6
42,Mo,19,23,V,[Ar].3d5,3d5,1s2.2s2.2p6.3s2.3p6.3d5,6S<5/2>,3d4 5D<0>,829.0,4,theoretical,3,3d5
42,Mo,20,22,Ti,[Ar].3d4,3d4,1s2.2s2.2p6.3s2.3p6.3d4,5D0,3d3 4F<3/2>,890.0,4,theoretical,3,3d4
42,Mo,21,21,Sc,[Ar].3d3,3d3,1s2.2s2.2p6.3s2.3p6.3d3,4F<3/2>,3d2 3F<2>,953.0,4,theoretical,3,3d3
42,Mo,22,20,Ca,[Ar].3d2,3p6.3d2,1s2.2s2.2p6.3s2.3p6.3d2,3F<2>,3d 2D<3/2>,1019.0,4,theoretical,3,3d2
42,Mo,23,19,K,[Ar].3d,3p6.3d,1s2.2s2.2p6.3s2.3p6.3d1,2D<3/2>,3p6 1S<0>,1082.0,4,theoretical,3,3d1
42,Mo,24,18,Ar,[Ne].3s2.3p6,3s2.3p6,1s2.2s2.2p6.3s2.3p6,1S0,3p5 2P*<3/2>,1263.0,4,semi-empirical,3,3p6
42,Mo,25,17,Cl,[Ne].3s2.3p5,3s2.3p5,1s2.2s2.2p6.3s2.3p5,2P*<3/2>,3p4 3P<2>,1319.6,1.4,semi-empirical,3,3p5
42,Mo,26,16,S,[Ne].3s2.3p4,3s2.3p4,1s2.2s2.2p6.3s2.3p4,3P<2>,3p3 4S*<3/2>,1385.1,1.9,semi-empirical,3,3p4
42,Mo,27,15,P,[Ne].3s2.3p3,3s2.3p3,1s2.2s2.2p6.3s2.3p3,4S*<3/2>,3p2 3P<0>,1462.0,6,semi-empirical,3,3p3
42,Mo,28,14,Si,[Ne].3s2.3p2,3s2.3p2,1s2.2s2.2p6.3s2.3p2,3P0,3p 2P*<1/2>,1537.0,3,semi-empirical,3,3p2
42,Mo,29,13,Al,[Ne].3s2.3p,3s2.3p,1s2.2s2.2p6.3s2.3p1,2P*<1/2>,3s2 1S<0>,1587.0,8,semi-empirical,3,3p1
42,Mo,30,12,Mg,[Ne].3s2,2p6.3s2,1s2.2s2.2p6.3s2,1S0,3s 2S<1/2>,1730.1,2.5,semi-empirical,3,3s2
42,Mo,31,11,Na,[Ne].3s,2p6.3s,1s2.2s2.2p6.3s1,2S<1/2>,2p6 1S<0>,1790.93,0.06,semi-empirical,3,3s1
42,Mo,32,10,Ne,1s2.2s2.2p6,2s2.2p6,1s2.2s2.2p6,1S0,2p5 2P*<3/2>,4259.0,2.4,semi-empirical,2,2p6
42,Mo,33,9,F,1s2.2s2.2p5,2s2.2p5,1s2.2s2.2p5,2P*<3/2>,2p4 3P<2>,4430.0,7,semi-empirical,2,2p5
42,Mo,34,8,O,1s2.2s2.2p4,2s2.2p4,1s2.2s2.2p4,3P<2>,"2p2<1/2>.2p<3/2> (0,3/2)*<3/2>",4618.0,10,semi-empirical,2,2p4
42,Mo,35,7,N,1s2.2s2.2p3,2p2<1/2>.2p<3/2>,1s2.2s2.2p3,"(0,3/2)*<3/2>",2p2 3P<0>,4800.0,30,semi-empirical,2,2p3
42,Mo,36,6,C,1s2.2s2.2p2,2p2,1s2.2s2.2p2,3P0,2p 2P*<1/2>,5084.0,6,semi-empirical,2,2p2
42,Mo,37,5,B,1s2.2s2.2p,2s2.2p,1s2.2s2.2p1,2P*<1/2>,2s2 1S<0>,5287.0,4,semi-empirical,2,2p1
42,Mo,38,4,Be,1s2.2s2,1s2.2s2,1s2.2s2,1S0,2s 2S<1/2>,5548.0,5,semi-empirical,2,2s2
42,Mo,39,3,Li,1s2.2s,1s2.2s,1s2.2s1,2S<1/2>,1s2 1S<0>,5713.194,0.016,theoretical,2,2s1
42,Mo,40,2,He,1s2,1s2,1s2,1S0,1s 2S<1/2>,23810.653,0.009,theoretical,1,1s2
42,Mo,41,1,H,1s,1s,1s1,2S<1/2>,,24572.213,0.004,theoretical,1,1s1
43,Tc,0,43,Tc,[Kr].4d5.5s2,4d5.5s2,1s2.2s2.2p6.3s2.3p6.3d10.4s2.4p6.4d5.5s2,6S<5/2>,4d5.5s 7S<3>,7.11938,0.00003,experimental,5,5s2
43,Tc,1,42,Mo,[Kr].4d5.5s,4d5.(6S).5s,1s2.2s2.2p6.3s2.3p6.3d10.4s2.4p6.4d5.5s1,7S<3>,4d5 6S<5/2>,15.26,,semi-empirical,5,5s1
43,Tc,2,41,Nb,[Kr].4d5,4d5,1s2.2s2.2p6.3s2.3p6.3d10.4s2.4p6.4d5,6S<5/2>,4d4 5D<0>,29.55,,semi-empirical,4,4d5
43,Tc,3,40,Zr,[Kr].4d4,4d4,1s2.2s2.2p6.3s2.3p6.3d10.4s2.4p6.4d4,5D0,4d3 4F<3/2>,41.0,1.7,theoretical,4,4d4
43,Tc,4,39,Y,[Kr].4d3,4d3,1s2.2s2.2p6.3s2.3p6.3d10.4s2.4p6.4d3,4F<3/2>,4d2 3F<2>,57.0,1.9,theoretical,4,4d3
43,Tc,5,38,Sr,[Kr].4d2,4d2,1s2.2s2.2p6.3s2.3p6.3d10.4s2.4p6.4d2,3F<2>,4d 2D<3/2>,72.0,2.0,theoretical,4,4d2
43,Tc,6,37,Rb,[Kr].4d,4d,1s2.2s2.2p6.3s2.3p6.3d10.4s2.4p6.4d1,2D<3/2>,4p6 1S<0>,88.0,2.0,theoretical,4,4d1
43,Tc,7,36,Kr,[Ar].3d10.4s2.4p6,4p6,1s2.2s2.2p6.3s2.3p6.3d10.4s2.4p6,1S0,4p5 2P*<3/2>,150.0,2.1,theoretical,4,4p6
43,Tc,8,35,Br,[Ar].3d10.4s2.4p5,4p5,1s2.2s2.2p6.3s2.3p6.3d10.4s2.4p5,2P*<3/2>,4p4 3P<2>,169.0,2.2,theoretical,4,4p5
43,Tc,9,34,Se,[Ar].3d10.4s2.4p4,4p4,1s2.2s2.2p6.3s2.3p6.3d10.4s2.4p4,3P<2>,4p3 4S*<3/2>,189.9,2.2,theoretical,4,4p4
43,Tc,10,33,As,[Ar].3d10.4s2.4p3,4p3,1s2.2s2.2p6.3s2.3p6.3d10.4s2.4p3,4S*<3/2>,4p2 3P<0>,214.0,2.4,theoretical,4,4p3
43,Tc,11,32,Ge,[Ar].3d10.4s2.4p2,4p2,1s2.2s2.2p6.3s2.3p6.3d10.4s2.4p2,3P0,4p 2P*<1/2>,239.0,2.5,theoretical,4,4p2
43,Tc,12,31,Ga,[Ar].3d10.4s2.4p,4p,1s2.2s2.2p6.3s2.3p6.3d10.4s2.4p1,2P*<1/2>,4s2 1S<0>,262.08,0.12,semi-empirical,4,4p1
43,Tc,13,30,Zn,[Ar].3d10.4s2,4s2,1s2.2s2.2p6.3s2.3p6.3d10.4s2,1S0,4s 2S<1/2>,311.0,3,theoretical,4,4s2
43,Tc,14,29,Cu,[Ar].3d10.4s,4s,1s2.2s2.2p6.3s2.3p6.3d10.4s1,2S<1/2>,3d10 1S<0>,338.55,0.17,semi-empirical,4,4s1
43,Tc,15,28,Ni,[Ar].3d10,3d10,1s2.2s2.2p6.3s2.3p6.3d10,1S0,3d9 2D<5/2>,604.0,3,theoretical,3,3d10
43,Tc,16,27,Co,[Ar].3d9,3d9,1s2.2s2.2p6.3s2.3p6.3d9,2D<5/2>,3d8 3F<4>,655.0,3,theoretical,3,3d9
43,Tc,17,26,Fe,[Ar].3d8,3d8,1s2.2s2.2p6.3s2.3p6.3d8,3F<4>,3d7 4F<9/2>,713.0,3,theoretical,3,3d8
43,Tc,18,25,Mn,[Ar].3d7,3d7,1s2.2s2.2p6.3s2.3p6.3d7,4F<9/2>,3d6 5D<4>,773.0,3,theoretical,3,3d7
43,Tc,19,24,Cr,[Ar].3d6,3d6,1s2.2s2.2p6.3s2.3p6.3d6,5D<4>,3d5 6S<5/2>,829.0,4,theoretical,3,3d6
43,Tc,20,23,V,[Ar].3d5,3d5,1s2.2s2.2p6.3s2.3p6.3d5,6S<5/2>,3d4 5D<0>,904.0,4,theoretical,3,3d5
43,Tc,21,22,Ti,[Ar].3d4,3d4,1s2.2s2.2p6.3s2.3p6.3d4,5D0,3d3 4F<3/2>,968.0,4,theoretical,3,3d4
43,Tc,22,21,Sc,[Ar].3d3,3d3,1s2.2s2.2p6.3s2.3p6.3d3,4F<3/2>,3d2 3F<2>,1032.0,4,theoretical,3,3d3
43,Tc,23,20,Ca,[Ar].3d2,3d2,1s2.2s2.2p6.3s2.3p6.3d2,3F<2>,3d 2D<3/2>,1102.0,4,theoretical,3,3d2
43,Tc,24,19,K,[Ar].3d,3d,1s2.2s2.2p6.3s2.3p6.3d1,2D<3/2>,3p6 1S<0>,1166.0,4,theoretical,3,3d1
43,Tc,25,18,Ar,[Ne].3s2.3p6,3p6,1s2.2s2.2p6.3s2.3p6,1S0,3p5 2P*<3/2>,1354.0,4,semi-empirical,3,3p6
43,Tc,26,17,Cl,[Ne].3s2.3p5,3p5,1s2.2s2.2p6.3s2.3p5,2P*<3/2>,3p4 3P<2>,1411.6,1.5,semi-empirical,3,3p5
43,Tc,27,16,S,[Ne].3s2.3p4,3p4,1s2.2s2.2p6.3s2.3p4,3P<2>,3p3 4S*<3/2>,1479.5,2.0,semi-empirical,3,3p4
43,Tc,28,15,P,[Ne].3s2.3p3,3p3,1s2.2s2.2p6.3s2.3p3,4S*<3/2>,3p2 3P<0>,1559.0,6,semi-empirical,3,3p3
43,Tc,29,14,Si,[Ne].3s2.3p2,3p2,1s2.2s2.2p6.3s2.3p2,3P0,3p 2P*<1/2>,1638.0,4,semi-empirical,3,3p2
43,Tc,30,13,Al,[Ne].3s2.3p,3p,1s2.2s2.2p6.3s2.3p1,2P*<1/2>,3s2 1S<0>,1689.0,8,semi-empirical,3,3p1
43,Tc,31,12,Mg,[Ne].3s2,3s2,1s2.2s2.2p6.3s2,1S0,3s 2S<1/2>,1838.0,3,semi-empirical,3,3s2
43,Tc,32,11,Na,[Ne].3s,3s,1s2.2s2.2p6.3s1,2S<1/2>,2p6 1S<0>,1900.28,0.06,semi-empirical,3,3s1
43,Tc,33,10,Ne,1s2.2s2.2p6,2p6,1s2.2s2.2p6,1S0,2p5 2P*<3/2>,4505.0,2.5,semi-empirical,2,2p6
43,Tc,34,9,F,1s2.2s2.2p5,2p5,1s2.2s2.2p5,2P*<3/2>,2p4 3P<2>,4681.0,8,semi-empirical,2,2p5
43,Tc,35,8,O,1s2.2s2.2p4,2p4,1s2.2s2.2p4,3P<2>,"2p2<1/2>.2p<3/2> (0,3/2)*<3/2>",4874.0,10,semi-empirical,2,2p4
43,Tc,36,7,N,1s2.2s2.2p3,2p2<1/2>.2p<3/2>,1s2.2s2.2p3,"(0,3/2)*<3/2>",2p2 3P<0>,5060.0,40,semi-empirical,2,2p3
43,Tc,37,6,C,1s2.2s2.2p2,2p2,1s2.2s2.2p2,3P0,2p 2P*<1/2>,5361.0,6,semi-empirical,2,2p2
43,Tc,38,5,B,1s2.2s2.2p,2p,1s2.2s2.2p1,2P*<1/2>,2s2 1S<0>,5570.0,4,semi-empirical,2,2p1
43,Tc,39,4,Be,1s2.2s2,2s2,1s2.2s2,1S0,2s 2S<1/2>,5838.0,6,semi-empirical,2,2s2
43,Tc,40,3,Li,1s2.2s,1s2.2s,1s2.2s1,2S<1/2>,1s2 1S<0>,6008.391,0.017,theoretical,2,2s1
43,Tc,41,2,He,1s2,1s2,1s2,1S0,1s 2S<1/2>,25004.531,0.010,theoretical,1,1s2
43,Tc,42,1,H,1s,1s,1s1,2S<1/2>,,25787.047,0.016,theoretical,1,1s1
44,Ru,0,44,Ru,[Kr].4d7.5s,4d7.(4F).5s,1s2.2s2.2p6.3s2.3p6.3d10.4s2.4p6.4d7.5s1,5F<5>,4d7 4F<9/2>,7.3605,0.00005,experimental,5,5s1
44,Ru,1,43,Tc,[Kr].4d7,4d7,1s2.2s2.2p6.3s2.3p6.3d10.4s2.4p6.4d7,4F<9/2>,4d6 5D<4>,16.76,0.06,semi-empirical,4,4d7
44,Ru,2,42,Mo,[Kr].4d6,4d6,1s2.2s2.2p6.3s2.3p6.3d10.4s2.4p6.4d6,5D<4>,4d5 6S<5/2>,28.47,,semi-empirical,4,4d6
44,Ru,3,41,Nb,[Kr].4d5,4d5,1s2.2s2.2p6.3s2.3p6.3d10.4s2.4p6.4d5,6S<5/2>,4d4 5D<0>,45.0,1.7,theoretical,4,4d5
44,Ru,4,40,Zr,[Kr].4d4,4d4,1s2.2s2.2p6.3s2.3p6.3d10.4s2.4p6.4d4,5D0,4d3 4F<3/2>,59.0,1.9,theoretical,4,4d4
44,Ru,5,39,Y,[Kr].4d3,4d3,1s2.2s2.2p6.3s2.3p6.3d10.4s2.4p6.4d3,4F<3/2>,4d2 3F<2>,76.0,2.0,theoretical,4,4d3
44,Ru,6,38,Sr,[Kr].4d2,4d2,1s2.2s2.2p6.3s2.3p6.3d10.4s2.4p6.4d2,3F<2>,4d 2D<3/2>,93.0,2.0,theoretical,4,4d2
44,Ru,7,37,Rb,[Kr].4d,4d,1s2.2s2.2p6.3s2.3p6.3d10.4s2.4p6.4d1,2D<3/2>,4p6 1S<0>,110.0,2.1,theoretical,4,4d1
44,Ru,8,36,Kr,[Ar].3d10.4s2.4p6,4p6,1s2.2s2.2p6.3s2.3p6.3d10.4s2.4p6,1S0,4p5 2P*<3/2>,178.41,0.05,semi-empirical,4,4p6
44,Ru,9,35,Br,[Ar].3d10.4s2.4p5,4p5,1s2.2s2.2p6.3s2.3p6.3d10.4s2.4p5,2P*<3/2>,4p4 3P<2>,198.0,2.2,theoretical,4,4p5
44,Ru,10,34,Se,[Ar].3d10.4s2.4p4,4p4,1s2.2s2.2p6.3s2.3p6.3d10.4s2.4p4,3P<2>,4p3 4S*<3/2>,219.9,2.4,theoretical,4,4p4
44,Ru,11,33,As,[Ar].3d10.4s2.4p3,4p3,1s2.2s2.2p6.3s2.3p6.3d10.4s2.4p3,4S*<3/2>,4p2 3P<0>,245.0,2.5,theoretical,4,4p3
44,Ru,12,32,Ge,[Ar].3d10.4s2.4p2,4p2,1s2.2s2.2p6.3s2.3p6.3d10.4s2.4p2,3P0,4p 2P*<1/2>,271.0,3,theoretical,4,4p2
44,Ru,13,31,Ga,[Ar].3d10.4s2.4p,4p,1s2.2s2.2p6.3s2.3p6.3d10.4s2.4p1,2P*<1/2>,4s2 1S<0>,295.9,0.09,semi-empirical,4,4p1
44,Ru,14,30,Zn,[Ar].3d10.4s2,4s2,1s2.2s2.2p6.3s2.3p6.3d10.4s2,1S0,4s 2S<1/2>,348.0,3,theoretical,4,4s2
44,Ru,15,29,Cu,[Ar].3d10.4s,4s,1s2.2s2.2p6.3s2.3p6.3d10.4s1,2S<1/2>,3d10 1S<0>,376.25,0.10,experimental,4,4s1
44,Ru,16,28,Ni,[Ar].3d10,3d10,1s2.2s2.2p6.3s2.3p6.3d10,1S0,3d9 2D<5/2>,670.0,3,theoretical,3,3d10
44,Ru,17,27,Co,[Ar].3d9,3d9,1s2.2s2.2p6.3s2.3p6.3d9,2D<5/2>,3d8 3F<4>,723.0,3,theoretical,3,3d9
44,Ru,18,26,Fe,[Ar].3d8,3d8,1s2.2s2.2p6.3s2.3p6.3d8,3F<4>,3d7 4F<9/2>,784.0,3,theoretical,3,3d8
44,Ru,19,25,Mn,[Ar].3d7,3d7,1s2.2s2.2p6.3s2.3p6.3d7,4F<9/2>,3d6 5D<4>,845.0,4,theoretical,3,3d7
44,Ru,20,24,Cr,[Ar].3d6,3d6,1s2.2s2.2p6.3s2.3p6.3d6,5D<4>,3d5 6S<5/2>,905.0,4,theoretical,3,3d6
44,Ru,21,23,V,[Ar].3d5,3d5,1s2.2s2.2p6.3s2.3p6.3d5,6S<5/2>,3d4 5D<0>,981.0,4,theoretical,3,3d5
44,Ru,22,22,Ti,[Ar].3d4,3d4,1s2.2s2.2p6.3s2.3p6.3d4,5D0,3d3 4F<3/2>,1048.0,4,theoretical,3,3d4
44,Ru,23,21,Sc,[Ar].3d3,3d3,1s2.2s2.2p6.3s2.3p6.3d3,4F<3/2>,3d2 3F<2>,1115.0,4,theoretical,3,3d3
44,Ru,24,20,Ca,[Ar].3d2,3d2,1s2.2s2.2p6.3s2.3p6.3d2,3F<2>,3d 2D<3/2>,1187.0,4,theoretical,3,3d2
44,Ru,25,19,K,[Ar].3d,3d,1s2.2s2.2p6.3s2.3p6.3d1,2D<3/2>,3p6 1S<0>,1253.0,4,theoretical,3,3d1
44,Ru,26,18,Ar,[Ne].3s2.3p6,3p6,1s2.2s2.2p6.3s2.3p6,1S0,3p5 2P*<3/2>,1447.0,4,semi-empirical,3,3p6
44,Ru,27,17,Cl,[Ne].3s2.3p5,3p5,1s2.2s2.2p6.3s2.3p5,2P*<3/2>,3p4 3P<2>,1506.7,1.6,semi-empirical,3,3p5
44,Ru,28,16,S,[Ne].3s2.3p4,3p4,1s2.2s2.2p6.3s2.3p4,3P<2>,3p3 4S*<3/2>,1577.0,2.1,semi-empirical,3,3p4
44,Ru,29,15,P,[Ne].3s2.3p3,3p3,1s2.2s2.2p6.3s2.3p3,4S*<3/2>,3p2 3P<0>,1659.0,6,semi-empirical,3,3p3
44,Ru,30,14,Si,[Ne].3s2.3p2,3p2,1s2.2s2.2p6.3s2.3p2,3P0,3p 2P*<1/2>,1743.0,4,semi-empirical,3,3p2
44,Ru,31,13,Al,[Ne].3s2.3p,3p,1s2.2s2.2p6.3s2.3p1,2P*<1/2>,3s2 1S<0>,1794.0,8,semi-empirical,3,3p1
44,Ru,32,12,Mg,[Ne].3s2,3s2,1s2.2s2.2p6.3s2,1S0,3s 2S<1/2>,1949.0,3,semi-empirical,3,3s2
44,Ru,33,11,Na,[Ne].3s,3s,1s2.2s2.2p6.3s1,2S<1/2>,2p6 1S<0>,2013.04,0.06,semi-empirical,3,3s1
44,Ru,34,10,Ne,1s2.2s2.2p6,2p6,1s2.2s2.2p6,1S0,2p5 2P*<3/2>,4758.0,3,semi-empirical,2,2p6
44,Ru,35,9,F,1s2.2s2.2p5,2p5,1s2.2s2.2p5,2P*<3/2>,2p4 3P<2>,4939.0,8,semi-empirical,2,2p5
44,Ru,36,8,O,1s2.2s2.2p4,2p4,1s2.2s2.2p4,3P<2>,"2p2<1/2>.2p<3/2> (0,3/2)*<3/2>",5136.0,11,semi-empirical,2,2p4
44,Ru,37,7,N,1s2.2s2.2p3,2p2<1/2>.2p<3/2>,1s2.2s2.2p3,"(0,3/2)*<3/2>",2p2 3P<0>,5330.0,40,semi-empirical,2,2p3
44,Ru,38,6,C,1s2.2s2.2p2,2p2,1s2.2s2.2p2,3P0,2p 2P*<1/2>,5647.0,6,semi-empirical,2,2p2
44,Ru,39,5,B,1s2.2s2.2p,2p,1s2.2s2.2p1,2P*<1/2>,2s2 1S<0>,5861.0,4,semi-empirical,2,2p1
44,Ru,40,4,Be,1s2.2s2,2s2,1s2.2s2,1S0,2s 2S<1/2>,6137.0,6,semi-empirical,2,2s2
44,Ru,41,3,Li,1s2.2s,1s2.2s,1s2.2s1,2S<1/2>,1s2 1S<0>,6311.721,0.019,theoretical,2,2s1
44,Ru,42,2,He,1s2,1s2,1s2,1S0,1s 2S<1/2>,26229.888,0.011,theoretical,1,1s2
44,Ru,43,1,H,1s,1s,1s1,2S<1/2>,,27033.564,0.005,theoretical,1,1s1
45,Rh,0,45,Rh,[Kr].4d8.5s,4d8.(3F).5s,1s2.2s2.2p6.3s2.3p6.3d10.4s2.4p6.4d8.5s1,4F<9/2>,4d8 3F<4>,7.4589,0.00005,experimental,5,5s1
45,Rh,1,44,Ru,[Kr].4d8,4d8,1s2.2s2.2p6.3s2.3p6.3d10.4s2.4p6.4d8,3F<4>,4d7 4F<9/2>,18.08,,semi-empirical,4,4d8
45,Rh,2,43,Tc,[Kr].4d7,4d7,1s2.2s2.2p6.3s2.3p6.3d10.4s2.4p6.4d7,4F<9/2>,4d6 5D<4>,31.06,,semi-empirical,4,4d7
45,Rh,3,42,Mo,[Kr].4d6,4d6,1s2.2s2.2p6.3s2.3p6.3d10.4s2.4p6.4d6,5D<4>,4d5 6S<5/2>,42.0,1.7,theoretical,4,4d6
45,Rh,4,41,Nb,[Kr].4d5,4d5,1s2.2s2.2p6.3s2.3p6.3d10.4s2.4p6.4d5,6S<5/2>,4d4 5D<0>,63.0,1.9,theoretical,4,4d5
45,Rh,5,40,Zr,[Kr].4d4,4d4,1s2.2s2.2p6.3s2.3p6.3d10.4s2.4p6.4d4,5D0,4d3 4F<3/2>,80.0,2.0,theoretical,4,4d4
45,Rh,6,39,Y,[Kr].4d3,4d3,1s2.2s2.2p6.3s2.3p6.3d10.4s2.4p6.4d3,4F<3/2>,4d2 3F<2>,97.0,2.0,theoretical,4,4d3
45,Rh,7,38,Sr,[Kr].4d2,4d2,1s2.2s2.2p6.3s2.3p6.3d10.4s2.4p6.4d2,3F<2>,4d 2D<3/2>,115.1,2.1,theoretical,4,4d2
45,Rh,8,37,Rb,[Kr].4d,4d,1s2.2s2.2p6.3s2.3p6.3d10.4s2.4p6.4d1,2D<3/2>,4p6 1S<0>,135.0,2.2,theoretical,4,4d1
45,Rh,9,36,Kr,[Ar].3d10.4s2.4p6,4p6,1s2.2s2.2p6.3s2.3p6.3d10.4s2.4p6,1S0,4p5 2P*<3/2>,207.51,0.05,semi-empirical,4,4p6
45,Rh,10,35,Br,[Ar].3d10.4s2.4p5,4p5,1s2.2s2.2p6.3s2.3p6.3d10.4s2.4p5,2P*<3/2>,4p4 3P<2>,228.0,2.4,theoretical,4,4p5
45,Rh,11,34,Se,[Ar].3d10.4s2.4p4,4p4,1s2.2s2.2p6.3s2.3p6.3d10.4s2.4p4,3P<2>,4p3 4S*<3/2>,252.1,2.5,theoretical,4,4p4
45,Rh,12,33,As,[Ar].3d10.4s2.4p3,4p3,1s2.2s2.2p6.3s2.3p6.3d10.4s2.4p3,4S*<3/2>,4p2 3P<0>,277.0,3,theoretical,4,4p3
45,Rh,13,32,Ge,[Ar].3d10.4s2.4p2,4p2,1s2.2s2.2p6.3s2.3p6.3d10.4s2.4p2,3P0,4p 2P*<1/2>,306.0,3,theoretical,4,4p2
45,Rh,14,31,Ga,[Ar].3d10.4s2.4p,4p,1s2.2s2.2p6.3s2.3p6.3d10.4s2.4p1,2P*<1/2>,4s2 1S<0>,331.58,0.14,semi-empirical,4,4p1
45,Rh,15,30,Zn,[Ar].3d10.4s2,4s2,1s2.2s2.2p6.3s2.3p6.3d10.4s2,1S0,4s 2S<1/2>,389.3,0.5,theoretical,4,4s2
45,Rh,16,29,Cu,[Ar].3d10.4s,4s,1s2.2s2.2p6.3s2.3p6.3d10.4s1,2S<1/2>,3d10 1S<0>,415.97,0.14,semi-empirical,4,4s1
45,Rh,17,28,Ni,[Ar].3d10,3d10,1s2.2s2.2p6.3s2.3p6.3d10,1S0,3d9 2D<5/2>,739.0,3,theoretical,3,3d10
45,Rh,18,27,Co,[Ar].3d9,3d9,1s2.2s2.2p6.3s2.3p6.3d9,2D<5/2>,3d8 3F<4>,794.0,3,theoretical,3,3d9
45,Rh,19,26,Fe,[Ar].3d8,3d8,1s2.2s2.2p6.3s2.3p6.3d8,3F<4>,3d7 4F<9/2>,857.0,4,theoretical,3,3d8
45,Rh,20,25,Mn,[Ar].3d7,3d7,1s2.2s2.2p6.3s2.3p6.3d7,4F<9/2>,3d6 5D<4>,921.0,4,theoretical,3,3d7
45,Rh,21,24,Cr,[Ar].3d6,3d6,1s2.2s2.2p6.3s2.3p6.3d6,5D<4>,3d5 6S<5/2>,984.0,4,theoretical,3,3d6
45,Rh,22,23,V,[Ar].3d5,3d5,1s2.2s2.2p6.3s2.3p6.3d5,6S<5/2>,3d4 5D<0>,1061.0,4,theoretical,3,3d5
45,Rh,23,22,Ti,[Ar].3d4,3d4,1s2.2s2.2p6.3s2.3p6.3d4,5D0,3d3 4F<3/2>,1131.0,4,theoretical,3,3d4
45,Rh,24,21,Sc,[Ar].3d3,3d3,1s2.2s2.2p6.3s2.3p6.3d3,4F<3/2>,3d2 3F<2>,1202.0,4,theoretical,3,3d3
45,Rh,25,20,Ca,[Ar].3d2,3d2,1s2.2s2.2p6.3s2.3p6.3d2,3F<2>,3d 2D<3/2>,1274.0,4,theoretical,3,3d2
45,Rh,26,19,K,[Ar].3d,3d,1s2.2s2.2p6.3s2.3p6.3d1,2D<3/2>,3p6 1S<0>,1344.0,4,theoretical,3,3d1
45,Rh,27,18,Ar,[Ne].3s2.3p6,3p6,1s2.2s2.2p6.3s2.3p6,1S0,3p5 2P*<3/2>,1544.0,5,semi-empirical,3,3p6
45,Rh,28,17,Cl,[Ne].3s2.3p5,3p5,1s2.2s2.2p6.3s2.3p5,2P*<3/2>,3p4 3P<2>,1604.9,1.7,semi-empirical,3,3p5
45,Rh,29,16,S,[Ne].3s2.3p4,3p4,1s2.2s2.2p6.3s2.3p4,3P<2>,3p3 4S*<3/2>,1677.6,2.2,semi-empirical,3,3p4
45,Rh,30,15,P,[Ne].3s2.3p3,3p3,1s2.2s2.2p6.3s2.3p3,4S*<3/2>,3p2 3P<0>,1763.0,7,semi-empirical,3,3p3
45,Rh,31,14,Si,[Ne].3s2.3p2,3p2,1s2.2s2.2p6.3s2.3p2,3P0,3p 2P*<1/2>,1851.0,4,semi-empirical,3,3p2
45,Rh,32,13,Al,[Ne].3s2.3p,3p,1s2.2s2.2p6.3s2.3p1,2P*<1/2>,3s2 1S<0>,1903.0,9,semi-empirical,3,3p1
45,Rh,33,12,Mg,[Ne].3s2,3s2,1s2.2s2.2p6.3s2,1S0,3s 2S<1/2>,2063.0,3,semi-empirical,3,3s2
45,Rh,34,11,Na,[Ne].3s,3s,1s2.2s2.2p6.3s1,2S<1/2>,2p6 1S<0>,2129.22,0.07,semi-empirical,3,3s1
45,Rh,35,10,Ne,1s2.2s2.2p6,2p6,1s2.2s2.2p6,1S0,2p5 2P*<3/2>,5018.0,3,semi-empirical,2,2p6
45,Rh,36,9,F,1s2.2s2.2p5,2p5,1s2.2s2.2p5,2P*<3/2>,2p4 3P<2>,5203.0,8,semi-empirical,2,2p5
45,Rh,37,8,O,1s2.2s2.2p4,2p4,1s2.2s2.2p4,3P<2>,"2p2<1/2>.2p<3/2> (0,3/2)*<3/2>",5406.0,11,semi-empirical,2,2p4
45,Rh,38,7,N,1s2.2s2.2p3,2p2<1/2>.2p<3/2>,1s2.2s2.2p3,"(0,3/2)*<3/2>",2p2 3P<0>,5600.0,40,semi-empirical,2,2p3
45,Rh,39,6,C,1s2.2s2.2p2,2p2,1s2.2s2.2p2,3P0,2p 2P*<1/2>,5940.0,7,semi-empirical,2,2p2
45,Rh,40,5,B,1s2.2s2.2p,2p,1s2.2s2.2p1,2P*<1/2>,2s2 1S<0>,6161.0,5,semi-empirical,2,2p1
45,Rh,41,4,Be,1s2.2s2,2s2,1s2.2s2,1S0,2s 2S<1/2>,6444.0,6,semi-empirical,2,2s2
45,Rh,42,3,Li,1s2.2s,1s2.2s,1s2.2s1,2S<1/2>,1s2 1S<0>,6623.262,0.020,theoretical,2,2s1
45,Rh,43,2,He,1s2,1s2,1s2,1S0,1s 2S<1/2>,27486.979,0.012,theoretical,1,1s2
45,Rh,44,1,H,1s,1s,1s1,2S<1/2>,,28312.031,0.006,theoretical,1,1s1
46,Pd,0,46,Pd,[Kr].4d10,4d10,1s2.2s2.2p6.3s2.3p6.3d10.4s2.4p6.4d10,1S0,4d9 2D<5/2>,8.336839,0.000010,experimental,4,4d10
46,Pd,1,45,Rh,[Kr].4d9,4d9,1s2.2s2.2p6.3s2.3p6.3d10.4s2.4p6.4d9,2D<5/2>,4d8 3F<4>,19.43,0.12,semi-empirical,4,4d9
46,Pd,2,44,Ru,[Kr].4d8,4d8,1s2.2s2.2p6.3s2.3p6.3d10.4s2.4p6.4d8,3F<4>,4d7 4F<9/2>,32.93,,semi-empirical,4,4d8
46,Pd,3,43,Tc,[Kr].4d7,4d7,1s2.2s2.2p6.3s2.3p6.3d10.4s2.4p6.4d7,4F<9/2>,4d6 5D<4>,46.0,1.7,theoretical,4,4d7
46,Pd,4,42,Mo,[Kr].4d6,4d6,1s2.2s2.2p6.3s2.3p6.3d10.4s2.4p6.4d6,5D<4>,4d5 6S<5/2>,61.0,1.9,theoretical,4,4d6
46,Pd,5,41,Nb,[Kr].4d5,4d5,1s2.2s2.2p6.3s2.3p6.3d10.4s2.4p6.4d5,6S<5/2>,4d4 5D<0>,84.1,2.0,theoretical,4,4d5
46,Pd,6,40,Zr,[Kr].4d4,4d4,1s2.2s2.2p6.3s2.3p6.3d10.4s2.4p6.4d4,5D0,4d3 4F<3/2>,101.0,2.0,theoretical,4,4d4
46,Pd,7,39,Y,[Kr].4d3,4d3,1s2.2s2.2p6.3s2.3p6.3d10.4s2.4p6.4d3,4F<3/2>,4d2 3F<2>,120.0,2.1,theoretical,4,4d3
46,Pd,8,38,Sr,[Kr].4d2,4d2,1s2.2s2.2p6.3s2.3p6.3d10.4s2.4p6.4d2,3F<2>,4d 2D<3/2>,141.0,2.2,theoretical,4,4d2
46,Pd,9,37,Rb,[Kr].4d,4d,1s2.2s2.2p6.3s2.3p6.3d10.4s2.4p6.4d1,2D<3/2>,4p6 1S<0>,159.9,2.2,theoretical,4,4d1
46,Pd,10,36,Kr,[Ar].3d10.4s2.4p6,4p6,1s2.2s2.2p6.3s2.3p6.3d10.4s2.4p6,1S0,4p5 2P*<3/2>,238.57,0.12,semi-empirical,4,4p6
46,Pd,11,35,Br,[Ar].3d10.4s2.4p5,4p5,1s2.2s2.2p6.3s2.3p6.3d10.4s2.4p5,2P*<3/2>,4p4 3P<2>,260.0,2.5,theoretical,4,4p5
46,Pd,12,34,Se,[Ar].3d10.4s2.4p4,4p4,1s2.2s2.2p6.3s2.3p6.3d10.4s2.4p4,3P<2>,4p3 4S*<3/2>,286.0,3,theoretical,4,4p4
46,Pd,13,33,As,[Ar].3d10.4s2.4p3,4p3,1s2.2s2.2p6.3s2.3p6.3d10.4s2.4p3,4S*<3/2>,4p2 3P<0>,311.0,3,theoretical,4,4p3
46,Pd,14,32,Ge,[Ar].3d10.4s2.4p2,4p2,1s2.2s2.2p6.3s2.3p6.3d10.4s2.4p2,3P0,4p 2P*<1/2>,342.0,3,theoretical,4,4p2
46,Pd,15,31,Ga,[Ar].3d10.4s2.4p,4p,1s2.2s2.2p6.3s2.3p6.3d10.4s2.4p1,2P*<1/2>,4s2 1S<0>,369.1,0.15,semi-empirical,4,4p1
46,Pd,16,30,Zn,[Ar].3d10.4s2,4s2,1s2.2s2.2p6.3s2.3p6.3d10.4s2,1S0,4s 2S<1/2>,427.0,3,theoretical,4,4s2
46,Pd,17,29,Cu,[Ar].3d10.4s,4s,1s2.2s2.2p6.3s2.3p6.3d10.4s1,2S<1/2>,3d10 1S<0>,457.5,0.15,semi-empirical,4,4s1
46,Pd,18,28,Ni,[Ar].3d10,3d10,1s2.2s2.2p6.3s2.3p6.3d10,1S0,3d9 2D<5/2>,810.0,3,theoretical,3,3d10
46,Pd,19,27,Co,[Ar].3d9,3d9,1s2.2s2.2p6.3s2.3p6.3d9,2D<5/2>,3d8 3F<4>,869.0,4,theoretical,3,3d9
46,Pd,20,26,Fe,[Ar].3d8,3d8,1s2.2s2.2p6.3s2.3p6.3d8,3F<4>,3d7 4F<9/2>,933.0,4,theoretical,3,3d8
46,Pd,21,25,Mn,[Ar].3d7,3d7,1s2.2s2.2p6.3s2.3p6.3d7,4F<9/2>,3d6 5D<4>,1000.0,4,theoretical,3,3d7
46,Pd,22,24,Cr,[Ar].3d6,3d6,1s2.2s2.2p6.3s2.3p6.3d6,5D<4>,3d5 6S<5/2>,1065.0,4,theoretical,3,3d6
46,Pd,23,23,V,[Ar].3d5,3d5,1s2.2s2.2p6.3s2.3p6.3d5,6S<5/2>,3d4 5D<0>,1145.0,4,theoretical,3,3d5
46,Pd,24,22,Ti,[Ar].3d4,3d4,1s2.2s2.2p6.3s2.3p6.3d4,5D0,3d3 4F<3/2>,1218.0,4,theoretical,3,3d4
46,Pd,25,21,Sc,[Ar].3d3,3d3,1s2.2s2.2p6.3s2.3p6.3d3,4F<3/2>,3d2 3F<2>,1290.0,4,theoretical,3,3d3
46,Pd,26,20,Ca,[Ar].3d2,3d2,1s2.2s2.2p6.3s2.3p6.3d2,3F<2>,3d 2D<3/2>,1366.0,4,theoretical,3,3d2
46,Pd,27,19,K,[Ar].3d,3d,1s2.2s2.2p6.3s2.3p6.3d1,2D<3/2>,3p6 1S<0>,1438.0,4,theoretical,3,3d1
46,Pd,28,18,Ar,[Ne].3s2.3p6,3p6,1s2.2s2.2p6.3s2.3p6,1S0,3p5 2P*<3/2>,1644.0,5,semi-empirical,3,3p6
46,Pd,29,17,Cl,[Ne].3s2.3p5,3p5,1s2.2s2.2p6.3s2.3p5,2P*<3/2>,3p4 3P<2>,1706.2,1.8,semi-empirical,3,3p5
46,Pd,30,16,S,[Ne].3s2.3p4,3p4,1s2.2s2.2p6.3s2.3p4,3P<2>,3p3 4S*<3/2>,1781.3,2.3,semi-empirical,3,3p4
46,Pd,31,15,P,[Ne].3s2.3p3,3p3,1s2.2s2.2p6.3s2.3p3,4S*<3/2>,3p2 3P<0>,1869.0,7,semi-empirical,3,3p3
46,Pd,32,14,Si,[Ne].3s2.3p2,3p2,1s2.2s2.2p6.3s2.3p2,3P0,3p 2P*<1/2>,1962.0,4,semi-empirical,3,3p2
46,Pd,33,13,Al,[Ne].3s2.3p,3p,1s2.2s2.2p6.3s2.3p1,2P*<1/2>,3s2 1S<0>,2016.0,9,semi-empirical,3,3p1
46,Pd,34,12,Mg,[Ne].3s2,3s2,1s2.2s2.2p6.3s2,1S0,3s 2S<1/2>,2181.0,3,semi-empirical,3,3s2
46,Pd,35,11,Na,[Ne].3s,3s,1s2.2s2.2p6.3s1,2S<1/2>,2p6 1S<0>,2248.87,0.07,semi-empirical,3,3s1
46,Pd,36,10,Ne,1s2.2s2.2p6,2p6,1s2.2s2.2p6,1S0,2p5 2P*<3/2>,5284.0,3,semi-empirical,2,2p6
46,Pd,37,9,F,1s2.2s2.2p5,2p5,1s2.2s2.2p5,2P*<3/2>,2p4 3P<2>,5475.0,9,semi-empirical,2,2p5
46,Pd,38,8,O,1s2.2s2.2p4,2p4,1s2.2s2.2p4,3P<2>,"2p2<1/2>.2p<3/2> (0,3/2)*<3/2>",5683.0,11,semi-empirical,2,2p4
46,Pd,39,7,N,1s2.2s2.2p3,2p2<1/2>.2p<3/2>,1s2.2s2.2p3,"(0,3/2)*<3/2>",2p2 3P<0>,5880.0,40,semi-empirical,2,2p3
46,Pd,40,6,C,1s2.2s2.2p2,2p2,1s2.2s2.2p2,3P0,2p 2P*<1/2>,6242.0,7,semi-empirical,2,2p2
46,Pd,41,5,B,1s2.2s2.2p,2p,1s2.2s2.2p1,2P*<1/2>,2s2 1S<0>,6469.0,5,semi-empirical,2,2p1
46,Pd,42,4,Be,1s2.2s2,2s2,1s2.2s2,1S0,2s 2S<1/2>,6759.0,6,semi-empirical,2,2s2
46,Pd,43,3,Li,1s2.2s,1s2.2s,1s2.2s1,2S<1/2>,1s2 1S<0>,6943.097,0.022,theoretical,2,2s1
46,Pd,44,2,He,1s2,1s2,1s2,1S0,1s 2S<1/2>,28776.032,0.014,theoretical,1,1s2
46,Pd,45,1,H,1s,1s,1s1,2S<1/2>,,29622.678,0.007,theoretical,1,1s1
47,Ag,0,47,Ag,[Kr].4d10.5s,4d10.5s,1s2.2s2.2p6.3s2.3p6.3d10.4s2.4p6.4d10.5s1,2S<1/2>,4d10 1S<0>,7.576234,0.000025,experimental,5,5s1
47,Ag,1,46,Pd,[Kr].4d10,4d10,1s2.2s2.2p6.3s2.3p6.3d10.4s2.4p6.4d10,1S0,4d9 2D<5/2>,21.4844,0.0009,experimental,4,4d10
47,Ag,2,45,Rh,[Kr].4d9,4d9,1s2.2s2.2p6.3s2.3p6.3d10.4s2.4p6.4d9,2D<5/2>,4d8 3F<4>,34.8,0.3,semi-empirical,4,4d9
47,Ag,3,44,Ru,[Kr].4d8,4d8,1s2.2s2.2p6.3s2.3p6.3d10.4s2.4p6.4d8,3F<4>,4d7 4F<9/2>,49.0,1.7,theoretical,4,4d8
47,Ag,4,43,Tc,[Kr].4d7,4d7,1s2.2s2.2p6.3s2.3p6.3d10.4s2.4p6.4d7,4F<9/2>,4d6 5D<4>,65.0,1.9,theoretical,4,4d7
47,Ag,5,42,Mo,[Kr].4d6,4d6,1s2.2s2.2p6.3s2.3p6.3d10.4s2.4p6.4d6,5D<4>,4d5 6S<5/2>,82.0,2.0,theoretical,4,4d6
47,Ag,6,41,Nb,[Kr].4d5,4d5,1s2.2s2.2p6.3s2.3p6.3d10.4s2.4p6.4d5,6S<5/2>,4d4 5D<0>,106.0,2.0,theoretical,4,4d5
47,Ag,7,40,Zr,[Kr].4d4,4d4,1s2.2s2.2p6.3s2.3p6.3d10.4s2.4p6.4d4,5D0,4d3 4F<3/2>,125.0,2.1,theoretical,4,4d4
47,Ag,8,39,Y,[Kr].4d3,4d3,1s2.2s2.2p6.3s2.3p6.3d10.4s2.4p6.4d3,4F<3/2>,4d2 3F<2>,145.1,2.2,theoretical,4,4d3
47,Ag,9,38,Sr,[Kr].4d2,4d2,1s2.2s2.2p6.3s2.3p6.3d10.4s2.4p6.4d2,3F<2>,4d 2D<3/2>,167.0,2.2,theoretical,4,4d2
47,Ag,10,37,Rb,[Kr].4d,4d,1s2.2s2.2p6.3s2.3p6.3d10.4s2.4p6.4d1,2D<3/2>,4p6 1S<0>,188.0,2.4,theoretical,4,4d1
47,Ag,11,36,Kr,[Ar].3d10.4s2.4p6,4p6,1s2.2s2.2p6.3s2.3p6.3d10.4s2.4p6,1S0,4p5 2P*<3/2>,271.46,0.12,semi-empirical,4,4p6
47,Ag,12,35,Br,[Ar].3d10.4s2.4p5,4p5,1s2.2s2.2p6.3s2.3p6.3d10.4s2.4p5,2P*<3/2>,4p4 3P<2>,294.0,3,theoretical,4,4p5
47,Ag,13,34,Se,[Ar].3d10.4s2.4p4,4p4,1s2.2s2.2p6.3s2.3p6.3d10.4s2.4p4,3P<2>,4p3 4S*<3/2>,321.0,3,theoretical,4,4p4
47,Ag,14,33,As,[Ar].3d10.4s2.4p3,4p3,1s2.2s2.2p6.3s2.3p6.3d10.4s2.4p3,4S*<3/2>,4p2 3P<0>,347.0,3,theoretical,4,4p3
47,Ag,15,32,Ge,[Ar].3d10.4s2.4p2,4p2,1s2.2s2.2p6.3s2.3p6.3d10.4s2.4p2,3P0,4p 2P*<1/2>,381.0,3,theoretical,4,4p2
47,Ag,16,31,Ga,[Ar].3d10.4s2.4p,4p,1s2.2s2.2p6.3s2.3p6.3d10.4s2.4p1,2P*<1/2>,4s2 1S<0>,408.43,0.16,semi-empirical,4,4p1
47,Ag,17,30,Zn,[Ar].3d10.4s2,4s2,1s2.2s2.2p6.3s2.3p6.3d10.4s2,1S0,4s 2S<1/2>,469.0,3,theoretical,4,4s2
47,Ag,18,29,Cu,[Ar].3d10.4s,4s,1s2.2s2.2p6.3s2.3p6.3d10.4s1,2S<1/2>,3d10 1S<0>,500.87,0.16,semi-empirical,4,4s1
47,Ag,19,28,Ni,[Ar].3d10,3d10,1s2.2s2.2p6.3s2.3p6.3d10,1S0,3d9 2D<5/2>,885.0,4,theoretical,3,3d10
47,Ag,20,27,Co,[Ar].3d9,3d9,1s2.2s2.2p6.3s2.3p6.3d9,2D<5/2>,3d8 3F<4>,946.0,4,theoretical,3,3d9
47,Ag,21,26,Fe,[Ar].3d8,3d8,1s2.2s2.2p6.3s2.3p6.3d8,3F<4>,3d7 4F<9/2>,1013.0,4,theoretical,3,3d8
47,Ag,22,25,Mn,[Ar].3d7,3d7,1s2.2s2.2p6.3s2.3p6.3d7,4F<9/2>,3d6 5D<4>,1082.0,4,theoretical,3,3d7
47,Ag,23,24,Cr,[Ar].3d6,3d6,1s2.2s2.2p6.3s2.3p6.3d6,5D<4>,3d5 6S<5/2>,1149.0,4,theoretical,3,3d6
47,Ag,24,23,V,[Ar].3d5,3d5,1s2.2s2.2p6.3s2.3p6.3d5,6S<5/2>,3d4 5D<0>,1231.0,4,theoretical,3,3d5
47,Ag,25,22,Ti,[Ar].3d4,3d4,1s2.2s2.2p6.3s2.3p6.3d4,5D0,3d3 4F<3/2>,1308.0,4,theoretical,3,3d4
47,Ag,26,21,Sc,[Ar].3d3,3d3,1s2.2s2.2p6.3s2.3p6.3d3,4F<3/2>,3d2 3F<2>,1382.0,4,theoretical,3,3d3
47,Ag,27,20,Ca,[Ar].3d2,3d2,1s2.2s2.2p6.3s2.3p6.3d2,3F<2>,3d 2D<3/2>,1460.0,4,theoretical,3,3d2
47,Ag,28,19,K,[Ar].3d,3d,1s2.2s2.2p6.3s2.3p6.3d1,2D<3/2>,3p6 1S<0>,1535.0,4,theoretical,3,3d1
47,Ag,29,18,Ar,[Ne].3s2.3p6,3p6,1s2.2s2.2p6.3s2.3p6,1S0,3p5 2P*<3/2>,1747.0,5,semi-empirical,3,3p6
47,Ag,30,17,Cl,[Ne].3s2.3p5,3p5,1s2.2s2.2p6.3s2.3p5,2P*<3/2>,3p4 3P<2>,1810.5,1.9,semi-empirical,3,3p5
47,Ag,31,16,S,[Ne].3s2.3p4,3p4,1s2.2s2.2p6.3s2.3p4,3P<2>,3p3 4S*<3/2>,1888.0,2.4,semi-empirical,3,3p4
47,Ag,32,15,P,[Ne].3s2.3p3,3p3,1s2.2s2.2p6.3s2.3p3,4S*<3/2>,3p2 3P<0>,1979.0,8,semi-empirical,3,3p3
47,Ag,33,14,Si,[Ne].3s2.3p2,3p2,1s2.2s2.2p6.3s2.3p2,3P0,3p 2P*<1/2>,2077.0,4,semi-empirical,3,3p2
47,Ag,34,13,Al,[Ne].3s2.3p,3p,1s2.2s2.2p6.3s2.3p1,2P*<1/2>,3s2 1S<0>,2131.0,10,semi-empirical,3,3p1
47,Ag,35,12,Mg,[Ne].3s2,3s2,1s2.2s2.2p6.3s2,1S0,3s 2S<1/2>,2302.0,3,semi-empirical,3,3s2
47,Ag,36,11,Na,[Ne].3s,3s,1s2.2s2.2p6.3s1,2S<1/2>,2p6 1S<0>,2371.99,0.07,semi-empirical,3,3s1
47,Ag,37,10,Ne,1s2.2s2.2p6,2p6,1s2.2s2.2p6,1S0,2p5 2P*<3/2>,5558.0,3,semi-empirical,2,2p6
47,Ag,38,9,F,1s2.2s2.2p5,2p5,1s2.2s2.2p5,2P*<3/2>,2p4 3P<2>,5753.0,9,semi-empirical,2,2p5
47,Ag,39,8,O,1s2.2s2.2p4,2p4,1s2.2s2.2p4,3P<2>,"2p2<1/2>.2p<3/2> (0,3/2)*<3/2>",5966.0,12,semi-empirical,2,2p4
47,Ag,40,7,N,1s2.2s2.2p3,2p2<1/2>.2p<3/2>,1s2.2s2.2p3,"(0,3/2)*<3/2>",2p2 3P<0>,6170.0,40,semi-empirical,2,2p3
47,Ag,41,6,C,1s2.2s2.2p2,2p2,1s2.2s2.2p2,3P0,2p 2P*<1/2>,6551.0,7,semi-empirical,2,2p2
47,Ag,42,5,B,1s2.2s2.2p,2p,1s2.2s2.2p1,2P*<1/2>,2s2 1S<0>,6785.0,5,semi-empirical,2,2p1
47,Ag,43,4,Be,1s2.2s2,2s2,1s2.2s2,1S0,2s 2S<1/2>,7082.0,7,semi-empirical,2,2s2
47,Ag,44,3,Li,1s2.2s,1s2.2s,1s2.2s1,2S<1/2>,1s2 1S<0>,7271.298,0.024,theoretical,2,2s1
47,Ag,45,2,He,1s2,1s2,1s2,1S0,1s 2S<1/2>,30097.314,0.015,theoretical,1,1s2
47,Ag,46,1,H,1s,1s,1s1,2S<1/2>,,30965.78,0.007,theoretical,1,1s1
48,Cd,0,48,Cd,[Kr].4d10.5s2,4d10.5s2,1s2.2s2.2p6.3s2.3p6.3d10.4s2.4p6.4d10.5s2,1S0,5s 2S<1/2>,8.99382,0.000016,experimental,5,5s2
48,Cd,1,47,Ag,[Kr].4d10.5s,4d10.5s,1s2.2s2.2p6.3s2.3p6.3d10.4s2.4p6.4d10.5s1,2S<1/2>,4d10 1S<0>,16.908313,0.000012,experimental,5,5s1
48,Cd,2,46,Pd,[Kr].4d10,4d10,1s2.2s2.2p6.3s2.3p6.3d10.4s2.4p6.4d10,1S0,4d9 2D<5/2>,37.468,0.006,experimental,4,4d10
48,Cd,3,45,Rh,[Kr].4d9,4d9,1s2.2s2.2p6.3s2.3p6.3d10.4s2.4p6.4d9,2D<5/2>,4d8 3F<4>,51.0,1.7,theoretical,4,4d9
48,Cd,4,44,Ru,[Kr].4d8,4d8,1s2.2s2.2p6.3s2.3p6.3d10.4s2.4p6.4d8,3F<4>,4d7 4F<9/2>,67.9,1.9,theoretical,4,4d8
48,Cd,5,43,Tc,[Kr].4d7,4d7,1s2.2s2.2p6.3s2.3p6.3d10.4s2.4p6.4d7,4F<9/2>,4d6 5D<4>,87.0,2.0,theoretical,4,4d7
48,Cd,6,42,Mo,[Kr].4d6,4d6,1s2.2s2.2p6.3s2.3p6.3d10.4s2.4p6.4d6,5D<4>,4d5 6S<5/2>,105.0,2.0,theoretical,4,4d6
48,Cd,7,41,Nb,[Kr].4d5,4d5,1s2.2s2.2p6.3s2.3p6.3d10.4s2.4p6.4d5,6S<5/2>,4d4 5D<0>,130.1,2.1,theoretical,4,4d5
48,Cd,8,40,Zr,[Kr].4d4,4d4,1s2.2s2.2p6.3s2.3p6.3d10.4s2.4p6.4d4,5D0,4d3 4F<3/2>,150.0,2.2,theoretical,4,4d4
48,Cd,9,39,Y,[Kr].4d3,4d3,1s2.2s2.2p6.3s2.3p6.3d10.4s2.4p6.4d3,4F<3/2>,4d2 3F<2>,173.0,2.2,theoretical,4,4d3
48,Cd,10,38,Sr,[Kr].4d2,4d2,1s2.2s2.2p6.3s2.3p6.3d10.4s2.4p6.4d2,3F<2>,4d 2D<3/2>,195.0,2.4,theoretical,4,4d2
48,Cd,11,37,Rb,[Kr].4d,4d,1s2.2s2.2p6.3s2.3p6.3d10.4s2.4p6.4d1,2D<3/2>,4p6 1S<0>,218.0,2.5,theoretical,4,4d1
48,Cd,12,36,Kr,[Ar].3d10.4s2.4p6,4p6,1s2.2s2.2p6.3s2.3p6.3d10.4s2.4p6,1S0,4p5 2P*<3/2>,305.0,3,theoretical,4,4p6
48,Cd,13,35,Br,[Ar].3d10.4s2.4p5,4p5,1s2.2s2.2p6.3s2.3p6.3d10.4s2.4p5,2P*<3/2>,4p4 3P<2>,329.0,3,theoretical,4,4p5
48,Cd,14,34,Se,[Ar].3d10.4s2.4p4,4p4,1s2.2s2.2p6.3s2.3p6.3d10.4s2.4p4,3P<2>,4p3 4S*<3/2>,358.0,3,theoretical,4,4p4
48,Cd,15,33,As,[Ar].3d10.4s2.4p3,4p3,1s2.2s2.2p6.3s2.3p6.3d10.4s2.4p3,4S*<3/2>,4p2 3P<0>,385.0,3,theoretical,4,4p3
48,Cd,16,32,Ge,[Ar].3d10.4s2.4p2,4p2,1s2.2s2.2p6.3s2.3p6.3d10.4s2.4p2,3P0,4p 2P*<1/2>,421.0,3,theoretical,4,4p2
48,Cd,17,31,Ga,[Ar].3d10.4s2.4p,4p,1s2.2s2.2p6.3s2.3p6.3d10.4s2.4p1,2P*<1/2>,4s2 1S<0>,452.6,0.3,semi-empirical,4,4p1
48,Cd,18,30,Zn,[Ar].3d10.4s2,4s2,1s2.2s2.2p6.3s2.3p6.3d10.4s2,1S0,4s 2S<1/2>,513.0,3,theoretical,4,4s2
48,Cd,19,29,Cu,[Ar].3d10.4s,4s,1s2.2s2.2p6.3s2.3p6.3d10.4s1,2S<1/2>,3d10 1S<0>,546.19,0.17,semi-empirical,4,4s1
48,Cd,20,28,Ni,[Ar].3d10,3d10,1s2.2s2.2p6.3s2.3p6.3d10,1S0,3d9 2D<5/2>,963.0,4,theoretical,3,3d10
48,Cd,21,27,Co,[Ar].3d9,3d9,1s2.2s2.2p6.3s2.3p6.3d9,2D<5/2>,3d8 3F<4>,1026.0,4,theoretical,3,3d9
48,Cd,22,26,Fe,[Ar].3d8,3d8,1s2.2s2.2p6.3s2.3p6.3d8,3F<4>,3d7 4F<9/2>,1095.0,4,theoretical,3,3d8
48,Cd,23,25,Mn,[Ar].3d7,3d7,1s2.2s2.2p6.3s2.3p6.3d7,4F<9/2>,3d6 5D<4>,1167.0,4,theoretical,3,3d7
48,Cd,24,24,Cr,[Ar].3d6,3d6,1s2.2s2.2p6.3s2.3p6.3d6,5D<4>,3d5 6S<5/2>,1237.0,4,theoretical,3,3d6
48,Cd,25,23,V,[Ar].3d5,3d5,1s2.2s2.2p6.3s2.3p6.3d5,6S<5/2>,3d4 5D<0>,1320.0,4,theoretical,3,3d5
48,Cd,26,22,Ti,[Ar].3d4,3d4,1s2.2s2.2p6.3s2.3p6.3d4,5D0,3d3 4F<3/2>,1401.0,4,theoretical,3,3d4
48,Cd,27,21,Sc,[Ar].3d3,3d3,1s2.2s2.2p6.3s2.3p6.3d3,4F<3/2>,3d2 3F<2>,1477.0,4,theoretical,3,3d3
48,Cd,28,20,Ca,[Ar].3d2,3d2,1s2.2s2.2p6.3s2.3p6.3d2,3F<2>,3d 2D<3/2>,1558.0,4,theoretical,3,3d2
48,Cd,29,19,K,[Ar].3d,3d,1s2.2s2.2p6.3s2.3p6.3d1,2D<3/2>,3p6 1S<0>,1635.0,4,theoretical,3,3d1
48,Cd,30,18,Ar,[Ne].3s2.3p6,3p6,1s2.2s2.2p6.3s2.3p6,1S0,3p5 2P*<3/2>,1852.0,5,semi-empirical,3,3p6
48,Cd,31,17,Cl,[Ne].3s2.3p5,3p5,1s2.2s2.2p6.3s2.3p5,2P*<3/2>,3p4 3P<2>,1917.9,2.0,semi-empirical,3,3p5
48,Cd,32,16,S,[Ne].3s2.3p4,3p4,1s2.2s2.2p6.3s2.3p4,3P<2>,3p3 4S*<3/2>,1998.0,3,semi-empirical,3,3p4
48,Cd,33,15,P,[Ne].3s2.3p3,3p3,1s2.2s2.2p6.3s2.3p3,4S*<3/2>,3p2 3P<0>,2091.0,8,semi-empirical,3,3p3
48,Cd,34,14,Si,[Ne].3s2.3p2,3p2,1s2.2s2.2p6.3s2.3p2,3P0,3p 2P*<1/2>,2195.0,4,semi-empirical,3,3p2
48,Cd,35,13,Al,[Ne].3s2.3p,3p,1s2.2s2.2p6.3s2.3p1,2P*<1/2>,3s2 1S<0>,2250.0,10,semi-empirical,3,3p1
48,Cd,36,12,Mg,[Ne].3s2,3s2,1s2.2s2.2p6.3s2,1S0,3s 2S<1/2>,2427.0,3,semi-empirical,3,3s2
48,Cd,37,11,Na,[Ne].3s,3s,1s2.2s2.2p6.3s1,2S<1/2>,2p6 1S<0>,2498.62,0.08,semi-empirical,3,3s1
48,Cd,38,10,Ne,1s2.2s2.2p6,2p6,1s2.2s2.2p6,1S0,2p5 2P*<3/2>,5839.0,3,semi-empirical,2,2p6
48,Cd,39,9,F,1s2.2s2.2p5,2p5,1s2.2s2.2p5,2P*<3/2>,2p4 3P<2>,6039.0,9,semi-empirical,2,2p5
48,Cd,40,8,O,1s2.2s2.2p4,2p4,1s2.2s2.2p4,3P<2>,"2p2<1/2>.2p<3/2> (0,3/2)*<3/2>",6257.0,12,semi-empirical,2,2p4
48,Cd,41,7,N,1s2.2s2.2p3,2p2<1/2>.2p<3/2>,1s2.2s2.2p3,"(0,3/2)*<3/2>",2p2 3P<0>,6460.0,40,semi-empirical,2,2p3
48,Cd,42,6,C,1s2.2s2.2p2,2p2,1s2.2s2.2p2,3P0,2p 2P*<1/2>,6869.0,8,semi-empirical,2,2p2
48,Cd,43,5,B,1s2.2s2.2p,2p,1s2.2s2.2p1,2P*<1/2>,2s2 1S<0>,7109.0,5,semi-empirical,2,2p1
48,Cd,44,4,Be,1s2.2s2,2s2,1s2.2s2,1S0,2s 2S<1/2>,7414.0,7,semi-empirical,2,2s2
48,Cd,45,3,Li,1s2.2s,1s2.2s,1s2.2s1,2S<1/2>,1s2 1S<0>,7607.95,0.03,theoretical,2,2s1
48,Cd,46,2,He,1s2,1s2,1s2,1S0,1s 2S<1/2>,31451.07,0.017,theoretical,1,1s2
48,Cd,47,1,H,1s,1s,1s1,2S<1/2>,,32341.587,0.009,theoretical,1,1s1
49,In,0,49,In,[Cd].5p,5s2.5p,1s2.2s2.2p6.3s2.3p6.3d10.4s2.4p6.4d10.5s2.5p1,2P*<1/2>,5s2 1S<0>,5.7863558,0.0000005,experimental,5,5p1
49,In,1,48,Cd,[Kr].4d10.5s2,5s2,1s2.2s2.2p6.3s2.3p6.3d10.4s2.4p6.4d10.5s2,1S0,5s 2S<1/2>,18.87041,0.00003,experimental,5,5s2
49,In,2,47,Ag,[Kr].4d10.5s,4d10.5s,1s2.2s2.2p6.3s2.3p6.3d10.4s2.4p6.4d10.5s1,2S<1/2>,4d10 1S<0>,28.04415,0.00012,experimental,5,5s1
49,In,3,46,Pd,[Kr].4d10,4d10,1s2.2s2.2p6.3s2.3p6.3d10.4s2.4p6.4d10,1S0,4d9 2D<5/2>,55.45,0.04,experimental,4,4d10
49,In,4,45,Rh,[Kr].4d9,4d9,1s2.2s2.2p6.3s2.3p6.3d10.4s2.4p6.4d9,2D<5/2>,4d8 3F<4>,69.3,1.2,semi-empirical,4,4d9
49,In,5,44,Ru,[Kr].4d8,4d8,1s2.2s2.2p6.3s2.3p6.3d10.4s2.4p6.4d8,3F<4>,4d7 4F<9/2>,90.0,2.0,theoretical,4,4d8
49,In,6,43,Tc,[Kr].4d7,4d7,1s2.2s2.2p6.3s2.3p6.3d10.4s2.4p6.4d7,4F<9/2>,4d6 5D<4>,109.0,2.0,theoretical,4,4d7
49,In,7,42,Mo,[Kr].4d6,4d6,1s2.2s2.2p6.3s2.3p6.3d10.4s2.4p6.4d6,5D<4>,4d5 6S<5/2>,130.1,2.1,theoretical,4,4d6
49,In,8,41,Nb,[Kr].4d5,4d5,1s2.2s2.2p6.3s2.3p6.3d10.4s2.4p6.4d5,6S<5/2>,4d4 5D<0>,156.0,2.2,theoretical,4,4d5
49,In,9,40,Zr,[Kr].4d4,4d4,1s2.2s2.2p6.3s2.3p6.3d10.4s2.4p6.4d4,5D0,4d3 4F<3/2>,178.0,2.2,theoretical,4,4d4
49,In,10,39,Y,[Kr].4d3,4d3,1s2.2s2.2p6.3s2.3p6.3d10.4s2.4p6.4d3,4F<3/2>,4d2 3F<2>,201.0,2.4,theoretical,4,4d3
49,In,11,38,Sr,[Kr].4d2,4d2,1s2.2s2.2p6.3s2.3p6.3d10.4s2.4p6.4d2,3F<2>,4d 2D<3/2>,226.0,2.5,theoretical,4,4d2
49,In,12,37,Rb,[Kr].4d,4d,1s2.2s2.2p6.3s2.3p6.3d10.4s2.4p6.4d1,2D<3/2>,4p6 1S<0>,249.0,3,theoretical,4,4d1
49,In,13,36,Kr,[Ar].3d10.4s2.4p6,4p6,1s2.2s2.2p6.3s2.3p6.3d10.4s2.4p6,1S0,4p5 2P*<3/2>,341.0,3,theoretical,4,4p6
49,In,14,35,Br,[Ar].3d10.4s2.4p5,4p5,1s2.2s2.2p6.3s2.3p6.3d10.4s2.4p5,2P*<3/2>,4p4 3P<2>,368.0,3,theoretical,4,4p5
49,In,15,34,Se,[Ar].3d10.4s2.4p4,4p4,1s2.2s2.2p6.3s2.3p6.3d10.4s2.4p4,3P<2>,4p3 4S*<3/2>,396.0,3,theoretical,4,4p4
49,In,16,33,As,[Ar].3d10.4s2.4p3,4p3,1s2.2s2.2p6.3s2.3p6.3d10.4s2.4p3,4S*<3/2>,4p2 3P<0>,425.0,3,theoretical,4,4p3
49,In,17,32,Ge,[Ar].3d10.4s2.4p2,4p2,1s2.2s2.2p6.3s2.3p6.3d10.4s2.4p2,3P0,4p 2P*<1/2>,462.0,3,theoretical,4,4p2
49,In,18,31,Ga,[Ar].3d10.4s2.4p,4p,1s2.2s2.2p6.3s2.3p6.3d10.4s2.4p1,2P*<1/2>,4s2 1S<0>,497.1,0.3,semi-empirical,4,4p1
49,In,19,30,Zn,[Ar].3d10.4s2,4s2,1s2.2s2.2p6.3s2.3p6.3d10.4s2,1S0,4s 2S<1/2>,560.0,4,theoretical,4,4s2
49,In,20,29,Cu,[Ar].3d10.4s,4s,1s2.2s2.2p6.3s2.3p6.3d10.4s1,2S<1/2>,3d10 1S<0>,593.38,0.20,semi-empirical,4,4s1
49,In,21,28,Ni,[Ar].3d10,3d10,1s2.2s2.2p6.3s2.3p6.3d10,1S0,3d9 2D<5/2>,1043.0,4,theoretical,3,3d10
49,In,22,27,Co,[Ar].3d9,3d9,1s2.2s2.2p6.3s2.3p6.3d9,2D<5/2>,3d8 3F<4>,1109.0,4,theoretical,3,3d9
49,In,23,26,Fe,[Ar].3d8,3d8,1s2.2s2.2p6.3s2.3p6.3d8,3F<4>,3d7 4F<9/2>,1181.0,4,theoretical,3,3d8
49,In,24,25,Mn,[Ar].3d7,3d7,1s2.2s2.2p6.3s2.3p6.3d7,4F<9/2>,3d6 5D<4>,1255.0,4,theoretical,3,3d7
49,In,25,24,Cr,[Ar].3d6,3d6,1s2.2s2.2p6.3s2.3p6.3d6,5D<4>,3d5 6S<5/2>,1328.0,4,theoretical,3,3d6
49,In,26,23,V,[Ar].3d5,3d5,1s2.2s2.2p6.3s2.3p6.3d5,6S<5/2>,3d4 5D<0>,1413.0,4,theoretical,3,3d5
49,In,27,22,Ti,[Ar].3d4,3d4,1s2.2s2.2p6.3s2.3p6.3d4,5D0,3d3 4F<3/2>,1496.0,4,theoretical,3,3d4
49,In,28,21,Sc,[Ar].3d3,3d3,1s2.2s2.2p6.3s2.3p6.3d3,4F<3/2>,3d2 3F<2>,1575.0,4,theoretical,3,3d3
49,In,29,20,Ca,[Ar].3d2,3d2,1s2.2s2.2p6.3s2.3p6.3d2,3F<2>,3d 2D<3/2>,1659.0,4,theoretical,3,3d2
49,In,30,19,K,[Ar].3d,3d,1s2.2s2.2p6.3s2.3p6.3d1,2D<3/2>,3p6 1S<0>,1738.0,4,theoretical,3,3d1
49,In,31,18,Ar,[Ne].3s2.3p6,3p6,1s2.2s2.2p6.3s2.3p6,1S0,3p5 2P*<3/2>,1961.0,5,semi-empirical,3,3p6
49,In,32,17,Cl,[Ne].3s2.3p5,3p5,1s2.2s2.2p6.3s2.3p5,2P*<3/2>,3p4 3P<2>,2028.5,2.1,semi-empirical,3,3p5
49,In,33,16,S,[Ne].3s2.3p4,3p4,1s2.2s2.2p6.3s2.3p4,3P<2>,3p3 4S*<3/2>,2111.0,3,semi-empirical,3,3p4
49,In,34,15,P,[Ne].3s2.3p3,3p3,1s2.2s2.2p6.3s2.3p3,4S*<3/2>,3p2 3P<0>,2207.0,8,semi-empirical,3,3p3
49,In,35,14,Si,[Ne].3s2.3p2,3p2,1s2.2s2.2p6.3s2.3p2,3P0,3p 2P*<1/2>,2317.0,5,semi-empirical,3,3p2
49,In,36,13,Al,[Ne].3s2.3p,3p,1s2.2s2.2p6.3s2.3p1,2P*<1/2>,3s2 1S<0>,2373.0,11,semi-empirical,3,3p1
49,In,37,12,Mg,[Ne].3s2,3s2,1s2.2s2.2p6.3s2,1S0,3s 2S<1/2>,2555.0,3,semi-empirical,3,3s2
49,In,38,11,Na,[Ne].3s,3s,1s2.2s2.2p6.3s1,2S<1/2>,2p6 1S<0>,2628.77,0.08,semi-empirical,3,3s1
49,In,39,10,Ne,1s2.2s2.2p6,2p6,1s2.2s2.2p6,1S0,2p5 2P*<3/2>,6126.0,3,semi-empirical,2,2p6
49,In,40,9,F,1s2.2s2.2p5,2p5,1s2.2s2.2p5,2P*<3/2>,2p4 3P<2>,6331.0,10,semi-empirical,2,2p5
49,In,41,8,O,1s2.2s2.2p4,2p4,1s2.2s2.2p4,3P<2>,"2p2<1/2>.2p<3/2> (0,3/2)*<3/2>",6554.0,13,semi-empirical,2,2p4
49,In,42,7,N,1s2.2s2.2p3,2p2<1/2>.2p<3/2>,1s2.2s2.2p3,"(0,3/2)*<3/2>",2p2 3P<0>,6770.0,50,semi-empirical,2,2p3
49,In,43,6,C,1s2.2s2.2p2,2p2,1s2.2s2.2p2,3P0,2p 2P*<1/2>,7196.0,8,semi-empirical,2,2p2
49,In,44,5,B,1s2.2s2.2p,2p,1s2.2s2.2p1,2P*<1/2>,2s2 1S<0>,7442.0,6,semi-empirical,2,2p1
49,In,45,4,Be,1s2.2s2,2s2,1s2.2s2,1S0,2s 2S<1/2>,7754.0,7,semi-empirical,2,2s2
49,In,46,3,Li,1s2.2s,1s2.2s,1s2.2s1,2S<1/2>,1s2 1S<0>,7953.14,0.03,theoretical,2,2s1
49,In,47,2,He,1s2,1s2,1s2,1S0,1s 2S<1/2>,32837.593,0.019,theoretical,1,1s2
49,In,48,1,H,1s,1s,1s1,2S<1/2>,,33750.404,0.010,theoretical,1,1s1
50,Sn,0,50,Sn,[Cd].5p2,5s2.5p2,1s2.2s2.2p6.3s2.3p6.3d10.4s2.4p6.4d10.5s2.5p2,3P0,5s2.5p 2P*<1/2>,7.343918,0.000012,experimental,5,5p2
50,Sn,1,49,In,[Cd].5p,5s2.5p,1s2.2s2.2p6.3s2.3p6.3d10.4s2.4p6.4d10.5s2.5p1,2P*<1/2>,5s2 1S<0>,14.63307,0.00009,experimental,5,5p1
50,Sn,2,48,Cd,[Kr].4d10.5s2,4d10.5s2,1s2.2s2.2p6.3s2.3p6.3d10.4s2.4p6.4d10.5s2,1S0,5s 2S<1/2>,30.506,0.003,experimental,5,5s2
50,Sn,3,47,Ag,[Kr].4d10.5s,4d10.5s,1s2.2s2.2p6.3s2.3p6.3d10.4s2.4p6.4d10.5s1,2S<1/2>,4d10 1S<0>,40.74,0.04,experimental,5,5s1
50,Sn,4,46,Pd,[Kr].4d10,4d10,1s2.2s2.2p6.3s2.3p6.3d10.4s2.4p6.4d10,1S0,4d9 2D<5/2>,77.03,0.04,experimental,4,4d10
50,Sn,5,45,Rh,[Kr].4d9,4d9,1s2.2s2.2p6.3s2.3p6.3d10.4s2.4p6.4d9,2D<5/2>,4d8 3F<4>,94.0,2.0,theoretical,4,4d9
50,Sn,6,44,Ru,[Kr].4d8,4d8,1s2.2s2.2p6.3s2.3p6.3d10.4s2.4p6.4d8,3F<4>,4d7 4F<9/2>,112.9,2.0,theoretical,4,4d8
50,Sn,7,43,Tc,[Kr].4d7,4d7,1s2.2s2.2p6.3s2.3p6.3d10.4s2.4p6.4d7,4F<9/2>,4d6 5D<4>,135.0,2.1,theoretical,4,4d7
50,Sn,8,42,Mo,[Kr].4d6,4d6,1s2.2s2.2p6.3s2.3p6.3d10.4s2.4p6.4d6,5D<4>,4d5 6S<5/2>,156.0,2.2,theoretical,4,4d6
50,Sn,9,41,Nb,[Kr].4d5,4d5,1s2.2s2.2p6.3s2.3p6.3d10.4s2.4p6.4d5,6S<5/2>,4d4 5D<0>,184.0,2.2,theoretical,4,4d5
50,Sn,10,40,Zr,[Kr].4d4,4d4,1s2.2s2.2p6.3s2.3p6.3d10.4s2.4p6.4d4,5D0,4d3 4F<3/2>,208.0,2.4,theoretical,4,4d4
50,Sn,11,39,Y,[Kr].4d3,4d3,1s2.2s2.2p6.3s2.3p6.3d10.4s2.4p6.4d3,4F<3/2>,4d2 3F<2>,232.0,2.5,theoretical,4,4d3
50,Sn,12,38,Sr,[Kr].4d2,4d2,1s2.2s2.2p6.3s2.3p6.3d10.4s2.4p6.4d2,3F<2>,4d 2D<3/2>,258.0,3,theoretical,4,4d2
50,Sn,13,37,Rb,[Kr].4d,4d,1s2.2s2.2p6.3s2.3p6.3d10.4s2.4p6.4d1,2D<3/2>,4p6 1S<0>,282.0,3,theoretical,4,4d1
50,Sn,14,36,Kr,[Ar].3d10.4s2.4p6,4p6,1s2.2s2.2p6.3s2.3p6.3d10.4s2.4p6,1S0,4p5 2P*<3/2>,379.0,3,theoretical,4,4p6
50,Sn,15,35,Br,[Ar].3d10.4s2.4p5,4p5,1s2.2s2.2p6.3s2.3p6.3d10.4s2.4p5,2P*<3/2>,4p4 3P<2>,407.0,3,theoretical,4,4p5
50,Sn,16,34,Se,[Ar].3d10.4s2.4p4,4p4,1s2.2s2.2p6.3s2.3p6.3d10.4s2.4p4,3P<2>,4p3 4S*<3/2>,437.0,3,theoretical,4,4p4
50,Sn,17,33,As,[Ar].3d10.4s2.4p3,4p3,1s2.2s2.2p6.3s2.3p6.3d10.4s2.4p3,4S*<3/2>,4p2 3P<0>,466.0,3,theoretical,4,4p3
50,Sn,18,32,Ge,[Ar].3d10.4s2.4p2,4p2,1s2.2s2.2p6.3s2.3p6.3d10.4s2.4p2,3P0,4p 2P*<1/2>,506.0,3,theoretical,4,4p2
50,Sn,19,31,Ga,[Ar].3d10.4s2.4p,4p,1s2.2s2.2p6.3s2.3p6.3d10.4s2.4p1,2P*<1/2>,4s2 1S<0>,537.0,4,theoretical,4,4p1
50,Sn,20,30,Zn,[Ar].3d10.4s2,4s2,1s2.2s2.2p6.3s2.3p6.3d10.4s2,1S0,4s 2S<1/2>,608.0,4,theoretical,4,4s2
50,Sn,21,29,Cu,[Ar].3d10.4s,4s,1s2.2s2.2p6.3s2.3p6.3d10.4s1,2S<1/2>,3d10 1S<0>,642.35,0.22,semi-empirical,4,4s1
50,Sn,22,28,Ni,[Ar].3d10,3d10,1s2.2s2.2p6.3s2.3p6.3d10,1S0,3d9 2D<5/2>,1127.0,4,theoretical,3,3d10
50,Sn,23,27,Co,[Ar].3d9,3d9,1s2.2s2.2p6.3s2.3p6.3d9,2D<5/2>,3d8 3F<4>,1195.0,4,theoretical,3,3d9
50,Sn,24,26,Fe,[Ar].3d8,3d8,1s2.2s2.2p6.3s2.3p6.3d8,3F<4>,3d7 4F<9/2>,1269.0,4,theoretical,3,3d8
50,Sn,25,25,Mn,[Ar].3d7,3d7,1s2.2s2.2p6.3s2.3p6.3d7,4F<9/2>,3d6 5D<4>,1347.0,4,theoretical,3,3d7
50,Sn,26,24,Cr,[Ar].3d6,3d6,1s2.2s2.2p6.3s2.3p6.3d6,5D<4>,3d5 6S<5/2>,1421.0,4,theoretical,3,3d6
50,Sn,27,23,V,[Ar].3d5,3d5,1s2.2s2.2p6.3s2.3p6.3d5,6S<5/2>,3d4 5D<0>,1508.0,4,theoretical,3,3d5
50,Sn,28,22,Ti,[Ar].3d4,3d4,1s2.2s2.2p6.3s2.3p6.3d4,5D0,3d3 4F<3/2>,1596.0,4,theoretical,3,3d4
50,Sn,29,21,Sc,[Ar].3d3,3d3,1s2.2s2.2p6.3s2.3p6.3d3,4F<3/2>,3d2 3F<2>,1676.0,4,theoretical,3,3d3
50,Sn,30,20,Ca,[Ar].3d2,3d2,1s2.2s2.2p6.3s2.3p6.3d2,3F<2>,3d 2D<3/2>,1763.0,4,theoretical,3,3d2
50,Sn,31,19,K,[Ar].3d,3d,1s2.2s2.2p6.3s2.3p6.3d1,2D<3/2>,3p6 1S<0>,1844.0,4,theoretical,3,3d1
50,Sn,32,18,Ar,[Ne].3s2.3p6,3p6,1s2.2s2.2p6.3s2.3p6,1S0,3p5 2P*<3/2>,2074.0,6,semi-empirical,3,3p6
50,Sn,33,17,Cl,[Ne].3s2.3p5,3p5,1s2.2s2.2p6.3s2.3p5,2P*<3/2>,3p4 3P<2>,2142.1,2.1,semi-empirical,3,3p5
50,Sn,34,16,S,[Ne].3s2.3p4,3p4,1s2.2s2.2p6.3s2.3p4,3P<2>,3p3 4S*<3/2>,2227.0,3,semi-empirical,3,3p4
50,Sn,35,15,P,[Ne].3s2.3p3,3p3,1s2.2s2.2p6.3s2.3p3,4S*<3/2>,3p2 3P<0>,2326.0,9,semi-empirical,3,3p3
50,Sn,36,14,Si,[Ne].3s2.3p2,3p2,1s2.2s2.2p6.3s2.3p2,3P0,3p 2P*<1/2>,2443.0,5,semi-empirical,3,3p2
50,Sn,37,13,Al,[Ne].3s2.3p,3p,1s2.2s2.2p6.3s2.3p1,2P*<1/2>,3s2 1S<0>,2499.0,11,semi-empirical,3,3p1
50,Sn,38,12,Mg,[Ne].3s2,3s2,1s2.2s2.2p6.3s2,1S0,3s 2S<1/2>,2687.0,4,semi-empirical,3,3s2
50,Sn,39,11,Na,[Ne].3s,3s,1s2.2s2.2p6.3s1,2S<1/2>,2p6 1S<0>,2762.49,0.08,semi-empirical,3,3s1
50,Sn,40,10,Ne,1s2.2s2.2p6,2p6,1s2.2s2.2p6,1S0,2p5 2P*<3/2>,6421.0,3,semi-empirical,2,2p6
50,Sn,41,9,F,1s2.2s2.2p5,2p5,1s2.2s2.2p5,2P*<3/2>,2p4 3P<2>,6631.0,10,semi-empirical,2,2p5
50,Sn,42,8,O,1s2.2s2.2p4,2p4,1s2.2s2.2p4,3P<2>,"2p2<1/2>.2p<3/2> (0,3/2)*<3/2>",6859.0,13,semi-empirical,2,2p4
50,Sn,43,7,N,1s2.2s2.2p3,2p2<1/2>.2p<3/2>,1s2.2s2.2p3,"(0,3/2)*<3/2>",2p2 3P<0>,7080.0,50,semi-empirical,2,2p3
50,Sn,44,6,C,1s2.2s2.2p2,2p2,1s2.2s2.2p2,3P0,2p 2P*<1/2>,7531.0,8,semi-empirical,2,2p2
50,Sn,45,5,B,1s2.2s2.2p,2p,1s2.2s2.2p1,2P*<1/2>,2s2 1S<0>,7790.0,4,theoretical,2,2p1
50,Sn,46,4,Be,1s2.2s2,2s2,1s2.2s2,1S0,2s 2S<1/2>,8103.0,7,semi-empirical,2,2s2
50,Sn,47,3,Li,1s2.2s,1s2.2s,1s2.2s1,2S<1/2>,1s2 1S<0>,8306.95,0.04,theoretical,2,2s1
50,Sn,48,2,He,1s2,1s2,1s2,1S0,1s 2S<1/2>,34257.148,0.022,theoretical,1,1s2
50,Sn,49,1,H,1s,1s,1s1,2S<1/2>,,35192.501,0.011,theoretical,1,1s1
51,Sb,0,51,Sb,[Cd].5p3,5p3,1s2.2s2.2p6.3s2.3p6.3d10.4s2.4p6.4d10.5s2.5p3,4S*<3/2>,5s2.5p2 3P<0>,8.608389,0.000012,experimental,5,5p3
51,Sb,1,50,Sn,[Cd].5p2,5s2.5p2,1s2.2s2.2p6.3s2.3p6.3d10.4s2.4p6.4d10.5s2.5p2,3P0,5s2.5p 2P<1/2>,16.626,0.025,experimental,5,5p2
51,Sb,2,49,In,[Cd].5p,5s2.5p,1s2.2s2.2p6.3s2.3p6.3d10.4s2.4p6.4d10.5s2.5p1,2P*<1/2>,5s2 1S<0>,25.3235,,experimental,5,5p1
51,Sb,3,48,Cd,[Kr].4d10.5s2,5s2,1s2.2s2.2p6.3s2.3p6.3d10.4s2.4p6.4d10.5s2,1S0,5s 2S<1/2>,43.804,0.025,experimental,5,5s2
51,Sb,4,47,Ag,[Kr].4d10.5s,4d10.5s,1s2.2s2.2p6.3s2.3p6.3d10.4s2.4p6.4d10.5s1,2S<1/2>,4d10 1S<0>,55.0,0.10,semi-empirical,5,5s1
51,Sb,5,46,Pd,[Kr].4d10,4d10,1s2.2s2.2p6.3s2.3p6.3d10.4s2.4p6.4d10,1S0,4d9 2D<5/2>,99.51,0.05,experimental,4,4d10
51,Sb,6,45,Rh,[Kr].4d9,4d9,1s2.2s2.2p6.3s2.3p6.3d10.4s2.4p6.4d9,2D<5/2>,4d8 3F<4>,117.0,2.0,theoretical,4,4d9
51,Sb,7,44,Ru,[Kr].4d8,4d8,1s2.2s2.2p6.3s2.3p6.3d10.4s2.4p6.4d8,3F<4>,4d7 4F<9/2>,139.0,2.1,theoretical,4,4d8
51,Sb,8,43,Tc,[Kr].4d7,4d7,1s2.2s2.2p6.3s2.3p6.3d10.4s2.4p6.4d7,4F<9/2>,4d6 5D<4>,162.0,2.2,theoretical,4,4d7
51,Sb,9,42,Mo,[Kr].4d6,4d6,1s2.2s2.2p6.3s2.3p6.3d10.4s2.4p6.4d6,5D<4>,4d5 6S<5/2>,185.0,2.2,theoretical,4,4d6
51,Sb,10,41,Nb,[Kr].4d5,4d5,1s2.2s2.2p6.3s2.3p6.3d10.4s2.4p6.4d5,6S<5/2>,4d4 5D<0>,214.0,2.4,theoretical,4,4d5
51,Sb,11,40,Zr,[Kr].4d4,4d4,1s2.2s2.2p6.3s2.3p6.3d10.4s2.4p6.4d4,5D0,4d3 4F<3/2>,238.0,2.5,theoretical,4,4d4
51,Sb,12,39,Y,[Kr].4d3,4d3,1s2.2s2.2p6.3s2.3p6.3d10.4s2.4p6.4d3,4F<3/2>,4d2 3F<2>,265.0,3,theoretical,4,4d3
51,Sb,13,38,Sr,[Kr].4d2,4d2,1s2.2s2.2p6.3s2.3p6.3d10.4s2.4p6.4d2,3F<2>,4d 2D<3/2>,292.0,3,theoretical,4,4d2
51,Sb,14,37,Rb,[Kr].4d,4d,1s2.2s2.2p6.3s2.3p6.3d10.4s2.4p6.4d1,2D<3/2>,4p6 1S<0>,317.0,3,theoretical,4,4d1
51,Sb,15,36,Kr,[Ar].3d10.4s2.4p6,4p6,1s2.2s2.2p6.3s2.3p6.3d10.4s2.4p6,1S0,4p5 2P*<3/2>,420.0,3,theoretical,4,4p6
51,Sb,16,35,Br,[Ar].3d10.4s2.4p5,4p5,1s2.2s2.2p6.3s2.3p6.3d10.4s2.4p5,2P*<3/2>,4p4 3P<2>,447.0,3,theoretical,4,4p5
51,Sb,17,34,Se,[Ar].3d10.4s2.4p4,4p4,1s2.2s2.2p6.3s2.3p6.3d10.4s2.4p4,3P<2>,4p3 4S*<3/2>,479.0,3,theoretical,4,4p4
51,Sb,18,33,As,[Ar].3d10.4s2.4p3,4p3,1s2.2s2.2p6.3s2.3p6.3d10.4s2.4p3,4S*<3/2>,4p2 3P<0>,510.0,3,theoretical,4,4p3
51,Sb,19,32,Ge,[Ar].3d10.4s2.4p2,4p2,1s2.2s2.2p6.3s2.3p6.3d10.4s2.4p2,3P0,4p 2P*<1/2>,552.0,4,theoretical,4,4p2
51,Sb,20,31,Ga,[Ar].3d10.4s2.4p,4p,1s2.2s2.2p6.3s2.3p6.3d10.4s2.4p1,2P*<1/2>,4s2 1S<0>,584.0,4,theoretical,4,4p1
51,Sb,21,30,Zn,[Ar].3d10.4s2,4s2,1s2.2s2.2p6.3s2.3p6.3d10.4s2,1S0,4s 2S<1/2>,657.0,4,theoretical,4,4s2
51,Sb,22,29,Cu,[Ar].3d10.4s,4s,1s2.2s2.2p6.3s2.3p6.3d10.4s1,2S<1/2>,3d10 1S<0>,693.26,0.24,semi-empirical,4,4s1
51,Sb,23,28,Ni,[Ar].3d10,3d10,1s2.2s2.2p6.3s2.3p6.3d10,1S0,3d9 2D<5/2>,1214.0,4,theoretical,3,3d10
51,Sb,24,27,Co,[Ar].3d9,3d9,1s2.2s2.2p6.3s2.3p6.3d9,2D<5/2>,3d8 3F<4>,1285.0,4,theoretical,3,3d9
51,Sb,25,26,Fe,[Ar].3d8,3d8,1s2.2s2.2p6.3s2.3p6.3d8,3F<4>,3d7 4F<9/2>,1360.0,4,theoretical,3,3d8
51,Sb,26,25,Mn,[Ar].3d7,3d7,1s2.2s2.2p6.3s2.3p6.3d7,4F<9/2>,3d6 5D<4>,1441.0,4,theoretical,3,3d7
51,Sb,27,24,Cr,[Ar].3d6,3d6,1s2.2s2.2p6.3s2.3p6.3d6,5D<4>,3d5 6S<5/2>,1518.0,4,theoretical,3,3d6
51,Sb,28,23,V,[Ar].3d5,3d5,1s2.2s2.2p6.3s2.3p6.3d5,6S<5/2>,3d4 5D<0>,1606.0,4,theoretical,3,3d5
51,Sb,29,22,Ti,[Ar].3d4,3d4,1s2.2s2.2p6.3s2.3p6.3d4,5D0,3d3 4F<3/2>,1698.0,4,theoretical,3,3d4
51,Sb,30,21,Sc,[Ar].3d3,3d3,1s2.2s2.2p6.3s2.3p6.3d3,4F<3/2>,3d2 3F<2>,1781.0,4,theoretical,3,3d3
51,Sb,31,20,Ca,[Ar].3d2,3d2,1s2.2s2.2p6.3s2.3p6.3d2,3F<2>,3d 2D<3/2>,1869.0,4,theoretical,3,3d2
51,Sb,32,19,K,[Ar].3d,3d,1s2.2s2.2p6.3s2.3p6.3d1,2D<3/2>,3p6 1S<0>,1954.0,4,theoretical,3,3d1
51,Sb,33,18,Ar,[Ne].3s2.3p6,3p6,1s2.2s2.2p6.3s2.3p6,1S0,3p5 2P*<3/2>,2190.0,5,theoretical,3,3p6
51,Sb,34,17,Cl,[Ne].3s2.3p5,3p5,1s2.2s2.2p6.3s2.3p5,2P*<3/2>,3p4 3P<2>,2266.0,5,theoretical,3,3p5
51,Sb,35,16,S,[Ne].3s2.3p4,3p4,1s2.2s2.2p6.3s2.3p4,3P<2>,3p3 4S*<3/2>,2349.0,5,theoretical,3,3p4
51,Sb,36,15,P,[Ne].3s2.3p3,3p3,1s2.2s2.2p6.3s2.3p3,4S*<3/2>,3p2 3P<0>,2428.0,5,theoretical,3,3p3
51,Sb,37,14,Si,[Ne].3s2.3p2,3p2,1s2.2s2.2p6.3s2.3p2,3P0,3p 2P*<1/2>,2567.0,4,theoretical,3,3p2
51,Sb,38,13,Al,[Ne].3s2.3p,3p,1s2.2s2.2p6.3s2.3p1,2P*<1/2>,3s2 1S<0>,2654.0,4,theoretical,3,3p1
51,Sb,39,12,Mg,[Ne].3s2,3s2,1s2.2s2.2p6.3s2,1S0,3s 2S<1/2>,2815.0,4,theoretical,3,3s2
51,Sb,40,11,Na,[Ne].3s,3s,1s2.2s2.2p6.3s1,2S<1/2>,2p6 1S<0>,2900.0,0.5,semi-empirical,3,3s1
51,Sb,41,10,Ne,1s2.2s2.2p6,2p6,1s2.2s2.2p6,1S0,2p5 2P*<3/2>,6714.0,4,theoretical,2,2p6
51,Sb,42,9,F,1s2.2s2.2p5,2p5,1s2.2s2.2p5,2P*<3/2>,2p4 3P<2>,6929.0,4,theoretical,2,2p5
51,Sb,43,8,O,1s2.2s2.2p4,2p4,1s2.2s2.2p4,3P<2>,"2p2<1/2>.2p<3/2> (0,3/2)*<3/2>",7167.0,4,theoretical,2,2p4
51,Sb,44,7,N,1s2.2s2.2p3,2p2<1/2>.2p<3/2>,1s2.2s2.2p3,"(0,3/2)*<3/2>",2p2 3P<0>,7390.0,4,theoretical,2,2p3
51,Sb,45,6,C,1s2.2s2.2p2,2p2,1s2.2s2.2p2,3P0,2p 2P*<1/2>,7887.0,4,theoretical,2,2p2
51,Sb,46,5,B,1s2.2s2.2p,2p,1s2.2s2.2p1,2P*<1/2>,2s2 1S<0>,8140.0,4,theoretical,2,2p1
51,Sb,47,4,Be,1s2.2s2,2s2,1s2.2s2,1S0,2s 2S<1/2>,8455.0,4,theoretical,2,2s2
51,Sb,48,3,Li,1s2.2s,1s2.2s,1s2.2s1,2S<1/2>,1s2 1S<0>,8669.48,0.04,theoretical,2,2s1
51,Sb,49,2,He,1s2,1s2,1s2,1S0,1s 2S<1/2>,35710.03,0.025,theoretical,1,1s2
51,Sb,50,1,H,1s,1s,1s1,2S<1/2>,,36668.183,0.012,theoretical,1,1s1
52,Te,0,52,Te,[Cd].5p4,5p4,1s2.2s2.2p6.3s2.3p6.3d10.4s2.4p6.4d10.5s2.5p4,3P<2>,5s2.5p3 4S*<3/2>,9.009808,0.000006,experimental,5,5p4
52,Te,1,51,Sb,[Cd].5p3,5s2.5p3,1s2.2s2.2p6.3s2.3p6.3d10.4s2.4p6.4d10.5s2.5p3,4S*<3/2>,5s2.5p2 3P<0>,18.6,0.4,experimental,5,5p3
52,Te,2,50,Sn,[Cd].5p2,5s2.5p2,1s2.2s2.2p6.3s2.3p6.3d10.4s2.4p6.4d10.5s2.5p2,3P0,5s2.5p 2P<1/2>,27.84,0.04,experimental,5,5p2
52,Te,3,49,In,[Cd].5p,5s2.5p,1s2.2s2.2p6.3s2.3p6.3d10.4s2.4p6.4d10.5s2.5p1,2P*<1/2>,5s2 1S<0>,37.4155,0.0012,experimental,5,5p1
52,Te,4,48,Cd,[Kr].4d10.5s2,5s2,1s2.2s2.2p6.3s2.3p6.3d10.4s2.4p6.4d10.5s2,1S0,5s 2S<1/2>,59.3,0.9,experimental,5,5s2
52,Te,5,47,Ag,[Kr].4d10.5s,4d10.5s,1s2.2s2.2p6.3s2.3p6.3d10.4s2.4p6.4d10.5s1,2S<1/2>,4d10 1S<0>,69.1,2.0,theoretical,5,5s1
52,Te,6,46,Pd,[Kr].4d10,4d10,1s2.2s2.2p6.3s2.3p6.3d10.4s2.4p6.4d10,1S0,4d9 2D<5/2>,124.2,0.06,experimental,4,4d10
52,Te,7,45,Rh,[Kr].4d9,4d9,1s2.2s2.2p6.3s2.3p6.3d10.4s2.4p6.4d9,2D<5/2>,4d8 3F<4>,143.0,2.1,theoretical,4,4d9
52,Te,8,44,Ru,[Kr].4d8,4d8,1s2.2s2.2p6.3s2.3p6.3d10.4s2.4p6.4d8,3F<4>,4d7 4F<9/2>,167.0,2.2,theoretical,4,4d8
52,Te,9,43,Tc,[Kr].4d7,4d7,1s2.2s2.2p6.3s2.3p6.3d10.4s2.4p6.4d7,4F<9/2>,4d6 5D<4>,191.1,2.2,theoretical,4,4d7
52,Te,10,42,Mo,[Kr].4d6,4d6,1s2.2s2.2p6.3s2.3p6.3d10.4s2.4p6.4d6,5D<4>,4d5 6S<5/2>,215.0,2.4,theoretical,4,4d6
52,Te,11,41,Nb,[Kr].4d5,4d5,1s2.2s2.2p6.3s2.3p6.3d10.4s2.4p6.4d5,6S<5/2>,4d4 5D<0>,245.0,2.5,theoretical,4,4d5
52,Te,12,40,Zr,[Kr].4d4,4d4,1s2.2s2.2p6.3s2.3p6.3d10.4s2.4p6.4d4,5D0,4d3 4F<3/2>,272.0,3,theoretical,4,4d4
52,Te,13,39,Y,[Kr].4d3,4d3,1s2.2s2.2p6.3s2.3p6.3d10.4s2.4p6.4d3,4F<3/2>,4d2 3F<2>,299.0,3,theoretical,4,4d3
52,Te,14,38,Sr,[Kr].4d2,4d2,1s2.2s2.2p6.3s2.3p6.3d10.4s2.4p6.4d2,3F<2>,4d 2D<3/2>,328.0,3,theoretical,4,4d2
52,Te,15,37,Rb,[Kr].4d,4d,1s2.2s2.2p6.3s2.3p6.3d10.4s2.4p6.4d1,2D<3/2>,4p6 1S<0>,354.0,3,theoretical,4,4d1
52,Te,16,36,Kr,[Ar].3d10.4s2.4p6,4p6,1s2.2s2.2p6.3s2.3p6.3d10.4s2.4p6,1S0,4p5 2P*<3/2>,461.0,3,theoretical,4,4p6
52,Te,17,35,Br,[Ar].3d10.4s2.4p5,4p5,1s2.2s2.2p6.3s2.3p6.3d10.4s2.4p5,2P*<3/2>,4p4 3P<2>,491.0,3,theoretical,4,4p5
52,Te,18,34,Se,[Ar].3d10.4s2.4p4,4p4,1s2.2s2.2p6.3s2.3p6.3d10.4s2.4p4,3P<2>,4p3 4S*<3/2>,522.0,3,theoretical,4,4p4
52,Te,19,33,As,[Ar].3d10.4s2.4p3,4p3,1s2.2s2.2p6.3s2.3p6.3d10.4s2.4p3,4S*<3/2>,4p2 3P<0>,555.0,4,theoretical,4,4p3
52,Te,20,32,Ge,[Ar].3d10.4s2.4p2,4p2,1s2.2s2.2p6.3s2.3p6.3d10.4s2.4p2,3P0,4p 2P*<1/2>,599.0,4,theoretical,4,4p2
52,Te,21,31,Ga,[Ar].3d10.4s2.4p,4p,1s2.2s2.2p6.3s2.3p6.3d10.4s2.4p1,2P*<1/2>,4s2 1S<0>,633.0,4,theoretical,4,4p1
52,Te,22,30,Zn,[Ar].3d10.4s2,4s2,1s2.2s2.2p6.3s2.3p6.3d10.4s2,1S0,4s 2S<1/2>,709.0,4,theoretical,4,4s2
52,Te,23,29,Cu,[Ar].3d10.4s,4s,1s2.2s2.2p6.3s2.3p6.3d10.4s1,2S<1/2>,3d10 1S<0>,746.12,0.25,semi-empirical,4,4s1
52,Te,24,28,Ni,[Ar].3d10,3d10,1s2.2s2.2p6.3s2.3p6.3d10,1S0,3d9 2D<5/2>,1304.0,4,theoretical,3,3d10
52,Te,25,27,Co,[Ar].3d9,3d9,1s2.2s2.2p6.3s2.3p6.3d9,2D<5/2>,3d8 3F<4>,1377.0,4,theoretical,3,3d9
52,Te,26,26,Fe,[Ar].3d8,3d8,1s2.2s2.2p6.3s2.3p6.3d8,3F<4>,3d7 4F<9/2>,1455.0,4,theoretical,3,3d8
52,Te,27,25,Mn,[Ar].3d7,3d7,1s2.2s2.2p6.3s2.3p6.3d7,4F<9/2>,3d6 5D<4>,1538.0,4,theoretical,3,3d7
52,Te,28,24,Cr,[Ar].3d6,3d6,1s2.2s2.2p6.3s2.3p6.3d6,5D<4>,3d5 6S<5/2>,1618.0,4,theoretical,3,3d6
52,Te,29,23,V,[Ar].3d5,3d5,1s2.2s2.2p6.3s2.3p6.3d5,6S<5/2>,3d4 5D<0>,1707.0,4,theoretical,3,3d5
52,Te,30,22,Ti,[Ar].3d4,3d4,1s2.2s2.2p6.3s2.3p6.3d4,5D0,3d3 4F<3/2>,1803.0,4,theoretical,3,3d4
52,Te,31,21,Sc,[Ar].3d3,3d3,1s2.2s2.2p6.3s2.3p6.3d3,4F<3/2>,3d2 3F<2>,1889.0,4,theoretical,3,3d3
52,Te,32,20,Ca,[Ar].3d2,3d2,1s2.2s2.2p6.3s2.3p6.3d2,3F<2>,3d 2D<3/2>,1979.0,4,theoretical,3,3d2
52,Te,33,19,K,[Ar].3d,3d,1s2.2s2.2p6.3s2.3p6.3d1,2D<3/2>,3p6 1S<0>,2066.0,5,theoretical,3,3d1
52,Te,34,18,Ar,[Ne].3s2.3p6,3p6,1s2.2s2.2p6.3s2.3p6,1S0,3p5 2P*<3/2>,2309.0,5,theoretical,3,3p6
52,Te,35,17,Cl,[Ne].3s2.3p5,3p5,1s2.2s2.2p6.3s2.3p5,2P*<3/2>,3p4 3P<2>,2386.0,5,theoretical,3,3p5
52,Te,36,16,S,[Ne].3s2.3p4,3p4,1s2.2s2.2p6.3s2.3p4,3P<2>,3p3 4S*<3/2>,2472.0,5,theoretical,3,3p4
52,Te,37,15,P,[Ne].3s2.3p3,3p3,1s2.2s2.2p6.3s2.3p3,4S*<3/2>,3p2 3P<0>,2552.0,4,theoretical,3,3p3
52,Te,38,14,Si,[Ne].3s2.3p2,3p2,1s2.2s2.2p6.3s2.3p2,3P0,3p 2P*<1/2>,2700.0,4,theoretical,3,3p2
52,Te,39,13,Al,[Ne].3s2.3p,3p,1s2.2s2.2p6.3s2.3p1,2P*<1/2>,3s2 1S<0>,2788.0,4,theoretical,3,3p1
52,Te,40,12,Mg,[Ne].3s2,3s2,1s2.2s2.2p6.3s2,1S0,3s 2S<1/2>,2954.0,4,theoretical,3,3s2
52,Te,41,11,Na,[Ne].3s,3s,1s2.2s2.2p6.3s1,2S<1/2>,2p6 1S<0>,3041.0,0.5,semi-empirical,3,3s1
52,Te,42,10,Ne,1s2.2s2.2p6,2p6,1s2.2s2.2p6,1S0,2p5 2P*<3/2>,7022.0,4,theoretical,2,2p6
52,Te,43,9,F,1s2.2s2.2p5,2p5,1s2.2s2.2p5,2P*<3/2>,2p4 3P<2>,7243.0,4,theoretical,2,2p5
52,Te,44,8,O,1s2.2s2.2p4,2p4,1s2.2s2.2p4,3P<2>,"2p2<1/2>.2p<3/2> (0,3/2)*<3/2>",7485.0,4,theoretical,2,2p4
52,Te,45,7,N,1s2.2s2.2p3,2p2<1/2>.2p<3/2>,1s2.2s2.2p3,"(0,3/2)*<3/2>",2p2 3P<0>,7714.0,4,theoretical,2,2p3
52,Te,46,6,C,1s2.2s2.2p2,2p2,1s2.2s2.2p2,3P0,2p 2P*<1/2>,8240.0,4,theoretical,2,2p2
52,Te,47,5,B,1s2.2s2.2p,2p,1s2.2s2.2p1,2P*<1/2>,2s2 1S<0>,8499.0,4,theoretical,2,2p1
52,Te,48,4,Be,1s2.2s2,2s2,1s2.2s2,1S0,2s 2S<1/2>,8821.0,4,theoretical,2,2s2
52,Te,49,3,Li,1s2.2s,1s2.2s,1s2.2s1,2S<1/2>,1s2 1S<0>,9040.83,0.04,theoretical,2,2s1
52,Te,50,2,He,1s2,1s2,1s2,1S0,1s 2S<1/2>,37196.52,0.03,theoretical,1,1s2
52,Te,51,1,H,1s,1s,1s1,2S<1/2>,,38177.74,0.015,theoretical,1,1s1
53,I,0,53,I,[Cd].5p5,5s2.5p5,1s2.2s2.2p6.3s2.3p6.3d10.4s2.4p6.4d10.5s2.5p5,2P*<3/2>,5s2.5p4 3P<2>,10.451236,0.000025,experimental,5,5p5
53,I,1,52,Te,[Cd].5p4,5s2.5p4,1s2.2s2.2p6.3s2.3p6.3d10.4s2.4p6.4d10.5s2.5p4,3P<2>,5s2.5p3 4S<3/2>,19.13126,0.00012,experimental,5,5p4
53,I,2,51,Sb,[Cd].5p3,5s2.5p3,1s2.2s2.2p6.3s2.3p6.3d10.4s2.4p6.4d10.5s2.5p3,4S*<3/2>,5s2.5p2 3P<0>,29.57,0.025,experimental,5,5p3
53,I,3,50,Sn,[Cd].5p2,5s2.5p2,1s2.2s2.2p6.3s2.3p6.3d10.4s2.4p6.4d10.5s2.5p2,3P0,5s2.5p 2P<1/2>,40.357,0.025,experimental,5,5p2
53,I,4,49,In,[Cd].5p,5s2.5p,1s2.2s2.2p6.3s2.3p6.3d10.4s2.4p6.4d10.5s2.5p1,2P*<1/2>,5s2 1S<0>,51.52,0.04,experimental,5,5p1
53,I,5,48,Cd,[Kr].4d10.5s2,5s2,1s2.2s2.2p6.3s2.3p6.3d10.4s2.4p6.4d10.5s2,1S0,5s 2S<1/2>,74.4,0.4,semi-empirical,5,5s2
53,I,6,47,Ag,[Kr].4d10.5s,4d10.5s,1s2.2s2.2p6.3s2.3p6.3d10.4s2.4p6.4d10.5s1,2S<1/2>,4d10 1S<0>,87.61,0.06,semi-empirical,5,5s1
53,I,7,46,Pd,[Kr].4d10,4d10,1s2.2s2.2p6.3s2.3p6.3d10.4s2.4p6.4d10,1S0,4d9 2D<5/2>,150.81,0.10,experimental,4,4d10
53,I,8,45,Rh,[Kr].4d9,4d9,1s2.2s2.2p6.3s2.3p6.3d10.4s2.4p6.4d9,2D<5/2>,4d8 3F<4>,171.0,2.2,theoretical,4,4d9
53,I,9,44,Ru,[Kr].4d8,4d8,1s2.2s2.2p6.3s2.3p6.3d10.4s2.4p6.4d8,3F<4>,4d7 4F<9/2>,197.0,2.2,theoretical,4,4d8
53,I,10,43,Tc,[Kr].4d7,4d7,1s2.2s2.2p6.3s2.3p6.3d10.4s2.4p6.4d7,4F<9/2>,4d6 5D<4>,220.9,2.4,theoretical,4,4d7
53,I,11,42,Mo,[Kr].4d6,4d6,1s2.2s2.2p6.3s2.3p6.3d10.4s2.4p6.4d6,5D<4>,4d5 6S<5/2>,247.0,2.5,theoretical,4,4d6
53,I,12,41,Nb,[Kr].4d5,4d5,1s2.2s2.2p6.3s2.3p6.3d10.4s2.4p6.4d5,6S<5/2>,4d4 5D<0>,279.0,3,theoretical,4,4d5
53,I,13,40,Zr,[Kr].4d4,4d4,1s2.2s2.2p6.3s2.3p6.3d10.4s2.4p6.4d4,5D0,4d3 4F<3/2>,307.0,3,theoretical,4,4d4
53,I,14,39,Y,[Kr].4d3,4d3,1s2.2s2.2p6.3s2.3p6.3d10.4s2.4p6.4d3,4F<3/2>,4d2 3F<2>,335.0,3,theoretical,4,4d3
53,I,15,38,Sr,[Kr].4d2,4d2,1s2.2s2.2p6.3s2.3p6.3d10.4s2.4p6.4d2,3F<2>,4d 2D<3/2>,365.0,3,theoretical,4,4d2
53,I,16,37,Rb,[Kr].4d,4d,1s2.2s2.2p6.3s2.3p6.3d10.4s2.4p6.4d1,2D<3/2>,4p6 1S<0>,393.0,3,theoretical,4,4d1
53,I,17,36,Kr,[Ar].3d10.4s2.4p6,4p6,1s2.2s2.2p6.3s2.3p6.3d10.4s2.4p6,1S0,4p5 2P*<3/2>,505.0,3,theoretical,4,4p6
53,I,18,35,Br,[Ar].3d10.4s2.4p5,4p5,1s2.2s2.2p6.3s2.3p6.3d10.4s2.4p5,2P*<3/2>,4p4 3P<2>,535.0,3,theoretical,4,4p5
53,I,19,34,Se,[Ar].3d10.4s2.4p4,4p4,1s2.2s2.2p6.3s2.3p6.3d10.4s2.4p4,3P<2>,4p3 4S*<3/2>,569.0,4,theoretical,4,4p4
53,I,20,33,As,[Ar].3d10.4s2.4p3,4p3,1s2.2s2.2p6.3s2.3p6.3d10.4s2.4p3,4S*<3/2>,4p2 3P<0>,601.0,4,theoretical,4,4p3
53,I,21,32,Ge,[Ar].3d10.4s2.4p2,4p2,1s2.2s2.2p6.3s2.3p6.3d10.4s2.4p2,3P0,4p 2P*<1/2>,649.0,4,theoretical,4,4p2
53,I,22,31,Ga,[Ar].3d10.4s2.4p,4p,1s2.2s2.2p6.3s2.3p6.3d10.4s2.4p1,2P*<1/2>,4s2 1S<0>,683.0,4,theoretical,4,4p1
53,I,23,30,Zn,[Ar].3d10.4s2,4s2,1s2.2s2.2p6.3s2.3p6.3d10.4s2,1S0,4s 2S<1/2>,762.0,4,theoretical,4,4s2
53,I,24,29,Cu,[Ar].3d10.4s,4s,1s2.2s2.2p6.3s2.3p6.3d10.4s1,2S<1/2>,3d10 1S<0>,800.8,0.4,semi-empirical,4,4s1
53,I,25,28,Ni,[Ar].3d10,3d10,1s2.2s2.2p6.3s2.3p6.3d10,1S0,3d9 2D<5/2>,1397.0,4,theoretical,3,3d10
53,I,26,27,Co,[Ar].3d9,3d9,1s2.2s2.2p6.3s2.3p6.3d9,2D<5/2>,3d8 3F<4>,1472.0,4,theoretical,3,3d9
53,I,27,26,Fe,[Ar].3d8,3d8,1s2.2s2.2p6.3s2.3p6.3d8,3F<4>,3d7 4F<9/2>,1553.0,4,theoretical,3,3d8
53,I,28,25,Mn,[Ar].3d7,3d7,1s2.2s2.2p6.3s2.3p6.3d7,4F<9/2>,3d6 5D<4>,1639.0,4,theoretical,3,3d7
53,I,29,24,Cr,[Ar].3d6,3d6,1s2.2s2.2p6.3s2.3p6.3d6,5D<4>,3d5 6S<5/2>,1720.0,4,theoretical,3,3d6
53,I,30,23,V,[Ar].3d5,3d5,1s2.2s2.2p6.3s2.3p6.3d5,6S<5/2>,3d4 5D<0>,1812.0,4,theoretical,3,3d5
53,I,31,22,Ti,[Ar].3d4,3d4,1s2.2s2.2p6.3s2.3p6.3d4,5D0,3d3 4F<3/2>,1911.0,4,theoretical,3,3d4
53,I,32,21,Sc,[Ar].3d3,3d3,1s2.2s2.2p6.3s2.3p6.3d3,4F<3/2>,3d2 3F<2>,1999.0,4,theoretical,3,3d3
53,I,33,20,Ca,[Ar].3d2,3d2,1s2.2s2.2p6.3s2.3p6.3d2,3F<2>,3d 2D<3/2>,2093.0,5,theoretical,3,3d2
53,I,34,19,K,[Ar].3d,3d,1s2.2s2.2p6.3s2.3p6.3d1,2D<3/2>,3p6 1S<0>,2181.0,5,theoretical,3,3d1
53,I,35,18,Ar,[Ne].3s2.3p6,3p6,1s2.2s2.2p6.3s2.3p6,1S0,3p5 2P*<3/2>,2431.0,5,theoretical,3,3p6
53,I,36,17,Cl,[Ne].3s2.3p5,3p5,1s2.2s2.2p6.3s2.3p5,2P*<3/2>,3p4 3P<2>,2510.0,5,theoretical,3,3p5
53,I,37,16,S,[Ne].3s2.3p4,3p4,1s2.2s2.2p6.3s2.3p4,3P<2>,3p3 4S*<3/2>,2598.0,4,theoretical,3,3p4
53,I,38,15,P,[Ne].3s2.3p3,3p3,1s2.2s2.2p6.3s2.3p3,4S*<3/2>,3p2 3P<0>,2680.0,4,theoretical,3,3p3
53,I,39,14,Si,[Ne].3s2.3p2,3p2,1s2.2s2.2p6.3s2.3p2,3P0,3p 2P*<1/2>,2836.0,4,theoretical,3,3p2
53,I,40,13,Al,[Ne].3s2.3p,3p,1s2.2s2.2p6.3s2.3p1,2P*<1/2>,3s2 1S<0>,2926.0,4,theoretical,3,3p1
53,I,41,12,Mg,[Ne].3s2,3s2,1s2.2s2.2p6.3s2,1S0,3s 2S<1/2>,3096.0,4,theoretical,3,3s2
53,I,42,11,Na,[Ne].3s,3s,1s2.2s2.2p6.3s1,2S<1/2>,2p6 1S<0>,3185.5,0.5,semi-empirical,3,3s1
53,I,43,10,Ne,1s2.2s2.2p6,2p6,1s2.2s2.2p6,1S0,2p5 2P*<3/2>,7337.0,4,theoretical,2,2p6
53,I,44,9,F,1s2.2s2.2p5,2p5,1s2.2s2.2p5,2P*<3/2>,2p4 3P<2>,7563.0,4,theoretical,2,2p5
53,I,45,8,O,1s2.2s2.2p4,2p4,1s2.2s2.2p4,3P<2>,"2p2<1/2>.2p<3/2> (0,3/2)*<3/2>",7811.0,4,theoretical,2,2p4
53,I,46,7,N,1s2.2s2.2p3,2p2<1/2>.2p<3/2>,1s2.2s2.2p3,"(0,3/2)*<3/2>",2p2 3P<0>,8044.0,4,theoretical,2,2p3
53,I,47,6,C,1s2.2s2.2p2,2p2,1s2.2s2.2p2,3P0,2p 2P*<1/2>,8601.0,4,theoretical,2,2p2
53,I,48,5,B,1s2.2s2.2p,2p,1s2.2s2.2p1,2P*<1/2>,2s2 1S<0>,8867.0,4,theoretical,2,2p1
53,I,49,4,Be,1s2.2s2,2s2,1s2.2s2,1S0,2s 2S<1/2>,9196.0,4,theoretical,2,2s2
53,I,50,3,Li,1s2.2s,1s2.2s,1s2.2s1,2S<1/2>,1s2 1S<0>,9421.1,0.04,theoretical,2,2s1
53,I,51,2,He,1s2,1s2,1s2,1S0,1s 2S<1/2>,38717.0,0.03,theoretical,1,1s2
53,I,52,1,H,1s,1s,1s1,2S<1/2>,,39721.549,0.017,theoretical,1,1s1
54,Xe,0,54,Xe,[Cd].5p6,5p6,1s2.2s2.2p6.3s2.3p6.3d10.4s2.4p6.4d10.5s2.5p6,1S0,5s2.5p5 2P*<3/2>,12.1298437,0.0000015,experimental,5,5p6
54,Xe,1,53,I,[Cd].5p5,5s2.5p5,1s2.2s2.2p6.3s2.3p6.3d10.4s2.4p6.4d10.5s2.5p5,2P*<3/2>,5s2.5p4 3P<2>,20.975,0.004,semi-empirical,5,5p5
54,Xe,2,52,Te,[Cd].5p4,5s2.5p4,1s2.2s2.2p6.3s2.3p6.3d10.4s2.4p6.4d10.5s2.5p4,3P<2>,5s2.5p3 4S<3/2>,31.05,0.04,semi-empirical,5,5p4
54,Xe,3,51,Sb,[Cd].5p3,5s2.5p3,1s2.2s2.2p6.3s2.3p6.3d10.4s2.4p6.4d10.5s2.5p3,4S*<3/2>,5s2.5p2 3P<0>,42.2,0.20,experimental,5,5p3
54,Xe,4,50,Sn,[Cd].5p2,5s2.5p2,1s2.2s2.2p6.3s2.3p6.3d10.4s2.4p6.4d10.5s2.5p2,3P0,5s2.5p 2P<1/2>,54.1,0.5,semi-empirical,5,5p2
54,Xe,5,49,In,[Cd].5p,5s2.5p,1s2.2s2.2p6.3s2.3p6.3d10.4s2.4p6.4d10.5s2.5p1,2P*<1/2>,5s2 1S<0>,66.703,0.007,experimental,5,5p1
54,Xe,6,48,Cd,[Kr].4d10.5s2,5s2,1s2.2s2.2p6.3s2.3p6.3d10.4s2.4p6.4d10.5s2,1S0,5s 2S<1/2>,91.6,0.5,semi-empirical,5,5s2
54,Xe,7,47,Ag,[Kr].4d10.5s,5s,1s2.2s2.2p6.3s2.3p6.3d10.4s2.4p6.4d10.5s1,2S<1/2>,4d10 1S<0>,105.9778,0.0025,experimental,5,5s1
54,Xe,8,46,Pd,[Kr].4d10,4d10,1s2.2s2.2p6.3s2.3p6.3d10.4s2.4p6.4d10,1S0,4d9 2D<5/2>,179.84,0.12,experimental,4,4d10
54,Xe,9,45,Rh,[Kr].4d9,4d9,1s2.2s2.2p6.3s2.3p6.3d10.4s2.4p6.4d9,2D<5/2>,4d8 3F<4>,202.0,2.2,theoretical,4,4d9
54,Xe,10,44,Ru,[Kr].4d8,4p6.4d8,1s2.2s2.2p6.3s2.3p6.3d10.4s2.4p6.4d8,3F<4>,4d7 4F<9/2>,229.02,0.20,semi-empirical,4,4d8
54,Xe,11,43,Tc,[Kr].4d7,4d7,1s2.2s2.2p6.3s2.3p6.3d10.4s2.4p6.4d7,4F<9/2>,4d6 5D<4>,255.0,2.5,theoretical,4,4d7
54,Xe,12,42,Mo,[Kr].4d6,4d6,1s2.2s2.2p6.3s2.3p6.3d10.4s2.4p6.4d6,5D<4>,4d5 6S<5/2>,281.0,3,theoretical,4,4d6
54,Xe,13,41,Nb,[Kr].4d5,4d5,1s2.2s2.2p6.3s2.3p6.3d10.4s2.4p6.4d5,6S<5/2>,4d4 5D<0>,314.0,3,theoretical,4,4d5
54,Xe,14,40,Zr,[Kr].4d4,4d4,1s2.2s2.2p6.3s2.3p6.3d10.4s2.4p6.4d4,5D0,4d3 4F<3/2>,343.0,3,theoretical,4,4d4
54,Xe,15,39,Y,[Kr].4d3,4d3,1s2.2s2.2p6.3s2.3p6.3d10.4s2.4p6.4d3,4F<3/2>,4d2 3F<2>,374.0,3,theoretical,4,4d3
54,Xe,16,38,Sr,[Kr].4d2,4d2,1s2.2s2.2p6.3s2.3p6.3d10.4s2.4p6.4d2,3F<2>,4d 2D<3/2>,404.0,3,theoretical,4,4d2
54,Xe,17,37,Rb,[Kr].4d,4d,1s2.2s2.2p6.3s2.3p6.3d10.4s2.4p6.4d1,2D<3/2>,4p6 1S<0>,434.0,3,theoretical,4,4d1
54,Xe,18,36,Kr,[Ar].3d10.4s2.4p6,4p6,1s2.2s2.2p6.3s2.3p6.3d10.4s2.4p6,1S0,4p5 2P*<3/2>,549.0,3,theoretical,4,4p6
54,Xe,19,35,Br,[Ar].3d10.4s2.4p5,4p5,1s2.2s2.2p6.3s2.3p6.3d10.4s2.4p5,2P*<3/2>,4p4 3P<2>,582.0,4,theoretical,4,4p5
54,Xe,20,34,Se,[Ar].3d10.4s2.4p4,4p4,1s2.2s2.2p6.3s2.3p6.3d10.4s2.4p4,3P<2>,4p3 4S*<3/2>,616.0,4,theoretical,4,4p4
54,Xe,21,33,As,[Ar].3d10.4s2.4p3,4p3,1s2.2s2.2p6.3s2.3p6.3d10.4s2.4p3,4S*<3/2>,4p2 3P<0>,650.0,4,theoretical,4,4p3
54,Xe,22,32,Ge,[Ar].3d10.4s2.4p2,4p2,1s2.2s2.2p6.3s2.3p6.3d10.4s2.4p2,3P0,4p 2P*<1/2>,700.0,4,theoretical,4,4p2
54,Xe,23,31,Ga,[Ar].3d10.4s2.4p,4p,1s2.2s2.2p6.3s2.3p6.3d10.4s2.4p1,2P*<1/2>,4s2 1S<0>,736.0,4,theoretical,4,4p1
54,Xe,24,30,Zn,[Ar].3d10.4s2,4s2,1s2.2s2.2p6.3s2.3p6.3d10.4s2,1S0,4s 2S<1/2>,818.0,4,theoretical,4,4s2
54,Xe,25,29,Cu,[Ar].3d10.4s,3d10.4s,1s2.2s2.2p6.3s2.3p6.3d10.4s1,2S<1/2>,3d10 1S<0>,857.0,0.4,semi-empirical,4,4s1
54,Xe,26,28,Ni,[Ar].3d10,3p6.3d10,1s2.2s2.2p6.3s2.3p6.3d10,1S0,3d9 2D<5/2>,1493.0,4,theoretical,3,3d10
54,Xe,27,27,Co,[Ar].3d9,3p6.3d9,1s2.2s2.2p6.3s2.3p6.3d9,2D<5/2>,3d8 3F<4>,1571.0,4,theoretical,3,3d9
54,Xe,28,26,Fe,[Ar].3d8,3p6.3d4<3/2>.3d4<5/2>,1s2.2s2.2p6.3s2.3p6.3d8,"(0,4)<4>",3d7 4F<9/2>,1653.0,4,theoretical,3,3d8
54,Xe,29,25,Mn,[Ar].3d7,3d7,1s2.2s2.2p6.3s2.3p6.3d7,4F<9/2>,3d6 5D<4>,1742.0,4,theoretical,3,3d7
54,Xe,30,24,Cr,[Ar].3d6,3d6,1s2.2s2.2p6.3s2.3p6.3d6,5D<4>,3d5 6S<5/2>,1826.0,4,theoretical,3,3d6
54,Xe,31,23,V,[Ar].3d5,3d5,1s2.2s2.2p6.3s2.3p6.3d5,6S<5/2>,3d4 5D<0>,1919.0,4,theoretical,3,3d5
54,Xe,32,22,Ti,[Ar].3d4,3d4,1s2.2s2.2p6.3s2.3p6.3d4,5D0,3d3 4F<3/2>,2023.0,4,theoretical,3,3d4
54,Xe,33,21,Sc,[Ar].3d3,3d3,1s2.2s2.2p6.3s2.3p6.3d3,4F<3/2>,3d2 3F<2>,2113.0,5,theoretical,3,3d3
54,Xe,34,20,Ca,[Ar].3d2,3d2,1s2.2s2.2p6.3s2.3p6.3d2,3F<2>,3d 2D<3/2>,2209.0,5,theoretical,3,3d2
54,Xe,35,19,K,[Ar].3d,3d,1s2.2s2.2p6.3s2.3p6.3d1,2D<3/2>,3p6 1S<0>,2300.0,5,theoretical,3,3d1
54,Xe,36,18,Ar,[Ne].3s2.3p6,3p6,1s2.2s2.2p6.3s2.3p6,1S0,3p5 2P*<3/2>,2556.0,5,theoretical,3,3p6
54,Xe,37,17,Cl,[Ne].3s2.3p5,3p5,1s2.2s2.2p6.3s2.3p5,2P*<3/2>,3p4 3P<2>,2637.0,4,theoretical,3,3p5
54,Xe,38,16,S,[Ne].3s2.3p4,3p4,1s2.2s2.2p6.3s2.3p4,3P<2>,3p3 4S*<3/2>,2726.0,4,theoretical,3,3p4
54,Xe,39,15,P,[Ne].3s2.3p3,3p3,1s2.2s2.2p6.3s2.3p3,4S*<3/2>,3p2 3P<0>,2811.0,4,theoretical,3,3p3
54,Xe,40,14,Si,[Ne].3s2.3p2,3p2,1s2.2s2.2p6.3s2.3p2,3P0,3p 2P*<1/2>,2975.0,4,theoretical,3,3p2
54,Xe,41,13,Al,[Ne].3s2.3p,3p,1s2.2s2.2p6.3s2.3p1,2P*<1/2>,3s2 1S<0>,3068.0,4,theoretical,3,3p1
54,Xe,42,12,Mg,[Ne].3s2,3s2,1s2.2s2.2p6.3s2,1S0,3s 2S<1/2>,3243.0,4,theoretical,3,3s2
54,Xe,43,11,Na,[Ne].3s,3s,1s2.2s2.2p6.3s1,2S<1/2>,2p6 1S<0>,3333.8,0.5,semi-empirical,3,3s1
54,Xe,44,10,Ne,1s2.2s2.2p6,2p6,1s2.2s2.2p6,1S0,2p5 2P*<3/2>,7660.0,4,theoretical,2,2p6
54,Xe,45,9,F,1s2.2s2.2p5,2p5,1s2.2s2.2p5,2P*<3/2>,2p4 3P<2>,7889.0,4,theoretical,2,2p5
54,Xe,46,8,O,1s2.2s2.2p4,2p4,1s2.2s2.2p4,3P<2>,"2p2<1/2>.2p<3/2> (0,3/2)*<3/2>",8144.0,4,theoretical,2,2p4
54,Xe,47,7,N,1s2.2s2.2p3,2p2<1/2>.2p<3/2>,1s2.2s2.2p3,"(0,3/2)*<3/2>",2p2 3P<0>,8382.0,4,theoretical,2,2p3
54,Xe,48,6,C,1s2.2s2.2p2,2p2,1s2.2s2.2p2,3P0,2p 2P*<1/2>,8971.0,4,theoretical,2,2p2
54,Xe,49,5,B,1s2.2s2.2p,2p,1s2.2s2.2p1,2P*<1/2>,2s2 1S<0>,9243.0,4,theoretical,2,2p1
54,Xe,50,4,Be,1s2.2s2,2s2,1s2.2s2,1S0,2s 2S<1/2>,9581.0,4,theoretical,2,2s2
54,Xe,51,3,Li,1s2.2s,1s2.2s,1s2.2s1,2S<1/2>,1s2 1S<0>,9810.37,0.04,theoretical,2,2s1
54,Xe,52,2,He,1s2,1s2,1s2,1S0,1s 2S<1/2>,40271.73,0.03,theoretical,1,1s2
54,Xe,53,1,H,1s,1s,1s1,2S<1/2>,,41299.892,0.019,theoretical,1,1s1
55,Cs,0,55,Cs,[Xe].6s,5p6.6s,1s2.2s2.2p6.3s2.3p6.3d10.4s2.4p6.4d10.5s2.5p6.6s1,2S<1/2>,5s2.5p6 1S<0>,3.89390572743,0.00000000017,experimental,6,6s1
55,Cs,1,54,Xe,[Cd].5p6,5p6,1s2.2s2.2p6.3s2.3p6.3d10.4s2.4p6.4d10.5s2.5p6,1S0,5s2.5p5 2P*<3/2>,23.15745,0.00006,experimental,5,5p6
55,Cs,2,53,I,[Cd].5p5,5s2.5p5,1s2.2s2.2p6.3s2.3p6.3d10.4s2.4p6.4d10.5s2.5p5,2P*<3/2>,5s2.5p4 3P<2>,33.195,0.004,semi-empirical,5,5p5
55,Cs,3,52,Te,[Cd].5p4,5s2.5p4,1s2.2s2.2p6.3s2.3p6.3d10.4s2.4p6.4d10.5s2.5p4,3P<2>,5s2.5p3 4S*<3/2>,43.0,1.7,theoretical,5,5p4
55,Cs,4,51,Sb,[Cd].5p3,5s2.5p3,1s2.2s2.2p6.3s2.3p6.3d10.4s2.4p6.4d10.5s2.5p3,4S*<3/2>,5s2.5p2 3P<0>,56.0,1.9,theoretical,5,5p3
55,Cs,5,50,Sn,[Cd].5p2,5s2.5p2,1s2.2s2.2p6.3s2.3p6.3d10.4s2.4p6.4d10.5s2.5p2,3P0,5s2.5p 2P*<1/2>,69.1,2.0,theoretical,5,5p2
55,Cs,6,49,In,[Cd].5p,5s2.5p,1s2.2s2.2p6.3s2.3p6.3d10.4s2.4p6.4d10.5s2.5p1,2P*<1/2>,5s2 1S<0>,82.9,2.0,theoretical,5,5p1
55,Cs,7,48,Cd,[Kr].4d10.5s2,5s2,1s2.2s2.2p6.3s2.3p6.3d10.4s2.4p6.4d10.5s2,1S0,5s 2S<1/2>,110.1,0.6,semi-empirical,5,5s2
55,Cs,8,47,Ag,[Kr].4d10.5s,4d10.5s,1s2.2s2.2p6.3s2.3p6.3d10.4s2.4p6.4d10.5s1,2S<1/2>,4d10 1S<0>,125.61,0.09,semi-empirical,5,5s1
55,Cs,9,46,Pd,[Kr].4d10,4d10,1s2.2s2.2p6.3s2.3p6.3d10.4s2.4p6.4d10,1S0,4d9 2D<5/2>,213.3,2.5,experimental,4,4d10
55,Cs,10,45,Rh,[Kr].4d9,4d9,1s2.2s2.2p6.3s2.3p6.3d10.4s2.4p6.4d9,2D<5/2>,4d8 3F<4>,233.0,2.4,theoretical,4,4d9
55,Cs,11,44,Ru,[Kr].4d8,4d8,1s2.2s2.2p6.3s2.3p6.3d10.4s2.4p6.4d8,3F<4>,4d7 4F<9/2>,261.0,2.5,theoretical,4,4d8
55,Cs,12,43,Tc,[Kr].4d7,4d7,1s2.2s2.2p6.3s2.3p6.3d10.4s2.4p6.4d7,4F<9/2>,4d6 5D<4>,289.0,3,theoretical,4,4d7
55,Cs,13,42,Mo,[Kr].4d6,4d6,1s2.2s2.2p6.3s2.3p6.3d10.4s2.4p6.4d6,5D<4>,4d5 6S<5/2>,316.0,3,theoretical,4,4d6
55,Cs,14,41,Nb,[Kr].4d5,4d5,1s2.2s2.2p6.3s2.3p6.3d10.4s2.4p6.4d5,6S<5/2>,4d4 5D<0>,352.0,3,theoretical,4,4d5
55,Cs,15,40,Zr,[Kr].4d4,4d4,1s2.2s2.2p6.3s2.3p6.3d10.4s2.4p6.4d4,5D0,4d3 4F<3/2>,382.0,3,theoretical,4,4d4
55,Cs,16,39,Y,[Kr].4d3,4d3,1s2.2s2.2p6.3s2.3p6.3d10.4s2.4p6.4d3,4F<3/2>,4d2 3F<2>,413.0,3,theoretical,4,4d3
55,Cs,17,38,Sr,[Kr].4d2,4d2,1s2.2s2.2p6.3s2.3p6.3d10.4s2.4p6.4d2,3F<2>,4d 2D<3/2>,445.0,3,theoretical,4,4d2
55,Cs,18,37,Rb,[Kr].4d,4p6.4d,1s2.2s2.2p6.3s2.3p6.3d10.4s2.4p6.4d1,2D<3/2>,4p6 1S<0>,476.0,3,theoretical,4,4d1
55,Cs,19,36,Kr,[Ar].3d10.4s2.4p6,4p6,1s2.2s2.2p6.3s2.3p6.3d10.4s2.4p6,1S0,4p5 2P*<3/2>,597.0,4,theoretical,4,4p6
55,Cs,20,35,Br,[Ar].3d10.4s2.4p5,4p5,1s2.2s2.2p6.3s2.3p6.3d10.4s2.4p5,2P*<3/2>,4p4 3P<2>,629.0,4,theoretical,4,4p5
55,Cs,21,34,Se,[Ar].3d10.4s2.4p4,4p4,1s2.2s2.2p6.3s2.3p6.3d10.4s2.4p4,3P<2>,4p3 4S*<3/2>,666.0,4,theoretical,4,4p4
55,Cs,22,33,As,[Ar].3d10.4s2.4p3,4p3,1s2.2s2.2p6.3s2.3p6.3d10.4s2.4p3,4S*<3/2>,4p2 3P<0>,700.0,4,theoretical,4,4p3
55,Cs,23,32,Ge,[Ar].3d10.4s2.4p2,4p2,1s2.2s2.2p6.3s2.3p6.3d10.4s2.4p2,3P0,4p 2P*<1/2>,753.0,4,theoretical,4,4p2
55,Cs,24,31,Ga,[Ar].3d10.4s2.4p,4p,1s2.2s2.2p6.3s2.3p6.3d10.4s2.4p1,2P*<1/2>,4s2 1S<0>,791.0,4,theoretical,4,4p1
55,Cs,25,30,Zn,[Ar].3d10.4s2,4s2,1s2.2s2.2p6.3s2.3p6.3d10.4s2,1S0,4s 2S<1/2>,875.0,4,theoretical,4,4s2
55,Cs,26,29,Cu,[Ar].3d10.4s,4s,1s2.2s2.2p6.3s2.3p6.3d10.4s1,2S<1/2>,3d10 1S<0>,916.1,0.5,semi-empirical,4,4s1
55,Cs,27,28,Ni,[Ar].3d10,3p6.3d10,1s2.2s2.2p6.3s2.3p6.3d10,1S0,3d9 2D<5/2>,1592.0,4,theoretical,3,3d10
55,Cs,28,27,Co,[Ar].3d9,3p6.3d9,1s2.2s2.2p6.3s2.3p6.3d9,2D<5/2>,3d8 3F<4>,1672.0,4,theoretical,3,3d9
55,Cs,29,26,Fe,[Ar].3d8,3p6.3d4<3/2>.3d4<5/2>,1s2.2s2.2p6.3s2.3p6.3d8,"(0,4)<4>",3d7 4F<9/2>,1757.0,4,theoretical,3,3d8
55,Cs,30,25,Mn,[Ar].3d7,3d7,1s2.2s2.2p6.3s2.3p6.3d7,4F<9/2>,3d6 5D<4>,1848.0,4,theoretical,3,3d7
55,Cs,31,24,Cr,[Ar].3d6,3d6,1s2.2s2.2p6.3s2.3p6.3d6,5D<4>,3d5 6S<5/2>,1936.0,4,theoretical,3,3d6
55,Cs,32,23,V,[Ar].3d5,3d5,1s2.2s2.2p6.3s2.3p6.3d5,6S<5/2>,3d4 5D<0>,2029.0,4,theoretical,3,3d5
55,Cs,33,22,Ti,[Ar].3d4,3d4,1s2.2s2.2p6.3s2.3p6.3d4,5D0,3d3 4F<3/2>,2137.0,5,theoretical,3,3d4
55,Cs,34,21,Sc,[Ar].3d3,3d3,1s2.2s2.2p6.3s2.3p6.3d3,4F<3/2>,3d2 3F<2>,2230.0,5,theoretical,3,3d3
55,Cs,35,20,Ca,[Ar].3d2,3d2,1s2.2s2.2p6.3s2.3p6.3d2,3F<2>,3d 2D<3/2>,2329.0,5,theoretical,3,3d2
55,Cs,36,19,K,[Ar].3d,3d,1s2.2s2.2p6.3s2.3p6.3d1,2D<3/2>,3p6 1S<0>,2422.0,5,theoretical,3,3d1
55,Cs,37,18,Ar,[Ne].3s2.3p6,3p6,1s2.2s2.2p6.3s2.3p6,1S0,3p5 2P*<3/2>,2683.0,4,theoretical,3,3p6
55,Cs,38,17,Cl,[Ne].3s2.3p5,3s2.3p5,1s2.2s2.2p6.3s2.3p5,2P*<3/2>,3p4 3P<2>,2767.0,4,theoretical,3,3p5
55,Cs,39,16,S,[Ne].3s2.3p4,3s2.3p4,1s2.2s2.2p6.3s2.3p4,3P<2>,3p3 4S*<3/2>,2859.0,4,theoretical,3,3p4
55,Cs,40,15,P,[Ne].3s2.3p3,3s2.3p3,1s2.2s2.2p6.3s2.3p3,4S*<3/2>,3p2 3P<0>,2945.0,4,theoretical,3,3p3
55,Cs,41,14,Si,[Ne].3s2.3p2,3s2.3p2,1s2.2s2.2p6.3s2.3p2,3P0,3p 2P*<1/2>,3118.0,4,theoretical,3,3p2
55,Cs,42,13,Al,[Ne].3s2.3p,3s2.3p,1s2.2s2.2p6.3s2.3p1,2P*<1/2>,3s2 1S<0>,3214.0,4,theoretical,3,3p1
55,Cs,43,12,Mg,[Ne].3s2,3s2,1s2.2s2.2p6.3s2,1S0,3s 2S<1/2>,3392.0,4,theoretical,3,3s2
55,Cs,44,11,Na,[Ne].3s,3s,1s2.2s2.2p6.3s1,2S<1/2>,2p6 1S<0>,3485.0,4,theoretical,3,3s1
55,Cs,45,10,Ne,1s2.2s2.2p6,2s2.2p6,1s2.2s2.2p6,1S0,2p5 2P*<3/2>,7989.0,4,theoretical,2,2p6
55,Cs,46,9,F,1s2.2s2.2p5,2s2.2p5,1s2.2s2.2p5,2P*<3/2>,2p4 3P<2>,8224.0,4,theoretical,2,2p5
55,Cs,47,8,O,1s2.2s2.2p4,2s2.(2p2<1/2>.2p2<3/2>),1s2.2s2.2p4,"(0,2)<2>","2p2<1/2>.2p<3/2> (0,3/2)*<3/2>",8484.0,4,theoretical,2,2p4
55,Cs,48,7,N,1s2.2s2.2p3,2s2.2p2<1/2>.2p<3/2>,1s2.2s2.2p3,"(0,3/2)*<3/2>",2p2 3P<0>,8726.0,4,theoretical,2,2p3
55,Cs,49,6,C,1s2.2s2.2p2,2p2,1s2.2s2.2p2,3P0,2p 2P*<1/2>,9350.0,4,theoretical,2,2p2
55,Cs,50,5,B,1s2.2s2.2p,2s2.2p,1s2.2s2.2p1,2P*<1/2>,2s2 1S<0>,9629.0,4,theoretical,2,2p1
55,Cs,51,4,Be,1s2.2s2,2s2,1s2.2s2,1S0,2s 2S<1/2>,9974.0,4,theoretical,2,2s2
55,Cs,52,3,Li,1s2.2s,1s2.2s,1s2.2s1,2S<1/2>,1s2 1S<0>,10208.78,0.05,theoretical,2,2s1
55,Cs,53,2,He,1s2,1s2,1s2,1S0,1s 2S<1/2>,41861.08,0.04,theoretical,1,1s2
55,Cs,54,1,H,1s,1s,1s1,2S<1/2>,,42913.144,0.020,theoretical,1,1s1
56,Ba,0,56,Ba,[Xe].6s2,6s2,1s2.2s2.2p6.3s2.3p6.3d10.4s2.4p6.4d10.5s2.5p6.6s2,1S0,5s2.5p6.6s 2S<1/2>,5.2116646,0.0000012,experimental,6,6s2
56,Ba,1,55,Cs,[Xe].6s,6s,1s2.2s2.2p6.3s2.3p6.3d10.4s2.4p6.4d10.5s2.5p6.6s1,2S<1/2>,5s2.5p6 1S<0>,10.003826,0.000012,experimental,6,6s1
56,Ba,2,54,Xe,[Cd].5p6,5p6,1s2.2s2.2p6.3s2.3p6.3d10.4s2.4p6.4d10.5s2.5p6,1S0,5s2.5p5 2P*<3/2>,35.8438,0.0025,experimental,5,5p6
56,Ba,3,53,I,[Cd].5p5,5s2.5p5,1s2.2s2.2p6.3s2.3p6.3d10.4s2.4p6.4d10.5s2.5p5,2P*<3/2>,5s2.5p4 3P<2>,47.0,0.3,semi-empirical,5,5p5
56,Ba,4,52,Te,[Cd].5p4,5s2.5p4,1s2.2s2.2p6.3s2.3p6.3d10.4s2.4p6.4d10.5s2.5p4,3P<2>,5s2.5p3 4S*<3/2>,58.0,1.9,theoretical,5,5p4
56,Ba,5,51,Sb,[Cd].5p3,5s2.5p3,1s2.2s2.2p6.3s2.3p6.3d10.4s2.4p6.4d10.5s2.5p3,4S*<3/2>,5s2.5p2 3P<0>,71.0,2.0,theoretical,5,5p3
56,Ba,6,50,Sn,[Cd].5p2,5s2.5p2,1s2.2s2.2p6.3s2.3p6.3d10.4s2.4p6.4d10.5s2.5p2,3P0,5s2.5p 2P*<1/2>,86.0,2.0,theoretical,5,5p2
56,Ba,7,49,In,[Cd].5p,5s2.5p,1s2.2s2.2p6.3s2.3p6.3d10.4s2.4p6.4d10.5s2.5p1,2P*<1/2>,5s2 1S<0>,101.0,2.1,theoretical,5,5p1
56,Ba,8,48,Cd,[Kr].4d10.5s2,5s2,1s2.2s2.2p6.3s2.3p6.3d10.4s2.4p6.4d10.5s2,1S0,5s 2S<1/2>,130.5,0.6,semi-empirical,5,5s2
56,Ba,9,47,Ag,[Kr].4d10.5s,5s,1s2.2s2.2p6.3s2.3p6.3d10.4s2.4p6.4d10.5s1,2S<1/2>,4d10 1S<0>,146.52,0.12,semi-empirical,5,5s1
56,Ba,10,46,Pd,[Kr].4d10,4d10,1s2.2s2.2p6.3s2.3p6.3d10.4s2.4p6.4d10,1S0,4d9 2D<5/2>,241.0,2.4,theoretical,4,4d10
56,Ba,11,45,Rh,[Kr].4d9,4d9,1s2.2s2.2p6.3s2.3p6.3d10.4s2.4p6.4d9,2D<5/2>,4d8 3F<4>,267.1,2.5,theoretical,4,4d9
56,Ba,12,44,Ru,[Kr].4d8,4d8,1s2.2s2.2p6.3s2.3p6.3d10.4s2.4p6.4d8,3F<4>,4d7 4F<9/2>,296.0,3,theoretical,4,4d8
56,Ba,13,43,Tc,[Kr].4d7,4d7,1s2.2s2.2p6.3s2.3p6.3d10.4s2.4p6.4d7,4F<9/2>,4d6 5D<4>,325.0,3,theoretical,4,4d7
56,Ba,14,42,Mo,[Kr].4d6,4d6,1s2.2s2.2p6.3s2.3p6.3d10.4s2.4p6.4d6,5D<4>,4d5 6S<5/2>,354.0,3,theoretical,4,4d6
56,Ba,15,41,Nb,[Kr].4d5,4d5,1s2.2s2.2p6.3s2.3p6.3d10.4s2.4p6.4d5,6S<5/2>,4d4 5D<0>,390.0,3,theoretical,4,4d5
56,Ba,16,40,Zr,[Kr].4d4,4d4,1s2.2s2.2p6.3s2.3p6.3d10.4s2.4p6.4d4,5D0,4d3 4F<3/2>,422.0,3,theoretical,4,4d4
56,Ba,17,39,Y,[Kr].4d3,4d3,1s2.2s2.2p6.3s2.3p6.3d10.4s2.4p6.4d3,4F<3/2>,4d2 3F<2>,455.0,3,theoretical,4,4d3
56,Ba,18,38,Sr,[Kr].4d2,4d2,1s2.2s2.2p6.3s2.3p6.3d10.4s2.4p6.4d2,3F<2>,4d 2D<3/2>,488.0,3,theoretical,4,4d2
56,Ba,19,37,Rb,[Kr].4d,4p6.4d,1s2.2s2.2p6.3s2.3p6.3d10.4s2.4p6.4d1,2D<3/2>,4p6 1S<0>,520.0,4,theoretical,4,4d1
56,Ba,20,36,Kr,[Ar].3d10.4s2.4p6,4p6,1s2.2s2.2p6.3s2.3p6.3d10.4s2.4p6,1S0,4p5 2P*<3/2>,646.0,4,theoretical,4,4p6
56,Ba,21,35,Br,[Ar].3d10.4s2.4p5,4p5,1s2.2s2.2p6.3s2.3p6.3d10.4s2.4p5,2P*<3/2>,4p4 3P<2>,679.0,4,theoretical,4,4p5
56,Ba,22,34,Se,[Ar].3d10.4s2.4p4,4p4,1s2.2s2.2p6.3s2.3p6.3d10.4s2.4p4,3P<2>,4p3 4S*<3/2>,717.0,4,theoretical,4,4p4
56,Ba,23,33,As,[Ar].3d10.4s2.4p3,4p3,1s2.2s2.2p6.3s2.3p6.3d10.4s2.4p3,4S*<3/2>,4p2 3P<0>,752.0,4,theoretical,4,4p3
56,Ba,24,32,Ge,[Ar].3d10.4s2.4p2,3d10.4s2.4p2,1s2.2s2.2p6.3s2.3p6.3d10.4s2.4p2,3P0,4p 2P*<1/2>,809.0,4,theoretical,4,4p2
56,Ba,25,31,Ga,[Ar].3d10.4s2.4p,4s2.4p,1s2.2s2.2p6.3s2.3p6.3d10.4s2.4p1,2P*<1/2>,4s2 1S<0>,846.0,4,theoretical,4,4p1
56,Ba,26,30,Zn,[Ar].3d10.4s2,4s2,1s2.2s2.2p6.3s2.3p6.3d10.4s2,1S0,4s 2S<1/2>,935.0,4,theoretical,4,4s2
56,Ba,27,29,Cu,[Ar].3d10.4s,4s,1s2.2s2.2p6.3s2.3p6.3d10.4s1,2S<1/2>,3d10 1S<0>,976.62,0.11,semi-empirical,4,4s1
56,Ba,28,28,Ni,[Ar].3d10,3d10,1s2.2s2.2p6.3s2.3p6.3d10,1S0,3d9 2D<5/2>,1695.0,4,theoretical,3,3d10
56,Ba,29,27,Co,[Ar].3d9,3d9,1s2.2s2.2p6.3s2.3p6.3d9,2D<5/2>,3d8 3F<4>,1776.0,4,theoretical,3,3d9
56,Ba,30,26,Fe,[Ar].3d8,3p6.3d4<3/2>.3d4<5/2>,1s2.2s2.2p6.3s2.3p6.3d8,"(0,4)<4>",3d7 4F<9/2>,1864.0,4,theoretical,3,3d8
56,Ba,31,25,Mn,[Ar].3d7,3d7,1s2.2s2.2p6.3s2.3p6.3d7,4F<9/2>,3d6 5D<4>,1958.0,4,theoretical,3,3d7
56,Ba,32,24,Cr,[Ar].3d6,3d6,1s2.2s2.2p6.3s2.3p6.3d6,5D<4>,3d5 6S<5/2>,2047.0,4,theoretical,3,3d6
56,Ba,33,23,V,[Ar].3d5,3d5,1s2.2s2.2p6.3s2.3p6.3d5,6S<5/2>,3d4 5D<0>,2142.0,5,theoretical,3,3d5
56,Ba,34,22,Ti,[Ar].3d4,3d4,1s2.2s2.2p6.3s2.3p6.3d4,5D0,3d3 4F<3/2>,2256.0,5,theoretical,3,3d4
56,Ba,35,21,Sc,[Ar].3d3,3d3,1s2.2s2.2p6.3s2.3p6.3d3,4F<3/2>,3d2 3F<2>,2349.0,5,theoretical,3,3d3
56,Ba,36,20,Ca,[Ar].3d2,3d2,1s2.2s2.2p6.3s2.3p6.3d2,3F<2>,3d 2D<3/2>,2452.0,5,theoretical,3,3d2
56,Ba,37,19,K,[Ar].3d,3d,1s2.2s2.2p6.3s2.3p6.3d1,2D<3/2>,3p6 1S<0>,2547.0,4,theoretical,3,3d1
56,Ba,38,18,Ar,[Ne].3s2.3p6,3p6,1s2.2s2.2p6.3s2.3p6,1S0,3p5 2P*<3/2>,2814.0,4,theoretical,3,3p6
56,Ba,39,17,Cl,[Ne].3s2.3p5,3s2.3p5,1s2.2s2.2p6.3s2.3p5,2P*<3/2>,3p4 3P<2>,2901.0,4,theoretical,3,3p5
56,Ba,40,16,S,[Ne].3s2.3p4,3s2.3p4,1s2.2s2.2p6.3s2.3p4,3P<2>,3p3 4S*<3/2>,2994.0,4,theoretical,3,3p4
56,Ba,41,15,P,[Ne].3s2.3p3,3s2.3p3,1s2.2s2.2p6.3s2.3p3,4S*<3/2>,3p2 3P<0>,3081.0,4,theoretical,3,3p3
56,Ba,42,14,Si,[Ne].3s2.3p2,3s2.3p2,1s2.2s2.2p6.3s2.3p2,3P0,3p 2P*<1/2>,3266.0,4,theoretical,3,3p2
56,Ba,43,13,Al,[Ne].3s2.3p,3s2.3p,1s2.2s2.2p6.3s2.3p1,2P*<1/2>,3s2 1S<0>,3363.0,4,theoretical,3,3p1
56,Ba,44,12,Mg,[Ne].3s2,3s2,1s2.2s2.2p6.3s2,1S0,3s 2S<1/2>,3546.0,4,theoretical,3,3s2
56,Ba,45,11,Na,[Ne].3s,3s,1s2.2s2.2p6.3s1,2S<1/2>,2p6 1S<0>,3640.0,4,theoretical,3,3s1
56,Ba,46,10,Ne,1s2.2s2.2p6,2p6,1s2.2s2.2p6,1S0,2p5 2P*<3/2>,8326.0,4,theoretical,2,2p6
56,Ba,47,9,F,1s2.2s2.2p5,2s2.2p5,1s2.2s2.2p5,2P*<3/2>,2p4 3P<2>,8565.0,4,theoretical,2,2p5
56,Ba,48,8,O,1s2.2s2.2p4,2s2.(2p2<1/2>.2p2<3/2>),1s2.2s2.2p4,"(0,2)<2>","2p2<1/2>.2p<3/2> (0,3/2)*<3/2>",8831.0,4,theoretical,2,2p4
56,Ba,49,7,N,1s2.2s2.2p3,2s2.2p2<1/2>.2p<3/2>,1s2.2s2.2p3,"(0,3/2)*<3/2>",2p2 3P<0>,9077.0,4,theoretical,2,2p3
56,Ba,50,6,C,1s2.2s2.2p2,2p2,1s2.2s2.2p2,3P0,2p 2P*<1/2>,9739.0,4,theoretical,2,2p2
56,Ba,51,5,B,1s2.2s2.2p,2s2.2p,1s2.2s2.2p1,2P*<1/2>,2s2 1S<0>,10023.0,4,theoretical,2,2p1
56,Ba,52,4,Be,1s2.2s2,2s2,1s2.2s2,1S0,2s 2S<1/2>,10376.0,4,theoretical,2,2s2
56,Ba,53,3,Li,1s2.2s,1s2.2s,1s2.2s1,2S<1/2>,1s2 1S<0>,10616.42,0.05,theoretical,2,2s1
56,Ba,54,2,He,1s2,1s2,1s2,1S0,1s 2S<1/2>,43485.37,0.04,theoretical,1,1s2
56,Ba,55,1,H,1s,1s,1s1,2S<1/2>,,44561.633,0.024,theoretical,1,1s1
57,La,0,57,La,[Xe].5d.6s2,5d.6s2,1s2.2s2.2p6.3s2.3p6.3d10.4s2.4p6.4d10.5s2.5p6.5d1.6s2,2D<3/2>,5s2.5p6.5d2 3F<2>,5.5769,0.0006,experimental,6,6s2
57,La,1,56,Ba,[Xe].5d2,5d2,1s2.2s2.2p6.3s2.3p6.3d10.4s2.4p6.4d10.5s2.5p6.5d2,3F<2>,5s2.5p6.5d 2D<3/2>,11.18496,0.00006,experimental,5,5d2
57,La,2,55,Cs,[Xe].5d,5p6.5d,1s2.2s2.2p6.3s2.3p6.3d10.4s2.4p6.4d10.5s2.5p6.5d1,2D<3/2>,5s2.5p6 1S<0>,19.1773,0.0006,experimental,5,5d1
57,La,3,54,Xe,[Cd].5p6,5p6,1s2.2s2.2p6.3s2.3p6.3d10.4s2.4p6.4d10.5s2.5p6,1S0,5s2.5p5 2P*<3/2>,49.95,0.06,semi-empirical,5,5p6
57,La,4,53,I,[Cd].5p5,5s2.5p5,1s2.2s2.2p6.3s2.3p6.3d10.4s2.4p6.4d10.5s2.5p5,2P*<3/2>,5s2.5p4 3P<2>,61.6,0.6,semi-empirical,5,5p5
57,La,5,52,Te,[Cd].5p4,5s2.5p4,1s2.2s2.2p6.3s2.3p6.3d10.4s2.4p6.4d10.5s2.5p4,3P<2>,5s2.5p3 4S*<3/2>,74.0,2.0,theoretical,5,5p4
57,La,6,51,Sb,[Cd].5p3,5s2.5p3,1s2.2s2.2p6.3s2.3p6.3d10.4s2.4p6.4d10.5s2.5p3,4S*<3/2>,5s2.5p2 3P<0>,88.0,2.0,theoretical,5,5p3
57,La,7,50,Sn,[Cd].5p2,5s2.5p2,1s2.2s2.2p6.3s2.3p6.3d10.4s2.4p6.4d10.5s2.5p2,3P0,5s2.5p 2P*<1/2>,105.0,2.1,theoretical,5,5p2
57,La,8,49,In,[Cd].5p,5s2.5p,1s2.2s2.2p6.3s2.3p6.3d10.4s2.4p6.4d10.5s2.5p1,2P*<1/2>,5s2 1S<0>,119.0,2.2,theoretical,5,5p1
57,La,9,48,Cd,[Kr].4d10.5s2,5s2,1s2.2s2.2p6.3s2.3p6.3d10.4s2.4p6.4d10.5s2,1S0,5s 2S<1/2>,151.4,0.7,semi-empirical,5,5s2
57,La,10,47,Ag,[Kr].4d10.5s,5s,1s2.2s2.2p6.3s2.3p6.3d10.4s2.4p6.4d10.5s1,2S<1/2>,4d10 1S<0>,168.77,0.12,semi-empirical,5,5s1
57,La,11,46,Pd,[Kr].4d10,4d10,1s2.2s2.2p6.3s2.3p6.3d10.4s2.4p6.4d10,1S0,4d9 2D<5/2>,275.0,2.5,theoretical,4,4d10
57,La,12,45,Rh,[Kr].4d9,4d9,1s2.2s2.2p6.3s2.3p6.3d10.4s2.4p6.4d9,2D<5/2>,4d8 3F<4>,303.0,3,theoretical,4,4d9
57,La,13,44,Ru,[Kr].4d8,4d8,1s2.2s2.2p6.3s2.3p6.3d10.4s2.4p6.4d8,3F<4>,4d7 4F<9/2>,332.0,3,theoretical,4,4d8
57,La,14,43,Tc,[Kr].4d7,4d7,1s2.2s2.2p6.3s2.3p6.3d10.4s2.4p6.4d7,4F<9/2>,4d6 5D<4>,364.0,3,theoretical,4,4d7
57,La,15,42,Mo,[Kr].4d6,4d6,1s2.2s2.2p6.3s2.3p6.3d10.4s2.4p6.4d6,5D<4>,4d5 6S<5/2>,393.0,3,theoretical,4,4d6
57,La,16,41,Nb,[Kr].4d5,4d5,1s2.2s2.2p6.3s2.3p6.3d10.4s2.4p6.4d5,6S<5/2>,4d4 5D<0>,431.0,3,theoretical,4,4d5
57,La,17,40,Zr,[Kr].4d4,4d4,1s2.2s2.2p6.3s2.3p6.3d10.4s2.4p6.4d4,5D0,4d3 4F<3/2>,464.0,3,theoretical,4,4d4
57,La,18,39,Y,[Kr].4d3,4d3,1s2.2s2.2p6.3s2.3p6.3d10.4s2.4p6.4d3,4F<3/2>,4d2 3F<2>,498.0,3,theoretical,4,4d3
57,La,19,38,Sr,[Kr].4d2,4d2,1s2.2s2.2p6.3s2.3p6.3d10.4s2.4p6.4d2,3F<2>,4d 2D<3/2>,533.0,4,theoretical,4,4d2
57,La,20,37,Rb,[Kr].4d,4d,1s2.2s2.2p6.3s2.3p6.3d10.4s2.4p6.4d1,2D<3/2>,4p6 1S<0>,566.0,4,theoretical,4,4d1
57,La,21,36,Kr,[Ar].3d10.4s2.4p6,4p6,1s2.2s2.2p6.3s2.3p6.3d10.4s2.4p6,1S0,4p5 2P*<3/2>,696.0,4,theoretical,4,4p6
57,La,22,35,Br,[Ar].3d10.4s2.4p5,4p5,1s2.2s2.2p6.3s2.3p6.3d10.4s2.4p5,2P*<3/2>,4p4 3P<2>,731.0,4,theoretical,4,4p5
57,La,23,34,Se,[Ar].3d10.4s2.4p4,4p4,1s2.2s2.2p6.3s2.3p6.3d10.4s2.4p4,3P<2>,4p3 4S*<3/2>,770.0,4,theoretical,4,4p4
57,La,24,33,As,[Ar].3d10.4s2.4p3,4p3,1s2.2s2.2p6.3s2.3p6.3d10.4s2.4p3,4S*<3/2>,4p2 3P<0>,806.0,4,theoretical,4,4p3
57,La,25,32,Ge,[Ar].3d10.4s2.4p2,4p2,1s2.2s2.2p6.3s2.3p6.3d10.4s2.4p2,3P0,4p 2P*<1/2>,865.0,4,theoretical,4,4p2
57,La,26,31,Ga,[Ar].3d10.4s2.4p,4p,1s2.2s2.2p6.3s2.3p6.3d10.4s2.4p1,2P*<1/2>,4s2 1S<0>,906.0,4,theoretical,4,4p1
57,La,27,30,Zn,[Ar].3d10.4s2,4s2,1s2.2s2.2p6.3s2.3p6.3d10.4s2,1S0,4s 2S<1/2>,995.0,4,theoretical,4,4s2
57,La,28,29,Cu,[Ar].3d10.4s,4s,1s2.2s2.2p6.3s2.3p6.3d10.4s1,2S<1/2>,3d10 1S<0>,1039.09,0.12,semi-empirical,4,4s1
57,La,29,28,Ni,[Ar].3d10,3d10,1s2.2s2.2p6.3s2.3p6.3d10,1S0,3d9 2D<5/2>,1800.0,4,theoretical,3,3d10
57,La,30,27,Co,[Ar].3d9,3d9,1s2.2s2.2p6.3s2.3p6.3d9,2D<5/2>,3d8 3F<4>,1884.0,4,theoretical,3,3d9
57,La,31,26,Fe,[Ar].3d8,3d8,1s2.2s2.2p6.3s2.3p6.3d8,3F<4>,3d7 4F<9/2>,1974.0,4,theoretical,3,3d8
57,La,32,25,Mn,[Ar].3d7,3d7,1s2.2s2.2p6.3s2.3p6.3d7,4F<9/2>,"3d-4.3d+2 (0,4)<4>",2069.0,4,theoretical,3,3d7
57,La,33,24,Cr,[Ar].3d6,3d-4.3d+2,1s2.2s2.2p6.3s2.3p6.3d6,"(0,4)<4>","3d-4.3d+ (0,5/2)<5/2>",2162.0,5,theoretical,3,3d6
57,La,34,23,V,[Ar].3d5,3d-4.3d+,1s2.2s2.2p6.3s2.3p6.3d5,"(0,5/2)<5/2>",3d4 5D<0>,2259.0,5,theoretical,3,3d5
57,La,35,22,Ti,[Ar].3d4,3d4,1s2.2s2.2p6.3s2.3p6.3d4,5D0,3d3 4F<3/2>,2377.0,5,theoretical,3,3d4
57,La,36,21,Sc,[Ar].3d3,3d3,1s2.2s2.2p6.3s2.3p6.3d3,4F<3/2>,3d2 3F<2>,2473.0,5,theoretical,3,3d3
57,La,37,20,Ca,[Ar].3d2,3d2,1s2.2s2.2p6.3s2.3p6.3d2,3F<2>,3d 2D<3/2>,2577.0,4,theoretical,3,3d2
57,La,38,19,K,[Ar].3d,3d,1s2.2s2.2p6.3s2.3p6.3d1,2D<3/2>,3p6 1S<0>,2674.0,4,theoretical,3,3d1
57,La,39,18,Ar,[Ne].3s2.3p6,3p6,1s2.2s2.2p6.3s2.3p6,1S0,3p5 2P*<3/2>,2950.0,4,theoretical,3,3p6
57,La,40,17,Cl,[Ne].3s2.3p5,3p5,1s2.2s2.2p6.3s2.3p5,2P*<3/2>,3p4 3P<2>,3036.0,4,theoretical,3,3p5
57,La,41,16,S,[Ne].3s2.3p4,3p4,1s2.2s2.2p6.3s2.3p4,3P<2>,3p3 2P*<3/2>,3133.0,4,theoretical,3,3p4
57,La,42,15,P,[Ne].3s2.3p3,3p3,1s2.2s2.2p6.3s2.3p3,2P*<3/2>,3p2 3P<0>,3222.0,4,theoretical,3,3p3
57,La,43,14,Si,[Ne].3s2.3p2,3p2,1s2.2s2.2p6.3s2.3p2,3P0,3p 2P*<1/2>,3416.0,4,theoretical,3,3p2
57,La,44,13,Al,[Ne].3s2.3p,3p,1s2.2s2.2p6.3s2.3p1,2P*<1/2>,3s2 1S<0>,3515.0,4,theoretical,3,3p1
57,La,45,12,Mg,[Ne].3s2,3s2,1s2.2s2.2p6.3s2,1S0,3s 2S<1/2>,3704.0,4,theoretical,3,3s2
57,La,46,11,Na,[Ne].3s,3s,1s2.2s2.2p6.3s1,2S<1/2>,2p6 1S<0>,3800.0,4,theoretical,3,3s1
57,La,47,10,Ne,1s2.2s2.2p6,2p6,1s2.2s2.2p6,1S0,2p5 2P*<3/2>,8669.0,4,theoretical,2,2p6
57,La,48,9,F,1s2.2s2.2p5,2p5,1s2.2s2.2p5,2P*<3/2>,2p4 3P<2>,8914.0,4,theoretical,2,2p5
57,La,49,8,O,1s2.2s2.2p4,2p4,1s2.2s2.2p4,3P<2>,"2p2<1/2>.2p<3/2> (0,3/2)*<3/2>",9184.0,4,theoretical,2,2p4
57,La,50,7,N,1s2.2s2.2p3,2p2<1/2>.2p<3/2>,1s2.2s2.2p3,"(0,3/2)*<3/2>",2p2 3P<0>,9437.0,4,theoretical,2,2p3
57,La,51,6,C,1s2.2s2.2p2,2p2,1s2.2s2.2p2,3P0,2p 2P*<1/2>,10136.0,4,theoretical,2,2p2
57,La,52,5,B,1s2.2s2.2p,2p,1s2.2s2.2p1,2P*<1/2>,2s2 1S<0>,10426.0,4,theoretical,2,2p1
57,La,53,4,Be,1s2.2s2,2s2,1s2.2s2,1S0,2s 2S<1/2>,10789.0,5,theoretical,2,2s2
57,La,54,3,Li,1s2.2s,1s2.2s,1s2.2s1,2S<1/2>,1s2 1S<0>,11033.4,0.05,theoretical,2,2s1
57,La,55,2,He,1s2,1s2,1s2,1S0,1s 2S<1/2>,45145.0,0.04,theoretical,1,1s2
57,La,56,1,H,1s,1s,1s1,2S<1/2>,,46245.77,0.03,theoretical,1,1s1
58,Ce,0,58,Ce,[Xe].4f.5d.6s2,4f.5d.6s2,1s2.2s2.2p6.3s2.3p6.3d10.4s2.4p6.4d10.5s2.5p6.4f1.5d1.6s2,1G*<4>,4f.5s2.5p6.5d2 4H*<7/2>,5.5386,0.0004,experimental,6,6s2
58,Ce,1,57,La,[Xe].4f.5d2,4f.(2F*).5d2.(3F),1s2.2s2.2p6.3s2.3p6.3d10.4s2.4p6.4d10.5s2.5p6.4f1.5d2,4H*<7/2>,4f2.5s2.5p6 3H<4>,10.956,0.020,semi-empirical,5,5d2
58,Ce,2,56,Ba,[Xe].4f2,4f2,1s2.2s2.2p6.3s2.3p6.3d10.4s2.4p6.4d10.5s2.5p6.4f2,3H<4>,4f.5s2.5p6 2F*<5/2>,20.1974,0.0025,semi-empirical,5,4f2
58,Ce,3,55,Cs,[Xe].4f,5p6.4f,1s2.2s2.2p6.3s2.3p6.3d10.4s2.4p6.4d10.5s2.5p6.4f1,2F*<5/2>,5s2.5p6 1S<0>,36.906,0.009,semi-empirical,5,4f1
58,Ce,4,54,Xe,[Cd].5p6,5p6,1s2.2s2.2p6.3s2.3p6.3d10.4s2.4p6.4d10.5s2.5p6,1S0,5s2.5p5 2P*<3/2>,65.55,0.25,semi-empirical,5,5p6
58,Ce,5,53,I,[Cd].5p5,5s2.5p5,1s2.2s2.2p6.3s2.3p6.3d10.4s2.4p6.4d10.5s2.5p5,2P*<3/2>,5s2.5p4 3P<2>,77.6,1.2,semi-empirical,5,5p5
58,Ce,6,52,Te,[Cd].5p4,5s2.5p4,1s2.2s2.2p6.3s2.3p6.3d10.4s2.4p6.4d10.5s2.5p4,3P<2>,5s2.5p3 4S*<3/2>,91.0,2.0,theoretical,5,5p4
58,Ce,7,51,Sb,[Cd].5p3,5s2.5p3,1s2.2s2.2p6.3s2.3p6.3d10.4s2.4p6.4d10.5s2.5p3,4S*<3/2>,5s2.5p2 3P<0>,106.0,2.1,theoretical,5,5p3
58,Ce,8,50,Sn,[Cd].5p2,5s2.5p2,1s2.2s2.2p6.3s2.3p6.3d10.4s2.4p6.4d10.5s2.5p2,3P0,5s2.5p 2P*<1/2>,125.0,2.2,theoretical,5,5p2
58,Ce,9,49,In,[Cd].5p,5s2.5p,1s2.2s2.2p6.3s2.3p6.3d10.4s2.4p6.4d10.5s2.5p1,2P*<1/2>,5s2 1S<0>,140.0,2.2,theoretical,5,5p1
58,Ce,10,48,Cd,[Kr].4d10.5s2,5s2,1s2.2s2.2p6.3s2.3p6.3d10.4s2.4p6.4d10.5s2,1S0,5s 2S<1/2>,172.0,2.4,theoretical,5,5s2
58,Ce,11,47,Ag,[Kr].4d10.5s,5s,1s2.2s2.2p6.3s2.3p6.3d10.4s2.4p6.4d10.5s1,2S<1/2>,4d10 1S<0>,192.24,0.12,semi-empirical,5,5s1
58,Ce,12,46,Pd,[Kr].4d10,4d10,1s2.2s2.2p6.3s2.3p6.3d10.4s2.4p6.4d10,1S0,4d9 2D<5/2>,312.0,3,theoretical,4,4d10
58,Ce,13,45,Rh,[Kr].4d9,4d9,1s2.2s2.2p6.3s2.3p6.3d10.4s2.4p6.4d9,2D<5/2>,4d8 3F<4>,340.0,3,theoretical,4,4d9
58,Ce,14,44,Ru,[Kr].4d8,4d8,1s2.2s2.2p6.3s2.3p6.3d10.4s2.4p6.4d8,3F<4>,4d7 4F<9/2>,371.0,3,theoretical,4,4d8
58,Ce,15,43,Tc,[Kr].4d7,4d7,1s2.2s2.2p6.3s2.3p6.3d10.4s2.4p6.4d7,4F<9/2>,4d6 5D<4>,403.0,3,theoretical,4,4d7
58,Ce,16,42,Mo,[Kr].4d6,4d6,1s2.2s2.2p6.3s2.3p6.3d10.4s2.4p6.4d6,5D<4>,4d5 6S<5/2>,435.0,3,theoretical,4,4d6
58,Ce,17,41,Nb,[Kr].4d5,4d5,1s2.2s2.2p6.3s2.3p6.3d10.4s2.4p6.4d5,6S<5/2>,4d4 5D<0>,472.0,3,theoretical,4,4d5
58,Ce,18,40,Zr,[Kr].4d4,4d4,1s2.2s2.2p6.3s2.3p6.3d10.4s2.4p6.4d4,5D0,4d3 4F<3/2>,509.0,3,theoretical,4,4d4
58,Ce,19,39,Y,[Kr].4d3,4d3,1s2.2s2.2p6.3s2.3p6.3d10.4s2.4p6.4d3,4F<3/2>,4d2 3F<2>,543.0,4,theoretical,4,4d3
58,Ce,20,38,Sr,[Kr].4d2,4d2,1s2.2s2.2p6.3s2.3p6.3d10.4s2.4p6.4d2,3F<2>,4d 2D<3/2>,579.0,4,theoretical,4,4d2
58,Ce,21,37,Rb,[Kr].4d,4d,1s2.2s2.2p6.3s2.3p6.3d10.4s2.4p6.4d1,2D<3/2>,4p6 1S<0>,613.0,4,theoretical,4,4d1
58,Ce,22,36,Kr,[Ar].3d10.4s2.4p6,4p6,1s2.2s2.2p6.3s2.3p6.3d10.4s2.4p6,1S0,4p5 2P*<3/2>,749.0,4,theoretical,4,4p6
58,Ce,23,35,Br,[Ar].3d10.4s2.4p5,4p5,1s2.2s2.2p6.3s2.3p6.3d10.4s2.4p5,2P*<3/2>,4p4 3P<2>,785.0,4,theoretical,4,4p5
58,Ce,24,34,Se,[Ar].3d10.4s2.4p4,4p4,1s2.2s2.2p6.3s2.3p6.3d10.4s2.4p4,3P<2>,4p3 4S*<3/2>,824.0,4,theoretical,4,4p4
58,Ce,25,33,As,[Ar].3d10.4s2.4p3,4p3,1s2.2s2.2p6.3s2.3p6.3d10.4s2.4p3,4S*<3/2>,4p2 3P<0>,862.0,4,theoretical,4,4p3
58,Ce,26,32,Ge,[Ar].3d10.4s2.4p2,4p2,1s2.2s2.2p6.3s2.3p6.3d10.4s2.4p2,3P0,4p 2P*<1/2>,924.0,4,theoretical,4,4p2
58,Ce,27,31,Ga,[Ar].3d10.4s2.4p,4p,1s2.2s2.2p6.3s2.3p6.3d10.4s2.4p1,2P*<1/2>,4s2 1S<0>,965.0,4,theoretical,4,4p1
58,Ce,28,30,Zn,[Ar].3d10.4s2,4s2,1s2.2s2.2p6.3s2.3p6.3d10.4s2,1S0,4s 2S<1/2>,1060.0,4,theoretical,4,4s2
58,Ce,29,29,Cu,[Ar].3d10.4s,4s,1s2.2s2.2p6.3s2.3p6.3d10.4s1,2S<1/2>,3d10 1S<0>,1103.5,0.5,semi-empirical,4,4s1
58,Ce,30,28,Ni,[Ar].3d10,3d10,1s2.2s2.2p6.3s2.3p6.3d10,1S0,3d9 2D<5/2>,1908.0,4,theoretical,3,3d10
58,Ce,31,27,Co,[Ar].3d9,3d9,1s2.2s2.2p6.3s2.3p6.3d9,2D<5/2>,3d8 3F<4>,1994.0,4,theoretical,3,3d9
58,Ce,32,26,Fe,[Ar].3d8,3d8,1s2.2s2.2p6.3s2.3p6.3d8,3F<4>,3d7 4F<9/2>,2087.0,4,theoretical,3,3d8
58,Ce,33,25,Mn,[Ar].3d7,3d7,1s2.2s2.2p6.3s2.3p6.3d7,4F<9/2>,"3d-4.3d+2 (0,4)<4>",2185.0,5,theoretical,3,3d7
58,Ce,34,24,Cr,[Ar].3d6,3d-4.3d+2,1s2.2s2.2p6.3s2.3p6.3d6,"(0,4)<4>","3d-4.3d+ (0,5/2)<5/2>",2280.0,5,theoretical,3,3d6
58,Ce,35,23,V,[Ar].3d5,3d-4.3d+,1s2.2s2.2p6.3s2.3p6.3d5,"(0,5/2)<5/2>",3d4 5D<0>,2378.0,5,theoretical,3,3d5
58,Ce,36,22,Ti,[Ar].3d4,3d4,1s2.2s2.2p6.3s2.3p6.3d4,5D0,3d3 4F<3/2>,2500.0,5,theoretical,3,3d4
58,Ce,37,21,Sc,[Ar].3d3,3d3,1s2.2s2.2p6.3s2.3p6.3d3,4F<3/2>,3d2 3F<2>,2600.0,4,theoretical,3,3d3
58,Ce,38,20,Ca,[Ar].3d2,3d2,1s2.2s2.2p6.3s2.3p6.3d2,3F<2>,3d 2D<3/2>,2706.0,4,theoretical,3,3d2
58,Ce,39,19,K,[Ar].3d,3d,1s2.2s2.2p6.3s2.3p6.3d1,2D<3/2>,3p6 1S<0>,2806.0,4,theoretical,3,3d1
58,Ce,40,18,Ar,[Ne].3s2.3p6,3p6,1s2.2s2.2p6.3s2.3p6,1S0,3p5 2P*<3/2>,3087.0,4,theoretical,3,3p6
58,Ce,41,17,Cl,[Ne].3s2.3p5,3p5,1s2.2s2.2p6.3s2.3p5,2P*<3/2>,3p4 3P<2>,3176.0,4,theoretical,3,3p5
58,Ce,42,16,S,[Ne].3s2.3p4,3p4,1s2.2s2.2p6.3s2.3p4,3P<2>,3p3 2P*<3/2>,3274.0,4,theoretical,3,3p4
58,Ce,43,15,P,[Ne].3s2.3p3,3p3,1s2.2s2.2p6.3s2.3p3,2P*<3/2>,3p2 3P<0>,3366.0,4,theoretical,3,3p3
58,Ce,44,14,Si,[Ne].3s2.3p2,3p2,1s2.2s2.2p6.3s2.3p2,3P0,3p 2P*<1/2>,3570.0,4,theoretical,3,3p2
58,Ce,45,13,Al,[Ne].3s2.3p,3p,1s2.2s2.2p6.3s2.3p1,2P*<1/2>,3s2 1S<0>,3672.0,4,theoretical,3,3p1
58,Ce,46,12,Mg,[Ne].3s2,3s2,1s2.2s2.2p6.3s2,1S0,3s 2S<1/2>,3865.0,4,theoretical,3,3s2
58,Ce,47,11,Na,[Ne].3s,3s,1s2.2s2.2p6.3s1,2S<1/2>,2p6 1S<0>,3963.0,4,theoretical,3,3s1
58,Ce,48,10,Ne,1s2.2s2.2p6,2p6,1s2.2s2.2p6,1S0,2p5 2P*<3/2>,9020.0,4,theoretical,2,2p6
58,Ce,49,9,F,1s2.2s2.2p5,2p5,1s2.2s2.2p5,2P*<3/2>,2p4 3P<2>,9269.0,4,theoretical,2,2p5
58,Ce,50,8,O,1s2.2s2.2p4,2p4,1s2.2s2.2p4,3P<2>,"2p2<1/2>.2p<3/2> (0,3/2)*<3/2>",9545.0,4,theoretical,2,2p4
58,Ce,51,7,N,1s2.2s2.2p3,2p2<1/2>.2p<3/2>,1s2.2s2.2p3,"(0,3/2)*<3/2>",2p2 3P<0>,9803.0,4,theoretical,2,2p3
58,Ce,52,6,C,1s2.2s2.2p2,2p2,1s2.2s2.2p2,3P0,2p 2P*<1/2>,10542.0,4,theoretical,2,2p2
58,Ce,53,5,B,1s2.2s2.2p,2p,1s2.2s2.2p1,2P*<1/2>,2s2 1S<0>,10840.0,5,theoretical,2,2p1
58,Ce,54,4,Be,1s2.2s2,2s2,1s2.2s2,1S0,2s 2S<1/2>,11210.0,5,theoretical,2,2s2
58,Ce,55,3,Li,1s2.2s,1s2.2s,1s2.2s1,2S<1/2>,1s2 1S<0>,11459.85,0.06,theoretical,2,2s1
58,Ce,56,2,He,1s2,1s2,1s2,1S0,1s 2S<1/2>,46840.31,0.05,theoretical,1,1s2
58,Ce,57,1,H,1s,1s,1s1,2S<1/2>,,47965.89,0.03,theoretical,1,1s1
59,Pr,0,59,Pr,[Xe].4f3.6s2,4f3.6s2,1s2.2s2.2p6.3s2.3p6.3d10.4s2.4p6.4d10.5s2.5p6.4f3.6s2,4I*<9/2>,"4f3.(4I*).6s (9/2,1/2)*<4>",5.4702,0.0004,semi-empirical,6,6s2
59,Pr,1,58,Ce,[Xe].4f3.6s,4f3.(4I*<9/2>).6s<1/2>,1s2.2s2.2p6.3s2.3p6.3d10.4s2.4p6.4d10.5s2.5p6.4f3.6s1,"(9/2,1/2)*<4>",4f3.5s2.5p6 4I*<9/2>,10.631,0.020,semi-empirical,6,6s1
59,Pr,2,57,La,[Xe].4f3,4f3,1s2.2s2.2p6.3s2.3p6.3d10.4s2.4p6.4d10.5s2.5p6.4f3,4I*<9/2>,4f2.5s2.5p6 3H<4>,21.6237,0.0025,experimental,5,4f3
59,Pr,3,56,Ba,[Xe].4f2,4f2,1s2.2s2.2p6.3s2.3p6.3d10.4s2.4p6.4d10.5s2.5p6.4f2,3H<4>,4f.5s2.5p6 2F*<5/2>,38.981,0.025,semi-empirical,5,4f2
59,Pr,4,55,Cs,[Xe].4f,5p6.4f,1s2.2s2.2p6.3s2.3p6.3d10.4s2.4p6.4d10.5s2.5p6.4f1,2F*<5/2>,5s2.5p6 1S<0>,57.53,0.05,semi-empirical,5,4f1
59,Pr,5,54,Xe,[Cd].5p6,5s2.5p6,1s2.2s2.2p6.3s2.3p6.3d10.4s2.4p6.4d10.5s2.5p6,1S0,4f.5s2.5p4*,82.0,4,theoretical,5,5p6
59,Pr,6,53,I,[Cd].4f.5p4,4f.5s2.5p4,1s2.2s2.2p6.3s2.3p6.3d10.4s2.4p6.4d10.5s2.4f1.5p4,*,4f.5s2.5p3,97.0,5,theoretical,5,5p4
59,Pr,7,52,Te,[Cd].4f.5p3,4f.5s2.5p3,1s2.2s2.2p6.3s2.3p6.3d10.4s2.4p6.4d10.5s2.4f1.5p3,,4f.5s2.5p2*,112.0,6,theoretical,5,5p3
59,Pr,8,51,Sb,[Cd].4f.5p2,4f.5s2.5p2,1s2.2s2.2p6.3s2.3p6.3d10.4s2.4p6.4d10.5s2.4f1.5p2,*,5s2.5p2 3P<0>,131.0,7,theoretical,5,5p2
59,Pr,9,50,Sn,[Cd].5p2,5s2.5p2,1s2.2s2.2p6.3s2.3p6.3d10.4s2.4p6.4d10.5s2.5p2,3P0,5s2.5p 2P*<1/2>,148.0,7,theoretical,5,5p2
59,Pr,10,49,In,[Cd].5p,5s2.5p,1s2.2s2.2p6.3s2.3p6.3d10.4s2.4p6.4d10.5s2.5p1,2P*<1/2>,5s2 1S<0>,162.0,2.4,theoretical,5,5p1
59,Pr,11,48,Cd,[Kr].4d10.5s2,5s2,1s2.2s2.2p6.3s2.3p6.3d10.4s2.4p6.4d10.5s2,1S0,5s 2S<1/2>,196.0,2.5,theoretical,5,5s2
59,Pr,12,47,Ag,[Kr].4d10.5s,5s,1s2.2s2.2p6.3s2.3p6.3d10.4s2.4p6.4d10.5s1,2S<1/2>,4d10 1S<0>,217.02,0.12,semi-empirical,5,5s1
59,Pr,13,46,Pd,[Kr].4d10,4d10,1s2.2s2.2p6.3s2.3p6.3d10.4s2.4p6.4d10,1S0,4d9 2D<5/2>,350.0,3,theoretical,4,4d10
59,Pr,14,45,Rh,[Kr].4d9,4d9,1s2.2s2.2p6.3s2.3p6.3d10.4s2.4p6.4d9,2D<5/2>,4d8 3F<4>,378.0,3,theoretical,4,4d9
59,Pr,15,44,Ru,[Kr].4d8,4d8,1s2.2s2.2p6.3s2.3p6.3d10.4s2.4p6.4d8,3F<4>,4d7 4F<9/2>,412.0,3,theoretical,4,4d8
59,Pr,16,43,Tc,[Kr].4d7,4d7,1s2.2s2.2p6.3s2.3p6.3d10.4s2.4p6.4d7,4F<9/2>,4d6 5D<4>,445.0,3,theoretical,4,4d7
59,Pr,17,42,Mo,[Kr].4d6,4d6,1s2.2s2.2p6.3s2.3p6.3d10.4s2.4p6.4d6,5D<4>,4d5 6S<5/2>,478.0,3,theoretical,4,4d6
59,Pr,18,41,Nb,[Kr].4d5,4d5,1s2.2s2.2p6.3s2.3p6.3d10.4s2.4p6.4d5,6S<5/2>,4d4 5D<0>,516.0,3,theoretical,4,4d5
59,Pr,19,40,Zr,[Kr].4d4,4d4,1s2.2s2.2p6.3s2.3p6.3d10.4s2.4p6.4d4,5D0,4d3 4F<3/2>,554.0,4,theoretical,4,4d4
59,Pr,20,39,Y,[Kr].4d3,4d3,1s2.2s2.2p6.3s2.3p6.3d10.4s2.4p6.4d3,4F<3/2>,4d2 3F<2>,590.0,4,theoretical,4,4d3
59,Pr,21,38,Sr,[Kr].4d2,4d2,1s2.2s2.2p6.3s2.3p6.3d10.4s2.4p6.4d2,3F<2>,4d 2D<3/2>,627.0,4,theoretical,4,4d2
59,Pr,22,37,Rb,[Kr].4d,4d,1s2.2s2.2p6.3s2.3p6.3d10.4s2.4p6.4d1,2D<3/2>,4p6 1S<0>,663.0,4,theoretical,4,4d1
59,Pr,23,36,Kr,[Ar].3d10.4s2.4p6,4p6,1s2.2s2.2p6.3s2.3p6.3d10.4s2.4p6,1S0,4p5 2P*<3/2>,803.0,4,theoretical,4,4p6
59,Pr,24,35,Br,[Ar].3d10.4s2.4p5,4p5,1s2.2s2.2p6.3s2.3p6.3d10.4s2.4p5,2P*<3/2>,4p4 3P<2>,840.0,4,theoretical,4,4p5
59,Pr,25,34,Se,[Ar].3d10.4s2.4p4,4p4,1s2.2s2.2p6.3s2.3p6.3d10.4s2.4p4,3P<2>,4p3 4S*<3/2>,880.0,4,theoretical,4,4p4
59,Pr,26,33,As,[Ar].3d10.4s2.4p3,4p3,1s2.2s2.2p6.3s2.3p6.3d10.4s2.4p3,4S*<3/2>,4p2 3P<0>,920.0,4,theoretical,4,4p3
59,Pr,27,32,Ge,[Ar].3d10.4s2.4p2,4p2,1s2.2s2.2p6.3s2.3p6.3d10.4s2.4p2,3P0,4p 2P*<1/2>,985.0,4,theoretical,4,4p2
59,Pr,28,31,Ga,[Ar].3d10.4s2.4p,4p,1s2.2s2.2p6.3s2.3p6.3d10.4s2.4p1,2P*<1/2>,4s2 1S<0>,1028.0,4,theoretical,4,4p1
59,Pr,29,30,Zn,[Ar].3d10.4s2,4s2,1s2.2s2.2p6.3s2.3p6.3d10.4s2,1S0,4s 2S<1/2>,1124.0,4,theoretical,4,4s2
59,Pr,30,29,Cu,[Ar].3d10.4s,4s,1s2.2s2.2p6.3s2.3p6.3d10.4s1,2S<1/2>,3d10 1S<0>,1169.9,0.6,semi-empirical,4,4s1
59,Pr,31,28,Ni,[Ar].3d10,3d10,1s2.2s2.2p6.3s2.3p6.3d10,1S0,3d9 2D<5/2>,2019.0,4,theoretical,3,3d10
59,Pr,32,27,Co,[Ar].3d9,3d9,1s2.2s2.2p6.3s2.3p6.3d9,2D<5/2>,3d8 3F<4>,2108.0,4,theoretical,3,3d9
59,Pr,33,26,Fe,[Ar].3d8,3d8,1s2.2s2.2p6.3s2.3p6.3d8,3F<4>,3d7 4F<9/2>,2202.0,5,theoretical,3,3d8
59,Pr,34,25,Mn,[Ar].3d7,3d7,1s2.2s2.2p6.3s2.3p6.3d7,4F<9/2>,"3d-4.3d+2 (0,4)<4>",2304.0,5,theoretical,3,3d7
59,Pr,35,24,Cr,[Ar].3d6,3d-4.3d+2,1s2.2s2.2p6.3s2.3p6.3d6,"(0,4)<4>","3d-4.3d+ (0,5/2)<5/2>",2400.0,5,theoretical,3,3d6
59,Pr,36,23,V,[Ar].3d5,3d-4.3d+,1s2.2s2.2p6.3s2.3p6.3d5,"(0,5/2)<5/2>",3d4 5D<0>,2501.0,5,theoretical,3,3d5
59,Pr,37,22,Ti,[Ar].3d4,3d4,1s2.2s2.2p6.3s2.3p6.3d4,5D0,3d3 4F<3/2>,2628.0,4,theoretical,3,3d4
59,Pr,38,21,Sc,[Ar].3d3,3d3,1s2.2s2.2p6.3s2.3p6.3d3,4F<3/2>,3d2 3F<2>,2729.0,4,theoretical,3,3d3
59,Pr,39,20,Ca,[Ar].3d2,3d2,1s2.2s2.2p6.3s2.3p6.3d2,3F<2>,3d 2D<3/2>,2838.0,4,theoretical,3,3d2
59,Pr,40,19,K,[Ar].3d,3d,1s2.2s2.2p6.3s2.3p6.3d1,2D<3/2>,3p6 1S<0>,2941.0,4,theoretical,3,3d1
59,Pr,41,18,Ar,[Ne].3s2.3p6,3p6,1s2.2s2.2p6.3s2.3p6,1S0,3p5 2P*<3/2>,3227.0,4,theoretical,3,3p6
59,Pr,42,17,Cl,[Ne].3s2.3p5,3p5,1s2.2s2.2p6.3s2.3p5,2P*<3/2>,3p4 3P<2>,3319.0,4,theoretical,3,3p5
59,Pr,43,16,S,[Ne].3s2.3p4,3p4,1s2.2s2.2p6.3s2.3p4,3P<2>,3p3 2P*<3/2>,3419.0,4,theoretical,3,3p4
59,Pr,44,15,P,[Ne].3s2.3p3,3p3,1s2.2s2.2p6.3s2.3p3,2P*<3/2>,3p2 3P<0>,3512.0,4,theoretical,3,3p3
59,Pr,45,14,Si,[Ne].3s2.3p2,3p2,1s2.2s2.2p6.3s2.3p2,3P0,3p 2P*<1/2>,3729.0,4,theoretical,3,3p2
59,Pr,46,13,Al,[Ne].3s2.3p,3p,1s2.2s2.2p6.3s2.3p1,2P*<1/2>,3s2 1S<0>,3832.0,4,theoretical,3,3p1
59,Pr,47,12,Mg,[Ne].3s2,3s2,1s2.2s2.2p6.3s2,1S0,3s 2S<1/2>,4030.0,4,theoretical,3,3s2
59,Pr,48,11,Na,[Ne].3s,3s,1s2.2s2.2p6.3s1,2S<1/2>,2p6 1S<0>,4130.0,4,theoretical,3,3s1
59,Pr,49,10,Ne,1s2.2s2.2p6,2p6,1s2.2s2.2p6,1S0,2p5 2P*<3/2>,9378.0,4,theoretical,2,2p6
59,Pr,50,9,F,1s2.2s2.2p5,2p5,1s2.2s2.2p5,2P*<3/2>,2p4 3P<2>,9632.0,4,theoretical,2,2p5
59,Pr,51,8,O,1s2.2s2.2p4,2p4,1s2.2s2.2p4,3P<2>,"2p2<1/2>.2p<3/2> (0,3/2)*<3/2>",9913.0,4,theoretical,2,2p4
59,Pr,52,7,N,1s2.2s2.2p3,2p2<1/2>.2p<3/2>,1s2.2s2.2p3,"(0,3/2)*<3/2>",2p2 3P<0>,10175.0,4,theoretical,2,2p3
59,Pr,53,6,C,1s2.2s2.2p2,2p2,1s2.2s2.2p2,3P0,2p 2P*<1/2>,10959.0,5,theoretical,2,2p2
59,Pr,54,5,B,1s2.2s2.2p,2p,1s2.2s2.2p1,2P*<1/2>,2s2 1S<0>,11262.0,5,theoretical,2,2p1
59,Pr,55,4,Be,1s2.2s2,2s2,1s2.2s2,1S0,2s 2S<1/2>,11641.0,5,theoretical,2,2s2
59,Pr,56,3,Li,1s2.2s,1s2.2s,1s2.2s1,2S<1/2>,1s2 1S<0>,11895.89,0.06,theoretical,2,2s1
59,Pr,57,2,He,1s2,1s2,1s2,1S0,1s 2S<1/2>,48571.71,0.05,theoretical,1,1s2
59,Pr,58,1,H,1s,1s,1s1,2S<1/2>,,49722.44,0.04,theoretical,1,1s1
60,Nd,0,60,Nd,[Xe].4f4.6s2,4f4.6s2,1s2.2s2.2p6.3s2.3p6.3d10.4s2.4p6.4d10.5s2.5p6.4f4.6s2,5I<4>,4f4.5s2.5p6.6s 6I*<7/2>,5.52475,0.00005,experimental,6,6s2
60,Nd,1,59,Pr,[Xe].4f4.6s,4f4.(5I).6s,1s2.2s2.2p6.3s2.3p6.3d10.4s2.4p6.4d10.5s2.5p6.4f4.6s1,6I<7/2>,4f4.5s2.5p6 5I<4>,10.783,0.020,semi-empirical,6,6s1
60,Nd,2,58,Ce,[Xe].4f4,4f4,1s2.2s2.2p6.3s2.3p6.3d10.4s2.4p6.4d10.5s2.5p6.4f4,5I<4>,4f3.5s2.5p6 4I*<9/2>,22.09,0.04,semi-empirical,5,4f4
60,Nd,3,57,La,[Xe].4f3,4f3,1s2.2s2.2p6.3s2.3p6.3d10.4s2.4p6.4d10.5s2.5p6.4f3,4I*<9/2>,4f2.5s2.5p6 3H<4>,40.6,0.04,semi-empirical,5,4f3
60,Nd,4,56,Ba,[Xe].4f2,4f2.5s2.5p6,1s2.2s2.2p6.3s2.3p6.3d10.4s2.4p6.4d10.5s2.5p6.4f2,3H<4>,4f2.5s2.5p5*,60.0,0.3,semi-empirical,5,4f2
60,Nd,5,55,Cs,[Cd].4f2.5p5,4f2.5s2.5p5,1s2.2s2.2p6.3s2.3p6.3d10.4s2.4p6.4d10.5s2.4f2.5p5,*,4f2.5s2.5p4,84.0,4,theoretical,5,5p5
60,Nd,6,54,Xe,[Cd].4f2.5p4,4f2.5s2.5p4,1s2.2s2.2p6.3s2.3p6.3d10.4s2.4p6.4d10.5s2.4f2.5p4,,4f2.5s2.5p3*,99.0,5,theoretical,5,5p4
60,Nd,7,53,I,[Cd].4f2.5p3,4f2.5s2.5p3,1s2.2s2.2p6.3s2.3p6.3d10.4s2.4p6.4d10.5s2.4f2.5p3,*,4f2.5s2.5p2,114.0,6,theoretical,5,5p3
60,Nd,8,52,Te,[Cd].4f2.5p2,4f2.5s2.5p2,1s2.2s2.2p6.3s2.3p6.3d10.4s2.4p6.4d10.5s2.4f2.5p2,,4f2.5s2.5p*,136.0,7,theoretical,5,5p2
60,Nd,9,51,Sb,[Cd].4f2.5p,4f2.5s2.5p,1s2.2s2.2p6.3s2.3p6.3d10.4s2.4p6.4d10.5s2.4f2.5p1,*,5s2.4f2,152.0,8,theoretical,5,5p1
60,Nd,10,50,Sn,[Cd].4f2,5s2.4f2,1s2.2s2.2p6.3s2.3p6.3d10.4s2.4p6.4d10.5s2.4f2,,5s2.4f 2F*<5/2>,168.0,8,theoretical,5,4f2
60,Nd,11,49,In,[Cd].4f,5s2.4f,1s2.2s2.2p6.3s2.3p6.3d10.4s2.4p6.4d10.5s2.4f1,2F*<5/2>,5s2 1S<0>,195.0,10,theoretical,5,4f1
60,Nd,12,48,Cd,[Kr].4d10.5s2,5s2,1s2.2s2.2p6.3s2.3p6.3d10.4s2.4p6.4d10.5s2,1S0,5s 2S<1/2>,221.0,3,theoretical,5,5s2
60,Nd,13,47,Ag,[Kr].4d10.5s,5s,1s2.2s2.2p6.3s2.3p6.3d10.4s2.4p6.4d10.5s1,2S<1/2>,4d10 1S<0>,243.0,0.20,semi-empirical,5,5s1
60,Nd,14,46,Pd,[Kr].4d10,4d10,1s2.2s2.2p6.3s2.3p6.3d10.4s2.4p6.4d10,1S0,4d9 2D<5/2>,389.0,3,theoretical,4,4d10
60,Nd,15,45,Rh,[Kr].4d9,4d9,1s2.2s2.2p6.3s2.3p6.3d10.4s2.4p6.4d9,2D<5/2>,4d8 3F<4>,420.0,3,theoretical,4,4d9
60,Nd,16,44,Ru,[Kr].4d8,4d8,1s2.2s2.2p6.3s2.3p6.3d10.4s2.4p6.4d8,3F<4>,4d7 4F<9/2>,453.0,3,theoretical,4,4d8
60,Nd,17,43,Tc,[Kr].4d7,4d7,1s2.2s2.2p6.3s2.3p6.3d10.4s2.4p6.4d7,4F<9/2>,4d6 5D<4>,489.0,3,theoretical,4,4d7
60,Nd,18,42,Mo,[Kr].4d6,4d6,1s2.2s2.2p6.3s2.3p6.3d10.4s2.4p6.4d6,5D<4>,4d5 6S<5/2>,522.0,3,theoretical,4,4d6
60,Nd,19,41,Nb,[Kr].4d5,4d5,1s2.2s2.2p6.3s2.3p6.3d10.4s2.4p6.4d5,6S<5/2>,4d4 5D<0>,562.0,4,theoretical,4,4d5
60,Nd,20,40,Zr,[Kr].4d4,4d4,1s2.2s2.2p6.3s2.3p6.3d10.4s2.4p6.4d4,5D0,4d3 4F<3/2>,602.0,4,theoretical,4,4d4
60,Nd,21,39,Y,[Kr].4d3,4d3,1s2.2s2.2p6.3s2.3p6.3d10.4s2.4p6.4d3,4F<3/2>,4d2 3F<2>,638.0,4,theoretical,4,4d3
60,Nd,22,38,Sr,[Kr].4d2,4d2,1s2.2s2.2p6.3s2.3p6.3d10.4s2.4p6.4d2,3F<2>,4d 2D<3/2>,678.0,4,theoretical,4,4d2
60,Nd,23,37,Rb,[Kr].4d,4d,1s2.2s2.2p6.3s2.3p6.3d10.4s2.4p6.4d1,2D<3/2>,4p6 1S<0>,714.0,4,theoretical,4,4d1
60,Nd,24,36,Kr,[Ar].3d10.4s2.4p6,4p6,1s2.2s2.2p6.3s2.3p6.3d10.4s2.4p6,1S0,4p5 2P*<3/2>,859.0,4,theoretical,4,4p6
60,Nd,25,35,Br,[Ar].3d10.4s2.4p5,4p5,1s2.2s2.2p6.3s2.3p6.3d10.4s2.4p5,2P*<3/2>,4p4 3P<2>,896.0,4,theoretical,4,4p5
60,Nd,26,34,Se,[Ar].3d10.4s2.4p4,4p4,1s2.2s2.2p6.3s2.3p6.3d10.4s2.4p4,3P<2>,4p3 4S*<3/2>,939.0,4,theoretical,4,4p4
60,Nd,27,33,As,[Ar].3d10.4s2.4p3,4p3,1s2.2s2.2p6.3s2.3p6.3d10.4s2.4p3,4S*<3/2>,4p2 3P<0>,978.0,4,theoretical,4,4p3
60,Nd,28,32,Ge,[Ar].3d10.4s2.4p2,4p2,1s2.2s2.2p6.3s2.3p6.3d10.4s2.4p2,3P0,4p 2P*<1/2>,1049.0,4,theoretical,4,4p2
60,Nd,29,31,Ga,[Ar].3d10.4s2.4p,4p,1s2.2s2.2p6.3s2.3p6.3d10.4s2.4p1,2P*<1/2>,4s2 1S<0>,1092.0,4,theoretical,4,4p1
60,Nd,30,30,Zn,[Ar].3d10.4s2,4s2,1s2.2s2.2p6.3s2.3p6.3d10.4s2,1S0,4s 2S<1/2>,1191.0,4,theoretical,4,4s2
60,Nd,31,29,Cu,[Ar].3d10.4s,4s,1s2.2s2.2p6.3s2.3p6.3d10.4s1,2S<1/2>,3d10 1S<0>,1238.42,0.17,semi-empirical,4,4s1
60,Nd,32,28,Ni,[Ar].3d10,3d10,1s2.2s2.2p6.3s2.3p6.3d10,1S0,3d9 2D<5/2>,2134.0,4,theoretical,3,3d10
60,Nd,33,27,Co,[Ar].3d9,3d9,1s2.2s2.2p6.3s2.3p6.3d9,2D<5/2>,3d8 3F<4>,2224.0,5,theoretical,3,3d9
60,Nd,34,26,Fe,[Ar].3d8,3d8,1s2.2s2.2p6.3s2.3p6.3d8,3F<4>,3d7 4F<9/2>,2321.0,5,theoretical,3,3d8
60,Nd,35,25,Mn,[Ar].3d7,3d7,1s2.2s2.2p6.3s2.3p6.3d7,4F<9/2>,"3d-4.3d+2 (0,4)<4>",2425.0,5,theoretical,3,3d7
60,Nd,36,24,Cr,[Ar].3d6,3d-4.3d+2,1s2.2s2.2p6.3s2.3p6.3d6,"(0,4)<4>","3d-4.3d+ (0,5/2)<5/2>",2525.0,5,theoretical,3,3d6
60,Nd,37,23,V,[Ar].3d5,3d-4.3d+,1s2.2s2.2p6.3s2.3p6.3d5,"(0,5/2)<5/2>",3d4 5D<0>,2627.0,4,theoretical,3,3d5
60,Nd,38,22,Ti,[Ar].3d4,3d4,1s2.2s2.2p6.3s2.3p6.3d4,5D0,3d3 4F<3/2>,2758.0,4,theoretical,3,3d4
60,Nd,39,21,Sc,[Ar].3d3,3d3,1s2.2s2.2p6.3s2.3p6.3d3,4F<3/2>,3d2 3F<2>,2861.0,4,theoretical,3,3d3
60,Nd,40,20,Ca,[Ar].3d2,3d2,1s2.2s2.2p6.3s2.3p6.3d2,3F<2>,3d 2D<3/2>,2974.0,4,theoretical,3,3d2
60,Nd,41,19,K,[Ar].3d,3d,1s2.2s2.2p6.3s2.3p6.3d1,2D<3/2>,3p6 1S<0>,3078.0,4,theoretical,3,3d1
60,Nd,42,18,Ar,[Ne].3s2.3p6,3p6,1s2.2s2.2p6.3s2.3p6,1S0,3p5 2P*<3/2>,3371.0,4,theoretical,3,3p6
60,Nd,43,17,Cl,[Ne].3s2.3p5,3p5,1s2.2s2.2p6.3s2.3p5,2P*<3/2>,3p4 3P<2>,3465.0,4,theoretical,3,3p5
60,Nd,44,16,S,[Ne].3s2.3p4,3p4,1s2.2s2.2p6.3s2.3p4,3P<2>,3p3 2P*<3/2>,3567.0,4,theoretical,3,3p4
60,Nd,45,15,P,[Ne].3s2.3p3,3p3,1s2.2s2.2p6.3s2.3p3,2P*<3/2>,3p2 3P<0>,3662.0,4,theoretical,3,3p3
60,Nd,46,14,Si,[Ne].3s2.3p2,3p2,1s2.2s2.2p6.3s2.3p2,3P0,3p 2P*<1/2>,3891.0,4,theoretical,3,3p2
60,Nd,47,13,Al,[Ne].3s2.3p,3p,1s2.2s2.2p6.3s2.3p1,2P*<1/2>,3s2 1S<0>,3997.0,4,theoretical,3,3p1
60,Nd,48,12,Mg,[Ne].3s2,3s2,1s2.2s2.2p6.3s2,1S0,3s 2S<1/2>,4198.0,4,theoretical,3,3s2
60,Nd,49,11,Na,[Ne].3s,3s,1s2.2s2.2p6.3s1,2S<1/2>,2p6 1S<0>,4302.0,4,theoretical,3,3s1
60,Nd,50,10,Ne,1s2.2s2.2p6,2p6,1s2.2s2.2p6,1S0,2p5 2P*<3/2>,9742.0,4,theoretical,2,2p6
60,Nd,51,9,F,1s2.2s2.2p5,2p5,1s2.2s2.2p5,2P*<3/2>,2p4 3P<2>,10002.0,4,theoretical,2,2p5
60,Nd,52,8,O,1s2.2s2.2p4,2p4,1s2.2s2.2p4,3P<2>,"2p2<1/2>.2p<3/2> (0,3/2)*<3/2>",10288.0,4,theoretical,2,2p4
60,Nd,53,7,N,1s2.2s2.2p3,2p2<1/2>.2p<3/2>,1s2.2s2.2p3,"(0,3/2)*<3/2>",2p2 3P<0>,10555.0,5,theoretical,2,2p3
60,Nd,54,6,C,1s2.2s2.2p2,2p2,1s2.2s2.2p2,3P0,2p 2P*<1/2>,11384.0,5,theoretical,2,2p2
60,Nd,55,5,B,1s2.2s2.2p,2p,1s2.2s2.2p1,2P*<1/2>,2s2 1S<0>,11694.0,5,theoretical,2,2p1
60,Nd,56,4,Be,1s2.2s2,2s2,1s2.2s2,1S0,2s 2S<1/2>,12082.0,5,theoretical,2,2s2
60,Nd,57,3,Li,1s2.2s,1s2.2s,1s2.2s1,2S<1/2>,1s2 1S<0>,12341.66,0.07,theoretical,2,2s1
60,Nd,58,2,He,1s2,1s2,1s2,1S0,1s 2S<1/2>,50339.59,0.06,theoretical,1,1s2
60,Nd,59,1,H,1s,1s,1s1,2S<1/2>,,51515.78,0.04,theoretical,1,1s1
61,Pm,0,61,Pm,[Xe].4f5.6s2,4f5.6s2,1s2.2s2.2p6.3s2.3p6.3d10.4s2.4p6.4d10.5s2.5p6.4f5.6s2,6H*<5/2>,4f5.5s2.5p6.6s 7H*<2>,5.58187,0.00004,experimental,6,6s2
61,Pm,1,60,Nd,[Xe].4f5.6s,4f5.(6H*).6s,1s2.2s2.2p6.3s2.3p6.3d10.4s2.4p6.4d10.5s2.5p6.4f5.6s1,7H*<2>,4f5.5s2.5p6 6H*<5/2>,10.938,0.020,semi-empirical,6,6s1
61,Pm,2,59,Pr,[Xe].4f5,4f5.5s2.5p6,1s2.2s2.2p6.3s2.3p6.3d10.4s2.4p6.4d10.5s2.5p6.4f5,6H*<5/2>,4f4.5s2.5p6 5I<4>,22.44,0.08,semi-empirical,5,4f5
61,Pm,3,58,Ce,[Xe].4f4,4f4,1s2.2s2.2p6.3s2.3p6.3d10.4s2.4p6.4d10.5s2.5p6.4f4,5I<4>,4f3.5s2.5p6 4I*<9/2>,41.17,0.09,semi-empirical,5,4f4
61,Pm,4,57,La,[Xe].4f3,4f3.5s2.5p6,1s2.2s2.2p6.3s2.3p6.3d10.4s2.4p6.4d10.5s2.5p6.4f3,4I*<9/2>,4f3.5s2.5p5,61.7,0.3,semi-empirical,5,4f3
61,Pm,5,56,Ba,[Cd].4f3.5p5,4f3.5s2.5p5,1s2.2s2.2p6.3s2.3p6.3d10.4s2.4p6.4d10.5s2.4f3.5p5,,4f3.5s2.5p4*,85.0,4,theoretical,5,5p5
61,Pm,6,55,Cs,[Cd].4f3.5p4,4f3.5s2.5p4,1s2.2s2.2p6.3s2.3p6.3d10.4s2.4p6.4d10.5s2.4f3.5p4,*,4f3.5s2.5p3,101.0,5,theoretical,5,5p4
61,Pm,7,54,Xe,[Cd].4f3.5p3,4f3.5s2.5p3,1s2.2s2.2p6.3s2.3p6.3d10.4s2.4p6.4d10.5s2.4f3.5p3,,4f3.5s2.5p2*,116.0,6,theoretical,5,5p3
61,Pm,8,53,I,[Cd].4f3.5p2,4f3.5s2.5p2,1s2.2s2.2p6.3s2.3p6.3d10.4s2.4p6.4d10.5s2.4f3.5p2,*,4f3.5s2.5p,138.0,7,theoretical,5,5p2
61,Pm,9,52,Te,[Cd].4f3.5p,4f3.5s2.5p,1s2.2s2.2p6.3s2.3p6.3d10.4s2.4p6.4d10.5s2.4f3.5p1,,4f3.5s2*,155.0,8,theoretical,5,5p1
61,Pm,10,51,Sb,[Cd].4f3,4f3.5s2,1s2.2s2.2p6.3s2.3p6.3d10.4s2.4p6.4d10.5s2.4f3,*,5s2.4f2,174.0,9,theoretical,5,4f3
61,Pm,11,50,Sn,[Cd].4f2,5s2.4f2,1s2.2s2.2p6.3s2.3p6.3d10.4s2.4p6.4d10.5s2.4f2,,5s2.4f 2F*<5/2>,202.0,10,theoretical,5,4f2
61,Pm,12,49,In,[Cd].4f,5s2.4f,1s2.2s2.2p6.3s2.3p6.3d10.4s2.4p6.4d10.5s2.4f1,2F*<5/2>,5s2 1S<0>,229.0,11,theoretical,5,4f1
61,Pm,13,48,Cd,[Kr].4d10.5s2,5s2,1s2.2s2.2p6.3s2.3p6.3d10.4s2.4p6.4d10.5s2,1S0,5s 2S<1/2>,248.0,3,theoretical,5,5s2
61,Pm,14,47,Ag,[Kr].4d10.5s,5s,1s2.2s2.2p6.3s2.3p6.3d10.4s2.4p6.4d10.5s1,2S<1/2>,4d10 1S<0>,269.0,3,theoretical,5,5s1
61,Pm,15,46,Pd,[Kr].4d10,4d10,1s2.2s2.2p6.3s2.3p6.3d10.4s2.4p6.4d10,1S0,4d9 2D<5/2>,430.0,3,theoretical,4,4d10
61,Pm,16,45,Rh,[Kr].4d9,4d9,1s2.2s2.2p6.3s2.3p6.3d10.4s2.4p6.4d9,2D<5/2>,4d8 3F<4>,462.0,3,theoretical,4,4d9
61,Pm,17,44,Ru,[Kr].4d8,4d8,1s2.2s2.2p6.3s2.3p6.3d10.4s2.4p6.4d8,3F<4>,4d7 4F<9/2>,497.0,3,theoretical,4,4d8
61,Pm,18,43,Tc,[Kr].4d7,4d7,1s2.2s2.2p6.3s2.3p6.3d10.4s2.4p6.4d7,4F<9/2>,4d6 5D<4>,534.0,3,theoretical,4,4d7
61,Pm,19,42,Mo,[Kr].4d6,4d6,1s2.2s2.2p6.3s2.3p6.3d10.4s2.4p6.4d6,5D<4>,4d5 6S<5/2>,569.0,4,theoretical,4,4d6
61,Pm,20,41,Nb,[Kr].4d5,4d5,1s2.2s2.2p6.3s2.3p6.3d10.4s2.4p6.4d5,6S<5/2>,4d4 5D<0>,609.0,4,theoretical,4,4d5
61,Pm,21,40,Zr,[Kr].4d4,4d4,1s2.2s2.2p6.3s2.3p6.3d10.4s2.4p6.4d4,5D0,4d3 4F<3/2>,651.0,4,theoretical,4,4d4
61,Pm,22,39,Y,[Kr].4d3,4d3,1s2.2s2.2p6.3s2.3p6.3d10.4s2.4p6.4d3,4F<3/2>,4d2 3F<2>,689.0,4,theoretical,4,4d3
61,Pm,23,38,Sr,[Kr].4d2,4d2,1s2.2s2.2p6.3s2.3p6.3d10.4s2.4p6.4d2,3F<2>,4d 2D<3/2>,730.0,4,theoretical,4,4d2
61,Pm,24,37,Rb,[Kr].4d,4d,1s2.2s2.2p6.3s2.3p6.3d10.4s2.4p6.4d1,2D<3/2>,4p6 1S<0>,767.0,4,theoretical,4,4d1
61,Pm,25,36,Kr,[Ar].3d10.4s2.4p6,4p6,1s2.2s2.2p6.3s2.3p6.3d10.4s2.4p6,1S0,4p5 2P*<3/2>,916.0,4,theoretical,4,4p6
61,Pm,26,35,Br,[Ar].3d10.4s2.4p5,4p5,1s2.2s2.2p6.3s2.3p6.3d10.4s2.4p5,2P*<3/2>,4p4 3P<2>,956.0,4,theoretical,4,4p5
61,Pm,27,34,Se,[Ar].3d10.4s2.4p4,4p4,1s2.2s2.2p6.3s2.3p6.3d10.4s2.4p4,3P<2>,4p3 4S*<3/2>,998.0,4,theoretical,4,4p4
61,Pm,28,33,As,[Ar].3d10.4s2.4p3,4p3,1s2.2s2.2p6.3s2.3p6.3d10.4s2.4p3,4S*<3/2>,4p2 3P<0>,1040.0,4,theoretical,4,4p3
61,Pm,29,32,Ge,[Ar].3d10.4s2.4p2,4p2,1s2.2s2.2p6.3s2.3p6.3d10.4s2.4p2,3P0,4p 2P*<1/2>,1113.0,4,theoretical,4,4p2
61,Pm,30,31,Ga,[Ar].3d10.4s2.4p,4p,1s2.2s2.2p6.3s2.3p6.3d10.4s2.4p1,2P*<1/2>,4s2 1S<0>,1158.0,4,theoretical,4,4p1
61,Pm,31,30,Zn,[Ar].3d10.4s2,4s2,1s2.2s2.2p6.3s2.3p6.3d10.4s2,1S0,4s 2S<1/2>,1261.0,4,theoretical,4,4s2
61,Pm,32,29,Cu,[Ar].3d10.4s,4s,1s2.2s2.2p6.3s2.3p6.3d10.4s1,2S<1/2>,3d10 1S<0>,1308.7,0.6,semi-empirical,4,4s1
61,Pm,33,28,Ni,[Ar].3d10,3d10,1s2.2s2.2p6.3s2.3p6.3d10,1S0,3d9 2D<5/2>,2251.0,5,theoretical,3,3d10
61,Pm,34,27,Co,[Ar].3d9,3d9,1s2.2s2.2p6.3s2.3p6.3d9,2D<5/2>,3d8 3F<4>,2344.0,5,theoretical,3,3d9
61,Pm,35,26,Fe,[Ar].3d8,3d8,1s2.2s2.2p6.3s2.3p6.3d8,3F<4>,3d7 4F<9/2>,2443.0,5,theoretical,3,3d8
61,Pm,36,25,Mn,[Ar].3d7,3d7,1s2.2s2.2p6.3s2.3p6.3d7,4F<9/2>,"3d-4.3d+2 (0,4)<4>",2549.0,5,theoretical,3,3d7
61,Pm,37,24,Cr,[Ar].3d6,3d-4.3d+2,1s2.2s2.2p6.3s2.3p6.3d6,"(0,4)<4>","3d-4.3d+ (0,5/2)<5/2>",2652.0,4,theoretical,3,3d6
61,Pm,38,23,V,[Ar].3d5,3d-4.3d+,1s2.2s2.2p6.3s2.3p6.3d5,"(0,5/2)<5/2>",3d4 5D<0>,2755.0,4,theoretical,3,3d5
61,Pm,39,22,Ti,[Ar].3d4,3d4,1s2.2s2.2p6.3s2.3p6.3d4,5D0,3d3 4F<3/2>,2892.0,4,theoretical,3,3d4
61,Pm,40,21,Sc,[Ar].3d3,3d3,1s2.2s2.2p6.3s2.3p6.3d3,4F<3/2>,3d2 3F<2>,2997.0,4,theoretical,3,3d3
61,Pm,41,20,Ca,[Ar].3d2,3d2,1s2.2s2.2p6.3s2.3p6.3d2,3F<2>,3d 2D<3/2>,3112.0,4,theoretical,3,3d2
61,Pm,42,19,K,[Ar].3d,3d,1s2.2s2.2p6.3s2.3p6.3d1,2D<3/2>,3p6 1S<0>,3219.0,4,theoretical,3,3d1
61,Pm,43,18,Ar,[Ne].3s2.3p6,3p6,1s2.2s2.2p6.3s2.3p6,1S0,3p5 2P*<3/2>,3519.0,4,theoretical,3,3p6
61,Pm,44,17,Cl,[Ne].3s2.3p5,3p5,1s2.2s2.2p6.3s2.3p5,2P*<3/2>,3p4 3P<2>,3613.0,4,theoretical,3,3p5
61,Pm,45,16,S,[Ne].3s2.3p4,3p4,1s2.2s2.2p6.3s2.3p4,3P<2>,3p3 2P*<3/2>,3718.0,4,theoretical,3,3p4
61,Pm,46,15,P,[Ne].3s2.3p3,3p3,1s2.2s2.2p6.3s2.3p3,2P*<3/2>,3p2 3P<0>,3816.0,4,theoretical,3,3p3
61,Pm,47,14,Si,[Ne].3s2.3p2,3p2,1s2.2s2.2p6.3s2.3p2,3P0,3p 2P*<1/2>,4056.0,4,theoretical,3,3p2
61,Pm,48,13,Al,[Ne].3s2.3p,3p,1s2.2s2.2p6.3s2.3p1,2P*<1/2>,3s2 1S<0>,4166.0,4,theoretical,3,3p1
61,Pm,49,12,Mg,[Ne].3s2,3s2,1s2.2s2.2p6.3s2,1S0,3s 2S<1/2>,4371.0,4,theoretical,3,3s2
61,Pm,50,11,Na,[Ne].3s,3s,1s2.2s2.2p6.3s1,2S<1/2>,2p6 1S<0>,4476.0,4,theoretical,3,3s1
61,Pm,51,10,Ne,1s2.2s2.2p6,2p6,1s2.2s2.2p6,1S0,2p5 2P*<3/2>,10115.0,4,theoretical,2,2p6
61,Pm,52,9,F,1s2.2s2.2p5,2p5,1s2.2s2.2p5,2P*<3/2>,2p4 3P<2>,10378.0,4,theoretical,2,2p5
61,Pm,53,8,O,1s2.2s2.2p4,2p4,1s2.2s2.2p4,3P<2>,"2p2<1/2>.2p<3/2> (0,3/2)*<3/2>",10671.0,5,theoretical,2,2p4
61,Pm,54,7,N,1s2.2s2.2p3,2p2<1/2>.2p<3/2>,1s2.2s2.2p3,"(0,3/2)*<3/2>",2p2 3P<0>,10942.0,5,theoretical,2,2p3
61,Pm,55,6,C,1s2.2s2.2p2,2p2,1s2.2s2.2p2,3P0,2p 2P*<1/2>,11819.0,5,theoretical,2,2p2
61,Pm,56,5,B,1s2.2s2.2p,2p,1s2.2s2.2p1,2P*<1/2>,2s2 1S<0>,12136.0,5,theoretical,2,2p1
61,Pm,57,4,Be,1s2.2s2,2s2,1s2.2s2,1S0,2s 2S<1/2>,12532.0,6,theoretical,2,2s2
61,Pm,58,3,Li,1s2.2s,1s2.2s,1s2.2s1,2S<1/2>,1s2 1S<0>,12797.26,0.07,theoretical,2,2s1
61,Pm,59,2,He,1s2,1s2,1s2,1S0,1s 2S<1/2>,52144.29,0.06,theoretical,1,1s2
61,Pm,60,1,H,1s,1s,1s1,2S<1/2>,,53346.31,0.14,theoretical,1,1s1
62,Sm,0,62,Sm,[Xe].4f6.6s2,4f6.6s2,1s2.2s2.2p6.3s2.3p6.3d10.4s2.4p6.4d10.5s2.5p6.4f6.6s2,7F0,4f6.5s2.5p6.6s 8F<1/2>,5.643722,0.000021,experimental,6,6s2
62,Sm,1,61,Pm,[Xe].4f6.6s,4f6.(7F).6s,1s2.2s2.2p6.3s2.3p6.3d10.4s2.4p6.4d10.5s2.5p6.4f6.6s1,8F<1/2>,4f6.5s2.5p6 7F<0>,11.078,0.020,semi-empirical,6,6s1
62,Sm,2,60,Nd,[Xe].4f6,4f6,1s2.2s2.2p6.3s2.3p6.3d10.4s2.4p6.4d10.5s2.5p6.4f6,7F0,4f5.5s2.5p6 6H*<5/2>,23.55,0.08,semi-empirical,5,4f6
62,Sm,3,59,Pr,[Xe].4f5,4f5,1s2.2s2.2p6.3s2.3p6.3d10.4s2.4p6.4d10.5s2.5p6.4f5,6H*<5/2>,4f4.5s2.5p6 5I<4>,41.64,0.11,semi-empirical,5,4f5
62,Sm,4,58,Ce,[Xe].4f4,4f4.5s2.5p6,1s2.2s2.2p6.3s2.3p6.3d10.4s2.4p6.4d10.5s2.5p6.4f4,5I<4>,4f3.5s2.5p6 4I*<9/2>,62.7,0.4,semi-empirical,5,4f4
62,Sm,5,57,La,[Xe].4f3,4f3.5s2.5p6,1s2.2s2.2p6.3s2.3p6.3d10.4s2.4p6.4d10.5s2.5p6.4f3,4I*<9/2>,4f4.5s2.5p4,87.0,4,theoretical,5,4f3
62,Sm,6,56,Ba,[Cd].4f4.5p4,4f4.5s2.5p4,1s2.2s2.2p6.3s2.3p6.3d10.4s2.4p6.4d10.5s2.4f4.5p4,,4f4.5s2.5p3*,103.0,5,theoretical,5,5p4
62,Sm,7,55,Cs,[Cd].4f4.5p3,4f4.5s2.5p3,1s2.2s2.2p6.3s2.3p6.3d10.4s2.4p6.4d10.5s2.4f4.5p3,*,4f4.5s2.5p2,118.0,6,theoretical,5,5p3
62,Sm,8,54,Xe,[Cd].4f4.5p2,4f4.5s2.5p2,1s2.2s2.2p6.3s2.3p6.3d10.4s2.4p6.4d10.5s2.4f4.5p2,,4f4.5s2.5p*,141.0,7,theoretical,5,5p2
62,Sm,9,53,I,[Cd].4f4.5p,4f4.5s2.5p,1s2.2s2.2p6.3s2.3p6.3d10.4s2.4p6.4d10.5s2.4f4.5p1,*,4f4.5s2,158.0,8,theoretical,5,5p1
62,Sm,10,52,Te,[Cd].4f4,4f4.5s2,1s2.2s2.2p6.3s2.3p6.3d10.4s2.4p6.4d10.5s2.4f4,,4f3.5s2*,179.0,9,theoretical,5,4f4
62,Sm,11,51,Sb,[Cd].4f3,4f3.5s2,1s2.2s2.2p6.3s2.3p6.3d10.4s2.4p6.4d10.5s2.4f3,*,5s2.4f2,208.0,10,theoretical,5,4f3
62,Sm,12,50,Sn,[Cd].4f2,5s2.4f2,1s2.2s2.2p6.3s2.3p6.3d10.4s2.4p6.4d10.5s2.4f2,,5s2.4f 2F*<5/2>,237.0,12,theoretical,5,4f2
62,Sm,13,49,In,[Cd].4f,5s2.4f,1s2.2s2.2p6.3s2.3p6.3d10.4s2.4p6.4d10.5s2.4f1,2F*<5/2>,4f.5s 3F*<2>,257.0,12,theoretical,5,4f1
62,Sm,14,48,Cd,[Kr].4d10.4f.5s,4f.5s,1s2.2s2.2p6.3s2.3p6.3d10.4s2.4p6.4d10.4f1.5s1,3F*<2>,4f 2F*<5/2>,276.0,14,theoretical,5,5s1
62,Sm,15,47,Ag,[Kr].4d10.4f,4f,1s2.2s2.2p6.3s2.3p6.3d10.4s2.4p6.4d10.4f1,2F*<5/2>,4d10 1S<0>,306.5,0.5,semi-empirical,4,4f1
62,Sm,16,46,Pd,[Kr].4d10,4d10,1s2.2s2.2p6.3s2.3p6.3d10.4s2.4p6.4d10,1S0,4d9 2D<5/2>,474.0,3,theoretical,4,4d10
62,Sm,17,45,Rh,[Kr].4d9,4d9,1s2.2s2.2p6.3s2.3p6.3d10.4s2.4p6.4d9,2D<5/2>,4d8 3F<4>,506.0,3,theoretical,4,4d9
62,Sm,18,44,Ru,[Kr].4d8,4d8,1s2.2s2.2p6.3s2.3p6.3d10.4s2.4p6.4d8,3F<4>,4d7 4F<9/2>,543.0,3,theoretical,4,4d8
62,Sm,19,43,Tc,[Kr].4d7,4d7,1s2.2s2.2p6.3s2.3p6.3d10.4s2.4p6.4d7,4F<9/2>,4d6 5D<4>,581.0,4,theoretical,4,4d7
62,Sm,20,42,Mo,[Kr].4d6,4d6,1s2.2s2.2p6.3s2.3p6.3d10.4s2.4p6.4d6,5D<4>,4d5 6S<5/2>,617.0,4,theoretical,4,4d6
62,Sm,21,41,Nb,[Kr].4d5,4d5,1s2.2s2.2p6.3s2.3p6.3d10.4s2.4p6.4d5,6S<5/2>,4d4 5D<0>,658.0,4,theoretical,4,4d5
62,Sm,22,40,Zr,[Kr].4d4,4d4,1s2.2s2.2p6.3s2.3p6.3d10.4s2.4p6.4d4,5D0,4d3 4F<3/2>,702.0,4,theoretical,4,4d4
62,Sm,23,39,Y,[Kr].4d3,4d3,1s2.2s2.2p6.3s2.3p6.3d10.4s2.4p6.4d3,4F<3/2>,4d2 3F<2>,742.0,4,theoretical,4,4d3
62,Sm,24,38,Sr,[Kr].4d2,4d2,1s2.2s2.2p6.3s2.3p6.3d10.4s2.4p6.4d2,3F<2>,4d 2D<3/2>,782.0,4,theoretical,4,4d2
62,Sm,25,37,Rb,[Kr].4d,4d,1s2.2s2.2p6.3s2.3p6.3d10.4s2.4p6.4d1,2D<3/2>,4p6 1S<0>,822.0,4,theoretical,4,4d1
62,Sm,26,36,Kr,[Ar].3d10.4s2.4p6,4p6,1s2.2s2.2p6.3s2.3p6.3d10.4s2.4p6,1S0,4p5 2P*<3/2>,976.0,4,theoretical,4,4p6
62,Sm,27,35,Br,[Ar].3d10.4s2.4p5,4p5,1s2.2s2.2p6.3s2.3p6.3d10.4s2.4p5,2P*<3/2>,4p4 3P<2>,1016.0,4,theoretical,4,4p5
62,Sm,28,34,Se,[Ar].3d10.4s2.4p4,4p4,1s2.2s2.2p6.3s2.3p6.3d10.4s2.4p4,3P<2>,4p3 4S*<3/2>,1060.0,4,theoretical,4,4p4
62,Sm,29,33,As,[Ar].3d10.4s2.4p3,4p3,1s2.2s2.2p6.3s2.3p6.3d10.4s2.4p3,4S*<3/2>,4p2 3P<0>,1103.0,4,theoretical,4,4p3
62,Sm,30,32,Ge,[Ar].3d10.4s2.4p2,4p2,1s2.2s2.2p6.3s2.3p6.3d10.4s2.4p2,3P0,4p 2P*<1/2>,1180.0,4,theoretical,4,4p2
62,Sm,31,31,Ga,[Ar].3d10.4s2.4p,4p,1s2.2s2.2p6.3s2.3p6.3d10.4s2.4p1,2P*<1/2>,4s2 1S<0>,1226.0,4,theoretical,4,4p1
62,Sm,32,30,Zn,[Ar].3d10.4s2,4s2,1s2.2s2.2p6.3s2.3p6.3d10.4s2,1S0,4s 2S<1/2>,1332.0,4,theoretical,4,4s2
62,Sm,33,29,Cu,[Ar].3d10.4s,4s,1s2.2s2.2p6.3s2.3p6.3d10.4s1,2S<1/2>,3d10 1S<0>,1381.56,0.21,semi-empirical,4,4s1
62,Sm,34,28,Ni,[Ar].3d10,3d10,1s2.2s2.2p6.3s2.3p6.3d10,1S0,3d9 2D<5/2>,2371.0,5,theoretical,3,3d10
62,Sm,35,27,Co,[Ar].3d9,3d9,1s2.2s2.2p6.3s2.3p6.3d9,2D<5/2>,3d8 3F<4>,2466.0,5,theoretical,3,3d9
62,Sm,36,26,Fe,[Ar].3d8,3d8,1s2.2s2.2p6.3s2.3p6.3d8,3F<4>,3d7 4F<9/2>,2569.0,5,theoretical,3,3d8
62,Sm,37,25,Mn,[Ar].3d7,3d7,1s2.2s2.2p6.3s2.3p6.3d7,4F<9/2>,"3d-4.3d+2 (0,4)<4>",2676.0,4,theoretical,3,3d7
62,Sm,38,24,Cr,[Ar].3d6,3d-4.3d+2,1s2.2s2.2p6.3s2.3p6.3d6,"(0,4)<4>","3d-4.3d+ (0,5/2)<5/2>",2782.0,4,theoretical,3,3d6
62,Sm,39,23,V,[Ar].3d5,3d-4.3d+,1s2.2s2.2p6.3s2.3p6.3d5,"(0,5/2)<5/2>",3d4 5D<0>,2887.0,4,theoretical,3,3d5
62,Sm,40,22,Ti,[Ar].3d4,3d4,1s2.2s2.2p6.3s2.3p6.3d4,5D0,3d3 4F<3/2>,3028.0,4,theoretical,3,3d4
62,Sm,41,21,Sc,[Ar].3d3,3d3,1s2.2s2.2p6.3s2.3p6.3d3,4F<3/2>,3d2 3F<2>,3137.0,4,theoretical,3,3d3
62,Sm,42,20,Ca,[Ar].3d2,3d2,1s2.2s2.2p6.3s2.3p6.3d2,3F<2>,3d 2D<3/2>,3253.0,4,theoretical,3,3d2
62,Sm,43,19,K,[Ar].3d,3d,1s2.2s2.2p6.3s2.3p6.3d1,2D<3/2>,3p6 1S<0>,3363.0,4,theoretical,3,3d1
62,Sm,44,18,Ar,[Ne].3s2.3p6,3p6,1s2.2s2.2p6.3s2.3p6,1S0,3p5 2P*<3/2>,3669.0,4,theoretical,3,3p6
62,Sm,45,17,Cl,[Ne].3s2.3p5,3p5,1s2.2s2.2p6.3s2.3p5,2P*<3/2>,3p4 3P<2>,3766.0,4,theoretical,3,3p5
62,Sm,46,16,S,[Ne].3s2.3p4,3p4,1s2.2s2.2p6.3s2.3p4,3P<2>,3p3 2P*<3/2>,3873.0,4,theoretical,3,3p4
62,Sm,47,15,P,[Ne].3s2.3p3,3p3,1s2.2s2.2p6.3s2.3p3,2P*<3/2>,3p2 3P<0>,3971.0,4,theoretical,3,3p3
62,Sm,48,14,Si,[Ne].3s2.3p2,3p2,1s2.2s2.2p6.3s2.3p2,3P0,3p 2P*<1/2>,4227.0,4,theoretical,3,3p2
62,Sm,49,13,Al,[Ne].3s2.3p,3p,1s2.2s2.2p6.3s2.3p1,2P*<1/2>,3s2 1S<0>,4337.0,4,theoretical,3,3p1
62,Sm,50,12,Mg,[Ne].3s2,3s2,1s2.2s2.2p6.3s2,1S0,3s 2S<1/2>,4548.0,4,theoretical,3,3s2
62,Sm,51,11,Na,[Ne].3s,3s,1s2.2s2.2p6.3s1,2S<1/2>,2p6 1S<0>,4655.0,4,theoretical,3,3s1
62,Sm,52,10,Ne,1s2.2s2.2p6,2p6,1s2.2s2.2p6,1S0,2p5 2P*<3/2>,10494.0,4,theoretical,2,2p6
62,Sm,53,9,F,1s2.2s2.2p5,2p5,1s2.2s2.2p5,2P*<3/2>,2p4 3P<2>,10762.0,5,theoretical,2,2p5
62,Sm,54,8,O,1s2.2s2.2p4,2p4,1s2.2s2.2p4,3P<2>,"2p2<1/2>.2p<3/2> (0,3/2)*<3/2>",11060.0,5,theoretical,2,2p4
62,Sm,55,7,N,1s2.2s2.2p3,2p2<1/2>.2p<3/2>,1s2.2s2.2p3,"(0,3/2)*<3/2>",2p2 3P<0>,11337.0,5,theoretical,2,2p3
62,Sm,56,6,C,1s2.2s2.2p2,2p2,1s2.2s2.2p2,3P0,2p 2P*<1/2>,12264.0,5,theoretical,2,2p2
62,Sm,57,5,B,1s2.2s2.2p,2p,1s2.2s2.2p1,2P*<1/2>,2s2 1S<0>,12588.0,6,theoretical,2,2p1
62,Sm,58,4,Be,1s2.2s2,2s2,1s2.2s2,1S0,2s 2S<1/2>,12992.0,6,theoretical,2,2s2
62,Sm,59,3,Li,1s2.2s,1s2.2s,1s2.2s1,2S<1/2>,1s2 1S<0>,13262.85,0.09,theoretical,2,2s1
62,Sm,60,2,He,1s2,1s2,1s2,1S0,1s 2S<1/2>,53986.12,0.07,theoretical,1,1s2
62,Sm,61,1,H,1s,1s,1s1,2S<1/2>,,55214.3,0.05,theoretical,1,1s1
63,Eu,0,63,Eu,[Xe].4f7.6s2,4f7.6s2,1s2.2s2.2p6.3s2.3p6.3d10.4s2.4p6.4d10.5s2.5p6.4f7.6s2,8S*<7/2>,4f7.5p6.6s 9S*<4>,5.670385,0.000005,experimental,6,6s2
63,Eu,1,62,Sm,[Xe].4f7.6s,4f7.(8S*).6s,1s2.2s2.2p6.3s2.3p6.3d10.4s2.4p6.4d10.5s2.5p6.4f7.6s1,9S*<4>,4f7.5s2.5p6 8S*<7/2>,11.24,0.006,semi-empirical,6,6s1
63,Eu,2,61,Pm,[Xe].4f7,4f7,1s2.2s2.2p6.3s2.3p6.3d10.4s2.4p6.4d10.5s2.5p6.4f7,8S*<7/2>,4f6.5s2.5p6 7F<0>,24.84,0.03,semi-empirical,5,4f7
63,Eu,3,60,Nd,[Xe].4f6,4f6,1s2.2s2.2p6.3s2.3p6.3d10.4s2.4p6.4d10.5s2.5p6.4f6,7F0,4f5.5s2.5p6 6H*<5/2>,42.94,0.11,semi-empirical,5,4f6
63,Eu,4,59,Pr,[Xe].4f5,4f5.5s2.5p6,1s2.2s2.2p6.3s2.3p6.3d10.4s2.4p6.4d10.5s2.5p6.4f5,6H*<5/2>,4f5.5s2.5p5,63.2,0.4,semi-empirical,5,4f5
63,Eu,5,58,Ce,[Cd].4f5.5p5,4f5.5s2.5p5,1s2.2s2.2p6.3s2.3p6.3d10.4s2.4p6.4d10.5s2.4f5.5p5,,4f5.5s2.5p4*,89.0,4,theoretical,5,5p5
63,Eu,6,57,La,[Cd].4f5.5p4,4f5.5s2.5p4,1s2.2s2.2p6.3s2.3p6.3d10.4s2.4p6.4d10.5s2.4f5.5p4,*,4f5.5s2.5p3,105.0,5,theoretical,5,5p4
63,Eu,7,56,Ba,[Cd].4f5.5p3,4f5.5s2.5p3,1s2.2s2.2p6.3s2.3p6.3d10.4s2.4p6.4d10.5s2.4f5.5p3,,4f5.5s2.5p2*,120.0,6,theoretical,5,5p3
63,Eu,8,55,Cs,[Cd].4f5.5p2,4f5.5s2.5p2,1s2.2s2.2p6.3s2.3p6.3d10.4s2.4p6.4d10.5s2.4f5.5p2,*,4f5.5s2.5p,144.0,7,theoretical,5,5p2
63,Eu,9,54,Xe,[Cd].4f5.5p,4f5.5s2.5p,1s2.2s2.2p6.3s2.3p6.3d10.4s2.4p6.4d10.5s2.4f5.5p1,,4f5.5s2*,161.0,8,theoretical,5,5p1
63,Eu,10,53,I,[Cd].4f5,4f5.5s2,1s2.2s2.2p6.3s2.3p6.3d10.4s2.4p6.4d10.5s2.4f5,*,4f4.5s2,183.0,9,theoretical,5,4f5
63,Eu,11,52,Te,[Cd].4f4,4f4.5s2,1s2.2s2.2p6.3s2.3p6.3d10.4s2.4p6.4d10.5s2.4f4,,4f3.5s2*,213.0,11,theoretical,5,4f4
63,Eu,12,51,Sb,[Cd].4f3,4f3.5s2,1s2.2s2.2p6.3s2.3p6.3d10.4s2.4p6.4d10.5s2.4f3,*,5s2.4f2,243.0,12,theoretical,5,4f3
63,Eu,13,50,Sn,[Cd].4f2,5s2.4f2,1s2.2s2.2p6.3s2.3p6.3d10.4s2.4p6.4d10.5s2.4f2,,4f2.(3H).5s 4H<7/2>,263.0,14,theoretical,5,4f2
63,Eu,14,49,In,[Kr].4d10.4f2.5s,4f2.(3H).5s,1s2.2s2.2p6.3s2.3p6.3d10.4s2.4p6.4d10.4f2.5s1,4H<7/2>,4f2 3H<4>,281.0,14,theoretical,5,5s1
63,Eu,15,48,Cd,[Kr].4d10.4f2,4f2,1s2.2s2.2p6.3s2.3p6.3d10.4s2.4p6.4d10.4f2,3H<4>,4f 2F*<5/2>,311.0,16,theoretical,4,4f2
63,Eu,16,47,Ag,[Kr].4d10.4f,4f,1s2.2s2.2p6.3s2.3p6.3d10.4s2.4p6.4d10.4f1,2F*<5/2>,4d10 1S<0>,344.4,0.5,semi-empirical,4,4f1
63,Eu,17,46,Pd,[Kr].4d10,4d10,1s2.2s2.2p6.3s2.3p6.3d10.4s2.4p6.4d10,1S0,4d9 2D<5/2>,518.0,3,theoretical,4,4d10
63,Eu,18,45,Rh,[Kr].4d9,4d9,1s2.2s2.2p6.3s2.3p6.3d10.4s2.4p6.4d9,2D<5/2>,4d8 3F<4>,553.0,3,theoretical,4,4d9
63,Eu,19,44,Ru,[Kr].4d8,4d8,1s2.2s2.2p6.3s2.3p6.3d10.4s2.4p6.4d8,3F<4>,4d7 4F<9/2>,590.0,4,theoretical,4,4d8
63,Eu,20,43,Tc,[Kr].4d7,4d7,1s2.2s2.2p6.3s2.3p6.3d10.4s2.4p6.4d7,4F<9/2>,4d6 5D<4>,630.0,4,theoretical,4,4d7
63,Eu,21,42,Mo,[Kr].4d6,4d6,1s2.2s2.2p6.3s2.3p6.3d10.4s2.4p6.4d6,5D<4>,4d5 6S<5/2>,667.0,4,theoretical,4,4d6
63,Eu,22,41,Nb,[Kr].4d5,4d5,1s2.2s2.2p6.3s2.3p6.3d10.4s2.4p6.4d5,6S<5/2>,4d4 5D<0>,709.0,4,theoretical,4,4d5
63,Eu,23,40,Zr,[Kr].4d4,4d4,1s2.2s2.2p6.3s2.3p6.3d10.4s2.4p6.4d4,5D0,4d3 4F<3/2>,755.0,4,theoretical,4,4d4
63,Eu,24,39,Y,[Kr].4d3,4d3,1s2.2s2.2p6.3s2.3p6.3d10.4s2.4p6.4d3,4F<3/2>,4d2 3F<2>,795.0,4,theoretical,4,4d3
63,Eu,25,38,Sr,[Kr].4d2,4d2,1s2.2s2.2p6.3s2.3p6.3d10.4s2.4p6.4d2,3F<2>,4d 2D<3/2>,838.0,4,theoretical,4,4d2
63,Eu,26,37,Rb,[Kr].4d,4d,1s2.2s2.2p6.3s2.3p6.3d10.4s2.4p6.4d1,2D<3/2>,4p6 1S<0>,879.0,4,theoretical,4,4d1
63,Eu,27,36,Kr,[Ar].3d10.4s2.4p6,4p6,1s2.2s2.2p6.3s2.3p6.3d10.4s2.4p6,1S0,4p5 2P*<3/2>,1037.0,4,theoretical,4,4p6
63,Eu,28,35,Br,[Ar].3d10.4s2.4p5,4p5,1s2.2s2.2p6.3s2.3p6.3d10.4s2.4p5,2P*<3/2>,4p4 3P<2>,1078.0,4,theoretical,4,4p5
63,Eu,29,34,Se,[Ar].3d10.4s2.4p4,4p4,1s2.2s2.2p6.3s2.3p6.3d10.4s2.4p4,3P<2>,4p3 4S*<3/2>,1124.0,4,theoretical,4,4p4
63,Eu,30,33,As,[Ar].3d10.4s2.4p3,4p3,1s2.2s2.2p6.3s2.3p6.3d10.4s2.4p3,4S*<3/2>,4p2 3P<0>,1167.0,4,theoretical,4,4p3
63,Eu,31,32,Ge,[Ar].3d10.4s2.4p2,4p2,1s2.2s2.2p6.3s2.3p6.3d10.4s2.4p2,3P0,4p 2P*<1/2>,1249.0,4,theoretical,4,4p2
63,Eu,32,31,Ga,[Ar].3d10.4s2.4p,4p,1s2.2s2.2p6.3s2.3p6.3d10.4s2.4p1,2P*<1/2>,4s2 1S<0>,1296.0,4,theoretical,4,4p1
63,Eu,33,30,Zn,[Ar].3d10.4s2,4s2,1s2.2s2.2p6.3s2.3p6.3d10.4s2,1S0,4s 2S<1/2>,1406.0,5,theoretical,4,4s2
63,Eu,34,29,Cu,[Ar].3d10.4s,4s,1s2.2s2.2p6.3s2.3p6.3d10.4s1,2S<1/2>,3d10 1S<0>,1456.06,0.25,semi-empirical,4,4s1
63,Eu,35,28,Ni,[Ar].3d10,3d10,1s2.2s2.2p6.3s2.3p6.3d10,1S0,3d9 2D<5/2>,2495.0,5,theoretical,3,3d10
63,Eu,36,27,Co,[Ar].3d9,3d9,1s2.2s2.2p6.3s2.3p6.3d9,2D<5/2>,3d8 3F<4>,2591.0,5,theoretical,3,3d9
63,Eu,37,26,Fe,[Ar].3d8,3d8,1s2.2s2.2p6.3s2.3p6.3d8,3F<4>,3d7 4F<9/2>,2697.0,4,theoretical,3,3d8
63,Eu,38,25,Mn,[Ar].3d7,3d7,1s2.2s2.2p6.3s2.3p6.3d7,4F<9/2>,"3d-4.3d+2 (0,4)<4>",2807.0,4,theoretical,3,3d7
63,Eu,39,24,Cr,[Ar].3d6,3d-4.3d+2,1s2.2s2.2p6.3s2.3p6.3d6,"(0,4)<4>","3d-4.3d+ (0,5/2)<5/2>",2914.0,4,theoretical,3,3d6
63,Eu,40,23,V,[Ar].3d5,3d-4.3d+,1s2.2s2.2p6.3s2.3p6.3d5,"(0,5/2)<5/2>",3d4 5D<0>,3022.0,4,theoretical,3,3d5
63,Eu,41,22,Ti,[Ar].3d4,3d4,1s2.2s2.2p6.3s2.3p6.3d4,5D0,3d3 4F<3/2>,3168.0,4,theoretical,3,3d4
63,Eu,42,21,Sc,[Ar].3d3,3d3,1s2.2s2.2p6.3s2.3p6.3d3,4F<3/2>,3d2 3F<2>,3279.0,4,theoretical,3,3d3
63,Eu,43,20,Ca,[Ar].3d2,3d2,1s2.2s2.2p6.3s2.3p6.3d2,3F<2>,3d 2D<3/2>,3398.0,4,theoretical,3,3d2
63,Eu,44,19,K,[Ar].3d,3d,1s2.2s2.2p6.3s2.3p6.3d1,2D<3/2>,3p6 1S<0>,3510.0,4,theoretical,3,3d1
63,Eu,45,18,Ar,[Ne].3s2.3p6,3p6,1s2.2s2.2p6.3s2.3p6,1S0,3p5 2P*<3/2>,3823.0,4,theoretical,3,3p6
63,Eu,46,17,Cl,[Ne].3s2.3p5,3p5,1s2.2s2.2p6.3s2.3p5,2P*<3/2>,3p4 3P<2>,3921.0,4,theoretical,3,3p5
63,Eu,47,16,S,[Ne].3s2.3p4,3p4,1s2.2s2.2p6.3s2.3p4,3P<2>,3p3 2P*<3/2>,4031.0,4,theoretical,3,3p4
63,Eu,48,15,P,[Ne].3s2.3p3,3p3,1s2.2s2.2p6.3s2.3p3,2P*<3/2>,3p2 3P<0>,4131.0,4,theoretical,3,3p3
63,Eu,49,14,Si,[Ne].3s2.3p2,3p2,1s2.2s2.2p6.3s2.3p2,3P0,3p 2P*<1/2>,4400.0,4,theoretical,3,3p2
63,Eu,50,13,Al,[Ne].3s2.3p,3p,1s2.2s2.2p6.3s2.3p1,2P*<1/2>,3s2 1S<0>,4513.0,4,theoretical,3,3p1
63,Eu,51,12,Mg,[Ne].3s2,3s2,1s2.2s2.2p6.3s2,1S0,3s 2S<1/2>,4729.0,4,theoretical,3,3s2
63,Eu,52,11,Na,[Ne].3s,3s,1s2.2s2.2p6.3s1,2S<1/2>,2p6 1S<0>,4838.0,4,theoretical,3,3s1
63,Eu,53,10,Ne,1s2.2s2.2p6,2p6,1s2.2s2.2p6,1S0,2p5 2P*<3/2>,10880.0,5,theoretical,2,2p6
63,Eu,54,9,F,1s2.2s2.2p5,2p5,1s2.2s2.2p5,2P*<3/2>,2p4 3P<2>,11153.0,5,theoretical,2,2p5
63,Eu,55,8,O,1s2.2s2.2p4,2p4,1s2.2s2.2p4,3P<2>,"2p2<1/2>.2p<3/2> (0,3/2)*<3/2>",11457.0,5,theoretical,2,2p4
63,Eu,56,7,N,1s2.2s2.2p3,2p2<1/2>.2p<3/2>,1s2.2s2.2p3,"(0,3/2)*<3/2>",2p2 3P<0>,11739.0,5,theoretical,2,2p3
63,Eu,57,6,C,1s2.2s2.2p2,2p2,1s2.2s2.2p2,3P0,2p 2P*<1/2>,12718.0,6,theoretical,2,2p2
63,Eu,58,5,B,1s2.2s2.2p,2p,1s2.2s2.2p1,2P*<1/2>,2s2 1S<0>,13050.0,6,theoretical,2,2p1
63,Eu,59,4,Be,1s2.2s2,2s2,1s2.2s2,1S0,2s 2S<1/2>,13462.0,7,theoretical,2,2s2
63,Eu,60,3,Li,1s2.2s,1s2.2s,1s2.2s1,2S<1/2>,1s2 1S<0>,13738.58,0.09,theoretical,2,2s1
63,Eu,61,2,He,1s2,1s2,1s2,1S0,1s 2S<1/2>,55865.93,0.08,theoretical,1,1s2
63,Eu,62,1,H,1s,1s,1s1,2S<1/2>,,57120.64,0.05,theoretical,1,1s1
64,Gd,0,64,Gd,[Xe].4f7.5d.6s2,4f7.(8S*).5d.6s2,1s2.2s2.2p6.3s2.3p6.3d10.4s2.4p6.4d10.5s2.5p6.4f7.5d1.6s2,9D*<2>,4f7.5d.6s 10D*<5/2>,6.1498,0.00004,experimental,6,6s2
64,Gd,1,63,Eu,[Xe].4f7.5d.6s,4f7.(8S*).5d (9D*).6s,1s2.2s2.2p6.3s2.3p6.3d10.4s2.4p6.4d10.5s2.5p6.4f7.5d1.6s1,10D*<5/2>,4f7.5p6.5d 9D*<2>,12.076,0.020,semi-empirical,6,6s1
64,Gd,2,62,Sm,[Xe].4f7.5d,4f7.(8S*).5d,1s2.2s2.2p6.3s2.3p6.3d10.4s2.4p6.4d10.5s2.5p6.4f7.5d1,9D*<2>,4f7.5s2.5p6 8S*<7/2>,20.54,0.03,semi-empirical,5,5d1
64,Gd,3,61,Pm,[Xe].4f7,4f7,1s2.2s2.2p6.3s2.3p6.3d10.4s2.4p6.4d10.5s2.5p6.4f7,8S*<7/2>,4f6.5s2.5p6 7F<0>,44.44,0.08,semi-empirical,5,4f7
64,Gd,4,60,Nd,[Xe].4f6,4f6.5s2.5p6,1s2.2s2.2p6.3s2.3p6.3d10.4s2.4p6.4d10.5s2.5p6.4f6,7F0,4f6.5s2.5p5*,64.8,0.4,semi-empirical,5,4f6
64,Gd,5,59,Pr,[Cd].4f6.5p5,4f6.5s2.5p5,1s2.2s2.2p6.3s2.3p6.3d10.4s2.4p6.4d10.5s2.4f6.5p5,*,4f6.5s2.5p4,89.0,4,theoretical,5,5p5
64,Gd,6,58,Ce,[Cd].4f6.5p4,4f6.5s2.5p4,1s2.2s2.2p6.3s2.3p6.3d10.4s2.4p6.4d10.5s2.4f6.5p4,,4f6.5s2.5p3*,106.0,5,theoretical,5,5p4
64,Gd,7,57,La,[Cd].4f6.5p3,4f6.5s2.5p3,1s2.2s2.2p6.3s2.3p6.3d10.4s2.4p6.4d10.5s2.4f6.5p3,*,4f6.5s2.5p2,123.0,6,theoretical,5,5p3
64,Gd,8,56,Ba,[Cd].4f6.5p2,4f6.5s2.5p2,1s2.2s2.2p6.3s2.3p6.3d10.4s2.4p6.4d10.5s2.4f6.5p2,,4f5.5s2.5p2*,144.0,7,theoretical,5,5p2
64,Gd,9,55,Cs,[Cd].4f5.5p2,4f5.5s2.5p2,1s2.2s2.2p6.3s2.3p6.3d10.4s2.4p6.4d10.5s2.4f5.5p2,*,4f5.5s2.5p,165.0,8,theoretical,5,5p2
64,Gd,10,54,Xe,[Cd].4f5.5p,4f5.5s2.5p,1s2.2s2.2p6.3s2.3p6.3d10.4s2.4p6.4d10.5s2.4f5.5p1,,4f5.5s2*,183.0,9,theoretical,5,5p1
64,Gd,11,53,I,[Cd].4f5,4f5.5s2,1s2.2s2.2p6.3s2.3p6.3d10.4s2.4p6.4d10.5s2.4f5,*,4f4.5s2,213.0,11,theoretical,5,4f5
64,Gd,12,52,Te,[Cd].4f4,4f4.5s2,1s2.2s2.2p6.3s2.3p6.3d10.4s2.4p6.4d10.5s2.4f4,,4f5 6H*<5/2>,246.0,12,theoretical,5,4f4
64,Gd,13,51,Sb,[Kr].4d10.4f5,4f5,1s2.2s2.2p6.3s2.3p6.3d10.4s2.4p6.4d10.4f5,6H*<5/2>,5s2.4f2,268.0,14,theoretical,4,4f5
64,Gd,14,50,Sn,[Cd].4f2,5s2.4f2,1s2.2s2.2p6.3s2.3p6.3d10.4s2.4p6.4d10.5s2.4f2,,4f3 4I*<9/2>,288.0,15,theoretical,5,4f2
64,Gd,15,49,In,[Kr].4d10.4f3,4f3,1s2.2s2.2p6.3s2.3p6.3d10.4s2.4p6.4d10.4f3,4I*<9/2>,4f2 3H<4>,319.0,16,theoretical,4,4f3
64,Gd,16,48,Cd,[Kr].4d10.4f2,4f2,1s2.2s2.2p6.3s2.3p6.3d10.4s2.4p6.4d10.4f2,3H<4>,4f 2F*<5/2>,352.0,17,theoretical,4,4f2
64,Gd,17,47,Ag,[Kr].4d10.4f,4f,1s2.2s2.2p6.3s2.3p6.3d10.4s2.4p6.4d10.4f1,2F*<5/2>,4d10 1S<0>,384.4,2.5,theoretical,4,4f1
64,Gd,18,46,Pd,[Kr].4d10,4d10,1s2.2s2.2p6.3s2.3p6.3d10.4s2.4p6.4d10,1S0,4d9 2D<5/2>,565.0,3,theoretical,4,4d10
64,Gd,19,45,Rh,[Kr].4d9,4d9,1s2.2s2.2p6.3s2.3p6.3d10.4s2.4p6.4d9,2D<5/2>,4d8 3F<4>,601.0,4,theoretical,4,4d9
64,Gd,20,44,Ru,[Kr].4d8,4d8,1s2.2s2.2p6.3s2.3p6.3d10.4s2.4p6.4d8,3F<4>,4d7 4F<9/2>,639.0,4,theoretical,4,4d8
64,Gd,21,43,Tc,[Kr].4d7,4d7,1s2.2s2.2p6.3s2.3p6.3d10.4s2.4p6.4d7,4F<9/2>,4d6 5D<4>,680.0,4,theoretical,4,4d7
64,Gd,22,42,Mo,[Kr].4d6,4d6,1s2.2s2.2p6.3s2.3p6.3d10.4s2.4p6.4d6,5D<4>,4d5 6S<5/2>,719.0,4,theoretical,4,4d6
64,Gd,23,41,Nb,[Kr].4d5,4d5,1s2.2s2.2p6.3s2.3p6.3d10.4s2.4p6.4d5,6S<5/2>,4d4 5D<0>,761.0,4,theoretical,4,4d5
64,Gd,24,40,Zr,[Kr].4d4,4d4,1s2.2s2.2p6.3s2.3p6.3d10.4s2.4p6.4d4,5D0,4d3 4F<3/2>,810.0,4,theoretical,4,4d4
64,Gd,25,39,Y,[Kr].4d3,4d3,1s2.2s2.2p6.3s2.3p6.3d10.4s2.4p6.4d3,4F<3/2>,4d2 3F<2>,851.0,4,theoretical,4,4d3
64,Gd,26,38,Sr,[Kr].4d2,4d2,1s2.2s2.2p6.3s2.3p6.3d10.4s2.4p6.4d2,3F<2>,4d 2D<3/2>,895.0,4,theoretical,4,4d2
64,Gd,27,37,Rb,[Kr].4d,4d,1s2.2s2.2p6.3s2.3p6.3d10.4s2.4p6.4d1,2D<3/2>,4p6 1S<0>,937.0,4,theoretical,4,4d1
64,Gd,28,36,Kr,[Ar].3d10.4s2.4p6,4p6,1s2.2s2.2p6.3s2.3p6.3d10.4s2.4p6,1S0,4p5 2P*<3/2>,1100.0,4,theoretical,4,4p6
64,Gd,29,35,Br,[Ar].3d10.4s2.4p5,4p5,1s2.2s2.2p6.3s2.3p6.3d10.4s2.4p5,2P*<3/2>,4p4 3P<2>,1142.0,4,theoretical,4,4p5
64,Gd,30,34,Se,[Ar].3d10.4s2.4p4,4p4,1s2.2s2.2p6.3s2.3p6.3d10.4s2.4p4,3P<2>,4p3 4S*<3/2>,1189.0,4,theoretical,4,4p4
64,Gd,31,33,As,[Ar].3d10.4s2.4p3,4p3,1s2.2s2.2p6.3s2.3p6.3d10.4s2.4p3,4S*<3/2>,4p2 3P<0>,1233.0,4,theoretical,4,4p3
64,Gd,32,32,Ge,[Ar].3d10.4s2.4p2,4p2,1s2.2s2.2p6.3s2.3p6.3d10.4s2.4p2,3P0,4p 2P*<1/2>,1321.0,4,theoretical,4,4p2
64,Gd,33,31,Ga,[Ar].3d10.4s2.4p,4p,1s2.2s2.2p6.3s2.3p6.3d10.4s2.4p1,2P*<1/2>,4s2 1S<0>,1368.0,5,theoretical,4,4p1
64,Gd,34,30,Zn,[Ar].3d10.4s2,4s2,1s2.2s2.2p6.3s2.3p6.3d10.4s2,1S0,4s 2S<1/2>,1481.0,5,theoretical,4,4s2
64,Gd,35,29,Cu,[Ar].3d10.4s,4s,1s2.2s2.2p6.3s2.3p6.3d10.4s1,2S<1/2>,3d10 1S<0>,1532.3,0.3,semi-empirical,4,4s1
64,Gd,36,28,Ni,[Ar].3d10,3d10,1s2.2s2.2p6.3s2.3p6.3d10,1S0,3d9 2D<5/2>,2621.0,5,theoretical,3,3d10
64,Gd,37,27,Co,[Ar].3d9,3d9,1s2.2s2.2p6.3s2.3p6.3d9,2D<5/2>,3d8 3F<4>,2720.0,4,theoretical,3,3d9
64,Gd,38,26,Fe,[Ar].3d8,3d8,1s2.2s2.2p6.3s2.3p6.3d8,3F<4>,3d7 4F<9/2>,2827.0,4,theoretical,3,3d8
64,Gd,39,25,Mn,[Ar].3d7,3d7,1s2.2s2.2p6.3s2.3p6.3d7,4F<9/2>,"3d-4.3d+2 (0,4)<4>",2941.0,4,theoretical,3,3d7
64,Gd,40,24,Cr,[Ar].3d6,3d-4.3d+2,1s2.2s2.2p6.3s2.3p6.3d6,"(0,4)<4>","3d-4.3d+ (0,5/2)<5/2>",3050.0,4,theoretical,3,3d6
64,Gd,41,23,V,[Ar].3d5,3d-4.3d+,1s2.2s2.2p6.3s2.3p6.3d5,"(0,5/2)<5/2>",3d4 5D<0>,3160.0,4,theoretical,3,3d5
64,Gd,42,22,Ti,[Ar].3d4,3d4,1s2.2s2.2p6.3s2.3p6.3d4,5D0,3d3 4F<3/2>,3312.0,4,theoretical,3,3d4
64,Gd,43,21,Sc,[Ar].3d3,3d3,1s2.2s2.2p6.3s2.3p6.3d3,4F<3/2>,3d2 3F<2>,3424.0,4,theoretical,3,3d3
64,Gd,44,20,Ca,[Ar].3d2,3d2,1s2.2s2.2p6.3s2.3p6.3d2,3F<2>,3d 2D<3/2>,3546.0,4,theoretical,3,3d2
64,Gd,45,19,K,[Ar].3d,3d,1s2.2s2.2p6.3s2.3p6.3d1,2D<3/2>,3p6 1S<0>,3660.0,4,theoretical,3,3d1
64,Gd,46,18,Ar,[Ne].3s2.3p6,3p6,1s2.2s2.2p6.3s2.3p6,1S0,3p5 2P*<3/2>,3980.0,4,theoretical,3,3p6
64,Gd,47,17,Cl,[Ne].3s2.3p5,3p5,1s2.2s2.2p6.3s2.3p5,2P*<3/2>,3p4 3P<2>,4080.0,4,theoretical,3,3p5
64,Gd,48,16,S,[Ne].3s2.3p4,3p4,1s2.2s2.2p6.3s2.3p4,3P<2>,3p3 2P*<3/2>,4191.0,4,theoretical,3,3p4
64,Gd,49,15,P,[Ne].3s2.3p3,3p3,1s2.2s2.2p6.3s2.3p3,2P*<3/2>,3p2 3P<0>,4294.0,4,theoretical,3,3p3
64,Gd,50,14,Si,[Ne].3s2.3p2,3p2,1s2.2s2.2p6.3s2.3p2,3P0,3p 2P*<1/2>,4578.0,4,theoretical,3,3p2
64,Gd,51,13,Al,[Ne].3s2.3p,3p,1s2.2s2.2p6.3s2.3p1,2P*<1/2>,3s2 1S<0>,4693.0,4,theoretical,3,3p1
64,Gd,52,12,Mg,[Ne].3s2,3s2,1s2.2s2.2p6.3s2,1S0,3s 2S<1/2>,4914.0,4,theoretical,3,3s2
64,Gd,53,11,Na,[Ne].3s,3s,1s2.2s2.2p6.3s1,2S<1/2>,2p6 1S<0>,5025.0,5,theoretical,3,3s1
64,Gd,54,10,Ne,1s2.2s2.2p6,2p6,1s2.2s2.2p6,1S0,2p5 2P*<3/2>,11273.0,5,theoretical,2,2p6
64,Gd,55,9,F,1s2.2s2.2p5,2p5,1s2.2s2.2p5,2P*<3/2>,2p4 3P<2>,11552.0,5,theoretical,2,2p5
64,Gd,56,8,O,1s2.2s2.2p4,2p4,1s2.2s2.2p4,3P<2>,"2p2<1/2>.2p<3/2> (0,3/2)*<3/2>",11861.0,5,theoretical,2,2p4
64,Gd,57,7,N,1s2.2s2.2p3,2p2<1/2>.2p<3/2>,1s2.2s2.2p3,"(0,3/2)*<3/2>",2p2 3P<0>,12147.0,6,theoretical,2,2p3
64,Gd,58,6,C,1s2.2s2.2p2,2p2,1s2.2s2.2p2,3P0,2p 2P*<1/2>,13183.0,6,theoretical,2,2p2
64,Gd,59,5,B,1s2.2s2.2p,2p,1s2.2s2.2p1,2P*<1/2>,2s2 1S<0>,13521.0,7,theoretical,2,2p1
64,Gd,60,4,Be,1s2.2s2,2s2,1s2.2s2,1S0,2s 2S<1/2>,13943.0,10,theoretical,2,2s2
64,Gd,61,3,Li,1s2.2s,1s2.2s,1s2.2s1,2S<1/2>,1s2 1S<0>,14224.57,0.10,theoretical,2,2s1
64,Gd,62,2,He,1s2,1s2,1s2,1S0,1s 2S<1/2>,57783.91,0.08,theoretical,1,1s2
64,Gd,63,1,H,1s,1s,1s1,2S<1/2>,,59065.54,0.05,theoretical,1,1s1
65,Tb,0,65,Tb,[Xe].4f9.6s2,4f9.6s2,1s2.2s2.2p6.3s2.3p6.3d10.4s2.4p6.4d10.5s2.5p6.4f9.6s2,6H*<15/2>,"4f9.(6H*).5p6.6s (15/2,1/2)*<8>",5.8638,0.0006,experimental,6,6s2
65,Tb,1,64,Gd,[Xe].4f9.6s,4f9.(6H*<15/2>).6s<1/2>,1s2.2s2.2p6.3s2.3p6.3d10.4s2.4p6.4d10.5s2.5p6.4f9.6s1,"(15/2,1/2)*<8>",4f9.5p6 6H*<15/2>,11.513,0.020,semi-empirical,6,6s1
65,Tb,2,63,Eu,[Xe].4f9,4f9,1s2.2s2.2p6.3s2.3p6.3d10.4s2.4p6.4d10.5s2.5p6.4f9,6H*<15/2>,4f8.5p6 7F<6>,21.82,0.03,semi-empirical,5,4f9
65,Tb,3,62,Sm,[Xe].4f8,4f8,1s2.2s2.2p6.3s2.3p6.3d10.4s2.4p6.4d10.5s2.5p6.4f8,7F<6>,4f7.5s2.5p6 8S*<7/2>,39.33,0.04,semi-empirical,5,4f8
65,Tb,4,61,Pm,[Xe].4f7,4f7.5s2.5p6,1s2.2s2.2p6.3s2.3p6.3d10.4s2.4p6.4d10.5s2.5p6.4f7,8S*<7/2>,4f7.5s2.5p5,66.5,0.3,semi-empirical,5,4f7
65,Tb,5,60,Nd,[Cd].4f7.5p5,4f7.5s2.5p5,1s2.2s2.2p6.3s2.3p6.3d10.4s2.4p6.4d10.5s2.4f7.5p5,,4f8.5s2.5p3*,90.0,4,theoretical,5,5p5
65,Tb,6,59,Pr,[Cd].4f8.5p3,4f8.5s2.5p3,1s2.2s2.2p6.3s2.3p6.3d10.4s2.4p6.4d10.5s2.4f8.5p3,*,4f7.5s2.5p3,108.0,5,theoretical,5,5p3
65,Tb,7,58,Ce,[Cd].4f7.5p3,4f7.5s2.5p3,1s2.2s2.2p6.3s2.3p6.3d10.4s2.4p6.4d10.5s2.4f7.5p3,,4f7.5s2.5p2*,125.0,6,theoretical,5,5p3
65,Tb,8,57,La,[Cd].4f7.5p2,4f7.5s2.5p2,1s2.2s2.2p6.3s2.3p6.3d10.4s2.4p6.4d10.5s2.4f7.5p2,*,4f6.5s2.5p2,143.0,7,theoretical,5,5p2
65,Tb,9,56,Ba,[Cd].4f6.5p2,4f6.5s2.5p2,1s2.2s2.2p6.3s2.3p6.3d10.4s2.4p6.4d10.5s2.4f6.5p2,,4f6.5s2.5p*,168.0,8,theoretical,5,5p2
65,Tb,10,55,Cs,[Cd].4f6.5p,4f6.5s2.5p,1s2.2s2.2p6.3s2.3p6.3d10.4s2.4p6.4d10.5s2.4f6.5p1,*,4f6.5s2,186.0,9,theoretical,5,5p1
65,Tb,11,54,Xe,[Cd].4f6,4f6.5s2,1s2.2s2.2p6.3s2.3p6.3d10.4s2.4p6.4d10.5s2.4f6,,4f5.5s2*,216.0,11,theoretical,5,4f6
65,Tb,12,53,I,[Cd].4f5,4f5.5s2,1s2.2s2.2p6.3s2.3p6.3d10.4s2.4p6.4d10.5s2.4f5,*,4f4.5s2,250.0,12,theoretical,5,4f5
65,Tb,13,52,Te,[Cd].4f4,4f4.5s2,1s2.2s2.2p6.3s2.3p6.3d10.4s2.4p6.4d10.5s2.4f4,,4f5 6H*<5/2>,273.0,14,theoretical,5,4f4
65,Tb,14,51,Sb,[Kr].4d10.4f5,4f5,1s2.2s2.2p6.3s2.3p6.3d10.4s2.4p6.4d10.4f5,6H*<5/2>,4f4 5I<4>,294.0,15,theoretical,4,4f5
65,Tb,15,50,Sn,[Kr].4d10.4f4,4f4,1s2.2s2.2p6.3s2.3p6.3d10.4s2.4p6.4d10.4f4,5I<4>,4f3 4I*<9/2>,325.0,16,theoretical,4,4f4
65,Tb,16,49,In,[Kr].4d10.4f3,4f3,1s2.2s2.2p6.3s2.3p6.3d10.4s2.4p6.4d10.4f3,4I*<9/2>,4f2 3H<4>,358.0,17,theoretical,4,4f3
65,Tb,17,48,Cd,[Kr].4d10.4f2,4f2,1s2.2s2.2p6.3s2.3p6.3d10.4s2.4p6.4d10.4f2,3H<4>,4f 2F*<5/2>,393.0,20,theoretical,4,4f2
65,Tb,18,47,Ag,[Kr].4d10.4f,4f,1s2.2s2.2p6.3s2.3p6.3d10.4s2.4p6.4d10.4f1,2F*<5/2>,4d10 1S<0>,426.6,2.5,theoretical,4,4f1
65,Tb,19,46,Pd,[Kr].4d10,4d10,1s2.2s2.2p6.3s2.3p6.3d10.4s2.4p6.4d10,1S0,4d9 2D<5/2>,613.0,4,theoretical,4,4d10
65,Tb,20,45,Rh,[Kr].4d9,4d9,1s2.2s2.2p6.3s2.3p6.3d10.4s2.4p6.4d9,2D<5/2>,4d8 3F<4>,651.0,4,theoretical,4,4d9
65,Tb,21,44,Ru,[Kr].4d8,4d8,1s2.2s2.2p6.3s2.3p6.3d10.4s2.4p6.4d8,3F<4>,4d7 4F<9/2>,690.0,4,theoretical,4,4d8
65,Tb,22,43,Tc,[Kr].4d7,4d7,1s2.2s2.2p6.3s2.3p6.3d10.4s2.4p6.4d7,4F<9/2>,4d6 5D<4>,732.0,4,theoretical,4,4d7
65,Tb,23,42,Mo,[Kr].4d6,4d6,1s2.2s2.2p6.3s2.3p6.3d10.4s2.4p6.4d6,5D<4>,4d5 6S<5/2>,772.0,4,theoretical,4,4d6
65,Tb,24,41,Nb,[Kr].4d5,4d5,1s2.2s2.2p6.3s2.3p6.3d10.4s2.4p6.4d5,6S<5/2>,4d4 5D<0>,816.0,4,theoretical,4,4d5
65,Tb,25,40,Zr,[Kr].4d4,4d4,1s2.2s2.2p6.3s2.3p6.3d10.4s2.4p6.4d4,5D0,4d3 4F<3/2>,866.0,4,theoretical,4,4d4
65,Tb,26,39,Y,[Kr].4d3,4d3,1s2.2s2.2p6.3s2.3p6.3d10.4s2.4p6.4d3,4F<3/2>,4d2 3F<2>,909.0,4,theoretical,4,4d3
65,Tb,27,38,Sr,[Kr].4d2,4d2,1s2.2s2.2p6.3s2.3p6.3d10.4s2.4p6.4d2,3F<2>,4d 2D<3/2>,954.0,4,theoretical,4,4d2
65,Tb,28,37,Rb,[Kr].4d,4d,1s2.2s2.2p6.3s2.3p6.3d10.4s2.4p6.4d1,2D<3/2>,4p6 1S<0>,997.0,4,theoretical,4,4d1
65,Tb,29,36,Kr,[Ar].3d10.4s2.4p6,4p6,1s2.2s2.2p6.3s2.3p6.3d10.4s2.4p6,1S0,4p5 2P*<3/2>,1165.0,4,theoretical,4,4p6
65,Tb,30,35,Br,[Ar].3d10.4s2.4p5,4p5,1s2.2s2.2p6.3s2.3p6.3d10.4s2.4p5,2P*<3/2>,4p4 3P<2>,1208.0,4,theoretical,4,4p5
65,Tb,31,34,Se,[Ar].3d10.4s2.4p4,4p4,1s2.2s2.2p6.3s2.3p6.3d10.4s2.4p4,3P<2>,4p3 4S*<3/2>,1256.0,4,theoretical,4,4p4
65,Tb,32,33,As,[Ar].3d10.4s2.4p3,4p3,1s2.2s2.2p6.3s2.3p6.3d10.4s2.4p3,4S*<3/2>,4p2 3P<0>,1301.0,4,theoretical,4,4p3
65,Tb,33,32,Ge,[Ar].3d10.4s2.4p2,4p2,1s2.2s2.2p6.3s2.3p6.3d10.4s2.4p2,3P0,4p 2P*<1/2>,1393.0,5,theoretical,4,4p2
65,Tb,34,31,Ga,[Ar].3d10.4s2.4p,4p,1s2.2s2.2p6.3s2.3p6.3d10.4s2.4p1,2P*<1/2>,4s2 1S<0>,1443.0,5,theoretical,4,4p1
65,Tb,35,30,Zn,[Ar].3d10.4s2,4s2,1s2.2s2.2p6.3s2.3p6.3d10.4s2,1S0,4s 2S<1/2>,1559.0,5,theoretical,4,4s2
65,Tb,36,29,Cu,[Ar].3d10.4s,4s,1s2.2s2.2p6.3s2.3p6.3d10.4s1,2S<1/2>,3d10 1S<0>,1610.4,0.7,semi-empirical,4,4s1
65,Tb,37,28,Ni,[Ar].3d10,3d10,1s2.2s2.2p6.3s2.3p6.3d10,1S0,3d9 2D<5/2>,2750.0,4,theoretical,3,3d10
65,Tb,38,27,Co,[Ar].3d9,3d9,1s2.2s2.2p6.3s2.3p6.3d9,2D<5/2>,3d8 3F<4>,2852.0,4,theoretical,3,3d9
65,Tb,39,26,Fe,[Ar].3d8,3d8,1s2.2s2.2p6.3s2.3p6.3d8,3F<4>,3d7 4F<9/2>,2961.0,4,theoretical,3,3d8
65,Tb,40,25,Mn,[Ar].3d7,3d7,1s2.2s2.2p6.3s2.3p6.3d7,4F<9/2>,"3d-4.3d+2 (0,4)<4>",3078.0,4,theoretical,3,3d7
65,Tb,41,24,Cr,[Ar].3d6,3d-4.3d+2,1s2.2s2.2p6.3s2.3p6.3d6,"(0,4)<4>","3d-4.3d+ (0,5/2)<5/2>",3189.0,4,theoretical,3,3d6
65,Tb,42,23,V,[Ar].3d5,3d-4.3d+,1s2.2s2.2p6.3s2.3p6.3d5,"(0,5/2)<5/2>",3d4 5D<0>,3300.0,4,theoretical,3,3d5
65,Tb,43,22,Ti,[Ar].3d4,3d4,1s2.2s2.2p6.3s2.3p6.3d4,5D0,3d3 4F<3/2>,3458.0,4,theoretical,3,3d4
65,Tb,44,21,Sc,[Ar].3d3,3d3,1s2.2s2.2p6.3s2.3p6.3d3,4F<3/2>,3d2 3F<2>,3573.0,4,theoretical,3,3d3
65,Tb,45,20,Ca,[Ar].3d2,3d2,1s2.2s2.2p6.3s2.3p6.3d2,3F<2>,3d 2D<3/2>,3698.0,4,theoretical,3,3d2
65,Tb,46,19,K,[Ar].3d,3d,1s2.2s2.2p6.3s2.3p6.3d1,2D<3/2>,3p6 1S<0>,3814.0,4,theoretical,3,3d1
65,Tb,47,18,Ar,[Ne].3s2.3p6,3p6,1s2.2s2.2p6.3s2.3p6,1S0,3p5 2P*<3/2>,4139.0,4,theoretical,3,3p6
65,Tb,48,17,Cl,[Ne].3s2.3p5,3p5,1s2.2s2.2p6.3s2.3p5,2P*<3/2>,3p4 3P<2>,4242.0,4,theoretical,3,3p5
65,Tb,49,16,S,[Ne].3s2.3p4,3p4,1s2.2s2.2p6.3s2.3p4,3P<2>,3p3 2P*<3/2>,4355.0,4,theoretical,3,3p4
65,Tb,50,15,P,[Ne].3s2.3p3,3p3,1s2.2s2.2p6.3s2.3p3,2P*<3/2>,3p2 3P<0>,4460.0,4,theoretical,3,3p3
65,Tb,51,14,Si,[Ne].3s2.3p2,3p2,1s2.2s2.2p6.3s2.3p2,3P0,3p 2P*<1/2>,4760.0,4,theoretical,3,3p2
65,Tb,52,13,Al,[Ne].3s2.3p,3p,1s2.2s2.2p6.3s2.3p1,2P*<1/2>,3s2 1S<0>,4877.0,4,theoretical,3,3p1
65,Tb,53,12,Mg,[Ne].3s2,3s2,1s2.2s2.2p6.3s2,1S0,3s 2S<1/2>,5103.0,5,theoretical,3,3s2
65,Tb,54,11,Na,[Ne].3s,3s,1s2.2s2.2p6.3s1,2S<1/2>,2p6 1S<0>,5217.0,5,theoretical,3,3s1
65,Tb,55,10,Ne,1s2.2s2.2p6,2p6,1s2.2s2.2p6,1S0,2p5 2P*<3/2>,11673.0,5,theoretical,2,2p6
65,Tb,56,9,F,1s2.2s2.2p5,2p5,1s2.2s2.2p5,2P*<3/2>,2p4 3P<2>,11957.0,5,theoretical,2,2p5
65,Tb,57,8,O,1s2.2s2.2p4,2p4,1s2.2s2.2p4,3P<2>,"2p2<1/2>.2p<3/2> (0,3/2)*<3/2>",12272.0,6,theoretical,2,2p4
65,Tb,58,7,N,1s2.2s2.2p3,2p2<1/2>.2p<3/2>,1s2.2s2.2p3,"(0,3/2)*<3/2>",2p2 3P<0>,12563.0,6,theoretical,2,2p3
65,Tb,59,6,C,1s2.2s2.2p2,2p2,1s2.2s2.2p2,3P0,2p 2P*<1/2>,13658.0,7,theoretical,2,2p2
65,Tb,60,5,B,1s2.2s2.2p,2p,1s2.2s2.2p1,2P*<1/2>,2s2 1S<0>,14003.0,10,theoretical,2,2p1
65,Tb,61,4,Be,1s2.2s2,2s2,1s2.2s2,1S0,2s 2S<1/2>,14434.0,12,theoretical,2,2s2
65,Tb,62,3,Li,1s2.2s,1s2.2s,1s2.2s1,2S<1/2>,1s2 1S<0>,14721.02,0.10,theoretical,2,2s1
65,Tb,63,2,He,1s2,1s2,1s2,1S0,1s 2S<1/2>,59741.12,0.09,theoretical,1,1s2
65,Tb,64,1,H,1s,1s,1s1,2S<1/2>,,61050.1,0.6,theoretical,1,1s1
66,Dy,0,66,Dy,[Xe].4f10.6s2,4f10.6s2,1s2.2s2.2p6.3s2.3p6.3d10.4s2.4p6.4d10.5s2.5p6.4f10.6s2,5I<8>,"4f10.(5I<8>).6s<1/2> (8,1/2)<17/2>",5.939061,0.000006,experimental,6,6s2
66,Dy,1,65,Tb,[Xe].4f10.6s,4f10.(5I<8>).6s<1/2>,1s2.2s2.2p6.3s2.3p6.3d10.4s2.4p6.4d10.5s2.5p6.4f10.6s1,"(8,1/2)<17/2>",4f10.5p6 5I<8>,11.647,0.020,semi-empirical,6,6s1
66,Dy,2,64,Gd,[Xe].4f10,4f10.5p6,1s2.2s2.2p6.3s2.3p6.3d10.4s2.4p6.4d10.5s2.5p6.4f10,5I<8>,4f9.5p6 6H*<15/2>,22.89,0.03,semi-empirical,5,4f10
66,Dy,3,63,Eu,[Xe].4f9,4f9,1s2.2s2.2p6.3s2.3p6.3d10.4s2.4p6.4d10.5s2.5p6.4f9,6H*<15/2>,4f8.5p6 7F<6>,41.23,0.08,semi-empirical,5,4f9
66,Dy,4,62,Sm,[Xe].4f8,4f8.5p6,1s2.2s2.2p6.3s2.3p6.3d10.4s2.4p6.4d10.5s2.5p6.4f8,7F<6>,4f8.5s2.5p5*,62.1,0.3,semi-empirical,5,4f8
66,Dy,5,61,Pm,[Cd].4f8.5p5,4f8.5s2.5p5,1s2.2s2.2p6.3s2.3p6.3d10.4s2.4p6.4d10.5s2.4f8.5p5,*,4f8.5s2.5p4,93.0,5,theoretical,5,5p5
66,Dy,6,60,Nd,[Cd].4f8.5p4,4f8.5s2.5p4,1s2.2s2.2p6.3s2.3p6.3d10.4s2.4p6.4d10.5s2.4f8.5p4,,4f9.5s2.5p2*,110.0,5,theoretical,5,5p4
66,Dy,7,59,Pr,[Cd].4f9.5p2,4f9.5s2.5p2,1s2.2s2.2p6.3s2.3p6.3d10.4s2.4p6.4d10.5s2.4f9.5p2,*,4f8.5s2.5p2,127.0,6,theoretical,5,5p2
66,Dy,8,58,Ce,[Cd].4f8.5p2,4f8.5s2.5p2,1s2.2s2.2p6.3s2.3p6.3d10.4s2.4p6.4d10.5s2.4f8.5p2,,4f8.5s2.5p*,152.0,8,theoretical,5,5p2
66,Dy,9,57,La,[Cd].4f8.5p,4f8.5s2.5p,1s2.2s2.2p6.3s2.3p6.3d10.4s2.4p6.4d10.5s2.4f8.5p1,*,4f8.5s2,170.0,9,theoretical,5,5p1
66,Dy,10,56,Ba,[Cd].4f8,4f8.5s2,1s2.2s2.2p6.3s2.3p6.3d10.4s2.4p6.4d10.5s2.4f8,,4f7.5s2*,192.0,10,theoretical,5,4f8
66,Dy,11,55,Cs,[Cd].4f7,4f7.5s2,1s2.2s2.2p6.3s2.3p6.3d10.4s2.4p6.4d10.5s2.4f7,*,4f6.5s2,224.0,11,theoretical,5,4f7
66,Dy,12,54,Xe,[Cd].4f6,4f6.5s2,1s2.2s2.2p6.3s2.3p6.3d10.4s2.4p6.4d10.5s2.4f6,,4f6.5s*,259.0,12,theoretical,5,4f6
66,Dy,13,53,I,[Kr].4d10.4f6.5s,4f6.5s,1s2.2s2.2p6.3s2.3p6.3d10.4s2.4p6.4d10.4f6.5s1,,4f4.5s2,279.0,14,theoretical,5,5s1
66,Dy,14,52,Te,[Cd].4f4,4f4.5s2,1s2.2s2.2p6.3s2.3p6.3d10.4s2.4p6.4d10.5s2.4f4,,4f5 6H*<5/2>,300.0,15,theoretical,5,4f4
66,Dy,15,51,Sb,[Kr].4d10.4f5,4f5,1s2.2s2.2p6.3s2.3p6.3d10.4s2.4p6.4d10.4f5,6H*<5/2>,4f4 5I<4>,332.0,16,theoretical,4,4f5
66,Dy,16,50,Sn,[Kr].4d10.4f4,4f4,1s2.2s2.2p6.3s2.3p6.3d10.4s2.4p6.4d10.4f4,5I<4>,4f3 4I*<9/2>,366.0,19,theoretical,4,4f4
66,Dy,17,49,In,[Kr].4d10.4f3,4f3,1s2.2s2.2p6.3s2.3p6.3d10.4s2.4p6.4d10.4f3,4I*<9/2>,4f2 3H<4>,399.0,20,theoretical,4,4f3
66,Dy,18,48,Cd,[Kr].4d10.4f2,4f2,1s2.2s2.2p6.3s2.3p6.3d10.4s2.4p6.4d10.4f2,3H<4>,4f 2F*<5/2>,431.0,21,theoretical,4,4f2
66,Dy,19,47,Ag,[Kr].4d10.4f,4f,1s2.2s2.2p6.3s2.3p6.3d10.4s2.4p6.4d10.4f1,2F*<5/2>,4d10 1S<0>,464.9,2.5,theoretical,4,4f1
66,Dy,20,46,Pd,[Kr].4d10,4d10,1s2.2s2.2p6.3s2.3p6.3d10.4s2.4p6.4d10,1S0,4d9 2D<5/2>,664.0,4,theoretical,4,4d10
66,Dy,21,45,Rh,[Kr].4d9,4d9,1s2.2s2.2p6.3s2.3p6.3d10.4s2.4p6.4d9,2D<5/2>,4d8 3F<4>,702.0,4,theoretical,4,4d9
66,Dy,22,44,Ru,[Kr].4d8,4d8,1s2.2s2.2p6.3s2.3p6.3d10.4s2.4p6.4d8,3F<4>,4d7 4F<9/2>,743.0,4,theoretical,4,4d8
66,Dy,23,43,Tc,[Kr].4d7,4d7,1s2.2s2.2p6.3s2.3p6.3d10.4s2.4p6.4d7,4F<9/2>,4d6 5D<4>,786.0,4,theoretical,4,4d7
66,Dy,24,42,Mo,[Kr].4d6,4d6,1s2.2s2.2p6.3s2.3p6.3d10.4s2.4p6.4d6,5D<4>,4d5 6S<5/2>,827.0,4,theoretical,4,4d6
66,Dy,25,41,Nb,[Kr].4d5,4d5,1s2.2s2.2p6.3s2.3p6.3d10.4s2.4p6.4d5,6S<5/2>,4d4 5D<0>,872.0,4,theoretical,4,4d5
66,Dy,26,40,Zr,[Kr].4d4,4d4,1s2.2s2.2p6.3s2.3p6.3d10.4s2.4p6.4d4,5D0,4d3 4F<3/2>,924.0,4,theoretical,4,4d4
66,Dy,27,39,Y,[Kr].4d3,4d3,1s2.2s2.2p6.3s2.3p6.3d10.4s2.4p6.4d3,4F<3/2>,4d2 3F<2>,969.0,4,theoretical,4,4d3
66,Dy,28,38,Sr,[Kr].4d2,4d2,1s2.2s2.2p6.3s2.3p6.3d10.4s2.4p6.4d2,3F<2>,4d 2D<3/2>,1014.0,4,theoretical,4,4d2
66,Dy,29,37,Rb,[Kr].4d,4d,1s2.2s2.2p6.3s2.3p6.3d10.4s2.4p6.4d1,2D<3/2>,4p6 1S<0>,1059.0,4,theoretical,4,4d1
66,Dy,30,36,Kr,[Ar].3d10.4s2.4p6,4p6,1s2.2s2.2p6.3s2.3p6.3d10.4s2.4p6,1S0,4p5 2P*<3/2>,1232.0,4,theoretical,4,4p6
66,Dy,31,35,Br,[Ar].3d10.4s2.4p5,4p5,1s2.2s2.2p6.3s2.3p6.3d10.4s2.4p5,2P*<3/2>,4p4 3P<2>,1275.0,4,theoretical,4,4p5
66,Dy,32,34,Se,[Ar].3d10.4s2.4p4,4p4,1s2.2s2.2p6.3s2.3p6.3d10.4s2.4p4,3P<2>,4p3 4S*<3/2>,1325.0,4,theoretical,4,4p4
66,Dy,33,33,As,[Ar].3d10.4s2.4p3,4p3,1s2.2s2.2p6.3s2.3p6.3d10.4s2.4p3,4S*<3/2>,4p2 3P<0>,1371.0,5,theoretical,4,4p3
66,Dy,34,32,Ge,[Ar].3d10.4s2.4p2,4p2,1s2.2s2.2p6.3s2.3p6.3d10.4s2.4p2,3P0,4p 2P*<1/2>,1468.0,5,theoretical,4,4p2
66,Dy,35,31,Ga,[Ar].3d10.4s2.4p,4p,1s2.2s2.2p6.3s2.3p6.3d10.4s2.4p1,2P*<1/2>,4s2 1S<0>,1520.0,5,theoretical,4,4p1
66,Dy,36,30,Zn,[Ar].3d10.4s2,4s2,1s2.2s2.2p6.3s2.3p6.3d10.4s2,1S0,4s 2S<1/2>,1638.0,5,theoretical,4,4s2
66,Dy,37,29,Cu,[Ar].3d10.4s,4s,1s2.2s2.2p6.3s2.3p6.3d10.4s1,2S<1/2>,3d10 1S<0>,1691.7,0.3,semi-empirical,4,4s1
66,Dy,38,28,Ni,[Ar].3d10,3d10,1s2.2s2.2p6.3s2.3p6.3d10,1S0,3d9 2D<5/2>,2882.0,4,theoretical,3,3d10
66,Dy,39,27,Co,[Ar].3d9,3d9,1s2.2s2.2p6.3s2.3p6.3d9,2D<5/2>,3d8 3F<4>,2987.0,4,theoretical,3,3d9
66,Dy,40,26,Fe,[Ar].3d8,3d8,1s2.2s2.2p6.3s2.3p6.3d8,3F<4>,3d7 4F<9/2>,3098.0,4,theoretical,3,3d8
66,Dy,41,25,Mn,[Ar].3d7,3d7,1s2.2s2.2p6.3s2.3p6.3d7,4F<9/2>,"3d-4.3d+2 (0,4)<4>",3217.0,4,theoretical,3,3d7
66,Dy,42,24,Cr,[Ar].3d6,3d-4.3d+2,1s2.2s2.2p6.3s2.3p6.3d6,"(0,4)<4>","3d-4.3d+ (0,5/2)<5/2>",3331.0,4,theoretical,3,3d6
66,Dy,43,23,V,[Ar].3d5,3d-4.3d+,1s2.2s2.2p6.3s2.3p6.3d5,"(0,5/2)<5/2>",3d4 5D<0>,3445.0,4,theoretical,3,3d5
66,Dy,44,22,Ti,[Ar].3d4,3d4,1s2.2s2.2p6.3s2.3p6.3d4,5D0,3d3 4F<3/2>,3607.0,4,theoretical,3,3d4
66,Dy,45,21,Sc,[Ar].3d3,3d3,1s2.2s2.2p6.3s2.3p6.3d3,4F<3/2>,3d2 3F<2>,3725.0,4,theoretical,3,3d3
66,Dy,46,20,Ca,[Ar].3d2,3d2,1s2.2s2.2p6.3s2.3p6.3d2,3F<2>,3d 2D<3/2>,3852.0,4,theoretical,3,3d2
66,Dy,47,19,K,[Ar].3d,3d,1s2.2s2.2p6.3s2.3p6.3d1,2D<3/2>,3p6 1S<0>,3970.0,4,theoretical,3,3d1
66,Dy,48,18,Ar,[Ne].3s2.3p6,3p6,1s2.2s2.2p6.3s2.3p6,1S0,3p5 2P*<3/2>,4303.0,4,theoretical,3,3p6
66,Dy,49,17,Cl,[Ne].3s2.3p5,3p5,1s2.2s2.2p6.3s2.3p5,2P*<3/2>,3p4 3P<2>,4407.0,4,theoretical,3,3p5
66,Dy,50,16,S,[Ne].3s2.3p4,3p4,1s2.2s2.2p6.3s2.3p4,3P<2>,3p3 2P*<3/2>,4523.0,4,theoretical,3,3p4
66,Dy,51,15,P,[Ne].3s2.3p3,3p3,1s2.2s2.2p6.3s2.3p3,2P*<3/2>,3p2 3P<0>,4629.0,4,theoretical,3,3p3
66,Dy,52,14,Si,[Ne].3s2.3p2,3p2,1s2.2s2.2p6.3s2.3p2,3P0,3p 2P*<1/2>,4945.0,4,theoretical,3,3p2
66,Dy,53,13,Al,[Ne].3s2.3p,3p,1s2.2s2.2p6.3s2.3p1,2P*<1/2>,3s2 1S<0>,5066.0,5,theoretical,3,3p1
66,Dy,54,12,Mg,[Ne].3s2,3s2,1s2.2s2.2p6.3s2,1S0,3s 2S<1/2>,5296.0,5,theoretical,3,3s2
66,Dy,55,11,Na,[Ne].3s,3s,1s2.2s2.2p6.3s1,2S<1/2>,2p6 1S<0>,5412.0,5,theoretical,3,3s1
66,Dy,56,10,Ne,1s2.2s2.2p6,2p6,1s2.2s2.2p6,1S0,2p5 2P*<3/2>,12081.0,5,theoretical,2,2p6
66,Dy,57,9,F,1s2.2s2.2p5,2p5,1s2.2s2.2p5,2P*<3/2>,2p4 3P<2>,12370.0,6,theoretical,2,2p5
66,Dy,58,8,O,1s2.2s2.2p4,2p4,1s2.2s2.2p4,3P<2>,"2p2<1/2>.2p<3/2> (0,3/2)*<3/2>",12690.0,6,theoretical,2,2p4
66,Dy,59,7,N,1s2.2s2.2p3,2p2<1/2>.2p<3/2>,1s2.2s2.2p3,"(0,3/2)*<3/2>",2p2 3P<0>,12986.0,7,theoretical,2,2p3
66,Dy,60,6,C,1s2.2s2.2p2,2p2,1s2.2s2.2p2,3P0,2p 2P*<1/2>,14144.0,10,theoretical,2,2p2
66,Dy,61,5,B,1s2.2s2.2p,2p,1s2.2s2.2p1,2P*<1/2>,2s2 1S<0>,14495.0,12,theoretical,2,2p1
66,Dy,62,4,Be,1s2.2s2,2s2,1s2.2s2,1S0,2s 2S<1/2>,14936.0,15,theoretical,2,2s2
66,Dy,63,3,Li,1s2.2s,1s2.2s,1s2.2s1,2S<1/2>,1s2 1S<0>,15228.06,0.11,theoretical,2,2s1
66,Dy,64,2,He,1s2,1s2,1s2,1S0,1s 2S<1/2>,61736.62,0.10,theoretical,1,1s2
66,Dy,65,1,H,1s,1s,1s1,2S<1/2>,,63073.23,0.10,theoretical,1,1s1
67,Ho,0,67,Ho,[Xe].4f11.6s2,4f11.6s2,1s2.2s2.2p6.3s2.3p6.3d10.4s2.4p6.4d10.5s2.5p6.4f11.6s2,4I*<15/2>,"4f11.(4I*).5p6.6s (15/2,1/2)*<8>",6.0215,0.0006,experimental,6,6s2
67,Ho,1,66,Dy,[Xe].4f11.6s,4f11.(4I*<15/2>).6s<1/2>,1s2.2s2.2p6.3s2.3p6.3d10.4s2.4p6.4d10.5s2.5p6.4f11.6s1,"(15/2,1/2)*<8>",4f11 4I*<15/2>,11.781,0.020,semi-empirical,6,6s1
67,Ho,2,65,Tb,[Xe].4f11,4f11,1s2.2s2.2p6.3s2.3p6.3d10.4s2.4p6.4d10.5s2.5p6.4f11,4I*<15/2>,4f10.5p6 5I<8>,22.79,0.03,semi-empirical,5,4f11
67,Ho,3,64,Gd,[Xe].4f10,4f10,1s2.2s2.2p6.3s2.3p6.3d10.4s2.4p6.4d10.5s2.5p6.4f10,5I<8>,4f9.5p6 6H*<15/2>,42.52,0.08,semi-empirical,5,4f10
67,Ho,4,63,Eu,[Xe].4f9,4f9.5p6,1s2.2s2.2p6.3s2.3p6.3d10.4s2.4p6.4d10.5s2.5p6.4f9,6H*<15/2>,4f9.5p5,63.9,0.3,semi-empirical,5,4f9
67,Ho,5,62,Sm,[Cd].4f9.5p5,4f9.5p5,1s2.2s2.2p6.3s2.3p6.3d10.4s2.4p6.4d10.5s2.4f9.5p5,,4f9.5s2.5p4*,95.0,5,theoretical,5,5p5
67,Ho,6,61,Pm,[Cd].4f9.5p4,4f9.5s2.5p4,1s2.2s2.2p6.3s2.3p6.3d10.4s2.4p6.4d10.5s2.4f9.5p4,*,4f9.5s2.5p3,112.0,6,theoretical,5,5p4
67,Ho,7,60,Nd,[Cd].4f9.5p3,4f9.5s2.5p3,1s2.2s2.2p6.3s2.3p6.3d10.4s2.4p6.4d10.5s2.4f9.5p3,,4f10.5s2.5p*,129.0,6,theoretical,5,5p3
67,Ho,8,59,Pr,[Cd].4f10.5p,4f10.5s2.5p,1s2.2s2.2p6.3s2.3p6.3d10.4s2.4p6.4d10.5s2.4f10.5p1,*,4f9.5s2.5p,155.0,8,theoretical,5,5p1
67,Ho,9,58,Ce,[Cd].4f9.5p,4f9.5s2.5p,1s2.2s2.2p6.3s2.3p6.3d10.4s2.4p6.4d10.5s2.4f9.5p1,,4f9.5s2*,173.0,9,theoretical,5,5p1
67,Ho,10,57,La,[Cd].4f9,4f9.5s2,1s2.2s2.2p6.3s2.3p6.3d10.4s2.4p6.4d10.5s2.4f9,*,4f8.5s2,197.0,10,theoretical,5,4f9
67,Ho,11,56,Ba,[Cd].4f8,4f8.5s2,1s2.2s2.2p6.3s2.3p6.3d10.4s2.4p6.4d10.5s2.4f8,,4f7.5s2*,229.0,12,theoretical,5,4f8
67,Ho,12,55,Cs,[Cd].4f7,4f7.5s2,1s2.2s2.2p6.3s2.3p6.3d10.4s2.4p6.4d10.5s2.4f7,*,4f6.5s2,263.0,14,theoretical,5,4f7
67,Ho,13,54,Xe,[Cd].4f6,4f6.5s2,1s2.2s2.2p6.3s2.3p6.3d10.4s2.4p6.4d10.5s2.4f6,,4f6.5s*,284.0,14,theoretical,5,4f6
67,Ho,14,53,I,[Kr].4d10.4f6.5s,4f6.5s,1s2.2s2.2p6.3s2.3p6.3d10.4s2.4p6.4d10.4f6.5s1,,4f4.5s2,305.0,15,theoretical,5,5s1
67,Ho,15,52,Te,[Cd].4f4,4f4.5s2,1s2.2s2.2p6.3s2.3p6.3d10.4s2.4p6.4d10.5s2.4f4,,4f5 6H*<5/2>,340.0,17,theoretical,5,4f4
67,Ho,16,51,Sb,[Kr].4d10.4f5,4f5,1s2.2s2.2p6.3s2.3p6.3d10.4s2.4p6.4d10.4f5,6H*<5/2>,4f4 5I<4>,373.0,19,theoretical,4,4f5
67,Ho,17,50,Sn,[Kr].4d10.4f4,4f4,1s2.2s2.2p6.3s2.3p6.3d10.4s2.4p6.4d10.4f4,5I<4>,4f3 4I*<9/2>,408.0,20,theoretical,4,4f4
67,Ho,18,49,In,[Kr].4d10.4f3,4f3,1s2.2s2.2p6.3s2.3p6.3d10.4s2.4p6.4d10.4f3,4I*<9/2>,4f2 3H<4>,441.0,22,theoretical,4,4f3
67,Ho,19,48,Cd,[Kr].4d10.4f2,4f2,1s2.2s2.2p6.3s2.3p6.3d10.4s2.4p6.4d10.4f2,3H<4>,4f 2F*<5/2>,475.0,24,theoretical,4,4f2
67,Ho,20,47,Ag,[Kr].4d10.4f,4f,1s2.2s2.2p6.3s2.3p6.3d10.4s2.4p6.4d10.4f1,2F*<5/2>,4d10 1S<0>,510.0,4,theoretical,4,4f1
67,Ho,21,46,Pd,[Kr].4d10,4d10,1s2.2s2.2p6.3s2.3p6.3d10.4s2.4p6.4d10,1S0,4d9 2D<5/2>,715.0,4,theoretical,4,4d10
67,Ho,22,45,Rh,[Kr].4d9,4d9,1s2.2s2.2p6.3s2.3p6.3d10.4s2.4p6.4d9,2D<5/2>,4d8 3F<4>,755.0,4,theoretical,4,4d9
67,Ho,23,44,Ru,[Kr].4d8,4d8,1s2.2s2.2p6.3s2.3p6.3d10.4s2.4p6.4d8,3F<4>,4d7 4F<9/2>,797.0,4,theoretical,4,4d8
67,Ho,24,43,Tc,[Kr].4d7,4d7,1s2.2s2.2p6.3s2.3p6.3d10.4s2.4p6.4d7,4F<9/2>,4d6 5D<4>,842.0,4,theoretical,4,4d7
67,Ho,25,42,Mo,[Kr].4d6,4d6,1s2.2s2.2p6.3s2.3p6.3d10.4s2.4p6.4d6,5D<4>,4d5 6S<5/2>,885.0,4,theoretical,4,4d6
67,Ho,26,41,Nb,[Kr].4d5,4d5,1s2.2s2.2p6.3s2.3p6.3d10.4s2.4p6.4d5,6S<5/2>,4d4 5D<0>,929.0,4,theoretical,4,4d5
67,Ho,27,40,Zr,[Kr].4d4,4d4,1s2.2s2.2p6.3s2.3p6.3d10.4s2.4p6.4d4,5D0,4d3 4F<3/2>,985.0,4,theoretical,4,4d4
67,Ho,28,39,Y,[Kr].4d3,4d3,1s2.2s2.2p6.3s2.3p6.3d10.4s2.4p6.4d3,4F<3/2>,4d2 3F<2>,1029.0,4,theoretical,4,4d3
67,Ho,29,38,Sr,[Kr].4d2,4d2,1s2.2s2.2p6.3s2.3p6.3d10.4s2.4p6.4d2,3F<2>,4d 2D<3/2>,1077.0,4,theoretical,4,4d2
67,Ho,30,37,Rb,[Kr].4d,4d,1s2.2s2.2p6.3s2.3p6.3d10.4s2.4p6.4d1,2D<3/2>,4p6 1S<0>,1122.0,4,theoretical,4,4d1
67,Ho,31,36,Kr,[Ar].3d10.4s2.4p6,4p6,1s2.2s2.2p6.3s2.3p6.3d10.4s2.4p6,1S0,4p5 2P*<3/2>,1300.0,4,theoretical,4,4p6
67,Ho,32,35,Br,[Ar].3d10.4s2.4p5,4p5,1s2.2s2.2p6.3s2.3p6.3d10.4s2.4p5,2P*<3/2>,4p4 3P<2>,1346.0,4,theoretical,4,4p5
67,Ho,33,34,Se,[Ar].3d10.4s2.4p4,4p4,1s2.2s2.2p6.3s2.3p6.3d10.4s2.4p4,3P<2>,4p3 4S*<3/2>,1395.0,5,theoretical,4,4p4
67,Ho,34,33,As,[Ar].3d10.4s2.4p3,4p3,1s2.2s2.2p6.3s2.3p6.3d10.4s2.4p3,4S*<3/2>,4p2 3P<0>,1443.0,5,theoretical,4,4p3
67,Ho,35,32,Ge,[Ar].3d10.4s2.4p2,4p2,1s2.2s2.2p6.3s2.3p6.3d10.4s2.4p2,3P0,4p 2P*<1/2>,1545.0,5,theoretical,4,4p2
67,Ho,36,31,Ga,[Ar].3d10.4s2.4p,4p,1s2.2s2.2p6.3s2.3p6.3d10.4s2.4p1,2P*<1/2>,4s2 1S<0>,1598.0,5,theoretical,4,4p1
67,Ho,37,30,Zn,[Ar].3d10.4s2,4s2,1s2.2s2.2p6.3s2.3p6.3d10.4s2,1S0,4s 2S<1/2>,1719.0,4,theoretical,4,4s2
67,Ho,38,29,Cu,[Ar].3d10.4s,4s,1s2.2s2.2p6.3s2.3p6.3d10.4s1,2S<1/2>,3d10 1S<0>,1773.6,0.9,semi-empirical,4,4s1
67,Ho,39,28,Ni,[Ar].3d10,3d10,1s2.2s2.2p6.3s2.3p6.3d10,1S0,3d9 2D<5/2>,3018.0,4,theoretical,3,3d10
67,Ho,40,27,Co,[Ar].3d9,3d9,1s2.2s2.2p6.3s2.3p6.3d9,2D<5/2>,3d8 3F<4>,3125.0,4,theoretical,3,3d9
67,Ho,41,26,Fe,[Ar].3d8,3d8,1s2.2s2.2p6.3s2.3p6.3d8,3F<4>,3d7 4F<9/2>,3238.0,4,theoretical,3,3d8
67,Ho,42,25,Mn,[Ar].3d7,3d7,1s2.2s2.2p6.3s2.3p6.3d7,4F<9/2>,"3d-4.3d+2 (0,4)<4>",3359.0,4,theoretical,3,3d7
67,Ho,43,24,Cr,[Ar].3d6,3d-4.3d+2,1s2.2s2.2p6.3s2.3p6.3d6,"(0,4)<4>","3d-4.3d+ (0,5/2)<5/2>",3476.0,4,theoretical,3,3d6
67,Ho,44,23,V,[Ar].3d5,3d-4.3d+,1s2.2s2.2p6.3s2.3p6.3d5,"(0,5/2)<5/2>",3d4 5D<0>,3592.0,4,theoretical,3,3d5
67,Ho,45,22,Ti,[Ar].3d4,3d4,1s2.2s2.2p6.3s2.3p6.3d4,5D0,3d3 4F<3/2>,3760.0,4,theoretical,3,3d4
67,Ho,46,21,Sc,[Ar].3d3,3d3,1s2.2s2.2p6.3s2.3p6.3d3,4F<3/2>,3d2 3F<2>,3880.0,4,theoretical,3,3d3
67,Ho,47,20,Ca,[Ar].3d2,3d2,1s2.2s2.2p6.3s2.3p6.3d2,3F<2>,3d 2D<3/2>,4009.0,4,theoretical,3,3d2
67,Ho,48,19,K,[Ar].3d,3d,1s2.2s2.2p6.3s2.3p6.3d1,2D<3/2>,3p6 1S<0>,4131.0,4,theoretical,3,3d1
67,Ho,49,18,Ar,[Ne].3s2.3p6,3p6,1s2.2s2.2p6.3s2.3p6,1S0,3p5 2P*<3/2>,4469.0,4,theoretical,3,3p6
67,Ho,50,17,Cl,[Ne].3s2.3p5,3p5,1s2.2s2.2p6.3s2.3p5,2P*<3/2>,3p4 3P<2>,4576.0,4,theoretical,3,3p5
67,Ho,51,16,S,[Ne].3s2.3p4,3p4,1s2.2s2.2p6.3s2.3p4,3P<2>,3p3 2P*<3/2>,4693.0,4,theoretical,3,3p4
67,Ho,52,15,P,[Ne].3s2.3p3,3p3,1s2.2s2.2p6.3s2.3p3,2P*<3/2>,3p2 3P<0>,4802.0,4,theoretical,3,3p3
67,Ho,53,14,Si,[Ne].3s2.3p2,3p2,1s2.2s2.2p6.3s2.3p2,3P0,3p 2P*<1/2>,5135.0,5,theoretical,3,3p2
67,Ho,54,13,Al,[Ne].3s2.3p,3p,1s2.2s2.2p6.3s2.3p1,2P*<1/2>,3s2 1S<0>,5258.0,5,theoretical,3,3p1
67,Ho,55,12,Mg,[Ne].3s2,3s2,1s2.2s2.2p6.3s2,1S0,3s 2S<1/2>,5494.0,5,theoretical,3,3s2
67,Ho,56,11,Na,[Ne].3s,3s,1s2.2s2.2p6.3s1,2S<1/2>,2p6 1S<0>,5611.0,5,theoretical,3,3s1
67,Ho,57,10,Ne,1s2.2s2.2p6,2p6,1s2.2s2.2p6,1S0,2p5 2P*<3/2>,12495.0,6,theoretical,2,2p6
67,Ho,58,9,F,1s2.2s2.2p5,2p5,1s2.2s2.2p5,2P*<3/2>,2p4 3P<2>,12790.0,6,theoretical,2,2p5
67,Ho,59,8,O,1s2.2s2.2p4,2p4,1s2.2s2.2p4,3P<2>,"2p2<1/2>.2p<3/2> (0,3/2)*<3/2>",13116.0,7,theoretical,2,2p4
67,Ho,60,7,N,1s2.2s2.2p3,2p2<1/2>.2p<3/2>,1s2.2s2.2p3,"(0,3/2)*<3/2>",2p2 3P<0>,13417.0,10,theoretical,2,2p3
67,Ho,61,6,C,1s2.2s2.2p2,2p2,1s2.2s2.2p2,3P0,2p 2P*<1/2>,14639.0,12,theoretical,2,2p2
67,Ho,62,5,B,1s2.2s2.2p,2p,1s2.2s2.2p1,2P*<1/2>,2s2 1S<0>,14998.0,15,theoretical,2,2p1
67,Ho,63,4,Be,1s2.2s2,2s2,1s2.2s2,1S0,2s 2S<1/2>,15448.0,19,theoretical,2,2s2
67,Ho,64,3,Li,1s2.2s,1s2.2s,1s2.2s1,2S<1/2>,1s2 1S<0>,15745.77,0.11,theoretical,2,2s1
67,Ho,65,2,He,1s2,1s2,1s2,1S0,1s 2S<1/2>,63772.42,0.11,theoretical,1,1s2
67,Ho,66,1,H,1s,1s,1s1,2S<1/2>,,65137.13,0.16,theoretical,1,1s1
68,Er,0,68,Er,[Xe].4f12.6s2,4f12.6s2,1s2.2s2.2p6.3s2.3p6.3d10.4s2.4p6.4d10.5s2.5p6.4f12.6s2,3H<6>,"4f12.(3H).5p6.6s (6,1/2)<13/2>",6.1077,0.0010,experimental,6,6s2
68,Er,1,67,Ho,[Xe].4f12.6s,4f12.(3H<6>).6s<1/2>,1s2.2s2.2p6.3s2.3p6.3d10.4s2.4p6.4d10.5s2.5p6.4f12.6s1,"(6,1/2)<13/2>",4f12.5p6 3H<6>,11.916,0.020,semi-empirical,6,6s1
68,Er,2,66,Dy,[Xe].4f12,4f12,1s2.2s2.2p6.3s2.3p6.3d10.4s2.4p6.4d10.5s2.5p6.4f12,3H<6>,4f11 4I*<15/2>,22.7,0.03,semi-empirical,5,4f12
68,Er,3,65,Tb,[Xe].4f11,4f11,1s2.2s2.2p6.3s2.3p6.3d10.4s2.4p6.4d10.5s2.5p6.4f11,4I*<15/2>,4f10.5p6 5I<8>,42.42,0.04,semi-empirical,5,4f11
68,Er,4,64,Gd,[Xe].4f10,4f10.5p6,1s2.2s2.2p6.3s2.3p6.3d10.4s2.4p6.4d10.5s2.5p6.4f10,5I<8>,4f10.5p5*,65.1,0.4,semi-empirical,5,4f10
68,Er,5,63,Eu,[Cd].4f10.5p5,4f10.5p5,1s2.2s2.2p6.3s2.3p6.3d10.4s2.4p6.4d10.5s2.4f10.5p5,*,4f10.5p4,96.0,5,theoretical,5,5p5
68,Er,6,62,Sm,[Cd].4f10.5p4,4f10.5p4,1s2.2s2.2p6.3s2.3p6.3d10.4s2.4p6.4d10.5s2.4f10.5p4,,4f10.5s2.5p3*,114.0,6,theoretical,5,5p4
68,Er,7,61,Pm,[Cd].4f10.5p3,4f10.5s2.5p3,1s2.2s2.2p6.3s2.3p6.3d10.4s2.4p6.4d10.5s2.4f10.5p3,*,4f10.5s2.5p2,131.0,7,theoretical,5,5p3
68,Er,8,60,Nd,[Cd].4f10.5p2,4f10.5s2.5p2,1s2.2s2.2p6.3s2.3p6.3d10.4s2.4p6.4d10.5s2.4f10.5p2,,4f10.5s2.5p*,158.0,8,theoretical,5,5p2
68,Er,9,59,Pr,[Cd].4f10.5p,4f10.5s2.5p,1s2.2s2.2p6.3s2.3p6.3d10.4s2.4p6.4d10.5s2.4f10.5p1,*,4f10.5s2,177.0,9,theoretical,5,5p1
68,Er,10,58,Ce,[Cd].4f10,4f10.5s2,1s2.2s2.2p6.3s2.3p6.3d10.4s2.4p6.4d10.5s2.4f10,,4f9.5s2*,201.0,10,theoretical,5,4f10
68,Er,11,57,La,[Cd].4f9,4f9.5s2,1s2.2s2.2p6.3s2.3p6.3d10.4s2.4p6.4d10.5s2.4f9,*,4f8.5s2,235.0,11,theoretical,5,4f9
68,Er,12,56,Ba,[Cd].4f8,4f8.5s2,1s2.2s2.2p6.3s2.3p6.3d10.4s2.4p6.4d10.5s2.4f8,,4f7.5s2*,268.0,14,theoretical,5,4f8
68,Er,13,55,Cs,[Cd].4f7,4f7.5s2,1s2.2s2.2p6.3s2.3p6.3d10.4s2.4p6.4d10.5s2.4f7,*,4f7.5s*,290.0,15,theoretical,5,4f7
68,Er,14,54,Xe,[Kr].4d10.4f7.5s,4f7.5s,1s2.2s2.2p6.3s2.3p6.3d10.4s2.4p6.4d10.4f7.5s1,*,4f7 8S*<7/2>,311.0,16,theoretical,5,5s1
68,Er,15,53,I,[Kr].4d10.4f7,4f7,1s2.2s2.2p6.3s2.3p6.3d10.4s2.4p6.4d10.4f7,8S*<7/2>,4f6 7F<0>,345.0,17,theoretical,4,4f7
68,Er,16,52,Te,[Kr].4d10.4f6,4f6,1s2.2s2.2p6.3s2.3p6.3d10.4s2.4p6.4d10.4f6,7F0,4f5 6H*<5/2>,381.0,19,theoretical,4,4f6
68,Er,17,51,Sb,[Kr].4d10.4f5,4f5,1s2.2s2.2p6.3s2.3p6.3d10.4s2.4p6.4d10.4f5,6H*<5/2>,4f4 5I<4>,415.0,21,theoretical,4,4f5
68,Er,18,50,Sn,[Kr].4d10.4f4,4f4,1s2.2s2.2p6.3s2.3p6.3d10.4s2.4p6.4d10.4f4,5I<4>,4f3 4I*<9/2>,450.0,22,theoretical,4,4f4
68,Er,19,49,In,[Kr].4d10.4f3,4f3,1s2.2s2.2p6.3s2.3p6.3d10.4s2.4p6.4d10.4f3,4I*<9/2>,4f2 3H<4>,486.0,25,theoretical,4,4f3
68,Er,20,48,Cd,[Kr].4d10.4f2,4f2,1s2.2s2.2p6.3s2.3p6.3d10.4s2.4p6.4d10.4f2,3H<4>,4f 2F*<5/2>,520.0,30,theoretical,4,4f2
68,Er,21,47,Ag,[Kr].4d10.4f,4f,1s2.2s2.2p6.3s2.3p6.3d10.4s2.4p6.4d10.4f1,2F*<5/2>,4d10 1S<0>,555.0,5,theoretical,4,4f1
68,Er,22,46,Pd,[Kr].4d10,4d10,1s2.2s2.2p6.3s2.3p6.3d10.4s2.4p6.4d10,1S0,4d9 2D<5/2>,770.0,4,theoretical,4,4d10
68,Er,23,45,Rh,[Kr].4d9,4d9,1s2.2s2.2p6.3s2.3p6.3d10.4s2.4p6.4d9,2D<5/2>,4d8 3F<4>,810.0,4,theoretical,4,4d9
68,Er,24,44,Ru,[Kr].4d8,4d8,1s2.2s2.2p6.3s2.3p6.3d10.4s2.4p6.4d8,3F<4>,4d7 4F<9/2>,853.0,4,theoretical,4,4d8
68,Er,25,43,Tc,[Kr].4d7,4d7,1s2.2s2.2p6.3s2.3p6.3d10.4s2.4p6.4d7,4F<9/2>,4d6 5D<4>,899.0,4,theoretical,4,4d7
68,Er,26,42,Mo,[Kr].4d6,4d6,1s2.2s2.2p6.3s2.3p6.3d10.4s2.4p6.4d6,5D<4>,4d5 6S<5/2>,943.0,4,theoretical,4,4d6
68,Er,27,41,Nb,[Kr].4d5,4d5,1s2.2s2.2p6.3s2.3p6.3d10.4s2.4p6.4d5,6S<5/2>,4d4 5D<0>,989.0,4,theoretical,4,4d5
68,Er,28,40,Zr,[Kr].4d4,4d4,1s2.2s2.2p6.3s2.3p6.3d10.4s2.4p6.4d4,5D0,4d3 4F<3/2>,1046.0,4,theoretical,4,4d4
68,Er,29,39,Y,[Kr].4d3,4d3,1s2.2s2.2p6.3s2.3p6.3d10.4s2.4p6.4d3,4F<3/2>,4d2 3F<2>,1092.0,4,theoretical,4,4d3
68,Er,30,38,Sr,[Kr].4d2,4d2,1s2.2s2.2p6.3s2.3p6.3d10.4s2.4p6.4d2,3F<2>,4d 2D<3/2>,1142.0,4,theoretical,4,4d2
68,Er,31,37,Rb,[Kr].4d,4d,1s2.2s2.2p6.3s2.3p6.3d10.4s2.4p6.4d1,2D<3/2>,4p6 1S<0>,1188.0,4,theoretical,4,4d1
68,Er,32,36,Kr,[Ar].3d10.4s2.4p6,4p6,1s2.2s2.2p6.3s2.3p6.3d10.4s2.4p6,1S0,4p5 2P*<3/2>,1370.0,4,theoretical,4,4p6
68,Er,33,35,Br,[Ar].3d10.4s2.4p5,4p5,1s2.2s2.2p6.3s2.3p6.3d10.4s2.4p5,2P*<3/2>,4p4 3P<2>,1416.0,5,theoretical,4,4p5
68,Er,34,34,Se,[Ar].3d10.4s2.4p4,4p4,1s2.2s2.2p6.3s2.3p6.3d10.4s2.4p4,3P<2>,4p3 4S*<3/2>,1468.0,5,theoretical,4,4p4
68,Er,35,33,As,[Ar].3d10.4s2.4p3,4p3,1s2.2s2.2p6.3s2.3p6.3d10.4s2.4p3,4S*<3/2>,4p2 3P<0>,1516.0,5,theoretical,4,4p3
68,Er,36,32,Ge,[Ar].3d10.4s2.4p2,4p2,1s2.2s2.2p6.3s2.3p6.3d10.4s2.4p2,3P0,4p 2P*<1/2>,1625.0,5,theoretical,4,4p2
68,Er,37,31,Ga,[Ar].3d10.4s2.4p,4p,1s2.2s2.2p6.3s2.3p6.3d10.4s2.4p1,2P*<1/2>,4s2 1S<0>,1678.0,4,theoretical,4,4p1
68,Er,38,30,Zn,[Ar].3d10.4s2,4s2,1s2.2s2.2p6.3s2.3p6.3d10.4s2,1S0,4s 2S<1/2>,1803.0,4,theoretical,4,4s2
68,Er,39,29,Cu,[Ar].3d10.4s,4s,1s2.2s2.2p6.3s2.3p6.3d10.4s1,2S<1/2>,3d10 1S<0>,1858.5,0.5,semi-empirical,4,4s1
68,Er,40,28,Ni,[Ar].3d10,3d10,1s2.2s2.2p6.3s2.3p6.3d10,1S0,3d9 2D<5/2>,3157.0,4,theoretical,3,3d10
68,Er,41,27,Co,[Ar].3d9,3d9,1s2.2s2.2p6.3s2.3p6.3d9,2D<5/2>,3d8 3F<4>,3265.0,4,theoretical,3,3d9
68,Er,42,26,Fe,[Ar].3d8,3d8,1s2.2s2.2p6.3s2.3p6.3d8,3F<4>,3d7 4F<9/2>,3381.0,4,theoretical,3,3d8
68,Er,43,25,Mn,[Ar].3d7,3d7,1s2.2s2.2p6.3s2.3p6.3d7,4F<9/2>,"3d-4.3d+2 (0,4)<4>",3505.0,4,theoretical,3,3d7
68,Er,44,24,Cr,[Ar].3d6,3d-4.3d+2,1s2.2s2.2p6.3s2.3p6.3d6,"(0,4)<4>","3d-4.3d+ (0,5/2)<5/2>",3624.0,4,theoretical,3,3d6
68,Er,45,23,V,[Ar].3d5,3d-4.3d+,1s2.2s2.2p6.3s2.3p6.3d5,"(0,5/2)<5/2>",3d4 5D<0>,3742.0,4,theoretical,3,3d5
68,Er,46,22,Ti,[Ar].3d4,3d4,1s2.2s2.2p6.3s2.3p6.3d4,5D0,3d3 4F<3/2>,3916.0,4,theoretical,3,3d4
68,Er,47,21,Sc,[Ar].3d3,3d3,1s2.2s2.2p6.3s2.3p6.3d3,4F<3/2>,3d2 3F<2>,4038.0,4,theoretical,3,3d3
68,Er,48,20,Ca,[Ar].3d2,3d2,1s2.2s2.2p6.3s2.3p6.3d2,3F<2>,3d 2D<3/2>,4170.0,4,theoretical,3,3d2
68,Er,49,19,K,[Ar].3d,3d,1s2.2s2.2p6.3s2.3p6.3d1,2D<3/2>,3p6 1S<0>,4294.0,4,theoretical,3,3d1
68,Er,50,18,Ar,[Ne].3s2.3p6,3p6,1s2.2s2.2p6.3s2.3p6,1S0,3p5 2P*<3/2>,4639.0,4,theoretical,3,3p6
68,Er,51,17,Cl,[Ne].3s2.3p5,3p5,1s2.2s2.2p6.3s2.3p5,2P*<3/2>,3p4 3P<2>,4748.0,4,theoretical,3,3p5
68,Er,52,16,S,[Ne].3s2.3p4,3p4,1s2.2s2.2p6.3s2.3p4,3P<2>,3p3 2P*<3/2>,4866.0,4,theoretical,3,3p4
68,Er,53,15,P,[Ne].3s2.3p3,3p3,1s2.2s2.2p6.3s2.3p3,2P*<3/2>,3p2 3P<0>,4978.0,5,theoretical,3,3p3
68,Er,54,14,Si,[Ne].3s2.3p2,3p2,1s2.2s2.2p6.3s2.3p2,3P0,3p 2P*<1/2>,5329.0,5,theoretical,3,3p2
68,Er,55,13,Al,[Ne].3s2.3p,3p,1s2.2s2.2p6.3s2.3p1,2P*<1/2>,3s2 1S<0>,5455.0,5,theoretical,3,3p1
68,Er,56,12,Mg,[Ne].3s2,3s2,1s2.2s2.2p6.3s2,1S0,3s 2S<1/2>,5695.0,5,theoretical,3,3s2
68,Er,57,11,Na,[Ne].3s,3s,1s2.2s2.2p6.3s1,2S<1/2>,2p6 1S<0>,5815.0,6,theoretical,3,3s1
68,Er,58,10,Ne,1s2.2s2.2p6,2p6,1s2.2s2.2p6,1S0,2p5 2P*<3/2>,12918.0,6,theoretical,2,2p6
68,Er,59,9,F,1s2.2s2.2p5,2p5,1s2.2s2.2p5,2P*<3/2>,2p4 3P<2>,13217.0,7,theoretical,2,2p5
68,Er,60,8,O,1s2.2s2.2p4,2p4,1s2.2s2.2p4,3P<2>,"2p2<1/2>.2p<3/2> (0,3/2)*<3/2>",13548.0,10,theoretical,2,2p4
68,Er,61,7,N,1s2.2s2.2p3,2p2<1/2>.2p<3/2>,1s2.2s2.2p3,"(0,3/2)*<3/2>",2p2 3P<0>,13855.0,12,theoretical,2,2p3
68,Er,62,6,C,1s2.2s2.2p2,2p2,1s2.2s2.2p2,3P0,2p 2P*<1/2>,15146.0,15,theoretical,2,2p2
68,Er,63,5,B,1s2.2s2.2p,2p,1s2.2s2.2p1,2P*<1/2>,2s2 1S<0>,15511.0,19,theoretical,2,2p1
68,Er,64,4,Be,1s2.2s2,2s2,1s2.2s2,1S0,2s 2S<1/2>,15971.0,24,theoretical,2,2s2
68,Er,65,3,Li,1s2.2s,1s2.2s,1s2.2s1,2S<1/2>,1s2 1S<0>,16274.56,0.12,theoretical,2,2s1
68,Er,66,2,He,1s2,1s2,1s2,1S0,1s 2S<1/2>,65848.24,0.12,theoretical,1,1s2
68,Er,67,1,H,1s,1s,1s1,2S<1/2>,,67241.48,0.07,theoretical,1,1s1
69,Tm,0,69,Tm,[Xe].4f13.6s2,4f13.(2F*).6s2,1s2.2s2.2p6.3s2.3p6.3d10.4s2.4p6.4d10.5s2.5p6.4f13.6s2,2F*<7/2>,"4f13.6s (7/2,1/2)*<4>",6.184402,0.000009,experimental,6,6s2
69,Tm,1,68,Er,[Xe].4f13.6s,4f13.(2F*<7/2>).6s<1/2>,1s2.2s2.2p6.3s2.3p6.3d10.4s2.4p6.4d10.5s2.5p6.4f13.6s1,"(7/2,1/2)*<4>",4f13.5p6 2F*<7/2>,12.065,0.020,semi-empirical,6,6s1
69,Tm,2,67,Ho,[Xe].4f13,4f13,1s2.2s2.2p6.3s2.3p6.3d10.4s2.4p6.4d10.5s2.5p6.4f13,2F*<7/2>,4f12.5p6 3H<6>,23.66,0.03,semi-empirical,5,4f13
69,Tm,3,66,Dy,[Xe].4f12,4f12,1s2.2s2.2p6.3s2.3p6.3d10.4s2.4p6.4d10.5s2.5p6.4f12,3H<6>,4f11 4I*<15/2>,42.41,0.04,semi-empirical,5,4f12
69,Tm,4,65,Tb,[Xe].4f11,4f11.5p6,1s2.2s2.2p6.3s2.3p6.3d10.4s2.4p6.4d10.5s2.5p6.4f11,4I*<15/2>,4f11.5p5 5I<8>,65.4,0.3,semi-empirical,5,4f11
69,Tm,5,64,Gd,[Cd].4f11.5p5,4f11.5p5,1s2.2s2.2p6.3s2.3p6.3d10.4s2.4p6.4d10.5s2.4f11.5p5,5I<8>,4f11.5p4*,98.0,5,theoretical,5,5p5
69,Tm,6,63,Eu,[Cd].4f11.5p4,4f11.5p4,1s2.2s2.2p6.3s2.3p6.3d10.4s2.4p6.4d10.5s2.4f11.5p4,*,4f11.5p3,116.0,6,theoretical,5,5p4
69,Tm,7,62,Sm,[Cd].4f11.5p3,4f11.5p3,1s2.2s2.2p6.3s2.3p6.3d10.4s2.4p6.4d10.5s2.4f11.5p3,,4f11.5s2.5p2*,133.0,7,theoretical,5,5p3
69,Tm,8,61,Pm,[Cd].4f11.5p2,4f11.5s2.5p2,1s2.2s2.2p6.3s2.3p6.3d10.4s2.4p6.4d10.5s2.4f11.5p2,*,4f11.5s2.5p,160.0,8,theoretical,5,5p2
69,Tm,9,60,Nd,[Cd].4f11.5p,4f11.5s2.5p,1s2.2s2.2p6.3s2.3p6.3d10.4s2.4p6.4d10.5s2.4f11.5p1,,4f11.5s2 4I*<15/2>,180.0,9,theoretical,5,5p1
69,Tm,10,59,Pr,[Cd].4f11,4f11.5s2,1s2.2s2.2p6.3s2.3p6.3d10.4s2.4p6.4d10.5s2.4f11,4I*<15/2>,4f10.5s2,205.0,10,theoretical,5,4f11
69,Tm,11,58,Ce,[Cd].4f10,4f10.5s2,1s2.2s2.2p6.3s2.3p6.3d10.4s2.4p6.4d10.5s2.4f10,,4f9.5s2*,239.0,12,theoretical,5,4f10
69,Tm,12,57,La,[Cd].4f9,4f9.5s2,1s2.2s2.2p6.3s2.3p6.3d10.4s2.4p6.4d10.5s2.4f9,*,4f9.5s*,274.0,14,theoretical,5,4f9
69,Tm,13,56,Ba,[Kr].4d10.4f9.5s,4f9.5s,1s2.2s2.2p6.3s2.3p6.3d10.4s2.4p6.4d10.4f9.5s1,*,4f9 6H*<15/2>,295.0,15,theoretical,5,5s1
69,Tm,14,55,Cs,[Kr].4d10.4f9,4f9,1s2.2s2.2p6.3s2.3p6.3d10.4s2.4p6.4d10.4f9,6H*<15/2>,4f8 7F<6>,317.0,16,theoretical,4,4f9
69,Tm,15,54,Xe,[Kr].4d10.4f8,4f8,1s2.2s2.2p6.3s2.3p6.3d10.4s2.4p6.4d10.4f8,7F<6>,4f7 8S*<7/2>,352.0,17,theoretical,4,4f8
69,Tm,16,53,I,[Kr].4d10.4f7,4f7,1s2.2s2.2p6.3s2.3p6.3d10.4s2.4p6.4d10.4f7,8S*<7/2>,4f6 7F<0>,387.0,20,theoretical,4,4f7
69,Tm,17,52,Te,[Kr].4d10.4f6,4f6,1s2.2s2.2p6.3s2.3p6.3d10.4s2.4p6.4d10.4f6,7F0,4f5 6H*<5/2>,424.0,21,theoretical,4,4f6
69,Tm,18,51,Sb,[Kr].4d10.4f5,4f5,1s2.2s2.2p6.3s2.3p6.3d10.4s2.4p6.4d10.4f5,6H*<5/2>,4f4 5I<4>,460.0,24,theoretical,4,4f5
69,Tm,19,50,Sn,[Kr].4d10.4f4,4f4,1s2.2s2.2p6.3s2.3p6.3d10.4s2.4p6.4d10.4f4,5I<4>,4f3 4I*<9/2>,496.0,25,theoretical,4,4f4
69,Tm,20,49,In,[Kr].4d10.4f3,4f3,1s2.2s2.2p6.3s2.3p6.3d10.4s2.4p6.4d10.4f3,4I*<9/2>,4f2 3H<4>,530.0,30,theoretical,4,4f3
69,Tm,21,48,Cd,[Kr].4d10.4f2,4f2,1s2.2s2.2p6.3s2.3p6.3d10.4s2.4p6.4d10.4f2,3H<4>,4f 2F*<5/2>,570.0,30,theoretical,4,4f2
69,Tm,22,47,Ag,[Kr].4d10.4f,4f,1s2.2s2.2p6.3s2.3p6.3d10.4s2.4p6.4d10.4f1,2F*<5/2>,4d10 1S<0>,603.0,6,theoretical,4,4f1
69,Tm,23,46,Pd,[Kr].4d10,4d10,1s2.2s2.2p6.3s2.3p6.3d10.4s2.4p6.4d10,1S0,4d9 2D<5/2>,825.0,4,theoretical,4,4d10
69,Tm,24,45,Rh,[Kr].4d9,4d9,1s2.2s2.2p6.3s2.3p6.3d10.4s2.4p6.4d9,2D<5/2>,4d8 3F<4>,866.0,4,theoretical,4,4d9
69,Tm,25,44,Ru,[Kr].4d8,4d8,1s2.2s2.2p6.3s2.3p6.3d10.4s2.4p6.4d8,3F<4>,4d7 4F<9/2>,911.0,4,theoretical,4,4d8
69,Tm,26,43,Tc,[Kr].4d7,4d7,1s2.2s2.2p6.3s2.3p6.3d10.4s2.4p6.4d7,4F<9/2>,4d6 5D<4>,958.0,4,theoretical,4,4d7
69,Tm,27,42,Mo,[Kr].4d6,4d6,1s2.2s2.2p6.3s2.3p6.3d10.4s2.4p6.4d6,5D<4>,4d5 6S<5/2>,1004.0,4,theoretical,4,4d6
69,Tm,28,41,Nb,[Kr].4d5,4d5,1s2.2s2.2p6.3s2.3p6.3d10.4s2.4p6.4d5,6S<5/2>,4d4 5D<0>,1050.0,4,theoretical,4,4d5
69,Tm,29,40,Zr,[Kr].4d4,4d4,1s2.2s2.2p6.3s2.3p6.3d10.4s2.4p6.4d4,5D0,4d3 4F<3/2>,1110.0,4,theoretical,4,4d4
69,Tm,30,39,Y,[Kr].4d3,4d3,1s2.2s2.2p6.3s2.3p6.3d10.4s2.4p6.4d3,4F<3/2>,4d2 3F<2>,1157.0,4,theoretical,4,4d3
69,Tm,31,38,Sr,[Kr].4d2,4d2,1s2.2s2.2p6.3s2.3p6.3d10.4s2.4p6.4d2,3F<2>,4d 2D<3/2>,1207.0,4,theoretical,4,4d2
69,Tm,32,37,Rb,[Kr].4d,4d,1s2.2s2.2p6.3s2.3p6.3d10.4s2.4p6.4d1,2D<3/2>,4p6 1S<0>,1255.0,4,theoretical,4,4d1
69,Tm,33,36,Kr,[Ar].3d10.4s2.4p6,4p6,1s2.2s2.2p6.3s2.3p6.3d10.4s2.4p6,1S0,4p5 2P*<3/2>,1442.0,5,theoretical,4,4p6
69,Tm,34,35,Br,[Ar].3d10.4s2.4p5,4p5,1s2.2s2.2p6.3s2.3p6.3d10.4s2.4p5,2P*<3/2>,4p4 3P<2>,1490.0,5,theoretical,4,4p5
69,Tm,35,34,Se,[Ar].3d10.4s2.4p4,4p4,1s2.2s2.2p6.3s2.3p6.3d10.4s2.4p4,3P<2>,4p3 4S*<3/2>,1542.0,5,theoretical,4,4p4
69,Tm,36,33,As,[Ar].3d10.4s2.4p3,4p3,1s2.2s2.2p6.3s2.3p6.3d10.4s2.4p3,4S*<3/2>,4p2 3P<0>,1591.0,5,theoretical,4,4p3
69,Tm,37,32,Ge,[Ar].3d10.4s2.4p2,4p2,1s2.2s2.2p6.3s2.3p6.3d10.4s2.4p2,3P0,4p 2P*<1/2>,1706.0,4,theoretical,4,4p2
69,Tm,38,31,Ga,[Ar].3d10.4s2.4p,4p,1s2.2s2.2p6.3s2.3p6.3d10.4s2.4p1,2P*<1/2>,4s2 1S<0>,1761.0,4,theoretical,4,4p1
69,Tm,39,30,Zn,[Ar].3d10.4s2,4s2,1s2.2s2.2p6.3s2.3p6.3d10.4s2,1S0,4s 2S<1/2>,1889.0,4,theoretical,4,4s2
69,Tm,40,29,Cu,[Ar].3d10.4s,4s,1s2.2s2.2p6.3s2.3p6.3d10.4s1,2S<1/2>,3d10 1S<0>,1945.2,1.0,semi-empirical,4,4s1
69,Tm,41,28,Ni,[Ar].3d10,3d10,1s2.2s2.2p6.3s2.3p6.3d10,1S0,3d9 2D<5/2>,3298.0,4,theoretical,3,3d10
69,Tm,42,27,Co,[Ar].3d9,3d9,1s2.2s2.2p6.3s2.3p6.3d9,2D<5/2>,3d8 3F<4>,3409.0,4,theoretical,3,3d9
69,Tm,43,26,Fe,[Ar].3d8,3d8,1s2.2s2.2p6.3s2.3p6.3d8,3F<4>,3d7 4F<9/2>,3528.0,4,theoretical,3,3d8
69,Tm,44,25,Mn,[Ar].3d7,3d7,1s2.2s2.2p6.3s2.3p6.3d7,4F<9/2>,"3d-4.3d+2 (0,4)<4>",3653.0,4,theoretical,3,3d7
69,Tm,45,24,Cr,[Ar].3d6,3d-4.3d+2,1s2.2s2.2p6.3s2.3p6.3d6,"(0,4)<4>","3d-4.3d+ (0,5/2)<5/2>",3775.0,4,theoretical,3,3d6
69,Tm,46,23,V,[Ar].3d5,3d-4.3d+,1s2.2s2.2p6.3s2.3p6.3d5,"(0,5/2)<5/2>",3d4 5D<0>,3895.0,4,theoretical,3,3d5
69,Tm,47,22,Ti,[Ar].3d4,3d4,1s2.2s2.2p6.3s2.3p6.3d4,5D0,3d3 4F<3/2>,4075.0,4,theoretical,3,3d4
69,Tm,48,21,Sc,[Ar].3d3,3d3,1s2.2s2.2p6.3s2.3p6.3d3,4F<3/2>,3d2 3F<2>,4199.0,4,theoretical,3,3d3
69,Tm,49,20,Ca,[Ar].3d2,3d2,1s2.2s2.2p6.3s2.3p6.3d2,3F<2>,3d 2D<3/2>,4335.0,4,theoretical,3,3d2
69,Tm,50,19,K,[Ar].3d,3d,1s2.2s2.2p6.3s2.3p6.3d1,2D<3/2>,3p6 1S<0>,4461.0,4,theoretical,3,3d1
69,Tm,51,18,Ar,[Ne].3s2.3p6,3p6,1s2.2s2.2p6.3s2.3p6,1S0,3p5 2P*<3/2>,4812.0,4,theoretical,3,3p6
69,Tm,52,17,Cl,[Ne].3s2.3p5,3p5,1s2.2s2.2p6.3s2.3p5,2P*<3/2>,3p4 3P<2>,4922.0,4,theoretical,3,3p5
69,Tm,53,16,S,[Ne].3s2.3p4,3p4,1s2.2s2.2p6.3s2.3p4,3P<2>,3p3 2P*<3/2>,5044.0,5,theoretical,3,3p4
69,Tm,54,15,P,[Ne].3s2.3p3,3p3,1s2.2s2.2p6.3s2.3p3,2P*<3/2>,3p2 3P<0>,5157.0,5,theoretical,3,3p3
69,Tm,55,14,Si,[Ne].3s2.3p2,3p2,1s2.2s2.2p6.3s2.3p2,3P0,3p 2P*<1/2>,5527.0,5,theoretical,3,3p2
69,Tm,56,13,Al,[Ne].3s2.3p,3p,1s2.2s2.2p6.3s2.3p1,2P*<1/2>,3s2 1S<0>,5656.0,5,theoretical,3,3p1
69,Tm,57,12,Mg,[Ne].3s2,3s2,1s2.2s2.2p6.3s2,1S0,3s 2S<1/2>,5901.0,6,theoretical,3,3s2
69,Tm,58,11,Na,[Ne].3s,3s,1s2.2s2.2p6.3s1,2S<1/2>,2p6 1S<0>,6023.0,6,theoretical,3,3s1
69,Tm,59,10,Ne,1s2.2s2.2p6,2p6,1s2.2s2.2p6,1S0,2p5 2P*<3/2>,13347.0,7,theoretical,2,2p6
69,Tm,60,9,F,1s2.2s2.2p5,2p5,1s2.2s2.2p5,2P*<3/2>,2p4 3P<2>,13651.0,10,theoretical,2,2p5
69,Tm,61,8,O,1s2.2s2.2p4,2p4,1s2.2s2.2p4,3P<2>,"2p2<1/2>.2p<3/2> (0,3/2)*<3/2>",13988.0,12,theoretical,2,2p4
69,Tm,62,7,N,1s2.2s2.2p3,2p2<1/2>.2p<3/2>,1s2.2s2.2p3,"(0,3/2)*<3/2>",2p2 3P<0>,14300.0,15,theoretical,2,2p3
69,Tm,63,6,C,1s2.2s2.2p2,2p2,1s2.2s2.2p2,3P0,2p 2P*<1/2>,15663.0,19,theoretical,2,2p2
69,Tm,64,5,B,1s2.2s2.2p,2p,1s2.2s2.2p1,2P*<1/2>,2s2 1S<0>,16036.0,24,theoretical,2,2p1
69,Tm,65,4,Be,1s2.2s2,2s2,1s2.2s2,1S0,2s 2S<1/2>,16510.0,30,theoretical,2,2s2
69,Tm,66,3,Li,1s2.2s,1s2.2s,1s2.2s1,2S<1/2>,1s2 1S<0>,16814.34,0.14,theoretical,2,2s1
69,Tm,67,2,He,1s2,1s2,1s2,1S0,1s 2S<1/2>,67965.25,0.12,theoretical,1,1s2
69,Tm,68,1,H,1s,1s,1s1,2S<1/2>,,69387.45,0.09,theoretical,1,1s1
70,Yb,0,70,Yb,[Xe].4f14.6s2,4f14.6s2,1s2.2s2.2p6.3s2.3p6.3d10.4s2.4p6.4d10.5s2.5p6.4f14.6s2,1S0,6s 2S<1/2>,6.25416,0.000012,experimental,6,6s2
70,Yb,1,69,Tm,[Xe].4f14.6s,4f14.6s,1s2.2s2.2p6.3s2.3p6.3d10.4s2.4p6.4d10.5s2.5p6.4f14.6s1,2S<1/2>,4f14 1S<0>,12.179185,0.000025,experimental,6,6s1
70,Yb,2,68,Er,[Xe].4f14,4f14,1s2.2s2.2p6.3s2.3p6.3d10.4s2.4p6.4d10.5s2.5p6.4f14,1S0,4f13.5p6 2F*<7/2>,25.053,0.025,semi-empirical,5,4f14
70,Yb,3,67,Ho,[Xe].4f13,4f13,1s2.2s2.2p6.3s2.3p6.3d10.4s2.4p6.4d10.5s2.5p6.4f13,2F*<7/2>,4f12.5p6 3H<6>,43.61,0.04,semi-empirical,5,4f13
70,Yb,4,66,Dy,[Xe].4f12,4f12.5p6,1s2.2s2.2p6.3s2.3p6.3d10.4s2.4p6.4d10.5s2.5p6.4f12,3H<6>,4f12.5p5*,65.6,0.3,semi-empirical,5,4f12
70,Yb,5,65,Tb,[Cd].4f12.5p5,4f12.5p5,1s2.2s2.2p6.3s2.3p6.3d10.4s2.4p6.4d10.5s2.4f12.5p5,*,4f12.5p4,99.0,5,theoretical,5,5p5
70,Yb,6,64,Gd,[Cd].4f12.5p4,4f12.5p4,1s2.2s2.2p6.3s2.3p6.3d10.4s2.4p6.4d10.5s2.4f12.5p4,,4f12.5p3*,117.0,6,theoretical,5,5p4
70,Yb,7,63,Eu,[Cd].4f12.5p3,4f12.5p3,1s2.2s2.2p6.3s2.3p6.3d10.4s2.4p6.4d10.5s2.4f12.5p3,*,4f12.5p2,135.0,7,theoretical,5,5p3
70,Yb,8,62,Sm,[Cd].4f12.5p2,4f12.5p2,1s2.2s2.2p6.3s2.3p6.3d10.4s2.4p6.4d10.5s2.4f12.5p2,,4f12.5s2.5p*,163.0,8,theoretical,5,5p2
70,Yb,9,61,Pm,[Cd].4f12.5p,4f12.5s2.5p,1s2.2s2.2p6.3s2.3p6.3d10.4s2.4p6.4d10.5s2.4f12.5p1,*,4f12.5s2 3H<6>,182.0,9,theoretical,5,5p1
70,Yb,10,60,Nd,[Cd].4f12,4f12.5s2,1s2.2s2.2p6.3s2.3p6.3d10.4s2.4p6.4d10.5s2.4f12,3H<6>,4f11.5s2 4I*<15/2>,209.0,10,theoretical,5,4f12
70,Yb,11,59,Pr,[Cd].4f11,4f11.5s2,1s2.2s2.2p6.3s2.3p6.3d10.4s2.4p6.4d10.5s2.4f11,4I*<15/2>,4f10.5s2,244.0,12,theoretical,5,4f11
70,Yb,12,58,Ce,[Cd].4f10,4f10.5s2,1s2.2s2.2p6.3s2.3p6.3d10.4s2.4p6.4d10.5s2.4f10,,4f10.5s,279.0,14,theoretical,5,4f10
70,Yb,13,57,La,[Kr].4d10.4f10.5s,4f10.5s,1s2.2s2.2p6.3s2.3p6.3d10.4s2.4p6.4d10.4f10.5s1,,4f10,301.0,15,theoretical,5,5s1
70,Yb,14,56,Ba,[Kr].4d10.4f10,4f10,1s2.2s2.2p6.3s2.3p6.3d10.4s2.4p6.4d10.4f10,,4f9 6H*<15/2>,324.0,16,theoretical,4,4f10
70,Yb,15,55,Cs,[Kr].4d10.4f9,4f9,1s2.2s2.2p6.3s2.3p6.3d10.4s2.4p6.4d10.4f9,6H*<15/2>,4f8 7F<6>,360.0,19,theoretical,4,4f9
70,Yb,16,54,Xe,[Kr].4d10.4f8,4f8,1s2.2s2.2p6.3s2.3p6.3d10.4s2.4p6.4d10.4f8,7F<6>,4f7 8S*<7/2>,396.0,20,theoretical,4,4f8
70,Yb,17,53,I,[Kr].4d10.4f7,4f7,1s2.2s2.2p6.3s2.3p6.3d10.4s2.4p6.4d10.4f7,8S*<7/2>,4f6 7F<0>,431.0,21,theoretical,4,4f7
70,Yb,18,52,Te,[Kr].4d10.4f6,4f6,1s2.2s2.2p6.3s2.3p6.3d10.4s2.4p6.4d10.4f6,7F0,4f5 6H*<5/2>,469.0,24,theoretical,4,4f6
70,Yb,19,51,Sb,[Kr].4d10.4f5,4f5,1s2.2s2.2p6.3s2.3p6.3d10.4s2.4p6.4d10.4f5,6H*<5/2>,4f4 5I<4>,505.0,25,theoretical,4,4f5
70,Yb,20,50,Sn,[Kr].4d10.4f4,4f4,1s2.2s2.2p6.3s2.3p6.3d10.4s2.4p6.4d10.4f4,5I<4>,4f3 4I*<9/2>,540.0,30,theoretical,4,4f4
70,Yb,21,49,In,[Kr].4d10.4f3,4f3,1s2.2s2.2p6.3s2.3p6.3d10.4s2.4p6.4d10.4f3,4I*<9/2>,4f2 3H<4>,580.0,30,theoretical,4,4f3
70,Yb,22,48,Cd,[Kr].4d10.4f2,4f2,1s2.2s2.2p6.3s2.3p6.3d10.4s2.4p6.4d10.4f2,3H<4>,4f 2F*<5/2>,610.0,30,theoretical,4,4f2
70,Yb,23,47,Ag,[Kr].4d10.4f,4f,1s2.2s2.2p6.3s2.3p6.3d10.4s2.4p6.4d10.4f1,2F*<5/2>,4d10 1S<0>,651.0,6,theoretical,4,4f1
70,Yb,24,46,Pd,[Kr].4d10,4d10,1s2.2s2.2p6.3s2.3p6.3d10.4s2.4p6.4d10,1S0,4d9 2D<5/2>,882.0,4,theoretical,4,4d10
70,Yb,25,45,Rh,[Kr].4d9,4d9,1s2.2s2.2p6.3s2.3p6.3d10.4s2.4p6.4d9,2D<5/2>,4d8 3F<4>,924.0,4,theoretical,4,4d9
70,Yb,26,44,Ru,[Kr].4d8,4d8,1s2.2s2.2p6.3s2.3p6.3d10.4s2.4p6.4d8,3F<4>,4d7 4F<9/2>,971.0,4,theoretical,4,4d8
70,Yb,27,43,Tc,[Kr].4d7,4d7,1s2.2s2.2p6.3s2.3p6.3d10.4s2.4p6.4d7,4F<9/2>,4d6 5D<4>,1019.0,4,theoretical,4,4d7
70,Yb,28,42,Mo,[Kr].4d6,4d6,1s2.2s2.2p6.3s2.3p6.3d10.4s2.4p6.4d6,5D<4>,4d5 6S<5/2>,1065.0,4,theoretical,4,4d6
70,Yb,29,41,Nb,[Kr].4d5,4d5,1s2.2s2.2p6.3s2.3p6.3d10.4s2.4p6.4d5,6S<5/2>,4d4 5D<0>,1114.0,4,theoretical,4,4d5
70,Yb,30,40,Zr,[Kr].4d4,4d4,1s2.2s2.2p6.3s2.3p6.3d10.4s2.4p6.4d4,5D0,4d3 4F<3/2>,1175.0,4,theoretical,4,4d4
70,Yb,31,39,Y,[Kr].4d3,4d3,1s2.2s2.2p6.3s2.3p6.3d10.4s2.4p6.4d3,4F<3/2>,4d2 3F<2>,1224.0,4,theoretical,4,4d3
70,Yb,32,38,Sr,[Kr].4d2,4d2,1s2.2s2.2p6.3s2.3p6.3d10.4s2.4p6.4d2,3F<2>,4d 2D<3/2>,1275.0,4,theoretical,4,4d2
70,Yb,33,37,Rb,[Kr].4d,4d,1s2.2s2.2p6.3s2.3p6.3d10.4s2.4p6.4d1,2D<3/2>,4p6 1S<0>,1324.0,5,theoretical,4,4d1
70,Yb,34,36,Kr,[Ar].3d10.4s2.4p6,4p6,1s2.2s2.2p6.3s2.3p6.3d10.4s2.4p6,1S0,4p5 2P*<3/2>,1516.0,5,theoretical,4,4p6
70,Yb,35,35,Br,[Ar].3d10.4s2.4p5,4p5,1s2.2s2.2p6.3s2.3p6.3d10.4s2.4p5,2P*<3/2>,4p4 3P<2>,1564.0,5,theoretical,4,4p5
70,Yb,36,34,Se,[Ar].3d10.4s2.4p4,4p4,1s2.2s2.2p6.3s2.3p6.3d10.4s2.4p4,3P<2>,4p3 4S*<3/2>,1618.0,5,theoretical,4,4p4
70,Yb,37,33,As,[Ar].3d10.4s2.4p3,4p3,1s2.2s2.2p6.3s2.3p6.3d10.4s2.4p3,4S*<3/2>,4p2 3P<0>,1668.0,4,theoretical,4,4p3
70,Yb,38,32,Ge,[Ar].3d10.4s2.4p2,4p2,1s2.2s2.2p6.3s2.3p6.3d10.4s2.4p2,3P0,4p 2P*<1/2>,1789.0,4,theoretical,4,4p2
70,Yb,39,31,Ga,[Ar].3d10.4s2.4p,4p,1s2.2s2.2p6.3s2.3p6.3d10.4s2.4p1,2P*<1/2>,4s2 1S<0>,1845.0,4,theoretical,4,4p1
70,Yb,40,30,Zn,[Ar].3d10.4s2,4s2,1s2.2s2.2p6.3s2.3p6.3d10.4s2,1S0,4s 2S<1/2>,1978.0,4,theoretical,4,4s2
70,Yb,41,29,Cu,[Ar].3d10.4s,4s,1s2.2s2.2p6.3s2.3p6.3d10.4s1,2S<1/2>,3d10 1S<0>,2036.4,1.0,semi-empirical,4,4s1
70,Yb,42,28,Ni,[Ar].3d10,3d10,1s2.2s2.2p6.3s2.3p6.3d10,1S0,3d9 2D<5/2>,3443.0,4,theoretical,3,3d10
70,Yb,43,27,Co,[Ar].3d9,3d9,1s2.2s2.2p6.3s2.3p6.3d9,2D<5/2>,3d8 3F<4>,3555.0,4,theoretical,3,3d9
70,Yb,44,26,Fe,[Ar].3d8,3d8,1s2.2s2.2p6.3s2.3p6.3d8,3F<4>,3d7 4F<9/2>,3677.0,4,theoretical,3,3d8
70,Yb,45,25,Mn,[Ar].3d7,3d7,1s2.2s2.2p6.3s2.3p6.3d7,4F<9/2>,"3d-4.3d+2 (0,4)<4>",3805.0,4,theoretical,3,3d7
70,Yb,46,24,Cr,[Ar].3d6,3d-4.3d+2,1s2.2s2.2p6.3s2.3p6.3d6,"(0,4)<4>","3d-4.3d+ (0,5/2)<5/2>",3929.0,4,theoretical,3,3d6
70,Yb,47,23,V,[Ar].3d5,3d-4.3d+,1s2.2s2.2p6.3s2.3p6.3d5,"(0,5/2)<5/2>",3d4 5D<0>,4051.0,4,theoretical,3,3d5
70,Yb,48,22,Ti,[Ar].3d4,3d4,1s2.2s2.2p6.3s2.3p6.3d4,5D0,3d3 4F<3/2>,4238.0,4,theoretical,3,3d4
70,Yb,49,21,Sc,[Ar].3d3,3d3,1s2.2s2.2p6.3s2.3p6.3d3,4F<3/2>,3d2 3F<2>,4364.0,4,theoretical,3,3d3
70,Yb,50,20,Ca,[Ar].3d2,3d2,1s2.2s2.2p6.3s2.3p6.3d2,3F<2>,3d 2D<3/2>,4502.0,4,theoretical,3,3d2
70,Yb,51,19,K,[Ar].3d,3d,1s2.2s2.2p6.3s2.3p6.3d1,2D<3/2>,3p6 1S<0>,4630.0,4,theoretical,3,3d1
70,Yb,52,18,Ar,[Ne].3s2.3p6,3p6,1s2.2s2.2p6.3s2.3p6,1S0,3p5 2P*<3/2>,4988.0,4,theoretical,3,3p6
70,Yb,53,17,Cl,[Ne].3s2.3p5,3p5,1s2.2s2.2p6.3s2.3p5,2P*<3/2>,3p4 3P<2>,5101.0,5,theoretical,3,3p5
70,Yb,54,16,S,[Ne].3s2.3p4,3p4,1s2.2s2.2p6.3s2.3p4,3P<2>,3p3 2P*<3/2>,5224.0,5,theoretical,3,3p4
70,Yb,55,15,P,[Ne].3s2.3p3,3p3,1s2.2s2.2p6.3s2.3p3,2P*<3/2>,3p2 3P<0>,5339.0,5,theoretical,3,3p3
70,Yb,56,14,Si,[Ne].3s2.3p2,3p2,1s2.2s2.2p6.3s2.3p2,3P0,3p 2P*<1/2>,5731.0,5,theoretical,3,3p2
70,Yb,57,13,Al,[Ne].3s2.3p,3p,1s2.2s2.2p6.3s2.3p1,2P*<1/2>,3s2 1S<0>,5860.0,6,theoretical,3,3p1
70,Yb,58,12,Mg,[Ne].3s2,3s2,1s2.2s2.2p6.3s2,1S0,3s 2S<1/2>,6111.0,6,theoretical,3,3s2
70,Yb,59,11,Na,[Ne].3s,3s,1s2.2s2.2p6.3s1,2S<1/2>,2p6 1S<0>,6236.0,7,theoretical,3,3s1
70,Yb,60,10,Ne,1s2.2s2.2p6,2p6,1s2.2s2.2p6,1S0,2p5 2P*<3/2>,13784.0,10,theoretical,2,2p6
70,Yb,61,9,F,1s2.2s2.2p5,2p5,1s2.2s2.2p5,2P*<3/2>,2p4 3P<2>,14093.0,12,theoretical,2,2p5
70,Yb,62,8,O,1s2.2s2.2p4,2p4,1s2.2s2.2p4,3P<2>,"2p2<1/2>.2p<3/2> (0,3/2)*<3/2>",14435.0,15,theoretical,2,2p4
70,Yb,63,7,N,1s2.2s2.2p3,2p2<1/2>.2p<3/2>,1s2.2s2.2p3,"(0,3/2)*<3/2>",2p2 3P<0>,14752.0,19,theoretical,2,2p3
70,Yb,64,6,C,1s2.2s2.2p2,2p2,1s2.2s2.2p2,3P0,2p 2P*<1/2>,16191.0,24,theoretical,2,2p2
70,Yb,65,5,B,1s2.2s2.2p,2p,1s2.2s2.2p1,2P*<1/2>,2s2 1S<0>,16570.0,30,theoretical,2,2p1
70,Yb,66,4,Be,1s2.2s2,2s2,1s2.2s2,1S0,2s 2S<1/2>,17050.0,40,theoretical,2,2s2
70,Yb,67,3,Li,1s2.2s,1s2.2s,1s2.2s1,2S<1/2>,1s2 1S<0>,17365.44,0.15,theoretical,2,2s1
70,Yb,68,2,He,1s2,1s2,1s2,1S0,1s 2S<1/2>,70123.04,0.14,theoretical,1,1s2
70,Yb,69,1,H,1s,1s,1s1,2S<1/2>,,71574.63,0.10,theoretical,1,1s1
71,Lu,0,71,Lu,[Xe].4f14.5d.6s2,5d.6s2,1s2.2s2.2p6.3s2.3p6.3d10.4s2.4p6.4d10.5s2.5p6.4f14.5d1.6s2,2D<3/2>,6s2 1S<0>,5.425871,0.000012,experimental,6,6s2
71,Lu,1,70,Yb,[Xe].4f14.6s2,6s2,1s2.2s2.2p6.3s2.3p6.3d10.4s2.4p6.4d10.5s2.5p6.4f14.6s2,1S0,6s 2S<1/2>,14.13,0.05,semi-empirical,6,6s2
71,Lu,2,69,Tm,[Xe].4f14.6s,4f14.6s,1s2.2s2.2p6.3s2.3p6.3d10.4s2.4p6.4d10.5s2.5p6.4f14.6s1,2S<1/2>,4f14 1S<0>,20.9594,0.0012,experimental,6,6s1
71,Lu,3,68,Er,[Xe].4f14,4f14,1s2.2s2.2p6.3s2.3p6.3d10.4s2.4p6.4d10.5s2.5p6.4f14,1S0,4f13.5p6 2F*<7/2>,45.249,0.025,semi-empirical,5,4f14
71,Lu,4,67,Ho,[Xe].4f13,4f13,1s2.2s2.2p6.3s2.3p6.3d10.4s2.4p6.4d10.5s2.5p6.4f13,2F*<7/2>,4f12.5p6 3H<6>,66.8,0.3,semi-empirical,5,4f13
71,Lu,5,66,Dy,[Xe].4f12,4f12.5p6,1s2.2s2.2p6.3s2.3p6.3d10.4s2.4p6.4d10.5s2.5p6.4f12,3H<6>,4f13.5p4*,98.0,5,theoretical,5,4f12
71,Lu,6,65,Tb,[Cd].4f13.5p4,4f13.5p4,1s2.2s2.2p6.3s2.3p6.3d10.4s2.4p6.4d10.5s2.4f13.5p4,*,4f13.5p3,117.0,6,theoretical,5,5p4
71,Lu,7,64,Gd,[Cd].4f13.5p3,4f13.5p3,1s2.2s2.2p6.3s2.3p6.3d10.4s2.4p6.4d10.5s2.4f13.5p3,,4f13.5p2 4F*<7/2>,136.0,7,theoretical,5,5p3
71,Lu,8,63,Eu,[Cd].4f13.5p2,4f13.5p2,1s2.2s2.2p6.3s2.3p6.3d10.4s2.4p6.4d10.5s2.4f13.5p2,4F*<7/2>,4f12.5p2,159.0,8,theoretical,5,5p2
71,Lu,9,62,Sm,[Cd].4f12.5p2,4f12.5p2,1s2.2s2.2p6.3s2.3p6.3d10.4s2.4p6.4d10.5s2.4f12.5p2,,4f12.5s2.5p*,185.0,9,theoretical,5,5p2
71,Lu,10,61,Pm,[Cd].4f12.5p,4f12.5s2.5p,1s2.2s2.2p6.3s2.3p6.3d10.4s2.4p6.4d10.5s2.4f12.5p1,*,4f12.5s2 3H<6>,205.0,10,theoretical,5,5p1
71,Lu,11,60,Nd,[Cd].4f12,4f12.5s2,1s2.2s2.2p6.3s2.3p6.3d10.4s2.4p6.4d10.5s2.4f12,3H<6>,4f11.5s2 4I*<15/2>,238.0,12,theoretical,5,4f12
71,Lu,12,59,Pr,[Cd].4f11,4f11.5s2,1s2.2s2.2p6.3s2.3p6.3d10.4s2.4p6.4d10.5s2.4f11,4I*<15/2>,4f10.5s2,276.0,14,theoretical,5,4f11
71,Lu,13,58,Ce,[Cd].4f10,4f10.5s2,1s2.2s2.2p6.3s2.3p6.3d10.4s2.4p6.4d10.5s2.4f10,,4f10.5s,305.0,15,theoretical,5,4f10
71,Lu,14,57,La,[Kr].4d10.4f10.5s,4f10.5s,1s2.2s2.2p6.3s2.3p6.3d10.4s2.4p6.4d10.4f10.5s1,,4f10,328.0,16,theoretical,5,5s1
71,Lu,15,56,Ba,[Kr].4d10.4f10,4f10,1s2.2s2.2p6.3s2.3p6.3d10.4s2.4p6.4d10.4f10,,4f9 6H*<15/2>,361.0,19,theoretical,4,4f10
71,Lu,16,55,Cs,[Kr].4d10.4f9,4f9,1s2.2s2.2p6.3s2.3p6.3d10.4s2.4p6.4d10.4f9,6H*<15/2>,4f8 7F<6>,399.0,20,theoretical,4,4f9
71,Lu,17,54,Xe,[Kr].4d10.4f8,4f8,1s2.2s2.2p6.3s2.3p6.3d10.4s2.4p6.4d10.4f8,7F<6>,4f7 8S*<7/2>,438.0,22,theoretical,4,4f8
71,Lu,18,53,I,[Kr].4d10.4f7,4f7,1s2.2s2.2p6.3s2.3p6.3d10.4s2.4p6.4d10.4f7,8S*<7/2>,4f6 7F<0>,476.0,24,theoretical,4,4f7
71,Lu,19,52,Te,[Kr].4d10.4f6,4f6,1s2.2s2.2p6.3s2.3p6.3d10.4s2.4p6.4d10.4f6,7F0,4f5 6H*<5/2>,520.0,30,theoretical,4,4f6
71,Lu,20,51,Sb,[Kr].4d10.4f5,4f5,1s2.2s2.2p6.3s2.3p6.3d10.4s2.4p6.4d10.4f5,6H*<5/2>,4f4 5I<4>,560.0,30,theoretical,4,4f5
71,Lu,21,50,Sn,[Kr].4d10.4f4,4f4,1s2.2s2.2p6.3s2.3p6.3d10.4s2.4p6.4d10.4f4,5I<4>,4f3 4I*<9/2>,600.0,30,theoretical,4,4f4
71,Lu,22,49,In,[Kr].4d10.4f3,4f3,1s2.2s2.2p6.3s2.3p6.3d10.4s2.4p6.4d10.4f3,4I*<9/2>,4f2 3H<4>,630.0,30,theoretical,4,4f3
71,Lu,23,48,Cd,[Kr].4d10.4f2,4f2,1s2.2s2.2p6.3s2.3p6.3d10.4s2.4p6.4d10.4f2,3H<4>,4f 2F*<5/2>,670.0,30,theoretical,4,4f2
71,Lu,24,47,Ag,[Kr].4d10.4f,4f,1s2.2s2.2p6.3s2.3p6.3d10.4s2.4p6.4d10.4f1,2F*<5/2>,4d10 1S<0>,713.0,7,theoretical,4,4f1
71,Lu,25,46,Pd,[Kr].4d10,4d10,1s2.2s2.2p6.3s2.3p6.3d10.4s2.4p6.4d10,1S0,4d9 2D<5/2>,941.0,4,theoretical,4,4d10
71,Lu,26,45,Rh,[Kr].4d9,4d9,1s2.2s2.2p6.3s2.3p6.3d10.4s2.4p6.4d9,2D<5/2>,4d8 3F<4>,985.0,4,theoretical,4,4d9
71,Lu,27,44,Ru,[Kr].4d8,4d8,1s2.2s2.2p6.3s2.3p6.3d10.4s2.4p6.4d8,3F<4>,4d7 4F<9/2>,1032.0,4,theoretical,4,4d8
71,Lu,28,43,Tc,[Kr].4d7,4d7,1s2.2s2.2p6.3s2.3p6.3d10.4s2.4p6.4d7,4F<9/2>,4d6 5D<4>,1081.0,4,theoretical,4,4d7
71,Lu,29,42,Mo,[Kr].4d6,4d6,1s2.2s2.2p6.3s2.3p6.3d10.4s2.4p6.4d6,5D<4>,4d5 6S<5/2>,1130.0,4,theoretical,4,4d6
71,Lu,30,41,Nb,[Kr].4d5,4d5,1s2.2s2.2p6.3s2.3p6.3d10.4s2.4p6.4d5,6S<5/2>,4d4 5D<0>,1178.0,4,theoretical,4,4d5
71,Lu,31,40,Zr,[Kr].4d4,4d4,1s2.2s2.2p6.3s2.3p6.3d10.4s2.4p6.4d4,5D0,4d3 4F<3/2>,1242.0,4,theoretical,4,4d4
71,Lu,32,39,Y,[Kr].4d3,4d3,1s2.2s2.2p6.3s2.3p6.3d10.4s2.4p6.4d3,4F<3/2>,4d2 3F<2>,1292.0,4,theoretical,4,4d3
71,Lu,33,38,Sr,[Kr].4d2,4d2,1s2.2s2.2p6.3s2.3p6.3d10.4s2.4p6.4d2,3F<2>,4d 2D<3/2>,1345.0,5,theoretical,4,4d2
71,Lu,34,37,Rb,[Kr].4d,4d,1s2.2s2.2p6.3s2.3p6.3d10.4s2.4p6.4d1,2D<3/2>,4p6 1S<0>,1395.0,5,theoretical,4,4d1
71,Lu,35,36,Kr,[Ar].3d10.4s2.4p6,4p6,1s2.2s2.2p6.3s2.3p6.3d10.4s2.4p6,1S0,4p5 2P*<3/2>,1591.0,5,theoretical,4,4p6
71,Lu,36,35,Br,[Ar].3d10.4s2.4p5,4p5,1s2.2s2.2p6.3s2.3p6.3d10.4s2.4p5,2P*<3/2>,4p4 3P<2>,1641.0,5,theoretical,4,4p5
71,Lu,37,34,Se,[Ar].3d10.4s2.4p4,4p4,1s2.2s2.2p6.3s2.3p6.3d10.4s2.4p4,3P<2>,4p3 4S*<3/2>,1696.0,4,theoretical,4,4p4
71,Lu,38,33,As,[Ar].3d10.4s2.4p3,4p3,1s2.2s2.2p6.3s2.3p6.3d10.4s2.4p3,4S*<3/2>,4p2 3P<0>,1747.0,4,theoretical,4,4p3
71,Lu,39,32,Ge,[Ar].3d10.4s2.4p2,4p2,1s2.2s2.2p6.3s2.3p6.3d10.4s2.4p2,3P0,4p 2P*<1/2>,1875.0,4,theoretical,4,4p2
71,Lu,40,31,Ga,[Ar].3d10.4s2.4p,4p,1s2.2s2.2p6.3s2.3p6.3d10.4s2.4p1,2P*<1/2>,4s2 1S<0>,1933.0,4,theoretical,4,4p1
71,Lu,41,30,Zn,[Ar].3d10.4s2,4s2,1s2.2s2.2p6.3s2.3p6.3d10.4s2,1S0,4s 2S<1/2>,2067.0,4,theoretical,4,4s2
71,Lu,42,29,Cu,[Ar].3d10.4s,4s,1s2.2s2.2p6.3s2.3p6.3d10.4s1,2S<1/2>,3d10 1S<0>,2125.5,1.1,semi-empirical,4,4s1
71,Lu,43,28,Ni,[Ar].3d10,3d10,1s2.2s2.2p6.3s2.3p6.3d10,1S0,3d9 2D<5/2>,3590.0,4,theoretical,3,3d10
71,Lu,44,27,Co,[Ar].3d9,3d9,1s2.2s2.2p6.3s2.3p6.3d9,2D<5/2>,3d8 3F<4>,3706.0,4,theoretical,3,3d9
71,Lu,45,26,Fe,[Ar].3d8,3d8,1s2.2s2.2p6.3s2.3p6.3d8,3F<4>,3d7 4F<9/2>,3828.0,4,theoretical,3,3d8
71,Lu,46,25,Mn,[Ar].3d7,3d7,1s2.2s2.2p6.3s2.3p6.3d7,4F<9/2>,"3d-4.3d+2 (0,4)<4>",3960.0,4,theoretical,3,3d7
71,Lu,47,24,Cr,[Ar].3d6,3d-4.3d+2,1s2.2s2.2p6.3s2.3p6.3d6,"(0,4)<4>","3d-4.3d+ (0,5/2)<5/2>",4086.0,4,theoretical,3,3d6
71,Lu,48,23,V,[Ar].3d5,3d-4.3d+,1s2.2s2.2p6.3s2.3p6.3d5,"(0,5/2)<5/2>",3d4 5D<0>,4211.0,4,theoretical,3,3d5
71,Lu,49,22,Ti,[Ar].3d4,3d4,1s2.2s2.2p6.3s2.3p6.3d4,5D0,3d3 4F<3/2>,4403.0,4,theoretical,3,3d4
71,Lu,50,21,Sc,[Ar].3d3,3d3,1s2.2s2.2p6.3s2.3p6.3d3,4F<3/2>,3d2 3F<2>,4532.0,4,theoretical,3,3d3
71,Lu,51,20,Ca,[Ar].3d2,3d2,1s2.2s2.2p6.3s2.3p6.3d2,3F<2>,3d 2D<3/2>,4673.0,4,theoretical,3,3d2
71,Lu,52,19,K,[Ar].3d,3d,1s2.2s2.2p6.3s2.3p6.3d1,2D<3/2>,3p6 1S<0>,4803.0,4,theoretical,3,3d1
71,Lu,53,18,Ar,[Ne].3s2.3p6,3p6,1s2.2s2.2p6.3s2.3p6,1S0,3p5 2P*<3/2>,5168.0,5,theoretical,3,3p6
71,Lu,54,17,Cl,[Ne].3s2.3p5,3p5,1s2.2s2.2p6.3s2.3p5,2P*<3/2>,3p4 3P<2>,5282.0,5,theoretical,3,3p5
71,Lu,55,16,S,[Ne].3s2.3p4,3p4,1s2.2s2.2p6.3s2.3p4,3P<2>,3p3 2P*<3/2>,5408.0,5,theoretical,3,3p4
71,Lu,56,15,P,[Ne].3s2.3p3,3p3,1s2.2s2.2p6.3s2.3p3,2P*<3/2>,3p2 3P<0>,5525.0,5,theoretical,3,3p3
71,Lu,57,14,Si,[Ne].3s2.3p2,3p2,1s2.2s2.2p6.3s2.3p2,3P0,3p 2P*<1/2>,5937.0,6,theoretical,3,3p2
71,Lu,58,13,Al,[Ne].3s2.3p,3p,1s2.2s2.2p6.3s2.3p1,2P*<1/2>,3s2 1S<0>,6070.0,6,theoretical,3,3p1
71,Lu,59,12,Mg,[Ne].3s2,3s2,1s2.2s2.2p6.3s2,1S0,3s 2S<1/2>,6326.0,7,theoretical,3,3s2
71,Lu,60,11,Na,[Ne].3s,3s,1s2.2s2.2p6.3s1,2S<1/2>,2p6 1S<0>,6452.0,10,theoretical,3,3s1
71,Lu,61,10,Ne,1s2.2s2.2p6,2p6,1s2.2s2.2p6,1S0,2p5 2P*<3/2>,14228.0,12,theoretical,2,2p6
71,Lu,62,9,F,1s2.2s2.2p5,2p5,1s2.2s2.2p5,2P*<3/2>,2p4 3P<2>,14542.0,15,theoretical,2,2p5
71,Lu,63,8,O,1s2.2s2.2p4,2p4,1s2.2s2.2p4,3P<2>,"2p2<1/2>.2p<3/2> (0,3/2)*<3/2>",14890.0,19,theoretical,2,2p4
71,Lu,64,7,N,1s2.2s2.2p3,2p2<1/2>.2p<3/2>,1s2.2s2.2p3,"(0,3/2)*<3/2>",2p2 3P<0>,15211.0,24,theoretical,2,2p3
71,Lu,65,6,C,1s2.2s2.2p2,2p2,1s2.2s2.2p2,3P0,2p 2P*<1/2>,16730.0,30,theoretical,2,2p2
71,Lu,66,5,B,1s2.2s2.2p,2p,1s2.2s2.2p1,2P*<1/2>,2s2 1S<0>,17120.0,40,theoretical,2,2p1
71,Lu,67,4,Be,1s2.2s2,2s2,1s2.2s2,1S0,2s 2S<1/2>,17610.0,40,theoretical,2,2s2
71,Lu,68,3,Li,1s2.2s,1s2.2s,1s2.2s1,2S<1/2>,1s2 1S<0>,17928.05,0.16,theoretical,2,2s1
71,Lu,69,2,He,1s2,1s2,1s2,1S0,1s 2S<1/2>,72322.87,0.15,theoretical,1,1s2
71,Lu,70,1,H,1s,1s,1s1,2S<1/2>,,73804.35,0.24,theoretical,1,1s1
72,Hf,0,72,Hf,[Xe].4f14.5d2.6s2,5d2.6s2,1s2.2s2.2p6.3s2.3p6.3d10.4s2.4p6.4d10.5s2.5p6.4f14.5d2.6s2,3F<2>,5d.6s2 2D<3/2>,6.82507,0.000012,experimental,6,6s2
72,Hf,1,71,Lu,[Xe].4f14.5d.6s2,5d.6s2,1s2.2s2.2p6.3s2.3p6.3d10.4s2.4p6.4d10.5s2.5p6.4f14.5d1.6s2,2D<3/2>,5d2 3F<2>,14.61,0.04,theoretical,6,6s2
72,Hf,2,70,Yb,[Xe].4f14.5d2,5d2,1s2.2s2.2p6.3s2.3p6.3d10.4s2.4p6.4d10.5s2.5p6.4f14.5d2,3F<2>,5d 2D<3/2>,22.55,0.04,theoretical,5,5d2
72,Hf,3,69,Tm,[Xe].4f14.5d,5d,1s2.2s2.2p6.3s2.3p6.3d10.4s2.4p6.4d10.5s2.5p6.4f14.5d1,2D<3/2>,4f14 1S<0>,33.37,0.025,semi-empirical,5,5d1
72,Hf,4,68,Er,[Xe].4f14,4f14,1s2.2s2.2p6.3s2.3p6.3d10.4s2.4p6.4d10.5s2.5p6.4f14,1S0,4f13.5p6 2F*<7/2>,68.37,0.04,semi-empirical,5,4f14
72,Hf,5,67,Ho,[Xe].4f13,4f13.5p6,1s2.2s2.2p6.3s2.3p6.3d10.4s2.4p6.4d10.5s2.5p6.4f13,2F*<7/2>,4f13.5p5,98.0,5,theoretical,5,4f13
72,Hf,6,66,Dy,[Cd].4f13.5p5,4f13.5p5,1s2.2s2.2p6.3s2.3p6.3d10.4s2.4p6.4d10.5s2.4f13.5p5,,4f13.5p4*,118.0,6,theoretical,5,5p5
72,Hf,7,65,Tb,[Cd].4f13.5p4,4f13.5p4,1s2.2s2.2p6.3s2.3p6.3d10.4s2.4p6.4d10.5s2.4f13.5p4,*,4f13.5p3,137.0,7,theoretical,5,5p4
72,Hf,8,64,Gd,[Cd].4f13.5p3,4f13.5p3,1s2.2s2.2p6.3s2.3p6.3d10.4s2.4p6.4d10.5s2.4f13.5p3,,4f13.5p2 4F*<7/2>,157.0,8,theoretical,5,5p3
72,Hf,9,63,Eu,[Cd].4f13.5p2,4f13.5p2,1s2.2s2.2p6.3s2.3p6.3d10.4s2.4p6.4d10.5s2.4f13.5p2,4F*<7/2>,4f12.5p2,187.0,9,theoretical,5,5p2
72,Hf,10,62,Sm,[Cd].4f12.5p2,4f12.5p2,1s2.2s2.2p6.3s2.3p6.3d10.4s2.4p6.4d10.5s2.4f12.5p2,,4f12.5s2.5p*,209.0,10,theoretical,5,5p2
72,Hf,11,61,Pm,[Cd].4f12.5p,4f12.5s2.5p,1s2.2s2.2p6.3s2.3p6.3d10.4s2.4p6.4d10.5s2.4f12.5p1,*,4f12.5s2 3H<6>,230.0,12,theoretical,5,5p1
72,Hf,12,60,Nd,[Cd].4f12,4f12.5s2,1s2.2s2.2p6.3s2.3p6.3d10.4s2.4p6.4d10.5s2.4f12,3H<6>,4f11.5s2 4I*<15/2>,270.0,14,theoretical,5,4f12
72,Hf,13,59,Pr,[Cd].4f11,4f11.5s2,1s2.2s2.2p6.3s2.3p6.3d10.4s2.4p6.4d10.5s2.4f11,4I*<15/2>,4f11.5s 5I*<4>,310.0,15,theoretical,5,4f11
72,Hf,14,58,Ce,[Kr].4d10.4f11.5s,4f11.5s,1s2.2s2.2p6.3s2.3p6.3d10.4s2.4p6.4d10.4f11.5s1,5I*<8>,4f11*,334.0,16,theoretical,5,5s1
72,Hf,15,57,La,[Kr].4d10.4f11,4f11,1s2.2s2.2p6.3s2.3p6.3d10.4s2.4p6.4d10.4f11,*,4f10,359.0,17,theoretical,4,4f11
72,Hf,16,56,Ba,[Kr].4d10.4f10,4f10,1s2.2s2.2p6.3s2.3p6.3d10.4s2.4p6.4d10.4f10,,4f9 6H*<15/2>,399.0,20,theoretical,4,4f10
72,Hf,17,55,Cs,[Kr].4d10.4f9,4f9,1s2.2s2.2p6.3s2.3p6.3d10.4s2.4p6.4d10.4f9,6H*<15/2>,4f8 7F<6>,440.0,22,theoretical,4,4f9
72,Hf,18,54,Xe,[Kr].4d10.4f8,4f8,1s2.2s2.2p6.3s2.3p6.3d10.4s2.4p6.4d10.4f8,7F<6>,4f7 8S*<7/2>,481.0,24,theoretical,4,4f8
72,Hf,19,53,I,[Kr].4d10.4f7,4f7,1s2.2s2.2p6.3s2.3p6.3d10.4s2.4p6.4d10.4f7,8S*<7/2>,4f6 7F<0>,520.0,30,theoretical,4,4f7
72,Hf,20,52,Te,[Kr].4d10.4f6,4f6,1s2.2s2.2p6.3s2.3p6.3d10.4s2.4p6.4d10.4f6,7F0,4f5 6H*<5/2>,570.0,30,theoretical,4,4f6
72,Hf,21,51,Sb,[Kr].4d10.4f5,4f5,1s2.2s2.2p6.3s2.3p6.3d10.4s2.4p6.4d10.4f5,6H*<5/2>,4f4 5I<4>,610.0,30,theoretical,4,4f5
72,Hf,22,50,Sn,[Kr].4d10.4f4,4f4,1s2.2s2.2p6.3s2.3p6.3d10.4s2.4p6.4d10.4f4,5I<4>,4f3 4I*<9/2>,650.0,30,theoretical,4,4f4
72,Hf,23,49,In,[Kr].4d10.4f3,4f3,1s2.2s2.2p6.3s2.3p6.3d10.4s2.4p6.4d10.4f3,4I*<9/2>,4f2 3H<4>,690.0,30,theoretical,4,4f3
72,Hf,24,48,Cd,[Kr].4d10.4f2,4f2,1s2.2s2.2p6.3s2.3p6.3d10.4s2.4p6.4d10.4f2,3H<4>,4f 2F*<5/2>,730.0,40,theoretical,4,4f2
72,Hf,25,47,Ag,[Kr].4d10.4f,4f,1s2.2s2.2p6.3s2.3p6.3d10.4s2.4p6.4d10.4f1,2F*<5/2>,4d10 1S<0>,772.0,9,theoretical,4,4f1
72,Hf,26,46,Pd,[Kr].4d10,4d10,1s2.2s2.2p6.3s2.3p6.3d10.4s2.4p6.4d10,1S0,4d9 2D<5/2>,1002.0,4,theoretical,4,4d10
72,Hf,27,45,Rh,[Kr].4d9,4d9,1s2.2s2.2p6.3s2.3p6.3d10.4s2.4p6.4d9,2D<5/2>,4d8 3F<4>,1047.0,4,theoretical,4,4d9
72,Hf,28,44,Ru,[Kr].4d8,4d8,1s2.2s2.2p6.3s2.3p6.3d10.4s2.4p6.4d8,3F<4>,4d7 4F<9/2>,1094.0,4,theoretical,4,4d8
72,Hf,29,43,Tc,[Kr].4d7,4d7,1s2.2s2.2p6.3s2.3p6.3d10.4s2.4p6.4d7,4F<9/2>,4d6 5D<4>,1146.0,4,theoretical,4,4d7
72,Hf,30,42,Mo,[Kr].4d6,4d6,1s2.2s2.2p6.3s2.3p6.3d10.4s2.4p6.4d6,5D<4>,4d5 6S<5/2>,1195.0,4,theoretical,4,4d6
72,Hf,31,41,Nb,[Kr].4d5,4d5,1s2.2s2.2p6.3s2.3p6.3d10.4s2.4p6.4d5,6S<5/2>,4d4 5D<0>,1245.0,4,theoretical,4,4d5
72,Hf,32,40,Zr,[Kr].4d4,4d4,1s2.2s2.2p6.3s2.3p6.3d10.4s2.4p6.4d4,5D0,4d3 4F<3/2>,1311.0,4,theoretical,4,4d4
72,Hf,33,39,Y,[Kr].4d3,4d3,1s2.2s2.2p6.3s2.3p6.3d10.4s2.4p6.4d3,4F<3/2>,4d2 3F<2>,1362.0,5,theoretical,4,4d3
72,Hf,34,38,Sr,[Kr].4d2,4d2,1s2.2s2.2p6.3s2.3p6.3d10.4s2.4p6.4d2,3F<2>,4d 2D<3/2>,1417.0,5,theoretical,4,4d2
72,Hf,35,37,Rb,[Kr].4d,4d,1s2.2s2.2p6.3s2.3p6.3d10.4s2.4p6.4d1,2D<3/2>,4p6 1S<0>,1467.0,5,theoretical,4,4d1
72,Hf,36,36,Kr,[Ar].3d10.4s2.4p6,4p6,1s2.2s2.2p6.3s2.3p6.3d10.4s2.4p6,1S0,4p5 2P*<3/2>,1669.0,5,theoretical,4,4p6
72,Hf,37,35,Br,[Ar].3d10.4s2.4p5,4p5,1s2.2s2.2p6.3s2.3p6.3d10.4s2.4p5,2P*<3/2>,4p4 3P<2>,1719.0,4,theoretical,4,4p5
72,Hf,38,34,Se,[Ar].3d10.4s2.4p4,4p4,1s2.2s2.2p6.3s2.3p6.3d10.4s2.4p4,3P<2>,4p3 4S*<3/2>,1776.0,4,theoretical,4,4p4
72,Hf,39,33,As,[Ar].3d10.4s2.4p3,4p3,1s2.2s2.2p6.3s2.3p6.3d10.4s2.4p3,4S*<3/2>,4p2 3P<0>,1827.0,4,theoretical,4,4p3
72,Hf,40,32,Ge,[Ar].3d10.4s2.4p2,4p2,1s2.2s2.2p6.3s2.3p6.3d10.4s2.4p2,3P0,4p 2P*<1/2>,1963.0,4,theoretical,4,4p2
72,Hf,41,31,Ga,[Ar].3d10.4s2.4p,4p,1s2.2s2.2p6.3s2.3p6.3d10.4s2.4p1,2P*<1/2>,4s2 1S<0>,2022.0,4,theoretical,4,4p1
72,Hf,42,30,Zn,[Ar].3d10.4s2,4s2,1s2.2s2.2p6.3s2.3p6.3d10.4s2,1S0,4s 2S<1/2>,2159.0,4,theoretical,4,4s2
72,Hf,43,29,Cu,[Ar].3d10.4s,4s,1s2.2s2.2p6.3s2.3p6.3d10.4s1,2S<1/2>,3d10 1S<0>,2218.9,1.1,semi-empirical,4,4s1
72,Hf,44,28,Ni,[Ar].3d10,3d10,1s2.2s2.2p6.3s2.3p6.3d10,1S0,3d9 2D<5/2>,3741.0,4,theoretical,3,3d10
72,Hf,45,27,Co,[Ar].3d9,3d9,1s2.2s2.2p6.3s2.3p6.3d9,2D<5/2>,3d8 3F<4>,3858.0,4,theoretical,3,3d9
72,Hf,46,26,Fe,[Ar].3d8,3d8,1s2.2s2.2p6.3s2.3p6.3d8,3F<4>,3d7 4F<9/2>,3984.0,4,theoretical,3,3d8
72,Hf,47,25,Mn,[Ar].3d7,3d7,1s2.2s2.2p6.3s2.3p6.3d7,4F<9/2>,"3d-4.3d+2 (0,4)<4>",4118.0,4,theoretical,3,3d7
72,Hf,48,24,Cr,[Ar].3d6,3d-4.3d+2,1s2.2s2.2p6.3s2.3p6.3d6,"(0,4)<4>","3d-4.3d+ (0,5/2)<5/2>",4246.0,4,theoretical,3,3d6
72,Hf,49,23,V,[Ar].3d5,3d-4.3d+,1s2.2s2.2p6.3s2.3p6.3d5,"(0,5/2)<5/2>",3d4 5D<0>,4372.0,4,theoretical,3,3d5
72,Hf,50,22,Ti,[Ar].3d4,3d4,1s2.2s2.2p6.3s2.3p6.3d4,5D0,3d3 4F<3/2>,4573.0,4,theoretical,3,3d4
72,Hf,51,21,Sc,[Ar].3d3,3d3,1s2.2s2.2p6.3s2.3p6.3d3,4F<3/2>,3d2 3F<2>,4703.0,4,theoretical,3,3d3
72,Hf,52,20,Ca,[Ar].3d2,3d2,1s2.2s2.2p6.3s2.3p6.3d2,3F<2>,3d 2D<3/2>,4846.0,4,theoretical,3,3d2
72,Hf,53,19,K,[Ar].3d,3d,1s2.2s2.2p6.3s2.3p6.3d1,2D<3/2>,3p6 1S<0>,4980.0,5,theoretical,3,3d1
72,Hf,54,18,Ar,[Ne].3s2.3p6,3p6,1s2.2s2.2p6.3s2.3p6,1S0,3p5 2P*<3/2>,5350.0,5,theoretical,3,3p6
72,Hf,55,17,Cl,[Ne].3s2.3p5,3p5,1s2.2s2.2p6.3s2.3p5,2P*<3/2>,3p4 3P<2>,5468.0,5,theoretical,3,3p5
72,Hf,56,16,S,[Ne].3s2.3p4,3p4,1s2.2s2.2p6.3s2.3p4,3P<2>,3p3 2P*<3/2>,5595.0,5,theoretical,3,3p4
72,Hf,57,15,P,[Ne].3s2.3p3,3p3,1s2.2s2.2p6.3s2.3p3,2P*<3/2>,3p2 3P<0>,5713.0,6,theoretical,3,3p3
72,Hf,58,14,Si,[Ne].3s2.3p2,3p2,1s2.2s2.2p6.3s2.3p2,3P0,3p 2P*<1/2>,6149.0,6,theoretical,3,3p2
72,Hf,59,13,Al,[Ne].3s2.3p,3p,1s2.2s2.2p6.3s2.3p1,2P*<1/2>,3s2 1S<0>,6284.0,7,theoretical,3,3p1
72,Hf,60,12,Mg,[Ne].3s2,3s2,1s2.2s2.2p6.3s2,1S0,3s 2S<1/2>,6545.0,10,theoretical,3,3s2
72,Hf,61,11,Na,[Ne].3s,3s,1s2.2s2.2p6.3s1,2S<1/2>,2p6 1S<0>,6674.0,12,theoretical,3,3s1
72,Hf,62,10,Ne,1s2.2s2.2p6,2p6,1s2.2s2.2p6,1S0,2p5 2P*<3/2>,14678.0,15,theoretical,2,2p6
72,Hf,63,9,F,1s2.2s2.2p5,2p5,1s2.2s2.2p5,2P*<3/2>,2p4 3P<2>,14999.0,19,theoretical,2,2p5
72,Hf,64,8,O,1s2.2s2.2p4,2p4,1s2.2s2.2p4,3P<2>,"2p2<1/2>.2p<3/2> (0,3/2)*<3/2>",15351.0,24,theoretical,2,2p4
72,Hf,65,7,N,1s2.2s2.2p3,2p2<1/2>.2p<3/2>,1s2.2s2.2p3,"(0,3/2)*<3/2>",2p2 3P<0>,15680.0,30,theoretical,2,2p3
72,Hf,66,6,C,1s2.2s2.2p2,2p2,1s2.2s2.2p2,3P0,2p 2P*<1/2>,17280.0,40,theoretical,2,2p2
72,Hf,67,5,B,1s2.2s2.2p,2p,1s2.2s2.2p1,2P*<1/2>,2s2 1S<0>,17680.0,40,theoretical,2,2p1
72,Hf,68,4,Be,1s2.2s2,2s2,1s2.2s2,1S0,2s 2S<1/2>,18180.0,50,theoretical,2,2s2
72,Hf,69,3,Li,1s2.2s,1s2.2s,1s2.2s1,2S<1/2>,1s2 1S<0>,18502.32,0.17,theoretical,2,2s1
72,Hf,70,2,He,1s2,1s2,1s2,1S0,1s 2S<1/2>,74565.91,0.16,theoretical,1,1s2
72,Hf,71,1,H,1s,1s,1s1,2S<1/2>,,76077.7,0.11,theoretical,1,1s1
73,Ta,0,73,Ta,[Xe].4f14.5d3.6s2,5d3.6s2,1s2.2s2.2p6.3s2.3p6.3d10.4s2.4p6.4d10.5s2.5p6.4f14.5d3.6s2,4F<3/2>,5d3.6s 5F<1>,7.549571,0.000025,experimental,6,6s2
73,Ta,1,72,Hf,[Xe].4f14.5d3.6s,5d3.(4F).6s,1s2.2s2.2p6.3s2.3p6.3d10.4s2.4p6.4d10.5s2.5p6.4f14.5d3.6s1,5F<1>,5d3 4F<3/2>,16.2,0.5,semi-empirical,6,6s1
73,Ta,2,71,Lu,[Xe].4f14.5d3,5d3,1s2.2s2.2p6.3s2.3p6.3d10.4s2.4p6.4d10.5s2.5p6.4f14.5d3,4F<3/2>,5d2 3F<2>,23.1,1.6,theoretical,5,5d3
73,Ta,3,70,Yb,[Xe].4f14.5d2,5d2,1s2.2s2.2p6.3s2.3p6.3d10.4s2.4p6.4d10.5s2.5p6.4f14.5d2,3F<2>,5d 2D<3/2>,35.0,1.7,theoretical,5,5d2
73,Ta,4,69,Tm,[Xe].4f14.5d,5d,1s2.2s2.2p6.3s2.3p6.3d10.4s2.4p6.4d10.5s2.5p6.4f14.5d1,2D<3/2>,4f14 1S<0>,48.272,0.025,semi-empirical,5,5d1
73,Ta,5,68,Er,[Xe].4f14,4f14,1s2.2s2.2p6.3s2.3p6.3d10.4s2.4p6.4d10.5s2.5p6.4f14,1S0,4f13.5p6 2F*<7/2>,94.01,0.05,semi-empirical,5,4f14
73,Ta,6,67,Ho,[Xe].4f13,4f13.5p6,1s2.2s2.2p6.3s2.3p6.3d10.4s2.4p6.4d10.5s2.5p6.4f13,2F*<7/2>,4f13.5p5,119.0,6,theoretical,5,4f13
73,Ta,7,66,Dy,[Cd].4f13.5p5,4f13.5p5,1s2.2s2.2p6.3s2.3p6.3d10.4s2.4p6.4d10.5s2.4f13.5p5,,4f13.5p4*,139.0,7,theoretical,5,5p5
73,Ta,8,65,Tb,[Cd].4f13.5p4,4f13.5p4,1s2.2s2.2p6.3s2.3p6.3d10.4s2.4p6.4d10.5s2.4f13.5p4,*,4f13.5p3,159.0,8,theoretical,5,5p4
73,Ta,9,64,Gd,[Cd].4f13.5p3,4f13.5p3,1s2.2s2.2p6.3s2.3p6.3d10.4s2.4p6.4d10.5s2.4f13.5p3,,4f13.5p2 4F*<7/2>,180.0,9,theoretical,5,5p3
73,Ta,10,63,Eu,[Cd].4f13.5p2,4f13.5p2,1s2.2s2.2p6.3s2.3p6.3d10.4s2.4p6.4d10.5s2.4f13.5p2,4F*<7/2>,4f13.5p,213.0,11,theoretical,5,5p2
73,Ta,11,62,Sm,[Cd].4f13.5p,4f13.5p,1s2.2s2.2p6.3s2.3p6.3d10.4s2.4p6.4d10.5s2.4f13.5p1,,4f13.5s2 2F*<7/2>,235.0,12,theoretical,5,5p1
73,Ta,12,61,Pm,[Cd].4f13,4f13.5s2,1s2.2s2.2p6.3s2.3p6.3d10.4s2.4p6.4d10.5s2.4f13,2F*<7/2>,4f12.5s2 3H<6>,262.0,14,theoretical,5,4f13
73,Ta,13,60,Nd,[Cd].4f12,4f12.5s2,1s2.2s2.2p6.3s2.3p6.3d10.4s2.4p6.4d10.5s2.4f12,3H<6>,4f11.5s2 4I*<15/2>,304.0,15,theoretical,5,4f12
73,Ta,14,59,Pr,[Cd].4f11,4f11.5s2,1s2.2s2.2p6.3s2.3p6.3d10.4s2.4p6.4d10.5s2.4f11,4I*<15/2>,4f11.5s 5I*<4>,338.0,17,theoretical,5,4f11
73,Ta,15,58,Ce,[Kr].4d10.4f11.5s,4f11.5s,1s2.2s2.2p6.3s2.3p6.3d10.4s2.4p6.4d10.4f11.5s1,5I*<8>,4f11*,363.0,19,theoretical,5,5s1
73,Ta,16,57,La,[Kr].4d10.4f11,4f11,1s2.2s2.2p6.3s2.3p6.3d10.4s2.4p6.4d10.4f11,*,4f10,396.0,20,theoretical,4,4f11
73,Ta,17,56,Ba,[Kr].4d10.4f10,4f10,1s2.2s2.2p6.3s2.3p6.3d10.4s2.4p6.4d10.4f10,,4f9 6H*<15/2>,439.0,22,theoretical,4,4f10
73,Ta,18,55,Cs,[Kr].4d10.4f9,4f9,1s2.2s2.2p6.3s2.3p6.3d10.4s2.4p6.4d10.4f9,6H*<15/2>,4f8 7F<6>,482.0,24,theoretical,4,4f9
73,Ta,19,54,Xe,[Kr].4d10.4f8,4f8,1s2.2s2.2p6.3s2.3p6.3d10.4s2.4p6.4d10.4f8,7F<6>,4f7 8S*<7/2>,530.0,30,theoretical,4,4f8
73,Ta,20,53,I,[Kr].4d10.4f7,4f7,1s2.2s2.2p6.3s2.3p6.3d10.4s2.4p6.4d10.4f7,8S*<7/2>,4f6 7F<0>,570.0,30,theoretical,4,4f7
73,Ta,21,52,Te,[Kr].4d10.4f6,4f6,1s2.2s2.2p6.3s2.3p6.3d10.4s2.4p6.4d10.4f6,7F0,4f5 6H*<5/2>,610.0,30,theoretical,4,4f6
73,Ta,22,51,Sb,[Kr].4d10.4f5,4f5,1s2.2s2.2p6.3s2.3p6.3d10.4s2.4p6.4d10.4f5,6H*<5/2>,4f4 5I<4>,660.0,30,theoretical,4,4f5
73,Ta,23,50,Sn,[Kr].4d10.4f4,4f4,1s2.2s2.2p6.3s2.3p6.3d10.4s2.4p6.4d10.4f4,5I<4>,4f3 4I*<9/2>,700.0,30,theoretical,4,4f4
73,Ta,24,49,In,[Kr].4d10.4f3,4f3,1s2.2s2.2p6.3s2.3p6.3d10.4s2.4p6.4d10.4f3,4I*<9/2>,4f2 3H<4>,750.0,40,theoretical,4,4f3
73,Ta,25,48,Cd,[Kr].4d10.4f2,4f2,1s2.2s2.2p6.3s2.3p6.3d10.4s2.4p6.4d10.4f2,3H<4>,4f 2F*<5/2>,790.0,40,theoretical,4,4f2
73,Ta,26,47,Ag,[Kr].4d10.4f,4f,1s2.2s2.2p6.3s2.3p6.3d10.4s2.4p6.4d10.4f1,2F*<5/2>,4d10 1S<0>,832.0,10,theoretical,4,4f1
73,Ta,27,46,Pd,[Kr].4d10,4d10,1s2.2s2.2p6.3s2.3p6.3d10.4s2.4p6.4d10,1S0,4d9 2D<5/2>,1064.0,4,theoretical,4,4d10
73,Ta,28,45,Rh,[Kr].4d9,4d9,1s2.2s2.2p6.3s2.3p6.3d10.4s2.4p6.4d9,2D<5/2>,4d8 3F<4>,1110.0,4,theoretical,4,4d9
73,Ta,29,44,Ru,[Kr].4d8,4d8,1s2.2s2.2p6.3s2.3p6.3d10.4s2.4p6.4d8,3F<4>,4d7 4F<9/2>,1160.0,4,theoretical,4,4d8
73,Ta,30,43,Tc,[Kr].4d7,4d7,1s2.2s2.2p6.3s2.3p6.3d10.4s2.4p6.4d7,4F<9/2>,4d6 5D<4>,1211.0,4,theoretical,4,4d7
73,Ta,31,42,Mo,[Kr].4d6,4d6,1s2.2s2.2p6.3s2.3p6.3d10.4s2.4p6.4d6,5D<4>,4d5 6S<5/2>,1262.0,4,theoretical,4,4d6
73,Ta,32,41,Nb,[Kr].4d5,4d5,1s2.2s2.2p6.3s2.3p6.3d10.4s2.4p6.4d5,6S<5/2>,4d4 5D<0>,1313.0,4,theoretical,4,4d5
73,Ta,33,40,Zr,[Kr].4d4,4d4,1s2.2s2.2p6.3s2.3p6.3d10.4s2.4p6.4d4,5D0,4d3 4F<3/2>,1382.0,5,theoretical,4,4d4
73,Ta,34,39,Y,[Kr].4d3,4d3,1s2.2s2.2p6.3s2.3p6.3d10.4s2.4p6.4d3,4F<3/2>,4d2 3F<2>,1434.0,5,theoretical,4,4d3
73,Ta,35,38,Sr,[Kr].4d2,4d2,1s2.2s2.2p6.3s2.3p6.3d10.4s2.4p6.4d2,3F<2>,4d 2D<3/2>,1490.0,5,theoretical,4,4d2
73,Ta,36,37,Rb,[Kr].4d,4d,1s2.2s2.2p6.3s2.3p6.3d10.4s2.4p6.4d1,2D<3/2>,4p6 1S<0>,1542.0,5,theoretical,4,4d1
73,Ta,37,36,Kr,[Ar].3d10.4s2.4p6,4p6,1s2.2s2.2p6.3s2.3p6.3d10.4s2.4p6,1S0,4p5 2P*<3/2>,1748.0,4,theoretical,4,4p6
73,Ta,38,35,Br,[Ar].3d10.4s2.4p5,4p5,1s2.2s2.2p6.3s2.3p6.3d10.4s2.4p5,2P*<3/2>,4p4 3P<2>,1799.0,4,theoretical,4,4p5
73,Ta,39,34,Se,[Ar].3d10.4s2.4p4,4p4,1s2.2s2.2p6.3s2.3p6.3d10.4s2.4p4,3P<2>,4p3 4S*<3/2>,1857.0,4,theoretical,4,4p4
73,Ta,40,33,As,[Ar].3d10.4s2.4p3,4p3,1s2.2s2.2p6.3s2.3p6.3d10.4s2.4p3,4S*<3/2>,4p2 3P<0>,1910.0,4,theoretical,4,4p3
73,Ta,41,32,Ge,[Ar].3d10.4s2.4p2,4p2,1s2.2s2.2p6.3s2.3p6.3d10.4s2.4p2,3P0,4p 2P*<1/2>,2053.0,4,theoretical,4,4p2
73,Ta,42,31,Ga,[Ar].3d10.4s2.4p,4p,1s2.2s2.2p6.3s2.3p6.3d10.4s2.4p1,2P*<1/2>,4s2 1S<0>,2113.0,4,theoretical,4,4p1
73,Ta,43,30,Zn,[Ar].3d10.4s2,4s2,1s2.2s2.2p6.3s2.3p6.3d10.4s2,1S0,4s 2S<1/2>,2254.0,4,theoretical,4,4s2
73,Ta,44,29,Cu,[Ar].3d10.4s,4s,1s2.2s2.2p6.3s2.3p6.3d10.4s1,2S<1/2>,3d10 1S<0>,2314.7,1.9,semi-empirical,4,4s1
73,Ta,45,28,Ni,[Ar].3d10,3d10,1s2.2s2.2p6.3s2.3p6.3d10,1S0,3d9 2D<5/2>,3898.7,2.5,experimental,3,3d10
73,Ta,46,27,Co,[Ar].3d9,3d9,1s2.2s2.2p6.3s2.3p6.3d9,2D<5/2>,3d8 3F<4>,4014.0,4,theoretical,3,3d9
73,Ta,47,26,Fe,[Ar].3d8,3d8,1s2.2s2.2p6.3s2.3p6.3d8,3F<4>,3d7 4F<9/2>,4143.0,4,theoretical,3,3d8
73,Ta,48,25,Mn,[Ar].3d7,3d7,1s2.2s2.2p6.3s2.3p6.3d7,4F<9/2>,"3d-4.3d+2 (0,4)<4>",4278.0,4,theoretical,3,3d7
73,Ta,49,24,Cr,[Ar].3d6,3d-4.3d+2,1s2.2s2.2p6.3s2.3p6.3d6,"(0,4)<4>","3d-4.3d+ (0,5/2)<5/2>",4410.0,4,theoretical,3,3d6
73,Ta,50,23,V,[Ar].3d5,3d-4.3d+,1s2.2s2.2p6.3s2.3p6.3d5,"(0,5/2)<5/2>",3d4 5D<0>,4537.0,4,theoretical,3,3d5
73,Ta,51,22,Ti,[Ar].3d4,3d4,1s2.2s2.2p6.3s2.3p6.3d4,5D0,3d3 4F<3/2>,4745.0,4,theoretical,3,3d4
73,Ta,52,21,Sc,[Ar].3d3,3d3,1s2.2s2.2p6.3s2.3p6.3d3,4F<3/2>,3d2 3F<2>,4877.0,4,theoretical,3,3d3
73,Ta,53,20,Ca,[Ar].3d2,3d2,1s2.2s2.2p6.3s2.3p6.3d2,3F<2>,3d 2D<3/2>,5024.0,5,theoretical,3,3d2
73,Ta,54,19,K,[Ar].3d,3d,1s2.2s2.2p6.3s2.3p6.3d1,2D<3/2>,3p6 1S<0>,5159.0,5,theoretical,3,3d1
73,Ta,55,18,Ar,[Ne].3s2.3p6,3p6,1s2.2s2.2p6.3s2.3p6,1S0,3p5 2P*<3/2>,5537.0,5,theoretical,3,3p6
73,Ta,56,17,Cl,[Ne].3s2.3p5,3p5,1s2.2s2.2p6.3s2.3p5,2P*<3/2>,3p4 3P<2>,5655.0,5,theoretical,3,3p5
73,Ta,57,16,S,[Ne].3s2.3p4,3p4,1s2.2s2.2p6.3s2.3p4,3P<2>,3p3 2P*<3/2>,5785.0,6,theoretical,3,3p4
73,Ta,58,15,P,[Ne].3s2.3p3,3p3,1s2.2s2.2p6.3s2.3p3,2P*<3/2>,3p2 3P<0>,5907.0,6,theoretical,3,3p3
73,Ta,59,14,Si,[Ne].3s2.3p2,3p2,1s2.2s2.2p6.3s2.3p2,3P0,3p 2P*<1/2>,6364.0,7,theoretical,3,3p2
73,Ta,60,13,Al,[Ne].3s2.3p,3p,1s2.2s2.2p6.3s2.3p1,2P*<1/2>,3s2 1S<0>,6502.0,10,theoretical,3,3p1
73,Ta,61,12,Mg,[Ne].3s2,3s2,1s2.2s2.2p6.3s2,1S0,3s 2S<1/2>,6769.0,12,theoretical,3,3s2
73,Ta,62,11,Na,[Ne].3s,3s,1s2.2s2.2p6.3s1,2S<1/2>,2p6 1S<0>,6900.0,15,theoretical,3,3s1
73,Ta,63,10,Ne,1s2.2s2.2p6,2p6,1s2.2s2.2p6,1S0,2p5 2P*<3/2>,15137.0,19,theoretical,2,2p6
73,Ta,64,9,F,1s2.2s2.2p5,2p5,1s2.2s2.2p5,2P*<3/2>,2p4 3P<2>,15461.0,24,theoretical,2,2p5
73,Ta,65,8,O,1s2.2s2.2p4,2p4,1s2.2s2.2p4,3P<2>,"2p2<1/2>.2p<3/2> (0,3/2)*<3/2>",15820.0,30,theoretical,2,2p4
73,Ta,66,7,N,1s2.2s2.2p3,2p2<1/2>.2p<3/2>,1s2.2s2.2p3,"(0,3/2)*<3/2>",2p2 3P<0>,16150.0,40,theoretical,2,2p3
73,Ta,67,6,C,1s2.2s2.2p2,2p2,1s2.2s2.2p2,3P0,2p 2P*<1/2>,17840.0,40,theoretical,2,2p2
73,Ta,68,5,B,1s2.2s2.2p,2p,1s2.2s2.2p1,2P*<1/2>,2s2 1S<0>,18250.0,50,theoretical,2,2p1
73,Ta,69,4,Be,1s2.2s2,2s2,1s2.2s2,1S0,2s 2S<1/2>,18760.0,50,theoretical,2,2s2
73,Ta,70,3,Li,1s2.2s,1s2.2s,1s2.2s1,2S<1/2>,1s2 1S<0>,19088.51,0.19,theoretical,2,2s1
73,Ta,71,2,He,1s2,1s2,1s2,1S0,1s 2S<1/2>,76852.0,0.17,theoretical,1,1s2
73,Ta,72,1,H,1s,1s,1s1,2S<1/2>,,78394.63,0.12,theoretical,1,1s1
74,W,0,74,W,[Xe].4f14.5d4.6s2,5d4.6s2,1s2.2s2.2p6.3s2.3p6.3d10.4s2.4p6.4d10.5s2.5p6.4f14.5d4.6s2,5D0,5d4.6s 6D<1/2>,7.86403,0.00010,experimental,6,6s2
74,W,1,73,Ta,[Xe].4f14.5d4.6s,5d4.(5D).6s,1s2.2s2.2p6.3s2.3p6.3d10.4s2.4p6.4d10.5s2.5p6.4f14.5d4.6s1,6D<1/2>,5d4 5D<0>,16.37,0.15,semi-empirical,6,6s1
74,W,2,72,Hf,[Xe].4f14.5d4,5d4,1s2.2s2.2p6.3s2.3p6.3d10.4s2.4p6.4d10.5s2.5p6.4f14.5d4,5D0,5d3 4F<3/2>,26.0,0.4,semi-empirical,5,5d4
74,W,3,71,Lu,[Xe].4f14.5d3,5d3,1s2.2s2.2p6.3s2.3p6.3d10.4s2.4p6.4d10.5s2.5p6.4f14.5d3,4F<3/2>,5d2 3F<2>,38.2,0.4,semi-empirical,5,5d3
74,W,4,70,Yb,[Xe].4f14.5d2,5d2,1s2.2s2.2p6.3s2.3p6.3d10.4s2.4p6.4d10.5s2.5p6.4f14.5d2,3F<2>,5d 2D<3/2>,51.6,0.3,semi-empirical,5,5d2
74,W,5,69,Tm,[Xe].4f14.5d,5d,1s2.2s2.2p6.3s2.3p6.3d10.4s2.4p6.4d10.5s2.5p6.4f14.5d1,2D<3/2>,4f14 1S<0>,64.77,0.04,semi-empirical,5,5d1
74,W,6,68,Er,[Xe].4f14,4f14.5p6,1s2.2s2.2p6.3s2.3p6.3d10.4s2.4p6.4d10.5s2.5p6.4f14,1S0,4f13.5p6 2F*<7/2>,122.01,0.06,semi-empirical,5,4f14
74,W,7,67,Ho,[Xe].4f13,4f13.5p6,1s2.2s2.2p6.3s2.3p6.3d10.4s2.4p6.4d10.5s2.5p6.4f13,2F*<7/2>,4f14.5p4 3P<2>,141.2,1.2,semi-empirical,5,4f13
74,W,8,66,Dy,[Cd].4f14.5p4,4f14.5p4,1s2.2s2.2p6.3s2.3p6.3d10.4s2.4p6.4d10.5s2.4f14.5p4,3P<2>,4f14.5p3 2P*<3/2>,160.2,1.2,semi-empirical,5,5p4
74,W,9,65,Tb,[Cd].4f14.5p3,4f14.5p3,1s2.2s2.2p6.3s2.3p6.3d10.4s2.4p6.4d10.5s2.4f14.5p3,2P*<3/2>,4f14.5p2 3P<0>,179.0,1.2,semi-empirical,5,5p3
74,W,10,64,Gd,[Cd].4f14.5p2,4f14.5p2,1s2.2s2.2p6.3s2.3p6.3d10.4s2.4p6.4d10.5s2.4f14.5p2,3P0,4f13.5p2 4F*<7/2>,208.9,1.2,semi-empirical,5,5p2
74,W,11,63,Eu,[Cd].4f13.5p2,4f13.5p2,1s2.2s2.2p6.3s2.3p6.3d10.4s2.4p6.4d10.5s2.4f13.5p2,4F*<7/2>,4f14 1S<0>,231.6,1.2,semi-empirical,5,5p2
74,W,12,62,Sm,[Cd].4f14,4f14.5s2,1s2.2s2.2p6.3s2.3p6.3d10.4s2.4p6.4d10.5s2.4f14,1S0,4f13.5s2 2F*<7/2>,258.3,1.2,semi-empirical,5,4f14
74,W,13,61,Pm,[Cd].4f13,4f13.5s2,1s2.2s2.2p6.3s2.3p6.3d10.4s2.4p6.4d10.5s2.4f13,2F*<7/2>,4f12.5s2 3H<6>,290.7,1.2,semi-empirical,5,4f13
74,W,14,60,Nd,[Cd].4f12,4f12.5s2,1s2.2s2.2p6.3s2.3p6.3d10.4s2.4p6.4d10.5s2.4f12,3H<6>,4f11.5s2 4I*<15/2>,325.3,1.5,semi-empirical,5,4f12
74,W,15,59,Pr,[Cd].4f11,4f11.5s2,1s2.2s2.2p6.3s2.3p6.3d10.4s2.4p6.4d10.5s2.4f11,4I*<15/2>,4f11.5s 5I*<8>,361.9,1.5,semi-empirical,5,4f11
74,W,16,58,Ce,[Kr].4d10.4f11.5s,4f11.(4I*).5s,1s2.2s2.2p6.3s2.3p6.3d10.4s2.4p6.4d10.4f11.5s1,5I*<8>,4f11 4I*<15/2>,387.9,1.2,semi-empirical,5,5s1
74,W,17,57,La,[Kr].4d10.4f11,4d10.4f11,1s2.2s2.2p6.3s2.3p6.3d10.4s2.4p6.4d10.4f11,4I*<15/2>,4f10 5I<8>,420.7,1.4,semi-empirical,4,4f11
74,W,18,56,Ba,[Kr].4d10.4f10,4d10.4f10,1s2.2s2.2p6.3s2.3p6.3d10.4s2.4p6.4d10.4f10,5I<8>,4f9 6H*<15/2>,462.1,1.4,semi-empirical,4,4f10
74,W,19,55,Cs,[Kr].4d10.4f9,4d10.4f9,1s2.2s2.2p6.3s2.3p6.3d10.4s2.4p6.4d10.4f9,6H*<15/2>,4f8 7F<6>,502.6,1.4,semi-empirical,4,4f9
74,W,20,54,Xe,[Kr].4d10.4f8,4d10.4f8,1s2.2s2.2p6.3s2.3p6.3d10.4s2.4p6.4d10.4f8,7F<6>,4f7 8S*<7/2>,543.4,1.4,semi-empirical,4,4f8
74,W,21,53,I,[Kr].4d10.4f7,4d10.4f7,1s2.2s2.2p6.3s2.3p6.3d10.4s2.4p6.4d10.4f7,8S*<7/2>,4f6 7F<0>,594.5,1.5,semi-empirical,4,4f7
74,W,22,52,Te,[Kr].4d10.4f6,4d10.4f6,1s2.2s2.2p6.3s2.3p6.3d10.4s2.4p6.4d10.4f6,7F0,4f5 6H*<5/2>,640.6,1.5,semi-empirical,4,4f6
74,W,23,51,Sb,[Kr].4d10.4f5,4d10.4f5,1s2.2s2.2p6.3s2.3p6.3d10.4s2.4p6.4d10.4f5,6H*<5/2>,4f4 5I<4>,685.6,1.6,semi-empirical,4,4f5
74,W,24,50,Sn,[Kr].4d10.4f4,4d10.4f4,1s2.2s2.2p6.3s2.3p6.3d10.4s2.4p6.4d10.4f4,5I<4>,4f3 4I*<9/2>,734.1,1.7,semi-empirical,4,4f4
74,W,25,49,In,[Kr].4d10.4f3,4d10.4f3,1s2.2s2.2p6.3s2.3p6.3d10.4s2.4p6.4d10.4f3,4I*<9/2>,4f2 3H<4>,784.4,1.9,semi-empirical,4,4f3
74,W,26,48,Cd,[Kr].4d10.4f2,4d10.4f2,1s2.2s2.2p6.3s2.3p6.3d10.4s2.4p6.4d10.4f2,3H<4>,4f 2F*<5/2>,833.4,1.9,semi-empirical,4,4f2
74,W,27,47,Ag,[Kr].4d10.4f,4d10.4f,1s2.2s2.2p6.3s2.3p6.3d10.4s2.4p6.4d10.4f1,2F*<5/2>,4d10 1S<0>,881.4,1.6,semi-empirical,4,4f1
74,W,28,46,Pd,[Kr].4d10,4d10,1s2.2s2.2p6.3s2.3p6.3d10.4s2.4p6.4d10,1S0,4d9 2D<5/2>,1132.2,1.4,semi-empirical,4,4d10
74,W,29,45,Rh,[Kr].4d9,4d9,1s2.2s2.2p6.3s2.3p6.3d10.4s2.4p6.4d9,2D<5/2>,4d8 3F<4>,1180.0,1.4,semi-empirical,4,4d9
74,W,30,44,Ru,[Kr].4d8,4d8,1s2.2s2.2p6.3s2.3p6.3d10.4s2.4p6.4d8,3F<4>,4d7 4F<9/2>,1230.4,1.4,semi-empirical,4,4d8
74,W,31,43,Tc,[Kr].4d7,4d7,1s2.2s2.2p6.3s2.3p6.3d10.4s2.4p6.4d7,4F<9/2>,4d6 5D<4>,1283.4,1.4,semi-empirical,4,4d7
74,W,32,42,Mo,[Kr].4d6,4d6,1s2.2s2.2p6.3s2.3p6.3d10.4s2.4p6.4d6,5D<4>,4d5 4P<5/2>,1335.1,1.4,semi-empirical,4,4d6
74,W,33,41,Nb,[Kr].4d5,4d5,1s2.2s2.2p6.3s2.3p6.3d10.4s2.4p6.4d5,4P<5/2>,4d4 3P1<0>,1386.8,1.4,semi-empirical,4,4d5
74,W,34,40,Zr,[Kr].4d4,4d4,1s2.2s2.2p6.3s2.3p6.3d10.4s2.4p6.4d4,3P10,4d3 4F<3/2>,1459.9,1.5,semi-empirical,4,4d4
74,W,35,39,Y,[Kr].4d3,4d3,1s2.2s2.2p6.3s2.3p6.3d10.4s2.4p6.4d3,4F<3/2>,4d2 3F<2>,1512.4,1.5,semi-empirical,4,4d3
74,W,36,38,Sr,[Kr].4d2,4d2,1s2.2s2.2p6.3s2.3p6.3d10.4s2.4p6.4d2,3F<2>,4d 2D<3/2>,1569.1,1.5,semi-empirical,4,4d2
74,W,37,37,Rb,[Kr].4d,4p6.4d,1s2.2s2.2p6.3s2.3p6.3d10.4s2.4p6.4d1,2D<3/2>,4p6 1S<0>,1621.7,1.5,semi-empirical,4,4d1
74,W,38,36,Kr,[Ar].3d10.4s2.4p6,4p6,1s2.2s2.2p6.3s2.3p6.3d10.4s2.4p6,1S0,4p5 2P*<3/2>,1829.8,1.9,semi-empirical,4,4p6
74,W,39,35,Br,[Ar].3d10.4s2.4p5,3d10.4s2.4p5,1s2.2s2.2p6.3s2.3p6.3d10.4s2.4p5,2P*<3/2>,4p4 3P<2>,1882.9,2.0,semi-empirical,4,4p5
74,W,40,34,Se,[Ar].3d10.4s2.4p4,3d10.4s2.4p4,1s2.2s2.2p6.3s2.3p6.3d10.4s2.4p4,3P<2>,4p3 2D*<3/2>,1940.6,2.0,semi-empirical,4,4p4
74,W,41,33,As,[Ar].3d10.4s2.4p3,3d10.4s2.4p3,1s2.2s2.2p6.3s2.3p6.3d10.4s2.4p3,2D*<3/2>,4p2 3P<0>,1994.8,2.0,semi-empirical,4,4p3
74,W,42,32,Ge,[Ar].3d10.4s2.4p2,3d10.4s2.4p2,1s2.2s2.2p6.3s2.3p6.3d10.4s2.4p2,3P0,4p 2P*<1/2>,2149.1,2.1,semi-empirical,4,4p2
74,W,43,31,Ga,[Ar].3d10.4s2.4p,3d10.4s2.4p,1s2.2s2.2p6.3s2.3p6.3d10.4s2.4p1,2P*<1/2>,4s2 1S<0>,2210.0,1.5,semi-empirical,4,4p1
74,W,44,30,Zn,[Ar].3d10.4s2,3d10.4s2,1s2.2s2.2p6.3s2.3p6.3d10.4s2,1S0,4s 2S<1/2>,2354.5,1.4,semi-empirical,4,4s2
74,W,45,29,Cu,[Ar].3d10.4s,3d10.4s,1s2.2s2.2p6.3s2.3p6.3d10.4s1,2S<1/2>,3d10 1S<0>,2414.1,0.4,semi-empirical,4,4s1
74,W,46,28,Ni,[Ar].3d10,3p6.3d10,1s2.2s2.2p6.3s2.3p6.3d10,1S0,3d9 2D<5/2>,4057.0,3,experimental,3,3d10
74,W,47,27,Co,[Ar].3d9,3p6.3d9,1s2.2s2.2p6.3s2.3p6.3d9,2D<5/2>,"3d4<3/2>.3d4<5/2> (0,4)<4>",4180.0,4,semi-empirical,3,3d9
74,W,48,26,Fe,[Ar].3d8,3d4<3/2>.3d4<5/2>,1s2.2s2.2p6.3s2.3p6.3d8,"(0,4)<4>","3d4<3/2>.3d3<5/2> (0,9/2)<9/2>",4309.0,4,semi-empirical,3,3d8
74,W,49,25,Mn,[Ar].3d7,3d-4.3d+3,1s2.2s2.2p6.3s2.3p6.3d7,"(0,9/2)<9/2>","3d-4.3d+2 (0,4)<4>",4446.0,4,semi-empirical,3,3d7
74,W,50,24,Cr,[Ar].3d6,3d-4.3d+2,1s2.2s2.2p6.3s2.3p6.3d6,"(0,4)<4>","3d-4.3d+ (0,5/2)<5/2>",4578.0,4,semi-empirical,3,3d6
74,W,51,23,V,[Ar].3d5,3d-4.3d+,1s2.2s2.2p6.3s2.3p6.3d5,"(0,5/2)<5/2>","3d-4 (0,0)<0>",4709.0,4,semi-empirical,3,3d5
74,W,52,22,Ti,[Ar].3d4,3d4<3/2>,1s2.2s2.2p6.3s2.3p6.3d4,"(0,0)0","3d3 (3/2,0)<3/2>",4927.0,4,semi-empirical,3,3d4
74,W,53,21,Sc,[Ar].3d3,3d3<3/2>,1s2.2s2.2p6.3s2.3p6.3d3,"(3/2,0)<3/2>","3d2 (3/2,3/2)<2>",5063.0,4,semi-empirical,3,3d3
74,W,54,20,Ca,[Ar].3d2,3d2,1s2.2s2.2p6.3s2.3p6.3d2,"(3/2,3/2)<2>",3d 2D<3/2>,5209.0,4,semi-empirical,3,3d2
74,W,55,19,K,[Ar].3d,3p6.3d,1s2.2s2.2p6.3s2.3p6.3d1,2D<3/2>,3p6 1S<0>,5348.0,4,semi-empirical,3,3d1
74,W,56,18,Ar,[Ne].3s2.3p6,3p6,1s2.2s2.2p6.3s2.3p6,1S0,3p5 2P*<3/2>,5719.0,5,semi-empirical,3,3p6
74,W,57,17,Cl,[Ne].3s2.3p5,3s2.3p5,1s2.2s2.2p6.3s2.3p5,2P*<3/2>,3p4 3P<2>,5840.0,5,semi-empirical,3,3p5
74,W,58,16,S,[Ne].3s2.3p4,3s2.3p4,1s2.2s2.2p6.3s2.3p4,3P<2>,3p3 2P*<3/2>,5970.0,5,semi-empirical,3,3p4
74,W,59,15,P,[Ne].3s2.3p3,3s2.3p3,1s2.2s2.2p6.3s2.3p3,2P*<3/2>,3p2 3P<0>,6093.0,5,semi-empirical,3,3p3
74,W,60,14,Si,[Ne].3s2.3p2,3s2.3p2,1s2.2s2.2p6.3s2.3p2,3P0,3p 2P*<1/2>,6596.0,7,semi-empirical,3,3p2
74,W,61,13,Al,[Ne].3s2.3p,3s2.3p,1s2.2s2.2p6.3s2.3p1,2P*<1/2>,3s2 1S<0>,6735.0,7,semi-empirical,3,3p1
74,W,62,12,Mg,[Ne].3s2,3s2,1s2.2s2.2p6.3s2,1S0,3s 2S<1/2>,7000.0,7,semi-empirical,3,3s2
74,W,63,11,Na,[Ne].3s,3s,1s2.2s2.2p6.3s1,2S<1/2>,2p6 1S<0>,7130.0,7,semi-empirical,3,3s1
74,W,64,10,Ne,1s2.2s2.2p6,2s2.2p6,1s2.2s2.2p6,1S0,2p5 2P*<3/2>,15566.0,11,semi-empirical,2,2p6
74,W,65,9,F,1s2.2s2.2p5,2s2.2p5,1s2.2s2.2p5,2P*<3/2>,2p4 3P<2>,15896.0,11,semi-empirical,2,2p5
74,W,66,8,O,1s2.2s2.2p4,2s2.2p4,1s2.2s2.2p4,3P<2>,2p3 2P*<3/2>,16252.0,11,semi-empirical,2,2p4
74,W,67,7,N,1s2.2s2.2p3,2s2.2p3,1s2.2s2.2p3,2P*<3/2>,2p2 3P<0>,16588.0,11,semi-empirical,2,2p3
74,W,68,6,C,1s2.2s2.2p2,2s2.2p2,1s2.2s2.2p2,3P0,2p 2P*<1/2>,18476.0,4,semi-empirical,2,2p2
74,W,69,5,B,1s2.2s2.2p,2s2.2p,1s2.2s2.2p1,2P*<1/2>,2s2 1S<0>,18872.0,3,semi-empirical,2,2p1
74,W,70,4,Be,1s2.2s2,1s2.2s2,1s2.2s2,1S0,2s 2S<1/2>,19362.0,3,semi-empirical,2,2s2
74,W,71,3,Li,1s2.2s,1s2.2s,1s2.2s1,2S<1/2>,1s2 1S<0>,19686.74,0.20,theoretical,2,2s1
74,W,72,2,He,1s2,1s2,1s2,1S0,1s 2S<1/2>,79181.94,0.19,theoretical,1,1s2
74,W,73,1,H,1s,1s,1s1,2S<1/2>,,80755.91,0.14,theoretical,1,1s1
75,Re,0,75,Re,[Xe].4f14.5d5.6s2,5d5.6s2,1s2.2s2.2p6.3s2.3p6.3d10.4s2.4p6.4d10.5s2.5p6.4f14.5d5.6s2,6S<5/2>,5d5.6s 7S<3>,7.83352,0.00011,experimental,6,6s2
75,Re,1,74,W,[Xe].4f14.5d5.6s,5d5.(6S).6s,1s2.2s2.2p6.3s2.3p6.3d10.4s2.4p6.4d10.5s2.5p6.4f14.5d5.6s1,7S<3>,5d5 6S<5/2>,16.6,0.5,semi-empirical,6,6s1
75,Re,2,73,Ta,[Xe].4f14.5d5,5d5,1s2.2s2.2p6.3s2.3p6.3d10.4s2.4p6.4d10.5s2.5p6.4f14.5d5,6S<5/2>,5d4 5D<0>,27.0,1.6,theoretical,5,5d5
75,Re,3,72,Hf,[Xe].4f14.5d4,5d4,1s2.2s2.2p6.3s2.3p6.3d10.4s2.4p6.4d10.5s2.5p6.4f14.5d4,5D0,5d3 4F<3/2>,39.1,1.7,theoretical,5,5d4
75,Re,4,71,Lu,[Xe].4f14.5d3,5d3,1s2.2s2.2p6.3s2.3p6.3d10.4s2.4p6.4d10.5s2.5p6.4f14.5d3,4F<3/2>,5d2 3F<2>,51.9,1.9,theoretical,5,5d3
75,Re,5,70,Yb,[Xe].4f14.5d2,5d2,1s2.2s2.2p6.3s2.3p6.3d10.4s2.4p6.4d10.5s2.5p6.4f14.5d2,3F<2>,5d 2D<3/2>,67.0,2.0,theoretical,5,5d2
75,Re,6,69,Tm,[Xe].4f14.5d,5d,1s2.2s2.2p6.3s2.3p6.3d10.4s2.4p6.4d10.5s2.5p6.4f14.5d1,2D<3/2>,4f14 1S<0>,82.71,0.05,semi-empirical,5,5d1
75,Re,7,68,Er,[Xe].4f14,4f14,1s2.2s2.2p6.3s2.3p6.3d10.4s2.4p6.4d10.5s2.5p6.4f14,1S0,4f14.5p5 2P*<3/2>,144.4,0.4,semi-empirical,5,4f14
75,Re,8,67,Ho,[Cd].4f14.5p5,4f14.5p5,1s2.2s2.2p6.3s2.3p6.3d10.4s2.4p6.4d10.5s2.4f14.5p5,2P*<3/2>,4f14.5p4 3P<2>,165.0,8,theoretical,5,5p5
75,Re,9,66,Dy,[Cd].4f14.5p4,4f14.5p4,1s2.2s2.2p6.3s2.3p6.3d10.4s2.4p6.4d10.5s2.4f14.5p4,3P<2>,4f14.5p3 2P*<3/2>,187.0,9,theoretical,5,5p4
75,Re,10,65,Tb,[Cd].4f14.5p3,4f14.5p3,1s2.2s2.2p6.3s2.3p6.3d10.4s2.4p6.4d10.5s2.4f14.5p3,2P*<3/2>,4f14.5p2 3P<0>,208.0,10,theoretical,5,5p3
75,Re,11,64,Gd,[Cd].4f14.5p2,4f14.5p2,1s2.2s2.2p6.3s2.3p6.3d10.4s2.4p6.4d10.5s2.4f14.5p2,3P0,4f13.5p2 4F*<7/2>,236.0,12,theoretical,5,5p2
75,Re,12,63,Eu,[Cd].4f13.5p2,4f13.5p2,1s2.2s2.2p6.3s2.3p6.3d10.4s2.4p6.4d10.5s2.4f13.5p2,4F*<7/2>,4f13.5p,268.0,14,theoretical,5,5p2
75,Re,13,62,Sm,[Cd].4f14,4f14,1s2.2s2.2p6.3s2.3p6.3d10.4s2.4p6.4d10.5s2.4f14,1S0,4f13.5s2 2F*<7/2>,291.0,15,theoretical,5,4f14
75,Re,14,61,Pm,[Cd].4f13,4f13.5s2,1s2.2s2.2p6.3s2.3p6.3d10.4s2.4p6.4d10.5s2.4f13,2F*<7/2>,4f12.5s2 3H<6>,330.0,16,theoretical,5,4f13
75,Re,15,60,Nd,[Cd].4f12,4f12.5s2,1s2.2s2.2p6.3s2.3p6.3d10.4s2.4p6.4d10.5s2.4f12,3H<6>,4f11.5s2 4I*<15/2>,377.0,19,theoretical,5,4f12
75,Re,16,59,Pr,[Cd].4f11,4f11.5s2,1s2.2s2.2p6.3s2.3p6.3d10.4s2.4p6.4d10.5s2.4f11,4I*<15/2>,4f12,403.0,20,theoretical,5,4f11
75,Re,17,58,Ce,[Kr].4d10.4f12,4f12,1s2.2s2.2p6.3s2.3p6.3d10.4s2.4p6.4d10.4f12,,4f11 4I*<15/2>,429.0,21,theoretical,4,4f12
75,Re,18,57,La,[Kr].4d10.4f11,4f11,1s2.2s2.2p6.3s2.3p6.3d10.4s2.4p6.4d10.4f11,4I*<15/2>,4f10 5I<8>,476.0,24,theoretical,4,4f11
75,Re,19,56,Ba,[Kr].4d10.4f10,4f10,1s2.2s2.2p6.3s2.3p6.3d10.4s2.4p6.4d10.4f10,5I<8>,4f9 6H*<15/2>,520.0,30,theoretical,4,4f10
75,Re,20,55,Cs,[Kr].4d10.4f9,4f9,1s2.2s2.2p6.3s2.3p6.3d10.4s2.4p6.4d10.4f9,6H*<15/2>,4f8 7F<6>,570.0,30,theoretical,4,4f9
75,Re,21,54,Xe,[Kr].4d10.4f8,4f8,1s2.2s2.2p6.3s2.3p6.3d10.4s2.4p6.4d10.4f8,7F<6>,4f7 8S*<7/2>,620.0,30,theoretical,4,4f8
75,Re,22,53,I,[Kr].4d10.4f7,4f7,1s2.2s2.2p6.3s2.3p6.3d10.4s2.4p6.4d10.4f7,8S*<7/2>,4f6 7F<0>,670.0,30,theoretical,4,4f7
75,Re,23,52,Te,[Kr].4d10.4f6,4f6,1s2.2s2.2p6.3s2.3p6.3d10.4s2.4p6.4d10.4f6,7F0,4f5 6H*<5/2>,720.0,40,theoretical,4,4f6
75,Re,24,51,Sb,[Kr].4d10.4f5,4f5,1s2.2s2.2p6.3s2.3p6.3d10.4s2.4p6.4d10.4f5,6H*<5/2>,4f4 5I<4>,760.0,40,theoretical,4,4f5
75,Re,25,50,Sn,[Kr].4d10.4f4,4f4,1s2.2s2.2p6.3s2.3p6.3d10.4s2.4p6.4d10.4f4,5I<4>,4f3 4I*<9/2>,810.0,40,theoretical,4,4f4
75,Re,26,49,In,[Kr].4d10.4f3,4f3,1s2.2s2.2p6.3s2.3p6.3d10.4s2.4p6.4d10.4f3,4I*<9/2>,4f2 3H<4>,860.0,40,theoretical,4,4f3
75,Re,27,48,Cd,[Kr].4d10.4f2,4f2,1s2.2s2.2p6.3s2.3p6.3d10.4s2.4p6.4d10.4f2,3H<4>,4f 2F*<5/2>,910.0,50,theoretical,4,4f2
75,Re,28,47,Ag,[Kr].4d10.4f,4f,1s2.2s2.2p6.3s2.3p6.3d10.4s2.4p6.4d10.4f1,2F*<5/2>,4d10 1S<0>,953.0,19,theoretical,4,4f1
75,Re,29,46,Pd,[Kr].4d10,4d10,1s2.2s2.2p6.3s2.3p6.3d10.4s2.4p6.4d10,1S0,4d9 2D<5/2>,1194.0,4,theoretical,4,4d10
75,Re,30,45,Rh,[Kr].4d9,4d9,1s2.2s2.2p6.3s2.3p6.3d10.4s2.4p6.4d9,2D<5/2>,4d8 3F<4>,1242.0,4,theoretical,4,4d9
75,Re,31,44,Ru,[Kr].4d8,4d8,1s2.2s2.2p6.3s2.3p6.3d10.4s2.4p6.4d8,3F<4>,4d7 4F<9/2>,1294.0,4,theoretical,4,4d8
75,Re,32,43,Tc,[Kr].4d7,4d7,1s2.2s2.2p6.3s2.3p6.3d10.4s2.4p6.4d7,4F<9/2>,4d6 5D<4>,1349.0,4,theoretical,4,4d7
75,Re,33,42,Mo,[Kr].4d6,4d6,1s2.2s2.2p6.3s2.3p6.3d10.4s2.4p6.4d6,5D<4>,"4d-4.4d+ (0,5/2)<5/2>",1402.0,5,theoretical,4,4d6
75,Re,34,41,Nb,[Kr].4d5,4d-4.4d+,1s2.2s2.2p6.3s2.3p6.3d10.4s2.4p6.4d5,"(0,5/2)<5/2>",4d4 5D<0>,1454.0,5,theoretical,4,4d5
75,Re,35,40,Zr,[Kr].4d4,4d4,1s2.2s2.2p6.3s2.3p6.3d10.4s2.4p6.4d4,5D0,4d3 4F<3/2>,1530.0,5,theoretical,4,4d4
75,Re,36,39,Y,[Kr].4d3,4d3,1s2.2s2.2p6.3s2.3p6.3d10.4s2.4p6.4d3,4F<3/2>,4d2 3F<2>,1583.0,5,theoretical,4,4d3
75,Re,37,38,Sr,[Kr].4d2,4d2,1s2.2s2.2p6.3s2.3p6.3d10.4s2.4p6.4d2,3F<2>,4d 2D<3/2>,1641.0,4,theoretical,4,4d2
75,Re,38,37,Rb,[Kr].4d,4d,1s2.2s2.2p6.3s2.3p6.3d10.4s2.4p6.4d1,2D<3/2>,4p6 1S<0>,1696.0,4,theoretical,4,4d1
75,Re,39,36,Kr,[Ar].3d10.4s2.4p6,4p6,1s2.2s2.2p6.3s2.3p6.3d10.4s2.4p6,1S0,4p5 2P*<3/2>,1912.0,4,theoretical,4,4p6
75,Re,40,35,Br,[Ar].3d10.4s2.4p5,4p5,1s2.2s2.2p6.3s2.3p6.3d10.4s2.4p5,2P*<3/2>,4p4 3P<2>,1966.0,4,theoretical,4,4p5
75,Re,41,34,Se,[Ar].3d10.4s2.4p4,4p4,1s2.2s2.2p6.3s2.3p6.3d10.4s2.4p4,3P<2>,"4p-2.4p+ (0,3/2)*<3/2>",2025.0,4,theoretical,4,4p4
75,Re,42,33,As,[Ar].3d10.4s2.4p3,4p-2.4p+,1s2.2s2.2p6.3s2.3p6.3d10.4s2.4p3,"(0,3/2)*<3/2>",4p2 3P<0>,2080.0,4,theoretical,4,4p3
75,Re,43,32,Ge,[Ar].3d10.4s2.4p2,4p2,1s2.2s2.2p6.3s2.3p6.3d10.4s2.4p2,3P0,4p 2P*<1/2>,2240.0,4,theoretical,4,4p2
75,Re,44,31,Ga,[Ar].3d10.4s2.4p,4p,1s2.2s2.2p6.3s2.3p6.3d10.4s2.4p1,2P*<1/2>,4s2 1S<0>,2302.0,4,theoretical,4,4p1
75,Re,45,30,Zn,[Ar].3d10.4s2,4s2,1s2.2s2.2p6.3s2.3p6.3d10.4s2,1S0,4s 2S<1/2>,2450.0,4,theoretical,4,4s2
75,Re,46,29,Cu,[Ar].3d10.4s,4s,1s2.2s2.2p6.3s2.3p6.3d10.4s1,2S<1/2>,3d10 1S<0>,2514.5,0.3,semi-empirical,4,4s1
75,Re,47,28,Ni,[Ar].3d10,3d10,1s2.2s2.2p6.3s2.3p6.3d10,1S0,3d9 2D<5/2>,4214.0,4,experimental,3,3d10
75,Re,48,27,Co,[Ar].3d9,3d9,1s2.2s2.2p6.3s2.3p6.3d9,2D<5/2>,3d8 3F<4>,4335.0,4,theoretical,3,3d9
75,Re,49,26,Fe,[Ar].3d8,3d8,1s2.2s2.2p6.3s2.3p6.3d8,3F<4>,3d7 4F<9/2>,4468.0,4,theoretical,3,3d8
75,Re,50,25,Mn,[Ar].3d7,3d7,1s2.2s2.2p6.3s2.3p6.3d7,4F<9/2>,"3d-4.3d+2 (0,4)<4>",4609.0,4,theoretical,3,3d7
75,Re,51,24,Cr,[Ar].3d6,3d-4.3d+2,1s2.2s2.2p6.3s2.3p6.3d6,"(0,4)<4>","3d-4.3d+ (0,5/2)<5/2>",4745.0,4,theoretical,3,3d6
75,Re,52,23,V,[Ar].3d5,3d-4.3d+,1s2.2s2.2p6.3s2.3p6.3d5,"(0,5/2)<5/2>",3d4 5D<0>,4877.0,4,theoretical,3,3d5
75,Re,53,22,Ti,[Ar].3d4,3d4,1s2.2s2.2p6.3s2.3p6.3d4,5D0,3d3 4F<3/2>,5099.0,5,theoretical,3,3d4
75,Re,54,21,Sc,[Ar].3d3,3d3,1s2.2s2.2p6.3s2.3p6.3d3,4F<3/2>,3d2 3F<2>,5236.0,5,theoretical,3,3d3
75,Re,55,20,Ca,[Ar].3d2,3d2,1s2.2s2.2p6.3s2.3p6.3d2,3F<2>,3d 2D<3/2>,5388.0,5,theoretical,3,3d2
75,Re,56,19,K,[Ar].3d,3d,1s2.2s2.2p6.3s2.3p6.3d1,2D<3/2>,3p6 1S<0>,5528.0,5,theoretical,3,3d1
75,Re,57,18,Ar,[Ne].3s2.3p6,3p6,1s2.2s2.2p6.3s2.3p6,1S0,3p5 2P*<3/2>,5919.0,6,theoretical,3,3p6
75,Re,58,17,Cl,[Ne].3s2.3p5,3p5,1s2.2s2.2p6.3s2.3p5,2P*<3/2>,3p4 3P<2>,6042.0,6,theoretical,3,3p5
75,Re,59,16,S,[Ne].3s2.3p4,3p4,1s2.2s2.2p6.3s2.3p4,3P<2>,3p3 2P*<3/2>,6176.0,7,theoretical,3,3p4
75,Re,60,15,P,[Ne].3s2.3p3,3p3,1s2.2s2.2p6.3s2.3p3,2P*<3/2>,3p2 3P<0>,6300.0,10,theoretical,3,3p3
75,Re,61,14,Si,[Ne].3s2.3p2,3p2,1s2.2s2.2p6.3s2.3p2,3P0,3p 2P*<1/2>,6810.0,12,theoretical,3,3p2
75,Re,62,13,Al,[Ne].3s2.3p,3p,1s2.2s2.2p6.3s2.3p1,2P*<1/2>,3s2 1S<0>,6952.0,15,theoretical,3,3p1
75,Re,63,12,Mg,[Ne].3s2,3s2,1s2.2s2.2p6.3s2,1S0,3s 2S<1/2>,7230.0,19,theoretical,3,3s2
75,Re,64,11,Na,[Ne].3s,3s,1s2.2s2.2p6.3s1,2S<1/2>,2p6 1S<0>,7366.0,24,theoretical,3,3s1
75,Re,65,10,Ne,1s2.2s2.2p6,2p6,1s2.2s2.2p6,1S0,2p5 2P*<3/2>,16080.0,30,theoretical,2,2p6
75,Re,66,9,F,1s2.2s2.2p5,2p5,1s2.2s2.2p5,2P*<3/2>,2p4 3P<2>,16410.0,40,theoretical,2,2p5
75,Re,67,8,O,1s2.2s2.2p4,2p4,1s2.2s2.2p4,3P<2>,"2p2<1/2>.2p<3/2> (0,3/2)*<3/2>",16780.0,40,theoretical,2,2p4
75,Re,68,7,N,1s2.2s2.2p3,2p2<1/2>.2p<3/2>,1s2.2s2.2p3,"(0,3/2)*<3/2>",2p2 3P<0>,17120.0,50,theoretical,2,2p3
75,Re,69,6,C,1s2.2s2.2p2,2p2,1s2.2s2.2p2,3P0,2p 2P*<1/2>,19000.0,50,theoretical,2,2p2
75,Re,70,5,B,1s2.2s2.2p,2p,1s2.2s2.2p1,2P*<1/2>,2s2 1S<0>,19420.0,60,theoretical,2,2p1
75,Re,71,4,Be,1s2.2s2,2s2,1s2.2s2,1S0,2s 2S<1/2>,19950.0,60,theoretical,2,2s2
75,Re,72,3,Li,1s2.2s,1s2.2s,1s2.2s1,2S<1/2>,1s2 1S<0>,20297.4,0.21,theoretical,2,2s1
75,Re,73,2,He,1s2,1s2,1s2,1S0,1s 2S<1/2>,81556.58,0.20,theoretical,1,1s2
75,Re,74,1,H,1s,1s,1s1,2S<1/2>,,83162.41,0.24,theoretical,1,1s1
76,Os,0,76,Os,[Xe].4f14.5d6.6s2,5d6.6s2,1s2.2s2.2p6.3s2.3p6.3d10.4s2.4p6.4d10.5s2.5p6.4f14.5d6.6s2,5D<4>,5d6.6s 6D<9/2>,8.43823,0.00020,experimental,6,6s2
76,Os,1,75,Re,[Xe].4f14.5d6.6s,5d6.(5D).6s,1s2.2s2.2p6.3s2.3p6.3d10.4s2.4p6.4d10.5s2.5p6.4f14.5d6.6s1,6D<9/2>,5d6 5D<4>,17.0,1.0,semi-empirical,6,6s1
76,Os,2,74,W,[Xe].4f14.5d6,5d6,1s2.2s2.2p6.3s2.3p6.3d10.4s2.4p6.4d10.5s2.5p6.4f14.5d6,5D<4>,5d5 6S<5/2>,25.0,1.6,theoretical,5,5d6
76,Os,3,73,Ta,[Xe].4f14.5d5,5d5,1s2.2s2.2p6.3s2.3p6.3d10.4s2.4p6.4d10.5s2.5p6.4f14.5d5,6S<5/2>,5d4 5D<0>,41.0,1.7,theoretical,5,5d5
76,Os,4,72,Hf,[Xe].4f14.5d4,5d4,1s2.2s2.2p6.3s2.3p6.3d10.4s2.4p6.4d10.5s2.5p6.4f14.5d4,5D0,5d3 4F<3/2>,55.0,1.9,theoretical,5,5d4
76,Os,5,71,Lu,[Xe].4f14.5d3,5d3,1s2.2s2.2p6.3s2.3p6.3d10.4s2.4p6.4d10.5s2.5p6.4f14.5d3,4F<3/2>,5d2 3F<2>,70.1,2.0,theoretical,5,5d3
76,Os,6,70,Yb,[Xe].4f14.5d2,5d2,1s2.2s2.2p6.3s2.3p6.3d10.4s2.4p6.4d10.5s2.5p6.4f14.5d2,3F<2>,5d 2D<3/2>,85.1,2.0,theoretical,5,5d2
76,Os,7,69,Tm,[Xe].4f14.5d,5d,1s2.2s2.2p6.3s2.3p6.3d10.4s2.4p6.4d10.5s2.5p6.4f14.5d1,2D<3/2>,4f14 1S<0>,102.02,0.07,semi-empirical,5,5d1
76,Os,8,68,Er,[Xe].4f14,4f14,1s2.2s2.2p6.3s2.3p6.3d10.4s2.4p6.4d10.5s2.5p6.4f14,1S0,4f14.5p5 2P*<3/2>,168.7,0.5,semi-empirical,5,4f14
76,Os,9,67,Ho,[Cd].4f14.5p5,4f14.5p5,1s2.2s2.2p6.3s2.3p6.3d10.4s2.4p6.4d10.5s2.4f14.5p5,2P*<3/2>,4f14.5p4 3P<2>,190.0,10,theoretical,5,5p5
76,Os,10,66,Dy,[Cd].4f14.5p4,4f14.5p4,1s2.2s2.2p6.3s2.3p6.3d10.4s2.4p6.4d10.5s2.4f14.5p4,3P<2>,4f14.5p3 2P*<3/2>,213.0,11,theoretical,5,5p4
76,Os,11,65,Tb,[Cd].4f14.5p3,4f14.5p3,1s2.2s2.2p6.3s2.3p6.3d10.4s2.4p6.4d10.5s2.4f14.5p3,2P*<3/2>,4f14.5p2 3P<0>,235.0,12,theoretical,5,5p3
76,Os,12,64,Gd,[Cd].4f14.5p2,4f14.5p2,1s2.2s2.2p6.3s2.3p6.3d10.4s2.4p6.4d10.5s2.4f14.5p2,3P0,4f13.5p2 4F*<7/2>,269.0,14,theoretical,5,5p2
76,Os,13,63,Eu,[Cd].4f13.5p2,4f13.5p2,1s2.2s2.2p6.3s2.3p6.3d10.4s2.4p6.4d10.5s2.4f13.5p2,4F*<7/2>,4f13.5p,298.0,15,theoretical,5,5p2
76,Os,14,62,Sm,[Cd].4f14,4f14,1s2.2s2.2p6.3s2.3p6.3d10.4s2.4p6.4d10.5s2.4f14,1S0,4f13.5s2 2F*<7/2>,322.0,16,theoretical,5,4f14
76,Os,15,61,Pm,[Cd].4f13,4f13.5s2,1s2.2s2.2p6.3s2.3p6.3d10.4s2.4p6.4d10.5s2.4f13,2F*<7/2>,4f12.5s2 3H<6>,367.0,19,theoretical,5,4f13
76,Os,16,60,Nd,[Cd].4f12,4f12.5s2,1s2.2s2.2p6.3s2.3p6.3d10.4s2.4p6.4d10.5s2.4f12,3H<6>,4f12.5s,410.0,21,theoretical,5,4f12
76,Os,17,59,Pr,[Kr].4d10.4f12.5s,4f12.5s,1s2.2s2.2p6.3s2.3p6.3d10.4s2.4p6.4d10.4f12.5s1,,4f12,436.0,22,theoretical,5,5s1
76,Os,18,58,Ce,[Kr].4d10.4f12,4f12,1s2.2s2.2p6.3s2.3p6.3d10.4s2.4p6.4d10.4f12,,4f11 4I*<15/2>,470.0,24,theoretical,4,4f12
76,Os,19,57,La,[Kr].4d10.4f11,4f11,1s2.2s2.2p6.3s2.3p6.3d10.4s2.4p6.4d10.4f11,4I*<15/2>,4f10 5I<8>,520.0,30,theoretical,4,4f11
76,Os,20,56,Ba,[Kr].4d10.4f10,4f10,1s2.2s2.2p6.3s2.3p6.3d10.4s2.4p6.4d10.4f10,5I<8>,4f9 6H*<15/2>,570.0,30,theoretical,4,4f10
76,Os,21,55,Cs,[Kr].4d10.4f9,4f9,1s2.2s2.2p6.3s2.3p6.3d10.4s2.4p6.4d10.4f9,6H*<15/2>,4f8 7F<6>,620.0,30,theoretical,4,4f9
76,Os,22,54,Xe,[Kr].4d10.4f8,4f8,1s2.2s2.2p6.3s2.3p6.3d10.4s2.4p6.4d10.4f8,7F<6>,4f7 8S*<7/2>,670.0,30,theoretical,4,4f8
76,Os,23,53,I,[Kr].4d10.4f7,4f7,1s2.2s2.2p6.3s2.3p6.3d10.4s2.4p6.4d10.4f7,8S*<7/2>,4f6 7F<0>,720.0,40,theoretical,4,4f7
76,Os,24,52,Te,[Kr].4d10.4f6,4f6,1s2.2s2.2p6.3s2.3p6.3d10.4s2.4p6.4d10.4f6,7F0,4f5 6H*<5/2>,770.0,40,theoretical,4,4f6
76,Os,25,51,Sb,[Kr].4d10.4f5,4f5,1s2.2s2.2p6.3s2.3p6.3d10.4s2.4p6.4d10.4f5,6H*<5/2>,4f4 5I<4>,820.0,40,theoretical,4,4f5
76,Os,26,50,Sn,[Kr].4d10.4f4,4f4,1s2.2s2.2p6.3s2.3p6.3d10.4s2.4p6.4d10.4f4,5I<4>,4f3 4I*<9/2>,870.0,40,theoretical,4,4f4
76,Os,27,49,In,[Kr].4d10.4f3,4f3,1s2.2s2.2p6.3s2.3p6.3d10.4s2.4p6.4d10.4f3,4I*<9/2>,4f2 3H<4>,920.0,50,theoretical,4,4f3
76,Os,28,48,Cd,[Kr].4d10.4f2,4f2,1s2.2s2.2p6.3s2.3p6.3d10.4s2.4p6.4d10.4f2,3H<4>,4f 2F*<5/2>,970.0,50,theoretical,4,4f2
76,Os,29,47,Ag,[Kr].4d10.4f,4f,1s2.2s2.2p6.3s2.3p6.3d10.4s2.4p6.4d10.4f1,2F*<5/2>,4d10 1S<0>,1015.0,25,theoretical,4,4f1
76,Os,30,46,Pd,[Kr].4d10,4d10,1s2.2s2.2p6.3s2.3p6.3d10.4s2.4p6.4d10,1S0,4d9 2D<5/2>,1262.0,4,theoretical,4,4d10
76,Os,31,45,Rh,[Kr].4d9,4d9,1s2.2s2.2p6.3s2.3p6.3d10.4s2.4p6.4d9,2D<5/2>,4d8 3F<4>,1311.0,4,theoretical,4,4d9
76,Os,32,44,Ru,[Kr].4d8,4d8,1s2.2s2.2p6.3s2.3p6.3d10.4s2.4p6.4d8,3F<4>,4d7 4F<9/2>,1364.0,4,theoretical,4,4d8
76,Os,33,43,Tc,[Kr].4d7,4d7,1s2.2s2.2p6.3s2.3p6.3d10.4s2.4p6.4d7,4F<9/2>,4d6 5D<4>,1420.0,5,theoretical,4,4d7
76,Os,34,42,Mo,[Kr].4d6,4d6,1s2.2s2.2p6.3s2.3p6.3d10.4s2.4p6.4d6,5D<4>,"4d-4.4d+ (0,5/2)<5/2>",1474.0,5,theoretical,4,4d6
76,Os,35,41,Nb,[Kr].4d5,4d-4.4d+,1s2.2s2.2p6.3s2.3p6.3d10.4s2.4p6.4d5,"(0,5/2)<5/2>",4d4 5D<0>,1528.0,5,theoretical,4,4d5
76,Os,36,40,Zr,[Kr].4d4,4d4,1s2.2s2.2p6.3s2.3p6.3d10.4s2.4p6.4d4,5D0,4d3 4F<3/2>,1606.0,5,theoretical,4,4d4
76,Os,37,39,Y,[Kr].4d3,4d3,1s2.2s2.2p6.3s2.3p6.3d10.4s2.4p6.4d3,4F<3/2>,4d2 3F<2>,1660.0,4,theoretical,4,4d3
76,Os,38,38,Sr,[Kr].4d2,4d2,1s2.2s2.2p6.3s2.3p6.3d10.4s2.4p6.4d2,3F<2>,4d 2D<3/2>,1720.0,4,theoretical,4,4d2
76,Os,39,37,Rb,[Kr].4d,4d,1s2.2s2.2p6.3s2.3p6.3d10.4s2.4p6.4d1,2D<3/2>,4p6 1S<0>,1776.0,4,theoretical,4,4d1
76,Os,40,36,Kr,[Ar].3d10.4s2.4p6,4p6,1s2.2s2.2p6.3s2.3p6.3d10.4s2.4p6,1S0,4p5 2P*<3/2>,1996.0,4,theoretical,4,4p6
76,Os,41,35,Br,[Ar].3d10.4s2.4p5,4p5,1s2.2s2.2p6.3s2.3p6.3d10.4s2.4p5,2P*<3/2>,4p4 3P<2>,2052.0,4,theoretical,4,4p5
76,Os,42,34,Se,[Ar].3d10.4s2.4p4,4p4,1s2.2s2.2p6.3s2.3p6.3d10.4s2.4p4,3P<2>,"4p-2.4p+ (0,3/2)*<3/2>",2112.0,4,theoretical,4,4p4
76,Os,43,33,As,[Ar].3d10.4s2.4p3,4p-2.4p+,1s2.2s2.2p6.3s2.3p6.3d10.4s2.4p3,"(0,3/2)*<3/2>",4p2 3P<0>,2168.0,4,theoretical,4,4p3
76,Os,44,32,Ge,[Ar].3d10.4s2.4p2,4p2,1s2.2s2.2p6.3s2.3p6.3d10.4s2.4p2,3P0,4p 2P*<1/2>,2336.0,4,theoretical,4,4p2
76,Os,45,31,Ga,[Ar].3d10.4s2.4p,4p,1s2.2s2.2p6.3s2.3p6.3d10.4s2.4p1,2P*<1/2>,4s2 1S<0>,2400.0,4,theoretical,4,4p1
76,Os,46,30,Zn,[Ar].3d10.4s2,4s2,1s2.2s2.2p6.3s2.3p6.3d10.4s2,1S0,4s 2S<1/2>,2552.0,4,theoretical,4,4s2
76,Os,47,29,Cu,[Ar].3d10.4s,4s,1s2.2s2.2p6.3s2.3p6.3d10.4s1,2S<1/2>,3d10 1S<0>,2615.5,1.4,semi-empirical,4,4s1
76,Os,48,28,Ni,[Ar].3d10,3d10,1s2.2s2.2p6.3s2.3p6.3d10,1S0,3d9 2D<5/2>,4374.0,4,theoretical,3,3d10
76,Os,49,27,Co,[Ar].3d9,3d9,1s2.2s2.2p6.3s2.3p6.3d9,2D<5/2>,3d8 3F<4>,4501.0,4,theoretical,3,3d9
76,Os,50,26,Fe,[Ar].3d8,3d8,1s2.2s2.2p6.3s2.3p6.3d8,3F<4>,3d7 4F<9/2>,4635.0,4,theoretical,3,3d8
76,Os,51,25,Mn,[Ar].3d7,3d7,1s2.2s2.2p6.3s2.3p6.3d7,4F<9/2>,"3d-4.3d+2 (0,4)<4>",4779.0,4,theoretical,3,3d7
76,Os,52,24,Cr,[Ar].3d6,3d-4.3d+2,1s2.2s2.2p6.3s2.3p6.3d6,"(0,4)<4>","3d-4.3d+ (0,5/2)<5/2>",4917.0,4,theoretical,3,3d6
76,Os,53,23,V,[Ar].3d5,3d-4.3d+,1s2.2s2.2p6.3s2.3p6.3d5,"(0,5/2)<5/2>",3d4 5D<0>,5052.0,5,theoretical,3,3d5
76,Os,54,22,Ti,[Ar].3d4,3d4,1s2.2s2.2p6.3s2.3p6.3d4,5D0,3d3 4F<3/2>,5280.0,5,theoretical,3,3d4
76,Os,55,21,Sc,[Ar].3d3,3d3,1s2.2s2.2p6.3s2.3p6.3d3,4F<3/2>,3d2 3F<2>,5421.0,5,theoretical,3,3d3
76,Os,56,20,Ca,[Ar].3d2,3d2,1s2.2s2.2p6.3s2.3p6.3d2,3F<2>,3d 2D<3/2>,5575.0,5,theoretical,3,3d2
76,Os,57,19,K,[Ar].3d,3d,1s2.2s2.2p6.3s2.3p6.3d1,2D<3/2>,3p6 1S<0>,5717.0,6,theoretical,3,3d1
76,Os,58,18,Ar,[Ne].3s2.3p6,3p6,1s2.2s2.2p6.3s2.3p6,1S0,3p5 2P*<3/2>,6115.0,6,theoretical,3,3p6
76,Os,59,17,Cl,[Ne].3s2.3p5,3p5,1s2.2s2.2p6.3s2.3p5,2P*<3/2>,3p4 3P<2>,6240.0,7,theoretical,3,3p5
76,Os,60,16,S,[Ne].3s2.3p4,3p4,1s2.2s2.2p6.3s2.3p4,3P<2>,3p3 2P*<3/2>,6376.0,10,theoretical,3,3p4
76,Os,61,15,P,[Ne].3s2.3p3,3p3,1s2.2s2.2p6.3s2.3p3,2P*<3/2>,3p2 3P<0>,6503.0,12,theoretical,3,3p3
76,Os,62,14,Si,[Ne].3s2.3p2,3p2,1s2.2s2.2p6.3s2.3p2,3P0,3p 2P*<1/2>,7039.0,15,theoretical,3,3p2
76,Os,63,13,Al,[Ne].3s2.3p,3p,1s2.2s2.2p6.3s2.3p1,2P*<1/2>,3s2 1S<0>,7185.0,19,theoretical,3,3p1
76,Os,64,12,Mg,[Ne].3s2,3s2,1s2.2s2.2p6.3s2,1S0,3s 2S<1/2>,7468.0,24,theoretical,3,3s2
76,Os,65,11,Na,[Ne].3s,3s,1s2.2s2.2p6.3s1,2S<1/2>,2p6 1S<0>,7610.0,30,theoretical,3,3s1
76,Os,66,10,Ne,1s2.2s2.2p6,2p6,1s2.2s2.2p6,1S0,2p5 2P*<3/2>,16560.0,40,theoretical,2,2p6
76,Os,67,9,F,1s2.2s2.2p5,2p5,1s2.2s2.2p5,2P*<3/2>,2p4 3P<2>,16900.0,40,theoretical,2,2p5
76,Os,68,8,O,1s2.2s2.2p4,2p4,1s2.2s2.2p4,3P<2>,"2p2<1/2>.2p<3/2> (0,3/2)*<3/2>",17270.0,50,theoretical,2,2p4
76,Os,69,7,N,1s2.2s2.2p3,2p2<1/2>.2p<3/2>,1s2.2s2.2p3,"(0,3/2)*<3/2>",2p2 3P<0>,17620.0,50,theoretical,2,2p3
76,Os,70,6,C,1s2.2s2.2p2,2p2,1s2.2s2.2p2,3P0,2p 2P*<1/2>,19600.0,60,theoretical,2,2p2
76,Os,71,5,B,1s2.2s2.2p,2p,1s2.2s2.2p1,2P*<1/2>,2s2 1S<0>,20030.0,60,theoretical,2,2p1
76,Os,72,4,Be,1s2.2s2,2s2,1s2.2s2,1S0,2s 2S<1/2>,20570.0,70,theoretical,2,2s2
76,Os,73,3,Li,1s2.2s,1s2.2s,1s2.2s1,2S<1/2>,1s2 1S<0>,20920.6,0.22,theoretical,2,2s1
76,Os,74,2,He,1s2,1s2,1s2,1S0,1s 2S<1/2>,83976.18,0.22,theoretical,1,1s2
76,Os,75,1,H,1s,1s,1s1,2S<1/2>,,85614.42,0.15,theoretical,1,1s1
77,Ir,0,77,Ir,[Xe].4f14.5d7.6s2,5d7.6s2,1s2.2s2.2p6.3s2.3p6.3d10.4s2.4p6.4d10.5s2.5p6.4f14.5d7.6s2,4F<9/2>,5d7.6s 5F<5>,8.96702,0.00022,experimental,6,6s2
77,Ir,1,76,Os,[Xe].4f14.5d7.6s,5d7.(4F).6s,1s2.2s2.2p6.3s2.3p6.3d10.4s2.4p6.4d10.5s2.5p6.4f14.5d7.6s1,5F<5>,5d7 4F<9/2>,17.0,0.3,semi-empirical,6,6s1
77,Ir,2,75,Re,[Xe].4f14.5d7,5d7,1s2.2s2.2p6.3s2.3p6.3d10.4s2.4p6.4d10.5s2.5p6.4f14.5d7,4F<9/2>,5d6 5D<4>,28.0,1.6,theoretical,5,5d7
77,Ir,3,74,W,[Xe].4f14.5d6,5d6,1s2.2s2.2p6.3s2.3p6.3d10.4s2.4p6.4d10.5s2.5p6.4f14.5d6,5D<4>,5d5 6S<5/2>,40.0,1.7,theoretical,5,5d6
77,Ir,4,73,Ta,[Xe].4f14.5d5,5d5,1s2.2s2.2p6.3s2.3p6.3d10.4s2.4p6.4d10.5s2.5p6.4f14.5d5,6S<5/2>,5d4 5D<0>,57.0,1.9,theoretical,5,5d5
77,Ir,5,72,Hf,[Xe].4f14.5d4,5d4,1s2.2s2.2p6.3s2.3p6.3d10.4s2.4p6.4d10.5s2.5p6.4f14.5d4,5D0,5d3 4F<3/2>,72.0,2.0,theoretical,5,5d4
77,Ir,6,71,Lu,[Xe].4f14.5d3,5d3,1s2.2s2.2p6.3s2.3p6.3d10.4s2.4p6.4d10.5s2.5p6.4f14.5d3,4F<3/2>,5d2 3F<2>,89.0,2.0,theoretical,5,5d3
77,Ir,7,70,Yb,[Xe].4f14.5d2,5d2,1s2.2s2.2p6.3s2.3p6.3d10.4s2.4p6.4d10.5s2.5p6.4f14.5d2,3F<2>,5d 2D<3/2>,105.0,2.1,theoretical,5,5d2
77,Ir,8,69,Tm,[Xe].4f14.5d,5d,1s2.2s2.2p6.3s2.3p6.3d10.4s2.4p6.4d10.5s2.5p6.4f14.5d1,2D<3/2>,4f14 1S<0>,122.7,0.9,semi-empirical,5,5d1
77,Ir,9,68,Er,[Xe].4f14,4f14,1s2.2s2.2p6.3s2.3p6.3d10.4s2.4p6.4d10.5s2.5p6.4f14,1S0,4f14.5p5 2P*<3/2>,194.8,0.6,semi-empirical,5,4f14
77,Ir,10,67,Ho,[Cd].4f14.5p5,4f14.5p5,1s2.2s2.2p6.3s2.3p6.3d10.4s2.4p6.4d10.5s2.4f14.5p5,2P*<3/2>,4f14.5p4 3P<2>,217.0,11,theoretical,5,5p5
77,Ir,11,66,Dy,[Cd].4f14.5p4,4f14.5p4,1s2.2s2.2p6.3s2.3p6.3d10.4s2.4p6.4d10.5s2.4f14.5p4,3P<2>,4f14.5p3 2P*<3/2>,240.0,12,theoretical,5,5p4
77,Ir,12,65,Tb,[Cd].4f14.5p3,4f14.5p3,1s2.2s2.2p6.3s2.3p6.3d10.4s2.4p6.4d10.5s2.4f14.5p3,2P*<3/2>,4f14.5p2 3P<0>,264.0,14,theoretical,5,5p3
77,Ir,13,64,Gd,[Cd].4f14.5p2,4f14.5p2,1s2.2s2.2p6.3s2.3p6.3d10.4s2.4p6.4d10.5s2.4f14.5p2,3P0,4f14.5p 2P*<1/2>,303.0,15,theoretical,5,5p2
77,Ir,14,63,Eu,[Cd].4f14.5p,4f14.5p,1s2.2s2.2p6.3s2.3p6.3d10.4s2.4p6.4d10.5s2.4f14.5p1,2P*<1/2>,4f14 1S<0>,329.0,16,theoretical,5,5p1
77,Ir,15,62,Sm,[Cd].4f14,4f14,1s2.2s2.2p6.3s2.3p6.3d10.4s2.4p6.4d10.5s2.4f14,1S0,4f13.5s2 2F*<7/2>,356.0,17,theoretical,5,4f14
77,Ir,16,61,Pm,[Cd].4f13,4f13.5s2,1s2.2s2.2p6.3s2.3p6.3d10.4s2.4p6.4d10.5s2.4f13,2F*<7/2>,4f12.5s2 3H<6>,407.0,20,theoretical,5,4f13
77,Ir,17,60,Nd,[Cd].4f12,4f12.5s2,1s2.2s2.2p6.3s2.3p6.3d10.4s2.4p6.4d10.5s2.4f12,3H<6>,4f12.5s,445.0,22,theoretical,5,4f12
77,Ir,18,59,Pr,[Kr].4d10.4f12.5s,4f12.5s,1s2.2s2.2p6.3s2.3p6.3d10.4s2.4p6.4d10.4f12.5s1,,4f12,472.0,24,theoretical,5,5s1
77,Ir,19,58,Ce,[Kr].4d10.4f12,4f12,1s2.2s2.2p6.3s2.3p6.3d10.4s2.4p6.4d10.4f12,,4f11 4I*<15/2>,510.0,30,theoretical,4,4f12
77,Ir,20,57,La,[Kr].4d10.4f11,4f11,1s2.2s2.2p6.3s2.3p6.3d10.4s2.4p6.4d10.4f11,4I*<15/2>,4f10 5I<8>,560.0,30,theoretical,4,4f11
77,Ir,21,56,Ba,[Kr].4d10.4f10,4f10,1s2.2s2.2p6.3s2.3p6.3d10.4s2.4p6.4d10.4f10,5I<8>,4f9 6H*<15/2>,610.0,30,theoretical,4,4f10
77,Ir,22,55,Cs,[Kr].4d10.4f9,4f9,1s2.2s2.2p6.3s2.3p6.3d10.4s2.4p6.4d10.4f9,6H*<15/2>,4f8 7F<6>,670.0,30,theoretical,4,4f9
77,Ir,23,54,Xe,[Kr].4d10.4f8,4f8,1s2.2s2.2p6.3s2.3p6.3d10.4s2.4p6.4d10.4f8,7F<6>,4f7 8S*<7/2>,720.0,40,theoretical,4,4f8
77,Ir,24,53,I,[Kr].4d10.4f7,4f7,1s2.2s2.2p6.3s2.3p6.3d10.4s2.4p6.4d10.4f7,8S*<7/2>,4f6 7F<0>,770.0,40,theoretical,4,4f7
77,Ir,25,52,Te,[Kr].4d10.4f6,4f6,1s2.2s2.2p6.3s2.3p6.3d10.4s2.4p6.4d10.4f6,7F0,4f5 6H*<5/2>,820.0,40,theoretical,4,4f6
77,Ir,26,51,Sb,[Kr].4d10.4f5,4f5,1s2.2s2.2p6.3s2.3p6.3d10.4s2.4p6.4d10.4f5,6H*<5/2>,4f4 5I<4>,870.0,40,theoretical,4,4f5
77,Ir,27,50,Sn,[Kr].4d10.4f4,4f4,1s2.2s2.2p6.3s2.3p6.3d10.4s2.4p6.4d10.4f4,5I<4>,4f3 4I*<9/2>,920.0,50,theoretical,4,4f4
77,Ir,28,49,In,[Kr].4d10.4f3,4f3,1s2.2s2.2p6.3s2.3p6.3d10.4s2.4p6.4d10.4f3,4I*<9/2>,4f2 3H<4>,980.0,50,theoretical,4,4f3
77,Ir,29,48,Cd,[Kr].4d10.4f2,4f2,1s2.2s2.2p6.3s2.3p6.3d10.4s2.4p6.4d10.4f2,3H<4>,4f 2F*<5/2>,1030.0,50,theoretical,4,4f2
77,Ir,30,47,Ag,[Kr].4d10.4f,4f,1s2.2s2.2p6.3s2.3p6.3d10.4s2.4p6.4d10.4f1,2F*<5/2>,4d10 1S<0>,1080.0,50,theoretical,4,4f1
77,Ir,31,46,Pd,[Kr].4d10,4d10,1s2.2s2.2p6.3s2.3p6.3d10.4s2.4p6.4d10,1S0,4d9 2D<5/2>,1331.0,4,theoretical,4,4d10
77,Ir,32,45,Rh,[Kr].4d9,4d9,1s2.2s2.2p6.3s2.3p6.3d10.4s2.4p6.4d9,2D<5/2>,4d8 3F<4>,1381.0,4,theoretical,4,4d9
77,Ir,33,44,Ru,[Kr].4d8,4d8,1s2.2s2.2p6.3s2.3p6.3d10.4s2.4p6.4d8,3F<4>,4d7 4F<9/2>,1436.0,5,theoretical,4,4d8
77,Ir,34,43,Tc,[Kr].4d7,4d7,1s2.2s2.2p6.3s2.3p6.3d10.4s2.4p6.4d7,4F<9/2>,4d6 5D<4>,1493.0,5,theoretical,4,4d7
77,Ir,35,42,Mo,[Kr].4d6,4d6,1s2.2s2.2p6.3s2.3p6.3d10.4s2.4p6.4d6,5D<4>,"4d-4.4d+ (0,5/2)<5/2>",1548.0,5,theoretical,4,4d6
77,Ir,36,41,Nb,[Kr].4d5,4d-4.4d+,1s2.2s2.2p6.3s2.3p6.3d10.4s2.4p6.4d5,"(0,5/2)<5/2>",4d4 5D<0>,1603.0,5,theoretical,4,4d5
77,Ir,37,40,Zr,[Kr].4d4,4d4,1s2.2s2.2p6.3s2.3p6.3d10.4s2.4p6.4d4,5D0,4d3 4F<3/2>,1684.0,4,theoretical,4,4d4
77,Ir,38,39,Y,[Kr].4d3,4d3,1s2.2s2.2p6.3s2.3p6.3d10.4s2.4p6.4d3,4F<3/2>,4d2 3F<2>,1739.0,4,theoretical,4,4d3
77,Ir,39,38,Sr,[Kr].4d2,4d2,1s2.2s2.2p6.3s2.3p6.3d10.4s2.4p6.4d2,3F<2>,4d 2D<3/2>,1801.0,4,theoretical,4,4d2
77,Ir,40,37,Rb,[Kr].4d,4d,1s2.2s2.2p6.3s2.3p6.3d10.4s2.4p6.4d1,2D<3/2>,4p6 1S<0>,1857.0,4,theoretical,4,4d1
77,Ir,41,36,Kr,[Ar].3d10.4s2.4p6,4p6,1s2.2s2.2p6.3s2.3p6.3d10.4s2.4p6,1S0,4p5 2P*<3/2>,2083.0,4,theoretical,4,4p6
77,Ir,42,35,Br,[Ar].3d10.4s2.4p5,4p5,1s2.2s2.2p6.3s2.3p6.3d10.4s2.4p5,2P*<3/2>,4p4 3P<2>,2139.0,4,theoretical,4,4p5
77,Ir,43,34,Se,[Ar].3d10.4s2.4p4,4p4,1s2.2s2.2p6.3s2.3p6.3d10.4s2.4p4,3P<2>,"4p-2.4p+ (0,3/2)*<3/2>",2201.0,4,theoretical,4,4p4
77,Ir,44,33,As,[Ar].3d10.4s2.4p3,4p-2.4p+,1s2.2s2.2p6.3s2.3p6.3d10.4s2.4p3,"(0,3/2)*<3/2>",4p2 3P<0>,2258.0,4,theoretical,4,4p3
77,Ir,45,32,Ge,[Ar].3d10.4s2.4p2,4p2,1s2.2s2.2p6.3s2.3p6.3d10.4s2.4p2,3P0,4p 2P*<1/2>,2435.0,4,theoretical,4,4p2
77,Ir,46,31,Ga,[Ar].3d10.4s2.4p,4p,1s2.2s2.2p6.3s2.3p6.3d10.4s2.4p1,2P*<1/2>,4s2 1S<0>,2500.0,4,theoretical,4,4p1
77,Ir,47,30,Zn,[Ar].3d10.4s2,4s2,1s2.2s2.2p6.3s2.3p6.3d10.4s2,1S0,4s 2S<1/2>,2656.0,4,theoretical,4,4s2
77,Ir,48,29,Cu,[Ar].3d10.4s,4s,1s2.2s2.2p6.3s2.3p6.3d10.4s1,2S<1/2>,3d10 1S<0>,2720.4,1.4,semi-empirical,4,4s1
77,Ir,49,28,Ni,[Ar].3d10,3d10,1s2.2s2.2p6.3s2.3p6.3d10,1S0,3d9 2D<5/2>,4540.0,4,theoretical,3,3d10
77,Ir,50,27,Co,[Ar].3d9,3d9,1s2.2s2.2p6.3s2.3p6.3d9,2D<5/2>,3d8 3F<4>,4668.0,4,theoretical,3,3d9
77,Ir,51,26,Fe,[Ar].3d8,3d8,1s2.2s2.2p6.3s2.3p6.3d8,3F<4>,3d7 4F<9/2>,4806.0,4,theoretical,3,3d8
77,Ir,52,25,Mn,[Ar].3d7,3d7,1s2.2s2.2p6.3s2.3p6.3d7,4F<9/2>,"3d-4.3d+2 (0,4)<4>",4952.0,4,theoretical,3,3d7
77,Ir,53,24,Cr,[Ar].3d6,3d-4.3d+2,1s2.2s2.2p6.3s2.3p6.3d6,"(0,4)<4>","3d-4.3d+ (0,5/2)<5/2>",5092.0,5,theoretical,3,3d6
77,Ir,54,23,V,[Ar].3d5,3d-4.3d+,1s2.2s2.2p6.3s2.3p6.3d5,"(0,5/2)<5/2>",3d4 5D<0>,5229.0,5,theoretical,3,3d5
77,Ir,55,22,Ti,[Ar].3d4,3d4,1s2.2s2.2p6.3s2.3p6.3d4,5D0,3d3 4F<3/2>,5466.0,5,theoretical,3,3d4
77,Ir,56,21,Sc,[Ar].3d3,3d3,1s2.2s2.2p6.3s2.3p6.3d3,4F<3/2>,3d2 3F<2>,5609.0,5,theoretical,3,3d3
77,Ir,57,20,Ca,[Ar].3d2,3d2,1s2.2s2.2p6.3s2.3p6.3d2,3F<2>,3d 2D<3/2>,5765.0,6,theoretical,3,3d2
77,Ir,58,19,K,[Ar].3d,3d,1s2.2s2.2p6.3s2.3p6.3d1,2D<3/2>,3p6 1S<0>,5910.0,6,theoretical,3,3d1
77,Ir,59,18,Ar,[Ne].3s2.3p6,3p6,1s2.2s2.2p6.3s2.3p6,1S0,3p5 2P*<3/2>,6315.0,7,theoretical,3,3p6
77,Ir,60,17,Cl,[Ne].3s2.3p5,3p5,1s2.2s2.2p6.3s2.3p5,2P*<3/2>,3p4 3P<2>,6441.0,10,theoretical,3,3p5
77,Ir,61,16,S,[Ne].3s2.3p4,3p4,1s2.2s2.2p6.3s2.3p4,3P<2>,3p3 2P*<3/2>,6580.0,12,theoretical,3,3p4
77,Ir,62,15,P,[Ne].3s2.3p3,3p3,1s2.2s2.2p6.3s2.3p3,2P*<3/2>,3p2 3P<0>,6708.0,15,theoretical,3,3p3
77,Ir,63,14,Si,[Ne].3s2.3p2,3p2,1s2.2s2.2p6.3s2.3p2,3P0,3p 2P*<1/2>,7274.0,19,theoretical,3,3p2
77,Ir,64,13,Al,[Ne].3s2.3p,3p,1s2.2s2.2p6.3s2.3p1,2P*<1/2>,3s2 1S<0>,7421.0,24,theoretical,3,3p1
77,Ir,65,12,Mg,[Ne].3s2,3s2,1s2.2s2.2p6.3s2,1S0,3s 2S<1/2>,7710.0,30,theoretical,3,3s2
77,Ir,66,11,Na,[Ne].3s,3s,1s2.2s2.2p6.3s1,2S<1/2>,2p6 1S<0>,7850.0,40,theoretical,3,3s1
77,Ir,67,10,Ne,1s2.2s2.2p6,2p6,1s2.2s2.2p6,1S0,2p5 2P*<3/2>,17040.0,40,theoretical,2,2p6
77,Ir,68,9,F,1s2.2s2.2p5,2p5,1s2.2s2.2p5,2P*<3/2>,2p4 3P<2>,17390.0,50,theoretical,2,2p5
77,Ir,69,8,O,1s2.2s2.2p4,2p4,1s2.2s2.2p4,3P<2>,"2p2<1/2>.2p<3/2> (0,3/2)*<3/2>",17770.0,50,theoretical,2,2p4
77,Ir,70,7,N,1s2.2s2.2p3,2p2<1/2>.2p<3/2>,1s2.2s2.2p3,"(0,3/2)*<3/2>",2p2 3P<0>,18120.0,60,theoretical,2,2p3
77,Ir,71,6,C,1s2.2s2.2p2,2p2,1s2.2s2.2p2,3P0,2p 2P*<1/2>,20210.0,60,theoretical,2,2p2
77,Ir,72,5,B,1s2.2s2.2p,2p,1s2.2s2.2p1,2P*<1/2>,2s2 1S<0>,20650.0,70,theoretical,2,2p1
77,Ir,73,4,Be,1s2.2s2,2s2,1s2.2s2,1S0,2s 2S<1/2>,21200.0,90,theoretical,2,2s2
77,Ir,74,3,Li,1s2.2s,1s2.2s,1s2.2s1,2S<1/2>,1s2 1S<0>,21556.6,0.24,theoretical,2,2s1
77,Ir,75,2,He,1s2,1s2,1s2,1S0,1s 2S<1/2>,86442.44,0.25,theoretical,1,1s2
77,Ir,76,1,H,1s,1s,1s1,2S<1/2>,,88113.6,1.4,theoretical,1,1s1
78,Pt,0,78,Pt,[Xe].4f14.5d9.6s,5d9.6s,1s2.2s2.2p6.3s2.3p6.3d10.4s2.4p6.4d10.5s2.5p6.4f14.5d9.6s1,3D<3>,5d9 2D<5/2>,8.95883,0.00010,experimental,6,6s1
78,Pt,1,77,Ir,[Xe].4f14.5d9,5d9,1s2.2s2.2p6.3s2.3p6.3d10.4s2.4p6.4d10.5s2.5p6.4f14.5d9,2D<5/2>,5d8 3F<4>,18.56,0.12,experimental,5,5d9
78,Pt,2,76,Os,[Xe].4f14.5d8,5d8,1s2.2s2.2p6.3s2.3p6.3d10.4s2.4p6.4d10.5s2.5p6.4f14.5d8,3F<4>,5d7 4F<9/2>,29.0,1.6,theoretical,5,5d8
78,Pt,3,75,Re,[Xe].4f14.5d7,5d7,1s2.2s2.2p6.3s2.3p6.3d10.4s2.4p6.4d10.5s2.5p6.4f14.5d7,4F<9/2>,5d6 5D<4>,43.0,1.7,theoretical,5,5d7
78,Pt,4,74,W,[Xe].4f14.5d6,5d6,1s2.2s2.2p6.3s2.3p6.3d10.4s2.4p6.4d10.5s2.5p6.4f14.5d6,5D<4>,5d5 6S<5/2>,56.0,1.9,theoretical,5,5d6
78,Pt,5,73,Ta,[Xe].4f14.5d5,5d5,1s2.2s2.2p6.3s2.3p6.3d10.4s2.4p6.4d10.5s2.5p6.4f14.5d5,6S<5/2>,5d4 5D<0>,75.0,2.0,theoretical,5,5d5
78,Pt,6,72,Hf,[Xe].4f14.5d4,5d4,1s2.2s2.2p6.3s2.3p6.3d10.4s2.4p6.4d10.5s2.5p6.4f14.5d4,5D0,5d3 4F<3/2>,91.0,2.0,theoretical,5,5d4
78,Pt,7,71,Lu,[Xe].4f14.5d3,5d3,1s2.2s2.2p6.3s2.3p6.3d10.4s2.4p6.4d10.5s2.5p6.4f14.5d3,4F<3/2>,5d2 3F<2>,109.0,2.1,theoretical,5,5d3
78,Pt,8,70,Yb,[Xe].4f14.5d2,5d2,1s2.2s2.2p6.3s2.3p6.3d10.4s2.4p6.4d10.5s2.5p6.4f14.5d2,3F<2>,5d 2D<3/2>,126.0,2.2,theoretical,5,5d2
78,Pt,9,69,Tm,[Xe].4f14.5d,5d,1s2.2s2.2p6.3s2.3p6.3d10.4s2.4p6.4d10.5s2.5p6.4f14.5d1,2D<3/2>,4f14 1S<0>,144.9,1.1,semi-empirical,5,5d1
78,Pt,10,68,Er,[Xe].4f14,4f14,1s2.2s2.2p6.3s2.3p6.3d10.4s2.4p6.4d10.5s2.5p6.4f14,1S0,4f14.5p5 2P*<3/2>,220.4,0.9,semi-empirical,5,4f14
78,Pt,11,67,Ho,[Cd].4f14.5p5,4f14.5p5,1s2.2s2.2p6.3s2.3p6.3d10.4s2.4p6.4d10.5s2.4f14.5p5,2P*<3/2>,4f14.5p4 3P<2>,245.0,12,theoretical,5,5p5
78,Pt,12,66,Dy,[Cd].4f14.5p4,4f14.5p4,1s2.2s2.2p6.3s2.3p6.3d10.4s2.4p6.4d10.5s2.4f14.5p4,3P<2>,4f14.5p3 2P*<3/2>,269.0,14,theoretical,5,5p4
78,Pt,13,65,Tb,[Cd].4f14.5p3,4f14.5p3,1s2.2s2.2p6.3s2.3p6.3d10.4s2.4p6.4d10.5s2.4f14.5p3,2P*<3/2>,4f14.5p2 3P<0>,293.0,15,theoretical,5,5p3
78,Pt,14,64,Gd,[Cd].4f14.5p2,4f14.5p2,1s2.2s2.2p6.3s2.3p6.3d10.4s2.4p6.4d10.5s2.4f14.5p2,3P0,4f14.5p 2P*<1/2>,332.0,16,theoretical,5,5p2
78,Pt,15,63,Eu,[Cd].4f14.5p,4f14.5p,1s2.2s2.2p6.3s2.3p6.3d10.4s2.4p6.4d10.5s2.4f14.5p1,2P*<1/2>,4f14 1S<0>,358.0,17,theoretical,5,5p1
78,Pt,16,62,Sm,[Cd].4f14,4f14,1s2.2s2.2p6.3s2.3p6.3d10.4s2.4p6.4d10.5s2.4f14,1S0,4f13.5s2 2F*<7/2>,392.0,20,theoretical,5,4f14
78,Pt,17,61,Pm,[Cd].4f13,4f13.5s2,1s2.2s2.2p6.3s2.3p6.3d10.4s2.4p6.4d10.5s2.4f13,2F*<7/2>,4f12.5s2 3H<6>,445.0,22,theoretical,5,4f13
78,Pt,18,60,Nd,[Cd].4f12,4f12.5s2,1s2.2s2.2p6.3s2.3p6.3d10.4s2.4p6.4d10.5s2.4f12,3H<6>,4f12.5s,479.0,24,theoretical,5,4f12
78,Pt,19,59,Pr,[Kr].4d10.4f12.5s,4f12.5s,1s2.2s2.2p6.3s2.3p6.3d10.4s2.4p6.4d10.4f12.5s1,,4f12,507.0,25,theoretical,5,5s1
78,Pt,20,58,Ce,[Kr].4d10.4f12,4f12,1s2.2s2.2p6.3s2.3p6.3d10.4s2.4p6.4d10.4f12,,4f11 4I*<15/2>,550.0,30,theoretical,4,4f12
78,Pt,21,57,La,[Kr].4d10.4f11,4f11,1s2.2s2.2p6.3s2.3p6.3d10.4s2.4p6.4d10.4f11,4I*<15/2>,4f10 5I<8>,610.0,30,theoretical,4,4f11
78,Pt,22,56,Ba,[Kr].4d10.4f10,4f10,1s2.2s2.2p6.3s2.3p6.3d10.4s2.4p6.4d10.4f10,5I<8>,4f9 6H*<15/2>,660.0,30,theoretical,4,4f10
78,Pt,23,55,Cs,[Kr].4d10.4f9,4f9,1s2.2s2.2p6.3s2.3p6.3d10.4s2.4p6.4d10.4f9,6H*<15/2>,4f8 7F<6>,710.0,40,theoretical,4,4f9
78,Pt,24,54,Xe,[Kr].4d10.4f8,4f8,1s2.2s2.2p6.3s2.3p6.3d10.4s2.4p6.4d10.4f8,7F<6>,4f7 8S*<7/2>,760.0,40,theoretical,4,4f8
78,Pt,25,53,I,[Kr].4d10.4f7,4f7,1s2.2s2.2p6.3s2.3p6.3d10.4s2.4p6.4d10.4f7,8S*<7/2>,4f6 7F<0>,820.0,40,theoretical,4,4f7
78,Pt,26,52,Te,[Kr].4d10.4f6,4f6,1s2.2s2.2p6.3s2.3p6.3d10.4s2.4p6.4d10.4f6,7F0,4f5 6H*<5/2>,870.0,40,theoretical,4,4f6
78,Pt,27,51,Sb,[Kr].4d10.4f5,4f5,1s2.2s2.2p6.3s2.3p6.3d10.4s2.4p6.4d10.4f5,6H*<5/2>,4f4 5I<4>,930.0,50,theoretical,4,4f5
78,Pt,28,50,Sn,[Kr].4d10.4f4,4f4,1s2.2s2.2p6.3s2.3p6.3d10.4s2.4p6.4d10.4f4,5I<4>,4f3 4I*<9/2>,980.0,50,theoretical,4,4f4
78,Pt,29,49,In,[Kr].4d10.4f3,4f3,1s2.2s2.2p6.3s2.3p6.3d10.4s2.4p6.4d10.4f3,4I*<9/2>,4f2 3H<4>,1040.0,50,theoretical,4,4f3
78,Pt,30,48,Cd,[Kr].4d10.4f2,4f2,1s2.2s2.2p6.3s2.3p6.3d10.4s2.4p6.4d10.4f2,3H<4>,4f 2F*<5/2>,1090.0,50,theoretical,4,4f2
78,Pt,31,47,Ag,[Kr].4d10.4f,4f,1s2.2s2.2p6.3s2.3p6.3d10.4s2.4p6.4d10.4f1,2F*<5/2>,4d10 1S<0>,1140.0,60,theoretical,4,4f1
78,Pt,32,46,Pd,[Kr].4d10,4d10,1s2.2s2.2p6.3s2.3p6.3d10.4s2.4p6.4d10,1S0,4d9 2D<5/2>,1402.0,4,theoretical,4,4d10
78,Pt,33,45,Rh,[Kr].4d9,4d9,1s2.2s2.2p6.3s2.3p6.3d10.4s2.4p6.4d9,2D<5/2>,4d8 3F<4>,1454.0,5,theoretical,4,4d9
78,Pt,34,44,Ru,[Kr].4d8,4d8,1s2.2s2.2p6.3s2.3p6.3d10.4s2.4p6.4d8,3F<4>,4d7 4F<9/2>,1509.0,5,theoretical,4,4d8
78,Pt,35,43,Tc,[Kr].4d7,4d7,1s2.2s2.2p6.3s2.3p6.3d10.4s2.4p6.4d7,4F<9/2>,4d6 5D<4>,1567.0,5,theoretical,4,4d7
78,Pt,36,42,Mo,[Kr].4d6,4d6,1s2.2s2.2p6.3s2.3p6.3d10.4s2.4p6.4d6,5D<4>,"4d-4.4d+ (0,5/2)<5/2>",1624.0,5,theoretical,4,4d6
78,Pt,37,41,Nb,[Kr].4d5,4d-4.4d+,1s2.2s2.2p6.3s2.3p6.3d10.4s2.4p6.4d5,"(0,5/2)<5/2>",4d4 5D<0>,1680.0,4,theoretical,4,4d5
78,Pt,38,40,Zr,[Kr].4d4,4d4,1s2.2s2.2p6.3s2.3p6.3d10.4s2.4p6.4d4,5D0,4d3 4F<3/2>,1763.0,4,theoretical,4,4d4
78,Pt,39,39,Y,[Kr].4d3,4d3,1s2.2s2.2p6.3s2.3p6.3d10.4s2.4p6.4d3,4F<3/2>,4d2 3F<2>,1821.0,4,theoretical,4,4d3
78,Pt,40,38,Sr,[Kr].4d2,4d2,1s2.2s2.2p6.3s2.3p6.3d10.4s2.4p6.4d2,3F<2>,4d 2D<3/2>,1883.0,4,theoretical,4,4d2
78,Pt,41,37,Rb,[Kr].4d,4d,1s2.2s2.2p6.3s2.3p6.3d10.4s2.4p6.4d1,2D<3/2>,4p6 1S<0>,1941.0,4,theoretical,4,4d1
78,Pt,42,36,Kr,[Ar].3d10.4s2.4p6,4p6,1s2.2s2.2p6.3s2.3p6.3d10.4s2.4p6,1S0,4p5 2P*<3/2>,2171.0,4,theoretical,4,4p6
78,Pt,43,35,Br,[Ar].3d10.4s2.4p5,4p5,1s2.2s2.2p6.3s2.3p6.3d10.4s2.4p5,2P*<3/2>,4p4 3P<2>,2228.0,4,theoretical,4,4p5
78,Pt,44,34,Se,[Ar].3d10.4s2.4p4,4p4,1s2.2s2.2p6.3s2.3p6.3d10.4s2.4p4,3P<2>,"4p-2.4p+ (0,3/2)*<3/2>",2291.0,4,theoretical,4,4p4
78,Pt,45,33,As,[Ar].3d10.4s2.4p3,4p-2.4p+,1s2.2s2.2p6.3s2.3p6.3d10.4s2.4p3,"(0,3/2)*<3/2>",4p2 3P<0>,2350.0,4,theoretical,4,4p3
78,Pt,46,32,Ge,[Ar].3d10.4s2.4p2,4p2,1s2.2s2.2p6.3s2.3p6.3d10.4s2.4p2,3P0,4p 2P*<1/2>,2536.0,4,theoretical,4,4p2
78,Pt,47,31,Ga,[Ar].3d10.4s2.4p,4p,1s2.2s2.2p6.3s2.3p6.3d10.4s2.4p1,2P*<1/2>,4s2 1S<0>,2603.0,4,theoretical,4,4p1
78,Pt,48,30,Zn,[Ar].3d10.4s2,4s2,1s2.2s2.2p6.3s2.3p6.3d10.4s2,1S0,4s 2S<1/2>,2762.0,4,theoretical,4,4s2
78,Pt,49,29,Cu,[Ar].3d10.4s,4s,1s2.2s2.2p6.3s2.3p6.3d10.4s1,2S<1/2>,3d10 1S<0>,2827.8,1.4,semi-empirical,4,4s1
78,Pt,50,28,Ni,[Ar].3d10,3d10,1s2.2s2.2p6.3s2.3p6.3d10,1S0,3d9 2D<5/2>,4715.0,4,experimental,3,3d10
78,Pt,51,27,Co,[Ar].3d9,3d9,1s2.2s2.2p6.3s2.3p6.3d9,2D<5/2>,3d8 3F<4>,4839.0,4,theoretical,3,3d9
78,Pt,52,26,Fe,[Ar].3d8,3d8,1s2.2s2.2p6.3s2.3p6.3d8,3F<4>,3d7 4F<9/2>,4980.0,4,theoretical,3,3d8
78,Pt,53,25,Mn,[Ar].3d7,3d7,1s2.2s2.2p6.3s2.3p6.3d7,4F<9/2>,"3d-4.3d+2 (0,4)<4>",5128.0,5,theoretical,3,3d7
78,Pt,54,24,Cr,[Ar].3d6,3d-4.3d+2,1s2.2s2.2p6.3s2.3p6.3d6,"(0,4)<4>","3d-4.3d+ (0,5/2)<5/2>",5270.0,5,theoretical,3,3d6
78,Pt,55,23,V,[Ar].3d5,3d-4.3d+,1s2.2s2.2p6.3s2.3p6.3d5,"(0,5/2)<5/2>",3d4 5D<0>,5410.0,5,theoretical,3,3d5
78,Pt,56,22,Ti,[Ar].3d4,3d4,1s2.2s2.2p6.3s2.3p6.3d4,5D0,3d3 4F<3/2>,5654.0,5,theoretical,3,3d4
78,Pt,57,21,Sc,[Ar].3d3,3d3,1s2.2s2.2p6.3s2.3p6.3d3,4F<3/2>,3d2 3F<2>,5800.0,6,theoretical,3,3d3
78,Pt,58,20,Ca,[Ar].3d2,3d2,1s2.2s2.2p6.3s2.3p6.3d2,3F<2>,3d 2D<3/2>,5959.0,6,theoretical,3,3d2
78,Pt,59,19,K,[Ar].3d,3d,1s2.2s2.2p6.3s2.3p6.3d1,2D<3/2>,3p6 1S<0>,6106.0,7,theoretical,3,3d1
78,Pt,60,18,Ar,[Ne].3s2.3p6,3p6,1s2.2s2.2p6.3s2.3p6,1S0,3p5 2P*<3/2>,6517.0,10,theoretical,3,3p6
78,Pt,61,17,Cl,[Ne].3s2.3p5,3p5,1s2.2s2.2p6.3s2.3p5,2P*<3/2>,3p4 3P<2>,6646.0,12,theoretical,3,3p5
78,Pt,62,16,S,[Ne].3s2.3p4,3p4,1s2.2s2.2p6.3s2.3p4,3P<2>,3p3 2P*<3/2>,6787.0,15,theoretical,3,3p4
78,Pt,63,15,P,[Ne].3s2.3p3,3p3,1s2.2s2.2p6.3s2.3p3,2P*<3/2>,3p2 3P<0>,6918.0,19,theoretical,3,3p3
78,Pt,64,14,Si,[Ne].3s2.3p2,3p2,1s2.2s2.2p6.3s2.3p2,3P0,3p 2P*<1/2>,7512.0,24,theoretical,3,3p2
78,Pt,65,13,Al,[Ne].3s2.3p,3p,1s2.2s2.2p6.3s2.3p1,2P*<1/2>,3s2 1S<0>,7660.0,30,theoretical,3,3p1
78,Pt,66,12,Mg,[Ne].3s2,3s2,1s2.2s2.2p6.3s2,1S0,3s 2S<1/2>,7960.0,40,theoretical,3,3s2
78,Pt,67,11,Na,[Ne].3s,3s,1s2.2s2.2p6.3s1,2S<1/2>,2p6 1S<0>,8100.0,40,theoretical,3,3s1
78,Pt,68,10,Ne,1s2.2s2.2p6,2p6,1s2.2s2.2p6,1S0,2p5 2P*<3/2>,17540.0,50,theoretical,2,2p6
78,Pt,69,9,F,1s2.2s2.2p5,2p5,1s2.2s2.2p5,2P*<3/2>,2p4 3P<2>,17890.0,50,theoretical,2,2p5
78,Pt,70,8,O,1s2.2s2.2p4,2p4,1s2.2s2.2p4,3P<2>,"2p2<1/2>.2p<3/2> (0,3/2)*<3/2>",18280.0,60,theoretical,2,2p4
78,Pt,71,7,N,1s2.2s2.2p3,2p2<1/2>.2p<3/2>,1s2.2s2.2p3,"(0,3/2)*<3/2>",2p2 3P<0>,18630.0,60,theoretical,2,2p3
78,Pt,72,6,C,1s2.2s2.2p2,2p2,1s2.2s2.2p2,3P0,2p 2P*<1/2>,20840.0,70,theoretical,2,2p2
78,Pt,73,5,B,1s2.2s2.2p,2p,1s2.2s2.2p1,2P*<1/2>,2s2 1S<0>,21280.0,90,theoretical,2,2p1
78,Pt,74,4,Be,1s2.2s2,2s2,1s2.2s2,1S0,2s 2S<1/2>,21840.0,90,theoretical,2,2s2
78,Pt,75,3,Li,1s2.2s,1s2.2s,1s2.2s1,2S<1/2>,1s2 1S<0>,22205.7,0.3,theoretical,2,2s1
78,Pt,76,2,He,1s2,1s2,1s2,1S0,1s 2S<1/2>,88955.1,0.3,theoretical,1,1s2
78,Pt,77,1,H,1s,1s,1s1,2S<1/2>,,90659.84,0.17,theoretical,1,1s1
79,Au,0,79,Au,[Xe].4f14.5d10.6s,5d10.6s,1s2.2s2.2p6.3s2.3p6.3d10.4s2.4p6.4d10.5s2.5p6.4f14.5d10.6s1,2S<1/2>,5d10 1S<0>,9.225554,0.000004,experimental,6,6s1
79,Au,1,78,Pt,[Xe].4f14.5d10,5d10,1s2.2s2.2p6.3s2.3p6.3d10.4s2.4p6.4d10.5s2.5p6.4f14.5d10,1S0,5d9 2D<5/2>,20.203,0.025,experimental,5,5d10
79,Au,2,77,Ir,[Xe].4f14.5d9,5d9,1s2.2s2.2p6.3s2.3p6.3d10.4s2.4p6.4d10.5s2.5p6.4f14.5d9,2D<5/2>,5d8 3F<4>,30.0,1.6,theoretical,5,5d9
79,Au,3,76,Os,[Xe].4f14.5d8,5d8,1s2.2s2.2p6.3s2.3p6.3d10.4s2.4p6.4d10.5s2.5p6.4f14.5d8,3F<4>,5d7 4F<9/2>,45.0,1.7,theoretical,5,5d8
79,Au,4,75,Re,[Xe].4f14.5d7,5d7,1s2.2s2.2p6.3s2.3p6.3d10.4s2.4p6.4d10.5s2.5p6.4f14.5d7,4F<9/2>,5d6 5D<4>,60.0,1.9,theoretical,5,5d7
79,Au,5,74,W,[Xe].4f14.5d6,5d6,1s2.2s2.2p6.3s2.3p6.3d10.4s2.4p6.4d10.5s2.5p6.4f14.5d6,5D<4>,5d5 6S<5/2>,74.0,2.0,theoretical,5,5d6
79,Au,6,73,Ta,[Xe].4f14.5d5,5d5,1s2.2s2.2p6.3s2.3p6.3d10.4s2.4p6.4d10.5s2.5p6.4f14.5d5,6S<5/2>,5d4 5D<0>,94.0,2.0,theoretical,5,5d5
79,Au,7,72,Hf,[Xe].4f14.5d4,5d4,1s2.2s2.2p6.3s2.3p6.3d10.4s2.4p6.4d10.5s2.5p6.4f14.5d4,5D0,5d3 4F<3/2>,112.0,2.1,theoretical,5,5d4
79,Au,8,71,Lu,[Xe].4f14.5d3,5d3,1s2.2s2.2p6.3s2.3p6.3d10.4s2.4p6.4d10.5s2.5p6.4f14.5d3,4F<3/2>,5d2 3F<2>,130.1,2.2,theoretical,5,5d3
79,Au,9,70,Yb,[Xe].4f14.5d2,5d2,1s2.2s2.2p6.3s2.3p6.3d10.4s2.4p6.4d10.5s2.5p6.4f14.5d2,3F<2>,5d 2D<3/2>,149.0,2.2,theoretical,5,5d2
79,Au,10,69,Tm,[Xe].4f14.5d,5d,1s2.2s2.2p6.3s2.3p6.3d10.4s2.4p6.4d10.5s2.5p6.4f14.5d1,2D<3/2>,4f14 1S<0>,168.2,1.4,semi-empirical,5,5d1
79,Au,11,68,Er,[Xe].4f14,4f14,1s2.2s2.2p6.3s2.3p6.3d10.4s2.4p6.4d10.5s2.5p6.4f14,1S0,4f14.5p5 2P*<3/2>,248.0,1.0,semi-empirical,5,4f14
79,Au,12,67,Ho,[Cd].4f14.5p5,4f14.5p5,1s2.2s2.2p6.3s2.3p6.3d10.4s2.4p6.4d10.5s2.4f14.5p5,2P*<3/2>,4f14.5p4 3P<2>,275.0,14,theoretical,5,5p5
79,Au,13,66,Dy,[Cd].4f14.5p4,4f14.5p4,1s2.2s2.2p6.3s2.3p6.3d10.4s2.4p6.4d10.5s2.4f14.5p4,3P<2>,4f14.5p3 2P*<3/2>,299.0,15,theoretical,5,5p4
79,Au,14,65,Tb,[Cd].4f14.5p3,4f14.5p3,1s2.2s2.2p6.3s2.3p6.3d10.4s2.4p6.4d10.5s2.4f14.5p3,2P*<3/2>,4f14.5p2 3P<0>,324.0,16,theoretical,5,5p3
79,Au,15,64,Gd,[Cd].4f14.5p2,4f14.5p2,1s2.2s2.2p6.3s2.3p6.3d10.4s2.4p6.4d10.5s2.4f14.5p2,3P0,4f14.5p 2P*<1/2>,365.0,19,theoretical,5,5p2
79,Au,16,63,Eu,[Cd].4f14.5p,4f14.5p,1s2.2s2.2p6.3s2.3p6.3d10.4s2.4p6.4d10.5s2.4f14.5p1,2P*<1/2>,4f14 1S<0>,392.0,20,theoretical,5,5p1
79,Au,17,62,Sm,[Cd].4f14,4f14,1s2.2s2.2p6.3s2.3p6.3d10.4s2.4p6.4d10.5s2.4f14,1S0,4f13.5s2 2F*<7/2>,433.0,21,theoretical,5,4f14
79,Au,18,61,Pm,[Cd].4f13,4f13.5s2,1s2.2s2.2p6.3s2.3p6.3d10.4s2.4p6.4d10.5s2.4f13,2F*<7/2>,4f12.5s2 3H<6>,487.0,25,theoretical,5,4f13
79,Au,19,60,Nd,[Cd].4f12,4f12.5s2,1s2.2s2.2p6.3s2.3p6.3d10.4s2.4p6.4d10.5s2.4f12,3H<6>,4f12.5s,520.0,30,theoretical,5,4f12
79,Au,20,59,Pr,[Kr].4d10.4f12.5s,4f12.5s,1s2.2s2.2p6.3s2.3p6.3d10.4s2.4p6.4d10.4f12.5s1,,4f12,550.0,30,theoretical,5,5s1
79,Au,21,58,Ce,[Kr].4d10.4f12,4f12,1s2.2s2.2p6.3s2.3p6.3d10.4s2.4p6.4d10.4f12,,4f11 4I*<15/2>,600.0,30,theoretical,4,4f12
79,Au,22,57,La,[Kr].4d10.4f11,4f11,1s2.2s2.2p6.3s2.3p6.3d10.4s2.4p6.4d10.4f11,4I*<15/2>,4f10 5I<8>,650.0,40,theoretical,4,4f11
79,Au,23,56,Ba,[Kr].4d10.4f10,4f10,1s2.2s2.2p6.3s2.3p6.3d10.4s2.4p6.4d10.4f10,5I<8>,4f9 6H*<15/2>,710.0,40,theoretical,4,4f10
79,Au,24,55,Cs,[Kr].4d10.4f9,4f9,1s2.2s2.2p6.3s2.3p6.3d10.4s2.4p6.4d10.4f9,6H*<15/2>,4f8 7F<6>,760.0,40,theoretical,4,4f9
79,Au,25,54,Xe,[Kr].4d10.4f8,4f8,1s2.2s2.2p6.3s2.3p6.3d10.4s2.4p6.4d10.4f8,7F<6>,4f7 8S*<7/2>,820.0,40,theoretical,4,4f8
79,Au,26,53,I,[Kr].4d10.4f7,4f7,1s2.2s2.2p6.3s2.3p6.3d10.4s2.4p6.4d10.4f7,8S*<7/2>,4f6 7F<0>,870.0,40,theoretical,4,4f7
79,Au,27,52,Te,[Kr].4d10.4f6,4f6,1s2.2s2.2p6.3s2.3p6.3d10.4s2.4p6.4d10.4f6,7F0,4f5 6H*<5/2>,930.0,50,theoretical,4,4f6
79,Au,28,51,Sb,[Kr].4d10.4f5,4f5,1s2.2s2.2p6.3s2.3p6.3d10.4s2.4p6.4d10.4f5,6H*<5/2>,4f4 5I<4>,990.0,50,theoretical,4,4f5
79,Au,29,50,Sn,[Kr].4d10.4f4,4f4,1s2.2s2.2p6.3s2.3p6.3d10.4s2.4p6.4d10.4f4,5I<4>,4f3 4I*<9/2>,1040.0,50,theoretical,4,4f4
79,Au,30,49,In,[Kr].4d10.4f3,4f3,1s2.2s2.2p6.3s2.3p6.3d10.4s2.4p6.4d10.4f3,4I*<9/2>,4f2 3H<4>,1100.0,50,theoretical,4,4f3
79,Au,31,48,Cd,[Kr].4d10.4f2,4f2,1s2.2s2.2p6.3s2.3p6.3d10.4s2.4p6.4d10.4f2,3H<4>,4f 2F*<5/2>,1150.0,60,theoretical,4,4f2
79,Au,32,47,Ag,[Kr].4d10.4f,4f,1s2.2s2.2p6.3s2.3p6.3d10.4s2.4p6.4d10.4f1,2F*<5/2>,4d10 1S<0>,1210.0,60,theoretical,4,4f1
79,Au,33,46,Pd,[Kr].4d10,4d10,1s2.2s2.2p6.3s2.3p6.3d10.4s2.4p6.4d10,1S0,4d9 2D<5/2>,1475.0,5,theoretical,4,4d10
79,Au,34,45,Rh,[Kr].4d9,4d9,1s2.2s2.2p6.3s2.3p6.3d10.4s2.4p6.4d9,2D<5/2>,4d8 3F<4>,1527.0,5,theoretical,4,4d9
79,Au,35,44,Ru,[Kr].4d8,4d8,1s2.2s2.2p6.3s2.3p6.3d10.4s2.4p6.4d8,3F<4>,4d7 4F<9/2>,1584.0,5,theoretical,4,4d8
79,Au,36,43,Tc,[Kr].4d7,4d7,1s2.2s2.2p6.3s2.3p6.3d10.4s2.4p6.4d7,4F<9/2>,4d6 5D<4>,1644.0,5,theoretical,4,4d7
79,Au,37,42,Mo,[Kr].4d6,4d6,1s2.2s2.2p6.3s2.3p6.3d10.4s2.4p6.4d6,5D<4>,"4d-4.4d+ (0,5/2)<5/2>",1702.0,4,theoretical,4,4d6
79,Au,38,41,Nb,[Kr].4d5,4d-4.4d+,1s2.2s2.2p6.3s2.3p6.3d10.4s2.4p6.4d5,"(0,5/2)<5/2>",4d4 5D<0>,1758.0,4,theoretical,4,4d5
79,Au,39,40,Zr,[Kr].4d4,4d4,1s2.2s2.2p6.3s2.3p6.3d10.4s2.4p6.4d4,5D0,4d3 4F<3/2>,1845.0,4,theoretical,4,4d4
79,Au,40,39,Y,[Kr].4d3,4d3,1s2.2s2.2p6.3s2.3p6.3d10.4s2.4p6.4d3,4F<3/2>,4d2 3F<2>,1904.0,4,theoretical,4,4d3
79,Au,41,38,Sr,[Kr].4d2,4d2,1s2.2s2.2p6.3s2.3p6.3d10.4s2.4p6.4d2,3F<2>,4d 2D<3/2>,1967.0,4,theoretical,4,4d2
79,Au,42,37,Rb,[Kr].4d,4d,1s2.2s2.2p6.3s2.3p6.3d10.4s2.4p6.4d1,2D<3/2>,4p6 1S<0>,2026.0,4,theoretical,4,4d1
79,Au,43,36,Kr,[Ar].3d10.4s2.4p6,4p6,1s2.2s2.2p6.3s2.3p6.3d10.4s2.4p6,1S0,4p5 2P*<3/2>,2261.0,4,theoretical,4,4p6
79,Au,44,35,Br,[Ar].3d10.4s2.4p5,4p5,1s2.2s2.2p6.3s2.3p6.3d10.4s2.4p5,2P*<3/2>,4p4 3P<2>,2320.0,4,theoretical,4,4p5
79,Au,45,34,Se,[Ar].3d10.4s2.4p4,4p4,1s2.2s2.2p6.3s2.3p6.3d10.4s2.4p4,3P<2>,"4p-2.4p+ (0,3/2)*<3/2>",2383.0,4,theoretical,4,4p4
79,Au,46,33,As,[Ar].3d10.4s2.4p3,4p-2.4p+,1s2.2s2.2p6.3s2.3p6.3d10.4s2.4p3,"(0,3/2)*<3/2>",4p2 3P<0>,2443.0,4,theoretical,4,4p3
79,Au,47,32,Ge,[Ar].3d10.4s2.4p2,4p2,1s2.2s2.2p6.3s2.3p6.3d10.4s2.4p2,3P0,4p 2P*<1/2>,2640.0,4,theoretical,4,4p2
79,Au,48,31,Ga,[Ar].3d10.4s2.4p,4p,1s2.2s2.2p6.3s2.3p6.3d10.4s2.4p1,2P*<1/2>,4s2 1S<0>,2708.0,4,theoretical,4,4p1
79,Au,49,30,Zn,[Ar].3d10.4s2,4s2,1s2.2s2.2p6.3s2.3p6.3d10.4s2,1S0,4s 2S<1/2>,2870.0,4,theoretical,4,4s2
79,Au,50,29,Cu,[Ar].3d10.4s,4s,1s2.2s2.2p6.3s2.3p6.3d10.4s1,2S<1/2>,3d10 1S<0>,2941.0,1.0,semi-empirical,4,4s1
79,Au,51,28,Ni,[Ar].3d10,3d10,1s2.2s2.2p6.3s2.3p6.3d10,1S0,3d9 2D<5/2>,4888.0,4,experimental,3,3d10
79,Au,52,27,Co,[Ar].3d9,3d9,1s2.2s2.2p6.3s2.3p6.3d9,2D<5/2>,3d8 3F<4>,5013.0,4,theoretical,3,3d9
79,Au,53,26,Fe,[Ar].3d8,3d8,1s2.2s2.2p6.3s2.3p6.3d8,3F<4>,3d7 4F<9/2>,5156.0,5,theoretical,3,3d8
79,Au,54,25,Mn,[Ar].3d7,3d7,1s2.2s2.2p6.3s2.3p6.3d7,4F<9/2>,"3d-4.3d+2 (0,4)<4>",5307.0,5,theoretical,3,3d7
79,Au,55,24,Cr,[Ar].3d6,3d-4.3d+2,1s2.2s2.2p6.3s2.3p6.3d6,"(0,4)<4>","3d-4.3d+ (0,5/2)<5/2>",5452.0,5,theoretical,3,3d6
79,Au,56,23,V,[Ar].3d5,3d-4.3d+,1s2.2s2.2p6.3s2.3p6.3d5,"(0,5/2)<5/2>",3d4 5D<0>,5594.0,5,theoretical,3,3d5
79,Au,57,22,Ti,[Ar].3d4,3d4,1s2.2s2.2p6.3s2.3p6.3d4,5D0,3d3 4F<3/2>,5846.0,6,theoretical,3,3d4
79,Au,58,21,Sc,[Ar].3d3,3d3,1s2.2s2.2p6.3s2.3p6.3d3,4F<3/2>,3d2 3F<2>,5994.0,6,theoretical,3,3d3
79,Au,59,20,Ca,[Ar].3d2,3d2,1s2.2s2.2p6.3s2.3p6.3d2,3F<2>,3d 2D<3/2>,6156.0,7,theoretical,3,3d2
79,Au,60,19,K,[Ar].3d,3d,1s2.2s2.2p6.3s2.3p6.3d1,2D<3/2>,3p6 1S<0>,6305.0,10,theoretical,3,3d1
79,Au,61,18,Ar,[Ne].3s2.3p6,3p6,1s2.2s2.2p6.3s2.3p6,1S0,3p5 2P*<3/2>,6724.0,12,theoretical,3,3p6
79,Au,62,17,Cl,[Ne].3s2.3p5,3p5,1s2.2s2.2p6.3s2.3p5,2P*<3/2>,3p4 3P<2>,6854.0,15,theoretical,3,3p5
79,Au,63,16,S,[Ne].3s2.3p4,3p4,1s2.2s2.2p6.3s2.3p4,3P<2>,3p3 2P*<3/2>,6997.0,19,theoretical,3,3p4
79,Au,64,15,P,[Ne].3s2.3p3,3p3,1s2.2s2.2p6.3s2.3p3,2P*<3/2>,3p2 3P<0>,7130.0,24,theoretical,3,3p3
79,Au,65,14,Si,[Ne].3s2.3p2,3p2,1s2.2s2.2p6.3s2.3p2,3P0,3p 2P*<1/2>,7760.0,30,theoretical,3,3p2
79,Au,66,13,Al,[Ne].3s2.3p,3p,1s2.2s2.2p6.3s2.3p1,2P*<1/2>,3s2 1S<0>,7910.0,40,theoretical,3,3p1
79,Au,67,12,Mg,[Ne].3s2,3s2,1s2.2s2.2p6.3s2,1S0,3s 2S<1/2>,8210.0,40,theoretical,3,3s2
79,Au,68,11,Na,[Ne].3s,3s,1s2.2s2.2p6.3s1,2S<1/2>,2p6 1S<0>,8360.0,50,theoretical,3,3s1
79,Au,69,10,Ne,1s2.2s2.2p6,2p6,1s2.2s2.2p6,1S0,2p5 2P*<3/2>,18040.0,50,theoretical,2,2p6
79,Au,70,9,F,1s2.2s2.2p5,2p5,1s2.2s2.2p5,2P*<3/2>,2p4 3P<2>,18400.0,60,theoretical,2,2p5
79,Au,71,8,O,1s2.2s2.2p4,2p4,1s2.2s2.2p4,3P<2>,"2p2<1/2>.2p<3/2> (0,3/2)*<3/2>",18790.0,60,theoretical,2,2p4
79,Au,72,7,N,1s2.2s2.2p3,2p2<1/2>.2p<3/2>,1s2.2s2.2p3,"(0,3/2)*<3/2>",2p2 3P<0>,19150.0,70,theoretical,2,2p3
79,Au,73,6,C,1s2.2s2.2p2,2p2,1s2.2s2.2p2,3P0,2p 2P*<1/2>,21470.0,90,theoretical,2,2p2
79,Au,74,5,B,1s2.2s2.2p,2p,1s2.2s2.2p1,2P*<1/2>,2s2 1S<0>,21920.0,90,theoretical,2,2p1
79,Au,75,4,Be,1s2.2s2,2s2,1s2.2s2,1S0,2s 2S<1/2>,22500.0,100,theoretical,2,2s2
79,Au,76,3,Li,1s2.2s,1s2.2s,1s2.2s1,2S<1/2>,1s2 1S<0>,22868.1,0.3,theoretical,2,2s1
79,Au,77,2,He,1s2,1s2,1s2,1S0,1s 2S<1/2>,91515.8,0.3,theoretical,1,1s2
79,Au,78,1,H,1s,1s,1s1,2S<1/2>,,93254.62,0.20,theoretical,1,1s1
80,Hg,0,80,Hg,[Xe].4f14.5d10.6s2,5d10.6s2,1s2.2s2.2p6.3s2.3p6.3d10.4s2.4p6.4d10.5s2.5p6.4f14.5d10.6s2,1S0,6s 2S<1/2>,10.437504,0.000006,experimental,6,6s2
80,Hg,1,79,Au,[Xe].4f14.5d10.6s,5d10.6s,1s2.2s2.2p6.3s2.3p6.3d10.4s2.4p6.4d10.5s2.5p6.4f14.5d10.6s1,2S<1/2>,5d10 1S<0>,18.75688,0.00004,experimental,6,6s1
80,Hg,2,78,Pt,[Xe].4f14.5d10,5d10,1s2.2s2.2p6.3s2.3p6.3d10.4s2.4p6.4d10.5s2.5p6.4f14.5d10,1S0,5d9 2D<5/2>,34.49,0.05,experimental,5,5d10
80,Hg,3,77,Ir,[Xe].4f14.5d9,5d9,1s2.2s2.2p6.3s2.3p6.3d10.4s2.4p6.4d10.5s2.5p6.4f14.5d9,2D<5/2>,5d8 3F<4>,48.55,0.15,experimental,5,5d9
80,Hg,4,76,Os,[Xe].4f14.5d8,5d8,1s2.2s2.2p6.3s2.3p6.3d10.4s2.4p6.4d10.5s2.5p6.4f14.5d8,3F<4>,5d7 4F<9/2>,61.2,0.20,experimental,5,5d8
80,Hg,5,75,Re,[Xe].4f14.5d7,5d7,1s2.2s2.2p6.3s2.3p6.3d10.4s2.4p6.4d10.5s2.5p6.4f14.5d7,4F<9/2>,5d6 5D<4>,76.6,0.5,experimental,5,5d7
80,Hg,6,74,W,[Xe].4f14.5d6,5d6,1s2.2s2.2p6.3s2.3p6.3d10.4s2.4p6.4d10.5s2.5p6.4f14.5d6,5D<4>,5d5 6S<5/2>,93.0,2.0,experimental,5,5d6
80,Hg,7,73,Ta,[Xe].4f14.5d5,5d5,1s2.2s2.2p6.3s2.3p6.3d10.4s2.4p6.4d10.5s2.5p6.4f14.5d5,6S<5/2>,5d4 5D<0>,113.9,2.1,theoretical,5,5d5
80,Hg,8,72,Hf,[Xe].4f14.5d4,5d4,1s2.2s2.2p6.3s2.3p6.3d10.4s2.4p6.4d10.5s2.5p6.4f14.5d4,5D0,5d3 4F<3/2>,134.0,2.2,theoretical,5,5d4
80,Hg,9,71,Lu,[Xe].4f14.5d3,5d3,1s2.2s2.2p6.3s2.3p6.3d10.4s2.4p6.4d10.5s2.5p6.4f14.5d3,4F<3/2>,5d2 3F<2>,153.0,2.2,theoretical,5,5d3
80,Hg,10,70,Yb,[Xe].4f14.5d2,5d2,1s2.2s2.2p6.3s2.3p6.3d10.4s2.4p6.4d10.5s2.5p6.4f14.5d2,3F<2>,5d 2D<3/2>,173.0,2.4,theoretical,5,5d2
80,Hg,11,69,Tm,[Xe].4f14.5d,5d,1s2.2s2.2p6.3s2.3p6.3d10.4s2.4p6.4d10.5s2.5p6.4f14.5d1,2D<3/2>,4f14 1S<0>,192.7,1.7,semi-empirical,5,5d1
80,Hg,12,68,Er,[Xe].4f14,4f14,1s2.2s2.2p6.3s2.3p6.3d10.4s2.4p6.4d10.5s2.5p6.4f14,1S0,4f14.5p5 2P*<3/2>,276.9,1.1,semi-empirical,5,4f14
80,Hg,13,67,Ho,[Cd].4f14.5p5,4f14.5p5,1s2.2s2.2p6.3s2.3p6.3d10.4s2.4p6.4d10.5s2.4f14.5p5,2P*<3/2>,4f14.5p4 3P<2>,307.0,15,theoretical,5,5p5
80,Hg,14,66,Dy,[Cd].4f14.5p4,4f14.5p4,1s2.2s2.2p6.3s2.3p6.3d10.4s2.4p6.4d10.5s2.4f14.5p4,3P<2>,4f14.5p3 2P*<3/2>,332.0,16,theoretical,5,5p4
80,Hg,15,65,Tb,[Cd].4f14.5p3,4f14.5p3,1s2.2s2.2p6.3s2.3p6.3d10.4s2.4p6.4d10.5s2.4f14.5p3,2P*<3/2>,4f14.5p2 3P<0>,357.0,17,theoretical,5,5p3
80,Hg,16,64,Gd,[Cd].4f14.5p2,4f14.5p2,1s2.2s2.2p6.3s2.3p6.3d10.4s2.4p6.4d10.5s2.4f14.5p2,3P0,4f14.5p 2P*<1/2>,402.0,20,theoretical,5,5p2
80,Hg,17,63,Eu,[Cd].4f14.5p,4f14.5p,1s2.2s2.2p6.3s2.3p6.3d10.4s2.4p6.4d10.5s2.4f14.5p1,2P*<1/2>,4f14 1S<0>,429.0,21,theoretical,5,5p1
80,Hg,18,62,Sm,[Cd].4f14,4f14,1s2.2s2.2p6.3s2.3p6.3d10.4s2.4p6.4d10.5s2.4f14,1S0,4f13.5s2 2F*<7/2>,477.0,24,theoretical,5,4f14
80,Hg,19,61,Pm,[Cd].4f13,4f13.5s2,1s2.2s2.2p6.3s2.3p6.3d10.4s2.4p6.4d10.5s2.4f13,2F*<7/2>,4f13.5s*,530.0,30,theoretical,5,4f13
80,Hg,20,60,Nd,[Kr].4d10.4f13.5s,4f13.5s,1s2.2s2.2p6.3s2.3p6.3d10.4s2.4p6.4d10.4f13.5s1,*,4f13 2F*<7/2>,560.0,30,theoretical,5,5s1
80,Hg,21,59,Pr,[Kr].4d10.4f13,4f13,1s2.2s2.2p6.3s2.3p6.3d10.4s2.4p6.4d10.4f13,2F*<7/2>,4f12,590.0,30,theoretical,4,4f13
80,Hg,22,58,Ce,[Kr].4d10.4f12,4f12,1s2.2s2.2p6.3s2.3p6.3d10.4s2.4p6.4d10.4f12,,4f11 4I*<15/2>,650.0,30,theoretical,4,4f12
80,Hg,23,57,La,[Kr].4d10.4f11,4f11,1s2.2s2.2p6.3s2.3p6.3d10.4s2.4p6.4d10.4f11,4I*<15/2>,4f10 5I<8>,710.0,40,theoretical,4,4f11
80,Hg,24,56,Ba,[Kr].4d10.4f10,4f10,1s2.2s2.2p6.3s2.3p6.3d10.4s2.4p6.4d10.4f10,5I<8>,4f9 6H*<15/2>,760.0,40,theoretical,4,4f10
80,Hg,25,55,Cs,[Kr].4d10.4f9,4f9,1s2.2s2.2p6.3s2.3p6.3d10.4s2.4p6.4d10.4f9,6H*<15/2>,4f8 7F<6>,820.0,40,theoretical,4,4f9
80,Hg,26,54,Xe,[Kr].4d10.4f8,4f8,1s2.2s2.2p6.3s2.3p6.3d10.4s2.4p6.4d10.4f8,7F<6>,4f7 8S*<7/2>,880.0,40,theoretical,4,4f8
80,Hg,27,53,I,[Kr].4d10.4f7,4f7,1s2.2s2.2p6.3s2.3p6.3d10.4s2.4p6.4d10.4f7,8S*<7/2>,4f6 7F<0>,930.0,50,theoretical,4,4f7
80,Hg,28,52,Te,[Kr].4d10.4f6,4f6,1s2.2s2.2p6.3s2.3p6.3d10.4s2.4p6.4d10.4f6,7F0,4f5 6H*<5/2>,990.0,50,theoretical,4,4f6
80,Hg,29,51,Sb,[Kr].4d10.4f5,4f5,1s2.2s2.2p6.3s2.3p6.3d10.4s2.4p6.4d10.4f5,6H*<5/2>,4f4 5I<4>,1050.0,50,theoretical,4,4f5
80,Hg,30,50,Sn,[Kr].4d10.4f4,4f4,1s2.2s2.2p6.3s2.3p6.3d10.4s2.4p6.4d10.4f4,5I<4>,4f3 4I*<9/2>,1110.0,60,theoretical,4,4f4
80,Hg,31,49,In,[Kr].4d10.4f3,4f3,1s2.2s2.2p6.3s2.3p6.3d10.4s2.4p6.4d10.4f3,4I*<9/2>,4f2 3H<4>,1160.0,60,theoretical,4,4f3
80,Hg,32,48,Cd,[Kr].4d10.4f2,4f2,1s2.2s2.2p6.3s2.3p6.3d10.4s2.4p6.4d10.4f2,3H<4>,4f 2F*<5/2>,1220.0,60,theoretical,4,4f2
80,Hg,33,47,Ag,[Kr].4d10.4f,4f,1s2.2s2.2p6.3s2.3p6.3d10.4s2.4p6.4d10.4f1,2F*<5/2>,4d10 1S<0>,1280.0,60,theoretical,4,4f1
80,Hg,34,46,Pd,[Kr].4d10,4d10,1s2.2s2.2p6.3s2.3p6.3d10.4s2.4p6.4d10,1S0,4d9 2D<5/2>,1549.0,5,theoretical,4,4d10
80,Hg,35,45,Rh,[Kr].4d9,4d9,1s2.2s2.2p6.3s2.3p6.3d10.4s2.4p6.4d9,2D<5/2>,4d8 3F<4>,1603.0,5,theoretical,4,4d9
80,Hg,36,44,Ru,[Kr].4d8,4d8,1s2.2s2.2p6.3s2.3p6.3d10.4s2.4p6.4d8,3F<4>,4d7 4F<9/2>,1661.0,5,theoretical,4,4d8
80,Hg,37,43,Tc,[Kr].4d7,4d7,1s2.2s2.2p6.3s2.3p6.3d10.4s2.4p6.4d7,4F<9/2>,4d6 5D<4>,1723.0,4,theoretical,4,4d7
80,Hg,38,42,Mo,[Kr].4d6,4d6,1s2.2s2.2p6.3s2.3p6.3d10.4s2.4p6.4d6,5D<4>,"4d-4.4d+ (0,5/2)<5/2>",1780.0,4,theoretical,4,4d6
80,Hg,39,41,Nb,[Kr].4d5,4d-4.4d+,1s2.2s2.2p6.3s2.3p6.3d10.4s2.4p6.4d5,"(0,5/2)<5/2>",4d4 5D<0>,1839.0,4,theoretical,4,4d5
80,Hg,40,40,Zr,[Kr].4d4,4d4,1s2.2s2.2p6.3s2.3p6.3d10.4s2.4p6.4d4,5D0,4d3 4F<3/2>,1928.0,4,theoretical,4,4d4
80,Hg,41,39,Y,[Kr].4d3,4d3,1s2.2s2.2p6.3s2.3p6.3d10.4s2.4p6.4d3,4F<3/2>,4d2 3F<2>,1989.0,4,theoretical,4,4d3
80,Hg,42,38,Sr,[Kr].4d2,4d2,1s2.2s2.2p6.3s2.3p6.3d10.4s2.4p6.4d2,3F<2>,4d 2D<3/2>,2052.0,4,theoretical,4,4d2
80,Hg,43,37,Rb,[Kr].4d,4d,1s2.2s2.2p6.3s2.3p6.3d10.4s2.4p6.4d1,2D<3/2>,4p6 1S<0>,2113.0,4,theoretical,4,4d1
80,Hg,44,36,Kr,[Ar].3d10.4s2.4p6,4p6,1s2.2s2.2p6.3s2.3p6.3d10.4s2.4p6,1S0,4p5 2P*<3/2>,2354.0,4,theoretical,4,4p6
80,Hg,45,35,Br,[Ar].3d10.4s2.4p5,4p5,1s2.2s2.2p6.3s2.3p6.3d10.4s2.4p5,2P*<3/2>,4p4 3P<2>,2412.0,4,theoretical,4,4p5
80,Hg,46,34,Se,[Ar].3d10.4s2.4p4,4p4,1s2.2s2.2p6.3s2.3p6.3d10.4s2.4p4,3P<2>,"4p-2.4p+ (0,3/2)*<3/2>",2478.0,4,theoretical,4,4p4
80,Hg,47,33,As,[Ar].3d10.4s2.4p3,4p-2.4p+,1s2.2s2.2p6.3s2.3p6.3d10.4s2.4p3,"(0,3/2)*<3/2>",4p2 3P<0>,2539.0,4,theoretical,4,4p3
80,Hg,48,32,Ge,[Ar].3d10.4s2.4p2,4p2,1s2.2s2.2p6.3s2.3p6.3d10.4s2.4p2,3P0,4p 2P*<1/2>,2745.0,4,theoretical,4,4p2
80,Hg,49,31,Ga,[Ar].3d10.4s2.4p,4p,1s2.2s2.2p6.3s2.3p6.3d10.4s2.4p1,2P*<1/2>,4s2 1S<0>,2815.0,4,theoretical,4,4p1
80,Hg,50,30,Zn,[Ar].3d10.4s2,4s2,1s2.2s2.2p6.3s2.3p6.3d10.4s2,1S0,4s 2S<1/2>,2981.0,4,theoretical,4,4s2
80,Hg,51,29,Cu,[Ar].3d10.4s,4s,1s2.2s2.2p6.3s2.3p6.3d10.4s1,2S<1/2>,3d10 1S<0>,3049.9,1.5,semi-empirical,4,4s1
80,Hg,52,28,Ni,[Ar].3d10,3d10,1s2.2s2.2p6.3s2.3p6.3d10,1S0,3d9 2D<5/2>,5055.0,4,theoretical,3,3d10
80,Hg,53,27,Co,[Ar].3d9,3d9,1s2.2s2.2p6.3s2.3p6.3d9,2D<5/2>,3d8 3F<4>,5191.0,5,theoretical,3,3d9
80,Hg,54,26,Fe,[Ar].3d8,3d8,1s2.2s2.2p6.3s2.3p6.3d8,3F<4>,3d7 4F<9/2>,5335.0,5,theoretical,3,3d8
80,Hg,55,25,Mn,[Ar].3d7,3d7,1s2.2s2.2p6.3s2.3p6.3d7,4F<9/2>,"3d-4.3d+2 (0,4)<4>",5490.0,5,theoretical,3,3d7
80,Hg,56,24,Cr,[Ar].3d6,3d-4.3d+2,1s2.2s2.2p6.3s2.3p6.3d6,"(0,4)<4>","3d-4.3d+ (0,5/2)<5/2>",5636.0,5,theoretical,3,3d6
80,Hg,57,23,V,[Ar].3d5,3d-4.3d+,1s2.2s2.2p6.3s2.3p6.3d5,"(0,5/2)<5/2>",3d4 5D<0>,5780.0,6,theoretical,3,3d5
80,Hg,58,22,Ti,[Ar].3d4,3d4,1s2.2s2.2p6.3s2.3p6.3d4,5D0,3d3 4F<3/2>,6041.0,6,theoretical,3,3d4
80,Hg,59,21,Sc,[Ar].3d3,3d3,1s2.2s2.2p6.3s2.3p6.3d3,4F<3/2>,3d2 3F<2>,6192.0,7,theoretical,3,3d3
80,Hg,60,20,Ca,[Ar].3d2,3d2,1s2.2s2.2p6.3s2.3p6.3d2,3F<2>,3d 2D<3/2>,6356.0,10,theoretical,3,3d2
80,Hg,61,19,K,[Ar].3d,3d,1s2.2s2.2p6.3s2.3p6.3d1,2D<3/2>,3p6 1S<0>,6508.0,12,theoretical,3,3d1
80,Hg,62,18,Ar,[Ne].3s2.3p6,3p6,1s2.2s2.2p6.3s2.3p6,1S0,3p5 2P*<3/2>,6933.0,15,theoretical,3,3p6
80,Hg,63,17,Cl,[Ne].3s2.3p5,3p5,1s2.2s2.2p6.3s2.3p5,2P*<3/2>,3p4 3P<2>,7066.0,19,theoretical,3,3p5
80,Hg,64,16,S,[Ne].3s2.3p4,3p4,1s2.2s2.2p6.3s2.3p4,3P<2>,3p3 2P*<3/2>,7211.0,24,theoretical,3,3p4
80,Hg,65,15,P,[Ne].3s2.3p3,3p3,1s2.2s2.2p6.3s2.3p3,2P*<3/2>,3p2 3P<0>,7350.0,30,theoretical,3,3p3
80,Hg,66,14,Si,[Ne].3s2.3p2,3p2,1s2.2s2.2p6.3s2.3p2,3P0,3p 2P*<1/2>,8010.0,40,theoretical,3,3p2
80,Hg,67,13,Al,[Ne].3s2.3p,3p,1s2.2s2.2p6.3s2.3p1,2P*<1/2>,3s2 1S<0>,8160.0,40,theoretical,3,3p1
80,Hg,68,12,Mg,[Ne].3s2,3s2,1s2.2s2.2p6.3s2,1S0,3s 2S<1/2>,8470.0,50,theoretical,3,3s2
80,Hg,69,11,Na,[Ne].3s,3s,1s2.2s2.2p6.3s1,2S<1/2>,2p6 1S<0>,8620.0,50,theoretical,3,3s1
80,Hg,70,10,Ne,1s2.2s2.2p6,2p6,1s2.2s2.2p6,1S0,2p5 2P*<3/2>,18550.0,60,theoretical,2,2p6
80,Hg,71,9,F,1s2.2s2.2p5,2p5,1s2.2s2.2p5,2P*<3/2>,2p4 3P<2>,18910.0,60,theoretical,2,2p5
80,Hg,72,8,O,1s2.2s2.2p4,2p4,1s2.2s2.2p4,3P<2>,"2p2<1/2>.2p<3/2> (0,3/2)*<3/2>",19310.0,70,theoretical,2,2p4
80,Hg,73,7,N,1s2.2s2.2p3,2p2<1/2>.2p<3/2>,1s2.2s2.2p3,"(0,3/2)*<3/2>",2p2 3P<0>,19680.0,90,theoretical,2,2p3
80,Hg,74,6,C,1s2.2s2.2p2,2p2,1s2.2s2.2p2,3P0,2p 2P*<1/2>,22120.0,90,theoretical,2,2p2
80,Hg,75,5,B,1s2.2s2.2p,2p,1s2.2s2.2p1,2P*<1/2>,2s2 1S<0>,22580.0,100,theoretical,2,2p1
80,Hg,76,4,Be,1s2.2s2,2s2,1s2.2s2,1S0,2s 2S<1/2>,23170.0,110,theoretical,2,2s2
80,Hg,77,3,Li,1s2.2s,1s2.2s,1s2.2s1,2S<1/2>,1s2 1S<0>,23544.1,0.3,theoretical,2,2s1
80,Hg,78,2,He,1s2,1s2,1s2,1S0,1s 2S<1/2>,94124.7,0.3,theoretical,1,1s2
80,Hg,79,1,H,1s,1s,1s1,2S<1/2>,,95898.19,0.22,theoretical,1,1s1
81,Tl,0,81,Tl,[Hg].6p,6s2.6p,1s2.2s2.2p6.3s2.3p6.3d10.4s2.4p6.4d10.5s2.5p6.4f14.5d10.6s2.6p1,2P*<1/2>,6s2 1S<0>,6.1082873,0.0000012,experimental,6,6p1
81,Tl,1,80,Hg,[Xe].4f14.5d10.6s2,5d10.6s2,1s2.2s2.2p6.3s2.3p6.3d10.4s2.4p6.4d10.5s2.5p6.4f14.5d10.6s2,1S0,6s 2S<1/2>,20.4283,0.0006,experimental,6,6s2
81,Tl,2,79,Au,[Xe].4f14.5d10.6s,5d10.6s,1s2.2s2.2p6.3s2.3p6.3d10.4s2.4p6.4d10.5s2.5p6.4f14.5d10.6s1,2S<1/2>,5d10 1S<0>,29.852,0.0006,experimental,6,6s1
81,Tl,3,78,Pt,[Xe].4f14.5d10,5d10,1s2.2s2.2p6.3s2.3p6.3d10.4s2.4p6.4d10.5s2.5p6.4f14.5d10,1S0,5d9 2D<5/2>,51.14,0.04,experimental,5,5d10
81,Tl,4,77,Ir,[Xe].4f14.5d9,5d9,1s2.2s2.2p6.3s2.3p6.3d10.4s2.4p6.4d10.5s2.5p6.4f14.5d9,2D<5/2>,5d8 3F<4>,62.6,0.4,experimental,5,5d9
81,Tl,5,76,Os,[Xe].4f14.5d8,5d8,1s2.2s2.2p6.3s2.3p6.3d10.4s2.4p6.4d10.5s2.5p6.4f14.5d8,3F<4>,5d7 4F<9/2>,80.0,2.0,theoretical,5,5d8
81,Tl,6,75,Re,[Xe].4f14.5d7,5d7,1s2.2s2.2p6.3s2.3p6.3d10.4s2.4p6.4d10.5s2.5p6.4f14.5d7,4F<9/2>,5d6 5D<4>,97.9,2.0,theoretical,5,5d7
81,Tl,7,74,W,[Xe].4f14.5d6,5d6,1s2.2s2.2p6.3s2.3p6.3d10.4s2.4p6.4d10.5s2.5p6.4f14.5d6,5D<4>,5d5 6S<5/2>,116.0,2.1,theoretical,5,5d6
81,Tl,8,73,Ta,[Xe].4f14.5d5,5d5,1s2.2s2.2p6.3s2.3p6.3d10.4s2.4p6.4d10.5s2.5p6.4f14.5d5,6S<5/2>,5d4 5D<0>,135.0,2.2,theoretical,5,5d5
81,Tl,9,72,Hf,[Xe].4f14.5d4,5d4,1s2.2s2.2p6.3s2.3p6.3d10.4s2.4p6.4d10.5s2.5p6.4f14.5d4,5D0,5d3 4F<3/2>,158.0,2.2,theoretical,5,5d4
81,Tl,10,71,Lu,[Xe].4f14.5d3,5d3,1s2.2s2.2p6.3s2.3p6.3d10.4s2.4p6.4d10.5s2.5p6.4f14.5d3,4F<3/2>,5d2 3F<2>,177.0,2.4,theoretical,5,5d3
81,Tl,11,70,Yb,[Xe].4f14.5d2,5d2,1s2.2s2.2p6.3s2.3p6.3d10.4s2.4p6.4d10.5s2.5p6.4f14.5d2,3F<2>,5d 2D<3/2>,198.0,2.5,theoretical,5,5d2
81,Tl,12,69,Tm,[Xe].4f14.5d,5d,1s2.2s2.2p6.3s2.3p6.3d10.4s2.4p6.4d10.5s2.5p6.4f14.5d1,2D<3/2>,4f14 1S<0>,218.3,2.0,semi-empirical,5,5d1
81,Tl,13,68,Er,[Xe].4f14,4f14,1s2.2s2.2p6.3s2.3p6.3d10.4s2.4p6.4d10.5s2.5p6.4f14,1S0,4f14.5p5 2P*<3/2>,306.9,1.4,semi-empirical,5,4f14
81,Tl,14,67,Ho,[Cd].4f14.5p5,4f14.5p5,1s2.2s2.2p6.3s2.3p6.3d10.4s2.4p6.4d10.5s2.4f14.5p5,2P*<3/2>,4f14.5p4 3P<2>,340.0,17,theoretical,5,5p5
81,Tl,15,66,Dy,[Cd].4f14.5p4,4f14.5p4,1s2.2s2.2p6.3s2.3p6.3d10.4s2.4p6.4d10.5s2.4f14.5p4,3P<2>,4f14.5p3 2P*<3/2>,366.0,19,theoretical,5,5p4
81,Tl,16,65,Tb,[Cd].4f14.5p3,4f14.5p3,1s2.2s2.2p6.3s2.3p6.3d10.4s2.4p6.4d10.5s2.4f14.5p3,2P*<3/2>,4f14.5p2 3P<0>,392.0,20,theoretical,5,5p3
81,Tl,17,64,Gd,[Cd].4f14.5p2,4f14.5p2,1s2.2s2.2p6.3s2.3p6.3d10.4s2.4p6.4d10.5s2.4f14.5p2,3P0,4f14.5p 2P*<1/2>,439.0,22,theoretical,5,5p2
81,Tl,18,63,Eu,[Cd].4f14.5p,4f14.5p,1s2.2s2.2p6.3s2.3p6.3d10.4s2.4p6.4d10.5s2.4f14.5p1,2P*<1/2>,4f14 1S<0>,467.0,24,theoretical,5,5p1
81,Tl,19,62,Sm,[Cd].4f14,4f14,1s2.2s2.2p6.3s2.3p6.3d10.4s2.4p6.4d10.5s2.4f14,1S0,4f13.5s2 2F*<7/2>,520.0,30,theoretical,5,4f14
81,Tl,20,61,Pm,[Cd].4f13,4f13.5s2,1s2.2s2.2p6.3s2.3p6.3d10.4s2.4p6.4d10.5s2.4f13,2F*<7/2>,4f13.5s*,570.0,30,theoretical,5,4f13
81,Tl,21,60,Nd,[Kr].4d10.4f13.5s,4f13.5s,1s2.2s2.2p6.3s2.3p6.3d10.4s2.4p6.4d10.4f13.5s1,*,4f13 2F*<7/2>,600.0,30,theoretical,5,5s1
81,Tl,22,59,Pr,[Kr].4d10.4f13,4f13,1s2.2s2.2p6.3s2.3p6.3d10.4s2.4p6.4d10.4f13,2F*<7/2>,4f12,640.0,30,theoretical,4,4f13
81,Tl,23,58,Ce,[Kr].4d10.4f12,4f12,1s2.2s2.2p6.3s2.3p6.3d10.4s2.4p6.4d10.4f12,,4f11 4I*<15/2>,700.0,30,theoretical,4,4f12
81,Tl,24,57,La,[Kr].4d10.4f11,4f11,1s2.2s2.2p6.3s2.3p6.3d10.4s2.4p6.4d10.4f11,4I*<15/2>,4f10 5I<8>,760.0,40,theoretical,4,4f11
81,Tl,25,56,Ba,[Kr].4d10.4f10,4f10,1s2.2s2.2p6.3s2.3p6.3d10.4s2.4p6.4d10.4f10,5I<8>,4f9 6H*<15/2>,820.0,40,theoretical,4,4f10
81,Tl,26,55,Cs,[Kr].4d10.4f9,4f9,1s2.2s2.2p6.3s2.3p6.3d10.4s2.4p6.4d10.4f9,6H*<15/2>,4f8 7F<6>,880.0,40,theoretical,4,4f9
81,Tl,27,54,Xe,[Kr].4d10.4f8,4f8,1s2.2s2.2p6.3s2.3p6.3d10.4s2.4p6.4d10.4f8,7F<6>,4f7 8S*<7/2>,930.0,50,theoretical,4,4f8
81,Tl,28,53,I,[Kr].4d10.4f7,4f7,1s2.2s2.2p6.3s2.3p6.3d10.4s2.4p6.4d10.4f7,8S*<7/2>,4f6 7F<0>,990.0,50,theoretical,4,4f7
81,Tl,29,52,Te,[Kr].4d10.4f6,4f6,1s2.2s2.2p6.3s2.3p6.3d10.4s2.4p6.4d10.4f6,7F0,4f5 6H*<5/2>,1060.0,50,theoretical,4,4f6
81,Tl,30,51,Sb,[Kr].4d10.4f5,4f5,1s2.2s2.2p6.3s2.3p6.3d10.4s2.4p6.4d10.4f5,6H*<5/2>,4f4 5I<4>,1110.0,60,theoretical,4,4f5
81,Tl,31,50,Sn,[Kr].4d10.4f4,4f4,1s2.2s2.2p6.3s2.3p6.3d10.4s2.4p6.4d10.4f4,5I<4>,4f3 4I*<9/2>,1170.0,60,theoretical,4,4f4
81,Tl,32,49,In,[Kr].4d10.4f3,4f3,1s2.2s2.2p6.3s2.3p6.3d10.4s2.4p6.4d10.4f3,4I*<9/2>,4f2 3H<4>,1230.0,60,theoretical,4,4f3
81,Tl,33,48,Cd,[Kr].4d10.4f2,4f2,1s2.2s2.2p6.3s2.3p6.3d10.4s2.4p6.4d10.4f2,3H<4>,4f 2F*<5/2>,1290.0,60,theoretical,4,4f2
81,Tl,34,47,Ag,[Kr].4d10.4f,4f,1s2.2s2.2p6.3s2.3p6.3d10.4s2.4p6.4d10.4f1,2F*<5/2>,4d10 1S<0>,1350.0,60,theoretical,4,4f1
81,Tl,35,46,Pd,[Kr].4d10,4d10,1s2.2s2.2p6.3s2.3p6.3d10.4s2.4p6.4d10,1S0,4d9 2D<5/2>,1625.0,5,theoretical,4,4d10
81,Tl,36,45,Rh,[Kr].4d9,4d9,1s2.2s2.2p6.3s2.3p6.3d10.4s2.4p6.4d9,2D<5/2>,4d8 3F<4>,1681.0,5,theoretical,4,4d9
81,Tl,37,44,Ru,[Kr].4d8,4d8,1s2.2s2.2p6.3s2.3p6.3d10.4s2.4p6.4d8,3F<4>,4d7 4F<9/2>,1740.0,4,theoretical,4,4d8
81,Tl,38,43,Tc,[Kr].4d7,4d7,1s2.2s2.2p6.3s2.3p6.3d10.4s2.4p6.4d7,4F<9/2>,4d6 5D<4>,1802.0,4,theoretical,4,4d7
81,Tl,39,42,Mo,[Kr].4d6,4d6,1s2.2s2.2p6.3s2.3p6.3d10.4s2.4p6.4d6,5D<4>,"4d-4.4d+ (0,5/2)<5/2>",1862.0,4,theoretical,4,4d6
81,Tl,40,41,Nb,[Kr].4d5,4d-4.4d+,1s2.2s2.2p6.3s2.3p6.3d10.4s2.4p6.4d5,"(0,5/2)<5/2>",4d4 5D<0>,1920.0,4,theoretical,4,4d5
81,Tl,41,40,Zr,[Kr].4d4,4d4,1s2.2s2.2p6.3s2.3p6.3d10.4s2.4p6.4d4,5D0,4d3 4F<3/2>,2014.0,4,theoretical,4,4d4
81,Tl,42,39,Y,[Kr].4d3,4d3,1s2.2s2.2p6.3s2.3p6.3d10.4s2.4p6.4d3,4F<3/2>,4d2 3F<2>,2075.0,4,theoretical,4,4d3
81,Tl,43,38,Sr,[Kr].4d2,4d2,1s2.2s2.2p6.3s2.3p6.3d10.4s2.4p6.4d2,3F<2>,4d 2D<3/2>,2140.0,4,theoretical,4,4d2
81,Tl,44,37,Rb,[Kr].4d,4d,1s2.2s2.2p6.3s2.3p6.3d10.4s2.4p6.4d1,2D<3/2>,4p6 1S<0>,2202.0,4,theoretical,4,4d1
81,Tl,45,36,Kr,[Ar].3d10.4s2.4p6,4p6,1s2.2s2.2p6.3s2.3p6.3d10.4s2.4p6,1S0,4p5 2P*<3/2>,2447.0,4,theoretical,4,4p6
81,Tl,46,35,Br,[Ar].3d10.4s2.4p5,4p5,1s2.2s2.2p6.3s2.3p6.3d10.4s2.4p5,2P*<3/2>,4p4 3P<2>,2508.0,4,theoretical,4,4p5
81,Tl,47,34,Se,[Ar].3d10.4s2.4p4,4p4,1s2.2s2.2p6.3s2.3p6.3d10.4s2.4p4,3P<2>,"4p-2.4p+ (0,3/2)*<3/2>",2574.0,4,theoretical,4,4p4
81,Tl,48,33,As,[Ar].3d10.4s2.4p3,4p-2.4p+,1s2.2s2.2p6.3s2.3p6.3d10.4s2.4p3,"(0,3/2)*<3/2>",4p2 3P<0>,2635.0,4,theoretical,4,4p3
81,Tl,49,32,Ge,[Ar].3d10.4s2.4p2,4p2,1s2.2s2.2p6.3s2.3p6.3d10.4s2.4p2,3P0,4p 2P*<1/2>,2854.0,4,theoretical,4,4p2
81,Tl,50,31,Ga,[Ar].3d10.4s2.4p,4p,1s2.2s2.2p6.3s2.3p6.3d10.4s2.4p1,2P*<1/2>,4s2 1S<0>,2925.0,4,theoretical,4,4p1
81,Tl,51,30,Zn,[Ar].3d10.4s2,4s2,1s2.2s2.2p6.3s2.3p6.3d10.4s2,1S0,4s 2S<1/2>,3094.0,4,theoretical,4,4s2
81,Tl,52,29,Cu,[Ar].3d10.4s,4s,1s2.2s2.2p6.3s2.3p6.3d10.4s1,2S<1/2>,3d10 1S<0>,3164.7,1.9,semi-empirical,4,4s1
81,Tl,53,28,Ni,[Ar].3d10,3d10,1s2.2s2.2p6.3s2.3p6.3d10,1S0,3d9 2D<5/2>,5234.0,5,theoretical,3,3d10
81,Tl,54,27,Co,[Ar].3d9,3d9,1s2.2s2.2p6.3s2.3p6.3d9,2D<5/2>,3d8 3F<4>,5371.0,5,theoretical,3,3d9
81,Tl,55,26,Fe,[Ar].3d8,3d8,1s2.2s2.2p6.3s2.3p6.3d8,3F<4>,3d7 4F<9/2>,5518.0,5,theoretical,3,3d8
81,Tl,56,25,Mn,[Ar].3d7,3d7,1s2.2s2.2p6.3s2.3p6.3d7,4F<9/2>,"3d-4.3d+2 (0,4)<4>",5674.0,5,theoretical,3,3d7
81,Tl,57,24,Cr,[Ar].3d6,3d-4.3d+2,1s2.2s2.2p6.3s2.3p6.3d6,"(0,4)<4>","3d-4.3d+ (0,5/2)<5/2>",5824.0,6,theoretical,3,3d6
81,Tl,58,23,V,[Ar].3d5,3d-4.3d+,1s2.2s2.2p6.3s2.3p6.3d5,"(0,5/2)<5/2>",3d4 5D<0>,5969.0,6,theoretical,3,3d5
81,Tl,59,22,Ti,[Ar].3d4,3d4,1s2.2s2.2p6.3s2.3p6.3d4,5D0,3d3 4F<3/2>,6241.0,7,theoretical,3,3d4
81,Tl,60,21,Sc,[Ar].3d3,3d3,1s2.2s2.2p6.3s2.3p6.3d3,4F<3/2>,3d2 3F<2>,6392.0,10,theoretical,3,3d3
81,Tl,61,20,Ca,[Ar].3d2,3d2,1s2.2s2.2p6.3s2.3p6.3d2,3F<2>,3d 2D<3/2>,6560.0,12,theoretical,3,3d2
81,Tl,62,19,K,[Ar].3d,3d,1s2.2s2.2p6.3s2.3p6.3d1,2D<3/2>,3p6 1S<0>,6714.0,15,theoretical,3,3d1
81,Tl,63,18,Ar,[Ne].3s2.3p6,3p6,1s2.2s2.2p6.3s2.3p6,1S0,3p5 2P*<3/2>,7146.0,19,theoretical,3,3p6
81,Tl,64,17,Cl,[Ne].3s2.3p5,3p5,1s2.2s2.2p6.3s2.3p5,2P*<3/2>,3p4 3P<2>,7281.0,24,theoretical,3,3p5
81,Tl,65,16,S,[Ne].3s2.3p4,3p4,1s2.2s2.2p6.3s2.3p4,3P<2>,3p3 2P*<3/2>,7430.0,30,theoretical,3,3p4
81,Tl,66,15,P,[Ne].3s2.3p3,3p3,1s2.2s2.2p6.3s2.3p3,2P*<3/2>,3p2 3P<0>,7570.0,40,theoretical,3,3p3
81,Tl,67,14,Si,[Ne].3s2.3p2,3p2,1s2.2s2.2p6.3s2.3p2,3P0,3p 2P*<1/2>,8260.0,40,theoretical,3,3p2
81,Tl,68,13,Al,[Ne].3s2.3p,3p,1s2.2s2.2p6.3s2.3p1,2P*<1/2>,3s2 1S<0>,8420.0,50,theoretical,3,3p1
81,Tl,69,12,Mg,[Ne].3s2,3s2,1s2.2s2.2p6.3s2,1S0,3s 2S<1/2>,8730.0,50,theoretical,3,3s2
81,Tl,70,11,Na,[Ne].3s,3s,1s2.2s2.2p6.3s1,2S<1/2>,2p6 1S<0>,8880.0,60,theoretical,3,3s1
81,Tl,71,10,Ne,1s2.2s2.2p6,2p6,1s2.2s2.2p6,1S0,2p5 2P*<3/2>,19070.0,60,theoretical,2,2p6
81,Tl,72,9,F,1s2.2s2.2p5,2p5,1s2.2s2.2p5,2P*<3/2>,2p4 3P<2>,19440.0,70,theoretical,2,2p5
81,Tl,73,8,O,1s2.2s2.2p4,2p4,1s2.2s2.2p4,3P<2>,"2p2<1/2>.2p<3/2> (0,3/2)*<3/2>",19840.0,90,theoretical,2,2p4
81,Tl,74,7,N,1s2.2s2.2p3,2p2<1/2>.2p<3/2>,1s2.2s2.2p3,"(0,3/2)*<3/2>",2p2 3P<0>,20210.0,90,theoretical,2,2p3
81,Tl,75,6,C,1s2.2s2.2p2,2p2,1s2.2s2.2p2,3P0,2p 2P*<1/2>,22780.0,100,theoretical,2,2p2
81,Tl,76,5,B,1s2.2s2.2p,2p,1s2.2s2.2p1,2P*<1/2>,2s2 1S<0>,23250.0,110,theoretical,2,2p1
81,Tl,77,4,Be,1s2.2s2,2s2,1s2.2s2,1S0,2s 2S<1/2>,23850.0,120,theoretical,2,2s2
81,Tl,78,3,Li,1s2.2s,1s2.2s,1s2.2s1,2S<1/2>,1s2 1S<0>,24234.1,0.4,theoretical,2,2s1
81,Tl,79,2,He,1s2,1s2,1s2,1S0,1s 2S<1/2>,96783.2,0.3,theoretical,1,1s2
81,Tl,80,1,H,1s,1s,1s1,2S<1/2>,,98592.12,0.25,theoretical,1,1s1
82,Pb,0,82,Pb,[Hg].6p2,6s2.6p2,1s2.2s2.2p6.3s2.3p6.3d10.4s2.4p6.4d10.5s2.5p6.4f14.5d10.6s2.6p2,"(1/2,1/2)0",6p 2P*<1/2>,7.4166799,0.0000006,experimental,6,6p2
82,Pb,1,81,Tl,[Hg].6p,6s2.6p,1s2.2s2.2p6.3s2.3p6.3d10.4s2.4p6.4d10.5s2.5p6.4f14.5d10.6s2.6p1,2P*<1/2>,6s2 1S<0>,15.032499,0.000007,experimental,6,6p1
82,Pb,2,80,Hg,[Xe].4f14.5d10.6s2,5d10.6s2,1s2.2s2.2p6.3s2.3p6.3d10.4s2.4p6.4d10.5s2.5p6.4f14.5d10.6s2,1S0,5d10.6s 2S<1/2>,31.9373,0.0006,experimental,6,6s2
82,Pb,3,79,Au,[Xe].4f14.5d10.6s,5d10.6s,1s2.2s2.2p6.3s2.3p6.3d10.4s2.4p6.4d10.5s2.5p6.4f14.5d10.6s1,2S<1/2>,5d10 1S<0>,42.33256,0.00010,experimental,6,6s1
82,Pb,4,78,Pt,[Xe].4f14.5d10,5d10,1s2.2s2.2p6.3s2.3p6.3d10.4s2.4p6.4d10.5s2.5p6.4f14.5d10,1S0,5d9 2D<5/2>,68.8,0.5,semi-empirical,5,5d10
82,Pb,5,77,Ir,[Xe].4f14.5d9,5d9,1s2.2s2.2p6.3s2.3p6.3d10.4s2.4p6.4d10.5s2.5p6.4f14.5d9,2D<5/2>,5d8 3F<4>,82.9,2.0,theoretical,5,5d9
82,Pb,6,76,Os,[Xe].4f14.5d8,5d8,1s2.2s2.2p6.3s2.3p6.3d10.4s2.4p6.4d10.5s2.5p6.4f14.5d8,3F<4>,5d7 4F<9/2>,100.1,2.0,theoretical,5,5d8
82,Pb,7,75,Re,[Xe].4f14.5d7,5d7,1s2.2s2.2p6.3s2.3p6.3d10.4s2.4p6.4d10.5s2.5p6.4f14.5d7,4F<9/2>,5d6 5D<4>,120.0,2.1,theoretical,5,5d7
82,Pb,8,74,W,[Xe].4f14.5d6,5d6,1s2.2s2.2p6.3s2.3p6.3d10.4s2.4p6.4d10.5s2.5p6.4f14.5d6,5D<4>,5d5 6S<5/2>,138.0,2.2,theoretical,5,5d6
82,Pb,9,73,Ta,[Xe].4f14.5d5,5d5,1s2.2s2.2p6.3s2.3p6.3d10.4s2.4p6.4d10.5s2.5p6.4f14.5d5,6S<5/2>,5d4 5D<0>,158.0,2.2,theoretical,5,5d5
82,Pb,10,72,Hf,[Xe].4f14.5d4,5d4,1s2.2s2.2p6.3s2.3p6.3d10.4s2.4p6.4d10.5s2.5p6.4f14.5d4,5D0,5d3 4F<3/2>,182.0,2.4,theoretical,5,5d4
82,Pb,11,71,Lu,[Xe].4f14.5d3,5d3,1s2.2s2.2p6.3s2.3p6.3d10.4s2.4p6.4d10.5s2.5p6.4f14.5d3,4F<3/2>,5d2 3F<2>,203.0,2.5,theoretical,5,5d3
82,Pb,12,70,Yb,[Xe].4f14.5d2,5d2,1s2.2s2.2p6.3s2.3p6.3d10.4s2.4p6.4d10.5s2.5p6.4f14.5d2,3F<2>,5d 2D<3/2>,224.0,3,theoretical,5,5d2
82,Pb,13,69,Tm,[Xe].4f14.5d,5d,1s2.2s2.2p6.3s2.3p6.3d10.4s2.4p6.4d10.5s2.5p6.4f14.5d1,2D<3/2>,4f14 1S<0>,245.1,2.2,semi-empirical,5,5d1
82,Pb,14,68,Er,[Xe].4f14,4f14,1s2.2s2.2p6.3s2.3p6.3d10.4s2.4p6.4d10.5s2.5p6.4f14,1S0,4f14.5p5 2P*<3/2>,338.1,1.5,semi-empirical,5,4f14
82,Pb,15,67,Ho,[Cd].4f14.5p5,4f14.5p5,1s2.2s2.2p6.3s2.3p6.3d10.4s2.4p6.4d10.5s2.4f14.5p5,2P*<3/2>,4f14.5p4 3P<2>,374.0,19,theoretical,5,5p5
82,Pb,16,66,Dy,[Cd].4f14.5p4,4f14.5p4,1s2.2s2.2p6.3s2.3p6.3d10.4s2.4p6.4d10.5s2.4f14.5p4,3P<2>,4f14.5p3 2P*<3/2>,401.0,20,theoretical,5,5p4
82,Pb,17,65,Tb,[Cd].4f14.5p3,4f14.5p3,1s2.2s2.2p6.3s2.3p6.3d10.4s2.4p6.4d10.5s2.4f14.5p3,2P*<3/2>,4f14.5p2 3P<0>,427.0,21,theoretical,5,5p3
82,Pb,18,64,Gd,[Cd].4f14.5p2,4f14.5p2,1s2.2s2.2p6.3s2.3p6.3d10.4s2.4p6.4d10.5s2.4f14.5p2,3P0,4f14.5p 2P*<1/2>,478.0,24,theoretical,5,5p2
82,Pb,19,63,Eu,[Cd].4f14.5p,4f14.5p,1s2.2s2.2p6.3s2.3p6.3d10.4s2.4p6.4d10.5s2.4f14.5p1,2P*<1/2>,4f14 1S<0>,507.0,25,theoretical,5,5p1
82,Pb,20,62,Sm,[Cd].4f14,4f14,1s2.2s2.2p6.3s2.3p6.3d10.4s2.4p6.4d10.5s2.4f14,1S0,4f13.5s2 2F*<7/2>,570.0,30,theoretical,5,4f14
82,Pb,21,61,Pm,[Cd].4f13,4f13.5s2,1s2.2s2.2p6.3s2.3p6.3d10.4s2.4p6.4d10.5s2.4f13,2F*<7/2>,4f13.5s*,610.0,30,theoretical,5,4f13
82,Pb,22,60,Nd,[Kr].4d10.4f13.5s,4f13.5s,1s2.2s2.2p6.3s2.3p6.3d10.4s2.4p6.4d10.4f13.5s1,*,4f13 2F*<7/2>,650.0,30,theoretical,5,5s1
82,Pb,23,59,Pr,[Kr].4d10.4f13,4f13,1s2.2s2.2p6.3s2.3p6.3d10.4s2.4p6.4d10.4f13,2F*<7/2>,4f12,690.0,30,theoretical,4,4f13
82,Pb,24,58,Ce,[Kr].4d10.4f12,4f12,1s2.2s2.2p6.3s2.3p6.3d10.4s2.4p6.4d10.4f12,,4f11 4I*<15/2>,750.0,40,theoretical,4,4f12
82,Pb,25,57,La,[Kr].4d10.4f11,4f11,1s2.2s2.2p6.3s2.3p6.3d10.4s2.4p6.4d10.4f11,4I*<15/2>,4f10 5I<8>,810.0,40,theoretical,4,4f11
82,Pb,26,56,Ba,[Kr].4d10.4f10,4f10,1s2.2s2.2p6.3s2.3p6.3d10.4s2.4p6.4d10.4f10,5I<8>,4f9 6H*<15/2>,870.0,40,theoretical,4,4f10
82,Pb,27,55,Cs,[Kr].4d10.4f9,4f9,1s2.2s2.2p6.3s2.3p6.3d10.4s2.4p6.4d10.4f9,6H*<15/2>,4f8 7F<6>,930.0,50,theoretical,4,4f9
82,Pb,28,54,Xe,[Kr].4d10.4f8,4f8,1s2.2s2.2p6.3s2.3p6.3d10.4s2.4p6.4d10.4f8,7F<6>,4f7 8S*<7/2>,990.0,50,theoretical,4,4f8
82,Pb,29,53,I,[Kr].4d10.4f7,4f7,1s2.2s2.2p6.3s2.3p6.3d10.4s2.4p6.4d10.4f7,8S*<7/2>,4f6 7F<0>,1050.0,50,theoretical,4,4f7
82,Pb,30,52,Te,[Kr].4d10.4f6,4f6,1s2.2s2.2p6.3s2.3p6.3d10.4s2.4p6.4d10.4f6,7F0,4f5 6H*<5/2>,1120.0,60,theoretical,4,4f6
82,Pb,31,51,Sb,[Kr].4d10.4f5,4f5,1s2.2s2.2p6.3s2.3p6.3d10.4s2.4p6.4d10.4f5,6H*<5/2>,4f4 5I<4>,1180.0,60,theoretical,4,4f5
82,Pb,32,50,Sn,[Kr].4d10.4f4,4f4,1s2.2s2.2p6.3s2.3p6.3d10.4s2.4p6.4d10.4f4,5I<4>,4f3 4I*<9/2>,1240.0,60,theoretical,4,4f4
82,Pb,33,49,In,[Kr].4d10.4f3,4f3,1s2.2s2.2p6.3s2.3p6.3d10.4s2.4p6.4d10.4f3,4I*<9/2>,4f2 3H<4>,1300.0,60,theoretical,4,4f3
82,Pb,34,48,Cd,[Kr].4d10.4f2,4f2,1s2.2s2.2p6.3s2.3p6.3d10.4s2.4p6.4d10.4f2,3H<4>,4f 2F*<5/2>,1360.0,60,theoretical,4,4f2
82,Pb,35,47,Ag,[Kr].4d10.4f,4f,1s2.2s2.2p6.3s2.3p6.3d10.4s2.4p6.4d10.4f1,2F*<5/2>,4d10 1S<0>,1430.0,70,theoretical,4,4f1
82,Pb,36,46,Pd,[Kr].4d10,4d10,1s2.2s2.2p6.3s2.3p6.3d10.4s2.4p6.4d10,1S0,4d9 2D<5/2>,1704.0,5,theoretical,4,4d10
82,Pb,37,45,Rh,[Kr].4d9,4d9,1s2.2s2.2p6.3s2.3p6.3d10.4s2.4p6.4d9,2D<5/2>,4d8 3F<4>,1760.0,4,theoretical,4,4d9
82,Pb,38,44,Ru,[Kr].4d8,4d8,1s2.2s2.2p6.3s2.3p6.3d10.4s2.4p6.4d8,3F<4>,4d7 4F<9/2>,1819.0,4,theoretical,4,4d8
82,Pb,39,43,Tc,[Kr].4d7,4d7,1s2.2s2.2p6.3s2.3p6.3d10.4s2.4p6.4d7,4F<9/2>,4d6 5D<4>,1884.0,4,theoretical,4,4d7
82,Pb,40,42,Mo,[Kr].4d6,4d6,1s2.2s2.2p6.3s2.3p6.3d10.4s2.4p6.4d6,5D<4>,"4d-4.4d+ (0,5/2)<5/2>",1945.0,4,theoretical,4,4d6
82,Pb,41,41,Nb,[Kr].4d5,4d-4.4d+,1s2.2s2.2p6.3s2.3p6.3d10.4s2.4p6.4d5,"(0,5/2)<5/2>",4d4 5D<0>,2004.0,4,theoretical,4,4d5
82,Pb,42,40,Zr,[Kr].4d4,4d4,1s2.2s2.2p6.3s2.3p6.3d10.4s2.4p6.4d4,5D0,4d3 4F<3/2>,2101.0,4,theoretical,4,4d4
82,Pb,43,39,Y,[Kr].4d3,4d3,1s2.2s2.2p6.3s2.3p6.3d10.4s2.4p6.4d3,4F<3/2>,4d2 3F<2>,2163.0,4,theoretical,4,4d3
82,Pb,44,38,Sr,[Kr].4d2,4d2,1s2.2s2.2p6.3s2.3p6.3d10.4s2.4p6.4d2,3F<2>,4d 2D<3/2>,2230.0,4,theoretical,4,4d2
82,Pb,45,37,Rb,[Kr].4d,4d,1s2.2s2.2p6.3s2.3p6.3d10.4s2.4p6.4d1,2D<3/2>,4p6 1S<0>,2292.0,4,theoretical,4,4d1
82,Pb,46,36,Kr,[Ar].3d10.4s2.4p6,4p6,1s2.2s2.2p6.3s2.3p6.3d10.4s2.4p6,1S0,4p5 2P*<3/2>,2543.0,4,theoretical,4,4p6
82,Pb,47,35,Br,[Ar].3d10.4s2.4p5,4p5,1s2.2s2.2p6.3s2.3p6.3d10.4s2.4p5,2P*<3/2>,4p4 3P<2>,2605.0,4,theoretical,4,4p5
82,Pb,48,34,Se,[Ar].3d10.4s2.4p4,4p4,1s2.2s2.2p6.3s2.3p6.3d10.4s2.4p4,3P<2>,"4p-2.4p+ (0,3/2)*<3/2>",2671.0,4,theoretical,4,4p4
82,Pb,49,33,As,[Ar].3d10.4s2.4p3,4p-2.4p+,1s2.2s2.2p6.3s2.3p6.3d10.4s2.4p3,"(0,3/2)*<3/2>",4p2 3P<0>,2735.0,4,theoretical,4,4p3
82,Pb,50,32,Ge,[Ar].3d10.4s2.4p2,4p2,1s2.2s2.2p6.3s2.3p6.3d10.4s2.4p2,3P0,4p 2P*<1/2>,2965.0,4,theoretical,4,4p2
82,Pb,51,31,Ga,[Ar].3d10.4s2.4p,4p,1s2.2s2.2p6.3s2.3p6.3d10.4s2.4p1,2P*<1/2>,4s2 1S<0>,3036.0,4,theoretical,4,4p1
82,Pb,52,30,Zn,[Ar].3d10.4s2,4s2,1s2.2s2.2p6.3s2.3p6.3d10.4s2,1S0,4s 2S<1/2>,3211.0,4,theoretical,4,4s2
82,Pb,53,29,Cu,[Ar].3d10.4s,4s,1s2.2s2.2p6.3s2.3p6.3d10.4s1,2S<1/2>,3d10 1S<0>,3282.1,2.0,semi-empirical,4,4s1
82,Pb,54,28,Ni,[Ar].3d10,3d10,1s2.2s2.2p6.3s2.3p6.3d10,1S0,3d9 2D<5/2>,5414.0,5,theoretical,3,3d10
82,Pb,55,27,Co,[Ar].3d9,3d9,1s2.2s2.2p6.3s2.3p6.3d9,2D<5/2>,3d8 3F<4>,5555.0,5,theoretical,3,3d9
82,Pb,56,26,Fe,[Ar].3d8,3d8,1s2.2s2.2p6.3s2.3p6.3d8,3F<4>,3d7 4F<9/2>,5703.0,5,theoretical,3,3d8
82,Pb,57,25,Mn,[Ar].3d7,3d7,1s2.2s2.2p6.3s2.3p6.3d7,4F<9/2>,"3d-4.3d+2 (0,4)<4>",5862.0,6,theoretical,3,3d7
82,Pb,58,24,Cr,[Ar].3d6,3d-4.3d+2,1s2.2s2.2p6.3s2.3p6.3d6,"(0,4)<4>","3d-4.3d+ (0,5/2)<5/2>",6015.0,6,theoretical,3,3d6
82,Pb,59,23,V,[Ar].3d5,3d-4.3d+,1s2.2s2.2p6.3s2.3p6.3d5,"(0,5/2)<5/2>",3d4 5D<0>,6162.0,7,theoretical,3,3d5
82,Pb,60,22,Ti,[Ar].3d4,3d4,1s2.2s2.2p6.3s2.3p6.3d4,5D0,3d3 4F<3/2>,6442.0,10,theoretical,3,3d4
82,Pb,61,21,Sc,[Ar].3d3,3d3,1s2.2s2.2p6.3s2.3p6.3d3,4F<3/2>,3d2 3F<2>,6597.0,12,theoretical,3,3d3
82,Pb,62,20,Ca,[Ar].3d2,3d2,1s2.2s2.2p6.3s2.3p6.3d2,3F<2>,3d 2D<3/2>,6767.0,15,theoretical,3,3d2
82,Pb,63,19,K,[Ar].3d,3d,1s2.2s2.2p6.3s2.3p6.3d1,2D<3/2>,3p6 1S<0>,6924.0,19,theoretical,3,3d1
82,Pb,64,18,Ar,[Ne].3s2.3p6,3p6,1s2.2s2.2p6.3s2.3p6,1S0,3p5 2P*<3/2>,7362.0,24,theoretical,3,3p6
82,Pb,65,17,Cl,[Ne].3s2.3p5,3p5,1s2.2s2.2p6.3s2.3p5,2P*<3/2>,3p4 3P<2>,7500.0,30,theoretical,3,3p5
82,Pb,66,16,S,[Ne].3s2.3p4,3p4,1s2.2s2.2p6.3s2.3p4,3P<2>,3p3 2P*<3/2>,7650.0,40,theoretical,3,3p4
82,Pb,67,15,P,[Ne].3s2.3p3,3p3,1s2.2s2.2p6.3s2.3p3,2P*<3/2>,3p2 3P<0>,7790.0,40,theoretical,3,3p3
82,Pb,68,14,Si,[Ne].3s2.3p2,3p2,1s2.2s2.2p6.3s2.3p2,3P0,3p 2P*<1/2>,8520.0,50,theoretical,3,3p2
82,Pb,69,13,Al,[Ne].3s2.3p,3p,1s2.2s2.2p6.3s2.3p1,2P*<1/2>,3s2 1S<0>,8680.0,50,theoretical,3,3p1
82,Pb,70,12,Mg,[Ne].3s2,3s2,1s2.2s2.2p6.3s2,1S0,3s 2S<1/2>,9000.0,60,theoretical,3,3s2
82,Pb,71,11,Na,[Ne].3s,3s,1s2.2s2.2p6.3s1,2S<1/2>,2p6 1S<0>,9150.0,60,theoretical,3,3s1
82,Pb,72,10,Ne,1s2.2s2.2p6,2p6,1s2.2s2.2p6,1S0,2p5 2P*<3/2>,19590.0,70,theoretical,2,2p6
82,Pb,73,9,F,1s2.2s2.2p5,2p5,1s2.2s2.2p5,2P*<3/2>,2p4 3P<2>,19970.0,90,theoretical,2,2p5
82,Pb,74,8,O,1s2.2s2.2p4,2p4,1s2.2s2.2p4,3P<2>,"2p2<1/2>.2p<3/2> (0,3/2)*<3/2>",20380.0,90,theoretical,2,2p4
82,Pb,75,7,N,1s2.2s2.2p3,2p2<1/2>.2p<3/2>,1s2.2s2.2p3,"(0,3/2)*<3/2>",2p2 3P<0>,20750.0,100,theoretical,2,2p3
82,Pb,76,6,C,1s2.2s2.2p2,2p2,1s2.2s2.2p2,3P0,2p 2P*<1/2>,23460.0,110,theoretical,2,2p2
82,Pb,77,5,B,1s2.2s2.2p,2p,1s2.2s2.2p1,2P*<1/2>,2s2 1S<0>,23940.0,120,theoretical,2,2p1
82,Pb,78,4,Be,1s2.2s2,2s2,1s2.2s2,1S0,2s 2S<1/2>,24550.0,120,theoretical,2,2s2
82,Pb,79,3,Li,1s2.2s,1s2.2s,1s2.2s1,2S<1/2>,1s2 1S<0>,24938.2,0.4,theoretical,2,2s1
82,Pb,80,2,He,1s2,1s2,1s2,1S0,1s 2S<1/2>,99491.8,0.3,theoretical,1,1s2
82,Pb,81,1,H,1s,1s,1s1,2S<1/2>,,101336.7,0.3,theoretical,1,1s1
83,Bi,0,83,Bi,[Hg].6p3,6p3,1s2.2s2.2p6.3s2.3p6.3d10.4s2.4p6.4d10.5s2.5p6.4f14.5d10.6s2.6p3,4S*<3/2>,6p2 3P<0>,7.285516,0.000006,experimental,6,6p3
83,Bi,1,82,Pb,[Hg].6p2,6s2.6p2,1s2.2s2.2p6.3s2.3p6.3d10.4s2.4p6.4d10.5s2.5p6.4f14.5d10.6s2.6p2,3P0,6s2.6p 2P*<1/2>,16.703,0.004,experimental,6,6p2
83,Bi,2,81,Tl,[Hg].6p,6s2.6p,1s2.2s2.2p6.3s2.3p6.3d10.4s2.4p6.4d10.5s2.5p6.4f14.5d10.6s2.6p1,2P*<1/2>,6s2 1S<0>,25.57075,0.00017,experimental,6,6p1
83,Bi,3,80,Hg,[Xe].4f14.5d10.6s2,5d10.6s2,1s2.2s2.2p6.3s2.3p6.3d10.4s2.4p6.4d10.5s2.5p6.4f14.5d10.6s2,1S0,6s 2S<1/2>,45.37,0.06,experimental,6,6s2
83,Bi,4,79,Au,[Xe].4f14.5d10.6s,5d10.6s,1s2.2s2.2p6.3s2.3p6.3d10.4s2.4p6.4d10.5s2.5p6.4f14.5d10.6s1,2S<1/2>,5d10 1S<0>,54.856,0.025,experimental,6,6s1
83,Bi,5,78,Pt,[Xe].4f14.5d10,5d10,1s2.2s2.2p6.3s2.3p6.3d10.4s2.4p6.4d10.5s2.5p6.4f14.5d10,1S0,5d9 2D<5/2>,88.4,0.7,semi-empirical,5,5d10
83,Bi,6,77,Ir,[Xe].4f14.5d9,5d9,1s2.2s2.2p6.3s2.3p6.3d10.4s2.4p6.4d10.5s2.5p6.4f14.5d9,2D<5/2>,5d8 3F<4>,103.0,2.0,theoretical,5,5d9
83,Bi,7,76,Os,[Xe].4f14.5d8,5d8,1s2.2s2.2p6.3s2.3p6.3d10.4s2.4p6.4d10.5s2.5p6.4f14.5d8,3F<4>,5d7 4F<9/2>,122.0,2.1,theoretical,5,5d8
83,Bi,8,75,Re,[Xe].4f14.5d7,5d7,1s2.2s2.2p6.3s2.3p6.3d10.4s2.4p6.4d10.5s2.5p6.4f14.5d7,4F<9/2>,5d6 5D<4>,143.0,2.2,theoretical,5,5d7
83,Bi,9,74,W,[Xe].4f14.5d6,5d6,1s2.2s2.2p6.3s2.3p6.3d10.4s2.4p6.4d10.5s2.5p6.4f14.5d6,5D<4>,5d5 6S<5/2>,161.1,2.2,theoretical,5,5d6
83,Bi,10,73,Ta,[Xe].4f14.5d5,5d5,1s2.2s2.2p6.3s2.3p6.3d10.4s2.4p6.4d10.5s2.5p6.4f14.5d5,6S<5/2>,5d4 5D<0>,183.0,2.4,theoretical,5,5d5
83,Bi,11,72,Hf,[Xe].4f14.5d4,5d4,1s2.2s2.2p6.3s2.3p6.3d10.4s2.4p6.4d10.5s2.5p6.4f14.5d4,5D0,5d3 4F<3/2>,208.0,2.5,theoretical,5,5d4
83,Bi,12,71,Lu,[Xe].4f14.5d3,5d3,1s2.2s2.2p6.3s2.3p6.3d10.4s2.4p6.4d10.5s2.5p6.4f14.5d3,4F<3/2>,5d2 3F<2>,229.0,3,theoretical,5,5d3
83,Bi,13,70,Yb,[Xe].4f14.5d2,5d2,1s2.2s2.2p6.3s2.3p6.3d10.4s2.4p6.4d10.5s2.5p6.4f14.5d2,3F<2>,5d 2D<3/2>,252.0,3,theoretical,5,5d2
83,Bi,14,69,Tm,[Xe].4f14.5d,5d,1s2.2s2.2p6.3s2.3p6.3d10.4s2.4p6.4d10.5s2.5p6.4f14.5d1,2D<3/2>,4f14 1S<0>,272.6,2.5,semi-empirical,5,5d1
83,Bi,15,68,Er,[Xe].4f14,4f14,1s2.2s2.2p6.3s2.3p6.3d10.4s2.4p6.4d10.5s2.5p6.4f14,1S0,4f14.5p5 2P*<3/2>,370.2,1.6,semi-empirical,5,4f14
83,Bi,16,67,Ho,[Cd].4f14.5p5,4f14.5p5,1s2.2s2.2p6.3s2.3p6.3d10.4s2.4p6.4d10.5s2.4f14.5p5,2P*<3/2>,4f14.5p4 3P<2>,409.0,20,theoretical,5,5p5
83,Bi,17,66,Dy,[Cd].4f14.5p4,4f14.5p4,1s2.2s2.2p6.3s2.3p6.3d10.4s2.4p6.4d10.5s2.4f14.5p4,3P<2>,4f14.5p3 2P*<3/2>,436.0,22,theoretical,5,5p4
83,Bi,18,65,Tb,[Cd].4f14.5p3,4f14.5p3,1s2.2s2.2p6.3s2.3p6.3d10.4s2.4p6.4d10.5s2.4f14.5p3,2P*<3/2>,4f14.5p2 3P<0>,464.0,23,theoretical,5,5p3
83,Bi,19,64,Gd,[Cd].4f14.5p2,4f14.5p2,1s2.2s2.2p6.3s2.3p6.3d10.4s2.4p6.4d10.5s2.4f14.5p2,3P0,4f14.5p 2P*<1/2>,520.0,30,theoretical,5,5p2
83,Bi,20,63,Eu,[Cd].4f14.5p,4f14.5p,1s2.2s2.2p6.3s2.3p6.3d10.4s2.4p6.4d10.5s2.4f14.5p1,2P*<1/2>,4f14 1S<0>,550.0,30,theoretical,5,5p1
83,Bi,21,62,Sm,[Cd].4f14,4f14,1s2.2s2.2p6.3s2.3p6.3d10.4s2.4p6.4d10.5s2.4f14,1S0,4f13.5s2 2F*<7/2>,620.0,30,theoretical,5,4f14
83,Bi,22,61,Pm,[Cd].4f13,4f13.5s2,1s2.2s2.2p6.3s2.3p6.3d10.4s2.4p6.4d10.5s2.4f13,2F*<7/2>,4f13.5s*,660.0,30,theoretical,5,4f13
83,Bi,23,60,Nd,[Kr].4d10.4f13.5s,4f13.5s,1s2.2s2.2p6.3s2.3p6.3d10.4s2.4p6.4d10.4f13.5s1,*,4f13 2F*<7/2>,690.0,30,theoretical,5,5s1
83,Bi,24,59,Pr,[Kr].4d10.4f13,4f13,1s2.2s2.2p6.3s2.3p6.3d10.4s2.4p6.4d10.4f13,2F*<7/2>,4f12,750.0,40,theoretical,4,4f13
83,Bi,25,58,Ce,[Kr].4d10.4f12,4f12,1s2.2s2.2p6.3s2.3p6.3d10.4s2.4p6.4d10.4f12,,4f11 4I*<15/2>,810.0,40,theoretical,4,4f12
83,Bi,26,57,La,[Kr].4d10.4f11,4f11,1s2.2s2.2p6.3s2.3p6.3d10.4s2.4p6.4d10.4f11,4I*<15/2>,4f10 5I<8>,870.0,50,theoretical,4,4f11
83,Bi,27,56,Ba,[Kr].4d10.4f10,4f10,1s2.2s2.2p6.3s2.3p6.3d10.4s2.4p6.4d10.4f10,5I<8>,4f9 6H*<15/2>,930.0,50,theoretical,4,4f10
83,Bi,28,55,Cs,[Kr].4d10.4f9,4f9,1s2.2s2.2p6.3s2.3p6.3d10.4s2.4p6.4d10.4f9,6H*<15/2>,4f8 7F<6>,990.0,50,theoretical,4,4f9
83,Bi,29,54,Xe,[Kr].4d10.4f8,4f8,1s2.2s2.2p6.3s2.3p6.3d10.4s2.4p6.4d10.4f8,7F<6>,4f7 8S*<7/2>,1060.0,50,theoretical,4,4f8
83,Bi,30,53,I,[Kr].4d10.4f7,4f7,1s2.2s2.2p6.3s2.3p6.3d10.4s2.4p6.4d10.4f7,8S*<7/2>,4f6 7F<0>,1120.0,60,theoretical,4,4f7
83,Bi,31,52,Te,[Kr].4d10.4f6,4f6,1s2.2s2.2p6.3s2.3p6.3d10.4s2.4p6.4d10.4f6,7F0,4f5 6H*<5/2>,1180.0,60,theoretical,4,4f6
83,Bi,32,51,Sb,[Kr].4d10.4f5,4f5,1s2.2s2.2p6.3s2.3p6.3d10.4s2.4p6.4d10.4f5,6H*<5/2>,4f4 5I<4>,1250.0,60,theoretical,4,4f5
83,Bi,33,50,Sn,[Kr].4d10.4f4,4f4,1s2.2s2.2p6.3s2.3p6.3d10.4s2.4p6.4d10.4f4,5I<4>,4f3 4I*<9/2>,1310.0,70,theoretical,4,4f4
83,Bi,34,49,In,[Kr].4d10.4f3,4f3,1s2.2s2.2p6.3s2.3p6.3d10.4s2.4p6.4d10.4f3,4I*<9/2>,4f2 3H<4>,1380.0,70,theoretical,4,4f3
83,Bi,35,48,Cd,[Kr].4d10.4f2,4f2,1s2.2s2.2p6.3s2.3p6.3d10.4s2.4p6.4d10.4f2,3H<4>,4f 2F*<5/2>,1440.0,70,theoretical,4,4f2
83,Bi,36,47,Ag,[Kr].4d10.4f,4f,1s2.2s2.2p6.3s2.3p6.3d10.4s2.4p6.4d10.4f1,2F*<5/2>,4d10 1S<0>,1500.0,70,theoretical,4,4f1
83,Bi,37,46,Pd,[Kr].4d10,4d10,1s2.2s2.2p6.3s2.3p6.3d10.4s2.4p6.4d10,1S0,4d9 2D<5/2>,1784.0,4,theoretical,4,4d10
83,Bi,38,45,Rh,[Kr].4d9,4d9,1s2.2s2.2p6.3s2.3p6.3d10.4s2.4p6.4d9,2D<5/2>,4d8 3F<4>,1840.0,4,theoretical,4,4d9
83,Bi,39,44,Ru,[Kr].4d8,4d8,1s2.2s2.2p6.3s2.3p6.3d10.4s2.4p6.4d8,3F<4>,4d7 4F<9/2>,1902.0,4,theoretical,4,4d8
83,Bi,40,43,Tc,[Kr].4d7,4d7,1s2.2s2.2p6.3s2.3p6.3d10.4s2.4p6.4d7,4F<9/2>,4d6 5D<4>,1967.0,4,theoretical,4,4d7
83,Bi,41,42,Mo,[Kr].4d6,4d6,1s2.2s2.2p6.3s2.3p6.3d10.4s2.4p6.4d6,5D<4>,"4d-4.4d+ (0,5/2)<5/2>",2029.0,4,theoretical,4,4d6
83,Bi,42,41,Nb,[Kr].4d5,4d-4.4d+,1s2.2s2.2p6.3s2.3p6.3d10.4s2.4p6.4d5,"(0,5/2)<5/2>",4d4 5D<0>,2090.0,4,theoretical,4,4d5
83,Bi,43,40,Zr,[Kr].4d4,4d4,1s2.2s2.2p6.3s2.3p6.3d10.4s2.4p6.4d4,5D0,4d3 4F<3/2>,2190.0,4,theoretical,4,4d4
83,Bi,44,39,Y,[Kr].4d3,4d3,1s2.2s2.2p6.3s2.3p6.3d10.4s2.4p6.4d3,4F<3/2>,4d2 3F<2>,2253.0,4,theoretical,4,4d3
83,Bi,45,38,Sr,[Kr].4d2,4d2,1s2.2s2.2p6.3s2.3p6.3d10.4s2.4p6.4d2,3F<2>,4d 2D<3/2>,2321.0,4,theoretical,4,4d2
83,Bi,46,37,Rb,[Kr].4d,4d,1s2.2s2.2p6.3s2.3p6.3d10.4s2.4p6.4d1,2D<3/2>,4p6 1S<0>,2385.0,4,theoretical,4,4d1
83,Bi,47,36,Kr,[Ar].3d10.4s2.4p6,4p6,1s2.2s2.2p6.3s2.3p6.3d10.4s2.4p6,1S0,4p5 2P*<3/2>,2641.0,4,theoretical,4,4p6
83,Bi,48,35,Br,[Ar].3d10.4s2.4p5,4p5,1s2.2s2.2p6.3s2.3p6.3d10.4s2.4p5,2P*<3/2>,4p4 3P<2>,2703.0,4,theoretical,4,4p5
83,Bi,49,34,Se,[Ar].3d10.4s2.4p4,4p4,1s2.2s2.2p6.3s2.3p6.3d10.4s2.4p4,3P<2>,"4p-2.4p+ (0,3/2)*<3/2>",2771.0,4,theoretical,4,4p4
83,Bi,50,33,As,[Ar].3d10.4s2.4p3,4p-2.4p+,1s2.2s2.2p6.3s2.3p6.3d10.4s2.4p3,"(0,3/2)*<3/2>",4p2 3P<0>,2835.0,4,theoretical,4,4p3
83,Bi,51,32,Ge,[Ar].3d10.4s2.4p2,4p2,1s2.2s2.2p6.3s2.3p6.3d10.4s2.4p2,3P0,4p 2P*<1/2>,3078.0,4,theoretical,4,4p2
83,Bi,52,31,Ga,[Ar].3d10.4s2.4p,4p,1s2.2s2.2p6.3s2.3p6.3d10.4s2.4p1,2P*<1/2>,4s2 1S<0>,3151.0,4,theoretical,4,4p1
83,Bi,53,30,Zn,[Ar].3d10.4s2,4s2,1s2.2s2.2p6.3s2.3p6.3d10.4s2,1S0,4s 2S<1/2>,3329.0,5,theoretical,4,4s2
83,Bi,54,29,Cu,[Ar].3d10.4s,4s,1s2.2s2.2p6.3s2.3p6.3d10.4s1,2S<1/2>,3d10 1S<0>,3401.8,2.4,semi-empirical,4,4s1
83,Bi,55,28,Ni,[Ar].3d10,3d10,1s2.2s2.2p6.3s2.3p6.3d10,1S0,3d9 2D<5/2>,5599.0,5,theoretical,3,3d10
83,Bi,56,27,Co,[Ar].3d9,3d9,1s2.2s2.2p6.3s2.3p6.3d9,2D<5/2>,3d8 3F<4>,5740.0,5,theoretical,3,3d9
83,Bi,57,26,Fe,[Ar].3d8,3d8,1s2.2s2.2p6.3s2.3p6.3d8,3F<4>,3d7 4F<9/2>,5892.0,6,theoretical,3,3d8
83,Bi,58,25,Mn,[Ar].3d7,3d7,1s2.2s2.2p6.3s2.3p6.3d7,4F<9/2>,"3d-4.3d+2 (0,4)<4>",6054.0,6,theoretical,3,3d7
83,Bi,59,24,Cr,[Ar].3d6,3d-4.3d+2,1s2.2s2.2p6.3s2.3p6.3d6,"(0,4)<4>","3d-4.3d+ (0,5/2)<5/2>",6208.0,7,theoretical,3,3d6
83,Bi,60,23,V,[Ar].3d5,3d-4.3d+,1s2.2s2.2p6.3s2.3p6.3d5,"(0,5/2)<5/2>",3d4 5D<0>,6358.0,10,theoretical,3,3d5
83,Bi,61,22,Ti,[Ar].3d4,3d4,1s2.2s2.2p6.3s2.3p6.3d4,5D0,3d3 4F<3/2>,6648.0,12,theoretical,3,3d4
83,Bi,62,21,Sc,[Ar].3d3,3d3,1s2.2s2.2p6.3s2.3p6.3d3,4F<3/2>,3d2 3F<2>,6804.0,15,theoretical,3,3d3
83,Bi,63,20,Ca,[Ar].3d2,3d2,1s2.2s2.2p6.3s2.3p6.3d2,3F<2>,3d 2D<3/2>,6977.0,19,theoretical,3,3d2
83,Bi,64,19,K,[Ar].3d,3d,1s2.2s2.2p6.3s2.3p6.3d1,2D<3/2>,3p6 1S<0>,7137.0,24,theoretical,3,3d1
83,Bi,65,18,Ar,[Ne].3s2.3p6,3p6,1s2.2s2.2p6.3s2.3p6,1S0,3p5 2P*<3/2>,7580.0,30,theoretical,3,3p6
83,Bi,66,17,Cl,[Ne].3s2.3p5,3p5,1s2.2s2.2p6.3s2.3p5,2P*<3/2>,3p4 3P<2>,7720.0,40,theoretical,3,3p5
83,Bi,67,16,S,[Ne].3s2.3p4,3p4,1s2.2s2.2p6.3s2.3p4,3P<2>,3p3 2P*<3/2>,7870.0,40,theoretical,3,3p4
83,Bi,68,15,P,[Ne].3s2.3p3,3p3,1s2.2s2.2p6.3s2.3p3,2P*<3/2>,3p2 3P<0>,8010.0,50,theoretical,3,3p3
83,Bi,69,14,Si,[Ne].3s2.3p2,3p2,1s2.2s2.2p6.3s2.3p2,3P0,3p 2P*<1/2>,8780.0,50,theoretical,3,3p2
83,Bi,70,13,Al,[Ne].3s2.3p,3p,1s2.2s2.2p6.3s2.3p1,2P*<1/2>,3s2 1S<0>,8950.0,60,theoretical,3,3p1
83,Bi,71,12,Mg,[Ne].3s2,3s2,1s2.2s2.2p6.3s2,1S0,3s 2S<1/2>,9270.0,60,theoretical,3,3s2
83,Bi,72,11,Na,[Ne].3s,3s,1s2.2s2.2p6.3s1,2S<1/2>,2p6 1S<0>,9430.0,70,theoretical,3,3s1
83,Bi,73,10,Ne,1s2.2s2.2p6,2p6,1s2.2s2.2p6,1S0,2p5 2P*<3/2>,20130.0,90,theoretical,2,2p6
83,Bi,74,9,F,1s2.2s2.2p5,2p5,1s2.2s2.2p5,2P*<3/2>,2p4 3P<2>,20500.0,90,theoretical,2,2p5
83,Bi,75,8,O,1s2.2s2.2p4,2p4,1s2.2s2.2p4,3P<2>,"2p2<1/2>.2p<3/2> (0,3/2)*<3/2>",20920.0,100,theoretical,2,2p4
83,Bi,76,7,N,1s2.2s2.2p3,2p2<1/2>.2p<3/2>,1s2.2s2.2p3,"(0,3/2)*<3/2>",2p2 3P<0>,21300.0,110,theoretical,2,2p3
83,Bi,77,6,C,1s2.2s2.2p2,2p2,1s2.2s2.2p2,3P0,2p 2P*<1/2>,24150.0,120,theoretical,2,2p2
83,Bi,78,5,B,1s2.2s2.2p,2p,1s2.2s2.2p1,2P*<1/2>,2s2 1S<0>,24640.0,120,theoretical,2,2p1
83,Bi,79,4,Be,1s2.2s2,2s2,1s2.2s2,1S0,2s 2S<1/2>,25260.0,140,theoretical,2,2s2
83,Bi,80,3,Li,1s2.2s,1s2.2s,1s2.2s1,2S<1/2>,1s2 1S<0>,25656.9,0.4,theoretical,2,2s1
83,Bi,81,2,He,1s2,1s2,1s2,1S0,1s 2S<1/2>,102251.8,0.4,theoretical,1,1s2
83,Bi,82,1,H,1s,1s,1s1,2S<1/2>,,104133.4,0.3,theoretical,1,1s1
84,Po,0,84,Po,[Hg].6p4,6p4,1s2.2s2.2p6.3s2.3p6.3d10.4s2.4p6.4d10.5s2.5p6.4f14.5d10.6s2.6p4,3P<2>,6p3 4S*<3/2>,8.41807,0.000004,experimental,6,6p4
84,Po,1,83,Bi,[Hg].6p3,6p3,1s2.2s2.2p6.3s2.3p6.3d10.4s2.4p6.4d10.5s2.5p6.4f14.5d10.6s2.6p3,4S*<3/2>,6p2 3P<0>,19.3,1.7,semi-empirical,6,6p3
84,Po,2,82,Pb,[Hg].6p2,6p2,1s2.2s2.2p6.3s2.3p6.3d10.4s2.4p6.4d10.5s2.5p6.4f14.5d10.6s2.6p2,3P0,6p 2P*<1/2>,27.3,0.7,semi-empirical,6,6p2
84,Po,3,81,Tl,[Hg].6p,6p,1s2.2s2.2p6.3s2.3p6.3d10.4s2.4p6.4d10.5s2.5p6.4f14.5d10.6s2.6p1,2P*<1/2>,6s2 1S<0>,36.0,1.7,theoretical,6,6p1
84,Po,4,80,Hg,[Xe].4f14.5d10.6s2,6s2,1s2.2s2.2p6.3s2.3p6.3d10.4s2.4p6.4d10.5s2.5p6.4f14.5d10.6s2,1S0,6s 2S<1/2>,57.0,1.9,theoretical,6,6s2
84,Po,5,79,Au,[Xe].4f14.5d10.6s,6s,1s2.2s2.2p6.3s2.3p6.3d10.4s2.4p6.4d10.5s2.5p6.4f14.5d10.6s1,2S<1/2>,5d10 1S<0>,69.1,2.0,theoretical,6,6s1
84,Po,6,78,Pt,[Xe].4f14.5d10,5d10,1s2.2s2.2p6.3s2.3p6.3d10.4s2.4p6.4d10.5s2.5p6.4f14.5d10,1S0,5d9 2D<5/2>,108.0,2.0,theoretical,5,5d10
84,Po,7,77,Ir,[Xe].4f14.5d9,5d9,1s2.2s2.2p6.3s2.3p6.3d10.4s2.4p6.4d10.5s2.5p6.4f14.5d9,2D<5/2>,5d8 3F<4>,125.0,2.1,theoretical,5,5d9
84,Po,8,76,Os,[Xe].4f14.5d8,5d8,1s2.2s2.2p6.3s2.3p6.3d10.4s2.4p6.4d10.5s2.5p6.4f14.5d8,3F<4>,5d7 4F<9/2>,146.1,2.2,theoretical,5,5d8
84,Po,9,75,Re,[Xe].4f14.5d7,5d7,1s2.2s2.2p6.3s2.3p6.3d10.4s2.4p6.4d10.5s2.5p6.4f14.5d7,4F<9/2>,5d6 5D<4>,166.0,2.2,theoretical,5,5d7
84,Po,10,74,W,[Xe].4f14.5d6,5d6,1s2.2s2.2p6.3s2.3p6.3d10.4s2.4p6.4d10.5s2.5p6.4f14.5d6,5D<4>,5d5 6S<5/2>,186.0,2.4,theoretical,5,5d6
84,Po,11,73,Ta,[Xe].4f14.5d5,5d5,1s2.2s2.2p6.3s2.3p6.3d10.4s2.4p6.4d10.5s2.5p6.4f14.5d5,6S<5/2>,5d4 5D<0>,209.0,2.5,theoretical,5,5d5
84,Po,12,72,Hf,[Xe].4f14.5d4,5d4,1s2.2s2.2p6.3s2.3p6.3d10.4s2.4p6.4d10.5s2.5p6.4f14.5d4,5D0,5d3 4F<3/2>,235.0,3,theoretical,5,5d4
84,Po,13,71,Lu,[Xe].4f14.5d3,5d3,1s2.2s2.2p6.3s2.3p6.3d10.4s2.4p6.4d10.5s2.5p6.4f14.5d3,4F<3/2>,5d2 3F<2>,257.0,3,theoretical,5,5d3
84,Po,14,70,Yb,[Xe].4f14.5d2,5d2,1s2.2s2.2p6.3s2.3p6.3d10.4s2.4p6.4d10.5s2.5p6.4f14.5d2,3F<2>,5d 2D<3/2>,281.0,3,theoretical,5,5d2
84,Po,15,69,Tm,[Xe].4f14.5d,5d,1s2.2s2.2p6.3s2.3p6.3d10.4s2.4p6.4d10.5s2.5p6.4f14.5d1,2D<3/2>,4f14 1S<0>,304.0,3,theoretical,5,5d1
84,Po,16,68,Er,[Xe].4f14,4f14,1s2.2s2.2p6.3s2.3p6.3d10.4s2.4p6.4d10.5s2.5p6.4f14,1S0,4f14.5p5 2P*<3/2>,416.0,21,theoretical,5,4f14
84,Po,17,67,Ho,[Cd].4f14.5p5,4f14.5p5,1s2.2s2.2p6.3s2.3p6.3d10.4s2.4p6.4d10.5s2.4f14.5p5,2P*<3/2>,4f14.5p4 3P<2>,444.0,22,theoretical,5,5p5
84,Po,18,66,Dy,[Cd].4f14.5p4,4f14.5p4,1s2.2s2.2p6.3s2.3p6.3d10.4s2.4p6.4d10.5s2.4f14.5p4,3P<2>,4f14.5p3 2P*<3/2>,473.0,24,theoretical,5,5p4
84,Po,19,65,Tb,[Cd].4f14.5p3,4f14.5p3,1s2.2s2.2p6.3s2.3p6.3d10.4s2.4p6.4d10.5s2.4f14.5p3,2P*<3/2>,4f14.5p2 3P<0>,502.0,25,theoretical,5,5p3
84,Po,20,64,Gd,[Cd].4f14.5p2,4f14.5p2,1s2.2s2.2p6.3s2.3p6.3d10.4s2.4p6.4d10.5s2.4f14.5p2,3P0,4f14.5p 2P*<1/2>,560.0,30,theoretical,5,5p2
84,Po,21,63,Eu,[Cd].4f14.5p,4f14.5p,1s2.2s2.2p6.3s2.3p6.3d10.4s2.4p6.4d10.5s2.4f14.5p1,2P*<1/2>,4f14 1S<0>,590.0,30,theoretical,5,5p1
84,Po,22,62,Sm,[Cd].4f14,4f14,1s2.2s2.2p6.3s2.3p6.3d10.4s2.4p6.4d10.5s2.4f14,1S0,4f14.5s 2S<1/2>,670.0,30,theoretical,5,4f14
84,Po,23,61,Pm,[Kr].4d10.4f14.5s,4f14.5s,1s2.2s2.2p6.3s2.3p6.3d10.4s2.4p6.4d10.4f14.5s1,2S<1/2>,4f14 1S<0>,700.0,30,theoretical,5,5s1
84,Po,24,60,Nd,[Kr].4d10.4f14,4f14,1s2.2s2.2p6.3s2.3p6.3d10.4s2.4p6.4d10.4f14,1S0,4f13 2F*<7/2>,740.0,40,theoretical,4,4f14
84,Po,25,59,Pr,[Kr].4d10.4f13,4f13,1s2.2s2.2p6.3s2.3p6.3d10.4s2.4p6.4d10.4f13,2F*<7/2>,4f12,800.0,40,theoretical,4,4f13
84,Po,26,58,Ce,[Kr].4d10.4f12,4f12,1s2.2s2.2p6.3s2.3p6.3d10.4s2.4p6.4d10.4f12,,4f11 4I*<15/2>,870.0,40,theoretical,4,4f12
84,Po,27,57,La,[Kr].4d10.4f11,4f11,1s2.2s2.2p6.3s2.3p6.3d10.4s2.4p6.4d10.4f11,4I*<15/2>,4f10 5I<8>,930.0,50,theoretical,4,4f11
84,Po,28,56,Ba,[Kr].4d10.4f10,4f10,1s2.2s2.2p6.3s2.3p6.3d10.4s2.4p6.4d10.4f10,5I<8>,4f9 6H*<15/2>,990.0,50,theoretical,4,4f10
84,Po,29,55,Cs,[Kr].4d10.4f9,4f9,1s2.2s2.2p6.3s2.3p6.3d10.4s2.4p6.4d10.4f9,6H*<15/2>,4f8 7F<6>,1060.0,50,theoretical,4,4f9
84,Po,30,54,Xe,[Kr].4d10.4f8,4f8,1s2.2s2.2p6.3s2.3p6.3d10.4s2.4p6.4d10.4f8,7F<6>,4f7 8S*<7/2>,1120.0,60,theoretical,4,4f8
84,Po,31,53,I,[Kr].4d10.4f7,4f7,1s2.2s2.2p6.3s2.3p6.3d10.4s2.4p6.4d10.4f7,8S*<7/2>,4f6 7F<0>,1180.0,60,theoretical,4,4f7
84,Po,32,52,Te,[Kr].4d10.4f6,4f6,1s2.2s2.2p6.3s2.3p6.3d10.4s2.4p6.4d10.4f6,7F0,4f5 6H*<5/2>,1250.0,60,theoretical,4,4f6
84,Po,33,51,Sb,[Kr].4d10.4f5,4f5,1s2.2s2.2p6.3s2.3p6.3d10.4s2.4p6.4d10.4f5,6H*<5/2>,4f4 5I<4>,1320.0,70,theoretical,4,4f5
84,Po,34,50,Sn,[Kr].4d10.4f4,4f4,1s2.2s2.2p6.3s2.3p6.3d10.4s2.4p6.4d10.4f4,5I<4>,4f3 4I*<9/2>,1380.0,70,theoretical,4,4f4
84,Po,35,49,In,[Kr].4d10.4f3,4f3,1s2.2s2.2p6.3s2.3p6.3d10.4s2.4p6.4d10.4f3,4I*<9/2>,4f2 3H<4>,1440.0,70,theoretical,4,4f3
84,Po,36,48,Cd,[Kr].4d10.4f2,4f2,1s2.2s2.2p6.3s2.3p6.3d10.4s2.4p6.4d10.4f2,3H<4>,4f 2F*<5/2>,1510.0,70,theoretical,4,4f2
84,Po,37,47,Ag,[Kr].4d10.4f,4f,1s2.2s2.2p6.3s2.3p6.3d10.4s2.4p6.4d10.4f1,2F*<5/2>,4d10 1S<0>,1570.0,70,theoretical,4,4f1
84,Po,38,46,Pd,[Kr].4d10,4d10,1s2.2s2.2p6.3s2.3p6.3d10.4s2.4p6.4d10,1S0,4d9 2D<5/2>,1865.0,4,theoretical,4,4d10
84,Po,39,45,Rh,[Kr].4d9,4d9,1s2.2s2.2p6.3s2.3p6.3d10.4s2.4p6.4d9,2D<5/2>,4d8 3F<4>,1923.0,4,theoretical,4,4d9
84,Po,40,44,Ru,[Kr].4d8,4d8,1s2.2s2.2p6.3s2.3p6.3d10.4s2.4p6.4d8,3F<4>,4d7 4F<9/2>,1986.0,4,theoretical,4,4d8
84,Po,41,43,Tc,[Kr].4d7,4d7,1s2.2s2.2p6.3s2.3p6.3d10.4s2.4p6.4d7,4F<9/2>,4d6 5D<4>,2052.0,4,theoretical,4,4d7
84,Po,42,42,Mo,[Kr].4d6,4d6,1s2.2s2.2p6.3s2.3p6.3d10.4s2.4p6.4d6,5D<4>,"4d-4.4d+ (0,5/2)<5/2>",2115.0,4,theoretical,4,4d6
84,Po,43,41,Nb,[Kr].4d5,4d-4.4d+,1s2.2s2.2p6.3s2.3p6.3d10.4s2.4p6.4d5,"(0,5/2)<5/2>",4d4 5D<0>,2177.0,4,theoretical,4,4d5
84,Po,44,40,Zr,[Kr].4d4,4d4,1s2.2s2.2p6.3s2.3p6.3d10.4s2.4p6.4d4,5D0,4d3 4F<3/2>,2281.0,4,theoretical,4,4d4
84,Po,45,39,Y,[Kr].4d3,4d3,1s2.2s2.2p6.3s2.3p6.3d10.4s2.4p6.4d3,4F<3/2>,4d2 3F<2>,2345.0,4,theoretical,4,4d3
84,Po,46,38,Sr,[Kr].4d2,4d2,1s2.2s2.2p6.3s2.3p6.3d10.4s2.4p6.4d2,3F<2>,4d 2D<3/2>,2414.0,4,theoretical,4,4d2
84,Po,47,37,Rb,[Kr].4d,4d,1s2.2s2.2p6.3s2.3p6.3d10.4s2.4p6.4d1,2D<3/2>,4p6 1S<0>,2480.0,4,theoretical,4,4d1
84,Po,48,36,Kr,[Ar].3d10.4s2.4p6,4p6,1s2.2s2.2p6.3s2.3p6.3d10.4s2.4p6,1S0,4p5 2P*<3/2>,2740.0,4,theoretical,4,4p6
84,Po,49,35,Br,[Ar].3d10.4s2.4p5,4p5,1s2.2s2.2p6.3s2.3p6.3d10.4s2.4p5,2P*<3/2>,4p4 3P<2>,2803.0,4,theoretical,4,4p5
84,Po,50,34,Se,[Ar].3d10.4s2.4p4,4p4,1s2.2s2.2p6.3s2.3p6.3d10.4s2.4p4,3P<2>,"4p-2.4p+ (0,3/2)*<3/2>",2873.0,4,theoretical,4,4p4
84,Po,51,33,As,[Ar].3d10.4s2.4p3,4p-2.4p+,1s2.2s2.2p6.3s2.3p6.3d10.4s2.4p3,"(0,3/2)*<3/2>",4p2 3P<0>,2938.0,4,theoretical,4,4p3
84,Po,52,32,Ge,[Ar].3d10.4s2.4p2,4p2,1s2.2s2.2p6.3s2.3p6.3d10.4s2.4p2,3P0,4p 2P*<1/2>,3194.0,4,theoretical,4,4p2
84,Po,53,31,Ga,[Ar].3d10.4s2.4p,4p,1s2.2s2.2p6.3s2.3p6.3d10.4s2.4p1,2P*<1/2>,4s2 1S<0>,3268.0,5,theoretical,4,4p1
84,Po,54,30,Zn,[Ar].3d10.4s2,4s2,1s2.2s2.2p6.3s2.3p6.3d10.4s2,1S0,4s 2S<1/2>,3450.0,5,theoretical,4,4s2
84,Po,55,29,Cu,[Ar].3d10.4s,4s,1s2.2s2.2p6.3s2.3p6.3d10.4s1,2S<1/2>,3d10 1S<0>,3524.2,2.5,semi-empirical,4,4s1
84,Po,56,28,Ni,[Ar].3d10,3d10,1s2.2s2.2p6.3s2.3p6.3d10,1S0,3d9 2D<5/2>,5785.0,5,theoretical,3,3d10
84,Po,57,27,Co,[Ar].3d9,3d9,1s2.2s2.2p6.3s2.3p6.3d9,2D<5/2>,3d8 3F<4>,5930.0,6,theoretical,3,3d9
84,Po,58,26,Fe,[Ar].3d8,3d8,1s2.2s2.2p6.3s2.3p6.3d8,3F<4>,3d7 4F<9/2>,6084.0,6,theoretical,3,3d8
84,Po,59,25,Mn,[Ar].3d7,3d7,1s2.2s2.2p6.3s2.3p6.3d7,4F<9/2>,"3d-4.3d+2 (0,4)<4>",6248.0,7,theoretical,3,3d7
84,Po,60,24,Cr,[Ar].3d6,3d-4.3d+2,1s2.2s2.2p6.3s2.3p6.3d6,"(0,4)<4>","3d-4.3d+ (0,5/2)<5/2>",6405.0,10,theoretical,3,3d6
84,Po,61,23,V,[Ar].3d5,3d-4.3d+,1s2.2s2.2p6.3s2.3p6.3d5,"(0,5/2)<5/2>",3d4 5D<0>,6557.0,12,theoretical,3,3d5
84,Po,62,22,Ti,[Ar].3d4,3d4,1s2.2s2.2p6.3s2.3p6.3d4,5D0,3d3 4F<3/2>,6856.0,15,theoretical,3,3d4
84,Po,63,21,Sc,[Ar].3d3,3d3,1s2.2s2.2p6.3s2.3p6.3d3,4F<3/2>,3d2 3F<2>,7015.0,19,theoretical,3,3d3
84,Po,64,20,Ca,[Ar].3d2,3d2,1s2.2s2.2p6.3s2.3p6.3d2,3F<2>,3d 2D<3/2>,7191.0,24,theoretical,3,3d2
84,Po,65,19,K,[Ar].3d,3d,1s2.2s2.2p6.3s2.3p6.3d1,2D<3/2>,3p6 1S<0>,7350.0,30,theoretical,3,3d1
84,Po,66,18,Ar,[Ne].3s2.3p6,3p6,1s2.2s2.2p6.3s2.3p6,1S0,3p5 2P*<3/2>,7810.0,40,theoretical,3,3p6
84,Po,67,17,Cl,[Ne].3s2.3p5,3p5,1s2.2s2.2p6.3s2.3p5,2P*<3/2>,3p4 3P<2>,7950.0,40,theoretical,3,3p5
84,Po,68,16,S,[Ne].3s2.3p4,3p4,1s2.2s2.2p6.3s2.3p4,3P<2>,3p3 2P*<3/2>,8100.0,50,theoretical,3,3p4
84,Po,69,15,P,[Ne].3s2.3p3,3p3,1s2.2s2.2p6.3s2.3p3,2P*<3/2>,3p2 3P<0>,8240.0,50,theoretical,3,3p3
84,Po,70,14,Si,[Ne].3s2.3p2,3p2,1s2.2s2.2p6.3s2.3p2,3P0,3p 2P*<1/2>,9050.0,60,theoretical,3,3p2
84,Po,71,13,Al,[Ne].3s2.3p,3p,1s2.2s2.2p6.3s2.3p1,2P*<1/2>,3s2 1S<0>,9220.0,60,theoretical,3,3p1
84,Po,72,12,Mg,[Ne].3s2,3s2,1s2.2s2.2p6.3s2,1S0,3s 2S<1/2>,9550.0,70,theoretical,3,3s2
84,Po,73,11,Na,[Ne].3s,3s,1s2.2s2.2p6.3s1,2S<1/2>,2p6 1S<0>,9710.0,90,theoretical,3,3s1
84,Po,74,10,Ne,1s2.2s2.2p6,2p6,1s2.2s2.2p6,1S0,2p5 2P*<3/2>,20670.0,90,theoretical,2,2p6
84,Po,75,9,F,1s2.2s2.2p5,2p5,1s2.2s2.2p5,2P*<3/2>,2p4 3P<2>,21050.0,100,theoretical,2,2p5
84,Po,76,8,O,1s2.2s2.2p4,2p4,1s2.2s2.2p4,3P<2>,"2p2<1/2>.2p<3/2> (0,3/2)*<3/2>",21470.0,110,theoretical,2,2p4
84,Po,77,7,N,1s2.2s2.2p3,2p2<1/2>.2p<3/2>,1s2.2s2.2p3,"(0,3/2)*<3/2>",2p2 3P<0>,21860.0,120,theoretical,2,2p3
84,Po,78,6,C,1s2.2s2.2p2,2p2,1s2.2s2.2p2,3P0,2p 2P*<1/2>,24860.0,120,theoretical,2,2p2
84,Po,79,5,B,1s2.2s2.2p,2p,1s2.2s2.2p1,2P*<1/2>,2s2 1S<0>,25360.0,140,theoretical,2,2p1
84,Po,80,4,Be,1s2.2s2,2s2,1s2.2s2,1S0,2s 2S<1/2>,25990.0,150,theoretical,2,2s2
84,Po,81,3,Li,1s2.2s,1s2.2s,1s2.2s1,2S<1/2>,1s2 1S<0>,26390.4,0.4,theoretical,2,2s1
84,Po,82,2,He,1s2,1s2,1s2,1S0,1s 2S<1/2>,105064.3,0.4,theoretical,1,1s2
84,Po,83,1,H,1s,1s,1s1,2S<1/2>,,106983.4,0.5,theoretical,1,1s1
85,At,0,85,At,[Hg].6p5,6p5,1s2.2s2.2p6.3s2.3p6.3d10.4s2.4p6.4d10.5s2.5p6.4f14.5d10.6s2.6p5,2P*<3/2>,6p4 3P<2>,9.31751,0.00008,experimental,6,6p5
85,At,1,84,Po,[Hg].6p4,6p4,1s2.2s2.2p6.3s2.3p6.3d10.4s2.4p6.4d10.5s2.5p6.4f14.5d10.6s2.6p4,3P<2>,6p3 4S*<3/2>,17.88,0.020,semi-empirical,6,6p4
85,At,2,83,Bi,[Hg].6p3,6p3,1s2.2s2.2p6.3s2.3p6.3d10.4s2.4p6.4d10.5s2.5p6.4f14.5d10.6s2.6p3,4S*<3/2>,6p2 3P<0>,26.58,0.05,semi-empirical,6,6p3
85,At,3,82,Pb,[Hg].6p2,6p2,1s2.2s2.2p6.3s2.3p6.3d10.4s2.4p6.4d10.5s2.5p6.4f14.5d10.6s2.6p2,3P0,6p 2P*<1/2>,39.65,,semi-empirical,6,6p2
85,At,4,81,Tl,[Hg].6p,6p,1s2.2s2.2p6.3s2.3p6.3d10.4s2.4p6.4d10.5s2.5p6.4f14.5d10.6s2.6p1,2P*<1/2>,6s2 1S<0>,50.39,,semi-empirical,6,6p1
85,At,5,80,Hg,[Xe].4f14.5d10.6s2,6s2,1s2.2s2.2p6.3s2.3p6.3d10.4s2.4p6.4d10.5s2.5p6.4f14.5d10.6s2,1S0,6s 2S<1/2>,72.0,2.0,theoretical,6,6s2
85,At,6,79,Au,[Xe].4f14.5d10.6s,6s,1s2.2s2.2p6.3s2.3p6.3d10.4s2.4p6.4d10.5s2.5p6.4f14.5d10.6s1,2S<1/2>,5d10 1S<0>,85.1,2.0,theoretical,6,6s1
85,At,7,78,Pt,[Xe].4f14.5d10,5d10,1s2.2s2.2p6.3s2.3p6.3d10.4s2.4p6.4d10.5s2.5p6.4f14.5d10,1S0,5d9 2D<5/2>,130.1,2.1,theoretical,5,5d10
85,At,8,77,Ir,[Xe].4f14.5d9,5d9,1s2.2s2.2p6.3s2.3p6.3d10.4s2.4p6.4d10.5s2.5p6.4f14.5d9,2D<5/2>,5d8 3F<4>,149.0,2.2,theoretical,5,5d9
85,At,9,76,Os,[Xe].4f14.5d8,5d8,1s2.2s2.2p6.3s2.3p6.3d10.4s2.4p6.4d10.5s2.5p6.4f14.5d8,3F<4>,5d7 4F<9/2>,169.0,2.2,theoretical,5,5d8
85,At,10,75,Re,[Xe].4f14.5d7,5d7,1s2.2s2.2p6.3s2.3p6.3d10.4s2.4p6.4d10.5s2.5p6.4f14.5d7,4F<9/2>,5d6 5D<4>,192.1,2.4,theoretical,5,5d7
85,At,11,74,W,[Xe].4f14.5d6,5d6,1s2.2s2.2p6.3s2.3p6.3d10.4s2.4p6.4d10.5s2.5p6.4f14.5d6,5D<4>,5d5 6S<5/2>,212.0,2.5,theoretical,5,5d6
85,At,12,73,Ta,[Xe].4f14.5d5,5d5,1s2.2s2.2p6.3s2.3p6.3d10.4s2.4p6.4d10.5s2.5p6.4f14.5d5,6S<5/2>,5d4 5D<0>,236.0,3,theoretical,5,5d5
85,At,13,72,Hf,[Xe].4f14.5d4,5d4,1s2.2s2.2p6.3s2.3p6.3d10.4s2.4p6.4d10.5s2.5p6.4f14.5d4,5D0,5d3 4F<3/2>,263.0,3,theoretical,5,5d4
85,At,14,71,Lu,[Xe].4f14.5d3,5d3,1s2.2s2.2p6.3s2.3p6.3d10.4s2.4p6.4d10.5s2.5p6.4f14.5d3,4F<3/2>,5d2 3F<2>,287.0,3,theoretical,5,5d3
85,At,15,70,Yb,[Xe].4f14.5d2,5d2,1s2.2s2.2p6.3s2.3p6.3d10.4s2.4p6.4d10.5s2.5p6.4f14.5d2,3F<2>,5d 2D<3/2>,311.0,3,theoretical,5,5d2
85,At,16,69,Tm,[Xe].4f14.5d,5d,1s2.2s2.2p6.3s2.3p6.3d10.4s2.4p6.4d10.5s2.5p6.4f14.5d1,2D<3/2>,4f14 1S<0>,335.0,3,theoretical,5,5d1
85,At,17,68,Er,[Xe].4f14,4f14,1s2.2s2.2p6.3s2.3p6.3d10.4s2.4p6.4d10.5s2.5p6.4f14,1S0,4f14.5p5 2P*<3/2>,452.0,22,theoretical,5,4f14
85,At,18,67,Ho,[Cd].4f14.5p5,4f14.5p5,1s2.2s2.2p6.3s2.3p6.3d10.4s2.4p6.4d10.5s2.4f14.5p5,2P*<3/2>,4f14.5p4 3P<2>,481.0,24,theoretical,5,5p5
85,At,19,66,Dy,[Cd].4f14.5p4,4f14.5p4,1s2.2s2.2p6.3s2.3p6.3d10.4s2.4p6.4d10.5s2.4f14.5p4,3P<2>,4f14.5p3 2P*<3/2>,510.0,30,theoretical,5,5p4
85,At,20,65,Tb,[Cd].4f14.5p3,4f14.5p3,1s2.2s2.2p6.3s2.3p6.3d10.4s2.4p6.4d10.5s2.4f14.5p3,2P*<3/2>,4f14.5p2 3P<0>,540.0,30,theoretical,5,5p3
85,At,21,64,Gd,[Cd].4f14.5p2,4f14.5p2,1s2.2s2.2p6.3s2.3p6.3d10.4s2.4p6.4d10.5s2.4f14.5p2,3P0,4f14.5p 2P*<1/2>,600.0,30,theoretical,5,5p2
85,At,22,63,Eu,[Cd].4f14.5p,4f14.5p,1s2.2s2.2p6.3s2.3p6.3d10.4s2.4p6.4d10.5s2.4f14.5p1,2P*<1/2>,4f14 1S<0>,630.0,30,theoretical,5,5p1
85,At,23,62,Sm,[Cd].4f14,4f14,1s2.2s2.2p6.3s2.3p6.3d10.4s2.4p6.4d10.5s2.4f14,1S0,4f14.5s 2S<1/2>,720.0,40,theoretical,5,4f14
85,At,24,61,Pm,[Kr].4d10.4f14.5s,4f14.5s,1s2.2s2.2p6.3s2.3p6.3d10.4s2.4p6.4d10.4f14.5s1,2S<1/2>,4f14 1S<0>,750.0,40,theoretical,5,5s1
85,At,25,60,Nd,[Kr].4d10.4f14,4f14,1s2.2s2.2p6.3s2.3p6.3d10.4s2.4p6.4d10.4f14,1S0,4f13 2F*<7/2>,790.0,40,theoretical,4,4f14
85,At,26,59,Pr,[Kr].4d10.4f13,4f13,1s2.2s2.2p6.3s2.3p6.3d10.4s2.4p6.4d10.4f13,2F*<7/2>,4f12,860.0,40,theoretical,4,4f13
85,At,27,58,Ce,[Kr].4d10.4f12,4f12,1s2.2s2.2p6.3s2.3p6.3d10.4s2.4p6.4d10.4f12,,4f11 4I*<15/2>,920.0,50,theoretical,4,4f12
85,At,28,57,La,[Kr].4d10.4f11,4f11,1s2.2s2.2p6.3s2.3p6.3d10.4s2.4p6.4d10.4f11,4I*<15/2>,4f10 5I<8>,990.0,50,theoretical,4,4f11
85,At,29,56,Ba,[Kr].4d10.4f10,4f10,1s2.2s2.2p6.3s2.3p6.3d10.4s2.4p6.4d10.4f10,5I<8>,4f9 6H*<15/2>,1050.0,50,theoretical,4,4f10
85,At,30,55,Cs,[Kr].4d10.4f9,4f9,1s2.2s2.2p6.3s2.3p6.3d10.4s2.4p6.4d10.4f9,6H*<15/2>,4f8 7F<6>,1120.0,60,theoretical,4,4f9
85,At,31,54,Xe,[Kr].4d10.4f8,4f8,1s2.2s2.2p6.3s2.3p6.3d10.4s2.4p6.4d10.4f8,7F<6>,4f7 8S*<7/2>,1180.0,60,theoretical,4,4f8
85,At,32,53,I,[Kr].4d10.4f7,4f7,1s2.2s2.2p6.3s2.3p6.3d10.4s2.4p6.4d10.4f7,8S*<7/2>,4f6 7F<0>,1250.0,60,theoretical,4,4f7
85,At,33,52,Te,[Kr].4d10.4f6,4f6,1s2.2s2.2p6.3s2.3p6.3d10.4s2.4p6.4d10.4f6,7F0,4f5 6H*<5/2>,1320.0,70,theoretical,4,4f6
85,At,34,51,Sb,[Kr].4d10.4f5,4f5,1s2.2s2.2p6.3s2.3p6.3d10.4s2.4p6.4d10.4f5,6H*<5/2>,4f4 5I<4>,1380.0,70,theoretical,4,4f5
85,At,35,50,Sn,[Kr].4d10.4f4,4f4,1s2.2s2.2p6.3s2.3p6.3d10.4s2.4p6.4d10.4f4,5I<4>,4f3 4I*<9/2>,1450.0,70,theoretical,4,4f4
85,At,36,49,In,[Kr].4d10.4f3,4f3,1s2.2s2.2p6.3s2.3p6.3d10.4s2.4p6.4d10.4f3,4I*<9/2>,4f2 3H<4>,1510.0,70,theoretical,4,4f3
85,At,37,48,Cd,[Kr].4d10.4f2,4f2,1s2.2s2.2p6.3s2.3p6.3d10.4s2.4p6.4d10.4f2,3H<4>,4f 2F*<5/2>,1590.0,70,theoretical,4,4f2
85,At,38,47,Ag,[Kr].4d10.4f,4f,1s2.2s2.2p6.3s2.3p6.3d10.4s2.4p6.4d10.4f1,2F*<5/2>,4d10 1S<0>,1650.0,90,theoretical,4,4f1
85,At,39,46,Pd,[Kr].4d10,4d10,1s2.2s2.2p6.3s2.3p6.3d10.4s2.4p6.4d10,1S0,4d9 2D<5/2>,1948.0,4,theoretical,4,4d10
85,At,40,45,Rh,[Kr].4d9,4d9,1s2.2s2.2p6.3s2.3p6.3d10.4s2.4p6.4d9,2D<5/2>,4d8 3F<4>,2007.0,4,theoretical,4,4d9
85,At,41,44,Ru,[Kr].4d8,4d8,1s2.2s2.2p6.3s2.3p6.3d10.4s2.4p6.4d8,3F<4>,4d7 4F<9/2>,2071.0,4,theoretical,4,4d8
85,At,42,43,Tc,[Kr].4d7,4d7,1s2.2s2.2p6.3s2.3p6.3d10.4s2.4p6.4d7,4F<9/2>,4d6 5D<4>,2139.0,4,theoretical,4,4d7
85,At,43,42,Mo,[Kr].4d6,4d6,1s2.2s2.2p6.3s2.3p6.3d10.4s2.4p6.4d6,5D<4>,"4d-4.4d+ (0,5/2)<5/2>",2203.0,4,theoretical,4,4d6
85,At,44,41,Nb,[Kr].4d5,4d-4.4d+,1s2.2s2.2p6.3s2.3p6.3d10.4s2.4p6.4d5,"(0,5/2)<5/2>",4d4 5D<0>,2266.0,4,theoretical,4,4d5
85,At,45,40,Zr,[Kr].4d4,4d4,1s2.2s2.2p6.3s2.3p6.3d10.4s2.4p6.4d4,5D0,4d3 4F<3/2>,2373.0,4,theoretical,4,4d4
85,At,46,39,Y,[Kr].4d3,4d3,1s2.2s2.2p6.3s2.3p6.3d10.4s2.4p6.4d3,4F<3/2>,4d2 3F<2>,2439.0,4,theoretical,4,4d3
85,At,47,38,Sr,[Kr].4d2,4d2,1s2.2s2.2p6.3s2.3p6.3d10.4s2.4p6.4d2,3F<2>,4d 2D<3/2>,2510.0,4,theoretical,4,4d2
85,At,48,37,Rb,[Kr].4d,4d,1s2.2s2.2p6.3s2.3p6.3d10.4s2.4p6.4d1,2D<3/2>,4p6 1S<0>,2576.0,4,theoretical,4,4d1
85,At,49,36,Kr,[Ar].3d10.4s2.4p6,4p6,1s2.2s2.2p6.3s2.3p6.3d10.4s2.4p6,1S0,4p5 2P*<3/2>,2841.0,4,theoretical,4,4p6
85,At,50,35,Br,[Ar].3d10.4s2.4p5,4p5,1s2.2s2.2p6.3s2.3p6.3d10.4s2.4p5,2P*<3/2>,4p4 3P<2>,2905.0,4,theoretical,4,4p5
85,At,51,34,Se,[Ar].3d10.4s2.4p4,4p4,1s2.2s2.2p6.3s2.3p6.3d10.4s2.4p4,3P<2>,"4p-2.4p+ (0,3/2)*<3/2>",2977.0,4,theoretical,4,4p4
85,At,52,33,As,[Ar].3d10.4s2.4p3,4p-2.4p+,1s2.2s2.2p6.3s2.3p6.3d10.4s2.4p3,"(0,3/2)*<3/2>",4p2 3P<0>,3042.0,4,theoretical,4,4p3
85,At,53,32,Ge,[Ar].3d10.4s2.4p2,4p2,1s2.2s2.2p6.3s2.3p6.3d10.4s2.4p2,3P0,4p 2P*<1/2>,3312.0,5,theoretical,4,4p2
85,At,54,31,Ga,[Ar].3d10.4s2.4p,4p,1s2.2s2.2p6.3s2.3p6.3d10.4s2.4p1,2P*<1/2>,4s2 1S<0>,3388.0,5,theoretical,4,4p1
85,At,55,30,Zn,[Ar].3d10.4s2,4s2,1s2.2s2.2p6.3s2.3p6.3d10.4s2,1S0,4s 2S<1/2>,3573.0,5,theoretical,4,4s2
85,At,56,29,Cu,[Ar].3d10.4s,4s,1s2.2s2.2p6.3s2.3p6.3d10.4s1,2S<1/2>,3d10 1S<0>,3649.0,3,semi-empirical,4,4s1
85,At,57,28,Ni,[Ar].3d10,3d10,1s2.2s2.2p6.3s2.3p6.3d10,1S0,3d9 2D<5/2>,5976.0,6,theoretical,3,3d10
85,At,58,27,Co,[Ar].3d9,3d9,1s2.2s2.2p6.3s2.3p6.3d9,2D<5/2>,3d8 3F<4>,6122.0,6,theoretical,3,3d9
85,At,59,26,Fe,[Ar].3d8,3d8,1s2.2s2.2p6.3s2.3p6.3d8,3F<4>,3d7 4F<9/2>,6279.0,7,theoretical,3,3d8
85,At,60,25,Mn,[Ar].3d7,3d7,1s2.2s2.2p6.3s2.3p6.3d7,4F<9/2>,"3d-4.3d+2 (0,4)<4>",6445.0,10,theoretical,3,3d7
85,At,61,24,Cr,[Ar].3d6,3d-4.3d+2,1s2.2s2.2p6.3s2.3p6.3d6,"(0,4)<4>","3d-4.3d+ (0,5/2)<5/2>",6604.0,12,theoretical,3,3d6
85,At,62,23,V,[Ar].3d5,3d-4.3d+,1s2.2s2.2p6.3s2.3p6.3d5,"(0,5/2)<5/2>",3d4 5D<0>,6759.0,15,theoretical,3,3d5
85,At,63,22,Ti,[Ar].3d4,3d4,1s2.2s2.2p6.3s2.3p6.3d4,5D0,3d3 4F<3/2>,7068.0,19,theoretical,3,3d4
85,At,64,21,Sc,[Ar].3d3,3d3,1s2.2s2.2p6.3s2.3p6.3d3,4F<3/2>,3d2 3F<2>,7230.0,24,theoretical,3,3d3
85,At,65,20,Ca,[Ar].3d2,3d2,1s2.2s2.2p6.3s2.3p6.3d2,3F<2>,3d 2D<3/2>,7410.0,30,theoretical,3,3d2
85,At,66,19,K,[Ar].3d,3d,1s2.2s2.2p6.3s2.3p6.3d1,2D<3/2>,3p6 1S<0>,7570.0,40,theoretical,3,3d1
85,At,67,18,Ar,[Ne].3s2.3p6,3p6,1s2.2s2.2p6.3s2.3p6,1S0,3p5 2P*<3/2>,8030.0,40,theoretical,3,3p6
85,At,68,17,Cl,[Ne].3s2.3p5,3p5,1s2.2s2.2p6.3s2.3p5,2P*<3/2>,3p4 3P<2>,8180.0,50,theoretical,3,3p5
85,At,69,16,S,[Ne].3s2.3p4,3p4,1s2.2s2.2p6.3s2.3p4,3P<2>,3p3 2P*<3/2>,8330.0,50,theoretical,3,3p4
85,At,70,15,P,[Ne].3s2.3p3,3p3,1s2.2s2.2p6.3s2.3p3,2P*<3/2>,3p2 3P<0>,8480.0,60,theoretical,3,3p3
85,At,71,14,Si,[Ne].3s2.3p2,3p2,1s2.2s2.2p6.3s2.3p2,3P0,3p 2P*<1/2>,9330.0,60,theoretical,3,3p2
85,At,72,13,Al,[Ne].3s2.3p,3p,1s2.2s2.2p6.3s2.3p1,2P*<1/2>,3s2 1S<0>,9500.0,70,theoretical,3,3p1
85,At,73,12,Mg,[Ne].3s2,3s2,1s2.2s2.2p6.3s2,1S0,3s 2S<1/2>,9830.0,90,theoretical,3,3s2
85,At,74,11,Na,[Ne].3s,3s,1s2.2s2.2p6.3s1,2S<1/2>,2p6 1S<0>,9990.0,90,theoretical,3,3s1
85,At,75,10,Ne,1s2.2s2.2p6,2p6,1s2.2s2.2p6,1S0,2p5 2P*<3/2>,21210.0,100,theoretical,2,2p6
85,At,76,9,F,1s2.2s2.2p5,2p5,1s2.2s2.2p5,2P*<3/2>,2p4 3P<2>,21600.0,110,theoretical,2,2p5
85,At,77,8,O,1s2.2s2.2p4,2p4,1s2.2s2.2p4,3P<2>,"2p2<1/2>.2p<3/2> (0,3/2)*<3/2>",22030.0,120,theoretical,2,2p4
85,At,78,7,N,1s2.2s2.2p3,2p2<1/2>.2p<3/2>,1s2.2s2.2p3,"(0,3/2)*<3/2>",2p2 3P<0>,22420.0,120,theoretical,2,2p3
85,At,79,6,C,1s2.2s2.2p2,2p2,1s2.2s2.2p2,3P0,2p 2P*<1/2>,25580.0,140,theoretical,2,2p2
85,At,80,5,B,1s2.2s2.2p,2p,1s2.2s2.2p1,2P*<1/2>,2s2 1S<0>,26090.0,150,theoretical,2,2p1
85,At,81,4,Be,1s2.2s2,2s2,1s2.2s2,1S0,2s 2S<1/2>,26730.0,160,theoretical,2,2s2
85,At,82,3,Li,1s2.2s,1s2.2s,1s2.2s1,2S<1/2>,1s2 1S<0>,27139.0,0.4,theoretical,2,2s1
85,At,83,2,He,1s2,1s2,1s2,1S0,1s 2S<1/2>,107930.0,0.4,theoretical,1,1s2
85,At,84,1,H,1s,1s,1s1,2S<1/2>,,109887.2,1.5,theoretical,1,1s1
86,Rn,0,86,Rn,[Hg].6p6,6p6,1s2.2s2.2p6.3s2.3p6.3d10.4s2.4p6.4d10.5s2.5p6.4f14.5d10.6s2.6p6,1S0,6p5 2P*<3/2>,10.7485,,experimental,6,6p6
86,Rn,1,85,At,[Hg].6p5,6p5,1s2.2s2.2p6.3s2.3p6.3d10.4s2.4p6.4d10.5s2.5p6.4f14.5d10.6s2.6p5,2P*<3/2>,6p4 3P<2>,18.99,0.06,theoretical,6,6p5
86,Rn,2,84,Po,[Hg].6p4,6p4,1s2.2s2.2p6.3s2.3p6.3d10.4s2.4p6.4d10.5s2.5p6.4f14.5d10.6s2.6p4,3P<2>,6p3 4S*<3/2>,29.4,1.0,semi-empirical,6,6p4
86,Rn,3,83,Bi,[Hg].6p3,6p3,1s2.2s2.2p6.3s2.3p6.3d10.4s2.4p6.4d10.5s2.5p6.4f14.5d10.6s2.6p3,4S*<3/2>,6p2 3P<0>,36.9,1.7,theoretical,6,6p3
86,Rn,4,82,Pb,[Hg].6p2,6p2,1s2.2s2.2p6.3s2.3p6.3d10.4s2.4p6.4d10.5s2.5p6.4f14.5d10.6s2.6p2,3P0,6p 2P*<1/2>,52.9,1.9,theoretical,6,6p2
86,Rn,5,81,Tl,[Hg].6p,6p,1s2.2s2.2p6.3s2.3p6.3d10.4s2.4p6.4d10.5s2.5p6.4f14.5d10.6s2.6p1,2P*<1/2>,6s2 1S<0>,64.0,2.0,theoretical,6,6p1
86,Rn,6,80,Hg,[Xe].4f14.5d10.6s2,6s2,1s2.2s2.2p6.3s2.3p6.3d10.4s2.4p6.4d10.5s2.5p6.4f14.5d10.6s2,1S0,6s 2S<1/2>,88.0,2.0,theoretical,6,6s2
86,Rn,7,79,Au,[Xe].4f14.5d10.6s,6s,1s2.2s2.2p6.3s2.3p6.3d10.4s2.4p6.4d10.5s2.5p6.4f14.5d10.6s1,2S<1/2>,5d10 1S<0>,102.0,2.1,theoretical,6,6s1
86,Rn,8,78,Pt,[Xe].4f14.5d10,5d10,1s2.2s2.2p6.3s2.3p6.3d10.4s2.4p6.4d10.5s2.5p6.4f14.5d10,1S0,5d9 2D<5/2>,154.0,2.2,theoretical,5,5d10
86,Rn,9,77,Ir,[Xe].4f14.5d9,5d9,1s2.2s2.2p6.3s2.3p6.3d10.4s2.4p6.4d10.5s2.5p6.4f14.5d9,2D<5/2>,5d8 3F<4>,173.9,2.2,theoretical,5,5d9
86,Rn,10,76,Os,[Xe].4f14.5d8,5d8,1s2.2s2.2p6.3s2.3p6.3d10.4s2.4p6.4d10.5s2.5p6.4f14.5d8,3F<4>,5d7 4F<9/2>,195.0,2.4,theoretical,5,5d8
86,Rn,11,75,Re,[Xe].4f14.5d7,5d7,1s2.2s2.2p6.3s2.3p6.3d10.4s2.4p6.4d10.5s2.5p6.4f14.5d7,4F<9/2>,5d6 5D<4>,218.0,2.5,theoretical,5,5d7
86,Rn,12,74,W,[Xe].4f14.5d6,5d6,1s2.2s2.2p6.3s2.3p6.3d10.4s2.4p6.4d10.5s2.5p6.4f14.5d6,5D<4>,5d5 6S<5/2>,240.0,3,theoretical,5,5d6
86,Rn,13,73,Ta,[Xe].4f14.5d5,5d5,1s2.2s2.2p6.3s2.3p6.3d10.4s2.4p6.4d10.5s2.5p6.4f14.5d5,6S<5/2>,5d4 5D<0>,264.0,3,theoretical,5,5d5
86,Rn,14,72,Hf,[Xe].4f14.5d4,5d4,1s2.2s2.2p6.3s2.3p6.3d10.4s2.4p6.4d10.5s2.5p6.4f14.5d4,5D0,5d3 4F<3/2>,293.0,3,theoretical,5,5d4
86,Rn,15,71,Lu,[Xe].4f14.5d3,5d3,1s2.2s2.2p6.3s2.3p6.3d10.4s2.4p6.4d10.5s2.5p6.4f14.5d3,4F<3/2>,5d2 3F<2>,317.0,3,theoretical,5,5d3
86,Rn,16,70,Yb,[Xe].4f14.5d2,5d2,1s2.2s2.2p6.3s2.3p6.3d10.4s2.4p6.4d10.5s2.5p6.4f14.5d2,3F<2>,5d 2D<3/2>,342.0,3,theoretical,5,5d2
86,Rn,17,69,Tm,[Xe].4f14.5d,5d,1s2.2s2.2p6.3s2.3p6.3d10.4s2.4p6.4d10.5s2.5p6.4f14.5d1,2D<3/2>,4f14 1S<0>,367.0,3,theoretical,5,5d1
86,Rn,18,68,Er,[Xe].4f14,4f14,1s2.2s2.2p6.3s2.3p6.3d10.4s2.4p6.4d10.5s2.5p6.4f14,1S0,4f14.5p5 2P*<3/2>,488.0,25,theoretical,5,4f14
86,Rn,19,67,Ho,[Cd].4f14.5p5,4f14.5p5,1s2.2s2.2p6.3s2.3p6.3d10.4s2.4p6.4d10.5s2.4f14.5p5,2P*<3/2>,4f14.5p4 3P<2>,520.0,30,theoretical,5,5p5
86,Rn,20,66,Dy,[Cd].4f14.5p4,4f14.5p4,1s2.2s2.2p6.3s2.3p6.3d10.4s2.4p6.4d10.5s2.4f14.5p4,3P<2>,4f14.5p3 2P*<3/2>,550.0,30,theoretical,5,5p4
86,Rn,21,65,Tb,[Cd].4f14.5p3,4f14.5p3,1s2.2s2.2p6.3s2.3p6.3d10.4s2.4p6.4d10.5s2.4f14.5p3,2P*<3/2>,4f14.5p2 3P<0>,580.0,30,theoretical,5,5p3
86,Rn,22,64,Gd,[Cd].4f14.5p2,4f14.5p2,1s2.2s2.2p6.3s2.3p6.3d10.4s2.4p6.4d10.5s2.4f14.5p2,3P0,4f14.5p 2P*<1/2>,640.0,30,theoretical,5,5p2
86,Rn,23,63,Eu,[Cd].4f14.5p,4f14.5p,1s2.2s2.2p6.3s2.3p6.3d10.4s2.4p6.4d10.5s2.4f14.5p1,2P*<1/2>,4f14 1S<0>,680.0,30,theoretical,5,5p1
86,Rn,24,62,Sm,[Cd].4f14,4f14,1s2.2s2.2p6.3s2.3p6.3d10.4s2.4p6.4d10.5s2.4f14,1S0,4f14.5s 2S<1/2>,760.0,40,theoretical,5,4f14
86,Rn,25,61,Pm,[Kr].4d10.4f14.5s,4f14.5s,1s2.2s2.2p6.3s2.3p6.3d10.4s2.4p6.4d10.4f14.5s1,2S<1/2>,4f14 1S<0>,800.0,40,theoretical,5,5s1
86,Rn,26,60,Nd,[Kr].4d10.4f14,4f14,1s2.2s2.2p6.3s2.3p6.3d10.4s2.4p6.4d10.4f14,1S0,4f13 2F*<7/2>,850.0,40,theoretical,4,4f14
86,Rn,27,59,Pr,[Kr].4d10.4f13,4f13,1s2.2s2.2p6.3s2.3p6.3d10.4s2.4p6.4d10.4f13,2F*<7/2>,4f12,920.0,50,theoretical,4,4f13
86,Rn,28,58,Ce,[Kr].4d10.4f12,4f12,1s2.2s2.2p6.3s2.3p6.3d10.4s2.4p6.4d10.4f12,,4f11 4I*<15/2>,980.0,50,theoretical,4,4f12
86,Rn,29,57,La,[Kr].4d10.4f11,4f11,1s2.2s2.2p6.3s2.3p6.3d10.4s2.4p6.4d10.4f11,4I*<15/2>,4f10 5I<8>,1050.0,50,theoretical,4,4f11
86,Rn,30,56,Ba,[Kr].4d10.4f10,4f10,1s2.2s2.2p6.3s2.3p6.3d10.4s2.4p6.4d10.4f10,5I<8>,4f9 6H*<15/2>,1110.0,60,theoretical,4,4f10
86,Rn,31,55,Cs,[Kr].4d10.4f9,4f9,1s2.2s2.2p6.3s2.3p6.3d10.4s2.4p6.4d10.4f9,6H*<15/2>,4f8 7F<6>,1180.0,60,theoretical,4,4f9
86,Rn,32,54,Xe,[Kr].4d10.4f8,4f8,1s2.2s2.2p6.3s2.3p6.3d10.4s2.4p6.4d10.4f8,7F<6>,4f7 8S*<7/2>,1250.0,60,theoretical,4,4f8
86,Rn,33,53,I,[Kr].4d10.4f7,4f7,1s2.2s2.2p6.3s2.3p6.3d10.4s2.4p6.4d10.4f7,8S*<7/2>,4f6 7F<0>,1310.0,70,theoretical,4,4f7
86,Rn,34,52,Te,[Kr].4d10.4f6,4f6,1s2.2s2.2p6.3s2.3p6.3d10.4s2.4p6.4d10.4f6,7F0,4f5 6H*<5/2>,1390.0,70,theoretical,4,4f6
86,Rn,35,51,Sb,[Kr].4d10.4f5,4f5,1s2.2s2.2p6.3s2.3p6.3d10.4s2.4p6.4d10.4f5,6H*<5/2>,4f4 5I<4>,1460.0,70,theoretical,4,4f5
86,Rn,36,50,Sn,[Kr].4d10.4f4,4f4,1s2.2s2.2p6.3s2.3p6.3d10.4s2.4p6.4d10.4f4,5I<4>,4f3 4I*<9/2>,1520.0,80,theoretical,4,4f4
86,Rn,37,49,In,[Kr].4d10.4f3,4f3,1s2.2s2.2p6.3s2.3p6.3d10.4s2.4p6.4d10.4f3,4I*<9/2>,4f2 3H<4>,1590.0,70,theoretical,4,4f3
86,Rn,38,48,Cd,[Kr].4d10.4f2,4f2,1s2.2s2.2p6.3s2.3p6.3d10.4s2.4p6.4d10.4f2,3H<4>,4f 2F*<5/2>,1660.0,90,theoretical,4,4f2
86,Rn,39,47,Ag,[Kr].4d10.4f,4f,1s2.2s2.2p6.3s2.3p6.3d10.4s2.4p6.4d10.4f1,2F*<5/2>,4d10 1S<0>,1720.0,90,theoretical,4,4f1
86,Rn,40,46,Pd,[Kr].4d10,4d10,1s2.2s2.2p6.3s2.3p6.3d10.4s2.4p6.4d10,1S0,4d9 2D<5/2>,2033.0,4,theoretical,4,4d10
86,Rn,41,45,Rh,[Kr].4d9,4d9,1s2.2s2.2p6.3s2.3p6.3d10.4s2.4p6.4d9,2D<5/2>,4d8 3F<4>,2094.0,4,theoretical,4,4d9
86,Rn,42,44,Ru,[Kr].4d8,4d8,1s2.2s2.2p6.3s2.3p6.3d10.4s2.4p6.4d8,3F<4>,4d7 4F<9/2>,2158.0,4,theoretical,4,4d8
86,Rn,43,43,Tc,[Kr].4d7,4d7,1s2.2s2.2p6.3s2.3p6.3d10.4s2.4p6.4d7,4F<9/2>,4d6 5D<4>,2227.0,4,theoretical,4,4d7
86,Rn,44,42,Mo,[Kr].4d6,4d6,1s2.2s2.2p6.3s2.3p6.3d10.4s2.4p6.4d6,5D<4>,"4d-4.4d+ (0,5/2)<5/2>",2293.0,4,theoretical,4,4d6
86,Rn,45,41,Nb,[Kr].4d5,4d-4.4d+,1s2.2s2.2p6.3s2.3p6.3d10.4s2.4p6.4d5,"(0,5/2)<5/2>",4d4 5D<0>,2357.0,4,theoretical,4,4d5
86,Rn,46,40,Zr,[Kr].4d4,4d4,1s2.2s2.2p6.3s2.3p6.3d10.4s2.4p6.4d4,5D0,4d3 4F<3/2>,2467.0,4,theoretical,4,4d4
86,Rn,47,39,Y,[Kr].4d3,4d3,1s2.2s2.2p6.3s2.3p6.3d10.4s2.4p6.4d3,4F<3/2>,4d2 3F<2>,2535.0,4,theoretical,4,4d3
86,Rn,48,38,Sr,[Kr].4d2,4d2,1s2.2s2.2p6.3s2.3p6.3d10.4s2.4p6.4d2,3F<2>,4d 2D<3/2>,2606.0,4,theoretical,4,4d2
86,Rn,49,37,Rb,[Kr].4d,4d,1s2.2s2.2p6.3s2.3p6.3d10.4s2.4p6.4d1,2D<3/2>,4p6 1S<0>,2674.0,4,theoretical,4,4d1
86,Rn,50,36,Kr,[Ar].3d10.4s2.4p6,4p6,1s2.2s2.2p6.3s2.3p6.3d10.4s2.4p6,1S0,4p5 2P*<3/2>,2944.0,4,theoretical,4,4p6
86,Rn,51,35,Br,[Ar].3d10.4s2.4p5,4p5,1s2.2s2.2p6.3s2.3p6.3d10.4s2.4p5,2P*<3/2>,4p4 3P<2>,3010.0,4,theoretical,4,4p5
86,Rn,52,34,Se,[Ar].3d10.4s2.4p4,4p4,1s2.2s2.2p6.3s2.3p6.3d10.4s2.4p4,3P<2>,"4p-2.4p+ (0,3/2)*<3/2>",3082.0,4,theoretical,4,4p4
86,Rn,53,33,As,[Ar].3d10.4s2.4p3,4p-2.4p+,1s2.2s2.2p6.3s2.3p6.3d10.4s2.4p3,"(0,3/2)*<3/2>",4p2 3P<0>,3149.0,5,theoretical,4,4p3
86,Rn,54,32,Ge,[Ar].3d10.4s2.4p2,4p2,1s2.2s2.2p6.3s2.3p6.3d10.4s2.4p2,3P0,4p 2P*<1/2>,3433.0,5,theoretical,4,4p2
86,Rn,55,31,Ga,[Ar].3d10.4s2.4p,4p,1s2.2s2.2p6.3s2.3p6.3d10.4s2.4p1,2P*<1/2>,4s2 1S<0>,3510.0,5,theoretical,4,4p1
86,Rn,56,30,Zn,[Ar].3d10.4s2,4s2,1s2.2s2.2p6.3s2.3p6.3d10.4s2,1S0,4s 2S<1/2>,3699.0,5,theoretical,4,4s2
86,Rn,57,29,Cu,[Ar].3d10.4s,4s,1s2.2s2.2p6.3s2.3p6.3d10.4s1,2S<1/2>,3d10 1S<0>,3777.0,3,semi-empirical,4,4s1
86,Rn,58,28,Ni,[Ar].3d10,3d10,1s2.2s2.2p6.3s2.3p6.3d10,1S0,3d9 2D<5/2>,6169.0,6,theoretical,3,3d10
86,Rn,59,27,Co,[Ar].3d9,3d9,1s2.2s2.2p6.3s2.3p6.3d9,2D<5/2>,3d8 3F<4>,6318.0,7,theoretical,3,3d9
86,Rn,60,26,Fe,[Ar].3d8,3d8,1s2.2s2.2p6.3s2.3p6.3d8,3F<4>,3d7 4F<9/2>,6476.0,10,theoretical,3,3d8
86,Rn,61,25,Mn,[Ar].3d7,3d7,1s2.2s2.2p6.3s2.3p6.3d7,4F<9/2>,"3d-4.3d+2 (0,4)<4>",6646.0,12,theoretical,3,3d7
86,Rn,62,24,Cr,[Ar].3d6,3d-4.3d+2,1s2.2s2.2p6.3s2.3p6.3d6,"(0,4)<4>","3d-4.3d+ (0,5/2)<5/2>",6807.0,15,theoretical,3,3d6
86,Rn,63,23,V,[Ar].3d5,3d-4.3d+,1s2.2s2.2p6.3s2.3p6.3d5,"(0,5/2)<5/2>",3d4 5D<0>,6964.0,19,theoretical,3,3d5
86,Rn,64,22,Ti,[Ar].3d4,3d4,1s2.2s2.2p6.3s2.3p6.3d4,5D0,3d3 4F<3/2>,7283.0,24,theoretical,3,3d4
86,Rn,65,21,Sc,[Ar].3d3,3d3,1s2.2s2.2p6.3s2.3p6.3d3,4F<3/2>,3d2 3F<2>,7450.0,30,theoretical,3,3d3
86,Rn,66,20,Ca,[Ar].3d2,3d2,1s2.2s2.2p6.3s2.3p6.3d2,3F<2>,3d 2D<3/2>,7630.0,40,theoretical,3,3d2
86,Rn,67,19,K,[Ar].3d,3d,1s2.2s2.2p6.3s2.3p6.3d1,2D<3/2>,3p6 1S<0>,7800.0,40,theoretical,3,3d1
86,Rn,68,18,Ar,[Ne].3s2.3p6,3p6,1s2.2s2.2p6.3s2.3p6,1S0,3p5 2P*<3/2>,8260.0,50,theoretical,3,3p6
86,Rn,69,17,Cl,[Ne].3s2.3p5,3p5,1s2.2s2.2p6.3s2.3p5,2P*<3/2>,3p4 3P<2>,8410.0,50,theoretical,3,3p5
86,Rn,70,16,S,[Ne].3s2.3p4,3p4,1s2.2s2.2p6.3s2.3p4,3P<2>,3p3 2P*<3/2>,8570.0,60,theoretical,3,3p4
86,Rn,71,15,P,[Ne].3s2.3p3,3p3,1s2.2s2.2p6.3s2.3p3,2P*<3/2>,3p2 3P<0>,8710.0,60,theoretical,3,3p3
86,Rn,72,14,Si,[Ne].3s2.3p2,3p2,1s2.2s2.2p6.3s2.3p2,3P0,3p 2P*<1/2>,9610.0,70,theoretical,3,3p2
86,Rn,73,13,Al,[Ne].3s2.3p,3p,1s2.2s2.2p6.3s2.3p1,2P*<1/2>,3s2 1S<0>,9780.0,90,theoretical,3,3p1
86,Rn,74,12,Mg,[Ne].3s2,3s2,1s2.2s2.2p6.3s2,1S0,3s 2S<1/2>,10120.0,90,theoretical,3,3s2
86,Rn,75,11,Na,[Ne].3s,3s,1s2.2s2.2p6.3s1,2S<1/2>,2p6 1S<0>,10290.0,100,theoretical,3,3s1
86,Rn,76,10,Ne,1s2.2s2.2p6,2p6,1s2.2s2.2p6,1S0,2p5 2P*<3/2>,21770.0,110,theoretical,2,2p6
86,Rn,77,9,F,1s2.2s2.2p5,2p5,1s2.2s2.2p5,2P*<3/2>,2p4 3P<2>,22160.0,120,theoretical,2,2p5
86,Rn,78,8,O,1s2.2s2.2p4,2p4,1s2.2s2.2p4,3P<2>,"2p2<1/2>.2p<3/2> (0,3/2)*<3/2>",22600.0,120,theoretical,2,2p4
86,Rn,79,7,N,1s2.2s2.2p3,2p2<1/2>.2p<3/2>,1s2.2s2.2p3,"(0,3/2)*<3/2>",2p2 3P<0>,22990.0,140,theoretical,2,2p3
86,Rn,80,6,C,1s2.2s2.2p2,2p2,1s2.2s2.2p2,3P0,2p 2P*<1/2>,26310.0,150,theoretical,2,2p2
86,Rn,81,5,B,1s2.2s2.2p,2p,1s2.2s2.2p1,2P*<1/2>,2s2 1S<0>,26830.0,160,theoretical,2,2p1
86,Rn,82,4,Be,1s2.2s2,2s2,1s2.2s2,1S0,2s 2S<1/2>,27490.0,170,theoretical,2,2s2
86,Rn,83,3,Li,1s2.2s,1s2.2s,1s2.2s1,2S<1/2>,1s2 1S<0>,27903.1,0.5,theoretical,2,2s1
86,Rn,84,2,He,1s2,1s2,1s2,1S0,1s 2S<1/2>,110846.3,0.5,theoretical,1,1s2
86,Rn,85,1,H,1s,1s,1s1,2S<1/2>,,112842.2,0.7,theoretical,1,1s1
87,Fr,0,87,Fr,[Rn].7s,7s,1s2.2s2.2p6.3s2.3p6.3d10.4s2.4p6.4d10.5s2.5p6.4f14.5d10.6s2.6p6.7s1,2S<1/2>,6p6 1S<0>,4.0727411,0.0000011,experimental,7,7s1
87,Fr,1,86,Rn,[Hg].6p6,6p6,1s2.2s2.2p6.3s2.3p6.3d10.4s2.4p6.4d10.5s2.5p6.4f14.5d10.6s2.6p6,1S0,6p5 2P*<3/2>,22.4,1.9,semi-empirical,6,6p6
87,Fr,2,85,At,[Hg].6p5,6p5,1s2.2s2.2p6.3s2.3p6.3d10.4s2.4p6.4d10.5s2.5p6.4f14.5d10.6s2.6p5,2P*<3/2>,6p4 3P<2>,33.5,1.5,semi-empirical,6,6p5
87,Fr,3,84,Po,[Hg].6p4,6p4,1s2.2s2.2p6.3s2.3p6.3d10.4s2.4p6.4d10.5s2.5p6.4f14.5d10.6s2.6p4,3P<2>,6p3 4S*<3/2>,39.1,1.7,theoretical,6,6p4
87,Fr,4,83,Bi,[Hg].6p3,6p3,1s2.2s2.2p6.3s2.3p6.3d10.4s2.4p6.4d10.5s2.5p6.4f14.5d10.6s2.6p3,4S*<3/2>,6p2 3P<0>,50.0,1.9,theoretical,6,6p3
87,Fr,5,82,Pb,[Hg].6p2,6p2,1s2.2s2.2p6.3s2.3p6.3d10.4s2.4p6.4d10.5s2.5p6.4f14.5d10.6s2.6p2,3P0,6p 2P*<1/2>,67.0,2.0,theoretical,6,6p2
87,Fr,6,81,Tl,[Hg].6p,6p,1s2.2s2.2p6.3s2.3p6.3d10.4s2.4p6.4d10.5s2.5p6.4f14.5d10.6s2.6p1,2P*<1/2>,6s2 1S<0>,80.0,2.0,theoretical,6,6p1
87,Fr,7,80,Hg,[Xe].4f14.5d10.6s2,6s2,1s2.2s2.2p6.3s2.3p6.3d10.4s2.4p6.4d10.5s2.5p6.4f14.5d10.6s2,1S0,6s 2S<1/2>,106.0,2.1,theoretical,6,6s2
87,Fr,8,79,Au,[Xe].4f14.5d10.6s,6s,1s2.2s2.2p6.3s2.3p6.3d10.4s2.4p6.4d10.5s2.5p6.4f14.5d10.6s1,2S<1/2>,5d10 1S<0>,120.0,2.2,theoretical,6,6s1
87,Fr,9,78,Pt,[Xe].4f14.5d10,5d10,1s2.2s2.2p6.3s2.3p6.3d10.4s2.4p6.4d10.5s2.5p6.4f14.5d10,1S0,5d9 2D<5/2>,179.0,2.2,theoretical,5,5d10
87,Fr,10,77,Ir,[Xe].4f14.5d9,5d9,1s2.2s2.2p6.3s2.3p6.3d10.4s2.4p6.4d10.5s2.5p6.4f14.5d9,2D<5/2>,5d8 3F<4>,200.0,2.4,theoretical,5,5d9
87,Fr,11,76,Os,[Xe].4f14.5d8,5d8,1s2.2s2.2p6.3s2.3p6.3d10.4s2.4p6.4d10.5s2.5p6.4f14.5d8,3F<4>,5d7 4F<9/2>,222.1,2.5,theoretical,5,5d8
87,Fr,12,75,Re,[Xe].4f14.5d7,5d7,1s2.2s2.2p6.3s2.3p6.3d10.4s2.4p6.4d10.5s2.5p6.4f14.5d7,4F<9/2>,5d6 5D<4>,245.0,3,theoretical,5,5d7
87,Fr,13,74,W,[Xe].4f14.5d6,5d6,1s2.2s2.2p6.3s2.3p6.3d10.4s2.4p6.4d10.5s2.5p6.4f14.5d6,5D<4>,5d5 6S<5/2>,269.0,3,theoretical,5,5d6
87,Fr,14,73,Ta,[Xe].4f14.5d5,5d5,1s2.2s2.2p6.3s2.3p6.3d10.4s2.4p6.4d10.5s2.5p6.4f14.5d5,6S<5/2>,5d4 5D<0>,293.0,3,theoretical,5,5d5
87,Fr,15,72,Hf,[Xe].4f14.5d4,5d4,1s2.2s2.2p6.3s2.3p6.3d10.4s2.4p6.4d10.5s2.5p6.4f14.5d4,5D0,5d3 4F<3/2>,324.0,3,theoretical,5,5d4
87,Fr,16,71,Lu,[Xe].4f14.5d3,5d3,1s2.2s2.2p6.3s2.3p6.3d10.4s2.4p6.4d10.5s2.5p6.4f14.5d3,4F<3/2>,5d2 3F<2>,349.0,3,theoretical,5,5d3
87,Fr,17,70,Yb,[Xe].4f14.5d2,5d2,1s2.2s2.2p6.3s2.3p6.3d10.4s2.4p6.4d10.5s2.5p6.4f14.5d2,3F<2>,5d 2D<3/2>,375.0,3,theoretical,5,5d2
87,Fr,18,69,Tm,[Xe].4f14.5d,5d,1s2.2s2.2p6.3s2.3p6.3d10.4s2.4p6.4d10.5s2.5p6.4f14.5d1,2D<3/2>,4f14 1S<0>,400.0,3,theoretical,5,5d1
87,Fr,19,68,Er,[Xe].4f14,4f14,1s2.2s2.2p6.3s2.3p6.3d10.4s2.4p6.4d10.5s2.5p6.4f14,1S0,4f14.5p5 2P*<3/2>,530.0,30,theoretical,5,4f14
87,Fr,20,67,Ho,[Cd].4f14.5p5,4f14.5p5,1s2.2s2.2p6.3s2.3p6.3d10.4s2.4p6.4d10.5s2.4f14.5p5,2P*<3/2>,4f14.5p4 3P<2>,560.0,30,theoretical,5,5p5
87,Fr,21,66,Dy,[Cd].4f14.5p4,4f14.5p4,1s2.2s2.2p6.3s2.3p6.3d10.4s2.4p6.4d10.5s2.4f14.5p4,3P<2>,4f14.5p3 2P*<3/2>,590.0,30,theoretical,5,5p4
87,Fr,22,65,Tb,[Cd].4f14.5p3,4f14.5p3,1s2.2s2.2p6.3s2.3p6.3d10.4s2.4p6.4d10.5s2.4f14.5p3,2P*<3/2>,4f14.5p2 3P<0>,620.0,30,theoretical,5,5p3
87,Fr,23,64,Gd,[Cd].4f14.5p2,4f14.5p2,1s2.2s2.2p6.3s2.3p6.3d10.4s2.4p6.4d10.5s2.4f14.5p2,3P0,4f14.5p 2P*<1/2>,690.0,30,theoretical,5,5p2
87,Fr,24,63,Eu,[Cd].4f14.5p,4f14.5p,1s2.2s2.2p6.3s2.3p6.3d10.4s2.4p6.4d10.5s2.4f14.5p1,2P*<1/2>,4f14 1S<0>,720.0,40,theoretical,5,5p1
87,Fr,25,62,Sm,[Cd].4f14,4f14,1s2.2s2.2p6.3s2.3p6.3d10.4s2.4p6.4d10.5s2.4f14,1S0,4f14.5s 2S<1/2>,810.0,40,theoretical,5,4f14
87,Fr,26,61,Pm,[Kr].4d10.4f14.5s,4f14.5s,1s2.2s2.2p6.3s2.3p6.3d10.4s2.4p6.4d10.4f14.5s1,2S<1/2>,4f14 1S<0>,850.0,40,theoretical,5,5s1
87,Fr,27,60,Nd,[Kr].4d10.4f14,4f14,1s2.2s2.2p6.3s2.3p6.3d10.4s2.4p6.4d10.4f14,1S0,4f13 2F*<7/2>,910.0,50,theoretical,4,4f14
87,Fr,28,59,Pr,[Kr].4d10.4f13,4f13,1s2.2s2.2p6.3s2.3p6.3d10.4s2.4p6.4d10.4f13,2F*<7/2>,4f12,980.0,50,theoretical,4,4f13
87,Fr,29,58,Ce,[Kr].4d10.4f12,4f12,1s2.2s2.2p6.3s2.3p6.3d10.4s2.4p6.4d10.4f12,,4f11 4I*<15/2>,1040.0,50,theoretical,4,4f12
87,Fr,30,57,La,[Kr].4d10.4f11,4f11,1s2.2s2.2p6.3s2.3p6.3d10.4s2.4p6.4d10.4f11,4I*<15/2>,4f10 5I<8>,1110.0,50,theoretical,4,4f11
87,Fr,31,56,Ba,[Kr].4d10.4f10,4f10,1s2.2s2.2p6.3s2.3p6.3d10.4s2.4p6.4d10.4f10,5I<8>,4f9 6H*<15/2>,1180.0,60,theoretical,4,4f10
87,Fr,32,55,Cs,[Kr].4d10.4f9,4f9,1s2.2s2.2p6.3s2.3p6.3d10.4s2.4p6.4d10.4f9,6H*<15/2>,4f8 7F<6>,1250.0,60,theoretical,4,4f9
87,Fr,33,54,Xe,[Kr].4d10.4f8,4f8,1s2.2s2.2p6.3s2.3p6.3d10.4s2.4p6.4d10.4f8,7F<6>,4f7 8S*<7/2>,1320.0,70,theoretical,4,4f8
87,Fr,34,53,I,[Kr].4d10.4f7,4f7,1s2.2s2.2p6.3s2.3p6.3d10.4s2.4p6.4d10.4f7,8S*<7/2>,4f6 7F<0>,1380.0,70,theoretical,4,4f7
87,Fr,35,52,Te,[Kr].4d10.4f6,4f6,1s2.2s2.2p6.3s2.3p6.3d10.4s2.4p6.4d10.4f6,7F0,4f5 6H*<5/2>,1460.0,70,theoretical,4,4f6
87,Fr,36,51,Sb,[Kr].4d10.4f5,4f5,1s2.2s2.2p6.3s2.3p6.3d10.4s2.4p6.4d10.4f5,6H*<5/2>,4f4 5I<4>,1530.0,80,theoretical,4,4f5
87,Fr,37,50,Sn,[Kr].4d10.4f4,4f4,1s2.2s2.2p6.3s2.3p6.3d10.4s2.4p6.4d10.4f4,5I<4>,4f3 4I*<9/2>,1600.0,80,theoretical,4,4f4
87,Fr,38,49,In,[Kr].4d10.4f3,4f3,1s2.2s2.2p6.3s2.3p6.3d10.4s2.4p6.4d10.4f3,4I*<9/2>,4f2 3H<4>,1670.0,90,theoretical,4,4f3
87,Fr,39,48,Cd,[Kr].4d10.4f2,4f2,1s2.2s2.2p6.3s2.3p6.3d10.4s2.4p6.4d10.4f2,3H<4>,4f 2F*<5/2>,1740.0,90,theoretical,4,4f2
87,Fr,40,47,Ag,[Kr].4d10.4f,4f,1s2.2s2.2p6.3s2.3p6.3d10.4s2.4p6.4d10.4f1,2F*<5/2>,4d10 1S<0>,1810.0,90,theoretical,4,4f1
87,Fr,41,46,Pd,[Kr].4d10,4d10,1s2.2s2.2p6.3s2.3p6.3d10.4s2.4p6.4d10,1S0,4d9 2D<5/2>,2119.0,4,theoretical,4,4d10
87,Fr,42,45,Rh,[Kr].4d9,4d9,1s2.2s2.2p6.3s2.3p6.3d10.4s2.4p6.4d9,2D<5/2>,4d8 3F<4>,2182.0,4,theoretical,4,4d9
87,Fr,43,44,Ru,[Kr].4d8,4d8,1s2.2s2.2p6.3s2.3p6.3d10.4s2.4p6.4d8,3F<4>,4d7 4F<9/2>,2247.0,4,theoretical,4,4d8
87,Fr,44,43,Tc,[Kr].4d7,4d7,1s2.2s2.2p6.3s2.3p6.3d10.4s2.4p6.4d7,4F<9/2>,4d6 5D<4>,2317.0,4,theoretical,4,4d7
87,Fr,45,42,Mo,[Kr].4d6,4d6,1s2.2s2.2p6.3s2.3p6.3d10.4s2.4p6.4d6,5D<4>,"4d-4.4d+ (0,5/2)<5/2>",2384.0,4,theoretical,4,4d6
87,Fr,46,41,Nb,[Kr].4d5,4d-4.4d+,1s2.2s2.2p6.3s2.3p6.3d10.4s2.4p6.4d5,"(0,5/2)<5/2>",4d4 5D<0>,2450.0,4,theoretical,4,4d5
87,Fr,47,40,Zr,[Kr].4d4,4d4,1s2.2s2.2p6.3s2.3p6.3d10.4s2.4p6.4d4,5D0,4d3 4F<3/2>,2564.0,4,theoretical,4,4d4
87,Fr,48,39,Y,[Kr].4d3,4d3,1s2.2s2.2p6.3s2.3p6.3d10.4s2.4p6.4d3,4F<3/2>,4d2 3F<2>,2631.0,4,theoretical,4,4d3
87,Fr,49,38,Sr,[Kr].4d2,4d2,1s2.2s2.2p6.3s2.3p6.3d10.4s2.4p6.4d2,3F<2>,4d 2D<3/2>,2706.0,4,theoretical,4,4d2
87,Fr,50,37,Rb,[Kr].4d,4d,1s2.2s2.2p6.3s2.3p6.3d10.4s2.4p6.4d1,2D<3/2>,4p6 1S<0>,2774.0,4,theoretical,4,4d1
87,Fr,51,36,Kr,[Ar].3d10.4s2.4p6,4p6,1s2.2s2.2p6.3s2.3p6.3d10.4s2.4p6,1S0,4p5 2P*<3/2>,3049.0,4,theoretical,4,4p6
87,Fr,52,35,Br,[Ar].3d10.4s2.4p5,4p5,1s2.2s2.2p6.3s2.3p6.3d10.4s2.4p5,2P*<3/2>,4p4 3P<2>,3115.0,4,theoretical,4,4p5
87,Fr,53,34,Se,[Ar].3d10.4s2.4p4,4p4,1s2.2s2.2p6.3s2.3p6.3d10.4s2.4p4,3P<2>,"4p-2.4p+ (0,3/2)*<3/2>",3190.0,5,theoretical,4,4p4
87,Fr,54,33,As,[Ar].3d10.4s2.4p3,4p-2.4p+,1s2.2s2.2p6.3s2.3p6.3d10.4s2.4p3,"(0,3/2)*<3/2>",4p2 3P<0>,3257.0,5,theoretical,4,4p3
87,Fr,55,32,Ge,[Ar].3d10.4s2.4p2,4p2,1s2.2s2.2p6.3s2.3p6.3d10.4s2.4p2,3P0,4p 2P*<1/2>,3556.0,5,theoretical,4,4p2
87,Fr,56,31,Ga,[Ar].3d10.4s2.4p,4p,1s2.2s2.2p6.3s2.3p6.3d10.4s2.4p1,2P*<1/2>,4s2 1S<0>,3635.0,5,theoretical,4,4p1
87,Fr,57,30,Zn,[Ar].3d10.4s2,4s2,1s2.2s2.2p6.3s2.3p6.3d10.4s2,1S0,4s 2S<1/2>,3828.0,6,theoretical,4,4s2
87,Fr,58,29,Cu,[Ar].3d10.4s,4s,1s2.2s2.2p6.3s2.3p6.3d10.4s1,2S<1/2>,3d10 1S<0>,3907.0,4,semi-empirical,4,4s1
87,Fr,59,28,Ni,[Ar].3d10,3d10,1s2.2s2.2p6.3s2.3p6.3d10,1S0,3d9 2D<5/2>,6365.0,7,theoretical,3,3d10
87,Fr,60,27,Co,[Ar].3d9,3d9,1s2.2s2.2p6.3s2.3p6.3d9,2D<5/2>,3d8 3F<4>,6516.0,10,theoretical,3,3d9
87,Fr,61,26,Fe,[Ar].3d8,3d8,1s2.2s2.2p6.3s2.3p6.3d8,3F<4>,3d7 4F<9/2>,6678.0,12,theoretical,3,3d8
87,Fr,62,25,Mn,[Ar].3d7,3d7,1s2.2s2.2p6.3s2.3p6.3d7,4F<9/2>,"3d-4.3d+2 (0,4)<4>",6849.0,15,theoretical,3,3d7
87,Fr,63,24,Cr,[Ar].3d6,3d-4.3d+2,1s2.2s2.2p6.3s2.3p6.3d6,"(0,4)<4>","3d-4.3d+ (0,5/2)<5/2>",7013.0,19,theoretical,3,3d6
87,Fr,64,23,V,[Ar].3d5,3d-4.3d+,1s2.2s2.2p6.3s2.3p6.3d5,"(0,5/2)<5/2>",3d4 5D<0>,7172.0,24,theoretical,3,3d5
87,Fr,65,22,Ti,[Ar].3d4,3d4,1s2.2s2.2p6.3s2.3p6.3d4,5D0,3d3 4F<3/2>,7500.0,30,theoretical,3,3d4
87,Fr,66,21,Sc,[Ar].3d3,3d3,1s2.2s2.2p6.3s2.3p6.3d3,4F<3/2>,3d2 3F<2>,7670.0,40,theoretical,3,3d3
87,Fr,67,20,Ca,[Ar].3d2,3d2,1s2.2s2.2p6.3s2.3p6.3d2,3F<2>,3d 2D<3/2>,7850.0,40,theoretical,3,3d2
87,Fr,68,19,K,[Ar].3d,3d,1s2.2s2.2p6.3s2.3p6.3d1,2D<3/2>,3p6 1S<0>,8020.0,50,theoretical,3,3d1
87,Fr,69,18,Ar,[Ne].3s2.3p6,3p6,1s2.2s2.2p6.3s2.3p6,1S0,3p5 2P*<3/2>,8500.0,50,theoretical,3,3p6
87,Fr,70,17,Cl,[Ne].3s2.3p5,3p5,1s2.2s2.2p6.3s2.3p5,2P*<3/2>,3p4 3P<2>,8640.0,60,theoretical,3,3p5
87,Fr,71,16,S,[Ne].3s2.3p4,3p4,1s2.2s2.2p6.3s2.3p4,3P<2>,3p3 2P*<3/2>,8800.0,60,theoretical,3,3p4
87,Fr,72,15,P,[Ne].3s2.3p3,3p3,1s2.2s2.2p6.3s2.3p3,2P*<3/2>,3p2 3P<0>,8950.0,70,theoretical,3,3p3
87,Fr,73,14,Si,[Ne].3s2.3p2,3p2,1s2.2s2.2p6.3s2.3p2,3P0,3p 2P*<1/2>,9890.0,90,theoretical,3,3p2
87,Fr,74,13,Al,[Ne].3s2.3p,3p,1s2.2s2.2p6.3s2.3p1,2P*<1/2>,3s2 1S<0>,10070.0,90,theoretical,3,3p1
87,Fr,75,12,Mg,[Ne].3s2,3s2,1s2.2s2.2p6.3s2,1S0,3s 2S<1/2>,10420.0,100,theoretical,3,3s2
87,Fr,76,11,Na,[Ne].3s,3s,1s2.2s2.2p6.3s1,2S<1/2>,2p6 1S<0>,10590.0,110,theoretical,3,3s1
87,Fr,77,10,Ne,1s2.2s2.2p6,2p6,1s2.2s2.2p6,1S0,2p5 2P*<3/2>,22330.0,120,theoretical,2,2p6
87,Fr,78,9,F,1s2.2s2.2p5,2p5,1s2.2s2.2p5,2P*<3/2>,2p4 3P<2>,22730.0,120,theoretical,2,2p5
87,Fr,79,8,O,1s2.2s2.2p4,2p4,1s2.2s2.2p4,3P<2>,"2p2<1/2>.2p<3/2> (0,3/2)*<3/2>",23170.0,140,theoretical,2,2p4
87,Fr,80,7,N,1s2.2s2.2p3,2p2<1/2>.2p<3/2>,1s2.2s2.2p3,"(0,3/2)*<3/2>",2p2 3P<0>,23570.0,150,theoretical,2,2p3
87,Fr,81,6,C,1s2.2s2.2p2,2p2,1s2.2s2.2p2,3P0,2p 2P*<1/2>,27060.0,160,theoretical,2,2p2
87,Fr,82,5,B,1s2.2s2.2p,2p,1s2.2s2.2p1,2P*<1/2>,2s2 1S<0>,27590.0,170,theoretical,2,2p1
87,Fr,83,4,Be,1s2.2s2,2s2,1s2.2s2,1S0,2s 2S<1/2>,28260.0,190,theoretical,2,2s2
87,Fr,84,3,Li,1s2.2s,1s2.2s,1s2.2s1,2S<1/2>,1s2 1S<0>,28683.4,0.5,theoretical,2,2s1
87,Fr,85,2,He,1s2,1s2,1s2,1S0,1s 2S<1/2>,113821.9,0.5,theoretical,1,1s2
87,Fr,86,1,H,1s,1s,1s1,2S<1/2>,,115857.5,0.7,theoretical,1,1s1
88,Ra,0,88,Ra,[Rn].7s2,7s2,1s2.2s2.2p6.3s2.3p6.3d10.4s2.4p6.4d10.5s2.5p6.4f14.5d10.6s2.6p6.7s2,1S0,6p6.7s 2S<1/2>,5.2784239,0.0000025,experimental,7,7s2
88,Ra,1,87,Fr,[Rn].7s,7s,1s2.2s2.2p6.3s2.3p6.3d10.4s2.4p6.4d10.5s2.5p6.4f14.5d10.6s2.6p6.7s1,2S<1/2>,6p6 1S<0>,10.14718,0.00006,experimental,7,7s1
88,Ra,2,86,Rn,[Hg].6p6,6p6,1s2.2s2.2p6.3s2.3p6.3d10.4s2.4p6.4d10.5s2.5p6.4f14.5d10.6s2.6p6,1S0,6p5 2P*<3/2>,31.0,1.6,theoretical,6,6p6
88,Ra,3,85,At,[Hg].6p5,6p5,1s2.2s2.2p6.3s2.3p6.3d10.4s2.4p6.4d10.5s2.5p6.4f14.5d10.6s2.6p5,2P*<3/2>,6p4 3P<2>,41.0,1.7,theoretical,6,6p5
88,Ra,4,84,Po,[Hg].6p4,6p4,1s2.2s2.2p6.3s2.3p6.3d10.4s2.4p6.4d10.5s2.5p6.4f14.5d10.6s2.6p4,3P<2>,6p3 4S*<3/2>,52.9,1.9,theoretical,6,6p4
88,Ra,5,83,Bi,[Hg].6p3,6p3,1s2.2s2.2p6.3s2.3p6.3d10.4s2.4p6.4d10.5s2.5p6.4f14.5d10.6s2.6p3,4S*<3/2>,6p2 3P<0>,64.0,2.0,theoretical,6,6p3
88,Ra,6,82,Pb,[Hg].6p2,6p2,1s2.2s2.2p6.3s2.3p6.3d10.4s2.4p6.4d10.5s2.5p6.4f14.5d10.6s2.6p2,3P0,6p 2P*<1/2>,82.0,2.0,theoretical,6,6p2
88,Ra,7,81,Tl,[Hg].6p,6p,1s2.2s2.2p6.3s2.3p6.3d10.4s2.4p6.4d10.5s2.5p6.4f14.5d10.6s2.6p1,2P*<1/2>,6s2 1S<0>,97.0,2.1,theoretical,6,6p1
88,Ra,8,80,Hg,[Xe].4f14.5d10.6s2,6s2,1s2.2s2.2p6.3s2.3p6.3d10.4s2.4p6.4d10.5s2.5p6.4f14.5d10.6s2,1S0,6s 2S<1/2>,124.0,2.2,theoretical,6,6s2
88,Ra,9,79,Au,[Xe].4f14.5d10.6s,6s,1s2.2s2.2p6.3s2.3p6.3d10.4s2.4p6.4d10.5s2.5p6.4f14.5d10.6s1,2S<1/2>,5d10 1S<0>,140.0,2.2,theoretical,6,6s1
88,Ra,10,78,Pt,[Xe].4f14.5d10,5d10,1s2.2s2.2p6.3s2.3p6.3d10.4s2.4p6.4d10.5s2.5p6.4f14.5d10,1S0,5d9 2D<5/2>,204.9,2.4,theoretical,5,5d10
88,Ra,11,77,Ir,[Xe].4f14.5d9,5d9,1s2.2s2.2p6.3s2.3p6.3d10.4s2.4p6.4d10.5s2.5p6.4f14.5d9,2D<5/2>,5d8 3F<4>,227.0,2.5,theoretical,5,5d9
88,Ra,12,76,Os,[Xe].4f14.5d8,5d8,1s2.2s2.2p6.3s2.3p6.3d10.4s2.4p6.4d10.5s2.5p6.4f14.5d8,3F<4>,5d7 4F<9/2>,250.0,3,theoretical,5,5d8
88,Ra,13,75,Re,[Xe].4f14.5d7,5d7,1s2.2s2.2p6.3s2.3p6.3d10.4s2.4p6.4d10.5s2.5p6.4f14.5d7,4F<9/2>,5d6 5D<4>,274.0,3,theoretical,5,5d7
88,Ra,14,74,W,[Xe].4f14.5d6,5d6,1s2.2s2.2p6.3s2.3p6.3d10.4s2.4p6.4d10.5s2.5p6.4f14.5d6,5D<4>,5d5 6S<5/2>,299.0,3,theoretical,5,5d6
88,Ra,15,73,Ta,[Xe].4f14.5d5,5d5,1s2.2s2.2p6.3s2.3p6.3d10.4s2.4p6.4d10.5s2.5p6.4f14.5d5,6S<5/2>,5d4 5D<0>,324.0,3,theoretical,5,5d5
88,Ra,16,72,Hf,[Xe].4f14.5d4,5d4,1s2.2s2.2p6.3s2.3p6.3d10.4s2.4p6.4d10.5s2.5p6.4f14.5d4,5D0,5d3 4F<3/2>,356.0,3,theoretical,5,5d4
88,Ra,17,71,Lu,[Xe].4f14.5d3,5d3,1s2.2s2.2p6.3s2.3p6.3d10.4s2.4p6.4d10.5s2.5p6.4f14.5d3,4F<3/2>,5d2 3F<2>,382.0,3,theoretical,5,5d3
88,Ra,18,70,Yb,[Xe].4f14.5d2,5d2,1s2.2s2.2p6.3s2.3p6.3d10.4s2.4p6.4d10.5s2.5p6.4f14.5d2,3F<2>,5d 2D<3/2>,409.0,3,theoretical,5,5d2
88,Ra,19,69,Tm,[Xe].4f14.5d,5d,1s2.2s2.2p6.3s2.3p6.3d10.4s2.4p6.4d10.5s2.5p6.4f14.5d1,2D<3/2>,4f14 1S<0>,435.0,4,theoretical,5,5d1
88,Ra,20,68,Er,[Xe].4f14,4f14,1s2.2s2.2p6.3s2.3p6.3d10.4s2.4p6.4d10.5s2.5p6.4f14,1S0,4f14.5p5 2P*<3/2>,570.0,30,theoretical,5,4f14
88,Ra,21,67,Ho,[Cd].4f14.5p5,4f14.5p5,1s2.2s2.2p6.3s2.3p6.3d10.4s2.4p6.4d10.5s2.4f14.5p5,2P*<3/2>,4f14.5p4 3P<2>,600.0,30,theoretical,5,5p5
88,Ra,22,66,Dy,[Cd].4f14.5p4,4f14.5p4,1s2.2s2.2p6.3s2.3p6.3d10.4s2.4p6.4d10.5s2.4f14.5p4,3P<2>,4f14.5p3 2P*<3/2>,630.0,30,theoretical,5,5p4
88,Ra,23,65,Tb,[Cd].4f14.5p3,4f14.5p3,1s2.2s2.2p6.3s2.3p6.3d10.4s2.4p6.4d10.5s2.4f14.5p3,2P*<3/2>,4f14.5p2 3P<0>,660.0,30,theoretical,5,5p3
88,Ra,24,64,Gd,[Cd].4f14.5p2,4f14.5p2,1s2.2s2.2p6.3s2.3p6.3d10.4s2.4p6.4d10.5s2.4f14.5p2,3P0,4f14.5p 2P*<1/2>,740.0,40,theoretical,5,5p2
88,Ra,25,63,Eu,[Cd].4f14.5p,4f14.5p,1s2.2s2.2p6.3s2.3p6.3d10.4s2.4p6.4d10.5s2.4f14.5p1,2P*<1/2>,4f14 1S<0>,770.0,40,theoretical,5,5p1
88,Ra,26,62,Sm,[Cd].4f14,4f14,1s2.2s2.2p6.3s2.3p6.3d10.4s2.4p6.4d10.5s2.4f14,1S0,4f14.5s 2S<1/2>,860.0,40,theoretical,5,4f14
88,Ra,27,61,Pm,[Kr].4d10.4f14.5s,4f14.5s,1s2.2s2.2p6.3s2.3p6.3d10.4s2.4p6.4d10.4f14.5s1,2S<1/2>,4f14 1S<0>,900.0,40,theoretical,5,5s1
88,Ra,28,60,Nd,[Kr].4d10.4f14,4f14,1s2.2s2.2p6.3s2.3p6.3d10.4s2.4p6.4d10.4f14,1S0,4f13 2F*<7/2>,970.0,50,theoretical,4,4f14
88,Ra,29,59,Pr,[Kr].4d10.4f13,4f13,1s2.2s2.2p6.3s2.3p6.3d10.4s2.4p6.4d10.4f13,2F*<7/2>,4f12,1040.0,50,theoretical,4,4f13
88,Ra,30,58,Ce,[Kr].4d10.4f12,4f12,1s2.2s2.2p6.3s2.3p6.3d10.4s2.4p6.4d10.4f12,,4f11 4I*<15/2>,1110.0,60,theoretical,4,4f12
88,Ra,31,57,La,[Kr].4d10.4f11,4f11,1s2.2s2.2p6.3s2.3p6.3d10.4s2.4p6.4d10.4f11,4I*<15/2>,4f10 5I<8>,1180.0,60,theoretical,4,4f11
88,Ra,32,56,Ba,[Kr].4d10.4f10,4f10,1s2.2s2.2p6.3s2.3p6.3d10.4s2.4p6.4d10.4f10,5I<8>,4f9 6H*<15/2>,1250.0,60,theoretical,4,4f10
88,Ra,33,55,Cs,[Kr].4d10.4f9,4f9,1s2.2s2.2p6.3s2.3p6.3d10.4s2.4p6.4d10.4f9,6H*<15/2>,4f8 7F<6>,1320.0,70,theoretical,4,4f9
88,Ra,34,54,Xe,[Kr].4d10.4f8,4f8,1s2.2s2.2p6.3s2.3p6.3d10.4s2.4p6.4d10.4f8,7F<6>,4f7 8S*<7/2>,1390.0,70,theoretical,4,4f8
88,Ra,35,53,I,[Kr].4d10.4f7,4f7,1s2.2s2.2p6.3s2.3p6.3d10.4s2.4p6.4d10.4f7,8S*<7/2>,4f6 7F<0>,1460.0,70,theoretical,4,4f7
88,Ra,36,52,Te,[Kr].4d10.4f6,4f6,1s2.2s2.2p6.3s2.3p6.3d10.4s2.4p6.4d10.4f6,7F0,4f5 6H*<5/2>,1530.0,80,theoretical,4,4f6
88,Ra,37,51,Sb,[Kr].4d10.4f5,4f5,1s2.2s2.2p6.3s2.3p6.3d10.4s2.4p6.4d10.4f5,6H*<5/2>,4f4 5I<4>,1610.0,80,theoretical,4,4f5
88,Ra,38,50,Sn,[Kr].4d10.4f4,4f4,1s2.2s2.2p6.3s2.3p6.3d10.4s2.4p6.4d10.4f4,5I<4>,4f3 4I*<9/2>,1680.0,80,theoretical,4,4f4
88,Ra,39,49,In,[Kr].4d10.4f3,4f3,1s2.2s2.2p6.3s2.3p6.3d10.4s2.4p6.4d10.4f3,4I*<9/2>,4f2 3H<4>,1750.0,90,theoretical,4,4f3
88,Ra,40,48,Cd,[Kr].4d10.4f2,4f2,1s2.2s2.2p6.3s2.3p6.3d10.4s2.4p6.4d10.4f2,3H<4>,4f 2F*<5/2>,1820.0,90,theoretical,4,4f2
88,Ra,41,47,Ag,[Kr].4d10.4f,4f,1s2.2s2.2p6.3s2.3p6.3d10.4s2.4p6.4d10.4f1,2F*<5/2>,4d10 1S<0>,1880.0,100,theoretical,4,4f1
88,Ra,42,46,Pd,[Kr].4d10,4d10,1s2.2s2.2p6.3s2.3p6.3d10.4s2.4p6.4d10,1S0,4d9 2D<5/2>,2208.0,4,theoretical,4,4d10
88,Ra,43,45,Rh,[Kr].4d9,4d9,1s2.2s2.2p6.3s2.3p6.3d10.4s2.4p6.4d9,2D<5/2>,4d8 3F<4>,2271.0,4,theoretical,4,4d9
88,Ra,44,44,Ru,[Kr].4d8,4d8,1s2.2s2.2p6.3s2.3p6.3d10.4s2.4p6.4d8,3F<4>,4d7 4F<9/2>,2338.0,4,theoretical,4,4d8
88,Ra,45,43,Tc,[Kr].4d7,4d7,1s2.2s2.2p6.3s2.3p6.3d10.4s2.4p6.4d7,4F<9/2>,4d6 5D<4>,2409.0,4,theoretical,4,4d7
88,Ra,46,42,Mo,[Kr].4d6,4d6,1s2.2s2.2p6.3s2.3p6.3d10.4s2.4p6.4d6,5D<4>,"4d-4.4d+ (0,5/2)<5/2>",2477.0,4,theoretical,4,4d6
88,Ra,47,41,Nb,[Kr].4d5,4d-4.4d+,1s2.2s2.2p6.3s2.3p6.3d10.4s2.4p6.4d5,"(0,5/2)<5/2>",4d4 5D<0>,2544.0,4,theoretical,4,4d5
88,Ra,48,40,Zr,[Kr].4d4,4d4,1s2.2s2.2p6.3s2.3p6.3d10.4s2.4p6.4d4,5D0,4d3 4F<3/2>,2662.0,4,theoretical,4,4d4
88,Ra,49,39,Y,[Kr].4d3,4d3,1s2.2s2.2p6.3s2.3p6.3d10.4s2.4p6.4d3,4F<3/2>,4d2 3F<2>,2731.0,4,theoretical,4,4d3
88,Ra,50,38,Sr,[Kr].4d2,4d2,1s2.2s2.2p6.3s2.3p6.3d10.4s2.4p6.4d2,3F<2>,4d 2D<3/2>,2806.0,4,theoretical,4,4d2
88,Ra,51,37,Rb,[Kr].4d,4d,1s2.2s2.2p6.3s2.3p6.3d10.4s2.4p6.4d1,2D<3/2>,4p6 1S<0>,2876.0,4,theoretical,4,4d1
88,Ra,52,36,Kr,[Ar].3d10.4s2.4p6,4p6,1s2.2s2.2p6.3s2.3p6.3d10.4s2.4p6,1S0,4p5 2P*<3/2>,3155.0,4,theoretical,4,4p6
88,Ra,53,35,Br,[Ar].3d10.4s2.4p5,4p5,1s2.2s2.2p6.3s2.3p6.3d10.4s2.4p5,2P*<3/2>,4p4 3P<2>,3224.0,5,theoretical,4,4p5
88,Ra,54,34,Se,[Ar].3d10.4s2.4p4,4p4,1s2.2s2.2p6.3s2.3p6.3d10.4s2.4p4,3P<2>,"4p-2.4p+ (0,3/2)*<3/2>",3298.0,5,theoretical,4,4p4
88,Ra,55,33,As,[Ar].3d10.4s2.4p3,4p-2.4p+,1s2.2s2.2p6.3s2.3p6.3d10.4s2.4p3,"(0,3/2)*<3/2>",4p2 3P<0>,3368.0,5,theoretical,4,4p3
88,Ra,56,32,Ge,[Ar].3d10.4s2.4p2,4p2,1s2.2s2.2p6.3s2.3p6.3d10.4s2.4p2,3P0,4p 2P*<1/2>,3682.0,5,theoretical,4,4p2
88,Ra,57,31,Ga,[Ar].3d10.4s2.4p,4p,1s2.2s2.2p6.3s2.3p6.3d10.4s2.4p1,2P*<1/2>,4s2 1S<0>,3762.0,6,theoretical,4,4p1
88,Ra,58,30,Zn,[Ar].3d10.4s2,4s2,1s2.2s2.2p6.3s2.3p6.3d10.4s2,1S0,4s 2S<1/2>,3959.0,6,theoretical,4,4s2
88,Ra,59,29,Cu,[Ar].3d10.4s,4s,1s2.2s2.2p6.3s2.3p6.3d10.4s1,2S<1/2>,3d10 1S<0>,4040.0,4,semi-empirical,4,4s1
88,Ra,60,28,Ni,[Ar].3d10,3d10,1s2.2s2.2p6.3s2.3p6.3d10,1S0,3d9 2D<5/2>,6565.0,10,theoretical,3,3d10
88,Ra,61,27,Co,[Ar].3d9,3d9,1s2.2s2.2p6.3s2.3p6.3d9,2D<5/2>,3d8 3F<4>,6718.0,12,theoretical,3,3d9
88,Ra,62,26,Fe,[Ar].3d8,3d8,1s2.2s2.2p6.3s2.3p6.3d8,3F<4>,3d7 4F<9/2>,6881.0,15,theoretical,3,3d8
88,Ra,63,25,Mn,[Ar].3d7,3d7,1s2.2s2.2p6.3s2.3p6.3d7,4F<9/2>,"3d-4.3d+2 (0,4)<4>",7056.0,19,theoretical,3,3d7
88,Ra,64,24,Cr,[Ar].3d6,3d-4.3d+2,1s2.2s2.2p6.3s2.3p6.3d6,"(0,4)<4>","3d-4.3d+ (0,5/2)<5/2>",7222.0,24,theoretical,3,3d6
88,Ra,65,23,V,[Ar].3d5,3d-4.3d+,1s2.2s2.2p6.3s2.3p6.3d5,"(0,5/2)<5/2>",3d4 5D<0>,7380.0,30,theoretical,3,3d5
88,Ra,66,22,Ti,[Ar].3d4,3d4,1s2.2s2.2p6.3s2.3p6.3d4,5D0,3d3 4F<3/2>,7720.0,40,theoretical,3,3d4
88,Ra,67,21,Sc,[Ar].3d3,3d3,1s2.2s2.2p6.3s2.3p6.3d3,4F<3/2>,3d2 3F<2>,7890.0,40,theoretical,3,3d3
88,Ra,68,20,Ca,[Ar].3d2,3d2,1s2.2s2.2p6.3s2.3p6.3d2,3F<2>,3d 2D<3/2>,8080.0,50,theoretical,3,3d2
88,Ra,69,19,K,[Ar].3d,3d,1s2.2s2.2p6.3s2.3p6.3d1,2D<3/2>,3p6 1S<0>,8250.0,50,theoretical,3,3d1
88,Ra,70,18,Ar,[Ne].3s2.3p6,3p6,1s2.2s2.2p6.3s2.3p6,1S0,3p5 2P*<3/2>,8730.0,60,theoretical,3,3p6
88,Ra,71,17,Cl,[Ne].3s2.3p5,3p5,1s2.2s2.2p6.3s2.3p5,2P*<3/2>,3p4 3P<2>,8880.0,60,theoretical,3,3p5
88,Ra,72,16,S,[Ne].3s2.3p4,3p4,1s2.2s2.2p6.3s2.3p4,3P<2>,3p3 2P*<3/2>,9040.0,70,theoretical,3,3p4
88,Ra,73,15,P,[Ne].3s2.3p3,3p3,1s2.2s2.2p6.3s2.3p3,2P*<3/2>,3p2 3P<0>,9200.0,90,theoretical,3,3p3
88,Ra,74,14,Si,[Ne].3s2.3p2,3p2,1s2.2s2.2p6.3s2.3p2,3P0,3p 2P*<1/2>,10190.0,90,theoretical,3,3p2
88,Ra,75,13,Al,[Ne].3s2.3p,3p,1s2.2s2.2p6.3s2.3p1,2P*<1/2>,3s2 1S<0>,10360.0,100,theoretical,3,3p1
88,Ra,76,12,Mg,[Ne].3s2,3s2,1s2.2s2.2p6.3s2,1S0,3s 2S<1/2>,10720.0,110,theoretical,3,3s2
88,Ra,77,11,Na,[Ne].3s,3s,1s2.2s2.2p6.3s1,2S<1/2>,2p6 1S<0>,10890.0,120,theoretical,3,3s1
88,Ra,78,10,Ne,1s2.2s2.2p6,2p6,1s2.2s2.2p6,1S0,2p5 2P*<3/2>,22900.0,120,theoretical,2,2p6
88,Ra,79,9,F,1s2.2s2.2p5,2p5,1s2.2s2.2p5,2P*<3/2>,2p4 3P<2>,23300.0,140,theoretical,2,2p5
88,Ra,80,8,O,1s2.2s2.2p4,2p4,1s2.2s2.2p4,3P<2>,"2p2<1/2>.2p<3/2> (0,3/2)*<3/2>",23750.0,150,theoretical,2,2p4
88,Ra,81,7,N,1s2.2s2.2p3,2p2<1/2>.2p<3/2>,1s2.2s2.2p3,"(0,3/2)*<3/2>",2p2 3P<0>,24160.0,160,theoretical,2,2p3
88,Ra,82,6,C,1s2.2s2.2p2,2p2,1s2.2s2.2p2,3P0,2p 2P*<1/2>,27830.0,170,theoretical,2,2p2
88,Ra,83,5,B,1s2.2s2.2p,2p,1s2.2s2.2p1,2P*<1/2>,2s2 1S<0>,28370.0,190,theoretical,2,2p1
88,Ra,84,4,Be,1s2.2s2,2s2,1s2.2s2,1S0,2s 2S<1/2>,29050.0,200,theoretical,2,2s2
88,Ra,85,3,Li,1s2.2s,1s2.2s,1s2.2s1,2S<1/2>,1s2 1S<0>,29479.8,0.5,theoretical,2,2s1
88,Ra,86,2,He,1s2,1s2,1s2,1S0,1s 2S<1/2>,116853.5,0.5,theoretical,1,1s2
88,Ra,87,1,H,1s,1s,1s1,2S<1/2>,,118929.5,1.1,theoretical,1,1s1
89,Ac,0,89,Ac,[Rn].6d.7s2,6d.7s2,1s2.2s2.2p6.3s2.3p6.3d10.4s2.4p6.4d10.5s2.5p6.4f14.5d10.6s2.6p6.6d1.7s2,2D<3/2>,6p6.7s2 1S<0>,5.380235,0.000012,experimental,7,7s2
89,Ac,1,88,Ra,[Rn].7s2,7s2,1s2.2s2.2p6.3s2.3p6.3d10.4s2.4p6.4d10.5s2.5p6.4f14.5d10.6s2.6p6.7s2,1S0,6p6.7s 2S<1/2>,11.75,0.03,semi-empirical,7,7s2
89,Ac,2,87,Fr,[Rn].7s,7s,1s2.2s2.2p6.3s2.3p6.3d10.4s2.4p6.4d10.5s2.5p6.4f14.5d10.6s2.6p6.7s1,2S<1/2>,6p6 1S<0>,17.436,0.006,semi-empirical,7,7s1
89,Ac,3,86,Rn,[Hg].6p6,6p6,1s2.2s2.2p6.3s2.3p6.3d10.4s2.4p6.4d10.5s2.5p6.4f14.5d10.6s2.6p6,1S0,6p5 2P*<3/2>,44.8,1.4,semi-empirical,6,6p6
89,Ac,4,85,At,[Hg].6p5,6p5,1s2.2s2.2p6.3s2.3p6.3d10.4s2.4p6.4d10.5s2.5p6.4f14.5d10.6s2.6p5,2P*<3/2>,6p4 3P<2>,55.0,1.9,theoretical,6,6p5
89,Ac,5,84,Po,[Hg].6p4,6p4,1s2.2s2.2p6.3s2.3p6.3d10.4s2.4p6.4d10.5s2.5p6.4f14.5d10.6s2.6p4,3P<2>,6p3 4S*<3/2>,67.0,2.0,theoretical,6,6p4
89,Ac,6,83,Bi,[Hg].6p3,6p3,1s2.2s2.2p6.3s2.3p6.3d10.4s2.4p6.4d10.5s2.5p6.4f14.5d10.6s2.6p3,4S*<3/2>,6p2 3P<0>,79.0,2.0,theoretical,6,6p3
89,Ac,7,82,Pb,[Hg].6p2,6p2,1s2.2s2.2p6.3s2.3p6.3d10.4s2.4p6.4d10.5s2.5p6.4f14.5d10.6s2.6p2,3P0,6p 2P*<1/2>,98.9,2.1,theoretical,6,6p2
89,Ac,8,81,Tl,[Hg].6p,6p,1s2.2s2.2p6.3s2.3p6.3d10.4s2.4p6.4d10.5s2.5p6.4f14.5d10.6s2.6p1,2P*<1/2>,6s2 1S<0>,113.9,2.2,theoretical,6,6p1
89,Ac,9,80,Hg,[Xe].4f14.5d10.6s2,6s2,1s2.2s2.2p6.3s2.3p6.3d10.4s2.4p6.4d10.5s2.5p6.4f14.5d10.6s2,1S0,6s 2S<1/2>,143.9,2.2,theoretical,6,6s2
89,Ac,10,79,Au,[Xe].4f14.5d10.6s,6s,1s2.2s2.2p6.3s2.3p6.3d10.4s2.4p6.4d10.5s2.5p6.4f14.5d10.6s1,2S<1/2>,5d10 1S<0>,161.1,2.4,theoretical,6,6s1
89,Ac,11,78,Pt,[Xe].4f14.5d10,5d10,1s2.2s2.2p6.3s2.3p6.3d10.4s2.4p6.4d10.5s2.5p6.4f14.5d10,1S0,5d9 2D<5/2>,233.0,2.5,theoretical,5,5d10
89,Ac,12,77,Ir,[Xe].4f14.5d9,5d9,1s2.2s2.2p6.3s2.3p6.3d10.4s2.4p6.4d10.5s2.5p6.4f14.5d9,2D<5/2>,5d8 3F<4>,255.0,3,theoretical,5,5d9
89,Ac,13,76,Os,[Xe].4f14.5d8,5d8,1s2.2s2.2p6.3s2.3p6.3d10.4s2.4p6.4d10.5s2.5p6.4f14.5d8,3F<4>,5d7 4F<9/2>,279.0,3,theoretical,5,5d8
89,Ac,14,75,Re,[Xe].4f14.5d7,5d7,1s2.2s2.2p6.3s2.3p6.3d10.4s2.4p6.4d10.5s2.5p6.4f14.5d7,4F<9/2>,5d6 5D<4>,305.0,3,theoretical,5,5d7
89,Ac,15,74,W,[Xe].4f14.5d6,5d6,1s2.2s2.2p6.3s2.3p6.3d10.4s2.4p6.4d10.5s2.5p6.4f14.5d6,5D<4>,5d5 6S<5/2>,330.0,3,theoretical,5,5d6
89,Ac,16,73,Ta,[Xe].4f14.5d5,5d5,1s2.2s2.2p6.3s2.3p6.3d10.4s2.4p6.4d10.5s2.5p6.4f14.5d5,6S<5/2>,5d4 5D<0>,355.0,3,theoretical,5,5d5
89,Ac,17,72,Hf,[Xe].4f14.5d4,5d4,1s2.2s2.2p6.3s2.3p6.3d10.4s2.4p6.4d10.5s2.5p6.4f14.5d4,5D0,5d3 4F<3/2>,390.0,3,theoretical,5,5d4
89,Ac,18,71,Lu,[Xe].4f14.5d3,5d3,1s2.2s2.2p6.3s2.3p6.3d10.4s2.4p6.4d10.5s2.5p6.4f14.5d3,4F<3/2>,5d2 3F<2>,416.0,3,theoretical,5,5d3
89,Ac,19,70,Yb,[Xe].4f14.5d2,5d2,1s2.2s2.2p6.3s2.3p6.3d10.4s2.4p6.4d10.5s2.5p6.4f14.5d2,3F<2>,5d 2D<3/2>,444.0,4,theoretical,5,5d2
89,Ac,20,69,Tm,[Xe].4f14.5d,5d,1s2.2s2.2p6.3s2.3p6.3d10.4s2.4p6.4d10.5s2.5p6.4f14.5d1,2D<3/2>,4f14 1S<0>,470.0,4,theoretical,5,5d1
89,Ac,21,68,Er,[Xe].4f14,4f14,1s2.2s2.2p6.3s2.3p6.3d10.4s2.4p6.4d10.5s2.5p6.4f14,1S0,4f14.5p5 2P*<3/2>,610.0,30,theoretical,5,4f14
89,Ac,22,67,Ho,[Cd].4f14.5p5,4f14.5p5,1s2.2s2.2p6.3s2.3p6.3d10.4s2.4p6.4d10.5s2.4f14.5p5,2P*<3/2>,4f14.5p4 3P<2>,640.0,30,theoretical,5,5p5
89,Ac,23,66,Dy,[Cd].4f14.5p4,4f14.5p4,1s2.2s2.2p6.3s2.3p6.3d10.4s2.4p6.4d10.5s2.4f14.5p4,3P<2>,4f14.5p3 2P*<3/2>,670.0,30,theoretical,5,5p4
89,Ac,24,65,Tb,[Cd].4f14.5p3,4f14.5p3,1s2.2s2.2p6.3s2.3p6.3d10.4s2.4p6.4d10.5s2.4f14.5p3,2P*<3/2>,4f14.5p2 3P<0>,710.0,40,theoretical,5,5p3
89,Ac,25,64,Gd,[Cd].4f14.5p2,4f14.5p2,1s2.2s2.2p6.3s2.3p6.3d10.4s2.4p6.4d10.5s2.4f14.5p2,3P0,4f14.5p 2P*<1/2>,780.0,40,theoretical,5,5p2
89,Ac,26,63,Eu,[Cd].4f14.5p,4f14.5p,1s2.2s2.2p6.3s2.3p6.3d10.4s2.4p6.4d10.5s2.4f14.5p1,2P*<1/2>,4f14 1S<0>,820.0,40,theoretical,5,5p1
89,Ac,27,62,Sm,[Cd].4f14,4f14,1s2.2s2.2p6.3s2.3p6.3d10.4s2.4p6.4d10.5s2.4f14,1S0,4f14.5s 2S<1/2>,920.0,50,theoretical,5,4f14
89,Ac,28,61,Pm,[Kr].4d10.4f14.5s,4f14.5s,1s2.2s2.2p6.3s2.3p6.3d10.4s2.4p6.4d10.4f14.5s1,2S<1/2>,4f14 1S<0>,950.0,50,theoretical,5,5s1
89,Ac,29,60,Nd,[Kr].4d10.4f14,4f14,1s2.2s2.2p6.3s2.3p6.3d10.4s2.4p6.4d10.4f14,1S0,4f13 2F*<7/2>,1030.0,50,theoretical,4,4f14
89,Ac,30,59,Pr,[Kr].4d10.4f13,4f13,1s2.2s2.2p6.3s2.3p6.3d10.4s2.4p6.4d10.4f13,2F*<7/2>,4f12,1100.0,50,theoretical,4,4f13
89,Ac,31,58,Ce,[Kr].4d10.4f12,4f12,1s2.2s2.2p6.3s2.3p6.3d10.4s2.4p6.4d10.4f12,,4f11 4I*<15/2>,1170.0,60,theoretical,4,4f12
89,Ac,32,57,La,[Kr].4d10.4f11,4f11,1s2.2s2.2p6.3s2.3p6.3d10.4s2.4p6.4d10.4f11,4I*<15/2>,4f10 5I<8>,1240.0,60,theoretical,4,4f11
89,Ac,33,56,Ba,[Kr].4d10.4f10,4f10,1s2.2s2.2p6.3s2.3p6.3d10.4s2.4p6.4d10.4f10,5I<8>,4f9 6H*<15/2>,1310.0,70,theoretical,4,4f10
89,Ac,34,55,Cs,[Kr].4d10.4f9,4f9,1s2.2s2.2p6.3s2.3p6.3d10.4s2.4p6.4d10.4f9,6H*<15/2>,4f8 7F<6>,1380.0,70,theoretical,4,4f9
89,Ac,35,54,Xe,[Kr].4d10.4f8,4f8,1s2.2s2.2p6.3s2.3p6.3d10.4s2.4p6.4d10.4f8,7F<6>,4f7 8S*<7/2>,1460.0,70,theoretical,4,4f8
89,Ac,36,53,I,[Kr].4d10.4f7,4f7,1s2.2s2.2p6.3s2.3p6.3d10.4s2.4p6.4d10.4f7,8S*<7/2>,4f6 7F<0>,1530.0,80,theoretical,4,4f7
89,Ac,37,52,Te,[Kr].4d10.4f6,4f6,1s2.2s2.2p6.3s2.3p6.3d10.4s2.4p6.4d10.4f6,7F0,4f5 6H*<5/2>,1610.0,80,theoretical,4,4f6
89,Ac,38,51,Sb,[Kr].4d10.4f5,4f5,1s2.2s2.2p6.3s2.3p6.3d10.4s2.4p6.4d10.4f5,6H*<5/2>,4f4 5I<4>,1680.0,80,theoretical,4,4f5
89,Ac,39,50,Sn,[Kr].4d10.4f4,4f4,1s2.2s2.2p6.3s2.3p6.3d10.4s2.4p6.4d10.4f4,5I<4>,4f3 4I*<9/2>,1750.0,90,theoretical,4,4f4
89,Ac,40,49,In,[Kr].4d10.4f3,4f3,1s2.2s2.2p6.3s2.3p6.3d10.4s2.4p6.4d10.4f3,4I*<9/2>,4f2 3H<4>,1820.0,90,theoretical,4,4f3
89,Ac,41,48,Cd,[Kr].4d10.4f2,4f2,1s2.2s2.2p6.3s2.3p6.3d10.4s2.4p6.4d10.4f2,3H<4>,4f 2F*<5/2>,1900.0,100,theoretical,4,4f2
89,Ac,42,47,Ag,[Kr].4d10.4f,4f,1s2.2s2.2p6.3s2.3p6.3d10.4s2.4p6.4d10.4f1,2F*<5/2>,4d10 1S<0>,1970.0,100,theoretical,4,4f1
89,Ac,43,46,Pd,[Kr].4d10,4d10,1s2.2s2.2p6.3s2.3p6.3d10.4s2.4p6.4d10,1S0,4d9 2D<5/2>,2298.0,4,theoretical,4,4d10
89,Ac,44,45,Rh,[Kr].4d9,4d9,1s2.2s2.2p6.3s2.3p6.3d10.4s2.4p6.4d9,2D<5/2>,4d8 3F<4>,2362.0,4,theoretical,4,4d9
89,Ac,45,44,Ru,[Kr].4d8,4d8,1s2.2s2.2p6.3s2.3p6.3d10.4s2.4p6.4d8,3F<4>,4d7 4F<9/2>,2430.0,4,theoretical,4,4d8
89,Ac,46,43,Tc,[Kr].4d7,4d7,1s2.2s2.2p6.3s2.3p6.3d10.4s2.4p6.4d7,4F<9/2>,4d6 5D<4>,2503.0,4,theoretical,4,4d7
89,Ac,47,42,Mo,[Kr].4d6,4d6,1s2.2s2.2p6.3s2.3p6.3d10.4s2.4p6.4d6,5D<4>,"4d-4.4d+ (0,5/2)<5/2>",2572.0,4,theoretical,4,4d6
89,Ac,48,41,Nb,[Kr].4d5,4d-4.4d+,1s2.2s2.2p6.3s2.3p6.3d10.4s2.4p6.4d5,"(0,5/2)<5/2>",4d4 5D<0>,2639.0,4,theoretical,4,4d5
89,Ac,49,40,Zr,[Kr].4d4,4d4,1s2.2s2.2p6.3s2.3p6.3d10.4s2.4p6.4d4,5D0,4d3 4F<3/2>,2762.0,4,theoretical,4,4d4
89,Ac,50,39,Y,[Kr].4d3,4d3,1s2.2s2.2p6.3s2.3p6.3d10.4s2.4p6.4d3,4F<3/2>,4d2 3F<2>,2833.0,4,theoretical,4,4d3
89,Ac,51,38,Sr,[Kr].4d2,4d2,1s2.2s2.2p6.3s2.3p6.3d10.4s2.4p6.4d2,3F<2>,4d 2D<3/2>,2908.0,4,theoretical,4,4d2
89,Ac,52,37,Rb,[Kr].4d,4d,1s2.2s2.2p6.3s2.3p6.3d10.4s2.4p6.4d1,2D<3/2>,4p6 1S<0>,2980.0,4,theoretical,4,4d1
89,Ac,53,36,Kr,[Ar].3d10.4s2.4p6,4p6,1s2.2s2.2p6.3s2.3p6.3d10.4s2.4p6,1S0,4p5 2P*<3/2>,3264.0,5,theoretical,4,4p6
89,Ac,54,35,Br,[Ar].3d10.4s2.4p5,4p5,1s2.2s2.2p6.3s2.3p6.3d10.4s2.4p5,2P*<3/2>,4p4 3P<2>,3334.0,5,theoretical,4,4p5
89,Ac,55,34,Se,[Ar].3d10.4s2.4p4,4p4,1s2.2s2.2p6.3s2.3p6.3d10.4s2.4p4,3P<2>,"4p-2.4p+ (0,3/2)*<3/2>",3409.0,5,theoretical,4,4p4
89,Ac,56,33,As,[Ar].3d10.4s2.4p3,4p-2.4p+,1s2.2s2.2p6.3s2.3p6.3d10.4s2.4p3,"(0,3/2)*<3/2>",4p2 3P<0>,3479.0,5,theoretical,4,4p3
89,Ac,57,32,Ge,[Ar].3d10.4s2.4p2,4p2,1s2.2s2.2p6.3s2.3p6.3d10.4s2.4p2,3P0,4p 2P*<1/2>,3811.0,6,theoretical,4,4p2
89,Ac,58,31,Ga,[Ar].3d10.4s2.4p,4p,1s2.2s2.2p6.3s2.3p6.3d10.4s2.4p1,2P*<1/2>,4s2 1S<0>,3893.0,6,theoretical,4,4p1
89,Ac,59,30,Zn,[Ar].3d10.4s2,4s2,1s2.2s2.2p6.3s2.3p6.3d10.4s2,1S0,4s 2S<1/2>,4093.0,7,theoretical,4,4s2
89,Ac,60,29,Cu,[Ar].3d10.4s,4s,1s2.2s2.2p6.3s2.3p6.3d10.4s1,2S<1/2>,3d10 1S<0>,4175.0,4,semi-empirical,4,4s1
89,Ac,61,28,Ni,[Ar].3d10,3d10,1s2.2s2.2p6.3s2.3p6.3d10,1S0,3d9 2D<5/2>,6767.0,12,theoretical,3,3d10
89,Ac,62,27,Co,[Ar].3d9,3d9,1s2.2s2.2p6.3s2.3p6.3d9,2D<5/2>,3d8 3F<4>,6923.0,15,theoretical,3,3d9
89,Ac,63,26,Fe,[Ar].3d8,3d8,1s2.2s2.2p6.3s2.3p6.3d8,3F<4>,3d7 4F<9/2>,7088.0,19,theoretical,3,3d8
89,Ac,64,25,Mn,[Ar].3d7,3d7,1s2.2s2.2p6.3s2.3p6.3d7,4F<9/2>,"3d-4.3d+2 (0,4)<4>",7265.0,24,theoretical,3,3d7
89,Ac,65,24,Cr,[Ar].3d6,3d-4.3d+2,1s2.2s2.2p6.3s2.3p6.3d6,"(0,4)<4>","3d-4.3d+ (0,5/2)<5/2>",7430.0,30,theoretical,3,3d6
89,Ac,66,23,V,[Ar].3d5,3d-4.3d+,1s2.2s2.2p6.3s2.3p6.3d5,"(0,5/2)<5/2>",3d4 5D<0>,7600.0,40,theoretical,3,3d5
89,Ac,67,22,Ti,[Ar].3d4,3d4,1s2.2s2.2p6.3s2.3p6.3d4,5D0,3d3 4F<3/2>,7950.0,40,theoretical,3,3d4
89,Ac,68,21,Sc,[Ar].3d3,3d3,1s2.2s2.2p6.3s2.3p6.3d3,4F<3/2>,3d2 3F<2>,8120.0,50,theoretical,3,3d3
89,Ac,69,20,Ca,[Ar].3d2,3d2,1s2.2s2.2p6.3s2.3p6.3d2,3F<2>,3d 2D<3/2>,8310.0,50,theoretical,3,3d2
89,Ac,70,19,K,[Ar].3d,3d,1s2.2s2.2p6.3s2.3p6.3d1,2D<3/2>,3p6 1S<0>,8480.0,60,theoretical,3,3d1
89,Ac,71,18,Ar,[Ne].3s2.3p6,3p6,1s2.2s2.2p6.3s2.3p6,1S0,3p5 2P*<3/2>,8970.0,60,theoretical,3,3p6
89,Ac,72,17,Cl,[Ne].3s2.3p5,3p5,1s2.2s2.2p6.3s2.3p5,2P*<3/2>,3p4 3P<2>,9120.0,70,theoretical,3,3p5
89,Ac,73,16,S,[Ne].3s2.3p4,3p4,1s2.2s2.2p6.3s2.3p4,3P<2>,3p3 2P*<3/2>,9290.0,90,theoretical,3,3p4
89,Ac,74,15,P,[Ne].3s2.3p3,3p3,1s2.2s2.2p6.3s2.3p3,2P*<3/2>,3p2 3P<0>,9440.0,90,theoretical,3,3p3
89,Ac,75,14,Si,[Ne].3s2.3p2,3p2,1s2.2s2.2p6.3s2.3p2,3P0,3p 2P*<1/2>,10480.0,100,theoretical,3,3p2
89,Ac,76,13,Al,[Ne].3s2.3p,3p,1s2.2s2.2p6.3s2.3p1,2P*<1/2>,3s2 1S<0>,10660.0,110,theoretical,3,3p1
89,Ac,77,12,Mg,[Ne].3s2,3s2,1s2.2s2.2p6.3s2,1S0,3s 2S<1/2>,11030.0,120,theoretical,3,3s2
89,Ac,78,11,Na,[Ne].3s,3s,1s2.2s2.2p6.3s1,2S<1/2>,2p6 1S<0>,11200.0,120,theoretical,3,3s1
89,Ac,79,10,Ne,1s2.2s2.2p6,2p6,1s2.2s2.2p6,1S0,2p5 2P*<3/2>,23480.0,140,theoretical,2,2p6
89,Ac,80,9,F,1s2.2s2.2p5,2p5,1s2.2s2.2p5,2P*<3/2>,2p4 3P<2>,23890.0,150,theoretical,2,2p5
89,Ac,81,8,O,1s2.2s2.2p4,2p4,1s2.2s2.2p4,3P<2>,"2p2<1/2>.2p<3/2> (0,3/2)*<3/2>",24340.0,160,theoretical,2,2p4
89,Ac,82,7,N,1s2.2s2.2p3,2p2<1/2>.2p<3/2>,1s2.2s2.2p3,"(0,3/2)*<3/2>",2p2 3P<0>,24760.0,170,theoretical,2,2p3
89,Ac,83,6,C,1s2.2s2.2p2,2p2,1s2.2s2.2p2,3P0,2p 2P*<1/2>,28610.0,190,theoretical,2,2p2
89,Ac,84,5,B,1s2.2s2.2p,2p,1s2.2s2.2p1,2P*<1/2>,2s2 1S<0>,29160.0,200,theoretical,2,2p1
89,Ac,85,4,Be,1s2.2s2,2s2,1s2.2s2,1S0,2s 2S<1/2>,29850.0,220,theoretical,2,2s2
89,Ac,86,3,Li,1s2.2s,1s2.2s,1s2.2s1,2S<1/2>,1s2 1S<0>,30293.1,0.5,theoretical,2,2s1
89,Ac,87,2,He,1s2,1s2,1s2,1S0,1s 2S<1/2>,119945.7,0.6,theoretical,1,1s2
89,Ac,88,1,H,1s,1s,1s1,2S<1/2>,,122063.1,2.2,theoretical,1,1s1
90,Th,0,90,Th,[Rn].6d2.7s2,6d2.7s2,1s2.2s2.2p6.3s2.3p6.3d10.4s2.4p6.4d10.5s2.5p6.4f14.5d10.6s2.6p6.6d2.7s2,3F<2>,6d.7s2 2D<3/2>,6.3067,0.00025,experimental,7,7s2
90,Th,1,89,Ac,[Rn].6d.7s2,6d.7s2,1s2.2s2.2p6.3s2.3p6.3d10.4s2.4p6.4d10.5s2.5p6.4f14.5d10.6s2.6p6.6d1.7s2,2D<3/2>,5f.6d 3H*<4>,12.1,0.20,experimental,7,7s2
90,Th,2,88,Ra,[Rn].5f.6d,5f.6d,1s2.2s2.2p6.3s2.3p6.3d10.4s2.4p6.4d10.5s2.5p6.4f14.5d10.6s2.6p6.5f1.6d1,3H*<4>,5f.6p6 2F*<5/2>,18.32,0.05,semi-empirical,6,6d1
90,Th,3,87,Fr,[Rn].5f,5f.6p6,1s2.2s2.2p6.3s2.3p6.3d10.4s2.4p6.4d10.5s2.5p6.4f14.5d10.6s2.6p6.5f1,2F*<5/2>,6p6 1S<0>,28.648,0.025,experimental,6,5f1
90,Th,4,86,Rn,[Hg].6p6,6p6,1s2.2s2.2p6.3s2.3p6.3d10.4s2.4p6.4d10.5s2.5p6.4f14.5d10.6s2.6p6,1S0,6p5 2P*<3/2>,58.0,1.9,theoretical,6,6p6
90,Th,5,85,At,[Hg].6p5,6p5,1s2.2s2.2p6.3s2.3p6.3d10.4s2.4p6.4d10.5s2.5p6.4f14.5d10.6s2.6p5,2P*<3/2>,6p4 3P<2>,69.1,2.0,theoretical,6,6p5
90,Th,6,84,Po,[Hg].6p4,6p4,1s2.2s2.2p6.3s2.3p6.3d10.4s2.4p6.4d10.5s2.5p6.4f14.5d10.6s2.6p4,3P<2>,6p3 4S*<3/2>,82.0,2.0,theoretical,6,6p4
90,Th,7,83,Bi,[Hg].6p3,6p3,1s2.2s2.2p6.3s2.3p6.3d10.4s2.4p6.4d10.5s2.5p6.4f14.5d10.6s2.6p3,4S*<3/2>,6p2 3P<0>,95.0,2.1,theoretical,6,6p3
90,Th,8,82,Pb,[Hg].6p2,6p2,1s2.2s2.2p6.3s2.3p6.3d10.4s2.4p6.4d10.5s2.5p6.4f14.5d10.6s2.6p2,3P0,6p 2P*<1/2>,118.0,2.2,theoretical,6,6p2
90,Th,9,81,Tl,[Hg].6p,6p,1s2.2s2.2p6.3s2.3p6.3d10.4s2.4p6.4d10.5s2.5p6.4f14.5d10.6s2.6p1,2P*<1/2>,6s2 1S<0>,133.0,2.2,theoretical,6,6p1
90,Th,10,80,Hg,[Xe].4f14.5d10.6s2,6s2,1s2.2s2.2p6.3s2.3p6.3d10.4s2.4p6.4d10.5s2.5p6.4f14.5d10.6s2,1S0,6s 2S<1/2>,165.0,2.4,theoretical,6,6s2
90,Th,11,79,Au,[Xe].4f14.5d10.6s,6s,1s2.2s2.2p6.3s2.3p6.3d10.4s2.4p6.4d10.5s2.5p6.4f14.5d10.6s1,2S<1/2>,5d10 1S<0>,181.0,2.5,theoretical,6,6s1
90,Th,12,78,Pt,[Xe].4f14.5d10,5d10,1s2.2s2.2p6.3s2.3p6.3d10.4s2.4p6.4d10.5s2.5p6.4f14.5d10,1S0,5d9 2D<5/2>,262.0,3,theoretical,5,5d10
90,Th,13,77,Ir,[Xe].4f14.5d9,5d9,1s2.2s2.2p6.3s2.3p6.3d10.4s2.4p6.4d10.5s2.5p6.4f14.5d9,2D<5/2>,5d8 3F<4>,285.0,3,theoretical,5,5d9
90,Th,14,76,Os,[Xe].4f14.5d8,5d8,1s2.2s2.2p6.3s2.3p6.3d10.4s2.4p6.4d10.5s2.5p6.4f14.5d8,3F<4>,5d7 4F<9/2>,310.0,3,theoretical,5,5d8
90,Th,15,75,Re,[Xe].4f14.5d7,5d7,1s2.2s2.2p6.3s2.3p6.3d10.4s2.4p6.4d10.5s2.5p6.4f14.5d7,4F<9/2>,5d6 5D<4>,336.0,3,theoretical,5,5d7
90,Th,16,74,W,[Xe].4f14.5d6,5d6,1s2.2s2.2p6.3s2.3p6.3d10.4s2.4p6.4d10.5s2.5p6.4f14.5d6,5D<4>,5d5 6S<5/2>,362.0,3,theoretical,5,5d6
90,Th,17,73,Ta,[Xe].4f14.5d5,5d5,1s2.2s2.2p6.3s2.3p6.3d10.4s2.4p6.4d10.5s2.5p6.4f14.5d5,6S<5/2>,5d4 5D<0>,389.0,3,theoretical,5,5d5
90,Th,18,72,Hf,[Xe].4f14.5d4,5d4,1s2.2s2.2p6.3s2.3p6.3d10.4s2.4p6.4d10.5s2.5p6.4f14.5d4,5D0,5d3 4F<3/2>,424.0,3,theoretical,5,5d4
90,Th,19,71,Lu,[Xe].4f14.5d3,5d3,1s2.2s2.2p6.3s2.3p6.3d10.4s2.4p6.4d10.5s2.5p6.4f14.5d3,4F<3/2>,5d2 3F<2>,451.0,4,theoretical,5,5d3
90,Th,20,70,Yb,[Xe].4f14.5d2,5d2,1s2.2s2.2p6.3s2.3p6.3d10.4s2.4p6.4d10.5s2.5p6.4f14.5d2,3F<2>,5d 2D<3/2>,480.0,4,theoretical,5,5d2
90,Th,21,69,Tm,[Xe].4f14.5d,5d,1s2.2s2.2p6.3s2.3p6.3d10.4s2.4p6.4d10.5s2.5p6.4f14.5d1,2D<3/2>,4f14 1S<0>,508.0,4,theoretical,5,5d1
90,Th,22,68,Er,[Xe].4f14,4f14,1s2.2s2.2p6.3s2.3p6.3d10.4s2.4p6.4d10.5s2.5p6.4f14,1S0,4f14.5p5 2P*<3/2>,650.0,40,theoretical,5,4f14
90,Th,23,67,Ho,[Cd].4f14.5p5,4f14.5p5,1s2.2s2.2p6.3s2.3p6.3d10.4s2.4p6.4d10.5s2.4f14.5p5,2P*<3/2>,4f14.5p4 3P<2>,680.0,30,theoretical,5,5p5
90,Th,24,66,Dy,[Cd].4f14.5p4,4f14.5p4,1s2.2s2.2p6.3s2.3p6.3d10.4s2.4p6.4d10.5s2.4f14.5p4,3P<2>,4f14.5p3 2P*<3/2>,720.0,40,theoretical,5,5p4
90,Th,25,65,Tb,[Cd].4f14.5p3,4f14.5p3,1s2.2s2.2p6.3s2.3p6.3d10.4s2.4p6.4d10.5s2.4f14.5p3,2P*<3/2>,4f14.5p2 3P<0>,750.0,40,theoretical,5,5p3
90,Th,26,64,Gd,[Cd].4f14.5p2,4f14.5p2,1s2.2s2.2p6.3s2.3p6.3d10.4s2.4p6.4d10.5s2.4f14.5p2,3P0,4f14.5p 2P*<1/2>,830.0,40,theoretical,5,5p2
90,Th,27,63,Eu,[Cd].4f14.5p,4f14.5p,1s2.2s2.2p6.3s2.3p6.3d10.4s2.4p6.4d10.5s2.4f14.5p1,2P*<1/2>,4f14 1S<0>,870.0,40,theoretical,5,5p1
90,Th,28,62,Sm,[Cd].4f14,4f14,1s2.2s2.2p6.3s2.3p6.3d10.4s2.4p6.4d10.5s2.4f14,1S0,4f14.5s 2S<1/2>,970.0,50,theoretical,5,4f14
90,Th,29,61,Pm,[Kr].4d10.4f14.5s,4f14.5s,1s2.2s2.2p6.3s2.3p6.3d10.4s2.4p6.4d10.4f14.5s1,2S<1/2>,4f14 1S<0>,1010.0,50,theoretical,5,5s1
90,Th,30,60,Nd,[Kr].4d10.4f14,4f14,1s2.2s2.2p6.3s2.3p6.3d10.4s2.4p6.4d10.4f14,1S0,4f13 2F*<7/2>,1090.0,50,theoretical,4,4f14
90,Th,31,59,Pr,[Kr].4d10.4f13,4f13,1s2.2s2.2p6.3s2.3p6.3d10.4s2.4p6.4d10.4f13,2F*<7/2>,4f12,1160.0,60,theoretical,4,4f13
90,Th,32,58,Ce,[Kr].4d10.4f12,4f12,1s2.2s2.2p6.3s2.3p6.3d10.4s2.4p6.4d10.4f12,,4f11 4I*<15/2>,1240.0,60,theoretical,4,4f12
90,Th,33,57,La,[Kr].4d10.4f11,4f11,1s2.2s2.2p6.3s2.3p6.3d10.4s2.4p6.4d10.4f11,4I*<15/2>,4f10 5I<8>,1310.0,60,theoretical,4,4f11
90,Th,34,56,Ba,[Kr].4d10.4f10,4f10,1s2.2s2.2p6.3s2.3p6.3d10.4s2.4p6.4d10.4f10,5I<8>,4f9 6H*<15/2>,1380.0,70,theoretical,4,4f10
90,Th,35,55,Cs,[Kr].4d10.4f9,4f9,1s2.2s2.2p6.3s2.3p6.3d10.4s2.4p6.4d10.4f9,6H*<15/2>,4f8 7F<6>,1460.0,70,theoretical,4,4f9
90,Th,36,54,Xe,[Kr].4d10.4f8,4f8,1s2.2s2.2p6.3s2.3p6.3d10.4s2.4p6.4d10.4f8,7F<6>,4f7 8S*<7/2>,1530.0,80,theoretical,4,4f8
90,Th,37,53,I,[Kr].4d10.4f7,4f7,1s2.2s2.2p6.3s2.3p6.3d10.4s2.4p6.4d10.4f7,8S*<7/2>,4f6 7F<0>,1600.0,80,theoretical,4,4f7
90,Th,38,52,Te,[Kr].4d10.4f6,4f6,1s2.2s2.2p6.3s2.3p6.3d10.4s2.4p6.4d10.4f6,7F0,4f5 6H*<5/2>,1680.0,80,theoretical,4,4f6
90,Th,39,51,Sb,[Kr].4d10.4f5,4f5,1s2.2s2.2p6.3s2.3p6.3d10.4s2.4p6.4d10.4f5,6H*<5/2>,4f4 5I<4>,1760.0,90,theoretical,4,4f5
90,Th,40,50,Sn,[Kr].4d10.4f4,4f4,1s2.2s2.2p6.3s2.3p6.3d10.4s2.4p6.4d10.4f4,5I<4>,4f3 4I*<9/2>,1830.0,90,theoretical,4,4f4
90,Th,41,49,In,[Kr].4d10.4f3,4f3,1s2.2s2.2p6.3s2.3p6.3d10.4s2.4p6.4d10.4f3,4I*<9/2>,4f2 3H<4>,1910.0,100,theoretical,4,4f3
90,Th,42,48,Cd,[Kr].4d10.4f2,4f2,1s2.2s2.2p6.3s2.3p6.3d10.4s2.4p6.4d10.4f2,3H<4>,4f 2F*<5/2>,1980.0,100,theoretical,4,4f2
90,Th,43,47,Ag,[Kr].4d10.4f,4f,1s2.2s2.2p6.3s2.3p6.3d10.4s2.4p6.4d10.4f1,2F*<5/2>,4d10 1S<0>,2060.0,100,theoretical,4,4f1
90,Th,44,46,Pd,[Kr].4d10,4d10,1s2.2s2.2p6.3s2.3p6.3d10.4s2.4p6.4d10,1S0,4d9 2D<5/2>,2390.0,4,theoretical,4,4d10
90,Th,45,45,Rh,[Kr].4d9,4d9,1s2.2s2.2p6.3s2.3p6.3d10.4s2.4p6.4d9,2D<5/2>,4d8 3F<4>,2455.0,4,theoretical,4,4d9
90,Th,46,44,Ru,[Kr].4d8,4d8,1s2.2s2.2p6.3s2.3p6.3d10.4s2.4p6.4d8,3F<4>,4d7 4F<9/2>,2524.0,4,theoretical,4,4d8
90,Th,47,43,Tc,[Kr].4d7,4d7,1s2.2s2.2p6.3s2.3p6.3d10.4s2.4p6.4d7,4F<9/2>,4d6 5D<4>,2598.0,4,theoretical,4,4d7
90,Th,48,42,Mo,[Kr].4d6,4d6,1s2.2s2.2p6.3s2.3p6.3d10.4s2.4p6.4d6,5D<4>,"4d-4.4d+ (0,5/2)<5/2>",2669.0,4,theoretical,4,4d6
90,Th,49,41,Nb,[Kr].4d5,4d-4.4d+,1s2.2s2.2p6.3s2.3p6.3d10.4s2.4p6.4d5,"(0,5/2)<5/2>",4d4 5D<0>,2737.0,4,theoretical,4,4d5
90,Th,50,40,Zr,[Kr].4d4,4d4,1s2.2s2.2p6.3s2.3p6.3d10.4s2.4p6.4d4,5D0,4d3 4F<3/2>,2864.0,4,theoretical,4,4d4
90,Th,51,39,Y,[Kr].4d3,4d3,1s2.2s2.2p6.3s2.3p6.3d10.4s2.4p6.4d3,4F<3/2>,4d2 3F<2>,2935.0,4,theoretical,4,4d3
90,Th,52,38,Sr,[Kr].4d2,4d2,1s2.2s2.2p6.3s2.3p6.3d10.4s2.4p6.4d2,3F<2>,4d 2D<3/2>,3013.0,4,theoretical,4,4d2
90,Th,53,37,Rb,[Kr].4d,4d,1s2.2s2.2p6.3s2.3p6.3d10.4s2.4p6.4d1,2D<3/2>,4p6 1S<0>,3086.0,5,theoretical,4,4d1
90,Th,54,36,Kr,[Ar].3d10.4s2.4p6,4p6,1s2.2s2.2p6.3s2.3p6.3d10.4s2.4p6,1S0,4p5 2P*<3/2>,3375.0,5,theoretical,4,4p6
90,Th,55,35,Br,[Ar].3d10.4s2.4p5,4p5,1s2.2s2.2p6.3s2.3p6.3d10.4s2.4p5,2P*<3/2>,4p4 3P<2>,3445.0,5,theoretical,4,4p5
90,Th,56,34,Se,[Ar].3d10.4s2.4p4,4p4,1s2.2s2.2p6.3s2.3p6.3d10.4s2.4p4,3P<2>,"4p-2.4p+ (0,3/2)*<3/2>",3522.0,5,theoretical,4,4p4
90,Th,57,33,As,[Ar].3d10.4s2.4p3,4p-2.4p+,1s2.2s2.2p6.3s2.3p6.3d10.4s2.4p3,"(0,3/2)*<3/2>",4p2 3P<0>,3593.0,6,theoretical,4,4p3
90,Th,58,32,Ge,[Ar].3d10.4s2.4p2,4p2,1s2.2s2.2p6.3s2.3p6.3d10.4s2.4p2,3P0,4p 2P*<1/2>,3943.0,6,theoretical,4,4p2
90,Th,59,31,Ga,[Ar].3d10.4s2.4p,4p,1s2.2s2.2p6.3s2.3p6.3d10.4s2.4p1,2P*<1/2>,4s2 1S<0>,4025.0,7,theoretical,4,4p1
90,Th,60,30,Zn,[Ar].3d10.4s2,4s2,1s2.2s2.2p6.3s2.3p6.3d10.4s2,1S0,4s 2S<1/2>,4230.0,10,theoretical,4,4s2
90,Th,61,29,Cu,[Ar].3d10.4s,4s,1s2.2s2.2p6.3s2.3p6.3d10.4s1,2S<1/2>,3d10 1S<0>,4313.0,4,semi-empirical,4,4s1
90,Th,62,28,Ni,[Ar].3d10,3d10,1s2.2s2.2p6.3s2.3p6.3d10,1S0,3d9 2D<5/2>,6972.0,15,theoretical,3,3d10
90,Th,63,27,Co,[Ar].3d9,3d9,1s2.2s2.2p6.3s2.3p6.3d9,2D<5/2>,3d8 3F<4>,7130.0,19,theoretical,3,3d9
90,Th,64,26,Fe,[Ar].3d8,3d8,1s2.2s2.2p6.3s2.3p6.3d8,3F<4>,3d7 4F<9/2>,7299.0,24,theoretical,3,3d8
90,Th,65,25,Mn,[Ar].3d7,3d7,1s2.2s2.2p6.3s2.3p6.3d7,4F<9/2>,"3d-4.3d+2 (0,4)<4>",7480.0,30,theoretical,3,3d7
90,Th,66,24,Cr,[Ar].3d6,3d-4.3d+2,1s2.2s2.2p6.3s2.3p6.3d6,"(0,4)<4>","3d-4.3d+ (0,5/2)<5/2>",7650.0,40,theoretical,3,3d6
90,Th,67,23,V,[Ar].3d5,3d-4.3d+,1s2.2s2.2p6.3s2.3p6.3d5,"(0,5/2)<5/2>",3d4 5D<0>,7810.0,40,theoretical,3,3d5
90,Th,68,22,Ti,[Ar].3d4,3d4,1s2.2s2.2p6.3s2.3p6.3d4,5D0,3d3 4F<3/2>,8180.0,50,theoretical,3,3d4
90,Th,69,21,Sc,[Ar].3d3,3d3,1s2.2s2.2p6.3s2.3p6.3d3,4F<3/2>,3d2 3F<2>,8350.0,50,theoretical,3,3d3
90,Th,70,20,Ca,[Ar].3d2,3d2,1s2.2s2.2p6.3s2.3p6.3d2,3F<2>,3d 2D<3/2>,8550.0,60,theoretical,3,3d2
90,Th,71,19,K,[Ar].3d,3d,1s2.2s2.2p6.3s2.3p6.3d1,2D<3/2>,3p6 1S<0>,8720.0,60,theoretical,3,3d1
90,Th,72,18,Ar,[Ne].3s2.3p6,3p6,1s2.2s2.2p6.3s2.3p6,1S0,3p5 2P*<3/2>,9220.0,70,theoretical,3,3p6
90,Th,73,17,Cl,[Ne].3s2.3p5,3p5,1s2.2s2.2p6.3s2.3p5,2P*<3/2>,3p4 3P<2>,9370.0,90,theoretical,3,3p5
90,Th,74,16,S,[Ne].3s2.3p4,3p4,1s2.2s2.2p6.3s2.3p4,3P<2>,3p3 2P*<3/2>,9540.0,90,theoretical,3,3p4
90,Th,75,15,P,[Ne].3s2.3p3,3p3,1s2.2s2.2p6.3s2.3p3,2P*<3/2>,3p2 3P<0>,9690.0,100,theoretical,3,3p3
90,Th,76,14,Si,[Ne].3s2.3p2,3p2,1s2.2s2.2p6.3s2.3p2,3P0,3p 2P*<1/2>,10790.0,110,theoretical,3,3p2
90,Th,77,13,Al,[Ne].3s2.3p,3p,1s2.2s2.2p6.3s2.3p1,2P*<1/2>,3s2 1S<0>,10970.0,120,theoretical,3,3p1
90,Th,78,12,Mg,[Ne].3s2,3s2,1s2.2s2.2p6.3s2,1S0,3s 2S<1/2>,11340.0,120,theoretical,3,3s2
90,Th,79,11,Na,[Ne].3s,3s,1s2.2s2.2p6.3s1,2S<1/2>,2p6 1S<0>,11510.0,140,theoretical,3,3s1
90,Th,80,10,Ne,1s2.2s2.2p6,2p6,1s2.2s2.2p6,1S0,2p5 2P*<3/2>,24060.0,150,theoretical,2,2p6
90,Th,81,9,F,1s2.2s2.2p5,2p5,1s2.2s2.2p5,2P*<3/2>,2p4 3P<2>,24480.0,160,theoretical,2,2p5
90,Th,82,8,O,1s2.2s2.2p4,2p4,1s2.2s2.2p4,3P<2>,"2p2<1/2>.2p<3/2> (0,3/2)*<3/2>",24940.0,170,theoretical,2,2p4
90,Th,83,7,N,1s2.2s2.2p3,2p2<1/2>.2p<3/2>,1s2.2s2.2p3,"(0,3/2)*<3/2>",2p2 3P<0>,25360.0,190,theoretical,2,2p3
90,Th,84,6,C,1s2.2s2.2p2,2p2,1s2.2s2.2p2,3P0,2p 2P*<1/2>,29410.0,200,theoretical,2,2p2
90,Th,85,5,B,1s2.2s2.2p,2p,1s2.2s2.2p1,2P*<1/2>,2s2 1S<0>,29970.0,220,theoretical,2,2p1
90,Th,86,4,Be,1s2.2s2,2s2,1s2.2s2,1S0,2s 2S<1/2>,30680.0,240,theoretical,2,2s2
90,Th,87,3,Li,1s2.2s,1s2.2s,1s2.2s1,2S<1/2>,1s2 1S<0>,31122.8,0.6,theoretical,2,2s1
90,Th,88,2,He,1s2,1s2,1s2,1S0,1s 2S<1/2>,123091.0,0.6,theoretical,1,1s2
90,Th,89,1,H,1s,1s,1s1,2S<1/2>,,125250.3,0.7,theoretical,1,1s1
91,Pa,0,91,Pa,[Rn].5f2.6d.7s2,5f2.6d.7s2,1s2.2s2.2p6.3s2.3p6.3d10.4s2.4p6.4d10.5s2.5p6.4f14.5d10.6s2.6p6.5f2.6d1.7s2,4K<11/2>,5f2.7s2 3H<4>,5.89,0.12,semi-empirical,7,7s2
91,Pa,1,90,Th,[Rn].5f2.7s2,5f2.7s2,1s2.2s2.2p6.3s2.3p6.3d10.4s2.4p6.4d10.5s2.5p6.4f14.5d10.6s2.6p6.5f2.7s2,3H<4>,5f2.6d 4I<11/2>,11.9,0.4,semi-empirical,7,7s2
91,Pa,2,89,Ac,[Rn].5f2.6d,5f2.6p6.6d,1s2.2s2.2p6.3s2.3p6.3d10.4s2.4p6.4d10.5s2.5p6.4f14.5d10.6s2.6p6.5f2.6d1,4I<11/2>,5f2.6p6 3H<4>,18.6,0.4,semi-empirical,6,6d1
91,Pa,3,88,Ra,[Rn].5f2,5f2.6p6,1s2.2s2.2p6.3s2.3p6.3d10.4s2.4p6.4d10.5s2.5p6.4f14.5d10.6s2.6p6.5f2,3H<4>,5f.6p6 2F*<5/2>,30.9,0.4,semi-empirical,6,5f2
91,Pa,4,87,Fr,[Rn].5f,5f.6p6,1s2.2s2.2p6.3s2.3p6.3d10.4s2.4p6.4d10.5s2.5p6.4f14.5d10.6s2.6p6.5f1,2F*<5/2>,6p6 1S<0>,44.3,0.4,theoretical,6,5f1
91,Pa,5,86,Rn,[Hg].6p6,6p6,1s2.2s2.2p6.3s2.3p6.3d10.4s2.4p6.4d10.5s2.5p6.4f14.5d10.6s2.6p6,1S0,6p5 2P*<3/2>,72.0,2.0,theoretical,6,6p6
91,Pa,6,85,At,[Hg].6p5,6p5,1s2.2s2.2p6.3s2.3p6.3d10.4s2.4p6.4d10.5s2.5p6.4f14.5d10.6s2.6p5,2P*<3/2>,6p4 3P<2>,85.1,2.0,theoretical,6,6p5
91,Pa,7,84,Po,[Hg].6p4,6p4,1s2.2s2.2p6.3s2.3p6.3d10.4s2.4p6.4d10.5s2.5p6.4f14.5d10.6s2.6p4,3P<2>,6p3 4S*<3/2>,98.9,2.1,theoretical,6,6p4
91,Pa,8,83,Bi,[Hg].6p3,6p3,1s2.2s2.2p6.3s2.3p6.3d10.4s2.4p6.4d10.5s2.5p6.4f14.5d10.6s2.6p3,4S*<3/2>,6p2 3P<0>,111.0,2.2,theoretical,6,6p3
91,Pa,9,82,Pb,[Hg].6p2,6p2,1s2.2s2.2p6.3s2.3p6.3d10.4s2.4p6.4d10.5s2.5p6.4f14.5d10.6s2.6p2,3P0,6p 2P*<1/2>,137.0,2.2,theoretical,6,6p2
91,Pa,10,81,Tl,[Hg].6p,6p,1s2.2s2.2p6.3s2.3p6.3d10.4s2.4p6.4d10.5s2.5p6.4f14.5d10.6s2.6p1,2P*<1/2>,6s2 1S<0>,153.0,2.4,theoretical,6,6p1
91,Pa,11,80,Hg,[Xe].4f14.5d10.6s2,6s2,1s2.2s2.2p6.3s2.3p6.3d10.4s2.4p6.4d10.5s2.5p6.4f14.5d10.6s2,1S0,6s 2S<1/2>,187.0,2.5,theoretical,6,6s2
91,Pa,12,79,Au,[Xe].4f14.5d10.6s,6s,1s2.2s2.2p6.3s2.3p6.3d10.4s2.4p6.4d10.5s2.5p6.4f14.5d10.6s1,2S<1/2>,5d10 1S<0>,203.0,3,theoretical,6,6s1
91,Pa,13,78,Pt,[Xe].4f14.5d10,5d10,1s2.2s2.2p6.3s2.3p6.3d10.4s2.4p6.4d10.5s2.5p6.4f14.5d10,1S0,5d9 2D<5/2>,292.0,3,theoretical,5,5d10
91,Pa,14,77,Ir,[Xe].4f14.5d9,5d9,1s2.2s2.2p6.3s2.3p6.3d10.4s2.4p6.4d10.5s2.5p6.4f14.5d9,2D<5/2>,5d8 3F<4>,316.0,3,theoretical,5,5d9
91,Pa,15,76,Os,[Xe].4f14.5d8,5d8,1s2.2s2.2p6.3s2.3p6.3d10.4s2.4p6.4d10.5s2.5p6.4f14.5d8,3F<4>,5d7 4F<9/2>,342.0,3,theoretical,5,5d8
91,Pa,16,75,Re,[Xe].4f14.5d7,5d7,1s2.2s2.2p6.3s2.3p6.3d10.4s2.4p6.4d10.5s2.5p6.4f14.5d7,4F<9/2>,5d6 5D<4>,369.0,3,theoretical,5,5d7
91,Pa,17,74,W,[Xe].4f14.5d6,5d6,1s2.2s2.2p6.3s2.3p6.3d10.4s2.4p6.4d10.5s2.5p6.4f14.5d6,5D<4>,5d5 6S<5/2>,395.0,3,theoretical,5,5d6
91,Pa,18,73,Ta,[Xe].4f14.5d5,5d5,1s2.2s2.2p6.3s2.3p6.3d10.4s2.4p6.4d10.5s2.5p6.4f14.5d5,6S<5/2>,5d4 5D<0>,423.0,3,theoretical,5,5d5
91,Pa,19,72,Hf,[Xe].4f14.5d4,5d4,1s2.2s2.2p6.3s2.3p6.3d10.4s2.4p6.4d10.5s2.5p6.4f14.5d4,5D0,5d3 4F<3/2>,460.0,4,theoretical,5,5d4
91,Pa,20,71,Lu,[Xe].4f14.5d3,5d3,1s2.2s2.2p6.3s2.3p6.3d10.4s2.4p6.4d10.5s2.5p6.4f14.5d3,4F<3/2>,5d2 3F<2>,488.0,4,theoretical,5,5d3
91,Pa,21,70,Yb,[Xe].4f14.5d2,5d2,1s2.2s2.2p6.3s2.3p6.3d10.4s2.4p6.4d10.5s2.5p6.4f14.5d2,3F<2>,5d 2D<3/2>,518.0,4,theoretical,5,5d2
91,Pa,22,69,Tm,[Xe].4f14.5d,5d,1s2.2s2.2p6.3s2.3p6.3d10.4s2.4p6.4d10.5s2.5p6.4f14.5d1,2D<3/2>,4f14 1S<0>,546.0,4,theoretical,5,5d1
91,Pa,23,68,Er,[Xe].4f14,4f14,1s2.2s2.2p6.3s2.3p6.3d10.4s2.4p6.4d10.5s2.5p6.4f14,1S0,4f14.5p5 2P*<3/2>,690.0,40,theoretical,5,4f14
91,Pa,24,67,Ho,[Cd].4f14.5p5,4f14.5p5,1s2.2s2.2p6.3s2.3p6.3d10.4s2.4p6.4d10.5s2.4f14.5p5,2P*<3/2>,4f14.5p4 3P<2>,720.0,40,theoretical,5,5p5
91,Pa,25,66,Dy,[Cd].4f14.5p4,4f14.5p4,1s2.2s2.2p6.3s2.3p6.3d10.4s2.4p6.4d10.5s2.4f14.5p4,3P<2>,4f14.5p3 2P*<3/2>,760.0,40,theoretical,5,5p4
91,Pa,26,65,Tb,[Cd].4f14.5p3,4f14.5p3,1s2.2s2.2p6.3s2.3p6.3d10.4s2.4p6.4d10.5s2.4f14.5p3,2P*<3/2>,4f14.5p2 3P<0>,790.0,40,theoretical,5,5p3
91,Pa,27,64,Gd,[Cd].4f14.5p2,4f14.5p2,1s2.2s2.2p6.3s2.3p6.3d10.4s2.4p6.4d10.5s2.4f14.5p2,3P0,4f14.5p 2P*<1/2>,880.0,40,theoretical,5,5p2
91,Pa,28,63,Eu,[Cd].4f14.5p,4f14.5p,1s2.2s2.2p6.3s2.3p6.3d10.4s2.4p6.4d10.5s2.4f14.5p1,2P*<1/2>,4f14 1S<0>,920.0,50,theoretical,5,5p1
91,Pa,29,62,Sm,[Cd].4f14,4f14,1s2.2s2.2p6.3s2.3p6.3d10.4s2.4p6.4d10.5s2.4f14,1S0,4f14.5s 2S<1/2>,1020.0,50,theoretical,5,4f14
91,Pa,30,61,Pm,[Kr].4d10.4f14.5s,4f14.5s,1s2.2s2.2p6.3s2.3p6.3d10.4s2.4p6.4d10.4f14.5s1,2S<1/2>,4f14 1S<0>,1060.0,50,theoretical,5,5s1
91,Pa,31,60,Nd,[Kr].4d10.4f14,4f14,1s2.2s2.2p6.3s2.3p6.3d10.4s2.4p6.4d10.4f14,1S0,4f13 2F*<7/2>,1150.0,60,theoretical,4,4f14
91,Pa,32,59,Pr,[Kr].4d10.4f13,4f13,1s2.2s2.2p6.3s2.3p6.3d10.4s2.4p6.4d10.4f13,2F*<7/2>,4f12,1220.0,60,theoretical,4,4f13
91,Pa,33,58,Ce,[Kr].4d10.4f12,4f12,1s2.2s2.2p6.3s2.3p6.3d10.4s2.4p6.4d10.4f12,,4f11 4I*<15/2>,1300.0,60,theoretical,4,4f12
91,Pa,34,57,La,[Kr].4d10.4f11,4f11,1s2.2s2.2p6.3s2.3p6.3d10.4s2.4p6.4d10.4f11,4I*<15/2>,4f10 5I<8>,1370.0,70,theoretical,4,4f11
91,Pa,35,56,Ba,[Kr].4d10.4f10,4f10,1s2.2s2.2p6.3s2.3p6.3d10.4s2.4p6.4d10.4f10,5I<8>,4f9 6H*<15/2>,1450.0,70,theoretical,4,4f10
91,Pa,36,55,Cs,[Kr].4d10.4f9,4f9,1s2.2s2.2p6.3s2.3p6.3d10.4s2.4p6.4d10.4f9,6H*<15/2>,4f8 7F<6>,1520.0,80,theoretical,4,4f9
91,Pa,37,54,Xe,[Kr].4d10.4f8,4f8,1s2.2s2.2p6.3s2.3p6.3d10.4s2.4p6.4d10.4f8,7F<6>,4f7 8S*<7/2>,1600.0,80,theoretical,4,4f8
91,Pa,38,53,I,[Kr].4d10.4f7,4f7,1s2.2s2.2p6.3s2.3p6.3d10.4s2.4p6.4d10.4f7,8S*<7/2>,4f6 7F<0>,1670.0,80,theoretical,4,4f7
91,Pa,39,52,Te,[Kr].4d10.4f6,4f6,1s2.2s2.2p6.3s2.3p6.3d10.4s2.4p6.4d10.4f6,7F0,4f5 6H*<5/2>,1760.0,90,theoretical,4,4f6
91,Pa,40,51,Sb,[Kr].4d10.4f5,4f5,1s2.2s2.2p6.3s2.3p6.3d10.4s2.4p6.4d10.4f5,6H*<5/2>,4f4 5I<4>,1830.0,90,theoretical,4,4f5
91,Pa,41,50,Sn,[Kr].4d10.4f4,4f4,1s2.2s2.2p6.3s2.3p6.3d10.4s2.4p6.4d10.4f4,5I<4>,4f3 4I*<9/2>,1910.0,100,theoretical,4,4f4
91,Pa,42,49,In,[Kr].4d10.4f3,4f3,1s2.2s2.2p6.3s2.3p6.3d10.4s2.4p6.4d10.4f3,4I*<9/2>,4f2 3H<4>,1980.0,100,theoretical,4,4f3
91,Pa,43,48,Cd,[Kr].4d10.4f2,4f2,1s2.2s2.2p6.3s2.3p6.3d10.4s2.4p6.4d10.4f2,3H<4>,4f 2F*<5/2>,2060.0,100,theoretical,4,4f2
91,Pa,44,47,Ag,[Kr].4d10.4f,4f,1s2.2s2.2p6.3s2.3p6.3d10.4s2.4p6.4d10.4f1,2F*<5/2>,4d10 1S<0>,2130.0,110,theoretical,4,4f1
91,Pa,45,46,Pd,[Kr].4d10,4d10,1s2.2s2.2p6.3s2.3p6.3d10.4s2.4p6.4d10,1S0,4d9 2D<5/2>,2483.0,4,theoretical,4,4d10
91,Pa,46,45,Rh,[Kr].4d9,4d9,1s2.2s2.2p6.3s2.3p6.3d10.4s2.4p6.4d9,2D<5/2>,4d8 3F<4>,2550.0,4,theoretical,4,4d9
91,Pa,47,44,Ru,[Kr].4d8,4d8,1s2.2s2.2p6.3s2.3p6.3d10.4s2.4p6.4d8,3F<4>,4d7 4F<9/2>,2620.0,4,theoretical,4,4d8
91,Pa,48,43,Tc,[Kr].4d7,4d7,1s2.2s2.2p6.3s2.3p6.3d10.4s2.4p6.4d7,4F<9/2>,4d6 5D<4>,2696.0,4,theoretical,4,4d7
91,Pa,49,42,Mo,[Kr].4d6,4d6,1s2.2s2.2p6.3s2.3p6.3d10.4s2.4p6.4d6,5D<4>,"4d-4.4d+ (0,5/2)<5/2>",2766.0,4,theoretical,4,4d6
91,Pa,50,41,Nb,[Kr].4d5,4d-4.4d+,1s2.2s2.2p6.3s2.3p6.3d10.4s2.4p6.4d5,"(0,5/2)<5/2>",4d4 5D<0>,2837.0,4,theoretical,4,4d5
91,Pa,51,40,Zr,[Kr].4d4,4d4,1s2.2s2.2p6.3s2.3p6.3d10.4s2.4p6.4d4,5D0,4d3 4F<3/2>,2968.0,4,theoretical,4,4d4
91,Pa,52,39,Y,[Kr].4d3,4d3,1s2.2s2.2p6.3s2.3p6.3d10.4s2.4p6.4d3,4F<3/2>,4d2 3F<2>,3040.0,4,theoretical,4,4d3
91,Pa,53,38,Sr,[Kr].4d2,4d2,1s2.2s2.2p6.3s2.3p6.3d10.4s2.4p6.4d2,3F<2>,4d 2D<3/2>,3119.0,5,theoretical,4,4d2
91,Pa,54,37,Rb,[Kr].4d,4d,1s2.2s2.2p6.3s2.3p6.3d10.4s2.4p6.4d1,2D<3/2>,4p6 1S<0>,3193.0,5,theoretical,4,4d1
91,Pa,55,36,Kr,[Ar].3d10.4s2.4p6,4p6,1s2.2s2.2p6.3s2.3p6.3d10.4s2.4p6,1S0,4p5 2P*<3/2>,3488.0,5,theoretical,4,4p6
91,Pa,56,35,Br,[Ar].3d10.4s2.4p5,4p5,1s2.2s2.2p6.3s2.3p6.3d10.4s2.4p5,2P*<3/2>,4p4 3P<2>,3558.0,5,theoretical,4,4p5
91,Pa,57,34,Se,[Ar].3d10.4s2.4p4,4p4,1s2.2s2.2p6.3s2.3p6.3d10.4s2.4p4,3P<2>,"4p-2.4p+ (0,3/2)*<3/2>",3637.0,6,theoretical,4,4p4
91,Pa,58,33,As,[Ar].3d10.4s2.4p3,4p-2.4p+,1s2.2s2.2p6.3s2.3p6.3d10.4s2.4p3,"(0,3/2)*<3/2>",4p2 3P<0>,3709.0,6,theoretical,4,4p3
91,Pa,59,32,Ge,[Ar].3d10.4s2.4p2,4p2,1s2.2s2.2p6.3s2.3p6.3d10.4s2.4p2,3P0,4p 2P*<1/2>,4077.0,7,theoretical,4,4p2
91,Pa,60,31,Ga,[Ar].3d10.4s2.4p,4p,1s2.2s2.2p6.3s2.3p6.3d10.4s2.4p1,2P*<1/2>,4s2 1S<0>,4161.0,10,theoretical,4,4p1
91,Pa,61,30,Zn,[Ar].3d10.4s2,4s2,1s2.2s2.2p6.3s2.3p6.3d10.4s2,1S0,4s 2S<1/2>,4370.0,12,theoretical,4,4s2
91,Pa,62,29,Cu,[Ar].3d10.4s,4s,1s2.2s2.2p6.3s2.3p6.3d10.4s1,2S<1/2>,3d10 1S<0>,4454.0,5,semi-empirical,4,4s1
91,Pa,63,28,Ni,[Ar].3d10,3d10,1s2.2s2.2p6.3s2.3p6.3d10,1S0,3d9 2D<5/2>,7181.0,19,theoretical,3,3d10
91,Pa,64,27,Co,[Ar].3d9,3d9,1s2.2s2.2p6.3s2.3p6.3d9,2D<5/2>,3d8 3F<4>,7341.0,24,theoretical,3,3d9
91,Pa,65,26,Fe,[Ar].3d8,3d8,1s2.2s2.2p6.3s2.3p6.3d8,3F<4>,3d7 4F<9/2>,7510.0,30,theoretical,3,3d8
91,Pa,66,25,Mn,[Ar].3d7,3d7,1s2.2s2.2p6.3s2.3p6.3d7,4F<9/2>,"3d-4.3d+2 (0,4)<4>",7690.0,40,theoretical,3,3d7
91,Pa,67,24,Cr,[Ar].3d6,3d-4.3d+2,1s2.2s2.2p6.3s2.3p6.3d6,"(0,4)<4>","3d-4.3d+ (0,5/2)<5/2>",7870.0,40,theoretical,3,3d6
91,Pa,68,23,V,[Ar].3d5,3d-4.3d+,1s2.2s2.2p6.3s2.3p6.3d5,"(0,5/2)<5/2>",3d4 5D<0>,8040.0,50,theoretical,3,3d5
91,Pa,69,22,Ti,[Ar].3d4,3d4,1s2.2s2.2p6.3s2.3p6.3d4,5D0,3d3 4F<3/2>,8410.0,50,theoretical,3,3d4
91,Pa,70,21,Sc,[Ar].3d3,3d3,1s2.2s2.2p6.3s2.3p6.3d3,4F<3/2>,3d2 3F<2>,8590.0,60,theoretical,3,3d3
91,Pa,71,20,Ca,[Ar].3d2,3d2,1s2.2s2.2p6.3s2.3p6.3d2,3F<2>,3d 2D<3/2>,8780.0,60,theoretical,3,3d2
91,Pa,72,19,K,[Ar].3d,3d,1s2.2s2.2p6.3s2.3p6.3d1,2D<3/2>,3p6 1S<0>,8960.0,70,theoretical,3,3d1
91,Pa,73,18,Ar,[Ne].3s2.3p6,3p6,1s2.2s2.2p6.3s2.3p6,1S0,3p5 2P*<3/2>,9460.0,90,theoretical,3,3p6
91,Pa,74,17,Cl,[Ne].3s2.3p5,3p5,1s2.2s2.2p6.3s2.3p5,2P*<3/2>,3p4 3P<2>,9620.0,90,theoretical,3,3p5
91,Pa,75,16,S,[Ne].3s2.3p4,3p4,1s2.2s2.2p6.3s2.3p4,3P<2>,3p3 2P*<3/2>,9790.0,100,theoretical,3,3p4
91,Pa,76,15,P,[Ne].3s2.3p3,3p3,1s2.2s2.2p6.3s2.3p3,2P*<3/2>,3p2 3P<0>,9950.0,110,theoretical,3,3p3
91,Pa,77,14,Si,[Ne].3s2.3p2,3p2,1s2.2s2.2p6.3s2.3p2,3P0,3p 2P*<1/2>,11100.0,120,theoretical,3,3p2
91,Pa,78,13,Al,[Ne].3s2.3p,3p,1s2.2s2.2p6.3s2.3p1,2P*<1/2>,3s2 1S<0>,11290.0,120,theoretical,3,3p1
91,Pa,79,12,Mg,[Ne].3s2,3s2,1s2.2s2.2p6.3s2,1S0,3s 2S<1/2>,11660.0,140,theoretical,3,3s2
91,Pa,80,11,Na,[Ne].3s,3s,1s2.2s2.2p6.3s1,2S<1/2>,2p6 1S<0>,11840.0,150,theoretical,3,3s1
91,Pa,81,10,Ne,1s2.2s2.2p6,2p6,1s2.2s2.2p6,1S0,2p5 2P*<3/2>,24660.0,160,theoretical,2,2p6
91,Pa,82,9,F,1s2.2s2.2p5,2p5,1s2.2s2.2p5,2P*<3/2>,2p4 3P<2>,25080.0,170,theoretical,2,2p5
91,Pa,83,8,O,1s2.2s2.2p4,2p4,1s2.2s2.2p4,3P<2>,"2p2<1/2>.2p<3/2> (0,3/2)*<3/2>",25540.0,190,theoretical,2,2p4
91,Pa,84,7,N,1s2.2s2.2p3,2p2<1/2>.2p<3/2>,1s2.2s2.2p3,"(0,3/2)*<3/2>",2p2 3P<0>,25970.0,200,theoretical,2,2p3
91,Pa,85,6,C,1s2.2s2.2p2,2p2,1s2.2s2.2p2,3P0,2p 2P*<1/2>,30230.0,220,theoretical,2,2p2
91,Pa,86,5,B,1s2.2s2.2p,2p,1s2.2s2.2p1,2P*<1/2>,2s2 1S<0>,30800.0,240,theoretical,2,2p1
91,Pa,87,4,Be,1s2.2s2,2s2,1s2.2s2,1S0,2s 2S<1/2>,31520.0,250,theoretical,2,2s2
91,Pa,88,3,Li,1s2.2s,1s2.2s,1s2.2s1,2S<1/2>,1s2 1S<0>,31971.6,0.6,theoretical,2,2s1
91,Pa,89,2,He,1s2,1s2,1s2,1S0,1s 2S<1/2>,126304.8,0.7,theoretical,1,1s2
91,Pa,90,1,H,1s,1s,1s1,2S<1/2>,,128507.0,3,theoretical,1,1s1
92,U,0,92,U,[Rn].5f3.6d.7s2,5f3.6d.7s2,1s2.2s2.2p6.3s2.3p6.3d10.4s2.4p6.4d10.5s2.5p6.4f14.5d10.6s2.6p6.5f3.6d1.7s2,5L*<6>,5f3.7s2 4I*<9/2>,6.19405,0.00006,experimental,7,7s2
92,U,1,91,Pa,[Rn].5f3.7s2,5f3.7s2,1s2.2s2.2p6.3s2.3p6.3d10.4s2.4p6.4d10.5s2.5p6.4f14.5d10.6s2.6p6.5f3.7s2,4I*<9/2>,5f4 5I<4>,11.6,0.4,experimental,7,7s2
92,U,2,90,Th,[Rn].5f4,5f4,1s2.2s2.2p6.3s2.3p6.3d10.4s2.4p6.4d10.5s2.5p6.4f14.5d10.6s2.6p6.5f4,5I<4>,5f3.6p6 4I*<9/2>,19.8,0.3,experimental,6,5f4
92,U,3,89,Ac,[Rn].5f3,5f3.6p6,1s2.2s2.2p6.3s2.3p6.3d10.4s2.4p6.4d10.5s2.5p6.4f14.5d10.6s2.6p6.5f3,4I*<9/2>,5f2.6p6 3H<4>,36.7,1.0,experimental,6,5f3
92,U,4,88,Ra,[Rn].5f2,5f2.6p6,1s2.2s2.2p6.3s2.3p6.3d10.4s2.4p6.4d10.5s2.5p6.4f14.5d10.6s2.6p6.5f2,3H<4>,5f.6p6 2F*<5/2>,46.0,1.9,theoretical,6,5f2
92,U,5,87,Fr,[Rn].5f,5f.6p6,1s2.2s2.2p6.3s2.3p6.3d10.4s2.4p6.4d10.5s2.5p6.4f14.5d10.6s2.6p6.5f1,2F*<5/2>,6p6 1S<0>,62.0,1.6,semi-empirical,6,5f1
92,U,6,86,Rn,[Hg].6p6,6p6,1s2.2s2.2p6.3s2.3p6.3d10.4s2.4p6.4d10.5s2.5p6.4f14.5d10.6s2.6p6,1S0,6p5 2P*<3/2>,89.0,2.0,theoretical,6,6p6
92,U,7,85,At,[Hg].6p5,6p5,1s2.2s2.2p6.3s2.3p6.3d10.4s2.4p6.4d10.5s2.5p6.4f14.5d10.6s2.6p5,2P*<3/2>,6p4 3P<2>,101.0,2.1,theoretical,6,6p5
92,U,8,84,Po,[Hg].6p4,6p4,1s2.2s2.2p6.3s2.3p6.3d10.4s2.4p6.4d10.5s2.5p6.4f14.5d10.6s2.6p4,3P<2>,6p3 4S*<3/2>,116.0,2.2,theoretical,6,6p4
92,U,9,83,Bi,[Hg].6p3,6p3,1s2.2s2.2p6.3s2.3p6.3d10.4s2.4p6.4d10.5s2.5p6.4f14.5d10.6s2.6p3,4S*<3/2>,6p2 3P<0>,128.9,2.2,theoretical,6,6p3
92,U,10,82,Pb,[Hg].6p2,6p2,1s2.2s2.2p6.3s2.3p6.3d10.4s2.4p6.4d10.5s2.5p6.4f14.5d10.6s2.6p2,3P0,6p 2P*<1/2>,158.0,2.4,theoretical,6,6p2
92,U,11,81,Tl,[Hg].6p,6p,1s2.2s2.2p6.3s2.3p6.3d10.4s2.4p6.4d10.5s2.5p6.4f14.5d10.6s2.6p1,2P*<1/2>,6s2 1S<0>,173.0,2.5,theoretical,6,6p1
92,U,12,80,Hg,[Xe].4f14.5d10.6s2,6s2,1s2.2s2.2p6.3s2.3p6.3d10.4s2.4p6.4d10.5s2.5p6.4f14.5d10.6s2,1S0,6s 2S<1/2>,210.0,3,theoretical,6,6s2
92,U,13,79,Au,[Xe].4f14.5d10.6s,6s,1s2.2s2.2p6.3s2.3p6.3d10.4s2.4p6.4d10.5s2.5p6.4f14.5d10.6s1,2S<1/2>,5d10 1S<0>,227.0,3,theoretical,6,6s1
92,U,14,78,Pt,[Xe].4f14.5d10,5d10,1s2.2s2.2p6.3s2.3p6.3d10.4s2.4p6.4d10.5s2.5p6.4f14.5d10,1S0,5d9 2D<5/2>,323.0,3,theoretical,5,5d10
92,U,15,77,Ir,[Xe].4f14.5d9,5d9,1s2.2s2.2p6.3s2.3p6.3d10.4s2.4p6.4d10.5s2.5p6.4f14.5d9,2D<5/2>,5d8 3F<4>,348.0,3,theoretical,5,5d9
92,U,16,76,Os,[Xe].4f14.5d8,5d8,1s2.2s2.2p6.3s2.3p6.3d10.4s2.4p6.4d10.5s2.5p6.4f14.5d8,3F<4>,5d7 4F<9/2>,375.0,3,theoretical,5,5d8
92,U,17,75,Re,[Xe].4f14.5d7,5d7,1s2.2s2.2p6.3s2.3p6.3d10.4s2.4p6.4d10.5s2.5p6.4f14.5d7,4F<9/2>,5d6 5D<4>,402.0,3,theoretical,5,5d7
92,U,18,74,W,[Xe].4f14.5d6,5d6,1s2.2s2.2p6.3s2.3p6.3d10.4s2.4p6.4d10.5s2.5p6.4f14.5d6,5D<4>,5d5 6S<5/2>,431.0,3,theoretical,5,5d6
92,U,19,73,Ta,[Xe].4f14.5d5,5d5,1s2.2s2.2p6.3s2.3p6.3d10.4s2.4p6.4d10.5s2.5p6.4f14.5d5,6S<5/2>,5d4 5D<0>,458.0,4,theoretical,5,5d5
92,U,20,72,Hf,[Xe].4f14.5d4,5d4,1s2.2s2.2p6.3s2.3p6.3d10.4s2.4p6.4d10.5s2.5p6.4f14.5d4,5D0,5d3 4F<3/2>,497.0,4,theoretical,5,5d4
92,U,21,71,Lu,[Xe].4f14.5d3,5d3,1s2.2s2.2p6.3s2.3p6.3d10.4s2.4p6.4d10.5s2.5p6.4f14.5d3,4F<3/2>,5d2 3F<2>,525.0,4,theoretical,5,5d3
92,U,22,70,Yb,[Xe].4f14.5d2,5d2,1s2.2s2.2p6.3s2.3p6.3d10.4s2.4p6.4d10.5s2.5p6.4f14.5d2,3F<2>,5d 2D<3/2>,557.0,4,theoretical,5,5d2
92,U,23,69,Tm,[Xe].4f14.5d,5d,1s2.2s2.2p6.3s2.3p6.3d10.4s2.4p6.4d10.5s2.5p6.4f14.5d1,2D<3/2>,4f14 1S<0>,585.0,4,theoretical,5,5d1
92,U,24,68,Er,[Xe].4f14,4f14,1s2.2s2.2p6.3s2.3p6.3d10.4s2.4p6.4d10.5s2.5p6.4f14,1S0,4f14.5p5 2P*<3/2>,730.0,40,theoretical,5,4f14
92,U,25,67,Ho,[Cd].4f14.5p5,4f14.5p5,1s2.2s2.2p6.3s2.3p6.3d10.4s2.4p6.4d10.5s2.4f14.5p5,2P*<3/2>,4f14.5p4 3P<2>,770.0,40,theoretical,5,5p5
92,U,26,66,Dy,[Cd].4f14.5p4,4f14.5p4,1s2.2s2.2p6.3s2.3p6.3d10.4s2.4p6.4d10.5s2.4f14.5p4,3P<2>,4f14.5p3 2P*<3/2>,800.0,40,theoretical,5,5p4
92,U,27,65,Tb,[Cd].4f14.5p3,4f14.5p3,1s2.2s2.2p6.3s2.3p6.3d10.4s2.4p6.4d10.5s2.4f14.5p3,2P*<3/2>,4f14.5p2 3P<0>,840.0,40,theoretical,5,5p3
92,U,28,64,Gd,[Cd].4f14.5p2,4f14.5p2,1s2.2s2.2p6.3s2.3p6.3d10.4s2.4p6.4d10.5s2.4f14.5p2,3P0,4f14.5p 2P*<1/2>,930.0,50,theoretical,5,5p2
92,U,29,63,Eu,[Cd].4f14.5p,4f14.5p,1s2.2s2.2p6.3s2.3p6.3d10.4s2.4p6.4d10.5s2.4f14.5p1,2P*<1/2>,4f14 1S<0>,970.0,50,theoretical,5,5p1
92,U,30,62,Sm,[Cd].4f14,4f14,1s2.2s2.2p6.3s2.3p6.3d10.4s2.4p6.4d10.5s2.4f14,1S0,4f14.5s 2S<1/2>,1070.0,50,theoretical,5,4f14
92,U,31,61,Pm,[Kr].4d10.4f14.5s,4f14.5s,1s2.2s2.2p6.3s2.3p6.3d10.4s2.4p6.4d10.4f14.5s1,2S<1/2>,4f14 1S<0>,1110.0,60,theoretical,5,5s1
92,U,32,60,Nd,[Kr].4d10.4f14,4f14,1s2.2s2.2p6.3s2.3p6.3d10.4s2.4p6.4d10.4f14,1S0,4f13 2F*<7/2>,1210.0,60,theoretical,4,4f14
92,U,33,59,Pr,[Kr].4d10.4f13,4f13,1s2.2s2.2p6.3s2.3p6.3d10.4s2.4p6.4d10.4f13,2F*<7/2>,4f12,1290.0,60,theoretical,4,4f13
92,U,34,58,Ce,[Kr].4d10.4f12,4f12,1s2.2s2.2p6.3s2.3p6.3d10.4s2.4p6.4d10.4f12,,4f11 4I*<15/2>,1370.0,70,theoretical,4,4f12
92,U,35,57,La,[Kr].4d10.4f11,4f11,1s2.2s2.2p6.3s2.3p6.3d10.4s2.4p6.4d10.4f11,4I*<15/2>,4f10 5I<8>,1440.0,70,theoretical,4,4f11
92,U,36,56,Ba,[Kr].4d10.4f10,4f10,1s2.2s2.2p6.3s2.3p6.3d10.4s2.4p6.4d10.4f10,5I<8>,4f9 6H*<15/2>,1520.0,80,theoretical,4,4f10
92,U,37,55,Cs,[Kr].4d10.4f9,4f9,1s2.2s2.2p6.3s2.3p6.3d10.4s2.4p6.4d10.4f9,6H*<15/2>,4f8 7F<6>,1590.0,80,theoretical,4,4f9
92,U,38,54,Xe,[Kr].4d10.4f8,4f8,1s2.2s2.2p6.3s2.3p6.3d10.4s2.4p6.4d10.4f8,7F<6>,4f7 8S*<7/2>,1670.0,80,theoretical,4,4f8
92,U,39,53,I,[Kr].4d10.4f7,4f7,1s2.2s2.2p6.3s2.3p6.3d10.4s2.4p6.4d10.4f7,8S*<7/2>,4f6 7F<0>,1750.0,90,theoretical,4,4f7
92,U,40,52,Te,[Kr].4d10.4f6,4f6,1s2.2s2.2p6.3s2.3p6.3d10.4s2.4p6.4d10.4f6,7F0,4f5 6H*<5/2>,1830.0,90,theoretical,4,4f6
92,U,41,51,Sb,[Kr].4d10.4f5,4f5,1s2.2s2.2p6.3s2.3p6.3d10.4s2.4p6.4d10.4f5,6H*<5/2>,4f4 5I<4>,1910.0,100,theoretical,4,4f5
92,U,42,50,Sn,[Kr].4d10.4f4,4f4,1s2.2s2.2p6.3s2.3p6.3d10.4s2.4p6.4d10.4f4,5I<4>,4f3 4I*<9/2>,1990.0,100,theoretical,4,4f4
92,U,43,49,In,[Kr].4d10.4f3,4f3,1s2.2s2.2p6.3s2.3p6.3d10.4s2.4p6.4d10.4f3,4I*<9/2>,4f2 3H<4>,2070.0,100,theoretical,4,4f3
92,U,44,48,Cd,[Kr].4d10.4f2,4f2,1s2.2s2.2p6.3s2.3p6.3d10.4s2.4p6.4d10.4f2,3H<4>,4f 2F*<5/2>,2140.0,110,theoretical,4,4f2
92,U,45,47,Ag,[Kr].4d10.4f,4f,1s2.2s2.2p6.3s2.3p6.3d10.4s2.4p6.4d10.4f1,2F*<5/2>,4d10 1S<0>,2220.0,110,theoretical,4,4f1
92,U,46,46,Pd,[Kr].4d10,4d10,1s2.2s2.2p6.3s2.3p6.3d10.4s2.4p6.4d10,1S0,4d9 2D<5/2>,2578.0,4,theoretical,4,4d10
92,U,47,45,Rh,[Kr].4d9,4d9,1s2.2s2.2p6.3s2.3p6.3d10.4s2.4p6.4d9,2D<5/2>,4d8 3F<4>,2646.0,4,theoretical,4,4d9
92,U,48,44,Ru,[Kr].4d8,4d8,1s2.2s2.2p6.3s2.3p6.3d10.4s2.4p6.4d8,3F<4>,4d7 4F<9/2>,2718.0,4,theoretical,4,4d8
92,U,49,43,Tc,[Kr].4d7,4d7,1s2.2s2.2p6.3s2.3p6.3d10.4s2.4p6.4d7,4F<9/2>,4d6 5D<4>,2794.0,4,theoretical,4,4d7
92,U,50,42,Mo,[Kr].4d6,4d6,1s2.2s2.2p6.3s2.3p6.3d10.4s2.4p6.4d6,5D<4>,"4d-4.4d+ (0,5/2)<5/2>",2867.0,4,theoretical,4,4d6
92,U,51,41,Nb,[Kr].4d5,4d-4.4d+,1s2.2s2.2p6.3s2.3p6.3d10.4s2.4p6.4d5,"(0,5/2)<5/2>",4d4 5D<0>,2938.0,4,theoretical,4,4d5
92,U,52,40,Zr,[Kr].4d4,4d4,1s2.2s2.2p6.3s2.3p6.3d10.4s2.4p6.4d4,5D0,4d3 4F<3/2>,3073.0,4,theoretical,4,4d4
92,U,53,39,Y,[Kr].4d3,4d3,1s2.2s2.2p6.3s2.3p6.3d10.4s2.4p6.4d3,4F<3/2>,4d2 3F<2>,3147.0,5,theoretical,4,4d3
92,U,54,38,Sr,[Kr].4d2,4d2,1s2.2s2.2p6.3s2.3p6.3d10.4s2.4p6.4d2,3F<2>,4d 2D<3/2>,3228.0,5,theoretical,4,4d2
92,U,55,37,Rb,[Kr].4d,4d,1s2.2s2.2p6.3s2.3p6.3d10.4s2.4p6.4d1,2D<3/2>,4p6 1S<0>,3301.0,5,theoretical,4,4d1
92,U,56,36,Kr,[Ar].3d10.4s2.4p6,4p6,1s2.2s2.2p6.3s2.3p6.3d10.4s2.4p6,1S0,4p5 2P*<3/2>,3602.0,5,theoretical,4,4p6
92,U,57,35,Br,[Ar].3d10.4s2.4p5,4p5,1s2.2s2.2p6.3s2.3p6.3d10.4s2.4p5,2P*<3/2>,4p4 3P<2>,3675.0,6,theoretical,4,4p5
92,U,58,34,Se,[Ar].3d10.4s2.4p4,4p4,1s2.2s2.2p6.3s2.3p6.3d10.4s2.4p4,3P<2>,"4p-2.4p+ (0,3/2)*<3/2>",3753.0,6,theoretical,4,4p4
92,U,59,33,As,[Ar].3d10.4s2.4p3,4p-2.4p+,1s2.2s2.2p6.3s2.3p6.3d10.4s2.4p3,"(0,3/2)*<3/2>",4p2 3P<0>,3827.0,7,theoretical,4,4p3
92,U,60,32,Ge,[Ar].3d10.4s2.4p2,4p2,1s2.2s2.2p6.3s2.3p6.3d10.4s2.4p2,3P0,4p 2P*<1/2>,4214.0,10,theoretical,4,4p2
92,U,61,31,Ga,[Ar].3d10.4s2.4p,4p,1s2.2s2.2p6.3s2.3p6.3d10.4s2.4p1,2P*<1/2>,4s2 1S<0>,4299.0,12,theoretical,4,4p1
92,U,62,30,Zn,[Ar].3d10.4s2,4s2,1s2.2s2.2p6.3s2.3p6.3d10.4s2,1S0,4s 2S<1/2>,4513.0,15,theoretical,4,4s2
92,U,63,29,Cu,[Ar].3d10.4s,4s,1s2.2s2.2p6.3s2.3p6.3d10.4s1,2S<1/2>,3d10 1S<0>,4598.0,5,semi-empirical,4,4s1
92,U,64,28,Ni,[Ar].3d10,3d10,1s2.2s2.2p6.3s2.3p6.3d10,1S0,3d9 2D<5/2>,7393.0,24,theoretical,3,3d10
92,U,65,27,Co,[Ar].3d9,3d9,1s2.2s2.2p6.3s2.3p6.3d9,2D<5/2>,3d8 3F<4>,7550.0,30,theoretical,3,3d9
92,U,66,26,Fe,[Ar].3d8,3d8,1s2.2s2.2p6.3s2.3p6.3d8,3F<4>,3d7 4F<9/2>,7730.0,40,theoretical,3,3d8
92,U,67,25,Mn,[Ar].3d7,3d7,1s2.2s2.2p6.3s2.3p6.3d7,4F<9/2>,"3d-4.3d+2 (0,4)<4>",7910.0,40,theoretical,3,3d7
92,U,68,24,Cr,[Ar].3d6,3d-4.3d+2,1s2.2s2.2p6.3s2.3p6.3d6,"(0,4)<4>","3d-4.3d+ (0,5/2)<5/2>",8090.0,50,theoretical,3,3d6
92,U,69,23,V,[Ar].3d5,3d-4.3d+,1s2.2s2.2p6.3s2.3p6.3d5,"(0,5/2)<5/2>",3d4 5D<0>,8260.0,50,theoretical,3,3d5
92,U,70,22,Ti,[Ar].3d4,3d4,1s2.2s2.2p6.3s2.3p6.3d4,5D0,3d3 4F<3/2>,8650.0,60,theoretical,3,3d4
92,U,71,21,Sc,[Ar].3d3,3d3,1s2.2s2.2p6.3s2.3p6.3d3,4F<3/2>,3d2 3F<2>,8830.0,60,theoretical,3,3d3
92,U,72,20,Ca,[Ar].3d2,3d2,1s2.2s2.2p6.3s2.3p6.3d2,3F<2>,3d 2D<3/2>,9030.0,70,theoretical,3,3d2
92,U,73,19,K,[Ar].3d,3d,1s2.2s2.2p6.3s2.3p6.3d1,2D<3/2>,3p6 1S<0>,9210.0,90,theoretical,3,3d1
92,U,74,18,Ar,[Ne].3s2.3p6,3p6,1s2.2s2.2p6.3s2.3p6,1S0,3p5 2P*<3/2>,9720.0,90,theoretical,3,3p6
92,U,75,17,Cl,[Ne].3s2.3p5,3p5,1s2.2s2.2p6.3s2.3p5,2P*<3/2>,3p4 3P<2>,9870.0,100,theoretical,3,3p5
92,U,76,16,S,[Ne].3s2.3p4,3p4,1s2.2s2.2p6.3s2.3p4,3P<2>,3p3 2P*<3/2>,10040.0,110,theoretical,3,3p4
92,U,77,15,P,[Ne].3s2.3p3,3p3,1s2.2s2.2p6.3s2.3p3,2P*<3/2>,3p2 3P<0>,10200.0,120,theoretical,3,3p3
92,U,78,14,Si,[Ne].3s2.3p2,3p2,1s2.2s2.2p6.3s2.3p2,3P0,3p 2P*<1/2>,11410.0,120,theoretical,3,3p2
92,U,79,13,Al,[Ne].3s2.3p,3p,1s2.2s2.2p6.3s2.3p1,2P*<1/2>,3s2 1S<0>,11600.0,140,theoretical,3,3p1
92,U,80,12,Mg,[Ne].3s2,3s2,1s2.2s2.2p6.3s2,1S0,3s 2S<1/2>,11990.0,150,theoretical,3,3s2
92,U,81,11,Na,[Ne].3s,3s,1s2.2s2.2p6.3s1,2S<1/2>,2p6 1S<0>,12160.0,160,theoretical,3,3s1
92,U,82,10,Ne,1s2.2s2.2p6,2p6,1s2.2s2.2p6,1S0,2p5 2P*<3/2>,25260.0,170,theoretical,2,2p6
92,U,83,9,F,1s2.2s2.2p5,2p5,1s2.2s2.2p5,2P*<3/2>,2p4 3P<2>,25680.0,190,theoretical,2,2p5
92,U,84,8,O,1s2.2s2.2p4,2p4,1s2.2s2.2p4,3P<2>,"2p2<1/2>.2p<3/2> (0,3/2)*<3/2>",26150.0,200,theoretical,2,2p4
92,U,85,7,N,1s2.2s2.2p3,2p2<1/2>.2p<3/2>,1s2.2s2.2p3,"(0,3/2)*<3/2>",2p2 3P<0>,26590.0,220,theoretical,2,2p3
92,U,86,6,C,1s2.2s2.2p2,2p2,1s2.2s2.2p2,3P0,2p 2P*<1/2>,31060.0,240,theoretical,2,2p2
92,U,87,5,B,1s2.2s2.2p,2p,1s2.2s2.2p1,2P*<1/2>,2s2 1S<0>,31640.0,250,theoretical,2,2p1
92,U,88,4,Be,1s2.2s2,2s2,1s2.2s2,1S0,2s 2S<1/2>,32400.0,300,theoretical,2,2s2
92,U,89,3,Li,1s2.2s,1s2.2s,1s2.2s1,2S<1/2>,1s2 1S<0>,32836.5,0.6,theoretical,2,2s1
92,U,90,2,He,1s2,1s2,1s2,1S0,1s 2S<1/2>,129569.9,0.7,theoretical,1,1s2
92,U,91,1,H,1s,1s,1s1,2S<1/2>,,131816.2,0.5,theoretical,1,1s1
93,Np,0,93,Np,[Rn].5f4.6d.7s2,5f4.6d.7s2,1s2.2s2.2p6.3s2.3p6.3d10.4s2.4p6.4d10.5s2.5p6.4f14.5d10.6s2.6p6.5f4.6d1.7s2,6L<11/2>,5f4.6d.7s 7L<5>,6.265608,0.000019,experimental,7,7s2
93,Np,1,92,U,[Rn].5f4.6d.7s,5f4.6d.7s,1s2.2s2.2p6.3s2.3p6.3d10.4s2.4p6.4d10.5s2.5p6.4f14.5d10.6s2.6p6.5f4.6d1.7s1,7L<5>,5f5 6H*<5/2>,11.5,0.4,semi-empirical,7,7s1
93,Np,2,91,Pa,[Rn].5f5,5f5,1s2.2s2.2p6.3s2.3p6.3d10.4s2.4p6.4d10.5s2.5p6.4f14.5d10.6s2.6p6.5f5,6H*<5/2>,5f4 5I<4>,19.7,0.4,semi-empirical,6,5f5
93,Np,3,90,Th,[Rn].5f4,5f4,1s2.2s2.2p6.3s2.3p6.3d10.4s2.4p6.4d10.5s2.5p6.4f14.5d10.6s2.6p6.5f4,5I<4>,5f3.6p6 4I*<9/2>,33.8,0.4,semi-empirical,6,5f4
93,Np,4,89,Ac,[Rn].5f3,5f3.6p6,1s2.2s2.2p6.3s2.3p6.3d10.4s2.4p6.4d10.5s2.5p6.4f14.5d10.6s2.6p6.5f3,4I*<9/2>,5f2.6p6 3H<4>,48.0,1.9,theoretical,6,5f3
93,Np,5,88,Ra,[Rn].5f2,5f2.6p6,1s2.2s2.2p6.3s2.3p6.3d10.4s2.4p6.4d10.5s2.5p6.4f14.5d10.6s2.6p6.5f2,3H<4>,5f.6p6 2F*<5/2>,65.0,2.0,theoretical,6,5f2
93,Np,6,87,Fr,[Rn].5f,5f.6p6,1s2.2s2.2p6.3s2.3p6.3d10.4s2.4p6.4d10.5s2.5p6.4f14.5d10.6s2.6p6.5f1,2F*<5/2>,5f.6p5,92.0,5,theoretical,6,5f1
93,Np,7,86,Rn,[Hg].5f.6p5,5f.6p5,1s2.2s2.2p6.3s2.3p6.3d10.4s2.4p6.4d10.5s2.5p6.4f14.5d10.6s2.5f1.6p5,,5f.6p4*,107.0,5,theoretical,6,6p5
93,Np,8,85,At,[Hg].5f.6p4,5f.6p4,1s2.2s2.2p6.3s2.3p6.3d10.4s2.4p6.4d10.5s2.5p6.4f14.5d10.6s2.5f1.6p4,*,5f.6p3,121.0,6,theoretical,6,6p4
93,Np,9,84,Po,[Hg].5f.6p3,5f.6p3,1s2.2s2.2p6.3s2.3p6.3d10.4s2.4p6.4d10.5s2.5p6.4f14.5d10.6s2.5f1.6p3,,5f.6p2*,136.0,7,theoretical,6,6p3
93,Np,10,83,Bi,[Hg].5f.6p2,5f.6p2,1s2.2s2.2p6.3s2.3p6.3d10.4s2.4p6.4d10.5s2.5p6.4f14.5d10.6s2.5f1.6p2,*,6p2 3P<0>,151.0,8,theoretical,6,6p2
93,Np,11,82,Pb,[Hg].6p2,6p2,1s2.2s2.2p6.3s2.3p6.3d10.4s2.4p6.4d10.5s2.5p6.4f14.5d10.6s2.6p2,3P0,6p 2P*<1/2>,179.0,2.5,theoretical,6,6p2
93,Np,12,81,Tl,[Hg].6p,6p,1s2.2s2.2p6.3s2.3p6.3d10.4s2.4p6.4d10.5s2.5p6.4f14.5d10.6s2.6p1,2P*<1/2>,6s2 1S<0>,196.0,3,theoretical,6,6p1
93,Np,13,80,Hg,[Xe].4f14.5d10.6s2,6s2,1s2.2s2.2p6.3s2.3p6.3d10.4s2.4p6.4d10.5s2.5p6.4f14.5d10.6s2,1S0,6s 2S<1/2>,233.0,3,theoretical,6,6s2
93,Np,14,79,Au,[Xe].4f14.5d10.6s,6s,1s2.2s2.2p6.3s2.3p6.3d10.4s2.4p6.4d10.5s2.5p6.4f14.5d10.6s1,2S<1/2>,5d10 1S<0>,252.0,3,theoretical,6,6s1
93,Np,15,78,Pt,[Xe].4f14.5d10,5d10,1s2.2s2.2p6.3s2.3p6.3d10.4s2.4p6.4d10.5s2.5p6.4f14.5d10,1S0,5d9 2D<5/2>,355.0,3,theoretical,5,5d10
93,Np,16,77,Ir,[Xe].4f14.5d9,5d9,1s2.2s2.2p6.3s2.3p6.3d10.4s2.4p6.4d10.5s2.5p6.4f14.5d9,2D<5/2>,5d8 3F<4>,382.0,3,theoretical,5,5d9
93,Np,17,76,Os,[Xe].4f14.5d8,5d8,1s2.2s2.2p6.3s2.3p6.3d10.4s2.4p6.4d10.5s2.5p6.4f14.5d8,3F<4>,5d7 4F<9/2>,408.0,3,theoretical,5,5d8
93,Np,18,75,Re,[Xe].4f14.5d7,5d7,1s2.2s2.2p6.3s2.3p6.3d10.4s2.4p6.4d10.5s2.5p6.4f14.5d7,4F<9/2>,5d6 5D<4>,438.0,3,theoretical,5,5d7
93,Np,19,74,W,[Xe].4f14.5d6,5d6,1s2.2s2.2p6.3s2.3p6.3d10.4s2.4p6.4d10.5s2.5p6.4f14.5d6,5D<4>,5d5 6S<5/2>,466.0,4,theoretical,5,5d6
93,Np,20,73,Ta,[Xe].4f14.5d5,5d5,1s2.2s2.2p6.3s2.3p6.3d10.4s2.4p6.4d10.5s2.5p6.4f14.5d5,6S<5/2>,5d4 5D<0>,495.0,4,theoretical,5,5d5
93,Np,21,72,Hf,[Xe].4f14.5d4,5d4,1s2.2s2.2p6.3s2.3p6.3d10.4s2.4p6.4d10.5s2.5p6.4f14.5d4,5D0,5d3 4F<3/2>,535.0,4,theoretical,5,5d4
93,Np,22,71,Lu,[Xe].4f14.5d3,5d3,1s2.2s2.2p6.3s2.3p6.3d10.4s2.4p6.4d10.5s2.5p6.4f14.5d3,4F<3/2>,5d2 3F<2>,565.0,4,theoretical,5,5d3
93,Np,23,70,Yb,[Xe].4f14.5d2,5d2,1s2.2s2.2p6.3s2.3p6.3d10.4s2.4p6.4d10.5s2.5p6.4f14.5d2,3F<2>,5d 2D<3/2>,596.0,4,theoretical,5,5d2
93,Np,24,69,Tm,[Xe].4f14.5d,5d,1s2.2s2.2p6.3s2.3p6.3d10.4s2.4p6.4d10.5s2.5p6.4f14.5d1,2D<3/2>,4f14 1S<0>,626.0,4,theoretical,5,5d1
93,Np,25,68,Er,[Xe].4f14,4f14,1s2.2s2.2p6.3s2.3p6.3d10.4s2.4p6.4d10.5s2.5p6.4f14,1S0,4f14.5p5 2P*<3/2>,770.0,40,theoretical,5,4f14
93,Np,26,67,Ho,[Cd].4f14.5p5,4f14.5p5,1s2.2s2.2p6.3s2.3p6.3d10.4s2.4p6.4d10.5s2.4f14.5p5,2P*<3/2>,4f14.5p4 3P<2>,810.0,40,theoretical,5,5p5
93,Np,27,66,Dy,[Cd].4f14.5p4,4f14.5p4,1s2.2s2.2p6.3s2.3p6.3d10.4s2.4p6.4d10.5s2.4f14.5p4,3P<2>,4f14.5p3 2P*<3/2>,850.0,40,theoretical,5,5p4
93,Np,28,65,Tb,[Cd].4f14.5p3,4f14.5p3,1s2.2s2.2p6.3s2.3p6.3d10.4s2.4p6.4d10.5s2.4f14.5p3,2P*<3/2>,4f14.5p2 3P<0>,880.0,40,theoretical,5,5p3
93,Np,29,64,Gd,[Cd].4f14.5p2,4f14.5p2,1s2.2s2.2p6.3s2.3p6.3d10.4s2.4p6.4d10.5s2.4f14.5p2,3P0,4f14.5p 2P*<1/2>,980.0,50,theoretical,5,5p2
93,Np,30,63,Eu,[Cd].4f14.5p,4f14.5p,1s2.2s2.2p6.3s2.3p6.3d10.4s2.4p6.4d10.5s2.4f14.5p1,2P*<1/2>,4f14 1S<0>,1020.0,50,theoretical,5,5p1
93,Np,31,62,Sm,[Cd].4f14,4f14,1s2.2s2.2p6.3s2.3p6.3d10.4s2.4p6.4d10.5s2.4f14,1S0,4f14.5s 2S<1/2>,1130.0,60,theoretical,5,4f14
93,Np,32,61,Pm,[Kr].4d10.4f14.5s,4f14.5s,1s2.2s2.2p6.3s2.3p6.3d10.4s2.4p6.4d10.4f14.5s1,2S<1/2>,4f14 1S<0>,1170.0,60,theoretical,5,5s1
93,Np,33,60,Nd,[Kr].4d10.4f14,4f14,1s2.2s2.2p6.3s2.3p6.3d10.4s2.4p6.4d10.4f14,1S0,4f13 2F*<7/2>,1280.0,60,theoretical,4,4f14
93,Np,34,59,Pr,[Kr].4d10.4f13,4f13,1s2.2s2.2p6.3s2.3p6.3d10.4s2.4p6.4d10.4f13,2F*<7/2>,4f12,1360.0,70,theoretical,4,4f13
93,Np,35,58,Ce,[Kr].4d10.4f12,4f12,1s2.2s2.2p6.3s2.3p6.3d10.4s2.4p6.4d10.4f12,,4f11 4I*<15/2>,1430.0,70,theoretical,4,4f12
93,Np,36,57,La,[Kr].4d10.4f11,4f11,1s2.2s2.2p6.3s2.3p6.3d10.4s2.4p6.4d10.4f11,4I*<15/2>,4f10 5I<8>,1510.0,70,theoretical,4,4f11
93,Np,37,56,Ba,[Kr].4d10.4f10,4f10,1s2.2s2.2p6.3s2.3p6.3d10.4s2.4p6.4d10.4f10,5I<8>,4f9 6H*<15/2>,1590.0,80,theoretical,4,4f10
93,Np,38,55,Cs,[Kr].4d10.4f9,4f9,1s2.2s2.2p6.3s2.3p6.3d10.4s2.4p6.4d10.4f9,6H*<15/2>,4f8 7F<6>,1670.0,80,theoretical,4,4f9
93,Np,39,54,Xe,[Kr].4d10.4f8,4f8,1s2.2s2.2p6.3s2.3p6.3d10.4s2.4p6.4d10.4f8,7F<6>,4f7 8S*<7/2>,1740.0,90,theoretical,4,4f8
93,Np,40,53,I,[Kr].4d10.4f7,4f7,1s2.2s2.2p6.3s2.3p6.3d10.4s2.4p6.4d10.4f7,8S*<7/2>,4f6 7F<0>,1820.0,90,theoretical,4,4f7
93,Np,41,52,Te,[Kr].4d10.4f6,4f6,1s2.2s2.2p6.3s2.3p6.3d10.4s2.4p6.4d10.4f6,7F0,4f5 6H*<5/2>,1910.0,100,theoretical,4,4f6
93,Np,42,51,Sb,[Kr].4d10.4f5,4f5,1s2.2s2.2p6.3s2.3p6.3d10.4s2.4p6.4d10.4f5,6H*<5/2>,4f4 5I<4>,1990.0,100,theoretical,4,4f5
93,Np,43,50,Sn,[Kr].4d10.4f4,4f4,1s2.2s2.2p6.3s2.3p6.3d10.4s2.4p6.4d10.4f4,5I<4>,4f3 4I*<9/2>,2070.0,100,theoretical,4,4f4
93,Np,44,49,In,[Kr].4d10.4f3,4f3,1s2.2s2.2p6.3s2.3p6.3d10.4s2.4p6.4d10.4f3,4I*<9/2>,4f2 3H<4>,2140.0,110,theoretical,4,4f3
93,Np,45,48,Cd,[Kr].4d10.4f2,4f2,1s2.2s2.2p6.3s2.3p6.3d10.4s2.4p6.4d10.4f2,3H<4>,4f 2F*<5/2>,2230.0,110,theoretical,4,4f2
93,Np,46,47,Ag,[Kr].4d10.4f,4f,1s2.2s2.2p6.3s2.3p6.3d10.4s2.4p6.4d10.4f1,2F*<5/2>,4d10 1S<0>,2310.0,110,theoretical,4,4f1
93,Np,47,46,Pd,[Kr].4d10,4d10,1s2.2s2.2p6.3s2.3p6.3d10.4s2.4p6.4d10,1S0,4d9 2D<5/2>,2675.0,4,theoretical,4,4d10
93,Np,48,45,Rh,[Kr].4d9,4d9,1s2.2s2.2p6.3s2.3p6.3d10.4s2.4p6.4d9,2D<5/2>,4d8 3F<4>,2745.0,4,theoretical,4,4d9
93,Np,49,44,Ru,[Kr].4d8,4d8,1s2.2s2.2p6.3s2.3p6.3d10.4s2.4p6.4d8,3F<4>,4d7 4F<9/2>,2817.0,4,theoretical,4,4d8
93,Np,50,43,Tc,[Kr].4d7,4d7,1s2.2s2.2p6.3s2.3p6.3d10.4s2.4p6.4d7,4F<9/2>,4d6 5D<4>,2894.0,4,theoretical,4,4d7
93,Np,51,42,Mo,[Kr].4d6,4d6,1s2.2s2.2p6.3s2.3p6.3d10.4s2.4p6.4d6,5D<4>,"4d-4.4d+ (0,5/2)<5/2>",2969.0,4,theoretical,4,4d6
93,Np,52,41,Nb,[Kr].4d5,4d-4.4d+,1s2.2s2.2p6.3s2.3p6.3d10.4s2.4p6.4d5,"(0,5/2)<5/2>",4d4 5D<0>,3041.0,4,theoretical,4,4d5
93,Np,53,40,Zr,[Kr].4d4,4d4,1s2.2s2.2p6.3s2.3p6.3d10.4s2.4p6.4d4,5D0,4d3 4F<3/2>,3181.0,5,theoretical,4,4d4
93,Np,54,39,Y,[Kr].4d3,4d3,1s2.2s2.2p6.3s2.3p6.3d10.4s2.4p6.4d3,4F<3/2>,4d2 3F<2>,3255.0,5,theoretical,4,4d3
93,Np,55,38,Sr,[Kr].4d2,4d2,1s2.2s2.2p6.3s2.3p6.3d10.4s2.4p6.4d2,3F<2>,4d 2D<3/2>,3338.0,5,theoretical,4,4d2
93,Np,56,37,Rb,[Kr].4d,4d,1s2.2s2.2p6.3s2.3p6.3d10.4s2.4p6.4d1,2D<3/2>,4p6 1S<0>,3413.0,5,theoretical,4,4d1
93,Np,57,36,Kr,[Ar].3d10.4s2.4p6,4p6,1s2.2s2.2p6.3s2.3p6.3d10.4s2.4p6,1S0,4p5 2P*<3/2>,3718.0,6,theoretical,4,4p6
93,Np,58,35,Br,[Ar].3d10.4s2.4p5,4p5,1s2.2s2.2p6.3s2.3p6.3d10.4s2.4p5,2P*<3/2>,4p4 3P<2>,3792.0,6,theoretical,4,4p5
93,Np,59,34,Se,[Ar].3d10.4s2.4p4,4p4,1s2.2s2.2p6.3s2.3p6.3d10.4s2.4p4,3P<2>,"4p-2.4p+ (0,3/2)*<3/2>",3872.0,7,theoretical,4,4p4
93,Np,60,33,As,[Ar].3d10.4s2.4p3,4p-2.4p+,1s2.2s2.2p6.3s2.3p6.3d10.4s2.4p3,"(0,3/2)*<3/2>",4p2 3P<0>,3947.0,10,theoretical,4,4p3
93,Np,61,32,Ge,[Ar].3d10.4s2.4p2,4p2,1s2.2s2.2p6.3s2.3p6.3d10.4s2.4p2,3P0,4p 2P*<1/2>,4353.0,12,theoretical,4,4p2
93,Np,62,31,Ga,[Ar].3d10.4s2.4p,4p,1s2.2s2.2p6.3s2.3p6.3d10.4s2.4p1,2P*<1/2>,4s2 1S<0>,4441.0,15,theoretical,4,4p1
93,Np,63,30,Zn,[Ar].3d10.4s2,4s2,1s2.2s2.2p6.3s2.3p6.3d10.4s2,1S0,4s 2S<1/2>,4658.0,19,theoretical,4,4s2
93,Np,64,29,Cu,[Ar].3d10.4s,4s,1s2.2s2.2p6.3s2.3p6.3d10.4s1,2S<1/2>,3d10 1S<0>,4744.0,24,theoretical,4,4s1
93,Np,65,28,Ni,[Ar].3d10,3d10,1s2.2s2.2p6.3s2.3p6.3d10,1S0,3d9 2D<5/2>,7610.0,30,theoretical,3,3d10
93,Np,66,27,Co,[Ar].3d9,3d9,1s2.2s2.2p6.3s2.3p6.3d9,2D<5/2>,3d8 3F<4>,7770.0,40,theoretical,3,3d9
93,Np,67,26,Fe,[Ar].3d8,3d8,1s2.2s2.2p6.3s2.3p6.3d8,3F<4>,3d7 4F<9/2>,7950.0,40,theoretical,3,3d8
93,Np,68,25,Mn,[Ar].3d7,3d7,1s2.2s2.2p6.3s2.3p6.3d7,4F<9/2>,"3d-4.3d+2 (0,4)<4>",8130.0,50,theoretical,3,3d7
93,Np,69,24,Cr,[Ar].3d6,3d-4.3d+2,1s2.2s2.2p6.3s2.3p6.3d6,"(0,4)<4>","3d-4.3d+ (0,5/2)<5/2>",8310.0,50,theoretical,3,3d6
93,Np,70,23,V,[Ar].3d5,3d-4.3d+,1s2.2s2.2p6.3s2.3p6.3d5,"(0,5/2)<5/2>",3d4 5D<0>,8480.0,60,theoretical,3,3d5
93,Np,71,22,Ti,[Ar].3d4,3d4,1s2.2s2.2p6.3s2.3p6.3d4,5D0,3d3 4F<3/2>,8890.0,60,theoretical,3,3d4
93,Np,72,21,Sc,[Ar].3d3,3d3,1s2.2s2.2p6.3s2.3p6.3d3,4F<3/2>,3d2 3F<2>,9070.0,70,theoretical,3,3d3
93,Np,73,20,Ca,[Ar].3d2,3d2,1s2.2s2.2p6.3s2.3p6.3d2,3F<2>,3d 2D<3/2>,9270.0,90,theoretical,3,3d2
93,Np,74,19,K,[Ar].3d,3d,1s2.2s2.2p6.3s2.3p6.3d1,2D<3/2>,3p6 1S<0>,9450.0,90,theoretical,3,3d1
93,Np,75,18,Ar,[Ne].3s2.3p6,3p6,1s2.2s2.2p6.3s2.3p6,1S0,3p5 2P*<3/2>,9970.0,100,theoretical,3,3p6
93,Np,76,17,Cl,[Ne].3s2.3p5,3p5,1s2.2s2.2p6.3s2.3p5,2P*<3/2>,3p4 3P<2>,10130.0,110,theoretical,3,3p5
93,Np,77,16,S,[Ne].3s2.3p4,3p4,1s2.2s2.2p6.3s2.3p4,3P<2>,3p3 2P*<3/2>,10300.0,120,theoretical,3,3p4
93,Np,78,15,P,[Ne].3s2.3p3,3p3,1s2.2s2.2p6.3s2.3p3,2P*<3/2>,3p2 3P<0>,10470.0,120,theoretical,3,3p3
93,Np,79,14,Si,[Ne].3s2.3p2,3p2,1s2.2s2.2p6.3s2.3p2,3P0,3p 2P*<1/2>,11730.0,140,theoretical,3,3p2
93,Np,80,13,Al,[Ne].3s2.3p,3p,1s2.2s2.2p6.3s2.3p1,2P*<1/2>,3s2 1S<0>,11930.0,150,theoretical,3,3p1
93,Np,81,12,Mg,[Ne].3s2,3s2,1s2.2s2.2p6.3s2,1S0,3s 2S<1/2>,12320.0,160,theoretical,3,3s2
93,Np,82,11,Na,[Ne].3s,3s,1s2.2s2.2p6.3s1,2S<1/2>,2p6 1S<0>,12500.0,170,theoretical,3,3s1
93,Np,83,10,Ne,1s2.2s2.2p6,2p6,1s2.2s2.2p6,1S0,2p5 2P*<3/2>,25870.0,190,theoretical,2,2p6
93,Np,84,9,F,1s2.2s2.2p5,2p5,1s2.2s2.2p5,2P*<3/2>,2p4 3P<2>,26300.0,200,theoretical,2,2p5
93,Np,85,8,O,1s2.2s2.2p4,2p4,1s2.2s2.2p4,3P<2>,"2p2<1/2>.2p<3/2> (0,3/2)*<3/2>",26770.0,220,theoretical,2,2p4
93,Np,86,7,N,1s2.2s2.2p3,2p2<1/2>.2p<3/2>,1s2.2s2.2p3,"(0,3/2)*<3/2>",2p2 3P<0>,27210.0,240,theoretical,2,2p3
93,Np,87,6,C,1s2.2s2.2p2,2p2,1s2.2s2.2p2,3P0,2p 2P*<1/2>,31910.0,250,theoretical,2,2p2
93,Np,88,5,B,1s2.2s2.2p,2p,1s2.2s2.2p1,2P*<1/2>,2s2 1S<0>,32500.0,300,theoretical,2,2p1
93,Np,89,4,Be,1s2.2s2,2s2,1s2.2s2,1S0,2s 2S<1/2>,33300.0,300,theoretical,2,2s2
93,Np,90,3,Li,1s2.2s,1s2.2s,1s2.2s1,2S<1/2>,1s2 1S<0>,33722.2,0.7,theoretical,2,2s1
93,Np,91,2,He,1s2,1s2,1s2,1S0,1s 2S<1/2>,132911.0,3,theoretical,1,1s2
93,Np,92,1,H,1s,1s,1s1,2S<1/2>,,135202.0,4,theoretical,1,1s1
94,Pu,0,94,Pu,[Rn].5f6.7s2,5f6.7s2,1s2.2s2.2p6.3s2.3p6.3d10.4s2.4p6.4d10.5s2.5p6.4f14.5d10.6s2.6p6.5f6.7s2,7F0,5f6.7s 8F<1/2>,6.02576,0.00025,experimental,7,7s2
94,Pu,1,93,Np,[Rn].5f6.7s,5f6.7s,1s2.2s2.2p6.3s2.3p6.3d10.4s2.4p6.4d10.5s2.5p6.4f14.5d10.6s2.6p6.5f6.7s1,8F<1/2>,5f6 7F<0>,11.5,0.4,semi-empirical,7,7s1
94,Pu,2,92,U,[Rn].5f6,5f6,1s2.2s2.2p6.3s2.3p6.3d10.4s2.4p6.4d10.5s2.5p6.4f14.5d10.6s2.6p6.5f6,7F0,5f5 6H*<5/2>,21.1,0.4,semi-empirical,6,5f6
94,Pu,3,91,Pa,[Rn].5f5,5f5,1s2.2s2.2p6.3s2.3p6.3d10.4s2.4p6.4d10.5s2.5p6.4f14.5d10.6s2.6p6.5f5,6H*<5/2>,5f4 5I<4>,35.0,0.4,semi-empirical,6,5f5
94,Pu,4,90,Th,[Rn].5f4,5f4,1s2.2s2.2p6.3s2.3p6.3d10.4s2.4p6.4d10.5s2.5p6.4f14.5d10.6s2.6p6.5f4,5I<4>,5f3.6p6 4I*<9/2>,49.0,1.9,theoretical,6,5f4
94,Pu,5,89,Ac,[Rn].5f3,5f3.6p6,1s2.2s2.2p6.3s2.3p6.3d10.4s2.4p6.4d10.5s2.5p6.4f14.5d10.6s2.6p6.5f3,4I*<9/2>,5f3.6p5,80.0,4,theoretical,6,5f3
94,Pu,6,88,Ra,[Hg].5f3.6p5,5f3.6p5,1s2.2s2.2p6.3s2.3p6.3d10.4s2.4p6.4d10.5s2.5p6.4f14.5d10.6s2.5f3.6p5,,5f3.6p4*,95.0,5,theoretical,6,6p5
94,Pu,7,87,Fr,[Hg].5f3.6p4,5f3.6p4,1s2.2s2.2p6.3s2.3p6.3d10.4s2.4p6.4d10.5s2.5p6.4f14.5d10.6s2.5f3.6p4,*,5f3.6p3,109.0,5,theoretical,6,6p4
94,Pu,8,86,Rn,[Hg].5f3.6p3,5f3.6p3,1s2.2s2.2p6.3s2.3p6.3d10.4s2.4p6.4d10.5s2.5p6.4f14.5d10.6s2.5f3.6p3,,5f3.6p2*,124.0,6,theoretical,6,6p3
94,Pu,9,85,At,[Hg].5f3.6p2,5f3.6p2,1s2.2s2.2p6.3s2.3p6.3d10.4s2.4p6.4d10.5s2.5p6.4f14.5d10.6s2.5f3.6p2,*,5f2.6p2,139.0,7,theoretical,6,6p2
94,Pu,10,84,Po,[Hg].5f2.6p2,5f2.6p2,1s2.2s2.2p6.3s2.3p6.3d10.4s2.4p6.4d10.5s2.5p6.4f14.5d10.6s2.5f2.6p2,,5f.6p2*,159.0,8,theoretical,6,6p2
94,Pu,11,83,Bi,[Hg].5f.6p2,5f.6p2,1s2.2s2.2p6.3s2.3p6.3d10.4s2.4p6.4d10.5s2.5p6.4f14.5d10.6s2.5f1.6p2,*,6p2 3P<0>,179.0,9,theoretical,6,6p2
94,Pu,12,82,Pb,[Hg].6p2,6p2,1s2.2s2.2p6.3s2.3p6.3d10.4s2.4p6.4d10.5s2.5p6.4f14.5d10.6s2.6p2,3P0,6p 2P*<1/2>,200.0,3,theoretical,6,6p2
94,Pu,13,81,Tl,[Hg].6p,6p,1s2.2s2.2p6.3s2.3p6.3d10.4s2.4p6.4d10.5s2.5p6.4f14.5d10.6s2.6p1,2P*<1/2>,6s2 1S<0>,219.0,3,theoretical,6,6p1
94,Pu,14,80,Hg,[Xe].4f14.5d10.6s2,6s2,1s2.2s2.2p6.3s2.3p6.3d10.4s2.4p6.4d10.5s2.5p6.4f14.5d10.6s2,1S0,6s 2S<1/2>,258.0,3,theoretical,6,6s2
94,Pu,15,79,Au,[Xe].4f14.5d10.6s,6s,1s2.2s2.2p6.3s2.3p6.3d10.4s2.4p6.4d10.5s2.5p6.4f14.5d10.6s1,2S<1/2>,5d10 1S<0>,278.0,3,theoretical,6,6s1
94,Pu,16,78,Pt,[Xe].4f14.5d10,5d10,1s2.2s2.2p6.3s2.3p6.3d10.4s2.4p6.4d10.5s2.5p6.4f14.5d10,1S0,5d9 2D<5/2>,389.0,3,theoretical,5,5d10
94,Pu,17,77,Ir,[Xe].4f14.5d9,5d9,1s2.2s2.2p6.3s2.3p6.3d10.4s2.4p6.4d10.5s2.5p6.4f14.5d9,2D<5/2>,5d8 3F<4>,416.0,3,theoretical,5,5d9
94,Pu,18,76,Os,[Xe].4f14.5d8,5d8,1s2.2s2.2p6.3s2.3p6.3d10.4s2.4p6.4d10.5s2.5p6.4f14.5d8,3F<4>,5d7 4F<9/2>,444.0,3,theoretical,5,5d8
94,Pu,19,75,Re,[Xe].4f14.5d7,5d7,1s2.2s2.2p6.3s2.3p6.3d10.4s2.4p6.4d10.5s2.5p6.4f14.5d7,4F<9/2>,5d6 5D<4>,474.0,4,theoretical,5,5d7
94,Pu,20,74,W,[Xe].4f14.5d6,5d6,1s2.2s2.2p6.3s2.3p6.3d10.4s2.4p6.4d10.5s2.5p6.4f14.5d6,5D<4>,5d5 6S<5/2>,503.0,4,theoretical,5,5d6
94,Pu,21,73,Ta,[Xe].4f14.5d5,5d5,1s2.2s2.2p6.3s2.3p6.3d10.4s2.4p6.4d10.5s2.5p6.4f14.5d5,6S<5/2>,5d4 5D<0>,532.0,4,theoretical,5,5d5
94,Pu,22,72,Hf,[Xe].4f14.5d4,5d4,1s2.2s2.2p6.3s2.3p6.3d10.4s2.4p6.4d10.5s2.5p6.4f14.5d4,5D0,5d3 4F<3/2>,575.0,4,theoretical,5,5d4
94,Pu,23,71,Lu,[Xe].4f14.5d3,5d3,1s2.2s2.2p6.3s2.3p6.3d10.4s2.4p6.4d10.5s2.5p6.4f14.5d3,4F<3/2>,5d2 3F<2>,605.0,4,theoretical,5,5d3
94,Pu,24,70,Yb,[Xe].4f14.5d2,5d2,1s2.2s2.2p6.3s2.3p6.3d10.4s2.4p6.4d10.5s2.5p6.4f14.5d2,3F<2>,5d 2D<3/2>,637.0,4,theoretical,5,5d2
94,Pu,25,69,Tm,[Xe].4f14.5d,5d,1s2.2s2.2p6.3s2.3p6.3d10.4s2.4p6.4d10.5s2.5p6.4f14.5d1,2D<3/2>,4f14 1S<0>,668.0,4,theoretical,5,5d1
94,Pu,26,68,Er,[Xe].4f14,4f14,1s2.2s2.2p6.3s2.3p6.3d10.4s2.4p6.4d10.5s2.5p6.4f14,1S0,4f14.5p5 2P*<3/2>,820.0,40,theoretical,5,4f14
94,Pu,27,67,Ho,[Cd].4f14.5p5,4f14.5p5,1s2.2s2.2p6.3s2.3p6.3d10.4s2.4p6.4d10.5s2.4f14.5p5,2P*<3/2>,4f14.5p4 3P<2>,850.0,40,theoretical,5,5p5
94,Pu,28,66,Dy,[Cd].4f14.5p4,4f14.5p4,1s2.2s2.2p6.3s2.3p6.3d10.4s2.4p6.4d10.5s2.4f14.5p4,3P<2>,4f14.5p3 2P*<3/2>,890.0,40,theoretical,5,5p4
94,Pu,29,65,Tb,[Cd].4f14.5p3,4f14.5p3,1s2.2s2.2p6.3s2.3p6.3d10.4s2.4p6.4d10.5s2.4f14.5p3,2P*<3/2>,4f14.5p2 3P<0>,930.0,50,theoretical,5,5p3
94,Pu,30,64,Gd,[Cd].4f14.5p2,4f14.5p2,1s2.2s2.2p6.3s2.3p6.3d10.4s2.4p6.4d10.5s2.4f14.5p2,3P0,4f14.5p 2P*<1/2>,1030.0,50,theoretical,5,5p2
94,Pu,31,63,Eu,[Cd].4f14.5p,4f14.5p,1s2.2s2.2p6.3s2.3p6.3d10.4s2.4p6.4d10.5s2.4f14.5p1,2P*<1/2>,4f14 1S<0>,1070.0,50,theoretical,5,5p1
94,Pu,32,62,Sm,[Cd].4f14,4f14,1s2.2s2.2p6.3s2.3p6.3d10.4s2.4p6.4d10.5s2.4f14,1S0,4f14.5s 2S<1/2>,1180.0,60,theoretical,5,4f14
94,Pu,33,61,Pm,[Kr].4d10.4f14.5s,4f14.5s,1s2.2s2.2p6.3s2.3p6.3d10.4s2.4p6.4d10.4f14.5s1,2S<1/2>,4f14 1S<0>,1220.0,60,theoretical,5,5s1
94,Pu,34,60,Nd,[Kr].4d10.4f14,4f14,1s2.2s2.2p6.3s2.3p6.3d10.4s2.4p6.4d10.4f14,1S0,4f13 2F*<7/2>,1340.0,70,theoretical,4,4f14
94,Pu,35,59,Pr,[Kr].4d10.4f13,4f13,1s2.2s2.2p6.3s2.3p6.3d10.4s2.4p6.4d10.4f13,2F*<7/2>,4f12,1420.0,70,theoretical,4,4f13
94,Pu,36,58,Ce,[Kr].4d10.4f12,4f12,1s2.2s2.2p6.3s2.3p6.3d10.4s2.4p6.4d10.4f12,,4f11 4I*<15/2>,1500.0,70,theoretical,4,4f12
94,Pu,37,57,La,[Kr].4d10.4f11,4f11,1s2.2s2.2p6.3s2.3p6.3d10.4s2.4p6.4d10.4f11,4I*<15/2>,4f10 5I<8>,1580.0,70,theoretical,4,4f11
94,Pu,38,56,Ba,[Kr].4d10.4f10,4f10,1s2.2s2.2p6.3s2.3p6.3d10.4s2.4p6.4d10.4f10,5I<8>,4f9 6H*<15/2>,1660.0,80,theoretical,4,4f10
94,Pu,39,55,Cs,[Kr].4d10.4f9,4f9,1s2.2s2.2p6.3s2.3p6.3d10.4s2.4p6.4d10.4f9,6H*<15/2>,4f8 7F<6>,1740.0,90,theoretical,4,4f9
94,Pu,40,54,Xe,[Kr].4d10.4f8,4f8,1s2.2s2.2p6.3s2.3p6.3d10.4s2.4p6.4d10.4f8,7F<6>,4f7 8S*<7/2>,1820.0,90,theoretical,4,4f8
94,Pu,41,53,I,[Kr].4d10.4f7,4f7,1s2.2s2.2p6.3s2.3p6.3d10.4s2.4p6.4d10.4f7,8S*<7/2>,4f6 7F<0>,1890.0,90,theoretical,4,4f7
94,Pu,42,52,Te,[Kr].4d10.4f6,4f6,1s2.2s2.2p6.3s2.3p6.3d10.4s2.4p6.4d10.4f6,7F0,4f5 6H*<5/2>,1990.0,100,theoretical,4,4f6
94,Pu,43,51,Sb,[Kr].4d10.4f5,4f5,1s2.2s2.2p6.3s2.3p6.3d10.4s2.4p6.4d10.4f5,6H*<5/2>,4f4 5I<4>,2070.0,100,theoretical,4,4f5
94,Pu,44,50,Sn,[Kr].4d10.4f4,4f4,1s2.2s2.2p6.3s2.3p6.3d10.4s2.4p6.4d10.4f4,5I<4>,4f3 4I*<9/2>,2150.0,110,theoretical,4,4f4
94,Pu,45,49,In,[Kr].4d10.4f3,4f3,1s2.2s2.2p6.3s2.3p6.3d10.4s2.4p6.4d10.4f3,4I*<9/2>,4f2 3H<4>,2230.0,110,theoretical,4,4f3
94,Pu,46,48,Cd,[Kr].4d10.4f2,4f2,1s2.2s2.2p6.3s2.3p6.3d10.4s2.4p6.4d10.4f2,3H<4>,4f 2F*<5/2>,2310.0,110,theoretical,4,4f2
94,Pu,47,47,Ag,[Kr].4d10.4f,4f,1s2.2s2.2p6.3s2.3p6.3d10.4s2.4p6.4d10.4f1,2F*<5/2>,4d10 1S<0>,2390.0,120,theoretical,4,4f1
94,Pu,48,46,Pd,[Kr].4d10,4d10,1s2.2s2.2p6.3s2.3p6.3d10.4s2.4p6.4d10,1S0,4d9 2D<5/2>,2774.0,4,theoretical,4,4d10
94,Pu,49,45,Rh,[Kr].4d9,4d9,1s2.2s2.2p6.3s2.3p6.3d10.4s2.4p6.4d9,2D<5/2>,4d8 3F<4>,2844.0,4,theoretical,4,4d9
94,Pu,50,44,Ru,[Kr].4d8,4d8,1s2.2s2.2p6.3s2.3p6.3d10.4s2.4p6.4d8,3F<4>,4d7 4F<9/2>,2918.0,4,theoretical,4,4d8
94,Pu,51,43,Tc,[Kr].4d7,4d7,1s2.2s2.2p6.3s2.3p6.3d10.4s2.4p6.4d7,4F<9/2>,4d6 5D<4>,2997.0,4,theoretical,4,4d7
94,Pu,52,42,Mo,[Kr].4d6,4d6,1s2.2s2.2p6.3s2.3p6.3d10.4s2.4p6.4d6,5D<4>,"4d-4.4d+ (0,5/2)<5/2>",3072.0,4,theoretical,4,4d6
94,Pu,53,41,Nb,[Kr].4d5,4d-4.4d+,1s2.2s2.2p6.3s2.3p6.3d10.4s2.4p6.4d5,"(0,5/2)<5/2>",4d4 5D<0>,3146.0,5,theoretical,4,4d5
94,Pu,54,40,Zr,[Kr].4d4,4d4,1s2.2s2.2p6.3s2.3p6.3d10.4s2.4p6.4d4,5D0,4d3 4F<3/2>,3290.0,5,theoretical,4,4d4
94,Pu,55,39,Y,[Kr].4d3,4d3,1s2.2s2.2p6.3s2.3p6.3d10.4s2.4p6.4d3,4F<3/2>,4d2 3F<2>,3366.0,5,theoretical,4,4d3
94,Pu,56,38,Sr,[Kr].4d2,4d2,1s2.2s2.2p6.3s2.3p6.3d10.4s2.4p6.4d2,3F<2>,4d 2D<3/2>,3449.0,5,theoretical,4,4d2
94,Pu,57,37,Rb,[Kr].4d,4d,1s2.2s2.2p6.3s2.3p6.3d10.4s2.4p6.4d1,2D<3/2>,4p6 1S<0>,3527.0,6,theoretical,4,4d1
94,Pu,58,36,Kr,[Ar].3d10.4s2.4p6,4p6,1s2.2s2.2p6.3s2.3p6.3d10.4s2.4p6,1S0,4p5 2P*<3/2>,3836.0,6,theoretical,4,4p6
94,Pu,59,35,Br,[Ar].3d10.4s2.4p5,4p5,1s2.2s2.2p6.3s2.3p6.3d10.4s2.4p5,2P*<3/2>,4p4 3P<2>,3911.0,7,theoretical,4,4p5
94,Pu,60,34,Se,[Ar].3d10.4s2.4p4,4p4,1s2.2s2.2p6.3s2.3p6.3d10.4s2.4p4,3P<2>,"4p-2.4p+ (0,3/2)*<3/2>",3993.0,10,theoretical,4,4p4
94,Pu,61,33,As,[Ar].3d10.4s2.4p3,4p-2.4p+,1s2.2s2.2p6.3s2.3p6.3d10.4s2.4p3,"(0,3/2)*<3/2>",4p2 3P<0>,4068.0,12,theoretical,4,4p3
94,Pu,62,32,Ge,[Ar].3d10.4s2.4p2,4p2,1s2.2s2.2p6.3s2.3p6.3d10.4s2.4p2,3P0,4p 2P*<1/2>,4496.0,15,theoretical,4,4p2
94,Pu,63,31,Ga,[Ar].3d10.4s2.4p,4p,1s2.2s2.2p6.3s2.3p6.3d10.4s2.4p1,2P*<1/2>,4s2 1S<0>,4585.0,19,theoretical,4,4p1
94,Pu,64,30,Zn,[Ar].3d10.4s2,4s2,1s2.2s2.2p6.3s2.3p6.3d10.4s2,1S0,4s 2S<1/2>,4807.0,24,theoretical,4,4s2
94,Pu,65,29,Cu,[Ar].3d10.4s,4s,1s2.2s2.2p6.3s2.3p6.3d10.4s1,2S<1/2>,3d10 1S<0>,4890.0,30,theoretical,4,4s1
94,Pu,66,28,Ni,[Ar].3d10,3d10,1s2.2s2.2p6.3s2.3p6.3d10,1S0,3d9 2D<5/2>,7830.0,40,theoretical,3,3d10
94,Pu,67,27,Co,[Ar].3d9,3d9,1s2.2s2.2p6.3s2.3p6.3d9,2D<5/2>,3d8 3F<4>,7990.0,40,theoretical,3,3d9
94,Pu,68,26,Fe,[Ar].3d8,3d8,1s2.2s2.2p6.3s2.3p6.3d8,3F<4>,3d7 4F<9/2>,8170.0,50,theoretical,3,3d8
94,Pu,69,25,Mn,[Ar].3d7,3d7,1s2.2s2.2p6.3s2.3p6.3d7,4F<9/2>,"3d-4.3d+2 (0,4)<4>",8360.0,50,theoretical,3,3d7
94,Pu,70,24,Cr,[Ar].3d6,3d-4.3d+2,1s2.2s2.2p6.3s2.3p6.3d6,"(0,4)<4>","3d-4.3d+ (0,5/2)<5/2>",8540.0,60,theoretical,3,3d6
94,Pu,71,23,V,[Ar].3d5,3d-4.3d+,1s2.2s2.2p6.3s2.3p6.3d5,"(0,5/2)<5/2>",3d4 5D<0>,8710.0,60,theoretical,3,3d5
94,Pu,72,22,Ti,[Ar].3d4,3d4,1s2.2s2.2p6.3s2.3p6.3d4,5D0,3d3 4F<3/2>,9130.0,70,theoretical,3,3d4
94,Pu,73,21,Sc,[Ar].3d3,3d3,1s2.2s2.2p6.3s2.3p6.3d3,4F<3/2>,3d2 3F<2>,9310.0,90,theoretical,3,3d3
94,Pu,74,20,Ca,[Ar].3d2,3d2,1s2.2s2.2p6.3s2.3p6.3d2,3F<2>,3d 2D<3/2>,9520.0,90,theoretical,3,3d2
94,Pu,75,19,K,[Ar].3d,3d,1s2.2s2.2p6.3s2.3p6.3d1,2D<3/2>,3p6 1S<0>,9700.0,100,theoretical,3,3d1
94,Pu,76,18,Ar,[Ne].3s2.3p6,3p6,1s2.2s2.2p6.3s2.3p6,1S0,3p5 2P*<3/2>,10230.0,110,theoretical,3,3p6
94,Pu,77,17,Cl,[Ne].3s2.3p5,3p5,1s2.2s2.2p6.3s2.3p5,2P*<3/2>,3p4 3P<2>,10390.0,120,theoretical,3,3p5
94,Pu,78,16,S,[Ne].3s2.3p4,3p4,1s2.2s2.2p6.3s2.3p4,3P<2>,3p3 2P*<3/2>,10570.0,120,theoretical,3,3p4
94,Pu,79,15,P,[Ne].3s2.3p3,3p3,1s2.2s2.2p6.3s2.3p3,2P*<3/2>,3p2 3P<0>,10730.0,140,theoretical,3,3p3
94,Pu,80,14,Si,[Ne].3s2.3p2,3p2,1s2.2s2.2p6.3s2.3p2,3P0,3p 2P*<1/2>,12060.0,150,theoretical,3,3p2
94,Pu,81,13,Al,[Ne].3s2.3p,3p,1s2.2s2.2p6.3s2.3p1,2P*<1/2>,3s2 1S<0>,12260.0,160,theoretical,3,3p1
94,Pu,82,12,Mg,[Ne].3s2,3s2,1s2.2s2.2p6.3s2,1S0,3s 2S<1/2>,12660.0,170,theoretical,3,3s2
94,Pu,83,11,Na,[Ne].3s,3s,1s2.2s2.2p6.3s1,2S<1/2>,2p6 1S<0>,12840.0,190,theoretical,3,3s1
94,Pu,84,10,Ne,1s2.2s2.2p6,2p6,1s2.2s2.2p6,1S0,2p5 2P*<3/2>,26480.0,200,theoretical,2,2p6
94,Pu,85,9,F,1s2.2s2.2p5,2p5,1s2.2s2.2p5,2P*<3/2>,2p4 3P<2>,26920.0,220,theoretical,2,2p5
94,Pu,86,8,O,1s2.2s2.2p4,2p4,1s2.2s2.2p4,3P<2>,"2p2<1/2>.2p<3/2> (0,3/2)*<3/2>",27400.0,240,theoretical,2,2p4
94,Pu,87,7,N,1s2.2s2.2p3,2p2<1/2>.2p<3/2>,1s2.2s2.2p3,"(0,3/2)*<3/2>",2p2 3P<0>,27840.0,250,theoretical,2,2p3
94,Pu,88,6,C,1s2.2s2.2p2,2p2,1s2.2s2.2p2,3P0,2p 2P*<1/2>,32800.0,300,theoretical,2,2p2
94,Pu,89,5,B,1s2.2s2.2p,2p,1s2.2s2.2p1,2P*<1/2>,2s2 1S<0>,33400.0,300,theoretical,2,2p1
94,Pu,90,4,Be,1s2.2s2,2s2,1s2.2s2,1S0,2s 2S<1/2>,34100.0,300,theoretical,2,2s2
94,Pu,91,3,Li,1s2.2s,1s2.2s,1s2.2s1,2S<1/2>,1s2 1S<0>,34625.8,0.7,theoretical,2,2s1
94,Pu,92,2,He,1s2,1s2,1s2,1S0,1s 2S<1/2>,136305.1,2.4,theoretical,1,1s2
94,Pu,93,1,H,1s,1s,1s1,2S<1/2>,,138640.2,2.5,theoretical,1,1s1
95,Am,0,95,Am,[Rn].5f7.7s2,5f7.7s2,1s2.2s2.2p6.3s2.3p6.3d10.4s2.4p6.4d10.5s2.5p6.4f14.5d10.6s2.6p6.5f7.7s2,8S*<7/2>,5f7.7s 9S*<4>,5.97381,0.00025,experimental,7,7s2
95,Am,1,94,Pu,[Rn].5f7.7s,5f7.7s,1s2.2s2.2p6.3s2.3p6.3d10.4s2.4p6.4d10.5s2.5p6.4f14.5d10.6s2.6p6.5f7.7s1,9S*<4>,5f7 8S*<7/2>,11.7,0.4,semi-empirical,7,7s1
95,Am,2,93,Np,[Rn].5f7,5f7,1s2.2s2.2p6.3s2.3p6.3d10.4s2.4p6.4d10.5s2.5p6.4f14.5d10.6s2.6p6.5f7,8S*<7/2>,5f6 7F<0>,21.7,0.4,semi-empirical,6,5f7
95,Am,3,92,U,[Rn].5f6,5f6,1s2.2s2.2p6.3s2.3p6.3d10.4s2.4p6.4d10.5s2.5p6.4f14.5d10.6s2.6p6.5f6,7F0,5f5 6H*<5/2>,36.8,0.4,semi-empirical,6,5f6
95,Am,4,91,Pa,[Rn].5f5,5f5,1s2.2s2.2p6.3s2.3p6.3d10.4s2.4p6.4d10.5s2.5p6.4f14.5d10.6s2.6p6.5f5,6H*<5/2>,5f4 5I<4>,50.0,1.9,theoretical,6,5f5
95,Am,5,90,Th,[Rn].5f4,5f4,1s2.2s2.2p6.3s2.3p6.3d10.4s2.4p6.4d10.5s2.5p6.4f14.5d10.6s2.6p6.5f4,5I<4>,5f3.6p6 4I*<9/2>,67.9,2.0,theoretical,6,5f4
95,Am,6,89,Ac,[Rn].5f3,5f3.6p6,1s2.2s2.2p6.3s2.3p6.3d10.4s2.4p6.4d10.5s2.5p6.4f14.5d10.6s2.6p6.5f3,4I*<9/2>,5f3.6p5,95.0,5,theoretical,6,5f3
95,Am,7,88,Ra,[Hg].5f3.6p5,5f3.6p5,1s2.2s2.2p6.3s2.3p6.3d10.4s2.4p6.4d10.5s2.5p6.4f14.5d10.6s2.5f3.6p5,,5f3.6p4*,110.0,6,theoretical,6,6p5
95,Am,8,87,Fr,[Hg].5f3.6p4,5f3.6p4,1s2.2s2.2p6.3s2.3p6.3d10.4s2.4p6.4d10.5s2.5p6.4f14.5d10.6s2.5f3.6p4,*,5f3.6p3,125.0,6,theoretical,6,6p4
95,Am,9,86,Rn,[Hg].5f3.6p3,5f3.6p3,1s2.2s2.2p6.3s2.3p6.3d10.4s2.4p6.4d10.5s2.5p6.4f14.5d10.6s2.5f3.6p3,,5f3.6p2*,141.0,7,theoretical,6,6p3
95,Am,10,85,At,[Hg].5f3.6p2,5f3.6p2,1s2.2s2.2p6.3s2.3p6.3d10.4s2.4p6.4d10.5s2.5p6.4f14.5d10.6s2.5f3.6p2,*,5f2.6p2,163.0,8,theoretical,6,6p2
95,Am,11,84,Po,[Hg].5f2.6p2,5f2.6p2,1s2.2s2.2p6.3s2.3p6.3d10.4s2.4p6.4d10.5s2.5p6.4f14.5d10.6s2.5f2.6p2,,5f.6p2*,184.0,9,theoretical,6,6p2
95,Am,12,83,Bi,[Hg].5f.6p2,5f.6p2,1s2.2s2.2p6.3s2.3p6.3d10.4s2.4p6.4d10.5s2.5p6.4f14.5d10.6s2.5f1.6p2,*,6p2 3P<0>,206.0,10,theoretical,6,6p2
95,Am,13,82,Pb,[Hg].6p2,6p2,1s2.2s2.2p6.3s2.3p6.3d10.4s2.4p6.4d10.5s2.5p6.4f14.5d10.6s2.6p2,3P0,6p 2P*<1/2>,225.0,3,theoretical,6,6p2
95,Am,14,81,Tl,[Hg].6p,6p,1s2.2s2.2p6.3s2.3p6.3d10.4s2.4p6.4d10.5s2.5p6.4f14.5d10.6s2.6p1,2P*<1/2>,6s2 1S<0>,242.0,3,theoretical,6,6p1
95,Am,15,80,Hg,[Xe].4f14.5d10.6s2,6s2,1s2.2s2.2p6.3s2.3p6.3d10.4s2.4p6.4d10.5s2.5p6.4f14.5d10.6s2,1S0,6s 2S<1/2>,284.0,3,theoretical,6,6s2
95,Am,16,79,Au,[Xe].4f14.5d10.6s,6s,1s2.2s2.2p6.3s2.3p6.3d10.4s2.4p6.4d10.5s2.5p6.4f14.5d10.6s1,2S<1/2>,5d10 1S<0>,305.0,3,theoretical,6,6s1
95,Am,17,78,Pt,[Xe].4f14.5d10,5d10,1s2.2s2.2p6.3s2.3p6.3d10.4s2.4p6.4d10.5s2.5p6.4f14.5d10,1S0,5d9 2D<5/2>,424.0,3,theoretical,5,5d10
95,Am,18,77,Ir,[Xe].4f14.5d9,5d9,1s2.2s2.2p6.3s2.3p6.3d10.4s2.4p6.4d10.5s2.5p6.4f14.5d9,2D<5/2>,5d8 3F<4>,451.0,3,theoretical,5,5d9
95,Am,19,76,Os,[Xe].4f14.5d8,5d8,1s2.2s2.2p6.3s2.3p6.3d10.4s2.4p6.4d10.5s2.5p6.4f14.5d8,3F<4>,5d7 4F<9/2>,481.0,4,theoretical,5,5d8
95,Am,20,75,Re,[Xe].4f14.5d7,5d7,1s2.2s2.2p6.3s2.3p6.3d10.4s2.4p6.4d10.5s2.5p6.4f14.5d7,4F<9/2>,5d6 5D<4>,511.0,4,theoretical,5,5d7
95,Am,21,74,W,[Xe].4f14.5d6,5d6,1s2.2s2.2p6.3s2.3p6.3d10.4s2.4p6.4d10.5s2.5p6.4f14.5d6,5D<4>,5d5 6S<5/2>,541.0,4,theoretical,5,5d6
95,Am,22,73,Ta,[Xe].4f14.5d5,5d5,1s2.2s2.2p6.3s2.3p6.3d10.4s2.4p6.4d10.5s2.5p6.4f14.5d5,6S<5/2>,5d4 5D<0>,571.0,4,theoretical,5,5d5
95,Am,23,72,Hf,[Xe].4f14.5d4,5d4,1s2.2s2.2p6.3s2.3p6.3d10.4s2.4p6.4d10.5s2.5p6.4f14.5d4,5D0,5d3 4F<3/2>,616.0,4,theoretical,5,5d4
95,Am,24,71,Lu,[Xe].4f14.5d3,5d3,1s2.2s2.2p6.3s2.3p6.3d10.4s2.4p6.4d10.5s2.5p6.4f14.5d3,4F<3/2>,5d2 3F<2>,646.0,4,theoretical,5,5d3
95,Am,25,70,Yb,[Xe].4f14.5d2,5d2,1s2.2s2.2p6.3s2.3p6.3d10.4s2.4p6.4d10.5s2.5p6.4f14.5d2,3F<2>,5d 2D<3/2>,680.0,4,theoretical,5,5d2
95,Am,26,69,Tm,[Xe].4f14.5d,5d,1s2.2s2.2p6.3s2.3p6.3d10.4s2.4p6.4d10.5s2.5p6.4f14.5d1,2D<3/2>,4f14 1S<0>,711.0,4,theoretical,5,5d1
95,Am,27,68,Er,[Xe].4f14,4f14,1s2.2s2.2p6.3s2.3p6.3d10.4s2.4p6.4d10.5s2.5p6.4f14,1S0,4f14.5p5 2P*<3/2>,870.0,40,theoretical,5,4f14
95,Am,28,67,Ho,[Cd].4f14.5p5,4f14.5p5,1s2.2s2.2p6.3s2.3p6.3d10.4s2.4p6.4d10.5s2.4f14.5p5,2P*<3/2>,4f14.5p4 3P<2>,900.0,50,theoretical,5,5p5
95,Am,29,66,Dy,[Cd].4f14.5p4,4f14.5p4,1s2.2s2.2p6.3s2.3p6.3d10.4s2.4p6.4d10.5s2.4f14.5p4,3P<2>,4f14.5p3 2P*<3/2>,940.0,50,theoretical,5,5p4
95,Am,30,65,Tb,[Cd].4f14.5p3,4f14.5p3,1s2.2s2.2p6.3s2.3p6.3d10.4s2.4p6.4d10.5s2.4f14.5p3,2P*<3/2>,4f14.5p2 3P<0>,980.0,50,theoretical,5,5p3
95,Am,31,64,Gd,[Cd].4f14.5p2,4f14.5p2,1s2.2s2.2p6.3s2.3p6.3d10.4s2.4p6.4d10.5s2.4f14.5p2,3P0,4f14.5p 2P*<1/2>,1090.0,50,theoretical,5,5p2
95,Am,32,63,Eu,[Cd].4f14.5p,4f14.5p,1s2.2s2.2p6.3s2.3p6.3d10.4s2.4p6.4d10.5s2.4f14.5p1,2P*<1/2>,4f14 1S<0>,1130.0,60,theoretical,5,5p1
95,Am,33,62,Sm,[Cd].4f14,4f14,1s2.2s2.2p6.3s2.3p6.3d10.4s2.4p6.4d10.5s2.4f14,1S0,4f14.5s 2S<1/2>,1240.0,60,theoretical,5,4f14
95,Am,34,61,Pm,[Kr].4d10.4f14.5s,4f14.5s,1s2.2s2.2p6.3s2.3p6.3d10.4s2.4p6.4d10.4f14.5s1,2S<1/2>,4f14 1S<0>,1280.0,60,theoretical,5,5s1
95,Am,35,60,Nd,[Kr].4d10.4f14,4f14,1s2.2s2.2p6.3s2.3p6.3d10.4s2.4p6.4d10.4f14,1S0,4f13 2F*<7/2>,1410.0,70,theoretical,4,4f14
95,Am,36,59,Pr,[Kr].4d10.4f13,4f13,1s2.2s2.2p6.3s2.3p6.3d10.4s2.4p6.4d10.4f13,2F*<7/2>,4f12,1490.0,70,theoretical,4,4f13
95,Am,37,58,Ce,[Kr].4d10.4f12,4f12,1s2.2s2.2p6.3s2.3p6.3d10.4s2.4p6.4d10.4f12,,4f11 4I*<15/2>,1570.0,80,theoretical,4,4f12
95,Am,38,57,La,[Kr].4d10.4f11,4f11,1s2.2s2.2p6.3s2.3p6.3d10.4s2.4p6.4d10.4f11,4I*<15/2>,4f10 5I<8>,1650.0,90,theoretical,4,4f11
95,Am,39,56,Ba,[Kr].4d10.4f10,4f10,1s2.2s2.2p6.3s2.3p6.3d10.4s2.4p6.4d10.4f10,5I<8>,4f9 6H*<15/2>,1730.0,90,theoretical,4,4f10
95,Am,40,55,Cs,[Kr].4d10.4f9,4f9,1s2.2s2.2p6.3s2.3p6.3d10.4s2.4p6.4d10.4f9,6H*<15/2>,4f8 7F<6>,1820.0,90,theoretical,4,4f9
95,Am,41,54,Xe,[Kr].4d10.4f8,4f8,1s2.2s2.2p6.3s2.3p6.3d10.4s2.4p6.4d10.4f8,7F<6>,4f7 8S*<7/2>,1900.0,90,theoretical,4,4f8
95,Am,42,53,I,[Kr].4d10.4f7,4f7,1s2.2s2.2p6.3s2.3p6.3d10.4s2.4p6.4d10.4f7,8S*<7/2>,4f6 7F<0>,1980.0,100,theoretical,4,4f7
95,Am,43,52,Te,[Kr].4d10.4f6,4f6,1s2.2s2.2p6.3s2.3p6.3d10.4s2.4p6.4d10.4f6,7F0,4f5 6H*<5/2>,2070.0,100,theoretical,4,4f6
95,Am,44,51,Sb,[Kr].4d10.4f5,4f5,1s2.2s2.2p6.3s2.3p6.3d10.4s2.4p6.4d10.4f5,6H*<5/2>,4f4 5I<4>,2160.0,110,theoretical,4,4f5
95,Am,45,50,Sn,[Kr].4d10.4f4,4f4,1s2.2s2.2p6.3s2.3p6.3d10.4s2.4p6.4d10.4f4,5I<4>,4f3 4I*<9/2>,2240.0,110,theoretical,4,4f4
95,Am,46,49,In,[Kr].4d10.4f3,4f3,1s2.2s2.2p6.3s2.3p6.3d10.4s2.4p6.4d10.4f3,4I*<9/2>,4f2 3H<4>,2320.0,110,theoretical,4,4f3
95,Am,47,48,Cd,[Kr].4d10.4f2,4f2,1s2.2s2.2p6.3s2.3p6.3d10.4s2.4p6.4d10.4f2,3H<4>,4f 2F*<5/2>,2410.0,120,theoretical,4,4f2
95,Am,48,47,Ag,[Kr].4d10.4f,4f,1s2.2s2.2p6.3s2.3p6.3d10.4s2.4p6.4d10.4f1,2F*<5/2>,4d10 1S<0>,2480.0,120,theoretical,4,4f1
95,Am,49,46,Pd,[Kr].4d10,4d10,1s2.2s2.2p6.3s2.3p6.3d10.4s2.4p6.4d10,1S0,4d9 2D<5/2>,2874.0,4,theoretical,4,4d10
95,Am,50,45,Rh,[Kr].4d9,4d9,1s2.2s2.2p6.3s2.3p6.3d10.4s2.4p6.4d9,2D<5/2>,4d8 3F<4>,2946.0,4,theoretical,4,4d9
95,Am,51,44,Ru,[Kr].4d8,4d8,1s2.2s2.2p6.3s2.3p6.3d10.4s2.4p6.4d8,3F<4>,4d7 4F<9/2>,3021.0,4,theoretical,4,4d8
95,Am,52,43,Tc,[Kr].4d7,4d7,1s2.2s2.2p6.3s2.3p6.3d10.4s2.4p6.4d7,4F<9/2>,4d6 5D<4>,3101.0,4,theoretical,4,4d7
95,Am,53,42,Mo,[Kr].4d6,4d6,1s2.2s2.2p6.3s2.3p6.3d10.4s2.4p6.4d6,5D<4>,"4d-4.4d+ (0,5/2)<5/2>",3178.0,5,theoretical,4,4d6
95,Am,54,41,Nb,[Kr].4d5,4d-4.4d+,1s2.2s2.2p6.3s2.3p6.3d10.4s2.4p6.4d5,"(0,5/2)<5/2>",4d4 5D<0>,3251.0,5,theoretical,4,4d5
95,Am,55,40,Zr,[Kr].4d4,4d4,1s2.2s2.2p6.3s2.3p6.3d10.4s2.4p6.4d4,5D0,4d3 4F<3/2>,3402.0,5,theoretical,4,4d4
95,Am,56,39,Y,[Kr].4d3,4d3,1s2.2s2.2p6.3s2.3p6.3d10.4s2.4p6.4d3,4F<3/2>,4d2 3F<2>,3479.0,5,theoretical,4,4d3
95,Am,57,38,Sr,[Kr].4d2,4d2,1s2.2s2.2p6.3s2.3p6.3d10.4s2.4p6.4d2,3F<2>,4d 2D<3/2>,3563.0,6,theoretical,4,4d2
95,Am,58,37,Rb,[Kr].4d,4d,1s2.2s2.2p6.3s2.3p6.3d10.4s2.4p6.4d1,2D<3/2>,4p6 1S<0>,3641.0,6,theoretical,4,4d1
95,Am,59,36,Kr,[Ar].3d10.4s2.4p6,4p6,1s2.2s2.2p6.3s2.3p6.3d10.4s2.4p6,1S0,4p5 2P*<3/2>,3956.0,7,theoretical,4,4p6
95,Am,60,35,Br,[Ar].3d10.4s2.4p5,4p5,1s2.2s2.2p6.3s2.3p6.3d10.4s2.4p5,2P*<3/2>,4p4 3P<2>,4033.0,10,theoretical,4,4p5
95,Am,61,34,Se,[Ar].3d10.4s2.4p4,4p4,1s2.2s2.2p6.3s2.3p6.3d10.4s2.4p4,3P<2>,"4p-2.4p+ (0,3/2)*<3/2>",4115.0,12,theoretical,4,4p4
95,Am,62,33,As,[Ar].3d10.4s2.4p3,4p-2.4p+,1s2.2s2.2p6.3s2.3p6.3d10.4s2.4p3,"(0,3/2)*<3/2>",4p2 3P<0>,4191.0,15,theoretical,4,4p3
95,Am,63,32,Ge,[Ar].3d10.4s2.4p2,4p2,1s2.2s2.2p6.3s2.3p6.3d10.4s2.4p2,3P0,4p 2P*<1/2>,4642.0,19,theoretical,4,4p2
95,Am,64,31,Ga,[Ar].3d10.4s2.4p,4p,1s2.2s2.2p6.3s2.3p6.3d10.4s2.4p1,2P*<1/2>,4s2 1S<0>,4733.0,24,theoretical,4,4p1
95,Am,65,30,Zn,[Ar].3d10.4s2,4s2,1s2.2s2.2p6.3s2.3p6.3d10.4s2,1S0,4s 2S<1/2>,4960.0,30,theoretical,4,4s2
95,Am,66,29,Cu,[Ar].3d10.4s,4s,1s2.2s2.2p6.3s2.3p6.3d10.4s1,2S<1/2>,3d10 1S<0>,5050.0,40,theoretical,4,4s1
95,Am,67,28,Ni,[Ar].3d10,3d10,1s2.2s2.2p6.3s2.3p6.3d10,1S0,3d9 2D<5/2>,8040.0,40,theoretical,3,3d10
95,Am,68,27,Co,[Ar].3d9,3d9,1s2.2s2.2p6.3s2.3p6.3d9,2D<5/2>,3d8 3F<4>,8210.0,50,theoretical,3,3d9
95,Am,69,26,Fe,[Ar].3d8,3d8,1s2.2s2.2p6.3s2.3p6.3d8,3F<4>,3d7 4F<9/2>,8390.0,50,theoretical,3,3d8
95,Am,70,25,Mn,[Ar].3d7,3d7,1s2.2s2.2p6.3s2.3p6.3d7,4F<9/2>,"3d-4.3d+2 (0,4)<4>",8590.0,60,theoretical,3,3d7
95,Am,71,24,Cr,[Ar].3d6,3d-4.3d+2,1s2.2s2.2p6.3s2.3p6.3d6,"(0,4)<4>","3d-4.3d+ (0,5/2)<5/2>",8770.0,60,theoretical,3,3d6
95,Am,72,23,V,[Ar].3d5,3d-4.3d+,1s2.2s2.2p6.3s2.3p6.3d5,"(0,5/2)<5/2>",3d4 5D<0>,8950.0,70,theoretical,3,3d5
95,Am,73,22,Ti,[Ar].3d4,3d4,1s2.2s2.2p6.3s2.3p6.3d4,5D0,3d3 4F<3/2>,9380.0,90,theoretical,3,3d4
95,Am,74,21,Sc,[Ar].3d3,3d3,1s2.2s2.2p6.3s2.3p6.3d3,4F<3/2>,3d2 3F<2>,9560.0,90,theoretical,3,3d3
95,Am,75,20,Ca,[Ar].3d2,3d2,1s2.2s2.2p6.3s2.3p6.3d2,3F<2>,3d 2D<3/2>,9770.0,100,theoretical,3,3d2
95,Am,76,19,K,[Ar].3d,3d,1s2.2s2.2p6.3s2.3p6.3d1,2D<3/2>,3p6 1S<0>,9960.0,110,theoretical,3,3d1
95,Am,77,18,Ar,[Ne].3s2.3p6,3p6,1s2.2s2.2p6.3s2.3p6,1S0,3p5 2P*<3/2>,10490.0,120,theoretical,3,3p6
95,Am,78,17,Cl,[Ne].3s2.3p5,3p5,1s2.2s2.2p6.3s2.3p5,2P*<3/2>,3p4 3P<2>,10650.0,120,theoretical,3,3p5
95,Am,79,16,S,[Ne].3s2.3p4,3p4,1s2.2s2.2p6.3s2.3p4,3P<2>,3p3 2P*<3/2>,10830.0,140,theoretical,3,3p4
95,Am,80,15,P,[Ne].3s2.3p3,3p3,1s2.2s2.2p6.3s2.3p3,2P*<3/2>,3p2 3P<0>,11000.0,150,theoretical,3,3p3
95,Am,81,14,Si,[Ne].3s2.3p2,3p2,1s2.2s2.2p6.3s2.3p2,3P0,3p 2P*<1/2>,12400.0,160,theoretical,3,3p2
95,Am,82,13,Al,[Ne].3s2.3p,3p,1s2.2s2.2p6.3s2.3p1,2P*<1/2>,3s2 1S<0>,12600.0,170,theoretical,3,3p1
95,Am,83,12,Mg,[Ne].3s2,3s2,1s2.2s2.2p6.3s2,1S0,3s 2S<1/2>,13000.0,190,theoretical,3,3s2
95,Am,84,11,Na,[Ne].3s,3s,1s2.2s2.2p6.3s1,2S<1/2>,2p6 1S<0>,13190.0,200,theoretical,3,3s1
95,Am,85,10,Ne,1s2.2s2.2p6,2p6,1s2.2s2.2p6,1S0,2p5 2P*<3/2>,27110.0,220,theoretical,2,2p6
95,Am,86,9,F,1s2.2s2.2p5,2p5,1s2.2s2.2p5,2P*<3/2>,2p4 3P<2>,27550.0,240,theoretical,2,2p5
95,Am,87,8,O,1s2.2s2.2p4,2p4,1s2.2s2.2p4,3P<2>,"2p2<1/2>.2p<3/2> (0,3/2)*<3/2>",28040.0,250,theoretical,2,2p4
95,Am,88,7,N,1s2.2s2.2p3,2p2<1/2>.2p<3/2>,1s2.2s2.2p3,"(0,3/2)*<3/2>",2p2 3P<0>,28500.0,300,theoretical,2,2p3
95,Am,89,6,C,1s2.2s2.2p2,2p2,1s2.2s2.2p2,3P0,2p 2P*<1/2>,33700.0,300,theoretical,2,2p2
95,Am,90,5,B,1s2.2s2.2p,2p,1s2.2s2.2p1,2P*<1/2>,2s2 1S<0>,34300.0,300,theoretical,2,2p1
95,Am,91,4,Be,1s2.2s2,2s2,1s2.2s2,1S0,2s 2S<1/2>,35100.0,300,theoretical,2,2s2
95,Am,92,3,Li,1s2.2s,1s2.2s,1s2.2s1,2S<1/2>,1s2 1S<0>,35549.4,0.7,theoretical,2,2s1
95,Am,93,2,He,1s2,1s2,1s2,1S0,1s 2S<1/2>,139769.5,0.7,theoretical,1,1s2
95,Am,94,1,H,1s,1s,1s1,2S<1/2>,,142153.5,0.9,theoretical,1,1s1
96,Cm,0,96,Cm,[Rn].5f7.6d.7s2,5f7.6d.7s2,1s2.2s2.2p6.3s2.3p6.3d10.4s2.4p6.4d10.5s2.5p6.4f14.5d10.6s2.6p6.5f7.6d1.7s2,9D*<2>,5f7.7s2 8S*<7/2>,5.992241,0.000020,experimental,7,7s2
96,Cm,1,95,Am,[Rn].5f7.7s2,5f7.7s2,1s2.2s2.2p6.3s2.3p6.3d10.4s2.4p6.4d10.5s2.5p6.4f14.5d10.6s2.6p6.5f7.7s2,8S*<7/2>,5f8 7F<6>,12.4,0.4,semi-empirical,7,7s2
96,Cm,2,94,Pu,[Rn].5f8,5f8,1s2.2s2.2p6.3s2.3p6.3d10.4s2.4p6.4d10.5s2.5p6.4f14.5d10.6s2.6p6.5f8,7F<6>,5f7 8S*<7/2>,20.1,0.4,semi-empirical,6,5f8
96,Cm,3,93,Np,[Rn].5f7,5f7,1s2.2s2.2p6.3s2.3p6.3d10.4s2.4p6.4d10.5s2.5p6.4f14.5d10.6s2.6p6.5f7,8S*<7/2>,5f6 7F<0>,37.7,0.4,semi-empirical,6,5f7
96,Cm,4,92,U,[Rn].5f6,5f6,1s2.2s2.2p6.3s2.3p6.3d10.4s2.4p6.4d10.5s2.5p6.4f14.5d10.6s2.6p6.5f6,7F0,5f5 6H*<5/2>,51.0,1.9,theoretical,6,5f6
96,Cm,5,91,Pa,[Rn].5f5,5f5,1s2.2s2.2p6.3s2.3p6.3d10.4s2.4p6.4d10.5s2.5p6.4f14.5d10.6s2.6p6.5f5,6H*<5/2>,5f4 5I<4>,69.1,2.0,theoretical,6,5f5
96,Cm,6,90,Th,[Rn].5f4,5f4,1s2.2s2.2p6.3s2.3p6.3d10.4s2.4p6.4d10.5s2.5p6.4f14.5d10.6s2.6p6.5f4,5I<4>,5f5.6p4,97.0,5,theoretical,6,5f4
96,Cm,7,89,Ac,[Hg].5f5.6p4,5f5.6p4,1s2.2s2.2p6.3s2.3p6.3d10.4s2.4p6.4d10.5s2.5p6.4f14.5d10.6s2.5f5.6p4,*,5f5.6p3,112.0,6,theoretical,6,6p4
96,Cm,8,88,Ra,[Hg].5f5.6p3,5f5.6p3,1s2.2s2.2p6.3s2.3p6.3d10.4s2.4p6.4d10.5s2.5p6.4f14.5d10.6s2.5f5.6p3,,5f5.6p2*,128.0,6,theoretical,6,6p3
96,Cm,9,87,Fr,[Hg].5f5.6p2,5f5.6p2,1s2.2s2.2p6.3s2.3p6.3d10.4s2.4p6.4d10.5s2.5p6.4f14.5d10.6s2.5f5.6p2,*,5f4.6p2,144.0,7,theoretical,6,6p2
96,Cm,10,86,Rn,[Hg].5f4.6p2,5f4.6p2,1s2.2s2.2p6.3s2.3p6.3d10.4s2.4p6.4d10.5s2.5p6.4f14.5d10.6s2.5f4.6p2,,5f3.6p2*,167.0,8,theoretical,6,6p2
96,Cm,11,85,At,[Hg].5f3.6p2,5f3.6p2,1s2.2s2.2p6.3s2.3p6.3d10.4s2.4p6.4d10.5s2.5p6.4f14.5d10.6s2.5f3.6p2,*,5f2.6p2,190.0,10,theoretical,6,6p2
96,Cm,12,84,Po,[Hg].5f2.6p2,5f2.6p2,1s2.2s2.2p6.3s2.3p6.3d10.4s2.4p6.4d10.5s2.5p6.4f14.5d10.6s2.5f2.6p2,,5f.6p2*,213.0,11,theoretical,6,6p2
96,Cm,13,83,Bi,[Hg].5f.6p2,5f.6p2,1s2.2s2.2p6.3s2.3p6.3d10.4s2.4p6.4d10.5s2.5p6.4f14.5d10.6s2.5f1.6p2,*,5f.6p,235.0,12,theoretical,6,6p2
96,Cm,14,82,Pb,[Hg].5f.6p,5f.6p,1s2.2s2.2p6.3s2.3p6.3d10.4s2.4p6.4d10.5s2.5p6.4f14.5d10.6s2.5f1.6p1,,5f 2F*<5/2>,253.0,12,theoretical,6,6p1
96,Cm,15,81,Tl,[Hg].5f,5f,1s2.2s2.2p6.3s2.3p6.3d10.4s2.4p6.4d10.5s2.5p6.4f14.5d10.6s2.5f1,2F*<5/2>,6s2 1S<0>,272.0,14,theoretical,6,5f1
96,Cm,16,80,Hg,[Xe].4f14.5d10.6s2,6s2,1s2.2s2.2p6.3s2.3p6.3d10.4s2.4p6.4d10.5s2.5p6.4f14.5d10.6s2,1S0,6s 2S<1/2>,311.0,3,theoretical,6,6s2
96,Cm,17,79,Au,[Xe].4f14.5d10.6s,6s,1s2.2s2.2p6.3s2.3p6.3d10.4s2.4p6.4d10.5s2.5p6.4f14.5d10.6s1,2S<1/2>,5d10 1S<0>,332.0,3,theoretical,6,6s1
96,Cm,18,78,Pt,[Xe].4f14.5d10,5d10,1s2.2s2.2p6.3s2.3p6.3d10.4s2.4p6.4d10.5s2.5p6.4f14.5d10,1S0,5d9 2D<5/2>,460.0,3,theoretical,5,5d10
96,Cm,19,77,Ir,[Xe].4f14.5d9,5d9,1s2.2s2.2p6.3s2.3p6.3d10.4s2.4p6.4d10.5s2.5p6.4f14.5d9,2D<5/2>,5d8 3F<4>,489.0,4,theoretical,5,5d9
96,Cm,20,76,Os,[Xe].4f14.5d8,5d8,1s2.2s2.2p6.3s2.3p6.3d10.4s2.4p6.4d10.5s2.5p6.4f14.5d8,3F<4>,5d7 4F<9/2>,518.0,4,theoretical,5,5d8
96,Cm,21,75,Re,[Xe].4f14.5d7,5d7,1s2.2s2.2p6.3s2.3p6.3d10.4s2.4p6.4d10.5s2.5p6.4f14.5d7,4F<9/2>,5d6 5D<4>,550.0,4,theoretical,5,5d7
96,Cm,22,74,W,[Xe].4f14.5d6,5d6,1s2.2s2.2p6.3s2.3p6.3d10.4s2.4p6.4d10.5s2.5p6.4f14.5d6,5D<4>,5d5 6S<5/2>,580.0,4,theoretical,5,5d6
96,Cm,23,73,Ta,[Xe].4f14.5d5,5d5,1s2.2s2.2p6.3s2.3p6.3d10.4s2.4p6.4d10.5s2.5p6.4f14.5d5,6S<5/2>,5d4 5D<0>,611.0,4,theoretical,5,5d5
96,Cm,24,72,Hf,[Xe].4f14.5d4,5d4,1s2.2s2.2p6.3s2.3p6.3d10.4s2.4p6.4d10.5s2.5p6.4f14.5d4,5D0,5d3 4F<3/2>,657.0,4,theoretical,5,5d4
96,Cm,25,71,Lu,[Xe].4f14.5d3,5d3,1s2.2s2.2p6.3s2.3p6.3d10.4s2.4p6.4d10.5s2.5p6.4f14.5d3,4F<3/2>,5d2 3F<2>,689.0,4,theoretical,5,5d3
96,Cm,26,70,Yb,[Xe].4f14.5d2,5d2,1s2.2s2.2p6.3s2.3p6.3d10.4s2.4p6.4d10.5s2.5p6.4f14.5d2,3F<2>,5d 2D<3/2>,723.0,4,theoretical,5,5d2
96,Cm,27,69,Tm,[Xe].4f14.5d,5d,1s2.2s2.2p6.3s2.3p6.3d10.4s2.4p6.4d10.5s2.5p6.4f14.5d1,2D<3/2>,4f14 1S<0>,755.0,4,theoretical,5,5d1
96,Cm,28,68,Er,[Xe].4f14,4f14,1s2.2s2.2p6.3s2.3p6.3d10.4s2.4p6.4d10.5s2.5p6.4f14,1S0,4f14.5p5 2P*<3/2>,910.0,50,theoretical,5,4f14
96,Cm,29,67,Ho,[Cd].4f14.5p5,4f14.5p5,1s2.2s2.2p6.3s2.3p6.3d10.4s2.4p6.4d10.5s2.4f14.5p5,2P*<3/2>,4f14.5p4 3P<2>,950.0,50,theoretical,5,5p5
96,Cm,30,66,Dy,[Cd].4f14.5p4,4f14.5p4,1s2.2s2.2p6.3s2.3p6.3d10.4s2.4p6.4d10.5s2.4f14.5p4,3P<2>,4f14.5p3 2P*<3/2>,990.0,50,theoretical,5,5p4
96,Cm,31,65,Tb,[Cd].4f14.5p3,4f14.5p3,1s2.2s2.2p6.3s2.3p6.3d10.4s2.4p6.4d10.5s2.4f14.5p3,2P*<3/2>,4f14.5p2 3P<0>,1030.0,50,theoretical,5,5p3
96,Cm,32,64,Gd,[Cd].4f14.5p2,4f14.5p2,1s2.2s2.2p6.3s2.3p6.3d10.4s2.4p6.4d10.5s2.4f14.5p2,3P0,4f14.5p 2P*<1/2>,1140.0,60,theoretical,5,5p2
96,Cm,33,63,Eu,[Cd].4f14.5p,4f14.5p,1s2.2s2.2p6.3s2.3p6.3d10.4s2.4p6.4d10.5s2.4f14.5p1,2P*<1/2>,4f14 1S<0>,1180.0,60,theoretical,5,5p1
96,Cm,34,62,Sm,[Cd].4f14,4f14,1s2.2s2.2p6.3s2.3p6.3d10.4s2.4p6.4d10.5s2.4f14,1S0,4f14.5s 2S<1/2>,1300.0,60,theoretical,5,4f14
96,Cm,35,61,Pm,[Kr].4d10.4f14.5s,4f14.5s,1s2.2s2.2p6.3s2.3p6.3d10.4s2.4p6.4d10.4f14.5s1,2S<1/2>,4f14 1S<0>,1340.0,70,theoretical,5,5s1
96,Cm,36,60,Nd,[Kr].4d10.4f14,4f14,1s2.2s2.2p6.3s2.3p6.3d10.4s2.4p6.4d10.4f14,1S0,4f13 2F*<7/2>,1480.0,70,theoretical,4,4f14
96,Cm,37,59,Pr,[Kr].4d10.4f13,4f13,1s2.2s2.2p6.3s2.3p6.3d10.4s2.4p6.4d10.4f13,2F*<7/2>,4f12,1560.0,80,theoretical,4,4f13
96,Cm,38,58,Ce,[Kr].4d10.4f12,4f12,1s2.2s2.2p6.3s2.3p6.3d10.4s2.4p6.4d10.4f12,,4f11 4I*<15/2>,1650.0,80,theoretical,4,4f12
96,Cm,39,57,La,[Kr].4d10.4f11,4f11,1s2.2s2.2p6.3s2.3p6.3d10.4s2.4p6.4d10.4f11,4I*<15/2>,4f10 5I<8>,1730.0,90,theoretical,4,4f11
96,Cm,40,56,Ba,[Kr].4d10.4f10,4f10,1s2.2s2.2p6.3s2.3p6.3d10.4s2.4p6.4d10.4f10,5I<8>,4f9 6H*<15/2>,1810.0,90,theoretical,4,4f10
96,Cm,41,55,Cs,[Kr].4d10.4f9,4f9,1s2.2s2.2p6.3s2.3p6.3d10.4s2.4p6.4d10.4f9,6H*<15/2>,4f8 7F<6>,1890.0,90,theoretical,4,4f9
96,Cm,42,54,Xe,[Kr].4d10.4f8,4f8,1s2.2s2.2p6.3s2.3p6.3d10.4s2.4p6.4d10.4f8,7F<6>,4f7 8S*<7/2>,1980.0,100,theoretical,4,4f8
96,Cm,43,53,I,[Kr].4d10.4f7,4f7,1s2.2s2.2p6.3s2.3p6.3d10.4s2.4p6.4d10.4f7,8S*<7/2>,4f6 7F<0>,2060.0,100,theoretical,4,4f7
96,Cm,44,52,Te,[Kr].4d10.4f6,4f6,1s2.2s2.2p6.3s2.3p6.3d10.4s2.4p6.4d10.4f6,7F0,4f5 6H*<5/2>,2160.0,110,theoretical,4,4f6
96,Cm,45,51,Sb,[Kr].4d10.4f5,4f5,1s2.2s2.2p6.3s2.3p6.3d10.4s2.4p6.4d10.4f5,6H*<5/2>,4f4 5I<4>,2240.0,110,theoretical,4,4f5
96,Cm,46,50,Sn,[Kr].4d10.4f4,4f4,1s2.2s2.2p6.3s2.3p6.3d10.4s2.4p6.4d10.4f4,5I<4>,4f3 4I*<9/2>,2320.0,120,theoretical,4,4f4
96,Cm,47,49,In,[Kr].4d10.4f3,4f3,1s2.2s2.2p6.3s2.3p6.3d10.4s2.4p6.4d10.4f3,4I*<9/2>,4f2 3H<4>,2410.0,120,theoretical,4,4f3
96,Cm,48,48,Cd,[Kr].4d10.4f2,4f2,1s2.2s2.2p6.3s2.3p6.3d10.4s2.4p6.4d10.4f2,3H<4>,4f 2F*<5/2>,2490.0,120,theoretical,4,4f2
96,Cm,49,47,Ag,[Kr].4d10.4f,4f,1s2.2s2.2p6.3s2.3p6.3d10.4s2.4p6.4d10.4f1,2F*<5/2>,4d10 1S<0>,2580.0,120,theoretical,4,4f1
96,Cm,50,46,Pd,[Kr].4d10,4d10,1s2.2s2.2p6.3s2.3p6.3d10.4s2.4p6.4d10,1S0,4d9 2D<5/2>,2976.0,4,theoretical,4,4d10
96,Cm,51,45,Rh,[Kr].4d9,4d9,1s2.2s2.2p6.3s2.3p6.3d10.4s2.4p6.4d9,2D<5/2>,4d8 3F<4>,3050.0,4,theoretical,4,4d9
96,Cm,52,44,Ru,[Kr].4d8,4d8,1s2.2s2.2p6.3s2.3p6.3d10.4s2.4p6.4d8,3F<4>,4d7 4F<9/2>,3125.0,4,theoretical,4,4d8
96,Cm,53,43,Tc,[Kr].4d7,4d7,1s2.2s2.2p6.3s2.3p6.3d10.4s2.4p6.4d7,4F<9/2>,4d6 5D<4>,3207.0,5,theoretical,4,4d7
96,Cm,54,42,Mo,[Kr].4d6,4d6,1s2.2s2.2p6.3s2.3p6.3d10.4s2.4p6.4d6,5D<4>,"4d-4.4d+ (0,5/2)<5/2>",3284.0,5,theoretical,4,4d6
96,Cm,55,41,Nb,[Kr].4d5,4d-4.4d+,1s2.2s2.2p6.3s2.3p6.3d10.4s2.4p6.4d5,"(0,5/2)<5/2>",4d4 5D<0>,3360.0,5,theoretical,4,4d5
96,Cm,56,40,Zr,[Kr].4d4,4d4,1s2.2s2.2p6.3s2.3p6.3d10.4s2.4p6.4d4,5D0,4d3 4F<3/2>,3515.0,5,theoretical,4,4d4
96,Cm,57,39,Y,[Kr].4d3,4d3,1s2.2s2.2p6.3s2.3p6.3d10.4s2.4p6.4d3,4F<3/2>,4d2 3F<2>,3593.0,6,theoretical,4,4d3
96,Cm,58,38,Sr,[Kr].4d2,4d2,1s2.2s2.2p6.3s2.3p6.3d10.4s2.4p6.4d2,3F<2>,4d 2D<3/2>,3679.0,6,theoretical,4,4d2
96,Cm,59,37,Rb,[Kr].4d,4d,1s2.2s2.2p6.3s2.3p6.3d10.4s2.4p6.4d1,2D<3/2>,4p6 1S<0>,3758.0,7,theoretical,4,4d1
96,Cm,60,36,Kr,[Ar].3d10.4s2.4p6,4p6,1s2.2s2.2p6.3s2.3p6.3d10.4s2.4p6,1S0,4p5 2P*<3/2>,4078.0,10,theoretical,4,4p6
96,Cm,61,35,Br,[Ar].3d10.4s2.4p5,4p5,1s2.2s2.2p6.3s2.3p6.3d10.4s2.4p5,2P*<3/2>,4p4 3P<2>,4156.0,12,theoretical,4,4p5
96,Cm,62,34,Se,[Ar].3d10.4s2.4p4,4p4,1s2.2s2.2p6.3s2.3p6.3d10.4s2.4p4,3P<2>,"4p-2.4p+ (0,3/2)*<3/2>",4239.0,15,theoretical,4,4p4
96,Cm,63,33,As,[Ar].3d10.4s2.4p3,4p-2.4p+,1s2.2s2.2p6.3s2.3p6.3d10.4s2.4p3,"(0,3/2)*<3/2>",4p2 3P<0>,4317.0,19,theoretical,4,4p3
96,Cm,64,32,Ge,[Ar].3d10.4s2.4p2,4p2,1s2.2s2.2p6.3s2.3p6.3d10.4s2.4p2,3P0,4p 2P*<1/2>,4791.0,24,theoretical,4,4p2
96,Cm,65,31,Ga,[Ar].3d10.4s2.4p,4p,1s2.2s2.2p6.3s2.3p6.3d10.4s2.4p1,2P*<1/2>,4s2 1S<0>,4880.0,30,theoretical,4,4p1
96,Cm,66,30,Zn,[Ar].3d10.4s2,4s2,1s2.2s2.2p6.3s2.3p6.3d10.4s2,1S0,4s 2S<1/2>,5110.0,40,theoretical,4,4s2
96,Cm,67,29,Cu,[Ar].3d10.4s,4s,1s2.2s2.2p6.3s2.3p6.3d10.4s1,2S<1/2>,3d10 1S<0>,5200.0,40,theoretical,4,4s1
96,Cm,68,28,Ni,[Ar].3d10,3d10,1s2.2s2.2p6.3s2.3p6.3d10,1S0,3d9 2D<5/2>,8270.0,50,theoretical,3,3d10
96,Cm,69,27,Co,[Ar].3d9,3d9,1s2.2s2.2p6.3s2.3p6.3d9,2D<5/2>,3d8 3F<4>,8440.0,50,theoretical,3,3d9
96,Cm,70,26,Fe,[Ar].3d8,3d8,1s2.2s2.2p6.3s2.3p6.3d8,3F<4>,3d7 4F<9/2>,8620.0,60,theoretical,3,3d8
96,Cm,71,25,Mn,[Ar].3d7,3d7,1s2.2s2.2p6.3s2.3p6.3d7,4F<9/2>,"3d-4.3d+2 (0,4)<4>",8820.0,60,theoretical,3,3d7
96,Cm,72,24,Cr,[Ar].3d6,3d-4.3d+2,1s2.2s2.2p6.3s2.3p6.3d6,"(0,4)<4>","3d-4.3d+ (0,5/2)<5/2>",9000.0,70,theoretical,3,3d6
96,Cm,73,23,V,[Ar].3d5,3d-4.3d+,1s2.2s2.2p6.3s2.3p6.3d5,"(0,5/2)<5/2>",3d4 5D<0>,9180.0,90,theoretical,3,3d5
96,Cm,74,22,Ti,[Ar].3d4,3d4,1s2.2s2.2p6.3s2.3p6.3d4,5D0,3d3 4F<3/2>,9630.0,90,theoretical,3,3d4
96,Cm,75,21,Sc,[Ar].3d3,3d3,1s2.2s2.2p6.3s2.3p6.3d3,4F<3/2>,3d2 3F<2>,9820.0,100,theoretical,3,3d3
96,Cm,76,20,Ca,[Ar].3d2,3d2,1s2.2s2.2p6.3s2.3p6.3d2,3F<2>,3d 2D<3/2>,10020.0,110,theoretical,3,3d2
96,Cm,77,19,K,[Ar].3d,3d,1s2.2s2.2p6.3s2.3p6.3d1,2D<3/2>,3p6 1S<0>,10220.0,120,theoretical,3,3d1
96,Cm,78,18,Ar,[Ne].3s2.3p6,3p6,1s2.2s2.2p6.3s2.3p6,1S0,3p5 2P*<3/2>,10760.0,120,theoretical,3,3p6
96,Cm,79,17,Cl,[Ne].3s2.3p5,3p5,1s2.2s2.2p6.3s2.3p5,2P*<3/2>,3p4 3P<2>,10920.0,140,theoretical,3,3p5
96,Cm,80,16,S,[Ne].3s2.3p4,3p4,1s2.2s2.2p6.3s2.3p4,3P<2>,3p3 2P*<3/2>,11100.0,150,theoretical,3,3p4
96,Cm,81,15,P,[Ne].3s2.3p3,3p3,1s2.2s2.2p6.3s2.3p3,2P*<3/2>,3p2 3P<0>,11270.0,160,theoretical,3,3p3
96,Cm,82,14,Si,[Ne].3s2.3p2,3p2,1s2.2s2.2p6.3s2.3p2,3P0,3p 2P*<1/2>,12740.0,170,theoretical,3,3p2
96,Cm,83,13,Al,[Ne].3s2.3p,3p,1s2.2s2.2p6.3s2.3p1,2P*<1/2>,3s2 1S<0>,12950.0,190,theoretical,3,3p1
96,Cm,84,12,Mg,[Ne].3s2,3s2,1s2.2s2.2p6.3s2,1S0,3s 2S<1/2>,13350.0,200,theoretical,3,3s2
96,Cm,85,11,Na,[Ne].3s,3s,1s2.2s2.2p6.3s1,2S<1/2>,2p6 1S<0>,13550.0,220,theoretical,3,3s1
96,Cm,86,10,Ne,1s2.2s2.2p6,2p6,1s2.2s2.2p6,1S0,2p5 2P*<3/2>,27740.0,240,theoretical,2,2p6
96,Cm,87,9,F,1s2.2s2.2p5,2p5,1s2.2s2.2p5,2P*<3/2>,2p4 3P<2>,28180.0,250,theoretical,2,2p5
96,Cm,88,8,O,1s2.2s2.2p4,2p4,1s2.2s2.2p4,3P<2>,"2p2<1/2>.2p<3/2> (0,3/2)*<3/2>",28700.0,300,theoretical,2,2p4
96,Cm,89,7,N,1s2.2s2.2p3,2p2<1/2>.2p<3/2>,1s2.2s2.2p3,"(0,3/2)*<3/2>",2p2 3P<0>,29100.0,300,theoretical,2,2p3
96,Cm,90,6,C,1s2.2s2.2p2,2p2,1s2.2s2.2p2,3P0,2p 2P*<1/2>,34600.0,300,theoretical,2,2p2
96,Cm,91,5,B,1s2.2s2.2p,2p,1s2.2s2.2p1,2P*<1/2>,2s2 1S<0>,35200.0,300,theoretical,2,2p1
96,Cm,92,4,Be,1s2.2s2,2s2,1s2.2s2,1S0,2s 2S<1/2>,36000.0,400,theoretical,2,2s2
96,Cm,93,3,Li,1s2.2s,1s2.2s,1s2.2s1,2S<1/2>,1s2 1S<0>,36493.0,0.9,theoretical,2,2s1
96,Cm,94,2,He,1s2,1s2,1s2,1S0,1s 2S<1/2>,143311.0,4,theoretical,1,1s2
96,Cm,95,1,H,1s,1s,1s1,2S<1/2>,,145740.1,1.6,theoretical,1,1s1
97,Bk,0,97,Bk,[Rn].5f9.7s2,5f9.7s2,1s2.2s2.2p6.3s2.3p6.3d10.4s2.4p6.4d10.5s2.5p6.4f14.5d10.6s2.6p6.5f9.7s2,6H*<15/2>,5f9.7s 7H*<8>,6.19785,0.00025,experimental,7,7s2
97,Bk,1,96,Cm,[Rn].5f9.7s,5f9.7s,1s2.2s2.2p6.3s2.3p6.3d10.4s2.4p6.4d10.5s2.5p6.4f14.5d10.6s2.6p6.5f9.7s1,7H*<8>,5f9 6H*<15/2>,11.9,0.4,semi-empirical,7,7s1
97,Bk,2,95,Am,[Rn].5f9,5f9,1s2.2s2.2p6.3s2.3p6.3d10.4s2.4p6.4d10.5s2.5p6.4f14.5d10.6s2.6p6.5f9,6H*<15/2>,5f8 7F<6>,21.6,0.4,semi-empirical,6,5f9
97,Bk,3,94,Pu,[Rn].5f8,5f8,1s2.2s2.2p6.3s2.3p6.3d10.4s2.4p6.4d10.5s2.5p6.4f14.5d10.6s2.6p6.5f8,7F<6>,5f7 8S*<7/2>,36.0,0.4,semi-empirical,6,5f8
97,Bk,4,93,Np,[Rn].5f7,5f7,1s2.2s2.2p6.3s2.3p6.3d10.4s2.4p6.4d10.5s2.5p6.4f14.5d10.6s2.6p6.5f7,8S*<7/2>,5f6 7F<0>,56.0,1.9,theoretical,6,5f7
97,Bk,5,92,U,[Rn].5f6,5f6,1s2.2s2.2p6.3s2.3p6.3d10.4s2.4p6.4d10.5s2.5p6.4f14.5d10.6s2.6p6.5f6,7F0,5f5 6H*<5/2>,70.1,2.0,theoretical,6,5f6
97,Bk,6,91,Pa,[Rn].5f5,5f5,1s2.2s2.2p6.3s2.3p6.3d10.4s2.4p6.4d10.5s2.5p6.4f14.5d10.6s2.6p6.5f5,6H*<5/2>,5f4 5I<4>,90.0,2.0,theoretical,6,5f5
97,Bk,7,90,Th,[Rn].5f4,5f4,1s2.2s2.2p6.3s2.3p6.3d10.4s2.4p6.4d10.5s2.5p6.4f14.5d10.6s2.6p6.5f4,5I<4>,5f6.6p3,114.0,6,theoretical,6,5f4
97,Bk,8,89,Ac,[Hg].5f6.6p3,5f6.6p3,1s2.2s2.2p6.3s2.3p6.3d10.4s2.4p6.4d10.5s2.5p6.4f14.5d10.6s2.5f6.6p3,*,5f6.6p2,130.0,6,theoretical,6,6p3
97,Bk,9,88,Ra,[Hg].5f6.6p2,5f6.6p2,1s2.2s2.2p6.3s2.3p6.3d10.4s2.4p6.4d10.5s2.5p6.4f14.5d10.6s2.5f6.6p2,,5f5.6p2*,147.0,7,theoretical,6,6p2
97,Bk,10,87,Fr,[Hg].5f5.6p2,5f5.6p2,1s2.2s2.2p6.3s2.3p6.3d10.4s2.4p6.4d10.5s2.5p6.4f14.5d10.6s2.5f5.6p2,*,5f4.6p2,171.0,9,theoretical,6,6p2
97,Bk,11,86,Rn,[Hg].5f4.6p2,5f4.6p2,1s2.2s2.2p6.3s2.3p6.3d10.4s2.4p6.4d10.5s2.5p6.4f14.5d10.6s2.5f4.6p2,,5f3.6p2*,195.0,10,theoretical,6,6p2
97,Bk,12,85,At,[Hg].5f3.6p2,5f3.6p2,1s2.2s2.2p6.3s2.3p6.3d10.4s2.4p6.4d10.5s2.5p6.4f14.5d10.6s2.5f3.6p2,*,5f2.6p2,218.0,11,theoretical,6,6p2
97,Bk,13,84,Po,[Hg].5f2.6p2,5f2.6p2,1s2.2s2.2p6.3s2.3p6.3d10.4s2.4p6.4d10.5s2.5p6.4f14.5d10.6s2.5f2.6p2,,5f2.6p*,240.0,12,theoretical,6,6p2
97,Bk,14,83,Bi,[Hg].5f2.6p,5f2.6p,1s2.2s2.2p6.3s2.3p6.3d10.4s2.4p6.4d10.5s2.5p6.4f14.5d10.6s2.5f2.6p1,*,5f2,259.0,12,theoretical,6,6p1
97,Bk,15,82,Pb,[Hg].5f2,5f2,1s2.2s2.2p6.3s2.3p6.3d10.4s2.4p6.4d10.5s2.5p6.4f14.5d10.6s2.5f2,,5f 2F*<5/2>,279.0,14,theoretical,6,5f2
97,Bk,16,81,Tl,[Hg].5f,5f,1s2.2s2.2p6.3s2.3p6.3d10.4s2.4p6.4d10.5s2.5p6.4f14.5d10.6s2.5f1,2F*<5/2>,6s2 1S<0>,303.0,15,theoretical,6,5f1
97,Bk,17,80,Hg,[Xe].4f14.5d10.6s2,6s2,1s2.2s2.2p6.3s2.3p6.3d10.4s2.4p6.4d10.5s2.5p6.4f14.5d10.6s2,1S0,6s 2S<1/2>,339.0,3,theoretical,6,6s2
97,Bk,18,79,Au,[Xe].4f14.5d10.6s,6s,1s2.2s2.2p6.3s2.3p6.3d10.4s2.4p6.4d10.5s2.5p6.4f14.5d10.6s1,2S<1/2>,5d10 1S<0>,361.0,3,theoretical,6,6s1
97,Bk,19,78,Pt,[Xe].4f14.5d10,5d10,1s2.2s2.2p6.3s2.3p6.3d10.4s2.4p6.4d10.5s2.5p6.4f14.5d10,1S0,5d9 2D<5/2>,497.0,4,theoretical,5,5d10
97,Bk,20,77,Ir,[Xe].4f14.5d9,5d9,1s2.2s2.2p6.3s2.3p6.3d10.4s2.4p6.4d10.5s2.5p6.4f14.5d9,2D<5/2>,5d8 3F<4>,526.0,4,theoretical,5,5d9
97,Bk,21,76,Os,[Xe].4f14.5d8,5d8,1s2.2s2.2p6.3s2.3p6.3d10.4s2.4p6.4d10.5s2.5p6.4f14.5d8,3F<4>,5d7 4F<9/2>,557.0,4,theoretical,5,5d8
97,Bk,22,75,Re,[Xe].4f14.5d7,5d7,1s2.2s2.2p6.3s2.3p6.3d10.4s2.4p6.4d10.5s2.5p6.4f14.5d7,4F<9/2>,5d6 5D<4>,590.0,4,theoretical,5,5d7
97,Bk,23,74,W,[Xe].4f14.5d6,5d6,1s2.2s2.2p6.3s2.3p6.3d10.4s2.4p6.4d10.5s2.5p6.4f14.5d6,5D<4>,5d5 6S<5/2>,621.0,4,theoretical,5,5d6
97,Bk,24,73,Ta,[Xe].4f14.5d5,5d5,1s2.2s2.2p6.3s2.3p6.3d10.4s2.4p6.4d10.5s2.5p6.4f14.5d5,6S<5/2>,5d4 5D<0>,652.0,4,theoretical,5,5d5
97,Bk,25,72,Hf,[Xe].4f14.5d4,5d4,1s2.2s2.2p6.3s2.3p6.3d10.4s2.4p6.4d10.5s2.5p6.4f14.5d4,5D0,5d3 4F<3/2>,700.0,4,theoretical,5,5d4
97,Bk,26,71,Lu,[Xe].4f14.5d3,5d3,1s2.2s2.2p6.3s2.3p6.3d10.4s2.4p6.4d10.5s2.5p6.4f14.5d3,4F<3/2>,5d2 3F<2>,733.0,4,theoretical,5,5d3
97,Bk,27,70,Yb,[Xe].4f14.5d2,5d2,1s2.2s2.2p6.3s2.3p6.3d10.4s2.4p6.4d10.5s2.5p6.4f14.5d2,3F<2>,5d 2D<3/2>,768.0,4,theoretical,5,5d2
97,Bk,28,69,Tm,[Xe].4f14.5d,5d,1s2.2s2.2p6.3s2.3p6.3d10.4s2.4p6.4d10.5s2.5p6.4f14.5d1,2D<3/2>,4f14 1S<0>,800.0,4,theoretical,5,5d1
97,Bk,29,68,Er,[Xe].4f14,4f14,1s2.2s2.2p6.3s2.3p6.3d10.4s2.4p6.4d10.5s2.5p6.4f14,1S0,4f14.5p5 2P*<3/2>,960.0,50,theoretical,5,4f14
97,Bk,30,67,Ho,[Cd].4f14.5p5,4f14.5p5,1s2.2s2.2p6.3s2.3p6.3d10.4s2.4p6.4d10.5s2.4f14.5p5,2P*<3/2>,4f14.5p4 3P<2>,1000.0,50,theoretical,5,5p5
97,Bk,31,66,Dy,[Cd].4f14.5p4,4f14.5p4,1s2.2s2.2p6.3s2.3p6.3d10.4s2.4p6.4d10.5s2.4f14.5p4,3P<2>,4f14.5p3 2P*<3/2>,1040.0,50,theoretical,5,5p4
97,Bk,32,65,Tb,[Cd].4f14.5p3,4f14.5p3,1s2.2s2.2p6.3s2.3p6.3d10.4s2.4p6.4d10.5s2.4f14.5p3,2P*<3/2>,4f14.5p2 3P<0>,1080.0,50,theoretical,5,5p3
97,Bk,33,64,Gd,[Cd].4f14.5p2,4f14.5p2,1s2.2s2.2p6.3s2.3p6.3d10.4s2.4p6.4d10.5s2.4f14.5p2,3P0,4f14.5p 2P*<1/2>,1200.0,60,theoretical,5,5p2
97,Bk,34,63,Eu,[Cd].4f14.5p,4f14.5p,1s2.2s2.2p6.3s2.3p6.3d10.4s2.4p6.4d10.5s2.4f14.5p1,2P*<1/2>,4f14 1S<0>,1240.0,60,theoretical,5,5p1
97,Bk,35,62,Sm,[Cd].4f14,4f14,1s2.2s2.2p6.3s2.3p6.3d10.4s2.4p6.4d10.5s2.4f14,1S0,4f14.5s 2S<1/2>,1360.0,70,theoretical,5,4f14
97,Bk,36,61,Pm,[Kr].4d10.4f14.5s,4f14.5s,1s2.2s2.2p6.3s2.3p6.3d10.4s2.4p6.4d10.4f14.5s1,2S<1/2>,4f14 1S<0>,1410.0,70,theoretical,5,5s1
97,Bk,37,60,Nd,[Kr].4d10.4f14,4f14,1s2.2s2.2p6.3s2.3p6.3d10.4s2.4p6.4d10.4f14,1S0,4f13 2F*<7/2>,1550.0,80,theoretical,4,4f14
97,Bk,38,59,Pr,[Kr].4d10.4f13,4f13,1s2.2s2.2p6.3s2.3p6.3d10.4s2.4p6.4d10.4f13,2F*<7/2>,4f12,1630.0,80,theoretical,4,4f13
97,Bk,39,58,Ce,[Kr].4d10.4f12,4f12,1s2.2s2.2p6.3s2.3p6.3d10.4s2.4p6.4d10.4f12,,4f11 4I*<15/2>,1720.0,90,theoretical,4,4f12
97,Bk,40,57,La,[Kr].4d10.4f11,4f11,1s2.2s2.2p6.3s2.3p6.3d10.4s2.4p6.4d10.4f11,4I*<15/2>,4f10 5I<8>,1800.0,90,theoretical,4,4f11
97,Bk,41,56,Ba,[Kr].4d10.4f10,4f10,1s2.2s2.2p6.3s2.3p6.3d10.4s2.4p6.4d10.4f10,5I<8>,4f9 6H*<15/2>,1890.0,90,theoretical,4,4f10
97,Bk,42,55,Cs,[Kr].4d10.4f9,4f9,1s2.2s2.2p6.3s2.3p6.3d10.4s2.4p6.4d10.4f9,6H*<15/2>,4f8 7F<6>,1970.0,100,theoretical,4,4f9
97,Bk,43,54,Xe,[Kr].4d10.4f8,4f8,1s2.2s2.2p6.3s2.3p6.3d10.4s2.4p6.4d10.4f8,7F<6>,4f7 8S*<7/2>,2050.0,100,theoretical,4,4f8
97,Bk,44,53,I,[Kr].4d10.4f7,4f7,1s2.2s2.2p6.3s2.3p6.3d10.4s2.4p6.4d10.4f7,8S*<7/2>,4f6 7F<0>,2140.0,110,theoretical,4,4f7
97,Bk,45,52,Te,[Kr].4d10.4f6,4f6,1s2.2s2.2p6.3s2.3p6.3d10.4s2.4p6.4d10.4f6,7F0,4f5 6H*<5/2>,2240.0,110,theoretical,4,4f6
97,Bk,46,51,Sb,[Kr].4d10.4f5,4f5,1s2.2s2.2p6.3s2.3p6.3d10.4s2.4p6.4d10.4f5,6H*<5/2>,4f4 5I<4>,2320.0,120,theoretical,4,4f5
97,Bk,47,50,Sn,[Kr].4d10.4f4,4f4,1s2.2s2.2p6.3s2.3p6.3d10.4s2.4p6.4d10.4f4,5I<4>,4f3 4I*<9/2>,2410.0,120,theoretical,4,4f4
97,Bk,48,49,In,[Kr].4d10.4f3,4f3,1s2.2s2.2p6.3s2.3p6.3d10.4s2.4p6.4d10.4f3,4I*<9/2>,4f2 3H<4>,2490.0,120,theoretical,4,4f3
97,Bk,49,48,Cd,[Kr].4d10.4f2,4f2,1s2.2s2.2p6.3s2.3p6.3d10.4s2.4p6.4d10.4f2,3H<4>,4f 2F*<5/2>,2580.0,120,theoretical,4,4f2
97,Bk,50,47,Ag,[Kr].4d10.4f,4f,1s2.2s2.2p6.3s2.3p6.3d10.4s2.4p6.4d10.4f1,2F*<5/2>,4d10 1S<0>,2670.0,140,theoretical,4,4f1
97,Bk,51,46,Pd,[Kr].4d10,4d10,1s2.2s2.2p6.3s2.3p6.3d10.4s2.4p6.4d10,1S0,4d9 2D<5/2>,3080.0,4,theoretical,4,4d10
97,Bk,52,45,Rh,[Kr].4d9,4d9,1s2.2s2.2p6.3s2.3p6.3d10.4s2.4p6.4d9,2D<5/2>,4d8 3F<4>,3154.0,4,theoretical,4,4d9
97,Bk,53,44,Ru,[Kr].4d8,4d8,1s2.2s2.2p6.3s2.3p6.3d10.4s2.4p6.4d8,3F<4>,4d7 4F<9/2>,3232.0,5,theoretical,4,4d8
97,Bk,54,43,Tc,[Kr].4d7,4d7,1s2.2s2.2p6.3s2.3p6.3d10.4s2.4p6.4d7,4F<9/2>,4d6 5D<4>,3315.0,5,theoretical,4,4d7
97,Bk,55,42,Mo,[Kr].4d6,4d6,1s2.2s2.2p6.3s2.3p6.3d10.4s2.4p6.4d6,5D<4>,"4d-4.4d+ (0,5/2)<5/2>",3393.0,5,theoretical,4,4d6
97,Bk,56,41,Nb,[Kr].4d5,4d-4.4d+,1s2.2s2.2p6.3s2.3p6.3d10.4s2.4p6.4d5,"(0,5/2)<5/2>",4d4 5D<0>,3469.0,5,theoretical,4,4d5
97,Bk,57,40,Zr,[Kr].4d4,4d4,1s2.2s2.2p6.3s2.3p6.3d10.4s2.4p6.4d4,5D0,4d3 4F<3/2>,3630.0,6,theoretical,4,4d4
97,Bk,58,39,Y,[Kr].4d3,4d3,1s2.2s2.2p6.3s2.3p6.3d10.4s2.4p6.4d3,4F<3/2>,4d2 3F<2>,3709.0,6,theoretical,4,4d3
97,Bk,59,38,Sr,[Kr].4d2,4d2,1s2.2s2.2p6.3s2.3p6.3d10.4s2.4p6.4d2,3F<2>,4d 2D<3/2>,3797.0,7,theoretical,4,4d2
97,Bk,60,37,Rb,[Kr].4d,4d,1s2.2s2.2p6.3s2.3p6.3d10.4s2.4p6.4d1,2D<3/2>,4p6 1S<0>,3877.0,10,theoretical,4,4d1
97,Bk,61,36,Kr,[Ar].3d10.4s2.4p6,4p6,1s2.2s2.2p6.3s2.3p6.3d10.4s2.4p6,1S0,4p5 2P*<3/2>,4202.0,12,theoretical,4,4p6
97,Bk,62,35,Br,[Ar].3d10.4s2.4p5,4p5,1s2.2s2.2p6.3s2.3p6.3d10.4s2.4p5,2P*<3/2>,4p4 3P<2>,4281.0,15,theoretical,4,4p5
97,Bk,63,34,Se,[Ar].3d10.4s2.4p4,4p4,1s2.2s2.2p6.3s2.3p6.3d10.4s2.4p4,3P<2>,"4p-2.4p+ (0,3/2)*<3/2>",4365.0,19,theoretical,4,4p4
97,Bk,64,33,As,[Ar].3d10.4s2.4p3,4p-2.4p+,1s2.2s2.2p6.3s2.3p6.3d10.4s2.4p3,"(0,3/2)*<3/2>",4p2 3P<0>,4445.0,24,theoretical,4,4p3
97,Bk,65,32,Ge,[Ar].3d10.4s2.4p2,4p2,1s2.2s2.2p6.3s2.3p6.3d10.4s2.4p2,3P0,4p 2P*<1/2>,4940.0,30,theoretical,4,4p2
97,Bk,66,31,Ga,[Ar].3d10.4s2.4p,4p,1s2.2s2.2p6.3s2.3p6.3d10.4s2.4p1,2P*<1/2>,4s2 1S<0>,5040.0,40,theoretical,4,4p1
97,Bk,67,30,Zn,[Ar].3d10.4s2,4s2,1s2.2s2.2p6.3s2.3p6.3d10.4s2,1S0,4s 2S<1/2>,5270.0,40,theoretical,4,4s2
97,Bk,68,29,Cu,[Ar].3d10.4s,4s,1s2.2s2.2p6.3s2.3p6.3d10.4s1,2S<1/2>,3d10 1S<0>,5360.0,50,theoretical,4,4s1
97,Bk,69,28,Ni,[Ar].3d10,3d10,1s2.2s2.2p6.3s2.3p6.3d10,1S0,3d9 2D<5/2>,8500.0,50,theoretical,3,3d10
97,Bk,70,27,Co,[Ar].3d9,3d9,1s2.2s2.2p6.3s2.3p6.3d9,2D<5/2>,3d8 3F<4>,8670.0,60,theoretical,3,3d9
97,Bk,71,26,Fe,[Ar].3d8,3d8,1s2.2s2.2p6.3s2.3p6.3d8,3F<4>,3d7 4F<9/2>,8850.0,60,theoretical,3,3d8
97,Bk,72,25,Mn,[Ar].3d7,3d7,1s2.2s2.2p6.3s2.3p6.3d7,4F<9/2>,"3d-4.3d+2 (0,4)<4>",9050.0,70,theoretical,3,3d7
97,Bk,73,24,Cr,[Ar].3d6,3d-4.3d+2,1s2.2s2.2p6.3s2.3p6.3d6,"(0,4)<4>","3d-4.3d+ (0,5/2)<5/2>",9240.0,90,theoretical,3,3d6
97,Bk,74,23,V,[Ar].3d5,3d-4.3d+,1s2.2s2.2p6.3s2.3p6.3d5,"(0,5/2)<5/2>",3d4 5D<0>,9420.0,90,theoretical,3,3d5
97,Bk,75,22,Ti,[Ar].3d4,3d4,1s2.2s2.2p6.3s2.3p6.3d4,5D0,3d3 4F<3/2>,9880.0,100,theoretical,3,3d4
97,Bk,76,21,Sc,[Ar].3d3,3d3,1s2.2s2.2p6.3s2.3p6.3d3,4F<3/2>,3d2 3F<2>,10070.0,110,theoretical,3,3d3
97,Bk,77,20,Ca,[Ar].3d2,3d2,1s2.2s2.2p6.3s2.3p6.3d2,3F<2>,3d 2D<3/2>,10280.0,120,theoretical,3,3d2
97,Bk,78,19,K,[Ar].3d,3d,1s2.2s2.2p6.3s2.3p6.3d1,2D<3/2>,3p6 1S<0>,10480.0,120,theoretical,3,3d1
97,Bk,79,18,Ar,[Ne].3s2.3p6,3p6,1s2.2s2.2p6.3s2.3p6,1S0,3p5 2P*<3/2>,11020.0,140,theoretical,3,3p6
97,Bk,80,17,Cl,[Ne].3s2.3p5,3p5,1s2.2s2.2p6.3s2.3p5,2P*<3/2>,3p4 3P<2>,11190.0,150,theoretical,3,3p5
97,Bk,81,16,S,[Ne].3s2.3p4,3p4,1s2.2s2.2p6.3s2.3p4,3P<2>,3p3 2P*<3/2>,11380.0,160,theoretical,3,3p4
97,Bk,82,15,P,[Ne].3s2.3p3,3p3,1s2.2s2.2p6.3s2.3p3,2P*<3/2>,3p2 3P<0>,11550.0,170,theoretical,3,3p3
97,Bk,83,14,Si,[Ne].3s2.3p2,3p2,1s2.2s2.2p6.3s2.3p2,3P0,3p 2P*<1/2>,13090.0,190,theoretical,3,3p2
97,Bk,84,13,Al,[Ne].3s2.3p,3p,1s2.2s2.2p6.3s2.3p1,2P*<1/2>,3s2 1S<0>,13300.0,200,theoretical,3,3p1
97,Bk,85,12,Mg,[Ne].3s2,3s2,1s2.2s2.2p6.3s2,1S0,3s 2S<1/2>,13720.0,220,theoretical,3,3s2
97,Bk,86,11,Na,[Ne].3s,3s,1s2.2s2.2p6.3s1,2S<1/2>,2p6 1S<0>,13910.0,240,theoretical,3,3s1
97,Bk,87,10,Ne,1s2.2s2.2p6,2p6,1s2.2s2.2p6,1S0,2p5 2P*<3/2>,28380.0,250,theoretical,2,2p6
97,Bk,88,9,F,1s2.2s2.2p5,2p5,1s2.2s2.2p5,2P*<3/2>,2p4 3P<2>,28800.0,300,theoretical,2,2p5
97,Bk,89,8,O,1s2.2s2.2p4,2p4,1s2.2s2.2p4,3P<2>,"2p2<1/2>.2p<3/2> (0,3/2)*<3/2>",29300.0,300,theoretical,2,2p4
97,Bk,90,7,N,1s2.2s2.2p3,2p2<1/2>.2p<3/2>,1s2.2s2.2p3,"(0,3/2)*<3/2>",2p2 3P<0>,29800.0,300,theoretical,2,2p3
97,Bk,91,6,C,1s2.2s2.2p2,2p2,1s2.2s2.2p2,3P0,2p 2P*<1/2>,35500.0,300,theoretical,2,2p2
97,Bk,92,5,B,1s2.2s2.2p,2p,1s2.2s2.2p1,2P*<1/2>,2s2 1S<0>,36200.0,400,theoretical,2,2p1
97,Bk,93,4,Be,1s2.2s2,2s2,1s2.2s2,1S0,2s 2S<1/2>,37000.0,400,theoretical,2,2s2
97,Bk,94,3,Li,1s2.2s,1s2.2s,1s2.2s1,2S<1/2>,1s2 1S<0>,37457.6,0.9,theoretical,2,2s1
97,Bk,95,2,He,1s2,1s2,1s2,1S0,1s 2S<1/2>,146917.0,5,theoretical,1,1s2
97,Bk,96,1,H,1s,1s,1s1,2S<1/2>,,149398.0,5,theoretical,1,1s1
98,Cf,0,98,Cf,[Rn].5f10.7s2,5f10.7s2,1s2.2s2.2p6.3s2.3p6.3d10.4s2.4p6.4d10.5s2.5p6.4f14.5d10.6s2.6p6.5f10.7s2,5I<8>,5f10.7s 6I<17/2>,6.281878,0.000006,experimental,7,7s2
98,Cf,1,97,Bk,[Rn].5f10.7s,5f10.7s,1s2.2s2.2p6.3s2.3p6.3d10.4s2.4p6.4d10.5s2.5p6.4f14.5d10.6s2.6p6.5f10.7s1,6I<17/2>,5f10 5I<8>,12.0,0.4,semi-empirical,7,7s1
98,Cf,2,96,Cm,[Rn].5f10,5f10,1s2.2s2.2p6.3s2.3p6.3d10.4s2.4p6.4d10.5s2.5p6.4f14.5d10.6s2.6p6.5f10,5I<8>,5f9 6H*<15/2>,22.4,0.4,semi-empirical,6,5f10
98,Cf,3,95,Am,[Rn].5f9,5f9,1s2.2s2.2p6.3s2.3p6.3d10.4s2.4p6.4d10.5s2.5p6.4f14.5d10.6s2.6p6.5f9,6H*<15/2>,5f8 7F<6>,37.7,0.4,semi-empirical,6,5f9
98,Cf,4,94,Pu,[Rn].5f8,5f8,1s2.2s2.2p6.3s2.3p6.3d10.4s2.4p6.4d10.5s2.5p6.4f14.5d10.6s2.6p6.5f8,7F<6>,5f7 8S*<7/2>,51.9,1.9,theoretical,6,5f8
98,Cf,5,93,Np,[Rn].5f7,5f7,1s2.2s2.2p6.3s2.3p6.3d10.4s2.4p6.4d10.5s2.5p6.4f14.5d10.6s2.6p6.5f7,8S*<7/2>,5f6 7F<0>,75.0,2.0,theoretical,6,5f7
98,Cf,6,92,U,[Rn].5f6,5f6,1s2.2s2.2p6.3s2.3p6.3d10.4s2.4p6.4d10.5s2.5p6.4f14.5d10.6s2.6p6.5f6,7F0,5f5 6H*<5/2>,91.0,2.0,theoretical,6,5f6
98,Cf,7,91,Pa,[Rn].5f5,5f5,1s2.2s2.2p6.3s2.3p6.3d10.4s2.4p6.4d10.5s2.5p6.4f14.5d10.6s2.6p6.5f5,6H*<5/2>,5f4 5I<4>,112.9,2.1,theoretical,6,5f5
98,Cf,8,90,Th,[Rn].5f4,5f4,1s2.2s2.2p6.3s2.3p6.3d10.4s2.4p6.4d10.5s2.5p6.4f14.5d10.6s2.6p6.5f4,5I<4>,5f7.6p2,133.0,6,theoretical,6,5f4
98,Cf,9,89,Ac,[Hg].5f7.6p2,5f7.6p2,1s2.2s2.2p6.3s2.3p6.3d10.4s2.4p6.4d10.5s2.5p6.4f14.5d10.6s2.5f7.6p2,*,5f6.6p2,152.0,7,theoretical,6,6p2
98,Cf,10,88,Ra,[Hg].5f6.6p2,5f6.6p2,1s2.2s2.2p6.3s2.3p6.3d10.4s2.4p6.4d10.5s2.5p6.4f14.5d10.6s2.5f6.6p2,,5f5.6p2*,178.0,9,theoretical,6,6p2
98,Cf,11,87,Fr,[Hg].5f5.6p2,5f5.6p2,1s2.2s2.2p6.3s2.3p6.3d10.4s2.4p6.4d10.5s2.5p6.4f14.5d10.6s2.5f5.6p2,*,5f4.6p2,201.0,10,theoretical,6,6p2
98,Cf,12,86,Rn,[Hg].5f4.6p2,5f4.6p2,1s2.2s2.2p6.3s2.3p6.3d10.4s2.4p6.4d10.5s2.5p6.4f14.5d10.6s2.5f4.6p2,,5f3.6p2*,225.0,11,theoretical,6,6p2
98,Cf,13,85,At,[Hg].5f3.6p2,5f3.6p2,1s2.2s2.2p6.3s2.3p6.3d10.4s2.4p6.4d10.5s2.5p6.4f14.5d10.6s2.5f3.6p2,*,5f3.6p,247.0,12,theoretical,6,6p2
98,Cf,14,84,Po,[Hg].5f3.6p,5f3.6p,1s2.2s2.2p6.3s2.3p6.3d10.4s2.4p6.4d10.5s2.5p6.4f14.5d10.6s2.5f3.6p1,,5f3*,265.0,14,theoretical,6,6p1
98,Cf,15,83,Bi,[Hg].5f3,5f3,1s2.2s2.2p6.3s2.3p6.3d10.4s2.4p6.4d10.5s2.5p6.4f14.5d10.6s2.5f3,*,5f2,286.0,15,theoretical,6,5f3
98,Cf,16,82,Pb,[Hg].5f2,5f2,1s2.2s2.2p6.3s2.3p6.3d10.4s2.4p6.4d10.5s2.5p6.4f14.5d10.6s2.5f2,,5f 2F*<5/2>,310.0,15,theoretical,6,5f2
98,Cf,17,81,Tl,[Hg].5f,5f,1s2.2s2.2p6.3s2.3p6.3d10.4s2.4p6.4d10.5s2.5p6.4f14.5d10.6s2.5f1,2F*<5/2>,6s2 1S<0>,334.0,16,theoretical,6,5f1
98,Cf,18,80,Hg,[Xe].4f14.5d10.6s2,6s2,1s2.2s2.2p6.3s2.3p6.3d10.4s2.4p6.4d10.5s2.5p6.4f14.5d10.6s2,1S0,6s 2S<1/2>,368.0,3,theoretical,6,6s2
98,Cf,19,79,Au,[Xe].4f14.5d10.6s,6s,1s2.2s2.2p6.3s2.3p6.3d10.4s2.4p6.4d10.5s2.5p6.4f14.5d10.6s1,2S<1/2>,5d10 1S<0>,390.0,4,theoretical,6,6s1
98,Cf,20,78,Pt,[Xe].4f14.5d10,5d10,1s2.2s2.2p6.3s2.3p6.3d10.4s2.4p6.4d10.5s2.5p6.4f14.5d10,1S0,5d9 2D<5/2>,536.0,4,theoretical,5,5d10
98,Cf,21,77,Ir,[Xe].4f14.5d9,5d9,1s2.2s2.2p6.3s2.3p6.3d10.4s2.4p6.4d10.5s2.5p6.4f14.5d9,2D<5/2>,5d8 3F<4>,566.0,4,theoretical,5,5d9
98,Cf,22,76,Os,[Xe].4f14.5d8,5d8,1s2.2s2.2p6.3s2.3p6.3d10.4s2.4p6.4d10.5s2.5p6.4f14.5d8,3F<4>,5d7 4F<9/2>,597.0,4,theoretical,5,5d8
98,Cf,23,75,Re,[Xe].4f14.5d7,5d7,1s2.2s2.2p6.3s2.3p6.3d10.4s2.4p6.4d10.5s2.5p6.4f14.5d7,4F<9/2>,5d6 5D<4>,630.0,4,theoretical,5,5d7
98,Cf,24,74,W,[Xe].4f14.5d6,5d6,1s2.2s2.2p6.3s2.3p6.3d10.4s2.4p6.4d10.5s2.5p6.4f14.5d6,5D<4>,5d5 6S<5/2>,662.0,4,theoretical,5,5d6
98,Cf,25,73,Ta,[Xe].4f14.5d5,5d5,1s2.2s2.2p6.3s2.3p6.3d10.4s2.4p6.4d10.5s2.5p6.4f14.5d5,6S<5/2>,5d4 5D<0>,695.0,4,theoretical,5,5d5
98,Cf,26,72,Hf,[Xe].4f14.5d4,5d4,1s2.2s2.2p6.3s2.3p6.3d10.4s2.4p6.4d10.5s2.5p6.4f14.5d4,5D0,5d3 4F<3/2>,744.0,4,theoretical,5,5d4
98,Cf,27,71,Lu,[Xe].4f14.5d3,5d3,1s2.2s2.2p6.3s2.3p6.3d10.4s2.4p6.4d10.5s2.5p6.4f14.5d3,4F<3/2>,5d2 3F<2>,778.0,4,theoretical,5,5d3
98,Cf,28,70,Yb,[Xe].4f14.5d2,5d2,1s2.2s2.2p6.3s2.3p6.3d10.4s2.4p6.4d10.5s2.5p6.4f14.5d2,3F<2>,5d 2D<3/2>,814.0,4,theoretical,5,5d2
98,Cf,29,69,Tm,[Xe].4f14.5d,5d,1s2.2s2.2p6.3s2.3p6.3d10.4s2.4p6.4d10.5s2.5p6.4f14.5d1,2D<3/2>,4f14 1S<0>,847.0,4,theoretical,5,5d1
98,Cf,30,68,Er,[Xe].4f14,4f14,1s2.2s2.2p6.3s2.3p6.3d10.4s2.4p6.4d10.5s2.5p6.4f14,1S0,4f14.5p5 2P*<3/2>,1010.0,50,theoretical,5,4f14
98,Cf,31,67,Ho,[Cd].4f14.5p5,4f14.5p5,1s2.2s2.2p6.3s2.3p6.3d10.4s2.4p6.4d10.5s2.4f14.5p5,2P*<3/2>,4f14.5p4 3P<2>,1050.0,50,theoretical,5,5p5
98,Cf,32,66,Dy,[Cd].4f14.5p4,4f14.5p4,1s2.2s2.2p6.3s2.3p6.3d10.4s2.4p6.4d10.5s2.4f14.5p4,3P<2>,4f14.5p3 2P*<3/2>,1090.0,50,theoretical,5,5p4
98,Cf,33,65,Tb,[Cd].4f14.5p3,4f14.5p3,1s2.2s2.2p6.3s2.3p6.3d10.4s2.4p6.4d10.5s2.4f14.5p3,2P*<3/2>,4f14.5p2 3P<0>,1120.0,60,theoretical,5,5p3
98,Cf,34,64,Gd,[Cd].4f14.5p2,4f14.5p2,1s2.2s2.2p6.3s2.3p6.3d10.4s2.4p6.4d10.5s2.4f14.5p2,3P0,4f14.5p 2P*<1/2>,1250.0,60,theoretical,5,5p2
98,Cf,35,63,Eu,[Cd].4f14.5p,4f14.5p,1s2.2s2.2p6.3s2.3p6.3d10.4s2.4p6.4d10.5s2.4f14.5p1,2P*<1/2>,4f14 1S<0>,1300.0,60,theoretical,5,5p1
98,Cf,36,62,Sm,[Cd].4f14,4f14,1s2.2s2.2p6.3s2.3p6.3d10.4s2.4p6.4d10.5s2.4f14,1S0,4f14.5s 2S<1/2>,1420.0,70,theoretical,5,4f14
98,Cf,37,61,Pm,[Kr].4d10.4f14.5s,4f14.5s,1s2.2s2.2p6.3s2.3p6.3d10.4s2.4p6.4d10.4f14.5s1,2S<1/2>,4f14 1S<0>,1470.0,70,theoretical,5,5s1
98,Cf,38,60,Nd,[Kr].4d10.4f14,4f14,1s2.2s2.2p6.3s2.3p6.3d10.4s2.4p6.4d10.4f14,1S0,4f13 2F*<7/2>,1620.0,80,theoretical,4,4f14
98,Cf,39,59,Pr,[Kr].4d10.4f13,4f13,1s2.2s2.2p6.3s2.3p6.3d10.4s2.4p6.4d10.4f13,2F*<7/2>,4f12,1700.0,90,theoretical,4,4f13
98,Cf,40,58,Ce,[Kr].4d10.4f12,4f12,1s2.2s2.2p6.3s2.3p6.3d10.4s2.4p6.4d10.4f12,,4f11 4I*<15/2>,1790.0,90,theoretical,4,4f12
98,Cf,41,57,La,[Kr].4d10.4f11,4f11,1s2.2s2.2p6.3s2.3p6.3d10.4s2.4p6.4d10.4f11,4I*<15/2>,4f10 5I<8>,1880.0,100,theoretical,4,4f11
98,Cf,42,56,Ba,[Kr].4d10.4f10,4f10,1s2.2s2.2p6.3s2.3p6.3d10.4s2.4p6.4d10.4f10,5I<8>,4f9 6H*<15/2>,1960.0,100,theoretical,4,4f10
98,Cf,43,55,Cs,[Kr].4d10.4f9,4f9,1s2.2s2.2p6.3s2.3p6.3d10.4s2.4p6.4d10.4f9,6H*<15/2>,4f8 7F<6>,2050.0,100,theoretical,4,4f9
98,Cf,44,54,Xe,[Kr].4d10.4f8,4f8,1s2.2s2.2p6.3s2.3p6.3d10.4s2.4p6.4d10.4f8,7F<6>,4f7 8S*<7/2>,2130.0,110,theoretical,4,4f8
98,Cf,45,53,I,[Kr].4d10.4f7,4f7,1s2.2s2.2p6.3s2.3p6.3d10.4s2.4p6.4d10.4f7,8S*<7/2>,4f6 7F<0>,2220.0,110,theoretical,4,4f7
98,Cf,46,52,Te,[Kr].4d10.4f6,4f6,1s2.2s2.2p6.3s2.3p6.3d10.4s2.4p6.4d10.4f6,7F0,4f5 6H*<5/2>,2320.0,120,theoretical,4,4f6
98,Cf,47,51,Sb,[Kr].4d10.4f5,4f5,1s2.2s2.2p6.3s2.3p6.3d10.4s2.4p6.4d10.4f5,6H*<5/2>,4f4 5I<4>,2410.0,120,theoretical,4,4f5
98,Cf,48,50,Sn,[Kr].4d10.4f4,4f4,1s2.2s2.2p6.3s2.3p6.3d10.4s2.4p6.4d10.4f4,5I<4>,4f3 4I*<9/2>,2490.0,120,theoretical,4,4f4
98,Cf,49,49,In,[Kr].4d10.4f3,4f3,1s2.2s2.2p6.3s2.3p6.3d10.4s2.4p6.4d10.4f3,4I*<9/2>,4f2 3H<4>,2580.0,120,theoretical,4,4f3
98,Cf,50,48,Cd,[Kr].4d10.4f2,4f2,1s2.2s2.2p6.3s2.3p6.3d10.4s2.4p6.4d10.4f2,3H<4>,4f 2F*<5/2>,2670.0,140,theoretical,4,4f2
98,Cf,51,47,Ag,[Kr].4d10.4f,4f,1s2.2s2.2p6.3s2.3p6.3d10.4s2.4p6.4d10.4f1,2F*<5/2>,4d10 1S<0>,2750.0,140,theoretical,4,4f1
98,Cf,52,46,Pd,[Kr].4d10,4d10,1s2.2s2.2p6.3s2.3p6.3d10.4s2.4p6.4d10,1S0,4d9 2D<5/2>,3186.0,4,theoretical,4,4d10
98,Cf,53,45,Rh,[Kr].4d9,4d9,1s2.2s2.2p6.3s2.3p6.3d10.4s2.4p6.4d9,2D<5/2>,4d8 3F<4>,3261.0,5,theoretical,4,4d9
98,Cf,54,44,Ru,[Kr].4d8,4d8,1s2.2s2.2p6.3s2.3p6.3d10.4s2.4p6.4d8,3F<4>,4d7 4F<9/2>,3340.0,5,theoretical,4,4d8
98,Cf,55,43,Tc,[Kr].4d7,4d7,1s2.2s2.2p6.3s2.3p6.3d10.4s2.4p6.4d7,4F<9/2>,4d6 5D<4>,3424.0,5,theoretical,4,4d7
98,Cf,56,42,Mo,[Kr].4d6,4d6,1s2.2s2.2p6.3s2.3p6.3d10.4s2.4p6.4d6,5D<4>,"4d-4.4d+ (0,5/2)<5/2>",3503.0,5,theoretical,4,4d6
98,Cf,57,41,Nb,[Kr].4d5,4d-4.4d+,1s2.2s2.2p6.3s2.3p6.3d10.4s2.4p6.4d5,"(0,5/2)<5/2>",4d4 5D<0>,3581.0,6,theoretical,4,4d5
98,Cf,58,40,Zr,[Kr].4d4,4d4,1s2.2s2.2p6.3s2.3p6.3d10.4s2.4p6.4d4,5D0,4d3 4F<3/2>,3747.0,6,theoretical,4,4d4
98,Cf,59,39,Y,[Kr].4d3,4d3,1s2.2s2.2p6.3s2.3p6.3d10.4s2.4p6.4d3,4F<3/2>,4d2 3F<2>,3828.0,7,theoretical,4,4d3
98,Cf,60,38,Sr,[Kr].4d2,4d2,1s2.2s2.2p6.3s2.3p6.3d10.4s2.4p6.4d2,3F<2>,4d 2D<3/2>,3915.0,10,theoretical,4,4d2
98,Cf,61,37,Rb,[Kr].4d,4d,1s2.2s2.2p6.3s2.3p6.3d10.4s2.4p6.4d1,2D<3/2>,4p6 1S<0>,3998.0,12,theoretical,4,4d1
98,Cf,62,36,Kr,[Ar].3d10.4s2.4p6,4p6,1s2.2s2.2p6.3s2.3p6.3d10.4s2.4p6,1S0,4p5 2P*<3/2>,4329.0,15,theoretical,4,4p6
98,Cf,63,35,Br,[Ar].3d10.4s2.4p5,4p5,1s2.2s2.2p6.3s2.3p6.3d10.4s2.4p5,2P*<3/2>,4p4 3P<2>,4407.0,19,theoretical,4,4p5
98,Cf,64,34,Se,[Ar].3d10.4s2.4p4,4p4,1s2.2s2.2p6.3s2.3p6.3d10.4s2.4p4,3P<2>,"4p-2.4p+ (0,3/2)*<3/2>",4494.0,24,theoretical,4,4p4
98,Cf,65,33,As,[Ar].3d10.4s2.4p3,4p-2.4p+,1s2.2s2.2p6.3s2.3p6.3d10.4s2.4p3,"(0,3/2)*<3/2>",4p2 3P<0>,4570.0,30,theoretical,4,4p3
98,Cf,66,32,Ge,[Ar].3d10.4s2.4p2,4p2,1s2.2s2.2p6.3s2.3p6.3d10.4s2.4p2,3P0,4p 2P*<1/2>,5100.0,40,theoretical,4,4p2
98,Cf,67,31,Ga,[Ar].3d10.4s2.4p,4p,1s2.2s2.2p6.3s2.3p6.3d10.4s2.4p1,2P*<1/2>,4s2 1S<0>,5190.0,40,theoretical,4,4p1
98,Cf,68,30,Zn,[Ar].3d10.4s2,4s2,1s2.2s2.2p6.3s2.3p6.3d10.4s2,1S0,4s 2S<1/2>,5430.0,50,theoretical,4,4s2
98,Cf,69,29,Cu,[Ar].3d10.4s,4s,1s2.2s2.2p6.3s2.3p6.3d10.4s1,2S<1/2>,3d10 1S<0>,5520.0,50,theoretical,4,4s1
98,Cf,70,28,Ni,[Ar].3d10,3d10,1s2.2s2.2p6.3s2.3p6.3d10,1S0,3d9 2D<5/2>,8730.0,60,theoretical,3,3d10
98,Cf,71,27,Co,[Ar].3d9,3d9,1s2.2s2.2p6.3s2.3p6.3d9,2D<5/2>,3d8 3F<4>,8900.0,60,theoretical,3,3d9
98,Cf,72,26,Fe,[Ar].3d8,3d8,1s2.2s2.2p6.3s2.3p6.3d8,3F<4>,3d7 4F<9/2>,9090.0,70,theoretical,3,3d8
98,Cf,73,25,Mn,[Ar].3d7,3d7,1s2.2s2.2p6.3s2.3p6.3d7,4F<9/2>,"3d-4.3d+2 (0,4)<4>",9290.0,90,theoretical,3,3d7
98,Cf,74,24,Cr,[Ar].3d6,3d-4.3d+2,1s2.2s2.2p6.3s2.3p6.3d6,"(0,4)<4>","3d-4.3d+ (0,5/2)<5/2>",9480.0,90,theoretical,3,3d6
98,Cf,75,23,V,[Ar].3d5,3d-4.3d+,1s2.2s2.2p6.3s2.3p6.3d5,"(0,5/2)<5/2>",3d4 5D<0>,9660.0,100,theoretical,3,3d5
98,Cf,76,22,Ti,[Ar].3d4,3d4,1s2.2s2.2p6.3s2.3p6.3d4,5D0,3d3 4F<3/2>,10140.0,110,theoretical,3,3d4
98,Cf,77,21,Sc,[Ar].3d3,3d3,1s2.2s2.2p6.3s2.3p6.3d3,4F<3/2>,3d2 3F<2>,10330.0,120,theoretical,3,3d3
98,Cf,78,20,Ca,[Ar].3d2,3d2,1s2.2s2.2p6.3s2.3p6.3d2,3F<2>,3d 2D<3/2>,10550.0,120,theoretical,3,3d2
98,Cf,79,19,K,[Ar].3d,3d,1s2.2s2.2p6.3s2.3p6.3d1,2D<3/2>,3p6 1S<0>,10740.0,140,theoretical,3,3d1
98,Cf,80,18,Ar,[Ne].3s2.3p6,3p6,1s2.2s2.2p6.3s2.3p6,1S0,3p5 2P*<3/2>,11300.0,150,theoretical,3,3p6
98,Cf,81,17,Cl,[Ne].3s2.3p5,3p5,1s2.2s2.2p6.3s2.3p5,2P*<3/2>,3p4 3P<2>,11470.0,160,theoretical,3,3p5
98,Cf,82,16,S,[Ne].3s2.3p4,3p4,1s2.2s2.2p6.3s2.3p4,3P<2>,3p3 2P*<3/2>,11650.0,170,theoretical,3,3p4
98,Cf,83,15,P,[Ne].3s2.3p3,3p3,1s2.2s2.2p6.3s2.3p3,2P*<3/2>,3p2 3P<0>,11820.0,190,theoretical,3,3p3
98,Cf,84,14,Si,[Ne].3s2.3p2,3p2,1s2.2s2.2p6.3s2.3p2,3P0,3p 2P*<1/2>,13450.0,200,theoretical,3,3p2
98,Cf,85,13,Al,[Ne].3s2.3p,3p,1s2.2s2.2p6.3s2.3p1,2P*<1/2>,3s2 1S<0>,13660.0,220,theoretical,3,3p1
98,Cf,86,12,Mg,[Ne].3s2,3s2,1s2.2s2.2p6.3s2,1S0,3s 2S<1/2>,14080.0,240,theoretical,3,3s2
98,Cf,87,11,Na,[Ne].3s,3s,1s2.2s2.2p6.3s1,2S<1/2>,2p6 1S<0>,14280.0,250,theoretical,3,3s1
98,Cf,88,10,Ne,1s2.2s2.2p6,2p6,1s2.2s2.2p6,1S0,2p5 2P*<3/2>,29000.0,300,theoretical,2,2p6
98,Cf,89,9,F,1s2.2s2.2p5,2p5,1s2.2s2.2p5,2P*<3/2>,2p4 3P<2>,29500.0,300,theoretical,2,2p5
98,Cf,90,8,O,1s2.2s2.2p4,2p4,1s2.2s2.2p4,3P<2>,"2p2<1/2>.2p<3/2> (0,3/2)*<3/2>",30000.0,300,theoretical,2,2p4
98,Cf,91,7,N,1s2.2s2.2p3,2p2<1/2>.2p<3/2>,1s2.2s2.2p3,"(0,3/2)*<3/2>",2p2 3P<0>,30500.0,300,theoretical,2,2p3
98,Cf,92,6,C,1s2.2s2.2p2,2p2,1s2.2s2.2p2,3P0,2p 2P*<1/2>,36500.0,400,theoretical,2,2p2
98,Cf,93,5,B,1s2.2s2.2p,2p,1s2.2s2.2p1,2P*<1/2>,2s2 1S<0>,37100.0,400,theoretical,2,2p1
98,Cf,94,4,Be,1s2.2s2,2s2,1s2.2s2,1S0,2s 2S<1/2>,37900.0,400,theoretical,2,2s2
98,Cf,95,3,Li,1s2.2s,1s2.2s,1s2.2s1,2S<1/2>,1s2 1S<0>,38443.5,1.0,theoretical,2,2s1
98,Cf,96,2,He,1s2,1s2,1s2,1S0,1s 2S<1/2>,150593.0,5,theoretical,1,1s2
98,Cf,97,1,H,1s,1s,1s1,2S<1/2>,,153124.0,5,theoretical,1,1s1
99,Es,0,99,Es,[Rn].5f11.7s2,5f11.7s2,1s2.2s2.2p6.3s2.3p6.3d10.4s2.4p6.4d10.5s2.5p6.4f14.5d10.6s2.6p6.5f11.7s2,4I*<15/2>,5f11.7s 5I*<8>,6.3684,0.00006,experimental,7,7s2
99,Es,1,98,Cf,[Rn].5f11.7s,5f11.7s,1s2.2s2.2p6.3s2.3p6.3d10.4s2.4p6.4d10.5s2.5p6.4f14.5d10.6s2.6p6.5f11.7s1,5I*<8>,5f11 4I*<15/2>,12.2,0.4,semi-empirical,7,7s1
99,Es,2,97,Bk,[Rn].5f11,5f11,1s2.2s2.2p6.3s2.3p6.3d10.4s2.4p6.4d10.5s2.5p6.4f14.5d10.6s2.6p6.5f11,4I*<15/2>,5f10 5I<8>,22.7,0.4,semi-empirical,6,5f11
99,Es,3,96,Cm,[Rn].5f10,5f10,1s2.2s2.2p6.3s2.3p6.3d10.4s2.4p6.4d10.5s2.5p6.4f14.5d10.6s2.6p6.5f10,5I<8>,5f9 6H*<15/2>,38.8,0.4,semi-empirical,6,5f10
99,Es,4,95,Am,[Rn].5f9,5f9,1s2.2s2.2p6.3s2.3p6.3d10.4s2.4p6.4d10.5s2.5p6.4f14.5d10.6s2.6p6.5f9,6H*<15/2>,5f8 7F<6>,54.1,1.9,theoretical,6,5f9
99,Es,5,94,Pu,[Rn].5f8,5f8,1s2.2s2.2p6.3s2.3p6.3d10.4s2.4p6.4d10.5s2.5p6.4f14.5d10.6s2.6p6.5f8,7F<6>,5f7 8S*<7/2>,71.0,2.0,theoretical,6,5f8
99,Es,6,93,Np,[Rn].5f7,5f7,1s2.2s2.2p6.3s2.3p6.3d10.4s2.4p6.4d10.5s2.5p6.4f14.5d10.6s2.6p6.5f7,8S*<7/2>,5f6 7F<0>,97.0,2.0,theoretical,6,5f7
99,Es,7,92,U,[Rn].5f6,5f6,1s2.2s2.2p6.3s2.3p6.3d10.4s2.4p6.4d10.5s2.5p6.4f14.5d10.6s2.6p6.5f6,7F0,5f5 6H*<5/2>,112.9,2.1,theoretical,6,5f6
99,Es,8,91,Pa,[Rn].5f5,5f5,1s2.2s2.2p6.3s2.3p6.3d10.4s2.4p6.4d10.5s2.5p6.4f14.5d10.6s2.6p6.5f5,6H*<5/2>,5f4 5I<4>,137.0,2.2,theoretical,6,5f5
99,Es,9,90,Th,[Rn].5f4,5f4,1s2.2s2.2p6.3s2.3p6.3d10.4s2.4p6.4d10.5s2.5p6.4f14.5d10.6s2.6p6.5f4,5I<4>,5f7.6p2,157.0,7,theoretical,6,5f4
99,Es,10,89,Ac,[Hg].5f7.6p2,5f7.6p2,1s2.2s2.2p6.3s2.3p6.3d10.4s2.4p6.4d10.5s2.5p6.4f14.5d10.6s2.5f7.6p2,*,5f6.6p2,180.0,9,theoretical,6,6p2
99,Es,11,88,Ra,[Hg].5f6.6p2,5f6.6p2,1s2.2s2.2p6.3s2.3p6.3d10.4s2.4p6.4d10.5s2.5p6.4f14.5d10.6s2.5f6.6p2,,5f5.6p2*,206.0,10,theoretical,6,6p2
99,Es,12,87,Fr,[Hg].5f5.6p2,5f5.6p2,1s2.2s2.2p6.3s2.3p6.3d10.4s2.4p6.4d10.5s2.5p6.4f14.5d10.6s2.5f5.6p2,*,5f4.6p2,231.0,11,theoretical,6,6p2
99,Es,13,86,Rn,[Hg].5f4.6p2,5f4.6p2,1s2.2s2.2p6.3s2.3p6.3d10.4s2.4p6.4d10.5s2.5p6.4f14.5d10.6s2.5f4.6p2,,5f4.6p*,252.0,12,theoretical,6,6p2
99,Es,14,85,At,[Hg].5f4.6p,5f4.6p,1s2.2s2.2p6.3s2.3p6.3d10.4s2.4p6.4d10.5s2.5p6.4f14.5d10.6s2.5f4.6p1,*,5f4,270.0,14,theoretical,6,6p1
99,Es,15,84,Po,[Hg].5f4,5f4,1s2.2s2.2p6.3s2.3p6.3d10.4s2.4p6.4d10.5s2.5p6.4f14.5d10.6s2.5f4,,5f3*,294.0,15,theoretical,6,5f4
99,Es,16,83,Bi,[Hg].5f3,5f3,1s2.2s2.2p6.3s2.3p6.3d10.4s2.4p6.4d10.5s2.5p6.4f14.5d10.6s2.5f3,*,5f2,317.0,16,theoretical,6,5f3
99,Es,17,82,Pb,[Hg].5f2,5f2,1s2.2s2.2p6.3s2.3p6.3d10.4s2.4p6.4d10.5s2.5p6.4f14.5d10.6s2.5f2,,5f 2F*<5/2>,342.0,17,theoretical,6,5f2
99,Es,18,81,Tl,[Hg].5f,5f,1s2.2s2.2p6.3s2.3p6.3d10.4s2.4p6.4d10.5s2.5p6.4f14.5d10.6s2.5f1,2F*<5/2>,6s2 1S<0>,367.0,19,theoretical,6,5f1
99,Es,19,80,Hg,[Xe].4f14.5d10.6s2,6s2,1s2.2s2.2p6.3s2.3p6.3d10.4s2.4p6.4d10.5s2.5p6.4f14.5d10.6s2,1S0,6s 2S<1/2>,398.0,4,theoretical,6,6s2
99,Es,20,79,Au,[Xe].4f14.5d10.6s,6s,1s2.2s2.2p6.3s2.3p6.3d10.4s2.4p6.4d10.5s2.5p6.4f14.5d10.6s1,2S<1/2>,5d10 1S<0>,421.0,4,theoretical,6,6s1
99,Es,21,78,Pt,[Xe].4f14.5d10,5d10,1s2.2s2.2p6.3s2.3p6.3d10.4s2.4p6.4d10.5s2.5p6.4f14.5d10,1S0,5d9 2D<5/2>,576.0,4,theoretical,5,5d10
99,Es,22,77,Ir,[Xe].4f14.5d9,5d9,1s2.2s2.2p6.3s2.3p6.3d10.4s2.4p6.4d10.5s2.5p6.4f14.5d9,2D<5/2>,5d8 3F<4>,606.0,4,theoretical,5,5d9
99,Es,23,76,Os,[Xe].4f14.5d8,5d8,1s2.2s2.2p6.3s2.3p6.3d10.4s2.4p6.4d10.5s2.5p6.4f14.5d8,3F<4>,5d7 4F<9/2>,638.0,4,theoretical,5,5d8
99,Es,24,75,Re,[Xe].4f14.5d7,5d7,1s2.2s2.2p6.3s2.3p6.3d10.4s2.4p6.4d10.5s2.5p6.4f14.5d7,4F<9/2>,5d6 5D<4>,672.0,4,theoretical,5,5d7
99,Es,25,74,W,[Xe].4f14.5d6,5d6,1s2.2s2.2p6.3s2.3p6.3d10.4s2.4p6.4d10.5s2.5p6.4f14.5d6,5D<4>,5d5 6S<5/2>,705.0,4,theoretical,5,5d6
99,Es,26,73,Ta,[Xe].4f14.5d5,5d5,1s2.2s2.2p6.3s2.3p6.3d10.4s2.4p6.4d10.5s2.5p6.4f14.5d5,6S<5/2>,5d4 5D<0>,738.0,4,theoretical,5,5d5
99,Es,27,72,Hf,[Xe].4f14.5d4,5d4,1s2.2s2.2p6.3s2.3p6.3d10.4s2.4p6.4d10.5s2.5p6.4f14.5d4,5D0,5d3 4F<3/2>,790.0,4,theoretical,5,5d4
99,Es,28,71,Lu,[Xe].4f14.5d3,5d3,1s2.2s2.2p6.3s2.3p6.3d10.4s2.4p6.4d10.5s2.5p6.4f14.5d3,4F<3/2>,5d2 3F<2>,824.0,4,theoretical,5,5d3
99,Es,29,70,Yb,[Xe].4f14.5d2,5d2,1s2.2s2.2p6.3s2.3p6.3d10.4s2.4p6.4d10.5s2.5p6.4f14.5d2,3F<2>,5d 2D<3/2>,861.0,4,theoretical,5,5d2
99,Es,30,69,Tm,[Xe].4f14.5d,5d,1s2.2s2.2p6.3s2.3p6.3d10.4s2.4p6.4d10.5s2.5p6.4f14.5d1,2D<3/2>,4f14 1S<0>,895.0,4,theoretical,5,5d1
99,Es,31,68,Er,[Xe].4f14,4f14,1s2.2s2.2p6.3s2.3p6.3d10.4s2.4p6.4d10.5s2.5p6.4f14,1S0,4f14.5p5 2P*<3/2>,1060.0,50,theoretical,5,4f14
99,Es,32,67,Ho,[Cd].4f14.5p5,4f14.5p5,1s2.2s2.2p6.3s2.3p6.3d10.4s2.4p6.4d10.5s2.4f14.5p5,2P*<3/2>,4f14.5p4 3P<2>,1100.0,50,theoretical,5,5p5
99,Es,33,66,Dy,[Cd].4f14.5p4,4f14.5p4,1s2.2s2.2p6.3s2.3p6.3d10.4s2.4p6.4d10.5s2.4f14.5p4,3P<2>,4f14.5p3 2P*<3/2>,1140.0,60,theoretical,5,5p4
99,Es,34,65,Tb,[Cd].4f14.5p3,4f14.5p3,1s2.2s2.2p6.3s2.3p6.3d10.4s2.4p6.4d10.5s2.4f14.5p3,2P*<3/2>,4f14.5p2 3P<0>,1180.0,60,theoretical,5,5p3
99,Es,35,64,Gd,[Cd].4f14.5p2,4f14.5p2,1s2.2s2.2p6.3s2.3p6.3d10.4s2.4p6.4d10.5s2.4f14.5p2,3P0,4f14.5p 2P*<1/2>,1310.0,70,theoretical,5,5p2
99,Es,36,63,Eu,[Cd].4f14.5p,4f14.5p,1s2.2s2.2p6.3s2.3p6.3d10.4s2.4p6.4d10.5s2.4f14.5p1,2P*<1/2>,4f14 1S<0>,1360.0,70,theoretical,5,5p1
99,Es,37,62,Sm,[Cd].4f14,4f14,1s2.2s2.2p6.3s2.3p6.3d10.4s2.4p6.4d10.5s2.4f14,1S0,4f14.5s 2S<1/2>,1480.0,70,theoretical,5,4f14
99,Es,38,61,Pm,[Kr].4d10.4f14.5s,4f14.5s,1s2.2s2.2p6.3s2.3p6.3d10.4s2.4p6.4d10.4f14.5s1,2S<1/2>,4f14 1S<0>,1530.0,80,theoretical,5,5s1
99,Es,39,60,Nd,[Kr].4d10.4f14,4f14,1s2.2s2.2p6.3s2.3p6.3d10.4s2.4p6.4d10.4f14,1S0,4f13 2F*<7/2>,1690.0,80,theoretical,4,4f14
99,Es,40,59,Pr,[Kr].4d10.4f13,4f13,1s2.2s2.2p6.3s2.3p6.3d10.4s2.4p6.4d10.4f13,2F*<7/2>,4f12,1780.0,90,theoretical,4,4f13
99,Es,41,58,Ce,[Kr].4d10.4f12,4f12,1s2.2s2.2p6.3s2.3p6.3d10.4s2.4p6.4d10.4f12,,4f11 4I*<15/2>,1870.0,90,theoretical,4,4f12
99,Es,42,57,La,[Kr].4d10.4f11,4f11,1s2.2s2.2p6.3s2.3p6.3d10.4s2.4p6.4d10.4f11,4I*<15/2>,4f10 5I<8>,1950.0,100,theoretical,4,4f11
99,Es,43,56,Ba,[Kr].4d10.4f10,4f10,1s2.2s2.2p6.3s2.3p6.3d10.4s2.4p6.4d10.4f10,5I<8>,4f9 6H*<15/2>,2040.0,100,theoretical,4,4f10
99,Es,44,55,Cs,[Kr].4d10.4f9,4f9,1s2.2s2.2p6.3s2.3p6.3d10.4s2.4p6.4d10.4f9,6H*<15/2>,4f8 7F<6>,2130.0,110,theoretical,4,4f9
99,Es,45,54,Xe,[Kr].4d10.4f8,4f8,1s2.2s2.2p6.3s2.3p6.3d10.4s2.4p6.4d10.4f8,7F<6>,4f7 8S*<7/2>,2220.0,110,theoretical,4,4f8
99,Es,46,53,I,[Kr].4d10.4f7,4f7,1s2.2s2.2p6.3s2.3p6.3d10.4s2.4p6.4d10.4f7,8S*<7/2>,4f6 7F<0>,2300.0,120,theoretical,4,4f7
99,Es,47,52,Te,[Kr].4d10.4f6,4f6,1s2.2s2.2p6.3s2.3p6.3d10.4s2.4p6.4d10.4f6,7F0,4f5 6H*<5/2>,2410.0,120,theoretical,4,4f6
99,Es,48,51,Sb,[Kr].4d10.4f5,4f5,1s2.2s2.2p6.3s2.3p6.3d10.4s2.4p6.4d10.4f5,6H*<5/2>,4f4 5I<4>,2490.0,120,theoretical,4,4f5
99,Es,49,50,Sn,[Kr].4d10.4f4,4f4,1s2.2s2.2p6.3s2.3p6.3d10.4s2.4p6.4d10.4f4,5I<4>,4f3 4I*<9/2>,2580.0,120,theoretical,4,4f4
99,Es,50,49,In,[Kr].4d10.4f3,4f3,1s2.2s2.2p6.3s2.3p6.3d10.4s2.4p6.4d10.4f3,4I*<9/2>,4f2 3H<4>,2680.0,140,theoretical,4,4f3
99,Es,51,48,Cd,[Kr].4d10.4f2,4f2,1s2.2s2.2p6.3s2.3p6.3d10.4s2.4p6.4d10.4f2,3H<4>,4f 2F*<5/2>,2760.0,140,theoretical,4,4f2
99,Es,52,47,Ag,[Kr].4d10.4f,4f,1s2.2s2.2p6.3s2.3p6.3d10.4s2.4p6.4d10.4f1,2F*<5/2>,4d10 1S<0>,2850.0,140,theoretical,4,4f1
99,Es,53,46,Pd,[Kr].4d10,4d10,1s2.2s2.2p6.3s2.3p6.3d10.4s2.4p6.4d10,1S0,4d9 2D<5/2>,3294.0,5,theoretical,4,4d10
99,Es,54,45,Rh,[Kr].4d9,4d9,1s2.2s2.2p6.3s2.3p6.3d10.4s2.4p6.4d9,2D<5/2>,4d8 3F<4>,3370.0,5,theoretical,4,4d9
99,Es,55,44,Ru,[Kr].4d8,4d8,1s2.2s2.2p6.3s2.3p6.3d10.4s2.4p6.4d8,3F<4>,4d7 4F<9/2>,3449.0,5,theoretical,4,4d8
99,Es,56,43,Tc,[Kr].4d7,4d7,1s2.2s2.2p6.3s2.3p6.3d10.4s2.4p6.4d7,4F<9/2>,4d6 5D<4>,3535.0,5,theoretical,4,4d7
99,Es,57,42,Mo,[Kr].4d6,4d6,1s2.2s2.2p6.3s2.3p6.3d10.4s2.4p6.4d6,5D<4>,"4d-4.4d+ (0,5/2)<5/2>",3616.0,6,theoretical,4,4d6
99,Es,58,41,Nb,[Kr].4d5,4d-4.4d+,1s2.2s2.2p6.3s2.3p6.3d10.4s2.4p6.4d5,"(0,5/2)<5/2>",4d4 5D<0>,3694.0,6,theoretical,4,4d5
99,Es,59,40,Zr,[Kr].4d4,4d4,1s2.2s2.2p6.3s2.3p6.3d10.4s2.4p6.4d4,5D0,4d3 4F<3/2>,3866.0,7,theoretical,4,4d4
99,Es,60,39,Y,[Kr].4d3,4d3,1s2.2s2.2p6.3s2.3p6.3d10.4s2.4p6.4d3,4F<3/2>,4d2 3F<2>,3947.0,10,theoretical,4,4d3
99,Es,61,38,Sr,[Kr].4d2,4d2,1s2.2s2.2p6.3s2.3p6.3d10.4s2.4p6.4d2,3F<2>,4d 2D<3/2>,4038.0,12,theoretical,4,4d2
99,Es,62,37,Rb,[Kr].4d,4d,1s2.2s2.2p6.3s2.3p6.3d10.4s2.4p6.4d1,2D<3/2>,4p6 1S<0>,4120.0,15,theoretical,4,4d1
99,Es,63,36,Kr,[Ar].3d10.4s2.4p6,4p6,1s2.2s2.2p6.3s2.3p6.3d10.4s2.4p6,1S0,4p5 2P*<3/2>,4456.0,19,theoretical,4,4p6
99,Es,64,35,Br,[Ar].3d10.4s2.4p5,4p5,1s2.2s2.2p6.3s2.3p6.3d10.4s2.4p5,2P*<3/2>,4p4 3P<2>,4537.0,24,theoretical,4,4p5
99,Es,65,34,Se,[Ar].3d10.4s2.4p4,4p4,1s2.2s2.2p6.3s2.3p6.3d10.4s2.4p4,3P<2>,"4p-2.4p+ (0,3/2)*<3/2>",4620.0,30,theoretical,4,4p4
99,Es,66,33,As,[Ar].3d10.4s2.4p3,4p-2.4p+,1s2.2s2.2p6.3s2.3p6.3d10.4s2.4p3,"(0,3/2)*<3/2>",4p2 3P<0>,4700.0,40,theoretical,4,4p3
99,Es,67,32,Ge,[Ar].3d10.4s2.4p2,4p2,1s2.2s2.2p6.3s2.3p6.3d10.4s2.4p2,3P0,4p 2P*<1/2>,5260.0,40,theoretical,4,4p2
99,Es,68,31,Ga,[Ar].3d10.4s2.4p,4p,1s2.2s2.2p6.3s2.3p6.3d10.4s2.4p1,2P*<1/2>,4s2 1S<0>,5350.0,50,theoretical,4,4p1
99,Es,69,30,Zn,[Ar].3d10.4s2,4s2,1s2.2s2.2p6.3s2.3p6.3d10.4s2,1S0,4s 2S<1/2>,5600.0,50,theoretical,4,4s2
99,Es,70,29,Cu,[Ar].3d10.4s,4s,1s2.2s2.2p6.3s2.3p6.3d10.4s1,2S<1/2>,3d10 1S<0>,5690.0,60,theoretical,4,4s1
99,Es,71,28,Ni,[Ar].3d10,3d10,1s2.2s2.2p6.3s2.3p6.3d10,1S0,3d9 2D<5/2>,8960.0,60,theoretical,3,3d10
99,Es,72,27,Co,[Ar].3d9,3d9,1s2.2s2.2p6.3s2.3p6.3d9,2D<5/2>,3d8 3F<4>,9140.0,70,theoretical,3,3d9
99,Es,73,26,Fe,[Ar].3d8,3d8,1s2.2s2.2p6.3s2.3p6.3d8,3F<4>,3d7 4F<9/2>,9330.0,90,theoretical,3,3d8
99,Es,74,25,Mn,[Ar].3d7,3d7,1s2.2s2.2p6.3s2.3p6.3d7,4F<9/2>,"3d-4.3d+2 (0,4)<4>",9530.0,90,theoretical,3,3d7
99,Es,75,24,Cr,[Ar].3d6,3d-4.3d+2,1s2.2s2.2p6.3s2.3p6.3d6,"(0,4)<4>","3d-4.3d+ (0,5/2)<5/2>",9720.0,100,theoretical,3,3d6
99,Es,76,23,V,[Ar].3d5,3d-4.3d+,1s2.2s2.2p6.3s2.3p6.3d5,"(0,5/2)<5/2>",3d4 5D<0>,9910.0,110,theoretical,3,3d5
99,Es,77,22,Ti,[Ar].3d4,3d4,1s2.2s2.2p6.3s2.3p6.3d4,5D0,3d3 4F<3/2>,10400.0,120,theoretical,3,3d4
99,Es,78,21,Sc,[Ar].3d3,3d3,1s2.2s2.2p6.3s2.3p6.3d3,4F<3/2>,3d2 3F<2>,10590.0,120,theoretical,3,3d3
99,Es,79,20,Ca,[Ar].3d2,3d2,1s2.2s2.2p6.3s2.3p6.3d2,3F<2>,3d 2D<3/2>,10810.0,140,theoretical,3,3d2
99,Es,80,19,K,[Ar].3d,3d,1s2.2s2.2p6.3s2.3p6.3d1,2D<3/2>,3p6 1S<0>,11010.0,150,theoretical,3,3d1
99,Es,81,18,Ar,[Ne].3s2.3p6,3p6,1s2.2s2.2p6.3s2.3p6,1S0,3p5 2P*<3/2>,11570.0,160,theoretical,3,3p6
99,Es,82,17,Cl,[Ne].3s2.3p5,3p5,1s2.2s2.2p6.3s2.3p5,2P*<3/2>,3p4 3P<2>,11740.0,170,theoretical,3,3p5
99,Es,83,16,S,[Ne].3s2.3p4,3p4,1s2.2s2.2p6.3s2.3p4,3P<2>,3p3 2P*<3/2>,11930.0,190,theoretical,3,3p4
99,Es,84,15,P,[Ne].3s2.3p3,3p3,1s2.2s2.2p6.3s2.3p3,2P*<3/2>,3p2 3P<0>,12110.0,200,theoretical,3,3p3
99,Es,85,14,Si,[Ne].3s2.3p2,3p2,1s2.2s2.2p6.3s2.3p2,3P0,3p 2P*<1/2>,13810.0,220,theoretical,3,3p2
99,Es,86,13,Al,[Ne].3s2.3p,3p,1s2.2s2.2p6.3s2.3p1,2P*<1/2>,3s2 1S<0>,14030.0,240,theoretical,3,3p1
99,Es,87,12,Mg,[Ne].3s2,3s2,1s2.2s2.2p6.3s2,1S0,3s 2S<1/2>,14460.0,250,theoretical,3,3s2
99,Es,88,11,Na,[Ne].3s,3s,1s2.2s2.2p6.3s1,2S<1/2>,2p6 1S<0>,14700.0,300,theoretical,3,3s1
99,Es,89,10,Ne,1s2.2s2.2p6,2p6,1s2.2s2.2p6,1S0,2p5 2P*<3/2>,29700.0,300,theoretical,2,2p6
99,Es,90,9,F,1s2.2s2.2p5,2p5,1s2.2s2.2p5,2P*<3/2>,2p4 3P<2>,30100.0,300,theoretical,2,2p5
99,Es,91,8,O,1s2.2s2.2p4,2p4,1s2.2s2.2p4,3P<2>,"2p2<1/2>.2p<3/2> (0,3/2)*<3/2>",30700.0,300,theoretical,2,2p4
99,Es,92,7,N,1s2.2s2.2p3,2p2<1/2>.2p<3/2>,1s2.2s2.2p3,"(0,3/2)*<3/2>",2p2 3P<0>,31100.0,400,theoretical,2,2p3
99,Es,93,6,C,1s2.2s2.2p2,2p2,1s2.2s2.2p2,3P0,2p 2P*<1/2>,37400.0,400,theoretical,2,2p2
99,Es,94,5,B,1s2.2s2.2p,2p,1s2.2s2.2p1,2P*<1/2>,2s2 1S<0>,38100.0,400,theoretical,2,2p1
99,Es,95,4,Be,1s2.2s2,2s2,1s2.2s2,1S0,2s 2S<1/2>,38900.0,400,theoretical,2,2s2
99,Es,96,3,Li,1s2.2s,1s2.2s,1s2.2s1,2S<1/2>,1s2 1S<0>,39451.4,1.0,theoretical,2,2s1
99,Es,97,2,He,1s2,1s2,1s2,1S0,1s 2S<1/2>,154344.0,6,theoretical,1,1s2
99,Es,98,1,H,1s,1s,1s1,2S<1/2>,,156927.0,6,theoretical,1,1s1
100,Fm,0,100,Fm,[Rn].5f12.7s2,5f12.7s2,1s2.2s2.2p6.3s2.3p6.3d10.4s2.4p6.4d10.5s2.5p6.4f14.5d10.6s2.6p6.5f12.7s2,3H<6>,5f12.7s 4H<13/2>,6.5,0.07,semi-empirical,7,7s2
100,Fm,1,99,Es,[Rn].5f12.7s,5f12.7s,1s2.2s2.2p6.3s2.3p6.3d10.4s2.4p6.4d10.5s2.5p6.4f14.5d10.6s2.6p6.5f12.7s1,4H<13/2>,5f12 3H<6>,12.4,0.4,semi-empirical,7,7s1
100,Fm,2,98,Cf,[Rn].5f12,5f12,1s2.2s2.2p6.3s2.3p6.3d10.4s2.4p6.4d10.5s2.5p6.4f14.5d10.6s2.6p6.5f12,3H<6>,5f11 4I*<15/2>,23.2,0.4,semi-empirical,6,5f12
100,Fm,3,97,Bk,[Rn].5f11,5f11,1s2.2s2.2p6.3s2.3p6.3d10.4s2.4p6.4d10.5s2.5p6.4f14.5d10.6s2.6p6.5f11,4I*<15/2>,5f10 5I<8>,39.3,0.4,semi-empirical,6,5f11
100,Fm,4,96,Cm,[Rn].5f10,5f10,1s2.2s2.2p6.3s2.3p6.3d10.4s2.4p6.4d10.5s2.5p6.4f14.5d10.6s2.6p6.5f10,5I<8>,5f9 6H*<15/2>,55.0,1.9,theoretical,6,5f10
100,Fm,5,95,Am,[Rn].5f9,5f9,1s2.2s2.2p6.3s2.3p6.3d10.4s2.4p6.4d10.5s2.5p6.4f14.5d10.6s2.6p6.5f9,6H*<15/2>,5f8 7F<6>,74.0,2.0,theoretical,6,5f9
100,Fm,6,94,Pu,[Rn].5f8,5f8,1s2.2s2.2p6.3s2.3p6.3d10.4s2.4p6.4d10.5s2.5p6.4f14.5d10.6s2.6p6.5f8,7F<6>,5f7 8S*<7/2>,93.0,2.0,theoretical,6,5f8
100,Fm,7,93,Np,[Rn].5f7,5f7,1s2.2s2.2p6.3s2.3p6.3d10.4s2.4p6.4d10.5s2.5p6.4f14.5d10.6s2.6p6.5f7,8S*<7/2>,5f6 7F<0>,120.0,2.1,theoretical,6,5f7
100,Fm,8,92,U,[Rn].5f6,5f6,1s2.2s2.2p6.3s2.3p6.3d10.4s2.4p6.4d10.5s2.5p6.4f14.5d10.6s2.6p6.5f6,7F0,5f5 6H*<5/2>,136.0,2.2,theoretical,6,5f6
100,Fm,9,91,Pa,[Rn].5f5,5f5,1s2.2s2.2p6.3s2.3p6.3d10.4s2.4p6.4d10.5s2.5p6.4f14.5d10.6s2.6p6.5f5,6H*<5/2>,5f4 5I<4>,162.0,2.2,theoretical,6,5f5
100,Fm,10,90,Th,[Rn].5f4,5f4,1s2.2s2.2p6.3s2.3p6.3d10.4s2.4p6.4d10.5s2.5p6.4f14.5d10.6s2.6p6.5f4,5I<4>,5f7.6p2,185.0,9,theoretical,6,5f4
100,Fm,11,89,Ac,[Hg].5f7.6p2,5f7.6p2,1s2.2s2.2p6.3s2.3p6.3d10.4s2.4p6.4d10.5s2.5p6.4f14.5d10.6s2.5f7.6p2,*,5f6.6p2,209.0,10,theoretical,6,6p2
100,Fm,12,88,Ra,[Hg].5f6.6p2,5f6.6p2,1s2.2s2.2p6.3s2.3p6.3d10.4s2.4p6.4d10.5s2.5p6.4f14.5d10.6s2.5f6.6p2,,5f5.6p2*,237.0,12,theoretical,6,6p2
100,Fm,13,87,Fr,[Hg].5f5.6p2,5f5.6p2,1s2.2s2.2p6.3s2.3p6.3d10.4s2.4p6.4d10.5s2.5p6.4f14.5d10.6s2.5f5.6p2,*,5f5.6p,257.0,12,theoretical,6,6p2
100,Fm,14,86,Rn,[Hg].5f5.6p,5f5.6p,1s2.2s2.2p6.3s2.3p6.3d10.4s2.4p6.4d10.5s2.5p6.4f14.5d10.6s2.5f5.6p1,,5f5*,276.0,14,theoretical,6,6p1
100,Fm,15,85,At,[Hg].5f5,5f5,1s2.2s2.2p6.3s2.3p6.3d10.4s2.4p6.4d10.5s2.5p6.4f14.5d10.6s2.5f5,*,5f4,300.0,15,theoretical,6,5f5
100,Fm,16,84,Po,[Hg].5f4,5f4,1s2.2s2.2p6.3s2.3p6.3d10.4s2.4p6.4d10.5s2.5p6.4f14.5d10.6s2.5f4,,5f3*,326.0,16,theoretical,6,5f4
100,Fm,17,83,Bi,[Hg].5f3,5f3,1s2.2s2.2p6.3s2.3p6.3d10.4s2.4p6.4d10.5s2.5p6.4f14.5d10.6s2.5f3,*,5f2,351.0,17,theoretical,6,5f3
100,Fm,18,82,Pb,[Hg].5f2,5f2,1s2.2s2.2p6.3s2.3p6.3d10.4s2.4p6.4d10.5s2.5p6.4f14.5d10.6s2.5f2,,5f 2F*<5/2>,377.0,19,theoretical,6,5f2
100,Fm,19,81,Tl,[Hg].5f,5f,1s2.2s2.2p6.3s2.3p6.3d10.4s2.4p6.4d10.5s2.5p6.4f14.5d10.6s2.5f1,2F*<5/2>,6s2 1S<0>,402.0,20,theoretical,6,5f1
100,Fm,20,80,Hg,[Xe].4f14.5d10.6s2,6s2,1s2.2s2.2p6.3s2.3p6.3d10.4s2.4p6.4d10.5s2.5p6.4f14.5d10.6s2,1S0,6s 2S<1/2>,430.0,4,theoretical,6,6s2
100,Fm,21,79,Au,[Xe].4f14.5d10.6s,6s,1s2.2s2.2p6.3s2.3p6.3d10.4s2.4p6.4d10.5s2.5p6.4f14.5d10.6s1,2S<1/2>,5d10 1S<0>,453.0,4,theoretical,6,6s1
100,Fm,22,78,Pt,[Xe].4f14.5d10,5d10,1s2.2s2.2p6.3s2.3p6.3d10.4s2.4p6.4d10.5s2.5p6.4f14.5d10,1S0,5d9 2D<5/2>,616.0,4,theoretical,5,5d10
100,Fm,23,77,Ir,[Xe].4f14.5d9,5d9,1s2.2s2.2p6.3s2.3p6.3d10.4s2.4p6.4d10.5s2.5p6.4f14.5d9,2D<5/2>,5d8 3F<4>,647.0,4,theoretical,5,5d9
100,Fm,24,76,Os,[Xe].4f14.5d8,5d8,1s2.2s2.2p6.3s2.3p6.3d10.4s2.4p6.4d10.5s2.5p6.4f14.5d8,3F<4>,5d7 4F<9/2>,680.0,4,theoretical,5,5d8
100,Fm,25,75,Re,[Xe].4f14.5d7,5d7,1s2.2s2.2p6.3s2.3p6.3d10.4s2.4p6.4d10.5s2.5p6.4f14.5d7,4F<9/2>,5d6 5D<4>,716.0,4,theoretical,5,5d7
100,Fm,26,74,W,[Xe].4f14.5d6,5d6,1s2.2s2.2p6.3s2.3p6.3d10.4s2.4p6.4d10.5s2.5p6.4f14.5d6,5D<4>,5d5 6S<5/2>,749.0,4,theoretical,5,5d6
100,Fm,27,73,Ta,[Xe].4f14.5d5,5d5,1s2.2s2.2p6.3s2.3p6.3d10.4s2.4p6.4d10.5s2.5p6.4f14.5d5,6S<5/2>,5d4 5D<0>,782.0,4,theoretical,5,5d5
100,Fm,28,72,Hf,[Xe].4f14.5d4,5d4,1s2.2s2.2p6.3s2.3p6.3d10.4s2.4p6.4d10.5s2.5p6.4f14.5d4,5D0,5d3 4F<3/2>,837.0,4,theoretical,5,5d4
100,Fm,29,71,Lu,[Xe].4f14.5d3,5d3,1s2.2s2.2p6.3s2.3p6.3d10.4s2.4p6.4d10.5s2.5p6.4f14.5d3,4F<3/2>,5d2 3F<2>,871.0,4,theoretical,5,5d3
100,Fm,30,70,Yb,[Xe].4f14.5d2,5d2,1s2.2s2.2p6.3s2.3p6.3d10.4s2.4p6.4d10.5s2.5p6.4f14.5d2,3F<2>,5d 2D<3/2>,909.0,4,theoretical,5,5d2
100,Fm,31,69,Tm,[Xe].4f14.5d,5d,1s2.2s2.2p6.3s2.3p6.3d10.4s2.4p6.4d10.5s2.5p6.4f14.5d1,2D<3/2>,4f14 1S<0>,944.0,4,theoretical,5,5d1
100,Fm,32,68,Er,[Xe].4f14,4f14,1s2.2s2.2p6.3s2.3p6.3d10.4s2.4p6.4d10.5s2.5p6.4f14,1S0,4f14.5p5 2P*<3/2>,1110.0,50,theoretical,5,4f14
100,Fm,33,67,Ho,[Cd].4f14.5p5,4f14.5p5,1s2.2s2.2p6.3s2.3p6.3d10.4s2.4p6.4d10.5s2.4f14.5p5,2P*<3/2>,4f14.5p4 3P<2>,1150.0,60,theoretical,5,5p5
100,Fm,34,66,Dy,[Cd].4f14.5p4,4f14.5p4,1s2.2s2.2p6.3s2.3p6.3d10.4s2.4p6.4d10.5s2.4f14.5p4,3P<2>,4f14.5p3 2P*<3/2>,1190.0,60,theoretical,5,5p4
100,Fm,35,65,Tb,[Cd].4f14.5p3,4f14.5p3,1s2.2s2.2p6.3s2.3p6.3d10.4s2.4p6.4d10.5s2.4f14.5p3,2P*<3/2>,4f14.5p2 3P<0>,1230.0,60,theoretical,5,5p3
100,Fm,36,64,Gd,[Cd].4f14.5p2,4f14.5p2,1s2.2s2.2p6.3s2.3p6.3d10.4s2.4p6.4d10.5s2.4f14.5p2,3P0,4f14.5p 2P*<1/2>,1370.0,70,theoretical,5,5p2
100,Fm,37,63,Eu,[Cd].4f14.5p,4f14.5p,1s2.2s2.2p6.3s2.3p6.3d10.4s2.4p6.4d10.5s2.4f14.5p1,2P*<1/2>,4f14 1S<0>,1420.0,70,theoretical,5,5p1
100,Fm,38,62,Sm,[Cd].4f14,4f14,1s2.2s2.2p6.3s2.3p6.3d10.4s2.4p6.4d10.5s2.4f14,1S0,4f14.5s 2S<1/2>,1550.0,80,theoretical,5,4f14
100,Fm,39,61,Pm,[Kr].4d10.4f14.5s,4f14.5s,1s2.2s2.2p6.3s2.3p6.3d10.4s2.4p6.4d10.4f14.5s1,2S<1/2>,4f14 1S<0>,1600.0,80,theoretical,5,5s1
100,Fm,40,60,Nd,[Kr].4d10.4f14,4f14,1s2.2s2.2p6.3s2.3p6.3d10.4s2.4p6.4d10.4f14,1S0,4f13 2F*<7/2>,1770.0,90,theoretical,4,4f14
100,Fm,41,59,Pr,[Kr].4d10.4f13,4f13,1s2.2s2.2p6.3s2.3p6.3d10.4s2.4p6.4d10.4f13,2F*<7/2>,4f12,1850.0,90,theoretical,4,4f13
100,Fm,42,58,Ce,[Kr].4d10.4f12,4f12,1s2.2s2.2p6.3s2.3p6.3d10.4s2.4p6.4d10.4f12,,4f11 4I*<15/2>,1940.0,100,theoretical,4,4f12
100,Fm,43,57,La,[Kr].4d10.4f11,4f11,1s2.2s2.2p6.3s2.3p6.3d10.4s2.4p6.4d10.4f11,4I*<15/2>,4f10 5I<8>,2030.0,100,theoretical,4,4f11
100,Fm,44,56,Ba,[Kr].4d10.4f10,4f10,1s2.2s2.2p6.3s2.3p6.3d10.4s2.4p6.4d10.4f10,5I<8>,4f9 6H*<15/2>,2120.0,110,theoretical,4,4f10
100,Fm,45,55,Cs,[Kr].4d10.4f9,4f9,1s2.2s2.2p6.3s2.3p6.3d10.4s2.4p6.4d10.4f9,6H*<15/2>,4f8 7F<6>,2210.0,110,theoretical,4,4f9
100,Fm,46,54,Xe,[Kr].4d10.4f8,4f8,1s2.2s2.2p6.3s2.3p6.3d10.4s2.4p6.4d10.4f8,7F<6>,4f7 8S*<7/2>,2300.0,120,theoretical,4,4f8
100,Fm,47,53,I,[Kr].4d10.4f7,4f7,1s2.2s2.2p6.3s2.3p6.3d10.4s2.4p6.4d10.4f7,8S*<7/2>,4f6 7F<0>,2390.0,120,theoretical,4,4f7
100,Fm,48,52,Te,[Kr].4d10.4f6,4f6,1s2.2s2.2p6.3s2.3p6.3d10.4s2.4p6.4d10.4f6,7F0,4f5 6H*<5/2>,2490.0,120,theoretical,4,4f6
100,Fm,49,51,Sb,[Kr].4d10.4f5,4f5,1s2.2s2.2p6.3s2.3p6.3d10.4s2.4p6.4d10.4f5,6H*<5/2>,4f4 5I<4>,2590.0,120,theoretical,4,4f5
100,Fm,50,50,Sn,[Kr].4d10.4f4,4f4,1s2.2s2.2p6.3s2.3p6.3d10.4s2.4p6.4d10.4f4,5I<4>,4f3 4I*<9/2>,2680.0,140,theoretical,4,4f4
100,Fm,51,49,In,[Kr].4d10.4f3,4f3,1s2.2s2.2p6.3s2.3p6.3d10.4s2.4p6.4d10.4f3,4I*<9/2>,4f2 3H<4>,2760.0,140,theoretical,4,4f3
100,Fm,52,48,Cd,[Kr].4d10.4f2,4f2,1s2.2s2.2p6.3s2.3p6.3d10.4s2.4p6.4d10.4f2,3H<4>,4f 2F*<5/2>,2850.0,150,theoretical,4,4f2
100,Fm,53,47,Ag,[Kr].4d10.4f,4f,1s2.2s2.2p6.3s2.3p6.3d10.4s2.4p6.4d10.4f1,2F*<5/2>,4d10 1S<0>,2950.0,150,theoretical,4,4f1
100,Fm,54,46,Pd,[Kr].4d10,4d10,1s2.2s2.2p6.3s2.3p6.3d10.4s2.4p6.4d10,1S0,4d9 2D<5/2>,3403.0,5,theoretical,4,4d10
100,Fm,55,45,Rh,[Kr].4d9,4d9,1s2.2s2.2p6.3s2.3p6.3d10.4s2.4p6.4d9,2D<5/2>,4d8 3F<4>,3480.0,5,theoretical,4,4d9
100,Fm,56,44,Ru,[Kr].4d8,4d8,1s2.2s2.2p6.3s2.3p6.3d10.4s2.4p6.4d8,3F<4>,4d7 4F<9/2>,3561.0,5,theoretical,4,4d8
100,Fm,57,43,Tc,[Kr].4d7,4d7,1s2.2s2.2p6.3s2.3p6.3d10.4s2.4p6.4d7,4F<9/2>,4d6 5D<4>,3647.0,6,theoretical,4,4d7
100,Fm,58,42,Mo,[Kr].4d6,4d6,1s2.2s2.2p6.3s2.3p6.3d10.4s2.4p6.4d6,5D<4>,"4d-4.4d+ (0,5/2)<5/2>",3730.0,6,theoretical,4,4d6
100,Fm,59,41,Nb,[Kr].4d5,4d-4.4d+,1s2.2s2.2p6.3s2.3p6.3d10.4s2.4p6.4d5,"(0,5/2)<5/2>",4d4 5D<0>,3810.0,7,theoretical,4,4d5
100,Fm,60,40,Zr,[Kr].4d4,4d4,1s2.2s2.2p6.3s2.3p6.3d10.4s2.4p6.4d4,5D0,4d3 4F<3/2>,3986.0,10,theoretical,4,4d4
100,Fm,61,39,Y,[Kr].4d3,4d3,1s2.2s2.2p6.3s2.3p6.3d10.4s2.4p6.4d3,4F<3/2>,4d2 3F<2>,4070.0,12,theoretical,4,4d3
100,Fm,62,38,Sr,[Kr].4d2,4d2,1s2.2s2.2p6.3s2.3p6.3d10.4s2.4p6.4d2,3F<2>,4d 2D<3/2>,4160.0,15,theoretical,4,4d2
100,Fm,63,37,Rb,[Kr].4d,4d,1s2.2s2.2p6.3s2.3p6.3d10.4s2.4p6.4d1,2D<3/2>,4p6 1S<0>,4245.0,19,theoretical,4,4d1
100,Fm,64,36,Kr,[Ar].3d10.4s2.4p6,4p6,1s2.2s2.2p6.3s2.3p6.3d10.4s2.4p6,1S0,4p5 2P*<3/2>,4586.0,24,theoretical,4,4p6
100,Fm,65,35,Br,[Ar].3d10.4s2.4p5,4p5,1s2.2s2.2p6.3s2.3p6.3d10.4s2.4p5,2P*<3/2>,4p4 3P<2>,4670.0,30,theoretical,4,4p5
100,Fm,66,34,Se,[Ar].3d10.4s2.4p4,4p4,1s2.2s2.2p6.3s2.3p6.3d10.4s2.4p4,3P<2>,"4p-2.4p+ (0,3/2)*<3/2>",4760.0,40,theoretical,4,4p4
100,Fm,67,33,As,[Ar].3d10.4s2.4p3,4p-2.4p+,1s2.2s2.2p6.3s2.3p6.3d10.4s2.4p3,"(0,3/2)*<3/2>",4p2 3P<0>,4840.0,40,theoretical,4,4p3
100,Fm,68,32,Ge,[Ar].3d10.4s2.4p2,4p2,1s2.2s2.2p6.3s2.3p6.3d10.4s2.4p2,3P0,4p 2P*<1/2>,5420.0,50,theoretical,4,4p2
100,Fm,69,31,Ga,[Ar].3d10.4s2.4p,4p,1s2.2s2.2p6.3s2.3p6.3d10.4s2.4p1,2P*<1/2>,4s2 1S<0>,5510.0,50,theoretical,4,4p1
100,Fm,70,30,Zn,[Ar].3d10.4s2,4s2,1s2.2s2.2p6.3s2.3p6.3d10.4s2,1S0,4s 2S<1/2>,5760.0,60,theoretical,4,4s2
100,Fm,71,29,Cu,[Ar].3d10.4s,4s,1s2.2s2.2p6.3s2.3p6.3d10.4s1,2S<1/2>,3d10 1S<0>,5860.0,60,theoretical,4,4s1
100,Fm,72,28,Ni,[Ar].3d10,3d10,1s2.2s2.2p6.3s2.3p6.3d10,1S0,3d9 2D<5/2>,9200.0,70,theoretical,3,3d10
100,Fm,73,27,Co,[Ar].3d9,3d9,1s2.2s2.2p6.3s2.3p6.3d9,2D<5/2>,3d8 3F<4>,9370.0,90,theoretical,3,3d9
100,Fm,74,26,Fe,[Ar].3d8,3d8,1s2.2s2.2p6.3s2.3p6.3d8,3F<4>,3d7 4F<9/2>,9570.0,90,theoretical,3,3d8
100,Fm,75,25,Mn,[Ar].3d7,3d7,1s2.2s2.2p6.3s2.3p6.3d7,4F<9/2>,"3d-4.3d+2 (0,4)<4>",9770.0,100,theoretical,3,3d7
100,Fm,76,24,Cr,[Ar].3d6,3d-4.3d+2,1s2.2s2.2p6.3s2.3p6.3d6,"(0,4)<4>","3d-4.3d+ (0,5/2)<5/2>",9970.0,110,theoretical,3,3d6
100,Fm,77,23,V,[Ar].3d5,3d-4.3d+,1s2.2s2.2p6.3s2.3p6.3d5,"(0,5/2)<5/2>",3d4 5D<0>,10160.0,120,theoretical,3,3d5
100,Fm,78,22,Ti,[Ar].3d4,3d4,1s2.2s2.2p6.3s2.3p6.3d4,5D0,3d3 4F<3/2>,10660.0,120,theoretical,3,3d4
100,Fm,79,21,Sc,[Ar].3d3,3d3,1s2.2s2.2p6.3s2.3p6.3d3,4F<3/2>,3d2 3F<2>,10860.0,140,theoretical,3,3d3
100,Fm,80,20,Ca,[Ar].3d2,3d2,1s2.2s2.2p6.3s2.3p6.3d2,3F<2>,3d 2D<3/2>,11080.0,150,theoretical,3,3d2
100,Fm,81,19,K,[Ar].3d,3d,1s2.2s2.2p6.3s2.3p6.3d1,2D<3/2>,3p6 1S<0>,11280.0,160,theoretical,3,3d1
100,Fm,82,18,Ar,[Ne].3s2.3p6,3p6,1s2.2s2.2p6.3s2.3p6,1S0,3p5 2P*<3/2>,11850.0,170,theoretical,3,3p6
100,Fm,83,17,Cl,[Ne].3s2.3p5,3p5,1s2.2s2.2p6.3s2.3p5,2P*<3/2>,3p4 3P<2>,12020.0,190,theoretical,3,3p5
100,Fm,84,16,S,[Ne].3s2.3p4,3p4,1s2.2s2.2p6.3s2.3p4,3P<2>,3p3 2P*<3/2>,12220.0,200,theoretical,3,3p4
100,Fm,85,15,P,[Ne].3s2.3p3,3p3,1s2.2s2.2p6.3s2.3p3,2P*<3/2>,3p2 3P<0>,12390.0,220,theoretical,3,3p3
100,Fm,86,14,Si,[Ne].3s2.3p2,3p2,1s2.2s2.2p6.3s2.3p2,3P0,3p 2P*<1/2>,14180.0,240,theoretical,3,3p2
100,Fm,87,13,Al,[Ne].3s2.3p,3p,1s2.2s2.2p6.3s2.3p1,2P*<1/2>,3s2 1S<0>,14400.0,250,theoretical,3,3p1
100,Fm,88,12,Mg,[Ne].3s2,3s2,1s2.2s2.2p6.3s2,1S0,3s 2S<1/2>,14800.0,300,theoretical,3,3s2
100,Fm,89,11,Na,[Ne].3s,3s,1s2.2s2.2p6.3s1,2S<1/2>,2p6 1S<0>,15000.0,300,theoretical,3,3s1
100,Fm,90,10,Ne,1s2.2s2.2p6,2p6,1s2.2s2.2p6,1S0,2p5 2P*<3/2>,30300.0,300,theoretical,2,2p6
100,Fm,91,9,F,1s2.2s2.2p5,2p5,1s2.2s2.2p5,2P*<3/2>,2p4 3P<2>,30800.0,300,theoretical,2,2p5
100,Fm,92,8,O,1s2.2s2.2p4,2p4,1s2.2s2.2p4,3P<2>,"2p2<1/2>.2p<3/2> (0,3/2)*<3/2>",31300.0,400,theoretical,2,2p4
100,Fm,93,7,N,1s2.2s2.2p3,2p2<1/2>.2p<3/2>,1s2.2s2.2p3,"(0,3/2)*<3/2>",2p2 3P<0>,31800.0,400,theoretical,2,2p3
100,Fm,94,6,C,1s2.2s2.2p2,2p2,1s2.2s2.2p2,3P0,2p 2P*<1/2>,38400.0,400,theoretical,2,2p2
100,Fm,95,5,B,1s2.2s2.2p,2p,1s2.2s2.2p1,2P*<1/2>,2s2 1S<0>,39100.0,400,theoretical,2,2p1
100,Fm,96,4,Be,1s2.2s2,2s2,1s2.2s2,1S0,2s 2S<1/2>,40000.0,400,theoretical,2,2s2
100,Fm,97,3,Li,1s2.2s,1s2.2s,1s2.2s1,2S<1/2>,1s2 1S<0>,40482.2,1.1,theoretical,2,2s1
100,Fm,98,2,He,1s2,1s2,1s2,1S0,1s 2S<1/2>,158171.0,6,theoretical,1,1s2
100,Fm,99,1,H,1s,1s,1s1,2S<1/2>,,160808.0,6,theoretical,1,1s1
101,Md,0,101,Md,[Rn].5f13.7s2,5f13.7s2,1s2.2s2.2p6.3s2.3p6.3d10.4s2.4p6.4d10.5s2.5p6.4f14.5d10.6s2.6p6.5f13.7s2,2F*<7/2>,5f13.7s 3F*<4>,6.58,0.07,semi-empirical,7,7s2
101,Md,1,100,Fm,[Rn].5f13.7s,5f13.7s,1s2.2s2.2p6.3s2.3p6.3d10.4s2.4p6.4d10.5s2.5p6.4f14.5d10.6s2.6p6.5f13.7s1,3F*<4>,5f13 2F*<7/2>,12.4,0.4,semi-empirical,7,7s1
101,Md,2,99,Es,[Rn].5f13,5f13,1s2.2s2.2p6.3s2.3p6.3d10.4s2.4p6.4d10.5s2.5p6.4f14.5d10.6s2.6p6.5f13,2F*<7/2>,5f12 3H<6>,24.3,0.4,semi-empirical,6,5f13
101,Md,3,98,Cf,[Rn].5f12,5f12,1s2.2s2.2p6.3s2.3p6.3d10.4s2.4p6.4d10.5s2.5p6.4f14.5d10.6s2.6p6.5f12,3H<6>,5f11 4I*<15/2>,40.0,0.4,semi-empirical,6,5f12
101,Md,4,97,Bk,[Rn].5f11,5f11,1s2.2s2.2p6.3s2.3p6.3d10.4s2.4p6.4d10.5s2.5p6.4f14.5d10.6s2.6p6.5f11,4I*<15/2>,5f10 5I<8>,54.1,1.9,theoretical,6,5f11
101,Md,5,96,Cm,[Rn].5f10,5f10,1s2.2s2.2p6.3s2.3p6.3d10.4s2.4p6.4d10.5s2.5p6.4f14.5d10.6s2.6p6.5f10,5I<8>,5f9 6H*<15/2>,76.0,2.0,theoretical,6,5f10
101,Md,6,95,Am,[Rn].5f9,5f9,1s2.2s2.2p6.3s2.3p6.3d10.4s2.4p6.4d10.5s2.5p6.4f14.5d10.6s2.6p6.5f9,6H*<15/2>,5f8 7F<6>,96.0,2.0,theoretical,6,5f9
101,Md,7,94,Pu,[Rn].5f8,5f8,1s2.2s2.2p6.3s2.3p6.3d10.4s2.4p6.4d10.5s2.5p6.4f14.5d10.6s2.6p6.5f8,7F<6>,5f7 8S*<7/2>,115.1,2.1,theoretical,6,5f8
101,Md,8,93,Np,[Rn].5f7,5f7,1s2.2s2.2p6.3s2.3p6.3d10.4s2.4p6.4d10.5s2.5p6.4f14.5d10.6s2.6p6.5f7,8S*<7/2>,5f6 7F<0>,143.9,2.2,theoretical,6,5f7
101,Md,9,92,U,[Rn].5f6,5f6,1s2.2s2.2p6.3s2.3p6.3d10.4s2.4p6.4d10.5s2.5p6.4f14.5d10.6s2.6p6.5f6,7F0,5f5 6H*<5/2>,162.0,2.2,theoretical,6,5f6
101,Md,10,91,Pa,[Rn].5f5,5f5,1s2.2s2.2p6.3s2.3p6.3d10.4s2.4p6.4d10.5s2.5p6.4f14.5d10.6s2.6p6.5f5,6H*<5/2>,5f4 5I<4>,187.0,2.4,theoretical,6,5f5
101,Md,11,90,Th,[Rn].5f4,5f4,1s2.2s2.2p6.3s2.3p6.3d10.4s2.4p6.4d10.5s2.5p6.4f14.5d10.6s2.6p6.5f4,5I<4>,5f7.6p2,215.0,11,theoretical,6,5f4
101,Md,12,89,Ac,[Hg].5f7.6p2,5f7.6p2,1s2.2s2.2p6.3s2.3p6.3d10.4s2.4p6.4d10.5s2.5p6.4f14.5d10.6s2.5f7.6p2,*,5f6.6p2,240.0,12,theoretical,6,6p2
101,Md,13,88,Ra,[Hg].5f6.6p2,5f6.6p2,1s2.2s2.2p6.3s2.3p6.3d10.4s2.4p6.4d10.5s2.5p6.4f14.5d10.6s2.5f6.6p2,,5f6.6p*,260.0,12,theoretical,6,6p2
101,Md,14,87,Fr,[Hg].5f6.6p,5f6.6p,1s2.2s2.2p6.3s2.3p6.3d10.4s2.4p6.4d10.5s2.5p6.4f14.5d10.6s2.5f6.6p1,*,5f6,282.0,14,theoretical,6,6p1
101,Md,15,86,Rn,[Hg].5f6,5f6,1s2.2s2.2p6.3s2.3p6.3d10.4s2.4p6.4d10.5s2.5p6.4f14.5d10.6s2.5f6,,5f5*,307.0,15,theoretical,6,5f6
101,Md,16,85,At,[Hg].5f5,5f5,1s2.2s2.2p6.3s2.3p6.3d10.4s2.4p6.4d10.5s2.5p6.4f14.5d10.6s2.5f5,*,5f4,334.0,16,theoretical,6,5f5
101,Md,17,84,Po,[Hg].5f4,5f4,1s2.2s2.2p6.3s2.3p6.3d10.4s2.4p6.4d10.5s2.5p6.4f14.5d10.6s2.5f4,,5f3*,360.0,17,theoretical,6,5f4
101,Md,18,83,Bi,[Hg].5f3,5f3,1s2.2s2.2p6.3s2.3p6.3d10.4s2.4p6.4d10.5s2.5p6.4f14.5d10.6s2.5f3,*,5f2,386.0,20,theoretical,6,5f3
101,Md,19,82,Pb,[Hg].5f2,5f2,1s2.2s2.2p6.3s2.3p6.3d10.4s2.4p6.4d10.5s2.5p6.4f14.5d10.6s2.5f2,,5f 2F*<5/2>,412.0,21,theoretical,6,5f2
101,Md,20,81,Tl,[Hg].5f,5f,1s2.2s2.2p6.3s2.3p6.3d10.4s2.4p6.4d10.5s2.5p6.4f14.5d10.6s2.5f1,2F*<5/2>,6s2 1S<0>,438.0,22,theoretical,6,5f1
101,Md,21,80,Hg,[Xe].4f14.5d10.6s2,6s2,1s2.2s2.2p6.3s2.3p6.3d10.4s2.4p6.4d10.5s2.5p6.4f14.5d10.6s2,1S0,6s 2S<1/2>,462.0,4,theoretical,6,6s2
101,Md,22,79,Au,[Xe].4f14.5d10.6s,6s,1s2.2s2.2p6.3s2.3p6.3d10.4s2.4p6.4d10.5s2.5p6.4f14.5d10.6s1,2S<1/2>,5d10 1S<0>,486.0,4,theoretical,6,6s1
101,Md,23,78,Pt,[Xe].4f14.5d10,5d10,1s2.2s2.2p6.3s2.3p6.3d10.4s2.4p6.4d10.5s2.5p6.4f14.5d10,1S0,5d9 2D<5/2>,659.0,4,theoretical,5,5d10
101,Md,24,77,Ir,[Xe].4f14.5d9,5d9,1s2.2s2.2p6.3s2.3p6.3d10.4s2.4p6.4d10.5s2.5p6.4f14.5d9,2D<5/2>,5d8 3F<4>,690.0,4,theoretical,5,5d9
101,Md,25,76,Os,[Xe].4f14.5d8,5d8,1s2.2s2.2p6.3s2.3p6.3d10.4s2.4p6.4d10.5s2.5p6.4f14.5d8,3F<4>,5d7 4F<9/2>,723.0,4,theoretical,5,5d8
101,Md,26,75,Re,[Xe].4f14.5d7,5d7,1s2.2s2.2p6.3s2.3p6.3d10.4s2.4p6.4d10.5s2.5p6.4f14.5d7,4F<9/2>,5d6 5D<4>,760.0,4,theoretical,5,5d7
101,Md,27,74,W,[Xe].4f14.5d6,5d6,1s2.2s2.2p6.3s2.3p6.3d10.4s2.4p6.4d10.5s2.5p6.4f14.5d6,5D<4>,5d5 6S<5/2>,794.0,4,theoretical,5,5d6
101,Md,28,73,Ta,[Xe].4f14.5d5,5d5,1s2.2s2.2p6.3s2.3p6.3d10.4s2.4p6.4d10.5s2.5p6.4f14.5d5,6S<5/2>,5d4 5D<0>,828.0,4,theoretical,5,5d5
101,Md,29,72,Hf,[Xe].4f14.5d4,5d4,1s2.2s2.2p6.3s2.3p6.3d10.4s2.4p6.4d10.5s2.5p6.4f14.5d4,5D0,5d3 4F<3/2>,885.0,4,theoretical,5,5d4
101,Md,30,71,Lu,[Xe].4f14.5d3,5d3,1s2.2s2.2p6.3s2.3p6.3d10.4s2.4p6.4d10.5s2.5p6.4f14.5d3,4F<3/2>,5d2 3F<2>,920.0,4,theoretical,5,5d3
101,Md,31,70,Yb,[Xe].4f14.5d2,5d2,1s2.2s2.2p6.3s2.3p6.3d10.4s2.4p6.4d10.5s2.5p6.4f14.5d2,3F<2>,5d 2D<3/2>,958.0,4,theoretical,5,5d2
101,Md,32,69,Tm,[Xe].4f14.5d,5d,1s2.2s2.2p6.3s2.3p6.3d10.4s2.4p6.4d10.5s2.5p6.4f14.5d1,2D<3/2>,4f14 1S<0>,994.0,4,theoretical,5,5d1
101,Md,33,68,Er,[Xe].4f14,4f14,1s2.2s2.2p6.3s2.3p6.3d10.4s2.4p6.4d10.5s2.5p6.4f14,1S0,4f14.5p5 2P*<3/2>,1160.0,60,theoretical,5,4f14
101,Md,34,67,Ho,[Cd].4f14.5p5,4f14.5p5,1s2.2s2.2p6.3s2.3p6.3d10.4s2.4p6.4d10.5s2.4f14.5p5,2P*<3/2>,4f14.5p4 3P<2>,1210.0,60,theoretical,5,5p5
101,Md,35,66,Dy,[Cd].4f14.5p4,4f14.5p4,1s2.2s2.2p6.3s2.3p6.3d10.4s2.4p6.4d10.5s2.4f14.5p4,3P<2>,4f14.5p3 2P*<3/2>,1250.0,60,theoretical,5,5p4
101,Md,36,65,Tb,[Cd].4f14.5p3,4f14.5p3,1s2.2s2.2p6.3s2.3p6.3d10.4s2.4p6.4d10.5s2.4f14.5p3,2P*<3/2>,4f14.5p2 3P<0>,1290.0,60,theoretical,5,5p3
101,Md,37,64,Gd,[Cd].4f14.5p2,4f14.5p2,1s2.2s2.2p6.3s2.3p6.3d10.4s2.4p6.4d10.5s2.4f14.5p2,3P0,4f14.5p 2P*<1/2>,1430.0,70,theoretical,5,5p2
101,Md,38,63,Eu,[Cd].4f14.5p,4f14.5p,1s2.2s2.2p6.3s2.3p6.3d10.4s2.4p6.4d10.5s2.4f14.5p1,2P*<1/2>,4f14 1S<0>,1480.0,70,theoretical,5,5p1
101,Md,39,62,Sm,[Cd].4f14,4f14,1s2.2s2.2p6.3s2.3p6.3d10.4s2.4p6.4d10.5s2.4f14,1S0,4f14.5s 2S<1/2>,1620.0,80,theoretical,5,4f14
101,Md,40,61,Pm,[Kr].4d10.4f14.5s,4f14.5s,1s2.2s2.2p6.3s2.3p6.3d10.4s2.4p6.4d10.4f14.5s1,2S<1/2>,4f14 1S<0>,1660.0,80,theoretical,5,5s1
101,Md,41,60,Nd,[Kr].4d10.4f14,4f14,1s2.2s2.2p6.3s2.3p6.3d10.4s2.4p6.4d10.4f14,1S0,4f13 2F*<7/2>,1840.0,90,theoretical,4,4f14
101,Md,42,59,Pr,[Kr].4d10.4f13,4f13,1s2.2s2.2p6.3s2.3p6.3d10.4s2.4p6.4d10.4f13,2F*<7/2>,4f12,1930.0,100,theoretical,4,4f13
101,Md,43,58,Ce,[Kr].4d10.4f12,4f12,1s2.2s2.2p6.3s2.3p6.3d10.4s2.4p6.4d10.4f12,,4f11 4I*<15/2>,2020.0,100,theoretical,4,4f12
101,Md,44,57,La,[Kr].4d10.4f11,4f11,1s2.2s2.2p6.3s2.3p6.3d10.4s2.4p6.4d10.4f11,4I*<15/2>,4f10 5I<8>,2110.0,110,theoretical,4,4f11
101,Md,45,56,Ba,[Kr].4d10.4f10,4f10,1s2.2s2.2p6.3s2.3p6.3d10.4s2.4p6.4d10.4f10,5I<8>,4f9 6H*<15/2>,2200.0,110,theoretical,4,4f10
101,Md,46,55,Cs,[Kr].4d10.4f9,4f9,1s2.2s2.2p6.3s2.3p6.3d10.4s2.4p6.4d10.4f9,6H*<15/2>,4f8 7F<6>,2290.0,120,theoretical,4,4f9
101,Md,47,54,Xe,[Kr].4d10.4f8,4f8,1s2.2s2.2p6.3s2.3p6.3d10.4s2.4p6.4d10.4f8,7F<6>,4f7 8S*<7/2>,2390.0,120,theoretical,4,4f8
101,Md,48,53,I,[Kr].4d10.4f7,4f7,1s2.2s2.2p6.3s2.3p6.3d10.4s2.4p6.4d10.4f7,8S*<7/2>,4f6 7F<0>,2480.0,120,theoretical,4,4f7
101,Md,49,52,Te,[Kr].4d10.4f6,4f6,1s2.2s2.2p6.3s2.3p6.3d10.4s2.4p6.4d10.4f6,7F0,4f5 6H*<5/2>,2580.0,120,theoretical,4,4f6
101,Md,50,51,Sb,[Kr].4d10.4f5,4f5,1s2.2s2.2p6.3s2.3p6.3d10.4s2.4p6.4d10.4f5,6H*<5/2>,4f4 5I<4>,2680.0,140,theoretical,4,4f5
101,Md,51,50,Sn,[Kr].4d10.4f4,4f4,1s2.2s2.2p6.3s2.3p6.3d10.4s2.4p6.4d10.4f4,5I<4>,4f3 4I*<9/2>,2760.0,140,theoretical,4,4f4
101,Md,52,49,In,[Kr].4d10.4f3,4f3,1s2.2s2.2p6.3s2.3p6.3d10.4s2.4p6.4d10.4f3,4I*<9/2>,4f2 3H<4>,2860.0,150,theoretical,4,4f3
101,Md,53,48,Cd,[Kr].4d10.4f2,4f2,1s2.2s2.2p6.3s2.3p6.3d10.4s2.4p6.4d10.4f2,3H<4>,4f 2F*<5/2>,2950.0,150,theoretical,4,4f2
101,Md,54,47,Ag,[Kr].4d10.4f,4f,1s2.2s2.2p6.3s2.3p6.3d10.4s2.4p6.4d10.4f1,2F*<5/2>,4d10 1S<0>,3050.0,150,theoretical,4,4f1
101,Md,55,46,Pd,[Kr].4d10,4d10,1s2.2s2.2p6.3s2.3p6.3d10.4s2.4p6.4d10,1S0,4d9 2D<5/2>,3513.0,5,theoretical,4,4d10
101,Md,56,45,Rh,[Kr].4d9,4d9,1s2.2s2.2p6.3s2.3p6.3d10.4s2.4p6.4d9,2D<5/2>,4d8 3F<4>,3592.0,5,theoretical,4,4d9
101,Md,57,44,Ru,[Kr].4d8,4d8,1s2.2s2.2p6.3s2.3p6.3d10.4s2.4p6.4d8,3F<4>,4d7 4F<9/2>,3675.0,6,theoretical,4,4d8
101,Md,58,43,Tc,[Kr].4d7,4d7,1s2.2s2.2p6.3s2.3p6.3d10.4s2.4p6.4d7,4F<9/2>,4d6 5D<4>,3762.0,6,theoretical,4,4d7
101,Md,59,42,Mo,[Kr].4d6,4d6,1s2.2s2.2p6.3s2.3p6.3d10.4s2.4p6.4d6,5D<4>,"4d-4.4d+ (0,5/2)<5/2>",3845.0,7,theoretical,4,4d6
101,Md,60,41,Nb,[Kr].4d5,4d-4.4d+,1s2.2s2.2p6.3s2.3p6.3d10.4s2.4p6.4d5,"(0,5/2)<5/2>",4d4 5D<0>,3926.0,10,theoretical,4,4d5
101,Md,61,40,Zr,[Kr].4d4,4d4,1s2.2s2.2p6.3s2.3p6.3d10.4s2.4p6.4d4,5D0,4d3 4F<3/2>,4109.0,12,theoretical,4,4d4
101,Md,62,39,Y,[Kr].4d3,4d3,1s2.2s2.2p6.3s2.3p6.3d10.4s2.4p6.4d3,4F<3/2>,4d2 3F<2>,4194.0,15,theoretical,4,4d3
101,Md,63,38,Sr,[Kr].4d2,4d2,1s2.2s2.2p6.3s2.3p6.3d10.4s2.4p6.4d2,3F<2>,4d 2D<3/2>,4286.0,19,theoretical,4,4d2
101,Md,64,37,Rb,[Kr].4d,4d,1s2.2s2.2p6.3s2.3p6.3d10.4s2.4p6.4d1,2D<3/2>,4p6 1S<0>,4371.0,24,theoretical,4,4d1
101,Md,65,36,Kr,[Ar].3d10.4s2.4p6,4p6,1s2.2s2.2p6.3s2.3p6.3d10.4s2.4p6,1S0,4p5 2P*<3/2>,4720.0,30,theoretical,4,4p6
101,Md,66,35,Br,[Ar].3d10.4s2.4p5,4p5,1s2.2s2.2p6.3s2.3p6.3d10.4s2.4p5,2P*<3/2>,4p4 3P<2>,4800.0,40,theoretical,4,4p5
101,Md,67,34,Se,[Ar].3d10.4s2.4p4,4p4,1s2.2s2.2p6.3s2.3p6.3d10.4s2.4p4,3P<2>,"4p-2.4p+ (0,3/2)*<3/2>",4890.0,40,theoretical,4,4p4
101,Md,68,33,As,[Ar].3d10.4s2.4p3,4p-2.4p+,1s2.2s2.2p6.3s2.3p6.3d10.4s2.4p3,"(0,3/2)*<3/2>",4p2 3P<0>,4970.0,50,theoretical,4,4p3
101,Md,69,32,Ge,[Ar].3d10.4s2.4p2,4p2,1s2.2s2.2p6.3s2.3p6.3d10.4s2.4p2,3P0,4p 2P*<1/2>,5580.0,50,theoretical,4,4p2
101,Md,70,31,Ga,[Ar].3d10.4s2.4p,4p,1s2.2s2.2p6.3s2.3p6.3d10.4s2.4p1,2P*<1/2>,4s2 1S<0>,5680.0,60,theoretical,4,4p1
101,Md,71,30,Zn,[Ar].3d10.4s2,4s2,1s2.2s2.2p6.3s2.3p6.3d10.4s2,1S0,4s 2S<1/2>,5930.0,60,theoretical,4,4s2
101,Md,72,29,Cu,[Ar].3d10.4s,4s,1s2.2s2.2p6.3s2.3p6.3d10.4s1,2S<1/2>,3d10 1S<0>,6030.0,70,theoretical,4,4s1
101,Md,73,28,Ni,[Ar].3d10,3d10,1s2.2s2.2p6.3s2.3p6.3d10,1S0,3d9 2D<5/2>,9430.0,90,theoretical,3,3d10
101,Md,74,27,Co,[Ar].3d9,3d9,1s2.2s2.2p6.3s2.3p6.3d9,2D<5/2>,3d8 3F<4>,9620.0,90,theoretical,3,3d9
101,Md,75,26,Fe,[Ar].3d8,3d8,1s2.2s2.2p6.3s2.3p6.3d8,3F<4>,3d7 4F<9/2>,9810.0,100,theoretical,3,3d8
101,Md,76,25,Mn,[Ar].3d7,3d7,1s2.2s2.2p6.3s2.3p6.3d7,4F<9/2>,"3d-4.3d+2 (0,4)<4>",10020.0,110,theoretical,3,3d7
101,Md,77,24,Cr,[Ar].3d6,3d-4.3d+2,1s2.2s2.2p6.3s2.3p6.3d6,"(0,4)<4>","3d-4.3d+ (0,5/2)<5/2>",10220.0,120,theoretical,3,3d6
101,Md,78,23,V,[Ar].3d5,3d-4.3d+,1s2.2s2.2p6.3s2.3p6.3d5,"(0,5/2)<5/2>",3d4 5D<0>,10410.0,120,theoretical,3,3d5
101,Md,79,22,Ti,[Ar].3d4,3d4,1s2.2s2.2p6.3s2.3p6.3d4,5D0,3d3 4F<3/2>,10930.0,140,theoretical,3,3d4
101,Md,80,21,Sc,[Ar].3d3,3d3,1s2.2s2.2p6.3s2.3p6.3d3,4F<3/2>,3d2 3F<2>,11130.0,150,theoretical,3,3d3
101,Md,81,20,Ca,[Ar].3d2,3d2,1s2.2s2.2p6.3s2.3p6.3d2,3F<2>,3d 2D<3/2>,11350.0,160,theoretical,3,3d2
101,Md,82,19,K,[Ar].3d,3d,1s2.2s2.2p6.3s2.3p6.3d1,2D<3/2>,3p6 1S<0>,11560.0,170,theoretical,3,3d1
101,Md,83,18,Ar,[Ne].3s2.3p6,3p6,1s2.2s2.2p6.3s2.3p6,1S0,3p5 2P*<3/2>,12130.0,190,theoretical,3,3p6
101,Md,84,17,Cl,[Ne].3s2.3p5,3p5,1s2.2s2.2p6.3s2.3p5,2P*<3/2>,3p4 3P<2>,12310.0,200,theoretical,3,3p5
101,Md,85,16,S,[Ne].3s2.3p4,3p4,1s2.2s2.2p6.3s2.3p4,3P<2>,3p3 2P*<3/2>,12500.0,220,theoretical,3,3p4
101,Md,86,15,P,[Ne].3s2.3p3,3p3,1s2.2s2.2p6.3s2.3p3,2P*<3/2>,3p2 3P<0>,12680.0,240,theoretical,3,3p3
101,Md,87,14,Si,[Ne].3s2.3p2,3p2,1s2.2s2.2p6.3s2.3p2,3P0,3p 2P*<1/2>,14560.0,250,theoretical,3,3p2
101,Md,88,13,Al,[Ne].3s2.3p,3p,1s2.2s2.2p6.3s2.3p1,2P*<1/2>,3s2 1S<0>,14800.0,300,theoretical,3,3p1
101,Md,89,12,Mg,[Ne].3s2,3s2,1s2.2s2.2p6.3s2,1S0,3s 2S<1/2>,15200.0,300,theoretical,3,3s2
101,Md,90,11,Na,[Ne].3s,3s,1s2.2s2.2p6.3s1,2S<1/2>,2p6 1S<0>,15400.0,300,theoretical,3,3s1
101,Md,91,10,Ne,1s2.2s2.2p6,2p6,1s2.2s2.2p6,1S0,2p5 2P*<3/2>,31000.0,300,theoretical,2,2p6
101,Md,92,9,F,1s2.2s2.2p5,2p5,1s2.2s2.2p5,2P*<3/2>,2p4 3P<2>,31500.0,400,theoretical,2,2p5
101,Md,93,8,O,1s2.2s2.2p4,2p4,1s2.2s2.2p4,3P<2>,"2p2<1/2>.2p<3/2> (0,3/2)*<3/2>",32000.0,400,theoretical,2,2p4
101,Md,94,7,N,1s2.2s2.2p3,2p2<1/2>.2p<3/2>,1s2.2s2.2p3,"(0,3/2)*<3/2>",2p2 3P<0>,32500.0,400,theoretical,2,2p3
101,Md,95,6,C,1s2.2s2.2p2,2p2,1s2.2s2.2p2,3P0,2p 2P*<1/2>,39500.0,400,theoretical,2,2p2
101,Md,96,5,B,1s2.2s2.2p,2p,1s2.2s2.2p1,2P*<1/2>,2s2 1S<0>,40100.0,400,theoretical,2,2p1
101,Md,97,4,Be,1s2.2s2,2s2,1s2.2s2,1S0,2s 2S<1/2>,41000.0,400,theoretical,2,2s2
101,Md,98,3,Li,1s2.2s,1s2.2s,1s2.2s1,2S<1/2>,1s2 1S<0>,41548.0,6,theoretical,2,2s1
101,Md,99,2,He,1s2,1s2,1s2,1S0,1s 2S<1/2>,162066.0,7,theoretical,1,1s2
101,Md,100,1,H,1s,1s,1s1,2S<1/2>,,164764.0,7,theoretical,1,1s1
102,No,0,102,No,[Rn].5f14.7s2,7s2,1s2.2s2.2p6.3s2.3p6.3d10.4s2.4p6.4d10.5s2.5p6.4f14.5d10.6s2.6p6.5f14.7s2,1S0,5f14.7s 2S<1/2>,6.62621,0.00005,experimental,7,7s2
102,No,1,101,Md,[Rn].5f14.7s,5f14.7s,1s2.2s2.2p6.3s2.3p6.3d10.4s2.4p6.4d10.5s2.5p6.4f14.5d10.6s2.6p6.5f14.7s1,2S<1/2>,5f14 1S<0>,12.93,0.04,theoretical,7,7s1
102,No,2,100,Fm,[Rn].5f14,5f14,1s2.2s2.2p6.3s2.3p6.3d10.4s2.4p6.4d10.5s2.5p6.4f14.5d10.6s2.6p6.5f14,1S0,5f13 2F*<7/2>,25.8,0.4,semi-empirical,6,5f14
102,No,3,99,Es,[Rn].5f13,5f13,1s2.2s2.2p6.3s2.3p6.3d10.4s2.4p6.4d10.5s2.5p6.4f14.5d10.6s2.6p6.5f13,2F*<7/2>,5f12 3H<6>,41.5,0.4,semi-empirical,6,5f13
102,No,4,98,Cf,[Rn].5f12,5f12,1s2.2s2.2p6.3s2.3p6.3d10.4s2.4p6.4d10.5s2.5p6.4f14.5d10.6s2.6p6.5f12,3H<6>,5f11 4I*<15/2>,60.0,1.9,theoretical,6,5f12
102,No,5,97,Bk,[Rn].5f11,5f11,1s2.2s2.2p6.3s2.3p6.3d10.4s2.4p6.4d10.5s2.5p6.4f14.5d10.6s2.6p6.5f11,4I*<15/2>,5f10 5I<8>,74.0,2.0,theoretical,6,5f11
102,No,6,96,Cm,[Rn].5f10,5f10,1s2.2s2.2p6.3s2.3p6.3d10.4s2.4p6.4d10.5s2.5p6.4f14.5d10.6s2.6p6.5f10,5I<8>,5f9 6H*<15/2>,97.0,2.0,theoretical,6,5f10
102,No,7,95,Am,[Rn].5f9,5f9,1s2.2s2.2p6.3s2.3p6.3d10.4s2.4p6.4d10.5s2.5p6.4f14.5d10.6s2.6p6.5f9,6H*<15/2>,5f8 7F<6>,119.0,2.1,theoretical,6,5f9
102,No,8,94,Pu,[Rn].5f8,5f8,1s2.2s2.2p6.3s2.3p6.3d10.4s2.4p6.4d10.5s2.5p6.4f14.5d10.6s2.6p6.5f8,7F<6>,5f7 8S*<7/2>,140.0,2.2,theoretical,6,5f8
102,No,9,93,Np,[Rn].5f7,5f7,1s2.2s2.2p6.3s2.3p6.3d10.4s2.4p6.4d10.5s2.5p6.4f14.5d10.6s2.6p6.5f7,8S*<7/2>,5f6 7F<0>,170.0,2.2,theoretical,6,5f7
102,No,10,92,U,[Rn].5f6,5f6,1s2.2s2.2p6.3s2.3p6.3d10.4s2.4p6.4d10.5s2.5p6.4f14.5d10.6s2.6p6.5f6,7F0,5f5 6H*<5/2>,187.0,2.4,theoretical,6,5f6
102,No,11,91,Pa,[Rn].5f5,5f5,1s2.2s2.2p6.3s2.3p6.3d10.4s2.4p6.4d10.5s2.5p6.4f14.5d10.6s2.6p6.5f5,6H*<5/2>,5f4 5I<4>,216.0,2.5,theoretical,6,5f5
102,No,12,90,Th,[Rn].5f4,5f4,1s2.2s2.2p6.3s2.3p6.3d10.4s2.4p6.4d10.5s2.5p6.4f14.5d10.6s2.6p6.5f4,5I<4>,5f7.6p2,246.0,12,theoretical,6,5f4
102,No,13,89,Ac,[Hg].5f7.6p2,5f7.6p2,1s2.2s2.2p6.3s2.3p6.3d10.4s2.4p6.4d10.5s2.5p6.4f14.5d10.6s2.5f7.6p2,*,5f7.6p,267.0,14,theoretical,6,6p2
102,No,14,88,Ra,[Hg].5f7.6p,5f7.6p,1s2.2s2.2p6.3s2.3p6.3d10.4s2.4p6.4d10.5s2.5p6.4f14.5d10.6s2.5f7.6p1,,5f7*,285.0,12,theoretical,6,6p1
102,No,15,87,Fr,[Hg].5f7,5f7,1s2.2s2.2p6.3s2.3p6.3d10.4s2.4p6.4d10.5s2.5p6.4f14.5d10.6s2.5f7,*,5f6,312.0,16,theoretical,6,5f7
102,No,16,86,Rn,[Hg].5f6,5f6,1s2.2s2.2p6.3s2.3p6.3d10.4s2.4p6.4d10.5s2.5p6.4f14.5d10.6s2.5f6,,5f5*,341.0,17,theoretical,6,5f6
102,No,17,85,At,[Hg].5f5,5f5,1s2.2s2.2p6.3s2.3p6.3d10.4s2.4p6.4d10.5s2.5p6.4f14.5d10.6s2.5f5,*,5f4,367.0,19,theoretical,6,5f5
102,No,18,84,Po,[Hg].5f4,5f4,1s2.2s2.2p6.3s2.3p6.3d10.4s2.4p6.4d10.5s2.5p6.4f14.5d10.6s2.5f4,,5f3*,394.0,20,theoretical,6,5f4
102,No,19,83,Bi,[Hg].5f3,5f3,1s2.2s2.2p6.3s2.3p6.3d10.4s2.4p6.4d10.5s2.5p6.4f14.5d10.6s2.5f3,*,5f2,422.0,21,theoretical,6,5f3
102,No,20,82,Pb,[Hg].5f2,5f2,1s2.2s2.2p6.3s2.3p6.3d10.4s2.4p6.4d10.5s2.5p6.4f14.5d10.6s2.5f2,,5f 2F*<5/2>,448.0,22,theoretical,6,5f2
102,No,21,81,Tl,[Hg].5f,5f,1s2.2s2.2p6.3s2.3p6.3d10.4s2.4p6.4d10.5s2.5p6.4f14.5d10.6s2.5f1,2F*<5/2>,6s2 1S<0>,475.0,24,theoretical,6,5f1
102,No,22,80,Hg,[Xe].4f14.5d10.6s2,6s2,1s2.2s2.2p6.3s2.3p6.3d10.4s2.4p6.4d10.5s2.5p6.4f14.5d10.6s2,1S0,6s 2S<1/2>,496.0,4,theoretical,6,6s2
102,No,23,79,Au,[Xe].4f14.5d10.6s,6s,1s2.2s2.2p6.3s2.3p6.3d10.4s2.4p6.4d10.5s2.5p6.4f14.5d10.6s1,2S<1/2>,5d10 1S<0>,520.0,4,theoretical,6,6s1
102,No,24,78,Pt,[Xe].4f14.5d10,5d10,1s2.2s2.2p6.3s2.3p6.3d10.4s2.4p6.4d10.5s2.5p6.4f14.5d10,1S0,5d9 2D<5/2>,701.0,4,theoretical,5,5d10
102,No,25,77,Ir,[Xe].4f14.5d9,5d9,1s2.2s2.2p6.3s2.3p6.3d10.4s2.4p6.4d10.5s2.5p6.4f14.5d9,2D<5/2>,5d8 3F<4>,734.0,4,theoretical,5,5d9
102,No,26,76,Os,[Xe].4f14.5d8,5d8,1s2.2s2.2p6.3s2.3p6.3d10.4s2.4p6.4d10.5s2.5p6.4f14.5d8,3F<4>,5d7 4F<9/2>,768.0,4,theoretical,5,5d8
102,No,27,75,Re,[Xe].4f14.5d7,5d7,1s2.2s2.2p6.3s2.3p6.3d10.4s2.4p6.4d10.5s2.5p6.4f14.5d7,4F<9/2>,5d6 5D<4>,805.0,4,theoretical,5,5d7
102,No,28,74,W,[Xe].4f14.5d6,5d6,1s2.2s2.2p6.3s2.3p6.3d10.4s2.4p6.4d10.5s2.5p6.4f14.5d6,5D<4>,5d5 6S<5/2>,840.0,4,theoretical,5,5d6
102,No,29,73,Ta,[Xe].4f14.5d5,5d5,1s2.2s2.2p6.3s2.3p6.3d10.4s2.4p6.4d10.5s2.5p6.4f14.5d5,6S<5/2>,5d4 5D<0>,875.0,4,theoretical,5,5d5
102,No,30,72,Hf,[Xe].4f14.5d4,5d4,1s2.2s2.2p6.3s2.3p6.3d10.4s2.4p6.4d10.5s2.5p6.4f14.5d4,5D0,5d3 4F<3/2>,934.0,4,theoretical,5,5d4
102,No,31,71,Lu,[Xe].4f14.5d3,5d3,1s2.2s2.2p6.3s2.3p6.3d10.4s2.4p6.4d10.5s2.5p6.4f14.5d3,4F<3/2>,5d2 3F<2>,969.0,4,theoretical,5,5d3
102,No,32,70,Yb,[Xe].4f14.5d2,5d2,1s2.2s2.2p6.3s2.3p6.3d10.4s2.4p6.4d10.5s2.5p6.4f14.5d2,3F<2>,5d 2D<3/2>,1010.0,4,theoretical,5,5d2
102,No,33,69,Tm,[Xe].4f14.5d,5d,1s2.2s2.2p6.3s2.3p6.3d10.4s2.4p6.4d10.5s2.5p6.4f14.5d1,2D<3/2>,4f14 1S<0>,1045.0,5,theoretical,5,5d1
102,No,34,68,Er,[Xe].4f14,4f14,1s2.2s2.2p6.3s2.3p6.3d10.4s2.4p6.4d10.5s2.5p6.4f14,1S0,4f14.5p5 2P*<3/2>,1220.0,60,theoretical,5,4f14
102,No,35,67,Ho,[Cd].4f14.5p5,4f14.5p5,1s2.2s2.2p6.3s2.3p6.3d10.4s2.4p6.4d10.5s2.4f14.5p5,2P*<3/2>,4f14.5p4 3P<2>,1260.0,60,theoretical,5,5p5
102,No,36,66,Dy,[Cd].4f14.5p4,4f14.5p4,1s2.2s2.2p6.3s2.3p6.3d10.4s2.4p6.4d10.5s2.4f14.5p4,3P<2>,4f14.5p3 2P*<3/2>,1300.0,70,theoretical,5,5p4
102,No,37,65,Tb,[Cd].4f14.5p3,4f14.5p3,1s2.2s2.2p6.3s2.3p6.3d10.4s2.4p6.4d10.5s2.4f14.5p3,2P*<3/2>,4f14.5p2 3P<0>,1350.0,70,theoretical,5,5p3
102,No,38,64,Gd,[Cd].4f14.5p2,4f14.5p2,1s2.2s2.2p6.3s2.3p6.3d10.4s2.4p6.4d10.5s2.4f14.5p2,3P0,4f14.5p 2P*<1/2>,1500.0,70,theoretical,5,5p2
102,No,39,63,Eu,[Cd].4f14.5p,4f14.5p,1s2.2s2.2p6.3s2.3p6.3d10.4s2.4p6.4d10.5s2.4f14.5p1,2P*<1/2>,4f14 1S<0>,1550.0,80,theoretical,5,5p1
102,No,40,62,Sm,[Cd].4f14,4f14,1s2.2s2.2p6.3s2.3p6.3d10.4s2.4p6.4d10.5s2.4f14,1S0,4f14.5s 2S<1/2>,1680.0,80,theoretical,5,4f14
102,No,41,61,Pm,[Kr].4d10.4f14.5s,4f14.5s,1s2.2s2.2p6.3s2.3p6.3d10.4s2.4p6.4d10.4f14.5s1,2S<1/2>,4f14 1S<0>,1730.0,90,theoretical,5,5s1
102,No,42,60,Nd,[Kr].4d10.4f14,4f14,1s2.2s2.2p6.3s2.3p6.3d10.4s2.4p6.4d10.4f14,1S0,4f13 2F*<7/2>,1920.0,100,theoretical,4,4f14
102,No,43,59,Pr,[Kr].4d10.4f13,4f13,1s2.2s2.2p6.3s2.3p6.3d10.4s2.4p6.4d10.4f13,2F*<7/2>,4f12,2010.0,100,theoretical,4,4f13
102,No,44,58,Ce,[Kr].4d10.4f12,4f12,1s2.2s2.2p6.3s2.3p6.3d10.4s2.4p6.4d10.4f12,,4f11 4I*<15/2>,2110.0,110,theoretical,4,4f12
102,No,45,57,La,[Kr].4d10.4f11,4f11,1s2.2s2.2p6.3s2.3p6.3d10.4s2.4p6.4d10.4f11,4I*<15/2>,4f10 5I<8>,2200.0,110,theoretical,4,4f11
102,No,46,56,Ba,[Kr].4d10.4f10,4f10,1s2.2s2.2p6.3s2.3p6.3d10.4s2.4p6.4d10.4f10,5I<8>,4f9 6H*<15/2>,2290.0,110,theoretical,4,4f10
102,No,47,55,Cs,[Kr].4d10.4f9,4f9,1s2.2s2.2p6.3s2.3p6.3d10.4s2.4p6.4d10.4f9,6H*<15/2>,4f8 7F<6>,2380.0,120,theoretical,4,4f9
102,No,48,54,Xe,[Kr].4d10.4f8,4f8,1s2.2s2.2p6.3s2.3p6.3d10.4s2.4p6.4d10.4f8,7F<6>,4f7 8S*<7/2>,2470.0,120,theoretical,4,4f8
102,No,49,53,I,[Kr].4d10.4f7,4f7,1s2.2s2.2p6.3s2.3p6.3d10.4s2.4p6.4d10.4f7,8S*<7/2>,4f6 7F<0>,2570.0,120,theoretical,4,4f7
102,No,50,52,Te,[Kr].4d10.4f6,4f6,1s2.2s2.2p6.3s2.3p6.3d10.4s2.4p6.4d10.4f6,7F0,4f5 6H*<5/2>,2680.0,140,theoretical,4,4f6
102,No,51,51,Sb,[Kr].4d10.4f5,4f5,1s2.2s2.2p6.3s2.3p6.3d10.4s2.4p6.4d10.4f5,6H*<5/2>,4f4 5I<4>,2760.0,140,theoretical,4,4f5
102,No,52,50,Sn,[Kr].4d10.4f4,4f4,1s2.2s2.2p6.3s2.3p6.3d10.4s2.4p6.4d10.4f4,5I<4>,4f3 4I*<9/2>,2860.0,150,theoretical,4,4f4
102,No,53,49,In,[Kr].4d10.4f3,4f3,1s2.2s2.2p6.3s2.3p6.3d10.4s2.4p6.4d10.4f3,4I*<9/2>,4f2 3H<4>,2950.0,150,theoretical,4,4f3
102,No,54,48,Cd,[Kr].4d10.4f2,4f2,1s2.2s2.2p6.3s2.3p6.3d10.4s2.4p6.4d10.4f2,3H<4>,4f 2F*<5/2>,3050.0,150,theoretical,4,4f2
102,No,55,47,Ag,[Kr].4d10.4f,4f,1s2.2s2.2p6.3s2.3p6.3d10.4s2.4p6.4d10.4f1,2F*<5/2>,4d10 1S<0>,3140.0,160,theoretical,4,4f1
102,No,56,46,Pd,[Kr].4d10,4d10,1s2.2s2.2p6.3s2.3p6.3d10.4s2.4p6.4d10,1S0,4d9 2D<5/2>,3627.0,5,theoretical,4,4d10
102,No,57,45,Rh,[Kr].4d9,4d9,1s2.2s2.2p6.3s2.3p6.3d10.4s2.4p6.4d9,2D<5/2>,4d8 3F<4>,3705.0,6,theoretical,4,4d9
102,No,58,44,Ru,[Kr].4d8,4d8,1s2.2s2.2p6.3s2.3p6.3d10.4s2.4p6.4d8,3F<4>,4d7 4F<9/2>,3790.0,6,theoretical,4,4d8
102,No,59,43,Tc,[Kr].4d7,4d7,1s2.2s2.2p6.3s2.3p6.3d10.4s2.4p6.4d7,4F<9/2>,4d6 5D<4>,3878.0,7,theoretical,4,4d7
102,No,60,42,Mo,[Kr].4d6,4d6,1s2.2s2.2p6.3s2.3p6.3d10.4s2.4p6.4d6,5D<4>,"4d-4.4d+ (0,5/2)<5/2>",3962.0,10,theoretical,4,4d6
102,No,61,41,Nb,[Kr].4d5,4d-4.4d+,1s2.2s2.2p6.3s2.3p6.3d10.4s2.4p6.4d5,"(0,5/2)<5/2>",4d4 5D<0>,4045.0,12,theoretical,4,4d5
102,No,62,40,Zr,[Kr].4d4,4d4,1s2.2s2.2p6.3s2.3p6.3d10.4s2.4p6.4d4,5D0,4d3 4F<3/2>,4234.0,15,theoretical,4,4d4
102,No,63,39,Y,[Kr].4d3,4d3,1s2.2s2.2p6.3s2.3p6.3d10.4s2.4p6.4d3,4F<3/2>,4d2 3F<2>,4320.0,19,theoretical,4,4d3
102,No,64,38,Sr,[Kr].4d2,4d2,1s2.2s2.2p6.3s2.3p6.3d10.4s2.4p6.4d2,3F<2>,4d 2D<3/2>,4413.0,24,theoretical,4,4d2
102,No,65,37,Rb,[Kr].4d,4d,1s2.2s2.2p6.3s2.3p6.3d10.4s2.4p6.4d1,2D<3/2>,4p6 1S<0>,4500.0,30,theoretical,4,4d1
102,No,66,36,Kr,[Ar].3d10.4s2.4p6,4p6,1s2.2s2.2p6.3s2.3p6.3d10.4s2.4p6,1S0,4p5 2P*<3/2>,4850.0,40,theoretical,4,4p6
102,No,67,35,Br,[Ar].3d10.4s2.4p5,4p5,1s2.2s2.2p6.3s2.3p6.3d10.4s2.4p5,2P*<3/2>,4p4 3P<2>,4930.0,40,theoretical,4,4p5
102,No,68,34,Se,[Ar].3d10.4s2.4p4,4p4,1s2.2s2.2p6.3s2.3p6.3d10.4s2.4p4,3P<2>,"4p-2.4p+ (0,3/2)*<3/2>",5030.0,50,theoretical,4,4p4
102,No,69,33,As,[Ar].3d10.4s2.4p3,4p-2.4p+,1s2.2s2.2p6.3s2.3p6.3d10.4s2.4p3,"(0,3/2)*<3/2>",4p2 3P<0>,5110.0,50,theoretical,4,4p3
102,No,70,32,Ge,[Ar].3d10.4s2.4p2,4p2,1s2.2s2.2p6.3s2.3p6.3d10.4s2.4p2,3P0,4p 2P*<1/2>,5750.0,60,theoretical,4,4p2
102,No,71,31,Ga,[Ar].3d10.4s2.4p,4p,1s2.2s2.2p6.3s2.3p6.3d10.4s2.4p1,2P*<1/2>,4s2 1S<0>,5850.0,60,theoretical,4,4p1
102,No,72,30,Zn,[Ar].3d10.4s2,4s2,1s2.2s2.2p6.3s2.3p6.3d10.4s2,1S0,4s 2S<1/2>,6110.0,70,theoretical,4,4s2
102,No,73,29,Cu,[Ar].3d10.4s,4s,1s2.2s2.2p6.3s2.3p6.3d10.4s1,2S<1/2>,3d10 1S<0>,6210.0,90,theoretical,4,4s1
102,No,74,28,Ni,[Ar].3d10,3d10,1s2.2s2.2p6.3s2.3p6.3d10,1S0,3d9 2D<5/2>,9680.0,90,theoretical,3,3d10
102,No,75,27,Co,[Ar].3d9,3d9,1s2.2s2.2p6.3s2.3p6.3d9,2D<5/2>,3d8 3F<4>,9860.0,100,theoretical,3,3d9
102,No,76,26,Fe,[Ar].3d8,3d8,1s2.2s2.2p6.3s2.3p6.3d8,3F<4>,3d7 4F<9/2>,10060.0,110,theoretical,3,3d8
102,No,77,25,Mn,[Ar].3d7,3d7,1s2.2s2.2p6.3s2.3p6.3d7,4F<9/2>,"3d-4.3d+2 (0,4)<4>",10270.0,120,theoretical,3,3d7
102,No,78,24,Cr,[Ar].3d6,3d-4.3d+2,1s2.2s2.2p6.3s2.3p6.3d6,"(0,4)<4>","3d-4.3d+ (0,5/2)<5/2>",10470.0,120,theoretical,3,3d6
102,No,79,23,V,[Ar].3d5,3d-4.3d+,1s2.2s2.2p6.3s2.3p6.3d5,"(0,5/2)<5/2>",3d4 5D<0>,10660.0,140,theoretical,3,3d5
102,No,80,22,Ti,[Ar].3d4,3d4,1s2.2s2.2p6.3s2.3p6.3d4,5D0,3d3 4F<3/2>,11200.0,150,theoretical,3,3d4
102,No,81,21,Sc,[Ar].3d3,3d3,1s2.2s2.2p6.3s2.3p6.3d3,4F<3/2>,3d2 3F<2>,11410.0,160,theoretical,3,3d3
102,No,82,20,Ca,[Ar].3d2,3d2,1s2.2s2.2p6.3s2.3p6.3d2,3F<2>,3d 2D<3/2>,11630.0,170,theoretical,3,3d2
102,No,83,19,K,[Ar].3d,3d,1s2.2s2.2p6.3s2.3p6.3d1,2D<3/2>,3p6 1S<0>,11840.0,190,theoretical,3,3d1
102,No,84,18,Ar,[Ne].3s2.3p6,3p6,1s2.2s2.2p6.3s2.3p6,1S0,3p5 2P*<3/2>,12420.0,200,theoretical,3,3p6
102,No,85,17,Cl,[Ne].3s2.3p5,3p5,1s2.2s2.2p6.3s2.3p5,2P*<3/2>,3p4 3P<2>,12600.0,220,theoretical,3,3p5
102,No,86,16,S,[Ne].3s2.3p4,3p4,1s2.2s2.2p6.3s2.3p4,3P<2>,3p3 2P*<3/2>,12800.0,240,theoretical,3,3p4
102,No,87,15,P,[Ne].3s2.3p3,3p3,1s2.2s2.2p6.3s2.3p3,2P*<3/2>,3p2 3P<0>,12980.0,250,theoretical,3,3p3
102,No,88,14,Si,[Ne].3s2.3p2,3p2,1s2.2s2.2p6.3s2.3p2,3P0,3p 2P*<1/2>,15000.0,300,theoretical,3,3p2
102,No,89,13,Al,[Ne].3s2.3p,3p,1s2.2s2.2p6.3s2.3p1,2P*<1/2>,3s2 1S<0>,15200.0,300,theoretical,3,3p1
102,No,90,12,Mg,[Ne].3s2,3s2,1s2.2s2.2p6.3s2,1S0,3s 2S<1/2>,15600.0,300,theoretical,3,3s2
102,No,91,11,Na,[Ne].3s,3s,1s2.2s2.2p6.3s1,2S<1/2>,2p6 1S<0>,15800.0,300,theoretical,3,3s1
102,No,92,10,Ne,1s2.2s2.2p6,2p6,1s2.2s2.2p6,1S0,2p5 2P*<3/2>,31700.0,400,theoretical,2,2p6
102,No,93,9,F,1s2.2s2.2p5,2p5,1s2.2s2.2p5,2P*<3/2>,2p4 3P<2>,32200.0,400,theoretical,2,2p5
102,No,94,8,O,1s2.2s2.2p4,2p4,1s2.2s2.2p4,3P<2>,"2p2<1/2>.2p<3/2> (0,3/2)*<3/2>",32700.0,400,theoretical,2,2p4
102,No,95,7,N,1s2.2s2.2p3,2p2<1/2>.2p<3/2>,1s2.2s2.2p3,"(0,3/2)*<3/2>",2p2 3P<0>,33200.0,400,theoretical,2,2p3
102,No,96,6,C,1s2.2s2.2p2,2p2,1s2.2s2.2p2,3P0,2p 2P*<1/2>,40500.0,400,theoretical,2,2p2
102,No,97,5,B,1s2.2s2.2p,2p,1s2.2s2.2p1,2P*<1/2>,2s2 1S<0>,41200.0,400,theoretical,2,2p1
102,No,98,4,Be,1s2.2s2,2s2,1s2.2s2,1S0,2s 2S<1/2>,42100.0,500,theoretical,2,2s2
102,No,99,3,Li,1s2.2s,1s2.2s,1s2.2s1,2S<1/2>,1s2 1S<0>,42632.0,6,theoretical,2,2s1
102,No,100,2,He,1s2,1s2,1s2,1S0,1s 2S<1/2>,166050.0,7,theoretical,1,1s2
102,No,101,1,H,1s,1s,1s1,2S<1/2>,,168804.0,7,theoretical,1,1s1
103,Lr,0,103,Lr,[Rn].5f14.7s2.7p,7s2.7p,1s2.2s2.2p6.3s2.3p6.3d10.4s2.4p6.4d10.5s2.5p6.4f14.5d10.6s2.6p6.5f14.7s2.7p1,2P*<1/2>,7s2 1S<0>,4.96,0.05,experimental,7,7p1
103,Lr,1,102,No,[Rn].5f14.7s2,7s2,1s2.2s2.2p6.3s2.3p6.3d10.4s2.4p6.4d10.5s2.5p6.4f14.5d10.6s2.6p6.5f14.7s2,1S0,5f14.7s 2S<1/2>,14.54,0.04,theoretical,7,7s2
103,Lr,2,101,Md,[Rn].5f14.7s,5f14.7s,1s2.2s2.2p6.3s2.3p6.3d10.4s2.4p6.4d10.5s2.5p6.4f14.5d10.6s2.6p6.5f14.7s1,2S<1/2>,5f14 1S<0>,21.8,0.04,theoretical,7,7s1
103,Lr,3,100,Fm,[Rn].5f14,5f14,1s2.2s2.2p6.3s2.3p6.3d10.4s2.4p6.4d10.5s2.5p6.4f14.5d10.6s2.6p6.5f14,1S0,5f13 2F*<7/2>,43.6,0.4,semi-empirical,6,5f14
103,Lr,4,99,Es,[Rn].5f13,5f13,1s2.2s2.2p6.3s2.3p6.3d10.4s2.4p6.4d10.5s2.5p6.4f14.5d10.6s2.6p6.5f13,2F*<7/2>,5f12 3H<6>,56.0,1.9,theoretical,6,5f13
103,Lr,5,98,Cf,[Rn].5f12,5f12,1s2.2s2.2p6.3s2.3p6.3d10.4s2.4p6.4d10.5s2.5p6.4f14.5d10.6s2.6p6.5f12,3H<6>,5f11 4I*<15/2>,80.0,2.0,theoretical,6,5f12
103,Lr,6,97,Bk,[Rn].5f11,5f11,1s2.2s2.2p6.3s2.3p6.3d10.4s2.4p6.4d10.5s2.5p6.4f14.5d10.6s2.6p6.5f11,4I*<15/2>,5f10 5I<8>,96.0,2.0,theoretical,6,5f11
103,Lr,7,96,Cm,[Rn].5f10,5f10,1s2.2s2.2p6.3s2.3p6.3d10.4s2.4p6.4d10.5s2.5p6.4f14.5d10.6s2.6p6.5f10,5I<8>,5f9 6H*<15/2>,121.0,2.1,theoretical,6,5f10
103,Lr,8,95,Am,[Rn].5f9,5f9,1s2.2s2.2p6.3s2.3p6.3d10.4s2.4p6.4d10.5s2.5p6.4f14.5d10.6s2.6p6.5f9,6H*<15/2>,5f8 7F<6>,143.0,2.2,theoretical,6,5f9
103,Lr,9,94,Pu,[Rn].5f8,5f8,1s2.2s2.2p6.3s2.3p6.3d10.4s2.4p6.4d10.5s2.5p6.4f14.5d10.6s2.6p6.5f8,7F<6>,5f7 8S*<7/2>,165.0,2.2,theoretical,6,5f8
103,Lr,10,93,Np,[Rn].5f7,5f7,1s2.2s2.2p6.3s2.3p6.3d10.4s2.4p6.4d10.5s2.5p6.4f14.5d10.6s2.6p6.5f7,8S*<7/2>,5f6 7F<0>,197.0,2.4,theoretical,6,5f7
103,Lr,11,92,U,[Rn].5f6,5f6,1s2.2s2.2p6.3s2.3p6.3d10.4s2.4p6.4d10.5s2.5p6.4f14.5d10.6s2.6p6.5f6,7F0,5f5 6H*<5/2>,216.0,2.5,theoretical,6,5f6
103,Lr,12,91,Pa,[Rn].5f5,5f5,1s2.2s2.2p6.3s2.3p6.3d10.4s2.4p6.4d10.5s2.5p6.4f14.5d10.6s2.6p6.5f5,6H*<5/2>,5f4 5I<4>,244.0,3,theoretical,6,5f5
103,Lr,13,90,Th,[Rn].5f4,5f4,1s2.2s2.2p6.3s2.3p6.3d10.4s2.4p6.4d10.5s2.5p6.4f14.5d10.6s2.6p6.5f4,5I<4>,5f8.6p,269.0,14,theoretical,6,5f4
103,Lr,14,89,Ac,[Hg].5f8.6p,5f8.6p,1s2.2s2.2p6.3s2.3p6.3d10.4s2.4p6.4d10.5s2.5p6.4f14.5d10.6s2.5f8.6p1,*,5f8,290.0,15,theoretical,6,6p1
103,Lr,15,88,Ra,[Hg].5f8,5f8,1s2.2s2.2p6.3s2.3p6.3d10.4s2.4p6.4d10.5s2.5p6.4f14.5d10.6s2.5f8,,5f7*,322.0,12,theoretical,6,5f8
103,Lr,16,87,Fr,[Hg].5f7,5f7,1s2.2s2.2p6.3s2.3p6.3d10.4s2.4p6.4d10.5s2.5p6.4f14.5d10.6s2.5f7,*,5f6,344.0,17,theoretical,6,5f7
103,Lr,17,86,Rn,[Hg].5f6,5f6,1s2.2s2.2p6.3s2.3p6.3d10.4s2.4p6.4d10.5s2.5p6.4f14.5d10.6s2.5f6,,5f5*,374.0,19,theoretical,6,5f6
103,Lr,18,85,At,[Hg].5f5,5f5,1s2.2s2.2p6.3s2.3p6.3d10.4s2.4p6.4d10.5s2.5p6.4f14.5d10.6s2.5f5,*,5f4,403.0,20,theoretical,6,5f5
103,Lr,19,84,Po,[Hg].5f4,5f4,1s2.2s2.2p6.3s2.3p6.3d10.4s2.4p6.4d10.5s2.5p6.4f14.5d10.6s2.5f4,,5f3*,431.0,21,theoretical,6,5f4
103,Lr,20,83,Bi,[Hg].5f3,5f3,1s2.2s2.2p6.3s2.3p6.3d10.4s2.4p6.4d10.5s2.5p6.4f14.5d10.6s2.5f3,*,5f2,459.0,24,theoretical,6,5f3
103,Lr,21,82,Pb,[Hg].5f2,5f2,1s2.2s2.2p6.3s2.3p6.3d10.4s2.4p6.4d10.5s2.5p6.4f14.5d10.6s2.5f2,,5f 2F*<5/2>,487.0,25,theoretical,6,5f2
103,Lr,22,81,Tl,[Hg].5f,5f,1s2.2s2.2p6.3s2.3p6.3d10.4s2.4p6.4d10.5s2.5p6.4f14.5d10.6s2.5f1,2F*<5/2>,5f.6s*,510.0,30,theoretical,6,5f1
103,Lr,23,80,Hg,[Xe].4f14.5d10.5f.6s,5f.6s,1s2.2s2.2p6.3s2.3p6.3d10.4s2.4p6.4d10.5s2.5p6.4f14.5d10.5f1.6s1,*,5f 2F<5/2>*,540.0,30,theoretical,6,6s1
103,Lr,24,79,Au,[Xe].4f14.5d10.5f,5f,1s2.2s2.2p6.3s2.3p6.3d10.4s2.4p6.4d10.5s2.5p6.4f14.5d10.5f1,2F*<5/2>,5d10 1S<0>,560.0,30,theoretical,5,5f1
103,Lr,25,78,Pt,[Xe].4f14.5d10,5d10,1s2.2s2.2p6.3s2.3p6.3d10.4s2.4p6.4d10.5s2.5p6.4f14.5d10,1S0,5d9 2D<5/2>,745.0,4,theoretical,5,5d10
103,Lr,26,77,Ir,[Xe].4f14.5d9,5d9,1s2.2s2.2p6.3s2.3p6.3d10.4s2.4p6.4d10.5s2.5p6.4f14.5d9,2D<5/2>,5d8 3F<4>,779.0,4,theoretical,5,5d9
103,Lr,27,76,Os,[Xe].4f14.5d8,5d8,1s2.2s2.2p6.3s2.3p6.3d10.4s2.4p6.4d10.5s2.5p6.4f14.5d8,3F<4>,5d7 4F<9/2>,814.0,4,theoretical,5,5d8
103,Lr,28,75,Re,[Xe].4f14.5d7,5d7,1s2.2s2.2p6.3s2.3p6.3d10.4s2.4p6.4d10.5s2.5p6.4f14.5d7,4F<9/2>,5d6 5D<4>,852.0,4,theoretical,5,5d7
103,Lr,29,74,W,[Xe].4f14.5d6,5d6,1s2.2s2.2p6.3s2.3p6.3d10.4s2.4p6.4d10.5s2.5p6.4f14.5d6,5D<4>,5d5 6S<5/2>,888.0,4,theoretical,5,5d6
103,Lr,30,73,Ta,[Xe].4f14.5d5,5d5,1s2.2s2.2p6.3s2.3p6.3d10.4s2.4p6.4d10.5s2.5p6.4f14.5d5,6S<5/2>,5d4 5D<0>,922.0,4,theoretical,5,5d5
103,Lr,31,72,Hf,[Xe].4f14.5d4,5d4,1s2.2s2.2p6.3s2.3p6.3d10.4s2.4p6.4d10.5s2.5p6.4f14.5d4,5D0,5d3 4F<3/2>,985.0,4,theoretical,5,5d4
103,Lr,32,71,Lu,[Xe].4f14.5d3,5d3,1s2.2s2.2p6.3s2.3p6.3d10.4s2.4p6.4d10.5s2.5p6.4f14.5d3,4F<3/2>,5d2 3F<2>,1020.0,4,theoretical,5,5d3
103,Lr,33,70,Yb,[Xe].4f14.5d2,5d2,1s2.2s2.2p6.3s2.3p6.3d10.4s2.4p6.4d10.5s2.5p6.4f14.5d2,3F<2>,5d 2D<3/2>,1061.0,5,theoretical,5,5d2
103,Lr,34,69,Tm,[Xe].4f14.5d,5d,1s2.2s2.2p6.3s2.3p6.3d10.4s2.4p6.4d10.5s2.5p6.4f14.5d1,2D<3/2>,4f14 1S<0>,1098.0,5,theoretical,5,5d1
103,Lr,35,68,Er,[Xe].4f14,4f14,1s2.2s2.2p6.3s2.3p6.3d10.4s2.4p6.4d10.5s2.5p6.4f14,1S0,4f14.5p5 2P*<3/2>,1280.0,60,theoretical,5,4f14
103,Lr,36,67,Ho,[Cd].4f14.5p5,4f14.5p5,1s2.2s2.2p6.3s2.3p6.3d10.4s2.4p6.4d10.5s2.4f14.5p5,2P*<3/2>,4f14.5p4 3P<2>,1320.0,70,theoretical,5,5p5
103,Lr,37,66,Dy,[Cd].4f14.5p4,4f14.5p4,1s2.2s2.2p6.3s2.3p6.3d10.4s2.4p6.4d10.5s2.4f14.5p4,3P<2>,4f14.5p3 2P*<3/2>,1360.0,70,theoretical,5,5p4
103,Lr,38,65,Tb,[Cd].4f14.5p3,4f14.5p3,1s2.2s2.2p6.3s2.3p6.3d10.4s2.4p6.4d10.5s2.4f14.5p3,2P*<3/2>,4f14.5p2 3P<0>,1410.0,70,theoretical,5,5p3
103,Lr,39,64,Gd,[Cd].4f14.5p2,4f14.5p2,1s2.2s2.2p6.3s2.3p6.3d10.4s2.4p6.4d10.5s2.4f14.5p2,3P0,4f14.5p 2P*<1/2>,1570.0,80,theoretical,5,5p2
103,Lr,40,63,Eu,[Cd].4f14.5p,4f14.5p,1s2.2s2.2p6.3s2.3p6.3d10.4s2.4p6.4d10.5s2.4f14.5p1,2P*<1/2>,4f14 1S<0>,1620.0,80,theoretical,5,5p1
103,Lr,41,62,Sm,[Cd].4f14,4f14,1s2.2s2.2p6.3s2.3p6.3d10.4s2.4p6.4d10.5s2.4f14,1S0,4f14.5s 2S<1/2>,1760.0,90,theoretical,5,4f14
103,Lr,42,61,Pm,[Kr].4d10.4f14.5s,4f14.5s,1s2.2s2.2p6.3s2.3p6.3d10.4s2.4p6.4d10.4f14.5s1,2S<1/2>,4f14 1S<0>,1810.0,90,theoretical,5,5s1
103,Lr,43,60,Nd,[Kr].4d10.4f14,4f14,1s2.2s2.2p6.3s2.3p6.3d10.4s2.4p6.4d10.4f14,1S0,4f13 2F*<7/2>,2010.0,100,theoretical,4,4f14
103,Lr,44,59,Pr,[Kr].4d10.4f13,4f13,1s2.2s2.2p6.3s2.3p6.3d10.4s2.4p6.4d10.4f13,2F*<7/2>,4f12,2100.0,110,theoretical,4,4f13
103,Lr,45,58,Ce,[Kr].4d10.4f12,4f12,1s2.2s2.2p6.3s2.3p6.3d10.4s2.4p6.4d10.4f12,,4f11 4I*<15/2>,2190.0,110,theoretical,4,4f12
103,Lr,46,57,La,[Kr].4d10.4f11,4f11,1s2.2s2.2p6.3s2.3p6.3d10.4s2.4p6.4d10.4f11,4I*<15/2>,4f10 5I<8>,2290.0,110,theoretical,4,4f11
103,Lr,47,56,Ba,[Kr].4d10.4f10,4f10,1s2.2s2.2p6.3s2.3p6.3d10.4s2.4p6.4d10.4f10,5I<8>,4f9 6H*<15/2>,2380.0,120,theoretical,4,4f10
103,Lr,48,55,Cs,[Kr].4d10.4f9,4f9,1s2.2s2.2p6.3s2.3p6.3d10.4s2.4p6.4d10.4f9,6H*<15/2>,4f8 7F<6>,2470.0,120,theoretical,4,4f9
103,Lr,49,54,Xe,[Kr].4d10.4f8,4f8,1s2.2s2.2p6.3s2.3p6.3d10.4s2.4p6.4d10.4f8,7F<6>,4f7 8S*<7/2>,2570.0,120,theoretical,4,4f8
103,Lr,50,53,I,[Kr].4d10.4f7,4f7,1s2.2s2.2p6.3s2.3p6.3d10.4s2.4p6.4d10.4f7,8S*<7/2>,4f6 7F<0>,2670.0,140,theoretical,4,4f7
103,Lr,51,52,Te,[Kr].4d10.4f6,4f6,1s2.2s2.2p6.3s2.3p6.3d10.4s2.4p6.4d10.4f6,7F0,4f5 6H*<5/2>,2780.0,140,theoretical,4,4f6
103,Lr,52,51,Sb,[Kr].4d10.4f5,4f5,1s2.2s2.2p6.3s2.3p6.3d10.4s2.4p6.4d10.4f5,6H*<5/2>,4f4 5I<4>,2860.0,150,theoretical,4,4f5
103,Lr,53,50,Sn,[Kr].4d10.4f4,4f4,1s2.2s2.2p6.3s2.3p6.3d10.4s2.4p6.4d10.4f4,5I<4>,4f3 4I*<9/2>,2960.0,150,theoretical,4,4f4
103,Lr,54,49,In,[Kr].4d10.4f3,4f3,1s2.2s2.2p6.3s2.3p6.3d10.4s2.4p6.4d10.4f3,4I*<9/2>,4f2 3H<4>,3060.0,150,theoretical,4,4f3
103,Lr,55,48,Cd,[Kr].4d10.4f2,4f2,1s2.2s2.2p6.3s2.3p6.3d10.4s2.4p6.4d10.4f2,3H<4>,4f 2F*<5/2>,3150.0,160,theoretical,4,4f2
103,Lr,56,47,Ag,[Kr].4d10.4f,4f,1s2.2s2.2p6.3s2.3p6.3d10.4s2.4p6.4d10.4f1,2F*<5/2>,4d10 1S<0>,3250.0,160,theoretical,4,4f1
103,Lr,57,46,Pd,[Kr].4d10,4d10,1s2.2s2.2p6.3s2.3p6.3d10.4s2.4p6.4d10,1S0,4d9 2D<5/2>,3741.0,6,theoretical,4,4d10
103,Lr,58,45,Rh,[Kr].4d9,4d9,1s2.2s2.2p6.3s2.3p6.3d10.4s2.4p6.4d9,2D<5/2>,4d8 3F<4>,3821.0,6,theoretical,4,4d9
103,Lr,59,44,Ru,[Kr].4d8,4d8,1s2.2s2.2p6.3s2.3p6.3d10.4s2.4p6.4d8,3F<4>,4d7 4F<9/2>,3906.0,7,theoretical,4,4d8
103,Lr,60,43,Tc,[Kr].4d7,4d7,1s2.2s2.2p6.3s2.3p6.3d10.4s2.4p6.4d7,4F<9/2>,4d6 5D<4>,3996.0,10,theoretical,4,4d7
103,Lr,61,42,Mo,[Kr].4d6,4d6,1s2.2s2.2p6.3s2.3p6.3d10.4s2.4p6.4d6,5D<4>,"4d-4.4d+ (0,5/2)<5/2>",4082.0,12,theoretical,4,4d6
103,Lr,62,41,Nb,[Kr].4d5,4d-4.4d+,1s2.2s2.2p6.3s2.3p6.3d10.4s2.4p6.4d5,"(0,5/2)<5/2>",4d4 5D<0>,4165.0,15,theoretical,4,4d5
103,Lr,63,40,Zr,[Kr].4d4,4d4,1s2.2s2.2p6.3s2.3p6.3d10.4s2.4p6.4d4,5D0,4d3 4F<3/2>,4360.0,19,theoretical,4,4d4
103,Lr,64,39,Y,[Kr].4d3,4d3,1s2.2s2.2p6.3s2.3p6.3d10.4s2.4p6.4d3,4F<3/2>,4d2 3F<2>,4448.0,24,theoretical,4,4d3
103,Lr,65,38,Sr,[Kr].4d2,4d2,1s2.2s2.2p6.3s2.3p6.3d10.4s2.4p6.4d2,3F<2>,4d 2D<3/2>,4540.0,30,theoretical,4,4d2
103,Lr,66,37,Rb,[Kr].4d,4d,1s2.2s2.2p6.3s2.3p6.3d10.4s2.4p6.4d1,2D<3/2>,4p6 1S<0>,4630.0,40,theoretical,4,4d1
103,Lr,67,36,Kr,[Ar].3d10.4s2.4p6,4p6,1s2.2s2.2p6.3s2.3p6.3d10.4s2.4p6,1S0,4p5 2P*<3/2>,4990.0,40,theoretical,4,4p6
103,Lr,68,35,Br,[Ar].3d10.4s2.4p5,4p5,1s2.2s2.2p6.3s2.3p6.3d10.4s2.4p5,2P*<3/2>,4p4 3P<2>,5070.0,50,theoretical,4,4p5
103,Lr,69,34,Se,[Ar].3d10.4s2.4p4,4p4,1s2.2s2.2p6.3s2.3p6.3d10.4s2.4p4,3P<2>,"4p-2.4p+ (0,3/2)*<3/2>",5160.0,50,theoretical,4,4p4
103,Lr,70,33,As,[Ar].3d10.4s2.4p3,4p-2.4p+,1s2.2s2.2p6.3s2.3p6.3d10.4s2.4p3,"(0,3/2)*<3/2>",4p2 3P<0>,5250.0,60,theoretical,4,4p3
103,Lr,71,32,Ge,[Ar].3d10.4s2.4p2,4p2,1s2.2s2.2p6.3s2.3p6.3d10.4s2.4p2,3P0,4p 2P*<1/2>,5920.0,60,theoretical,4,4p2
103,Lr,72,31,Ga,[Ar].3d10.4s2.4p,4p,1s2.2s2.2p6.3s2.3p6.3d10.4s2.4p1,2P*<1/2>,4s2 1S<0>,6030.0,70,theoretical,4,4p1
103,Lr,73,30,Zn,[Ar].3d10.4s2,4s2,1s2.2s2.2p6.3s2.3p6.3d10.4s2,1S0,4s 2S<1/2>,6290.0,90,theoretical,4,4s2
103,Lr,74,29,Cu,[Ar].3d10.4s,4s,1s2.2s2.2p6.3s2.3p6.3d10.4s1,2S<1/2>,3d10 1S<0>,6390.0,90,theoretical,4,4s1
103,Lr,75,28,Ni,[Ar].3d10,3d10,1s2.2s2.2p6.3s2.3p6.3d10,1S0,3d9 2D<5/2>,9920.0,100,theoretical,3,3d10
103,Lr,76,27,Co,[Ar].3d9,3d9,1s2.2s2.2p6.3s2.3p6.3d9,2D<5/2>,3d8 3F<4>,10110.0,110,theoretical,3,3d9
103,Lr,77,26,Fe,[Ar].3d8,3d8,1s2.2s2.2p6.3s2.3p6.3d8,3F<4>,3d7 4F<9/2>,10310.0,120,theoretical,3,3d8
103,Lr,78,25,Mn,[Ar].3d7,3d7,1s2.2s2.2p6.3s2.3p6.3d7,4F<9/2>,"3d-4.3d+2 (0,4)<4>",10520.0,120,theoretical,3,3d7
103,Lr,79,24,Cr,[Ar].3d6,3d-4.3d+2,1s2.2s2.2p6.3s2.3p6.3d6,"(0,4)<4>","3d-4.3d+ (0,5/2)<5/2>",10720.0,140,theoretical,3,3d6
103,Lr,80,23,V,[Ar].3d5,3d-4.3d+,1s2.2s2.2p6.3s2.3p6.3d5,"(0,5/2)<5/2>",3d4 5D<0>,10920.0,150,theoretical,3,3d5
103,Lr,81,22,Ti,[Ar].3d4,3d4,1s2.2s2.2p6.3s2.3p6.3d4,5D0,3d3 4F<3/2>,11470.0,160,theoretical,3,3d4
103,Lr,82,21,Sc,[Ar].3d3,3d3,1s2.2s2.2p6.3s2.3p6.3d3,4F<3/2>,3d2 3F<2>,11680.0,170,theoretical,3,3d3
103,Lr,83,20,Ca,[Ar].3d2,3d2,1s2.2s2.2p6.3s2.3p6.3d2,3F<2>,3d 2D<3/2>,11910.0,190,theoretical,3,3d2
103,Lr,84,19,K,[Ar].3d,3d,1s2.2s2.2p6.3s2.3p6.3d1,2D<3/2>,3p6 1S<0>,12120.0,200,theoretical,3,3d1
103,Lr,85,18,Ar,[Ne].3s2.3p6,3p6,1s2.2s2.2p6.3s2.3p6,1S0,3p5 2P*<3/2>,12710.0,220,theoretical,3,3p6
103,Lr,86,17,Cl,[Ne].3s2.3p5,3p5,1s2.2s2.2p6.3s2.3p5,2P*<3/2>,3p4 3P<2>,12890.0,240,theoretical,3,3p5
103,Lr,87,16,S,[Ne].3s2.3p4,3p4,1s2.2s2.2p6.3s2.3p4,3P<2>,3p3 2P*<3/2>,13090.0,250,theoretical,3,3p4
103,Lr,88,15,P,[Ne].3s2.3p3,3p3,1s2.2s2.2p6.3s2.3p3,2P*<3/2>,3p2 3P<0>,13300.0,300,theoretical,3,3p3
103,Lr,89,14,Si,[Ne].3s2.3p2,3p2,1s2.2s2.2p6.3s2.3p2,3P0,3p 2P*<1/2>,15300.0,300,theoretical,3,3p2
103,Lr,90,13,Al,[Ne].3s2.3p,3p,1s2.2s2.2p6.3s2.3p1,2P*<1/2>,3s2 1S<0>,15600.0,300,theoretical,3,3p1
103,Lr,91,12,Mg,[Ne].3s2,3s2,1s2.2s2.2p6.3s2,1S0,3s 2S<1/2>,16000.0,300,theoretical,3,3s2
103,Lr,92,11,Na,[Ne].3s,3s,1s2.2s2.2p6.3s1,2S<1/2>,2p6 1S<0>,16200.0,400,theoretical,3,3s1
103,Lr,93,10,Ne,1s2.2s2.2p6,2p6,1s2.2s2.2p6,1S0,2p5 2P*<3/2>,32400.0,400,theoretical,2,2p6
103,Lr,94,9,F,1s2.2s2.2p5,2p5,1s2.2s2.2p5,2P*<3/2>,2p4 3P<2>,32900.0,400,theoretical,2,2p5
103,Lr,95,8,O,1s2.2s2.2p4,2p4,1s2.2s2.2p4,3P<2>,"2p2<1/2>.2p<3/2> (0,3/2)*<3/2>",33400.0,400,theoretical,2,2p4
103,Lr,96,7,N,1s2.2s2.2p3,2p2<1/2>.2p<3/2>,1s2.2s2.2p3,"(0,3/2)*<3/2>",2p2 3P<0>,33900.0,400,theoretical,2,2p3
103,Lr,97,6,C,1s2.2s2.2p2,2p2,1s2.2s2.2p2,3P0,2p 2P*<1/2>,41600.0,400,theoretical,2,2p2
103,Lr,98,5,B,1s2.2s2.2p,2p,1s2.2s2.2p1,2P*<1/2>,2s2 1S<0>,42300.0,500,theoretical,2,2p1
103,Lr,99,4,Be,1s2.2s2,2s2,1s2.2s2,1S0,2s 2S<1/2>,43200.0,500,theoretical,2,2s2
103,Lr,100,3,Li,1s2.2s,1s2.2s,1s2.2s1,2S<1/2>,1s2 1S<0>,43759.0,6,theoretical,2,2s1
103,Lr,101,2,He,1s2,1s2,1s2,1S0,1s 2S<1/2>,170116.0,8,theoretical,1,1s2
103,Lr,102,1,H,1s,1s,1s1,2S<1/2>,,172928.0,9,theoretical,1,1s1
104,Rf,0,104,Rf,[Rn].5f14.6d2.7s2,6d2.7s2,1s2.2s2.2p6.3s2.3p6.3d10.4s2.4p6.4d10.5s2.5p6.4f14.5d10.6s2.6p6.5f14.6d2.7s2,3F<2>,6d.7s2 2D<3/2>,6.02,0.04,theoretical,7,7s2
104,Rf,1,103,Lr,[Rn].5f14.6d.7s2,6d.7s2,1s2.2s2.2p6.3s2.3p6.3d10.4s2.4p6.4d10.5s2.5p6.4f14.5d10.6s2.6p6.5f14.6d1.7s2,2D<3/2>,7s2 1S<0>,14.35,0.04,theoretical,7,7s2
104,Rf,2,102,No,[Rn].5f14.7s2,7s2,1s2.2s2.2p6.3s2.3p6.3d10.4s2.4p6.4d10.5s2.5p6.4f14.5d10.6s2.6p6.5f14.7s2,1S0,5f14.7s 2S<1/2>,23.84,0.04,theoretical,7,7s2
104,Rf,3,101,Md,[Rn].5f14.7s,5f14.7s,1s2.2s2.2p6.3s2.3p6.3d10.4s2.4p6.4d10.5s2.5p6.4f14.5d10.6s2.6p6.5f14.7s1,2S<1/2>,5f14 1S<0>,31.87,0.04,theoretical,7,7s1
104,Rf,4,100,Fm,[Rn].5f14,5f14,1s2.2s2.2p6.3s2.3p6.3d10.4s2.4p6.4d10.5s2.5p6.4f14.5d10.6s2.6p6.5f14,1S0,5f13 2F*<7/2>,64.0,1.9,theoretical,6,5f14
104,Rf,5,99,Es,[Rn].5f13,5f13,1s2.2s2.2p6.3s2.3p6.3d10.4s2.4p6.4d10.5s2.5p6.4f14.5d10.6s2.6p6.5f13,2F*<7/2>,5f12 3H<6>,77.0,2.0,theoretical,6,5f13
104,Rf,6,98,Cf,[Rn].5f12,5f12,1s2.2s2.2p6.3s2.3p6.3d10.4s2.4p6.4d10.5s2.5p6.4f14.5d10.6s2.6p6.5f12,3H<6>,5f11 4I*<15/2>,102.0,2.0,theoretical,6,5f12
104,Rf,7,97,Bk,[Rn].5f11,5f11,1s2.2s2.2p6.3s2.3p6.3d10.4s2.4p6.4d10.5s2.5p6.4f14.5d10.6s2.6p6.5f11,4I*<15/2>,5f10 5I<8>,119.0,2.1,theoretical,6,5f11
104,Rf,8,96,Cm,[Rn].5f10,5f10,1s2.2s2.2p6.3s2.3p6.3d10.4s2.4p6.4d10.5s2.5p6.4f14.5d10.6s2.6p6.5f10,5I<8>,5f9 6H*<15/2>,146.1,2.2,theoretical,6,5f10
104,Rf,9,95,Am,[Rn].5f9,5f9,1s2.2s2.2p6.3s2.3p6.3d10.4s2.4p6.4d10.5s2.5p6.4f14.5d10.6s2.6p6.5f9,6H*<15/2>,5f8 7F<6>,169.0,2.2,theoretical,6,5f9
104,Rf,10,94,Pu,[Rn].5f8,5f8,1s2.2s2.2p6.3s2.3p6.3d10.4s2.4p6.4d10.5s2.5p6.4f14.5d10.6s2.6p6.5f8,7F<6>,5f7 8S*<7/2>,193.0,2.4,theoretical,6,5f8
104,Rf,11,93,Np,[Rn].5f7,5f7,1s2.2s2.2p6.3s2.3p6.3d10.4s2.4p6.4d10.5s2.5p6.4f14.5d10.6s2.6p6.5f7,8S*<7/2>,5f6 7F<0>,225.0,2.5,theoretical,6,5f7
104,Rf,12,92,U,[Rn].5f6,5f6,1s2.2s2.2p6.3s2.3p6.3d10.4s2.4p6.4d10.5s2.5p6.4f14.5d10.6s2.6p6.5f6,7F0,5f5 6H*<5/2>,244.0,3,theoretical,6,5f6
104,Rf,13,91,Pa,[Rn].5f5,5f5,1s2.2s2.2p6.3s2.3p6.3d10.4s2.4p6.4d10.5s2.5p6.4f14.5d10.6s2.6p6.5f5,6H*<5/2>,5f4 5I<4>,275.0,3,theoretical,6,5f5
104,Rf,26,78,Pt,[Xe].4f14.5d10,5d10,1s2.2s2.2p6.3s2.3p6.3d10.4s2.4p6.4d10.5s2.5p6.4f14.5d10,1S0,5d9 2D<5/2>,791.0,4,theoretical,5,5d10
104,Rf,27,77,Ir,[Xe].4f14.5d9,5d9,1s2.2s2.2p6.3s2.3p6.3d10.4s2.4p6.4d10.5s2.5p6.4f14.5d9,2D<5/2>,5d8 3F<4>,825.0,4,theoretical,5,5d9
104,Rf,28,76,Os,[Xe].4f14.5d8,5d8,1s2.2s2.2p6.3s2.3p6.3d10.4s2.4p6.4d10.5s2.5p6.4f14.5d8,3F<4>,5d7 4F<9/2>,860.0,4,theoretical,5,5d8
104,Rf,29,75,Re,[Xe].4f14.5d7,5d7,1s2.2s2.2p6.3s2.3p6.3d10.4s2.4p6.4d10.5s2.5p6.4f14.5d7,4F<9/2>,5d6 5D<4>,899.0,4,theoretical,5,5d7
104,Rf,30,74,W,[Xe].4f14.5d6,5d6,1s2.2s2.2p6.3s2.3p6.3d10.4s2.4p6.4d10.5s2.5p6.4f14.5d6,5D<4>,5d5 6S<5/2>,936.0,4,theoretical,5,5d6
104,Rf,31,73,Ta,[Xe].4f14.5d5,5d5,1s2.2s2.2p6.3s2.3p6.3d10.4s2.4p6.4d10.5s2.5p6.4f14.5d5,6S<5/2>,5d4 5D<0>,972.0,4,theoretical,5,5d5
104,Rf,32,72,Hf,[Xe].4f14.5d4,5d4,1s2.2s2.2p6.3s2.3p6.3d10.4s2.4p6.4d10.5s2.5p6.4f14.5d4,5D0,5d3 4F<3/2>,1036.0,4,theoretical,5,5d4
104,Rf,33,71,Lu,[Xe].4f14.5d3,5d3,1s2.2s2.2p6.3s2.3p6.3d10.4s2.4p6.4d10.5s2.5p6.4f14.5d3,4F<3/2>,5d2 3F<2>,1073.0,5,theoretical,5,5d3
104,Rf,34,70,Yb,[Xe].4f14.5d2,5d2,1s2.2s2.2p6.3s2.3p6.3d10.4s2.4p6.4d10.5s2.5p6.4f14.5d2,3F<2>,5d 2D<3/2>,1114.0,5,theoretical,5,5d2
104,Rf,35,69,Tm,[Xe].4f14.5d,5d,1s2.2s2.2p6.3s2.3p6.3d10.4s2.4p6.4d10.5s2.5p6.4f14.5d1,2D<3/2>,4f14 1S<0>,1151.0,5,theoretical,5,5d1
104,Rf,58,46,Pd,[Kr].4d10,4d10,1s2.2s2.2p6.3s2.3p6.3d10.4s2.4p6.4d10,1S0,4d9 2D<5/2>,3857.0,6,theoretical,4,4d10
104,Rf,59,45,Rh,[Kr].4d9,4d9,1s2.2s2.2p6.3s2.3p6.3d10.4s2.4p6.4d9,2D<5/2>,4d8 3F<4>,3938.0,7,theoretical,4,4d9
104,Rf,60,44,Ru,[Kr].4d8,4d8,1s2.2s2.2p6.3s2.3p6.3d10.4s2.4p6.4d8,3F<4>,4d7 4F<9/2>,4025.0,10,theoretical,4,4d8
104,Rf,61,43,Tc,[Kr].4d7,4d7,1s2.2s2.2p6.3s2.3p6.3d10.4s2.4p6.4d7,4F<9/2>,4d6 5D<4>,4116.0,12,theoretical,4,4d7
104,Rf,62,42,Mo,[Kr].4d6,4d6,1s2.2s2.2p6.3s2.3p6.3d10.4s2.4p6.4d6,5D<4>,"4d-4.4d+ (0,5/2)<5/2>",4203.0,15,theoretical,4,4d6
104,Rf,63,41,Nb,[Kr].4d5,4d-4.4d+,1s2.2s2.2p6.3s2.3p6.3d10.4s2.4p6.4d5,"(0,5/2)<5/2>",4d4 5D<0>,4287.0,19,theoretical,4,4d5
104,Rf,64,40,Zr,[Kr].4d4,4d4,1s2.2s2.2p6.3s2.3p6.3d10.4s2.4p6.4d4,5D0,4d3 4F<3/2>,4489.0,24,theoretical,4,4d4
104,Rf,65,39,Y,[Kr].4d3,4d3,1s2.2s2.2p6.3s2.3p6.3d10.4s2.4p6.4d3,4F<3/2>,4d2 3F<2>,4580.0,30,theoretical,4,4d3
104,Rf,66,38,Sr,[Kr].4d2,4d2,1s2.2s2.2p6.3s2.3p6.3d10.4s2.4p6.4d2,3F<2>,4d 2D<3/2>,4670.0,40,theoretical,4,4d2
104,Rf,67,37,Rb,[Kr].4d,4d,1s2.2s2.2p6.3s2.3p6.3d10.4s2.4p6.4d1,2D<3/2>,4p6 1S<0>,4760.0,40,theoretical,4,4d1
104,Rf,68,36,Kr,[Ar].3d10.4s2.4p6,4p6,1s2.2s2.2p6.3s2.3p6.3d10.4s2.4p6,1S0,4p5 2P*<3/2>,5130.0,50,theoretical,4,4p6
104,Rf,69,35,Br,[Ar].3d10.4s2.4p5,4p5,1s2.2s2.2p6.3s2.3p6.3d10.4s2.4p5,2P*<3/2>,4p4 3P<2>,5210.0,50,theoretical,4,4p5
104,Rf,70,34,Se,[Ar].3d10.4s2.4p4,4p4,1s2.2s2.2p6.3s2.3p6.3d10.4s2.4p4,3P<2>,"4p-2.4p+ (0,3/2)*<3/2>",5300.0,60,theoretical,4,4p4
104,Rf,71,33,As,[Ar].3d10.4s2.4p3,4p-2.4p+,1s2.2s2.2p6.3s2.3p6.3d10.4s2.4p3,"(0,3/2)*<3/2>",4p2 3P<0>,5390.0,60,theoretical,4,4p3
104,Rf,72,32,Ge,[Ar].3d10.4s2.4p2,4p2,1s2.2s2.2p6.3s2.3p6.3d10.4s2.4p2,3P0,4p 2P*<1/2>,6100.0,70,theoretical,4,4p2
104,Rf,73,31,Ga,[Ar].3d10.4s2.4p,4p,1s2.2s2.2p6.3s2.3p6.3d10.4s2.4p1,2P*<1/2>,4s2 1S<0>,6200.0,90,theoretical,4,4p1
104,Rf,74,30,Zn,[Ar].3d10.4s2,4s2,1s2.2s2.2p6.3s2.3p6.3d10.4s2,1S0,4s 2S<1/2>,6470.0,90,theoretical,4,4s2
104,Rf,75,29,Cu,[Ar].3d10.4s,4s,1s2.2s2.2p6.3s2.3p6.3d10.4s1,2S<1/2>,3d10 1S<0>,6570.0,100,theoretical,4,4s1
104,Rf,76,28,Ni,[Ar].3d10,3d10,1s2.2s2.2p6.3s2.3p6.3d10,1S0,3d9 2D<5/2>,10170.0,110,theoretical,3,3d10
104,Rf,77,27,Co,[Ar].3d9,3d9,1s2.2s2.2p6.3s2.3p6.3d9,2D<5/2>,3d8 3F<4>,10360.0,120,theoretical,3,3d9
104,Rf,78,26,Fe,[Ar].3d8,3d8,1s2.2s2.2p6.3s2.3p6.3d8,3F<4>,3d7 4F<9/2>,10560.0,120,theoretical,3,3d8
104,Rf,79,25,Mn,[Ar].3d7,3d7,1s2.2s2.2p6.3s2.3p6.3d7,4F<9/2>,"3d-4.3d+2 (0,4)<4>",10780.0,140,theoretical,3,3d7
104,Rf,80,24,Cr,[Ar].3d6,3d-4.3d+2,1s2.2s2.2p6.3s2.3p6.3d6,"(0,4)<4>","3d-4.3d+ (0,5/2)<5/2>",10980.0,150,theoretical,3,3d6
104,Rf,81,23,V,[Ar].3d5,3d-4.3d+,1s2.2s2.2p6.3s2.3p6.3d5,"(0,5/2)<5/2>",3d4 5D<0>,11180.0,160,theoretical,3,3d5
104,Rf,82,22,Ti,[Ar].3d4,3d4,1s2.2s2.2p6.3s2.3p6.3d4,5D0,3d3 4F<3/2>,11750.0,170,theoretical,3,3d4
104,Rf,83,21,Sc,[Ar].3d3,3d3,1s2.2s2.2p6.3s2.3p6.3d3,4F<3/2>,3d2 3F<2>,11960.0,190,theoretical,3,3d3
104,Rf,84,20,Ca,[Ar].3d2,3d2,1s2.2s2.2p6.3s2.3p6.3d2,3F<2>,3d 2D<3/2>,12200.0,200,theoretical,3,3d2
104,Rf,85,19,K,[Ar].3d,3d,1s2.2s2.2p6.3s2.3p6.3d1,2D<3/2>,3p6 1S<0>,12410.0,220,theoretical,3,3d1
104,Rf,86,18,Ar,[Ne].3s2.3p6,3p6,1s2.2s2.2p6.3s2.3p6,1S0,3p5 2P*<3/2>,13010.0,240,theoretical,3,3p6
104,Rf,87,17,Cl,[Ne].3s2.3p5,3p5,1s2.2s2.2p6.3s2.3p5,2P*<3/2>,3p4 3P<2>,13190.0,250,theoretical,3,3p5
104,Rf,88,16,S,[Ne].3s2.3p4,3p4,1s2.2s2.2p6.3s2.3p4,3P<2>,3p3 2P*<3/2>,13400.0,300,theoretical,3,3p4
104,Rf,89,15,P,[Ne].3s2.3p3,3p3,1s2.2s2.2p6.3s2.3p3,2P*<3/2>,3p2 3P<0>,13600.0,300,theoretical,3,3p3
104,Rf,90,14,Si,[Ne].3s2.3p2,3p2,1s2.2s2.2p6.3s2.3p2,3P0,3p 2P*<1/2>,15800.0,300,theoretical,3,3p2
104,Rf,91,13,Al,[Ne].3s2.3p,3p,1s2.2s2.2p6.3s2.3p1,2P*<1/2>,3s2 1S<0>,16000.0,300,theoretical,3,3p1
104,Rf,92,12,Mg,[Ne].3s2,3s2,1s2.2s2.2p6.3s2,1S0,3s 2S<1/2>,16400.0,400,theoretical,3,3s2
104,Rf,93,11,Na,[Ne].3s,3s,1s2.2s2.2p6.3s1,2S<1/2>,2p6 1S<0>,16700.0,400,theoretical,3,3s1
104,Rf,94,10,Ne,1s2.2s2.2p6,2p6,1s2.2s2.2p6,1S0,2p5 2P*<3/2>,33100.0,400,theoretical,2,2p6
104,Rf,95,9,F,1s2.2s2.2p5,2p5,1s2.2s2.2p5,2P*<3/2>,2p4 3P<2>,33600.0,400,theoretical,2,2p5
104,Rf,96,8,O,1s2.2s2.2p4,2p4,1s2.2s2.2p4,3P<2>,"2p2<1/2>.2p<3/2> (0,3/2)*<3/2>",34100.0,400,theoretical,2,2p4
104,Rf,97,7,N,1s2.2s2.2p3,2p2<1/2>.2p<3/2>,1s2.2s2.2p3,"(0,3/2)*<3/2>",2p2 3P<0>,34600.0,400,theoretical,2,2p3
104,Rf,98,6,C,1s2.2s2.2p2,2p2,1s2.2s2.2p2,3P0,2p 2P*<1/2>,42700.0,500,theoretical,2,2p2
104,Rf,99,5,B,1s2.2s2.2p,2p,1s2.2s2.2p1,2P*<1/2>,2s2 1S<0>,43400.0,500,theoretical,2,2p1
104,Rf,100,4,Be,1s2.2s2,2s2,1s2.2s2,1S0,2s 2S<1/2>,44300.0,500,theoretical,2,2s2
104,Rf,102,2,He,1s2,1s2,1s2,1S0,1s 2S<1/2>,174265.0,9,theoretical,1,1s2
104,Rf,103,1,H,1s,1s,1s1,2S<1/2>,,177142.0,9,theoretical,1,1s1
105,Db,0,105,Db,[Rn].5f14.6d3.7s2,6d3.7s2,1s2.2s2.2p6.3s2.3p6.3d10.4s2.4p6.4d10.5s2.5p6.4f14.5d10.6s2.6p6.5f14.6d3.7s2,4F<3/2>,6d2.7s2 3F<2>,6.8,0.5,theoretical,7,7s2
105,Db,1,104,Rf,[Rn].5f14.6d2.7s2,6d2.7s2,1s2.2s2.2p6.3s2.3p6.3d10.4s2.4p6.4d10.5s2.5p6.4f14.5d10.6s2.6p6.5f14.6d2.7s2,3F<2>,6d2.7s <3/2>,14.0,1.6,theoretical,7,7s2
105,Db,2,103,Lr,[Rn].5f14.6d2.7s,6d2.7s,1s2.2s2.2p6.3s2.3p6.3d10.4s2.4p6.4d10.5s2.5p6.4f14.5d10.6s2.6p6.5f14.6d2.7s1,<3/2>,6d2 <2>,23.1,1.6,theoretical,7,7s1
105,Db,3,102,No,[Rn].5f14.6d2,6d2,1s2.2s2.2p6.3s2.3p6.3d10.4s2.4p6.4d10.5s2.5p6.4f14.5d10.6s2.6p6.5f14.6d2,<2>,5f14.6d 2D<3/2>,33.0,1.7,theoretical,6,6d2
105,Db,4,101,Md,[Rn].5f14.6d,5f14.6d,1s2.2s2.2p6.3s2.3p6.3d10.4s2.4p6.4d10.5s2.5p6.4f14.5d10.6s2.6p6.5f14.6d1,2D<3/2>,5f14 1S<0>,43.0,1.9,theoretical,6,6d1
105,Db,5,100,Fm,[Rn].5f14,5f14,1s2.2s2.2p6.3s2.3p6.3d10.4s2.4p6.4d10.5s2.5p6.4f14.5d10.6s2.6p6.5f14,1S0,5f13 2F*<7/2>,86.0,2.0,theoretical,6,5f14
105,Db,6,99,Es,[Rn].5f13,5f13,1s2.2s2.2p6.3s2.3p6.3d10.4s2.4p6.4d10.5s2.5p6.4f14.5d10.6s2.6p6.5f13,2F*<7/2>,5f12 3H<6>,98.9,2.0,theoretical,6,5f13
105,Db,7,98,Cf,[Rn].5f12,5f12,1s2.2s2.2p6.3s2.3p6.3d10.4s2.4p6.4d10.5s2.5p6.4f14.5d10.6s2.6p6.5f12,3H<6>,5f11 4I*<15/2>,126.0,2.1,theoretical,6,5f12
105,Db,8,97,Bk,[Rn].5f11,5f11,1s2.2s2.2p6.3s2.3p6.3d10.4s2.4p6.4d10.5s2.5p6.4f14.5d10.6s2.6p6.5f11,4I*<15/2>,5f10 5I<8>,145.1,2.2,theoretical,6,5f11
105,Db,9,96,Cm,[Rn].5f10,5f10,1s2.2s2.2p6.3s2.3p6.3d10.4s2.4p6.4d10.5s2.5p6.4f14.5d10.6s2.6p6.5f10,5I<8>,5f9 6H*<15/2>,172.0,2.2,theoretical,6,5f10
105,Db,10,95,Am,[Rn].5f9,5f9,1s2.2s2.2p6.3s2.3p6.3d10.4s2.4p6.4d10.5s2.5p6.4f14.5d10.6s2.6p6.5f9,6H*<15/2>,5f8 7F<6>,196.0,2.4,theoretical,6,5f9
105,Db,11,94,Pu,[Rn].5f8,5f8,1s2.2s2.2p6.3s2.3p6.3d10.4s2.4p6.4d10.5s2.5p6.4f14.5d10.6s2.6p6.5f8,7F<6>,5f7 8S*<7/2>,220.9,2.5,theoretical,6,5f8
105,Db,12,93,Np,[Rn].5f7,5f7,1s2.2s2.2p6.3s2.3p6.3d10.4s2.4p6.4d10.5s2.5p6.4f14.5d10.6s2.6p6.5f7,8S*<7/2>,5f6 7F<0>,254.0,3,theoretical,6,5f7
105,Db,13,92,U,[Rn].5f6,5f6,1s2.2s2.2p6.3s2.3p6.3d10.4s2.4p6.4d10.5s2.5p6.4f14.5d10.6s2.6p6.5f6,7F0,5f5 6H*<5/2>,274.0,3,theoretical,6,5f6
105,Db,14,91,Pa,[Rn].5f5,5f5,1s2.2s2.2p6.3s2.3p6.3d10.4s2.4p6.4d10.5s2.5p6.4f14.5d10.6s2.6p6.5f5,6H*<5/2>,5f4 5I<4>,307.0,3,theoretical,6,5f5
105,Db,27,78,Pt,[Xe].4f14.5d10,5d10,1s2.2s2.2p6.3s2.3p6.3d10.4s2.4p6.4d10.5s2.5p6.4f14.5d10,1S0,5d9 2D<5/2>,838.0,4,theoretical,5,5d10
105,Db,28,77,Ir,[Xe].4f14.5d9,5d9,1s2.2s2.2p6.3s2.3p6.3d10.4s2.4p6.4d10.5s2.5p6.4f14.5d9,2D<5/2>,5d8 3F<4>,872.0,4,theoretical,5,5d9
105,Db,29,76,Os,[Xe].4f14.5d8,5d8,1s2.2s2.2p6.3s2.3p6.3d10.4s2.4p6.4d10.5s2.5p6.4f14.5d8,3F<4>,5d7 4F<9/2>,908.0,4,theoretical,5,5d8
105,Db,30,75,Re,[Xe].4f14.5d7,5d7,1s2.2s2.2p6.3s2.3p6.3d10.4s2.4p6.4d10.5s2.5p6.4f14.5d7,4F<9/2>,5d6 5D<4>,948.0,4,theoretical,5,5d7
105,Db,31,74,W,[Xe].4f14.5d6,5d6,1s2.2s2.2p6.3s2.3p6.3d10.4s2.4p6.4d10.5s2.5p6.4f14.5d6,5D<4>,5d5 6S<5/2>,985.0,4,theoretical,5,5d6
105,Db,32,73,Ta,[Xe].4f14.5d5,5d5,1s2.2s2.2p6.3s2.3p6.3d10.4s2.4p6.4d10.5s2.5p6.4f14.5d5,6S<5/2>,5d4 5D<0>,1022.0,4,theoretical,5,5d5
105,Db,33,72,Hf,[Xe].4f14.5d4,5d4,1s2.2s2.2p6.3s2.3p6.3d10.4s2.4p6.4d10.5s2.5p6.4f14.5d4,5D0,5d3 4F<3/2>,1089.0,5,theoretical,5,5d4
105,Db,34,71,Lu,[Xe].4f14.5d3,5d3,1s2.2s2.2p6.3s2.3p6.3d10.4s2.4p6.4d10.5s2.5p6.4f14.5d3,4F<3/2>,5d2 3F<2>,1126.0,5,theoretical,5,5d3
105,Db,35,70,Yb,[Xe].4f14.5d2,5d2,1s2.2s2.2p6.3s2.3p6.3d10.4s2.4p6.4d10.5s2.5p6.4f14.5d2,3F<2>,5d 2D<3/2>,1168.0,5,theoretical,5,5d2
105,Db,36,69,Tm,[Xe].4f14.5d,5d,1s2.2s2.2p6.3s2.3p6.3d10.4s2.4p6.4d10.5s2.5p6.4f14.5d1,2D<3/2>,4f14 1S<0>,1207.0,5,theoretical,5,5d1
105,Db,59,46,Pd,[Kr].4d10,4d10,1s2.2s2.2p6.3s2.3p6.3d10.4s2.4p6.4d10,1S0,4d9 2D<5/2>,3975.0,7,theoretical,4,4d10
105,Db,60,45,Rh,[Kr].4d9,4d9,1s2.2s2.2p6.3s2.3p6.3d10.4s2.4p6.4d9,2D<5/2>,4d8 3F<4>,4057.0,10,theoretical,4,4d9
105,Db,61,44,Ru,[Kr].4d8,4d8,1s2.2s2.2p6.3s2.3p6.3d10.4s2.4p6.4d8,3F<4>,4d7 4F<9/2>,4145.0,12,theoretical,4,4d8
105,Db,62,43,Tc,[Kr].4d7,4d7,1s2.2s2.2p6.3s2.3p6.3d10.4s2.4p6.4d7,4F<9/2>,4d6 5D<4>,4237.0,15,theoretical,4,4d7
105,Db,63,42,Mo,[Kr].4d6,4d6,1s2.2s2.2p6.3s2.3p6.3d10.4s2.4p6.4d6,5D<4>,"4d-4.4d+ (0,5/2)<5/2>",4326.0,19,theoretical,4,4d6
105,Db,64,41,Nb,[Kr].4d5,4d-4.4d+,1s2.2s2.2p6.3s2.3p6.3d10.4s2.4p6.4d5,"(0,5/2)<5/2>",4d4 5D<0>,4411.0,24,theoretical,4,4d5
105,Db,65,40,Zr,[Kr].4d4,4d4,1s2.2s2.2p6.3s2.3p6.3d10.4s2.4p6.4d4,5D0,4d3 4F<3/2>,4620.0,30,theoretical,4,4d4
105,Db,66,39,Y,[Kr].4d3,4d3,1s2.2s2.2p6.3s2.3p6.3d10.4s2.4p6.4d3,4F<3/2>,4d2 3F<2>,4710.0,40,theoretical,4,4d3
105,Db,67,38,Sr,[Kr].4d2,4d2,1s2.2s2.2p6.3s2.3p6.3d10.4s2.4p6.4d2,3F<2>,4d 2D<3/2>,4810.0,40,theoretical,4,4d2
105,Db,68,37,Rb,[Kr].4d,4d,1s2.2s2.2p6.3s2.3p6.3d10.4s2.4p6.4d1,2D<3/2>,4p6 1S<0>,4900.0,50,theoretical,4,4d1
105,Db,69,36,Kr,[Ar].3d10.4s2.4p6,4p6,1s2.2s2.2p6.3s2.3p6.3d10.4s2.4p6,1S0,4p5 2P*<3/2>,5260.0,50,theoretical,4,4p6
105,Db,70,35,Br,[Ar].3d10.4s2.4p5,4p5,1s2.2s2.2p6.3s2.3p6.3d10.4s2.4p5,2P*<3/2>,4p4 3P<2>,5350.0,60,theoretical,4,4p5
105,Db,71,34,Se,[Ar].3d10.4s2.4p4,4p4,1s2.2s2.2p6.3s2.3p6.3d10.4s2.4p4,3P<2>,"4p-2.4p+ (0,3/2)*<3/2>",5450.0,60,theoretical,4,4p4
105,Db,72,33,As,[Ar].3d10.4s2.4p3,4p-2.4p+,1s2.2s2.2p6.3s2.3p6.3d10.4s2.4p3,"(0,3/2)*<3/2>",4p2 3P<0>,5530.0,70,theoretical,4,4p3
105,Db,73,32,Ge,[Ar].3d10.4s2.4p2,4p2,1s2.2s2.2p6.3s2.3p6.3d10.4s2.4p2,3P0,4p 2P*<1/2>,6280.0,90,theoretical,4,4p2
105,Db,74,31,Ga,[Ar].3d10.4s2.4p,4p,1s2.2s2.2p6.3s2.3p6.3d10.4s2.4p1,2P*<1/2>,4s2 1S<0>,6380.0,90,theoretical,4,4p1
105,Db,75,30,Zn,[Ar].3d10.4s2,4s2,1s2.2s2.2p6.3s2.3p6.3d10.4s2,1S0,4s 2S<1/2>,6650.0,100,theoretical,4,4s2
105,Db,76,29,Cu,[Ar].3d10.4s,4s,1s2.2s2.2p6.3s2.3p6.3d10.4s1,2S<1/2>,3d10 1S<0>,6760.0,110,theoretical,4,4s1
105,Db,77,28,Ni,[Ar].3d10,3d10,1s2.2s2.2p6.3s2.3p6.3d10,1S0,3d9 2D<5/2>,10420.0,120,theoretical,3,3d10
105,Db,78,27,Co,[Ar].3d9,3d9,1s2.2s2.2p6.3s2.3p6.3d9,2D<5/2>,3d8 3F<4>,10610.0,120,theoretical,3,3d9
105,Db,79,26,Fe,[Ar].3d8,3d8,1s2.2s2.2p6.3s2.3p6.3d8,3F<4>,3d7 4F<9/2>,10820.0,140,theoretical,3,3d8
105,Db,80,25,Mn,[Ar].3d7,3d7,1s2.2s2.2p6.3s2.3p6.3d7,4F<9/2>,"3d-4.3d+2 (0,4)<4>",11040.0,150,theoretical,3,3d7
105,Db,81,24,Cr,[Ar].3d6,3d-4.3d+2,1s2.2s2.2p6.3s2.3p6.3d6,"(0,4)<4>","3d-4.3d+ (0,5/2)<5/2>",11240.0,160,theoretical,3,3d6
105,Db,82,23,V,[Ar].3d5,3d-4.3d+,1s2.2s2.2p6.3s2.3p6.3d5,"(0,5/2)<5/2>",3d4 5D<0>,11440.0,170,theoretical,3,3d5
105,Db,83,22,Ti,[Ar].3d4,3d4,1s2.2s2.2p6.3s2.3p6.3d4,5D0,3d3 4F<3/2>,12040.0,190,theoretical,3,3d4
105,Db,84,21,Sc,[Ar].3d3,3d3,1s2.2s2.2p6.3s2.3p6.3d3,4F<3/2>,3d2 3F<2>,12250.0,200,theoretical,3,3d3
105,Db,85,20,Ca,[Ar].3d2,3d2,1s2.2s2.2p6.3s2.3p6.3d2,3F<2>,3d 2D<3/2>,12480.0,220,theoretical,3,3d2
105,Db,86,19,K,[Ar].3d,3d,1s2.2s2.2p6.3s2.3p6.3d1,2D<3/2>,3p6 1S<0>,12700.0,240,theoretical,3,3d1
105,Db,87,18,Ar,[Ne].3s2.3p6,3p6,1s2.2s2.2p6.3s2.3p6,1S0,3p5 2P*<3/2>,13300.0,250,theoretical,3,3p6
105,Db,88,17,Cl,[Ne].3s2.3p5,3p5,1s2.2s2.2p6.3s2.3p5,2P*<3/2>,3p4 3P<2>,13500.0,300,theoretical,3,3p5
105,Db,89,16,S,[Ne].3s2.3p4,3p4,1s2.2s2.2p6.3s2.3p4,3P<2>,3p3 2P*<3/2>,13700.0,300,theoretical,3,3p4
105,Db,90,15,P,[Ne].3s2.3p3,3p3,1s2.2s2.2p6.3s2.3p3,2P*<3/2>,3p2 3P<0>,13900.0,300,theoretical,3,3p3
105,Db,91,14,Si,[Ne].3s2.3p2,3p2,1s2.2s2.2p6.3s2.3p2,3P0,3p 2P*<1/2>,16200.0,300,theoretical,3,3p2
105,Db,92,13,Al,[Ne].3s2.3p,3p,1s2.2s2.2p6.3s2.3p1,2P*<1/2>,3s2 1S<0>,16400.0,400,theoretical,3,3p1
105,Db,93,12,Mg,[Ne].3s2,3s2,1s2.2s2.2p6.3s2,1S0,3s 2S<1/2>,16900.0,400,theoretical,3,3s2
105,Db,94,11,Na,[Ne].3s,3s,1s2.2s2.2p6.3s1,2S<1/2>,2p6 1S<0>,17100.0,400,theoretical,3,3s1
105,Db,95,10,Ne,1s2.2s2.2p6,2p6,1s2.2s2.2p6,1S0,2p5 2P*<3/2>,33800.0,400,theoretical,2,2p6
105,Db,96,9,F,1s2.2s2.2p5,2p5,1s2.2s2.2p5,2P*<3/2>,2p4 3P<2>,34300.0,400,theoretical,2,2p5
105,Db,97,8,O,1s2.2s2.2p4,2p4,1s2.2s2.2p4,3P<2>,"2p2<1/2>.2p<3/2> (0,3/2)*<3/2>",34800.0,400,theoretical,2,2p4
105,Db,98,7,N,1s2.2s2.2p3,2p2<1/2>.2p<3/2>,1s2.2s2.2p3,"(0,3/2)*<3/2>",2p2 3P<0>,35300.0,500,theoretical,2,2p3
105,Db,99,6,C,1s2.2s2.2p2,2p2,1s2.2s2.2p2,3P0,2p 2P*<1/2>,43800.0,500,theoretical,2,2p2
105,Db,100,5,B,1s2.2s2.2p,2p,1s2.2s2.2p1,2P*<1/2>,2s2 1S<0>,44500.0,500,theoretical,2,2p1
105,Db,101,4,Be,1s2.2s2,2s2,1s2.2s2,1S0,2s 2S<1/2>,45400.0,500,theoretical,2,2s2
105,Db,103,2,He,1s2,1s2,1s2,1S0,1s 2S<1/2>,178505.0,10,theoretical,1,1s2
105,Db,104,1,H,1s,1s,1s1,2S<1/2>,,181445.0,10,theoretical,1,1s1
106,Sg,0,106,Sg,[Rn].5f14.6d4.7s2,6d4.7s2,1s2.2s2.2p6.3s2.3p6.3d10.4s2.4p6.4d10.5s2.5p6.4f14.5d10.6s2.6p6.5f14.6d4.7s2,0,6d3.7s2 4F<3/2>,7.8,0.5,semi-empirical,7,7s2
106,Sg,1,105,Db,[Rn].5f14.6d3.7s2,6d3.7s2,1s2.2s2.2p6.3s2.3p6.3d10.4s2.4p6.4d10.5s2.5p6.4f14.5d10.6s2.6p6.5f14.6d3.7s2,4F<3/2>,6d3.7s <1>,17.1,0.5,semi-empirical,7,7s2
106,Sg,2,104,Rf,[Rn].5f14.6d3.7s,6d3.7s,1s2.2s2.2p6.3s2.3p6.3d10.4s2.4p6.4d10.5s2.5p6.4f14.5d10.6s2.6p6.5f14.6d3.7s1,<1>,6d3 <3/2>,25.8,0.5,semi-empirical,7,7s1
106,Sg,3,103,Lr,[Rn].5f14.6d3,6d3,1s2.2s2.2p6.3s2.3p6.3d10.4s2.4p6.4d10.5s2.5p6.4f14.5d10.6s2.6p6.5f14.6d3,<3/2>,6d2 <2>,35.5,0.5,semi-empirical,6,6d3
106,Sg,4,102,No,[Rn].5f14.6d2,6d2,1s2.2s2.2p6.3s2.3p6.3d10.4s2.4p6.4d10.5s2.5p6.4f14.5d10.6s2.6p6.5f14.6d2,<2>,5f14.6d 2D<3/2>,47.2,0.5,semi-empirical,6,6d2
106,Sg,5,101,Md,[Rn].5f14.6d,5f14.6d,1s2.2s2.2p6.3s2.3p6.3d10.4s2.4p6.4d10.5s2.5p6.4f14.5d10.6s2.6p6.5f14.6d1,2D<3/2>,5f14 1S<0>,59.3,0.5,semi-empirical,6,6d1
106,Sg,6,100,Fm,[Rn].5f14,5f14,1s2.2s2.2p6.3s2.3p6.3d10.4s2.4p6.4d10.5s2.5p6.4f14.5d10.6s2.6p6.5f14,1S0,5f13 2F*<7/2>,109.0,2.0,theoretical,6,5f14
106,Sg,7,99,Es,[Rn].5f13,5f13,1s2.2s2.2p6.3s2.3p6.3d10.4s2.4p6.4d10.5s2.5p6.4f14.5d10.6s2.6p6.5f13,2F*<7/2>,5f12 3H<6>,122.0,2.1,theoretical,6,5f13
106,Sg,8,98,Cf,[Rn].5f12,5f12,1s2.2s2.2p6.3s2.3p6.3d10.4s2.4p6.4d10.5s2.5p6.4f14.5d10.6s2.6p6.5f12,3H<6>,5f11 4I*<15/2>,152.0,2.2,theoretical,6,5f12
106,Sg,9,97,Bk,[Rn].5f11,5f11,1s2.2s2.2p6.3s2.3p6.3d10.4s2.4p6.4d10.5s2.5p6.4f14.5d10.6s2.6p6.5f11,4I*<15/2>,5f10 5I<8>,170.0,2.2,theoretical,6,5f11
106,Sg,10,96,Cm,[Rn].5f10,5f10,1s2.2s2.2p6.3s2.3p6.3d10.4s2.4p6.4d10.5s2.5p6.4f14.5d10.6s2.6p6.5f10,5I<8>,5f9 6H*<15/2>,200.0,2.4,theoretical,6,5f10
106,Sg,11,95,Am,[Rn].5f9,5f9,1s2.2s2.2p6.3s2.3p6.3d10.4s2.4p6.4d10.5s2.5p6.4f14.5d10.6s2.6p6.5f9,6H*<15/2>,5f8 7F<6>,224.0,2.5,theoretical,6,5f9
106,Sg,12,94,Pu,[Rn].5f8,5f8,1s2.2s2.2p6.3s2.3p6.3d10.4s2.4p6.4d10.5s2.5p6.4f14.5d10.6s2.6p6.5f8,7F<6>,5f7 8S*<7/2>,251.0,3,theoretical,6,5f8
106,Sg,13,93,Np,[Rn].5f7,5f7,1s2.2s2.2p6.3s2.3p6.3d10.4s2.4p6.4d10.5s2.5p6.4f14.5d10.6s2.6p6.5f7,8S*<7/2>,5f6 7F<0>,285.0,3,theoretical,6,5f7
106,Sg,14,92,U,[Rn].5f6,5f6,1s2.2s2.2p6.3s2.3p6.3d10.4s2.4p6.4d10.5s2.5p6.4f14.5d10.6s2.6p6.5f6,7F0,5f5 6H*<5/2>,306.0,3,theoretical,6,5f6
106,Sg,15,91,Pa,[Rn].5f5,5f5,1s2.2s2.2p6.3s2.3p6.3d10.4s2.4p6.4d10.5s2.5p6.4f14.5d10.6s2.6p6.5f5,6H*<5/2>,5f4 5I<4>,339.0,3,theoretical,6,5f5
106,Sg,28,78,Pt,[Xe].4f14.5d10,5d10,1s2.2s2.2p6.3s2.3p6.3d10.4s2.4p6.4d10.5s2.5p6.4f14.5d10,1S0,5d9 2D<5/2>,885.0,4,theoretical,5,5d10
106,Sg,29,77,Ir,[Xe].4f14.5d9,5d9,1s2.2s2.2p6.3s2.3p6.3d10.4s2.4p6.4d10.5s2.5p6.4f14.5d9,2D<5/2>,5d8 3F<4>,921.0,4,theoretical,5,5d9
106,Sg,30,76,Os,[Xe].4f14.5d8,5d8,1s2.2s2.2p6.3s2.3p6.3d10.4s2.4p6.4d10.5s2.5p6.4f14.5d8,3F<4>,5d7 4F<9/2>,958.0,4,theoretical,5,5d8
106,Sg,31,75,Re,[Xe].4f14.5d7,5d7,1s2.2s2.2p6.3s2.3p6.3d10.4s2.4p6.4d10.5s2.5p6.4f14.5d7,4F<9/2>,5d6 5D<4>,998.0,4,theoretical,5,5d7
106,Sg,32,74,W,[Xe].4f14.5d6,5d6,1s2.2s2.2p6.3s2.3p6.3d10.4s2.4p6.4d10.5s2.5p6.4f14.5d6,5D<4>,5d5 6S<5/2>,1036.0,4,theoretical,5,5d6
106,Sg,33,73,Ta,[Xe].4f14.5d5,5d5,1s2.2s2.2p6.3s2.3p6.3d10.4s2.4p6.4d10.5s2.5p6.4f14.5d5,6S<5/2>,5d4 5D<0>,1073.0,5,theoretical,5,5d5
106,Sg,34,72,Hf,[Xe].4f14.5d4,5d4,1s2.2s2.2p6.3s2.3p6.3d10.4s2.4p6.4d10.5s2.5p6.4f14.5d4,5D0,5d3 4F<3/2>,1143.0,5,theoretical,5,5d4
106,Sg,35,71,Lu,[Xe].4f14.5d3,5d3,1s2.2s2.2p6.3s2.3p6.3d10.4s2.4p6.4d10.5s2.5p6.4f14.5d3,4F<3/2>,5d2 3F<2>,1181.0,5,theoretical,5,5d3
106,Sg,36,70,Yb,[Xe].4f14.5d2,5d2,1s2.2s2.2p6.3s2.3p6.3d10.4s2.4p6.4d10.5s2.5p6.4f14.5d2,3F<2>,5d 2D<3/2>,1223.0,5,theoretical,5,5d2
106,Sg,37,69,Tm,[Xe].4f14.5d,5d,1s2.2s2.2p6.3s2.3p6.3d10.4s2.4p6.4d10.5s2.5p6.4f14.5d1,2D<3/2>,4f14 1S<0>,1263.0,4,theoretical,5,5d1
106,Sg,60,46,Pd,[Kr].4d10,4d10,1s2.2s2.2p6.3s2.3p6.3d10.4s2.4p6.4d10,1S0,4d9 2D<5/2>,4095.0,10,theoretical,4,4d10
106,Sg,61,45,Rh,[Kr].4d9,4d9,1s2.2s2.2p6.3s2.3p6.3d10.4s2.4p6.4d9,2D<5/2>,4d8 3F<4>,4178.0,12,theoretical,4,4d9
106,Sg,62,44,Ru,[Kr].4d8,4d8,1s2.2s2.2p6.3s2.3p6.3d10.4s2.4p6.4d8,3F<4>,4d7 4F<9/2>,4267.0,15,theoretical,4,4d8
106,Sg,63,43,Tc,[Kr].4d7,4d7,1s2.2s2.2p6.3s2.3p6.3d10.4s2.4p6.4d7,4F<9/2>,4d6 5D<4>,4360.0,19,theoretical,4,4d7
106,Sg,64,42,Mo,[Kr].4d6,4d6,1s2.2s2.2p6.3s2.3p6.3d10.4s2.4p6.4d6,5D<4>,"4d-4.4d+ (0,5/2)<5/2>",4450.0,24,theoretical,4,4d6
106,Sg,65,41,Nb,[Kr].4d5,4d-4.4d+,1s2.2s2.2p6.3s2.3p6.3d10.4s2.4p6.4d5,"(0,5/2)<5/2>",4d4 5D<0>,4540.0,30,theoretical,4,4d5
106,Sg,66,40,Zr,[Kr].4d4,4d4,1s2.2s2.2p6.3s2.3p6.3d10.4s2.4p6.4d4,5D0,4d3 4F<3/2>,4750.0,40,theoretical,4,4d4
106,Sg,67,39,Y,[Kr].4d3,4d3,1s2.2s2.2p6.3s2.3p6.3d10.4s2.4p6.4d3,4F<3/2>,4d2 3F<2>,4840.0,40,theoretical,4,4d3
106,Sg,68,38,Sr,[Kr].4d2,4d2,1s2.2s2.2p6.3s2.3p6.3d10.4s2.4p6.4d2,3F<2>,4d 2D<3/2>,4940.0,50,theoretical,4,4d2
106,Sg,69,37,Rb,[Kr].4d,4d,1s2.2s2.2p6.3s2.3p6.3d10.4s2.4p6.4d1,2D<3/2>,4p6 1S<0>,5030.0,50,theoretical,4,4d1
106,Sg,70,36,Kr,[Ar].3d10.4s2.4p6,4p6,1s2.2s2.2p6.3s2.3p6.3d10.4s2.4p6,1S0,4p5 2P*<3/2>,5410.0,60,theoretical,4,4p6
106,Sg,71,35,Br,[Ar].3d10.4s2.4p5,4p5,1s2.2s2.2p6.3s2.3p6.3d10.4s2.4p5,2P*<3/2>,4p4 3P<2>,5490.0,60,theoretical,4,4p5
106,Sg,72,34,Se,[Ar].3d10.4s2.4p4,4p4,1s2.2s2.2p6.3s2.3p6.3d10.4s2.4p4,3P<2>,"4p-2.4p+ (0,3/2)*<3/2>",5590.0,70,theoretical,4,4p4
106,Sg,73,33,As,[Ar].3d10.4s2.4p3,4p-2.4p+,1s2.2s2.2p6.3s2.3p6.3d10.4s2.4p3,"(0,3/2)*<3/2>",4p2 3P<0>,5680.0,90,theoretical,4,4p3
106,Sg,74,32,Ge,[Ar].3d10.4s2.4p2,4p2,1s2.2s2.2p6.3s2.3p6.3d10.4s2.4p2,3P0,4p 2P*<1/2>,6460.0,90,theoretical,4,4p2
106,Sg,75,31,Ga,[Ar].3d10.4s2.4p,4p,1s2.2s2.2p6.3s2.3p6.3d10.4s2.4p1,2P*<1/2>,4s2 1S<0>,6570.0,100,theoretical,4,4p1
106,Sg,76,30,Zn,[Ar].3d10.4s2,4s2,1s2.2s2.2p6.3s2.3p6.3d10.4s2,1S0,4s 2S<1/2>,6840.0,110,theoretical,4,4s2
106,Sg,77,29,Cu,[Ar].3d10.4s,4s,1s2.2s2.2p6.3s2.3p6.3d10.4s1,2S<1/2>,3d10 1S<0>,6950.0,120,theoretical,4,4s1
106,Sg,78,28,Ni,[Ar].3d10,3d10,1s2.2s2.2p6.3s2.3p6.3d10,1S0,3d9 2D<5/2>,10680.0,120,theoretical,3,3d10
106,Sg,79,27,Co,[Ar].3d9,3d9,1s2.2s2.2p6.3s2.3p6.3d9,2D<5/2>,3d8 3F<4>,10870.0,140,theoretical,3,3d9
106,Sg,80,26,Fe,[Ar].3d8,3d8,1s2.2s2.2p6.3s2.3p6.3d8,3F<4>,3d7 4F<9/2>,11080.0,150,theoretical,3,3d8
106,Sg,81,25,Mn,[Ar].3d7,3d7,1s2.2s2.2p6.3s2.3p6.3d7,4F<9/2>,"3d-4.3d+2 (0,4)<4>",11300.0,160,theoretical,3,3d7
106,Sg,82,24,Cr,[Ar].3d6,3d-4.3d+2,1s2.2s2.2p6.3s2.3p6.3d6,"(0,4)<4>","3d-4.3d+ (0,5/2)<5/2>",11510.0,170,theoretical,3,3d6
106,Sg,83,23,V,[Ar].3d5,3d-4.3d+,1s2.2s2.2p6.3s2.3p6.3d5,"(0,5/2)<5/2>",3d4 5D<0>,11710.0,190,theoretical,3,3d5
106,Sg,84,22,Ti,[Ar].3d4,3d4,1s2.2s2.2p6.3s2.3p6.3d4,5D0,3d3 4F<3/2>,12320.0,200,theoretical,3,3d4
106,Sg,85,21,Sc,[Ar].3d3,3d3,1s2.2s2.2p6.3s2.3p6.3d3,4F<3/2>,3d2 3F<2>,12540.0,220,theoretical,3,3d3
106,Sg,86,20,Ca,[Ar].3d2,3d2,1s2.2s2.2p6.3s2.3p6.3d2,3F<2>,3d 2D<3/2>,12780.0,240,theoretical,3,3d2
106,Sg,87,19,K,[Ar].3d,3d,1s2.2s2.2p6.3s2.3p6.3d1,2D<3/2>,3p6 1S<0>,12990.0,250,theoretical,3,3d1
106,Sg,88,18,Ar,[Ne].3s2.3p6,3p6,1s2.2s2.2p6.3s2.3p6,1S0,3p5 2P*<3/2>,13600.0,300,theoretical,3,3p6
106,Sg,89,17,Cl,[Ne].3s2.3p5,3p5,1s2.2s2.2p6.3s2.3p5,2P*<3/2>,3p4 3P<2>,13800.0,300,theoretical,3,3p5
106,Sg,90,16,S,[Ne].3s2.3p4,3p4,1s2.2s2.2p6.3s2.3p4,3P<2>,3p3 2P*<3/2>,14000.0,300,theoretical,3,3p4
106,Sg,91,15,P,[Ne].3s2.3p3,3p3,1s2.2s2.2p6.3s2.3p3,2P*<3/2>,3p2 3P<0>,14200.0,300,theoretical,3,3p3
106,Sg,92,14,Si,[Ne].3s2.3p2,3p2,1s2.2s2.2p6.3s2.3p2,3P0,3p 2P*<1/2>,16600.0,400,theoretical,3,3p2
106,Sg,93,13,Al,[Ne].3s2.3p,3p,1s2.2s2.2p6.3s2.3p1,2P*<1/2>,3s2 1S<0>,16800.0,400,theoretical,3,3p1
106,Sg,94,12,Mg,[Ne].3s2,3s2,1s2.2s2.2p6.3s2,1S0,3s 2S<1/2>,17300.0,400,theoretical,3,3s2
106,Sg,95,11,Na,[Ne].3s,3s,1s2.2s2.2p6.3s1,2S<1/2>,2p6 1S<0>,17500.0,400,theoretical,3,3s1
106,Sg,96,10,Ne,1s2.2s2.2p6,2p6,1s2.2s2.2p6,1S0,2p5 2P*<3/2>,34500.0,400,theoretical,2,2p6
106,Sg,97,9,F,1s2.2s2.2p5,2p5,1s2.2s2.2p5,2P*<3/2>,2p4 3P<2>,35000.0,400,theoretical,2,2p5
106,Sg,98,8,O,1s2.2s2.2p4,2p4,1s2.2s2.2p4,3P<2>,"2p2<1/2>.2p<3/2> (0,3/2)*<3/2>",35600.0,500,theoretical,2,2p4
106,Sg,99,7,N,1s2.2s2.2p3,2p2<1/2>.2p<3/2>,1s2.2s2.2p3,"(0,3/2)*<3/2>",2p2 3P<0>,36100.0,500,theoretical,2,2p3
106,Sg,100,6,C,1s2.2s2.2p2,2p2,1s2.2s2.2p2,3P0,2p 2P*<1/2>,44900.0,500,theoretical,2,2p2
106,Sg,101,5,B,1s2.2s2.2p,2p,1s2.2s2.2p1,2P*<1/2>,2s2 1S<0>,45700.0,500,theoretical,2,2p1
106,Sg,102,4,Be,1s2.2s2,2s2,1s2.2s2,1S0,2s 2S<1/2>,46600.0,500,theoretical,2,2s2
106,Sg,104,2,He,1s2,1s2,1s2,1S0,1s 2S<1/2>,182833.0,11,theoretical,1,1s2
106,Sg,105,1,H,1s,1s,1s1,2S<1/2>,,185835.0,11,theoretical,1,1s1
107,Bh,0,107,Bh,[Rn].5f14.6d5.7s2,6d5.7s2,1s2.2s2.2p6.3s2.3p6.3d10.4s2.4p6.4d10.5s2.5p6.4f14.5d10.6s2.6p6.5f14.6d5.7s2,<5/2>,6d4.7s2 <0>,7.7,0.5,semi-empirical,7,7s2
107,Bh,1,106,Sg,[Rn].5f14.6d4.7s2,6d4.7s2,1s2.2s2.2p6.3s2.3p6.3d10.4s2.4p6.4d10.5s2.5p6.4f14.5d10.6s2.6p6.5f14.6d4.7s2,0,6d4.7s <1/2>,17.5,0.5,semi-empirical,7,7s2
107,Bh,2,105,Db,[Rn].5f14.6d4.7s,6d4.7s,1s2.2s2.2p6.3s2.3p6.3d10.4s2.4p6.4d10.5s2.5p6.4f14.5d10.6s2.6p6.5f14.6d4.7s1,<1/2>,6d4 <0>,26.7,0.5,semi-empirical,7,7s1
107,Bh,3,104,Rf,[Rn].5f14.6d4,6d4,1s2.2s2.2p6.3s2.3p6.3d10.4s2.4p6.4d10.5s2.5p6.4f14.5d10.6s2.6p6.5f14.6d4,0,6d3 <3/2>,37.3,0.5,semi-empirical,6,6d4
107,Bh,4,103,Lr,[Rn].5f14.6d3,6d3,1s2.2s2.2p6.3s2.3p6.3d10.4s2.4p6.4d10.5s2.5p6.4f14.5d10.6s2.6p6.5f14.6d3,<3/2>,6d2 <2>,49.0,0.5,semi-empirical,6,6d3
107,Bh,5,102,No,[Rn].5f14.6d2,6d2,1s2.2s2.2p6.3s2.3p6.3d10.4s2.4p6.4d10.5s2.5p6.4f14.5d10.6s2.6p6.5f14.6d2,<2>,5f14.6d 2D<3/2>,62.1,0.5,semi-empirical,6,6d2
107,Bh,6,101,Md,[Rn].5f14.6d,5f14.6d,1s2.2s2.2p6.3s2.3p6.3d10.4s2.4p6.4d10.5s2.5p6.4f14.5d10.6s2.6p6.5f14.6d1,2D<3/2>,5f14 1S<0>,74.9,0.5,semi-empirical,6,6d1
107,Bh,7,100,Fm,[Rn].5f14,5f14,1s2.2s2.2p6.3s2.3p6.3d10.4s2.4p6.4d10.5s2.5p6.4f14.5d10.6s2.6p6.5f14,1S0,5f13 2F*<7/2>,134.0,2.1,theoretical,6,5f14
107,Bh,8,99,Es,[Rn].5f13,5f13,1s2.2s2.2p6.3s2.3p6.3d10.4s2.4p6.4d10.5s2.5p6.4f14.5d10.6s2.6p6.5f13,2F*<7/2>,5f12 3H<6>,148.0,2.2,theoretical,6,5f13
107,Bh,9,98,Cf,[Rn].5f12,5f12,1s2.2s2.2p6.3s2.3p6.3d10.4s2.4p6.4d10.5s2.5p6.4f14.5d10.6s2.6p6.5f12,3H<6>,5f11 4I*<15/2>,178.0,2.2,theoretical,6,5f12
107,Bh,10,97,Bk,[Rn].5f11,5f11,1s2.2s2.2p6.3s2.3p6.3d10.4s2.4p6.4d10.5s2.5p6.4f14.5d10.6s2.6p6.5f11,4I*<15/2>,5f10 5I<8>,198.0,2.4,theoretical,6,5f11
107,Bh,11,96,Cm,[Rn].5f10,5f10,1s2.2s2.2p6.3s2.3p6.3d10.4s2.4p6.4d10.5s2.5p6.4f14.5d10.6s2.6p6.5f10,5I<8>,5f9 6H*<15/2>,228.0,2.5,theoretical,6,5f10
107,Bh,12,95,Am,[Rn].5f9,5f9,1s2.2s2.2p6.3s2.3p6.3d10.4s2.4p6.4d10.5s2.5p6.4f14.5d10.6s2.6p6.5f9,6H*<15/2>,5f8 7F<6>,255.0,3,theoretical,6,5f9
107,Bh,13,94,Pu,[Rn].5f8,5f8,1s2.2s2.2p6.3s2.3p6.3d10.4s2.4p6.4d10.5s2.5p6.4f14.5d10.6s2.6p6.5f8,7F<6>,5f7 8S*<7/2>,281.0,3,theoretical,6,5f8
107,Bh,14,93,Np,[Rn].5f7,5f7,1s2.2s2.2p6.3s2.3p6.3d10.4s2.4p6.4d10.5s2.5p6.4f14.5d10.6s2.6p6.5f7,8S*<7/2>,5f6 7F<0>,318.0,3,theoretical,6,5f7
107,Bh,15,92,U,[Rn].5f6,5f6,1s2.2s2.2p6.3s2.3p6.3d10.4s2.4p6.4d10.5s2.5p6.4f14.5d10.6s2.6p6.5f6,7F0,5f5 6H*<5/2>,337.0,3,theoretical,6,5f6
107,Bh,16,91,Pa,[Rn].5f5,5f5,1s2.2s2.2p6.3s2.3p6.3d10.4s2.4p6.4d10.5s2.5p6.4f14.5d10.6s2.6p6.5f5,6H*<5/2>,5f4 5I<4>,374.0,3,theoretical,6,5f5
107,Bh,29,78,Pt,[Xe].4f14.5d10,5d10,1s2.2s2.2p6.3s2.3p6.3d10.4s2.4p6.4d10.5s2.5p6.4f14.5d10,1S0,5d9 2D<5/2>,934.0,4,theoretical,5,5d10
107,Bh,30,77,Ir,[Xe].4f14.5d9,5d9,1s2.2s2.2p6.3s2.3p6.3d10.4s2.4p6.4d10.5s2.5p6.4f14.5d9,2D<5/2>,5d8 3F<4>,969.0,4,theoretical,5,5d9
107,Bh,31,76,Os,[Xe].4f14.5d8,5d8,1s2.2s2.2p6.3s2.3p6.3d10.4s2.4p6.4d10.5s2.5p6.4f14.5d8,3F<4>,5d7 4F<9/2>,1008.0,4,theoretical,5,5d8
107,Bh,32,75,Re,[Xe].4f14.5d7,5d7,1s2.2s2.2p6.3s2.3p6.3d10.4s2.4p6.4d10.5s2.5p6.4f14.5d7,4F<9/2>,5d6 5D<4>,1049.0,4,theoretical,5,5d7
107,Bh,33,74,W,[Xe].4f14.5d6,5d6,1s2.2s2.2p6.3s2.3p6.3d10.4s2.4p6.4d10.5s2.5p6.4f14.5d6,5D<4>,5d5 6S<5/2>,1088.0,5,theoretical,5,5d6
107,Bh,34,73,Ta,[Xe].4f14.5d5,5d5,1s2.2s2.2p6.3s2.3p6.3d10.4s2.4p6.4d10.5s2.5p6.4f14.5d5,6S<5/2>,5d4 5D<0>,1126.0,5,theoretical,5,5d5
107,Bh,35,72,Hf,[Xe].4f14.5d4,5d4,1s2.2s2.2p6.3s2.3p6.3d10.4s2.4p6.4d10.5s2.5p6.4f14.5d4,5D0,5d3 4F<3/2>,1197.0,5,theoretical,5,5d4
107,Bh,36,71,Lu,[Xe].4f14.5d3,5d3,1s2.2s2.2p6.3s2.3p6.3d10.4s2.4p6.4d10.5s2.5p6.4f14.5d3,4F<3/2>,5d2 3F<2>,1237.0,5,theoretical,5,5d3
107,Bh,37,70,Yb,[Xe].4f14.5d2,5d2,1s2.2s2.2p6.3s2.3p6.3d10.4s2.4p6.4d10.5s2.5p6.4f14.5d2,3F<2>,5d 2D<3/2>,1280.0,4,theoretical,5,5d2
107,Bh,38,69,Tm,[Xe].4f14.5d,5d,1s2.2s2.2p6.3s2.3p6.3d10.4s2.4p6.4d10.5s2.5p6.4f14.5d1,2D<3/2>,4f14 1S<0>,1320.0,4,theoretical,5,5d1
107,Bh,61,46,Pd,[Kr].4d10,4d10,1s2.2s2.2p6.3s2.3p6.3d10.4s2.4p6.4d10,1S0,4d9 2D<5/2>,4216.0,12,theoretical,4,4d10
107,Bh,62,45,Rh,[Kr].4d9,4d9,1s2.2s2.2p6.3s2.3p6.3d10.4s2.4p6.4d9,2D<5/2>,4d8 3F<4>,4301.0,15,theoretical,4,4d9
107,Bh,63,44,Ru,[Kr].4d8,4d8,1s2.2s2.2p6.3s2.3p6.3d10.4s2.4p6.4d8,3F<4>,4d7 4F<9/2>,4390.0,19,theoretical,4,4d8
107,Bh,64,43,Tc,[Kr].4d7,4d7,1s2.2s2.2p6.3s2.3p6.3d10.4s2.4p6.4d7,4F<9/2>,4d6 5D<4>,4486.0,24,theoretical,4,4d7
107,Bh,65,42,Mo,[Kr].4d6,4d6,1s2.2s2.2p6.3s2.3p6.3d10.4s2.4p6.4d6,5D<4>,"4d-4.4d+ (0,5/2)<5/2>",4580.0,30,theoretical,4,4d6
107,Bh,66,41,Nb,[Kr].4d5,4d-4.4d+,1s2.2s2.2p6.3s2.3p6.3d10.4s2.4p6.4d5,"(0,5/2)<5/2>",4d4 5D<0>,4660.0,40,theoretical,4,4d5
107,Bh,67,40,Zr,[Kr].4d4,4d4,1s2.2s2.2p6.3s2.3p6.3d10.4s2.4p6.4d4,5D0,4d3 4F<3/2>,4890.0,40,theoretical,4,4d4
107,Bh,68,39,Y,[Kr].4d3,4d3,1s2.2s2.2p6.3s2.3p6.3d10.4s2.4p6.4d3,4F<3/2>,4d2 3F<2>,4980.0,50,theoretical,4,4d3
107,Bh,69,38,Sr,[Kr].4d2,4d2,1s2.2s2.2p6.3s2.3p6.3d10.4s2.4p6.4d2,3F<2>,4d 2D<3/2>,5080.0,50,theoretical,4,4d2
107,Bh,70,37,Rb,[Kr].4d,4d,1s2.2s2.2p6.3s2.3p6.3d10.4s2.4p6.4d1,2D<3/2>,4p6 1S<0>,5170.0,60,theoretical,4,4d1
107,Bh,71,36,Kr,[Ar].3d10.4s2.4p6,4p6,1s2.2s2.2p6.3s2.3p6.3d10.4s2.4p6,1S0,4p5 2P*<3/2>,5550.0,60,theoretical,4,4p6
107,Bh,72,35,Br,[Ar].3d10.4s2.4p5,4p5,1s2.2s2.2p6.3s2.3p6.3d10.4s2.4p5,2P*<3/2>,4p4 3P<2>,5640.0,70,theoretical,4,4p5
107,Bh,73,34,Se,[Ar].3d10.4s2.4p4,4p4,1s2.2s2.2p6.3s2.3p6.3d10.4s2.4p4,3P<2>,"4p-2.4p+ (0,3/2)*<3/2>",5740.0,90,theoretical,4,4p4
107,Bh,74,33,As,[Ar].3d10.4s2.4p3,4p-2.4p+,1s2.2s2.2p6.3s2.3p6.3d10.4s2.4p3,"(0,3/2)*<3/2>",4p2 3P<0>,5830.0,90,theoretical,4,4p3
107,Bh,75,32,Ge,[Ar].3d10.4s2.4p2,4p2,1s2.2s2.2p6.3s2.3p6.3d10.4s2.4p2,3P0,4p 2P*<1/2>,6650.0,100,theoretical,4,4p2
107,Bh,76,31,Ga,[Ar].3d10.4s2.4p,4p,1s2.2s2.2p6.3s2.3p6.3d10.4s2.4p1,2P*<1/2>,4s2 1S<0>,6760.0,110,theoretical,4,4p1
107,Bh,77,30,Zn,[Ar].3d10.4s2,4s2,1s2.2s2.2p6.3s2.3p6.3d10.4s2,1S0,4s 2S<1/2>,7040.0,120,theoretical,4,4s2
107,Bh,78,29,Cu,[Ar].3d10.4s,4s,1s2.2s2.2p6.3s2.3p6.3d10.4s1,2S<1/2>,3d10 1S<0>,7140.0,120,theoretical,4,4s1
107,Bh,79,28,Ni,[Ar].3d10,3d10,1s2.2s2.2p6.3s2.3p6.3d10,1S0,3d9 2D<5/2>,10930.0,140,theoretical,3,3d10
107,Bh,80,27,Co,[Ar].3d9,3d9,1s2.2s2.2p6.3s2.3p6.3d9,2D<5/2>,3d8 3F<4>,11130.0,150,theoretical,3,3d9
107,Bh,81,26,Fe,[Ar].3d8,3d8,1s2.2s2.2p6.3s2.3p6.3d8,3F<4>,3d7 4F<9/2>,11340.0,160,theoretical,3,3d8
107,Bh,82,25,Mn,[Ar].3d7,3d7,1s2.2s2.2p6.3s2.3p6.3d7,4F<9/2>,"3d-4.3d+2 (0,4)<4>",11560.0,170,theoretical,3,3d7
107,Bh,83,24,Cr,[Ar].3d6,3d-4.3d+2,1s2.2s2.2p6.3s2.3p6.3d6,"(0,4)<4>","3d-4.3d+ (0,5/2)<5/2>",11780.0,190,theoretical,3,3d6
107,Bh,84,23,V,[Ar].3d5,3d-4.3d+,1s2.2s2.2p6.3s2.3p6.3d5,"(0,5/2)<5/2>",3d4 5D<0>,11980.0,200,theoretical,3,3d5
107,Bh,85,22,Ti,[Ar].3d4,3d4,1s2.2s2.2p6.3s2.3p6.3d4,5D0,3d3 4F<3/2>,12610.0,220,theoretical,3,3d4
107,Bh,86,21,Sc,[Ar].3d3,3d3,1s2.2s2.2p6.3s2.3p6.3d3,4F<3/2>,3d2 3F<2>,12830.0,240,theoretical,3,3d3
107,Bh,87,20,Ca,[Ar].3d2,3d2,1s2.2s2.2p6.3s2.3p6.3d2,3F<2>,3d 2D<3/2>,13070.0,250,theoretical,3,3d2
107,Bh,88,19,K,[Ar].3d,3d,1s2.2s2.2p6.3s2.3p6.3d1,2D<3/2>,3p6 1S<0>,13300.0,300,theoretical,3,3d1
107,Bh,89,18,Ar,[Ne].3s2.3p6,3p6,1s2.2s2.2p6.3s2.3p6,1S0,3p5 2P*<3/2>,13900.0,300,theoretical,3,3p6
107,Bh,90,17,Cl,[Ne].3s2.3p5,3p5,1s2.2s2.2p6.3s2.3p5,2P*<3/2>,3p4 3P<2>,14100.0,300,theoretical,3,3p5
107,Bh,91,16,S,[Ne].3s2.3p4,3p4,1s2.2s2.2p6.3s2.3p4,3P<2>,3p3 2P*<3/2>,14300.0,300,theoretical,3,3p4
107,Bh,92,15,P,[Ne].3s2.3p3,3p3,1s2.2s2.2p6.3s2.3p3,2P*<3/2>,3p2 3P<0>,14500.0,400,theoretical,3,3p3
107,Bh,93,14,Si,[Ne].3s2.3p2,3p2,1s2.2s2.2p6.3s2.3p2,3P0,3p 2P*<1/2>,17000.0,400,theoretical,3,3p2
107,Bh,94,13,Al,[Ne].3s2.3p,3p,1s2.2s2.2p6.3s2.3p1,2P*<1/2>,3s2 1S<0>,17300.0,400,theoretical,3,3p1
107,Bh,95,12,Mg,[Ne].3s2,3s2,1s2.2s2.2p6.3s2,1S0,3s 2S<1/2>,17700.0,400,theoretical,3,3s2
107,Bh,96,11,Na,[Ne].3s,3s,1s2.2s2.2p6.3s1,2S<1/2>,2p6 1S<0>,18000.0,400,theoretical,3,3s1
107,Bh,97,10,Ne,1s2.2s2.2p6,2p6,1s2.2s2.2p6,1S0,2p5 2P*<3/2>,35200.0,400,theoretical,2,2p6
107,Bh,98,9,F,1s2.2s2.2p5,2p5,1s2.2s2.2p5,2P*<3/2>,2p4 3P<2>,35700.0,500,theoretical,2,2p5
107,Bh,99,8,O,1s2.2s2.2p4,2p4,1s2.2s2.2p4,3P<2>,"2p2<1/2>.2p<3/2> (0,3/2)*<3/2>",36300.0,500,theoretical,2,2p4
107,Bh,100,7,N,1s2.2s2.2p3,2p2<1/2>.2p<3/2>,1s2.2s2.2p3,"(0,3/2)*<3/2>",2p2 3P<0>,36800.0,500,theoretical,2,2p3
107,Bh,101,6,C,1s2.2s2.2p2,2p2,1s2.2s2.2p2,3P0,2p 2P*<1/2>,46100.0,500,theoretical,2,2p2
107,Bh,102,5,B,1s2.2s2.2p,2p,1s2.2s2.2p1,2P*<1/2>,2s2 1S<0>,46900.0,500,theoretical,2,2p1
107,Bh,103,4,Be,1s2.2s2,2s2,1s2.2s2,1S0,2s 2S<1/2>,47800.0,500,theoretical,2,2s2
107,Bh,105,2,He,1s2,1s2,1s2,1S0,1s 2S<1/2>,187260.0,12,theoretical,1,1s2
107,Bh,106,1,H,1s,1s,1s1,2S<1/2>,,190329.0,12,theoretical,1,1s1
108,Hs,0,108,Hs,[Rn].5f14.6d6.7s2,6d6.7s2,1s2.2s2.2p6.3s2.3p6.3d10.4s2.4p6.4d10.5s2.5p6.4f14.5d10.6s2.6p6.5f14.6d6.7s2,<4>,6d5.7s2 <5/2>,7.6,0.5,semi-empirical,7,7s2
108,Hs,1,107,Bh,[Rn].5f14.6d5.7s2,6d5.7s2,1s2.2s2.2p6.3s2.3p6.3d10.4s2.4p6.4d10.5s2.5p6.4f14.5d10.6s2.6p6.5f14.6d5.7s2,<5/2>,6d5.7s <3>,18.2,0.5,semi-empirical,7,7s2
108,Hs,2,106,Sg,[Rn].5f14.6d5.7s,6d5.7s,1s2.2s2.2p6.3s2.3p6.3d10.4s2.4p6.4d10.5s2.5p6.4f14.5d10.6s2.6p6.5f14.6d5.7s1,<3>,6d4.7s <1/2>,29.3,0.5,semi-empirical,7,7s1
108,Hs,3,105,Db,[Rn].5f14.6d4.7s,6d4.7s,1s2.2s2.2p6.3s2.3p6.3d10.4s2.4p6.4d10.5s2.5p6.4f14.5d10.6s2.6p6.5f14.6d4.7s1,<1/2>,6d4 <0>,37.7,0.5,semi-empirical,7,7s1
108,Hs,4,104,Rf,[Rn].5f14.6d4,6d4,1s2.2s2.2p6.3s2.3p6.3d10.4s2.4p6.4d10.5s2.5p6.4f14.5d10.6s2.6p6.5f14.6d4,0,6d3 <3/2>,51.2,0.5,semi-empirical,6,6d4
108,Hs,5,103,Lr,[Rn].5f14.6d3,6d3,1s2.2s2.2p6.3s2.3p6.3d10.4s2.4p6.4d10.5s2.5p6.4f14.5d10.6s2.6p6.5f14.6d3,<3/2>,6d2 <2>,64.0,0.5,semi-empirical,6,6d3
108,Hs,6,102,No,[Rn].5f14.6d2,6d2,1s2.2s2.2p6.3s2.3p6.3d10.4s2.4p6.4d10.5s2.5p6.4f14.5d10.6s2.6p6.5f14.6d2,<2>,5f14.6d 2D<3/2>,78.1,0.5,semi-empirical,6,6d2
108,Hs,7,101,Md,[Rn].5f14.6d,5f14.6d,1s2.2s2.2p6.3s2.3p6.3d10.4s2.4p6.4d10.5s2.5p6.4f14.5d10.6s2.6p6.5f14.6d1,2D<3/2>,5f14 1S<0>,91.7,0.5,semi-empirical,6,6d1
108,Hs,8,100,Fm,[Rn].5f14,5f14,1s2.2s2.2p6.3s2.3p6.3d10.4s2.4p6.4d10.5s2.5p6.4f14.5d10.6s2.6p6.5f14,1S0,5f13 2F*<7/2>,159.9,2.2,theoretical,6,5f14
108,Hs,9,99,Es,[Rn].5f13,5f13,1s2.2s2.2p6.3s2.3p6.3d10.4s2.4p6.4d10.5s2.5p6.4f14.5d10.6s2.6p6.5f13,2F*<7/2>,5f12 3H<6>,173.9,2.2,theoretical,6,5f13
108,Hs,10,98,Cf,[Rn].5f12,5f12,1s2.2s2.2p6.3s2.3p6.3d10.4s2.4p6.4d10.5s2.5p6.4f14.5d10.6s2.6p6.5f12,3H<6>,5f11 4I*<15/2>,206.1,2.4,theoretical,6,5f12
108,Hs,11,97,Bk,[Rn].5f11,5f11,1s2.2s2.2p6.3s2.3p6.3d10.4s2.4p6.4d10.5s2.5p6.4f14.5d10.6s2.6p6.5f11,4I*<15/2>,5f10 5I<8>,227.0,2.5,theoretical,6,5f11
108,Hs,12,96,Cm,[Rn].5f10,5f10,1s2.2s2.2p6.3s2.3p6.3d10.4s2.4p6.4d10.5s2.5p6.4f14.5d10.6s2.6p6.5f10,5I<8>,5f9 6H*<15/2>,258.0,3,theoretical,6,5f10
108,Hs,13,95,Am,[Rn].5f9,5f9,1s2.2s2.2p6.3s2.3p6.3d10.4s2.4p6.4d10.5s2.5p6.4f14.5d10.6s2.6p6.5f9,6H*<15/2>,5f8 7F<6>,285.0,3,theoretical,6,5f9
108,Hs,14,94,Pu,[Rn].5f8,5f8,1s2.2s2.2p6.3s2.3p6.3d10.4s2.4p6.4d10.5s2.5p6.4f14.5d10.6s2.6p6.5f8,7F<6>,5f7 8S*<7/2>,314.0,3,theoretical,6,5f8
108,Hs,15,93,Np,[Rn].5f7,5f7,1s2.2s2.2p6.3s2.3p6.3d10.4s2.4p6.4d10.5s2.5p6.4f14.5d10.6s2.6p6.5f7,8S*<7/2>,5f6 7F<0>,351.0,3,theoretical,6,5f7
108,Hs,16,92,U,[Rn].5f6,5f6,1s2.2s2.2p6.3s2.3p6.3d10.4s2.4p6.4d10.5s2.5p6.4f14.5d10.6s2.6p6.5f6,7F0,5f5 6H*<5/2>,371.0,3,theoretical,6,5f6
108,Hs,17,91,Pa,[Rn].5f5,5f5,1s2.2s2.2p6.3s2.3p6.3d10.4s2.4p6.4d10.5s2.5p6.4f14.5d10.6s2.6p6.5f5,6H*<5/2>,5f4 5I<4>,409.0,3,theoretical,6,5f5
108,Hs,30,78,Pt,[Xe].4f14.5d10,5d10,1s2.2s2.2p6.3s2.3p6.3d10.4s2.4p6.4d10.5s2.5p6.4f14.5d10,1S0,5d9 2D<5/2>,984.0,4,theoretical,5,5d10
108,Hs,31,77,Ir,[Xe].4f14.5d9,5d9,1s2.2s2.2p6.3s2.3p6.3d10.4s2.4p6.4d10.5s2.5p6.4f14.5d9,2D<5/2>,5d8 3F<4>,1020.0,4,theoretical,5,5d9
108,Hs,32,76,Os,[Xe].4f14.5d8,5d8,1s2.2s2.2p6.3s2.3p6.3d10.4s2.4p6.4d10.5s2.5p6.4f14.5d8,3F<4>,5d7 4F<9/2>,1060.0,4,theoretical,5,5d8
108,Hs,33,75,Re,[Xe].4f14.5d7,5d7,1s2.2s2.2p6.3s2.3p6.3d10.4s2.4p6.4d10.5s2.5p6.4f14.5d7,4F<9/2>,5d6 5D<4>,1101.0,5,theoretical,5,5d7
108,Hs,34,74,W,[Xe].4f14.5d6,5d6,1s2.2s2.2p6.3s2.3p6.3d10.4s2.4p6.4d10.5s2.5p6.4f14.5d6,5D<4>,5d5 6S<5/2>,1140.0,5,theoretical,5,5d6
108,Hs,35,73,Ta,[Xe].4f14.5d5,5d5,1s2.2s2.2p6.3s2.3p6.3d10.4s2.4p6.4d10.5s2.5p6.4f14.5d5,6S<5/2>,5d4 5D<0>,1180.0,5,theoretical,5,5d5
108,Hs,36,72,Hf,[Xe].4f14.5d4,5d4,1s2.2s2.2p6.3s2.3p6.3d10.4s2.4p6.4d10.5s2.5p6.4f14.5d4,5D0,5d3 4F<3/2>,1253.0,5,theoretical,5,5d4
108,Hs,37,71,Lu,[Xe].4f14.5d3,5d3,1s2.2s2.2p6.3s2.3p6.3d10.4s2.4p6.4d10.5s2.5p6.4f14.5d3,4F<3/2>,5d2 3F<2>,1294.0,4,theoretical,5,5d3
108,Hs,38,70,Yb,[Xe].4f14.5d2,5d2,1s2.2s2.2p6.3s2.3p6.3d10.4s2.4p6.4d10.5s2.5p6.4f14.5d2,3F<2>,5d 2D<3/2>,1338.0,4,theoretical,5,5d2
108,Hs,39,69,Tm,[Xe].4f14.5d,5d,1s2.2s2.2p6.3s2.3p6.3d10.4s2.4p6.4d10.5s2.5p6.4f14.5d1,2D<3/2>,4f14 1S<0>,1379.0,4,theoretical,5,5d1
108,Hs,62,46,Pd,[Kr].4d10,4d10,1s2.2s2.2p6.3s2.3p6.3d10.4s2.4p6.4d10,1S0,4d9 2D<5/2>,4339.0,15,theoretical,4,4d10
108,Hs,63,45,Rh,[Kr].4d9,4d9,1s2.2s2.2p6.3s2.3p6.3d10.4s2.4p6.4d9,2D<5/2>,4d8 3F<4>,4425.0,19,theoretical,4,4d9
108,Hs,64,44,Ru,[Kr].4d8,4d8,1s2.2s2.2p6.3s2.3p6.3d10.4s2.4p6.4d8,3F<4>,4d7 4F<9/2>,4516.0,24,theoretical,4,4d8
108,Hs,65,43,Tc,[Kr].4d7,4d7,1s2.2s2.2p6.3s2.3p6.3d10.4s2.4p6.4d7,4F<9/2>,4d6 5D<4>,4610.0,30,theoretical,4,4d7
108,Hs,66,42,Mo,[Kr].4d6,4d6,1s2.2s2.2p6.3s2.3p6.3d10.4s2.4p6.4d6,5D<4>,"4d-4.4d+ (0,5/2)<5/2>",4700.0,40,theoretical,4,4d6
108,Hs,67,41,Nb,[Kr].4d5,4d-4.4d+,1s2.2s2.2p6.3s2.3p6.3d10.4s2.4p6.4d5,"(0,5/2)<5/2>",4d4 5D<0>,4790.0,40,theoretical,4,4d5
108,Hs,68,40,Zr,[Kr].4d4,4d4,1s2.2s2.2p6.3s2.3p6.3d10.4s2.4p6.4d4,5D0,4d3 4F<3/2>,5020.0,50,theoretical,4,4d4
108,Hs,69,39,Y,[Kr].4d3,4d3,1s2.2s2.2p6.3s2.3p6.3d10.4s2.4p6.4d3,4F<3/2>,4d2 3F<2>,5110.0,50,theoretical,4,4d3
108,Hs,70,38,Sr,[Kr].4d2,4d2,1s2.2s2.2p6.3s2.3p6.3d10.4s2.4p6.4d2,3F<2>,4d 2D<3/2>,5220.0,60,theoretical,4,4d2
108,Hs,71,37,Rb,[Kr].4d,4d,1s2.2s2.2p6.3s2.3p6.3d10.4s2.4p6.4d1,2D<3/2>,4p6 1S<0>,5310.0,60,theoretical,4,4d1
108,Hs,72,36,Kr,[Ar].3d10.4s2.4p6,4p6,1s2.2s2.2p6.3s2.3p6.3d10.4s2.4p6,1S0,4p5 2P*<3/2>,5700.0,70,theoretical,4,4p6
108,Hs,73,35,Br,[Ar].3d10.4s2.4p5,4p5,1s2.2s2.2p6.3s2.3p6.3d10.4s2.4p5,2P*<3/2>,4p4 3P<2>,5780.0,90,theoretical,4,4p5
108,Hs,74,34,Se,[Ar].3d10.4s2.4p4,4p4,1s2.2s2.2p6.3s2.3p6.3d10.4s2.4p4,3P<2>,"4p-2.4p+ (0,3/2)*<3/2>",5880.0,90,theoretical,4,4p4
108,Hs,75,33,As,[Ar].3d10.4s2.4p3,4p-2.4p+,1s2.2s2.2p6.3s2.3p6.3d10.4s2.4p3,"(0,3/2)*<3/2>",4p2 3P<0>,5980.0,100,theoretical,4,4p3
108,Hs,76,32,Ge,[Ar].3d10.4s2.4p2,4p2,1s2.2s2.2p6.3s2.3p6.3d10.4s2.4p2,3P0,4p 2P*<1/2>,6840.0,110,theoretical,4,4p2
108,Hs,77,31,Ga,[Ar].3d10.4s2.4p,4p,1s2.2s2.2p6.3s2.3p6.3d10.4s2.4p1,2P*<1/2>,4s2 1S<0>,6950.0,120,theoretical,4,4p1
108,Hs,78,30,Zn,[Ar].3d10.4s2,4s2,1s2.2s2.2p6.3s2.3p6.3d10.4s2,1S0,4s 2S<1/2>,7230.0,120,theoretical,4,4s2
108,Hs,79,29,Cu,[Ar].3d10.4s,4s,1s2.2s2.2p6.3s2.3p6.3d10.4s1,2S<1/2>,3d10 1S<0>,7340.0,140,theoretical,4,4s1
108,Hs,80,28,Ni,[Ar].3d10,3d10,1s2.2s2.2p6.3s2.3p6.3d10,1S0,3d9 2D<5/2>,11200.0,150,theoretical,3,3d10
108,Hs,81,27,Co,[Ar].3d9,3d9,1s2.2s2.2p6.3s2.3p6.3d9,2D<5/2>,3d8 3F<4>,11390.0,160,theoretical,3,3d9
108,Hs,82,26,Fe,[Ar].3d8,3d8,1s2.2s2.2p6.3s2.3p6.3d8,3F<4>,3d7 4F<9/2>,11610.0,170,theoretical,3,3d8
108,Hs,83,25,Mn,[Ar].3d7,3d7,1s2.2s2.2p6.3s2.3p6.3d7,4F<9/2>,"3d-4.3d+2 (0,4)<4>",11830.0,190,theoretical,3,3d7
108,Hs,84,24,Cr,[Ar].3d6,3d-4.3d+2,1s2.2s2.2p6.3s2.3p6.3d6,"(0,4)<4>","3d-4.3d+ (0,5/2)<5/2>",12040.0,200,theoretical,3,3d6
108,Hs,85,23,V,[Ar].3d5,3d-4.3d+,1s2.2s2.2p6.3s2.3p6.3d5,"(0,5/2)<5/2>",3d4 5D<0>,12250.0,220,theoretical,3,3d5
108,Hs,86,22,Ti,[Ar].3d4,3d4,1s2.2s2.2p6.3s2.3p6.3d4,5D0,3d3 4F<3/2>,12910.0,240,theoretical,3,3d4
108,Hs,87,21,Sc,[Ar].3d3,3d3,1s2.2s2.2p6.3s2.3p6.3d3,4F<3/2>,3d2 3F<2>,13130.0,250,theoretical,3,3d3
108,Hs,88,20,Ca,[Ar].3d2,3d2,1s2.2s2.2p6.3s2.3p6.3d2,3F<2>,3d 2D<3/2>,13400.0,300,theoretical,3,3d2
108,Hs,89,19,K,[Ar].3d,3d,1s2.2s2.2p6.3s2.3p6.3d1,2D<3/2>,3p6 1S<0>,13600.0,300,theoretical,3,3d1
108,Hs,90,18,Ar,[Ne].3s2.3p6,3p6,1s2.2s2.2p6.3s2.3p6,1S0,3p5 2P*<3/2>,14200.0,300,theoretical,3,3p6
108,Hs,91,17,Cl,[Ne].3s2.3p5,3p5,1s2.2s2.2p6.3s2.3p5,2P*<3/2>,3p4 3P<2>,14400.0,300,theoretical,3,3p5
108,Hs,92,16,S,[Ne].3s2.3p4,3p4,1s2.2s2.2p6.3s2.3p4,3P<2>,3p3 2P*<3/2>,14600.0,400,theoretical,3,3p4
108,Hs,93,15,P,[Ne].3s2.3p3,3p3,1s2.2s2.2p6.3s2.3p3,2P*<3/2>,3p2 3P<0>,14800.0,400,theoretical,3,3p3
108,Hs,94,14,Si,[Ne].3s2.3p2,3p2,1s2.2s2.2p6.3s2.3p2,3P0,3p 2P*<1/2>,17500.0,400,theoretical,3,3p2
108,Hs,95,13,Al,[Ne].3s2.3p,3p,1s2.2s2.2p6.3s2.3p1,2P*<1/2>,3s2 1S<0>,17700.0,400,theoretical,3,3p1
108,Hs,96,12,Mg,[Ne].3s2,3s2,1s2.2s2.2p6.3s2,1S0,3s 2S<1/2>,18200.0,400,theoretical,3,3s2
108,Hs,97,11,Na,[Ne].3s,3s,1s2.2s2.2p6.3s1,2S<1/2>,2p6 1S<0>,18400.0,400,theoretical,3,3s1
108,Hs,98,10,Ne,1s2.2s2.2p6,2p6,1s2.2s2.2p6,1S0,2p5 2P*<3/2>,35900.0,500,theoretical,2,2p6
108,Hs,99,9,F,1s2.2s2.2p5,2p5,1s2.2s2.2p5,2P*<3/2>,2p4 3P<2>,36400.0,500,theoretical,2,2p5
108,Hs,100,8,O,1s2.2s2.2p4,2p4,1s2.2s2.2p4,3P<2>,"2p2<1/2>.2p<3/2> (0,3/2)*<3/2>",37000.0,500,theoretical,2,2p4
108,Hs,101,7,N,1s2.2s2.2p3,2p2<1/2>.2p<3/2>,1s2.2s2.2p3,"(0,3/2)*<3/2>",2p2 3P<0>,37500.0,500,theoretical,2,2p3
108,Hs,102,6,C,1s2.2s2.2p2,2p2,1s2.2s2.2p2,3P0,2p 2P*<1/2>,47300.0,500,theoretical,2,2p2
108,Hs,103,5,B,1s2.2s2.2p,2p,1s2.2s2.2p1,2P*<1/2>,2s2 1S<0>,48100.0,500,theoretical,2,2p1
108,Hs,104,4,Be,1s2.2s2,2s2,1s2.2s2,1S0,2s 2S<1/2>,49000.0,600,theoretical,2,2s2
108,Hs,106,2,He,1s2,1s2,1s2,1S0,1s 2S<1/2>,191784.0,12,theoretical,1,1s2
108,Hs,107,1,H,1s,1s,1s1,2S<1/2>,,194911.0,14,theoretical,1,1s1
109,Mt,4,105,Db,[Rn].5f14.6d5,6d5,1s2.2s2.2p6.3s2.3p6.3d10.4s2.4p6.4d10.5s2.5p6.4f14.5d10.6s2.6p6.5f14.6d5,<5/2>,6d4 <0>,50.0,1.9,theoretical,6,6d5
109,Mt,7,102,No,[Rn].5f14.6d2,6d2,1s2.2s2.2p6.3s2.3p6.3d10.4s2.4p6.4d10.5s2.5p6.4f14.5d10.6s2.6p6.5f14.6d2,<2>,5f14.6d 2D<3/2>,94.0,2.1,theoretical,6,6d2
109,Mt,8,101,Md,[Rn].5f14.6d,5f14.6d,1s2.2s2.2p6.3s2.3p6.3d10.4s2.4p6.4d10.5s2.5p6.4f14.5d10.6s2.6p6.5f14.6d1,2D<3/2>,5f14 1S<0>,109.0,2.2,theoretical,6,6d1
109,Mt,9,100,Fm,[Rn].5f14,5f14,1s2.2s2.2p6.3s2.3p6.3d10.4s2.4p6.4d10.5s2.5p6.4f14.5d10.6s2.6p6.5f14,1S0,5f13 2F*<7/2>,187.0,2.2,theoretical,6,5f14
109,Mt,10,99,Es,[Rn].5f13,5f13,1s2.2s2.2p6.3s2.3p6.3d10.4s2.4p6.4d10.5s2.5p6.4f14.5d10.6s2.6p6.5f13,2F*<7/2>,5f12 3H<6>,202.0,2.4,theoretical,6,5f13
109,Mt,11,98,Cf,[Rn].5f12,5f12,1s2.2s2.2p6.3s2.3p6.3d10.4s2.4p6.4d10.5s2.5p6.4f14.5d10.6s2.6p6.5f12,3H<6>,5f11 4I*<15/2>,235.9,2.5,theoretical,6,5f12
109,Mt,12,97,Bk,[Rn].5f11,5f11,1s2.2s2.2p6.3s2.3p6.3d10.4s2.4p6.4d10.5s2.5p6.4f14.5d10.6s2.6p6.5f11,4I*<15/2>,5f10 5I<8>,257.0,3,theoretical,6,5f11
109,Mt,13,96,Cm,[Rn].5f10,5f10,1s2.2s2.2p6.3s2.3p6.3d10.4s2.4p6.4d10.5s2.5p6.4f14.5d10.6s2.6p6.5f10,5I<8>,5f9 6H*<15/2>,289.0,3,theoretical,6,5f10
109,Mt,14,95,Am,[Rn].5f9,5f9,1s2.2s2.2p6.3s2.3p6.3d10.4s2.4p6.4d10.5s2.5p6.4f14.5d10.6s2.6p6.5f9,6H*<15/2>,5f8 7F<6>,318.0,3,theoretical,6,5f9
109,Mt,15,94,Pu,[Rn].5f8,5f8,1s2.2s2.2p6.3s2.3p6.3d10.4s2.4p6.4d10.5s2.5p6.4f14.5d10.6s2.6p6.5f8,7F<6>,5f7 8S*<7/2>,346.0,3,theoretical,6,5f8
109,Mt,16,93,Np,[Rn].5f7,5f7,1s2.2s2.2p6.3s2.3p6.3d10.4s2.4p6.4d10.5s2.5p6.4f14.5d10.6s2.6p6.5f7,8S*<7/2>,5f6 7F<0>,386.0,3,theoretical,6,5f7
109,Mt,17,92,U,[Rn].5f6,5f6,1s2.2s2.2p6.3s2.3p6.3d10.4s2.4p6.4d10.5s2.5p6.4f14.5d10.6s2.6p6.5f6,7F0,5f5 6H*<5/2>,406.0,3,theoretical,6,5f6
109,Mt,18,91,Pa,[Rn].5f5,5f5,1s2.2s2.2p6.3s2.3p6.3d10.4s2.4p6.4d10.5s2.5p6.4f14.5d10.6s2.6p6.5f5,6H*<5/2>,5f4 5I<4>,445.0,3,theoretical,6,5f5
109,Mt,31,78,Pt,[Xe].4f14.5d10,5d10,1s2.2s2.2p6.3s2.3p6.3d10.4s2.4p6.4d10.5s2.5p6.4f14.5d10,1S0,5d9 2D<5/2>,1035.0,4,theoretical,5,5d10
109,Mt,32,77,Ir,[Xe].4f14.5d9,5d9,1s2.2s2.2p6.3s2.3p6.3d10.4s2.4p6.4d10.5s2.5p6.4f14.5d9,2D<5/2>,5d8 3F<4>,1072.0,4,theoretical,5,5d9
109,Mt,33,76,Os,[Xe].4f14.5d8,5d8,1s2.2s2.2p6.3s2.3p6.3d10.4s2.4p6.4d10.5s2.5p6.4f14.5d8,3F<4>,5d7 4F<9/2>,1112.0,5,theoretical,5,5d8
109,Mt,34,75,Re,[Xe].4f14.5d7,5d7,1s2.2s2.2p6.3s2.3p6.3d10.4s2.4p6.4d10.5s2.5p6.4f14.5d7,4F<9/2>,5d6 5D<4>,1154.0,5,theoretical,5,5d7
109,Mt,35,74,W,[Xe].4f14.5d6,5d6,1s2.2s2.2p6.3s2.3p6.3d10.4s2.4p6.4d10.5s2.5p6.4f14.5d6,5D<4>,5d5 6S<5/2>,1195.0,5,theoretical,5,5d6
109,Mt,36,73,Ta,[Xe].4f14.5d5,5d5,1s2.2s2.2p6.3s2.3p6.3d10.4s2.4p6.4d10.5s2.5p6.4f14.5d5,6S<5/2>,5d4 5D<0>,1234.0,5,theoretical,5,5d5
109,Mt,37,72,Hf,[Xe].4f14.5d4,5d4,1s2.2s2.2p6.3s2.3p6.3d10.4s2.4p6.4d10.5s2.5p6.4f14.5d4,5D0,5d3 4F<3/2>,1311.0,4,theoretical,5,5d4
109,Mt,38,71,Lu,[Xe].4f14.5d3,5d3,1s2.2s2.2p6.3s2.3p6.3d10.4s2.4p6.4d10.5s2.5p6.4f14.5d3,4F<3/2>,5d2 3F<2>,1352.0,4,theoretical,5,5d3
109,Mt,39,70,Yb,[Xe].4f14.5d2,5d2,1s2.2s2.2p6.3s2.3p6.3d10.4s2.4p6.4d10.5s2.5p6.4f14.5d2,3F<2>,5d 2D<3/2>,1397.0,4,theoretical,5,5d2
109,Mt,40,69,Tm,[Xe].4f14.5d,5d,1s2.2s2.2p6.3s2.3p6.3d10.4s2.4p6.4d10.5s2.5p6.4f14.5d1,2D<3/2>,4f14 1S<0>,1439.0,4,theoretical,5,5d1
109,Mt,63,46,Pd,[Kr].4d10,4d10,1s2.2s2.2p6.3s2.3p6.3d10.4s2.4p6.4d10,1S0,4d9 2D<5/2>,4464.0,19,theoretical,4,4d10
109,Mt,64,45,Rh,[Kr].4d9,4d9,1s2.2s2.2p6.3s2.3p6.3d10.4s2.4p6.4d9,2D<5/2>,4d8 3F<4>,4551.0,24,theoretical,4,4d9
109,Mt,65,44,Ru,[Kr].4d8,4d8,1s2.2s2.2p6.3s2.3p6.3d10.4s2.4p6.4d8,3F<4>,4d7 4F<9/2>,4640.0,30,theoretical,4,4d8
109,Mt,66,43,Tc,[Kr].4d7,4d7,1s2.2s2.2p6.3s2.3p6.3d10.4s2.4p6.4d7,4F<9/2>,4d6 5D<4>,4740.0,40,theoretical,4,4d7
109,Mt,67,42,Mo,[Kr].4d6,4d6,1s2.2s2.2p6.3s2.3p6.3d10.4s2.4p6.4d6,5D<4>,"4d-4.4d+ (0,5/2)<5/2>",4830.0,40,theoretical,4,4d6
109,Mt,68,41,Nb,[Kr].4d5,4d-4.4d+,1s2.2s2.2p6.3s2.3p6.3d10.4s2.4p6.4d5,"(0,5/2)<5/2>",4d4 5D<0>,4920.0,50,theoretical,4,4d5
109,Mt,69,40,Zr,[Kr].4d4,4d4,1s2.2s2.2p6.3s2.3p6.3d10.4s2.4p6.4d4,5D0,4d3 4F<3/2>,5160.0,50,theoretical,4,4d4
109,Mt,70,39,Y,[Kr].4d3,4d3,1s2.2s2.2p6.3s2.3p6.3d10.4s2.4p6.4d3,4F<3/2>,4d2 3F<2>,5250.0,60,theoretical,4,4d3
109,Mt,71,38,Sr,[Kr].4d2,4d2,1s2.2s2.2p6.3s2.3p6.3d10.4s2.4p6.4d2,3F<2>,4d 2D<3/2>,5360.0,60,theoretical,4,4d2
109,Mt,72,37,Rb,[Kr].4d,4d,1s2.2s2.2p6.3s2.3p6.3d10.4s2.4p6.4d1,2D<3/2>,4p6 1S<0>,5450.0,70,theoretical,4,4d1
109,Mt,73,36,Kr,[Ar].3d10.4s2.4p6,4p6,1s2.2s2.2p6.3s2.3p6.3d10.4s2.4p6,1S0,4p5 2P*<3/2>,5840.0,90,theoretical,4,4p6
109,Mt,74,35,Br,[Ar].3d10.4s2.4p5,4p5,1s2.2s2.2p6.3s2.3p6.3d10.4s2.4p5,2P*<3/2>,4p4 3P<2>,5930.0,90,theoretical,4,4p5
109,Mt,75,34,Se,[Ar].3d10.4s2.4p4,4p4,1s2.2s2.2p6.3s2.3p6.3d10.4s2.4p4,3P<2>,"4p-2.4p+ (0,3/2)*<3/2>",6030.0,100,theoretical,4,4p4
109,Mt,76,33,As,[Ar].3d10.4s2.4p3,4p-2.4p+,1s2.2s2.2p6.3s2.3p6.3d10.4s2.4p3,"(0,3/2)*<3/2>",4p2 3P<0>,6130.0,110,theoretical,4,4p3
109,Mt,77,32,Ge,[Ar].3d10.4s2.4p2,4p2,1s2.2s2.2p6.3s2.3p6.3d10.4s2.4p2,3P0,4p 2P*<1/2>,7030.0,120,theoretical,4,4p2
109,Mt,78,31,Ga,[Ar].3d10.4s2.4p,4p,1s2.2s2.2p6.3s2.3p6.3d10.4s2.4p1,2P*<1/2>,4s2 1S<0>,7150.0,120,theoretical,4,4p1
109,Mt,79,30,Zn,[Ar].3d10.4s2,4s2,1s2.2s2.2p6.3s2.3p6.3d10.4s2,1S0,4s 2S<1/2>,7430.0,140,theoretical,4,4s2
109,Mt,80,29,Cu,[Ar].3d10.4s,4s,1s2.2s2.2p6.3s2.3p6.3d10.4s1,2S<1/2>,3d10 1S<0>,7550.0,150,theoretical,4,4s1
109,Mt,81,28,Ni,[Ar].3d10,3d10,1s2.2s2.2p6.3s2.3p6.3d10,1S0,3d9 2D<5/2>,11460.0,160,theoretical,3,3d10
109,Mt,82,27,Co,[Ar].3d9,3d9,1s2.2s2.2p6.3s2.3p6.3d9,2D<5/2>,3d8 3F<4>,11660.0,170,theoretical,3,3d9
109,Mt,83,26,Fe,[Ar].3d8,3d8,1s2.2s2.2p6.3s2.3p6.3d8,3F<4>,3d7 4F<9/2>,11870.0,190,theoretical,3,3d8
109,Mt,84,25,Mn,[Ar].3d7,3d7,1s2.2s2.2p6.3s2.3p6.3d7,4F<9/2>,"3d-4.3d+2 (0,4)<4>",12100.0,200,theoretical,3,3d7
109,Mt,85,24,Cr,[Ar].3d6,3d-4.3d+2,1s2.2s2.2p6.3s2.3p6.3d6,"(0,4)<4>","3d-4.3d+ (0,5/2)<5/2>",12320.0,220,theoretical,3,3d6
109,Mt,86,23,V,[Ar].3d5,3d-4.3d+,1s2.2s2.2p6.3s2.3p6.3d5,"(0,5/2)<5/2>",3d4 5D<0>,12530.0,240,theoretical,3,3d5
109,Mt,87,22,Ti,[Ar].3d4,3d4,1s2.2s2.2p6.3s2.3p6.3d4,5D0,3d3 4F<3/2>,13200.0,250,theoretical,3,3d4
109,Mt,88,21,Sc,[Ar].3d3,3d3,1s2.2s2.2p6.3s2.3p6.3d3,4F<3/2>,3d2 3F<2>,13400.0,300,theoretical,3,3d3
109,Mt,89,20,Ca,[Ar].3d2,3d2,1s2.2s2.2p6.3s2.3p6.3d2,3F<2>,3d 2D<3/2>,13700.0,300,theoretical,3,3d2
109,Mt,90,19,K,[Ar].3d,3d,1s2.2s2.2p6.3s2.3p6.3d1,2D<3/2>,3p6 1S<0>,13900.0,300,theoretical,3,3d1
109,Mt,91,18,Ar,[Ne].3s2.3p6,3p6,1s2.2s2.2p6.3s2.3p6,1S0,3p5 2P*<3/2>,14500.0,300,theoretical,3,3p6
109,Mt,92,17,Cl,[Ne].3s2.3p5,3p5,1s2.2s2.2p6.3s2.3p5,2P*<3/2>,3p4 3P<2>,14700.0,400,theoretical,3,3p5
109,Mt,93,16,S,[Ne].3s2.3p4,3p4,1s2.2s2.2p6.3s2.3p4,3P<2>,3p3 2P*<3/2>,14900.0,400,theoretical,3,3p4
109,Mt,94,15,P,[Ne].3s2.3p3,3p3,1s2.2s2.2p6.3s2.3p3,2P*<3/2>,3p2 3P<0>,15100.0,400,theoretical,3,3p3
109,Mt,95,14,Si,[Ne].3s2.3p2,3p2,1s2.2s2.2p6.3s2.3p2,3P0,3p 2P*<1/2>,17900.0,400,theoretical,3,3p2
109,Mt,96,13,Al,[Ne].3s2.3p,3p,1s2.2s2.2p6.3s2.3p1,2P*<1/2>,3s2 1S<0>,18200.0,400,theoretical,3,3p1
109,Mt,97,12,Mg,[Ne].3s2,3s2,1s2.2s2.2p6.3s2,1S0,3s 2S<1/2>,18700.0,400,theoretical,3,3s2
109,Mt,98,11,Na,[Ne].3s,3s,1s2.2s2.2p6.3s1,2S<1/2>,2p6 1S<0>,18900.0,500,theoretical,3,3s1
109,Mt,99,10,Ne,1s2.2s2.2p6,2p6,1s2.2s2.2p6,1S0,2p5 2P*<3/2>,36700.0,500,theoretical,2,2p6
109,Mt,100,9,F,1s2.2s2.2p5,2p5,1s2.2s2.2p5,2P*<3/2>,2p4 3P<2>,37200.0,500,theoretical,2,2p5
109,Mt,101,8,O,1s2.2s2.2p4,2p4,1s2.2s2.2p4,3P<2>,"2p2<1/2>.2p<3/2> (0,3/2)*<3/2>",37800.0,500,theoretical,2,2p4
109,Mt,102,7,N,1s2.2s2.2p3,2p2<1/2>.2p<3/2>,1s2.2s2.2p3,"(0,3/2)*<3/2>",2p2 3P<0>,38300.0,500,theoretical,2,2p3
109,Mt,103,6,C,1s2.2s2.2p2,2p2,1s2.2s2.2p2,3P0,2p 2P*<1/2>,48500.0,500,theoretical,2,2p2
109,Mt,104,5,B,1s2.2s2.2p,2p,1s2.2s2.2p1,2P*<1/2>,2s2 1S<0>,49400.0,600,theoretical,2,2p1
109,Mt,105,4,Be,1s2.2s2,2s2,1s2.2s2,1S0,2s 2S<1/2>,50300.0,600,theoretical,2,2s2
109,Mt,107,2,He,1s2,1s2,1s2,1S0,1s 2S<1/2>,196392.0,14,theoretical,1,1s2
109,Mt,108,1,H,1s,1s,1s1,2S<1/2>,,199605.0,15,theoretical,1,1s1
110,Ds,5,105,Db,[Rn].5f14.6d5,6d5,1s2.2s2.2p6.3s2.3p6.3d10.4s2.4p6.4d10.5s2.5p6.4f14.5d10.6s2.6p6.5f14.6d5,<5/2>,6d4 <0>,65.0,2.0,theoretical,6,6d5
110,Ds,8,102,No,[Rn].5f14.6d2,6d2,1s2.2s2.2p6.3s2.3p6.3d10.4s2.4p6.4d10.5s2.5p6.4f14.5d10.6s2.6p6.5f14.6d2,<2>,5f14.6d 2D<3/2>,112.9,2.2,theoretical,6,6d2
110,Ds,9,101,Md,[Rn].5f14.6d,5f14.6d,1s2.2s2.2p6.3s2.3p6.3d10.4s2.4p6.4d10.5s2.5p6.4f14.5d10.6s2.6p6.5f14.6d1,2D<3/2>,5f14 1S<0>,128.0,2.2,theoretical,6,6d1
110,Ds,10,100,Fm,[Rn].5f14,5f14,1s2.2s2.2p6.3s2.3p6.3d10.4s2.4p6.4d10.5s2.5p6.4f14.5d10.6s2.6p6.5f14,1S0,5f13 2F*<7/2>,216.0,2.4,theoretical,6,5f14
110,Ds,11,99,Es,[Rn].5f13,5f13,1s2.2s2.2p6.3s2.3p6.3d10.4s2.4p6.4d10.5s2.5p6.4f14.5d10.6s2.6p6.5f13,2F*<7/2>,5f12 3H<6>,231.0,2.5,theoretical,6,5f13
110,Ds,12,98,Cf,[Rn].5f12,5f12,1s2.2s2.2p6.3s2.3p6.3d10.4s2.4p6.4d10.5s2.5p6.4f14.5d10.6s2.6p6.5f12,3H<6>,5f11 4I*<15/2>,266.0,3,theoretical,6,5f12
110,Ds,13,97,Bk,[Rn].5f11,5f11,1s2.2s2.2p6.3s2.3p6.3d10.4s2.4p6.4d10.5s2.5p6.4f14.5d10.6s2.6p6.5f11,4I*<15/2>,5f10 5I<8>,288.0,3,theoretical,6,5f11
110,Ds,14,96,Cm,[Rn].5f10,5f10,1s2.2s2.2p6.3s2.3p6.3d10.4s2.4p6.4d10.5s2.5p6.4f14.5d10.6s2.6p6.5f10,5I<8>,5f9 6H*<15/2>,322.0,3,theoretical,6,5f10
110,Ds,15,95,Am,[Rn].5f9,5f9,1s2.2s2.2p6.3s2.3p6.3d10.4s2.4p6.4d10.5s2.5p6.4f14.5d10.6s2.6p6.5f9,6H*<15/2>,5f8 7F<6>,352.0,3,theoretical,6,5f9
110,Ds,16,94,Pu,[Rn].5f8,5f8,1s2.2s2.2p6.3s2.3p6.3d10.4s2.4p6.4d10.5s2.5p6.4f14.5d10.6s2.6p6.5f8,7F<6>,5f7 8S*<7/2>,380.0,3,theoretical,6,5f8
110,Ds,17,93,Np,[Rn].5f7,5f7,1s2.2s2.2p6.3s2.3p6.3d10.4s2.4p6.4d10.5s2.5p6.4f14.5d10.6s2.6p6.5f7,8S*<7/2>,5f6 7F<0>,422.0,3,theoretical,6,5f7
110,Ds,18,92,U,[Rn].5f6,5f6,1s2.2s2.2p6.3s2.3p6.3d10.4s2.4p6.4d10.5s2.5p6.4f14.5d10.6s2.6p6.5f6,7F0,5f5 6H*<5/2>,442.0,3,theoretical,6,5f6
110,Ds,19,91,Pa,[Rn].5f5,5f5,1s2.2s2.2p6.3s2.3p6.3d10.4s2.4p6.4d10.5s2.5p6.4f14.5d10.6s2.6p6.5f5,6H*<5/2>,5f4 5I<4>,483.0,4,theoretical,6,5f5
110,Ds,32,78,Pt,[Xe].4f14.5d10,5d10,1s2.2s2.2p6.3s2.3p6.3d10.4s2.4p6.4d10.5s2.5p6.4f14.5d10,1S0,5d9 2D<5/2>,1087.0,4,theoretical,5,5d10
110,Ds,33,77,Ir,[Xe].4f14.5d9,5d9,1s2.2s2.2p6.3s2.3p6.3d10.4s2.4p6.4d10.5s2.5p6.4f14.5d9,2D<5/2>,5d8 3F<4>,1125.0,5,theoretical,5,5d9
110,Ds,34,76,Os,[Xe].4f14.5d8,5d8,1s2.2s2.2p6.3s2.3p6.3d10.4s2.4p6.4d10.5s2.5p6.4f14.5d8,3F<4>,5d7 4F<9/2>,1165.0,5,theoretical,5,5d8
110,Ds,35,75,Re,[Xe].4f14.5d7,5d7,1s2.2s2.2p6.3s2.3p6.3d10.4s2.4p6.4d10.5s2.5p6.4f14.5d7,4F<9/2>,5d6 5D<4>,1208.0,5,theoretical,5,5d7
110,Ds,36,74,W,[Xe].4f14.5d6,5d6,1s2.2s2.2p6.3s2.3p6.3d10.4s2.4p6.4d10.5s2.5p6.4f14.5d6,5D<4>,5d5 6S<5/2>,1250.0,5,theoretical,5,5d6
110,Ds,37,73,Ta,[Xe].4f14.5d5,5d5,1s2.2s2.2p6.3s2.3p6.3d10.4s2.4p6.4d10.5s2.5p6.4f14.5d5,6S<5/2>,5d4 5D<0>,1290.0,4,theoretical,5,5d5
110,Ds,38,72,Hf,[Xe].4f14.5d4,5d4,1s2.2s2.2p6.3s2.3p6.3d10.4s2.4p6.4d10.5s2.5p6.4f14.5d4,5D0,5d3 4F<3/2>,1369.0,4,theoretical,5,5d4
110,Ds,39,71,Lu,[Xe].4f14.5d3,5d3,1s2.2s2.2p6.3s2.3p6.3d10.4s2.4p6.4d10.5s2.5p6.4f14.5d3,4F<3/2>,5d2 3F<2>,1412.0,4,theoretical,5,5d3
110,Ds,40,70,Yb,[Xe].4f14.5d2,5d2,1s2.2s2.2p6.3s2.3p6.3d10.4s2.4p6.4d10.5s2.5p6.4f14.5d2,3F<2>,5d 2D<3/2>,1457.0,4,theoretical,5,5d2
110,Ds,41,69,Tm,[Xe].4f14.5d,5d,1s2.2s2.2p6.3s2.3p6.3d10.4s2.4p6.4d10.5s2.5p6.4f14.5d1,2D<3/2>,4f14 1S<0>,1500.0,4,theoretical,5,5d1
110,Ds,64,46,Pd,[Kr].4d10,4d10,1s2.2s2.2p6.3s2.3p6.3d10.4s2.4p6.4d10,1S0,4d9 2D<5/2>,4590.0,24,theoretical,4,4d10
110,Ds,65,45,Rh,[Kr].4d9,4d9,1s2.2s2.2p6.3s2.3p6.3d10.4s2.4p6.4d9,2D<5/2>,4d8 3F<4>,4680.0,30,theoretical,4,4d9
110,Ds,66,44,Ru,[Kr].4d8,4d8,1s2.2s2.2p6.3s2.3p6.3d10.4s2.4p6.4d8,3F<4>,4d7 4F<9/2>,4770.0,40,theoretical,4,4d8
110,Ds,67,43,Tc,[Kr].4d7,4d7,1s2.2s2.2p6.3s2.3p6.3d10.4s2.4p6.4d7,4F<9/2>,4d6 5D<4>,4870.0,40,theoretical,4,4d7
110,Ds,68,42,Mo,[Kr].4d6,4d6,1s2.2s2.2p6.3s2.3p6.3d10.4s2.4p6.4d6,5D<4>,"4d-4.4d+ (0,5/2)<5/2>",4960.0,50,theoretical,4,4d6
110,Ds,69,41,Nb,[Kr].4d5,4d-4.4d+,1s2.2s2.2p6.3s2.3p6.3d10.4s2.4p6.4d5,"(0,5/2)<5/2>",4d4 5D<0>,5060.0,50,theoretical,4,4d5
110,Ds,70,40,Zr,[Kr].4d4,4d4,1s2.2s2.2p6.3s2.3p6.3d10.4s2.4p6.4d4,5D0,4d3 4F<3/2>,5300.0,60,theoretical,4,4d4
110,Ds,71,39,Y,[Kr].4d3,4d3,1s2.2s2.2p6.3s2.3p6.3d10.4s2.4p6.4d3,4F<3/2>,4d2 3F<2>,5400.0,60,theoretical,4,4d3
110,Ds,72,38,Sr,[Kr].4d2,4d2,1s2.2s2.2p6.3s2.3p6.3d10.4s2.4p6.4d2,3F<2>,4d 2D<3/2>,5500.0,70,theoretical,4,4d2
110,Ds,73,37,Rb,[Kr].4d,4d,1s2.2s2.2p6.3s2.3p6.3d10.4s2.4p6.4d1,2D<3/2>,4p6 1S<0>,5600.0,90,theoretical,4,4d1
110,Ds,74,36,Kr,[Ar].3d10.4s2.4p6,4p6,1s2.2s2.2p6.3s2.3p6.3d10.4s2.4p6,1S0,4p5 2P*<3/2>,5990.0,90,theoretical,4,4p6
110,Ds,75,35,Br,[Ar].3d10.4s2.4p5,4p5,1s2.2s2.2p6.3s2.3p6.3d10.4s2.4p5,2P*<3/2>,4p4 3P<2>,6080.0,100,theoretical,4,4p5
110,Ds,76,34,Se,[Ar].3d10.4s2.4p4,4p4,1s2.2s2.2p6.3s2.3p6.3d10.4s2.4p4,3P<2>,"4p-2.4p+ (0,3/2)*<3/2>",6190.0,110,theoretical,4,4p4
110,Ds,77,33,As,[Ar].3d10.4s2.4p3,4p-2.4p+,1s2.2s2.2p6.3s2.3p6.3d10.4s2.4p3,"(0,3/2)*<3/2>",4p2 3P<0>,6280.0,120,theoretical,4,4p3
110,Ds,78,32,Ge,[Ar].3d10.4s2.4p2,4p2,1s2.2s2.2p6.3s2.3p6.3d10.4s2.4p2,3P0,4p 2P*<1/2>,7230.0,120,theoretical,4,4p2
110,Ds,79,31,Ga,[Ar].3d10.4s2.4p,4p,1s2.2s2.2p6.3s2.3p6.3d10.4s2.4p1,2P*<1/2>,4s2 1S<0>,7350.0,140,theoretical,4,4p1
110,Ds,80,30,Zn,[Ar].3d10.4s2,4s2,1s2.2s2.2p6.3s2.3p6.3d10.4s2,1S0,4s 2S<1/2>,7640.0,150,theoretical,4,4s2
110,Ds,81,29,Cu,[Ar].3d10.4s,4s,1s2.2s2.2p6.3s2.3p6.3d10.4s1,2S<1/2>,3d10 1S<0>,7750.0,160,theoretical,4,4s1
110,Ds,82,28,Ni,[Ar].3d10,3d10,1s2.2s2.2p6.3s2.3p6.3d10,1S0,3d9 2D<5/2>,11730.0,170,theoretical,3,3d10
110,Ds,83,27,Co,[Ar].3d9,3d9,1s2.2s2.2p6.3s2.3p6.3d9,2D<5/2>,3d8 3F<4>,11930.0,190,theoretical,3,3d9
110,Ds,84,26,Fe,[Ar].3d8,3d8,1s2.2s2.2p6.3s2.3p6.3d8,3F<4>,3d7 4F<9/2>,12140.0,200,theoretical,3,3d8
110,Ds,85,25,Mn,[Ar].3d7,3d7,1s2.2s2.2p6.3s2.3p6.3d7,4F<9/2>,"3d-4.3d+2 (0,4)<4>",12380.0,220,theoretical,3,3d7
110,Ds,86,24,Cr,[Ar].3d6,3d-4.3d+2,1s2.2s2.2p6.3s2.3p6.3d6,"(0,4)<4>","3d-4.3d+ (0,5/2)<5/2>",12600.0,240,theoretical,3,3d6
110,Ds,87,23,V,[Ar].3d5,3d-4.3d+,1s2.2s2.2p6.3s2.3p6.3d5,"(0,5/2)<5/2>",3d4 5D<0>,12810.0,250,theoretical,3,3d5
110,Ds,88,22,Ti,[Ar].3d4,3d4,1s2.2s2.2p6.3s2.3p6.3d4,5D0,3d3 4F<3/2>,13500.0,300,theoretical,3,3d4
110,Ds,89,21,Sc,[Ar].3d3,3d3,1s2.2s2.2p6.3s2.3p6.3d3,4F<3/2>,3d2 3F<2>,13700.0,300,theoretical,3,3d3
110,Ds,90,20,Ca,[Ar].3d2,3d2,1s2.2s2.2p6.3s2.3p6.3d2,3F<2>,3d 2D<3/2>,14000.0,300,theoretical,3,3d2
110,Ds,91,19,K,[Ar].3d,3d,1s2.2s2.2p6.3s2.3p6.3d1,2D<3/2>,3p6 1S<0>,14200.0,300,theoretical,3,3d1
110,Ds,92,18,Ar,[Ne].3s2.3p6,3p6,1s2.2s2.2p6.3s2.3p6,1S0,3p5 2P*<3/2>,14800.0,400,theoretical,3,3p6
110,Ds,93,17,Cl,[Ne].3s2.3p5,3p5,1s2.2s2.2p6.3s2.3p5,2P*<3/2>,3p4 3P<2>,15000.0,400,theoretical,3,3p5
110,Ds,94,16,S,[Ne].3s2.3p4,3p4,1s2.2s2.2p6.3s2.3p4,3P<2>,3p3 2P*<3/2>,15300.0,400,theoretical,3,3p4
110,Ds,95,15,P,[Ne].3s2.3p3,3p3,1s2.2s2.2p6.3s2.3p3,2P*<3/2>,3p2 3P<0>,15500.0,400,theoretical,3,3p3
110,Ds,96,14,Si,[Ne].3s2.3p2,3p2,1s2.2s2.2p6.3s2.3p2,3P0,3p 2P*<1/2>,18400.0,400,theoretical,3,3p2
110,Ds,97,13,Al,[Ne].3s2.3p,3p,1s2.2s2.2p6.3s2.3p1,2P*<1/2>,3s2 1S<0>,18600.0,400,theoretical,3,3p1
110,Ds,98,12,Mg,[Ne].3s2,3s2,1s2.2s2.2p6.3s2,1S0,3s 2S<1/2>,19100.0,500,theoretical,3,3s2
110,Ds,99,11,Na,[Ne].3s,3s,1s2.2s2.2p6.3s1,2S<1/2>,2p6 1S<0>,19400.0,500,theoretical,3,3s1
110,Ds,100,10,Ne,1s2.2s2.2p6,2p6,1s2.2s2.2p6,1S0,2p5 2P*<3/2>,37400.0,500,theoretical,2,2p6
110,Ds,101,9,F,1s2.2s2.2p5,2p5,1s2.2s2.2p5,2P*<3/2>,2p4 3P<2>,37900.0,500,theoretical,2,2p5
110,Ds,102,8,O,1s2.2s2.2p4,2p4,1s2.2s2.2p4,3P<2>,"2p2<1/2>.2p<3/2> (0,3/2)*<3/2>",38500.0,500,theoretical,2,2p4
110,Ds,103,7,N,1s2.2s2.2p3,2p2<1/2>.2p<3/2>,1s2.2s2.2p3,"(0,3/2)*<3/2>",2p2 3P<0>,39100.0,500,theoretical,2,2p3
110,Ds,104,6,C,1s2.2s2.2p2,2p2,1s2.2s2.2p2,3P0,2p 2P*<1/2>,49800.0,600,theoretical,2,2p2
110,Ds,105,5,B,1s2.2s2.2p,2p,1s2.2s2.2p1,2P*<1/2>,2s2 1S<0>,50700.0,600,theoretical,2,2p1
110,Ds,106,4,Be,1s2.2s2,2s2,1s2.2s2,1S0,2s 2S<1/2>,51600.0,600,theoretical,2,2s2
110,Ds,108,2,He,1s2,1s2,1s2,1S0,1s 2S<1/2>,201112.0,15,theoretical,1,1s2
110,Ds,109,1,H,1s,1s,1s1,2S<1/2>,,204394.0,16,theoretical,1,1s1
