Z,N,IE_pred_eV
1,1,13.598433063746526
2,2,24.58723860718859
2,1,54.417763962360695
3,3,5.369265658817199
3,2,75.61284369448192
3,1,122.45435757470888
4,4,9.277526841774947
4,3,18.357737096581054
4,2,153.86317730356126
4,1,217.71858309689776
5,5,8.209885673025864
5,4,25.299618399687436
5,3,38.15563130946929
5,2,259.35179134737916
5,1,340.22602117066134
6,6,11.099308450291097
6,5,24.731827620663175
6,4,48.134261728556524
6,3,64.76764277983807
6,2,392.09429436451165
6,1,489.9932065518185
7,7,14.303900869999334
7,6,29.99336396203068
7,5,48.06972365235771
7,4,77.78765393692926
7,3,98.20045437868097
7,2,552.1146375467245
7,1,667.0461361374973
8,8,13.386619038255416
8,7,35.54285851798625
8,6,55.70750033407719
8,5,78.23033104737185
8,4,114.26689369356623
8,3,138.46146870875373
8,2,739.4370028293383
8,1,871.4099110149764
9,9,17.0560779117331
9,8,35.61515540315557
9,7,63.58910040674078
9,6,88.24958708040961
9,5,115.22200548259157
9,4,157.58082720650725
9,3,185.559952052365
9,2,954.0927953219144
9,1,1103.117523954229
10,10,21.039326296087953
10,9,41.62580700574587
10,8,64.65161534629536
10,7,98.4440545920027
10,6,127.6282985884375
10,5,159.0537370884578
10,4,207.7386555190528
10,3,239.50534780576288
10,2,1196.1116484052507
10,1,1362.1992444997081
11,11,4.852313288681677
11,10,47.951035466676096
11,9,73.00483250404362
11,8,100.49817096658974
11,7,140.1101830620408
11,6,173.85473896598322
11,5,209.73724926876204
11,4,264.75277812090803
11,3,300.3106103005098
11,2,1465.5384640381913
11,1,1648.7022643974751
12,12,7.205701908948557
12,11,16.108136521397416
12,10,81.67309469786512
12,9,111.19496126016415
12,8,143.15659632648195
12,7,188.58919921949376
12,6,226.9400901591683
12,5,267.28401721491275
12,4,328.63481786606053
12,3,367.9875842130558
12,2,1762.4099847250702
12,1,1962.663856471327
13,13,5.564298033138773
13,12,19.783759532860234
13,11,30.401920679284512
13,10,122.20801015026674
13,9,156.19889516159628
13,8,192.62979915128776
13,7,243.88429465628272
13,6,286.8984430249725
13,5,331.70874009835353
13,4,399.400110323855
13,3,442.55214178272985
13,2,2086.7803313697254
13,1,2304.1403050417157
14,14,7.5939200907752555
14,13,17.51502216185753
14,12,35.402466157497344
14,11,47.737740116685224
14,10,169.55796782874765
14,9,208.01880140974225
14,8,248.91991964547196
14,7,305.99756164705116
14,6,353.7436624471984
14,5,403.02559866387014
14,4,477.0629992804631
14,3,524.0188751538712
14,2,2438.695097166366
14,1,2673.1778812679713
15,15,9.870540589853334
15,14,20.808672167953954
15,13,32.50812882336156
15,12,54.06640920048164
15,11,68.12035541297656
15,10,223.7261846572715
15,9,266.6580909882764
15,8,312.030570169173
15,7,374.9328862544753
15,6,427.4928366923335
15,5,481.25228110894926
15,4,561.6417695876647
15,3,612.4065928500099
15,2,2818.217655292345
15,1,3069.842029897418
16,16,9.682634436495295
16,15,24.310073957104148
16,14,37.06885617295477
16,13,50.54833742919888
16,12,75.78048905259632
16,11,91.55477485328838
16,10,284.71524011834407
16,9,332.1193299698428
16,8,381.96429726499997
16,7,450.69278004697526
16,6,508.16260370622075
16,5,566.405762199765
16,4,653.1535837043274
16,3,707.7327292421968
16,2,3225.4028144933054
16,1,3494.1883651215494
17,17,12.115698624371174
17,16,24.82595023394845
17,15,41.78147125076841
17,14,56.379675731614576
17,13,71.64102685427284
17,12,100.55036591045015
17,11,118.0468337128743
17,10,352.5290394957289
17,9,404.40661326424015
17,8,458.7253910106079
17,7,533.281795952535
17,6,595.7730785222683
17,5,658.5067513988746
17,4,751.6197051410301
17,3,810.0190622565414
17,2,3660.3232671295996
17,1,3946.29158052992
18,18,14.689377805555052
18,17,28.521602306684578
18,16,43.002125620425026
18,15,62.28657131226272
18,14,78.74681283647263
18,13,95.79202572398313
18,12,128.38209521937563
18,11,147.60272756297272
18,10,427.1712364850224
18,9,483.52367331065
18,8,542.3176615715889
18,7,622.7038437944909
18,6,690.3448093289278
18,5,757.5762555723018
18,4,857.0615199121478
18,3,919.2873663489007
18,2,4123.049717734536
18,1,4426.223764683053
19,19,4.13491401460509
19,18,32.358065774977646
19,17,47.96150060316355
19,16,64.21293067055613
19,15,85.82715000498331
19,14,104.17619418529664
19,13,123.00736092948245
19,12,159.28183870362807
19,11,180.2287069430144
19,10,508.64445395125136
19,9,569.4730599294032
19,8,632.7435789154939
19,7,718.9612789199875
19,6,791.897846022373
19,5,863.6346106026828
19,4,969.4994790179006
19,3,1035.5583217475812
19,2,4613.646085188167
19,1,4934.049441629191
20,20,6.113154921
20,19,13.410773582154853
20,18,53.06212889264967
20,17,70.4374894703876
20,16,88.46055128280166
20,15,112.40551226865027
20,14,132.6747288218517
20,13,153.29414253920834
20,12,193.25703208101433
20,11,215.93240981459394
20,10,596.9540950605351
20,9,662.2604330387497
20,8,730.0090670995118
20,7,822.0603809496636
20,6,900.4577874738168
20,5,976.7080971559923
20,4,1088.9604854275067
20,3,1158.8594218457094
20,2,5132.204566008376
20,1,5469.863146209947
21,21,6.561490000000002
21,20,12.799769999999981
21,19,22.744929544508068
21,18,76.80378849000928
21,17,95.95185094918631
21,16,115.74733051199026
21,15,142.02408155161933
21,14,164.24977479743305
21,13,186.65989549791473
21,12,230.3154599770327
21,11,254.7217831386385
21,10,692.1051327916712
21,9,761.8908988916222
21,8,834.1193668258323
21,7,932.0065675434599
21,6,1016.0504936246072
21,5,1096.823111122425
21,4,1215.4713704232418
21,3,1289.2179546408136
21,2,5678.814462328335
21,1,6033.755870153419
22,22,6.828120000000041
22,21,13.575499999999996
22,20,25.12122058252162
22,19,43.61583738474763
22,18,103.58524546018297
22,17,124.50679982357646
22,16,146.0754957856635
22,15,174.68510148493266
22,14,198.9088274882081
22,13,223.11222889280768
22,12,270.46488552719956
22,11,296.60469446023944
22,10,794.1011325239938
22,9,868.3679863153704
22,8,945.0779656791083
22,7,1048.8032652558513
22,6,1138.7009336570002
22,5,1224.00496756833
22,4,1349.0576484650721
22,3,1426.6597206843185
22,2,6253.5568157897815
22,1,6625.809530980641
23,23,6.746186999999997
23,22,12.575598571982777
23,21,26.558299080829613
23,20,46.89971877609115
23,19,67.52628254309695
23,18,133.40900493573142
23,17,156.104900721327
23,16,179.44767166719652
23,15,210.3912756575894
23,14,236.66026997754318
23,13,262.6596947674619
23,12,313.7141200392991
23,11,341.5901200772581
23,10,902.9475022598596
23,9,981.6972377577201
23,8,1062.8905422324035
23,7,1172.4563325870936
23,6,1268.4380148105931
23,5,1358.2831234520468
23,4,1489.7492680973655
23,3,1571.215140662587
23,2,6856.531150544814
23,1,7246.12541962691
24,24,6.348888904030879
24,23,14.271318889229988
24,22,32.8554030687871
24,21,49.10819147128213
24,20,71.71917243863565
24,19,94.4787040795265
24,18,166.27763851548428
24,17,190.74876393388828
24,16,215.8665069026106
24,15,249.1453033392511
24,14,277.5128405077296
24,13,305.31117762452584
24,12,360.07226106552037
24,11,389.687297754912
24,10,1018.6491423947668
24,9,1101.8836128988057
24,8,1187.5621145650211
24,7,1302.9708623038289
24,6,1405.2911338097174
24,5,1499.6874446668155
24,4,1637.5763052972297
24,3,1722.9146806418069
24,2,7487.834546921119
24,1,7894.801943276746
25,25,7.434038000000008
25,24,17.87112405217853
25,23,35.41029516065284
25,22,56.176510016884535
25,21,74.70052089413083
25,20,99.58221500031986
25,19,124.47581145946003
25,18,202.1940738969682
25,17,228.4413851131519
25,16,255.33506564287688
25,15,290.95033901149947
25,14,321.4761547017308
25,13,351.0764740095601
25,12,409.54938454509136
25,11,440.90648049689406
25,10,1141.2124312938934
25,9,1228.9336491918743
25,8,1319.0993812947836
25,7,1440.3537661838377
25,6,1549.292982048314
25,5,1648.2512102295623
25,4,1792.572533060137
25,3,1881.7926175621058
25,2,8147.5792901914165
25,1,8571.953284638272
26,26,7.9024680999999966
26,25,16.199210000000065
26,24,27.290628397202692
26,23,59.57914858099654
26,22,82.54151338953271
26,21,103.33793003388891
26,20,130.49153298522157
26,19,157.52033127251175
26,18,241.16114226020213
26,17,269.1856246090931
26,16,297.8562369202425
26,15,335.80930928664344
26,14,368.5599554878755
26,13,399.9654655052134
26,12,462.15556626292755
26,11,495.257875956774
26,10,1270.642410583111
26,9,1362.852414950192
26,8,1457.5074355886143
26,7,1584.6101669087868
26,6,1700.4757110012088
26,5,1804.0070164394024
26,4,1954.7709190414307
26,3,2047.8822979541005
26,2,8835.872032977604
26,1,9277.687408347456
27,27,7.881009999999993
27,26,14.344564397362229
27,25,29.614369521123628
27,24,51.577776740478534
27,23,86.77881814849124
27,22,111.95325706237352
27,21,135.02333892306638
27,20,164.45012716210684
27,19,193.615341269098
27,18,283.18214121180694
27,17,312.9848481315228
27,16,343.4334550180585
27,15,383.7257388518323
27,14,418.77503234945465
27,13,451.9891256433373
27,12,517.902061768452
27,11,552.7529195204401
27,10,1406.946093611703
27,9,1503.6470802864703
27,8,1602.7936061175576
27,7,1735.7476024760142
27,6,1858.875454660758
27,5,1966.9915943372544
27,4,2124.208550719265
27,3,2221.2213140195863
27,2,9552.834881805635
27,1,10012.128274328468
28,28,7.639878000000008
28,27,15.151961291280188
28,26,37.2692808502639
28,25,54.80627785681937
28,24,78.89609314237293
28,23,117.01017851780882
28,22,144.41459439682723
28,21,169.75964085806456
28,20,201.460924545057
28,19,232.7637986994709
28,18,328.26010350681094
28,17,359.8421082618415
28,16,392.06979172235606
28,15,434.70272455879666
28,14,472.13210938223114
28,13,507.1583106785298
28,12,576.7999043192112
28,11,613.402769517491
28,10,1550.128546849398
28,9,1651.3227099903088
28,8,1754.9629536424561
28,7,1893.7711247375948
28,6,2024.527145971144
28,5,2137.240304899281
28,4,2300.921314722697
28,3,2401.8459242871727
28,2,10298.583978941024
28,1,10775.393326999289
29,29,6.305858759119268
29,28,16.96695843471948
29,27,38.84019795219371
29,26,63.22538207549716
29,25,83.03002231929337
29,24,109.24668056220762
29,23,150.27441755723177
29,22,179.92887196802334
29,21,207.55028392220504
29,20,241.52748471995542
29,19,274.9693703301076
29,18,376.3990069101531
29,17,409.7614807082027
29,16,443.76942170315266
29,15,488.744571657332
29,14,528.6436273704317
29,13,565.4856817447671
29,12,638.8621052135272
29,11,677.2206545353089
29,10,1700.198880248522
29,9,1805.8886641805907
29,8,1914.0250923257724
29,7,2058.6906848013246
29,6,2197.4723810065425
29,5,2314.7954578684175
29,4,2484.9513639251477
29,3,2589.798861835023
29,2,11073.256795965814
29,1,11567.622107335872
30,30,7.771272902542324
30,29,19.982937039446124
30,28,41.559589075842496
30,27,65.56032224749958
30,26,92.2138074132469
30,25,114.2865352087347
30,24,142.63045302870506
30,23,186.57241646380638
30,22,218.49916121982363
30,21,248.39836321152188
30,20,284.6529167468558
30,19,320.23517607236806
30,18,427.6019883552508
30,17,462.7461030888487
30,16,498.53548229269
30,15,545.8544167813124
30,14,588.3211877698702
30,13,626.9829554916205
30,12,704.100520117023
30,11,744.2185374892492
30,10,1857.1617098441682
30,9,1967.3494969101416
30,8,2079.9845105586746
30,7,2230.510679795493
30,6,2377.7483922961324
30,5,2499.694663116495
30,4,2676.337202049258
30,3,2785.1189763885905
30,2,11876.97849784403
30,1,12388.941032240422
31,31,4.864720836853462
31,30,22.197173589259005
31,29,35.39816330479489
31,28,69.18475117302172
31,27,95.31342741803452
31,26,124.23569821282224
31,25,148.57700093707746
31,24,179.04864376142027
31,23,225.905480954383
31,22,260.1291482751029
31,21,292.3076591483968
31,20,330.84110235612474
31,19,368.56519455064097
31,18,481.87330487699535
31,17,518.8003192331314
31,16,556.3724048321814
31,15,606.0368066825815
31,14,651.1783389567518
31,13,691.6638921376941
31,12,772.5292385417994
31,11,814.410715733737
31,10,2021.0262814556897
31,9,2135.7146656898876
31,8,2252.85088027721
31,7,2409.241065214396
31,6,2565.3998313024504
31,5,2691.9832584107307
31,4,2875.124287766111
31,3,2987.8522968997913
31,2,12709.897949076987
31,1,13239.50103978576
32,32,6.376741829656808
32,31,18.345144973031264
32,30,38.36426336690128
32,29,52.556152014357046
32,28,99.84350600544003
32,27,128.1005809700854
32,26,159.29212801816226
32,25,185.90250170126413
32,24,218.50233872067432
32,23,268.2746992375735
32,22,304.8223681924923
32,21,339.28175395836325
32,20,380.0956673361572
32,19,419.9630916651277
32,18,539.2167288488426
32,17,577.9279318397266
32,16,617.2840219914432
32,15,669.2956133606488
32,14,717.2283495559263
32,13,759.5419125585598
32,12,844.1618893620615
32,11,887.8109638548191
32,10,2191.7992056953744
32,9,2310.99081426086
32,8,2432.63087701019
32,7,2594.8885559007513
32,6,2760.4695229402455
32,5,2891.7045678437166
32,4,3081.356247186243
32,3,3198.0428721870976
32,2,13572.15534351734
32,1,14119.443779714713
33,33,7.898858295920372
33,32,20.627492309001575
33,31,33.56762314073117
33,30,56.27733171355525
33,29,71.46176148922945
33,28,133.53693066041467
33,27,163.92286794020197
33,26,197.38418996868685
33,25,226.26414037285474
33,24,260.99264719896723
33,23,313.68118759564067
33,22,352.58250445395265
33,21,389.32438125626095
33,20,432.4203932004642
33,19,474.4326934415725
33,18,599.6362068451277
33,17,640.1329226627298
33,16,681.2743504899163
33,15,735.634899485939
33,14,786.4851514025468
33,13,830.6311087254055
33,12,919.0127858749008
33,11,964.4337491015723
33,10,2369.4875136468604
33,9,2493.1850235675147
33,8,2619.3316307487307
33,7,2787.4603444609506
33,6,2963.002437069087
33,5,3098.9040884934293
33,4,3295.0794537656348
33,3,3415.7375429497865
33,2,14463.90283678135
33,1,15028.92314839283
34,34,8.000769091618087
34,33,22.769729259795746
34,32,36.62357543867109
34,31,50.53709189485059
34,30,75.94149540335341
34,29,92.12019541045004
34,28,170.26629958562395
34,27,202.78160516965633
34,26,238.51324695658988
34,25,269.66332224033977
34,24,306.5210203478414
34,23,362.1264640923832
34,22,403.41380298299254
34,21,442.43987889892065
34,20,487.81971482170036
34,19,531.9785271592956
34,18,663.1365295005652
34,17,705.4201637320494
34,16,748.3483442766843
34,15,805.0597269943514
34,14,858.9642041327056
34,13,904.9471527956623
34,12,997.0979239913706
34,11,1044.2952751195494
34,10,2554.101202065275
34,9,2682.307481506525
34,8,2812.963522529449
34,7,2986.967066619016
34,6,3173.0488307743153
34,5,3313.6327671942195
34,4,3516.3447258972633
34,3,3640.9876930278147
34,2,15385.304815277927
34,1,15968.105526076593
35,35,9.644039529005585
35,34,23.304056783755886
35,33,39.359164782003646
35,32,54.37007717063985
35,31,69.25869960090222
35,30,97.36204605596987
35,29,114.53680750224528
35,28,210.03270461459886
35,27,244.6778748398838
35,26,282.6803699178013
35,25,316.1011111393012
35,24,355.08850844513245
35,23,413.6115558232423
35,22,457.32007317814015
35,21,498.6320858076571
35,20,546.2974949308054
35,19,592.6044766005144
35,18,729.7216313475437
35,17,773.7936022193678
35,16,818.5099625991863
35,15,877.5740708488684
35,14,934.6803001681845
35,13,982.5049780707167
35,12,1078.4324145348323
35,11,1127.4107866218096
35,10,2745.646502882927
35,9,2878.364400888576
35,8,3013.5327438928175
35,7,3193.4148828594243
35,6,3390.65600318725
35,5,3535.9383752078843
35,4,3745.200468252595
35,3,3873.842139127984
35,2,16336.516870698444
35,1,16937.147939579532
36,36,11.47046154301406
36,35,25.708134570209506
36,34,40.326990817259
36,33,57.669121135104604
36,32,73.87243537377856
36,31,89.73797472324537
36,30,120.54470680024457
36,29,138.71741558528097
36,28,252.83763673758
36,27,289.6132222084292
36,26,329.88716308334324
36,25,365.57916548400846
36,24,406.6968287151599
36,23,468.13826592667584
36,22,514.3060981208445
36,21,557.9058911741225
36,20,607.8587354846767
36,19,656.3156513044084
36,18,799.3969295219455
36,17,845.2587506561578
36,16,891.7648140676315
36,15,953.183666333213
36,14,1013.6505861151174
36,13,1063.3219637810093
36,12,1163.033995906424
36,11,1213.7982498947117
36,10,2944.1349643914436
36,9,3081.3675615120746
36,8,3221.05130874986
36,7,3406.816116096236
36,6,3615.879473069495
36,5,3765.8771842980636
36,4,3981.703278799099
36,3,4114.358114906216
36,2,17317.725252717613
36,1,17936.239005050793
37,37,3.78061992804595
37,36,28.296166940780452
37,35,43.49317507933454
37,34,59.07153104307111
37,33,77.70157849050084
37,32,95.13627632701034
37,31,111.98060785196871
37,30,145.49531376249064
37,29,164.66791998600021
37,28,298.68226273864616
37,27,337.5888041094307
37,26,380.13477179494987
37,25,418.09862296687896
37,24,461.34710528287997
37,23,525.7076956701993
37,22,574.3760018109475
37,21,620.2654489827819
37,20,672.5076151622268
37,19,723.1162519350052
37,18,872.166678613907
37,17,919.8198774218984
37,16,968.1171803318
37,15,1031.8928124022918
37,14,1095.8912070649928
37,13,1147.4144028145818
37,12,1250.9191468090876
37,11,1303.474284439569
37,10,3149.573363662736
37,9,3291.3237253270977
37,8,3435.5259619449203
37,7,3627.1774857986484
37,6,3848.7707380476695
37,5,4003.5011903305094
37,4,4225.905557988883
37,3,4362.58844633947
37,2,18329.09701371619
37,1,18965.547211439494
38,38,5.694867449999999
38,37,13.795111746663268
38,36,46.844189454850316
38,35,63.00122100910782
38,34,79.53976973475996
38,33,99.45867142446926
38,32,118.16759554333107
38,31,135.99267994776093
38,30,172.2201335177085
38,29,192.39467563647162
38,28,347.5681075615764
38,27,388.6061824235502
38,26,433.42479782926694
38,25,473.66112306338846
38,24,519.0410166526975
38,23,586.3215794846172
38,22,637.5347193704482
38,21,685.7157801265877
38,20,740.2492436961477
38,19,793.0114724746196
38,18,948.0363106139297
38,17,997.4824873759143
38,16,1047.572639442934
38,15,1113.707183545189
38,14,1181.4202822315463
38,13,1234.8006284910555
38,12,1342.106516432272
38,11,1396.4577479185805
38,10,3361.9725046261588
38,9,3508.243858424774
38,8,3656.9678329612675
38,7,3854.510336192041
38,6,4089.38800766557
38,5,4248.869303182693
38,4,4477.866425420385
38,3,4618.592841572937
38,2,19370.824152142715
38,1,20025.266681463014
39,39,6.217259999999989
39,38,12.2236
39,37,16.448447230727723
39,36,67.1166327625711
39,35,84.2343969277135
39,34,101.73385225526901
39,33,122.94257389844194
39,32,142.97261674834226
39,31,161.78048885855156
39,30,200.72562726375025
39,29,221.9042190443716
39,28,399.4965372145094
39,27,442.6667309066
39,26,489.7586228969476
39,25,532.2680567864345
39,24,579.7799603286228
39,23,649.9813222774451
39,22,703.786944205193
39,21,754.2616296890269
39,20,811.0884160148771
39,19,866.0061542942207
39,18,1027.0107933714185
39,17,1078.2515855190245
39,16,1130.1362333840157
39,15,1198.631870371671
39,14,1270.255861887132
39,13,1325.4988701016382
39,12,1436.614577040112
39,11,1492.7672851094455
39,10,3581.3411468851777
39,9,3732.136775616497
39,8,3885.385791165603
39,7,4088.823606684778
39,6,4337.788931669251
39,5,4502.03977020565
39,4,4737.644536458003
39,3,4882.4304652774335
39,2,20443.095273084233
39,1,21115.58780897425
40,40,6.634125999999892
40,39,13.129999999999884
40,38,18.53026642707861
40,37,34.101523113534576
40,36,89.11570779521894
40,35,107.1949415996831
40,34,125.6560452737082
40,33,148.15558971543064
40,32,169.55790713108658
40,31,189.350684638478
40,30,231.01862544274314
40,29,253.2034657473458
40,28,454.4691120416717
40,27,499.77203515242616
40,26,549.1378596754454
40,25,593.9210632208151
40,24,643.5656013010386
40,23,716.6886252937873
40,22,773.1378103708203
40,21,825.9082041968647
40,20,885.0304120840983
40,19,942.1056466398688
40,18,1109.0956697714464
40,17,1162.1327733285457
40,16,1215.8136223376623
40,15,1286.6726103712397
40,14,1362.4172353035328
40,13,1419.528622077714
40,12,1534.4631140052682
40,11,1592.422880325935
40,10,3807.689772916826
40,9,3963.0130780198724
40,8,4120.7905567415255
40,7,4330.128173210708
40,6,4594.035183078922
40,5,4763.07494249686
40,4,5005.3023876584375
40,3,5154.164382951066
40,2,21546.111676454395
40,1,22236.713906186553
41,41,6.758849999999985
41,40,10.427527578974143
41,39,20.101423095556328
41,38,36.84044655238178
41,37,53.48014700883473
41,36,112.84372893803462
41,35,131.88519758723166
41,34,151.30871959422694
41,33,175.10012730798937
41,32,197.9303509551282
41,31,218.71023592059973
41,30,263.1062805440488
41,29,286.29965486482536
41,28,512.4874708489323
41,27,559.9237596640014
41,26,611.5642002094509
41,25,658.6218613592201
41,24,710.3996848378971
41,23,786.4452704709672
41,22,845.5926576467327
41,21,900.6609165919966
41,20,962.0807188627869
41,19,1021.3155062684568
41,18,1194.2966914961676
41,17,1249.1318614140976
41,16,1304.610675943167
41,15,1377.8353509139981
41,14,1457.9244895491465
41,13,1516.9101803556018
41,12,1635.6727207032184
41,11,1695.4453295253163
41,10,4041.0292343128053
41,9,4200.883736141714
41,8,4363.193219494342
41,7,4578.435281562701
41,6,4858.190889844171
41,5,5032.039639353134
41,4,5280.904426756957
41,3,5433.859608381946
41,2,22680.07830860224
41,1,23388.851844608835
42,42,6.463769574010459
42,41,12.029498629299153
42,40,28.191776029351825
42,39,39.00199591848029
42,38,56.87760866584895
42,37,74.58660214230353
42,36,138.3030961922985
42,35,158.30759061388915
42,34,178.69432666954478
42,33,203.77867273841736
42,32,228.09712579216514
42,31,249.86640319969698
42,30,296.99603327969413
42,29,321.20031195068816
42,28,573.5532519722274
42,27,623.1235619780866
42,26,677.0393224874166
42,25,726.3721497571571
42,24,780.2839286046895
42,23,859.2530015386388
42,22,921.1569058340892
42,21,978.5252525645775
42,20,1042.2448878059663
42,19,1103.6413464467857
42,18,1282.6196432600086
42,17,1339.2546859243444
42,16,1396.5332817880524
42,15,1472.126047298343
42,14,1556.7983183639492
42,13,1617.664443141399
42,12,1740.2645776112706
42,11,1801.8560110127428
42,10,4281.370161491828
42,9,4445.759476882634
42,8,4612.604602814944
42,7,4833.755880825674
42,6,5130.322013123292
42,5,5309.00050310797
42,4,5564.517126708408
42,3,5721.583179976111
42,2,23845.2071358035
42,1,24572.215541671983
43,43,7.119380000000002
43,42,18.17028200121768
43,41,30.358043464617932
43,40,47.68348960402186
43,39,59.63094894283743
43,38,78.64407058447364
43,37,97.42322784674178
43,36,165.4962400440131
43,35,186.4645689705404
43,34,207.81533245848212
43,33,234.19371662793077
43,32,260.06563027093193
43,31,282.82666082687064
43,30,332.695522287592
43,29,357.9131524273553
43,28,637.6679037229006
43,27,689.3728897631762
43,26,745.5646730681655
43,25,797.1733757298904
43,24,853.2197775319163
43,23,935.1132580967084
43,22,999.8357750149703
43,21,1059.5064756440388
43,20,1125.5282233497546
43,19,1189.0885094899895
43,18,1374.0699691616255
43,17,1432.506720379439
43,16,1491.5869425772266
43,15,1569.5502405784064
43,14,1659.0596049302692
43,13,1721.8124785911712
43,12,1848.259994508441
43,11,1911.6764126298435
43,10,4528.721764263689
43,9,4697.649542552523
43,8,4869.033980593176
43,7,5096.0992845870605
43,6,5410.495037523385
43,5,5594.024646242136
43,4,5856.21153028263
43,3,6017.40677471937
43,2,25041.741856477176
43,1,25787.051403919562
44,44,7.36050000000001
44,43,12.363457309707902
44,42,22.152971715296434
44,41,50.400329272140986
44,40,68.90506043899171
44,39,81.99071073135785
44,38,102.14230100133292
44,37,121.99253104690916
44,36,194.42581881395105
44,35,216.35882757904756
44,34,238.67446869821117
44,33,266.3480389580532
44,32,293.8438037204266
44,31,317.5990454363134
44,30,370.2129944462545
44,29,396.44652379326004
44,28,704.8334756924013
44,27,758.6738383491734
44,26,817.1423966061552
44,25,871.0277308697911
44,24,929.2094712224474
44,23,1014.0283481906306
44,22,1081.6355350188992
44,21,1143.610952756552
44,20,1211.9371928534806
44,19,1277.6635579719148
44,18,1468.6545005893897
44,17,1528.8948784112756
44,16,1589.7786545393021
44,15,1670.1150358104505
44,14,1764.7314992562547
44,13,1829.3776814568198
44,12,1959.6827230680422
44,11,2024.9305243543326
44,10,4783.097571627239
44,9,4956.567647737823
44,8,5132.495254345469
44,7,5365.479639938858
44,6,5698.7837435680085
44,5,5887.186654597423
44,4,6156.058394437698
44,3,6321.401716127346
44,2,26269.89311853434
44,1,27033.57157756454
45,45,7.458899999999928
45,44,13.435868850919269
45,43,31.604697000287988
45,42,42.45758021643763
45,41,72.15745636844464
45,40,91.85893723554925
45,39,106.08375611463998
45,38,127.37479816708773
45,37,148.2970316993999
45,36,225.09444424102068
45,35,247.99299623490992
45,34,271.2743831118528
45,33,300.2443124217515
45,32,329.4396976749497
45,31,354.1916873589874
45,30,409.5567495128137
45,29,436.80880577806937
45,28,775.0515127291019
45,27,831.0279520823871
45,26,891.774036508319
45,25,947.9367594255683
45,24,1008.2545517630078
45,23,1095.999808977541
45,22,1166.5617614586117
45,21,1230.84430384203
45,20,1301.4774581649795
45,19,1369.3721925912994
45,18,1566.3790428969637
45,17,1628.4249957151962
45,16,1691.1142834884056
45,15,1773.8263383938386
45,14,1873.8365675615994
45,13,1940.3828119711654
45,12,2074.555773742878
45,11,2141.6415434718283
45,10,5044.507407225599
45,9,5222.523650883784
45,8,5402.99831644838
45,7,5641.9068820945995
45,6,5995.259924552728
45,5,6188.55898283903
45,4,6464.1342033865985
45,3,6633.645150011869
45,2,27529.922082207766
45,1,28312.040017027874
46,46,6.034093046255032
46,45,14.342833372743808
46,44,33.26123208870182
46,43,52.560932245337405
46,42,64.4776112171373
46,41,95.63059482797533
46,40,116.54770331368626
46,39,131.9127029022611
46,38,154.34421628433893
46,37,176.33941849720563
46,36,257.5049433438858
46,35,281.3699341636506
46,34,305.6179672504178
46,33,335.8854713725436
46,32,366.86188668320045
46,31,392.6132565933733
46,30,450.7356632520496
46,29,479.00897242030703
46,28,848.3240599618468
46,27,906.4373102021839
46,26,969.4617086707965
46,25,1027.9026127342913
46,24,1090.357205769308
46,23,1181.0298767711906
46,22,1254.6208992095353
46,21,1321.2130580773596
46,20,1394.155634484382
46,19,1464.2211098401906
46,18,1667.2505205876366
46,17,1731.1040660551707
46,16,1795.6008926418508
46,15,1880.691303027592
46,14,1986.399359333922
46,13,2054.85265899451
46,12,2192.9042751539696
46,11,2261.834831128159
46,10,5312.96446199708
46,9,5495.530889819648
46,8,5680.556652346174
46,7,5925.3946899004
46,6,6300.001701784071
46,5,6498.220548802349
46,4,6780.514956528992
46,3,6954.213664984196
46,2,28822.059311808767
46,1,29622.688984851826
47,47,5.612282071158848
47,46,25.380094148068792
47,45,34.7526915843364
47,44,54.802287943783774
47,43,75.23332171671011
47,42,88.21423400257703
47,41,120.82092544920484
47,40,142.97399803708277
47,39,159.48021868170795
47,38,183.05324977107153
47,37,206.1224109390608
47,36,291.66013958513435
47,35,316.4924866801354
47,34,341.7080882234688
47,33,373.2744126562231
47,32,406.1191516262079
47,31,432.87261996473893
47,30,493.7587861543627
47,29,523.0561618709314
47,28,924.6528670991554
47,27,984.9036707785467
47,26,1050.2071798722081
47,25,1110.9270672106156
47,24,1175.5192171648941
47,23,1269.1203447655946
47,22,1345.8190530146246
47,21,1414.7233754537817
47,20,1489.9779358153364
47,19,1562.2165742313173
47,18,1771.2753367857035
47,17,1836.9385336329578
47,16,1903.2449671762351
47,15,1990.7164688006192
47,14,2102.4444973150858
47,13,2172.812059456604
47,12,2314.7533466250115
47,11,2385.535713525775
47,10,5588.4799438417
47,9,5775.600637907457
47,8,5965.1816004501125
47,7,6215.954485850856
47,6,6613.0874117838985
47,5,6816.2504168819105
47,4,7105.282672727215
47,3,7283.1899655524
47,2,30146.579030010158
47,1,30965.7954386616
48,48,6.7815919933954545
48,47,18.959565250595233
48,46,46.44207509745347
48,45,56.87897479583413
48,44,78.06024681260047
48,43,99.6230952907821
48,42,113.66869500984677
48,41,147.7297215062882
48,40,171.14061765169197
48,39,188.78913564601828
48,38,213.50476879280862
48,37,237.64891518292384
48,36,327.56308342854123
48,35,353.36373788084455
48,34,379.5478638862399
48,33,412.4142988165184
48,32,447.2208145306792
48,31,474.9791996171204
48,30,538.6357553878798
48,29,568.9601143888442
48,28,1004.0401637950537
48,27,1066.4293002793265
48,26,1134.012756137775
48,25,1197.0124671429924
48,24,1263.742968294668
48,23,1360.2736488967716
48,22,1440.1631358088046
48,21,1511.382256871481
48,20,1588.9514528556458
48,19,1663.3657613298851
48,18,1878.4609051456573
48,17,1945.935884441382
48,16,2014.0540656277012
48,15,2103.909489802526
48,14,2221.998495984183
48,13,2294.287779595831
48,12,2440.130109070273
48,11,2512.7715561261134
48,10,5871.067989169425
48,9,6062.747186127119
48,8,6256.887607079799
48,7,6513.60091980021
48,6,6934.601362143461
48,5,7142.733734614696
48,4,7438.518756235356
48,3,7620.656066997351
48,2,31503.725855623936
48,1,32341.605714069417
49,49,4.267404320792519
49,48,20.59821909675318
49,47,33.447013424852884
49,46,69.22123922362805
49,45,80.72289663402411
49,44,103.03633043331938
49,43,125.73148271587631
49,42,140.8422332851096
49,41,176.35823055938184
49,40,201.05037597788424
49,39,219.84229451361531
49,38,245.70163900304178
49,37,270.9218201094395
49,36,365.21676086757407
49,35,391.98669362171717
49,34,419.1403198699314
49,33,453.3081826967803
49,32,490.17634557609324
49,31,518.9425529227988
49,30,585.3763130819763
49,29,616.7306609117765
49,28,1086.487716672329
49,27,1151.015968255445
49,26,1220.8802098488443
49,25,1286.160589042276
49,24,1355.030237396415
49,23,1454.4915683396912
49,22,1537.65950072189
49,21,1611.1961053123907
49,20,1691.0826366945114
49,19,1767.675167066318
49,18,1988.8138438073354
49,17,2058.1027725450963
49,16,2128.034877833911
49,15,2220.2771029248142
49,14,2345.087686631306
49,13,2419.306369158821
49,12,2569.061393739884
49,11,2643.569401010248
49,10,6160.739931436648
49,9,6356.981918170431
49,8,6555.686105556438
49,7,6818.345488766523
49,6,7264.627349300455
49,5,7477.755047573454
49,4,7780.312462932397
49,3,7966.701970153258
49,2,32893.804014995025
49,1,33750.427160910745
50,50,5.382768654291862
50,49,17.368009982182915
50,48,35.55777046562976
50,47,49.07887391635456
50,46,93.71884843353325
50,45,106.28573381540811
50,44,129.73183300872242
50,43,153.55979575169158
50,42,169.73617603260564
50,41,206.70780347520798
50,40,232.70625569369437
50,39,252.64271272618728
50,38,279.6469138504316
50,37,305.94421321340667
50,36,404.62439672707524
50,35,432.3646101652752
50,34,460.48874395979266
50,33,495.9593940246556
50,32,534.995785556717
50,31,564.7728219514846
50,30,633.9908174139024
50,29,666.3782637047007
50,28,1171.9977875617517
50,27,1238.6659672906505
50,26,1310.8118665673126
50,25,1378.373790663938
50,24,1449.383413742067
50,23,1551.77653643192
50,22,1638.3153225584933
50,21,1714.1721773757095
50,20,1796.3788268580772
50,19,1875.1522092136613
50,18,2102.3417893286523
50,17,2173.446900729057
50,16,2245.1951729433695
50,15,2339.8271647175616
50,14,2471.7403524814567
50,13,2547.8963668007787
50,12,2701.576091430238
50,11,2777.958386813092
50,10,6457.510023197021
50,9,6658.319222854208
50,8,6861.591621463261
50,7,7130.202897259345
50,6,7603.255322043709
50,5,7821.405164134626
50,4,8130.75137814069
50,3,8321.415904190417
50,2,34317.079552525494
50,1,35192.52772019092
51,51,6.497530768808656
51,50,19.007020360911756
51,49,31.61215437743938
51,48,51.66461309340044
51,47,65.85956227116624
51,46,119.93617567389039
51,45,133.56876938131515
51,44,158.14804597713953
51,43,183.1093341513849
51,42,200.35183227998357
51,41,238.77975850320902
51,40,266.1112537722154
51,39,287.19341456060147
51,38,315.3436433049631
51,37,342.71916845049816
51,36,445.78916475752504
51,35,474.5006820137617
51,34,503.5963513424134
51,33,540.3711763070494
51,32,581.6893696796701
51,31,612.4803337585214
51,30,684.4897892780373
51,29,717.9135373749727
51,28,1260.5722474034692
51,27,1329.3811728698854
51,26,1403.8096063853634
51,25,1473.653957778998
51,24,1546.8043866628107
51,23,1652.1304462077717
51,22,1742.1373446139373
51,21,1820.3172689181556
51,20,1904.8468703381573
51,19,1985.803782528252
51,18,2219.051767228265
51,17,2291.975333152509
51,16,2365.542053637821
51,15,2462.5668285479596
51,14,2601.984876503729
51,13,2680.086387446707
51,12,2837.703118513881
51,11,2915.967654048771
51,10,6761.390345537688
51,9,6966.771238919721
51,8,7174.616350714999
51,7,7449.185414911908
51,6,7950.575678796201
51,5,8173.775280685723
51,4,8489.928837489724
51,3,8684.89192645568
51,2,35773.85773619314
51,1,36668.215383830946
52,52,6.979472686350827
52,51,20.37891519747011
52,50,33.7778217515743
52,49,47.00429426830501
52,48,68.92332925386923
52,47,83.79371950000437
52,46,147.8746094114155
52,45,162.57341073051683
52,44,188.28640128507595
52,43,214.38155458056258
52,42,232.69067921678868
52,41,272.57560738422177
52,40,301.2686343525121
52,39,323.49770532171436
52,38,352.7951769574999
52,37,381.2500774826552
52,36,488.71462438646915
52,35,518.3985083336315
52,34,548.4667811097016
52,33,586.5472212504038
52,32,630.268103368406
52,31,662.0762076279141
52,30,736.8845909693333
52,29,771.3479616759156
52,28,1352.2138441708773
52,27,1423.1643829532804
52,26,1499.8762810296837
52,25,1572.003993876837
52,24,1647.296111547614
52,23,1755.5563264021632
52,22,1849.1336356730708
52,21,1929.6395529288166
52,20,2016.4950471448294
52,19,2099.6382683115335
52,18,2338.9524438120498
52,17,2413.6968229952486
52,16,2489.0843602769046
52,15,2588.5050496251206
52,14,2735.852357273431
52,13,2815.9078177494353
52,12,2977.474266163344
52,11,3057.629273962051
52,10,7072.397733673304
52,9,7282.354995174944
52,8,7494.77751686816
52,7,7775.3105207479
52,6,8306.687251696818
52,5,8534.965191712858
52,4,8857.939814107192
52,3,9057.225710916058
52,2,37264.42381403845
52,1,38177.77742113517
53,53,8.331010667457214
53,52,21.155260011773976
53,51,35.37216096737724
53,50,49.69973780213199
53,49,63.54903496790435
53,48,87.33862907133016
53,47,102.88609945615386
53,46,177.5354317856545
53,45,193.3009431425727
53,44,220.1481805883917
53,43,247.3777348158722
53,42,266.7539952883072
53,41,308.0966192060396
53,40,338.1814475994264
53,39,361.5586524529696
53,38,392.0045946807363
53,37,421.540031285126
53,36,533.4039178287039
53,35,564.0612386478581
53,34,595.1031898527895
53,33,634.4906965415863
53,32,680.7427479416729
53,31,713.5712866140534
53,30,791.1862332091176
53,29,826.6926298578802
53,28,1446.923919720404
53,27,1520.016910960327
53,26,1599.0131728768372
53,25,1673.425153470196
53,24,1750.8598115049922
53,23,1862.0553535854222
53,22,1959.3104668827737
53,21,2042.1453168648452
53,20,2131.3296567178463
53,19,2216.661976288079
53,18,2462.0501516762724
53,17,2538.6177077901866
53,16,2615.8284349246965
53,15,2717.6481758810355
53,14,2873.3720994085625
53,13,2955.390170731534
53,12,3120.9192889839182
53,11,3202.9732013315775
53,10,7390.541642122829
53,9,7605.079908278967
53,8,7822.084497126431
53,7,8108.587538087117
53,6,8671.68368416149
53,5,8905.069283571742
53,4,9234.889599053076
53,3,9438.523419149595
53,2,38789.15468750567
53,1,39721.59479873301
54,54,9.993748603603306
54,53,23.01211084617717
54,52,36.443867210657906
54,51,51.478983101788025
54,50,66.77756959105228
54,49,81.25123670643639
54,48,106.91550875768692
54,47,123.14176316619098
54,46,208.92016804725603
54,45,225.75291501578764
54,44,253.73496373976252
54,43,282.09948642693547
54,42,302.5434176699949
54,41,345.34447621320857
54,40,376.85325121861564
54,39,401.379861183605
54,38,432.97555404690155
54,37,463.5927372949139
54,36,579.8609499929527
54,35,611.492825595424
54,34,643.5095782194599
54,33,684.205665743907
54,32,733.1253278121812
54,31,766.9777216054733
54,30,847.4071380092614
54,29,883.9600947935174
54,28,1544.7057168469069
54,27,1619.9420680502246
54,26,1701.2236667014563
54,25,1777.920891841416
54,24,1857.499013134752
54,23,1971.631155532696
54,22,2072.676810097635
54,21,2157.8436582214786
54,20,2249.3599265345815
54,19,2336.884257168636
54,18,2588.3545894808008
54,17,2666.7477926620063
54,16,2745.784189629995
54,15,2850.0062602458884
54,14,3014.5781516063857
54,13,3098.5678157674606
54,12,3268.073018285958
54,11,3352.0345798296744
54,10,7715.841462439966
54,9,7934.965617471859
54,8,8156.5571801621245
54,7,8449.036683218043
54,6,9045.673146267023
54,5,9284.196792187442
54,4,9620.877008466914
54,3,9828.884532480684
54,2,40348.3256369021
54,1,41299.94416339806
55,55,3.397585960332549
55,54,25.18088959806856
55,53,38.80718948783746
55,52,52.8470223157344
55,51,68.70112463904282
55,50,85.01627544057726
55,49,100.11590373188773
55,48,127.65908703770727
55,47,144.56587931007215
55,46,242.030213188958
55,45,259.9307282950098
55,44,289.04815608516253
55,43,318.548218017081
55,42,340.06036050757217
55,41,384.32059423470344
55,40,417.2873668159311
55,39,442.96467668538975
55,38,475.7114210267185
55,37,507.41158072147545
55,36,628.0891879728539
55,35,660.6967520975315
55,34,693.6894448310006
55,33,735.6956494877945
55,32,787.427629272459
55,31,822.3073940584949
55,30,905.5593830564216
55,29,943.1625310015677
55,28,1645.5610412129752
55,27,1722.9416512594146
55,26,1806.509549931601
55,25,1885.4929886366585
55,24,1967.2154857652436
55,23,2084.285485426624
55,22,2189.239822324098
55,21,2276.7417735316803
55,20,2370.593090196128
55,19,2460.3123788592734
55,18,2717.8731171813233
55,17,2798.0944641227156
55,16,2878.95903724382
55,15,2985.5867501977564
55,14,3159.5028468603873
55,13,3245.4733296463805
55,12,3418.968330250767
55,11,3504.846520822082
55,10,8048.3092428475165
55,9,8272.024193480807
55,8,8498.20765833433
55,7,8796.670075312215
55,6,9428.758953709164
55,5,9672.451888813961
55,4,10016.01278475145
55,3,10228.420658400344
55,2,41942.31379515856
55,1,42913.206267132606
56,56,5.211664599999936
56,55,13.27966764784494
56,54,41.48320875419709
56,53,55.71803170888288
56,52,70.36652922790144
56,51,87.04041402529457
56,50,104.42105454791904
56,49,120.14829129820063
56,48,149.57475161919857
56,47,167.1638968725601
56,46,276.867130843436
56,45,295.83596411691025
56,44,326.0893599066782
56,43,356.72555311498434
56,42,379.3064657541713
56,41,425.02664412810617
56,40,459.4874489617026
56,39,486.3167926521699
56,38,520.2159302409973
56,37,553.0003349334372
56,36,678.0925609753635
56,35,711.6769833647027
56,34,745.6467910194086
56,33,788.9646970444533
56,32,843.6623391855105
56,31,879.5731095803476
56,30,965.6560249541654
56,29,1004.3131172737877
56,28,1749.4927256961805
56,27,1829.0185327823865
56,26,1914.8737369550186
56,25,1996.1443992916206
56,24,2080.012225255401
56,23,2200.0213957968977
56,22,2309.0081588318076
56,21,2398.8484118482074
56,20,2495.0379921775066
56,19,2586.9552759519465
56,18,2850.614921801335
56,17,2932.6669857608717
56,16,3015.362318111278
56,15,3124.399087183031
56,14,3308.1815764174057
56,13,3396.1424064188072
56,12,3573.6413331638946
56,11,3661.445426621505
56,10,8387.962239300143
56,9,8616.273054672945
56,8,8847.053513130735
56,7,9151.505509429926
56,6,9821.053865218664
56,5,10069.948360410282
56,4,10420.405064810364
56,3,10637.24068104291
56,2,43571.44167382196
56,1,44561.70573843189
57,57,5.576900000000008
57,56,11.184960000000032
57,55,19.177300000000027
57,54,58.90251822386934
57,53,73.74646180910847
57,52,89.00422430912545
57,51,106.49870461520004
57,50,124.99727714123802
57,49,141.3538196086919
57,48,172.6680445123854
57,47,190.94141231125602
57,46,313.4324104254787
57,45,333.47012074993535
57,44,364.86008047855074
57,43,396.6330039165431
57,42,420.2832536154167
57,41,467.46415348742454
57,40,503.45705515615174
57,39,531.4397935397544
57,38,566.4926914439884
57,37,600.3626332970697
57,36,729.8748007413128
57,35,764.4372715415694
57,34,799.3853892660901
57,33,844.0166087704806
57,32,901.8422444013219
57,31,938.7877598945875
57,30,1027.7101713931272
57,29,1067.4250683802832
57,28,1856.5028610201236
57,27,1938.1748049906737
57,26,2026.3183216556297
57,25,2109.877220308915
57,24,2195.8913287441515
57,23,2318.8409834453087
57,22,2431.9896260583578
57,21,2524.1714316581224
57,20,2622.702541554181
57,19,2716.82090477194
57,18,2986.588088988823
57,17,3070.473481426457
57,16,3155.00219416831
57,15,3266.451483257242
57,14,3460.649517898092
57,13,3550.6104937412106
57,12,3732.1278126676425
57,11,3821.8673438707888
57,10,8734.81416440567
57,9,8967.725968344328
57,8,9203.108566050385
57,7,9513.556876911618
57,6,10222.670401607404
57,5,10476.79967141932
57,4,10834.173220740922
57,3,11055.464892816464
57,2,45236.11131042499
57,1,46245.8483532916
58,58,5.538600000000008
58,57,10.955999999999941
58,56,18.62419782920278
58,55,34.90513164249145
58,54,77.44069843539467
58,53,92.8943774054421
58,52,108.76202242697961
58,51,127.0779341555974
58,50,146.75056127823518
58,49,163.73816331429512
58,48,196.94477465333478
58,47,215.90429638297147
58,46,351.7276751010606
58,45,372.8348367813919
58,44,405.36197400541397
58,43,438.2722442958489
58,42,462.99241383873994
58,41,511.6348355420214
58,40,549.200000673641
58,39,578.337531062055
58,38,614.5455936738875
58,37,649.5024000950764
58,36,783.4399742448043
58,35,818.9817159321071
58,34,854.9093712745712
58,33,900.8555596127687
58,32,961.9808984869558
58,31,999.9650185609123
58,30,1091.7357469140086
58,29,1132.512432108929
58,28,1966.5941992511146
58,27,2050.4132496553943
58,26,2140.846117611931
58,25,2226.6942965280086
58,24,2314.8556713199027
58,23,2440.747165528112
58,22,2558.1930314567626
58,21,2652.719724347313
58,20,2753.5957144626223
58,19,2849.9183213515466
58,18,3125.8018977526413
58,17,3211.5232974808587
58,16,3297.8880792402892
58,15,3411.7534410962594
58,14,3616.9442701029675
58,13,3708.915498348612
58,12,3894.4660854882163
58,11,3986.1508879801518
58,10,9088.881998263281
58,9,9326.400050324995
58,8,9566.390069048908
58,7,9882.841607634446
58,6,10633.728647184358
58,5,10893.126963497547
58,4,11257.434023458665
58,3,11483.210867166817
58,2,46936.67692361334
58,1,47965.99075968847
59,59,5.470200000000018
59,58,10.630999999999997
59,57,19.929832340036302
59,56,44.84102601447282
59,55,62.3919814473558
59,54,81.99999999999999
59,53,97.00000000000003
59,52,112.00000000000001
59,51,131.00000000000003
59,50,169.68673860803398
59,49,187.30721015000714
59,48,222.41096355919865
59,47,242.05863182989236
59,46,391.7545626718938
59,45,413.93176333675353
59,44,447.5967057863263
59,43,481.64495373226987
59,42,507.43563924628626
59,41,557.5404013493403
59,40,596.7201572841605
59,39,627.0139106162222
59,38,664.3785759905433
59,37,700.4236060812858
59,36,838.7921815018583
59,35,875.3144452033985
59,34,912.2228943876788
59,33,959.4857454356139
59,32,1024.0922675663396
59,31,1063.1189705808956
59,30,1157.747083216718
59,29,1199.589662054871
59,28,2079.769355170691
59,27,2165.7365020509324
59,26,2258.4597819567907
59,25,2346.5983069469107
59,24,2436.9079524979943
59,23,2565.7426696825546
59,22,2687.6271348124046
59,21,2784.502123801111
59,20,2887.7264189458238
59,19,2986.2565034958197
59,18,3268.2655197394038
59,17,3355.825663833375
59,16,3444.029261535942
59,15,3560.3143256775097
59,14,3777.1044330775867
59,13,3871.096326673356
59,12,4060.6954570259672
59,11,4154.33566123886
59,10,9450.182126090616
59,9,9692.311795700067
59,8,9936.914627182316
59,7,10259.376450053887
59,6,11054.352093058802
59,5,11319.05478877161
59,4,11690.314756204003
59,3,11920.60683911737
59,2,48673.55395067876
59,1,49722.55197467006
60,60,5.52474999999999
60,59,10.783000000000019
60,58,19.15011690352178
60,57,46.571336103789285
60,56,60.0
60,55,83.99999999999999
60,54,98.99999999999986
60,53,114.00000000000013
60,52,136.0
60,51,151.9999999999999
60,50,167.33112378557618
60,49,194.19274334607798
60,48,249.07286704836596
60,47,269.4107371484629
60,46,433.51475453302237
60,45,456.7625951710393
60,44,491.5659847854176
60,43,526.7528554057878
60,42,553.6146663962846
60,41,605.1826057469614
60,40,646.0215035790004
60,39,677.4729446543616
60,38,715.9956847410168
60,37,753.1303295156316
60,36,895.9356309348574
60,35,933.439696627668
60,34,971.3302247526028
60,33,1019.9114711766091
60,32,1088.1908390420624
60,31,1128.2642253231097
60,30,1225.7590416790808
60,29,1268.6717446534349
60,28,2196.0310030586165
60,27,2284.147256989254
60,26,2379.1620314025067
60,25,2469.5919901865163
60,24,2562.050931455251
60,23,2693.8302832589743
60,22,2820.300909591008
60,21,2919.5276781271364
60,20,3025.1037778107834
60,19,3125.844644284148
60,18,3413.9883432914557
60,17,3503.390027517096
60,16,3593.4352468167076
60,15,3712.1437200970895
60,14,3941.170024403759
60,13,4037.193311446053
60,12,4230.8566670760565
60,11,4326.46270879345
60,10,9818.731298179482
60,9,10065.47806537465
60,8,10314.699212074029
60,7,10643.178520168682
60,6,11484.668897857628
60,5,11754.712399871969
60,4,12132.940907657156
60,3,12367.779148436042
60,2,50447.12604273801
60,1,51515.91831397467
61,61,5.581869999999958
61,60,10.937999999999887
61,59,20.608313931531583
61,58,46.14007016288353
61,57,61.700000000000074
61,56,84.9999999999999
61,55,100.99999999999979
61,54,115.99999999999986
61,53,137.99999999999991
61,52,154.99999999999983
61,51,172.99072522575383
61,50,201.9794235530528
61,49,230.11330290055736
61,48,276.93699742225124
61,47,297.96718995880525
61,46,477.010001174682
61,45,501.32909746414816
61,44,537.2715923434038
61,43,573.5977468449859
61,42,601.5313077176554
61,41,654.5632823157056
61,40,697.1081627167208
61,39,729.7187921551003
61,38,769.4011151355928
61,37,807.6267997673567
61,36,954.8746907737457
61,35,993.3618695246296
61,34,1032.2357928246968
61,33,1082.1372089945444
61,32,1154.2916993842673
61,31,1195.415996582988
61,30,1295.7871010192696
61,29,1339.7742893309971
61,28,2315.382000322038
61,27,2405.6483972655983
61,26,2502.955775878549
61,25,2595.6782830738866
61,24,2690.2875706614486
61,23,2825.0130041418065
61,22,2956.2237010185504
61,21,3057.8058131054786
61,20,3165.737297788184
61,19,3268.692326675983
61,18,3562.9801636193656
61,17,3654.226247688242
61,16,3746.1159582565674
61,15,3867.2516318358225
61,14,4109.182744119338
61,13,4207.248482039767
61,12,4404.9921803292455
61,11,4502.574814745776
61,10,10194.547173462779
61,9,10445.916642976084
61,8,10699.761732283281
61,7,11034.265889633682
61,6,11924.812685017638
61,5,12200.234562714373
61,4,12585.437914051941
61,3,12824.854023392723
61,2,52257.755922426346
61,1,53346.45455192497
62,62,5.64372200000013
62,61,11.07800000000013
62,60,21.613522954314746
62,59,47.94705622965732
62,58,74.85749398999012
62,57,87.00000000000001
62,56,103.0000000000002
62,55,118.00000000000009
62,54,141.00000000000014
62,53,158.00000000000014
62,52,178.40870879866762
62,51,208.06732187137064
62,50,238.35946474279638
62,49,256.99999999999994
62,48,276.0
62,47,288.52421565353774
62,46,522.2421007551518
62,45,547.6330830445223
62,44,584.7153573131857
62,43,622.1814729500627
62,42,651.1874229504748
62,41,705.6843116943944
62,40,749.9843695187953
62,39,783.7557238733168
62,38,824.5991741938844
62,37,863.9173580366471
62,36,1015.6138412709081
62,35,1055.0854752125629
62,34,1094.9441410302322
62,33,1146.1675430091148
62,32,1222.4104951225559
62,31,1264.5900613604263
62,30,1367.8473065952214
62,29,1412.9134752957302
62,28,2437.8252630027655
62,27,2530.242863774166
62,26,2629.843982830227
62,25,2724.8601794216797
62,24,2821.6208889871355
62,23,2959.293885756758
62,22,3095.405067339297
62,21,3199.346167442925
62,20,3309.636698372818
62,19,3414.809346226597
62,18,3715.250987972538
62,17,3808.344395343815
62,16,3902.0815306660247
62,15,4025.64827974154
62,14,4281.185813027397
62,13,4381.305397557068
62,12,4583.145990535161
62,11,4682.716300701273
62,10,10577.647746399663
62,9,10833.64564656517
62,8,11092.120429684326
62,7,11432.656961921899
62,6,12374.922110755098
62,5,12655.761110425196
62,4,13047.925084825914
62,3,13291.951398198647
62,2,54105.74599097352
62,1,55214.46377223542
63,63,5.670385000000054
63,62,11.240000000000128
63,61,22.825879460649972
63,60,49.37805378236069
63,59,63.20000000000014
63,58,89.00000000000004
63,57,105.00000000000023
63,56,120.0
63,55,142.4680962402248
63,54,159.5886292323665
63,53,179.6398389580288
63,52,213.83724883365485
63,51,244.87656099046387
63,50,262.99999999999983
63,49,281.00000000000006
63,48,294.990151701296
63,47,329.5344916828662
63,46,569.212741992846
63,45,595.6762479881048
63,44,633.8989811248396
63,43,672.5057404195642
63,42,702.5847252870128
63,41,758.5474123031364
63,40,804.6542515905761
63,39,839.5878939395025
63,38,881.5940408758114
63,37,922.0062064531281
63,36,1078.1573812251577
63,35,1118.6148324900964
63,34,1159.4596081016723
63,33,1212.0068393064873
63,32,1292.5631111985874
63,31,1335.8024268886866
63,30,1441.955913631117
63,29,1488.105682797575
63,28,2563.363057964837
63,27,2657.932921643213
63,26,2759.8289152854813
63,25,2857.1399412937344
63,24,2956.0531457267007
63,23,3096.6751823662153
63,22,3237.8538992334984
63,21,3344.157683288614
63,20,3456.8109716946087
63,19,3564.2047417461954
63,18,3870.809982905551
63,17,3965.75367476448
63,16,4061.3412059390835
63,15,4187.342955215591
63,14,4457.222867788537
63,13,4559.40801565543
63,12,4765.362453389366
63,11,4866.931832926007
63,10,10968.048348997569
63,9,11228.680459501178
63,8,11491.790738502126
63,7,11838.367236750335
63,6,12835.137775667483
63,5,13121.433783053873
63,4,13520.604123935
63,3,13769.275068836834
63,2,55991.96427629379
63,1,57120.826032981
64,64,6.149799999999969
64,63,12.076000000000146
64,62,20.539999999999896
64,61,50.88659410078566
64,60,64.79999999999995
64,59,88.99999999999994
64,58,106.00000000000004
64,57,122.99999999999994
64,56,143.9999999999999
64,55,167.01128834483555
64,54,184.82344007807927
64,53,215.42076017607778
64,52,256.60167219768937
64,51,267.99999999999994
64,50,288.0
64,49,301.63872685172186
64,48,336.46257194014294
64,47,372.2816810371016
64,46,617.923909681046
64,45,645.4605967323404
64,44,684.8244915385707
64,43,724.5726004349649
64,42,755.7252864409159
64,41,813.1546874940966
64,40,861.1224060631249
64,39,897.2199424208335
64,38,940.3903999250183
64,37,981.8980720319374
64,36,1142.5102079658939
64,35,1183.954877845452
64,34,1225.7871698047397
64,33,1279.6601258564717
64,32,1364.76660291062
64,31,1409.0702942150267
64,30,1518.130425134522
64,29,1565.3685647478117
64,28,2691.9988916414713
64,27,2788.7221203476756
64,26,2892.9141688747786
64,25,2992.521209376819
64,24,3093.588025675852
64,23,3237.160640437715
64,22,3383.5807903969567
64,21,3492.2510561142967
64,20,3607.2709165904257
64,19,3716.8894096516765
64,18,4029.6683179484535
64,17,4126.465338241382
64,16,4223.906319320966
64,15,4352.347102769149
64,14,4637.341178640038
64,13,4741.603984388577
64,12,4951.689716023314
64,11,5055.269925277485
64,10,11365.769774774899
64,9,11631.042050489612
64,8,11898.793803332073
64,7,12251.41808891062
64,6,13305.611439573659
64,5,13597.405647750904
64,4,14003.587268733687
64,3,14256.937617590618
64,2,57916.61277995143
64,1,59065.74140201209
65,65,5.86380000000027
65,64,11.512999999999906
65,63,19.8394402314591
65,62,39.330000000000226
65,61,66.50000000000013
65,60,90.0
65,59,108.00000000000045
65,58,124.99999999999997
65,57,143.00000000000017
65,56,168.00000000000006
65,55,186.00000000000017
65,54,215.99999999999994
65,53,252.93619415443533
65,52,276.4736750279671
65,51,276.24990990596467
65,50,307.7838712214269
65,49,343.5430045991415
65,48,379.6729000823526
65,47,416.7675482019901
65,46,668.3773998398029
65,45,696.9879340201383
65,44,737.4937007450502
65,43,778.3838725733776
65,42,810.6109340782282
65,41,869.5079732870314
65,40,919.3932144569496
65,39,956.6562796678285
65,38,1000.9926892773924
65,37,1043.597418529046
65,36,1208.6768921829287
65,35,1251.1102046171036
65,34,1293.9314420858523
65,33,1349.1320494045276
65,32,1439.0381382861144
65,31,1484.4109636275664
65,30,1596.3884098651797
65,29,1644.719825305134
65,28,2823.735268428214
65,27,2922.6129678760103
65,26,3029.102255235409
65,25,3131.006499801317
65,24,3234.228047800352
65,23,3380.7527819088114
65,22,3532.595232286222
65,21,3643.6358359145165
65,20,3761.026140510953
65,19,3872.8730111981913
65,18,4191.835802426477
65,17,4290.489239114977
65,16,4389.786768096851
65,15,4520.670677542004
65,14,4821.5879890149845
65,13,4927.940895560675
65,12,5142.175807282646
65,11,5247.778943940592
65,10,11770.828672870577
65,9,12040.747136534199
65,8,12313.146408716682
65,7,12671.826390404314
65,6,13786.495654903001
65,5,14083.830494540447
65,4,14497.110803921925
65,3,14755.177850567015
65,2,59880.74354960864
65,1,61050.27669940913
66,66,5.939061000000088
66,65,11.64699999999997
66,64,20.811355478414967
66,63,48.30139508289627
66,62,62.10000000000007
66,61,92.9999999999998
66,60,109.99999999999994
66,59,126.99999999999999
66,58,151.99999999999997
66,57,169.9999999999998
66,56,192.54171702949424
66,55,224.3561004662593
66,54,256.7369206936761
66,53,267.1673554264781
66,52,297.00557902644977
66,51,317.12645827769524
66,50,350.04364263784964
66,49,387.186284873842
66,48,424.62303652247704
66,47,462.9940144923193
66,46,720.5752421871535
66,45,750.2603068568943
66,44,791.9086754867868
66,43,833.9416433726798
66,42,867.2437725272814
66,41,927.6094003110148
66,40,979.4714337482012
66,39,1017.9017028536027
66,38,1063.40574728861
66,37,1107.109123191442
66,36,1276.6624685985905
66,35,1320.085883217941
66,34,1363.8975311278107
66,33,1420.4277638766132
66,32,1515.3959404776328
66,31,1561.8428079820842
66,30,1676.7485482596876
66,29,1726.1782987128727
66,28,2958.575587208098
66,27,3059.608896941132
66,26,3168.39664330138
66,25,3272.5993171157183
66,24,3377.9767510843417
66,23,3527.4551936374737
66,22,3684.9079809754826
66,21,3798.3228714267093
66,20,3918.0875857723086
66,19,4032.166576928002
66,18,4357.323713147927
66,17,4457.836728592929
66,16,4558.993978001838
66,15,4692.325203429317
66,14,5010.0137171425
66,13,5118.469558472917
66,12,5336.872044460915
66,11,5444.510585595715
66,10,12183.245588139722
66,9,12457.81641349861
66,8,12734.869401974696
66,7,13099.613186518945
66,6,14277.952903824722
66,5,14580.872173078333
66,4,15001.128309915466
66,3,15263.946778655189
66,2,61883.43605705234
66,1,63073.48736472358
67,67,6.0215000000000884
67,66,11.780999999999938
67,65,20.64099418119643
67,64,49.692575436466946
67,63,63.9
67,62,95.00000000000001
67,61,112.00000000000011
67,60,129.00000000000003
67,59,154.99999999999972
67,58,173.00000000000023
67,57,197.47821649802992
67,56,228.9317632408052
67,55,262.50910571526805
67,54,286.7210523585943
67,53,319.1407702049763
67,52,318.20651990858227
67,51,359.7421552959325
67,50,394.04342278415464
67,49,432.5704385577093
67,48,471.3148672031769
67,47,510.9629804863816
67,46,774.5194023990422
67,45,805.279693389088
67,44,848.0714067282495
67,43,891.247916606262
67,42,925.6258178934993
67,41,987.461000864712
67,40,1041.3617852999516
67,39,1080.9609675068414
67,38,1127.6343633802605
67,37,1172.438007317475
67,36,1346.471888950461
67,35,1390.8868940465068
67,34,1435.6904460026055
67,33,1493.552316972158
67,32,1593.8586787720146
67,31,1641.3846430496326
67,30,1759.22995406123
67,29,1809.763248945684
67,28,3096.5228319124103
67,27,3199.7129082293995
67,26,3310.8003515869013
67,25,3417.302697875274
67,24,3524.8371886748755
67,23,3677.2709512898764
67,22,3840.5294325821296
67,21,3956.32263308828
67,20,4078.465796922237
67,19,4194.780721054017
67,18,4526.142857587264
67,17,4628.518672129441
67,16,4731.538872487621
67,15,4867.321680259011
67,14,5202.669892294203
67,13,5313.241888326455
67,12,5535.830832940629
67,11,5645.517629684854
67,10,12603.039464364547
67,9,12882.268930476253
67,8,13163.981937524894
67,7,13534.797768881459
67,6,14780.149821266887
67,5,15088.698684577705
67,4,15516.026308736538
67,3,15783.63595032371
67,2,63926.717774363264
67,1,65137.434071936244
68,68,6.107699999999911
68,67,11.91599999999995
68,66,20.504726242180986
68,65,49.865438157947516
68,64,65.10000000000001
68,63,95.99999999999993
68,62,113.99999999999994
68,61,130.99999999999983
68,60,158.00000000000006
68,59,177.00000000000009
68,58,201.3056347021004
68,57,234.31950048766282
68,56,267.03800344849634
68,55,289.9999999999999
68,54,310.99999999999994
68,53,319.9345525949971
68,52,356.08581798241363
68,51,404.09887907815954
68,50,439.78510600062515
68,49,479.6973760594274
68,48,519.7503176263301
68,47,560.6763863626524
68,46,830.2118863399614
68,45,862.0481119737591
68,44,905.9839257189593
68,43,950.3047364091141
68,42,985.7591266844918
68,41,1049.0648477797788
68,40,1105.0691017699005
68,39,1145.8389407495742
68,38,1193.6834389025469
68,37,1239.589004454749
68,36,1418.1102184954882
68,35,1463.518331333115
68,34,1509.3153099289434
68,33,1568.5108709494157
68,32,1674.4457235920772
68,31,1723.055990372362
68,30,1843.8524551140863
68,29,1895.4946588445375
68,28,3237.580041156597
68,27,3342.928057339572
68,26,3456.3164537675093
68,25,3565.1197340225335
68,24,3674.8124693570603
68,23,3830.2031865398912
68,22,3999.470211599672
68,21,4117.645820590178
68,20,4242.1715486734365
68,19,4360.726288820114
68,18,4698.304276705184
68,17,4802.5461694191445
68,16,4907.432610004931
68,15,5045.671343859157
68,14,5399.610014603336
68,13,5512.311784464064
68,12,5739.106576391237
68,11,5850.8548668084295
68,10,13030.229640781956
68,9,13314.124133625048
68,8,13600.503568475287
68,7,13977.399829947419
68,6,15293.259699139044
68,5,15607.484737593393
68,4,16041.853775141186
68,3,16314.293350272583
68,2,66010.28614715395
68,1,67241.80205909435
69,69,6.184401999999952
69,68,12.065000000000222
69,67,19.93993369601451
69,66,50.072552990326614
69,65,65.40000000000026
69,64,97.99999999999994
69,63,115.99999999999996
69,62,132.99999999999986
69,61,160.00000000000009
69,60,180.0
69,59,203.9859636753832
69,58,238.56787805271546
69,57,274.0000000000001
69,56,294.99999999999994
69,55,286.03421556852896
69,54,324.10483462327716
69,53,363.13410321503636
69,52,400.8770010903387
69,51,450.19859883296044
69,50,487.27068196713265
69,49,528.5691078809804
69,48,569.931418158276
69,47,612.1362820395982
69,46,887.654841764179
69,45,920.5677266447346
69,44,965.6484146192563
69,43,1011.1143031065158
69,42,1047.6459158167127
69,41,1112.4231818401022
69,40,1170.5984607282905
69,39,1212.5407396619555
69,38,1261.5581310559244
69,37,1308.5673096506143
69,36,1491.5828059795622
69,35,1537.9855783682608
69,34,1584.7775408028954
69,33,1645.3088900100743
69,32,1757.1773676596824
69,31,1806.8773041036977
69,30,1930.636835663704
69,29,1983.393478471597
69,28,3381.750695998758
69,27,3489.257854847273
69,26,3604.948491986166
69,25,3716.0539989076415
69,24,3827.906196375002
69,23,3986.255544011447
69,22,4161.741643549688
69,21,4282.303849136581
69,20,4409.216346495411
69,19,4530.014870733672
69,18,4873.819798000418
69,17,4979.931119429865
69,16,5086.6871610887165
69,15,5227.386259024177
69,14,5600.890247805187
69,13,5715.73583615683
69,12,5946.756414428507
69,11,6060.579849416123
69,10,13464.83738449491
69,9,13753.403431295768
69,8,14044.455844748238
69,7,14427.441104542475
69,6,15817.464482626881
69,5,16137.413780795408
69,4,16578.888077998796
69,3,16856.19922238588
69,2,68135.35370432022
69,1,69387.82018970257
70,70,5.442244179122748
70,69,11.035345974649891
70,68,19.157975209813255
70,67,49.92754611020631
70,66,65.59999999999978
70,65,98.99999999999986
70,64,117.00000000000007
70,63,135.00000000000009
70,62,159.12739798221384
70,61,178.3299720639706
70,60,192.4144262092617
70,59,241.59308774254964
70,58,276.5050434051057
70,57,298.612037305013
70,56,282.573025725208
70,55,327.92213585242627
70,54,367.2585361205842
70,53,408.0523814462291
70,52,447.41230797557614
70,51,498.0433022933297
70,50,536.5021561749465
70,49,579.1876572667054
70,48,621.8602088108769
70,47,665.3447239047352
70,46,946.8504014491112
70,45,980.8406840099825
70,44,1027.0670347081777
70,43,1073.6787926551824
70,42,1111.2883750852975
70,41,1177.5382116920948
70,40,1237.9549770678523
70,39,1281.0715157549641
70,38,1331.2636279843834
70,37,1379.3781455414555
70,36,1566.895014806135
70,35,1614.2940297434795
70,34,1662.082564433725
70,33,1723.9518419162414
70,32,1842.074548669462
70,31,1892.8696846701948
70,30,2019.6045261146073
70,29,2073.4813052401137
70,28,3529.0380906782057
70,27,3638.70561607012
70,26,3756.699804040996
70,25,3870.1088528376213
70,24,3984.121751126603
70,23,4145.431433991787
70,22,4327.354987883293
70,21,4450.308059158699
70,20,4579.611611850411
70,19,4702.657964492182
70,18,5052.701131030607
70,17,5160.685295405072
70,16,5269.314362714767
70,15,5412.4783466655
70,14,5806.568518667096
70,13,5923.572401562922
70,12,6158.839253487159
70,11,6274.751902237809
70,10,13906.883355592907
70,9,14200.127602927376
70,8,14495.859665252623
70,7,14884.942647372894
70,6,16352.952332959301
70,5,16678.67551050358
70,4,17127.16283114529
70,3,17409.38588394949
70,2,70301.48177388922
70,1,71575.03529488099
71,71,5.425870999999985
71,70,18.274358772525808
71,69,24.34695331531201
71,68,49.59605908292122
71,67,81.63060838100186
71,66,97.99999999999994
71,65,113.49346742447297
71,64,132.5500333114515
71,63,155.34424071339205
71,62,185.9931923744972
71,61,205.90469631819826
71,60,230.3665850764061
71,59,280.9177094333759
71,58,307.98163349708807
71,57,330.83558210103604
71,56,324.8830718491667
71,55,371.5287312114367
71,54,412.13126330240925
71,53,454.6901778508467
71,52,495.6937029354649
71,51,547.6349650347613
71,50,587.4815178224399
71,49,631.5550265859985
71,48,675.5387041448146
71,47,720.3037382344967
71,46,1007.8006380009633
71,45,1042.8690668660647
71,44,1090.2418785147668
71,43,1138.000307283306
71,42,1176.6886165355509
71,41,1244.4120611639219
71,40,1307.1437500373033
71,39,1351.4364006057308
71,38,1402.805092860869
71,37,1452.0267049611687
71,36,1644.0521598159676
71,35,1692.4490267153612
71,34,1741.2357484840588
71,33,1804.445130068833
71,32,1929.1588121492
71,31,1981.0548404427814
71,30,2110.777562504128
71,29,2165.7803421609583
71,28,3679.4451941576713
71,27,3791.27431932804
71,26,3911.573378123818
71,25,4027.287294392137
71,24,4143.462141105013
71,23,4307.73387564081
71,22,4496.321280467753
71,21,4621.6695552308065
71,20,4753.368517403595
71,19,4878.6668066786915
71,18,5234.959689175556
71,17,5344.8201635847645
71,16,5455.325733965126
71,15,5600.95919545262
71,14,6016.704425129623
71,13,6135.881513530259
71,12,6375.415671340719
71,11,6493.432024567758
71,10,14356.387130644562
71,9,14654.316314381877
71,8,14954.734785008503
71,7,15349.924329374477
71,6,16899.91748197482
71,5,17231.46571999861
71,4,17686.979560776075
71,3,17974.15797384435
71,2,72509.9955971069
71,1,73804.79041619666
72,72,6.825070000000041
72,71,14.610000000000142
72,70,14.336529834287687
72,69,24.119492676735938
72,68,81.75003149430133
72,67,96.56570747241823
72,66,116.27191481426574
72,65,138.14380431237203
72,64,158.04126473581437
72,63,192.0566921932721
72,62,214.09918435737103
72,61,234.72233309936254
72,60,270.0367076588498
72,59,303.8769853987092
72,58,328.08174831802853
72,57,312.49359152094127
72,56,368.91231026427084
72,55,416.8548893140626
72,54,458.7239162605391
72,53,503.0484078108588
72,52,545.7233116415339
72,51,598.9757369660848
72,50,640.2109403021485
72,49,685.6734133371252
72,48,730.9691247751938
72,47,777.0155684885558
72,46,1070.507913126879
72,45,1106.6552558028197
72,44,1155.1753481703877
72,43,1204.0812707269008
72,42,1243.8490833299702
72,41,1313.0472021130358
72,40,1378.1703138293492
72,39,1423.6409718830052
72,38,1476.1881478963724
72,37,1526.5186521864691
72,36,1723.0600756358194
72,35,1772.4564425215517
72,34,1822.2430048896276
72,33,1886.7947180580707
72,32,2018.4529878072606
72,31,2071.4557819208094
72,30,2204.1793246167363
72,29,2260.314154848659
72,28,3832.9759415172775
72,27,3946.9679370207837
72,26,4069.5732265886204
72,25,4187.593375224756
72,24,4305.931455938204
72,23,4473.167011364301
72,22,4668.652893055421
72,21,4796.400809348193
72,20,4930.499636386799
72,19,5058.054065975288
72,18,5420.608407569273
72,17,5532.348739606556
72,16,5644.734371122528
72,15,5792.842007890638
72,14,6231.361328165752
72,13,6352.727011961321
72,12,6596.550129431397
72,11,6716.685142673019
72,10,14813.372222015776
72,9,15115.993242168237
72,8,15421.10504515632
72,7,15822.410206883882
72,6,17458.566100839755
72,5,17795.992279765363
72,4,18258.614760279546
72,3,18550.794520358093
72,2,74761.99991739947
72,1,76078.20321725127
73,73,7.549571000000198
73,72,16.199999999999893
73,71,15.360378130724648
73,70,33.76019804914499
73,69,44.20476896898786
73,68,115.62066996083152
73,67,121.11484966061361
73,66,141.397898111926
73,65,163.93525032987014
73,64,184.67471431565528
73,63,212.9999999999998
73,62,235.00000000000006
73,61,242.49306304546752
73,60,311.4255854112487
73,59,336.99883372975154
73,58,361.9462673138596
73,57,356.8668005035641
73,56,414.66154198680584
73,55,463.90141144065996
73,54,507.03729722633386
73,53,553.1278768475672
73,52,597.503167007487
73,51,652.0676606616781
73,50,694.6924785466704
73,49,741.5448842350011
73,48,788.1535482277119
73,47,835.4823025073633
73,46,1134.9743521465334
73,45,1172.2013852311402
73,44,1221.8695863524886
73,43,1271.9238338857538
73,42,1312.7719349808444
73,41,1383.44580375069
73,40,1451.0399633459472
73,39,1497.6905560025964
73,38,1551.4181500813995
73,37,1602.8593728837839
73,36,1803.9242661958017
73,35,1854.3218065096742
73,34,1905.1098883959405
73,33,1971.0061950842426
73,32,2109.9802656164748
73,31,2164.0958718483
73,30,2299.8335209614575
73,29,2357.1066289546147
73,28,3989.633295385968
73,27,4105.789437650825
73,26,4230.702324064832
73,25,4351.0300767440385
73,24,4471.532682338659
73,23,4641.733834446689
73,22,4844.36120046521
73,21,4974.513262569372
73,20,5111.016475299863
73,19,5240.831310269692
73,18,5609.659023646251
73,17,5723.282811510018
73,16,5837.5521127976945
73,15,5988.138689187952
73,14,6450.603495491411
73,13,6574.173629068753
73,12,6822.307937985032
73,11,6944.577016971203
73,10,15277.858563627724
73,9,15585.178402268431
73,8,15894.990543537071
73,7,16302.420484046519
73,6,18029.108521369682
73,5,18372.467200475166
73,4,18842.166838417634
73,3,19139.393524139803
73,2,77057.41768630959
73,1,78395.18835325963
74,74,7.864030000000021
74,73,16.36999999999997
74,72,16.53947367896564
74,71,35.21543596115726
74,70,54.31918343185007
74,69,65.42622253871009
74,68,151.2087874343819
74,67,141.20000000000005
74,66,152.77530434378687
74,65,172.40853668060214
74,64,198.6847566629457
74,63,244.1389370709267
74,62,227.53689377988127
74,61,284.3044233911128
74,60,354.53409027250973
74,59,371.3926168135225
74,58,397.0857726215953
74,57,402.9605038400274
74,56,462.131672124333
74,55,512.6692144789147
74,54,557.0723340827257
74,53,604.9295267272878
74,52,651.035475130751
74,51,706.91296467779
74,50,750.9283833433383
74,49,799.1717127452762
74,48,847.0942696395103
74,47,895.7062567865587
74,46,1201.202379615239
74,45,1239.5098974499228
74,44,1290.3270552717195
74,43,1341.5304789299632
74,42,1383.4596717968536
74,41,1455.6103927038455
74,40,1525.758440124575
74,39,1573.5909370572613
74,38,1628.5009268386839
74,37,1681.0547353660545
74,36,1886.6507657419004
74,35,1938.0511903182767
74,34,1989.8425081069392
74,33,2057.0857203484206
74,32,2203.7652052709923
74,31,2258.999861021226
74,30,2397.7652926571127
74,29,2456.183102018642
74,28,4149.421194536184
74,27,4267.742793247332
74,26,4394.964678160568
74,25,4517.601441673839
74,24,4640.269896763703
74,23,4813.438468101935
74,22,5023.45892523909
74,21,5156.019734577308
74,20,5294.931951701952
74,19,5427.0115493553185
74,18,5802.124804395627
74,17,5917.635723895808
74,16,6033.792381320948
74,15,6186.8627640568075
74,14,6674.49919835376
74,13,6800.290145783448
74,12,7052.75854200463
74,11,7177.177587210667
74,10,15749.870021996487
74,9,16061.895816219781
74,8,16376.415457102017
74,7,16789.979540854005
74,6,18611.767872702017
74,5,18961.11543332953
74,4,19437.86877493632
74,3,19740.18966545517
74,2,79397.01710441726
74,1,80756.52064372844
75,75,7.833519999999783
75,74,16.5999999999999
75,73,17.516020953639032
75,72,36.8268119176303
75,71,56.207374969131386
75,70,76.01597969279457
75,69,87.78636526532777
75,68,133.40520607136617
75,67,156.09956145682946
75,66,179.99357378726938
75,65,200.46071926854873
75,64,239.30478480283222
75,63,263.2667825179205
75,62,269.8015015735787
75,61,327.8358841443792
75,60,399.3630757732177
75,59,403.0
75,58,380.8451502859257
75,57,450.7755694143569
75,56,511.323573922799
75,55,563.1591769114458
75,54,608.8299105973475
75,53,658.4542490687774
75,52,706.3224146937144
75,51,763.5138429712456
75,50,808.9208653537419
75,49,858.5561261031858
75,48,907.7935318296803
75,47,957.6896893115547
75,46,1269.1943219147872
75,45,1308.5831317376574
75,44,1360.55010758187
75,43,1412.9035718845537
75,42,1455.9146726011727
75,41,1529.54336477929
75,40,1602.3314274587092
75,39,1651.347835149524
75,38,1707.4422348866397
75,37,1761.1105308054523
75,36,1971.245506351467
75,35,2023.650557074785
75,34,2076.4468582217405
75,33,2145.0393298805543
75,32,2299.833066203547
75,31,2356.1931997095844
75,30,2498.0004754639926
75,29,2557.5696057290006
75,28,4312.343120784248
75,27,4432.831503444342
75,26,4562.363807483293
75,25,4687.311007763066
75,24,4812.146654665906
75,23,4988.2844918796945
75,22,5205.958421498037
75,21,5340.932660335653
75,20,5482.25858127059
75,19,5616.607374812117
75,18,5998.018552127727
75,17,6115.420342348527
75,16,6233.468105585336
75,15,6389.027244772157
75,14,6903.118667687168
75,13,7031.147306315958
75,12,7287.97334004717
75,11,7414.558749852119
75,10,16229.428906249674
75,9,16546.167908529114
75,8,16865.40232579816
75,7,17285.110067708298
75,6,19206.774583039074
75,5,19562.169259802995
75,4,20045.978158133996
75,3,20353.442515387884
75,2,81781.69543717959
75,1,83163.10579369326
76,76,8.438230000000022
76,75,16.999999999999904
76,74,16.990736634795706
76,73,38.00411523683077
76,72,58.25262718842414
76,71,78.3387371123673
76,70,98.85314920224458
76,69,111.28777853745117
76,68,160.5317069659941
76,67,183.8458169114271
76,66,208.35978368014776
76,65,229.66200467455977
76,64,281.6449333736142
76,63,283.0927411436009
76,62,313.78671701234435
76,61,373.0883306802774
76,60,406.5757405661943
76,59,433.0900076713187
76,58,429.0096585455449
76,57,500.31290912283436
76,56,562.2381684411579
76,55,615.3722282792248
76,54,662.3109644467273
76,53,713.7029924695016
76,52,763.3662521356824
76,51,821.8725808823074
76,50,868.6722294874751
76,49,919.7004489280326
76,48,970.253678114532
76,47,1021.4349617213303
76,46,1338.9526288643142
76,45,1379.423553296787
76,44,1432.5412251532282
76,43,1486.0456113080813
76,42,1530.1394514691283
76,41,1605.2472557062094
76,40,1680.7648321647378
76,39,1730.967197258819
76,38,1788.2480616298453
76,37,1843.0327847014103
76,36,2057.714668712745
76,35,2111.12612205776
76,34,2164.9291886558835
76,33,2234.8733200660004
76,32,2398.2102462001285
76,31,2455.7024868536546
76,30,2600.5660741870443
76,29,2661.2933514948118
76,28,4478.402885024553
76,27,4601.059404579473
76,26,4732.903575542401
76,25,4860.162665565218
76,24,4987.166872205785
76,23,5166.2758571932445
76,22,5391.872618115165
76,21,5529.265058698279
76,20,5673.009473119721
76,19,5809.631980726099
76,18,6197.353697377501
76,17,6316.6501685840985
76,16,6436.5928585631855
76,15,6594.645798160572
76,14,7136.535423694027
76,13,7266.819171752343
76,12,7528.027081768302
76,11,7656.795779300119
76,10,16716.558962577947
76,9,17038.018561629488
76,8,17361.97516852169
76,7,17787.836261593144
76,6,19814.3701559008
76,5,20175.872134626992
76,4,20666.65329398838
76,3,20979.310758127467
76,2,84211.68432299145
76,1,85615.17234711934
77,77,8.96702000000003
77,76,16.999999999999904
77,75,18.90035680048735
77,74,37.69829324631057
77,73,59.60681270000479
77,72,80.81950047671035
77,71,101.612121538985
77,70,122.83330925779329
77,69,135.9330973704103
77,68,188.8071652602767
77,67,212.74190214406946
77,66,237.8766987414502
77,65,260.0151795486674
77,64,291.1595261001497
77,63,317.31322633383843
77,62,359.49339794842746
77,61,420.06262223517285
77,60,443.9533638546023
77,59,471.21264657868096
77,58,478.896894985342
77,57,551.5733935176839
77,56,614.8763279747708
77,55,669.3092429974181
77,54,717.5163725653521
77,53,770.6766386481477
77,52,822.1692101921112
77,51,881.9914131313316
77,50,930.1847245377811
77,49,982.6069437186704
77,48,1034.4769837366846
77,47,1086.944361550547
77,46,1410.4796385795798
77,45,1452.0335108713969
77,44,1506.3027671280374
77,43,1560.958966715954
77,42,1606.1363882447313
77,41,1682.7244581051668
77,40,1761.0644935218372
77,39,1812.4548973013027
77,38,1870.9243150340913
77,37,1926.827437011547
77,36,2146.0643241605485
77,35,2200.4839852178584
77,34,2255.295627977678
77,33,2326.5938581407945
77,32,2498.9239303253407
77,31,2557.555109565554
77,30,2705.4898841443173
77,29,2767.382342070949
77,28,4647.603829010945
77,27,4772.429849287645
77,26,4906.587346491733
77,25,5036.159791179686
77,24,5165.333936009372
77,23,5347.415964648143
77,22,5581.21407571529
77,21,5721.029565013079
77,20,5867.197336841929
77,19,6006.09814643323
77,18,6400.143212669141
77,17,6521.338232980962
77,16,6643.179728489335
77,15,6803.73158865844
77,14,7374.825247291353
77,13,7507.382070823962
77,12,7772.996797918295
77,11,7903.966237804825
77,10,17211.282414415957
77,9,17537.470098444002
77,8,17866.156407614188
77,7,18298.180674231466
77,6,20434.804516324533
77,5,20802.475977416932
77,4,21300.298230535987
77,3,21618.20245480723
77,2,86688.73948956386
77,1,88114.49814611515
78,78,8.958830000000113
78,77,10.372387467633558
78,76,19.737260590546583
78,75,40.069614164928126
78,74,59.521124923890675
78,73,82.32541113635537
78,72,104.53008905162699
78,71,126.03020743061967
78,70,147.95916101647026
78,69,161.72504299622415
78,68,218.2344103209952
78,67,242.79066639983932
78,66,268.54718822162397
78,65,291.5231390486971
78,64,325.0936146546772
78,63,351.9236952808467
78,62,406.9224769353988
78,61,468.7597034525511
78,60,482.6401521211226
78,59,510.647837418819
78,58,530.5078247681536
78,57,604.5580015030822
78,56,669.2390443460641
78,55,724.9712245944446
78,54,774.4471494668816
78,53,829.3762161646699
78,52,882.7336948362095
78,51,943.8727682356888
78,50,993.4608015350016
78,49,1047.278084413491
78,48,1100.4659444942206
78,47,1154.2204061175653
78,46,1483.777976223345
78,45,1526.415647540332
78,44,1581.8373965540823
78,43,1637.6463211684206
78,42,1683.9081842556766
78,41,1761.9776996119456
78,40,1843.2366783723362
78,39,1895.8172459783789
78,38,1955.4773503497386
78,37,2012.5008850154065
78,36,2236.3010406831418
78,35,2291.7307529254826
78,34,2347.5528210105826
78,33,2420.207640384133
78,32,2602.002816941441
78,31,2661.7799858111807
78,30,2812.801271109313
78,29,2875.86616898966
78,28,4819.950162988214
78,27,4946.947080776657
78,26,5083.419398792452
78,25,5215.306697916378
78,24,5346.652192774435
78,23,5531.709207162422
78,22,5773.996571918808
78,21,5916.240056687968
78,20,6064.836150296761
78,19,6206.01994443743
78,18,6606.401434322177
78,17,6729.498951432337
78,16,6853.243210946181
78,15,7016.299216813984
78,14,7618.068315712501
78,13,7752.916772834938
78,12,8022.964031036477
78,11,8156.15224273767
78,10,17713.624905338766
78,9,18044.548320267095
78,8,18377.97200246327
78,7,18816.16947151104
78,6,21068.341966806358
78,5,21442.247231406818
78,4,21946.996051659255
78,3,22270.19977917831
78,2,89212.55421898683
78,1,90660.76398597768
79,79,5.200925626136234
79,78,12.383359408424859
79,77,31.267748935069644
79,76,41.3275629495874
79,75,62.35499403274894
79,74,82.46054149225043
79,73,106.16123086868905
79,72,129.38710766708388
79,71,151.595728636357
79,70,174.2334574237439
79,69,188.66638674825333
79,68,248.81631520330643
79,67,273.99499930826795
79,66,300.3741582749006
79,65,324.1888122905658
79,64,360.3275212549993
79,63,387.8370732809053
79,62,456.07485492664824
79,61,519.1804785013157
79,60,522.6473338116086
79,59,551.40691396562
79,58,583.8433641267496
79,57,659.2676523931615
79,56,725.3272405210028
79,55,782.3590997863168
79,54,833.1042258190473
79,53,889.8026620150378
79,52,945.0620427609177
79,51,1007.5189967826896
79,50,1058.50282667284
79,49,1113.716252581665
79,48,1168.2229563532737
79,47,1223.2655053534802
79,46,1558.850112651469
79,45,1602.572446111923
79,44,1659.147608370937
79,43,1716.110181723801
79,42,1763.4573583298936
79,41,1843.0095142790046
79,40,1927.2875368738173
79,39,1981.0604303303983
79,38,2041.9133911422002
79,37,2100.0593866291383
79,36,2328.431216919741
79,35,2384.8728546966263
79,34,2441.7072281628416
79,33,2515.7211688532893
79,32,2707.476432275113
79,31,2768.4068616185523
79,30,2922.530423043131
79,29,2986.775245917607
79,28,4995.445489989959
79,27,5124.614716891285
79,26,5263.403366032966
79,25,5397.607035386171
79,24,5531.1253067087855
79,23,5719.159268664573
79,22,5970.233360793414
79,21,6114.909868415614
79,20,6265.939328531329
79,19,6409.41086532366
79,18,6816.142062480551
79,17,6941.146086948483
79,16,7066.79713183521
79,15,7232.362591365543
79,14,7866.347208807108
79,13,8003.506455792362
79,12,8278.012719701557
79,11,8413.438313002393
79,10,18223.610068072736
79,9,18559.276971623087
79,8,18897.44580940593
79,7,19341.826655426037
79,6,21715.255948534934
79,5,22095.461523040394
79,4,22607.14512758889
79,3,22935.704805980655
79,2,91784.76666516636
79,1,93255.62731583456
80,80,6.026859242878488
80,79,20.45241225920714
80,78,33.74105678077318
80,77,53.27957287715678
80,76,64.03482590677287
80,75,85.7578351044744
80,74,106.51789195752053
80,73,131.1156347082212
80,72,155.393354594545
80,71,178.31150574758382
80,70,201.65904145217868
80,69,216.75999210025114
80,68,280.5558539731713
80,67,306.35789514170335
80,66,333.360623500302
80,65,358.0152402887346
80,64,396.8723516619487
80,63,425.06456694401265
80,62,506.9515115344686
80,61,528.5142737050859
80,60,559.8100970934174
80,59,545.4079251354739
80,58,638.9045257046289
80,57,715.7033724996611
80,56,783.1419557171689
80,55,841.4739195182262
80,54,893.4886636048009
80,53,951.9570523907713
80,52,1009.1567654441204
80,51,1072.9326329020819
80,50,1125.313356804512
80,49,1181.9240281687007
80,48,1237.750621278565
80,47,1294.0822828879866
80,46,1635.6987795253642
80,45,1680.5066563037367
80,44,1738.236172350473
80,43,1796.3533382497028
80,42,1844.786718720546
80,41,1925.8227367351517
80,40,2013.2236136196482
80,39,2068.1910395643263
80,38,2130.239071879297
80,37,2189.50961901561
80,36,2422.4617035231663
80,35,2479.9171801479556
80,34,2537.765778084981
80,33,2613.141424450765
80,32,2815.37587916535
80,31,2877.4670763917093
80,30,3034.709167687361
80,29,3100.141643936329
80,28,5174.094168175926
80,27,5305.4371487099215
80,26,5446.543674491481
80,25,5583.065264691961
80,24,5718.757772232667
80,23,5909.770689666845
80,22,6169.938780274854
80,21,6317.053439462838
80,20,6470.521412771981
80,19,6616.2855463747555
80,18,7029.3800021275765
80,17,7156.294625240154
80,16,7283.856557708859
80,15,7451.9368853507885
80,14,8119.7490873118795
80,13,8259.238921696095
80,12,8538.231527102636
80,11,8675.913734790474
80,10,18741.26449848516
80,9,19081.6828078087
80,8,19424.604743532847
80,7,19875.179349767914
80,6,22375.83511927523
80,5,22762.409841949942
80,4,23280.926202672217
80,3,23614.898681308798
80,2,94405.61920610438
80,1,95899.32676563546
81,81,3.4995952515947084
81,80,21.640831578291916
81,79,36.55763373568408
81,78,56.216084973860426
81,77,76.40920213697808
81,76,87.86040067362244
81,75,110.27949604480621
81,74,131.6945419746291
81,73,157.1899982206328
81,72,182.5516764654399
81,71,206.18040423233242
81,70,230.2387973977793
81,69,246.00876166282848
81,68,313.4560310642429
81,67,339.882374542215
81,66,367.509620668491
81,65,393.0054825473709
81,64,434.73961636357615
81,63,463.61778685144594
81,62,559.5533689859163
81,61,570.2902615732733
81,60,602.3346210363114
81,59,600.8962371848899
81,58,695.6922434409748
81,57,773.8660968040847
81,56,842.6841267717396
81,55,902.316622820356
81,54,955.6014044141072
81,53,1015.8403336342355
81,52,1075.0202658684784
81,51,1140.1160919028803
81,50,1193.8948215788416
81,49,1251.9038548233927
81,48,1309.0513959562682
81,47,1366.6732079981498
81,46,1714.3264986021745
81,45,1760.2208107396077
81,44,1819.1056318321846
81,43,1878.3783447792716
81,42,1927.898830052085
81,41,2010.4199448347106
81,40,2101.0512749028712
81,39,2157.2154761971196
81,38,2220.46083076319
81,37,2280.8580539166014
81,36,2518.3991098949928
81,35,2576.870368731512
81,34,2635.735140286688
81,33,2712.475117276785
81,32,2925.7331342896696
81,31,2988.9928431521507
81,30,3149.3701989209544
81,29,3215.9982997493976
81,28,5355.899790943835
81,27,5489.417981122997
81,26,5632.843941237063
81,25,5771.685015480115
81,24,5909.553230160586
81,23,6103.547125875619
81,22,6373.126472557517
81,21,6522.6844906614115
81,20,6678.596202058435
81,19,6826.657860116985
81,18,7246.129329460004
81,17,7374.958703535068
81,16,7504.4356868375835
81,15,7675.036377444311
81,14,8378.363697296452
81,13,8520.204563969868
81,12,8803.711692722763
81,11,8943.670376026916
81,10,19266.612270494552
81,9,19611.79000825224
81,8,19959.473089739913
81,7,20416.25197673573
81,6,23050.378178553547
81,5,23443.39326821383
81,4,23968.721831816165
81,3,24308.1671902213
81,2,97076.56307976443
81,1,98593.328885757
82,82,4.23985800815662
82,81,18.40556690455624
82,80,38.11233879399691
82,79,53.522284982258846
82,78,79.80981088867254
82,77,100.65801282793649
82,76,112.80567288046068
82,75,135.92137231434913
82,74,157.9918962665133
82,73,184.38573872089583
82,72,210.8650034601018
82,71,235.20537574502674
82,70,259.9756984278831
82,69,276.415688674024
82,68,347.51994902424275
82,67,374.57155921334385
82,66,402.8242906930509
82,65,429.1627055502136
82,64,473.9413455215693
82,63,503.50887009462093
82,62,613.8814189076904
82,61,613.418704385527
82,60,646.2153666378631
82,59,658.1116924175948
82,58,754.2075349723036
82,57,833.7568524297998
82,56,903.9547900581756
82,55,964.8882546418237
82,54,1019.4435014336667
82,53,1081.4535700250672
82,52,1142.6550996966316
82,51,1209.0719487863
82,50,1264.249816062807
82,49,1323.6583478113596
82,48,1382.1279148070557
82,47,1441.0409338719335
82,46,1794.736013180642
82,45,1841.7176684863289
82,44,1901.7587629395227
82,43,1962.1879945131502
82,42,2012.7965014216295
82,41,2096.803969817403
82,40,2190.777235823799
82,39,2248.1404978281475
82,38,2312.585468145872
82,37,2374.111531971994
82,36,2616.2504408611107
82,35,2675.73946185295
82,34,2735.622392803732
82,33,2813.7293745235684
82,32,3038.581821156835
82,31,3103.0180380128368
82,30,3266.5478954193322
82,29,3334.3798514754226
82,28,5540.866573865578
82,27,5676.561455640373
82,26,5822.30843547801
82,25,5963.470584540666
82,24,6103.516003379158
82,23,6300.492936092262
82,22,6579.81101357307
82,21,6731.81769329825
82,20,6890.17846331241
82,19,7040.542663505697
82,18,7466.405151971593
82,17,7597.153504749131
82,16,7728.549777641903
82,15,7901.67642552319
82,14,8642.285596039608
82,13,8786.49863008834
82,12,9074.549324818257
82,11,9216.805014456966
82,10,19799.679940752187
82,9,20149.62527330734
82,8,20502.077692317354
82,7,20965.07156846184
82,6,23739.200086803583
82,5,24138.72929306509
82,4,24670.753610205717
82,3,25015.73275203595
82,2,99798.02494084765
82,1,101338.05908882577
83,83,4.595447916136892
83,82,19.553196928116215
83,81,34.16942967571051
83,80,55.44725395010878
83,79,71.35229984946149
83,78,104.52362883214283
83,77,126.0274074533731
83,76,138.87205399731903
83,75,162.68488408373156
83,74,185.41138318658741
83,73,212.70429587923613
83,72,240.3363272773643
83,71,265.3894324325982
83,70,290.87277715473175
83,69,307.98382519510415
83,68,382.7507668315925
83,67,410.42862609552304
83,66,439.3078284680104
83,65,466.4901286897634
83,64,514.4900562616525
83,63,544.7504434091492
83,62,669.9366425163669
83,61,657.9126836188784
83,60,691.465536527273
83,59,717.055286406048
83,58,814.4514004470229
83,57,895.3766449191282
83,56,966.9549567710633
83,55,1029.1898316386805
83,54,1085.0159767779128
83,53,1148.7977916392101
83,52,1212.063815494411
83,51,1279.8027681378294
83,50,1336.38092219521
83,49,1397.190106334929
83,48,1456.982793292321
83,47,1517.1880918148502
83,46,1876.9300268843945
83,45,1924.9999466167494
83,44,1986.198296803828
83,43,2047.7850326418593
83,42,2099.4824914074816
83,41,2184.977588191721
83,40,2282.408244650017
83,39,2340.9728927707015
83,38,2406.619812267771
83,37,2469.2769190064405
83,36,2716.02271588545
83,35,2776.531512913912
83,34,2837.4346230066117
83,33,2916.911329268465
83,32,3153.9568642852973
83,31,3219.5778455306895
83,30,3386.2779911643
83,29,3455.3223007657575
83,28,5728.998521055542
83,27,5866.871595436665
83,26,6014.941200698893
83,25,6158.42603579495
83,24,6300.650174801645
83,23,6500.6122291426345
83,22,6790.006941167359
83,21,6944.467673904284
83,20,7105.282911698584
83,19,7257.954755083282
83,18,7690.222499841194
83,17,7822.894128661995
83,16,7956.21399955362
83,15,8131.872290767446
83,14,8911.613190604425
83,13,9058.220241243615
83,12,9350.844552494424
83,11,9495.41847369302
83,10,20340.49356342171
83,9,20695.2147844183
83,8,21052.444860098694
83,7,21521.66459987201
83,6,24442.62972336034
83,5,24848.7494283204
83,4,25387.39476091177
83,3,25737.971460444413
83,2,102571.30697779129
83,1,104134.83171787743
84,84,5.1781081609204005
84,83,19.570989872450543
84,82,35.72856784028717
84,81,50.79713793105145
84,80,73.65169877664697
84,79,90.0538636722211
84,78,130.35896575541008
84,77,152.5188219725244
84,76,166.06098943098635
84,75,190.57148635929786
84,74,213.95446678194244
84,73,242.14714608823945
84,72,270.9687181233473
84,71,296.7356660443932
84,70,322.9331469046326
84,69,340.7163047855964
84,68,419.15172853367807
84,67,447.456838376739
84,66,476.9635163594403
84,65,504.99106003316894
84,64,556.3988157405175
84,63,587.3556890108154
84,62,660.080901914518
84,61,693.7304025111764
84,60,686.6365325786436
84,59,777.7280570236925
84,58,876.4248859566372
84,57,958.7265287671676
84,56,1031.6856897105897
84,55,1095.2224243733267
84,54,1152.3199085255337
84,53,1217.874086849937
84,52,1283.249051984865
84,51,1352.311207258312
84,50,1410.2908167609655
84,49,1472.5018267342987
84,48,1533.6187462655125
84,47,1595.1174147947054
84,46,1960.9113585939263
84,45,2010.0704792707722
84,44,2072.42708393263
84,43,2135.172326055829
84,42,2187.9596822357303
84,41,2274.9437033416853
84,40,2375.9512712885403
84,39,2435.71967350788
84,38,2502.5709183398417
84,37,2566.361310484399
84,36,2817.723194622501
84,35,2879.2538180669476
84,34,2941.1791635923105
84,33,3022.028363286045
84,32,3271.8948181435394
84,31,3338.709093672156
84,30,3508.5978730804486
84,29,3578.863315746795
84,28,5920.299909802089
84,27,6060.352702038293
84,26,6210.746564297079
84,25,6356.555722462849
84,24,6500.960121982492
84,23,6703.909416007635
84,22,7003.729323823189
84,21,7160.6495962235285
84,20,7323.924806413644
84,19,7478.909483891761
84,18,7917.596972025165
84,17,8052.196249429213
84,16,8187.444102003826
84,15,8365.639821765151
84,14,9186.44968809265
84,13,9335.473356344011
84,12,9632.70232734441
84,11,9779.616435430798
84,10,20889.080416006673
84,9,21248.585960735087
84,8,21610.602154085296
84,7,22086.058817047528
84,6,25161.012701419386
84,5,25573.802061109596
84,4,26119.016876449245
84,3,26475.257615695125
84,2,105397.64813179572
84,1,106984.89633165562
85,85,6.0849749026892495
85,84,20.372671894482508
85,83,35.34058860831119
85,82,52.772121582374645
85,81,68.29490221716938
85,80,92.73205823999014
85,79,109.63342769991769
85,78,157.31728220710738
85,77,180.13372628414638
85,76,194.3739587723477
85,75,219.58266870643925
85,74,243.6226460153249
85,73,272.71580109910315
85,72,302.76532357509467
85,71,329.24724625027466
85,70,356.1599994795243
85,69,374.6163399217286
85,68,456.72615928547555
85,67,485.6595409049944
85,66,515.7947189604413
85,65,544.6688904995257
85,64,599.6812628190339
85,63,631.3383658805152
85,62,706.4457927592971
85,61,740.8248739462267
85,60,747.7684593096571
85,59,840.131074013753
85,58,940.1290707329796
85,57,1023.807592690696
85,56,1098.148086869242
85,55,1162.9871394531394
85,54,1221.3564115740257
85,53,1288.6835817611538
85,52,1356.2135165351629
85,51,1426.5999930710009
85,50,1485.982247023312
85,49,1549.5962767342367
85,48,1612.038560848658
85,47,1674.8317089327606
85,46,2046.6829054110488
85,45,2096.932179523564
85,44,2160.4480546477303
85,43,2224.352822343422
85,42,2278.231037587548
85,41,2366.7053013174823
85,40,2471.4134633924987
85,39,2532.388031473844
85,38,2600.4460218140875
85,37,2665.371983336343
85,36,2921.359323087486
85,35,2983.9138609800793
85,34,3046.8635359333416
85,33,3129.088048557403
85,32,3392.433894657498
85,31,3460.450280599121
85,30,3633.546633769653
85,29,3705.04228351917
85,28,6114.7751678978375
85,27,6257.009229365845
85,26,6409.729008091853
85,25,6557.864154159433
85,24,6704.450380812987
85,23,6910.389068725901
85,22,7220.993620064991
85,21,7380.379017026346
85,20,7546.119802742618
85,19,7703.422597959333
85,18,8148.54457461774
85,17,8285.075950828143
85,16,8422.2562465382
85,15,8602.995282503478
85,14,9466.903196309171
85,13,9618.36687166606
85,12,9920.232620748406
85,11,10069.509637283429
85,10,21445.468557114586
85,9,21809.76700843212
85,8,22176.57792825576
85,7,22658.28276685113
85,6,25894.711926209562
85,5,26314.253012255038
85,4,26865.89838845566
85,3,27227.87097453345
85,2,108277.69146301023
85,1,109888.89724209388
86,86,7.264545891167374
86,85,21.64797195209928
86,84,36.36231937052323
86,83,51.906062486558675
86,82,70.69028137336397
86,81,86.66920923542153
86,80,112.69500233946182
86,79,130.09773236622857
86,78,185.40008859630598
86,77,208.87364237280534
86,76,223.8124951489706
86,75,249.71997667904242
86,74,274.4174781737602
86,73,304.4118338359447
86,72,335.7293971028884
86,71,362.9274513211986
86,70,390.55663802908936
86,69,409.68725638440884
86,68,495.4775065169218
86,67,525.0402036950959
86,66,555.8049290320728
86,65,585.5271421478121
86,64,644.3516880719757
86,63,676.7128925401776
86,62,754.2140340051233
86,61,789.3267719956851
86,60,810.6313507768089
86,59,904.2655142656437
86,58,1005.565150521788
86,57,1090.6210498114247
86,56,1166.3433776831282
86,55,1232.4852210854049
86,54,1292.12674398034
86,53,1361.227552103601
86,52,1430.960101805701
86,51,1502.6720444777402
86,50,1563.4581579188505
86,49,1628.476427812807
86,48,1692.245233873815
86,47,1756.3339960420187
86,46,2134.2478152287017
86,45,2185.588216033537
86,44,2250.264400869658
86,43,2315.329736741891
86,42,2370.2997939141915
86,41,2460.265649291947
86,40,2568.8023515932423
86,39,2630.9855471415203
86,38,2700.252753887558
86,37,2766.3166166279557
86,36,3026.9389746749234
86,35,3090.5195588239426
86,34,3154.495701063524
86,33,3238.098404783016
86,32,3515.614320553291
86,31,3584.8419379043517
86,30,3761.165434491512
86,29,3833.900679030486
86,28,6312.429381712792
86,27,6456.846303281581
86,26,6611.893700189425
86,25,6762.356540711886
86,24,6911.1262011541185
86,23,7120.056492618599
86,22,7441.816266828272
86,21,7603.672487058071
86,20,7771.884566086962
86,19,7931.510870738688
86,18,8383.082382390738
86,17,8521.550398559999
86,16,8660.66768993015
86,15,8843.95604972182
86,14,9753.087731528782
86,13,9907.015642035461
86,12,10213.551417567105
86,11,10365.214878855086
86,10,22009.68857057853
86,9,22378.788693707906
86,8,22750.40313163743
86,7,23238.367637168172
86,6,26644.11059255435
86,5,27070.488573088267
86,4,27627.754053124718
86,3,27995.52007338893
86,2,111208.78846127418
86,1,112844.13876282533
87,87,2.9422973708429168
87,86,23.196767944153336
87,85,38.00729474885609
87,84,53.14888494791765
87,83,69.2692573204276
87,82,89.48972974451362
87,81,105.92680175036513
87,80,133.54745734977683
87,79,151.45377101928696
87,78,214.60886120037756
87,77,238.74004945566253
87,76,254.37808350938823
87,75,280.9848981178914
87,74,306.34045374201384
87,73,337.23673941664873
87,72,369.86414852596886
87,71,397.7795061483569
87,70,426.12630243762175
87,69,445.93230997444965
87,68,535.4091181114446
87,67,565.6021865720797
87,66,596.9975180543322
87,65,627.5692052287759
87,64,690.4247944438026
87,63,723.4940937635225
87,62,803.4008055834146
87,61,839.2514045810453
87,60,875.22608890316
87,59,970.1322425293757
87,58,1072.733971082821
87,57,1159.167731544185
87,56,1236.2723816740547
87,55,1303.7174789455446
87,54,1364.6317070927569
87,53,1435.5067912683216
87,52,1507.4912279642676
87,51,1580.5297814331332
87,50,1642.7209731274781
87,49,1709.1447062966179
87,48,1774.2411935715434
87,47,1839.626705756514
87,46,2223.608504162044
87,45,2276.041006839858
87,44,2341.878540076668
87,43,2408.1054860811237
87,42,2464.1683690648965
87,41,2555.6271626613616
87,40,2668.1246893217053
87,39,2731.519001721214
87,38,2801.9979217786777
87,37,2869.2020418651064
87,36,3134.469082441272
87,35,3199.077865697998
87,34,3264.0826340709687
87,33,3349.066435878969
87,32,3641.4769471760983
87,31,3711.92521164555
87,30,3891.496056834982
87,29,3965.480587280233
87,28,6513.265378071892
87,27,6659.866736671483
87,26,6817.243438356045
87,25,6970.035665975064
87,24,7120.990351846507
87,23,7332.914434657219
87,22,7666.21132183438
87,21,7830.544120316792
87,20,8001.233265201287
87,19,8163.188522185028
87,18,8621.2247557295
87,17,8761.633994578857
87,16,8902.692875615667
87,15,9088.53662150409
87,14,10045.11948880255
87,13,10201.536689533641
87,12,10512.776953985674
87,11,10666.851201106821
87,10,22581.763542454537
87,9,22955.67415157601
87,8,23332.100947751314
87,7,23826.33667399202
87,6,27409.60265897111
87,5,27842.90581780404
87,4,28406.277179764267
87,3,28779.91824601067
87,2,114199.7192428912
87,1,115859.52201705884
88,88,4.426273244704035
88,87,14.220105682602362
88,86,39.92658636206406
88,85,55.16481789857745
88,84,70.73425686245609
88,83,87.43207909899897
88,82,109.17746396550835
88,81,126.07474614247174
88,80,155.2966880157247
88,79,173.70888506530554
88,78,244.9451755253761
88,77,269.734535443954
88,76,286.072323433059
88,75,313.3790459446716
88,74,339.39319824810036
88,73,371.1921600657003
88,72,405.17298860929725
88,71,433.80684759503026
88,70,462.87245576084985
88,69,483.35498737092
88,68,576.5246071577327
88,67,607.3491265555597
88,66,639.3761471825152
88,65,670.7987716504792
88,64,737.9161812035235
88,63,771.6977087591159
88,62,854.0222361904057
88,61,890.6150475399041
88,60,941.5538919408425
88,59,1037.73249805852
88,58,1141.6367939984423
88,57,1229.4489197330977
88,56,1307.9363995532394
88,55,1376.6852307355293
88,54,1438.8726344540128
88,53,1511.522652747114
88,52,1585.8099289291379
88,51,1660.17626663379
88,50,1723.7737835271103
88,49,1791.6042319022579
88,48,1858.0295872660874
88,47,1924.713012646831
88,46,2314.768286240385
88,45,2368.2938885509852
88,44,2435.293834427037
88,43,2502.6834581376215
88,42,2559.8401739729557
88,41,2652.793286264298
88,40,2769.3883846062254
88,39,2833.996356025472
88,38,2905.6895402206333
88,37,2974.0363246901034
88,36,3243.9579184513827
88,35,3309.5971003324207
88,34,3375.632700453436
88,33,3462.0005698288546
88,32,3770.065851548917
88,31,3841.7445140223026
88,30,4024.5835898801447
88,29,4099.827441982483
88,28,6717.288581936034
88,27,6866.075999030216
88,26,7025.783739743567
88,25,7180.907094071597
88,24,7334.048442242761
88,23,7548.968566955352
88,22,7894.196069041621
88,21,8061.011322046715
88,20,8234.183427691652
88,19,8398.473195255723
88,18,8862.989659489609
88,17,9005.344800955245
88,16,9148.349963048204
88,15,9336.755285584972
88,14,10343.123971786767
88,13,10502.05644383837
88,12,10818.036853666023
88,11,10974.5471266293
88,10,23161.725803650235
88,9,23540.455910658355
88,8,23921.704103490967
88,7,24422.222863335486
88,6,28191.61215728898
88,5,28631.93221370814
88,4,29201.096046741044
88,3,29580.686091485437
88,2,117247.21207198512
88,1,118931.71768460677
89,89,5.380235000000029
89,88,15.972635374290011
89,87,26.129336822996283
89,86,57.45590612137348
89,85,73.12245728967241
89,84,89.12036191393051
89,83,106.39646955279132
89,82,129.76078108939217
89,81,147.12040841055733
89,80,177.95026555480598
89,79,196.87072243776743
89,78,276.4106035786536
89,77,301.85868025996365
89,76,318.89680369873435
89,75,346.90401732289706
89,74,373.5773167357128
89,73,406.27971180229866
89,72,441.65934199678475
89,71,471.0129214355537
89,70,500.79856491628306
89,69,521.9587757104603
89,68,618.8275723123018
89,67,650.2846407792124
89,66,682.9444519992293
89,65,715.2195023854704
89,64,786.8420382232802
89,63,821.3400674375623
89,62,906.0950619006919
89,61,943.4345843907196
89,60,1009.6158411766615
89,59,1107.0673649148991
89,58,1212.274705935984
89,57,1301.465704771066
89,56,1381.3365258732306
89,55,1451.3895751612258
89,54,1514.8506290443224
89,53,1589.2762460957724
89,52,1665.9190150240513
89,51,1741.6143254231351
89,50,1806.619431042196
89,49,1875.8578629675292
89,48,1943.6132887084952
89,47,2011.595805449455
89,46,2407.7301170510655
89,45,2462.3498295362983
89,44,2530.513265450618
89,43,2599.06664759625
89,42,2657.3182159787866
89,41,2751.7670440929473
89,40,2872.6010141533184
89,39,2938.4252282774105
89,38,3011.335268708866
89,37,3080.82716343757
89,36,3355.413340007219
89,35,3422.0851550479397
89,34,3489.153827579505
89,33,3576.908781206984
89,32,3901.4265424587416
89,31,3974.345692191963
89,30,4160.4746244944545
89,29,4236.9881828263415
89,28,6924.503270981676
89,27,7075.47838475771
89,26,7237.518916552125
89,25,7394.975155216697
89,24,7550.304819136554
89,23,7768.223258819272
89,22,8125.7867044329005
89,21,8295.090380081627
89,20,8470.751433088213
89,19,8637.38135572422
89,18,9108.39379894568
89,17,9252.69959489222
89,16,9397.65580140852
89,15,9588.628985964613
89,14,10647.231163435203
89,13,10808.705833014208
89,12,11129.463476969457
89,11,11288.435936186455
89,10,23749.604032999425
89,9,24133.162778751135
89,8,24519.24153569872
89,7,25026.055310251264
89,6,28990.580814319095
89,5,29438.013032677733
89,4,30013.234849418433
89,3,30398.858366213914
89,2,120355.95254980028
89,1,122065.46934645058
90,90,6.3067000000001565
90,89,12.099999999999993
90,88,18.31999999999982
90,87,24.202559985713943
90,86,75.78668161674315
90,85,91.88217996257701
90,84,108.3091798230825
90,83,126.16442525784285
90,82,151.24731747345552
90,81,169.07149863094227
90,80,201.51611629997305
90,79,220.94729141133953
90,78,309.00677569272665
90,77,335.1141248447797
90,76,352.85317589428246
90,75,381.5614751896731
90,74,408.894482845259
90,73,442.5010826978413
90,72,479.3267537942154
90,71,509.40129715946244
90,70,539.908223835415
90,69,561.7472915114874
90,68,662.3217525287779
90,67,694.4124901330496
90,66,727.7062154308339
90,65,760.8352093262677
90,64,837.2193757179589
90,63,872.4383299665333
90,62,959.6368717817203
90,61,997.7277620653773
90,60,1079.4131398600903
90,59,1178.1380594570587
90,58,1284.6489370211352
90,57,1375.2193299487424
90,56,1456.4740165244327
90,55,1527.8317796608346
90,54,1592.566969266619
90,53,1668.7688641145746
90,52,1747.8215176087035
90,51,1824.8470121890732
90,50,1891.2609934979012
90,49,1961.9087010389767
90,48,2030.9954220122538
90,47,2100.278230442372
90,46,2502.497251654569
90,45,2558.212103396002
90,44,2627.5401271094415
90,43,2697.2583688160757
90,42,2756.605828240656
90,41,2852.551795941392
90,40,2977.7706010717498
90,39,3044.813690329752
90,38,3118.9432283531537
90,37,3189.5827256632583
90,36,3468.8437036942896
90,35,3536.550428731031
90,34,3604.654456707128
90,33,3693.7995680625213
90,32,4035.6070893700376
90,31,4109.77717773976
90,30,4299.218367420535
90,29,4377.01238956938
90,28,7134.914513419093
90,27,7288.078994741972
90,26,7452.454104593243
90,25,7612.245019867402
90,24,7769.764685978847
90,23,7990.683759247035
90,22,8361.000569049422
90,21,8532.798745796727
90,20,8710.954843622803
90,19,8879.930670234462
90,18,9357.455131566552
90,17,9503.7164215009
90,16,9650.628523566676
90,15,9844.175971119637
90,14,10957.578638347397
90,13,11121.623441276612
90,12,11447.196863190942
90,11,11608.65865121169
90,10,24345.42989199347
90,9,24733.826587617175
90,8,25124.74524675738
90,7,25637.86623989766
90,6,29806.976767976106
90,5,30261.620193853083
90,4,30841.52904255049
90,3,31233.252879865882
90,2,123518.26048047263
90,1,125252.9786297184
91,91,5.88999999999985
91,90,11.89999999999999
91,89,18.600000000000307
91,88,26.0181846874753
91,87,48.669513635048204
91,86,94.9209026045086
91,85,111.44598582233401
91,84,128.30272062403122
91,83,146.73797038475544
91,82,173.6450369449018
91,81,191.93605478156633
91,80,226.00249937591752
91,79,245.94693362034909
91,78,342.7353061971626
91,77,369.50248991792887
91,76,387.94306857911283
91,75,417.3530548116641
91,74,445.34633812638475
91,73,479.8579233217804
91,72,518.1787736876375
91,71,548.9755442208699
91,70,580.2050217291385
91,69,602.724143315391
91,68,707.0108641703692
91,67,739.7364079317689
91,66,773.6651876443037
91,65,807.6496665880309
91,64,889.0658753905059
91,63,925.0103294957829
91,62,1014.6659348072371
91,61,1053.5130088275764
91,60,1150.946837402054
91,59,1250.9456278642683
91,58,1358.7605295616788
91,57,1450.7108357812524
91,56,1533.3499112255731
91,55,1606.0128837509155
91,54,1672.0226949574117
91,53,1750.001548550618
91,52,1831.5202386985666
91,51,1909.8771394501568
91,50,1977.701296126245
91,49,2049.7595836406363
91,48,2120.178836081129
91,47,2190.7631474676436
91,46,2599.0725931175893
91,45,2655.8836227352913
91,44,2726.3773411130414
91,43,2797.261552583028
91,42,2857.705950740351
91,41,2955.150492821497
91,40,3084.9048543553777
91,39,3153.1694897013626
91,38,3228.5212045298567
91,37,3300.310832319394
91,36,3584.256976683824
91,35,3653.000920401711
91,34,3722.1426187131938
91,33,3812.6810043361775
91,32,4172.65730165613
91,31,4248.0891489331025
91,30,4440.8657808763255
91,29,4519.95140418471
91,28,7348.52628709879
91,27,7503.881814469908
91,26,7670.593297402499
91,25,7832.720690101097
91,24,7992.432052080646
91,23,8216.354086953734
91,22,8599.854000712741
91,21,8774.152841030907
91,20,8954.81016462296
91,19,9126.137722559495
91,18,9610.190458510251
91,17,9758.41214706515
91,16,9907.28506094811
91,15,10103.41325829414
91,14,11274.309450346453
91,13,11440.953361117956
91,12,11771.382583569291
91,11,11935.3618529602
91,10,24949.231681865145
91,9,25342.475747581393
91,8,25738.24375602815
91,7,26257.684313564318
91,6,30641.289536700293
91,5,31103.247143409015
91,4,31689.000082160746
91,3,32086.926663777787
91,2,126749.81893562234
91,1,128510.13993813594
92,92,6.194049999999681
92,91,11.60000000000001
92,90,13.882306391038785
92,89,31.558779462256656
92,88,50.87725826855925
92,87,74.26265561591617
92,86,114.86062362237229
92,85,131.8159436044733
92,84,149.10306731096466
92,83,168.11920657127257
92,82,196.96230603530324
92,81,215.72252524001962
92,80,251.41810505228315
92,79,271.8784304174161
92,78,377.59791824864203
92,77,405.02551148199484
92,76,424.1682299872731
92,75,454.2805182254832
92,74,482.93465765245924
92,73,518.3520260706583
92,72,558.219147250491
92,71,589.7394354906218
92,70,621.692758858333
92,69,644.8931562000433
92,68,752.898865445723
92,67,786.2603773289572
92,66,820.8253769335573
92,65,855.6669146835583
92,64,942.4002534635937
92,63,979.07494933915
92,62,1071.2016227243248
92,61,1110.809872706174
92,60,1224.2182720196508
92,59,1325.4914294987502
92,58,1434.610865344468
92,57,1527.9416246273313
92,56,1611.9656316042706
92,55,1685.934326478218
92,54,1753.2192614692917
92,53,1832.9757754864297
92,52,1917.0184617931702
92,51,1996.7080201536698
92,50,2065.9436809084596
92,49,2139.4138824063048
92,48,2211.166930903964
92,47,2283.053984474051
92,46,2697.45971145999
92,45,2755.3679807819212
92,44,2827.028526813094
92,43,2899.0798444382176
92,42,2960.62225277243
92,41,3059.566838608812
92,40,3194.012360136566
92,39,3263.501267606547
92,38,3340.0778946101973
92,37,3413.020233785953
92,36,3701.662124446112
92,35,3771.445644066569
92,34,3841.6273762429114
92,33,3933.562217697143
92,32,4312.630392780603
92,31,4389.335224087893
92,30,4585.471401871681
92,29,4665.8601816230275
92,28,7565.344396738808
92,27,7722.892693909302
92,26,7891.942393359225
92,25,8056.408112066302
92,24,8218.312909498238
92,23,8445.24029763847
92,22,8842.365671786516
92,21,9019.171464357536
92,20,9202.336321898534
92,19,9376.021558438386
92,18,9866.619160085127
92,17,10016.806252898577
92,16,10167.644996040244
92,15,10366.36056325307
92,14,11597.57662853614
92,13,11766.849753252967
92,12,12102.176604301698
92,11,12268.702610773464
92,10,25561.044149012178
92,9,25959.14520934782
92,8,26359.77221907078
92,7,26885.54495449308
92,6,31494.042435713003
92,5,31963.421447553323
92,4,32552.689840992294
92,3,32956.881527830956
92,2,130033.05705570005
92,1,131819.1279958873
93,93,6.265607999999967
93,92,11.499999999999888
93,91,10.832429133122933
93,90,38.328251788969965
93,89,56.79460997895166
93,88,76.8634743062599
93,87,91.99999999999989
93,86,106.99999999999996
93,85,120.99999999999991
93,84,136.0
93,83,148.82280310574592
93,82,221.2078361580476
93,81,240.43970171582862
93,80,277.77196732296244
93,79,298.7509052446086
93,78,413.5962646780935
93,77,441.68484723491156
93,76,461.53032459973514
93,75,492.34553494800014
93,74,521.6611156332809
93,73,557.9850722118349
93,72,599.4515489118855
93,71,631.6966638327791
93,70,664.3751464885149
93,69,688.2580598729884
93,68,799.9895901086352
93,67,833.9882475541057
93,66,869.1906478386736
93,65,904.8908406838194
93,64,997.2418831951975
93,63,1034.651727698726
93,62,1129.263954570967
93,61,1169.6385463233971
93,60,1299.228453493283
93,59,1401.7764651042207
93,58,1512.2009349942205
93,57,1606.912679949913
93,56,1692.3221554799163
93,55,1767.5970811849218
93,54,1836.1576385675883
93,53,1917.6925119537652
93,52,2004.3189748626069
93,51,2085.3424483632266
93,50,2155.990950803227
93,49,2230.8744085323633
93,48,2303.9625250966033
93,47,2377.1535670477833
93,46,2797.6614525672153
93,45,2856.6680297718362
93,44,2929.496541595475
93,43,3002.716106868632
93,42,3065.357602630831
93,41,3165.803707165324
93,40,3305.1009640127136
93,39,3375.8169053044953
93,38,3453.621214454388
93,37,3527.7188783885063
93,36,3821.0672293645016
93,35,3891.892710942769
93,34,3963.116869336022
93,33,4056.451387307791
93,32,4455.581114803651
93,31,4533.570560224933
93,30,4733.091266693527
93,29,4814.795175292097
93,28,7785.372515614114
93,27,7945.115305168175
93,26,8116.505063175605
93,25,8283.310955831292
93,24,8447.41092649075
93,23,8677.34605629139
93,22,9088.552078408497
93,21,9267.871188520508
93,20,9453.5499639237
93,19,9629.5988974219
93,18,10126.758152337756
93,17,10278.915713751798
93,16,10431.72536228273
93,15,10633.034996759836
93,14,11927.538350953493
93,13,12099.471944708925
93,12,12439.739949029208
93,11,12608.843066238593
93,10,26180.895252908802
93,9,26583.863022597205
93,8,26989.358775587705
93,7,27521.47641934576
93,6,32365.780561417887
93,5,32842.69258134758
93,4,33437.482249356435
93,3,33848.05915054788
93,2,133393.4724132145
93,1,135205.78177764136
94,94,6.02575999999999
94,93,11.50000000000018
94,92,9.944461066657325
94,91,35.61546256946734
94,90,63.901634492975894
94,89,77.65851534199506
94,88,92.39730745676019
94,87,106.62139989807807
94,86,121.7728128909647
94,85,133.4516494465217
94,84,155.26326097824952
94,83,178.92236394972062
94,82,246.39080964067523
94,81,266.09685647036383
94,80,305.07362350786116
94,79,326.5739954689949
94,78,450.7321469314771
94,77,479.4823120890041
94,76,500.0311800861817
94,75,531.5499471239834
94,74,561.527567887497
94,73,598.758935708937
94,72,641.8799039230976
94,71,674.8511828842132
94,70,708.2561667416535
94,69,732.822862212776
94,68,848.2871840608609
94,67,882.9241904915435
94,66,918.7651984388582
94,65,955.3256761519008
94,64,1053.6113666403262
94,63,1091.7614510159053
94,62,1188.8742507183047
94,61,1230.020544432417
94,60,1375.9787941729437
94,59,1479.8021698883772
94,58,1591.5321979691182
94,57,1687.6254834154097
94,56,1774.4209853010566
94,55,1851.0026690952195
94,54,1920.8393650409025
94,53,2004.1533190380442
94,52,2093.425212568027
94,51,2175.7838897640563
94,50,2247.8466019968064
94,49,2324.1446893815287
94,48,2398.569175847836
94,47,2473.065481798537
94,46,2899.6815529997275
94,45,2959.787530669035
94,44,3033.7851739542743
94,43,3108.17415596936
94,42,3171.915841408752
94,41,3273.864976064305
94,40,3418.1796491340947
94,39,3490.125443293118
94,38,3569.1602630799302
94,37,3644.4159203899294
94,36,3942.481669804547
94,35,4014.351550009128
94,34,4086.6205776938928
94,33,4181.35806066268
94,32,4601.568308671844
94,31,4680.85444752129
94,30,4883.785654372235
94,29,4966.8171274150545
94,28,8008.616749616953
94,27,8170.55580225935
94,26,8344.287512351393
94,25,8513.435477679313
94,24,8679.73240817871
94,23,8912.677735757883
94,22,9338.432744365971
94,21,9520.27166888618
94,20,9708.47087876025
94,19,9886.889652656913
94,18,10390.627697427954
94,17,10544.76089717071
94,16,10699.546632787726
94,15,10903.45717099145
94,14,12264.364754522068
94,13,12438.991334832315
94,12,12784.245921797583
94,11,12955.957752384971
94,10,26808.821374794075
94,9,27216.665782735115
94,8,27627.040235740882
94,7,28165.515798925342
94,6,33257.08937960223
94,5,33741.65078074032
94,4,34338.886806358154
94,3,34755.9107016262
94,2,136805.3907568389
94,1,138644.06643709724
95,95,5.973809999999905
95,94,11.699999999999891
95,93,12.379720526079588
95,92,35.10477746168067
95,91,61.52686034600966
95,90,90.60406057238853
95,89,98.30185925541322
95,88,113.48948255573661
95,87,128.12815646305074
95,86,143.87972862420233
95,85,163.17543489865122
95,84,185.7470151479256
95,83,210.15490538461427
95,82,272.52079276650636
95,81,292.7036444311747
95,80,333.3330026286038
95,79,355.35772911436936
95,78,489.0072747815157
95,77,518.4196207922427
95,76,539.672518014136
95,75,571.8954814797225
95,74,602.5357459526037
95,73,640.6753552890762
95,72,685.5080436728538
95,71,719.2068430118829
95,70,753.3396889340493
95,69,778.5914514403536
95,68,897.7956419650825
95,67,933.0722168091253
95,66,969.5530552524103
95,65,1006.9754707734091
95,64,1111.5300594706302
95,63,1150.4256579677406
95,62,1250.0546071696588
95,61,1291.9781562418066
95,60,1454.4703296324387
95,59,1559.569570832262
95,58,1672.6056716285234
95,57,1770.0810455737503
95,56,1858.263126252127
95,55,1936.1520911373104
95,54,2007.2654384175332
95,53,2092.3591916704104
95,52,2184.3400564674907
95,51,2268.035232423323
95,50,2341.5135317728004
95,49,2419.227630830113
95,48,2494.9897968076475
95,47,2570.792649707149
95,46,3003.5229563424764
95,45,3064.7294336935693
95,44,3139.897379641619
95,43,3215.456952979105
95,42,3280.299936465687
95,41,3383.7536187793085
95,40,3533.2565875523824
95,39,3606.4350905700435
95,38,3686.703285427862
95,37,3763.119638468731
95,36,4065.9138636372654
95,35,4138.830609157661
95,34,4212.146979223232
95,33,4308.290756376124
95,32,4750.652674098791
95,31,4831.2480375468795
95,30,5037.6168003869525
95,29,5121.988740525644
95,28,8235.08091161653
95,27,8399.217997697311
95,26,8575.293552880066
95,25,8746.785489799182
95,24,8915.281165789429
95,23,9151.239145198395
95,22,9592.024852482764
95,21,9776.390168092546
95,20,9967.116408040045
95,19,10147.91123993668
95,18,10658.245416298434
95,17,10814.359485430065
95,16,10971.1265511556
95,15,11177.64491034852
95,14,12608.232229646845
95,13,12785.585602494439
95,12,13135.87444610971
95,11,13310.227850758076
95,10,27444.851660478682
95,9,27857.582731056023
95,8,28272.84593615101
95,7,28817.692553763325
95,6,34168.580606801064
95,5,34660.91269855058
95,4,35261.472782925026
95,3,35685.05820108793
95,2,140292.14163192982
95,1,142157.61746432493
96,96,5.99224100000072
96,95,12.399999999999995
96,94,10.583178422866064
96,93,37.668877221686216
96,92,61.39443967403447
96,91,88.56825990998111
96,90,97.00000000000023
96,89,111.99999999999991
96,88,128.00000000000009
96,87,140.96951114127305
96,86,164.64085002523956
96,85,194.03258307301596
96,84,217.36480858286708
96,83,235.00000000000026
96,82,253.00000000000026
96,81,263.32461406693756
96,80,362.56059343026027
96,79,385.1127043427892
96,78,528.423504398602
96,77,558.4986419985632
96,76,580.4562191848922
96,75,613.3840322063769
96,74,644.6875566590619
96,73,683.7362546776045
96,72,730.3400434944951
96,71,764.7677472304085
96,70,799.6298438442884
96,69,825.5679837117824
96,68,948.5192567654004
96,67,984.4366445808128
96,66,1021.5585616447701
96,65,1059.844600691026
96,64,1171.0206652135773
96,63,1210.6672544883081
96,62,1312.8285291649502
96,61,1355.5351005799841
96,60,1534.7044701767004
96,59,1641.080096951553
96,58,1755.4228047575118
96,57,1854.280833636902
96,56,1943.8500629507746
96,55,2023.046847749193
96,54,2095.437374028877
96,53,2182.3116643651256
96,52,2277.066978277396
96,51,2362.0999760640216
96,50,2436.9952678182126
96,49,2516.126789022222
96,48,2593.227971276577
96,47,2670.3386808103255
96,46,3109.1894066497657
96,45,3171.4975051611873
96,44,3247.8369497890403
96,43,3324.568313900023
96,42,3390.513726504671
96,41,3495.473506711391
96,40,3650.340984690096
96,39,3724.75510830318
96,38,3806.259599280038
96,37,3883.839403823654
96,36,4191.3733991137415
96,35,4265.339525443186
96,34,4339.705759877469
96,33,4437.259225849057
96,32,4902.899303560618
96,31,4984.816919600071
96,30,5194.65143051822
96,29,5280.377253203572
96,28,8464.770964397794
96,27,8631.107896205895
96,26,8809.529234336384
96,25,8983.367086113361
96,24,9154.063335715968
96,23,9393.036479788587
96,22,9849.34829465364
96,21,10036.246705211415
96,20,10229.506698861145
96,19,10412.683926997786
96,18,10929.631913025005
96,17,11087.732184072147
96,16,11246.485924552388
96,15,11455.619155872146
96,14,12959.330157894266
96,13,13139.44553599406
96,12,13494.818569243209
96,11,13671.847779574142
96,10,28089.02269410149
96,9,28506.650653465294
96,8,28926.812864982316
96,7,29478.04393623376
96,6,35100.91073389315
96,5,35601.14018307743
96,4,36205.220215829424
96,3,36635.477777516666
96,2,143852.05578460346
96,1,145744.72996553508
97,97,6.197850000000126
97,96,11.899999999999796
97,95,11.67940079257037
97,94,35.99099094167983
97,93,64.06883582264287
97,92,88.8151016551397
97,91,116.74132426003541
97,90,114.00000000000001
97,89,129.99999999999974
97,88,145.45555351244596
97,87,171.37363845930844
97,86,195.83663845408753
97,85,226.02480478337773
97,84,240.0
97,83,258.99999999999994
97,82,270.9571753576519
97,81,297.92476236078767
97,80,392.76736612267456
97,79,415.8500030191871
97,78,568.9826490023222
97,77,599.7211966587647
97,76,622.3841133290323
97,75,656.0174372144804
97,74,687.9848456018889
97,73,727.943490223394
97,72,776.379958619788
97,71,811.53797329889
97,70,847.1307317718012
97,69,873.7565809455843
97,68,1000.4622698321591
97,67,1037.0217348472725
97,66,1074.78599828864
97,65,1113.9373737044875
97,64,1232.1069097999923
97,63,1272.5101738501082
97,62,1377.2205702877395
97,61,1420.7161497586687
97,60,1616.6824125295304
97,59,1724.3349462556716
97,58,1839.984796382721
97,57,1940.2260489372045
97,56,2031.182999578029
97,55,2111.6881460914383
97,54,2185.3563822222363
97,53,2274.01195269472
97,52,2371.6091531985103
97,51,2457.9813102821763
97,50,2534.295015829176
97,49,2614.8453855388466
97,48,2693.286935723943
97,47,2771.70682603073
97,46,3216.6842183117233
97,45,3280.095071835428
97,44,3357.607223768861
97,43,3435.511590704676
97,42,3502.560575706624
97,41,3609.02801990951
97,40,3769.4416618983814
97,39,3845.0943624903402
97,38,3927.8381149643674
97,37,4006.584168497188
97,36,4318.869399139192
97,35,4393.88745937174
97,34,4469.306117795786
97,33,4568.272717934793
97,32,5058.37617304757
97,31,5141.629582933379
97,30,5354.959215180815
97,29,5442.0528655714
97,28,8697.691605676537
97,27,8866.230210585489
97,26,9046.99928556334
97,25,9223.185011778643
97,24,9396.0836780102
97,23,9638.07451972997
97,22,10110.421804091793
97,21,10299.860112546126
97,20,10495.660682411803
97,19,10681.226738033398
97,18,11204.806470073701
97,17,11364.898353123759
97,16,11525.644190622193
97,15,11737.399447466578
97,14,13317.85715747731
97,13,13500.771219767059
97,12,13861.280750914535
97,11,14041.021427518159
97,10,28741.36726880584
97,9,29163.90248006
97,8,29588.97408937237
97,7,30146.6031921008
97,6,36054.772244047876
97,5,36563.03134921141
97,4,37170.00453163853
97,3,37607.03988742124
97,2,147482.9904099348
97,1,149403.220817751
98,98,6.281878000000031
98,97,11.999999999999943
98,96,12.310675522855345
98,95,37.47149120375578
98,94,62.510013782877635
98,93,91.58047852262095
98,92,117.36845570826726
98,91,146.04775772435423
98,90,165.0915494578074
98,89,148.87673832749104
98,88,176.24733238559048
98,87,202.91315395202312
98,86,228.1685361400693
98,85,247.00000000000037
98,84,265.00000000000017
98,83,279.5269172860584
98,82,305.9577544297529
98,81,333.6641472746267
98,80,423.9648985636247
98,79,447.58132329169996
98,78,610.6866112194191
98,77,642.0891984095085
98,76,665.4581252561552
98,75,699.7976330817684
98,74,732.4295604538058
98,73,773.2990246060526
98,72,823.632007251915
98,71,859.5217658671992
98,70,895.8466238724894
98,69,923.1615388989862
98,68,1053.6291106052279
98,67,1090.8319407726872
98,66,1129.2398421647579
98,65,1169.2582982796096
98,64,1294.8139056552272
98,63,1335.979751640805
98,62,1443.2567563274304
98,61,1487.5475656127767
98,60,1700.4055388301633
98,59,1809.3355137299245
98,58,1926.293054933971
98,57,2027.9181129466285
98,56,2120.263370177489
98,55,2202.0774317810015
98,54,2277.023919653367
98,53,2367.461527954522
98,52,2467.97005347028
98,51,2555.6827309406303
98,50,2633.416295887462
98,49,2715.3869649252633
98,48,2795.17025794152
98,47,2874.90067597211
98,46,3326.0110929955704
98,45,3390.525854501698
98,44,3469.2119432452723
98,43,3548.290545968894
98,42,3616.4442659933616
98,41,3724.420967533429
98,40,3890.567999277886
98,39,3967.462286257741
98,38,4051.4483190870824
98,37,4131.363469514785
98,36,4448.411606116785
98,35,4524.484199225708
98,34,4600.957887214396
98,33,4701.34112850311
98,32,5217.15559609926
98,31,5301.75889319302
98,30,5518.614391779443
98,29,5607.09038641282
98,28,8933.848518036824
98,27,9104.590656514245
98,26,9287.709457598143
98,25,9466.245052960603
98,24,9641.348012211141
98,23,9886.359130581335
98,22,10375.26550824133
98,21,10567.250637528943
98,20,10765.598726596012
98,19,10953.56015440476
98,18,11483.789884753305
98,17,11645.878885079734
98,16,11808.622337170858
98,15,12023.006898501666
98,14,13684.025020428044
98,13,13869.77602155236
98,12,14235.477242327615
98,11,14417.966585590695
98,10,29401.921761808822
98,9,29829.374771045346
98,8,30259.366352871417
98,7,30823.407304276403
98,6,37030.90502131001
98,5,37547.33213143742
98,4,38155.34708598081
98,3,38599.25701500058
98,2,151181.05245706456
98,1,153129.1357737165
99,99,6.368400000000206
99,98,12.200000000000427
99,97,11.77959069290702
99,96,38.47161039927612
99,95,64.37532673131074
99,94,90.141130769424
99,93,120.204693902958
99,92,147.0562142342015
99,91,176.48928108265778
99,90,168.8674072881274
99,89,179.7202614108363
99,88,208.175560438399
99,87,235.58980551617643
99,86,251.99999999999994
99,85,270.00000000000017
99,84,288.48772082369555
99,83,314.91255424497234
99,82,342.0986770799715
99,81,370.54456597405556
99,80,456.16532938818096
99,79,480.3189278228598
99,78,653.5372512938292
99,77,685.6045144977807
99,76,709.6801304583621
99,75,744.7265026841757
99,74,778.0235910188461
99,73,819.804757439386
99,72,872.1003947265388
99,71,908.7233524347938
99,70,945.7817698140252
99,69,973.7871286740394
99,68,1108.0241690997805
99,67,1145.8716715991334
99,66,1184.9245216764386
99,65,1225.8118295942165
99,64,1359.167989338401
99,63,1401.1025554711728
99,62,1510.9643729874404
99,61,1556.0568781104466
99,60,1785.875034108266
99,59,1896.0829829665943
99,58,2014.3487621035222
99,57,2117.358207104881
99,56,2211.092356700691
99,55,2294.2158876713625
99,54,2370.4411704520085
99,53,2462.661577171818
99,52,2566.1528919491543
99,51,2655.2074632583735
99,50,2734.3623475222353
99,49,2817.75478070545
99,48,2898.8812045010245
99,47,2979.9235098195763
99,46,3437.173362893121
99,45,3502.7931962425264
99,44,3582.654462092925
99,43,3662.908544342229
99,42,3732.1681726551715
99,41,3841.655738245939
99,40,4013.7290708266737
99,39,4091.867997546972
99,38,4177.099373051171
99,37,4258.186509158372
99,36,4580.009390018381
99,35,4657.139151741107
99,34,4734.670511658888
99,33,4836.4739507194145
99,32,5379.313472617757
99,31,5465.281326149983
99,30,5685.694859040193
99,29,5775.56831009554
99,28,9173.24630902849
99,27,9346.193852571032
99,26,9531.66438071373
99,25,9712.55185200802
99,24,9889.860991406218
99,23,10137.894979764886
99,22,10643.898609303931
99,21,10838.437579572888
99,20,11039.340227689236
99,19,11229.703663462518
99,18,11766.601897163593
99,17,11930.69359588353
99,16,12095.440256031505
99,15,12312.461500799373
99,14,14058.05700496352
99,13,14246.684855347828
99,12,14617.63595088758
99,11,14802.912778414879
99,10,30070.719454519156
99,9,30503.10093824878
99,8,30938.023197762912
99,7,31508.489985016313
99,6,38030.0932076983
99,5,38554.833075183764
99,4,39163.568750999475
99,3,39614.47368408682
99,2,154956.74490257955
99,1,156933.10261355372
100,100,6.500000000000025
100,99,12.399999999999753
100,98,14.092628654052474
100,97,38.27033678066324
100,96,65.74482807302701
100,95,92.39180706327016
100,94,118.88524803319085
100,93,149.94239662657114
100,92,177.88013539464816
100,91,208.0676646296309
100,90,172.57620649254352
100,89,211.67836738054552
100,88,241.242030520903
100,87,257.0000000000001
100,86,276.00000000000006
100,85,296.4717743967024
100,84,324.2190655188532
100,83,351.4396789773975
100,82,379.3818025123893
100,81,408.56788958861813
100,80,489.38149772442426
100,79,514.0757897798275
100,78,697.5365396352506
100,77,730.2691264365053
100,76,755.0521217295476
100,75,790.8060506825174
100,74,824.7689531456648
100,73,867.4627197097994
100,72,921.7895174430013
100,71,959.1471564129283
100,70,996.9406200800089
100,69,1025.6378258956904
100,68,1163.6520576059427
100,67,1202.1455638413568
100,66,1241.8446976553776
100,65,1283.60266065071
100,64,1425.197128352002
100,63,1467.9068028588695
100,62,1580.372403753893
100,61,1626.273334924991
100,60,1873.0923212235723
100,59,1984.5787896554252
100,58,2104.15336700457
100,57,2208.5477935642093
100,56,2303.6714338767815
100,55,2388.105000074617
100,54,2465.609631982765
100,53,2559.613612382149
100,52,2666.161250310641
100,51,2756.5591127081657
100,50,2837.136800622861
100,49,2921.9524874268513
100,48,3004.4234533786166
100,47,3086.7790285380856
100,46,3550.1748407982827
100,45,3616.900929123097
100,44,3697.938633410198
100,43,3779.369459989152
100,42,3849.7361893534903
100,41,3960.736253140318
100,40,4138.934619704553
100,39,4218.321293752859
100,38,4304.801128937845
100,37,4387.063191065049
100,36,4713.672864518179
100,35,4791.862477502491
100,34,4870.4541987006105
100,33,4973.681455180234
100,32,5544.93084112806
100,31,5632.2785427281015
100,30,5856.28377434196
100,29,5947.57043716395
100,28,9415.890812815951
100,27,9591.045666194035
100,26,9778.86995789853
100,25,9962.1113472334
100,24,10141.628587458845
100,23,10392.688085403352
100,22,10916.341985344454
100,21,11113.441939522127
100,20,11316.906309799486
100,19,11509.678505401193
100,18,12053.264070764802
100,17,12219.36414638422
100,16,12386.119705570476
100,15,12605.78514119905
100,14,14440.19203829275
100,13,14631.738435405316
100,12,15008.000677795037
100,11,15196.10555064994
100,10,30747.79799059905
100,9,31185.118812141303
100,8,31624.98264169038
100,7,32201.889496321415
100,6,39053.17757259259
100,5,39586.381856571825
100,4,40194.73459690008
100,3,40652.752002090725
100,2,158808.798454131
100,1,160813.8232647986
101,101,6.580000000000026
101,100,12.399999999999947
101,99,13.094850124960011
101,98,40.91344683326577
101,97,65.87389169074976
101,96,94.13124074107652
101,95,121.52185036790239
101,94,148.7432895998145
101,93,180.79451859224835
101,92,209.8420110017269
101,91,240.7847116718422
101,90,176.22215162968328
101,89,244.75200554882724
101,88,259.99999999999983
101,87,281.9999999999999
101,86,304.2773364098216
101,85,332.54940793305593
101,84,361.0930131024047
101,83,389.11016896608135
101,82,417.80901971310965
101,81,447.73601841830475
101,80,523.6269562969494
101,79,548.865603647467
101,78,742.6864694117695
101,77,776.085037768814
101,76,801.5761133991319
101,75,838.038302473019
101,74,872.6676826568123
101,73,916.2749614417754
101,72,972.7038466930202
101,71,1010.7976755205107
101,70,1049.3276988660386
101,69,1078.7181795327779
101,68,1220.5174602835866
101,67,1259.6583252193477
101,66,1300.0051014413386
101,65,1342.6355543483228
101,64,1492.9308703108877
101,63,1536.4223057452218
101,62,1651.511517009326
101,61,1698.227884681592
101,60,1962.0588070597928
101,59,2074.8243506694357
101,58,2195.7082968739965
101,57,2301.4883099802328
101,56,2398.0020495775757
101,55,2483.7462263664
101,54,2562.5307707816014
101,53,2658.319112546377
101,52,2767.998710202451
101,51,2859.7412826011373
101,50,2941.743281080531
101,49,3027.983733684944
101,48,3111.800674688048
101,47,3195.470923314576
101,46,3665.019318597059
101,45,3732.852862763839
101,44,3815.068285935953
101,43,3897.6771407894826
101,42,3969.1521818284327
101,41,4081.6664027388997
101,40,4266.1944861529455
101,39,4346.832068084513
101,38,4434.563533180051
101,37,4518.00351182461
101,36,4849.412230798805
101,35,4928.664423237504
101,34,5008.319240679236
101,33,5112.973995470805
101,32,5714.093566475079
101,31,5802.837068332072
101,30,6030.469432133915
101,29,6123.185747221084
101,28,9661.78772537116
101,27,9839.151822342354
101,26,10029.331945062522
101,25,10214.929325400044
101,24,10396.656616277678
101,23,10650.74430348767
101,22,11192.616655959046
101,21,11392.284856418157
101,20,11598.318231726109
101,19,11793.506051773635
101,18,12343.79809090967
101,17,12511.912316407388
101,16,12680.682560199644
101,15,12902.999818727174
101,14,14830.684190825546
101,13,15025.19273597275
101,12,15406.831271704312
101,11,15597.806615340773
101,10,31433.194954995946
101,9,31875.466155619557
101,8,32320.282625799955
101,7,32903.644011973476
101,6,40101.05579060019
101,5,40642.88353773038
101,4,41249.09459732973
101,3,41714.34118080744
101,2,162736.90806724274
101,1,164770.97709874323
102,102,4.918165083174384
102,101,10.456081929817998
102,100,17.094498803874842
102,99,40.285345089568885
102,98,68.84760161048732
102,97,94.59117189571263
102,96,123.63176858102584
102,95,151.76638030729939
102,94,179.71618251720966
102,93,212.76199181941826
102,92,242.94364785528785
102,91,274.6422377525761
102,90,179.80951729162607
102,89,267.0
102,88,285.0000000000002
102,87,310.01575195355144
102,86,340.74185501873603
102,85,369.7707421756274
102,84,399.11143073681654
102,83,427.9259009532117
102,82,457.38221439172577
102,81,488.05084683594663
102,80,558.9159822417596
102,79,584.7027947878834
102,78,788.9890015785055
102,77,823.0542168505876
102,76,849.2540823723965
102,75,886.4252427793688
102,74,921.7217716169885
102,73,966.2434850303135
102,72,1024.8478608683997
102,71,1063.679411486948
102,70,1102.9475312507539
102,69,1133.032737129936
102,68,1278.6250490274256
102,67,1318.414647965503
102,66,1359.410445554599
102,65,1402.9152513626375
102,64,1562.4003844135568
102,63,1606.6805107295943
102,62,1724.4140642308766
102,61,1771.953172901634
102,60,2052.775740173501
102,59,2166.820914231563
102,58,2289.0147992292614
102,57,2396.181004619497
102,56,2494.0854534724735
102,55,2581.140817895935
102,54,2661.205840175013
102,53,2758.779334699401
102,52,2871.668659673762
102,51,2964.7573744463957
102,50,3048.185205697525
102,49,3135.8519513106157
102,48,3221.0163143128693
102,47,3306.002653649385
102,46,3781.7103144228813
102,45,3850.6525270048846
102,44,3934.0469612900447
102,43,4017.835140130613
102,42,4090.4197149683046
102,41,4204.449766654434
102,40,4395.518324699809
102,39,4477.410021595129
102,38,4566.39633296246
102,37,4651.017262026888
102,36,4987.237457361333
102,35,5067.554996550713
102,34,5148.275684336063
102,33,5254.361671100352
102,32,5886.892439071648
102,31,5977.048390749684
102,30,6208.345188254201
102,29,6302.508319201393
102,28,9910.94194461163
102,27,10090.517231949923
102,26,10283.055266965956
102,25,10471.010725422555
102,24,10654.950029556685
102,23,10912.068602903957
102,22,11472.743051524327
102,21,11674.986864065273
102,20,11883.596630436821
102,19,12081.207036572152
102,18,12638.224960993635
102,17,12808.359190238223
102,16,12979.149985153428
102,15,13204.126805276184
102,14,15229.803265968954
102,13,15427.319582074195
102,12,15814.403655056254
102,11,16008.29387394064
102,10,32126.945804117633
102,9,32574.17856582763
102,8,33023.958888052
102,7,33613.78945346567
102,6,41174.68585836068
102,5,41725.304004427446
102,4,42328.63292067171
102,3,42801.24397648506
102,2,166749.32476028745
102,1,168812.90599159995
103,103,4.960000000000056
103,102,19.04184407708722
103,101,24.95961675167031
103,100,44.67070811776203
103,99,68.58973419992246
103,98,97.89602504149134
103,97,124.4231162696699
103,96,154.24735745254807
103,95,183.12634940559047
103,94,211.80488585556643
103,93,245.84578406330542
103,92,277.1869086239067
103,91,309.642117897134
103,90,269.0000000000002
103,89,290.0
103,88,322.0
103,87,346.41214631736057
103,86,378.35126160734615
103,85,408.13770491095886
103,84,438.2762590668168
103,83,467.88882842489886
103,82,498.1033523436535
103,81,509.9999999999997
103,80,540.0000000000001
103,79,560.0
103,78,836.4462150256995
103,77,871.1787538604186
103,76,898.0881303339053
103,75,935.968985347841
103,74,971.93334514296
103,73,1017.370430991441
103,72,1078.226239506912
103,71,1117.7970718000893
103,70,1157.804852733618
103,69,1188.5862602328668
103,68,1337.9797270688155
103,67,1378.4194603577102
103,66,1420.065683410323
103,65,1464.4467384195175
103,64,1633.6388876330143
103,63,1678.7149351566854
103,62,1799.1145418094773
103,61,1847.484014405307
103,60,2145.2446142601602
103,59,2260.569986849677
103,58,2384.074393968591
103,57,2492.627410446084
103,56,2591.9231911562624
103,55,2680.2903319064335
103,54,2761.6364085365767
103,53,2860.9958620335997
103,52,2977.174857198035
103,51,3071.611170829876
103,50,3156.466381853206
103,49,3245.5609727071956
103,48,3332.074228424873
103,47,3418.3780990305127
103,46,3900.251820915371
103,45,3970.3039340430537
103,44,4054.878692978914
103,43,4139.847512860999
103,42,4213.542863395952
103,41,4329.090447279852
103,40,4526.916457048649
103,39,4610.065532188135
103,38,4700.309962824873
103,37,4786.11492960356
103,36,5127.159249711166
103,35,5208.544951517306
103,34,5290.334332394856
103,33,5397.855350059657
103,32,6063.424710078317
103,31,6155.010515938104
103,30,6390.011065174674
103,29,6485.6389580593
103,28,10163.35955511395
103,27,10345.148013181846
103,26,10540.046077657666
103,25,10730.361737020918
103,24,10916.5150508718
103,23,11176.667253892318
103,22,11756.743246288748
103,21,11961.570163963159
103,20,12172.76383515956
103,19,12372.803909312917
103,18,12936.567465480624
103,17,13108.727653241529
103,16,13281.544966830466
103,15,13509.18922035398
103,14,15637.839031616017
103,13,15838.410928729589
103,12,16231.014185978445
103,11,16427.86582489199
103,10,32829.09020830098
103,9,33281.29590597341
103,8,33736.05148489641
103,7,34332.366129521695
103,6,42275.09916118269
103,5,42834.683180094624
103,4,43433.27348469186
103,3,43913.379432304835
103,2,170843.92933574275
103,1,172937.45103603927
104,104,6.020000000000406
104,103,14.350000000000186
104,102,33.84715220865724
104,101,40.146945802721
104,100,73.36138001535049
104,99,98.00895532173881
104,98,128.05965889970463
104,97,155.37067091314938
104,96,185.97895762674563
104,95,215.60271187094241
104,94,245.01035765961458
104,93,280.0468588584401
104,92,312.57366675376915
104,91,175.33952326426268
104,78,885.0601477490342
104,77,920.4606948432621
104,76,948.0803123774566
104,75,986.6715937983183
104,74,1023.3044748676386
104,73,1069.6578821363355
104,72,1132.8436613808317
104,71,1173.1553598122882
104,70,1213.9043912682087
104,69,880.4646893746493
104,46,4020.6475241215853
104,45,4091.8107829437704
104,44,4177.567193433922
104,43,4263.717984773298
104,42,4338.525365785957
104,41,4455.592200183111
104,40,4660.398988515457
104,39,4744.808754382706
104,38,4836.314626233126
104,37,4923.306764093423
104,36,5269.188046023238
104,35,5351.644767905684
104,34,5434.505706260242
104,33,5543.465609836017
104,32,6243.793575623394
104,31,6336.827440331607
104,30,6575.573341149337
104,29,6672.684773500903
104,28,10419.045761225188
104,27,10603.049386722128
104,26,10800.309615208811
104,25,10992.987615894624
104,24,11181.35695210551
104,23,11444.545550287683
104,22,12044.638647964224
104,21,12252.05627373598
104,20,12465.841473292881
104,19,12668.318400667313
104,18,13238.847621973426
104,17,13413.039809234417
104,16,13587.889695337599
104,15,13818.209367762585
104,14,16055.10035604746
104,13,16258.777976620757
104,12,16656.9792090321
104,11,16856.841100101024
104,10,33539.66548074907
104,9,33996.85564195343
104,8,34456.598035059025
104,7,35059.411858134554
104,6,43403.40068280412
104,5,43972.135205403836
104,4,44564.98244656312
104,2,175028.52230590128
104,1,177152.4948863215
105,105,6.7999999999998835
105,104,13.999999999999773
105,103,23.10000000000031
105,102,26.126650736871795
105,101,36.5388604844963
105,100,103.16746838390645
105,99,128.5439687068908
105,98,159.3394701772632
105,97,187.43480970800508
105,96,218.82755003734184
105,95,249.19645536372076
105,94,279.33359219609474
105,93,315.3662192469898
105,92,349.105855354943
105,91,249.61591257969542
105,78,934.8329516699904
105,77,970.9022031313766
105,76,999.2328034872222
105,75,1038.5352553057871
105,74,1075.8373594576703
105,73,1123.1080527032539
105,72,1188.7050017225083
105,71,1229.7591793629845
105,70,1271.251079363548
105,69,1034.9923245231205
105,46,4142.901537675519
105,45,4215.177207091127
105,44,4302.116617538542
105,43,4389.450732282557
105,42,4465.3714185161
105,41,4583.959249746714
105,40,4795.976642262937
105,39,4881.650468927109
105,38,4974.421161949862
105,37,5062.603658948772
105,36,5413.334962647219
105,35,5496.865611809868
105,34,5580.801021851186
105,33,5691.203733201431
105,32,6428.10982194955
105,31,6522.610817026714
105,30,6765.146100644619
105,29,6863.760749861412
105,28,10678.00681539907
105,27,10864.227638835746
105,26,11063.85220200449
105,25,11258.894720344011
105,24,11449.482125631679
105,23,11715.709931419075
105,22,12336.452162721414
105,21,12546.468229974587
105,20,12762.85271232209
105,19,12967.773801389369
105,18,13545.089064463677
105,17,13721.31939560274
105,16,13898.208011591292
105,15,14131.211224819494
105,14,16481.9198109561
105,13,16688.755824955024
105,12,17092.639250033997
105,11,17295.562701804374
105,10,34258.71269847647
105,9,34720.89904797027
105,8,35185.64001030749
105,7,35794.9683689856
105,6,44560.78366209607
105,5,45138.86325416067
105,4,45723.66511191979
105,2,179300.77129641763
105,1,181455.6624375584
106,106,7.8000000000001855
106,105,17.100000000000048
106,104,25.800000000000196
106,103,31.308785719200763
106,102,46.214062186423135
106,101,57.08615243810986
106,100,134.08994372618892
106,99,160.1957503168312
106,98,191.73644045086127
106,97,220.6165201139968
106,96,252.7941280543535
106,95,283.90857887390024
106,94,314.77559396149854
106,93,351.8048772094306
106,92,386.78543330406
106,91,326.1074705461067
106,78,985.766783948707
106,77,1022.5054459969688
106,76,1051.5477816179937
106,75,1091.5621585968875
106,74,1129.534197783467
106,73,1177.7231554456398
106,72,1245.8151958484668
106,71,1287.613493191751
106,70,1329.8499072284026
106,69,1192.550350609529
106,46,4267.017885395218
106,45,4340.40724741532
106,44,4428.53102450434
106,43,4517.049832898556
106,42,4594.085116273808
106,41,4714.195714249084
106,40,4933.660176532581
106,39,5020.601489197872
106,38,5114.640438627531
106,37,5204.016534901012
106,36,5559.611132949753
106,35,5644.2186638328685
106,34,5729.231507073384
106,33,5841.081011625233
106,32,6616.491838275296
106,31,6712.479964095671
106,30,6958.851634124927
106,29,7058.9901466357205
106,28,10940.248657954087
106,27,11128.688736606184
106,26,11330.679833692833
106,25,11528.089074566342
106,24,11720.896622499618
106,23,11990.166485189364
106,22,12632.206679888985
106,21,12844.829046273413
106,20,13063.820690327435
106,19,13271.193366748066
106,18,13855.315374262893
106,17,14033.590091779657
106,16,14212.523693260091
106,15,14448.218698623194
106,14,16918.65427532693
106,13,17128.70407217097
106,12,17538.36090531378
106,11,17744.399903753285
106,10,34986.272402296025
106,9,35453.4668468132
106,8,35923.21831568952
106,7,36539.07680495017
106,6,45748.534359973804
106,5,46336.16432277477
106,4,46909.826860035675
106,2,183661.26778470047
106,1,185847.5388501472
107,107,7.699999999999846
107,106,17.500000000000245
107,105,24.945234399955215
107,104,34.92458805662
107,103,51.72756590806575
107,102,67.1224659291472
107,101,78.45526497103575
107,100,166.12978135917828
107,99,192.9652788924281
107,98,225.2515516183961
107,97,254.916787662053
107,96,287.8796806122789
107,95,319.7400745325369
107,94,351.33735818969484
107,93,389.36383258146583
107,92,425.6143631424541
107,91,404.81618644828194
107,78,1037.8637600990744
107,77,1075.2725462794747
107,76,1105.0273781113608
107,75,1145.7544427497364
107,74,1184.3971361866063
107,73,1233.5053469422999
107,72,1304.1791843201077
107,71,1346.7232664536666
107,70,1389.705864625848
107,69,1353.140122550319
107,46,4393.000319043591
107,45,4467.504667248781
107,44,4556.814189266171
107,43,4646.519073146131
107,42,4724.670256938727
107,41,4846.3054060483655
107,40,5073.460184716383
107,39,5161.672457961187
107,38,5256.983147998528
107,37,5347.556129758849
107,36,5708.027483622481
107,35,5793.714892193585
107,34,5879.808171711048
107,33,5993.108510935583
107,32,6809.066200925435
107,31,6906.562452719289
107,30,7156.820505782377
107,29,7258.504562849068
107,28,11205.776459310882
107,27,11396.437862809158
107,26,11600.797706168893
107,25,11800.575887920377
107,24,11995.605664176604
107,23,12267.920449324783
107,22,12931.924572925225
107,21,13147.161206240753
107,20,13368.768000801108
107,19,13578.59979358967
107,18,14169.549535241636
107,17,14349.874967830137
107,16,14530.859896672282
107,15,14769.255059169252
107,14,17365.68707214207
107,13,17579.008968508308
107,12,17994.5373042395
107,11,18203.748708750023
107,10,35722.383205579565
107,9,36194.59780098785
107,8,36669.371862941596
107,7,37291.77627228329
107,6,46968.04128230946
107,5,47565.43853109012
107,4,48126.92329351515
107,2,188124.3481203111
107,1,190342.61638362473
108,108,7.599999999999506
108,107,18.19999999999953
108,106,29.300000000000477
108,105,41.198479012519975
108,104,55.6757021498293
108,103,72.96896282527646
108,102,88.85438093926498
108,101,100.64873258534467
108,100,199.2879970558287
108,99,226.8535781382559
108,98,259.88583598344775
108,97,290.3366532729029
108,96,324.0852575856358
108,95,356.69200077624004
108,94,389.019951741834
108,93,428.04416321072074
108,92,465.594708507084
108,91,485.7441426439364
108,78,1091.1261996894416
108,77,1129.2058371741643
108,76,1159.6739396396788
108,75,1201.1144690338326
108,74,1240.4285497092649
108,73,1290.4570207287572
108,72,1363.8022168317527
108,71,1407.0937807538364
108,70,1450.824265158993
108,69,1516.7632269207757
108,46,4520.853374704842
108,45,4596.474026742814
108,44,4686.970698599202
108,43,4777.86306647711
108,42,4857.131478434756
108,41,4980.292998020821
108,40,5215.38828608066
108,39,5304.875058900358
108,38,5401.461038971303
108,37,5493.234253954685
108,36,5858.5960754051275
108,35,5945.366413760201
108,34,6032.5431888652565
108,33,6147.298479571186
108,32,7005.970043658984
108,31,7104.996506619874
108,30,7359.194525149094
108,29,7462.446945761299
108,28,11474.597337326151
108,27,11667.48217981724
108,26,11874.213029395009
108,25,12076.362417509854
108,24,12273.61655277407
108,23,12548.979188142204
108,22,13235.630732153391
108,21,13453.489746931156
108,20,13677.719828347123
108,19,13890.018405529176
108,18,14487.817258425112
108,17,14670.199851597237
108,16,14853.242566664114
108,15,15094.346405428854
108,14,17823.434589813252
108,13,18040.090106935462
108,12,18461.59653213349
108,11,18674.040358140053
108,10,36467.09028828206
108,9,36944.337319579216
108,8,37424.146290800534
108,7,38053.112709655186
108,6,48220.816470667465
108,5,48828.210638623284
108,4,49372.454614600996
108,2,192676.30255316713
108,1,194927.00792585724
109,105,43.49561054418495
109,102,111.41236955322206
109,101,123.66913112875815
109,100,233.56559061517765
109,99,261.8616504380615
109,98,295.64029808402927
109,97,326.8771241915324
109,96,361.4118685985491
109,95,394.76536943641844
109,94,427.82438857174634
109,93,467.846886467657
109,92,506.7284851798285
109,91,568.8933782025031
109,78,1145.5562544337702
109,77,1184.3074766705668
109,76,1215.4896318784802
109,75,1257.644409717386
109,74,1297.6306167976913
109,73,1348.5803641168752
109,72,1424.6893964607816
109,71,1468.730163175908
109,70,1513.210259921291
109,69,1683.4210026133696
109,46,4650.580781875892
109,45,4727.319064877677
109,44,4819.0043005669295
109,43,4911.085570014868
109,42,4991.472547047309
109,41,5116.162267491168
109,40,5359.455341663887
109,39,5450.220201333401
109,38,5548.085068527861
109,37,5641.061909298678
109,36,6011.328094196517
109,35,6099.184454729257
109,34,6187.447825059608
109,33,6303.662238510164
109,32,7207.349999850349
109,31,7307.929922801033
109,30,7566.125487032193
109,29,7670.97030644759
109,28,11746.716269047301
109,27,11941.82667149851
109,26,12150.93079442707
109,25,12355.453662061422
109,24,12554.934293466245
109,23,12833.347715168233
109,22,13543.348022587066
109,21,13763.837640728108
109,20,13990.699252272681
109,19,14205.472382409447
109,18,14810.14200264806
109,17,14994.588285625025
109,16,15179.695329544671
109,15,15423.516474093498
109,14,18292.34461582853
109,13,18512.3987219313
109,12,18939.99943996572
109,11,19155.73910189947
109,10,37220.432659169055
109,9,37702.72455141614
109,8,38187.58088819325
109,7,38823.12558851776
109,6,49508.49626407499
109,5,50126.13076241587
109,4,50651.48587471828
109,2,197338.48826780557
109,1,199622.30549334065
110,105,75.99241776773823
110,102,134.79906404293834
110,101,147.5191087189626
110,100,268.9636148315857
110,99,297.99055641018236
110,98,332.5160069786789
110,97,364.53927797007805
110,96,399.86060000037224
110,95,433.9612752703792
110,94,467.7517717063939
110,93,508.7731162058204
110,92,549.0178296828212
110,91,654.2660560414341
110,78,1201.156315322323
110,77,1240.5798692492292
110,76,1272.4768727410744
110,75,1315.3466971565872
110,74,1356.0057834326378
110,73,1407.8778414168974
110,72,1486.8461793568772
110,71,1531.6379022168987
110,70,1576.8693698418756
110,69,1853.1150926991531
110,46,4782.18717549158
110,45,4860.044440317547
110,44,4952.919679997348
110,43,5046.19129480061
110,42,5127.6981979168195
110,41,5253.917983894076
110,40,5505.673378896794
110,39,5597.719978033501
110,38,5696.86739552476
110,37,5791.051316973015
110,36,6166.236014866
110,35,6255.181546793907
110,34,6344.5346689143435
110,33,6462.212452669121
110,32,7413.365759444908
110,31,7515.523672746872
110,30,7777.7789675571885
110,29,7884.241562819599
110,28,12022.140472865087
110,27,12219.478599556436
110,26,12430.958309265545
110,25,12637.85697547103
110,24,12839.56628391209
110,23,13121.033488511783
110,22,13855.102164392267
110,21,14078.230756526842
110,20,14307.732290965037
110,19,14524.98788344741
110,18,15136.550319536647
110,17,15323.066939840059
110,16,15510.244973715024
110,15,15756.792209654062
110,14,18772.906135981837
110,13,18996.427592838696
110,12,19430.249998521005
110,11,19649.35265723116
110,10,37982.456797927545
110,9,38469.80620664151
110,8,38959.7225962268
110,7,39601.86215159908
110,6,50832.872259423384
110,5,51461.00566949636
110,4,51961.29553575672
110,2,202096.2963554958
110,1,204413.7141814413
