Z,N,IE_pred_eV
1,1,13.605874258143151
2,2,23.064706675746123
2,1,54.42567088702862
3,3,6.531631836200233
3,2,74.0895112342825
3,1,122.4659131859188
4,4,10.264036216122314
4,3,19.476246026429624
4,2,152.3379038988724
4,1,217.73747911394054
5,5,8.321135291747556
5,4,25.921329430932197
5,3,39.20766328178622
5,2,257.8223964795015
5,1,340.255609990661
6,6,9.797049615064209
6,5,24.70368200605502
6,4,48.3522136419272
6,3,65.75634198364614
6,2,390.55986796768474
6,1,490.0399227010735
7,7,11.029914341103582
7,6,28.121684097590926
7,5,47.92582266609747
7,4,77.59590971970587
7,3,99.13089325774881
7,2,550.5715780582658
7,1,667.1144254250755
8,8,12.031026406600784
8,7,31.325139537271976
8,6,53.31858719952911
8,5,77.9944553595946
8,4,113.66623010681674
8,3,139.33682879872637
8,2,737.883184204671
8,1,871.5075369240051
9,9,12.799084911762666
9,8,34.313459677164516
9,7,58.511669996518876
9,6,85.37703862111795
9,5,114.90222152838291
9,4,156.57137390054925
9,3,186.38052908595648
9,2,952.5247622434202
9,1,1103.2521094184426
10,10,13.334265189857938
10,9,37.081831620206614
10,8,63.4993515083728
10,7,92.56888983046191
10,6,124.284820987326
10,5,158.64432125597477
10,4,206.31910096059585
10,3,240.27002031767321
10,2,1194.5308306246532
10,1,1362.385455099943
11,11,8.87973686150868
11,10,39.62745704084504
11,9,68.27507353881909
11,8,99.56186524171844
11,7,133.4821796283384
11,6,170.03474022385151
11,5,209.2185711249496
11,4,262.91821875659497
11,3,301.01506115382483
11,2,1463.9403782954219
11,1,1648.9493763292317
12,12,11.769364194933983
12,11,20.643391250475077
12,10,72.8344180565425
12,9,106.34843343418544
12,8,142.48506148652234
12,7,181.24320908970284
12,6,222.62321332785274
12,5,266.62491528183057
12,4,326.3790123670375
12,3,368.62709323838044
12,2,1760.7968962861798
12,1,1962.9901995756097
13,13,4.2682416512346135
13,12,24.778581544467116
13,11,35.123181883894375
13,10,112.9231560281865
13,9,151.28543955551268
13,8,192.26009196692218
13,7,235.84772028158355
13,6,282.04927540576995
13,5,330.8650121673065
13,4,396.7133529409504
13,3,443.1191811715858
13,2,2085.1484130636186
13,1,2304.558813164003
14,14,7.736585226178764
14,13,17.355054471590698
14,12,40.498623199596715
14,11,52.42681274003477
14,10,159.87724161868096
14,9,203.0771610348764
14,8,248.88242538469723
14,7,297.29429304873725
14,6,348.31396064656155
14,5,401.94193416085255
14,4,473.9347084795247
14,3,524.5059671736065
14,2,2437.0475337162748
14,1,2673.710708901423
15,15,10.575252121821586
15,14,20.857182598332457
15,13,31.684235670689482
15,12,59.056433089154474
15,11,72.66893707404729
15,10,213.68797708956586
15,9,261.7190652998853
15,8,312.35046389706304
15,7,365.58363275821984
15,6,421.4199137542393
15,5,479.8599568336392
15,4,558.0581296438022
15,3,612.8036420606934
15,2,2816.551483047123
15,1,3070.506027662601
16,16,13.312427372773744
16,15,24.44755643371049
16,14,36.29112240055791
16,13,49.02930438065328
16,12,80.54600585513218
16,11,95.90506881099046
16,10,274.35103793616696
16,9,327.2096191083474
16,8,382.66479809898794
16,7,440.71814765690914
16,6,501.37108057181183
16,5,564.6244126545921
16,4,649.1002335210638
16,3,708.0299294249315
16,2,3223.7221526567187
16,1,3495.0096090234697
17,17,16.09213498880223
17,16,28.154853096715993
17,15,40.98292674048662
17,14,54.74171012846965
17,13,69.44140546387504
17,12,105.01954642822356
17,11,122.16342948469352
17,10,341.86504927796733
17,9,399.54942017016134
17,8,459.82773719152266
17,7,522.701638245063
17,6,588.1725877763591
17,5,656.2416007423789
17,4,747.0791922551828
17,3,810.2040797643234
17,2,3658.6261521100364
17,1,3947.2910450407585
18,18,18.960285302754233
18,17,31.97874809951628
18,16,45.80113241466426
18,15,60.54446739446132
18,14,76.25644737127004
18,13,92.92539774797001
18,12,132.50722985903283
18,11,151.46040432816943
18,10,416.2307706059227
18,9,478.74081628719114
18,8,543.8430289331565
18,7,611.5391206779244
18,6,681.8306149047565
18,5,754.7186685293527
18,4,852.0147279994887
18,3,919.3468719453418
18,2,4121.334864285109
18,1,4427.424738280205
19,19,9.021588028775593
19,18,35.92365313554578
19,17,50.74082483537644
19,16,66.47865371673456
19,15,83.17074533351885
19,14,100.84297203199658
19,13,119.48117186938028
19,12,163.0281038469533
19,11,183.80702131668895
19,10,497.4506512326091
19,9,564.7875846907616
19,8,634.7156727528499
19,7,707.2366880584876
19,6,782.3522454562378
19,5,860.0636389809853
19,4,963.9281135986264
19,3,1035.4806204654046
19,2,4611.924505012668
19,1,4935.489964211007
20,20,10.42676116075386
20,19,18.37770442638516
20,18,55.80490780607504
20,17,72.53793422176417
20,16,90.22042350863344
20,15,108.86878590966202
20,14,128.50218576924328
20,13,149.10730328369783
20,12,196.59544531817966
20,11,219.21176747106992
20,10,585.5286188934327
20,9,657.6947678017584
20,8,732.4517540610449
20,7,809.8014158238989
20,6,889.7454603232915
20,5,972.2853222604887
20,4,1082.8421785716694
20,3,1158.629186927771
20,2,5130.476187126377
20,1,5471.57093808948
21,21,13.599852036313843
21,20,16.71785037049421
21,19,21.467307033158505
21,18,78.72414110632003
21,17,97.39869945480791
21,16,117.03338292318487
21,15,137.63967824957598
21,14,159.2332178371923
21,13,181.80220902888212
21,12,233.2195199729846
21,11,257.68208078080835
21,10,680.4697890568763
21,9,757.4685112843916
21,8,837.0583745115591
21,7,919.2412946227673
21,6,1004.0190800419689
21,5,1091.3933302219034
21,4,1208.7812965936675
21,3,1288.8179951880404
21,2,5677.075989049657
21,1,6035.756886467162
22,22,11.33946587361059
22,21,19.865193275255578
22,20,21.971449303344293
22,19,41.81785365339807
22,18,104.706454788861
22,17,125.32991157927742
22,16,146.91898000206302
22,15,169.48287386000874
22,14,193.0349199928862
22,13,217.56464559376997
22,12,272.90908068418037
22,11,299.2249814075633
22,10,782.2804095760895
22,9,864.1159807175288
22,8,948.5435701527598
22,7,1035.565182299599
22,6,1125.1827347753301
22,5,1217.3979676790184
22,4,1341.7714930551483
22,3,1426.0740494923036
22,2,6251.815028059874
22,1,6628.142123467579
23,23,37.13590264480062
23,22,-2.3876895594079763
23,21,22.37599237822337
23,20,42.80938958605549
23,19,64.38988909274676
23,18,133.7584360116589
23,17,156.33332889488685
23,16,179.87707395480612
23,15,204.39764462871062
23,14,229.906309944035
23,13,256.39392373005364
23,12,315.6721190112068
23,11,343.84756797995175
23,10,890.9677487717842
23,9,977.6452902203347
23,8,1066.9162631469121
23,7,1158.782769810414
23,6,1253.2468436799604
23,5,1350.310367680633
23,4,1481.8403177251616
23,3,1570.4259552605272
23,2,6854.789538377305
23,1,7248.826131988015
24,24,11.546901519691447
24,23,-0.05453178046672342
24,22,22.37078279112808
24,21,43.538024890110805
24,20,66.02476305013167
24,19,90.06281747534378
24,18,165.88209246412057
24,17,190.40918681954662
24,16,215.907354023474
24,15,242.38335251525834
24,14,269.84692662161916
24,13,298.28995582049885
24,12,361.5164818482759
24,11,391.5571127186026
24,10,1006.5400281331854
24,9,1098.0654519962436
24,8,1192.1862368380853
24,7,1288.904546155971
24,6,1388.2226014019886
24,5,1490.142386984374
24,4,1629.0169643589222
24,3,1721.9039422707879
24,2,7486.100954238573
24,1,7897.913649994636
25,25,15.396864838776219
25,24,24.105065132017938
25,23,22.020424629425076
25,22,43.99417735813923
25,21,67.38868776908328
25,20,92.3439445691241
25,19,118.85850283184999
25,18,201.07799169967834
25,17,227.55756930478253
25,16,255.00953596010908
25,15,283.4398106921353
25,14,312.8567846980665
25,13,343.25337333618614
25,12,410.45007576357864
25,11,442.36128701584397
25,10,1129.0063732216836
25,9,1225.3863396566312
25,8,1324.364059203161
25,7,1425.9418328561967
25,6,1530.1219702169317
25,5,1636.9066298783098
25,4,1783.332298424873
25,3,1880.5398592979918
25,2,8145.855998128936
25,1,8575.514762090443
26,26,16.47734875474898
26,25,25.362815598223058
26,24,21.34925552677027
26,23,44.173889595387486
26,22,68.48590632048057
26,21,94.36132380569178
26,20,121.79349508543851
26,19,150.76351050495697
26,18,239.34657830683062
26,17,267.77851705649834
26,16,297.18376284850314
26,15,327.56732010485325
26,14,358.9365964075424
26,13,391.2853522061778
26,12,462.4810557119098
26,11,496.26821846950685
26,10,1258.3767776688376
26,9,1359.6186617990597
26,8,1463.4611538424022
26,7,1569.9066844980787
26,6,1678.9576759640922
26,5,1790.6164492024811
26,4,1944.8187564756986
26,3,2046.3673275019464
26,2,8834.166774356761
26,1,9281.744996549014
27,27,46.59546496831089
27,26,-2.1871424008271005
27,25,20.370116612252048
27,24,44.07636002064537
27,23,69.31463507470552
27,22,96.11852297797428
27,21,124.47253641684853
27,20,154.3595310961882
27,19,185.7635682615859
27,18,280.68824707753976
27,17,311.07252842118936
27,16,342.43051490575084
27,15,374.76675402331614
27,14,408.087624405344
27,13,442.3876787711722
27,12,517.6179660709297
27,11,553.2865419699715
27,10,1394.6620770270247
27,9,1500.7739433698878
27,8,1609.4897172254202
27,7,1720.811953545393
27,6,1834.7432452654837
27,5,1951.2859114902358
27,4,2113.5105666112495
27,3,2219.4215771591166
27,2,9551.150868168588
27,1,10016.725428021451
28,28,50.94042139001244
28,27,-4.167337037022224
28,26,19.090634139140885
28,25,43.70144376566885
28,24,69.87443729230978
28,23,97.61371563222224
28,22,126.89740787712167
28,21,157.7062385160307
28,20,190.02645222099696
28,19,223.84676230918296
28,18,325.10372592590267
28,17,357.44034693609507
28,16,390.75094489558285
28,15,425.0395257013123
28,14,460.3117046065035
28,13,496.5627008591804
28,12,575.869797165672
28,11,613.4254333608094
28,10,1537.8739301612145
28,9,1648.864513043809
28,8,1762.4627333953536
28,7,1878.6712659556208
28,6,1997.4928506949911
28,5,2118.9299585774565
28,4,2289.4436464849655
28,3,2399.7396112124916
28,2,10296.931450616632
28,1,10780.582786137715
29,29,18.140366950748245
29,28,-6.5372424884362585
29,27,17.515598331213837
29,26,43.04914242238761
29,25,70.16486906672125
29,24,98.84600684072772
29,23,129.06593947578705
29,22,160.80385277957993
29,21,194.0455417763123
29,20,228.78130325803414
29,19,265.0034926791451
29,18,372.5940937714169
29,17,406.8833033364752
29,16,442.14661314803453
29,15,478.38759324500836
29,14,515.611218002889
29,13,553.8132904024819
29,12,637.246040259619
29,11,676.6946323182005
29,10,1688.0248065188237
29,9,1803.9034953523885
29,8,1922.3939696310802
29,7,2043.499022462516
29,6,2167.2215522332986
29,5,2293.5641766262315
29,4,2472.655669097032
29,3,2587.360205372566
29,2,11071.637389406133
29,1,11573.449570239396
30,30,20.91547965503639
30,29,30.529489361663035
30,28,15.648088647993433
30,27,42.11941468163183
30,26,70.18539655975782
30,25,99.81464667768789
30,24,130.97666390395568
30,23,163.64985372787558
30,22,197.8197159545808
30,21,233.4765648659404
30,20,270.61373780546114
30,19,309.2259976338949
30,18,423.1608877461615
30,17,459.40317093139925
30,16,496.6196203994563
30,15,534.8134377573455
30,14,573.9890639941506
30,13,614.1428139632721
30,12,701.7567223015225
30,11,743.1044590086487
30,10,1845.1279780652696
30,9,1965.904806622393
30,8,2089.2979764550864
30,7,2215.310417267378
30,6,2343.945126213997
30,5,2475.204964487575
30,4,2663.186097011395
30,3,2782.323944166847
30,2,11875.40336596555
30,1,12395.464170496598
31,31,6.275040190241922
31,30,33.789062737330774
31,29,45.40468200144901
31,28,40.912136474107214
31,27,69.93557240537511
31,26,100.51861216964211
31,25,132.62830589187962
31,24,166.2423985994667
31,23,201.34631000890099
31,22,237.93046538926066
31,21,275.9883162273469
31,20,315.515365747185
31,19,356.5078893462497
31,18,476.8060824768614
31,17,515.0022120150161
31,16,554.172567436209
31,15,594.32004343098
31,14,635.4486341937396
31,13,677.5551064141323
31,12,769.412431631113
31,11,812.6658271091451
31,10,2009.1975149931554
31,9,2134.8831656168004
31,8,2263.190078343117
31,7,2394.121375120532
31,6,2527.680180677046
31,5,2663.869502286965
31,4,2861.0762188144413
31,3,2984.673259181488
31,2,12708.369999000182
31,1,13246.770995681405
32,32,7.2542156413210925
32,31,17.719820569045574
32,30,49.32489886443814
32,29,62.35875449260104
32,28,69.41467418689156
32,27,100.95705906871189
32,26,134.01959904802885
32,25,168.57978552921688
32,24,204.62311107341625
32,23,242.14007713716768
32,22,281.1244969936818
32,21,321.57200753513246
32,20,363.4793513749783
32,19,406.8439768975363
32,18,533.5321128718316
32,17,573.6831678105182
32,16,614.808542271882
32,15,656.9108760032433
32,14,699.9937892567781
32,13,744.0544494685844
32,12,840.2243366252608
32,11,885.3902548173062
32,10,2180.2482845344166
32,9,2310.8540472112804
32,8,2444.0864259973014
32,7,2579.948662547671
32,6,2718.44405915468
32,5,2859.5757617942863
32,4,3066.3691878625323
32,3,3194.452469558229
32,2,13570.683974803173
32,1,14127.520607885312
33,33,9.479916108547682
33,32,19.778828506093753
33,31,32.05340007090937
33,30,67.0330415727484
33,29,81.14780760250623
33,28,101.12903602491474
33,27,135.14932568234218
33,26,170.66043751407486
33,25,207.6480335444632
33,24,246.10297560288478
33,23,286.01922218597406
33,22,327.39269100776977
33,21,370.2204455939148
33,20,414.50011622325667
33,19,460.2299411954147
33,18,593.3418733419587
33,17,635.4492484347348
33,16,678.5311023297219
33,15,722.5898051909489
33,14,767.6288965970908
33,13,813.6455526188877
33,12,914.2042018228212
33,11,961.2898748889343
33,10,2358.2959523689447
33,9,2493.833760685155
33,8,2632.0039278968225
33,7,2772.809823428213
33,6,2916.254923034804
33,5,3062.342517842559
33,4,3279.110063370212
33,3,3411.7078248165644
33,2,14462.49818462583
33,1,15037.869864492102
34,34,11.509355407086806
34,33,23.066576769464827
34,32,35.346538921553304
34,31,48.51978649255633
34,30,86.59647304049605
34,29,101.6566902870141
34,28,136.0162660240683
34,27,172.48279456496692
34,26,210.41928273722513
34,25,249.81688214922673
34,24,290.66979127760465
34,23,332.9742598983943
34,22,376.7275919516122
34,21,421.92778085852296
34,20,468.57308197004426
34,19,516.6621699922081
34,18,656.2387095120755
34,17,700.3041204372119
34,16,745.3442586497893
34,15,791.3613266613463
34,14,838.3585733510087
34,13,886.3335378494769
34,12,991.3644013001904
34,11,1040.3774443403272
34,10,2543.3569862500904
34,9,2683.839403931861
34,8,2826.960309381568
34,7,2972.7232073424702
34,6,3121.1317435611363
34,5,3272.1893609652525
34,4,3499.3458539035178
34,3,3636.487550092853
34,2,15383.971869420331
34,1,15977.98206773486
35,35,13.88201577696879
35,34,26.309624600339376
35,33,39.37040218758624
35,32,52.824300859328694
35,31,66.7369343913084
35,30,107.87086286037608
35,29,123.84127657414425
35,28,174.04547080827342
35,27,212.93508289430807
35,26,253.27965062333178
35,25,295.0737669047694
35,24,338.3138525206702
35,23,382.9975637823646
35,22,429.12313544660924
35,21,476.6891837918866
35,20,525.6943570882568
35,19,576.1377649891714
35,18,722.2264098112094
35,17,768.2518940582596
35,16,815.2524018650503
35,15,863.2302348510017
35,14,912.1880426180284
35,13,962.1239270550652
35,12,1071.7179309940586
35,11,1122.6663542376095
35,10,2735.4486615532355
35,9,2880.8888842625993
35,8,3028.9741082485807
35,7,3179.7079806666998
35,6,3333.0943145080587
35,5,3489.136709983866
35,4,3727.1255633652504
35,3,3868.8418938880773
35,2,16335.270772294165
35,1,16948.02712219164
36,36,16.593419685606992
36,35,29.783633254052848
36,34,43.45966008453795
36,33,57.503562326006254
36,32,71.87178600427153
36,31,86.58087069787668
36,30,130.8067982955532
36,29,147.69181702428415
36,28,215.19379620340396
36,27,256.48939107490287
36,26,299.22882407928284
36,25,343.4088697823845
36,24,389.0273789833317
36,23,436.0829101226314
36,22,484.5743228514032
36,21,534.5006498999593
36,20,585.860811366802
36,19,638.6542352264308
36,18,791.309195753586
36,17,839.2970447902632
36,16,888.2605988654898
36,15,938.201621660352
36,14,989.1228656335904
36,13,1041.0226319633375
36,12,1155.2784156484267
36,11,1208.1706447014021
36,10,2934.5890685325317
36,9,3085.0009273159044
36,8,3238.06468522082
36,7,3393.7841379751244
36,6,3552.1632645738114
36,5,3713.205827646094
36,4,3962.5002395621345
36,3,4108.823178429313
36,2,17316.56729904081
36,1,17948.181700596444
37,37,13.224154589608023
37,36,33.46088063220235
37,35,47.71869436055486
37,34,62.30713482994104
37,33,77.21834660379137
37,32,92.46039233845397
37,31,108.03611326535767
37,30,155.39659445741205
37,29,173.21311445581023
37,28,259.4442691114795
37,27,303.1329326571403
37,26,348.25684482663314
37,25,394.8142925272118
37,24,442.8040353025797
37,23,492.22517486338154
37,22,543.0770082160732
37,21,595.3588521194846
37,20,649.0698192761832
37,19,704.2095744747259
37,18,863.4917122201963
37,17,913.4446749895521
37,16,964.3739312721596
37,15,1016.2811764914438
37,14,1069.1689980623446
37,13,1123.0359460055324
37,12,1242.0601402984219
37,11,1296.9049958243409
37,10,3140.797121112076
37,9,3296.195087343997
37,8,3454.252235566598
37,7,3614.972515467939
37,6,3778.36007213273
37,5,3944.4188351193643
37,4,4205.523025457449
37,3,4356.485852763426
37,2,18328.04068712892
37,1,18978.629418369455
38,38,15.484505139281893
38,37,21.675983542870355
38,36,52.13149638229963
38,35,67.25930692151718
38,34,82.70754260288086
38,33,98.49030201098452
38,32,114.62589552637533
38,31,131.12000289816388
38,30,181.64829064808774
38,29,200.41547986811764
38,28,306.78400841254484
38,27,352.85562847809297
38,26,400.35580209047197
38,25,449.2836759717899
38,24,499.6386085237939
38,23,551.4201071354672
38,22,604.6277427350938
38,21,659.2610294405569
38,20,715.3192203732821
38,19,772.8021599640414
38,18,938.7789547604299
38,17,990.700145565545
38,16,1043.5981672881335
38,15,1097.4749172786985
38,14,1152.332781918329
38,13,1208.1705384536697
38,12,1332.0780318829206
38,11,1388.884769340853
38,10,3354.0925670883476
38,9,3514.4917610628295
38,8,3677.5577996265597
38,7,3843.294805071605
38,6,4011.707080361976
38,5,4182.798728532573
38,4,4456.24921322336
38,3,4611.886548706688
38,2,19369.87718356868
38,1,20039.561017296637
39,39,0.7998350743855944
39,38,43.923225725692205
39,37,12.126356926347727
39,36,72.35001763228125
39,35,88.33589887102772
39,34,104.66239052481822
39,33,121.34658887466723
39,32,138.4065637805025
39,31,155.8551312234015
39,30,209.57488383719732
39,29,229.31058177343823
39,28,357.20299948138177
39,27,405.6495579962438
39,26,455.5192330721401
39,25,506.8117221805201
39,24,559.5267739756599
39,23,613.6641671232516
39,22,669.2236580943087
39,21,726.2049010648493
39,20,784.6072551757504
39,19,844.4306365468518
39,18,1017.1765902031743
39,17,1071.0690963932182
39,16,1125.9393958599273
39,15,1181.7892502448058
39,14,1238.620939612829
39,13,1296.4334497324332
39,12,1425.3476922637885
39,11,1484.1260000514035
39,10,3574.4959741872353
39,9,3739.9122166936368
39,8,3908.0032861441236
39,7,4078.7735695364686
39,6,4252.227513527447
39,5,4428.3693962881935
39,4,4714.736301221761
39,3,4875.084139784106
39,2,20442.270232091574
39,1,21131.174558821494
40,40,20.569028718301364
40,39,26.393589296499805
40,38,12.257903925844065
40,37,26.01393155568206
40,36,94.09642944379614
40,35,110.96748396396005
40,34,128.20305751679848
40,33,145.8194232141617
40,32,163.83287024657798
40,31,182.2616142103571
40,30,239.18985029719232
40,29,259.9100667379498
40,28,410.69323686935735
40,27,461.50823903808697
40,26,513.7418396020655
40,25,567.3940592725894
40,24,622.4649273203984
40,23,678.9544052350936
40,22,736.8623770268869
40,21,796.1885988808461
40,20,856.932513318334
40,19,919.0941538630648
40,18,1098.6902683807873
40,17,1154.5577683293322
40,16,1211.4040949395403
40,15,1269.230964218034
40,14,1328.0405084422798
40,13,1387.832149242285
40,12,1521.885405838515
40,11,1582.6454140331055
40,10,3802.028845990075
40,9,3972.4785188313595
40,8,4145.611473347166
40,7,4321.4322587085635
40,6,4499.945494295869
40,5,4681.155637388235
40,4,4981.04405404561
40,3,5146.139803308727
40,2,21545.420670121235
40,1,22253.67562744004
41,41,20.595399175871584
41,40,4.932261924146004
41,39,13.167600032222861
41,38,25.51280335030215
41,37,45.240409114320165
41,36,117.4006643451165
41,35,135.18769932190227
41,34,153.3612809108815
41,33,171.93656987790482
41,32,190.9274584904189
41,31,210.355537137358
41,30,270.5060004006818
41,29,292.22458753017986
41,28,467.2483852034884
41,27,520.4264253701504
41,26,575.0192261122916
41,25,631.0270411017084
41,24,688.450060351497
41,23,747.2883699426743
41,22,807.5419433124316
41,21,869.2106134047822
41,20,932.2938912474478
41,19,996.7919058359096
41,18,1183.3263214621604
41,17,1241.1727190343468
41,16,1299.9991264501416
41,15,1359.8072263122867
41,14,1420.5990897742015
41,13,1482.3742810746942
41,12,1621.7081531314702
41,11,1684.4604424051831
41,10,4036.7134791197673
41,9,4212.2136908518405
41,8,4390.406034709817
41,7,4571.295226855786
41,6,4754.886062107642
41,5,4941.1831807995595
41,4,5255.234565772163
41,3,5425.117085754577
41,2,22679.53693603688
41,1,23407.277544728
42,42,19.96285018252945
42,41,3.024328891399244
42,40,12.28177002252609
42,39,27.940388417571782
42,38,47.69103217863968
42,37,65.55628447412224
42,36,142.29709528957736
42,35,161.02759920714078
42,34,180.16374979607008
42,33,199.719668125939
42,32,219.7073723021007
42,31,240.14945250891634
42,30,303.5349938510128
42,29,326.2642466312966
42,28,526.8631010974626
42,27,582.399685926665
42,26,639.3477246694225
42,25,697.7076203228954
42,24,757.4796667694468
42,23,818.664035994814
42,22,881.2607659891055
42,21,945.2697497651377
42,20,1010.6905571583701
42,19,1077.5233964673237
42,18,1271.0913934468483
42,17,1330.9208902854862
42,16,1391.7317321856096
42,15,1453.5255788658221
42,14,1516.3044535520626
42,13,1580.0680567184054
42,12,1724.8336251488806
42,11,1789.5892359852348
42,10,4278.573084350869
42,9,4459.141627626996
42,8,4642.411553897203
42,7,4828.387751079205
42,6,5017.075192613543
42,5,5208.478705901572
42,4,5537.372326587019
42,3,5712.0819715932985
42,2,23844.835287273792
42,1,24592.20159456301
43,43,20.43830527330514
43,42,26.034791517446468
43,41,12.2009903631065
43,40,30.971218134948696
43,39,51.266918544696765
43,38,69.29981960470147
43,37,86.61455615081806
43,36,168.81580963949685
43,35,188.51247664027656
43,34,208.63140086243484
43,33,229.18555691257006
43,32,250.18547410189905
43,31,271.6531412948832
43,30,338.2876044853989
43,29,362.03825828832544
43,28,589.5330015827423
43,27,647.4243483793646
43,26,706.7242662691477
43,25,767.4331675565863
43,24,829.5517543428145
43,23,893.0797473779991
43,22,958.0175740839032
43,21,1024.3650913640793
43,20,1092.1219215891392
43,19,1161.2883403831083
43,18,1361.9925118444717
43,17,1423.8096045283824
43,16,1486.609531068967
43,15,1550.3939375471434
43,14,1615.1648108088987
43,13,1680.9219817744406
43,12,1831.2802385508644
43,11,1898.050680879139
43,10,4527.631776051501
43,9,4713.287139795433
43,8,4901.653543239774
43,7,5092.7360508317115
43,6,5286.539818236578
43,5,5483.069864037631
43,4,5827.524292948828
43,3,6007.102955781267
43,2,25041.540029834257
43,1,25808.677260148437
44,44,19.116589420072188
44,43,-1.5570260560041809
44,42,13.762494153707866
44,41,34.58110002092473
44,40,54.82479617612267
44,39,73.10764077765785
44,38,90.95396348996549
44,37,109.20726192815864
44,36,196.98085486572936
44,35,217.66249174951912
44,34,238.78070468514517
44,33,260.34733122208877
44,32,282.3717822439176
44,31,304.87433935580503
44,30,374.7736295773093
44,29,399.55533259365643
44,28,655.2544261447861
44,27,715.4973369306919
44,26,777.146233670986
44,25,840.2018014693076
44,24,904.6644335556784
44,23,970.5341712287008
44,22,1037.8112871575395
44,21,1106.4959814335316
44,20,1176.5876926981255
44,19,1248.0866423919365
44,18,1456.0370848350744
44,17,1519.8465624065177
44,16,1584.6405174330198
44,15,1650.4205904646296
44,14,1717.1887421304984
44,13,1784.944928552922
44,12,1941.0671517245923
44,11,2009.8643644228305
44,10,4783.914640244445
44,9,4974.675972309687
44,8,5168.158463347623
44,7,5364.367308577474
44,6,5563.307849859442
44,5,5764.985301238559
44,4,6125.759961484799
44,3,6310.251120080817
44,2,26269.883759835695
44,1,27056.942473485065
45,45,19.691308484898546
45,44,-2.019000024578007
45,43,16.547169302556203
45,42,38.215313003526454
45,41,58.315213269940834
45,40,76.90092941235613
45,39,95.27136273188667
45,38,114.0576594758395
45,37,133.52495112888764
45,36,226.81147041569915
45,35,248.493623565154
45,34,270.6246437889196
45,33,293.2153302038644
45,32,316.27425327896526
45,31,339.8194027476613
45,30,413.0021447522543
45,29,438.82374301934004
45,28,724.0243062324428
45,27,786.6160752871396
45,26,850.6115928821522
45,25,916.0115728028798
45,24,982.8163412990085
45,23,1051.0262542119915
45,22,1120.6414497233998
45,21,1191.6619474652678
45,20,1264.0875260413666
45,19,1337.9183798937418
45,18,1553.2328991840282
45,17,1619.0398413275018
45,16,1685.8330602807714
45,15,1753.6141982151676
45,14,1822.3851985528252
45,13,1892.146137883755
45,12,2054.2142817689864
45,11,2125.0507977846178
45,10,5047.4475481911795
45,9,5243.334824131748
45,8,5441.953743883703
45,7,5643.309691618896
45,6,5847.408199713218
45,5,6054.254682146987
45,4,6432.151446812264
45,3,6621.600213439332
45,2,27530.10761775329
45,1,28337.24387798357
46,46,-16.2766364327292
46,45,-0.9506192883750549
46,44,19.840254210680776
46,43,41.67849661120163
46,42,61.72691677000106
46,41,80.66567184176238
46,40,99.55156894042014
46,39,118.89406860150568
46,38,138.874609093798
46,37,159.60546934404843
46,36,258.3231031806132
46,35,281.0186204345723
46,34,304.1736038431175
46,33,327.797886602798
46,32,351.8993550003176
46,31,376.49377312892267
46,30,452.98167271570213
46,29,479.85145832024523
46,28,795.8400678500269
46,27,860.778411585413
46,26,927.118518128469
46,25,994.8611181453003
46,24,1064.0065545058203
46,23,1134.5552132851778
46,22,1206.5072632615538
46,21,1279.8627569473192
46,20,1354.6215120483591
46,19,1430.783787379887
46,18,1653.5881191765927
46,17,1721.3978949336117
46,16,1790.1959034176036
46,15,1859.983794779247
46,14,1930.7635032405167
46,13,2002.5353325279075
46,12,2170.7422115798827
46,11,2243.6311228533286
46,10,5318.257487884799
46,9,5519.291369125978
46,8,5723.067805531344
46,7,5929.592375139981
46,6,6138.870805494381
46,5,6350.908715209892
46,4,6746.773563501213
46,3,6941.226736639008
46,2,28822.461556074737
46,1,29649.837104963437
47,47,22.958128552664967
47,46,1.147521463650208
47,45,23.17761644895103
47,44,44.950441774631194
47,43,65.06740805933404
47,42,84.3987139257851
47,41,103.80032811954345
47,40,123.685957844125
47,39,144.22101174460965
47,38,165.45499422346046
47,37,187.4530643028584
47,36,291.5281928887654
47,35,315.2478094429871
47,34,339.4360549357778
47,33,364.10188237060294
47,32,389.25279224887345
47,31,414.90158624371475
47,30,494.72073657031143
47,29,522.6462554100515
47,28,870.699557064369
47,27,937.9825602305079
47,26,1006.6655620461639
47,25,1076.7493033961193
47,24,1148.2341376800548
47,23,1221.1204770702823
47,22,1295.4085172703337
47,21,1371.0983442769325
47,20,1448.1898136235227
47,19,1526.6832428025934
47,18,1757.1112863345684
47,17,1826.9295533994068
47,16,1897.7381664069073
47,15,1969.5387891741798
47,14,2042.333353897624
47,13,2116.122269928433
47,12,2290.672659265397
47,11,2365.627342598289
47,10,5596.372374364626
47,9,5802.574278159038
47,8,6011.530083196047
47,7,6223.245566508411
47,6,6437.7266557721305
47,5,6654.979179193907
47,4,7069.703912408587
47,3,7269.210031465259
47,2,30147.204621127403
47,1,30994.98706483628
48,48,27.87684331126847
48,47,35.47459562161834
48,46,26.36576632125865
48,45,48.05951410744875
48,44,68.34697031404238
48,43,88.10029152497917
48,42,108.01918072186297
48,41,128.44606643058168
48,40,149.52377459693554
48,39,171.307294142568
48,38,193.80541653455387
48,37,217.06393973282394
48,36,326.43694032105213
48,35,351.18970999261984
48,34,376.419062450126
48,33,402.1331560272345
48,32,428.3390723674542
48,31,455.0472940501143
48,30,538.2273264664228
48,29,567.2158126874715
48,28,948.6009818094948
48,27,1018.2270550527759
48,26,1089.2515615187228
48,25,1161.6752485017366
48,24,1235.498476875677
48,23,1310.7216821410955
48,22,1387.3450864817714
48,21,1465.3688082807087
48,20,1544.792740327441
48,19,1625.6172554310945
48,18,1863.8113199196835
48,17,1935.6440244939756
48,16,2008.4693462672935
48,15,2082.2889678342613
48,14,2157.1048258355595
48,13,2232.9174324550404
48,12,2414.027811754059
48,11,2491.0622884104873
48,10,5881.821128515231
48,9,6093.213239332047
48,8,6307.371050492699
48,7,6524.300530889609
48,6,6744.0078167443025
48,5,6966.498951088371
48,4,7401.0229716350295
48,3,7605.632374652031
48,2,31504.605249894077
48,1,32372.968253829284
49,49,11.319950238545342
49,48,39.826802919035245
49,47,49.03766864564905
49,46,51.038751574952954
49,45,71.5746627433627
49,44,91.77164430866017
49,43,112.2098446066456
49,42,133.17686760998726
49,41,154.79699944697205
49,40,177.11987864159985
49,39,200.16300760242322
49,38,223.92196202207344
49,37,248.43265491730764
49,36,363.0578527118173
49,35,388.8514992761716
49,34,415.1286671255874
49,33,441.8968015156202
49,32,469.16268498466667
49,31,496.9344650514206
49,30,583.5094045432547
49,29,613.5677865096344
49,28,1029.542865424745
49,27,1101.5106251048137
49,26,1174.8756914367893
49,25,1249.6383000741305
49,24,1325.799162642796
49,23,1403.3586506551587
49,22,1482.3170115265782
49,21,1562.6743963094139
49,20,1644.4307368511122
49,19,1727.586454926595
49,18,1973.697518164354
49,17,2047.5508953747285
49,16,2122.3993198650287
49,15,2198.244497641125
49,14,2275.088375630236
49,13,2352.931566468156
49,12,2540.8308113182716
49,11,2619.9596420391463
49,10,6174.633687923291
49,9,6391.238995304405
49,8,6610.622245560078
49,7,6832.789618229529
49,6,7057.747460403688
49,5,7285.502035470451
49,4,7740.814192360248
49,3,7950.579076879998
49,2,32894.94158270769
49,1,33784.0650771698
50,50,13.739251872324576
50,49,21.213436153296335
50,48,52.906267826832305
50,47,63.573529400372536
50,46,74.75749810799306
50,45,95.41451226949613
50,44,116.37387828464392
50,43,137.8804002910425
50,42,160.04286302695317
50,41,182.9058177721302
50,40,206.4853439221313
50,39,230.78596475481487
50,38,255.79892235645713
50,37,281.5538518688854
50,36,401.39816602406717
50,35,428.2393630227098
50,34,455.5701678900686
50,33,483.39738851993815
50,32,511.72762588948046
50,31,540.5666355157424
50,30,630.5748925087636
50,29,661.7097951361761
50,28,1113.523971497672
50,27,1187.832626778361
50,26,1263.537090471711
50,25,1340.638008749048
50,24,1419.135970458543
50,23,1499.0313704734758
50,22,1580.3244843059094
50,21,1663.0154938023804
50,20,1747.1043700206253
50,19,1832.5915814432244
50,18,2086.77956017864
50,17,2162.6601350433743
50,16,2239.5383469563567
50,15,2317.4159295770355
50,14,2396.294845448237
50,13,2476.17580556983
50,12,2671.105659547216
50,11,2752.3439587620323
50,10,6474.84105096258
50,9,6696.683350037916
50,8,6921.316298266363
50,7,7148.746291676769
50,6,7378.979894188428
50,5,7612.023595400509
50,4,8089.164099854605
50,3,8304.13858713132
50,2,34318.50179275444
50,1,35228.57218972186
51,51,15.92056034119305
51,50,23.64363359305728
51,49,32.929416589210895
51,48,67.38459433356303
51,47,79.32703654607114
51,46,99.03038085207203
51,45,120.51260256973335
51,44,142.55831015502497
51,43,165.26308155912415
51,42,188.66681968457038
51,41,212.78420330973708
51,40,237.61894763331415
51,39,263.170720759368
51,38,289.4305238513657
51,37,316.4226947667339
51,36,441.46416657294844
51,35,469.35875990797433
51,34,497.7483332076062
51,33,526.6391260170892
51,32,556.037523613794
51,31,585.9473912215534
51,30,679.4317370075818
51,29,711.6497928260354
51,28,1200.5434245045617
51,27,1277.192015706533
51,26,1355.235364785442
51,25,1434.6741093569206
51,24,1515.5088420943591
51,23,1597.7399831761963
51,22,1681.36783427452
51,21,1766.3926096230878
51,20,1852.814319529449
51,19,1940.633476539949
51,18,2203.0675085179137
51,17,2280.9820974327176
51,16,2359.8970738437347
51,15,2439.814202962964
51,14,2520.735467845572
51,13,2602.6616760630855
51,12,2804.8772409513945
51,11,2888.24069181059
51,10,6782.475289960531
51,9,7009.579209246127
51,8,7239.486958874019
51,7,7472.205157502546
51,6,7707.74059219008
51,5,7946.099984941657
51,4,8446.162399965804
51,3,8666.402602715316
51,2,35775.58443341658
51,1,36706.7948551357
52,52,17.89673996973555
52,51,26.362179534353366
52,50,35.52193502268929
52,49,46.42486213845269
52,48,83.33007143811874
52,47,96.33733257575315
52,46,124.62712200150838
52,45,147.2118564167633
52,44,170.45898927793857
52,43,194.40414011879645
52,42,219.06045739300305
52,41,244.4311355574499
52,40,270.5157194284702
52,39,297.31177373411776
52,38,324.8115749834867
52,37,353.0349324711287
52,36,483.26143637685124
52,35,512.2146216810057
52,34,541.6675599609395
52,33,571.6259845851027
52,32,602.0960856468569
52,31,633.0800777192363
52,30,730.087961806015
52,29,763.3956149317144
52,28,1290.6004510466983
52,27,1369.5884082222956
52,26,1449.9702137886713
52,25,1531.7465027662683
52,24,1614.9178724920318
52,23,1699.4847673297086
52,22,1785.447516540371
52,21,1872.8063668559712
52,20,1961.5613681364725
52,19,2051.713074789037
52,18,2322.571812338182
52,17,2402.5275250985555
52,16,2483.486537612327
52,15,2565.450650261846
52,14,2648.4218711729213
52,13,2732.4011028630957
52,12,2942.1713478366923
52,11,3027.676218133962
52,10,7097.569582126597
52,9,7329.960605980793
52,8,7565.169128221173
52,7,7803.201996607697
52,6,8044.066228002564
52,5,8287.768783377724
52,4,8811.902091414735
52,3,9037.466185323052
52,2,37266.49880453663
52,1,38219.04932465853
53,53,19.82305904893967
53,52,28.8524252733884
53,51,38.809961632445436
53,50,49.35267288359682
53,49,61.521615761553115
53,48,100.67767171267556
53,47,114.57212311597962
53,46,151.84200574537073
53,45,175.6316013420189
53,44,200.11873536316594
53,43,225.31502087276937
53,42,251.22306202316807
53,41,277.84220500623337
53,40,305.1699087852927
53,39,333.2039001479514
53,38,361.93754363371806
53,37,391.3868543599673
53,36,526.79504128252
53,35,556.8115053988196
53,34,587.331993645444
53,33,618.3617885159592
53,32,649.906898311068
53,31,681.9681154385237
53,30,782.5518449251064
53,29,816.9552214654616
53,28,1383.6945168211823
53,27,1465.021472635252
53,26,1547.7415024694565
53,25,1631.8552415780139
53,24,1717.3632938099959
53,23,1804.2661277082711
53,22,1892.5641007966037
53,21,1982.257492633034
53,20,2073.346392819093
53,19,2165.831395970319
53,18,2445.303311148027
53,17,2527.3075534773557
53,16,2610.318170919973
53,15,2694.3370024177275
53,14,2779.3660853452784
53,13,2865.406416060519
53,12,3083.0147064770986
53,11,3170.677865618999
53,10,7420.15823865978
53,9,7657.86273106367
53,8,7898.398889509858
53,7,8141.773797688883
53,6,8387.994709303297
53,5,8637.068831237848
53,4,9186.479584256183
53,3,9417.427883469618
53,2,38791.56533878696
53,1,39765.66323683853
54,54,21.76599647201401
54,53,31.364440834521254
54,52,41.85204828921533
54,51,53.15368510349313
54,50,64.92541473075275
54,49,78.03528028938463
54,48,119.33559967327928
54,47,133.9919698991003
54,46,180.78166292874468
54,45,205.81130895853872
54,44,231.54848916826032
54,43,257.9952658673878
54,42,285.15033925134003
54,41,313.0116101164976
54,40,341.5763577883905
54,39,370.8424632661187
54,38,400.80450938736254
54,37,431.47521494355783
54,36,572.069673770408
54,35,603.1537101298463
54,34,634.7456203352695
54,33,666.8502862207134
54,32,699.4735430737421
54,31,732.6148861193466
54,30,836.8313512754488
54,29,872.3373319765446
54,28,1479.8252650006257
54,27,1563.4910409417787
54,26,1648.5492447552765
54,25,1735.0005153626855
54,24,1822.845463973661
54,23,1912.0845837557667
54,22,2002.7182611962405
54,21,2094.7468090085895
54,20,2188.170207978413
54,19,2282.989686217449
54,18,2571.2732391077875
54,17,2655.333715697882
54,16,2740.4038073345223
54,15,2826.4853947161578
54,14,2913.580548425653
54,13,3001.690357680861
54,12,3227.435005034805
54,11,3317.273945690394
54,10,7750.276731164413
54,9,7993.321965138141
54,8,8239.213541778372
54,7,8487.95879215715
54,6,8739.565214256314
54,5,8994.04026822506
54,4,9569.994824884398
54,3,9806.389861738364
54,2,40351.11600940826
54,1,41346.97603945275
55,55,19.17132070809948
55,54,33.943738337677935
55,53,44.959295945629826
55,52,56.73853343280503
55,51,69.1815249615985
55,50,81.9931195102474
55,49,95.82278270315936
55,48,139.22641733062008
55,47,154.5661683819453
55,46,211.48234905662773
55,45,237.76126609207836
55,44,264.7478352566419
55,43,292.44043998506476
55,42,320.8368305423513
55,41,349.93418884146695
55,40,379.73034399495833
55,39,410.2234616963911
55,38,441.40899207337054
55,37,473.29720482071275
55,36,619.0897686355289
55,35,651.2453665668465
55,34,683.9123365803487
55,33,717.0952033013074
55,32,750.7996339533751
55,31,785.0241160844504
55,30,892.935294502041
55,29,929.5499666666028
55,28,1578.9924969046594
55,27,1664.9970937557935
55,26,1752.3935911983212
55,25,1841.1826384165388
55,24,1931.364855100758
55,23,2022.9407592443695
55,22,2115.9107669603077
55,21,2210.2752244052012
55,20,2306.0341650078904
55,19,2403.188803596668
55,18,2700.4932298797635
55,17,2786.6179479151124
55,16,2873.755687179286
55,15,2961.908373169234
55,14,3051.078113404011
55,13,3141.266089239561
55,12,3375.460922274433
55,11,3467.4937666596616
55,10,8087.961741190539
55,9,8336.375912425876
55,8,8587.65163514
55,7,8841.796490911147
55,6,9098.818229848985
55,5,9358.724573159157
55,4,9962.551428002618
55,3,10204.458037251592
55,2,41945.49476068788
55,1,42963.33943509256
56,56,21.095765614617743
56,55,26.52252596660171
56,54,48.160114395059075
56,53,60.412880825492614
56,52,73.28382015851709
56,51,86.6744875671017
56,50,100.35918939604954
56,49,114.78793963490287
56,48,160.2953897141268
56,47,176.27394639335168
56,46,243.95358958517133
56,45,271.48099883795805
56,44,299.7124251604638
56,43,328.6454319408524
56,42,358.2770918710957
56,41,388.6052690678302
56,40,419.62766827687943
56,39,451.34316185015246
56,38,483.7481851634723
56,37,516.8503397852438
56,36,667.8595865750012
56,35,701.0905067835959
56,34,734.836004144659
56,33,769.100284046939
56,32,803.8888521496327
56,31,839.1993551469087
56,30,950.8722427194995
56,29,988.6021246438099
56,28,1681.196164262255
56,27,1769.539744424972
56,26,1859.2748153984764
56,25,1950.4020382318708
56,24,2042.9220429903316
56,23,2136.8353726509986
56,22,2232.1424735519636
56,21,2328.843725540461
56,20,2426.939213388975
56,19,2526.4301427599025
56,18,2832.975321981147
56,17,2921.1725951811313
56,16,3010.3864639081266
56,15,3100.6189013925973
56,14,3191.872055632797
56,13,3284.1471996411037
56,12,3527.1221585588414
56,11,3621.3676914170696
56,10,8433.251168054454
56,9,8687.063436273784
56,8,8943.75300790175
56,7,9203.327723057064
56,6,9465.795592271292
56,5,9731.16460605171
56,4,10364.256815997755
56,3,10611.742223838266
56,2,43575.05796264946
56,1,44615.11785195773
57,57,46.059284234078945
57,56,5.880947523445911
57,55,12.262307846692405
57,54,64.1917929025819
57,53,77.48823570507325
57,52,91.27182525463233
57,51,105.46050427964788
57,50,119.89704356932066
57,49,134.8727098177558
57,48,182.5069467733764
57,47,199.10241578366947
57,46,278.1947693119277
57,45,306.9661990381023
57,44,336.437194319736
57,43,366.60470570244877
57,42,397.4665136509116
57,41,429.02027213790916
57,40,461.2648144590468
57,39,494.19865463927783
57,38,527.8194900766372
57,37,562.1324501395121
57,36,718.3832812273354
57,35,752.693118879992
57,34,787.5204922920216
57,33,822.8693245158531
57,32,858.7449633345631
57,31,895.1443632996559
57,30,1010.651185609945
57,29,1049.5028021888602
57,28,1786.4363463372263
57,27,1877.1192282502043
57,26,1969.1933026316347
57,25,2062.659244860833
57,24,2157.5176973164253
57,23,2253.769228118927
57,22,2351.4143143249025
57,21,2450.453369689758
57,20,2550.8865291160473
57,19,2652.714992713148
57,18,2968.731964667532
57,17,3059.010417802453
57,16,3150.309210983028
57,15,3242.6303679939565
57,14,3335.976080736961
57,13,3430.3477135997587
57,12,3682.4494682785175
57,11,3778.927153163792
57,10,8786.1841823698
57,9,9045.424696590098
57,8,9307.558825651657
57,7,9572.59467670316
57,6,9840.540529452172
57,5,10111.404652449775
57,4,10775.222366199538
57,3,11028.3562844048
57,2,45240.17489155042
57,1,46302.688941530476
58,58,48.291901659410335
58,57,18.437391444508048
58,56,-1.1181581098134397
58,55,24.196702553358485
58,54,81.80097759746754
58,53,95.97697575552266
58,52,110.53895347010156
58,51,125.42555944217959
58,50,140.53576262500826
58,49,156.04514575432475
58,48,205.8402378394359
58,47,223.04436909917922
58,46,314.20164262135944
58,45,344.21175433676495
58,44,374.916614620376
58,43,406.3136325851837
58,42,438.40047265427194
58,41,471.17592222387697
58,40,504.6384678669012
58,39,538.787358450657
58,38,573.6205274273676
58,37,609.1416409914672
58,36,770.6649585539549
58,35,806.0571882809793
58,34,841.9697109496619
58,33,878.4061963030417
58,32,915.3718382973927
58,31,952.863030629723
58,30,1072.2813377123746
58,29,1112.2613156403288
58,28,1894.7132427592
58,27,1987.7358903449892
58,26,2082.1495391527255
58,25,2177.9548809666394
58,24,2275.1525723997675
58,23,2373.7432068540757
58,22,2473.727292525721
58,21,2575.10527722472
58,20,2677.877344857387
58,19,2782.044693138572
58,18,3107.776024312586
58,17,3200.1445982217197
58,16,3293.537429243781
58,15,3387.95659447495
58,14,3483.4043330137633
58,13,3579.882100581056
58,12,3841.4746933780007
58,11,3940.204695781147
58,10,9146.801259298443
58,9,9411.501189277084
58,8,9679.11162243863
58,7,9949.64094193259
58,6,10223.09770589573
58,5,10499.490470176912
58,4,11195.563566548586
58,3,11454.418292048756
58,2,46941.22823790984
58,1,48026.44410494175
59,59,23.036172587485733
59,58,28.715774819590475
59,57,-0.9210385845094851
59,56,23.066244994069343
59,55,47.716151404726574
59,54,133.80943041560377
59,53,112.63607161875072
59,52,127.69582477773216
59,51,119.82398647032096
59,50,162.24125248491652
59,49,178.28918938094455
59,48,230.2839792543483
59,47,248.0965114185002
59,46,351.96889020544955
59,45,383.2123503417458
59,44,415.1460412926752
59,43,447.76755701420376
59,42,481.0756337151133
59,41,515.0687294651818
59,40,549.746173136509
59,39,585.106708999044
59,38,621.1493324631333
59,37,657.8762486747186
59,36,824.7087138692575
59,35,861.1867341185169
59,34,898.1876370552851
59,33,935.714866683436
59,32,973.7734677715442
59,31,1012.359386306413
59,30,1135.772193855741
59,29,1176.8872821565114
59,28,2006.0271606234273
59,27,2101.390174841897
59,26,2198.1441021301844
59,25,2296.28965242429
59,24,2395.827498401526
59,23,2496.7582588937976
59,22,2599.082473548912
59,21,2702.80062433289
59,20,2807.9129430888192
59,19,2914.4206279148325
59,18,3250.1207912730697
59,17,3344.5887483934057
59,16,3440.0850547994787
59,15,3536.611843623002
59,14,3634.171404367169
59,13,3732.765284244966
59,12,4004.2308001912484
59,11,4105.234010159804
59,10,9515.14421829753
59,9,9785.335787770093
59,8,10058.455344167054
59,7,10334.511556107487
59,6,10613.5132699425
59,5,10895.469338627063
59,4,11625.400180232513
59,3,11890.050700510714
59,2,48678.61464392645
59,1,49786.78904998918
60,60,24.024396006456218
60,59,29.884667627225124
60,58,-1.6736316021321784
60,57,22.094626368633996
60,56,85.31772794967566
60,55,99.81054437537739
60,54,114.73207842376856
60,53,130.01942895663902
60,52,145.5515398101441
60,51,161.55751906559613
60,50,159.07181419917276
60,49,189.4572469221404
60,48,255.83301451901147
60,47,274.2583375456001
60,46,391.49155495802705
60,45,423.96296231688734
60,44,457.12079337928225
60,43,490.96309623958695
60,42,525.4884541168535
60,41,560.6962042403424
60,40,596.5850497660747
60,39,633.1547360342028
60,38,670.4043219437752
60,37,708.334825661831
60,36,880.5186680624851
60,35,918.0858336347003
60,34,956.1783352341439
60,33,994.7994153590193
60,32,1033.9539738721073
60,31,1073.6376072878381
60,30,1201.1335457234456
60,29,1243.390635289627
60,28,2120.378503661731
60,27,2218.082614727596
60,26,2317.177649483404
60,25,2417.6643399706136
60,24,2519.543372871183
60,23,2622.8153951126314
60,22,2727.480977381262
60,21,2833.540635851295
60,20,2940.9946492810923
60,19,3049.8442185949793
60,18,3395.779987279885
60,17,3492.356917654967
60,16,3589.966467420075
60,15,3688.6108284312436
60,14,3788.292343741327
60,13,3889.0126524302814
60,12,4170.7519167342025
60,11,4274.049974057125
60,10,9891.256264988007
60,9,10166.972786818264
60,8,10445.635394324088
60,7,10727.25305162355
60,6,11011.834903621342
60,5,11299.390110772161
60,4,12064.856419894235
60,3,12335.380524600618
60,2,50452.74527230926
60,1,51584.14438092973
61,61,24.887551653794677
61,60,30.892157629334047
61,59,-2.8656395796079943
61,58,20.86410674473956
61,57,87.0865742982016
61,56,101.73186328065383
61,55,116.82460912348819
61,54,132.30212738184366
61,53,148.034325142301
61,52,164.2790966277692
61,51,159.50667644224842
61,50,190.31416776965617
61,49,222.25619290484113
61,48,282.4865526896263
61,47,301.53140040403434
61,46,432.76406323130107
61,45,466.4594299240074
61,44,500.8374485919429
61,43,535.896667312022
61,42,571.6364194283694
61,41,608.0553722309716
61,40,645.1532964588374
61,39,682.9296349498394
61,38,721.3839214106838
61,37,760.5161134941699
61,36,938.0989943852492
61,35,976.7586448285222
61,34,1015.9459745890426
61,33,1055.6638771336611
61,32,1095.917788446165
61,31,1136.7020251070885
61,30,1268.3754980781814
61,29,1311.7816388539245
61,28,2237.7677620083855
61,27,2337.8138221960694
61,26,2439.250913328634
61,25,2542.0797879708216
61,24,2646.301152523441
61,23,2751.9156793979046
61,22,2858.9239711457394
61,21,2967.3265781323125
61,20,3077.123825074257
61,19,3188.3169178482194
61,18,3544.767773290636
61,17,3643.4636011161488
61,16,3743.1964994443756
61,15,3843.96872153491
61,14,3945.782667105621
61,13,4048.6400676714397
61,12,4341.073372828576
61,11,4446.688693324193
61,10,10275.182035283324
61,9,10556.457948614285
61,8,10840.698682208022
61,7,11127.913506284245
61,6,11418.111875241882
61,5,11711.30326805721
61,4,12514.061132075236
61,3,12790.539531286435
61,2,52264.046408706825
61,1,53418.94622335108
62,62,25.715514069581054
62,61,31.851569256652727
62,60,-4.391350833777149
62,59,19.398521429208973
62,58,44.83056867186029
62,57,147.7186844826933
62,56,118.91272960992598
62,55,134.57525152827125
62,54,150.50169113347957
62,53,166.9793830304943
62,52,159.7249424333021
62,51,190.99942138788836
62,50,223.38192475604248
62,49,287.443446313754
62,48,306.75407657473414
62,47,302.8163657760529
62,46,475.78269503883894
62,45,510.6978223545858
62,44,546.292490921341
62,43,582.5656382223556
62,42,619.5164750565782
62,41,657.1444048843654
62,40,695.4489748277548
62,39,734.4298291653491
62,38,774.0868201425418
62,37,814.4190232930619
62,36,997.4539403701889
62,35,1037.2094236002265
62,34,1077.494842145712
62,33,1118.3129457714754
62,32,1159.6689672556508
62,31,1201.5571313846874
62,30,1337.50848359051
62,29,1382.0709006710376
62,28,2358.1955024481754
62,27,2460.584479368153
62,26,2564.3646871282417
62,25,2669.5368999931106
62,24,2776.101845172054
62,23,2884.06022093215
62,22,2993.4126616720832
62,21,3104.1597519079783
62,20,3216.301861367263
62,19,3329.840202763635
62,18,3697.0987578737654
62,17,3797.923748548834
62,16,3899.7904452024545
62,15,4002.7011651854523
62,14,4106.658367976342
62,13,4211.663878290827
62,12,4515.231742250348
62,11,4623.18754556875
62,10,10666.967641895633
62,9,10953.83855145043
62,8,11243.693673785192
62,7,11536.542596450736
62,6,11832.395094915517
62,5,12131.26097836877
62,4,12973.147992604518
62,3,13255.664442202296
62,2,54112.960100105425
62,1,55291.646886621784
63,63,26.5283414034774
63,62,32.789674834521236
63,61,-6.20703106726792
63,60,17.807301751737217
63,59,90.62823838595298
63,58,105.57225390267007
63,57,120.99616609161696
63,56,136.83925897394244
63,55,152.9548646957544
63,54,169.6599154281055
63,53,159.73839979116937
63,52,191.47233685741418
63,51,224.31723897913872
63,50,292.39187887759175
63,49,311.98155907697475
63,48,304.78874096785665
63,47,340.85998829298603
63,46,520.5433383543223
63,45,556.6747615317336
63,44,593.4829774724511
63,43,630.9671787251045
63,42,669.1267710197948
63,41,707.9613092429416
63,40,747.4704557935368
63,39,787.6539420786598
63,38,828.5119534892203
63,37,870.0425464291377
63,36,1058.5878456104726
63,35,1099.4425378356432
63,34,1140.829353824464
63,33,1182.7509152826476
63,32,1225.2122633258734
63,31,1268.2075823849596
63,30,1408.543277176622
63,29,1454.2693857680224
63,28,2481.6623590040995
63,27,2586.395329554341
63,26,2692.519819659769
63,25,2800.0366276600566
63,24,2908.9465017442926
63,23,3019.250166472926
63,22,3130.948288055318
63,21,3244.041485050249
63,20,3358.530171299151
63,19,3474.4155679903397
63,18,3852.7880060756124
63,17,3955.75277380424
63,16,4059.764070980582
63,15,4164.824281770652
63,14,4270.935928501766
63,13,4378.100930062724
63,12,4693.264887206707
63,11,4803.585226242231
63,10,11066.660723368066
63,9,11359.163441023502
63,8,11654.670445359596
63,7,11953.191653148268
63,6,12254.737173189425
63,5,12559.317157282283
63,4,13442.255713708286
63,3,13730.897148381706
63,2,55999.94483177859
63,1,57202.71556663774
64,64,28.802552163832637
64,63,35.150862716049275
64,62,12.151680479904847
64,61,15.968912822522839
64,60,92.39873108731008
64,59,107.48980273829302
64,58,123.07495756697783
64,57,139.08372313793933
64,56,118.255072156341
64,55,175.87365478320825
64,54,193.14624611169575
64,53,191.62318229941928
64,52,331.9144689767248
64,51,152.65197731343648
64,50,355.13186577695143
64,49,306.5835608863213
64,48,343.1053508496016
64,47,380.67728792854695
64,46,567.0425961617395
64,45,604.387275758189
64,44,642.4063197224003
64,43,681.0991303555544
64,42,720.4652684174112
64,41,760.5044111048504
64,40,801.2163128423982
64,39,842.6007745650423
64,38,884.6581855246387
64,37,927.386038941048
64,36,1121.5051562854997
64,35,1163.4624789348354
64,34,1205.9540634315595
64,33,1248.9824174190917
64,32,1292.5524016145916
64,31,1336.6582028848834
64,30,1481.491009855829
64,29,1528.3884293770616
64,28,2608.169023794841
64,27,2715.2471674200783
64,26,2823.7172066803055
64,25,2933.5799632228936
64,24,3044.8362083024886
64,23,3157.4866926125387
64,22,3271.5321140953233
64,21,3386.973124738512
64,20,3503.81018350684
64,19,3622.044518658756
64,18,4011.851048811518
64,17,4116.966564748666
64,16,4223.133625531688
64,15,4330.3546848990545
64,14,4438.6323311402075
64,13,4547.968578483124
64,12,4875.212005282356
64,11,4987.921797278885
64,10,11474.31049579196
64,9,11772.483084579635
64,8,12073.680740225605
64,7,12377.913721322708
64,6,12685.192482995128
64,5,12995.527532814354
64,4,13921.528263674225
64,3,14216.384938109997
64,2,57925.476245586025
64,1,59152.63909182152
65,65,28.13347250500911
65,64,34.63510532181918
65,63,-10.627130163802805
65,62,13.920489638692109
65,61,94.19942610962266
65,60,166.7820059397071
65,59,67.74140427568263
65,58,141.33109976413843
65,57,117.35371757133966
65,56,178.54730537596436
65,55,196.05088285930142
65,54,191.81030079341025
65,53,225.49677274130357
65,52,352.54536577586106
65,51,272.2133298544509
65,50,308.17234361918713
65,49,345.17429443073263
65,48,383.19899273261314
65,47,422.257173980497
65,46,615.2774693663733
65,45,653.8327460506365
65,44,693.0602386593031
65,43,732.9595116575945
65,42,773.5302543252564
65,41,814.7722408565996
65,40,856.6852991847738
65,39,899.2692859715621
65,38,942.5247557559866
65,37,986.4487457642934
65,36,1186.2104371159658
65,35,1229.27387131512
65,34,1272.8735178356294
65,33,1317.0123919722562
65,32,1361.694271248738
65,31,1406.9139895203498
65,30,1556.3631822765187
65,29,1604.4397499205163
65,28,2737.716238007857
65,27,2847.140831681261
65,26,2957.957781030112
65,25,3070.167930682898
65,24,3183.7720779002034
65,23,3298.770998643662
65,22,3415.165420609669
65,21,3532.9560318283875
65,20,3652.143332751936
65,19,3772.728563026145
65,18,4174.303892773836
65,17,4281.581493752972
65,16,4389.915851138785
65,15,4499.309563091358
65,14,4609.764998905657
65,13,4721.284701671552
65,12,5061.113678999205
65,11,5176.238738486804
65,10,11889.96780737197
65,9,12193.849628063415
65,8,12500.778028499451
65,7,12810.763622454368
65,6,13123.817225148265
65,5,13439.94971390382
65,4,14411.115099994264
65,3,14712.280738846803
65,2,59890.04790267376
65,1,61141.92271559496
66,66,28.931120181697075
66,65,35.54965407181576
66,64,-13.209247687578374
66,63,11.661031677926696
66,62,95.93654881662472
66,61,111.34296162639765
66,60,185.15652298584044
66,59,85.621322382454
66,58,160.2409868889552
66,57,177.59746320847205
66,56,158.54680839519358
66,55,191.67692860698412
66,54,283.8482403538986
66,53,203.2630253220441
66,52,373.61100416146365
66,51,309.5613133774843
66,50,347.04095815716437
66,49,385.54607452873813
66,48,425.05841353861575
66,47,465.5899169321654
66,46,665.2453132779314
66,45,705.0088671544062
66,44,745.4427216697349
66,43,786.5465760203327
66,42,828.3202215049693
66,41,870.763509886935
66,40,913.8763280150828
66,39,957.6585775547638
66,38,1002.1109461079403
66,37,1047.2301077301786
66,36,1252.7083812482103
66,35,1296.881480322802
66,34,1341.5928888455144
66,33,1386.8454660404748
66,32,1432.6429293777267
66,31,1478.9801137476306
66,30,1633.171678084912
66,29,1682.435462056018
66,28,2870.304782982853
66,27,2982.0771955060295
66,26,3095.2425050068805
66,25,3209.801580107326
66,24,3325.755242730537
66,23,3443.1042950213846
66,22,3561.8494975891967
66,21,3681.991570528684
66,20,3803.5310551473203
66,19,3926.469204800478
66,18,4340.163030880449
66,17,4449.614538396258
66,16,4560.1279735942035
66,15,4671.706312874575
66,14,4784.352099445587
66,13,4898.067713923857
66,12,5251.011928177062
66,11,5368.579001836064
66,10,12313.685196020619
66,9,12623.316956476547
66,8,12936.017570342681
66,7,13251.798020749913
66,6,13570.66949762692
66,5,13892.643262897202
66,4,14911.1714169701
66,3,15218.743374278309
66,2,61894.17209389582
66,1,63171.09095883448
67,67,29.727692978021643
67,66,36.46079379490357
67,65,-16.03042160676365
67,64,9.189972112726757
67,63,97.70332912422525
67,62,113.2296539879407
67,61,129.30388261884113
67,60,204.24476922647472
67,59,104.20234596403247
67,58,180.21296497140852
67,57,157.73827222682758
67,56,191.3375755350807
67,55,226.05939172944005
67,54,312.18309695928923
67,53,248.36541917297265
67,52,395.12948566652324
67,51,348.71100348357385
67,50,387.6940443033404
67,49,427.68655816598005
67,48,468.67346083993164
67,47,510.6669644096959
67,46,716.9437982815369
67,45,757.913599540028
67,44,799.5519923338926
67,43,841.8587829049138
67,42,884.8338442140629
67,41,928.4770902202674
67,40,972.7884552872393
67,39,1017.7678774896957
67,38,1063.41615191762
67,37,1109.729667346412
67,36,1321.0038185189167
67,35,1366.2900569637034
67,34,1412.1171755444464
67,33,1458.4869231324276
67,32,1505.4036045478279
67,31,1552.8619245189022
67,30,1711.928777706573
67,29,1762.388089455612
67,28,3005.935471240061
67,27,3120.0571579343273
67,26,3235.5723615628503
67,25,3352.481974944762
67,24,3470.786845380361
67,23,3590.4878017935557
67,22,3711.585635727508
67,21,3834.081100484071
67,20,3957.974778069217
67,19,4083.2679350899616
67,18,4509.445581027015
67,17,4621.08272165811
67,16,4733.787802249319
67,15,4847.563349072193
67,14,4962.412117046896
67,13,5078.336579947878
67,12,5444.950265263821
67,11,5564.987068851193
67,10,12745.516950184006
67,9,13060.940757651684
67,8,13379.456482798349
67,7,13701.075493164279
67,6,14025.80936889719
67,5,14353.669772310226
67,4,15421.858408865433
67,3,15735.937837632418
67,2,63938.38070158527
67,1,65240.68850614215
68,68,30.523724711536993
68,67,37.369815107023896
68,66,-19.086215712778607
68,65,6.506958235184986
68,64,99.46858277313035
68,63,115.13858434779915
68,62,131.34819784670808
68,61,148.04421497325126
68,60,165.04753541059105
68,59,182.81519290757825
68,58,156.7235701245464
68,57,190.79706076114536
68,56,225.99504252229517
68,55,317.0737385514503
68,54,337.97899649088197
68,53,311.7390245612349
68,52,350.18417167416544
68,51,389.648122811283
68,50,430.11854607015835
68,49,471.5852758444286
68,48,514.0351900530927
68,47,557.4807523795415
68,46,770.3708602850198
68,45,812.5451398613086
68,44,855.3864801457182
68,43,898.8947731416927
68,42,943.0699573288364
68,41,987.9119967822131
68,40,1033.420864509205
68,39,1079.5965289457304
68,38,1126.4398692089014
68,37,1173.947058702197
68,36,1391.1017224165992
68,35,1437.5050094045184
68,34,1484.4512051793643
68,33,1531.9420446275724
68,32,1579.9816997385751
68,31,1628.5649507408712
68,30,1792.6471715672676
68,29,1844.31057849273
68,28,3144.609137445216
68,27,3261.0816349702814
68,26,3378.9483455048457
68,25,3498.2101862482464
68,24,3618.86803040436
68,23,3740.9227336994477
68,22,3864.3751183569784
68,21,3989.2259705599113
68,20,4115.4759122000705
68,19,4243.126369971905
68,18,4682.168634657137
68,17,4796.004314294012
68,16,4910.913609390911
68,15,5026.899280878296
68,14,5143.964164579443
68,13,5262.110829816015
68,12,5642.973753835275
68,11,5765.509011323161
68,10,13185.519173097808
68,9,13506.778589666814
68,8,13831.153810492784
68,7,14158.656603511808
68,6,14489.298955570035
68,5,14823.09294616499
68,4,15943.34354979178
68,3,16264.0355825082
68,2,66023.2261166293
68,1,67351.28116012037
69,69,31.319886679423778
69,68,38.277400616561835
69,67,-22.373391006675533
69,66,3.6118381036752107
69,65,101.23219933186718
69,64,117.04538415868407
69,63,133.40721405760073
69,62,150.26618797845484
69,61,167.43811939215556
69,60,185.40512748713297
69,59,155.50261578895137
69,58,190.0556038137777
69,57,297.75428455303717
69,56,318.5248373420097
69,55,274.6273709236167
69,54,312.5274066152174
69,53,351.459680389094
69,52,391.40772348943415
69,51,432.35908328874484
69,50,474.30355937243394
69,49,517.2328794550479
69,48,561.1356935807618
69,47,606.0245397284473
69,46,825.5246710760684
69,45,868.9018901221248
69,44,912.944795350886
69,43,957.6533476150971
69,42,1003.0275381647878
69,41,1049.0673717409006
69,40,1095.7728528809455
69,39,1143.143976538433
69,38,1191.1816859973396
69,37,1239.881998038664
69,36,1463.0070491197025
69,35,1510.5315465231026
69,34,1558.600494579652
69,33,1607.2162837113674
69,32,1656.3827951129308
69,31,1706.0949035950052
69,30,1875.33997399881
69,29,1928.2163117478538
69,28,3286.326629207926
69,27,3405.15155045922
69,26,3525.3714544653894
69,25,3646.9872829381316
69,24,3769.99993535158
69,23,3894.410294256965
69,22,4020.2192122529646
69,21,4147.427508045827
69,20,4276.03584260093
69,19,4406.045650526585
69,18,4858.3506444640825
69,17,4974.397608819367
69,16,5091.52423397254
69,15,5209.733365388443
69,14,5329.027923141209
69,13,5449.410574673518
69,12,5845.129070477877
69,11,5970.19255554806
69,10,13633.74985071091
69,9,13960.889952156867
69,8,14291.170600460635
69,7,14624.603980952254
69,6,14961.20250469647
69,5,15300.978686252101
69,4,16475.800891607658
69,3,16803.214832578014
69,2,68149.28221517503
69,1,69503.45685823202
70,70,32.11663323495856
70,69,39.184126184260464
70,68,-25.889332652412065
70,67,0.5043892839623493
70,66,102.99410073430619
70,65,118.95005105650905
70,64,135.4629139543385
70,63,152.4828979854398
70,62,169.8211598354883
70,61,187.98365201920458
70,60,154.07521608648068
70,59,189.1090760656866
70,58,302.4159847446467
70,57,323.4311671354036
70,56,274.72221575013674
70,55,313.1150584797529
70,54,352.53730474242786
70,53,392.9722912850895
70,52,434.40745566758625
70,51,476.83256816183274
70,50,520.2393724823035
70,49,564.6211245332388
70,48,609.9679377188271
70,47,656.2922724010964
70,46,882.4036068965919
70,45,926.9824320782424
70,44,972.2257072505364
70,43,1018.1334486991493
70,42,1064.705690432831
70,41,1111.9424703146312
70,40,1159.8438201839358
70,39,1208.4097555792098
70,38,1257.641271229666
70,37,1307.5342748059609
70,36,1536.725429165354
70,35,1585.3747019881303
70,34,1634.5705471326332
70,33,1684.3152683190692
70,32,1734.6126505572347
70,31,1785.4576776530048
70,30,1960.0206431196914
70,29,2014.119217317292
70,28,3431.088797643238
70,27,3552.267826704633
70,26,3674.8426795537634
70,25,3798.814322473046
70,24,3924.183681461235
70,23,4050.951665877357
70,22,4179.119158363815
70,21,4308.687009749417
70,20,4439.655919271038
70,19,4572.027330422243
70,18,5038.010010553289
70,17,5156.281577380407
70,16,5275.639072895764
70,15,5396.085430423256
70,14,5517.623657749759
70,13,5640.25652321735
70,12,6051.464570291135
70,11,6179.08715035292
70,10,14090.268923523676
70,9,14423.336361779184
70,8,14759.569981391169
70,7,15098.98240316869
70,6,15441.586481035178
70,5,15787.395183653955
70,4,17019.411381247657
70,3,17353.66091165625
70,2,70317.14539970674
70,1,71697.82675726718
71,71,-4.016377845695881
71,70,41.781706461593394
71,69,49.366231030754136
71,68,-2.842030931509143
71,67,25.916109986425653
71,66,199.7173289136993
71,65,137.5154389162361
71,64,154.68291319125797
71,63,107.73161532366773
71,62,194.3342356723977
71,61,213.13590359596137
71,60,187.95683366842601
71,59,224.60008186144586
71,58,331.88836954039607
71,57,353.55040823120726
71,56,313.50171708016876
71,55,353.41665494917686
71,54,394.34129962149524
71,53,436.2629914662541
71,52,479.1714800985436
71,51,523.0585282290804
71,50,567.91743899092
71,49,613.742696266795
71,48,660.5256136329843
71,47,708.2784725775597
71,46,941.0062224688035
71,45,986.7855051923411
71,44,1033.228125270865
71,43,1080.334143869133
71,42,1128.1036297788319
71,41,1176.5366490101017
71,40,1225.6332551221553
71,39,1275.3934830818112
71,38,1325.8183658540952
71,37,1376.9035751289787
71,36,1612.2622789586153
71,35,1662.04021647003
71,34,1712.3670382319478
71,33,1763.2448038137798
71,32,1814.6772080819687
71,31,1866.6593575299205
71,30,2046.703374050722
71,29,2102.033400005212
71,28,3578.89648878754
71,27,3702.431373593978
71,26,3827.3629956205023
71,25,3953.6923411181933
71,24,4081.4203638925537
71,23,4210.548000061303
71,22,4341.076161945431
71,21,4473.005732063547
71,20,4606.337447110744
71,19,4741.072760311931
71,18,5221.165833299142
71,17,5341.675751795053
71,16,5463.2780958740495
71,15,5585.975890175971
71,14,5709.772233817689
71,13,5834.669999012099
71,12,6262.03035625174
71,11,6392.244039163963
71,10,14555.138362605154
71,9,14894.181432126172
71,8,15236.417247600148
71,7,15581.858884567679
71,6,15930.519659661517
71,5,16282.413015947483
71,4,17574.363199013373
71,3,17915.56659576555
71,2,72527.43570967985
71,1,73935.02639092319
72,72,-2.501365481764786
72,71,82.48395248436461
72,70,12.67585268605084
72,69,23.57513945925989
72,68,22.78454264940028
72,67,126.03367927922936
72,66,143.08391379639062
72,65,160.63177925150413
72,64,178.6227002201555
72,63,140.05088981294526
72,62,220.00765281037584
72,61,239.42241197319578
72,60,223.73371569343655
72,59,336.83484892351106
72,58,358.7434791431373
72,57,313.6873101524989
72,56,354.0973559113647
72,55,395.5142481122641
72,54,437.9250572210675
72,53,481.31952359530015
72,52,525.6894339512876
72,51,571.0281395853088
72,50,617.330190621686
72,49,664.5910481110468
72,48,712.803024073402
72,47,761.9781422839372
72,46,1001.3312285663472
72,45,1048.309987351877
72,44,1095.951082273599
72,43,1144.2546110608603
72,42,1193.2206712818945
72,41,1242.8493523332897
72,40,1293.140726961264
72,39,1344.0948471311692
72,38,1395.7127740388723
72,37,1447.990165331982
72,36,1689.6228424184558
72,35,1740.533811319574
72,34,1791.9958181008724
72,33,1844.0108754686325
72,32,1896.5825940926402
72,31,1949.7062130527304
72,30,2135.4025421199754
72,29,2191.9737349034986
72,28,3729.7505287624053
72,27,3855.6430831651733
72,26,3982.9333511019463
72,25,4111.6223437291255
72,24,4241.711041448061
72,23,4373.200407040777
72,22,4506.0913821151225
72,21,4640.384880404541
72,20,4776.0816752490455
72,19,4913.183230315036
72,18,5407.83777400479
72,17,5530.600238319961
72,16,5654.461861007178
72,15,5779.425761638291
72,14,5905.495427577929
72,13,6032.672665521515
72,12,6476.878352715949
72,11,6609.716336418438
72,10,15028.42225007483
72,9,15373.490958403887
72,8,15721.779948075582
72,7,16073.302769879336
72,6,16428.07322430994
72,5,16786.105250490775
72,4,18140.852119530984
72,3,18489.132488984884
72,2,74780.79800741546
72,1,76215.71690654733
73,73,37.88599672557078
73,72,45.14249923235317
73,71,14.615949102005375
73,70,24.763549933953822
73,69,38.88133665176573
73,68,50.832814690279754
73,67,148.75832535646077
73,66,166.67678436196522
73,65,185.03490544894143
73,64,203.7943003692807
73,63,222.8359709002887
73,62,242.46238110868603
73,61,222.66419301233998
73,60,261.36861645171945
73,59,367.7360040464689
73,58,390.2955118707398
73,57,354.5790462055139
73,56,396.4906603762219
73,55,439.39305454638384
73,54,483.275973051518
73,53,528.1312330281513
73,52,573.9522385851595
73,51,620.7336020560639
73,50,668.4708658570074
73,49,717.1602768337158
73,48,766.794981807954
73,47,817.3866884316354
73,46,1063.3774724253253
73,45,1111.5548778830698
73,44,1160.3937196066977
73,43,1209.8941252597444
73,42,1260.0562169804193
73,41,1310.880103365581
73,40,1362.365874608178
73,39,1414.513598001864
73,38,1467.3243547271077
73,37,1520.793814760138
73,36,1768.8130751047274
73,35,1820.8613799309724
73,34,1873.4629143524162
73,33,1926.6196507996478
73,32,1980.3351215633031
73,31,2034.604706089472
73,30,2226.133101605934
73,29,2283.955494838824
73,28,3883.651720419973
73,27,4011.903811790021
73,26,4141.554657319686
73,25,4272.605292977289
73,24,4405.056725700778
73,23,4538.909944799322
73,22,4674.165920742407
73,21,4810.82559796388
73,20,4948.889785631822
73,19,5088.359958432943
73,18,5598.04606953556
73,17,5723.075733118556
73,16,5849.21153111206
73,15,5976.456681817902
73,14,6104.814761625874
73,13,6234.287727801359
73,12,6696.062686158313
73,11,6831.558805809339
73,10,15510.186864375746
73,9,15861.333007212153
73,8,16215.727980964331
73,7,16573.385833547658
73,6,16934.320871887045
73,5,17298.547554282068
73,4,18719.081897209864
73,3,19074.567425052595
73,2,77077.90324551486
73,1,78540.5863876972
74,74,39.205059678901726
74,73,46.55416012599654
74,72,16.01862529552271
74,71,27.54871969174966
74,70,39.65918883451982
74,69,56.51232686802749
74,68,81.21228027851934
74,67,238.66502152793925
74,66,187.4924281278481
74,65,206.42223077043548
74,64,172.41723805721557
74,63,298.7357477738115
74,62,221.3952913251139
74,61,260.5892228213906
74,60,300.8351238323928
74,59,399.7826836384764
74,58,422.9957598496473
74,57,397.2700825567471
74,56,440.66641689718404
74,55,485.0401449610315
74,54,530.3831226818289
74,53,576.68880720245
74,52,623.951880032349
74,51,672.1679583907438
74,50,721.3333770232018
74,49,771.4450169274876
74,48,822.4967260678874
74,47,874.499859041234
74,46,1127.1439204287346
74,45,1176.5192823124912
74,44,1226.5552734844493
74,43,1277.2520468504408
74,42,1328.6097446848885
74,41,1380.628493017028
74,40,1433.30839736796
74,39,1486.6495393438063
74,38,1540.6530134293944
74,37,1595.3145236368277
74,36,1849.838911536359
74,35,1903.0289903605742
74,34,1956.774534351774
74,33,2011.0774811771132
74,32,2065.94129276445
74,31,2121.3614913803995
74,30,2318.9105052062987
74,29,2377.9944642546247
74,28,4040.600827351777
74,27,4171.2143738793
74,26,4303.227777198364
74,25,4436.642097948186
74,24,4571.458369459084
74,23,4707.6776073891315
74,22,4845.300810601351
74,21,4984.328953686713
74,20,5124.762880802988
74,19,5266.6040781238025
74,18,5791.811547624286
74,17,5919.123538453949
74,16,6047.548890838377
74,15,6177.090925799952
74,14,6307.753313435964
74,13,6439.538163059296
74,12,6919.638547877446
74,11,7057.829166323393
74,10,16000.50077066816
74,9,16357.778011799395
74,8,16718.333693896057
74,7,17082.18238536083
74,6,17449.338923626947
74,5,17819.8183108863
74,4,19309.264678255742
74,3,19672.08889687926
74,2,79419.44982268289
74,1,80910.3512698475
75,75,40.437394413885585
75,74,47.85122741144797
75,73,17.2184963857459
75,72,29.366016224991043
75,71,43.091713496906586
75,70,57.35042807861993
75,69,76.11554467774916
75,68,175.1566879437561
75,67,194.0446607917989
75,66,213.33427269757388
75,65,232.98786628313005
75,64,208.93329736810682
75,63,317.3853879295528
75,62,259.61220649708224
75,61,300.3483034411088
75,60,342.03340268364474
75,59,492.04286059492364
75,58,397.85208315496556
75,57,441.74460925154744
75,56,486.6113944660472
75,55,532.444344410338
75,54,579.2369756061915
75,53,626.9840372440312
75,52,675.6812235347679
75,51,725.3249529237736
75,50,775.9121975986856
75,49,827.4403508364029
75,48,879.9038555772381
75,47,933.3136902986724
75,46,1192.6296426015601
75,45,1243.2023985340254
75,44,1294.435062784177
75,43,1346.3278093790054
75,42,1398.8807980731742
75,41,1452.0941703653855
75,40,1505.9680458481077
75,39,1560.5021418647748
75,38,1615.6990719628677
75,37,1671.552325250765
75,36,1932.7064579551243
75,35,1987.0428877111974
75,34,2041.9370674374147
75,33,2097.390906340374
75,32,2153.4077988854456
75,31,2209.9834185921172
75,30,2413.7507205601637
75,29,2474.1069561330114
75,28,4200.598563451764
75,27,4333.575528811837
75,26,4467.953513294963
75,25,4603.7336020206
75,24,4740.916854482849
75,23,4879.504638691361
75,22,5019.496972146078
75,21,5160.895633710333
75,20,5303.701970784468
75,19,5447.916624931347
75,18,5989.155642891041
75,17,6118.765579644604
75,16,6249.496364596385
75,15,6381.351425680983
75,14,6514.3345315678735
75,13,6648.44794394145
75,12,7147.664126915107
75,11,7288.586340070242
75,10,16499.43491671755
75,9,16862.89887319581
75,8,17229.6719906032
75,7,17599.76938277855
75,6,17973.20644340897
75,5,18349.9987449981
75,4,19911.621441465988
75,3,20281.92351635386
75,2,81806.16503556006
75,1,83325.75785732898
76,76,41.619721650739294
76,75,49.07939409376094
76,74,18.25391605647667
76,73,31.021456652978525
76,72,45.37488761289827
76,71,61.224675209732034
76,70,77.53578797105637
76,69,97.28652976299593
76,68,200.70333480257233
76,67,220.3476540403495
76,66,240.35683309260008
76,65,260.70076345713784
76,64,247.30701237770796
76,63,336.409871139848
76,62,299.6655297920034
76,61,341.91841860675737
76,60,438.78665180933837
76,59,462.91201998718
76,58,442.62712456679935
76,57,487.9891133778492
76,56,534.3141859687813
76,55,581.595923598885
76,54,629.8291463861242
76,53,679.0096250830252
76,52,729.1338603527184
76,51,780.1989123249538
76,50,832.2022680302614
76,49,885.1417374832038
76,48,939.0122720679852
76,47,993.8244621300072
76,46,1259.8337985400015
76,45,1311.603504073382
76,44,1364.0324771550274
76,43,1417.1209094293752
76,42,1470.8689763352747
76,41,1525.276444778026
76,40,1580.3446314885036
76,39,1636.072442517836
76,38,1692.4617231112197
76,37,1749.5072782479924
76,36,2017.4219946919557
76,35,2072.9094963150565
76,34,2128.9570869659115
76,33,2185.5666526553346
76,32,2242.741525808628
76,31,2300.477534377755
76,30,2510.670247446666
76,29,2572.3098296619137
76,28,4363.645580513723
76,27,4498.987968384434
76,26,4635.732595073527
76,25,4773.880569949496
76,24,4913.432978348647
76,23,5054.391200073642
76,22,5196.755324347431
76,21,5340.52737115625
76,20,5485.707709860753
76,19,5632.298522141634
76,18,6190.100413573788
76,17,6322.024422809249
76,16,6455.0770353356575
76,15,6589.261790425775
76,14,6724.5825603827525
76,13,6861.0417631587625
76,12,7380.199458654469
76,11,7523.891787879535
76,10,17007.062734685005
76,9,17376.771067667676
76,8,17749.820444290628
76,7,18126.22655050495
76,6,18506.00536379127
76,5,18889.173055250754
76,4,20526.382470283
76,3,20904.307507062833
76,2,84238.80663493984
76,1,85787.58395043368
77,77,42.782521382564624
77,76,50.2775463110883
77,75,19.175846680289816
77,74,32.59354769681547
77,73,47.59239471584063
77,72,64.06070394901585
77,71,81.71551824078462
77,70,99.6393153759469
77,69,119.76883234224098
77,68,227.46716264101144
77,67,247.82806479243476
77,66,268.5260736480373
77,65,289.5415224046362
77,64,310.8277374216561
77,63,332.4937397433386
77,62,341.5301117582617
77,61,385.27579201967757
77,60,473.4172071906298
77,59,498.2075352906455
77,58,489.17273032177616
77,57,535.991976415319
77,56,583.7648800306212
77,55,632.4863345558913
77,54,682.1521880060492
77,53,732.7590222678817
77,52,784.303982996896
77,51,836.7846473196556
77,50,890.1989201591739
77,49,944.5451210274043
77,48,999.8179248589366
77,47,1056.0286998784266
77,46,1328.7556242411526
77,45,1381.7219444935702
77,44,1435.3469659798905
77,43,1489.6308962366245
77,42,1544.573548302069
77,41,1600.1762354003188
77,40,1656.4379422700692
77,39,1713.3591817624451
77,38,1770.94137022069
77,37,1829.179459107214
77,36,2103.991978288049
77,35,2160.635421715679
77,34,2217.8413520327617
77,33,2275.6116378452025
77,32,2333.949553491928
77,31,2392.8510843997215
77,30,2609.6861357279286
77,29,2672.620510064607
77,28,4529.7424537113775
77,27,4667.452303438065
77,26,4806.565665319497
77,25,4947.083674041602
77,24,5089.007440393887
77,23,5232.338356449229
77,22,5377.076580012051
77,21,5523.224115217844
77,20,5670.781387297203
77,19,5819.750565002989
77,18,6394.668559024608
77,17,6528.923293423126
77,16,6664.314664216176
77,15,6800.846326684648
77,14,6938.522262051025
77,13,7077.345047244295
77,12,7617.306845528048
77,11,7763.809300644043
77,10,17523.460249249358
77,9,17899.47276096725
77,8,18278.859418293403
77,7,18661.636507852905
77,6,19047.820620397175
77,5,19437.428555943086
77,4,21153.787858824864
77,3,21539.487232821826
77,2,86718.16449564211
77,1,88296.64059256966
78,78,42.9585689912727
78,77,7.516583838003566
78,76,20.048380785639242
78,75,34.15498365555591
78,74,49.83483871724485
78,73,66.93105522568112
78,72,85.13414754531613
78,71,104.07208391162229
78,70,123.09554604468933
78,69,143.3882417646531
78,68,255.4044969347465
78,67,276.4535384106822
78,66,297.81920984395964
78,65,319.4870669069803
78,64,341.42569781943524
78,63,363.70329275383705
78,62,385.1849672402709
78,61,430.40519073202006
78,60,509.1985242052523
78,59,534.6590018304357
78,58,537.4770870629499
78,57,585.7431197094648
78,56,634.9547803312716
78,55,685.1079943565511
78,54,736.1994242061514
78,53,788.2262991904403
78,52,841.1862835744571
78,51,895.07737325236
78,50,949.8979774664504
78,49,1005.6460288556127
78,48,1062.317623833414
78,47,1119.9229775220513
78,46,1399.3944204513557
78,45,1453.557121489232
78,44,1508.3776524051614
78,43,1563.85737532897
78,42,1619.995338186618
78,41,1676.792110934572
78,40,1734.2478508712456
78,39,1792.36269109586
78,38,1851.1380249742567
78,37,1910.5689540789747
78,36,2192.423043389418
78,35,2250.2274524861887
78,34,2308.596810236014
78,33,2367.5329712259986
78,32,2427.039158697996
78,31,2487.111515230445
78,30,2710.8160040701955
78,29,2775.0570023996875
78,28,4698.889673084113
78,27,4838.969049564418
78,26,4980.453265584271
78,25,5123.343479336674
78,24,5267.641122614836
78,23,5413.34641608772
78,22,5560.461359172052
78,21,5708.986757977974
78,20,5858.9233872772065
78,19,6010.27340430228
78,18,6602.88343797844
78,17,6739.48609573398
78,16,6877.233711200712
78,15,7016.130055895044
78,14,7156.17924437493
78,13,7297.3839873541165
78,12,7859.050956171144
78,11,8008.405109402426
78,10,18048.706192541722
78,9,18431.08492990086
78,8,18816.872194598378
78,7,19206.084904531213
78,6,19598.740295322434
78,5,19994.855828423373
78,4,21794.08805490003
78,3,22187.719765227703
78,2,89245.0624102966
78,1,90853.77394842134
79,79,43.98721823629505
79,78,7.698054169054369
79,77,20.938584713256876
79,76,35.77354936766451
79,75,52.16155493467233
79,74,69.89668182715427
79,73,88.64157911341509
79,72,108.0337794348892
79,71,127.79188746744234
79,70,147.5715693808015
79,69,168.05972799469416
79,68,284.48462647825664
79,67,306.2021099777088
79,66,328.2221341809768
79,65,350.5336377677698
79,64,373.1173808215287
79,63,396.0123210307711
79,62,430.61255625390913
79,61,477.29256766783294
79,60,546.1333799288706
79,59,572.2698454005446
79,58,587.5299629315281
79,57,637.2337117255563
79,56,687.8761801460463
79,55,739.4541104335633
79,54,791.9648138919124
79,53,845.4060394304435
79,52,899.7760362458494
79,51,955.0726361318671
79,50,1011.2948785461746
79,49,1068.4412505713963
79,48,1126.5076923424274
79,47,1185.5041477677655
79,46,1471.7495404776091
79,45,1527.1081252062706
79,44,1583.1252127919824
79,43,1639.799942273906
79,42,1697.1328967164618
79,41,1755.1242681668962
79,40,1813.774225732868
79,39,1873.0829148546425
79,38,1933.0517054976542
79,37,1993.6758514215753
79,36,2282.722004430496
79,35,2341.6925620119446
79,34,2401.2305977552173
79,33,2461.337956941149
79,32,2522.017816295884
79,31,2583.2664768977706
79,30,2814.078059545823
79,29,2879.6379202778758
79,28,4871.0876200301145
79,27,5013.538611791648
79,26,5157.395820568972
79,25,5302.660427669452
79,24,5449.333876128151
79,23,5597.416452407182
79,22,5746.910139182812
79,21,5897.81578313583
79,20,6050.134197062517
79,19,6203.867527882705
79,18,6814.769087625192
79,17,6953.737433050271
79,16,7093.859356622198
79,15,7235.1387562365635
79,14,7377.5798659533075
79,13,7521.185563324439
79,12,8105.498939421213
79,11,8257.748002639535
79,10,18582.882126417935
79,9,18971.691491793496
79,8,19363.945110837798
79,7,19759.660565543552
79,6,20158.85577031014
79,5,20561.548882943647
79,4,22447.54444334169
79,3,22849.273493772762
79,2,91820.36001841753
79,1,93459.86732527656
80,80,46.39397209706362
80,79,54.008102601819196
80,78,21.909825397446987
80,77,37.50490662469015
80,76,54.61405705246277
80,75,72.9843850544003
80,74,92.25941746219387
80,73,112.0945057987509
80,72,132.2419256097468
80,71,152.57097219400418
80,70,172.95148196448352
80,69,193.7550471297792
80,68,314.68672477019726
80,67,337.06010756464
80,66,359.7259849596616
80,65,382.6770728672688
80,64,405.9023132452727
80,63,429.42063284803237
80,62,477.799644714918
80,61,552.8361355063661
80,60,579.2333704011963
80,59,589.1247654238273
80,58,639.322403566807
80,57,690.4559330045261
80,56,742.5221809462652
80,55,795.5185399315629
80,54,849.4430151744099
80,53,904.2932401058467
80,52,960.0681916294558
80,51,1016.766291205631
80,50,1074.386296240241
80,49,1132.9270625366646
80,48,1192.3848369821062
80,47,1252.7687894338255
80,46,1545.8203892792428
80,45,1602.3755200602357
80,44,1659.5880622234267
80,43,1717.4582614689737
80,42,1775.986342889954
80,41,1835.1725098287807
80,40,1895.0169430507988
80,39,1955.5198003053413
80,38,2016.6824280912092
80,37,2078.500233163299
80,36,2374.895857119939
80,35,2435.0379097449527
80,34,2495.750042206422
80,33,2557.0340945747084
80,32,2618.893201937704
80,31,2681.323823986817
80,30,2919.491118110527
80,29,2986.382501338017
80,28,5046.336556933516
80,27,5191.161268104277
80,26,5337.393621304602
80,25,5485.034820492078
80,24,5634.0863201443935
80,23,5784.548469485741
80,22,5936.423236343864
80,21,6089.711506261011
80,20,6244.414128590575
80,19,6400.533240957851
80,18,7030.350243509167
80,17,7171.70262895549
80,16,7314.217523743229
80,15,7457.898957700101
80,14,7602.751290545439
80,13,7748.777570646613
80,12,8356.720544115307
80,11,8511.909451387619
80,10,19126.07257262803
80,9,19521.379442462374
80,8,19920.167706458164
80,7,20322.455645943737
80,6,20728.26189051573
80,5,21137.605331875755
80,4,23114.429973343784
80,3,23524.42878246995
80,2,94444.95488340005
80,1,96115.84335104596
81,81,20.561124492430285
81,80,57.1520986442801
81,79,65.4939049762584
81,78,39.38876692420206
81,77,57.2163144860572
81,76,76.20455010425333
81,75,95.99121384972312
81,74,116.25479250133691
81,73,136.78174471282944
81,72,157.46918029907766
81,71,178.2933299923054
81,70,199.23503310843586
81,69,220.47230832915616
81,68,345.9976670051907
81,67,369.01879961559257
81,66,392.32648719007716
81,65,415.9158156226417
81,64,439.78156062541035
81,63,463.92956530876035
81,62,526.7314612647733
81,61,591.22901150366
81,60,618.3098349161249
81,59,641.2201667581465
81,58,692.8464876074097
81,57,745.4027885978953
81,56,798.8865470129421
81,55,853.2958517675326
81,54,908.6284086764572
81,53,964.8832964560173
81,52,1022.0590127393689
81,51,1080.1544045033477
81,50,1139.168420163211
81,49,1199.1000760401496
81,48,1259.9458901797286
81,47,1321.714654299133
81,46,1621.6063708158429
81,45,1679.3577206118061
81,44,1737.7661764547643
81,43,1796.8319949771278
81,42,1856.5554121219639
81,41,1916.936642298077
81,40,1977.9758778658331
81,39,2039.673288897394
81,38,2102.030198654595
81,37,2165.0421666595716
81,36,2468.951779893423
81,35,2530.270842539942
81,34,2592.1626635748535
81,33,2654.6290809865664
81,32,2717.6731931725626
81,31,2781.2916181307246
81,30,3027.0746260734963
81,29,3095.310631000947
81,28,5224.636608315521
81,27,5371.837151699236
81,26,5520.446807009772
81,25,5670.467040666123
81,24,5821.89835727159
81,23,5974.742607972133
81,22,6129.000785987149
81,21,6284.674054366161
81,20,6441.763297538817
81,19,6600.270644659259
81,18,7249.65236028067
81,17,7393.407749457669
81,16,7538.3348957748885
81,15,7684.437993313512
81,14,7831.721494303034
81,13,7980.188648828147
81,12,8612.788246861914
81,11,8770.963742774695
81,10,19678.365151501825
81,9,20080.239003397073
81,8,20485.63287880488
81,7,20894.56553558052
81,6,21307.057400457114
81,5,21723.126575279523
81,4,23795.029833901965
81,3,24213.47867735984
81,2,97119.78473150547
81,1,98822.66632403975
82,82,22.988588728414975
82,81,30.054097461047167
82,80,69.35402022337122
82,79,78.5508995547579
82,78,59.97762233375752
82,77,79.55783921134837
82,76,99.83196799246359
82,75,120.50752179739818
82,74,141.40428714997662
82,73,162.44407894992526
82,72,183.61697866201268
82,71,204.94625784042847
82,70,226.457904722376
82,69,248.2207652085931
82,68,378.40896960141345
82,67,402.073893916388
82,66,426.0219422292883
82,65,450.25011183848494
82,64,474.75734862794724
82,63,499.5412166241057
82,62,577.3987258217397
82,61,630.7859432273927
82,60,658.5562368292753
82,59,695.047118531313
82,58,748.0951338459477
82,57,802.0679582620517
82,56,856.9637707470837
82,55,912.7803320937861
82,54,969.5168384249828
82,53,1027.1718550576195
82,52,1085.744313463163
82,51,1145.2332502980453
82,50,1205.637772938846
82,49,1266.9570322809943
82,48,1329.1877873493659
82,47,1392.3384666751706
82,46,1699.106944080581
82,45,1758.0546182871403
82,44,1817.659150868964
82,43,1877.9208089171264
82,42,1938.8398389301756
82,41,2000.4164662781754
82,40,2062.650894901862
82,39,2125.5433072520586
82,38,2189.0950038
82,37,2253.3016957586956
82,36,2564.8971342093378
82,35,2627.3988964970476
82,34,2690.4761755431214
82,33,2754.1308117322274
82,32,2818.365871213615
82,31,2883.1781296745085
82,30,3136.8486825969517
82,29,3206.4428658476736
82,28,5405.987742093715
82,27,5555.566231815878
82,26,5706.555545712707
82,25,5858.95635987073
82,24,6012.770435265629
82,23,6167.99881390671
82,22,6324.642720848367
82,21,6482.703343746379
82,20,6642.181600573671
82,19,6803.0796126574905
82,18,7472.70163332234
82,17,7618.879626130275
82,16,7766.238967250462
82,15,7914.783993878524
82,14,8064.51929874311
82,13,8215.448311209439
82,12,8873.777388470933
82,11,9034.988122709141
82,10,20239.850729834543
82,9,20648.36377887922
82,8,21060.437049951597
82,7,21476.090081513372
82,6,21895.344086372057
82,5,22318.217999909877
82,4,24489.642181912022
82,3,24916.729669778037
82,2,99845.82986850504
82,1,101581.34475131972
83,83,25.617377285846228
83,82,33.04719770614636
83,81,41.008121437523414
83,80,82.96254707338394
83,79,93.06915294728897
83,78,83.03726685108191
83,77,103.77339064983637
83,76,124.84466842623377
83,75,146.10091862230004
83,74,167.48758111855815
83,73,189.00497681114908
83,72,210.6816078701602
83,71,232.55321621445557
83,70,254.65863247011177
83,69,277.0118833304212
83,68,411.91639555270183
83,67,436.22361589485564
83,66,460.81247218110406
83,65,485.68179703596905
83,64,510.8320612348665
83,63,536.2583583698987
83,62,629.7921916177922
83,61,671.5116559698754
83,60,699.9773814401714
83,59,750.5984613654683
83,58,805.0621663924112
83,57,860.4456449755612
83,56,916.7480385705344
83,55,973.9677674782026
83,54,1032.1036933447951
83,53,1091.1548264040368
83,52,1151.120286486207
83,51,1211.9992677217672
83,50,1273.7910103101258
83,49,1336.494778467635
83,48,1400.1075464666558
83,47,1464.6373950737784
83,46,1778.3215650214609
83,45,1838.4657395030429
83,44,1899.2665799492336
83,43,1960.724363550621
83,42,2022.8393472111582
83,41,2085.611767206137
83,40,2149.0418390945783
83,39,2213.1297577777386
83,38,2277.876801558927
83,37,2343.278831926208
83,36,2662.739466129729
83,35,2726.429796753528
83,34,2790.698486583922
83,33,2855.54738232103
83,32,2920.9791526123936
83,31,2986.9922092049733
83,30,3248.834063279688
83,29,3319.8004581871255
83,28,5590.389749313785
83,27,5742.348292967056
83,26,5895.719202728034
83,25,6050.503202452527
83,24,6206.702049302551
83,23,6364.316815799879
83,22,6523.348747549259
83,21,6683.799055812885
83,20,6845.668690564528
83,19,7008.95976570794
83,18,7699.525021270232
83,17,7848.145880251015
83,16,7997.958029465433
83,15,8148.965955974277
83,14,8301.174400184329
83,13,8454.586976318384
83,12,9139.766319735238
83,11,9304.062948469646
83,10,20810.62357871015
83,9,21225.85092387547
83,8,21644.68034517974
83,7,22067.132205504655
83,6,22493.22854967596
83,5,22922.98919286814
83,4,25198.578928003524
83,3,25634.502520817096
83,2,102624.11579149196
83,1,104392.9340944269
84,84,28.37450278281077
84,83,36.148001692524154
84,82,44.47124995506136
84,81,53.34885217741587
84,80,97.82577059645601
84,79,108.81551519492307
84,78,107.80570425826559
84,77,129.2568832151123
84,76,150.8644175680847
84,75,172.59231324996006
84,74,194.45044758398785
84,73,216.4711408820081
84,72,238.69085147856643
84,71,261.1444359287653
84,70,283.868859653432
84,69,306.8563217891111
84,68,446.51814738392613
84,67,471.46802068327963
84,66,496.69977816569667
84,65,522.2123122749745
84,64,548.0099382599133
84,63,574.0842729931062
84,62,679.1246082487677
84,61,707.8558955655359
84,60,752.9120644851953
84,59,807.8679449585564
84,58,863.7410631400484
84,57,920.5306088403121
84,56,978.2350939144417
84,55,1036.8534644081633
84,54,1096.384809313006
84,53,1156.8283265606199
84,52,1218.183292173534
84,51,1280.44903151994
84,50,1343.6248962733282
84,49,1407.7102464763777
84,48,1472.7024089682907
84,47,1538.6084946378612
84,46,1859.2496884340928
84,45,1920.5906043969026
84,44,1982.588046930835
84,43,2045.242303115528
84,42,2108.5536401701565
84,41,2172.522305293257
84,40,2237.148525710841
84,39,2302.432508862704
84,38,2368.3755116314373
84,37,2434.973543130575
84,36,2762.486507502391
84,35,2827.3714589277947
84,34,2892.837700809508
84,33,2958.8870893153794
84,32,3025.522284637143
84,31,3092.7417950473828
84,30,3363.0522449140058
84,29,3435.405381853314
84,28,5777.8422221762285
84,27,5932.183052121111
84,26,6087.937407780293
84,25,6245.1068963318785
84,24,6403.692713150343
84,23,6563.696099682173
84,22,6725.118320970769
84,21,6887.960610813317
84,20,7052.223949504799
84,19,7217.910443842254
84,18,7930.150269448381
84,17,8081.23494798736
84,16,8233.521224684564
84,15,8387.013743667403
84,14,8541.71740064099
84,13,8697.636000842009
84,12,9410.836557368453
84,11,9578.271852060598
84,10,21390.781542063145
84,9,21812.80132359688
84,8,22238.466784111173
84,7,22667.79915819307
84,6,23100.82137222876
84,5,23537.554171234584
84,4,25922.16658577311
84,3,26367.13315306346
84,2,105455.71601544382
84,1,107258.53974355503
85,85,31.180579691291243
85,84,39.28758609004553
85,83,47.947544504016314
85,82,57.16861959105349
85,81,66.93949776440708
85,80,113.7798976264209
85,79,125.58946584616304
85,78,133.7362622756719
85,77,155.68734050818108
85,76,177.7518787937184
85,75,199.9475235708759
85,74,222.30949944640653
85,73,244.8748185599828
85,72,267.6776578649813
85,71,290.74622716238025
85,70,314.1117633942389
85,69,337.76303463571224
85,68,482.21423915318866
85,67,507.8086672809501
85,66,533.6854269670815
85,65,559.8457668089357
85,64,586.2932736185373
85,63,613.020521049904
85,62,721.3305697887799
85,61,750.7651082464242
85,60,810.4847908158675
85,59,866.8490006231765
85,58,924.1271678004291
85,57,982.3178803881523
85,56,1041.4201640487518
85,55,1101.4331888560491
85,54,1162.3562302487035
85,53,1224.18864139225
85,52,1286.9298283443625
85,51,1350.579226332913
85,50,1415.1362809311893
85,49,1480.6004335513448
85,48,1546.969162976584
85,47,1614.249351803717
85,46,1941.8907570056792
85,45,2004.4287160142221
85,44,2067.6231131457157
85,43,2131.474245262429
85,42,2195.9823898674754
85,41,2261.1478051214435
85,40,2326.970729994254
85,39,2393.4513845465026
85,38,2460.5910050818175
85,37,2528.3857456247715
85,36,2864.1461742989477
85,35,2930.231989338191
85,34,2996.9021186200025
85,33,3064.158431162106
85,32,3132.003582366587
85,31,3200.4361787088174
85,30,3479.5254314560098
85,29,3553.28035933278
85,28,5968.3445301622505
85,27,6125.069569064726
85,26,6283.2097649306015
85,25,6442.766729313635
85,24,6603.741680664498
85,23,6766.135881889103
85,22,6929.950616295126
85,21,7095.187139029985
85,20,7261.846459004392
85,19,7429.930675972922
85,18,8164.6059342237095
85,17,8318.176106643237
85,16,8472.95856749421
85,15,8628.958125655194
85,14,8786.179840253115
85,13,8944.62771429874
85,12,9687.072950959733
85,11,9857.701915248017
85,10,21980.426216888703
85,9,22409.319785716947
85,8,22841.90448558708
85,7,23278.202473879657
85,6,23718.237612049397
85,5,24162.03162916249
85,4,26660.747190751033
85,3,27114.97361640392
85,2,108341.75513650263
85,1,110179.32024381886
86,86,33.979494888713155
86,85,42.413677690232255
86,84,51.40179420915499
86,83,60.94571938455747
86,82,71.03877376474668
86,81,81.65927977817361
86,80,130.7134462534129
86,79,143.2811911853665
86,78,160.5634565168151
86,77,182.9607871345252
86,76,205.49124715547438
86,75,228.19218527451665
86,74,251.10086752792506
86,73,274.2507799333773
86,72,297.6693877581834
86,71,321.37943317808765
86,70,345.4043070143039
86,69,369.73904574290077
86,68,519.0061132232358
86,67,545.2470957503115
86,66,571.7728266702353
86,65,598.5844233051114
86,64,625.6861089234458
86,63,653.0711847736875
86,62,764.7176817537203
86,61,794.8620309495755
86,60,869.7687104912562
86,59,927.5368944609352
86,58,986.2152390139862
86,57,1045.8028417275284
86,56,1106.2989498368026
86,55,1167.7029168473896
86,54,1230.0141714232361
86,53,1293.2321955019518
86,52,1357.3565037749445
86,51,1422.3866237635
86,50,1488.3220804547448
86,49,1555.1623846192138
86,48,1622.9051537880537
86,47,1691.5570437711042
86,46,2026.2441900332135
86,45,2089.979549142243
86,44,2154.3713069542387
86,43,2219.4197700494574
86,42,2285.125226239205
86,41,2351.487944705023
86,40,2418.508176236472
86,39,2486.1861536015704
86,38,2554.5230934223646
86,37,2623.5152915721737
86,36,2967.7265679018797
86,35,3035.019685105254
86,34,3102.900237016917
86,33,3171.3701088020703
86,32,3240.4319546925867
86,31,3310.0844808958923
86,30,3598.2765813053124
86,29,3673.448890264897
86,28,6161.89579407584
86,27,6321.007077463677
86,26,6481.535177643809
86,25,6643.481710741558
86,24,6806.847916880056
86,23,6971.63507932441
86,22,7137.844498431021
86,21,7305.477449385369
86,20,7474.534967912989
86,19,7645.019146598583
86,18,8402.921408300448
86,17,8558.999501988286
86,16,8716.300974259691
86,15,8874.830806963066
86,14,9034.594231310448
86,13,9195.59545549349
86,12,9968.563861909788
86,11,10142.44385732501
86,10,22579.663146050207
86,9,23015.51524634322
86,8,23455.105887509464
86,7,23898.458205010607
86,6,24345.597053228492
86,5,24796.545204079714
86,4,27414.679296199985
86,3,27878.393135543138
86,2,111283.41215664188
86,1,113156.49080022809
87,87,30.28761328582886
87,86,45.50416614266294
87,85,54.81558222186089
87,84,64.67746483033652
87,83,75.07989365828391
87,82,86.0051503131956
87,81,97.42539049188532
87,80,148.5689562237787
87,79,161.84540680042522
87,78,188.21417523464277
87,77,211.07741880487842
87,76,234.11527934607702
87,75,257.36573887174677
87,74,280.860746329228
87,73,304.62755594461896
87,72,328.6879203907146
87,71,353.05948677471537
87,70,377.7582213890934
87,69,402.7901563861988
87,68,556.8952881158154
87,67,583.7865911848481
87,66,610.9648087921257
87,65,638.4317515052884
87,64,666.191624757409
87,63,694.239560733179
87,62,809.2920645043463
87,61,840.1514877202006
87,60,930.7590251510511
87,59,989.9263369282037
87,58,1050.0006001390313
87,57,1110.9811327805992
87,56,1172.8673635088353
87,55,1235.6587967530857
87,54,1299.3549876006298
87,53,1363.955524971485
87,52,1429.4600145606732
87,51,1495.8680617015905
87,50,1563.1792587718328
87,49,1631.3931758641588
87,48,1700.5075576453132
87,47,1770.5288362853955
87,46,2112.3093716920425
87,45,2177.242538673444
87,44,2242.832112140359
87,43,2309.0784083768763
87,42,2375.9817255483285
87,41,2443.542343926506
87,40,2511.760526200894
87,39,2580.636517905933
87,38,2650.1715169385743
87,37,2720.3619577131813
87,36,3073.235974234759
87,35,3141.7430338735394
87,34,3210.8407495865167
87,33,3280.531025921412
87,32,3350.8165195374413
87,31,3421.696037769807
87,30,3719.329435944721
87,29,3795.935281442041
87,28,6358.494857690173
87,27,6519.994376914968
87,26,6682.912397704583
87,25,6847.250540756895
87,24,7013.010066369509
87,23,7180.192276945141
87,22,7348.798488547936
87,21,7518.829994974429
87,20,7690.287856870522
87,19,7863.1741593026845
87,18,8645.126946939457
87,17,8803.7361689067
87,16,8963.580301651322
87,15,9124.66446210301
87,14,9286.994093939347
87,13,9450.573610859808
87,12,10255.401355397644
87,11,10432.59223674389
87,10,23188.60202477184
87,9,23631.50099093158
87,8,24078.187982995583
87,7,24528.687174401097
87,6,24983.024475139322
87,5,25441.223763829883
87,4,28184.339053713797
87,3,28657.779247802857
87,2,114281.92409750188
87,1,116191.32709137053
88,88,32.43895445371012
88,87,38.69064472875937
88,86,58.19005645708571
88,85,68.36698264412489
88,84,79.0771582071091
88,83,90.30084616589038
88,82,102.01274573059797
88,81,114.18250638247166
88,80,167.3208464366558
88,79,181.26853462127727
88,78,216.70248217814745
88,77,240.07586896778284
88,76,263.6662209441212
88,75,287.5049625926169
88,74,311.61842050844257
88,73,336.0275836187739
88,72,360.74941663269044
88,71,385.79774777466656
88,70,411.1819472482098
88,69,436.92019393126566
88,68,595.8849313917705
88,67,623.429951338086
88,66,651.2646175368778
88,65,679.3911056508689
88,64,707.8133361645473
88,63,736.5287927721322
88,62,855.0594015748585
88,61,886.6399346026919
88,60,993.4503967493932
88,59,1054.012596539875
88,58,1115.47883336535
88,57,1177.8486053006118
88,56,1241.1214900982131
88,55,1305.2971167457777
88,54,1370.3751450875968
88,53,1436.3552530932513
88,52,1503.237122816041
88,51,1571.0204253895838
88,50,1639.7048105557878
88,49,1709.289899302536
88,48,1779.7735530728964
88,47,1851.16198500839
88,46,2200.0856387907506
88,45,2266.217067388737
88,44,2333.004955704422
88,43,2400.4496297597793
88,42,2468.5513981277254
88,41,2537.3105522394962
88,40,2606.7273667623112
88,39,2676.802100043561
88,38,2747.535932223266
88,37,2818.9254327619346
88,36,3180.682862797548
88,35,3250.4107131021283
88,34,3320.7325460643483
88,33,3391.6502888264213
88,32,3463.166604056625
88,31,3535.280615714694
88,30,3842.7083358228415
88,29,3920.7646783266487
88,28,6558.140256806112
88,27,6722.029947681199
88,26,6887.339845930249
88,25,7054.071576605411
88,24,7222.226418610195
88,23,7391.805692092567
88,22,7562.8107273667265
88,21,7735.242835280406
88,20,7909.1030993742515
88,19,8084.393596639755
88,18,8891.253695106856
88,17,9052.41809233347
88,16,9214.829347298304
88,15,9378.492769739856
88,14,9543.413993521961
88,13,9709.597654760453
88,12,10547.681406563415
88,11,10728.245667870175
88,10,23807.356921987473
88,9,24257.394891481632
88,8,24711.272574305625
88,7,25169.015246876046
88,6,25630.649942783235
88,5,26096.20171679746
88,4,28970.121387577736
88,3,29453.539040872776
88,2,117338.58993474183
88,1,119285.16942570978
89,89,2.3941034870674938
89,88,41.066346779952724
89,87,47.57540520538537
89,86,72.02628478087452
89,85,83.04289515271677
89,84,94.56494246650094
89,83,106.56713034325178
89,82,119.01884041226242
89,81,131.8920624807989
89,80,186.95574102447486
89,79,201.54702425526142
89,78,246.0710754537926
89,77,270.0001245939364
89,76,294.18101493175914
89,75,318.63996393966727
89,74,343.3966281372015
89,73,368.467489527413
89,72,393.8658053454013
89,71,419.6025210775606
89,70,445.6814546098418
89,69,472.1325301812173
89,68,635.9777984712354
89,67,664.1803838395629
89,66,692.6755913428166
89,65,721.4658552688885
89,64,750.5546595075547
89,63,779.9420710218267
89,62,902.0258567408209
89,61,934.3335726687709
89,60,1057.8380429851486
89,59,1119.7912013005305
89,58,1182.64573299595
89,57,1246.4012837247456
89,56,1311.0575540722741
89,55,1376.6142761421404
89,54,1443.0711968753362
89,53,1510.4280684878706
89,52,1578.6846371923343
89,51,1647.8406298824523
89,50,1717.8957452522925
89,49,1788.8496478823379
89,48,1860.7003076457593
89,47,1933.4537224512426
89,46,2289.57226787426
89,45,2356.9024530296824
89,44,2424.889194915678
89,43,2493.532829328438
89,42,2562.833675317757
89,41,2632.792035543316
89,40,2703.4081966953095
89,39,2774.682429982289
89,38,2846.6158987515487
89,37,2919.2053038780327
89,36,3290.0758851569344
89,35,3361.0315888295722
89,34,3432.5847114237936
89,33,3504.7372058553133
89,32,3577.4917443971467
89,31,3650.8475479819085
89,30,3968.439115438403
89,29,4047.963098243164
89,28,6760.830185356204
89,27,6927.111915814129
89,26,7094.815576284217
89,25,7263.942795722856
89,24,7434.494869964778
89,23,7606.473135340471
89,22,7779.878934832254
89,21,7954.7135946240805
89,20,8130.978218965244
89,19,8308.674876007035
89,18,9141.333715519155
89,17,9305.078190391367
89,16,9470.081930655373
89,15,9636.350448921066
89,14,9803.889579916571
89,13,9972.704191842677
89,12,10845.504122186605
89,11,11029.507054281941
89,10,24436.046517836727
89,9,24893.319661455866
89,8,25354.486546219443
89,7,25819.573622147967
89,6,26288.60912032236
89,5,26761.619347294785
89,4,29772.44127299875
89,3,30266.100501426972
89,2,120454.77488835917
89,1,122439.4272789062
90,90,3.715124393742505
90,89,93.32499301979256
90,88,27.468371165902376
90,87,-4.066936622466148
90,86,86.99158745617903
90,85,98.8119698194536
90,84,111.1046981695746
90,83,123.84102468025083
90,82,136.9873074904113
90,81,150.52147810894132
90,80,207.4668167294783
90,79,222.67871679288115
90,78,276.36497325306925
90,77,300.8872375000847
90,76,325.6904078334533
90,75,350.79345570718954
90,74,376.2122714829463
90,73,401.95980478325185
90,72,428.045585275333
90,71,454.4801568686721
90,70,481.26071330087376
90,69,508.4295237637771
90,68,677.1770497290464
90,67,706.041198080455
90,66,735.2010956026724
90,65,764.6593596905489
90,64,794.4189487502531
90,63,824.4825689577262
90,62,950.1978099328645
90,61,983.2388175421104
90,60,1123.9174410938936
90,59,1187.2578911419632
90,58,1251.497265549825
90,57,1316.6353312550514
90,56,1382.671890166191
90,55,1449.6067599721016
90,54,1517.4397602025413
90,53,1586.1707050964114
90,52,1655.7993948120388
90,51,1726.3256035441798
90,50,1797.74907157348
90,49,1870.069502370291
90,48,1943.2849634361069
90,47,2017.4012457176664
90,46,2380.768461548639
90,45,2449.2979345816207
90,44,2518.484103508004
90,43,2588.3273139506637
90,42,2658.827895491811
90,41,2729.9861620748106
90,40,2801.80241246213
90,39,2874.276929460114
90,38,2947.410865664271
90,37,3021.201042031986
90,36,3401.423872798844
90,35,3473.6147138451697
90,34,3546.40652436918
90,33,3619.8012862461273
90,32,3693.8016849431074
90,31,3768.407039911314
90,30,4096.547831096398
90,29,4177.557465121132
90,28,6966.562522523818
90,27,7135.2379506154375
90,26,7305.337236474209
90,25,7476.861755148933
90,24,7649.812881878181
90,23,7824.19196743781
90,22,8000.000365749619
90,21,8177.23941640151
90,20,8355.91024207079
90,19,8536.014901005146
90,18,9395.400017557551
90,17,9561.750378078721
90,16,9729.37289574899
90,15,9898.273296880136
90,14,10068.457628529512
90,13,10239.931001533989
90,12,11148.973979317821
90,11,11336.483840152132
90,10,25074.79435873152
90,9,25539.40313005996
90,8,26007.962055916956
90,7,26480.499255724073
90,6,26957.043610090743
90,5,27437.623178775473
90,4,30591.735129622375
90,3,31095.913986950076
90,2,123631.9151091759
90,1,125655.58425577765
91,91,18.976580490112397
91,90,80.68475878094098
91,89,16.567850863434035
91,88,8.969052336216263
91,87,23.86774325477199
91,86,103.05537318796648
91,85,115.63924632840185
91,84,128.6598869490313
91,83,142.0871231720179
91,82,155.88656725352632
91,81,170.0441955230595
91,80,228.84733569770444
91,79,244.66038853720573
91,78,307.6217548790874
91,77,332.76816627461363
91,76,358.2166260240863
91,75,383.98245543928243
91,74,410.0780792122048
91,73,436.51261006665635
91,72,463.2961745862802
91,71,490.43424821083266
91,70,517.9232684616185
91,69,545.8128974759314
91,68,719.4859560764464
91,67,749.0157396586628
91,66,778.8444882165832
91,65,808.974944998579
91,64,839.4094982212198
91,63,870.1534321873686
91,62,999.5818413642146
91,61,1033.3622864732229
91,60,1191.6842795914874
91,59,1256.4085774031676
91,58,1322.029535294167
91,57,1388.547020100523
91,56,1455.96091741168
91,55,1524.2711160146046
91,54,1593.477496041079
91,53,1663.579923625764
91,52,1734.5782442789166
91,51,1806.472271981953
91,50,1879.2617843489973
91,49,1952.9465151115185
91,48,2027.5246253268015
91,47,2103.0017035783253
91,46,2473.673333897936
91,45,2543.4026576012097
91,44,2613.7888569075526
91,43,2684.8322873191887
91,42,2756.53328900618
91,41,2828.892187239331
91,40,2901.909292862293
91,39,2975.5849016471097
91,38,3049.920150910783
91,37,3124.911986117399
91,36,3514.7358342770067
91,35,3588.169325150055
91,34,3662.207455158394
91,33,3736.8522383186955
91,32,3812.1063769319603
91,31,3887.969290481291
91,30,4227.061672752563
91,29,4309.575646719976
91,28,7175.3345324501215
91,27,7346.405481984474
91,26,7518.902024614276
91,25,7692.825546869703
91,24,7868.177434852483
91,23,8044.95905185543
91,22,8223.17176083517
91,21,8402.816912661901
91,20,8583.895645955889
91,19,8766.410007746077
91,18,9653.486577499423
91,17,9822.469601481609
91,16,9992.73815525552
91,15,10164.298228445989
91,14,10337.156083291125
91,13,10511.317084772985
91,12,11458.200082443824
91,11,11649.288281471994
91,10,25723.729131562694
91,9,26195.778537649738
91,8,26671.837271439545
91,7,27151.9347800927
91,6,27636.101319643152
91,5,28124.366367720886
91,4,31428.462343269475
91,3,31943.453834795822
91,2,126871.52280717024
91,1,128935.20352655197
92,92,3.717110932623937
92,91,97.54176171607963
92,90,-1.1318226788963017
92,89,10.151455008818075
92,88,22.237832740588576
92,87,43.11240445673789
92,86,120.182136205853
92,85,133.48779959847613
92,84,147.19455713231693
92,83,161.27281662983077
92,82,175.6882952233837
92,81,190.4366695852387
92,80,251.09060310936442
92,79,267.4880643342619
92,78,339.8718079230375
92,77,365.6648253920881
92,76,391.77683518730305
92,75,418.21976731514053
92,74,445.0023191631546
92,73,472.1339666394399
92,72,499.6209836866192
92,71,527.4688890475895
92,70,555.6708969304275
92,69,584.2838677849
92,68,762.9078301001523
92,67,793.10735039327
92,66,823.6090965924177
92,65,854.4158926457443
92,64,885.5295391953113
92,63,916.9575028267598
92,62,1050.1849872393843
92,61,1084.7107964832155
92,60,1261.134417118617
92,59,1327.2393077363124
92,58,1394.2387540194818
92,57,1462.1327050781488
92,56,1530.9211157302584
92,55,1600.603933807321
92,54,1671.1810900609396
92,53,1742.6524940900786
92,52,1815.0180290598091
92,51,1888.277544816642
92,50,1962.4308468707418
92,49,2037.4776989862162
92,48,2113.416346927324
92,47,2190.252183785489
92,46,2568.2858948706735
92,45,2639.215658454136
92,44,2710.80251631742
92,43,2783.0468338886258
92,42,2855.948961962988
92,41,2929.509237161026
92,40,3003.7279824112347
92,39,3078.60550640087
92,38,3154.142306723043
92,37,3230.3379510936543
92,36,3630.0209514569056
92,35,3704.7048405913865
92,34,3779.997162617411
92,33,3855.900308416776
92,32,3932.415634811919
92,31,4009.5447118471384
92,30,4360.008780160198
92,29,4444.046492464386
92,28,7387.143212048694
92,27,7560.611261298299
92,26,7735.506641448095
92,25,7911.830748562216
92,24,8089.584977667036
92,23,8268.77070241286
92,22,8449.389292704338
92,21,8631.442108345524
92,20,8814.930301193524
92,19,8999.85590546176
92,18,9915.628407189195
92,17,10087.271833338305
92,16,10260.214727820452
92,15,10434.46331707142
92,14,10610.02410157678
92,13,10786.90271303338
92,12,11773.29644097851
92,11,11968.037739037176
92,10,26382.98495877583
92,9,26862.5848542492
92,8,27346.25608177181
92,7,27834.029507928994
92,6,28325.93685970897
92,5,28822.009131426832
92,4,32283.10693058211
92,3,32809.22012439878
92,2,130175.19187371337
92,1,132279.9337940943
93,93,39.21047461434129
93,92,64.4786154149953
93,91,-2.4311995492819882
93,90,10.021716301389079
93,89,24.712893181934405
93,88,42.60377090027103
93,87,122.00026532263048
93,86,135.46075677922465
93,85,149.37136561258714
93,84,163.03020756211478
93,83,132.36762699815483
93,82,196.3674817629762
93,81,211.67826236637862
93,80,274.1903221879744
93,79,291.15759071840824
93,78,373.1368400634516
93,77,399.59428554682404
93,76,426.3838209216347
93,75,453.51373172844603
93,74,480.9931646830811
93,73,508.82809504993935
93,72,537.0237045912583
93,71,565.5860860343867
93,70,594.5050054048229
93,69,623.8432416797496
93,68,807.4459841752312
93,67,838.3193428804973
93,66,869.498203151206
93,65,900.9854269524426
93,64,932.7822437665241
93,63,964.8983956404917
93,62,1102.0138517722087
93,61,1137.2911606774705
93,60,1332.2638469026808
93,59,1399.7462354105442
93,58,1468.1212140719156
93,57,1537.3887997595073
93,56,1607.5490045166869
93,55,1678.6013965442305
93,54,1750.5476633525545
93,53,1823.3851786487908
93,52,1897.115574172755
93,51,1971.7382967274432
93,50,2047.2531802898632
93,49,2123.6600115820233
93,48,2200.9571181855085
93,47,2279.1497000836725
93,46,2664.605033461186
93,45,2736.735847315487
93,44,2809.5240115244837
93,43,2882.9699014682874
93,42,2957.0738785937374
93,41,3031.8362908612644
93,40,3107.2574721115234
93,39,3183.3377484884495
93,38,3260.0776219194277
93,37,3337.4766828513652
93,36,3747.288574788796
93,35,3823.2308545112446
93,34,3899.785490205657
93,33,3976.9548995701384
93,32,4054.7405110497066
93,31,4133.1439267936485
93,30,4495.4182808016685
93,29,4580.999874551753
93,28,7601.984976961386
93,27,7777.8515746728435
93,26,7955.147237600275
93,25,8133.873369189136
93,24,8314.031371238505
93,23,8495.622625356851
93,22,8678.648506104833
93,21,8863.110379576905
93,20,9049.009407953812
93,19,9236.347610704046
93,18,10181.861527297657
93,17,10356.19416555098
93,16,10531.8407766204
93,15,10708.807837451895
93,14,10887.10210110379
93,13,11066.729479714593
93,12,12094.38226905978
93,11,12292.854995366813
93,10,27052.701716219115
93,9,27539.967123382106
93,8,28031.36889221442
93,7,28526.93940900275
93,6,29026.711976259754
93,5,29530.719213304903
93,4,33156.17936328305
93,3,33693.740610820954
93,2,133544.6040571869
93,1,135691.51585698803
94,94,38.677579216006336
94,93,45.12646709139858
94,92,-3.707936329966313
94,91,9.43520942973669
94,90,25.243798885840956
94,89,108.48640550278556
94,88,121.37730135762484
94,87,134.8088065486171
94,86,148.53450242678983
94,85,109.84707016849589
94,84,134.4299968116385
94,83,158.55941100080742
94,82,217.90231546630181
94,81,233.75181060958406
94,80,298.1396671722073
94,79,315.6641529902025
94,78,407.4337436521905
94,77,434.56923896965134
94,76,462.0459032959167
94,75,489.87259617025603
94,74,518.0549851513439
94,73,546.5979370411819
94,72,575.5073671324427
94,71,604.7874427382098
94,70,634.4264956087848
94,69,664.491491301326
94,68,853.1037034581275
94,67,884.6549875051351
94,66,916.515032424501
94,65,948.686703030767
94,64,981.1707294759851
94,63,1013.9788521674998
94,62,1155.0753762881516
94,61,1191.1110545742595
94,60,1405.0686655132604
94,59,1473.9255919875388
94,58,1543.6732641260498
94,57,1614.3117546221974
94,56,1685.840695172093
94,55,1758.2614287384565
94,54,1831.5726198375985
94,53,1905.7751146881048
94,52,1980.867665989747
94,51,2056.851357195659
94,50,2133.7256472102154
94,49,2211.4899828150287
94,48,2290.144211052889
94,47,2369.6911788749885
94,46,2762.6294994934574
94,45,2835.9619897538178
94,44,2909.9521222418234
94,43,2984.600282323254
94,42,3059.906842085564
94,41,3135.8721608153387
94,40,3212.496584429069
94,39,3289.7804514903364
94,38,3367.724275322369
94,37,3446.3276652517025
94,36,3866.548217421988
94,35,3943.757132225217
94,34,4021.5828615495116
94,33,4100.026251460709
94,32,4179.091206890875
94,31,4258.777765183385
94,30,4633.320330326456
94,29,4720.466730490984
94,28,7819.855673522783
94,27,7998.122119600882
94,26,8177.819355206259
94,25,8358.948788773096
94,24,8541.511826470483
94,23,8725.509855208635
94,22,8910.94425162541
94,21,9097.816385236412
94,20,9286.12742531039
94,19,9475.879374308983
94,18,10452.223037687225
94,17,10629.274805855133
94,16,10807.65564909323
94,15,10987.37230969746
94,14,11168.431808796968
94,13,11350.840353963149
94,12,12421.582309855237
94,11,12623.868597978952
94,10,27733.02537586246
94,9,28228.076833639516
94,8,28727.332920246885
94,7,29230.827651565465
94,6,29738.596020315195
94,5,30250.6723897759
94,4,34048.21857113264
94,3,34597.572850395394
94,2,136981.53576012957
94,1,139171.78984295373
95,95,39.25374053285377
95,94,45.61948066073579
95,93,-5.176306126837265
95,92,8.573149302509748
95,91,24.84951124885771
95,90,44.97399801321394
95,89,126.20643410847478
95,88,140.14911118174243
95,87,154.5299320862757
95,86,169.2478259521371
95,85,137.64812159753203
95,84,161.76290148885874
95,83,185.41302427962242
95,82,240.274060016598
95,81,256.6422131356425
95,80,322.93287169198265
95,79,341.0034753717121
95,78,442.7750568537401
95,77,470.5979170441416
95,76,498.7713751569965
95,75,527.300795600088
95,74,556.1907423816982
95,73,585.4469616314037
95,72,615.0734107949525
95,71,645.0740339445365
95,70,675.4358770876166
95,69,706.2288082487279
95,68,899.8842273615365
95,67,932.1174899117837
95,66,964.6627368955984
95,65,997.5228334507394
95,64,1030.6980441048208
95,63,1064.2018646482743
95,62,1209.3771599608685
95,61,1246.1775636129835
95,60,1479.5450452372263
95,59,1549.773662582988
95,58,1620.8912869095652
95,57,1692.898036743603
95,56,1765.7936017500833
95,55,1839.5793024710683
95,54,1914.2538882890253
95,53,1989.8178155932994
95,52,2066.2710492482865
95,51,2143.613499434049
95,50,2221.845046471745
95,49,2300.965513584121
95,48,2380.973699781244
95,47,2461.8734454095184
95,46,2862.357883872122
95,45,2936.8926866651736
95,44,3012.0854577812
95,43,3087.9365925437323
95,42,3164.4464736645086
95,41,3241.6154716905326
95,40,3319.4439445394923
95,39,3397.9322430796815
95,38,3477.0808916376604
95,37,3556.88951933321
95,36,3987.809547864607
95,35,4066.2936032122716
95,34,4145.39865801668
95,33,4225.125647765156
95,32,4305.478469844011
95,31,4386.457259169014
95,30,4773.746154838213
95,29,4862.479118790829
95,28,8040.750507149512
95,27,8221.417942289638
95,26,8403.517863221141
95,25,8587.05169159495
95,24,8772.020835267518
95,23,8958.426683501859
95,22,9146.270612143579
95,21,9335.553990916467
95,20,9526.277992653964
95,19,9718.444600143948
95,18,10726.751139406122
95,17,10906.553123766671
95,16,11087.699917722004
95,15,11270.198545005118
95,14,11454.056311603656
95,13,11639.279736915982
95,12,12755.027186884872
95,11,12961.213231730437
95,10,28424.108375724933
95,9,28927.07232067464
95,8,29434.312631741737
95,7,29945.865075044865
95,6,30461.766459540326
95,5,30982.05302336466
95,4,34959.794145403794
95,3,35521.30654229088
95,2,140487.86553622858
95,1,142722.7031983682
96,96,3.5240465342539395
96,95,108.18633837538162
96,94,-6.766969619949611
96,93,7.765601708030378
96,92,25.279175979382497
96,91,47.03592766531438
96,90,191.60177378631175
96,89,139.69175869685904
96,88,153.9561709832338
96,87,115.57694758100098
96,86,140.83156885631476
96,85,165.2057136176932
96,84,189.1557094761564
96,83,244.02115631399806
96,82,260.5892523586606
96,81,252.38772711432745
96,80,348.56453424827833
96,79,367.1720073216851
96,78,479.16887141921336
96,77,507.6886279876141
96,76,536.5646713323332
96,75,565.8012763842078
96,74,595.4040267135391
96,73,625.3766769918894
96,72,655.7230015761638
96,71,686.4465105695706
96,70,717.5333390727669
96,69,749.0551574444611
96,68,947.7907314723749
96,67,980.7099825317207
96,66,1013.944404946613
96,65,1047.4968577361615
96,64,1081.367179862932
96,63,1115.5703668663919
96,62,1264.926530934841
96,61,1302.498414718542
96,60,1555.6892089217733
96,59,1627.2867632685427
96,58,1699.7716785206294
96,57,1773.144110655663
96,56,1847.403797408944
96,55,1922.5520410047989
96,54,1998.5876582788285
96,53,2075.511108839677
96,52,2153.322379093923
96,51,2232.021401941347
96,50,2311.6080660942744
96,49,2392.082212317069
96,48,2473.442683553236
96,47,2555.6932094040926
96,46,2963.788596987519
96,45,3039.5263524140264
96,44,3115.922434821179
96,43,3192.9772494771946
96,42,3270.6911896468173
96,41,3349.064636030613
96,40,3428.097962550505
96,39,3507.7915260516747
96,38,3588.145865593928
96,37,3669.1606297858843
96,36,4111.082381102804
96,35,4190.8508067837965
96,34,4271.2432019320295
96,33,4352.263317483509
96,32,4433.913232825888
96,31,4516.193636956655
96,30,4916.728095181712
96,29,5007.070222937977
96,28,8264.664018048878
96,27,8447.733368051944
96,26,8632.236885551276
96,25,8818.17599196932
96,24,9005.552093867287
96,23,9194.366579534777
96,22,9384.620820896824
96,21,9576.316184260915
96,20,9769.453842142719
96,19,9964.035743724473
96,18,11005.485177314404
96,17,11188.069687169962
96,16,11372.01542169351
96,15,11557.329692676338
96,14,11744.02010920303
96,13,11932.093520421657
96,12,13094.853785078201
96,11,13305.030123278128
96,10,29126.11001955347
96,9,29637.119202650527
96,8,30152.480214596977
96,7,30672.23070446385
96,6,31196.409436231093
96,5,31725.05466721736
96,4,35891.508767927284
96,3,36465.56611338141
96,2,144065.58237742315
96,1,146346.31953294924
97,97,40.43322664572473
97,96,46.62572932945723
97,95,-8.289393212569989
97,94,7.314599701940182
97,93,26.30244406567243
97,92,48.78021447235849
97,91,73.08051415374295
97,90,264.0538922432218
97,89,156.88524408016727
97,88,118.66383032613855
97,87,144.05960344870346
97,86,168.64320127092634
97,85,192.8934304666872
97,84,247.73824108258776
97,83,264.49283841249775
97,82,256.9019374572022
97,81,282.4706867029306
97,80,375.0299623593044
97,79,394.16576781013475
97,78,516.6234857738939
97,77,545.8457571537664
97,76,575.4286899970031
97,75,605.3777116561149
97,74,635.69638063517
97,73,666.3883069819723
97,72,697.4568548149956
97,71,728.9051792596973
97,70,760.7188138415407
97,69,792.970303244818
97,68,996.8263110583158
97,67,1030.435522091013
97,66,1064.3630583019467
97,65,1098.6117502808042
97,64,1133.1810625650405
97,63,1168.0872508260109
97,62,1321.7313840695433
97,61,1360.0811154575053
97,60,1633.4974070261223
97,59,1706.4612199998553
97,58,1780.3108288762953
97,57,1855.0459928660034
97,56,1930.6681997954206
97,55,2007.176165851504
97,54,2084.5704794575404
97,53,2162.8511760399792
97,52,2242.0182572040158
97,51,2322.071670085823
97,50,2403.0113165908147
97,49,2484.837050100494
97,48,2567.5477543967427
97,47,2651.147049927028
97,46,3066.919845134625
97,45,3143.86119081752
97,44,3221.4612530378686
97,43,3299.7204469347234
97,42,3378.6391762485196
97,41,3458.217832821649
97,40,3538.4568019831645
97,39,3619.3564530382823
97,38,3700.917334953084
97,37,3783.1391174679384
97,36,4236.376667777787
97,35,4317.4380501541245
97,34,4399.127933558078
97,33,4481.450070588071
97,32,4564.406605561024
97,31,4647.998314848408
97,30,5062.29965331135
97,29,5154.274464940618
97,28,8491.589942081182
97,27,8677.061923880416
97,26,8863.969721051822
97,25,9052.314751568689
97,24,9242.098417360568
97,23,9433.322102071654
97,22,9625.98717015299
97,21,9820.094980485606
97,20,10015.646700975194
97,19,10212.64425476934
97,18,11288.465627847449
97,17,11473.86629904181
97,16,11660.645309203055
97,15,11848.81028834527
97,14,12038.369168477975
97,13,12229.329148146871
97,12,13441.205664741334
97,11,13655.46748108466
97,10,29839.196909091817
97,9,30358.39085246007
97,8,30882.016093684193
97,7,31410.11231109816
97,6,31942.72037686063
97,5,32479.88072695834
97,4,36844.00089454097
97,3,37431.01357800921
97,2,147716.7948955068
97,1,150044.82843441557
98,98,41.069488579965736
98,97,47.24036052850073
98,96,-9.512860097502596
98,95,7.436348516018118
98,94,27.947510715637264
98,93,51.40438472929046
98,92,75.73732490916271
98,91,99.50727805083189
98,90,327.0864237800023
98,89,121.79150503383195
98,88,147.28971811121352
98,87,172.06688923127047
98,86,196.59819885834483
98,85,251.42642465417626
98,84,268.3678187596389
98,83,261.35378674675945
98,82,287.2388965558464
98,81,313.68323763689347
98,80,402.32521860301887
98,79,421.9830656015833
98,78,555.1428332674892
98,77,585.0724855735165
98,76,615.3671549447155
98,75,646.0316487629581
98,74,677.069058066974
98,73,708.482605019082
98,72,740.2753189108198
98,71,772.450060368373
98,70,804.9920150611142
98,69,837.9738283746444
98,68,1046.9939774552845
98,67,1081.2970907726115
98,66,1115.9216389349872
98,65,1150.87041247944
98,64,1186.1425560011946
98,63,1221.7553563057793
98,62,1379.7994049404888
98,61,1418.9337331794493
98,60,1712.9658961975383
98,59,1787.2933486979077
98,58,1862.5051029859212
98,57,1938.6009551850898
98,56,2015.5823778607719
98,55,2093.4481410421126
98,54,2172.198829858755
98,53,2251.8345058528735
98,52,2332.355174150004
98,51,2413.760795581609
98,50,2496.0512827836033
98,49,2579.226499500526
98,48,2663.2853673733002
98,47,2748.231399465959
98,46,3171.749604554229
98,45,3249.89516878107
98,44,3328.6998682561366
98,43,3408.1641278969546
98,42,3488.2883617994707
98,41,3569.0729727771372
98,40,3650.518357409724
98,39,3732.6248972047033
98,38,3815.3931506575577
98,37,3898.822809011539
98,36,4363.702983777214
98,35,4446.065664102543
98,34,4529.063043360775
98,33,4612.696871652256
98,32,4696.969863881665
98,31,4781.882887222435
98,30,5210.495540739131
98,29,5304.127514571651
98,28,8721.521169719796
98,27,8909.396252103297
98,26,9098.708754271074
98,25,9289.460087155729
98,24,9481.651644303965
98,23,9675.284800631338
98,22,9870.360909115438
98,21,10066.881316746674
98,20,10264.847182045865
98,19,10464.260397993034
98,18,11575.734195717296
98,17,11763.986033937133
98,16,11953.634080097705
98,15,12144.686303138405
98,14,12337.150979606151
98,13,12531.035678991906
98,12,13794.233511896753
98,11,14012.680974843905
98,10,30563.543412056973
98,9,31091.06891043195
98,8,31623.109491475894
98,7,32159.707024443876
98,6,32700.90465906121
98,5,33246.74518662174
98,4,37817.94772622865
98,3,38418.35170920078
98,2,151443.74151934125
98,1,153820.55638663186
99,99,41.76351183511637
99,98,47.99216550860333
99,97,-10.250660356427147
99,96,8.195381397836025
99,95,30.075178537995154
99,94,54.19089750677725
99,93,78.58952296664906
99,92,102.29356133879888
99,91,125.52825388503915
99,90,329.17731065095217
99,89,150.49626919502435
99,88,175.4617881196832
99,87,200.26299763767932
99,86,255.08722398818108
99,85,272.21130624190175
99,84,265.7442464301536
99,83,291.9576145567656
99,82,318.69453069187114
99,81,346.0394388774412
99,80,430.44717329335907
99,79,450.6218062872567
99,78,594.7310950218182
99,77,625.3714812172851
99,76,656.3815929914681
99,75,687.7643469278568
99,74,719.5228268275977
99,73,751.6599392062474
99,72,784.1784360217085
99,71,817.0809299417483
99,70,850.3524655538038
99,69,884.0651490624027
99,68,1098.2966574069662
99,67,1133.2975827147973
99,66,1168.6230049645883
99,65,1204.27567080121
99,64,1240.2544562379555
99,63,1276.5774649994532
99,62,1439.138581132973
99,61,1479.0643805472719
99,60,1794.0909189957817
99,59,1869.7794361512983
99,58,1946.3508227468817
99,57,2023.804907050629
99,56,2102.143139221396
99,55,2181.3643425991145
99,54,2261.4691001857395
99,53,2342.457484276124
99,52,2424.3295098222893
99,51,2507.0851466315235
99,50,2590.7243158210917
99,49,2675.246889368307
99,48,2760.651823929913
99,47,2846.9425270172123
99,46,3278.2755928469055
99,45,3357.6259871840994
99,44,3437.6359628247346
99,43,3518.30595433879
99,42,3599.636385105318
99,41,3681.627672329484
99,40,3764.280218204638
99,39,3847.594419767807
99,38,3931.5708437551675
99,37,4016.2092031069797
99,36,4493.070487854139
99,35,4576.745151181056
99,34,4661.0593208520495
99,33,4746.014825988201
99,32,4831.614436542919
99,31,4917.859114080546
99,30,5361.351729085683
99,29,5456.666354072148
99,28,8954.449642145395
99,27,9144.728013884585
99,26,9336.445355673754
99,25,9529.603067364164
99,24,9724.20252993082
99,23,9920.245104993133
99,22,10117.732129562473
99,21,10316.664933731987
99,20,10517.04466133835
99,19,10718.873170429812
99,18,11867.333798948357
99,17,12058.473273759631
99,16,12251.027628428059
99,15,12445.005193441246
99,14,12640.414613485866
99,13,12837.263852658009
99,12,14154.095628940495
99,11,14376.834258696403
99,10,31299.332169272315
99,9,31835.34384165339
99,8,32375.95903924158
99,7,32921.222001224836
99,6,33471.178342689585
99,5,34025.87340620925
99,4,38814.06850663543
99,3,39428.32756376823
99,2,155248.80184869666
99,1,157675.9789470696
100,100,42.52725403144272
100,99,48.90029182658426
100,98,-10.407943131537461
100,97,9.529170578320992
100,96,32.51165600202848
100,95,57.01644396576932
100,94,81.40111431632188
100,93,105.11052112364591
100,92,128.44390757417088
100,91,151.90690771995796
100,90,333.8235868501314
100,89,178.8187475137915
100,88,203.88354998632641
100,87,258.722312048972
100,86,276.0256320596085
100,85,270.0747802933211
100,84,296.6060241704116
100,83,323.67001084273
100,82,351.2914475018265
100,81,379.5411095572137
100,80,459.39339876397355
100,79,480.08114986175775
100,78,635.3897987348198
100,77,666.7453068846837
100,76,698.473246699516
100,75,730.5765671724001
100,74,763.058054571922
100,73,795.9203545209019
100,72,829.1659857704817
100,71,862.7973492899923
100,70,896.7995158804024
100,69,931.2435307799914
100,68,1150.7371799839782
100,67,1186.439796011142
100,66,1222.469926137757
100,65,1258.830270901635
100,64,1295.519485716052
100,63,1332.5562927621559
100,62,1499.7570625817975
100,61,1540.4813513486633
100,60,1876.8686844310992
100,59,1953.9157208380495
100,58,2031.8442491006233
100,57,2110.6541230263956
100,56,2190.3467703215892
100,55,2270.9210532576817
100,54,2352.377566072003
100,53,2434.716378004239
100,52,2517.9375141437395
100,51,2602.0409509965493
100,50,2687.0266160333967
100,49,2772.8943874797283
100,48,2859.6432541871623
100,47,2947.2765200539693
100,46,3386.4952373317146
100,45,3467.051048661304
100,44,3548.266912790429
100,43,3630.1432729005974
100,42,3712.680565937257
100,41,3795.879214104101
100,40,3879.739634270504
100,39,3964.2622339347317
100,38,4049.4475886086207
100,37,4135.295979598947
100,36,4624.489421295487
100,35,4709.486572498182
100,34,4795.127667010296
100,33,4881.4151627648425
100,32,4968.351889088141
100,31,5055.938905690399
100,30,5514.905502710556
100,29,5611.92933469748
100,28,9190.366246740397
100,27,9383.047781121593
100,26,9577.169769779373
100,25,9772.733596962687
100,24,9969.740626358442
100,23,10168.192201189517
100,22,10368.08963741166
100,21,10569.434242647463
100,20,10772.22714009633
100,19,10976.470147433703
100,18,12163.308607413172
100,17,12357.373742166303
100,16,12552.873284372394
100,15,12749.815950812112
100,14,12948.210780141415
100,13,13148.066157092808
100,12,14520.958470078642
100,11,14748.09954317543
100,10,32046.754644731795
100,9,32591.415542512128
100,8,33140.773444289705
100,7,33694.87515791641
100,6,34253.76897253652
100,5,34817.50300035909
100,4,39833.12819005626
100,3,40461.73641075098
100,2,159134.50932950553
100,1,161613.73436614734
101,101,43.36228538262282
101,100,49.95303268965315
101,99,-9.98766411704897
101,98,11.303836840004006
101,97,35.102076629664204
101,96,59.806109089147505
101,95,84.14893131479927
101,94,107.88470220134522
101,93,131.367964007944
101,92,155.01580044494867
101,91,179.15173901714786
101,90,339.7414318233328
101,89,207.45725261941078
101,88,262.33335761899735
101,87,279.81275657612287
101,86,274.34607529664106
101,85,301.19245102267314
101,84,328.5709261962505
101,83,356.5182263982175
101,82,385.0346799343502
101,81,414.1847813942953
101,80,489.16218243281605
101,79,510.35971944716647
101,78,677.1218636018531
101,77,709.1948090876186
101,76,741.6428510607496
101,75,774.4686581802722
101,74,807.6747714833535
101,73,841.2636175230538
101,72,875.2375161037513
101,71,909.5986851643411
101,70,944.3323558179923
101,69,979.5080949015077
101,68,1204.31826558123
101,67,1240.726426141534
101,66,1277.4650765385143
101,65,1314.5368698435313
101,64,1351.9402854494201
101,63,1389.6944821657976
101,62,1561.6631612542906
101,61,1603.1931132359543
101,60,1961.2953487288087
101,59,2039.6983773248733
101,58,2118.9811136942913
101,57,2199.145236199401
101,56,2280.1894449983756
101,55,2362.1144473215977
101,54,2444.9203796538977
101,53,2528.6073169984193
101,52,2613.175289472044
101,51,2698.6242781339665
101,50,2784.9542148061178
101,49,2872.1649820090165
101,48,2960.2555980965058
101,47,3049.2292652086844
101,46,3496.405639952472
101,45,3578.1674218124963
101,44,3660.589751428747
101,43,3743.673081296722
101,42,3827.4178579191907
101,41,3911.824513882382
101,40,3996.893476624517
101,39,4082.6251646854043
101,38,4169.020161911619
101,37,4256.078754381668
101,36,4757.97122812091
101,35,4844.300586530367
101,34,4931.279073118817
101,33,5018.909214591805
101,32,5107.193904196462
101,31,5196.134303754779
101,30,5671.19551335033
101,29,5769.956235638608
101,28,9429.260699769158
101,27,9624.344915037469
101,26,9820.870989511946
101,25,10018.840286762785
101,24,10218.254147863987
101,23,10419.113891952788
101,22,10621.420808164266
101,21,10825.176175381943
101,20,11030.381089519477
101,19,11237.037321629095
101,18,12463.7040672881
101,17,12660.734536839149
101,16,12859.219854807663
101,15,13059.16915140986
101,14,13260.59188760637
101,13,13463.496897433904
101,12,14894.997226548347
101,11,15126.65822151091
101,10,32806.0117227805
101,9,33359.494001543135
101,8,33917.77221942667
101,7,34480.89597409647
101,6,35048.916461286164
101,5,35621.88480635698
101,4,40875.94153398337
101,3,41519.426121020115
101,2,163103.56544385123
101,1,165636.63886319145
102,102,44.260918354538425
102,101,51.118198066324304
102,100,-9.066135677280554
102,99,13.370148546712974
102,98,37.73191002219887
102,97,62.519160013545545
102,96,86.82303374716496
102,95,110.60917282038365
102,94,134.25339481254835
102,93,158.13005421042638
102,92,182.48439971236968
102,91,207.4888999035483
102,90,346.13863356790216
102,89,265.9219401000057
102,88,283.5742192574479
102,87,278.55912227315224
102,86,305.7182391894624
102,85,333.40987904601616
102,84,361.6688693401751
102,83,390.51009956014036
102,82,419.9218149817925
102,81,449.96507825966347
102,80,519.7517126118272
102,79,541.4583057422211
102,78,719.9280620797517
102,77,752.7206791627161
102,76,785.8907186216233
102,75,819.4406187962078
102,74,853.3727152202737
102,73,887.6892477356332
102,72,922.3923641818282
102,71,957.4841225197579
102,70,992.9500202661508
102,69,1028.857819132092
102,68,1259.042516731041
102,67,1296.1600568859726
102,66,1333.6110250083996
102,65,1371.3980262627053
102,64,1409.5194049857796
102,63,1447.994592745846
102,62,1624.86534630235
102,61,1667.2083030113054
102,60,2047.366997770854
102,59,2127.123493026543
102,58,2207.7584153426533
102,57,2289.273411866198
102,56,2371.6672211234186
102,55,2454.9405582298045
102,54,2539.0935492682456
102,53,2624.1262762194096
102,52,2710.0387720304298
102,51,2796.8310203005008
102,50,2884.502955257711
102,49,2973.0544618360655
102,48,3062.484585184431
102,47,3152.796427511577
102,46,3608.003538178409
102,45,3690.971801363878
102,44,3774.601127814402
102,43,3858.891982133093
102,42,3943.844815518225
102,41,4029.4600736449743
102,40,4115.738193371081
102,39,4202.679603882415
102,38,4290.284896863239
102,37,4378.554363782405
102,36,4893.5257167601585
102,35,4981.197903336602
102,34,5069.524595344947
102,33,5158.508392855619
102,32,5248.152257847891
102,31,5338.457458463888
102,30,5830.261836639686
102,29,5930.7883252373795
102,28,9671.12141435284
102,27,9868.607429489966
102,26,10067.536614647432
102,25,10267.910306990743
102,24,10469.72981899916
102,23,10672.99643930814
102,22,10877.711423721537
102,21,11083.876015331522
102,20,11291.491275279068
102,19,11500.558920842815
102,18,12768.566921491809
102,17,12968.604158545186
102,16,13170.117661605587
102,15,13373.117004153204
102,14,13577.612100587774
102,13,13783.612265903106
102,12,15276.396467332459
102,11,15512.70155665086
102,10,33577.31435695968
102,9,34139.8000202943
102,8,34707.18648152851
102,7,35279.52637490876
102,6,35856.87406254436
102,5,36439.283955415056
102,4,41943.377675007665
102,3,42602.30208593029
102,2,167158.85564239134
102,1,169747.7038126755
103,103,20.380784153584635
103,102,55.03712069767425
103,101,62.64812182661582
103,100,15.596707150738887
103,99,40.32755982516518
103,98,65.13691415678241
103,97,89.41957502244423
103,96,113.28108706782311
103,95,137.09671793851473
103,94,161.20355583218148
103,93,185.81819705430237
103,92,211.05643634481208
103,91,237.01356519025282
103,90,381.46039335935865
103,89,287.3116494385269
103,88,282.71464759698154
103,87,310.1845931698677
103,86,338.18826318869174
103,85,366.7584821466825
103,84,395.90943500381076
103,83,425.64489429924544
103,82,455.96287120782836
103,81,526.3439908731199
103,80,548.2481586894436
103,79,536.8067491317496
103,78,763.8090254596647
103,77,797.3231773855812
103,76,831.2168011674858
103,75,865.4921439440716
103,74,900.151361932582
103,73,935.1965384450085
103,72,970.6296692232515
103,71,1006.4526710102567
103,70,1042.651390371429
103,69,1079.2915349359519
103,68,1314.9124068025287
103,67,1352.7431486421353
103,66,1390.9102231868533
103,65,1429.4161863875609
103,64,1468.2592915108112
103,63,1507.4590879490072
103,62,1689.372238298393
103,61,1732.535720570426
103,60,2135.079626923606
103,59,2216.1870540698833
103,58,2298.171664241685
103,57,2381.0350498983244
103,56,2464.77602496556
103,55,2549.395271091827
103,54,2634.8929205020286
103,53,2721.2690563160595
103,52,2808.5237122361827
103,51,2896.6568724438785
103,50,2985.6684716527043
103,49,3075.558395352023
103,48,3166.3257128035716
103,47,3257.973427981554
103,46,3721.2852613617765
103,45,3805.4604635939063
103,44,3890.297264478202
103,43,3975.796137136248
103,42,4061.9575420224974
103,41,4148.781934215806
103,40,4236.26976040446
103,39,4324.421459931752
103,38,4413.2376317918915
103,37,4502.718573294505
103,36,5031.163266932305
103,35,5120.189253294488
103,34,5209.8753242242165
103,33,5300.22415802337
103,32,5391.238790498608
103,31,5482.92060059901
103,30,5992.146030322918
103,29,6094.468424347434
103,28,9915.935351487424
103,27,10115.821836651368
103,26,10317.152691928895
103,25,10519.929221617866
103,24,10724.15271896609
103,23,10929.824370392113
103,22,11136.945487722722
103,21,11345.517205811146
103,20,11555.540558702785
103,19,11767.01720171249
103,18,13077.945224666908
103,17,13281.032535705186
103,16,13485.618576454264
103,15,13691.71339650089
103,14,13899.327397996485
103,13,14108.470411893413
103,12,15665.350841811018
103,11,15906.431436293824
103,10,34360.88427551295
103,9,34932.5660004679
103,8,35509.25982699933
103,7,36091.021702045364
103,6,36677.90944514782
103,5,37269.98105864444
103,4,43036.36526183219
103,3,43711.33274503449
103,2,171303.46728857362
103,1,173950.1551416793
104,104,6.26297762233125
104,103,14.802085543071874
104,102,66.52992883128083
104,101,74.73730179329172
104,100,42.84587648574561
104,99,67.65274569107085
104,98,91.93929936920436
104,97,115.8986969757555
104,96,139.8958399570151
104,95,164.23493852378778
104,94,189.1086556810674
104,93,214.61971026260875
104,92,240.77612473103474
104,91,445.46333630365314
104,78,808.7649464079494
104,77,843.0021953083914
104,76,877.6207330429462
104,75,912.6226483706757
104,74,948.0099485045607
104,73,983.7845709035208
104,72,1019.9483802416012
104,71,1056.5031675936434
104,70,1093.4357949595972
104,69,2976.000637977215
104,46,3836.246681784597
104,45,3921.6292157874236
104,44,4007.6739022846664
104,43,4094.3812188884954
104,42,4181.751637327247
104,41,4269.78562102501
104,40,4358.483625999305
104,39,4447.846101219646
104,38,4537.873652405134
104,37,4628.566582977113
104,36,5170.894227155259
104,35,5261.285349734481
104,34,5352.342348086067
104,33,5444.067983917686
104,32,5536.46537227432
104,31,5629.536007732147
104,30,6156.891193652874
104,29,6261.0409718185265
104,28,10163.68785143904
104,27,10365.972972297455
104,26,10569.703533977054
104,25,10774.880800602263
104,24,10981.506023828775
104,23,11189.580338538522
104,22,11399.10501594127
104,21,11610.081132485404
104,20,11822.509670864738
104,19,12036.39221503239
104,18,13391.888350904565
104,17,13598.071042767047
104,16,13805.776050647954
104,15,14015.013936499989
104,14,14225.795628113994
104,13,14438.131511196028
104,12,16062.06585167936
104,11,16308.06120420028
104,10,35156.95474898368
104,9,35738.03680434024
104,8,36324.24929281807
104,7,36915.651783888774
104,6,37512.30588158682
104,5,38114.27352373392
104,4,44155.898229568775
104,2,175540.7099346969
104,1,178247.45529728525
105,105,8.954735764712822
105,104,60.43537662611075
105,103,68.67256190525961
105,102,35.613466390103774
105,101,46.20093300088218
105,100,70.06798391562
105,99,94.38366831254672
105,98,118.46158945441287
105,97,142.64950529000464
105,96,167.2233329073048
105,95,192.35561094054768
105,94,218.13785187316515
105,93,244.6065043656685
105,92,271.7411644491654
105,91,507.9624699479713
105,78,854.7956372780588
105,77,889.7572881914685
105,76,925.1018626402252
105,75,960.8313016652639
105,74,996.9474827552626
105,73,1033.452218664253
105,72,1070.3472557655407
105,71,1107.6342725277846
105,70,1145.3006226870382
105,69,3116.011907314767
105,46,3952.8831591744542
105,45,4039.4733430159467
105,44,4126.7262437714635
105,43,4214.642349000534
105,42,4303.222138089901
105,41,4392.466082955793
105,40,4482.374648376147
105,39,4572.948292339859
105,38,4664.187626639935
105,37,4756.0929609205095
105,36,5312.728869339974
105,35,5404.496844280834
105,34,5496.936709229403
105,33,5590.051314786601
105,32,5683.843861018593
105,31,5778.315963300719
105,30,6324.542028887
105,29,6430.55209040288
105,28,10414.36244239819
105,27,10619.043797421637
105,26,10825.17151354903
105,25,11032.746806474543
105,24,11241.770877434106
105,23,11452.244801088962
105,22,11664.169797671682
105,21,11877.546875549599
105,20,12092.376954978448
105,19,12308.661538254597
105,18,13710.446991927087
105,17,13919.772510230265
105,16,14130.645137860964
105,15,14343.07598924544
105,14,14557.076559773153
105,13,14772.657832983663
105,12,16466.75870048836
105,11,16717.816577286198
105,10,35965.77142572644
105,9,36556.47069613626
105,8,37152.4264129441
105,7,37753.70211691831
105,6,38360.36356526341
105,5,38972.47701984453
105,4,45303.0423160883
105,2,179874.1383119209
105,1,182643.32821359686
106,106,11.297769111029744
106,105,62.731596226695046
106,104,71.0361557114838
106,103,38.550129228105625
106,102,49.435402551944776
106,101,61.274103040040174
106,100,96.7555448954084
106,99,120.96991887118133
106,98,145.35700149266702
106,97,170.16818224667713
106,96,195.55901037340814
106,95,221.61148317482358
106,94,248.3573012708928
106,93,275.80298279651254
106,92,303.9124421327132
106,91,572.6941795288008
106,78,901.9005726310319
106,77,937.5877243203312
106,76,973.6592689043016
106,75,1010.1170240316559
106,74,1046.962750370894
106,73,1084.1981494854851
106,72,1121.824861545315
106,71,1159.8444635115225
106,70,1198.2448297117608
106,69,3258.586594480249
106,46,4071.189480953229
106,45,4158.987538922531
106,44,4247.448891345398
106,43,4336.574032726214
106,42,4426.363450091918
106,41,4516.817623248595
106,40,4607.937025096278
106,39,4699.722121950488
106,38,4792.173530961213
106,37,4885.29156793242
106,36,5456.677334580897
106,35,5549.834273516746
106,34,5643.669351392476
106,33,5738.185513715178
106,32,5833.386051721142
106,31,5929.272707157069
106,30,6495.144900903381
106,29,6603.049655951207
106,28,10667.940622623177
106,27,10875.015172244097
106,26,11083.536829082386
106,25,11293.506751006886
106,24,11504.926078833656
106,23,11717.795817033804
106,22,11932.11712320483
106,21,12147.890926528109
106,20,12365.118072485116
106,19,12583.799968816378
106,18,14033.673142799738
106,17,14246.191223588774
106,16,14460.282507321826
106,15,14675.958705408093
106,14,14893.231927398476
106,13,15112.113802642014
106,12,16879.659230292276
106,11,17135.9366593732
106,10,36787.593241607865
106,9,37388.14037280112
106,8,37994.078381005565
106,7,38605.47517211175
106,6,39222.40107345647
106,5,39844.927111171
106,4,46478.94244024798
106,2,184307.57849269258
106,1,187141.7877957651
107,107,13.333793643049956
107,106,64.80191372031791
107,105,73.16230877903048
107,104,41.16573599905472
107,103,52.41168293990526
107,102,64.39908021974918
107,101,77.46444941381607
107,100,123.4241589760618
107,99,148.0179383356259
107,98,173.06914146627128
107,97,198.7188646839183
107,96,225.04092059897644
107,95,252.06293534176137
107,94,279.7893795086035
107,93,308.2082347967299
107,92,337.2799371919827
107,91,639.6303283713712
107,78,950.0789133717251
107,77,986.4924808837645
107,76,1023.2917731908623
107,75,1060.4784987726357
107,74,1098.0543140122807
107,73,1136.0208205062986
107,72,1174.3795625308326
107,71,1213.1320250582148
107,70,1252.2666212240608
107,69,3403.7047498867037
107,46,4191.159787430558
107,45,4280.165839512107
107,44,4369.8357712548695
107,43,4460.170083922376
107,42,4551.169271539876
107,41,4642.833821120053
107,40,4735.164212957232
107,39,4828.160920908329
107,38,4921.82456668183
107,37,5016.155472015231
107,36,5602.74956863505
107,35,5697.307994976736
107,34,5792.551056767467
107,33,5888.4818006139985
107,32,5985.103615559724
107,31,6082.4183757778
107,30,6668.747898695398
107,29,6778.583364611729
107,28,10924.4016115734
107,27,11133.865597971022
107,26,11344.777236607459
107,25,11557.137616842943
107,24,11770.947807702269
107,23,11986.208732010376
107,22,12202.921471561847
107,21,12421.086863560835
107,20,12640.705664527944
107,19,12861.779173366638
107,18,14361.620071494115
107,17,14577.382907635081
107,16,14794.746444088201
107,15,15013.723038730961
107,14,15234.32546711435
107,13,15456.566057940205
107,12,17301.010956275033
107,11,17562.67506406306
107,10,37622.693410435684
107,9,38233.33409339237
107,8,38849.50933146489
107,7,39471.29184191099
107,6,40098.75699540854
107,5,40731.98108289609
107,4,47684.83108537242
107,2,188845.15777860972
107,1,191747.17054744187
108,108,15.138066319955898
108,107,66.71201338396719
108,106,34.18790371188568
108,105,84.48892275783548
108,104,55.12860648487775
108,103,67.5274727555769
108,102,80.57622496519004
108,101,94.82864842626925
108,100,150.63214684545858
108,99,175.92601088696313
108,98,201.83522357105204
108,97,228.4265222305134
108,96,255.72403276744745
108,95,283.7304075727267
108,94,312.4326714353423
108,93,341.81182878791543
108,92,371.83071628210234
108,91,708.7425362656644
108,78,999.3295242910249
108,77,1036.4702637447929
108,76,1073.9979415310984
108,75,1111.9141685752834
108,74,1150.220507376389
108,73,1188.9184691020635
108,72,1228.009510967784
108,71,1267.4950342189536
108,70,1307.36400037924
108,69,3551.3457440194597
108,46,4312.787496254441
108,45,4403.001538728817
108,44,4493.880050762216
108,43,4585.423539687121
108,42,4677.632505801862
108,41,4770.507442547822
108,40,4864.0488367794915
108,39,4958.257169026406
108,38,5053.13306463985
108,37,5148.676850899819
108,36,5750.955244401854
108,35,5846.92811082034
108,34,5943.592370393488
108,33,6040.951177595566
108,32,6139.008026391413
108,31,6237.764929955652
108,30,6845.400894208184
108,29,6957.204800451402
108,28,11183.722064675676
108,27,11395.570920611923
108,26,11608.867742147371
108,25,11823.61353792931
108,24,12039.809292222893
108,23,12257.455833020442
108,22,12476.554151371
108,21,12697.104977771714
108,20,12919.108963537441
108,19,13142.567282265558
108,18,14694.342267539825
108,17,14913.404691643716
108,16,15134.096832114377
108,15,15356.431748491235
108,14,15580.422940186932
108,13,15806.083495187837
108,12,17731.072211719213
108,11,17998.301161109455
108,10,38471.36050192538
108,9,39092.356917007295
108,8,39719.04175281482
108,7,40351.493045406925
108,6,40989.791747841184
108,5,41634.01998713218
108,4,48922.0378603892
108,2,193491.3389845334
108,1,196464.17310455148
109,105,-13.148540517302532
109,102,98.00384052885501
109,101,113.36453469703217
109,100,178.738532442308
109,99,204.90859070607974
109,98,231.76811040766518
109,97,259.341397496106
109,96,287.62680058188215
109,95,316.61175866377573
109,94,346.27651342259395
109,93,376.6007689759369
109,92,407.5493053364295
109,91,780.0050696502626
109,78,1049.6509801033212
109,77,1087.5195059129971
109,76,1125.7760808221994
109,75,1164.422227809208
109,74,1203.4594243002057
109,73,1242.8890992004362
109,72,1282.7126303181694
109,71,1322.93134243629
109,70,1363.53474804552
109,69,3701.4882466138374
109,46,4436.065209187973
109,45,4527.487095789099
109,44,4619.574042811066
109,43,4712.326562881171
109,42,4805.74516172502
109,41,4899.830338331443
109,40,4994.582585180985
109,39,5090.002388471602
109,38,5186.090376194563
109,37,5282.846880590477
109,36,5901.303669413806
109,35,5998.704375887851
109,34,6096.80350922225
109,33,6195.604339070721
109,32,6295.110471855791
109,31,6395.324067395529
109,30,7025.155598391657
109,29,7138.967500750868
109,28,11445.87574513982
109,27,11660.103990088302
109,26,11875.780247482735
109,25,12092.905431289146
109,24,12311.480426180313
109,23,12531.505950118015
109,22,12752.98288636951
109,21,12975.911841704625
109,20,13200.293343600419
109,19,13426.128421280177
109,18,15031.895363737696
109,17,15254.31504958176
109,16,15478.395114585775
109,15,15704.14938169147
109,14,15931.592138950944
109,13,16160.737300906083
109,12,18170.117417508267
109,11,18443.10146281888
109,10,39333.89961392374
109,9,39965.532059849684
109,8,40603.018047746
109,7,41246.44151169716
109,6,41895.889603552976
109,5,42551.450941013965
109,4,50192.000447058985
109,2,198250.9599375184
109,1,201297.8956102638
110,105,9.926583602137024
110,102,116.6689610097669
110,101,133.03042624694936
110,100,207.93816804744904
110,99,235.06702798396054
110,98,262.91531252058735
110,97,291.479200446353
110,96,320.7460483732975
110,95,350.696183170909
110,94,381.30796903111855
110,93,412.5602075536109
110,92,444.421982668412
110,91,853.3940976205766
110,78,1101.0415640150468
110,77,1139.6383615199115
110,76,1178.6242289473134
110,75,1218.0006094408664
110,74,1257.7689028735144
110,73,1297.9304629743167
110,72,1338.486594867048
110,71,1379.438553273254
110,70,1420.7765049395373
110,69,3854.1100997810945
110,46,4560.984608120032
110,45,4653.614028385089
110,44,4746.909096799432
110,43,4840.870330374427
110,42,4935.498239324084
110,41,5030.793327177323
110,40,5126.756090969021
110,39,5223.387021447913
110,38,5320.6867481032505
110,37,5418.655607359543
110,36,6053.803674596824
110,35,6152.646087274583
110,34,6252.1942525726
110,33,6352.451563210727
110,32,6453.421746470246
110,31,6555.107116113312
110,30,7208.065612784943
110,29,7323.927016797739
110,28,11710.833144960789
110,27,11927.43426630872
110,26,12145.483140587869
110,25,12364.980571061938
110,24,12585.927325778948
110,23,12808.323995100991
110,22,13032.171335030042
110,21,13257.469777382055
110,20,13484.21983034918
110,19,13712.422167632381
110,18,15374.336023123164
110,17,15600.173707831964
110,16,15827.704224305364
110,15,16056.942228140359
110,14,16287.90286879159
110,13,16520.6009630892
110,12,18618.438492273275
110,11,18897.381169619024
110,10,40210.63364529895
110,9,40853.20238243447
110,8,41501.802256654126
110,7,42156.52376388806
110,6,42817.46096259967
110,5,43484.70971447974
110,4,51496.27718670972
110,2,203129.27919576853
110,1,206253.89208443827
