Z,N,IE_pred_eV
1,1,13.605874253390997
2,2,23.064706761653774
2,1,54.42567057832796
3,3,6.531631920044613
3,2,74.0895111160999
3,1,122.46590966910283
4,4,10.26403670416368
4,3,19.476246221774186
4,2,152.3378994026702
4,1,217.73745934953547
5,5,8.321136527574698
5,4,25.921330786591636
5,3,39.20766235884398
5,2,257.8223695019065
5,1,340.2555345729737
6,6,9.797053200090277
6,5,24.703688239525725
6,4,48.35221460122496
6,3,65.7563340085528
6,2,390.5597664238781
6,1,490.03969742229344
7,7,11.029923297924078
7,6,28.12169803667546
7,5,47.92584147069659
7,4,77.59590287229578
7,3,99.13086076451742
7,2,550.5712823081831
7,1,667.1138571098982
8,8,12.031046403711763
8,7,31.32516820735292
8,6,53.31862413896459
8,5,77.9944991504419
8,4,113.66619360707399
8,3,139.33673142672018
8,2,737.8824564239471
8,1,871.5062699777197
9,9,12.799125777570401
9,8,34.31351474394872
9,7,58.51173841827031
9,6,85.37711814914876
9,5,114.90230768941247
9,4,156.57125818371918
9,3,186.38028651995245
9,2,952.523175169823
9,1,1103.249539497218
10,10,13.334342915152305
10,9,37.08193150617542
10,8,63.4994720543105
10,7,92.56902765317685
10,6,124.28496981918587
10,5,158.64447102753402
10,4,206.3188093007141
10,3,240.26948835848725
10,2,1194.5276720739932
10,1,1362.38061626938
11,11,8.87975449783877
11,10,39.627629608288956
11,9,68.2752769525265
11,8,99.56209460383779
11,7,133.4824263763868
11,6,170.03499104519503
11,5,209.21880682504144
11,4,262.9175804857358
11,3,301.01399973633454
11,2,1463.9345277941666
11,1,1648.9407980247215
12,12,11.76939647030373
12,11,20.643436854184092
12,10,72.83474864544777
12,9,106.34880185387334
12,8,142.48545628487682
12,7,181.24361297148764
12,6,222.62360184873037
12,5,266.62525544857306
12,4,326.3777475675424
12,3,368.6251251925247
12,2,1760.78667011758
12,1,1962.9757296232865
13,13,4.268250318689508
13,12,24.778656635839834
13,11,35.123269920575964
13,10,112.92372963122355
13,9,151.28605189188949
13,8,192.2607209031495
13,7,235.84833509934046
13,6,282.0498352137716
13,5,330.8654641895136
13,4,396.7110274036659
13,3,443.11574050924224
13,2,2085.1313739610014
13,1,2304.5354030546455
14,14,7.736620734734976
14,13,17.355148157280553
14,12,40.49876122363232
14,11,52.4269573888932
14,10,159.878165628733
14,9,203.0781124372873
14,8,248.88336602566002
14,7,297.29517278624854
14,6,348.3147154287504
14,5,401.94248397658293
14,4,473.9306777002285
14,3,524.5002356636966
14,2,2437.0202613707206
14,1,2673.674157437899
15,15,10.575329501791229
15,14,20.857333921371723
15,13,31.68444418885604
15,12,59.05665405771336
15,11,72.66914822700518
15,10,213.68938014197948
15,9,261.7204638420346
15,8,312.351797021546
15,7,365.5848234159078
15,6,421.4208664655037
15,5,479.8605552579405
15,4,558.0514706097555
15,3,612.7944728280034
15,2,2816.50930152256
15,1,3070.4506790216737
16,16,13.312566777664328
16,15,24.4477925980391
16,14,36.29143755503022
16,13,49.029688022756666
16,12,80.54632499680072
16,11,95.90534556787583
16,10,274.35306651586603
16,9,327.2115799140509
16,8,382.66659917272517
16,7,440.71967591373226
16,6,501.37219910899057
16,5,564.6249579011201
16,4,649.0896630209384
16,3,708.0157562847554
16,2,3223.6588107218695
16,1,3494.9280011841247
17,17,16.0923659598002
17,16,28.155210547543135
17,15,40.98339055720381
17,14,54.742267023160615
17,13,69.44204403879098
17,12,105.01996695799491
17,11,122.16375107650865
17,10,341.8678616573611
17,9,399.5520565603094
17,8,459.83006455025236
17,7,522.7034965065989
17,6,588.1737867215467
17,5,656.241916691543
17,4,747.0629704065517
17,3,810.182810981147
17,2,3658.533452403527
17,1,3947.1735044329357
18,18,18.9606482425017
18,17,31.979274818494243
18,16,45.80179953573635
18,15,60.54525820427448
18,14,76.25734703645931
18,13,92.9263912854289
18,12,132.50773300813225
18,11,151.46071809323922
18,10,416.2345276907082
18,9,478.7442275103396
18,8,543.8459082303676
18,7,611.5412480693835
18,6,681.8317328902455
18,5,754.7184782921781
18,4,851.9905456761302
18,3,919.31576706356
18,2,4121.202237131935
18,1,4427.258916405317
19,19,9.02172552617467
19,18,35.924411355301324
19,17,50.74176520456083
19,16,66.47975541033465
19,15,83.17198947891784
19,14,100.84433928672834
19,13,119.48264134855859
19,12,163.0286357934753
19,11,183.8072273362032
19,10,497.4555038759949
19,9,564.791839805673
19,8,634.7190772347519
19,7,707.2389469167618
19,6,782.3530176991785
19,5,860.0625332906885
19,4,963.8929623891667
19,3,1035.4361488368356
19,2,4611.738522601027
19,1,4935.260311868009
20,20,10.426967102180054
20,19,18.377965507510773
20,18,55.80620984758409
20,17,72.53944332422762
20,16,90.22211597042657
20,15,108.87063745283922
20,14,128.5041699182039
20,13,149.10939069174543
20,12,196.5959006159808
20,11,219.211699470343
20,10,585.5346912379644
20,9,657.6998852658345
20,8,732.4555802178148
20,7,809.8035632339036
20,6,889.7454858615756
20,5,972.2827222286668
20,4,1082.7922018823126
20,3,1158.5668665147934
20,2,5130.220013634268
20,1,5471.25811271728
21,21,13.600270702757577
21,20,16.718238309315435
21,19,21.467305740705573
21,18,78.72617738503534
21,17,97.40096841071676
21,16,117.03585441720223
21,15,137.64231965305183
21,14,159.23599268375585
21,13,181.80507652020893
21,12,233.21972108928537
21,11,257.6814828817267
21,10,680.4771574817064
21,9,757.4744337977751
21,8,837.0624126503872
21,7,919.2429485283798
21,6,1004.0177832008422
21,5,1091.3884439687058
21,4,1208.7116204636798
21,3,1288.7322101865086
21,2,5676.728762184641
21,1,6035.337087978922
22,22,11.339809352361558
22,21,19.865622629269684
22,20,21.97143653307617
22,19,41.81824791468523
22,18,104.70945697933561
22,17,125.33316837389376
22,16,146.922451534155
22,15,169.4865159765343
22,14,193.0386829161182
22,13,217.56847359560152
22,12,272.908753235266
22,11,299.22348034196085
22,10,782.2890767702291
22,9,864.122544870062
22,8,948.5474694178039
22,7,1035.565781719387
22,6,1125.1793203850477
22,5,1217.3897403673018
22,4,1341.6760351916685
22,3,1425.9578452744227
22,2,6251.3511673346675
22,1,6627.5863538082585
23,23,37.13762803398114
23,22,-2.3884081670554815
23,21,22.37596741122072
23,20,42.80988191183839
23,19,64.39097174951681
23,18,133.7626779349664
23,17,156.3378390488443
23,16,179.88179923909252
23,15,204.40252569555818
23,14,229.91127989562327
23,13,256.3989078352987
23,12,315.67086230510785
23,11,343.84464031509197
23,10,890.9776124958323
23,9,977.6521904647492
23,8,1066.9194905231384
23,7,1158.7815286687294
23,6,1253.2402455409042
23,5,1350.297424407766
23,4,1481.711573281028
23,3,1570.2708090893827
23,2,6854.177975296396
23,1,7248.099373490142
24,24,11.547334647457381
24,23,-0.0553930910589343
24,22,22.37073698353923
24,21,43.53861984613396
24,20,66.02607034125434
24,19,90.06494533381533
24,18,165.88789075293076
24,17,190.4152533384066
24,16,215.91361839389688
24,15,242.38973604938613
24,14,269.8533408521398
24,13,298.29630233508726
24,12,361.5137342718641
24,11,391.5520467147787
24,10,1006.5508441883346
24,9,1098.072198476204
24,8,1192.1880296378743
24,7,1288.9004002386596
24,6,1388.2114234980106
24,5,1490.1229680551521
24,4,1628.8457668438307
24,3,1721.699508189249
24,2,7485.304279411387
24,1,7896.9739574389505
25,25,15.397605486466855
25,24,24.105923824819566
25,23,22.02034896274768
25,22,43.99488007794529
25,21,67.39024230072928
25,20,92.34646709175618
25,19,118.8621243724943
25,18,201.08570573931212
25,17,227.56553151494296
25,16,255.01765417761618
25,15,283.4479820619572
25,14,312.8648941174422
25,13,343.26129328568544
25,12,410.44507462043964
25,11,442.35313863954883
25,10,1129.0177121494219
25,9,1225.3922093995216
25,8,1324.363370551951
25,7,1425.9333793651303
25,6,1530.1044201542563
25,5,1636.8785179048625
25,4,1783.1075541444038
25,3,1880.2736855518142
25,2,8144.829520150753
25,1,8574.312263198592
26,26,16.478272404649932
26,25,25.363874803583062
26,24,21.349140364105324
26,23,44.17470578037596
26,22,68.48773163062751
26,21,94.36428418909472
26,20,121.79773420165641
26,19,150.76918189181484
26,18,239.35660899646527
26,17,267.78874834065874
26,16,297.19407550146434
26,15,327.5775816816979
26,14,358.9466593318972
26,13,391.2950537193305
26,12,462.4727910775824
26,11,496.25576112816435
26,10,1258.3879746934133
26,9,1359.6226427697673
26,8,1463.456590628396
26,7,1569.892113709446
26,6,1678.9314900956629
26,5,1790.5768874899347
26,4,1944.5271508756557
26,3,2046.0245447274697
26,2,8832.857485115108
26,1,9280.220795442501
27,27,46.5992676770088
27,26,-2.1885073830980253
27,25,20.36995154588029
27,24,44.07729562536316
27,23,69.3167560216447
27,22,96.12196641001313
27,21,124.47746045026189
27,20,154.3661048933111
27,19,185.77196905757108
27,18,280.7010344751464
27,17,311.08543242749755
27,16,342.443383446451
27,15,374.7794187019251
27,14,408.09989864284603
27,13,442.39935764501666
27,12,517.6051281641044
27,11,553.2682095119303
27,10,1394.6721747365368
27,9,1500.774670870751
27,8,1609.4794700118282
27,7,1720.7889720038397
27,6,1834.705604932873
27,5,1951.2315131642163
27,4,2113.1362406788394
27,3,2218.9845556810506
27,2,9549.496309034635
27,1,10014.810405973638
28,28,50.944989855352375
28,27,-4.168932333851211
28,26,19.090407867571702
28,25,43.70250483941291
28,24,69.87687989989304
28,23,97.61768984508018
28,22,126.90308753254017
28,21,157.71381045411724
28,20,190.03611182081676
28,19,223.85871189382857
28,18,325.11974538952325
28,17,357.4563524746866
28,16,390.7667448203085
28,15,425.05490869611447
28,14,460.326437675108
28,13,496.5765291400136
28,12,575.8507168241268
28,11,613.3992558629543
28,10,1537.881613408403
28,9,1648.8601979376967
28,8,1762.444497740653
28,7,1878.6370106635272
28,6,1997.4402891271302
28,5,2118.856605762036
28,4,2288.9678415226686
28,3,2399.187585495754
28,2,10294.85847376899
28,1,10778.196293724495
29,29,18.14192869806234
29,28,-6.539097365372092
29,27,17.51529852959533
29,26,43.050334986940626
29,25,70.16766046691342
29,24,98.85056204071903
29,23,129.07244951734336
29,22,160.81252358059768
29,21,194.05658902508716
29,20,228.79494981302332
29,19,265.01996750451104
29,18,372.6138505943211
29,17,406.90285736574765
29,16,442.16572558878266
29,15,478.40600197113054
29,14,515.6286353276204
29,13,553.829402852211
29,12,637.2186220162426
29,11,676.6581641800926
29,10,1688.0283290118675
29,9,1803.8918435607457
29,8,1922.3648582583448
29,7,2043.449965496167
29,6,2167.1498513004335
29,5,2293.4669092827326
29,4,2472.056337948323
29,3,2586.668863772871
29,2,11069.060808307402
29,1,11570.498004757093
30,30,20.91753060471629
30,29,30.531771737057976
30,28,15.647701807889916
30,27,42.12074460931342
30,26,70.18856497096297
30,25,99.8198354175427
30,24,130.98408316102032
30,23,163.65972996663467
30,22,197.83228664021496
30,21,233.4920755988639
30,20,270.63244041050643
30,19,309.2481494630698
30,18,423.1849099967824
30,17,459.4267298417369
30,16,496.642421667405
30,15,534.8351596538436
30,14,574.0093549338135
30,13,614.1612922283031
30,12,701.7183695808686
30,11,743.0546988471345
30,10,1845.1250801041883
30,9,1965.8829293337492
30,8,2089.2544217052227
30,7,2215.2422602132283
30,6,2343.849202648768
30,5,2475.077858087273
30,4,2662.4374798044532
30,3,2781.4649819826186
30,2,11872.224488768614
30,1,12391.839432262977
31,31,6.27546220731047
31,30,33.79194115853543
31,29,45.40784781010254
31,28,40.913609325460186
31,27,69.93914692168984
31,26,100.52448954481241
31,25,132.63671721918482
31,24,166.25359266178836
31,23,201.3605476871206
31,22,237.94801657660895
31,21,276.00945796139104
31,20,315.54038041236146
31,19,356.5370645604109
31,18,476.83491201711615
31,17,515.0302308792985
31,16,554.19941648188
31,15,594.3453315651903
31,14,635.4719357314848
31,13,677.575960744313
31,12,769.3599635497653
31,11,812.5991289368585
31,10,2009.1853317869122
31,9,2134.8474796127657
31,8,2263.1277243316517
31,7,2394.02893276288
31,6,2527.5539609969396
31,5,2663.7055337709826
31,4,2860.148381209888
31,3,2983.6138929355657
31,2,12704.47503840088
31,1,13242.34881656322
32,32,7.254752233046138
32,31,17.721224527577018
32,30,49.32881659680659
32,29,62.363004163767684
32,28,69.41868489052551
32,27,100.96368253738726
32,26,134.02908939596074
32,25,168.59241571832155
32,24,204.6391671492605
32,23,242.15985510879992
32,22,281.14830058454027
32,21,321.6001467476812
32,20,363.51214106610934
32,19,406.8817367335577
32,18,533.5662943202058
32,17,573.7160874986505
32,16,614.8397658816848
32,15,656.9399322891393
32,14,700.0201671849519
32,13,744.0775978135867
32,12,840.1538958790344
32,11,885.3022299753542
32,10,2180.223244516942
32,9,2310.8001648280224
32,8,2444.000009743618
32,7,2579.825735104841
32,6,2718.2803427285694
32,5,2859.3666631331394
32,4,3065.227519698244
32,3,3193.1549103495186
32,2,13565.942327582003
32,1,14122.158745108427
33,33,9.480672071260779
33,32,19.78055408082698
33,31,32.05634838065881
33,30,67.03823489804452
33,29,81.15335150564617
33,28,101.13646543399598
33,27,135.15998611692532
33,26,170.67462811487292
33,25,207.66606752111906
33,24,246.12517675374718
33,23,286.0459228469822
33,22,327.4242304140951
33,21,370.2571685639909
33,20,414.54237189907474
33,19,460.27808316891486
33,18,593.3819408592697
33,17,635.4874804177709
33,16,678.5669778920044
33,15,722.6227611041066
33,14,767.6583239963871
33,13,813.6707969223107
33,12,914.1111531196185
33,11,961.1752841718813
33,10,2358.253664915334
33,9,2493.756368551954
33,8,2631.887149035177
33,7,2772.649056752196
33,6,2916.045232546019
33,5,3062.078616506027
33,4,3277.714735508483
33,3,3410.128708492573
33,2,14456.760573819312
33,1,15031.406152478727
34,34,11.510343788466365
34,33,23.068814329331392
34,32,35.35013967900035
34,31,48.524832135784074
34,30,86.60318484693998
34,29,101.66373531407343
34,28,136.0281917536447
34,27,172.49867604061834
34,26,210.43946219730526
34,25,249.84171322857736
34,24,290.6996368704636
34,23,333.00949031967264
34,22,376.7685837104769
34,21,421.97491547110656
34,20,468.6267447238709
34,19,516.7227504700472
34,18,656.2851712315394
34,17,700.3480291235594
34,16,745.3849943349675
34,15,791.3982210737914
34,14,838.3909063815562
34,13,886.3605373759935
34,12,991.2432197759906
34,11,1040.2300797470134
34,10,2543.2921181706074
34,9,2683.732130085425
34,8,2826.8056875499924
34,7,2972.5159403707344
34,6,3120.8661622088416
34,5,3271.8594065742923
34,4,3497.651230993493
34,3,3634.577321886963
34,2,15377.068341749668
34,1,15970.232320383779
35,35,13.88334313927736
35,34,26.312478383162723
35,33,39.37487297576786
35,32,52.83038988448325
35,31,66.7446177172222
35,30,107.87933147293991
35,29,123.85001639348994
35,28,174.06317968185851
35,27,212.95758378072875
35,26,253.30732904659757
35,25,295.107018198794
35,24,338.3530801909256
35,23,383.04317797281624
35,22,429.17555184002373
35,21,476.7488225384891
35,20,525.7616416399845
35,19,576.2131227307638
35,18,722.2797297664974
35,17,768.3017764954062
35,16,815.2981140934022
35,15,863.2709891605249
35,14,912.2229930491437
35,13,962.1521685577898
35,12,1071.56208003078
35,11,1122.4789097554385
35,10,2735.3548017243165
35,9,2880.7441528598633
35,8,3028.772827591939
35,7,3179.444079423984
35,6,3332.7613092055385
35,5,3488.7276864040546
35,4,3725.079570124693
35,3,3866.54414506223
35,2,16327.008543139427
35,1,16938.782877662765
36,36,16.595239775745842
36,35,29.787276535381082
36,34,43.46517839197079
36,33,57.510936270491406
36,32,71.8809544248621
36,31,86.5917582122073
36,30,130.81724794347647
36,29,147.70242090690382
36,28,215.2188028752553
36,27,256.5201449694401
36,26,299.2657551625377
36,25,343.4524166983162
36,24,389.0779876747105
36,23,436.1410324864714
36,22,484.6404157216951
36,21,534.5751740645073
36,20,585.9442304526452
36,19,638.7470164258565
36,18,791.3697731252392
36,17,839.3531076343874
36,16,888.3112865521848
36,15,938.2460119148116
36,14,989.1599703271802
36,13,1041.0513965100877
36,12,1155.0802135389497
36,11,1207.9345754552105
36,10,2934.4585799941924
36,9,3084.8098002762963
36,8,3237.806425280556
36,7,3393.4518153964104
36,6,3551.749494395746
36,5,3712.7027497322774
36,4,3960.043678074948
36,3,4106.073932348181
36,2,17306.728436884503
36,1,17937.20780028441
37,37,13.22665026706223
37,36,33.46552166042824
37,35,47.72548810430616
37,34,62.31603779707187
37,33,77.22928340928829
37,32,92.47326829833618
37,31,108.05082456146393
37,30,155.4092238979207
37,29,173.22571423320224
37,28,259.47833759603486
37,27,303.17383103940665
37,26,348.30504920708614
37,25,394.87028669708184
37,24,442.86830954293794
37,23,492.29822487064183
37,22,543.1593340144639
37,21,595.450957186977
37,20,649.1722094700555
37,19,704.3227588537364
37,18,863.5598577427364
37,17,913.5070082086384
37,16,964.4294475726593
37,15,1016.3288019666538
37,14,1069.207585028824
37,13,1123.064272269554
37,12,1241.810614924171
37,11,1296.6103651630624
37,10,3140.6209799417243
37,9,3295.947092210172
37,8,3453.924987808896
37,7,3614.5581362810376
37,6,3777.850181215638
37,5,3943.804529306256
37,4,4202.588840865959
37,3,4353.212797700484
37,2,18316.379629010346
37,1,18965.661411346948
38,38,15.487722041011
38,37,21.679517340523304
38,36,52.1398306578652
38,35,67.27002758266342
38,34,82.72055833033683
38,33,98.50550617116218
38,32,114.64317011989912
38,31,131.13922274085166
38,30,181.6632594072675
38,29,200.43015407272483
38,28,306.82917550596335
38,27,352.9088449799897
38,26,400.4175920232223
38,25,449.35457028381666
38,24,499.71914396197127
38,23,551.5108252403268
38,22,604.7291888249315
38,21,659.3737517823172
38,20,715.4437691567281
38,19,772.9390881997828
38,18,938.8548641982086
38,17,990.7686933292496
38,16,1043.6581874000876
38,15,1097.5251658387374
38,14,1152.3719327860074
38,13,1208.1971822765213
38,12,1331.7667631572738
38,11,1388.5200827845913
38,10,3353.8601873317903
38,9,3514.1747043297005
38,8,3677.147668854276
38,7,3842.782674938667
38,6,4011.083474445047
38,5,4182.0535964167075
38,4,4452.761705067963
38,3,4608.008214553912
38,2,19356.11807267193
38,1,20024.30238107815
39,39,0.7997874805780768
39,38,43.93396697685422
39,37,12.124860986223016
39,36,72.36288715920735
39,35,88.3513502631657
39,34,104.68030353607642
39,33,121.36683312860484
39,32,138.42900071710474
39,31,155.87961487783193
39,30,209.59229546270709
39,29,229.3273372432773
39,28,357.2615997293421
39,27,405.71757380857576
39,26,455.59723844064575
39,25,506.90029730702236
39,24,559.6265042097298
39,23,613.7756419939562
39,22,669.3474703646908
39,21,726.3416459421488
39,20,784.7575293240593
39,19,844.5950391753969
39,18,1017.260314159257
39,17,1071.143624697293
39,16,1126.0033816790005
39,15,1181.841260017529
39,14,1238.659448314794
39,13,1296.456839748847
39,12,1424.9626412651126
39,11,1483.678025809911
39,10,3574.195018085829
39,9,3739.511981867834
39,8,3907.494275964597
39,7,4078.1457076352995
39,6,4251.470119268355
39,5,4427.471160317066
39,4,4710.6102775455865
39,3,4870.509015695673
39,2,20426.10406815371
39,1,21113.293726835313
40,40,20.574937481288142
40,39,26.39929522948059
40,38,12.256337800129346
40,37,26.01286957251314
40,36,94.1147220444705
40,35,110.98853779154821
40,34,128.22672836538493
40,33,145.84555869318044
40,32,163.86130973096888
40,31,182.2921894966886
40,30,239.20973339980065
40,29,259.9288169831939
40,28,410.76792901854674
40,27,461.5938698646098
40,26,513.8390352444965
40,25,567.5034513889879
40,24,622.5871520607711
40,23,679.0901023226644
40,22,737.0121888705369
40,21,796.3531698267653
40,20,857.1124886908643
40,19,919.2901811298025
40,18,1098.781679713389
40,17,1154.6378286183956
40,16,1211.4712559703412
40,15,1269.2835814410862
40,14,1328.0768360332513
40,13,1387.8503382434767
40,12,1521.412730128465
40,11,1582.09898916722
40,10,3801.6450187940823
40,9,3971.9788483016946
40,8,4144.985254908067
40,7,4320.668152881208
40,6,4499.031500474066
40,5,4680.079067728812
40,4,4976.183925238177
40,3,5140.765393159248
40,2,21526.502262869722
40,1,22232.80281310527
41,41,20.601827633233714
41,40,4.930256852563745
41,39,13.165818953741232
41,38,25.511731433461254
41,37,45.24090436420721
41,36,117.4253466928596
41,35,135.2153116892675
41,34,153.39165528053454
41,33,171.96952997357792
41,32,190.96281955131488
41,31,210.3931053872678
41,30,270.52828627044704
41,29,292.24512854002955
41,28,467.34217982433256
41,27,520.5328496380674
41,26,575.138960530228
41,25,631.1607710194903
41,24,688.5984749776794
41,23,747.4521614564998
41,22,807.7218060217335
41,21,869.4072430354521
41,20,932.5079840200035
41,19,997.0241596865657
41,18,1183.4250781028022
41,17,1241.2576084747668
41,16,1300.0683768408883
41,15,1359.8589591391985
41,14,1420.6313145917911
41,13,1482.384893474957
41,12,1621.1320074822636
41,11,1683.7982639156546
41,10,4036.2303075323525
41,9,4211.595950914862
41,8,4389.641697785581
41,7,4570.371570425976
41,6,4753.7896417709935
41,5,4939.899802418142
41,4,5249.533374971904
41,3,5418.828898132421
41,2,22657.48165136354
41,1,23383.00135150437
42,42,19.969905822820515
42,41,3.02154991612999
42,40,12.279366291720109
42,39,27.939282237070053
42,38,47.69213345224656
42,37,65.55958042847293
42,36,142.32922736014876
42,35,161.06281825989694
42,34,180.20186231722388
42,33,199.76047119711953
42,32,219.75065335151834
42,31,240.19498853249925
42,30,303.5594911876513
42,29,326.2862289760209
42,28,526.9793900018968
42,27,582.5304745270464
42,26,639.4937501548851
42,25,697.8696240543971
42,24,757.6583933354617
42,23,818.8602323402055
42,22,881.4751806254727
42,21,945.5031320929261
42,20,1010.9436565674698
42,19,1077.796963628601
42,18,1271.196897996961
42,17,1331.009608023326
42,16,1391.8016436811556
42,15,1453.5745469377819
42,14,1516.3302176530688
42,13,1580.0682307361396
42,12,1724.1359469085728
42,11,1788.7916360417757
42,10,4277.971677907453
42,9,4458.384555624191
42,8,4641.485339436245
42,7,4827.2781603923595
42,6,5015.767205200807
42,5,5206.956484832001
42,4,5530.7107132978035
42,3,5704.752440878439
42,2,23819.215575308204
42,1,24564.06540077849
43,43,20.445993509887955
43,42,26.042809226677825
43,41,12.19763697053219
43,40,30.970118980454064
43,39,51.268797409199664
43,38,69.30439949889457
43,37,86.62175854621826
43,36,168.8565509289239
43,35,188.5564470137883
43,34,208.6783778112039
43,33,229.23530714776876
43,32,250.23775318198537
43,31,271.70769234250906
43,30,338.31397058593893
43,29,362.0611563344639
43,28,589.675588444778
43,27,647.5834958001084
43,26,706.9007705129296
43,25,767.6278285386265
43,24,829.7653739222377
43,23,893.3131301205866
43,22,958.2715248999
43,21,1024.6404156688618
43,20,1092.4194242706292
43,19,1161.6088271548783
43,18,1362.1038671015478
43,17,1423.9008038300508
43,16,1486.6782816726513
43,15,1550.4378170873852
43,14,1615.18126130938
43,13,1680.9083072614646
43,12,1830.4405168546155
43,11,1897.0953853604717
43,10,4526.89057046368
43,9,4712.366572523607
43,8,4900.5385564195785
43,7,5091.410762530325
43,6,5284.987490632038
43,5,5481.272871784588
43,4,5819.76938635139
43,3,5998.590290667748
43,2,25011.881723506325
43,1,25776.17536680305
44,44,19.12491969134952
44,43,-1.5629493348312546
44,42,13.75818177342016
44,41,34.580219208284255
44,40,54.82758689460813
44,39,73.11366536415937
44,38,90.96309126233501
44,37,109.21956675691833
44,36,197.03146908448787
44,35,217.7164567971185
44,34,238.8377649993043
44,33,260.40721878969805
44,32,282.43421604016106
44,31,304.93902390918646
44,30,374.8013382166252
44,29,399.5784097416364
44,28,655.4275587035771
44,27,715.6892939349625
44,26,777.357872959191
44,25,840.4339836278391
44,24,904.9180208377229
44,23,970.8100276550894
44,22,1038.1102768403764
44,21,1106.818967759044
44,20,1176.9355384853275
44,19,1248.4602111253444
44,18,1456.1530451635024
44,17,1519.9384984564854
44,16,1584.7058355626639
44,15,1650.456554694592
44,14,1717.1924677846848
44,13,1784.9133796556278
44,12,1940.062179695677
44,11,2008.7262339247436
44,10,4783.009121798618
44,9,4973.564554723628
44,8,5166.824366135152
44,7,5362.792855572251
44,6,5561.474435322364
44,5,5762.873356185985
44,4,6116.764199730637
44,3,6300.3980757190375
44,2,26235.66213189007
44,1,27019.516002582986
45,45,19.700373240125792
45,44,-2.0269956302056147
45,43,16.542144857318636
45,42,38.21484332692426
45,41,58.319066451990516
45,40,76.90858403376599
45,39,95.28264924365554
45,38,114.07261515694955
45,37,133.54370825272366
45,36,226.8733277600047
45,35,248.55892662363595
45,34,270.6930993541589
45,33,293.2866305950333
45,32,316.3480756424808
45,31,339.8954074817385
45,30,413.0304509650375
45,29,438.8460132991258
45,28,724.2327100789912
45,27,786.8457831791193
45,26,850.8635266927738
45,25,916.2866564812425
45,24,983.1154999868227
45,23,1051.3504135839778
45,22,1120.9915352795542
45,21,1192.0388839093737
45,20,1264.4922362923128
45,19,1338.3517872449872
45,18,1553.3518174992469
45,17,1619.1303144847723
45,16,1685.8921641839897
45,15,1753.6388528487348
45,14,1822.3721612218483
45,13,1892.0920003917154
45,12,2053.0178908509392
45,11,2123.701550104206
45,10,5046.349958300792
45,9,5242.001697341518
45,8,5440.3664260622045
45,7,5641.448556674116
45,6,5845.252613539073
45,5,6051.782966806465
45,4,6421.751318390188
45,3,6610.232783147775
45,2,27490.743183521034
45,1,28294.27640825276
46,46,-16.288604716553337
46,45,-0.9605938881460994
46,44,19.83480995712019
46,43,41.67859640151396
46,42,61.73199877065931
46,41,80.67516784743725
46,40,99.56527383456904
46,39,118.91199165312713
46,38,138.89685771676665
46,37,159.63220978481172
46,36,258.3976816603204
46,35,281.09670526240586
46,34,304.25485895124564
46,33,327.88195916117894
46,32,351.98587470705803
46,31,376.58234970794564
46,30,453.0095729560469
46,29,479.8716439776004
46,28,796.0889818403303
46,27,861.0513381423169
46,26,927.4164457437441
46,25,995.1850367044108
46,24,1064.357454396256
46,23,1134.934084770091
46,22,1206.915095809543
46,21,1280.3005386454163
46,20,1355.0902286258206
46,19,1431.2844244202001
46,18,1653.7078893489227
46,17,1721.48418920416
46,16,1790.2454356267403
46,15,1859.9931083505562
46,14,1930.728964004886
46,13,2002.4531253751034
46,12,2169.32498734846
46,11,2242.0390361630175
46,10,5316.936506640893
46,9,5517.701836629964
46,8,5721.189033090141
46,7,5927.402620929545
46,6,6136.347236228526
46,5,6348.027368071417
46,4,6734.788266547982
46,3,6928.152758921794
46,2,28777.315608590445
46,1,29600.650031076366
47,47,22.96943517129485
47,46,1.1358418091726485
47,45,23.171984361818037
47,44,44.95125823194721
47,43,65.07390488297862
47,42,84.41028832171985
47,41,103.81674122869646
47,40,123.70719023868766
47,39,144.247155889825
47,38,165.48619847119323
47,37,187.48952241659688
47,36,291.61707895756643
47,35,315.34021981790306
47,34,339.53160493154206
47,33,364.2001679955074
47,32,389.3533890556163
47,31,415.0040481880936
47,30,494.7469245952359
47,29,522.6627402556786
47,28,870.9947704648589
47,27,938.30473737393
47,26,1007.0157607022113
47,25,1077.1285820171754
47,24,1148.6435545382835
47,23,1221.5610896279993
47,22,1295.8813815651754
47,21,1371.6045143586034
47,20,1448.730340601518
47,19,1527.2591770933238
47,18,1757.2292807742901
47,17,1827.0083698982135
47,16,1897.7741229804537
47,15,1969.5280179581289
47,14,2042.2717935462852
47,13,2116.005661990154
47,12,2289.001636356504
47,11,2363.7569381580915
47,10,5594.792782163973
47,9,5800.689449208928
47,8,6009.317122942233
47,7,6220.6804409462175
47,6,6434.784150727545
47,5,6651.632859881792
47,4,7055.933927604752
47,3,7254.217707821599
47,2,30095.57448441907
47,1,30938.834665447324
48,48,27.89076153495997
48,47,35.48945131935214
48,46,26.360119788064072
48,45,48.06120007330364
48,44,68.35508934468368
48,43,88.11420811573252
48,42,108.03862247216013
48,41,128.4709850247229
48,40,149.5542451637861
48,39,171.34345951126582
48,38,193.84745569074568
48,37,217.11207370559293
48,36,326.54182862639215
48,35,351.29808849071225
48,34,376.5304915325953
48,33,402.24717397388497
48,32,428.4551940090527
48,31,455.1650097296913
48,30,538.2501459094362
48,29,567.2265909900151
48,28,948.9488732382844
48,27,1018.6051183473991
48,26,1089.6609264610468
48,25,1162.11704481923
48,24,1235.9738334292367
48,23,1311.2317262807403
48,22,1387.89094348715
48,21,1465.9516008209614
48,20,1545.4135875294892
48,19,1626.2772751660652
48,18,1863.9243221135218
48,17,1935.7114096635476
48,16,2008.487000574682
48,15,2082.2525750961086
48,14,2157.0098594665533
48,13,2232.759151561692
48,12,2412.0661496867065
48,11,2488.873991846278
48,10,5879.943444571819
48,9,6090.989648292389
48,8,6304.776269667005
48,7,6521.3080464743225
48,6,6740.589840510947
48,5,6962.626377457423
48,4,7385.248544071844
48,3,7588.488693406707
48,2,31445.719235457043
48,1,32309.032452888692
49,49,11.324874851125708
49,48,39.84490474749943
49,47,49.05686384376838
49,46,51.041474981149854
49,45,71.5846351359288
49,44,91.7881956276227
49,43,112.23266724260124
49,42,133.20588476893457
49,41,154.8322679304148
49,40,177.16153138410675
49,39,200.21122572165964
49,38,223.97695363567288
49,37,248.4946668420601
49,36,363.18054502778364
49,35,388.97758520476987
49,34,415.25764525655575
49,33,442.0281452573803
49,32,469.2958409221297
49,31,497.06885262883395
49,30,583.5267962095661
49,29,613.5704071742718
49,28,1029.9504436850561
49,27,1101.9518552792304
49,26,1175.3517778329692
49,25,1250.15044677838
49,24,1326.348571792617
49,23,1403.9465222547715
49,22,1482.9445428514466
49,21,1563.3427813856079
49,20,1645.1411655421089
49,19,1728.3401152650185
49,18,1973.8016499239654
49,17,2047.6021636963965
49,16,2122.3931406558095
49,15,2198.1760669448745
49,14,2274.952661091516
49,13,2352.7233031245983
49,12,2538.5374473708125
49,11,2617.4094220822917
49,10,6172.41378458471
49,9,6388.6281956956345
49,8,6607.5926851917275
49,7,6829.312104082085
49,6,7053.791424969185
49,5,7281.03549119864
49,4,7722.793717508902
49,3,7931.028137984757
49,2,32827.953633284225
49,1,33711.44988205304
50,50,13.745910168953868
50,49,21.222451063285366
50,48,52.929037979347726
50,47,63.59748965189766
50,46,74.76958149439251
50,45,95.43402106947434
50,44,116.40046815695774
50,43,137.91396585107967
50,42,160.0834414922698
50,41,182.95353203925816
50,40,206.54037179296648
50,39,230.8485192006885
50,38,255.8692414203556
50,37,281.63220806551755
50,36,401.54056934572156
50,35,428.38498945059507
50,34,455.7184467540421
50,33,483.54772062381574
50,32,511.87938122555136
50,31,540.7191553555074
50,30,630.5843370735336
50,29,661.7013012118089
50,28,1113.9989183847165
50,27,1188.344992616148
50,26,1264.0881577568553
50,25,1341.2290582852354
50,24,1419.7682806102855
50,23,1499.7062167595425
50,22,1581.0431388345612
50,21,1663.7792247836755
50,20,1747.9144408712361
50,19,1833.449253149114
50,18,2086.8702033584273
50,17,2162.6897859924616
50,16,2239.5019104438743
50,15,2317.3080718779356
50,14,2396.1099853165583
50,13,2475.908109698986
50,12,2668.4349389564736
50,11,2749.3829422794647
50,10,6472.229742448307
50,9,6693.631482153118
50,8,6917.7932189302865
50,7,7144.719916868258
50,6,7374.416659213551
50,5,7606.888406564906
50,4,8068.632408467795
50,3,8281.899822585434
50,2,34242.48579660985
50,1,35146.29778872248
51,51,15.929070684234716
51,50,23.65477018038506
51,49,32.94362488912705
51,48,67.41254972032336
51,47,79.35626497347195
51,46,99.05320272661187
51,45,120.54338284234312
51,44,142.59691346854387
51,43,165.30952524832122
51,42,188.7212156688545
51,41,212.84672474700145
51,40,237.68981016261705
51,39,263.25016912571897
51,38,289.5188242551375
51,37,316.5201466558069
51,36,441.6282903072608
51,35,469.52584976752223
51,34,497.91774118273673
51,33,526.8101719545291
51,32,556.2094924916539
51,31,586.119536558722
51,30,679.4301926627861
51,29,711.6266546496622
51,28,1201.0941397873817
51,27,1277.7842206832795
51,26,1355.8704226266698
51,25,1435.3533808181164
51,24,1516.2336847352212
51,23,1598.5117509770562
51,22,1682.187877119096
51,21,1767.2622728308847
51,20,1853.7349429814155
51,19,1941.6063970792402
51,18,2203.139220926914
51,17,2280.9837264105386
51,16,2359.822969523915
51,15,2439.6584571939434
51,14,2520.4919046486925
51,13,2602.3238467427573
51,12,2801.7785229698306
51,11,2884.8147539233246
51,10,6779.417894384431
51,9,7006.026539831175
51,8,7235.405357436421
51,7,7467.559424210369
51,6,7702.493933903013
51,5,7940.213963967281
51,4,8422.828936443822
51,3,8641.168886936552
51,2,35689.52819127279
51,1,36613.79135580864
52,52,17.907230550785872
52,51,26.37573154234533
52,50,35.53876929834438
52,49,46.44557537943429
52,48,83.36383939245022
52,47,96.3724404158094
52,46,124.66255466686938
52,45,147.2560295059796
52,44,170.51189939572336
52,43,194.46588741424267
52,42,219.1312102546
52,41,244.51111021191164
52,40,270.6051648287879
52,39,297.4109674574277
52,38,324.920811167236
52,37,353.15453821991974
52,36,483.4493886047432
52,35,512.4051828649422
52,34,541.8599960434138
52,33,571.8195254385959
52,32,602.2899219160381
52,31,633.2733656483039
52,30,730.0717966068229
52,29,763.3536595190826
52,28,1291.2360995254464
52,27,1370.2699374437193
52,26,1450.6990706882932
52,25,1532.5241311239897
52,24,1615.7457121314903
52,23,1700.3642537512071
52,22,1786.3800804488226
52,21,1873.7934337176757
52,20,1962.604357322048
52,19,2052.8134020145726
52,18,2322.61823760132
52,17,2402.493728056587
52,16,2483.366267528313
52,15,2565.2373771079942
52,14,2648.1087755430754
52,13,2731.9810707175675
52,12,2938.5885864255665
52,11,3023.725546130278
52,10,7094.00545537355
52,9,7325.841038631727
52,8,7560.457224097224
52,7,7797.859201540532
52,6,8038.052275092013
52,5,8281.041638673343
52,4,8785.448979831719
52,3,9008.901829443275
52,2,37169.29763024136
52,1,38114.150113352676
53,53,19.835714709067933
53,52,28.868565922848724
53,51,38.82992047122527
53,50,49.37668358637941
53,49,61.55030237472735
53,48,100.7179617477482
53,47,114.61379194887058
53,46,151.89232598695418
53,45,175.69162800595774
53,44,200.18855604751744
53,43,225.39479856184172
53,42,251.31301305883068
53,41,277.9425822575986
53,40,305.28099718275496
53,39,333.3260074437382
53,38,362.0709930705595
53,37,391.53200142229264
53,36,527.0090240289602
53,35,557.0276248291173
53,34,587.5494202572651
53,33,618.5796525279857
53,32,650.1242860091868
53,31,682.1840755692843
53,30,782.5167632943496
53,29,816.8895552518172
53,28,1384.425077813656
53,27,1465.8026433013767
53,26,1548.5748167016004
53,25,1632.742229370738
53,24,1718.3054804336975
53,23,1805.265033358125
53,22,1893.6212401645348
53,21,1983.3743744916437
53,20,2074.5245191803306
53,19,2167.0722645652427
53,18,2445.3170822241214
53,17,2527.2298249496657
53,16,2610.1420420756053
53,15,2694.0552709684935
53,14,2778.971236775296
53,13,2864.8906179742503
53,12,3078.8860043117134
53,11,3166.136495321423
53,10,7416.020278697794
53,9,7653.1032858341
53,8,7892.977578861153
53,7,8135.648460147587
53,6,8381.121344094776
53,5,8629.40154072271
53,4,9156.559575886895
53,3,9385.166507169599
53,2,38682.01527361354
53,1,39647.597938525294
54,54,21.78104888624039
54,53,31.383449390862328
54,52,41.87536848190085
54,51,53.181659011965905
54,50,64.95825304650187
54,49,78.07352556585293
54,48,119.38317652742874
54,47,134.04092277330867
54,46,180.84950829100325
54,45,205.88998083024572
54,44,231.6381445236969
54,43,258.09611998529715
54,42,285.26265087152706
54,41,313.1356691593697
54,40,341.71248240002285
54,39,370.9909923958487
54,38,400.96579597833306
54,37,431.6496436209212
54,36,572.3119772496666
54,35,603.3975467145167
54,34,634.9900549972145
54,33,667.0943391165649
54,32,699.7161853774319
54,31,732.855048355806
54,30,836.7723158690866
54,29,872.2422563327171
54,28,1480.6615842818792
54,27,1564.3830550508594
54,26,1649.498577866943
54,25,1736.0087869956908
54,24,1823.9142881554126
54,23,1913.2155686802262
54,22,2003.9130088429683
54,21,2096.0069147461736
54,20,2189.4972606355204
54,19,2284.3852661881247
54,18,2571.2458751860418
54,17,2655.2023399385707
54,16,2740.160816934829
54,15,2826.122861670248
54,14,2913.0902082830626
54,13,3001.0636034769745
54,12,3222.692139461629
54,11,3312.069268802707
54,10,7745.490851319899
54,9,7987.842225777469
54,8,8232.995817996312
54,7,8480.957047000513
54,6,8731.73143736468
54,5,8985.324414852192
54,4,9536.22912069082
54,3,9770.032135821933
54,2,40227.90662861661
54,1,41214.3630556267
55,55,19.186902450481888
55,54,33.96595268740804
55,53,44.98636449190359
55,52,56.77080249465092
55,51,69.2192953992507
55,50,82.03654565159322
55,49,95.8722711883548
55,48,139.28208056132547
55,47,154.62314846635226
55,46,211.5707090384747
55,45,237.8617149154632
55,44,264.8605873884545
55,43,292.56575782443963
55,42,320.9750108754062
55,41,350.0855595653043
55,40,379.89525585237146
55,39,410.40228482434856
55,38,441.6021111435025
55,37,473.5050327676133
55,36,619.3627644024449
55,35,651.5191430315374
55,34,684.1858423583127
55,33,717.3673373377277
55,32,751.069240833258
55,31,785.2899960640049
55,30,892.846439782232
55,29,929.4188900896443
55,28,1579.9463412489363
55,27,1666.012093482626
55,26,1753.4714642249373
55,25,1842.3250972281191
55,24,1932.57360593425
55,23,2024.2175017411168
55,22,2117.2571938311276
55,21,2211.6930210655387
55,20,2307.525009655927
55,19,2404.754365399025
55,18,2700.415026344422
55,17,2786.421882836753
55,16,2873.4334003814474
55,15,2961.4511542472865
55,14,3050.476889854481
55,13,3140.51141995063
55,12,3370.0288417545416
55,11,3461.546007777484
55,10,8082.44631061524
55,9,8330.08743957737
55,8,8580.541973874944
55,7,8833.815444592197
55,6,9089.913486387224
55,5,9348.841640428234
55,4,9924.52736912006
55,3,10163.56928973404
55,2,41807.20154960761
55,1,42814.67803608664
56,56,21.11380085845203
56,55,26.542193745894547
56,54,48.19138493566038
56,53,60.4499476023285
56,52,73.326975364066
56,51,86.7239532365521
56,50,100.41505061876622
56,49,114.85045576957921
56,48,160.3599555368112
56,47,176.33969932194867
56,46,244.06581432421882
56,45,271.6067139025479
56,44,299.85189639510844
56,43,328.79896296250917
56,42,358.4450203537318
56,41,388.78795689683113
56,40,419.8255017437957
56,39,451.55654243324796
56,38,483.977527374669
56,37,517.0960879054305
56,36,668.165719557959
56,35,701.3965002906546
56,34,735.1406788441875
56,33,769.4024057360208
56,32,804.1871265551995
56,31,839.4924395885976
56,30,950.7467839916492
56,29,988.4274650230449
56,28,1682.2802787644093
56,27,1770.690870322327
56,26,1860.4947679542515
56,25,1951.6926264995611
56,24,2044.2850690183138
56,23,2138.272631139563
56,22,2233.6557515480413
56,21,2330.434802121312
56,20,2428.609859740269
56,19,2528.182120442598
56,18,2832.835233153017
56,17,2920.8993487524563
56,16,3009.970883740053
56,15,3100.051434604097
56,14,3191.1427600968264
56,13,3283.245736984385
56,12,3520.9184480702856
56,11,3614.5893527404655
56,10,8426.916418071096
56,9,8679.869144873133
56,8,8935.646714781395
56,7,9194.254770798063
56,6,9455.69905758401
56,5,9719.985231387745
56,4,10321.525434818468
56,3,10565.84990185419
56,2,43420.13423807297
56,1,44448.77979846439
57,57,46.11158639872976
57,56,5.872975787458232
57,55,12.254957885765041
57,54,64.23423228230767
57,53,77.53739877587275
57,52,91.32791994181754
57,51,105.52366198532874
57,50,119.96727662162208
57,49,134.95014344554352
57,48,182.58123573630132
57,47,199.1776733665664
57,46,278.334586853573
57,45,307.12104963167496
57,44,336.60738842261054
57,43,366.79059084155915
57,42,397.6684637595644
57,41,429.23868775065415
57,40,461.5001125161894
57,39,494.4512711904174
57,38,528.0898693398505
57,37,562.4210695504621
57,36,718.7250605780346
57,35,753.0336504105442
57,34,787.85845633164
57,33,823.203340958607
57,32,859.0735859070542
57,31,895.4660929671684
57,30,1010.4813203256132
57,29,1049.2758838917541
57,28,1787.6645146721278
57,27,1878.420680448432
57,26,1970.5699550694342
57,25,2064.1130069283627
57,24,2159.050470650573
57,23,2255.3829062564105
57,22,2353.110782447308
57,21,2452.234504329873
57,20,2552.754198259776
57,19,2654.6710541321477
57,18,2968.5174789808457
57,17,3058.645916590932
57,16,3149.7846400664534
57,15,3241.9352683941415
57,14,3335.099575488745
57,13,3429.2785002580426
57,12,3675.3837820472095
57,11,3771.2224255915557
57,10,8778.931576554265
57,9,9037.218195601414
57,8,9298.341344739729
57,7,9562.306778752085
57,6,9829.120352226575
57,5,10098.787836184136
57,4,10727.295790172351
57,3,10976.947263733184
57,2,45066.94324262866
57,1,46116.90960844875
58,58,48.350090415274124
58,57,18.473891173185475
58,56,-1.1704519203724146
58,55,24.134388690644066
58,54,81.85684859353468
58,53,96.0404481673207
58,52,110.61014233071174
58,51,125.50450734331903
58,50,140.62241199997092
58,49,156.13950245318742
58,48,205.9250557936276
58,47,223.12983303465228
58,46,314.37318092819544
58,45,344.40001202617776
58,44,375.1219471224717
58,43,406.536426797928
58,42,438.64114365647873
58,41,471.4349027951611
58,40,504.9162115080485
58,39,539.0843324211471
58,38,573.9372101978505
58,37,609.478541273466
58,36,771.0449472650957
58,35,806.4346107250797
58,34,842.3430938689471
58,33,878.7740000791067
58,32,915.7324506471866
58,31,953.2147818392102
58,30,1072.0581399412456
58,29,1111.9722587525268
58,28,1896.1003505650572
58,27,1989.2029929428077
58,26,2083.698657974851
58,25,2179.5880296933833
58,24,2276.871756221457
58,23,2375.5504221262518
58,22,2475.6245265512553
58,21,2577.0945080000406
58,20,2679.960541190133
58,19,2784.223813054972
58,18,3107.4730315993106
58,17,3199.6730477089054
58,16,3292.886322972508
58,15,3387.1145000092743
58,14,3482.359369531851
58,13,3578.6219308505665
58,12,3833.4481532261466
58,11,3931.4688344181
58,10,9138.52282560614
58,9,9402.166081793623
58,8,9668.657803359807
58,7,9938.00385673324
58,6,10210.210206359834
58,5,10485.282737739217
58,4,11141.91226628823
58,3,11396.936025513714
58,2,46747.87145902022
58,1,47819.31307885805
59,59,23.06294632676348
59,58,28.744821804475592
59,57,-0.9838142581976025
59,56,22.999240792547447
59,55,47.65516394622772
59,54,134.00317745453205
59,53,112.71481990684482
59,52,127.78292376973059
59,51,119.80165850996084
59,50,162.34648072127234
59,49,178.4026068423051
59,48,230.38010227562992
59,47,248.19283650432564
59,46,352.17670264063804
59,45,383.4387174968488
59,44,415.3913625870205
59,43,448.03226242922926
59,42,481.3601722831936
59,41,515.3735726108391
59,40,550.0718062355037
59,39,585.4536371416824
59,38,621.518065900797
59,37,658.2673277609215
59,36,825.1295171313091
59,35,861.6034190041028
59,34,898.5985626058805
59,33,936.1183192511214
59,32,974.1676541430494
59,31,1012.7424508177219
59,30,1135.4855012513144
59,29,1176.5248840437691
59,28,2007.5892622180045
59,27,2103.0394436856877
59,26,2199.8826688654153
59,25,2298.11963917328
59,24,2397.751018087683
59,23,2498.7774148843487
59,22,2601.1993594821574
59,21,2705.0173239033606
59,20,2810.231530184483
59,19,2916.8431650985185
59,18,3249.713441818202
59,17,3343.9924847031816
59,16,3439.287865569735
59,15,3535.601251673297
59,14,3632.93445199136
59,13,3731.288524620868
59,12,3995.1353576749716
59,11,4095.352672398866
59,10,9505.721841208162
59,9,9774.744929393895
59,8,10046.628665698305
59,7,10321.379028065323
59,6,10599.00209073271
59,5,10879.503853400232
59,4,11565.45005297254
59,3,11825.892195920882
59,2,48463.16613012275
59,1,49556.24016964015
60,60,24.053356159105068
60,59,29.91620853846406
60,58,-1.7450356138075205
60,57,22.021780245905667
60,56,85.38678548059258
60,55,99.88836654681454
60,54,114.81881795109271
60,53,130.11516078953557
60,52,145.65621943234487
60,51,161.67120677471743
60,50,159.06816680180395
60,49,189.46818492049564
60,48,255.94117361286607
60,47,274.36611263781896
60,46,391.74064378291735
60,45,424.2326017331265
60,44,457.41142328963053
60,43,491.27518417516467
60,42,525.8224899453434
60,41,561.0526926154852
60,40,596.9645168384037
60,39,633.5577181503822
60,38,670.831363624243
60,37,708.7865008682701
60,36,880.9829202900668
60,35,918.5441564826995
60,34,956.6289049938529
60,33,995.240328901555
60,32,1034.3832411780425
60,31,1074.053170478488
60,30,1200.7718386740555
60,29,1242.9422440764974
60,28,2122.132892285839
60,27,2219.931828816346
60,26,2319.1239332584687
60,25,2419.709928365314
60,24,2521.6904909655277
60,23,2625.066257713578
60,22,2729.837788925111
60,21,2836.0055902162912
60,20,2943.5699299614344
60,19,3052.531997239536
60,18,3395.250542254702
60,17,3491.6162503219525
60,16,3589.0014795164893
60,15,3687.4079226293634
60,14,3786.837408212611
60,13,3887.2910516520046
60,12,4160.469677154621
60,11,4262.898518204652
60,10,9880.56093557519
60,9,10154.987500095118
60,8,10432.287142134768
60,7,10712.465951025337
60,6,10995.530110736065
60,5,11281.485734900642
60,4,11997.985698713614
60,3,12263.893142253644
60,2,50213.07884594072
60,1,51327.945187872436
61,61,24.919228607310224
61,60,30.92670311814709
61,59,-2.9459301484636287
61,58,20.784385620945418
61,57,87.16281353161057
61,56,101.8175080449265
61,55,116.91983308933374
61,54,132.40702423067663
61,53,148.14885763018322
61,52,164.4033576690568
61,51,159.50167849497808
61,50,190.32481225239795
61,49,222.28491269253928
61,48,282.6074111170139
61,47,301.6511263209465
61,46,433.05991994418207
61,45,466.7779909578494
61,44,501.1791988196144
61,43,536.2621155998735
61,42,572.0260902980793
61,41,608.4698135457728
61,40,645.5930668292947
61,39,683.3953069257276
61,38,721.876073643845
61,37,761.0353543165648
61,36,938.6093448928821
61,35,977.260969054574
61,34,1016.4382500585588
61,33,1056.1439956886775
61,32,1096.3835437211776
61,31,1137.151142382958
61,30,1267.925770655783
61,29,1311.233018412732
61,28,2239.733043850092
61,27,2339.882098929622
61,26,2441.4245473605724
61,25,2544.361131692912
61,24,2648.692547823594
61,23,2754.419457229105
61,22,2861.5424514692227
61,21,2970.0620697875347
61,20,3079.978625964808
61,19,3191.2933135675808
61,18,3544.096446221875
61,17,3642.556646475598
61,16,3742.039654166337
61,15,3842.5471884061585
61,14,3944.0810985082135
61,13,4046.642555751306
61,12,4329.4758790587075
61,11,4434.131435668162
61,10,10263.073056964497
61,9,10542.927191191346
61,8,10825.667078258266
61,7,11111.298918762475
61,6,11399.829006346243
61,5,11691.263568325316
61,4,12439.597110665147
61,3,12711.017590376825
61,2,51997.86554360838
61,1,53134.686787761806
62,62,25.750213615185107
62,61,31.88943949642235
62,60,-4.481191069707532
62,59,19.310923033590775
62,58,44.75178594790452
62,57,147.9753512097081
62,56,119.01698457772856
62,55,134.68989981985698
62,54,150.62670430155683
62,53,167.11488982743813
62,52,159.71802113387008
62,51,191.00928795633163
62,50,223.41112216620633
62,49,287.57551231166997
62,48,306.88494675765156
62,47,302.87048139477463
62,46,476.13131606699443
62,45,511.07147523420133
62,44,546.6917029699459
62,43,582.9909579213039
62,42,619.968469219263
62,41,657.6236562556037
62,40,695.9560799911435
62,39,734.9653966516302
62,38,774.6514634291104
62,37,815.0133858318914
62,36,998.0130376362873
62,35,1037.7580829307933
62,34,1078.0308252773027
62,33,1118.8339211360033
62,32,1160.172496936038
62,31,1202.0407027396798
62,30,1336.9561059079087
62,29,1381.4060867188475
62,28,2360.391674685869
62,27,2462.8923539147704
62,26,2566.7867494516545
62,25,2672.0756248552393
62,24,2778.7596962132375
62,23,2886.839650243442
62,22,2996.3161097802536
62,21,3107.1896476880997
62,20,3219.460622271193
62,19,3333.1302335091787
62,18,3696.2635467220907
62,17,3796.8262533548636
62,16,3898.415155787114
62,15,4001.0320001581745
62,14,4104.678657604546
62,13,4209.356354000743
62,12,4502.179216218574
62,11,4609.0769736143575
62,10,10653.291789511342
62,9,10938.598035444576
62,8,11226.802954766956
62,7,11517.912859223245
62,6,11811.934152074444
62,5,12108.87317407856
62,4,12890.363554631576
62,3,13167.345624714437
62,2,53817.78650738926
62,1,54976.72797064472
63,63,26.566333562282946
63,62,32.83115998777051
63,61,-6.307259285934076
63,60,17.71085183119244
63,59,90.72030618031626
63,58,105.67511807477491
63,57,121.11004810352348
63,56,136.9642947786343
63,55,153.09103605746458
63,54,169.80739025888778
63,53,159.7289344001458
63,52,191.4808860804257
63,51,224.3464565635293
63,50,292.53598794075145
63,49,312.1244091821717
63,48,304.84449097103044
63,47,340.93988249357216
63,46,520.9512677921607
63,45,557.1102298085151
63,44,593.946554619433
63,43,631.4594543441023
63,42,669.6483517252159
63,41,708.5128164470316
63,40,748.0525237208975
63,39,788.2672159689561
63,38,829.15708115518
63,37,870.720210778505
63,36,1059.1983200972036
63,35,1100.0398171956479
63,34,1141.4109659212543
63,33,1183.3142865910088
63,32,1225.7547053494807
63,31,1268.7263250727447
63,30,1407.8718487302715
63,29,1453.4705326362566
63,28,2484.1108921559107
63,27,2588.9648386083686
63,26,2695.2129183266366
63,25,2802.855918283352
63,24,2911.8945749815543
63,23,3022.3296008668526
63,22,3134.161650064257
63,21,3247.3913290157266
63,20,3362.0190397062274
63,19,3478.045990234534
63,18,3851.764515535338
63,17,3954.437928621511
63,16,4058.1410268677178
63,15,4162.875584069071
63,14,4268.643494142675
63,13,4375.446036350699
63,12,4678.605426724756
63,11,4787.761165714512
63,10,11051.251353072403
63,9,11342.034700964037
63,8,11635.72988737541
63,7,11932.343335085065
63,6,12231.881556920978
63,5,12534.35100685564
63,4,13350.36565505437
63,3,13632.958688243021
63,2,55673.10636867656
63,1,56854.33608498714
64,64,28.845720449171274
64,63,35.19743072212574
64,62,12.139039235075645
64,61,15.862546693858532
64,60,92.4995393058751
64,59,107.6021599371566
64,58,123.19911042188761
64,57,139.21982881856667
64,56,118.21436293398699
64,55,176.0357912992403
64,54,193.32040712245478
64,53,191.62987587524395
64,52,332.21032663252794
64,51,152.4381712287979
64,50,355.391242235689
64,49,306.64053897019903
64,48,343.18805086908816
64,47,380.7878147322715
64,46,567.5169576302262
64,45,604.891871236298
64,44,642.9417623851979
64,43,681.6660515047818
64,42,721.0643151420978
64,41,761.1362441950548
64,40,801.8816049043045
64,39,843.3002082936559
64,38,885.3924449964322
64,37,928.1558436864146
64,36,1122.1696017734303
64,35,1164.110593756188
64,34,1206.5831223896494
64,33,1249.5895853518768
64,32,1293.134719269105
64,31,1337.2126221340625
64,30,1480.6822034193092
64,29,1527.435647014766
64,28,2610.892948645963
64,27,2718.101937667344
64,26,2826.7055697702917
64,25,2936.704654638304
64,24,3048.0999513198117
64,23,3160.892197903153
64,22,3275.082079787961
64,21,3390.6702364465323
64,20,3507.657114623332
64,19,3626.043929222061
64,18,4010.612302393979
64,17,4115.404806679717
64,16,4221.2305854836
64,15,4328.0914408120825
64,14,4435.989290227584
64,13,4544.925465253523
64,12,4858.78073376283
64,11,4970.210530348981
64,10,11456.98660308798
64,9,11753.27249109701
64,8,12052.48362673182
64,7,12354.626543695596
64,6,12659.707864333523
64,5,12967.734155616465
64,4,13819.68539499981
64,3,14107.939582486062
64,2,57564.09410599297
64,1,58767.782826384566
65,65,28.178871377169244
65,64,34.684710662336116
65,63,-10.751117491435053
65,62,13.803095616300629
65,61,94.30959582285679
65,60,167.11691698255302
65,59,67.66409654789351
65,58,141.4790110025335
65,57,117.30699767075838
65,56,178.7231261145457
65,55,196.2396372806224
65,54,191.81436256094116
65,53,225.52447448664628
65,52,352.8531740349564
65,51,272.24593883310695
65,50,308.23006825384385
65,49,345.25942337221613
65,48,383.31372326517175
65,47,422.403669534753
65,46,615.8260023052858
65,45,654.4144055622522
65,44,693.6756816066205
65,43,733.6094117096518
65,42,774.2152997611374
65,41,815.493132602424
65,40,857.4427489971979
65,39,900.0640147721977
65,38,943.3574846411705
65,37,987.3202316620957
65,36,1186.9313905075128
65,35,1229.9749452330714
65,34,1273.5517147987784
65,33,1317.6645909309148
65,32,1362.317224201651
65,31,1407.5043472377088
65,30,1555.3965779126383
65,29,1603.3109306257666
65,28,2740.740237473086
65,27,2850.3061732811625
65,26,2961.2673518091738
65,25,3073.6246051909734
65,24,3187.378718015412
65,23,3302.5304532347177
65,22,3419.0805256262634
65,21,3537.0296103767714
65,20,3656.3781954560027
65,19,3777.1275069647227
65,18,4172.820134226211
65,17,4279.740298019862
65,16,4387.697424723767
65,15,4496.693416371287
65,14,4606.729929709916
65,13,4717.808775331549
65,12,5042.731845463999
65,11,5156.452070482049
65,10,11870.533030455954
65,9,12172.347344329692
65,8,12477.100558342649
65,7,12784.79931701737
65,6,13095.450352169279
65,5,13409.06034356222
65,4,14298.406116148204
65,3,14592.372467508621
65,2,59491.02304499066
65,1,60717.34423756201
66,66,28.98065654352717
66,65,35.603786981748925
66,64,-13.346814215541619
66,63,11.531420760795243
66,62,96.05671057401054
66,61,111.47630909994918
66,60,185.53518956516808
66,59,85.5499660422968
66,58,160.4151968206413
66,57,177.7856841429298
66,56,158.5253924926456
66,55,191.67768654732163
66,54,284.03093838521767
66,53,203.1601967768526
66,52,373.92726691771514
66,51,309.6192460841133
66,50,347.1280555391171
66,49,385.66465525720366
66,48,425.2107460070381
66,47,465.7782404503608
66,46,665.876411177415
66,45,705.6761912585357
66,44,746.1469731802798
66,43,787.2884716941096
66,42,829.1004915859463
66,41,871.5828962281593
66,40,914.7355823341998
66,39,958.5584597918485
66,38,1003.0522151661006
66,37,1048.213558742807
66,36,1253.4883008235106
66,35,1297.6375212155756
66,34,1342.3217585538296
66,33,1387.543739023417
66,32,1433.3070427420612
66,31,1479.6063951481012
66,30,1632.024586759779
66,29,1681.1060964900396
66,28,2873.6552892093478
66,27,2985.580200967932
66,26,3098.9010425994225
66,25,3213.618669777069
66,24,3329.7338913784047
66,23,3447.247496215433
66,22,3566.160231681276
66,21,3686.472804817139
66,20,3808.1857442818273
66,19,3931.3002898008594
66,18,4338.40151448132
66,17,4447.458197254393
66,16,4557.555390658024
66,15,4668.695326142863
66,14,4780.879786139654
66,13,4894.110373075859
66,12,5230.485954767763
66,11,5346.51327354858
66,10,12291.92676141707
66,9,12599.29583419708
66,8,12909.617702503794
66,7,13222.899121578008
66,6,13539.14693266106
66,5,13858.367928113601
66,4,14786.612518783279
66,3,15086.342861912568
66,2,61454.17085845147
66,1,62703.300708374045
67,67,29.78167139642969
67,66,36.519793270587996
67,65,-16.182840688545564
67,64,9.046868087715078
67,63,97.83419230660192
67,62,113.3745741131943
67,61,129.4631920114275
67,60,204.67146917004516
67,59,104.13814868806983
67,58,180.4165580743079
67,57,157.71119925327469
67,56,191.33422466364743
67,55,226.0828816152874
67,54,312.3848660133361
67,53,248.30276000495763
67,52,395.4499960692574
67,51,348.79954525859955
67,50,387.8160415054729
67,49,427.844404840582
67,48,468.8695048705126
67,47,510.9035387089346
67,46,717.6665489458197
67,45,758.6758932719368
67,44,800.3545754074179
67,43,842.7024159484389
67,42,885.7193002573024
67,41,929.4051528813321
67,40,973.7599170799804
67,39,1018.7835382140543
67,38,1064.4768090998823
67,37,1110.836155146304
67,36,1321.8450606005583
67,35,1367.10293271415
67,34,1412.8980703509142
67,33,1459.2320878195753
67,32,1506.109135944009
67,31,1553.5238026274412
67,30,1710.5760540453116
67,29,1760.831071374947
67,28,3009.640768368828
67,27,3123.926806767065
67,26,3239.6095475340467
67,25,3356.6898701848436
67,24,3475.168608693022
67,23,3595.046578420699
67,22,3716.324557522431
67,21,3839.0032861350983
67,20,3963.083333571753
67,19,4088.5659528563338
67,18,4507.370349040321
67,17,4618.572116474643
67,16,4730.818669046764
67,15,4844.111744217322
67,14,4958.453285126083
67,13,5073.844936574041
67,12,5422.0707392952145
67,11,5540.4221113488875
67,10,12721.204557451469
67,9,13034.155169200996
67,8,13350.072714237931
67,7,13668.964058424961
67,6,13990.836152385184
67,5,14315.695900891527
67,4,15284.390661783491
67,3,15589.937642832354
67,2,63453.81956628659
67,1,64725.936975804725
68,68,30.582472032329147
68,67,37.43403406158238
68,66,-19.254871994195447
68,65,6.348986517430918
68,64,99.61089027848078
68,63,115.2958755520886
68,62,131.5208281181216
68,61,148.23245015964247
68,60,165.25142526340093
68,59,183.03514588373363
68,58,156.6898712328243
68,57,190.7887094125397
68,56,226.01528661446346
68,55,317.2926618016781
68,54,338.1963592584869
68,53,311.79545688085915
68,52,350.27355367435604
68,51,389.77303316511404
68,50,430.28150158556
68,49,471.78875374011557
68,48,514.2816360170089
68,47,557.7726049307004
68,46,771.195088249008
68,45,813.4124556589377
68,44,856.2976759180261
68,43,899.8506542433477
68,42,944.0713404448662
68,41,988.9597081784275
68,40,1034.5157383721075
68,39,1080.7394058126647
68,38,1127.631586082417
68,37,1175.1884896392562
68,36,1392.006516406836
68,35,1438.3764162240718
68,34,1485.2852683329816
68,33,1532.734662145187
68,32,1580.7286042858868
68,31,1629.2617487205189
68,30,1791.0610152024558
68,29,1842.495997670377
68,28,3148.6994704163503
68,27,3265.3489045268357
68,26,3383.3958968001866
68,25,3502.841350873598
68,24,3623.6861264531058
68,23,3745.9310656049724
68,22,3869.576977105758
68,21,3994.624633998195
68,20,4121.074645573797
68,19,4248.928423687351
68,18,4679.740289001874
68,17,4793.096663941875
68,16,4907.501652359886
68,15,5022.957173531872
68,14,5139.465198922634
68,13,5257.027415260976
68,12,5617.514361233426
68,11,5738.207039953719
68,10,13158.403815182834
68,9,13476.96319273552
68,8,13798.50388323848
68,7,14123.032863083037
68,6,14450.557192233957
68,5,14781.083887698825
68,4,15791.827962613128
68,3,16103.24504593092
68,2,65490.25553553691
68,1,66785.54212396768
69,69,31.38374738703868
69,68,38.34721335977683
69,67,-22.55978774967926
69,66,3.43751546963315
69,65,101.38674065109842
69,64,117.21588571009593
69,63,133.59406000062611
69,62,150.46967302535208
69,61,167.658309580239
69,60,185.64248695463675
69,59,155.46122843756248
69,58,190.04127230336883
69,57,297.98788769804827
69,56,318.75791500544244
69,55,274.6497205561875
69,54,312.58196235240825
69,53,351.549223016733
69,52,391.534963908616
69,51,432.5266694900885
69,50,474.51409916263356
69,49,517.4889523109134
69,48,561.4398552482536
69,47,606.3793447163425
69,46,826.460982311536
69,45,869.8850730504666
69,44,913.9756888658412
69,43,958.7328027014381
69,42,1004.1564160856326
69,41,1050.2465423380283
69,40,1097.003192946337
69,39,1144.4263682561484
69,38,1192.5170067593654
69,37,1241.2711626935152
69,36,1463.9774726177548
69,35,1511.4629824643796
69,34,1559.488624145366
69,33,1608.0566242508326
69,32,1657.170688316448
69,31,1706.8255548432153
69,30,1873.4897189666758
69,29,1926.1112345164397
69,28,3290.8343190627565
69,27,3409.8495334461954
69,26,3530.263243161688
69,25,3652.076376221091
69,24,3775.2898185623335
69,23,3899.904439110308
69,22,4025.921077107709
69,21,4153.3405382936
69,20,4282.163471288405
69,19,4412.39129618597
69,18,4855.526092678371
69,17,4971.04621615111
69,16,5087.619028992085
69,15,5205.246480724423
69,14,5323.930571546259
69,13,5443.6730296936785
69,12,5816.845467228743
69,11,5939.89699961591
69,10,13603.562566292836
69,9,13927.758383018405
69,8,14254.95013381632
69,7,14585.144905517851
69,6,14918.34986738906
69,5,15254.572148504423
69,4,16309.013197314798
69,3,16626.35466539607
69,2,67563.76948037262
69,1,68882.40958410606
70,70,32.18597170954072
70,69,39.25992873910883
70,68,-26.095100402697597
70,67,0.312113660373588
70,66,103.16171365271653
70,65,119.13465329099905
70,64,135.66491891111184
70,63,152.70262996654134
70,62,170.05870188839864
70,61,188.23952604333851
70,60,154.02497730698175
70,59,189.0876831293552
70,58,302.66901571702954
70,57,323.6836779778479
70,56,274.7398204383654
70,55,313.1668664686312
70,54,352.6262349834419
70,53,393.1011920491756
70,52,434.5791112456194
70,51,477.04972200754855
70,50,520.504739320358
70,49,564.9373987633426
70,48,610.3377957758713
70,47,656.718394226999
70,46,883.4634359557605
70,45,928.0931675562457
70,44,973.3882357327277
70,43,1019.3486677746587
70,42,1065.9745069276144
70,41,1113.2657986250465
70,40,1161.2225806830809
70,39,1209.844873075629
70,38,1259.1336644473095
70,37,1309.0849003538535
70,36,1537.7633745180751
70,35,1586.3674397623422
70,34,1635.5133638387865
70,33,1685.2032747285148
70,32,1735.44076905608
70,31,1786.2206836298105
70,30,1957.8725364613597
70,29,2011.687452378652
70,28,3436.0483638107357
70,27,3557.431855847794
70,26,3680.214859948625
70,25,3804.3983287211454
70,24,3929.983174724624
70,23,4056.970293887708
70,22,4185.360555751976
70,21,4315.154798527164
70,20,4446.353709538248
70,19,4578.958718286616
70,18,5034.742212010135
70,17,5152.435556004713
70,16,5271.185760177294
70,15,5390.994804583513
70,14,5511.864718524535
70,13,5633.797271345032
70,12,6020.0931882887735
70,11,6145.521414690145
70,10,14056.719477440774
70,9,14386.57985302917
70,8,14719.451024853866
70,7,15055.340190099916
70,6,15394.254627297465
70,5,15736.20157742834
70,4,16836.036500502243
70,3,17159.357453937344
70,2,69674.65646209361
70,1,71016.8371345925
71,71,-4.051357146487345
71,70,41.86551484171155
71,69,49.456098253115094
71,68,-3.0540066607055043
71,67,25.724559086973827
71,66,200.29011392526232
71,65,137.7336022532166
71,64,154.91994408302762
71,63,107.62630934375575
71,62,194.61273244210898
71,61,213.43392233631752
71,60,187.92719058521462
71,59,224.60483404317299
71,58,332.1663231745029
71,57,353.8266410602942
71,56,313.5498056602965
71,55,353.50410241246675
71,54,394.4710970073874
71,53,436.4380647433571
71,52,479.3947136454736
71,51,523.3327772599472
71,50,568.245538199225
71,49,614.127465949327
71,48,660.9698605766112
71,47,708.7850110974794
71,46,942.20188224113
71,45,988.0363693353
71,44,1034.535129091015
71,43,1081.6982325894555
71,42,1129.5257568294423
71,41,1178.0177743903873
71,40,1227.1743438185467
71,39,1276.9955035531173
71,38,1327.482279177208
71,37,1378.6303826773217
71,36,1613.3694265862903
71,35,1663.0952654926616
71,34,1713.3648499335488
71,33,1764.1800531437393
71,32,1815.544368200486
71,31,1867.4527432083069
71,30,2044.2203344756822
71,29,2099.2352574695424
71,28,3584.3447788649955
71,27,3708.0991540180303
71,26,3833.254139228226
71,25,3959.810707344747
71,24,4087.7697989823814
71,23,4217.132337203957
71,22,4347.899221674716
71,21,4480.0713228379755
71,20,4613.649366120635
71,19,4748.634791488489
71,18,5217.403524730912
71,17,5337.279739595222
71,16,5458.217079660958
71,15,5580.217555770929
71,14,5703.283226663834
71,13,5827.415902415015
71,12,6227.287139691714
71,11,6355.110193558912
71,10,14517.913850192173
71,9,14853.467350451914
71,8,15192.046749759935
71,7,15533.6593555737
71,6,15878.31255565051
71,5,16226.013702727494
71,4,17372.989365354402
71,3,17702.34572278233
71,2,71823.21588912955
71,1,73189.1269009292
72,72,-2.5392022509675893
72,71,82.70299878528338
72,70,12.648948582471446
72,69,23.55365732838777
72,68,22.572995841460706
72,67,126.25221753594661
72,66,143.32235096129327
72,65,160.89045015939865
72,64,178.90183296657142
72,63,139.96273498567953
72,62,220.3318286559785
72,61,239.76723408644847
72,60,223.7310359206506
72,59,337.1353025308767
72,58,359.0421752764056
72,57,313.73059377250536
72,56,354.18234474996785
72,55,395.6440764950499
72,54,438.1027984100358
72,53,481.548208399029
72,52,525.9720635236282
72,51,571.3676943233529
72,50,617.7296364839871
72,49,665.0533412811499
72,48,713.3311108362983
72,47,762.5749800343689
72,46,1002.6759628158163
72,45,1049.7145001699073
72,44,1097.4163587757064
72,43,1145.78164521796
72,42,1194.810464236703
72,41,1244.5029107910216
72,40,1294.8590616318052
72,39,1345.8789712173343
72,38,1397.5636920487927
72,37,1449.9089224178404
72,36,1690.8006334973825
72,35,1741.6518849745523
72,34,1793.0485822895077
72,33,1844.9925384431233
72,32,1897.4871481820123
72,31,1950.5274800980712
72,30,2132.5439149334993
72,29,2188.7657609125176
72,28,3735.726856478793
72,27,3861.8548329906735
72,26,3989.3845901425143
72,25,4118.3171260480985
72,24,4248.6534083860615
72,23,4380.394387463638
72,22,4513.540992892831
72,21,4648.094127099294
72,20,4784.054553035601
72,19,4921.423722086358
72,18,5403.525182083834
72,17,5525.594095859066
72,16,5648.728493400486
72,15,5772.930416567246
72,14,5898.202241605311
72,13,6024.544667892677
72,12,6438.457420903687
72,11,6568.693728563402
72,10,14987.185620951868
72,9,15328.461257623047
72,8,15672.778136431425
72,7,16020.143675028257
72,6,16370.565370363105
72,5,16724.050686783867
72,4,17919.964643608455
72,3,18255.413141675264
72,2,74009.75151703897
72,1,75399.58535574788
73,73,37.98191738487977
73,72,45.245131483585126
73,71,14.587476740432757
73,70,24.740865746879297
73,69,38.868496823482936
73,68,50.628361600399614
73,67,149.01902796796801
73,66,166.95917659051725
73,65,185.33919872380815
73,64,204.12058964870707
73,63,223.18414817440396
73,62,242.83259251591346
73,61,222.65274875623697
73,60,261.39972643924193
73,59,368.06434755975306
73,58,390.6205812592233
73,57,354.6604864529568
73,56,396.6195437459443
73,55,439.57260744563587
73,54,483.5093784530434
73,53,528.4216436693645
73,52,574.302786184578
73,51,621.1474038353597
73,50,668.9510293388714
73,49,717.7099035087112
73,48,767.4171663742393
73,47,818.0845400494184
73,46,1064.8855113190582
73,45,1113.1275594907504
73,44,1162.0320800300406
73,43,1211.599208395039
73,42,1261.829072871857
73,41,1312.7217866116912
73,40,1364.2774428142986
73,39,1416.4961102852744
73,38,1469.3788601849687
73,37,1522.9214034888041
73,36,1770.0626721377785
73,35,1822.0428592472783
73,34,1874.570198722605
73,33,1927.6464491849538
73,32,1981.2749121037673
73,31,2035.450783580541
73,30,2222.8543926103207
73,29,2280.290197837319
73,28,3890.198012168865
73,27,4018.7024118086747
73,26,4148.609837390669
73,25,4279.9213124134785
73,24,4412.637831779705
73,23,4546.760373136329
73,22,4682.289895859516
73,21,4819.227334101007
73,20,4957.573487783445
73,19,5097.329820571054
73,18,5593.122608457655
73,17,5717.394226257802
73,16,5842.735779291719
73,15,5969.149340640322
73,14,6096.637306389545
73,13,6225.200456639386
73,12,6653.634912644294
73,11,6786.302598798473
73,10,15464.575360903018
73,9,15811.602591483363
73,8,16161.686647216482
73,7,16514.835055869953
73,6,16871.055423555827
73,5,17230.355326092442
73,4,18477.0565455555
73,3,18818.65473887261
73,2,76234.57144851051
73,1,77648.5233188098
74,74,39.30968847007756
74,73,46.66579192568005
74,72,15.987930910098717
74,71,27.525624047226636
74,70,39.64534451686474
74,69,56.51359616234689
74,68,81.02192248429108
74,67,239.43971263700604
74,66,187.81938017633104
74,65,206.7725771949733
74,64,172.33909993648896
74,63,299.5846845026192
74,62,221.37361911386668
74,61,260.6125964713247
74,60,300.9074191675925
74,59,400.1400464578479
74,58,423.3480153991619
74,57,397.39692541289554
74,56,440.8468099816567
74,55,485.27742934990965
74,54,530.6806085635407
74,53,577.0497834204386
74,52,624.3796208708955
74,51,672.6657285025135
74,50,721.9044352014781
74,49,772.0926191591601
74,48,823.2241243395792
74,47,875.3103230516548
74,46,1128.8305392681666
74,45,1178.27571240151
74,44,1228.3826031703752
74,43,1279.1513712321641
74,42,1330.5821639738178
74,41,1382.6751109658512
74,40,1435.4303197451393
74,39,1488.8478724351485
74,38,1542.9288521685185
74,37,1597.6690043122333
74,36,1851.1611654670257
74,35,1904.2738858804234
74,34,1957.9354754176757
74,33,2012.1476430647072
74,32,2066.9136041785623
74,31,2122.2286841223386
74,30,2315.1631010647297
74,29,2373.820023896339
74,28,4047.7617782369844
74,27,4178.6455267845
74,26,4310.933619846866
74,25,4444.627106406953
74,24,4579.727008692799
74,23,4716.2343317749255
74,22,4854.150064605673
74,21,4993.4751728007805
74,20,5134.21049271765
74,19,5276.357501083068
74,18,5786.211501054579
74,17,5912.696004487961
74,16,6040.254986917645
74,15,6168.890552830237
74,14,6298.605118943254
74,13,6429.399543581312
74,12,6872.850079279966
74,11,7007.968767589915
74,10,15950.124275951775
74,9,16302.93300353346
74,8,16658.814378878564
74,7,17017.77603980189
74,6,17379.825701537073
74,5,17744.971051251105
74,4,19044.3606400345
74,3,19392.166901142256
74,2,78497.98813336217
74,1,79936.25595700573
75,75,40.55096176432143
75,74,47.97206822886194
75,73,17.184905361886983
75,72,29.341364962729184
75,71,43.078801960214584
75,70,57.35130073763231
75,69,76.13713480156395
75,68,175.4878809430344
75,67,194.4007305719936
75,66,213.71532745120047
75,65,233.39387595686048
75,64,208.88691481337565
75,63,318.31800689841856
75,62,259.62634897437823
75,61,300.41415430347627
75,60,342.15502031434096
75,59,492.6865806980011
75,58,397.97566071137123
75,57,441.9247460907763
75,56,486.851595918142
75,55,532.7480841736954
75,54,579.607705663044
75,53,627.4251949192461
75,52,676.1962366042081
75,51,725.9172434854756
75,50,776.5851851686137
75,49,828.1974550371881
75,48,880.7484946610319
75,47,934.2493034920257
75,46,1194.5112239794696
75,45,1245.1592793300829
75,44,1296.4683849558485
75,43,1348.4387205751948
75,42,1401.070450040661
75,41,1454.3637173779305
75,40,1508.3186431913932
75,39,1562.9349489420579
75,38,1618.215217093199
75,37,1674.1530060590092
75,36,1934.1018715645191
75,35,1988.350799562115
75,34,2043.1503271835575
75,33,2098.502119258149
75,32,2154.4093071508487
75,31,2210.8673529970656
75,30,2409.4815932671445
75,29,2469.366915666393
75,28,4208.42180345095
75,27,4341.687928879995
75,26,4476.359789292905
75,25,4612.438459242769
75,24,4749.924988329094
75,23,4888.82072871747
75,22,5029.125710317189
75,21,5170.8416876763695
75,20,5313.96999445933
75,19,5458.5112809105485
75,18,5982.807829582633
75,17,6111.515576212378
75,16,6241.302437317975
75,15,6372.170548955656
75,14,6504.122349205544
75,13,6637.158770767179
75,12,7096.134780446295
75,11,7233.723772273038
75,10,16443.874206675064
75,9,16802.49477979453
75,8,17164.204062569326
75,7,17529.009802792672
75,6,17896.919824791516
75,5,18267.94192695064
75,4,19621.973854428714
75,3,19976.047373760433
75,2,80800.31836854127
75,1,82263.10278435597
76,76,41.742485011183824
76,75,49.209685021712716
76,74,18.216584390152416
76,73,30.994515513250334
76,72,45.36139992080622
76,71,61.22807786971397
76,70,77.55849136671631
76,69,97.33500179430078
76,68,201.09111020344088
76,67,220.76208980933336
76,66,240.79788737643116
76,65,261.16826393499525
76,64,247.30032154224756
76,63,337.4296737423994
76,62,299.7234104292364
76,61,342.03506316560674
76,60,439.20400271936364
76,59,463.3218471552394
76,58,442.80577350375756
76,57,488.231139582746
76,56,534.6232328787621
76,55,581.9756125330631
76,54,630.2830838911668
76,53,679.5414082398491
76,52,729.7470807614134
76,51,780.8971592586457
76,50,832.9891311326126
76,49,886.0208092537673
76,48,939.9871462185013
76,47,994.8987566809949
76,46,1261.9278981958232
76,45,1313.7787270540439
76,44,1366.2900204769244
76,43,1419.4619747730258
76,42,1473.2947684425017
76,41,1527.7881750039269
76,40,1582.9434956386722
76,39,1638.759650753942
76,38,1695.2384618700228
76,37,1752.3747892335152
76,36,2018.8906843786394
76,35,2074.2795725043584
76,34,2130.2208075801987
76,33,2186.716014668306
76,32,2243.768245700198
76,31,2301.373101878534
76,30,2505.821642122509
76,29,2566.9427709778233
76,28,4372.181851635499
76,27,4507.833482423858
76,26,4644.892309263681
76,25,4783.359432342916
76,24,4923.235928638331
76,23,5064.523163666896
76,22,5207.221241348578
76,21,5351.332154140144
76,20,5496.8562791245095
76,19,5643.7957800864
76,18,6182.927835975813
76,17,6313.869358814837
76,16,6445.894722775922
76,15,6579.006095633022
76,14,6713.205937502422
76,13,6848.49525486165
76,12,7323.521048519031
76,11,7463.599940473146
76,10,16945.86762827394
76,9,17310.33084076966
76,8,17677.899063798417
76,7,18048.580155064843
76,6,18422.382047959578
76,5,18799.3126519657
76,4,20209.994474660176
76,3,20570.395260510242
76,2,83141.883298125
76,1,84629.38766201037
77,77,42.91477005943693
77,76,50.41755125916973
77,75,19.133841496640912
77,74,32.56353652497913
77,73,47.577763251318494
77,72,64.06516910886822
77,71,81.74272088463859
77,70,99.6914776568911
77,69,119.85077468654656
77,68,227.91785627801494
77,67,248.30713388920802
77,66,269.0333222702181
77,65,290.0766404252935
77,64,311.3902405400597
77,63,333.08325863575953
77,62,341.6403380407833
77,61,385.45230924101264
77,60,473.86744476813794
77,59,498.64760839705906
77,58,489.41534768963106
77,57,536.3052477491703
77,56,584.1526023445298
77,55,632.9522899770344
77,54,682.7001492856417
77,53,733.3927569020187
77,52,785.0272564444655
77,51,837.601225712411
77,50,891.1125727784759
77,49,945.55961862676
77,48,1000.9370604009601
77,47,1057.256261358191
77,46,1331.0810408862153
77,45,1384.1346611244512
77,44,1437.8482362633488
77,43,1492.2219774541027
77,42,1547.2557050680227
77,41,1602.9507167043166
77,40,1659.3060124964052
77,39,1716.3220972636962
77,38,1774.0003676755746
77,37,1832.33583076132
77,36,2105.533634276521
77,35,2162.066314704033
77,34,2219.1531087353214
77,33,2276.7956065046174
77,32,2334.9967836209976
77,31,2393.7523824265722
77,30,2604.195240908147
77,29,2666.559710494749
77,28,4539.045799066526
77,27,4677.086163940147
77,26,4816.535253982653
77,25,4957.394196385003
77,24,5099.66409546831
77,23,5243.346330946538
77,22,5388.441078012633
77,21,5534.950315219544
77,20,5682.874478358892
77,19,5832.215720724615
77,18,6386.588034132635
77,17,6519.77404117327
77,16,6654.048706624659
77,15,6789.414230110731
77,14,6925.873094409435
77,13,7063.426377734572
77,12,7555.041404417212
77,11,7697.630083499782
77,10,17456.14765052932
77,9,17826.484741410397
77,8,18199.943382406895
77,7,18576.531541070995
77,6,18956.257259828493
77,5,19339.128559146655
77,4,20808.522145186977
77,3,21175.311023679573
77,2,85523.00841331981
77,1,87035.43879824827
78,78,43.10032861067118
78,77,7.458279440292209
78,76,20.000692269441682
78,75,34.121143837369196
78,74,49.81859588853822
78,73,66.93640517532535
78,72,85.16485737035946
78,71,104.13118398868055
78,70,123.18455618847685
78,69,143.5100666261658
78,68,255.92477089367517
78,67,277.00382954249056
78,66,298.3991759218764
78,65,320.09624126494816
78,64,342.0634731391963
78,63,364.36914359197533
78,62,385.35691420053774
78,61,430.65146317520356
78,60,509.68225706018063
78,59,535.1295047582786
78,58,537.7933526427208
78,57,586.1378081951567
78,56,635.4318559416342
78,55,685.6714120597982
78,54,736.8531339683074
78,53,788.974249277498
78,52,842.0324232869012
78,51,896.0256553687461
78,50,950.9523563387519
78,49,1006.8104803316553
78,48,1063.596122192753
78,47,1121.3195145522018
78,46,1401.9712698609292
78,45,1456.2278183371218
78,44,1511.1435144268373
78,43,1566.7197054128142
78,42,1622.9554579469993
78,41,1679.8513354855877
78,40,1737.4074933179993
78,39,1795.6240610758778
78,38,1854.5024111219077
78,37,1914.0377009264369
78,36,2194.036888433939
78,35,2251.7172740789642
78,34,2309.953562182261
78,33,2368.7473105415247
78,32,2428.101424302823
78,31,2488.0117857347373
78,30,2704.6146036362284
78,29,2768.230072578641
78,28,4709.017638637265
78,27,4849.450061066908
78,26,4991.292807391248
78,25,5134.547030426796
78,24,5279.21414986568
78,23,5425.294408071499
78,22,5572.789777420643
78,21,5721.701072547816
78,20,5872.029074183065
78,19,6023.775927026174
78,18,6593.805209678504
78,17,6729.246583450934
78,16,6865.781523066854
78,15,7003.412255544187
78,14,7142.141305197118
78,13,7281.969792622188
78,12,7790.728851282762
78,11,7935.847496309017
78,10,17974.758017761957
78,9,18351.000671084763
78,8,18730.38165254324
78,7,19112.90903947739
78,6,19498.5909833192
78,5,19887.435615412072
78,4,21417.657868998915
78,3,21790.89648405906
78,2,87944.02355246186
78,1,89481.58874847856
79,79,44.1389027493383
79,78,7.631329930063755
79,77,20.8842319186411
79,76,35.73521454388875
79,75,52.14337863028545
79,74,69.90292275592113
79,73,88.67606967456554
79,72,108.09950152062797
79,71,127.89078276751388
79,70,147.7042954907631
79,69,168.22776982282844
79,68,285.0814948184672
79,67,306.8305682964487
79,66,328.88167839684166
79,65,351.22366988490774
79,64,373.83715491708256
79,63,396.7611441901429
79,62,430.8564414251281
79,61,477.6193499311387
79,60,546.6509519165481
79,59,572.7706559154341
79,58,587.9303966111013
79,57,637.7208622283248
79,56,688.4541913626116
79,55,740.1271215577351
79,54,792.7369628082992
79,53,846.2814654662994
79,52,900.7588778591587
79,51,956.1670525882568
79,50,1012.5050228413589
79,49,1069.7712918836132
79,48,1127.9618143150822
79,47,1187.0865519428555
79,46,1474.59933419926
79,45,1530.0587095687358
79,44,1586.1779480346902
79,43,1642.956208279753
79,42,1700.39406725316
79,41,1758.491715493483
79,40,1817.249319109542
79,39,1876.6670190783382
79,38,1936.7461630301796
79,37,1997.4820609822918
79,36,2284.4067510932423
79,35,2343.2388365930487
79,34,2402.628637290606
79,33,2462.5776822663115
79,32,2523.0888098324076
79,31,2584.1580424841004
79,30,2807.092165351595
79,29,2871.9664216439955
79,28,4882.101470583598
79,27,5024.92937157059
79,26,5169.1692622516775
79,25,5314.8223211041195
79,24,5461.889981646498
79,23,5610.372555481604
79,22,5760.272000927724
79,21,5911.589176732081
79,20,6064.324905347765
79,19,6218.4813246397825
79,18,6804.596419744605
79,17,6942.304216904304
79,16,7081.110577009252
79,15,7221.017759342433
79,14,7362.0283112277575
79,13,7504.143422448639
79,12,8030.616876014803
79,11,8178.285957464837
79,10,18501.74310879578
79,9,18883.92345354732
79,8,19269.25914264181
79,7,19657.75836314707
79,6,20049.429375474854
79,5,20444.280421741572
79,4,22037.504007614083
79,3,22417.25482094137
79,2,90405.26290101664
79,1,91968.17441523967
80,80,46.55709442132493
80,79,54.179751426649254
80,78,21.847914578494567
80,77,37.46155696875528
80,76,54.59380063855471
80,75,72.9916954865977
80,74,92.29816687243459
80,73,112.16753496166629
80,72,132.35100751409132
80,71,152.71701670852576
80,70,173.13457509793315
80,69,193.97573336675862
80,68,315.36758150410634
80,67,337.77404071383523
80,66,360.4723553144282
80,65,383.45512882801205
80,64,406.71117400603424
80,63,430.25944120560484
80,62,478.1265756082877
80,61,553.3929593526764
80,60,579.7728466904724
80,59,589.5295567256845
80,58,639.8184234347367
80,57,691.0475212461679
80,56,743.2136729317334
80,55,796.3142701489317
80,54,850.3473148290972
80,53,905.3104607507873
80,52,961.2026751457278
80,51,1018.0223940764885
80,50,1075.768386359533
80,49,1134.4395218960392
80,48,1194.0320647576573
80,47,1254.5552140490613
80,46,1548.9661180557525
80,45,1605.6293811602247
80,44,1662.951490033956
80,43,1720.9326909183064
80,42,1779.573207921656
80,41,1838.8732418760178
80,40,1898.8329695649816
80,39,1959.4525432856624
80,38,2020.7332858803568
80,37,2082.67066075185
80,36,2376.6496637213945
80,35,2436.6375260765317
80,34,2497.184942245948
80,33,2558.293415636623
80,32,2619.965721521038
80,31,2682.1980216716647
80,30,2911.6405823811774
80,29,2977.78154272171
80,28,5058.30150705245
80,27,5203.528402432471
80,26,5350.169019326126
80,25,5498.224561892158
80,24,5647.696478172329
80,23,5798.585146520494
80,22,5950.892513621953
80,21,6104.619481201826
80,20,6259.766912578402
80,19,6416.336940411072
80,18,7018.978992764077
80,17,7158.964443704941
80,16,7300.053543909428
80,15,7442.248585008743
80,14,7585.552137876928
80,13,7729.965459740483
80,12,8274.739449225808
80,11,8424.979729101084
80,10,19037.147936922203
80,9,19425.298546913655
80,8,19816.621755400858
80,7,20211.125859125008
80,6,20608.819227450906
80,5,21009.710213169008
80,4,22668.1642810763
80,3,23054.49057211866
80,2,92907.0649915796
80,1,94495.53704819953
81,81,20.634146803247074
81,80,57.337981685153686
81,79,65.68802823615594
81,78,39.34006077845587
81,77,57.194022675944574
81,76,76.21330079457516
81,75,96.03481979376639
81,74,116.33594275395333
81,73,136.90203623639243
81,72,157.62938359924036
81,71,178.49363913174201
81,70,199.4752018029218
81,69,220.75237574435923
81,68,346.77029538771563
81,67,369.82593033010363
81,66,393.1673225647662
81,65,416.7894547381557
81,64,440.68698472386205
81,63,464.865752022034
81,62,527.1535262027296
81,61,591.8222901635804
81,60,618.8815892949218
81,59,641.7236768076378
81,58,693.4504695231243
81,57,746.1117811890787
81,56,799.7050885975306
81,55,854.2284776921441
81,54,909.6796758992863
81,53,966.0577519492929
81,52,1023.3612189250858
81,51,1081.5889356013622
81,50,1140.7398647862808
81,49,1200.8130400731873
81,48,1261.804999639356
81,47,1323.724569535819
81,46,1625.0725944721635
81,45,1682.9398558042833
81,44,1741.4657219360538
81,43,1800.6504490426305
81,42,1860.4942710833304
81,41,1920.997398980176
81,40,1982.1600201300503
81,39,2043.9822981859197
81,38,2106.46553143728
81,37,2169.605336474585
81,36,2470.772205283698
81,35,2531.920004092215
81,34,2593.6292234504185
81,33,2655.901343059681
81,32,2718.739078971926
81,31,2782.138730806027
81,30,3018.2727325308933
81,29,3085.6884429845363
81,28,5237.6220697581475
81,27,5385.251569011367
81,26,5534.296586618498
81,25,5684.758583738659
81,24,5836.638098318561
81,23,5989.936961011225
81,22,6144.656183851132
81,21,6300.796941797872
81,20,6458.36013821913
81,19,6617.347902081601
81,18,7236.970528283079
81,17,7379.245036776343
81,16,7522.6283632783925
81,15,7667.122857271001
81,14,7812.7310755404615
81,13,7959.4543665454685
81,12,8523.131025198629
81,11,8675.96355688829
81,10,19581.01814987048
81,9,19975.17204363334
81,8,20372.51602776458
81,7,20773.058259050304
81,6,21176.80821407895
81,5,21583.772858776887
81,4,23309.74376795167
81,3,23702.709633882478
81,2,95449.77270387507
81,1,97064.02224415563
82,82,23.070119655760784
82,81,30.150808609919203
82,80,69.56588651816679
82,79,78.77103890444135
82,78,59.95351341375861
82,77,79.56853677803068
82,76,99.88117435467295
82,75,120.5977374612038
82,74,141.53691898406205
82,73,162.6197506087109
82,72,183.83578427278403
82,71,205.20799463088093
82,70,226.76218653022104
82,69,248.56737244781434
82,68,379.28159685380535
82,67,402.9823639824869
82,66,426.9653025551288
82,65,451.2273105877794
82,64,475.76722018979365
82,63,500.5825747334998
82,62,577.9290391257525
82,61,631.4154657235629
82,60,659.1594768691247
82,59,695.6621297585532
82,58,748.8204730897282
82,57,802.9083751851365
82,56,857.9240122563306
82,55,913.8651683529167
82,54,970.7310289661114
82,53,1028.5201759510705
82,52,1087.2315530844687
82,51,1146.864211816369
82,50,1207.417277099122
82,49,1268.889920483843
82,48,1331.2789243392883
82,47,1394.5927568185018
82,46,1702.919885523914
82,45,1761.9917050930878
82,44,1821.7219485238224
82,43,1882.1108814600927
82,42,1943.1587474462538
82,41,2004.8657673957384
82,40,2067.2321393255543
82,39,2130.2580383162895
82,38,2193.944738567141
82,37,2258.2880088243146
82,36,2566.7810914340153
82,35,2629.0930705836754
82,34,2691.9683653541038
82,33,2755.408435098067
82,32,2819.4159398895945
82,31,2883.987315371572
82,30,3127.00171525196
82,29,3195.7003518255833
82,28,5420.067589129033
82,27,5570.103394271372
82,26,5721.556769001751
82,25,5874.42842782199
82,24,6028.7201105155345
82,23,6184.4328824480435
82,22,6341.5679827864615
82,21,6500.126616394572
82,20,6660.109725908285
82,19,6821.51943800901
82,18,7458.588896788347
82,17,7603.164039640707
82,16,7748.853264231245
82,15,7895.65895151291
82,14,8043.583684319067
82,13,8192.628874357546
82,12,8775.826541848044
82,11,8931.272670003827
82,10,20133.400029775377
82,9,20533.59067046842
82,8,20936.98913090484
82,7,21343.60368054286
82,6,21753.443892458476
82,5,22166.516861690576
82,4,23962.348905326297
82,3,24362.019261021218
82,2,98033.73326475723
82,1,99673.97994703494
83,83,25.709606713292985
83,82,33.155652435926974
83,81,41.13254314778757
83,80,83.20434070043119
83,79,93.31950332364802
83,78,83.05055862781869
83,77,103.82906009801172
83,76,124.94498588319621
83,75,146.24713735190127
83,74,167.68013369316813
83,73,189.2438697965745
83,72,210.96657037730472
83,71,232.88387042972732
83,70,255.03454444165317
83,69,277.4327162793233
83,68,412.897698204187
83,67,437.24201802663555
83,66,461.8668638847688
83,65,486.7709633397089
83,64,511.9547064738253
83,63,537.4130940288644
83,62,630.4449695863062
83,61,672.1768202084695
83,60,700.6108784070553
83,59,751.3388046246201
83,58,805.9233351339452
83,57,861.4326255479646
83,56,917.8658020046854
83,55,975.2213005616287
83,54,1033.4979936635357
83,53,1092.6949045187398
83,52,1152.8111682816623
83,51,1213.845997067086
83,50,1275.7986520648058
83,49,1338.6684217847078
83,48,1402.452307329519
83,47,1467.1584346051195
83,46,1782.5092117238303
83,45,1842.7862444030698
83,44,1903.7215778396233
83,43,1965.3154868214835
83,42,2027.5682243347
83,41,2090.4800212604564
83,40,2154.051086291717
83,39,2218.28160603341
83,38,2283.1728312341356
83,37,2348.7206814469528
83,36,2664.6831753169236
83,35,2728.1636625108204
83,34,2792.20939021904
83,33,2856.8218001743276
83,32,2922.003139448357
83,31,2987.7514187528745
83,30,3237.8408517699822
83,29,3307.8307209122704
83,28,5605.642603525414
83,27,5758.088508068114
83,26,5911.953896799361
83,25,6067.23953745831
83,24,6223.947170520376
83,23,6382.077897538539
83,22,6541.632984023453
83,21,6702.613664540898
83,20,6865.02092028324
83,19,7028.856876911503
83,18,7683.852239543597
83,17,7830.739766278551
83,16,7978.746726448478
83,15,8127.875532588677
83,14,8278.128793934924
83,13,8429.507984048465
83,12,9032.861420684869
83,11,9190.942781100592
83,10,20694.34049315212
83,9,21100.60178847046
83,8,21510.08887020543
83,7,21922.810120336693
83,6,22338.77520880285
83,5,22757.991359072937
83,4,24626.087488803278
83,3,25032.528066819712
83,2,100659.29824821018
83,1,102325.764447894
84,84,28.479669630730463
84,83,36.27055424647279
84,82,44.61106454315786
84,81,53.50595520652782
84,80,98.10166735097948
84,79,109.10031524396439
84,78,107.86880261994362
84,77,129.3684664741064
84,76,151.02554133613276
84,75,172.8032612939499
84,74,194.71112434745115
84,73,216.78120559695572
84,72,239.04988442052365
84,71,261.55197656002497
84,70,284.3244849084569
84,69,307.3596637614755
84,68,447.61728492556085
84,67,472.60542550032454
84,66,497.87417076552344
84,65,523.422336815686
84,64,549.2541053477886
84,63,575.3610423270253
84,62,679.8402892210421
84,61,708.5388593145678
84,60,753.6658640866799
84,59,808.7485587985778
84,58,864.7537048522051
84,57,921.6804781004806
84,56,979.5274065831995
84,55,1038.2934477418337
84,54,1097.977704278049
84,53,1158.5793901356496
84,52,1220.0977998725873
84,51,1282.5322802764822
84,50,1345.8822076644033
84,49,1410.1469702975946
84,48,1475.3239179531622
84,47,1541.4202431405247
84,46,1863.8419004450857
84,45,1925.324892445223
84,44,1987.466117935156
84,43,2050.2658606565287
84,42,2113.7243829802633
84,41,2177.841925789248
84,40,2242.6187085383326
84,39,2308.054929469934
84,38,2374.151816655798
84,37,2440.905437857627
84,36,2764.4854481141624
84,35,2829.138854461775
84,34,2894.359457871926
84,33,2960.1486842724044
84,32,3026.5087461139515
84,31,3093.4377257242613
84,30,3350.803685187313
84,29,3422.0932242243402
84,28,5794.351758514225
84,27,5949.211775164406
84,26,6105.492867499432
84,25,6263.196626706536
84,24,6422.324280816084
84,23,6582.877095783116
84,22,6744.8563632074765
84,21,6908.263347166975
84,20,7073.099066673419
84,19,7239.365647628487
84,18,7912.77896844119
84,17,8061.990801000166
84,16,8212.32750628234
84,15,8363.791528510286
84,14,8516.385503649572
84,13,8670.110965804315
84,12,9294.271566781357
84,11,9455.01008628203
84,10,21263.887090869986
84,9,21676.253392962073
84,8,22091.863685245145
84,7,22510.726462079445
84,6,22932.851490621557
84,5,23358.24612211978
84,4,25301.068672501035
84,3,25714.346023058304
84,2,103326.8235753468
84,1,105019.7343849189
85,85,31.300864476005295
85,84,39.4264880550716
85,83,48.10504260630291
85,82,57.344829737654294
85,81,67.13464091181757
85,80,114.09392626501594
85,79,125.91268523786466
85,78,133.86035740177223
85,77,155.86480000696702
85,76,177.98283991247646
85,75,200.2317888099437
85,74,222.64665715688034
85,73,245.2643979052682
85,72,268.1191654876434
85,71,291.23921674170026
85,70,314.65583248443085
85,69,338.3578217678603
85,68,483.44088304273737
85,67,509.0746428976529
85,66,534.9893027216588
85,65,561.1859942345121
85,64,587.6682108523237
85,63,614.4284488818788
85,62,722.0839406867955
85,61,751.4795050536316
85,60,811.3833224858752
85,59,867.8860272281893
85,58,925.3081258793457
85,57,983.6482232660626
85,56,1042.9053572195392
85,55,1103.0787122224365
85,54,1164.1675804753513
85,53,1226.1713343871515
85,52,1289.0894020040582
85,51,1352.9212436536884
85,50,1417.666333510805
85,49,1483.324145429824
85,48,1549.892185690251
85,47,1617.3774227464828
85,46,1946.9193823752191
85,45,2009.6091680166974
85,44,2072.957173912018
85,43,2136.9636926667877
85,42,2201.6289960465997
85,41,2266.95333500792
85,40,2332.9369398756817
85,39,2399.5800206522495
85,38,2466.883783605445
85,37,2534.8444420487044
85,36,2866.195036961991
85,35,2932.0258582641295
85,34,2998.4258654461455
85,33,3065.3964706397614
85,32,3132.9398539182002
85,31,3201.05416951001
85,30,3465.9039805658117
85,29,3538.501758076033
85,28,5986.199806196266
85,27,6143.477773316287
85,26,6302.178875514304
85,25,6462.304714020933
85,24,6623.856547019952
85,23,6786.835669081833
85,22,6951.243397692778
85,21,7117.081026241859
85,20,7284.349610885086
85,19,7453.051278902636
85,18,8145.387765863042
85,17,8296.935998321738
85,16,8449.614630028083
85,15,8603.426136984648
85,14,8758.373182193367
85,13,8914.457359065587
85,12,9560.09336874096
85,11,9723.511265075784
85,10,21842.08800812916
85,9,22260.594113516603
85,8,22682.362649785664
85,7,23107.402223539364
85,6,23535.722699494996
85,5,23967.331556055222
85,4,25987.402969050778
85,3,26407.58446001118
85,2,106036.66951441002
85,1,107756.25274342518
86,86,34.116906883573606
86,85,42.571008798688105
86,84,51.57911176524883
86,83,61.14321006389892
86,82,71.25672476537112
86,81,81.89805362506961
86,80,131.06943497556892
86,79,143.64652599776483
86,78,160.758781601862
86,77,183.2134842636299
86,76,205.80101753003632
86,75,228.55854590746208
86,74,251.52329482238142
86,73,274.72874451010745
86,72,298.202413520226
86,71,321.9670913038734
86,70,346.0462343076619
86,69,370.4349257413543
86,68,520.3704694687739
86,67,546.6517598641777
86,66,573.2161720613155
86,65,600.0647299007464
86,64,627.2015551554357
86,63,654.619871298449
86,62,765.5073427838275
86,61,795.6056793245315
86,60,870.8286225398451
86,59,928.7477108864375
86,58,987.5826591104192
86,57,1047.3325779472511
86,56,1107.9967298803876
86,55,1169.5744859617791
86,54,1232.0652948972931
86,53,1295.4686613397062
86,52,1359.7841256784932
86,51,1425.011244525646
86,50,1491.1495757334574
86,49,1558.1986670599554
86,48,1626.1561684029168
86,47,1695.028826147744
86,46,2031.7431883010938
86,45,2095.6406870546275
86,44,2160.1964452199495
86,43,2225.4107642477215
86,42,2291.2839253543393
86,41,2357.816189670224
86,40,2425.0077985136427
86,39,2492.8589737680754
86,38,2561.3709008450946
86,37,2630.5399356289486
86,36,2969.819206243359
86,35,3036.8320227687386
86,34,3104.4160471255655
86,33,3172.572679495944
86,32,3241.304069701185
86,31,3310.608443901678
86,30,3583.1557249828757
86,29,3657.0704411258885
86,28,6181.191604588672
86,27,6340.891585029311
86,26,6502.01681981363
86,25,6664.568921328428
86,24,6828.5491774766015
86,23,6993.958911374169
86,22,7160.799466223514
86,21,7329.072164524017
86,20,7498.778098936583
86,19,7669.919399173484
86,18,8381.697584551732
86,17,8535.59448285525
86,16,8690.627393826613
86,15,8846.798825332622
86,14,9004.111467696745
86,13,9162.56697247189
86,12,9830.363698668134
86,11,9996.483480410412
86,10,22428.992064438444
86,9,22853.673213942784
86,8,23281.635471756832
86,7,23712.88755659689
86,6,24147.439431067694
86,5,24585.29870012745
86,4,26685.202249594277
86,3,27112.356066446107
86,2,108789.20068077203
86,1,110535.68685585797
87,87,30.417843006504327
87,86,45.681884125155115
87,85,55.01472996864791
87,84,64.89830974838503
87,83,75.3227789350073
87,82,86.27048098961835
87,81,97.71362373693353
87,80,148.97062226403122
87,79,162.25650821995097
87,78,188.49045019923088
87,77,211.41472723419898
87,76,234.5130836603909
87,75,257.8234405395432
87,74,281.37779917557503
87,73,305.2034451779031
87,72,329.3221936661081
87,71,353.7517576497754
87,70,378.5081740242164
87,69,403.59752117614744
87,68,558.4081518051373
87,67,585.3406052248355
87,66,612.5581673984509
87,65,640.0625476093368
87,64,667.8578482174493
87,63,695.9391188176011
87,62,810.116066862268
87,61,840.9216461897022
87,60,931.998236611782
87,59,991.3296588054745
87,58,1051.5740007313984
87,57,1112.7305966791248
87,56,1174.7988937559585
87,55,1237.7784172806578
87,54,1301.6687459060308
87,53,1366.4694950323178
87,52,1432.180300066041
87,51,1498.8007997448858
87,50,1566.3306239150547
87,49,1634.769384551679
87,48,1704.1148638828668
87,47,1774.3735898774255
87,46,2118.314946165989
87,45,2183.421159945164
87,44,2249.185723182862
87,43,2315.6089462136056
87,42,2382.691119792696
87,41,2450.432515344493
87,40,2518.833385307607
87,39,2587.893963569584
87,38,2657.6154156784637
87,37,2727.9942368707
87,36,3075.3653570568054
87,35,3143.5648336338095
87,34,3212.3375738828977
87,33,3281.6849677426244
87,32,3351.6091368007887
87,31,3422.108378951728
87,30,3702.573127579949
87,29,3777.813614376546
87,28,6379.332117048469
87,27,6541.458261575887
87,26,6705.0118389120435
87,25,6869.994473602233
87,24,7036.407482882003
87,23,7204.25221830402
87,22,7373.530048639647
87,21,7544.242325300285
87,20,7716.3901768394535
87,19,7889.975736390772
87,18,8621.727647490325
87,17,8777.985641824856
87,16,8935.385370955015
87,15,9093.929330412595
87,14,9253.62026762759
87,13,9414.459883811598
87,12,10105.119912140965
87,11,10273.964378594055
87,10,23024.648713595372
87,9,23455.540592266432
87,8,23889.732493245283
87,7,24327.233247235203
87,6,24768.05291504124
87,5,25212.199227605288
87,4,27394.579743782608
87,3,27828.77488962276
87,2,111584.78603693483
87,1,113358.40840179191
88,88,32.58413436033866
88,87,38.849154374911
88,86,58.41301099796872
88,85,68.61323766695867
88,84,79.34709033854213
88,83,90.59492111965343
88,82,102.33144769427042
88,81,114.52637996509131
88,80,167.77191394667827
88,79,181.72910004110804
88,78,217.06948265110526
88,77,240.50747193532376
88,76,264.16177737578647
88,75,288.0638821749196
88,74,312.2401571881151
88,73,336.71166025881934
88,72,361.4954265969867
88,71,386.6053549965699
88,70,412.05088686679164
88,69,437.85025644913276
88,68,597.557684241287
88,67,625.1445764505172
88,66,653.0191142190174
88,65,681.183369703293
88,64,709.6411586722986
88,63,738.3898750470408
88,62,855.9152252726162
88,61,887.4331960182499
88,60,994.888202084963
88,59,1055.6285510522052
88,58,1117.2791878248395
88,57,1179.8396300458915
88,56,1243.309477304604
88,55,1307.6883830649774
88,54,1372.9760345680165
88,53,1439.1721403313054
88,52,1506.2764164855955
88,51,1574.28857222688
88,50,1643.2082997347984
88,49,1713.0352671531386
88,48,1783.7673790286365
88,47,1855.4109500475536
88,46,2206.636378395068
88,45,2272.9523890575247
88,44,2339.9268887299863
88,43,2407.5601967064663
88,42,2475.85261339581
88,41,2544.8044206447094
88,40,2614.4158821435826
88,39,2684.6872438966984
88,38,2755.6196526174135
88,37,2827.2097394954117
88,36,3182.8410270378695
88,35,3252.2319130966243
88,34,3322.1981532224095
88,33,3392.7411286874085
88,32,3463.862934756599
88,31,3535.562148863945
88,30,3824.1704114041254
88,29,3900.7458411654407
88,28,6580.626411738798
88,27,6745.182958285649
88,26,6911.169174658144
88,25,7078.58669846835
88,24,7247.436875933728
88,23,7417.721086908464
88,22,7589.4407256041095
88,21,7762.59717214481
88,20,7937.191590397385
88,19,8113.226117838339
88,18,8865.497447791591
88,17,9024.129154758095
88,16,9183.908381953366
88,15,9344.837658550188
88,14,9506.919758730024
88,13,9670.15643997603
88,12,10384.39984818667
88,11,10555.992089293164
88,10,23629.108043666336
88,9,24066.24678071757
88,8,24506.704690482922
88,7,24950.490715531414
88,6,25397.615015170202
88,5,25848.085445773235
88,4,28115.650039774373
88,3,28556.956335292813
88,2,114423.79889252968
88,1,116224.79340793118
89,89,2.3101474361415733
89,88,41.24201129797194
89,87,47.764292545955655
89,86,72.30002491633596
89,85,83.34205140677712
89,84,94.8900142170414
89,83,106.91864894722057
89,82,119.39734507548147
89,81,132.29812594613165
89,80,187.46011279557717
89,79,202.06087326009296
89,78,246.5389735087902
89,77,270.53624695037604
89,76,294.7847417730372
89,75,319.3106962475172
89,74,344.1338702994909
89,73,369.27081368806535
89,72,394.73485811334854
89,71,420.5370223289105
89,70,446.681191070563
89,69,473.19735757719934
89,68,637.8224680512827
89,67,666.0675085449966
89,66,694.602965137537
89,65,723.4311658257658
89,64,752.555487863928
89,63,781.9758992061355
89,62,902.9103450552859
89,61,935.1458235379096
89,60,1059.4951875760016
89,59,1121.6414115349057
89,58,1184.6955562159665
89,57,1248.6572902790301
89,56,1313.526339807057
89,55,1379.3024652489296
89,54,1445.985445091606
89,53,1513.575066532961
89,52,1582.071114595071
89,51,1651.4733592699822
89,50,1721.7815470571709
89,49,1792.9953953581803
89,48,1865.1129230898123
89,47,1938.140235964616
89,46,2296.7092994417994
89,45,2364.2362664834545
89,44,2432.4219103079777
89,43,2501.266559273811
89,42,2570.7705235709436
89,41,2640.934095605312
89,40,2711.7575504421916
89,39,2783.241146315328
89,38,2855.3860121440243
89,37,2928.188911550953
89,36,3292.253890168428
89,35,3362.8410197462495
89,34,3434.005628925708
89,33,3505.7490917693226
89,32,3578.0734790322326
89,31,3650.977432119307
89,30,3947.9626530147975
89,29,4025.881907149063
89,28,6785.0796611356245
89,27,6952.070934093933
89,26,7120.494171827729
89,25,7290.3510258401775
89,24,7461.64287100674
89,23,7634.371115329191
89,22,7808.537178341958
89,21,7984.142468707009
89,20,8161.188185014653
89,19,8339.676469970776
89,18,9113.026748593282
89,17,9274.044948291243
89,16,9436.216539652245
89,15,9599.544085473919
89,14,9764.03038697331
89,13,9929.677256911975
89,12,10668.241829255954
89,11,10842.605225514719
89,10,24242.42077696971
89,9,24685.84294571529
89,8,25132.603673835758
89,7,25582.712015649686
89,6,26036.178229254936
89,5,26493.010295930217
89,4,28848.529084232963
89,3,29297.017167698632
89,2,117306.61690431756
89,1,119135.22224810945
90,90,3.6263093822641825
90,89,93.73296603553075
90,88,27.408133301816253
90,87,-4.072596747845713
90,86,87.32222942276893
90,85,99.17040406418336
90,84,111.49149265466791
90,83,124.2567555419028
90,82,137.4325459802331
90,81,150.99680815903972
90,80,208.02854499835254
90,79,223.24984680132977
90,78,276.94453998303317
90,77,301.5388598313872
90,76,326.41345588254745
90,75,351.5874076937509
90,74,377.07667737178645
90,73,402.8942845204357
90,72,429.04987069817025
90,71,455.5539898888404
90,70,482.40396838925716
90,69,509.64209951135564
90,68,679.2063409714419
90,67,708.1133750408171
90,66,737.313735521903
90,65,766.8099301208331
90,64,796.6048084219523
90,63,826.7009665771902
90,62,951.1071126264036
90,61,984.0651773041842
90,60,1125.8162079361718
90,59,1189.3655651709983
90,58,1253.8207054576444
90,57,1319.1814224565405
90,56,1385.4475475074828
90,55,1452.618930857909
90,54,1520.6954280887808
90,53,1589.6768932465473
90,52,1659.563170422281
90,51,1730.354082367613
90,50,1802.0494229405672
90,49,1874.648954553779
90,48,1948.150800060002
90,47,2022.5608650710442
90,46,2388.5356135418747
90,45,2457.2747719588374
90,44,2526.672841959933
90,43,2596.7301610916734
90,42,2667.447049462699
90,41,2738.8238101708403
90,40,2810.8607297816566
90,39,2883.5580776831916
90,38,2956.916970739403
90,37,3030.9342943724637
90,36,3403.6117565792033
90,35,3475.4000482964384
90,34,3547.7679808023727
90,33,3620.716922296479
90,32,3694.248920746168
90,31,3768.362681157667
90,30,4073.9645126577366
90,29,4153.236820163771
90,28,6992.697192396604
90,27,7162.127500293646
90,26,7332.992277748112
90,25,7505.292987578168
90,24,7679.031083851764
90,23,7854.208002545217
90,22,8030.825188431392
90,21,8208.884078478333
90,20,8388.38590551744
90,19,8569.33281826356
90,18,9364.335582962687
90,17,9527.753226445797
90,16,9692.330218741354
90,15,9858.069156251642
90,14,10024.972867500239
90,13,10193.043219581405
90,12,10956.684661202822
90,11,11133.84288358678
90,10,24864.638270059102
90,9,25314.380887855008
90,8,25767.481584303754
90,7,26223.949939323782
90,6,26683.79568913819
90,5,27147.027353384558
90,4,29593.334182326424
90,3,30049.075509572813
90,2,120233.6220761887
90,1,122090.07964328994
91,91,19.378370960048482
91,90,81.20622627621403
91,89,16.54126703445894
91,88,8.756483725518178
91,87,23.602828496190522
91,86,103.4496747562402
91,85,116.06393291925711
91,84,129.11556449915943
91,83,142.5744004196531
91,82,156.4059983277053
91,81,170.59636633419404
91,80,229.4706994919739
91,79,245.2930163208713
91,78,308.3245365025691
91,77,333.5470300818142
91,76,359.07102277085
91,75,384.9119120434249
91,74,411.0821968965751
91,73,437.5911067195538
91,72,464.44877821462245
91,71,491.66082430314367
91,70,519.2237091599841
91,69,547.1871805473868
91,68,721.7132922433406
91,67,751.2862256762488
91,66,781.1554722281625
91,65,811.3236614398579
91,64,841.7930703206125
91,63,872.5688605950986
91,62,1000.5113558409064
91,61,1034.197044432925
91,60,1193.8485808593703
91,59,1258.7986024204106
91,58,1324.6524696821557
91,57,1391.4100802161406
91,56,1459.0713533363482
91,55,1527.6362149610761
91,54,1597.1045861787823
91,53,1667.4763781702634
91,52,1738.7514859368619
91,51,1810.9297779081276
91,50,1884.0110915221123
91,49,1957.9952259892711
91,48,2032.880404516097
91,47,2108.672337761467
91,46,2482.1173126438252
91,45,2552.0699709497376
91,44,2622.681821554177
91,43,2693.9532113280416
91,42,2765.8844704388957
91,41,2838.4759128081278
91,40,2911.727836617306
91,39,2985.640523770639
91,38,3060.215075034597
91,37,3135.448501618151
91,36,3516.922572349693
91,35,3589.91702935973
91,34,3663.493324446427
91,33,3737.6528211931454
91,32,3812.3975464135683
91,31,3887.726268224071
91,30,4202.191087686614
91,29,4282.825810676813
91,28,7203.484281003701
91,27,7375.358226077335
91,26,7548.669041945207
91,25,7723.418217176118
91,24,7899.607231313146
91,23,8077.237548123323
91,22,8256.310637545781
91,21,8436.827964642198
91,20,8618.790795990784
91,19,8802.201287070384
91,18,9619.444244927741
91,17,9785.274471761846
91,16,9952.27006336605
91,15,10120.433685236303
91,14,10289.768184577923
91,13,10460.275481925633
91,12,11249.76763326116
91,11,11429.744643143544
91,10,25495.81251370753
91,9,25951.913041896674
91,8,26411.39150909341
91,7,26874.257600268982
91,6,27340.521160698627
91,5,27810.190827452283
91,4,30350.183997725377
91,3,30813.250842136997
91,2,123205.20075916324
91,1,125089.75466156544
92,92,3.64855762927667
92,91,98.25469452966006
92,90,-1.3310985308327035
92,89,9.903902018715433
92,88,21.967915758770648
92,87,42.8073968430931
92,86,120.6475072444646
92,85,133.9863426626952
92,84,147.72689256123982
92,83,161.83954726449346
92,82,176.28994650413338
92,81,191.07380725197268
92,80,251.78012623586443
92,79,268.1866229913683
92,78,340.7101756346489
92,77,366.583601279294
92,76,392.77552232005786
92,75,419.2979475075412
92,74,446.15969649822995
92,73,473.37026476013534
92,72,500.9360300124514
92,71,528.8626012190398
92,70,557.1432229013636
92,69,585.8348556765225
92,68,765.347397487446
92,67,795.590150100361
92,66,826.1322342750178
92,65,856.9763556520945
92,64,888.124201224761
92,63,919.5831061579872
92,62,1051.1292925550244
92,61,1085.54734665085
92,60,1263.5898909780187
92,59,1329.9383496589137
92,58,1397.1888930219693
92,57,1465.3415052745029
92,56,1534.3961796262872
92,55,1604.3529060298808
92,54,1675.2116615302537
92,53,1746.9724064497386
92,52,1819.6350794739474
92,51,1893.19959127534
92,50,1967.6658138819148
92,49,2043.033583596158
92,48,2119.301215591789
92,47,2196.4742330650697
92,46,2577.4564745053613
92,45,2648.6240128857457
92,44,2720.451069146701
92,43,2792.9379996270513
92,42,2866.0851446915826
92,41,2939.892829214824
92,40,3014.3613630997816
92,39,3089.491040838698
92,38,3165.282343576757
92,37,3241.734822965437
92,36,3632.194419307411
92,35,3706.4001292256007
92,34,3781.189910999348
92,33,3856.5654558784845
92,32,3932.527446578507
92,31,4009.076700468941
92,30,4332.657697932745
92,29,4414.664331030894
92,28,7417.446463365272
92,27,7591.7686251775895
92,26,7767.530115818428
92,25,7944.7324494657605
92,24,8123.377131069986
92,23,8303.465651986699
92,22,8484.999507274673
92,21,8667.980189868467
92,20,8852.408999624755
92,19,9038.288099493593
92,18,9878.37332521363
92,17,10046.629409406063
92,16,10216.056987064583
92,15,10386.65875601129
92,14,10558.43759155552
92,13,10731.395466826763
92,12,11547.530518028309
92,11,11730.350567107815
92,10,26135.99613289375
92,9,26598.49247675202
92,8,27064.386855762055
92,7,27533.689060022458
92,6,28006.409043848907
92,5,28482.555561452762
92,4,31119.19855260186
92,3,31589.66400510209
92,2,126221.74365139059
92,1,128134.64071815819
93,93,39.461461669424075
93,92,64.94712617820136
93,91,-2.6758362814878462
93,90,9.751871722228408
93,89,24.425068490233617
93,88,42.29551448727782
93,87,122.52249586541404
93,86,136.0177693229081
93,85,149.96361678915068
93,84,163.65897651770612
93,83,132.12538651928367
93,82,197.0599735520631
93,81,212.40907775475597
93,80,274.9507588842992
93,79,291.9267228889225
93,78,374.124138054717
93,77,400.6666035338087
93,76,427.54072073630766
93,75,454.75490387466874
93,74,482.3183185961161
93,73,510.23704750829125
93,72,538.5163693207719
93,71,567.1624108387552
93,70,596.165006730291
93,69,625.5870378522999
93,68,810.112780996132
93,67,841.0292566914775
93,66,872.248082551474
93,65,903.7719974758649
93,64,935.6021144892073
93,63,967.7480285822924
93,62,1102.96665368665
93,61,1138.1219434506302
93,60,1335.0379599464468
93,59,1402.782844371301
93,58,1471.4282087771512
93,57,1540.9741099038517
93,56,1611.4206032778827
93,55,1682.7673168563356
93,54,1755.015941468019
93,53,1828.1639808540224
93,52,1902.2130800467394
93,51,1977.1627657230333
93,50,2053.0129456164173
93,49,2129.763486533823
93,48,2207.4127933655586
93,47,2285.966204683143
93,46,2674.5552609382985
93,45,2746.939129528451
93,44,2819.982885467731
93,43,2893.6868947045546
93,42,2968.051507941299
93,41,3043.077061123638
93,40,3118.763874921609
93,39,3195.1122606946237
93,38,3272.122704269808
93,37,3349.794779922732
93,36,3749.4355148201957
93,35,3824.857649648122
93,34,3900.866126922577
93,33,3977.4626234623797
93,32,4054.6478521470303
93,31,4132.422619720881
93,30,4465.37988520289
93,29,4548.768055905794
93,28,7634.5893248971715
93,27,7811.364367072586
93,26,7989.581252336386
93,25,8169.241520345433
93,24,8350.34670138954
93,23,8532.898314194386
93,22,8716.897878933538
93,21,8902.346916155555
93,20,9089.246758570996
93,19,9277.599577261022
93,18,10141.143656955512
93,17,10311.839061310764
93,16,10483.71217271118
93,15,10656.76572134143
93,14,10831.002610821779
93,13,11006.424866075808
93,12,11850.013571443274
93,11,12035.70120167824
93,10,26785.242386789596
93,9,27254.172895474916
93,8,27726.521771121814
93,7,28202.29890902543
93,6,28681.514372528643
93,5,29164.17703270803
93,4,31900.49922762813
93,3,32378.437196666964
93,2,129283.64579814971
93,1,131225.13557542002
94,94,38.94749064166196
94,93,45.418270032728095
94,92,-3.982008193936993
94,91,9.147183903052616
94,90,24.944140015296075
94,89,109.03939968389457
94,88,121.96627227123705
94,87,135.43422071368406
94,86,149.1969380428479
94,85,109.63641946719531
94,84,134.19435398792308
94,83,158.30907596343988
94,82,218.69488673722543
94,81,234.58560106577355
94,80,298.97603953878723
94,79,316.50873941236625
94,78,408.5843234331193
94,77,435.80975880929304
94,76,463.37604037249037
94,75,491.29204501244044
94,74,519.5635521083808
94,73,548.1955323693587
94,72,577.1939324492897
94,71,606.56300143067
94,70,636.2911236582636
94,69,666.4453775115169
94,68,856.013593467254
94,67,887.6076639601022
94,66,919.5070718795619
94,65,951.7145535773584
94,64,984.2307187089096
94,63,1017.0671449989374
94,62,1156.0294563916625
94,61,1191.9274588317246
94,60,1408.190821296699
94,59,1477.3303141277415
94,58,1547.3688217457461
94,57,1618.3064619223267
94,56,1690.1429273259575
94,55,1762.8795785177
94,54,1836.515174509113
94,53,1911.0506008988714
94,52,1986.4847153047247
94,51,2062.8186406395866
94,50,2140.0519291846404
94,49,2218.184126055653
94,48,2297.2151238477077
94,47,2377.147977413996
94,46,2773.41591618208
94,45,2847.0176334621697
94,44,2921.2796505167053
94,43,2996.202343052082
94,42,3071.7860722336004
94,41,3148.0311851951865
94,40,3224.9380145990644
94,39,3302.506884172617
94,38,3380.7382910393244
94,37,3459.6318288291623
94,36,3868.6542116256446
94,35,3945.298027605402
94,34,4022.53088150435
94,33,4100.352886383651
94,32,4178.76711057439
94,31,4257.772802263345
94,30,4600.373413388149
94,29,4685.15288215255
94,28,7854.918553334034
94,27,8034.151223021544
94,26,8214.828305755238
94,25,8396.95136652387
94,24,8580.521960900827
94,23,8765.541634760817
94,22,8952.011933367252
94,21,9139.934404674612
94,20,9329.31041380988
94,19,9520.142140612554
94,18,10407.77635209314
94,17,10580.924709643288
94,16,10755.25707245971
94,15,10930.776203125977
94,14,11107.485033767707
94,13,11285.385640343484
94,12,12157.257532769414
94,11,12345.837576315149
94,10,27443.605168741164
94,9,27919.00863525489
94,8,28397.851036076103
94,7,28880.14237177297
94,6,29365.89281470313
94,5,29855.111352539854
94,4,32694.208761974685
94,3,33179.693973518464
94,2,132391.30659184916
94,1,134361.64134283227
95,95,39.542816484065696
95,94,45.932420602164036
95,93,-5.474022365408564
95,92,8.269471882983913
95,91,24.540611651621724
95,90,44.65198385276361
95,89,126.8404184426397
95,88,140.82105095277245
95,87,155.24029067430553
95,86,169.99723582278583
95,85,137.4142081373024
95,84,161.5168703168211
95,83,185.17083988179817
95,82,241.17659702467867
95,81,257.58892174549845
95,80,323.8504456996912
95,79,341.92862555419106
95,78,444.10435154548605
95,77,472.0224569742042
95,76,500.29083933271534
95,75,528.9149801450733
95,74,557.8995546686283
95,73,587.250337394074
95,72,616.9713712362905
95,71,647.0666674442101
95,70,677.5233209108303
95,69,708.4113220624686
95,68,903.0539989736094
95,67,935.3294843865917
95,66,967.9132424798297
95,65,1000.8080036926054
95,64,1034.0139082888631
95,63,1067.54427190904
95,62,1210.3242855804745
95,61,1246.969887520643
95,60,1483.0466993315329
95,59,1553.5791586626144
95,58,1625.0092930360497
95,57,1697.3372717413508
95,56,1770.562851223075
95,55,1844.687376818819
95,54,1919.7096985125725
95,53,1995.6303314247098
95,52,2072.449316962232
95,51,2150.166649296445
95,50,2228.7822979210223
95,49,2308.2961833361965
95,48,2388.7071897431906
95,47,2470.0193439096033
95,46,2874.0407654025234
95,45,2948.861916694366
95,44,3024.343822267124
95,43,3100.48686772456
95,42,3177.2914248231914
95,41,3254.7578519860726
95,40,3332.8864939401797
95,39,3411.6776868583765
95,38,3491.131938925091
95,37,3571.2488642526446
95,36,3989.8589975907535
95,35,4067.7298351377317
95,34,4146.192041791849
95,33,4225.245775040797
95,32,4304.89404765869
95,31,4385.136158626653
95,30,4737.654268442083
95,29,4823.834923246201
95,28,8078.439943911432
95,27,8260.135065785556
95,26,8443.277231345975
95,25,8627.868025283711
95,24,8813.90902838
95,23,9001.401813443164
95,22,9190.347950813397
95,21,9380.749015627272
95,20,9572.606405026278
95,19,9765.9223081937
95,18,10678.29279210152
95,17,10853.907905945454
95,16,11030.713407693296
95,15,11208.712092356527
95,14,11387.906920749847
95,13,11568.30001914072
95,12,12469.303624588496
95,11,12660.801203725807
95,10,28111.139006267673
95,9,28593.054667400294
95,8,29078.43006561179
95,7,29567.275306810658
95,6,30059.600672357625
95,5,30555.415266266267
95,4,33500.45125331079
95,3,33993.55925083031
95,2,135545.12977202705
95,1,137544.56447700577
96,96,3.4389092095247284
96,95,109.19965417982725
96,94,-7.0856026520070925
96,93,7.447303540923185
96,92,24.959343524473876
96,91,46.702521230101425
96,90,193.29524615545853
96,89,140.4323807504077
96,88,154.73750998332662
96,87,115.362867043763
96,86,140.59633584555212
96,85,164.96110555764486
96,84,188.9169726688245
96,83,244.9960300919979
96,82,261.61072796894126
96,81,252.26530487449025
96,80,349.56883399333515
96,79,368.18305118012245
96,78,480.69353217772715
96,77,509.3141221933286
96,76,538.2907851173493
96,75,567.6279148921459
96,74,597.3311201551952
96,73,627.4042449932097
96,72,657.8511329621921
96,71,688.6753601801935
96,70,719.8631073510487
96,69,751.486175639976
96,68,951.2381632008127
96,67,984.1988216533691
96,66,1017.47063407033
96,65,1051.0563178603384
96,64,1084.9555834100925
96,63,1119.183228487558
96,62,1265.8573955773852
96,61,1303.2557882441627
96,60,1559.6039910041784
96,59,1631.5279346010543
96,58,1704.3483269943927
96,57,1778.0653811325333
96,56,1852.6789079663754
96,55,1928.1902420077802
96,54,2004.598307512905
96,53,2081.9036314558175
96,52,2160.106284512218
96,51,2239.2062917007734
96,50,2319.203640706081
96,49,2400.0982787148996
96,48,2481.88914359057
96,47,2564.5801617345774
96,46,2976.4322133002597
96,45,3052.474449356642
96,44,3129.1779354542673
96,43,3206.543067224639
96,42,3284.570227135078
96,41,3363.2597840644326
96,40,3442.6120985785906
96,39,3522.62751379171
96,38,3603.3065524647545
96,37,3684.6488492069448
96,36,4113.0584955532295
96,35,4192.162217604909
96,34,4271.858362794524
96,33,4352.149762554896
96,32,4433.037623473007
96,31,4514.52173339079
96,30,4877.238658358044
96,29,4964.830531230284
96,28,8305.159377089953
96,27,8489.321869338532
96,26,8674.934085164243
96,25,8861.997634260935
96,24,9050.51412256602
96,23,9240.485149563257
96,22,9431.912310729214
96,21,9624.797208109727
96,20,9819.14127049283
96,19,10014.946686998155
96,18,10952.714637882422
96,17,11130.810471080993
96,16,11310.103168976508
96,15,11490.595549076435
96,14,11672.290601056322
96,13,11855.190500807072
96,12,12786.193552768815
96,11,12980.634079855205
96,10,28787.899061042313
96,9,29276.366597335043
96,8,29768.314908792778
96,7,30263.75420672817
96,6,30762.6948814961
96,5,31265.14615320064
96,4,34319.35215780181
96,3,34820.15930226345
96,2,138745.52342535084
96,1,140774.31578168095
97,97,40.76656846993532
97,96,46.98661043140385
97,95,-8.627902687557658
97,94,6.981082707056553
97,93,25.968706551848772
97,92,48.431408549256005
97,91,72.70252189726222
97,90,267.05209281950863
97,89,157.7281052381062
97,88,118.4431477618531
97,87,143.82039759677465
97,86,168.39760089826808
97,85,192.6561385762574
97,84,248.78890267630135
97,83,265.5927691024884
97,82,256.7884562574754
97,81,282.39420590272886
97,80,376.1267758557376
97,79,395.2683141063445
97,78,518.3613325845357
97,77,547.690434803049
97,76,577.3801021247224
97,75,607.4357834044523
97,74,637.8611307355578
97,73,668.6598254864904
97,72,699.8352997344217
97,71,731.3907735946634
97,70,763.311823276312
97,69,795.6711315400247
97,68,1000.5702442931806
97,67,1034.219775598309
97,66,1068.1832904256105
97,65,1102.463470571466
97,64,1137.0596472251382
97,63,1171.9878599162796
97,62,1322.6355462848949
97,61,1360.7914243146852
97,60,1637.861250555885
97,59,1711.1753422718011
97,58,1785.3847598692855
97,57,1860.489338203229
97,56,1936.4905977684373
97,55,2013.3873664981847
97,54,2091.180300342939
97,53,2169.869522515643
97,52,2249.4551278157546
97,51,2329.937164790348
97,50,2411.315644027671
97,49,2493.5905354494503
97,48,2576.7608281686475
97,47,2660.8303506851016
97,46,3080.592742813803
97,45,3157.857778503543
97,44,3235.784600453983
97,43,3314.3736144590985
97,42,3393.625213800364
97,41,3473.5397789017557
97,40,3554.117682221365
97,39,3635.3592798672616
97,38,3717.265105005319
97,37,3799.8348145345467
97,36,4238.2614631237
97,35,4318.6031241321925
97,34,4399.539662462318
97,33,4481.073858767994
97,32,4563.2069321713725
97,31,4645.938704997122
97,30,5019.143013144528
97,29,5108.1562638706755
97,28,8535.082851077246
97,27,8721.717708622873
97,26,8909.80502380227
97,25,9099.346431235992
97,24,9290.34356195327
97,23,9482.798041875027
97,22,9676.711491651722
97,21,9872.085539987604
97,20,10068.921646962552
97,19,10267.222012431455
97,18,11231.06378954919
97,17,11411.654495182891
97,16,11593.448616009122
97,15,11776.449002341718
97,14,11960.65867287595
97,13,12146.079852475574
97,12,13107.969506461042
97,11,13305.378683873787
97,10,29473.94112888472
97,9,29969.00066458841
97,8,30467.562248753457
97,7,30969.636198156135
97,6,31475.233012136403
97,5,31984.362026649793
97,4,35151.038290109485
97,3,35659.621759964226
97,2,141992.89998561778
97,1,144051.31040772772
98,98,41.42718256372666
98,97,47.62742803433774
98,96,-9.87183459204968
98,95,7.085301154619904
98,94,27.595420693152672
98,93,51.03468298903104
98,92,75.33924520784088
98,91,99.08626575774986
98,90,331.62890583824884
98,89,121.56147817011376
98,88,147.04418103619832
98,87,171.81814533183908
98,86,196.36048854016857
98,85,252.55669003242815
98,84,269.5502323065827
98,83,261.2482238367106
98,82,287.17286281846407
98,81,313.6647936119255
98,80,403.5206011213516
98,79,423.18293153454226
98,78,557.1130672479246
98,77,587.1559529479094
98,76,617.5638358665603
98,75,648.3415420081886
98,74,679.4922557876395
98,73,711.0192693680858
98,72,742.9256789111208
98,71,775.2144090985738
98,70,807.8706856709872
98,69,840.9672984026091
98,68,1051.054397345209
98,67,1085.3964513434119
98,66,1120.0552547402106
98,65,1155.0334416604187
98,64,1190.330017995469
98,63,1225.9620354335357
98,62,1380.6652233865304
98,61,1419.5835469624003
98,60,1717.8171762376962
98,59,1792.5202143002675
98,58,1868.11754994395
98,57,1944.6090623324596
98,56,2021.9962644567245
98,55,2100.2780463846752
98,54,2179.455070325208
98,53,2259.527493255302
98,52,2340.4954241355704
98,51,2422.3589349727913
98,50,2505.1180575502212
98,49,2588.772783017954
98,48,2673.322149523576
98,47,2758.7698903459486
98,46,3186.524913923106
98,45,3265.0145269853065
98,44,3344.1665022429474
98,43,3423.981255767015
98,42,3504.459191758764
98,41,3585.6007022536255
98,40,3667.406171677822
98,39,3749.8759691306623
98,38,3833.010638069483
98,37,3916.809858324267
98,36,4365.477276417423
98,35,4447.061501439204
98,34,4529.244545994307
98,33,4612.027207627235
98,32,4695.411201807602
98,31,4779.396385571886
98,30,5163.383984795969
98,29,5253.828906346959
98,28,8768.216459838584
98,27,8957.328759305752
98,26,9147.896304184349
98,25,9339.920753940156
98,24,9533.40376463365
98,23,9728.346988388492
98,22,9924.752071063383
98,21,10122.620667778448
98,20,10321.95426956547
98,19,10522.755087487885
98,18,11513.362447106761
98,17,11696.462337602496
98,16,11880.772277587028
98,15,12066.2951501859
98,14,12253.03400326894
98,13,12440.991110049878
98,12,13434.674158084565
98,11,13635.07797816488
98,10,30169.32163974998
98,9,30671.013742790088
98,8,31176.229402693272
98,7,31684.979041760376
98,6,32197.27326830771
98,5,32713.121533911268
98,4,35995.637823390236
98,3,36512.07561456567
98,2,145287.67623375444
98,1,147375.9678531455
99,99,42.14692246808362
99,98,48.40681412782342
99,97,-10.63209977317038
99,96,7.823079933135492
99,95,29.699748561504144
99,94,53.795951001663084
99,93,78.16810740305824
99,92,101.85322181665012
99,91,125.08400145514001
99,90,334.23928751204255
99,89,150.24221057064767
99,88,175.2078710304385
99,87,200.02307273077807
99,86,256.30126341468315
99,85,273.4806015775744
99,84,265.6456156185934
99,83,291.9012436773021
99,82,318.68867097834334
99,81,346.09133221710385
99,80,431.7474711391746
99,79,451.92506472612683
99,78,596.9543072272769
99,77,627.7147900513863
99,76,658.8449955679298
99,75,690.3479384924036
99,74,722.2267747458836
99,73,754.4844796797146
99,72,787.1238711690334
99,71,820.1476250770879
99,70,853.5408236810749
99,69,887.3757231996274
99,68,1102.6947829261828
99,67,1137.7329553684854
99,66,1173.0905749536712
99,65,1208.7702237218136
99,64,1244.7706330091878
99,63,1281.1096520472813
99,62,1439.953148245264
99,61,1479.63888411381
99,60,1799.470598837788
99,59,1875.5615056770212
99,58,1952.5457688947965
99,57,2030.4233078719178
99,56,2109.1956216870294
99,55,2188.861662848215
99,54,2269.422100797599
99,53,2350.877113187248
99,52,2433.2268291667037
99,51,2516.471340529853
99,50,2600.6106987977623
99,49,2685.644915054839
99,48,2771.573074446085
99,47,2858.398817856369
99,46,3294.2313625289426
99,45,3373.947392411487
99,44,3454.326399420601
99,43,3535.3688100202025
99,42,3617.0750386256937
99,41,3699.445492121277
99,40,3782.480562202931
99,39,3866.180634130809
99,38,3950.5462607590957
99,37,4035.5771453736184
99,36,4494.71397768621
99,35,4577.547444092405
99,34,4660.98220741388
99,33,4745.019087009056
99,32,4829.659794160975
99,31,4914.904220756516
99,30,5309.978447263831
99,29,5401.865465828021
99,28,9004.566398237155
99,27,9196.161297558258
99,26,9389.214283361018
99,25,9583.727039875965
99,24,9779.701248132846
99,23,9977.138586230276
99,22,10176.04072526648
99,21,10376.409346541164
99,20,10578.245971715089
99,19,10781.552823504126
99,18,11799.633069562418
99,17,11985.256626865772
99,16,12172.09695155995
99,15,12360.156959588541
99,14,12549.439728137586
99,13,12739.947578183162
99,12,13766.350663312529
99,11,13969.775408317857
99,10,30874.09765772093
99,9,31382.4633396583
99,8,31894.374321871208
99,7,32409.841132239257
99,6,32928.874488048576
99,5,33451.48395617306
99,4,36853.280289393326
99,3,37377.6512151861
99,2,148630.27329781684
99,1,150748.71196306334
100,100,42.937756751167136
100,99,49.343926842573914
100,98,-10.815067311375813
100,97,9.130980708059553
100,96,32.10793387028739
100,95,56.59247375268072
100,94,80.95345840072814
100,93,104.6480936426296
100,92,127.98141792107839
100,91,151.4593421694648
100,90,339.4111162964739
100,89,178.55766711690578
100,88,203.639616035396
100,87,260.02464967496115
100,86,277.3865329475499
100,85,269.9820396083626
100,84,296.5585328072969
100,83,323.67617821436636
100,82,351.3586873977411
100,81,379.67613765690913
100,80,460.8052491795148
100,79,481.49412254170073
100,78,637.8881605556
100,77,669.371009667415
100,76,701.2263899106503
100,75,733.4573245893625
100,74,766.066670879088
100,73,799.0571422154267
100,72,832.4313223864956
100,71,866.1916747746546
100,70,900.323305680677
100,69,934.8974155342577
100,68,1155.4955648177563
100,67,1191.2333983182323
100,66,1227.2933100065886
100,65,1263.6778270415655
100,64,1300.3854535602536
100,63,1337.4346376673802
100,62,1500.5061424704961
100,61,1540.9642757309946
100,60,1882.8204717036172
100,59,1960.298284481707
100,58,2038.668594265965
100,57,2117.9313548283612
100,56,2198.088051652137
100,55,2279.1376872700425
100,54,2361.0809508128104
100,53,2443.9180287248987
100,52,2527.649071189891
100,51,2612.274188365837
100,50,2697.7934502529974
100,49,2784.206886780462
100,48,2871.5136281585724
100,47,2959.717225864276
100,46,3403.7147994133666
100,45,3484.6591461734893
100,44,3566.2671233080014
100,43,3648.539167013262
100,42,3731.4757059101794
100,41,3815.077153790094
100,40,3899.343917844191
100,39,3984.2763953076824
100,38,4069.8751492022766
100,37,4156.140431145227
100,36,4625.980704577001
100,35,4710.069695151527
100,34,4794.761974685592
100,33,4880.0589085480215
100,32,4965.962204568732
100,31,5052.471789549844
100,30,5458.943496428501
100,29,5552.283171432058
100,28,9244.138961804687
100,27,9438.22169984483
100,26,9633.765418320778
100,25,9830.771826147531
100,24,10029.242629257971
100,23,10229.179531510757
100,22,10430.584229264128
100,21,10633.45842977344
100,20,10837.80368501878
100,19,11043.622229786215
100,18,12089.898385174769
100,17,12278.060260629141
100,16,12467.44570479542
100,15,12658.05766644128
100,14,12849.899252203213
100,13,13042.972830256263
100,12,14103.04266106106
100,11,14309.514903116162
100,10,31588.326880998524
100,9,32103.407596997724
100,8,32622.05559159973
100,7,33144.281498318545
100,6,33670.096143403294
100,5,34199.509208909185
100,4,37724.096578063865
100,3,38256.4802694284
100,2,152021.11665299095
100,1,154169.97092973965
101,101,43.801328650502626
101,100,50.427174228860245
101,99,-10.424669474166274
101,98,10.87473638980245
101,97,34.66544875361645
101,96,59.34968951040569
101,95,83.67218450271032
101,94,107.39741899513528
101,93,130.88455153725627
101,92,154.550723795725
101,91,178.71813387316675
101,90,345.86318474028224
101,89,207.2074673659167
101,88,263.7288791783711
101,87,281.2703492923882
101,86,274.2581073701478
101,85,301.1529502604228
101,84,328.58846543058866
101,83,356.6004327950629
101,82,385.1884116917484
101,81,414.416435237384
101,80,490.69253604684724
101,79,511.88905645673657
101,78,679.9191026568865
101,77,712.1271266150776
101,76,744.7104286259525
101,75,777.6717503607033
101,74,811.013702685794
101,73,844.7387790630469
101,72,878.8493635283971
101,71,913.3477357188306
101,70,948.2191601678434
101,69,983.5333638793131
101,68,1209.4609113593872
101,67,1245.901900729078
101,66,1282.6675349208106
101,65,1319.7602842637812
101,64,1357.1784696122088
101,63,1394.9409560439426
101,62,1562.331130509534
101,61,1603.566669665528
101,60,1967.865861724421
101,59,2046.7297269631229
101,58,2126.4848656385157
101,57,2207.13301241504
101,56,2288.6730150816816
101,55,2371.1056786695954
101,54,2454.4312588739126
101,53,2538.6499594794527
101,52,2623.761947774754
101,51,2709.767351052616
101,50,2796.666256736422
101,49,2884.458712608117
101,48,2973.1438922239495
101,47,3062.725260646635
101,46,3514.9780092697642
101,45,3597.1526325412397
101,44,3679.991577101025
101,43,3763.4952897946087
101,42,3847.664210225639
101,41,3932.498764100529
101,40,4017.9993708199413
101,39,4104.166440426991
101,38,4191.000546032109
101,37,4278.501946038221
101,36,4759.287818316612
101,35,4844.637632913567
101,34,4930.593309546187
101,33,5017.156217474967
101,32,5104.328061773224
101,31,5192.108804154957
101,30,5610.296450067304
101,29,5705.099474189752
101,28,9486.94054652435
101,27,9683.516442729326
101,26,9881.556265815174
101,25,10081.06174930067
101,24,10282.034623955324
101,23,10484.476619197656
101,22,10688.389456649593
101,21,10893.774869316128
101,20,11100.634439193953
101,19,11308.97041353808
101,18,12384.181391406635
101,17,12574.8964056387
101,16,12766.84187314571
101,15,12960.020775520512
101,14,13154.436248978544
101,13,13350.09070835806
101,12,14444.794273478068
101,11,14654.340874530086
101,10,32312.06764189424
101,9,32833.90529068969
101,8,33359.33243124163
101,7,33888.359802749444
101,6,34420.99834041939
101,5,34957.25784128024
101,4,38608.21893813819
101,3,39148.69584338109
101,2,155460.63612159182
101,1,157640.1772925625
102,102,44.73004040270978
102,101,51.62452877200363
102,100,-9.537831908929853
102,99,12.905057880865634
102,98,37.25814966783955
102,97,62.027061532339474
102,96,86.31427229482297
102,95,110.09419224963226
102,94,133.74623095297645
102,93,157.6448438612065
102,92,182.03405456116036
102,91,207.0848380975087
102,90,352.80885308258615
102,89,267.4159067668615
102,88,285.1339844147482
102,87,278.474694422515
102,86,305.68572889866704
102,85,333.43802184438505
102,84,361.7654918824839
102,83,390.68230173284195
102,82,420.1761023534287
102,81,450.30765636719946
102,80,521.4079155955208
102,79,543.110891281741
102,78,723.0496642637738
102,77,755.9855963380724
102,76,789.2992168845938
102,75,822.9930361241283
102,74,857.0694584609162
102,73,891.5307898361538
102,72,926.379241594122
102,71,961.6169327190653
102,70,997.2293921691397
102,69,1033.284546696398
102,68,1264.5950003414343
102,67,1301.7425980946182
102,66,1339.2173454415836
102,65,1377.0216548280882
102,64,1415.1537040966177
102,63,1453.6326114031358
102,62,1625.4351391493515
102,61,1667.4531210883688
102,60,2054.605942853811
102,59,2134.8551058475796
102,58,2215.9948399657005
102,57,2298.026858250643
102,56,2380.9500596228168
102,55,2464.7652664308707
102,54,2549.472737212661
102,53,2635.072694937141
102,52,2721.565322779279
102,51,2808.9507641442124
102,50,2897.2291229531425
102,49,2986.400464021298
102,48,3076.4640025985163
102,47,3167.42312038419
102,46,3628.0238497982436
102,45,3711.430767817183
102,44,3795.502734439403
102,43,3880.240209805939
102,42,3965.643640741293
102,41,4051.7134674548606
102,40,4138.450120941337
102,39,4225.854024045601
102,38,4313.925759906221
102,37,4402.665594754405
102,36,4894.6442050443175
102,35,4981.260769452359
102,34,5068.485807350458
102,33,5156.320692461185
102,32,5244.767127769173
102,31,5333.825109838821
102,30,5764.054847822831
102,29,5860.332047006753
102,28,9732.977648630704
102,27,9932.05210269031
102,26,10132.593482189799
102,25,10334.603545175007
102,24,10538.084047180684
102,23,10743.036742997236
102,22,10949.46337950492
102,21,11157.365715259792
102,20,11366.745361991525
102,19,11577.60457979253
102,18,12682.505354881785
102,17,12875.788497693688
102,16,13070.309061412487
102,15,13266.070060458973
102,14,13463.074660747216
102,13,13661.325323267276
102,12,14791.650105932858
102,11,15004.298217706568
102,10,33045.37890682283
102,9,33574.01583068834
102,8,34106.26469420359
102,7,34642.13634230317
102,6,35181.64181914618
102,5,35724.79103653241
102,4,39505.78097674485
102,3,40054.43236161589
102,2,158949.26587306452
102,1,161159.76793804945
103,103,20.57696331460443
103,102,55.57989803824053
103,101,63.227396135201396
103,100,15.090693711371122
103,99,39.81267136102466
103,98,64.60590772632357
103,97,88.87580270968326
103,96,112.73536456248671
103,95,136.5628331290971
103,94,160.69537526737207
103,93,185.34851469122833
103,92,210.63662886423484
103,91,236.65400167934317
103,90,390.52408981783384
103,89,288.9794680496392
103,88,282.6324029470981
103,87,310.1579395079332
103,86,338.22610427004315
103,85,366.86884761598986
103,84,396.0996442817692
103,83,425.92171321475627
103,82,456.3326486115231
103,81,528.1169807830412
103,80,550.017772568988
103,79,537.3056315253705
103,78,767.2823359221039
103,77,800.9485689480614
103,76,834.9946272479026
103,75,869.422828856579
103,74,904.2353980294255
103,73,939.4344834286273
103,72,975.0221436334037
103,71,1011.0003558111287
103,70,1047.354996007951
103,69,1084.151941818006
103,68,1320.9020238609337
103,67,1358.7596454545053
103,66,1396.9468624368653
103,65,1435.4660275027027
103,64,1474.315218453686
103,63,1513.5136519953437
103,62,1689.8252977217055
103,61,1732.6307921071473
103,60,2143.039987831462
103,59,2224.6737887286567
103,58,2307.197528094713
103,57,2390.6128763761762
103,56,2474.918818388759
103,55,2560.116156622231
103,54,2646.205168406167
103,53,2733.18609139317
103,52,2821.059123620046
103,51,2909.824423726187
103,50,2999.4821113356907
103,49,3090.032267576881
103,48,3181.474147862832
103,47,3273.8110535674555
103,46,3742.8552508592315
103,45,3827.4965395435333
103,44,3912.80364128702
103,43,3998.777026827489
103,42,4085.41715444112
103,41,4172.724476088048
103,40,4260.69943506778
103,39,4349.34246701983
103,38,4438.654165051013
103,37,4528.6348041487945
103,36,5032.059427397048
103,35,5119.948750464245
103,34,5208.449196918106
103,33,5297.562145473395
103,32,5387.289297664774
103,31,5477.63068479379
103,30,5920.2364511733385
103,29,6017.998784626749
103,28,9982.256864418025
103,27,10183.83535594909
103,26,10386.88382323245
103,25,10591.404048763794
103,24,10797.397827657032
103,23,11004.86688035972
103,22,11213.813068299969
103,21,11424.238115863629
103,20,11636.143679119787
103,19,11849.53203135137
103,18,12984.893811343563
103,17,13180.76024160848
103,16,13377.871143318705
103,15,13576.229563720504
103,14,13775.83869854091
103,13,13976.70105443484
103,12,15143.655247005341
103,11,15359.43231096444
103,10,33788.32027629373
103,9,34323.79926101315
103,8,34862.91286793272
103,7,35405.6720477707
103,6,35952.087953632246
103,5,36502.17061189443
103,4,40416.9176595034
103,3,40973.825607189596
103,2,162487.4444239829
103,1,164729.1840998476
104,104,6.14356243710722
104,103,14.707099657335673
104,102,67.14971918638796
104,101,75.3925640609991
104,100,42.28597336451274
104,99,67.07951976141106
104,98,91.3572722022624
104,97,115.31901629674904
104,96,139.33207192489527
104,95,163.70075369803888
104,94,188.61678218255994
104,93,214.18157554853366
104,92,240.4021761335753
104,91,442.8190898536878
104,78,812.6193038153334
104,77,847.0179627285422
104,76,881.7983544307144
104,75,916.9626376654315
104,74,952.512886945663
104,73,988.4511044192395
104,72,1024.7792169936586
104,71,1061.499075593627
104,70,1098.5975724818938
104,69,2995.913307295882
104,46,3859.4752136856755
104,45,3945.3530052737524
104,44,4031.8974117271273
104,43,4119.108911510709
104,42,4206.98797635798
104,41,4295.535069518801
104,40,4384.750646606595
104,39,4474.635156034133
104,38,4565.189200837964
104,37,4656.413065576237
104,36,5171.543181629094
104,35,5260.711355124032
104,34,5350.4933403897
104,33,5440.890521632184
104,32,5531.904599545383
104,31,5623.535640012972
104,30,6078.859243188133
104,29,6178.1178038075805
104,28,10234.784890064797
104,27,10438.872978306372
104,26,10644.434144024235
104,25,10851.470194083831
104,24,11059.982949460385
104,23,11269.974150674256
104,22,11481.445691802815
104,21,11694.399317472715
104,20,11908.8367141772
104,19,12124.76016872402
104,18,13291.37056561568
104,17,13489.835611183178
104,16,13689.552261478017
104,15,13890.523596575295
104,14,14092.752842118864
104,13,14296.242549967272
104,12,15500.85526847791
104,11,15719.789015783344
104,10,34540.95198490628
104,9,35083.316259745334
104,8,35629.338073913466
104,7,36179.028483956274
104,6,36732.3987519226
104,5,37289.45901857765
104,4,41341.765310523624
104,2,166075.61463805096
104,1,168348.87135873354
105,105,8.825448121519408
105,104,61.061840241600216
105,103,69.33761347975911
105,102,35.58362578569871
105,101,46.20179855961689
105,100,69.44889650681205
105,99,93.75995245561575
105,98,117.84448901224134
105,97,142.0524518950205
105,96,166.65986734479662
105,95,191.83844284991477
105,94,217.67850774267282
105,93,244.21561987928368
105,92,271.4282647525435
105,91,505.3841855243062
105,78,859.0625202818412
105,77,894.1955091426729
105,76,929.711959561789
105,75,965.6138818427767
105,74,1001.903220071838
105,73,1038.5818511108182
105,72,1075.6515830004253
105,71,1113.1141535487673
105,70,1150.9569446041428
105,69,3138.077970571244
105,46,3977.8868097713366
105,45,4065.003294263079
105,44,4152.787228033816
105,43,4241.239102050661
105,42,4330.35939901608
105,41,4420.148594033922
105,40,4510.60715503074
105,39,4601.735543173548
105,38,4693.53437139062
105,37,4786.003934524047
105,36,5313.105297472717
105,35,5403.558495943339
105,34,5494.628233090565
105,33,5586.315899080538
105,32,5678.6231943472
105,31,5771.550219164502
105,30,6239.941429353581
105,29,6340.707442429501
105,28,10490.568521463056
105,27,10697.17184499517
105,26,10905.251398805134
105,25,11114.80901404995
105,24,11325.846537361032
105,23,11538.36572971723
105,22,11752.368516996103
105,21,11967.856664443552
105,20,12184.83188846806
105,19,12403.296490192857
105,18,13601.959691567072
105,17,13803.038849166096
105,16,14005.376827369324
105,15,14208.976739075537
105,14,14413.84183995202
105,13,14619.974726611821
105,12,15863.29622532495
105,11,16085.414676799579
105,10,35303.334901341135
105,9,35852.62813902265
105,8,36405.6020676616
105,7,36962.26784967726
105,6,37522.63685605798
105,5,38086.71934177442
105,4,42280.461612405576
105,2,169714.22372610198
105,1,172019.27964261346
106,106,11.15736415965225
106,105,63.40289105880576
106,104,71.74737769353679
106,103,38.51531459942816
106,102,49.43379199347608
106,101,61.31083476467778
106,100,96.08637609456069
106,99,120.31164677493742
106,98,144.7229749210366
106,97,169.57187211367847
106,96,195.01315165943495
106,95,221.1277218061288
106,94,247.94646341497332
106,93,275.47486079770607
106,92,303.6761881867793
106,91,570.2146264924796
106,78,906.6137600172441
106,77,942.482816039444
106,76,978.7369010706713
106,75,1015.3779013443774
106,74,1052.407643539747
106,73,1089.827892770724
106,72,1127.6403503920978
106,71,1165.8466522237397
106,70,1204.4346985161862
106,69,3282.984156613053
106,46,4098.093181957055
106,45,4186.450602213013
106,44,4275.476342461141
106,43,4365.170904321349
106,42,4455.534781909962
106,41,4546.5684622064
106,40,4638.272425440248
106,39,4730.6471455101955
106,38,4823.693245204364
106,37,4917.411030280959
106,36,5456.755737970261
106,35,5548.500218667835
106,34,5640.8640033998045
106,33,5733.848488856045
106,32,5827.455375734817
106,31,5921.684798479288
106,30,6403.501436244205
106,29,6505.786260759429
106,28,10749.614654063938
106,27,10958.738930533387
106,26,11169.34264084086
106,25,11381.42764036334
106,24,11594.995801182127
106,23,11810.04890510203
106,22,12026.588908992106
106,21,12244.617599075082
106,20,12464.13672142322
106,19,12685.148591277355
106,18,13916.685532077448
106,17,14120.39446722911
106,16,14325.369521308472
106,15,14531.613840037899
106,14,14739.130709199879
106,13,14947.922769740633
106,12,16231.024655707593
106,11,16456.356121797176
106,10,36075.530528357
106,9,36631.7968450325
106,8,37191.767238722736
106,7,37755.45297776083
106,6,38322.86554207204
106,5,38894.01530065625
106,4,43233.145606238446
106,2,173403.7232460989
106,1,175740.86322652295
107,107,13.181818297588215
107,106,65.52116082774647
107,105,73.92288668974524
107,104,41.12616988700645
107,103,52.40852526039107
107,102,64.43690346923094
107,101,77.54942895535582
107,100,122.72062785948815
107,99,147.34291846881126
107,98,172.43608899266857
107,97,198.14058113254188
107,96,224.52920294576546
107,95,251.6288190183751
107,94,279.44289942349195
107,93,307.95881801383086
107,92,337.1365094730985
107,91,637.2837822435511
107,78,955.2746596286174
107,77,991.8813794074875
107,76,1028.87456263422
107,75,1066.2559857853414
107,74,1104.0273707217468
107,73,1142.1903821188025
107,72,1180.7466249813892
107,71,1219.6976427103407
107,70,1259.0318721274764
107,69,3430.6238041095044
107,46,4220.097540381879
107,45,4309.698195115465
107,44,4399.9680745665155
107,43,4490.907691345896
107,42,4582.51755101765
107,41,4674.798152441125
107,40,4767.749988143987
107,39,4861.373544723537
107,38,4955.669454803785
107,37,5050.63803561283
107,36,5602.504599468307
107,35,5695.546702026883
107,34,5789.21091262389
107,33,5883.49863477012
107,32,5978.411569988256
107,31,6073.949886639341
107,30,6569.557912366814
107,29,6673.373040541887
107,28,11011.930282728712
107,27,11223.581308591769
107,26,11436.715022308217
107,25,11651.333303397803
107,24,11867.43804920155
107,23,12085.031062692939
107,22,12304.114330959475
107,21,12524.689661540562
107,20,12746.758829812601
107,19,12970.324165415761
107,18,14235.572699003444
107,17,14441.927245937666
107,16,14649.555292428347
107,15,14858.460017017984
107,14,15068.644735697711
107,13,15280.112133339171
107,12,16604.087580961343
107,11,16832.660661704253
107,10,36857.60100278219
107,9,37420.88495801119
107,8,37987.89661066714
107,7,38558.64733504088
107,6,39133.14871999032
107,5,39711.4112483735
107,4,44199.95769160074
107,2,177144.569103134
107,1,179514.08073262728
108,108,14.974246021688478
108,107,67.48269982272795
108,106,34.10297387921929
108,105,85.34328775173451
108,104,55.12437117379601
108,103,67.5680845311141
108,102,80.66657711174805
108,101,94.97595575612169
108,100,149.91173195875368
108,99,175.25193459858434
108,98,201.22039389339005
108,97,227.88291853439915
108,96,255.26292028232868
108,95,283.36208089720503
108,94,312.16684315096
108,93,341.6577081870631
108,92,371.7969735276734
108,91,706.5650530626096
108,78,1005.0467524854901
108,77,1042.392620841505
108,76,1080.126273663706
108,75,1118.2493893516537
108,74,1156.7635954300792
108,73,1195.6704657166522
108,72,1234.971517747928
108,71,1274.6682108251966
108,70,1314.7495278600738
108,69,3580.9888320211794
108,46,4343.903165120671
108,45,4434.749406536551
108,44,4526.265811218623
108,43,4618.452902806523
108,42,4711.311198337555
108,41,4804.84120855337
108,40,4899.043438267239
108,39,4993.918386742209
108,38,5089.4666964156095
108,37,5185.688696468131
108,36,5750.362111309307
108,35,5844.708257788682
108,34,5939.679354879552
108,33,6035.276813294356
108,32,6131.502335891609
108,31,6228.356124678387
108,30,6738.129727908261
108,29,6843.486785187089
108,28,11277.522501591655
108,27,11491.706151867184
108,26,11707.375794173737
108,25,11924.533332101955
108,24,12143.180688062417
108,23,12363.319686520394
108,22,12584.952344051762
108,21,12808.080489826503
108,20,13032.70592818343
108,19,13258.83100342785
108,18,14558.6460731497
108,17,14767.662234723146
108,16,14977.959358652355
108,15,15189.540656296576
108,14,15402.409473938358
108,13,15616.56853999116
108,12,16982.53250538977
108,11,17214.376090787824
108,10,37649.60909551139
108,9,38219.9556922352
108,8,38794.053841088615
108,7,39371.91502235641
108,6,39953.55093382793
108,5,40538.97217205435
108,4,45181.03962655868
108,2,180937.2215494294
108,1,183339.39513022115
109,105,-15.056064580863326
109,102,98.16116442111068
109,101,113.5894516019568
109,100,178.0187375554455
109,99,204.25259766018056
109,98,231.18830413480046
109,97,258.8490948651866
109,96,287.2326922805653
109,95,316.32583090118345
109,94,346.108295044794
109,93,376.55923524096505
109,92,407.6431074291517
109,91,778.0345433426917
109,78,1055.9314943780173
109,77,1094.0179061462936
109,76,1132.4933260901125
109,75,1171.359344231545
109,74,1210.6175026171811
109,73,1250.2692924302644
109,72,1290.3161514586118
109,71,1330.75946219887
109,70,1371.5887561809682
109,69,3734.071145028512
109,46,4469.513404069187
109,45,4561.607637498983
109,44,4654.373006101261
109,43,4747.81004457908
109,42,4841.919281461018
109,41,4936.701239371029
109,40,5032.156435387004
109,39,5128.285381404674
109,38,5225.08872965746
109,37,5322.566821694024
109,36,5900.338635832971
109,35,5995.995330530599
109,34,6092.279856978249
109,33,6189.193633452328
109,32,6286.738364498415
109,31,6384.9142860089905
109,30,6909.235974708815
109,29,7016.146719741836
109,28,11546.398503924842
109,27,11763.120731964424
109,26,11981.332306093193
109,25,12201.035153899333
109,24,12422.231222684979
109,23,12644.922358708538
109,22,12869.110607338913
109,21,13094.797819672864
109,20,13321.985828683046
109,19,13550.676993596002
109,18,14885.930804238684
109,17,15097.624751861113
109,16,15310.607206675004
109,15,15524.88141285627
109,14,15740.45074705935
109,13,15957.317980867401
109,12,17366.407417075272
109,11,17601.550685829578
109,10,38451.618211498906
109,9,39029.072896021986
109,8,39610.30322159907
109,7,40195.32077454829
109,6,40784.137361588626
109,5,41376.76369280332
109,4,46176.534527667056
109,2,184782.14518433626
109,1,187217.2737357288
110,105,7.977332394788465
110,102,116.90915374277729
110,101,133.34931488959725
110,100,207.23600618265922
110,99,234.44608002897803
110,98,262.38714026965084
110,97,291.0548697974546
110,96,320.4358569107114
110,95,350.5099142217666
110,94,381.2549853252428
110,93,412.64947563911005
110,92,444.6621545680411
110,91,851.6704203407302
110,78,1107.9302843576872
110,77,1146.7585621456074
110,76,1185.9769879360767
110,75,1225.587071538738
110,74,1265.59027711729
110,73,1305.9880203659698
110,72,1346.7816660919084
110,71,1387.9725264468927
110,70,1429.5507699125028
110,69,3889.862546232745
110,46,4596.9316727031355
110,45,4690.276355979379
110,44,4784.29317924411
110,43,4878.98268829806
110,42,4974.345423165833
110,41,5070.381918356461
110,40,5167.092703188101
110,39,5264.478302146396
110,38,5362.53937724978
110,37,5461.276282779775
110,36,6052.444668229753
110,35,6149.418497551852
110,34,6247.023078320046
110,33,6345.259836713666
110,32,6444.13047956645
110,31,6543.635275802157
110,30,7082.895966722784
110,29,7191.372290362767
110,28,11818.565582019537
110,27,12037.832419283355
110,26,12258.59200630559
110,25,12480.846294599005
110,24,12704.597256187031
110,23,12929.846759400762
110,22,13156.596877745502
110,21,13384.84945727553
110,20,13614.606468256925
110,19,13845.870121620957
110,18,15217.452310886723
110,17,15431.840384442974
110,16,15647.524591942316
110,15,15864.508210367716
110,14,16082.79464682678
110,13,16302.3867157141
110,12,17755.76078663086
110,11,17994.233207361718
110,10,39263.6923897563
110,9,39848.30105172231
110,8,40436.70967782739
110,7,41028.92996045879
110,6,41624.97381526271
110,5,42224.852065700645
110,4,47186.58686996779
110,2,188679.808954336
110,1,191148.18821270406
