Z,N,IE_pred_eV
1,1,13.605693122994
2,2,23.064667315879696
2,1,54.422772491976
3,3,6.531655848694464
3,2,74.08528508318932
3,1,122.451238106946
4,4,10.264364225755523
4,3,19.474925920770662
4,2,152.31728909648695
4,1,217.691089967904
5,5,8.32380120814462
5,4,25.919743258115755
5,3,39.20101858200896
5,2,257.76067935577265
5,1,340.14232807485
6,6,9.802503071828738
6,5,24.709761804100022
6,4,48.34352730169626
6,3,65.73638381632611
6,2,390.41545586104615
6,1,489.804952427784
7,7,11.04013968704789
7,6,28.132506342506343
7,5,47.93539106034821
7,4,77.5703894496639
7,3,99.0842544776955
7,2,550.2816186123079
7,1,666.678963026706
8,8,12.048809343372481
8,7,31.343362705970108
8,6,53.33486347330183
8,5,78.00607194510087
8,4,113.60822202929879
8,3,139.24339267603136
8,2,737.3591676095574
8,1,870.764359871616
9,9,12.82815802509388
9,8,34.34264774552834
9,7,58.538007305479674
9,6,85.39719681689978
9,5,114.91223938415204
9,4,156.45792990419756
9,3,186.2120531995893
9,2,951.6481028527953
9,1,1102.061142962514
10,10,13.379443983520192
10,9,37.12659723624608
10,8,63.54011491069556
10,7,92.60165373778939
10,6,124.30490817749656
10,5,158.64624284117102
10,4,206.11859967151864
10,3,239.9887538971652
10,2,1193.148424342021
10,1,1360.5693122994
11,11,8.885067883471972
11,10,39.69359802381995
11,9,68.33578227308732
11,8,99.61242026713592
11,7,133.5171299544778
11,6,170.04776962559677
11,5,209.2024086779748
11,4,262.5889797127189
11,3,300.5723544964886
11,2,1461.8601320772345
11,1,1646.288867882274
12,12,11.777470684424381
12,11,20.650849057472925
12,10,72.92188247768549
12,9,106.42322778107898
12,8,142.54090122355473
12,7,181.27289065651186
12,6,222.6185215040226
12,5,266.57655080516815
12,4,325.86790192237834
12,3,367.9619979271871
12,2,1757.7832260584362
12,1,1959.219809711136
13,13,4.273022771771619
13,12,24.789145684002918
13,11,35.12925000108387
13,10,113.03003796113651
13,9,151.36956850236774
13,8,192.3133149453426
13,7,235.86081638150455
13,6,282.01188067954945
13,5,330.76555551691837
13,4,395.9543805658267
13,3,442.15703984720676
13,2,2080.9177062856265
13,1,2299.362137785986
14,14,7.749766582079938
14,13,17.382443983330894
14,12,40.507513967298515
14,11,52.42568727762987
14,10,159.99857078917964
14,9,203.16230053446412
14,8,248.92108510956416
14,7,297.274981970674
14,6,348.22392015837016
14,5,401.7670784744471
14,4,472.84761216989807
14,3,523.1569916095514
14,2,2431.263572758805
14,1,2666.715852106824
15,15,10.598335524301572
15,14,20.893788122843507
15,13,31.72772105471888
15,12,59.057031610564714
15,11,72.65201620106048
15,10,213.81503231880038
15,9,261.7926640229989
15,8,312.35792333792097
15,7,365.5109436499489
15,6,421.25167796487693
15,5,479.5793307218792
15,4,556.5469491607358
15,3,610.9614782704456
15,2,2808.8208254779706
15,1,3061.28095267365
16,16,13.347348713599086
16,15,24.496191340302808
16,14,36.34713394292933
16,13,49.08831644745527
16,12,80.52869522359276
16,11,95.86042219813334
16,10,274.4706894437983
16,9,327.2542505935012
16,8,382.61908411286123
16,7,440.5653140629081
16,6,501.09284479971507
16,5,564.2009286574233
16,4,647.0518701773791
16,3,705.5702085097408
16,2,3213.589464443124
16,1,3483.057439486464
17,17,16.14187605148641
17,16,28.218773524297628
17,15,41.05462400258786
17,14,54.816356745525354
17,13,69.51473581553923
17,12,104.9711895956037
17,11,122.07528883105665
17,10,341.95910884859677
17,9,399.5421361858214
17,8,459.7008931980796
17,7,522.4354486145629
17,6,587.7456396413216
17,5,655.630799487455
17,4,744.3619539345154
17,3,806.9829531878572
17,2,3645.5694896542673
17,1,3932.045312545266
18,18,19.028560091800195
18,17,32.06175170788584
18,16,45.89220556943253
18,15,60.63831501076971
18,14,76.3482512262194
18,13,93.01047587644558
18,12,132.41065949719174
18,11,151.30865971985602
18,10,416.27534346742226
18,9,478.65249823977683
18,8,543.600464403954
18,7,611.1192649869218
18,6,681.2086774008477
18,5,753.8680585608438
18,4,848.4768580840312
18,3,915.1995298827514
18,2,4104.760901111398
18,1,4408.244571850056
19,19,9.040005453920283
19,18,36.0301497553329
19,17,50.85556654052867
19,16,66.59583033822646
19,15,83.28500624852232
19,14,100.94903202202117
19,13,119.5736915274521
19,12,162.8616164142858
19,11,183.56671772263476
19,10,497.4154866538395
19,9,564.5822922740911
19,8,634.3155088354961
19,7,706.6151000943252
19,6,781.4808157157871
19,5,858.9120308861501
19,4,959.396302435157
19,3,1030.2197918495688
19,2,4591.163698814515
19,1,4911.655217400834
20,20,10.451790213114998
20,19,18.402974164290494
20,18,55.94826711798385
20,17,72.68321899693144
20,16,90.36170932611459
20,15,109.00022301300106
20,14,128.6177866114997
20,13,149.20091379365883
20,12,196.33229560622928
20,11,218.85259988482326
20,10,585.3764573713368
20,9,657.3290836602323
20,8,731.8441649927338
20,7,808.9216105996484
20,6,888.5611427361279
20,5,970.7621575469069
20,4,1077.1200560852787
20,3,1152.043619772552
20,2,5104.777882763621
20,1,5442.2772491976
21,21,13.621779966667953
21,20,16.713043978480123
21,19,21.513919060645367
21,18,78.90301022350879
21,17,97.57227198662356
21,16,117.19520106310335
21,15,137.78315782595845
21,14,159.3515132963065
21,13,181.888226793018
21,12,232.82741388270958
21,11,257.16788538366154
21,10,680.1557066351924
21,9,756.890881402524
21,8,836.1849239117387
21,7,918.0377004199628
21,6,1002.4489137228516
21,5,1089.4180037219662
21,4,1201.6479048719777
21,3,1280.6709157316936
21,2,5645.603452958714
21,1,6000.110667240354
22,22,11.343402513670837
22,21,19.877026533763768
22,20,22.0337982849171
22,19,41.96515695418273
22,18,104.91831125855983
22,17,125.52784916415035
22,16,147.09577252931416
22,15,169.6310443904956
22,14,193.14663946303526
22,13,217.6317733156403
22,12,272.34966471770593
22,11,298.5132236788018
22,10,781.7511570610756
22,9,863.266049721537
22,8,947.336541918296
22,7,1033.9624668500444
22,6,1123.1435147958491
22,5,1214.879144387014
22,4,1332.9797361286905
22,3,1416.101598661265
22,2,6213.640409399796
22,1,6585.155471529096
23,23,37.36174254944306
23,22,-2.5665332647903716
23,21,22.45674942090149
23,20,42.97859173900484
23,19,64.62109959521463
23,18,133.99900469244167
23,17,156.5496424671501
23,16,180.0609772830841
23,15,204.54063909368827
23,14,229.99947590004976
23,13,256.42797268455763
23,12,314.9004668178404
23,11,342.8888251077601
23,10,890.1610860298467
23,9,976.4532311326573
23,8,1065.2979863749
23,7,1156.6951601160997
23,6,1250.6444355581425
23,5,1347.1452909009915
23,4,1471.115389639899
23,3,1558.3356009050995
23,2,6808.888752086871
23,1,7197.411662063826
24,24,11.527065270344112
24,23,-0.16719507078370296
24,22,22.473207949213894
24,21,43.73342952423644
24,20,66.28805423019166
24,19,90.3873674299991
24,18,166.1449463941869
24,17,190.6354937441794
24,16,216.08789794654888
24,15,242.50850425685073
24,14,269.906574589808
24,13,298.27356947944725
24,12,360.4805745940788
24,11,390.2945524476674
24,10,1005.384052748666
24,9,1096.451289921949
24,8,1190.0684041670456
24,7,1286.235141548741
24,6,1384.9512483465212
24,5,1486.2161799013252
24,4,1616.0547513442446
24,3,1707.3728655754169
24,2,7431.34848101993
24,1,7836.879238844544
25,25,15.437706709406992
25,24,24.140936329270264
25,23,22.14894329685648
25,22,44.22040725152111
25,21,67.68847862059573
25,20,92.70977547372844
25,19,119.28834949274129
25,18,201.35422266218785
25,17,227.7827894511785
25,16,255.1733580393856
25,15,283.5313719390065
25,14,312.8646868166799
25,13,343.16574936990025
25,12,409.09027813211526
25,11,440.7301398057731
25,10,1127.4188429864648
25,9,1223.2592688864204
25,8,1321.6470386190651
25,7,1422.5819102254027
25,6,1526.0635925956908
25,5,1632.0915886976475
25,4,1767.7977543617883
25,3,1863.2133142160174
25,2,8081.019596198976
25,1,8503.55820187125
26,26,16.525723921380077
26,25,25.405544838941008
26,24,21.509018194961097
26,23,44.43608823454909
26,22,68.82709556693013
26,21,94.77336140670789
26,20,122.27371196473365
26,19,151.3114763459043
26,18,239.6244901146516
26,17,267.98858649559094
26,16,297.31432473469266
26,15,327.60618355524235
26,14,358.87098195291543
26,13,391.1019654307792
26,12,460.7295866897247
26,11,494.1952437853647
26,10,1256.2644263837856
26,9,1356.8763558088885
26,8,1460.0332922040093
26,7,1565.734996391326
26,6,1673.9811624571796
26,5,1784.771327583943
26,4,1926.3442522368016
26,3,2025.8569689891308
26,2,8757.902097624008
26,1,9197.448551143943
27,27,46.67850102875838
27,26,-2.1638651539989735
27,25,20.56693730021765
27,24,44.380224132226274
27,23,69.70270818450567
27,22,96.58217761915138
27,21,125.00862004679065
27,20,154.96717150942604
27,19,186.4428735853852
27,18,280.95306739228243
27,17,311.25011237933865
27,16,342.50782564031687
27,15,374.73017346148447
27,14,407.92290196473385
27,13,442.08000227179804
27,12,515.3983621717209
27,11,550.6894879423086
27,10,1391.9199230901022
27,9,1497.3018571918637
27,8,1605.226636366414
27,7,1715.6940172083234
27,6,1828.7037343933139
27,5,1944.2551964670683
27,4,2091.6942065005933
27,3,2195.303761474761
27,2,9461.995985295036
27,1,9918.550286662625
28,28,50.99471039503846
28,27,-4.098096201504075
28,26,19.330987874442148
28,25,44.05326067994195
28,24,70.3154706043035
28,23,98.13498310281248
28,22,127.4953378580732
28,21,158.37962900448056
28,20,190.77509529363775
28,19,224.67080880898195
28,18,325.33732038462125
28,17,357.5645635227385
28,16,390.7512766582019
28,15,424.90083706624335
28,14,460.01818232157194
28,13,496.0979251089349
28,12,573.0963697235925
28,11,610.212489306782
28,10,1534.3845774095348
28,9,1644.5351774782102
28,8,1757.226617455928
28,7,1872.458643557883
28,6,1990.2310059838342
28,5,2110.5431335478966
28,4,2263.8475550285825
28,3,2371.553661397012
28,2,10193.301259212047
28,1,10666.863408427296
29,29,18.197349491071336
29,28,-6.416267243784382
29,27,17.806633250345346
29,26,43.455820489278054
29,25,70.66555166695146
29,24,99.43147598957601
29,23,129.7322779776267
29,22,161.54955748754617
29,21,194.87017344382957
29,20,229.68477643847294
29,19,265.9857241703583
29,18,372.7746850234675
29,17,406.92943961719055
29,16,442.04222424512636
29,15,478.1159341569786
29,14,515.1548222800578
29,13,553.1540407266993
29,12,633.8233251918348
29,11,672.763873625225
29,10,1683.6577367852633
29,9,1798.575802467633
29,8,1916.0328432607744
29,7,2036.0285917378228
29,6,2158.5628228125006
29,5,2283.634978430901
29,4,2442.804243789533
29,3,2554.6066425199347
29,2,10951.817919375044
29,1,11442.387916437954
30,30,21.00149710974037
30,29,30.607399871734955
30,28,15.997642263249917
30,27,42.58850990298259
30,26,70.75305346191408
30,25,100.47151843387631
30,24,131.7185677785872
30,23,164.47502348518233
30,22,198.72749052888506
30,21,234.46668868521013
30,20,271.68594233635855
30,19,310.37979258133487
30,18,423.2627731833078
30,17,459.34240336054665
30,16,496.37847346813334
30,15,534.3734655872473
30,14,573.3310563411156
30,13,613.2468658757455
30,12,697.578922056361
30,11,738.3432838602578
30,10,1839.7388348988109
30,9,1959.423285975153
30,8,2081.6449732974797
30,7,2206.403631754413
30,6,2333.69900002861
30,5,2463.5306264016317
30,4,2628.564225580789
30,3,2744.4626819983314
30,2,11737.545965784037
30,1,12245.1238106946
31,31,6.3348547673711115
31,30,33.89107241486472
31,29,45.492144255462044
31,28,41.451876132224236
31,27,70.57818283338504
31,26,101.25472828870765
31,25,133.45354825369947
31,24,167.15478252765334
31,23,202.34497488724637
31,22,239.01498501438815
31,21,277.15829275839513
31,20,316.7701525481356
31,19,357.8464694287907
31,18,476.79935337081
31,17,514.8013246236998
31,16,553.7580468972845
31,15,593.6716515042058
31,14,634.545325936638
31,13,676.3750986269351
31,12,764.3628487863192
31,11,806.9503845265998
31,10,2002.6273779732844
31,9,2127.0772500350554
31,8,2254.062699785115
31,7,2383.583514587779
31,6,2515.639424752762
31,5,2650.229986022686
31,4,2821.1274589911227
31,3,2941.121759849277
31,2,12550.485398439012
31,1,13075.071091197233
32,32,7.328627368731619
32,31,17.82614587190518
32,30,49.43477225052991
32,29,62.446084551571
32,28,70.14089920604033
32,27,101.78092029216917
32,26,134.93659422259944
32,25,169.58775619800682
32,24,205.72102200281827
32,23,243.32734553154359
32,22,282.4005850177755
32,21,322.93616359061133
32,20,364.93041986674683
32,19,408.38031989044055
32,18,533.3823719567312
32,17,573.3042690383985
32,16,614.1791699147605
32,15,656.0089076824154
32,14,698.7962539028583
32,13,742.5375943636941
32,12,834.1747986140313
32,11,878.5848634796524
32,10,2172.3229335946126
32,9,2301.537330486084
32,8,2433.285786622568
32,7,2567.56807055706
32,6,2704.3839494213526
32,5,2843.7329771034515
32,4,3020.4939075455018
32,3,3144.583858518968
32,2,13390.636217339974
32,1,13932.229757945855
33,33,9.572634133825911
33,32,19.904375737899617
33,31,32.21730478692613
33,30,67.1414695786317
33,29,81.22378187339369
33,28,102.04982673798453
33,27,136.16715276500972
33,26,171.77301505533376
33,25,208.8541819110214
33,24,247.40196599559798
33,23,287.4103846394215
33,22,328.87515599084185
33,21,371.7929647953654
33,20,416.1609228830247
33,19,461.97670137273957
33,18,593.0099510330465
33,17,634.8494861258581
33,16,677.6402507825638
33,15,721.383766776452
33,14,766.0826784673719
33,13,811.7333439844742
33,12,907.0144762317873
33,11,953.2464321644076
33,10,2348.8251215278738
33,9,2482.803240608564
33,8,2619.313992957347
33,7,2758.3571338236334
33,6,2899.9324605870806
33,5,3044.039529029383
33,4,3226.6635389956905
33,3,3354.8489625258517
33,2,14257.998422486924
33,1,14816.599810940465
34,34,11.621342096737965
34,33,23.217355497182066
34,32,35.53644459276326
34,31,48.74720352061489
34,30,86.69194196416439
34,29,101.70766849013732
34,28,137.14469283376658
34,27,173.7096738096048
34,26,211.74331645134043
34,25,251.237214843144
34,24,292.1856291941645
34,23,334.58461501616097
34,22,378.4311089431133
34,21,423.72260631835024
34,20,470.4567559502028
34,19,518.6316018996288
34,18,655.6803783228786
34,17,699.4353947123543
34,16,744.139862480417
34,15,789.7950929341961
34,14,836.403398221926
34,13,883.9614556968637
34,12,982.881601173638
34,11,1030.9348249584098
34,10,2532.1336061264815
34,9,2670.87471602693
34,8,2812.1471176364744
34,7,2955.950557746303
34,6,3102.2848579081046
34,5,3251.1495795749165
34,4,3439.636324728996
34,3,3571.917058164437
34,2,15152.572013879875
34,1,15728.181250181064
35,35,14.01776596891008
35,34,26.488967831803862
35,33,39.59214945706615
35,32,53.08393661746198
35,31,67.02886382141834
35,30,107.93920271982978
35,29,123.85084108192194
35,28,175.39704091352095
35,27,214.38733436252863
35,26,254.8316201271553
35,25,296.72454360515394
35,24,340.0623354734623
35,23,384.8422872112207
35,22,431.0621434379534
35,21,478.71993158722654
35,20,527.8136246516001
35,19,578.3416453030239
35,18,721.3920966495923
35,17,767.0605678043812
35,16,813.6766674579671
35,15,861.241757716294
35,14,909.7575181340765
35,13,959.2211393122428
35,12,1061.7759095577662
35,11,1111.64979800609
35,10,2722.2480900223923
35,9,2865.751522530029
35,8,3011.784982504612
35,7,3160.348212521811
35,6,3311.4410527971227
35,5,3465.063072958655
35,4,3659.412239272885
35,3,3795.7881332585007
35,2,16074.356991518802
35,1,16666.97407566765
36,36,16.75878036385595
36,35,29.99681952627027
36,34,43.71768238915946
36,33,57.80087296477895
36,32,72.20144677363258
36,31,86.93555237621052
36,30,130.83089779785158
36,29,147.64049590269067
36,28,216.7853049767336
36,27,258.1839868992184
36,26,301.02549247909764
36,25,345.30639872317767
36,24,391.0241937121339
36,23,438.17694705533665
36,22,486.7629346419207
36,21,536.7805283759819
36,20,588.2279168078148
36,19,641.1037932372192
36,18,790.1436918197563
36,17,837.7236532143103
36,16,886.2497041994053
36,15,935.7226365020969
36,14,986.1441834718204
36,13,1037.5116928544642
36,12,1143.6971505559345
36,11,1195.3911319362865
36,10,2919.1683088526315
36,9,3067.4334519120243
36,8,3218.2274292585903
36,7,3371.5499824158255
36,6,3527.4009660974134
36,5,3685.779960093683
36,4,3885.9912598779883
36,3,4026.4621769540495
36,2,17023.353355403717
36,1,17632.978287400223
37,37,13.325254036866308
37,36,33.71379581278576
37,35,48.01847154338438
37,34,62.6472192226867
37,33,77.5912086946455
37,32,92.8579451450394
37,31,108.45012501978158
37,30,155.35614598850893
37,29,173.0781267821304
37,28,261.29320214601205
37,27,305.087155985296
37,26,350.31504461541465
37,25,396.9747841390841
37,24,445.0646447553374
37,23,494.5831464937349
37,22,545.528927717059
37,21,597.9005852996679
37,20,651.6964529985561
37,19,706.9154195878956
37,18,861.9338802774041
37,17,911.4236254983053
37,16,961.8577380512294
37,15,1013.2368980226655
37,14,1065.5626315098125
37,13,1118.832490917945
37,12,1228.6451032254083
37,11,1282.158613400574
37,10,3122.8940268297647
37,9,3275.9203184786747
37,8,3431.4743167092383
37,7,3589.5557642433896
37,6,3750.164527266444
37,5,3913.300196953383
37,4,4119.373366165482
37,3,4263.939179544957
37,2,17999.56110553462
37,1,18626.193885378787
38,38,15.606502954672639
38,37,21.801157888495776
38,36,52.479033465578595
38,35,67.64796514739768
38,34,83.12918317051596
38,33,98.93640611622772
38,32,115.08765780371516
38,31,131.58851808461503
38,30,181.51954461435088
38,29,200.17047882088087
38,28,308.90818876682397
38,27,355.0868521141469
38,26,402.6922796910187
38,25,451.72312283190945
38,24,502.17815491363524
38,23,554.0562258987416
38,22,607.3561873097531
38,21,662.0767835277774
38,20,718.2164478211548
38,19,775.7742120069984
38,18,936.7614354021853
38,17,988.1594231750374
38,16,1040.4999136508109
38,15,1093.783737775513
38,14,1148.0121798872651
38,13,1203.1829750907407
38,12,1316.6195499587357
38,11,1371.9520595472382
38,10,3333.425033003729
38,9,3491.211958285915
38,8,3651.5255162756202
38,7,3814.365465727759
38,6,3979.731673148456
38,5,4147.62374409786
38,4,4359.558539826944
38,3,4508.219132326134
38,2,19002.980241911526
38,1,19646.620869603335
39,39,0.8003654624751598
39,38,44.18199217604736
39,37,12.162021094948793
39,36,72.79357380403265
39,35,88.81248919744742
39,34,105.16301748281917
39,33,121.86204108034134
39,32,138.92743304398286
39,31,156.371869048829
39,30,209.33039840930377
39,29,228.92540269453457
39,28,359.6203556008156
39,27,408.17508002683434
39,26,458.15052628838333
39,25,509.54580109323575
39,24,562.3599919847557
39,23,616.5921579041012
39,22,672.2412846041664
39,21,729.3062134282233
39,20,787.7854475936672
39,19,847.678059776035
39,18,1014.6254953497482
39,17,1067.929966363909
39,16,1122.1753941729617
39,15,1177.3624327380558
39,14,1233.4922168933138
39,13,1290.562645343314
39,12,1407.620293457485
39,11,1464.7712987642337
39,10,3550.7611126776205
39,9,3713.308243176735
39,8,3878.380919044467
39,7,4045.9790040405887
39,6,4216.1023470353275
39,5,4388.7505660934385
39,4,4606.546764370084
39,3,4759.3020274669525
39,2,20033.610764534405
39,1,20694.259240073872
40,40,20.687567958417105
40,39,26.524830696873057
40,38,12.29196747713487
40,37,26.130839109501242
40,36,94.6346740782481
40,35,111.52917600539588
40,34,128.77853638878727
40,33,146.39885612514055
40,32,164.40623123962018
40,31,182.81869323559246
40,30,238.79825267741057
40,29,259.35046972151605
40,28,413.42163606998633
40,27,464.3451570864571
40,26,516.6841743780335
40,25,570.4380416622685
40,24,625.6060641495224
40,23,682.1874308978312
40,22,740.1812108042002
40,21,799.5863091903911
40,20,860.4012802553456
40,19,922.6252837458336
40,18,1095.5248917535569
40,17,1150.7344655819697
40,16,1206.8834242015419
40,15,1263.9723318755446
40,14,1322.0021340086757
40,13,1380.9711116933543
40,12,1501.6471512308149
40,11,1560.6161738419823
40,10,3774.9021476879193
40,9,3942.2089892061135
40,8,4112.040420609653
40,7,4284.396304640373
40,6,4459.2764978664345
40,5,4636.680631017899
40,4,4860.338024899197
40,3,5017.187857905051
40,2,21091.452673403273
40,1,21769.1089967904
41,41,20.714685477627146
41,40,4.92394880486921
41,39,13.18695318026306
41,38,25.595014522800515
41,37,45.540671122711146
41,36,118.0305123188906
41,35,135.8301137087226
41,34,154.00596469976318
41,33,172.57304379149082
41,32,191.54504555532182
41,31,210.94331793598528
41,30,269.9317364772763
41,29,291.4520082796753
41,28,470.3054993909313
41,27,523.5915296949655
41,26,578.2884259234825
41,25,634.3957119454914
41,24,691.9128007223903
41,23,750.8389602336567
41,22,811.1733095931961
41,21,872.9147967112581
41,20,936.0620147313106
41,19,1000.6141907174115
41,18,1179.4588244234956
41,17,1236.5721417648158
41,16,1294.6233208046149
41,15,1353.612847802983
41,14,1413.5415626460288
41,13,1474.4078438359022
41,12,1598.699954600875
41,11,1659.4865406694666
41,10,4005.8479575563397
41,9,4177.914102196673
41,8,4352.503928858317
41,7,4529.61730026765
41,6,4709.254079544679
41,5,4891.413910037196
41,4,5120.932307927315
41,3,5281.876617254339
41,2,22176.50596851814
41,1,22871.170139752914
42,42,20.078826738337405
42,41,2.9709452414260675
42,40,12.240038600656199
42,39,27.996772533768336
42,38,48.00241986311631
42,37,66.08773248793293
42,36,143.01392156015757
42,35,161.744801297243
42,34,180.87037055018126
42,33,200.40453938840471
42,32,220.35910772265422
42,31,240.75637928990568
42,30,302.73807967068143
42,29,325.2355369186349
42,28,530.2663022645055
42,27,585.9093682284279
42,26,642.9591284099306
42,25,701.4152026352702
42,24,761.2770617407949
42,23,822.5440192309169
42,22,885.2152235274293
42,21,949.289651434202
42,20,1014.7659275365027
42,19,1081.6433317833134
42,18,1266.4264981406777
42,17,1325.4422877077784
42,16,1385.3944654131426
42,15,1446.2834495073296
42,14,1508.109986933
42,13,1570.872546578416
42,12,1698.778547699461
42,11,1761.3822670334907
42,10,4243.59840332496
42,9,4420.4234726953055
42,8,4599.7713604584815
42,7,4781.641930078859
42,6,4966.0350503492855
42,5,5152.950377041546
42,4,5388.329601214178
42,3,5553.368299726216
42,2,23288.77064987899
42,1,24000.442668961416
43,43,20.549960529203023
43,42,26.116721449902595
43,41,12.07865135062282
43,40,31.027072781711773
43,39,51.61998568998439
43,38,69.87812852078146
43,37,87.34568008582865
43,36,169.6133930445354
43,35,189.29687118256143
43,34,209.390935541781
43,33,229.90832177842287
43,32,250.85931732166333
43,31,272.26558433991147
43,30,337.2233702690651
43,29,360.7054338461908
43,28,593.2992667446252
43,27,651.2945183714965
43,26,710.6926522661616
43,25,771.4932536949266
43,24,833.6961506627238
43,23,897.3001845718263
43,22,962.3048508090068
43,21,1028.7090638115596
43,20,1096.5114750696362
43,19,1165.7114068182289
43,18,1356.4271881702257
43,17,1417.3442604883683
43,16,1479.1962968014486
43,15,1541.983655990297
43,14,1605.7070029367583
43,13,1670.3648904106658
43,12,1801.882786489728
43,11,1866.303231521734
43,10,4488.153359013173
43,9,4669.73700146755
43,8,4853.842639841486
43,7,5040.470138900685
43,6,5229.619372429653
43,5,5421.290008331931
43,4,5662.529893625941
43,3,5831.662900061262
43,2,24428.246717485817
43,1,25156.926584415905
44,44,19.19710153513322
44,43,-1.8050792669010065
44,42,13.584730138971326
44,41,34.67257142898689
44,40,55.230959260482614
44,39,73.74323861342111
44,38,91.75229535338126
44,37,110.131105751659
44,36,197.8512694597138
44,35,218.5046771818103
44,34,239.58222136569498
44,33,261.0954727909364
44,32,283.05357406813226
44,31,305.4764518971935
44,30,373.3924647109724
44,29,397.86531141797917
44,28,659.4002535216448
44,27,719.743345957868
44,26,781.4857492065097
44,25,844.6272763714007
44,24,909.1674163848016
44,23,975.1052924456487
44,22,1042.440220989023
44,21,1111.1714223785434
44,20,1181.2973477062649
44,19,1252.8172457127134
44,18,1449.4602333033588
44,17,1512.277474715845
44,16,1576.02830487997
44,15,1640.7130307111738
44,14,1706.332244479977
44,13,1772.8845768307378
44,12,1908.0125378316693
44,11,1974.2492726587368
44,10,4739.512760009941
44,9,4925.854598337546
44,8,5114.717698321617
44,7,5306.10187658525
44,6,5500.0070113678485
44,5,5696.432782348691
44,4,5943.533175013139
44,3,6116.760413470331
44,2,25594.934171338653
44,1,26340.621886116383
45,45,19.754728810446853
45,44,-2.3699017427232145
45,43,16.360028515882103
45,42,38.36248527914111
45,41,58.78246206825256
45,40,77.60227823310893
45,39,96.14475404719991
45,38,115.06603900068951
45,37,134.64566211612402
45,36,227.74493736050002
45,35,249.38224167088674
45,34,271.4551504197684
45,33,293.9741680482098
45,32,316.9475690031587
45,31,340.3929661347874
45,30,411.24924622044625
45,29,436.7180834571285
45,28,728.5656385869822
45,27,791.2526450117933
45,26,855.3356839578926
45,25,920.8145603141554
45,24,987.6886654653485
45,23,1055.9573973485074
45,22,1125.6199152400054
45,21,1196.6752412503274
45,20,1269.1221332124537
45,19,1342.959792627923
45,18,1545.52502937212
45,17,1610.2413965682615
45,16,1675.8900252290932
45,15,1742.4711767229078
45,14,1809.9853789339406
45,13,1878.4313348465937
45,12,2017.1676786004343
45,11,2085.220390093156
45,10,4997.676399704661
45,9,5188.7761811784385
45,8,5382.396473335784
45,7,5578.537097451431
45,6,5777.197935799018
45,5,5978.3786794359585
45,4,6231.339436104885
45,3,6408.660835583032
45,2,26788.833011437462
45,1,27551.52857406285
46,46,-16.759183608947907
46,45,-1.3692383229023666
46,44,19.681867334991555
46,43,41.89139650901747
46,42,62.262219603340945
46,41,81.44068695163395
46,40,100.5076616311963
46,39,119.99451101173285
46,38,140.09569020081497
46,37,160.93116812466994
46,36,259.3078399198472
46,35,281.94020655283623
46,34,305.0178991355329
46,33,328.55042927867584
46,32,352.5453606247345
46,31,377.0180541818384
46,30,450.79677961939325
46,29,477.26609375367866
46,28,800.7922212485807
46,27,865.8195667461915
46,26,932.2398680031913
46,25,1000.0529128878455
46,24,1069.2580783739527
46,23,1139.8547637685324
46,22,1211.842132669808
46,21,1285.219215833598
46,20,1359.9847880293476
46,19,1436.1380923255222
46,18,1644.6210236660006
46,17,1711.2355384965708
46,16,1778.781034283161
46,15,1847.2577324082888
46,14,1916.6661035454308
46,13,1987.00502466085
46,12,2129.3479881351745
46,11,2199.216436509177
46,10,5262.644235646545
46,9,5458.501675041184
46,8,5656.8789077743
46,7,5857.775759799104
46,6,6061.192117080763
46,5,6267.127681636538
46,4,6525.948668415535
46,3,6707.364162403389
46,2,28009.94323778224
46,1,28789.646648255304
47,47,23.02653461595406
47,46,0.7038003756026394
47,45,23.07155431644223
47,44,45.23558649496317
47,43,65.67767061452194
47,42,85.2552259016863
47,41,104.84693790827971
47,40,124.88606551135062
47,39,145.5502298674923
47,38,166.8961446399566
47,37,188.99359605872132
47,36,292.55026492499445
47,35,316.1866443979295
47,34,340.2765817299775
47,33,364.82868227457044
47,32,389.850091248312
47,31,415.3532112077499
47,30,492.0378569322584
47,29,519.5112251208725
47,28,876.0771540180303
47,27,943.4415648508322
47,26,1012.1960286826973
47,25,1082.3403120552205
47,24,1153.8737735549223
47,23,1226.7958112961126
47,22,1301.105590810376
47,21,1376.8021530234041
47,20,1453.8842890798576
47,19,1532.3512785179296
47,18,1746.747709841462
47,17,1815.259454526312
47,16,1884.7009450819771
47,15,1955.072367732504
47,14,2026.374142227611
47,13,2098.6052013160156
47,12,2244.553581175713
47,11,2316.237324642775
47,10,5534.416180820415
47,9,5735.031011386606
47,8,5938.164949404627
47,7,6143.817825485301
47,6,6351.9895290048735
47,5,6562.679772512241
47,4,6827.360864164227
47,3,7012.870390270078
47,2,29258.264850373063
47,1,30054.976108693743
48,48,28.024522302851434
48,47,35.60809141169364
48,46,26.325853178213848
48,45,48.42275892580464
48,44,69.03936880838705
48,43,89.04628908710264
48,42,109.16438735971393
48,41,129.75386058440336
48,40,150.9690691072934
48,39,172.87210767040546
48,38,195.47611993117425
48,37,218.82997561295264
48,36,327.48011391177494
48,35,352.12767423690906
48,34,377.2357631117636
48,33,402.8121659009018
48,32,428.86358062346454
48,31,455.4000805245654
48,30,534.9744757426593
48,29,563.454988587197
48,28,954.417888093163
48,27,1024.116351702897
48,26,1095.2021187147348
48,25,1167.6749324313246
48,24,1241.5341317064508
48,23,1316.7791119868941
48,22,1393.409041300236
48,21,1471.4229704298118
48,20,1550.8197068924298
48,19,1631.5985637963634
48,18,1851.9046233936194
48,17,1922.3127360882613
48,16,1993.6494035194742
48,15,2065.914780957152
48,14,2139.109242742557
48,13,2213.2317736579676
48,12,2362.784245867796
48,11,2436.2829739091917
48,10,5812.992158439139
48,9,6018.364124483235
48,8,6226.254550362516
48,7,6436.66325955324
48,6,6649.59014754442
48,5,6865.034936987424
48,4,7135.576016202644
48,3,7325.179515822782
48,2,30533.797849209834
48,1,31347.516955378174
49,49,11.50283669822023
49,48,40.05603180517622
49,47,49.24922360860263
49,46,51.48627590631175
49,45,72.35678881825464
49,44,92.81541876243567
49,43,113.46207348607837
49,42,134.60078367734516
49,41,156.36681866304957
49,40,178.81678165853748
49,39,201.97263092898788
49,38,225.83276603175386
49,37,250.4352536485613
49,36,364.1034497145557
49,35,389.76792883192735
49,34,415.8988404003271
49,33,442.50323201313387
49,32,469.5874726662995
49,31,497.1592992254984
49,30,579.6083284314642
49,29,609.0985954008602
49,28,1035.8121301532628
49,27,1107.8417786363398
49,26,1181.2563708435648
49,25,1256.055120248568
49,24,1332.2376840350664
49,23,1409.8033703713372
49,22,1488.7513493921579
49,21,1569.0806826429211
49,20,1650.7901962092442
49,19,1733.8792308982695
49,18,1960.0913376135934
49,17,2032.3950083146292
49,16,2105.6260850272624
49,15,2179.7846957339634
49,14,2254.871174203888
49,13,2330.884553844595
49,12,2484.0398916006807
49,11,2559.3533098015932
49,10,6098.372089291802
49,9,6308.500962728198
49,8,6521.147666706029
49,7,6736.312029907286
49,6,6953.993950631807
49,5,7174.193161210525
49,4,7450.594117952692
49,3,7644.291535971379
49,2,31836.542234292618
49,1,32667.269188308594
50,50,13.991841453565659
50,49,21.502391071695374
50,48,53.20195317641618
50,47,63.84187046742228
50,46,75.63743793744557
50,45,96.56474120574158
50,44,117.74196731600257
50,43,139.42932436121967
50,42,161.74612999204157
50,41,184.7437984928196
50,40,208.4428851271435
50,39,232.8508483458355
50,38,257.96089307017934
50,37,283.804210444112
50,36,402.42492037221325
50,35,429.1109067050306
50,34,456.2683266830404
50,33,483.90356634636544
50,32,512.0227795216031
50,31,540.6313265560319
50,30,625.9407878702383
50,29,656.4429397075943
50,28,1120.2577702989545
50,27,1194.6162606358578
50,26,1270.3569325924962
50,25,1347.4793730712565
50,24,1425.9830949619711
50,23,1505.8674058883987
50,22,1587.1314815573176
50,21,1669.774392976505
50,20,1753.7949853136486
50,19,1839.1926251159318
50,18,2071.3074599764254
50,17,2145.5059267477304
50,16,2220.630691636884
50,15,2296.6818585457836
50,14,2373.6597249382144
50,13,2451.5633696726823
50,12,2608.320434258118
50,11,2685.4482633527386
50,10,6390.555909216625
50,9,6605.4414699996005
50,8,6822.844258022983
50,7,7042.764107025997
50,6,7265.20091796377
50,5,7490.154432432595
50,4,7772.415163350602
50,3,7970.206447869739
50,2,33166.49800562136
50,1,34014.232807485
51,51,16.238133139585717
51,50,23.999478307967262
51,49,33.32282525858741
51,48,67.72645627349755
51,47,79.62984694157123
51,46,100.29619692100934
51,45,122.00585576829403
51,44,144.24160839988116
51,43,167.10921959180524
51,42,190.65536890223282
51,41,214.89922686041157
51,40,239.84752628309454
51,39,265.5019717584769
51,38,291.8549532549946
51,37,318.93198842994923
51,36,442.4480818985362
51,35,470.15923737967114
51,34,498.34606285194343
51,33,527.0143522187589
51,32,556.170013625713
51,31,585.8165196718444
51,30,673.9729678720048
51,29,705.4889533966452
51,28,1207.7530051903054
51,27,1284.437774974902
51,26,1362.5023628866752
51,25,1441.9463223612322
51,24,1522.769145889263
51,23,1604.9701431546994
51,22,1688.5484941322184
51,21,1773.5032812677616
51,20,1859.83336913819
51,19,1947.5381476662205
51,18,2185.552628912918
51,17,2261.6451744098226
51,16,2338.6629493759615
51,15,2416.606036441381
51,14,2495.47470053294
51,13,2575.2680630285467
51,12,2735.6257956815175
51,11,2814.5677706489673
51,10,6689.5435562446955
51,9,6909.185597476574
51,8,7131.344287084576
51,7,7356.019463710029
51,6,7583.211030828327
51,5,7812.918738899911
51,4,8101.039146797868
51,3,8302.924248891924
51,2,34523.66516319611
51,1,35388.40781290739
52,52,18.27685831667796
52,51,26.783363408693543
52,50,35.98168269525691
52,49,46.92426468280096
52,48,83.70020032810459
52,47,96.65553548641942
52,46,126.25534320280994
52,45,149.03941174753695
52,44,172.45794609680868
52,43,196.55327750735432
52,42,221.34307082830756
52,41,246.83359348271497
52,40,273.02648249899704
52,39,299.9207972964924
52,38,327.5097923384538
52,37,355.81420174574663
52,36,484.17564436447657
52,35,512.9148819065065
52,34,542.1333766084502
52,33,571.8363926889546
52,32,602.0296134412923
52,31,632.7148633391506
52,30,723.70577019111
52,29,756.2371674422734
52,28,1298.2960824377965
52,27,1377.3048970448106
52,26,1457.6912666012781
52,25,1539.4547178251696
52,24,1622.5947244697293
52,23,1707.1105977881489
52,22,1793.0015238938993
52,21,1880.2665971364604
52,20,1968.9047020268824
52,19,2058.915249886473
52,18,2302.826510922809
52,17,2380.812459193314
52,16,2459.7226059541044
52,15,2539.5570150295225
52,14,2620.3159221746696
52,13,2701.998488454056
52,12,2865.955903181014
52,11,2946.7117723893143
52,10,6995.334973208576
52,9,7219.733300116917
52,8,7446.647719538705
52,7,7676.078074858241
52,6,7908.024271952422
52,5,8142.486069758919
52,4,8436.466063117488
52,3,8642.444936611348
52,2,35908.04370701682
52,1,36789.79420457577
53,53,20.265823444732312
53,52,29.338423609938204
53,51,39.33768545707614
53,50,49.92026371020831
53,49,62.13020374979965
53,48,101.05939185480128
53,47,114.88796133123105
53,46,153.82424358172537
53,45,177.79387222103432
53,44,202.43903001725405
53,43,227.77587442264252
53,42,253.8101361381703
53,41,280.5433071678934
53,40,307.9743940363389
53,39,336.1021935167446
53,38,364.92078509057023
53,37,394.44691912872327
53,36,527.609660367118
53,35,557.3792851898171
53,34,587.6312024669661
53,33,618.3702022670755
53,32,649.6017566985157
53,31,681.3262702352215
53,30,775.1400523655358
53,29,808.6879390453728
53,28,1391.8854401316758
53,27,1473.2162106324433
53,26,1555.9223679393867
53,25,1640.0034156639845
53,24,1725.4588112916986
53,23,1812.2878681737848
53,22,1900.4897796146704
53,21,1990.0636524825488
53,20,2081.0083915903756
53,19,2173.323428185654
53,18,2423.128797990051
53,17,2503.007511531898
53,16,2583.809428705432
53,15,2665.53459669779
53,14,2748.1832250158704
53,13,2831.7545120393715
53,12,2999.3106890251024
53,11,3081.880213555958
53,10,7307.930107285399
53,9,7537.084536299109
53,8,7768.75452363815
53,7,8002.9399172696
53,6,8239.640625366506
53,5,8478.85641497156
53,4,8778.695907515124
53,3,8988.76850878228
53,2,37319.63363708358
53,1,38218.391982490146
54,54,22.273220875327215
54,53,31.91706896052448
54,52,42.44873828160037
54,51,53.79318547597732
54,50,65.60565394908508
54,49,78.75614388398503
54,48,119.71208952354078
54,47,134.28740122715263
54,46,183.11831321125644
54,45,208.31389980286744
54,44,234.19880106515518
54,43,260.77825109471166
54,42,288.0531766941263
54,41,316.0230334375011
54,40,344.68624011458274
54,39,374.04146993332006
54,38,404.08382087193763
54,37,434.8266056098249
54,36,572.7516678999951
54,35,603.5534924766963
54,34,634.8401733227707
54,33,666.6160766906652
54,32,698.8864725396404
54,31,731.6504722250112
54,30,828.2760718931027
54,29,862.8420644178061
54,28,1488.5196480958832
54,27,1572.1704185609278
54,26,1657.1944965720731
54,25,1743.591366516102
54,24,1831.360471111672
54,23,1920.5011266733388
54,22,2011.0125347143721
54,21,2102.893815179439
54,20,2196.1437534165557
54,19,2290.762359483063
54,18,2546.459205267083
54,17,2628.230082320602
54,16,2710.9232027553708
54,15,2794.5385990277323
54,14,2879.0764570287665
54,13,2964.5360101374604
54,12,3135.690090296377
54,11,3220.073046721451
54,10,7627.328905665265
54,9,7861.239267504806
54,8,8097.6646699988105
54,7,8336.60496946694
54,6,8578.060076283653
54,5,8822.029765240619
54,4,9127.72867554443
54,3,9341.894963323388
54,2,38758.434953396274
54,1,39674.2011466505
55,55,19.45264072334698
55,54,34.566194138253266
55,53,45.62810583983498
55,52,57.45225584997294
55,51,69.93832702004767
55,50,82.79005831881315
55,49,96.65796848909126
55,48,139.57981094278787
55,47,154.82190533059756
55,46,214.17896520923978
55,45,240.61284192002088
55,44,267.73862447138896
55,43,295.5569753254436
55,42,324.0672452015175
55,41,353.2677965574832
55,40,383.15728344385974
55,39,413.7344606829339
55,38,444.99515822110965
55,37,476.9501030971266
55,36,619.6028057691107
55,35,651.4382385632484
55,34,683.7606897200659
55,33,716.5741452121199
55,32,749.883678292845
55,31,783.687392413519
55,30,883.1146104287877
55,29,918.6993549979217
55,28,1588.1973914003036
55,27,1674.1663305645227
55,26,1761.5065780465313
55,25,1850.2176060490488
55,24,1940.2988441438497
55,23,2031.7496121803836
55,22,2124.569120802945
55,21,2218.7565035216567
55,20,2314.3105787390787
55,19,2411.231324847742
55,18,2672.817468997828
55,17,2756.479941054841
55,16,2841.063729379078
55,15,2926.5688533886205
55,14,3012.9954776867316
55,13,3100.3428685193485
55,12,3275.0940481178172
55,11,3361.290216199957
55,10,7953.531331120495
55,9,8192.197458035396
55,8,8433.37813138417
55,7,8677.073211540222
55,6,8923.282610992786
55,5,9172.006111942123
55,4,9483.564363076208
55,3,9701.82429830276
55,2,40224.44765595499
55,1,41157.22169705685
56,56,21.412113255018493
56,55,26.858810819331776
56,54,48.90534112051682
56,53,61.20504217456957
56,52,74.12067573171574
56,51,87.5530684280165
56,50,101.275401081437
56,49,115.7381057956021
56,48,160.6061854335923
56,47,176.46887561881206
56,46,247.01884176154581
56,45,274.6920812186973
56,44,303.05522671073936
56,43,332.10748661672613
56,42,361.84715337207075
56,41,392.27294028732285
56,40,423.383197641192
56,39,455.1772038561788
56,38,487.6516507346087
56,37,520.8145297030835
56,36,668.1638967913074
56,35,701.034016924687
56,34,734.3929738175605
56,33,768.2444111473823
56,32,802.5932125028154
56,31,837.4366380791835
56,30,939.6559029126458
56,29,976.260264640163
56,28,1690.9174655310485
56,27,1779.2028502821586
56,26,1868.857623228071
56,25,1959.8812464190296
56,24,2052.2731385749153
56,23,2146.0326235693997
56,22,2241.1589219886414
56,21,2337.6511813226116
56,20,2435.5082518467643
56,19,2534.7300843979333
56,18,2802.203344652096
56,17,2887.756874163156
56,16,2974.2308245462245
56,15,3061.6252036706665
56,14,3149.9401569359115
56,13,3239.1749814760688
56,12,3417.522507590939
56,11,3505.5316817055123
56,10,8286.537337457436
56,9,8529.959074759472
56,8,8775.894882513325
56,7,9024.344625005877
56,6,9275.308216762254
56,5,9528.785447066182
56,4,9846.20296627049
56,3,10068.55651192498
56,2,41717.67174475969
56,1,42667.453633709185
57,57,46.602756167941486
57,56,6.028889538521424
57,55,12.478473645122547
57,54,65.06756911075091
57,53,78.41021856157369
57,52,92.23656353934041
57,51,106.4637199482027
57,50,120.93342565366564
57,49,135.93702767105742
57,48,182.7536345034601
57,47,199.21321750789068
57,46,281.63925614834983
57,45,310.5484530466592
57,44,340.1441518113255
57,43,370.4245600349923
57,42,401.3883378020632
57,41,433.0338117426871
57,40,465.3602402962467
57,39,498.36646820784694
57,38,532.0503182375858
57,37,566.4172732669289
57,36,718.4355142724551
57,35,752.3411335965274
57,34,786.7371107448356
57,33,821.6267839327688
57,32,857.0148508954799
57,31,892.8978762896239
57,30,997.9002823264312
57,29,1035.524926251603
57,28,1796.6787567205333
57,27,1887.2789675985596
57,26,1979.2467200528656
57,25,2072.5814687947677
57,24,2167.28262396989
57,23,2263.3495139131646
57,22,2360.7813698442624
57,21,2459.577353572305
57,20,2559.7363461405675
57,19,2661.258274424253
57,18,2934.6166052477965
57,17,3022.0606835124186
57,16,3110.424317604491
57,15,3199.7075051643083
57,14,3289.910374248141
57,13,3381.0322510455126
57,12,3562.975417550264
57,11,3652.797401643918
57,10,8626.346885610552
57,9,8874.524086886217
57,8,9125.214899888704
57,7,9378.419192682204
57,6,9634.136881754204
57,5,9892.367763162883
57,4,10215.644481551844
57,3,10442.091602519162
57,2,43238.10721981035
57,1,44204.8969566075
58,58,48.86635785903626
58,57,18.605865130024902
58,56,-0.9450110371496331
58,55,25.370154146625158
58,54,82.81397833253584
58,53,97.03365642823124
58,52,111.63454890372229
58,51,126.55451334957766
58,50,141.6916078038801
58,49,157.22131483052985
58,48,205.99896576289729
58,47,223.04524146299016
58,46,318.0371667930024
58,45,348.17751610864536
58,44,379.00023030240703
58,43,410.50365007313104
58,42,442.68613296104195
58,41,475.54691003182546
58,40,509.0848166491304
58,39,543.2992967205632
58,38,578.1883633201246
58,37,613.7559558803846
58,36,770.4180405050749
58,35,805.3597475759774
58,34,840.7930807224792
58,33,876.7211016526412
58,32,913.1483264295573
58,31,950.0707542164567
58,30,1057.8479805056093
58,29,1096.4934604103978
58,28,1905.48023793694
58,27,1998.3937497726572
58,26,2092.6730261287375
58,25,2188.3175167602417
58,24,2285.326625441808
58,23,2383.699685361373
58,22,2483.435938944037
58,21,2584.5345625847135
58,20,2686.994467051047
58,19,2790.8155584067376
58,18,3070.0570398416235
58,17,3159.3911850640084
58,16,3249.644050106411
58,15,3340.8156235504666
58,14,3432.90601777316
58,13,3525.914586321254
58,12,3711.452729740677
58,11,3803.0873375673636
58,10,8972.959939231954
58,9,9225.89246576315
58,8,9481.338161641943
58,7,9739.296898576176
58,6,9999.768594947656
58,5,10262.753053294462
58,4,10591.88890558693
58,3,10822.429568528354
58,2,44785.75408110703
58,1,45769.55166575182
59,59,23.33698236266409
59,58,29.03763940408492
59,57,-0.5875560378618311
59,56,24.265604416448774
59,55,49.47920982727998
59,54,134.18840800984268
59,53,113.76720958864925
59,52,128.85989999494006
59,51,121.9810545126662
59,50,163.51428183344592
59,49,179.5735092455682
59,48,230.32832356841797
59,47,247.95895363050917
59,46,356.2079984489017
59,45,387.57434450447954
59,44,419.61893787876096
59,43,452.3400910995422
59,42,485.7370018927137
59,41,519.808494426197
59,40,554.5540982909546
59,39,589.9727282369056
59,38,626.0633505254318
59,37,662.8283961387533
59,36,824.1117030239179
59,35,860.0899061745868
59,34,896.5607842682991
59,33,933.5271499237847
59,32,970.9933423622401
59,31,1008.9549069282621
59,30,1119.499175478303
59,29,1159.165949092537
59,28,2017.320959432548
59,27,2112.5463340935644
59,26,2209.1357621751413
59,25,2307.088690477133
59,24,2406.404518481481
59,23,2507.082584593253
59,22,2609.1221428954577
59,21,2712.522384567557
59,20,2817.2822491100846
59,19,2923.40162453998
59,18,3208.5244521675836
59,17,3299.7482076647684
59,16,3391.8898747535445
59,15,3484.9494339953862
59,14,3578.9269835795194
59,13,3673.8219028336575
59,12,3862.9543993918664
59,11,3956.4014531288512
59,10,9326.37646445725
59,9,9584.064184693947
59,8,9844.264647395228
59,7,10106.977727783047
59,6,10372.203346069216
59,5,10639.941310992037
59,4,10974.93623526445
59,3,11209.570408500078
59,2,46360.61232864969
59,1,47361.41776114211
60,60,24.3628591883739
60,59,30.244731925845393
60,58,-1.2533857036618996
60,57,23.34000090810711
60,56,86.4081316379145
60,55,100.94360497314473
60,54,115.90323546069537
60,53,131.22328698261015
60,52,146.78175368919563
60,51,162.80743568712083
60,50,161.4674627208788
60,49,192.30005090187603
60,48,255.7337909321211
60,47,273.95095614699414
60,46,396.14719814878947
60,45,428.7341029067266
60,44,461.99561626340625
60,43,495.9303227842544
60,42,530.5371739252416
60,41,565.815717934913
60,40,601.7648430708381
60,39,638.3843291888202
60,38,675.6731798714943
60,37,713.6325945357719
60,36,879.5166097856697
60,35,916.53156828949
60,34,954.0400616036006
60,33,992.0446773148327
60,32,1030.5495821985319
60,31,1069.5499645175653
60,30,1182.8540002728537
60,29,1223.5424431722813
60,28,2132.200041515804
60,27,2229.7359213889395
60,26,2328.6342056267863
60,25,2428.894342078068
60,24,2530.5157243600243
60,23,2633.4976987678774
60,22,2737.8395308029512
60,21,2843.540426563344
60,20,2950.5993533373576
60,19,3059.0161835209765
60,18,3350.0186594084253
60,17,3443.131591959478
60,16,3537.161654445561
60,15,3632.108820337969
60,14,3727.9731749718453
60,13,3824.7541219943487
60,12,4017.480384418867
60,11,4112.739714448991
60,10,9686.596429698597
60,9,9949.03921877462
60,8,10213.994338136901
60,7,10481.461666395084
60,6,10751.441125530975
60,5,11023.9325302167
60,4,11364.786467676911
60,3,11603.514121077646
60,2,47962.6819624383
60,1,48980.4952427784
61,61,25.252664456198595
61,60,31.28012320199908
61,59,-2.371592273979236
61,58,22.16647013264751
61,57,88.2226789542607
61,56,102.90978112434519
61,55,118.03983337695168
61,54,133.5493255014306
61,53,149.30721652915045
61,52,165.57098957358681
61,51,161.99165214725727
61,50,193.26412152962726
61,49,225.65789001764233
61,48,282.2116024117001
61,47,301.019721884219
61,46,437.8494685441662
61,45,471.6526381226732
61,44,506.1266907446069
61,43,541.2705579540961
61,42,577.0837939319281
61,41,613.5652650175592
61,40,650.7147826994786
61,39,688.5318021125993
61,38,727.0157427330447
61,37,766.1667108952541
61,36,936.6327748777353
61,35,974.6846258448861
61,34,1013.2307081247809
61,33,1052.2732445576785
61,32,1091.8168784621523
61,31,1131.855557208703
61,30,1247.9125509576545
61,29,1289.6229678416878
61,28,2250.1166681558857
61,27,2349.9617702600463
61,26,2451.167687858846
61,25,2553.733868651626
61,24,2657.6597060272948
61,23,2762.944551910344
61,22,2869.587684108766
61,21,2977.5883237152984
61,20,3086.945464899046
61,19,3197.6589665717374
61,18,3494.5394910861583
61,17,3589.5411894035797
61,16,3685.459261428718
61,15,3782.293674357413
61,14,3880.044501878011
61,13,3978.711170596489
61,12,4175.03064535284
61,11,4272.102089794445
61,10,10053.61980545439
61,9,10320.81754474566
61,8,10590.52721610882
61,7,10862.748701420007
61,6,11137.48192437423
61,5,11414.726705324432
61,4,11761.439600104259
61,3,12004.260704992312
61,2,49591.96298247296
61,1,50626.78411066067
62,62,26.10504285473986
62,61,32.265342882670375
62,60,-3.825037307363931
62,59,20.767327173281988
62,58,46.82103507885936
62,57,148.1405073009234
62,56,120.17582191210387
62,55,135.869468615216
62,54,151.82080025544448
62,53,168.31663043931584
62,52,162.30443855626808
62,51,194.06194119713814
62,50,226.9118840528692
62,49,287.130648196274
62,48,306.19297677368723
62,47,306.443688772453
62,46,481.3110863192675
62,45,516.3259364068457
62,44,552.0084573259588
62,43,588.3578500454068
62,42,625.3734875965345
62,41,663.0548534101343
62,40,701.401506188268
62,39,740.4130440122452
62,38,780.0891590706647
62,37,820.4290472293607
62,36,995.4601392509666
62,35,1034.5489196330059
62,34,1074.1324864345943
62,33,1114.2128942946745
62,32,1154.7945578421266
62,31,1195.8713191013221
62,30,1314.6748929118555
62,29,1357.4075274798752
62,28,2371.0700812953437
62,27,2473.2231919489645
62,26,2576.735585831087
62,25,2681.606711859427
62,24,2787.835964446892
62,23,2895.422701678596
62,22,3004.366213764505
62,21,3114.665736816399
62,20,3226.3202910135797
62,19,3339.3297236624094
62,18,3642.0867880570877
62,17,3738.9768613822275
62,16,3836.782576516572
62,15,3935.503895113361
62,14,4035.1408802962296
62,13,4135.692980365242
62,12,4335.6051451468475
62,11,4434.488549408696
62,10,10427.446564144157
62,9,10699.399140859296
62,8,10973.863264704909
62,7,11250.838820706744
62,6,11530.32573421868
62,5,11812.323831034326
62,4,12164.895629999164
62,3,12411.8101590565
62,2,51248.455388753595
62,1,52300.28436478893
63,63,26.941941406204204
63,62,33.229011456752545
63,61,-5.565993784569922
63,60,19.250724262461063
63,59,91.86727518909908
63,58,106.85134807414227
63,57,122.31078770004103
63,56,138.18409146396576
63,55,154.32370115112204
63,54,171.04591087944937
63,53,162.41815729529762
63,52,194.65263886083227
63,51,227.9808369138638
63,50,292.042092093458
63,49,311.3717716466474
63,48,308.54459284857705
63,47,345.0527220334698
63,46,526.5278997168487
63,45,562.7504422026863
63,44,599.6377031298323
63,43,637.1890465229188
63,42,675.4039656912456
63,41,714.2820336787444
63,40,753.8228723683061
63,39,794.0261223725712
63,38,834.8917591011707
63,37,876.4179698855546
63,36,1055.9985872465386
63,35,1096.1242520305927
63,34,1136.745135817455
63,33,1177.8631404160171
63,32,1219.4824631860079
63,31,1261.5968909067606
63,30,1383.1410661738591
63,29,1426.8961095439001
63,28,2495.059575780403
63,27,2599.519546002163
63,26,2705.3373203916462
63,25,2812.5123515633168
63,24,2921.0440353115
63,23,3030.9317364633266
63,22,3142.174757694788
63,21,3254.772350111659
63,20,3368.723559066786
63,19,3484.0282219171445
63,18,3792.6604016021047
63,17,3891.4384784021227
63,16,3991.131488396575
63,15,4091.7393883501823
63,14,4193.262231795948
63,13,4295.699487552119
63,12,4499.203848996866
63,11,4599.899065366128
63,10,10808.076679952375
63,9,11084.783986758262
63,8,11364.002468379605
63,7,11645.732012878632
63,6,11929.972547216743
63,5,12216.72390239995
63,4,12575.154554973267
63,3,12826.162482157255
63,2,52932.15918128022
63,1,54000.996005163186
64,64,29.26862899141843
64,63,35.64244053334075
64,62,12.389415203083024
64,61,17.49502880236964
64,60,93.6946077123048
64,59,108.82491500653111
64,58,124.44469823004648
64,57,140.48280183926718
64,56,120.86801895621477
64,55,177.38694334788389
64,54,194.66630833974267
64,53,194.9291983686227
64,52,328.24332684367295
64,51,164.41985815085675
64,50,349.79193980931467
64,49,310.47322153932015
64,48,347.44390735818536
64,47,385.4686967592598
64,46,573.4963596605779
64,45,610.9229362316337
64,44,649.0115141695603
64,43,687.7615904839215
64,42,727.1727501601509
64,41,767.2446351087556
64,40,807.9769135342071
64,39,849.3692559023071
64,38,891.4218049044426
64,37,934.1321603208191
64,36,1118.24795979864
64,35,1159.4103970845547
64,34,1201.0683796880278
64,33,1243.2236702681892
64,32,1285.880260006807
64,31,1329.0319219245703
64,30,1453.311089867908
64,29,1498.088687819984
64,28,2622.084494825033
64,27,2728.8502352066894
64,26,2836.9723527625065
64,25,2946.450303281949
64,24,3057.2834860935927
64,23,3169.471272783809
64,22,3283.0129785151066
64,21,3397.9078688697123
64,20,3514.155015368962
64,19,3631.7542441776673
64,18,3946.2601926021853
64,17,4046.9259193637554
64,16,4148.505892997252
64,15,4251.000065957176
64,14,4354.408483067918
64,13,4458.730632567933
64,12,4665.826724178377
64,11,4768.333611434795
64,10,11195.510128690566
64,9,11476.972063367071
64,8,11760.944812564414
64,7,12047.42826727273
64,6,12336.422356011715
64,5,12627.926914783264
64,4,12992.216372785206
64,3,13247.317673250454
64,2,54643.07436005282
64,1,55728.91903178342
65,65,28.59655734543148
65,64,35.12716846675959
65,63,-9.822311821860103
65,62,15.537146029270433
65,61,95.55547186186011
65,60,167.6117610777019
65,59,69.73487897289402
65,58,142.7879220961673
65,57,120.07745664933508
65,56,180.11839884598305
65,55,197.62758493556439
65,54,195.24371007655586
65,53,229.44658431968375
65,52,347.8503413180051
65,51,275.7801867698682
65,50,312.2009796943581
65,49,349.6643695147501
65,48,388.1535888984778
65,47,427.681889361484
65,46,622.2132430720911
65,45,660.840495336027
65,44,700.127240069302
65,43,740.0730715130833
65,42,780.6776484198027
65,41,821.9406629190585
65,40,863.8618161348361
65,39,906.440798585203
65,38,949.6778849518314
65,37,993.5701967280106
65,36,1182.2080649967859
65,35,1224.4071085194776
65,34,1267.1017879305884
65,33,1310.2943129760351
65,32,1353.9876183381652
65,31,1398.1760714268544
65,30,1525.1849658704912
65,29,1570.9852251493733
65,28,2752.1442259421287
65,27,2861.2147032569633
65,26,2971.640179858197
65,25,3083.420114610555
65,24,3196.553913299033
65,23,3311.040953634887
65,22,3426.880561479004
65,21,3544.072019440113
65,20,3662.6144217879278
65,19,3782.507587708795
65,18,4102.886030783706
65,17,4205.439070905961
65,16,4308.90569291465
65,15,4413.285912228157
65,14,4518.579498768144
65,13,4624.7863596517345
65,12,4835.473739896755
65,11,4939.79216295147
65,10,11589.74688767143
65,9,11875.963352792625
65,8,12164.690283592558
65,7,12455.927573884659
65,6,12749.675153700298
65,5,13045.932863830867
65,4,13416.081081329468
65,3,13675.275731355745
65,2,56381.20092507139
65,1,57484.053444649646
66,66,29.42011343653687
66,65,36.069342985544104
66,64,-12.313386168393532
66,63,13.376100152083197
66,62,97.35650385042861
66,61,112.8005726866804
66,60,185.95389334834604
66,59,87.83283304167954
66,58,161.78018879490287
66,57,179.15048552323307
66,56,161.56535006335713
66,55,195.2463613358724
66,54,283.5820683480279
66,53,212.25104969950988
66,52,367.78156026985624
66,51,313.73456199374914
66,50,351.6881125993852
66,49,390.669898258814
66,48,430.66393390591
66,47,471.6837693403961
66,46,672.6756235737844
66,45,712.500463531396
66,44,752.9824585280072
66,43,794.1212815168532
66,42,835.9166454316106
66,41,878.36827849748
66,40,921.4759043299356
66,39,965.239226048741
66,38,1009.6586208781739
66,37,1054.7308264719416
66,36,1247.8786865417237
66,35,1291.1141260926727
66,34,1334.8453713753277
66,33,1379.0744526597134
66,32,1423.8042146807836
66,31,1469.029009594311
66,30,1598.762681802848
66,29,1645.5856757631243
66,28,2885.238197284133
66,27,2996.612430594493
66,26,3109.340332144791
66,25,3223.4213650296365
66,24,3338.8549403919997
66,23,3455.640443054998
66,22,3573.7772126910254
66,21,3693.264545250786
66,20,3814.101557187562
66,19,3936.2880630284762
66,18,4262.537794044392
66,17,4366.9779287640595
66,16,4472.330776538173
66,15,4578.596631794334
66,14,4685.775351161509
66,13,4793.866616569205
66,12,5008.144867150169
66,11,5114.274696708291
66,10,11990.786935594062
66,9,12281.757838234156
66,8,12575.23886863037
66,7,12871.229923318906
66,6,13169.730933798055
66,5,13470.7417454527
66,4,13846.748678626092
66,3,14110.036655551452
66,2,58146.538876336
66,1,59266.39924376186
67,67,30.243512927881905
67,66,37.009156972793434
67,65,-15.036503827510654
67,64,11.011452543541646
67,63,99.19052167609712
67,62,114.7540266056455
67,61,130.86028549658823
67,60,204.9989034649749
67,59,106.63454464218697
67,58,181.82879573949276
67,57,160.88354431329674
67,56,195.04983754132832
67,55,230.31696306562597
67,54,311.69428924276133
67,53,258.97677698729325
67,52,388.04493037689826
67,51,353.5212078837792
67,50,392.99305840174446
67,49,433.4792786668468
67,48,474.9661343083758
67,47,517.4668820183473
67,46,724.8808427934911
67,45,765.9004121879258
67,44,807.5749511857573
67,43,849.9041909099018
67,42,892.8878836282913
67,41,936.5257825959318
67,40,980.8176259229159
67,39,1025.7631234871105
67,38,1071.3627317955645
67,37,1117.6128838655832
67,36,1315.2595905210103
67,35,1359.5310290037437
67,34,1404.2988266550014
67,33,1449.5639411545326
67,32,1495.32973342235
67,31,1541.590418102922
67,30,1674.044213947592
67,29,1721.889986811022
67,28,3021.3658743444903
67,27,3135.0429316014274
67,26,3250.072370757485
67,25,3366.4536595279883
67,24,3484.1862152429117
67,23,3603.2694305465766
67,22,3723.7026571621195
67,21,3845.485205546991
67,20,3968.616214259783
67,19,4093.0954928492383
67,18,4425.215486528895
67,17,4531.5420657848335
67,16,4638.7811001037135
67,15,4746.932389184775
67,14,4855.995910039479
67,13,4965.971354340365
67,12,5183.840078602885
67,11,5291.781190847729
67,10,12398.630252440347
67,9,12694.355503901455
67,8,12992.590555614663
67,7,13293.335306742963
67,6,13596.589690207897
67,5,13902.353555802536
67,4,14284.219162811803
67,3,14551.600444970569
67,2,59939.08821384656
67,1,61075.956429120066
68,68,31.067405569466523
68,67,37.94795441364187
68,66,-17.98669484494724
68,65,8.443030691468602
68,64,101.02651776575077
68,63,116.73316983501563
68,62,132.97422082289341
68,61,149.69586686620065
68,60,166.71841683122616
68,59,184.49752611239856
68,58,160.0030413391358
68,57,194.65923953625907
68,56,230.4176192684675
68,55,316.554236127123
68,54,337.1361753626344
68,53,316.2196334856854
68,52,355.1636639005604
68,51,395.1286513101946
68,50,436.10480193210844
68,49,478.0835113987805
68,48,521.0524489647793
68,47,565.0246989533864
68,46,778.8264695206111
68,45,821.0381169820253
68,44,863.9026786804322
68,43,907.4199283373954
68,42,951.589645860591
68,41,996.4116009889365
68,40,1041.885540280612
68,39,1088.0111766180646
68,38,1134.789024361094
68,37,1182.2152827909208
68,36,1384.3505308315314
68,35,1429.657863869275
68,34,1475.4615402049508
68,33,1521.7624745859023
68,32,1568.5638678460941
68,31,1615.8599904443997
68,30,1751.0295290940662
68,29,1799.8981002282208
68,28,3160.526756977766
68,27,3276.5057518941967
68,26,3393.8358850593954
68,25,3512.516629160585
68,24,3632.547408369641
68,23,3753.927623336071
68,22,3876.656637702587
68,21,4000.733776230544
68,20,4126.158198885689
68,19,4252.929846662578
68,18,4590.918621951051
68,17,4699.131738743495
68,16,4808.256561740194
68,15,4918.2930307829665
68,14,5029.241118870235
68,13,5141.100526991106
68,12,5362.559348469796
68,11,5472.311624767777
68,10,12813.276819379415
68,9,13113.75633494001
68,8,13416.745333196413
68,7,13722.24371584578
68,6,14030.251417192225
68,5,14340.768291259503
68,4,14728.492532131157
68,3,14999.967098796615
68,2,61758.84893760315
68,1,62912.725000724255
69,69,31.89252324049877
69,68,38.88649411433136
69,67,-21.160254472634307
69,66,5.6708949420866785
69,65,102.8644349668763
69,64,118.71382449634939
69,63,135.10644065649535
69,62,151.9902242858656
69,61,169.18047372806558
69,60,187.1577458802739
69,59,158.92406662453428
69,58,194.07511586002943
69,57,297.4251588871063
69,56,317.8821533355978
69,55,278.7575294868347
69,54,317.17135603378057
69,53,356.6150311629202
69,52,397.076362128318
69,51,438.5455485341208
69,50,481.0140543368438
69,49,524.4745588895971
69,48,568.9160858144726
69,47,614.3514774574293
69,46,834.5102769833214
69,45,877.9115327432729
69,44,921.9637602328281
69,43,966.6667634537241
69,42,1012.0203408565842
69,41,1058.0242721432753
69,40,1104.678307588526
69,39,1151.982161136251
69,38,1199.9363869415727
69,37,1248.5370100639987
69,36,1455.1510982570232
69,35,1501.4943389594134
69,34,1548.3333933122733
69,33,1595.6697559487045
69,32,1643.5063208163733
69,31,1691.8374320425532
69,30,1829.718586495365
69,29,1879.6099538797669
69,28,3302.7203767016517
69,27,3421.000465870581
69,26,3540.630490426163
69,25,3661.6099283383587
69,24,3783.9382111339846
69,23,3907.614747641669
69,22,4032.6389132713944
69,21,4159.010046861131
69,20,4286.72732911101
69,19,4415.790691039327
69,18,4759.647501772411
69,17,4869.746734873705
69,16,4980.757085971676
69,15,5092.678492726255
69,14,5205.510924543753
69,13,5319.2540913271805
69,12,5544.302652410047
69,11,5655.865979033376
69,10,13234.726618681754
69,9,13539.960317362573
69,8,13847.70319068786
69,7,14157.955142800305
69,6,14470.716109346464
69,5,14785.9859484126
69,4,15179.568784929043
69,3,15455.136616259982
69,2,63605.821047605685
69,1,64776.70495857443
70,70,32.71937833732253
70,69,39.82541252807629
70,68,-24.55415341081764
70,67,2.6950554259925585
70,66,104.70426145810136
70,65,120.69605655048791
70,64,137.23912358423703
70,63,154.2831494636299
70,62,171.6388549108677
70,61,189.81043389114748
70,60,157.64674045784213
70,59,193.29367388175558
70,58,302.0687479879105
70,57,322.75740288638013
70,56,279.0097444214647
70,55,317.92919710403436
70,54,357.8753468019432
70,53,398.8359059252502
70,52,440.80106252257957
70,51,483.7623422108204
70,50,527.712523413755
70,49,572.6453741768589
70,48,618.5510723494579
70,47,665.4421416131994
70,46,891.9302174921883
70,45,936.5187729432139
70,44,981.7564563110466
70,43,1027.643092241329
70,42,1074.1784907380295
70,41,1121.3624363660679
70,40,1169.1946808656367
70,39,1217.6749350440614
70,38,1266.8037815561236
70,37,1316.5771194716933
70,36,1527.6613633351867
70,35,1575.0398503175547
70,34,1622.9141006913082
70,33,1671.2854960632328
70,32,1720.1568052091504
70,31,1769.522459214888
70,30,1910.1112550977887
70,29,1961.0255679238996
70,28,3447.9462942500695
70,27,3568.5266744858477
70,26,3690.4558262359164
70,25,3813.733233025014
70,24,3938.3583341310245
70,23,4064.330546718996
70,22,4191.6492577966565
70,21,4320.313820033429
70,20,4450.323434213539
70,19,4581.678022490823
70,18,4931.40188821861
70,17,5043.386971496786
70,16,5156.282601817606
70,15,5270.08871495961
70,14,5384.805277118324
70,13,5500.432006728891
70,12,5729.069967428465
70,11,5842.444235296499
70,10,13662.979633639256
70,9,13972.967437987341
70,8,14285.464118016072
70,7,14600.469580228264
70,6,14917.983761575048
70,5,15238.00652404527
70,4,15637.447919643673
70,3,15917.10899663477
70,2,65480.00454385413
70,1,66667.8963026706
71,71,-3.822302975966684
71,70,42.50320077097235
71,69,50.11378999550549
71,68,-0.5107273094026517
71,67,29.005693767118846
71,66,200.2467256926766
71,65,139.37249302539772
71,64,156.56340879119838
71,63,111.27990645748154
71,62,196.32699128172095
71,61,215.1266661477179
71,60,192.31458696307425
71,59,229.56233997883837
71,58,331.28214109460646
71,57,352.5796486125592
71,56,318.4931877962946
71,55,358.9445014990519
71,54,400.4070240189
71,53,442.8709293467072
71,52,486.3278015545933
71,51,530.7705120769192
71,50,576.1929444988954
71,49,622.589768783264
71,48,669.9521291991217
71,47,718.2921834069901
71,46,951.0844018556079
71,45,996.8580922770392
71,44,1043.2791538553756
71,43,1090.3474244240526
71,42,1138.0627201001435
71,41,1186.4248273826227
71,40,1235.4334956524963
71,39,1285.0884327968529
71,38,1335.3902381202015
71,37,1386.3345710537344
71,36,1601.881045669103
71,35,1650.2943011814289
71,34,1699.2033829857164
71,33,1748.6094142428117
71,32,1798.5150441474525
71,31,1848.9148031268378
71,30,1992.2076544661866
71,29,2044.1447019438451
71,28,3596.204098369401
71,27,3719.084002212137
71,26,3843.311554041939
71,25,3968.886239096892
71,24,4095.807505726632
71,23,4224.074779565974
71,22,4353.687459040219
71,21,4484.644910390931
71,20,4616.946353855683
71,19,4750.591703725232
71,18,5106.181691734373
71,17,5220.052370779643
71,16,5334.833042465542
71,15,5450.523640959033
71,14,5567.124129588711
71,13,5684.63423496186
71,12,5916.861271785724
71,11,6032.046376221981
71,10,14098.035848493442
71,9,14412.777684380611
71,8,14730.028105678572
71,7,15049.787021168739
71,6,15372.05436907014
71,5,15696.830015121805
71,4,16102.12993480018
71,3,16385.884239235267
71,2,67381.39942634875
71,1,68586.29903301275
72,72,-2.2172314758728704
72,71,83.6671333566164
72,70,13.061083658598202
72,69,24.07646622469358
72,68,26.037462628490587
72,67,128.03564204459354
72,66,145.1157771319963
72,65,162.6864328351019
72,64,180.69248233359687
72,63,144.43990291934992
72,62,222.16502394802714
72,61,241.56476286815763
72,60,228.89175293727055
72,59,336.2027548129173
72,58,357.73267040477634
72,57,318.8635168324356
72,56,359.82239627242177
72,55,401.7894810096307
72,54,444.7547709644327
72,53,488.70990854018737
72,52,533.6478543182297
72,51,579.5626014168191
72,50,626.4489431059327
72,49,674.3022792046187
72,48,723.1145724269742
72,47,772.8975756070176
72,46,1011.9710818947151
72,45,1058.9278718222392
72,44,1106.5303536145243
72,43,1154.7783725937377
72,42,1203.6717470974472
72,41,1253.2102625749399
72,40,1303.393664969838
72,39,1354.2216580684346
72,38,1405.6948489716945
72,37,1457.8088662559733
72,36,1677.8095566641755
72,35,1727.2574228865922
72,34,1777.2009676784385
72,33,1827.6412387311536
72,32,1878.5807710856138
72,31,1930.0142032324445
72,30,2076.007642514968
72,29,2128.9673753418706
72,28,3747.493399647964
72,27,3872.672099345528
72,26,3999.197355908122
72,25,4127.06866085107
72,24,4256.285470724804
72,23,4386.847219743794
72,22,4518.75331756411
72,21,4652.003143725338
72,20,4786.595937311318
72,19,4922.531605650974
72,18,5283.986827928318
72,17,5399.742859388426
72,16,5516.408344972146
72,15,5633.983217476254
72,14,5752.46770080862
72,13,5871.860476873234
72,12,6107.676544915427
72,11,6224.672385418618
72,10,14539.895248368712
72,9,14859.391044804614
72,8,15181.395144704135
72,7,15505.907459049238
72,6,15832.927927291308
72,5,16162.456418774875
72,4,16573.614829004175
72,3,16861.46234341425
72,2,69310.00569508923
72,1,70531.91314960089
73,73,38.65170770503565
73,72,45.938991614251435
73,71,15.075098787110958
73,70,25.332882391492426
73,69,39.61274607735547
73,68,54.990684873981934
73,67,150.9681468899287
73,66,168.9088709578403
73,65,187.28081739899642
73,64,206.04483117959907
73,63,225.0813424950973
73,62,244.69123855016562
73,61,228.02645264078353
73,60,267.35257613446424
73,59,366.78570574370104
73,58,388.92481632035725
73,57,360.50894082817865
73,56,402.98306185715205
73,55,446.45224186335895
73,54,490.90818363692006
73,53,536.3439346395674
73,52,582.7535952915711
73,51,630.1320728659523
73,50,678.4748967230707
73,49,727.7780612999378
73,48,778.0342237086804
73,47,829.2547038648626
73,46,1074.5886355530342
73,45,1122.726606323906
73,44,1171.5086592258424
73,43,1220.9346426268219
73,42,1271.0043746718195
73,41,1321.7176371282706
73,40,1373.0741719962548
73,39,1425.0736783841814
73,38,1477.7167639684706
73,37,1530.9990532927407
73,36,1755.4468154996548
73,35,1805.928951967542
73,34,1856.906589737285
73,33,1908.3807069599918
73,32,1960.3537297676992
73,31,2012.820411309024
73,30,2161.5111612723917
73,29,2215.4935187526676
73,28,3901.8138350067466
73,27,4029.2906339935266
73,26,4158.11293289361
73,25,4288.280229643298
73,24,4419.791989152957
73,23,4552.647654302434
73,22,4686.846645785533
73,21,4822.388356157383
73,20,4959.272042762883
73,19,5097.497606775927
73,18,5464.817217209606
73,17,5582.458368170912
73,16,5701.0084499890545
73,15,5820.467394308318
73,14,5940.835412834118
73,13,6062.111234696389
73,12,6301.516039230994
73,11,6420.32197549207
73,10,14988.557819211566
73,9,15312.807508169495
73,8,15639.565226616609
73,7,15968.83088765806
73,6,16300.604431947268
73,5,16634.88573229399
73,4,17051.90260093713
73,3,17343.84330855889
73,2,71265.82335007576
73,1,72504.73865243503
74,74,40.01438303917726
74,73,47.39011649633164
74,72,16.538948964215706
74,71,28.19636574598678
74,70,40.449362588147615
74,69,57.52697331078014
74,68,86.28764402050923
74,67,238.2224303294396
74,66,189.8327222290299
74,65,208.76622642736288
74,64,177.87354996417508
74,63,297.9365021262442
74,62,226.9704477233715
74,61,266.80001606583124
74,60,307.67816738759655
74,59,398.4616121877614
74,58,421.20967539685154
74,57,403.9875696145865
74,56,447.9630250395098
74,55,492.9221868622911
74,54,538.858189414764
74,53,585.7652340197136
74,52,633.6383434063941
74,51,682.473165835118
74,50,732.265824731423
74,49,783.0127988344367
74,48,834.7073357550902
74,47,887.3603089219675
74,46,1138.935554139956
74,45,1188.2528932335726
74,44,1238.21276764419
74,43,1288.8150259332717
74,42,1340.0594832208685
74,41,1391.9459170691318
74,40,1444.4740645671754
74,39,1497.6436200625678
74,38,1551.455186041895
74,37,1605.904405109026
74,36,1834.7925685001933
74,35,1886.3086310000103
74,34,1938.3199920584832
74,33,1990.8275651683482
74,32,2043.8336746136315
74,31,2097.333189987048
74,30,2248.7181507497035
74,29,2303.723062542353
74,28,4059.1650617116816
74,27,4188.939294847259
74,26,4320.058003667373
74,25,4452.520692646662
74,24,4586.326835151597
74,23,4721.475882798038
74,22,4857.967267116265
74,21,4995.800393388332
74,20,5134.9745366534535
74,19,5275.489592661075
74,18,5648.672784455406
74,17,5768.198831866101
74,16,5888.633301512489
74,15,6009.976124082422
74,14,6132.227499870127
74,13,6255.386202782707
74,12,6498.379183665436
74,11,6618.995684377119
74,10,15444.023547734922
74,9,15773.027063989068
74,8,16104.538343398732
74,7,16438.557301123594
74,6,16775.08387897833
74,5,17114.11795311505
74,4,17536.993249350326
74,3,17833.0271340898
74,2,73248.8523913083
74,1,74504.77554151515
75,75,41.28509273201789
75,74,48.721247372906774
75,73,17.789560497056325
75,72,30.072671018119923
75,71,43.96633080401722
75,70,58.41861729234617
75,69,77.47380954409421
75,68,177.67328283946645
75,67,196.57295639268563
75,66,215.86429340097797
75,65,235.50885714548497
75,64,215.29319761203863
75,63,315.99276001398243
75,62,266.0586546049924
75,61,307.4409025559622
75,60,349.77621737342633
75,59,481.08154120816226
75,58,404.80282431097083
75,57,449.2868306367004
75,56,494.7515135113126
75,55,541.1900966556068
75,54,588.5968820727396
75,53,636.9670013158177
75,52,686.2962194537496
75,51,736.5807814297361
75,50,787.8172923465931
75,49,840.002624485773
75,48,893.1305325838882
75,47,947.2114388613495
75,46,1205.0104313457684
75,45,1255.5054231890163
75,44,1306.6414611004716
75,43,1358.4183913404722
75,42,1410.8360246563357
75,41,1463.8941336054997
75,40,1517.592450066456
75,39,1571.9303142145397
75,38,1626.9097166244376
75,37,1682.524239300323
75,36,1915.8465666036334
75,35,1968.3962092199772
75,34,2021.4409257451466
75,33,2074.9815704805255
75,32,2129.020368446675
75,31,2183.552312385799
75,30,2337.628549574207
75,29,2393.6559372151437
75,28,4219.546756931979
75,27,4351.617788684727
75,26,4485.032303241769
75,25,4619.7898117129425
75,24,4755.889795961761
75,23,4893.33200652687
75,22,5032.1149889812705
75,21,5172.238846074911
75,20,5313.703293100059
75,19,5456.507455418262
75,18,5835.5534587048205
75,17,5956.9641888355445
75,16,6079.282846652537
75,15,6202.509362061739
75,14,6326.643924677659
75,13,6451.685349505836
75,12,6698.26624327678
75,11,6820.693217006462
75,10,15906.292421366037
75,9,16240.049702340875
75,8,16576.31448746518
75,7,16915.086693883964
75,6,17256.36626454433
75,5,17600.15307881038
75,4,18028.8867730615
75,3,18329.013819457883
75,2,75259.09281878677
75,1,76532.02381684125
76,76,42.501172476332385
76,75,49.978668096493124
76,74,18.864636962658615
76,73,31.776216302308057
76,72,46.31010222694101
76,71,62.38522399088526
76,70,78.95332612326077
76,69,99.04594252053383
76,68,203.42787240897482
76,67,223.07189470142643
76,66,243.06939617107895
76,65,263.3895103928812
76,64,254.60574845906817
76,63,334.3641541004783
76,62,307.0166908298349
76,61,349.93148934507695
76,60,436.97792558809346
76,59,460.57293067024
76,58,450.42339155143173
76,57,496.39579117197525
76,56,543.3391768923939
76,55,591.2479504576493
76,54,640.1173503270296
76,53,689.9432538130097
76,52,740.7220225734409
76,51,792.4503822516276
76,50,845.1253289951304
76,49,898.7440569391154
76,48,953.3007592006189
76,47,1008.8054093535575
76,46,1272.8119537623468
76,45,1324.4829716834802
76,44,1376.7935995557334
76,43,1429.7436791917723
76,42,1483.3330163318246
76,41,1537.5610199462778
76,40,1592.4285075615633
76,39,1647.934056969362
76,38,1704.0789289791305
76,37,1760.8579147546893
76,36,1998.608566141778
76,35,2052.1914429546914
76,34,2106.269150257996
76,33,2160.8424876098397
76,32,2215.9135854726746
76,31,2271.4775617196638
76,30,2428.2422955173997
76,29,2485.2920737455283
76,28,4382.958616330843
76,27,4517.325839087798
76,26,4653.035581815548
76,25,4790.087362331942
76,24,4928.480670996149
76,23,5068.215253466585
76,22,5209.289708936098
76,21,5351.704338900539
76,20,5495.457970999071
76,19,5640.55109330332
76,18,6025.45917287822
76,17,6148.754380818836
76,16,6272.957035420418
76,15,6398.0670659654925
76,14,6524.084652062555
76,13,6651.0086491345955
76,12,6901.177198602075
76,11,7025.414560213393
76,10,16375.364428199891
76,9,16713.87541382846
76,8,17054.89365163202
76,7,17398.419060674296
76,6,17744.45158500484
76,5,18092.991107079924
76,4,18527.58317094909
76,3,18831.803364142972
76,2,77296.54463251126
76,1,78586.48347841334
77,77,43.69383779717715
77,76,51.20199984826461
77,75,19.815389472735767
77,74,33.38670284599287
77,73,48.58007569850346
77,72,65.29130039230375
77,71,83.23643696893093
77,70,101.47587928101547
77,69,121.97514038649442
77,68,230.39533098384408
77,67,250.74186048499394
77,66,271.41273279266153
77,65,292.38752658323824
77,64,313.618782601369
77,63,335.2148134807009
77,62,349.82499533508974
77,61,394.252255130941
77,60,471.1071142715219
77,59,495.31514518496755
77,58,497.8546786067592
77,57,545.3049872588176
77,56,593.7178950851254
77,55,643.088744877594
77,54,693.4135228567948
77,53,744.688703129608
77,52,796.9111268662043
77,51,850.0779084431122
77,50,904.1863626260714
77,49,959.2340953037893
77,48,1015.215062322819
77,47,1072.1398005001363
77,46,1342.338892387942
77,45,1395.1843920942365
77,44,1448.6681141819347
77,43,1502.7898954686405
77,42,1557.5491903504712
77,41,1612.9468113846342
77,40,1668.981414695087
77,39,1725.653041071254
77,38,1782.9625391873274
77,37,1840.9048287929943
77,36,2083.0783294172797
77,35,2137.6940959080716
77,34,2192.8044333072553
77,33,2248.410091099062
77,32,2304.5131087732652
77,31,2361.1087308940923
77,30,2520.559325936685
77,29,2578.6314049842367
77,28,4549.400351638625
77,27,4686.063185269215
77,26,4824.067603709167
77,25,4963.413132677523
77,24,5104.099270988665
77,23,5246.125760228082
77,22,5389.491250493842
77,21,5534.196012289211
77,20,5680.238912277702
77,19,5827.620410064794
77,18,6218.389863516848
77,17,6343.569352706358
77,16,6469.655820534801
77,15,6596.649195803145
77,14,6724.549648738426
77,13,6853.356073181899
77,12,7107.112035326029
77,11,7233.1597015012
77,10,16851.239556955177
77,9,17194.504189547126
77,8,17540.27582909027
77,7,17888.55439650374
77,6,18239.339836909665
77,5,18592.632035742907
77,4,19033.082441949628
77,3,19341.395767651677
77,2,79361.2078324817
77,1,80668.15452623142
78,78,43.873318813938226
78,77,8.044345049347148
78,76,20.70689225055373
78,75,34.978963585295716
78,74,50.870156812644936
78,73,68.22938392386061
78,72,86.74342736204255
78,71,106.02671760898059
78,70,125.40458534115483
78,69,146.07342891821096
78,68,258.5304120058584
78,67,279.54895495940684
78,66,300.8700571030931
78,65,322.4784743250681
78,64,344.3420909329338
78,63,366.52864231297406
78,62,394.46684756846173
78,61,440.39119613138604
78,60,506.32193310845895
78,59,531.1448952695516
78,58,547.087121137862
78,57,596.0062126257753
78,56,645.880586197275
78,55,696.7063332634415
78,54,748.4800364830204
78,53,801.1986481052767
78,52,854.8593957728189
78,51,909.4597094521151
78,50,964.9973062667844
78,49,1021.4694323467471
78,48,1078.8712828948762
78,47,1137.2123025249439
78,46,1413.5900958594777
78,45,1467.6086085699844
78,44,1522.263658355046
78,43,1577.55611875918
78,42,1633.4847291333513
78,41,1690.0496008735352
78,40,1747.2504505001261
78,39,1805.0869550989319
78,38,1863.5599255208415
78,37,1922.6644141382044
78,36,2169.255625118775
78,35,2224.9039393709227
78,34,2281.0465514233556
78,33,2337.6841639019776
78,32,2394.818730712101
78,31,2452.445621973203
78,30,2614.5795781412057
78,29,2673.6738612424956
78,28,4718.871694099903
78,27,4857.829580990834
78,26,4998.128146392515
78,25,5139.766922731604
78,24,5282.745675004986
78,23,5427.06311029703
78,22,5572.719473804853
78,21,5719.713976106745
78,20,5868.045778824133
78,19,6017.715314930366
78,18,6414.345470544985
78,17,6541.409052331158
78,16,6669.379157241584
78,15,6798.255709655892
78,14,6928.038887265349
78,13,7058.727596058373
78,12,7316.070738468459
78,11,7443.928629005448
78,10,17333.917796933707
78,9,17681.93602105225
78,8,18032.461013382424
78,7,18385.492696638277
78,6,18741.03101698599
78,5,19099.075862730373
78,4,19545.384585053365
78,3,19857.791029515483
78,2,81453.08241869816
78,1,82777.03696029549
79,79,44.925377896215586
79,78,8.227819539003928
79,77,21.608325886233878
79,76,36.623759775998145
79,75,53.2432557092396
79,74,71.26436644110396
79,73,90.34278450967696
79,72,110.10037662712861
79,71,130.23687080773942
79,70,150.38727656436666
79,69,171.24524182382464
79,68,287.80071654178835
79,67,309.46959157885834
79,66,331.4255893222691
79,65,353.65701567467397
79,64,376.1438120383126
79,63,398.92468593046084
79,62,440.9281374833346
79,61,488.33698548188335
79,60,542.6208850586546
79,59,568.0612088674773
79,58,598.112438817275
79,57,648.4923191504108
79,56,699.8210403113233
79,55,752.0952896785486
79,54,805.3121263914961
79,53,859.4688868387677
79,52,914.563253656594
79,51,970.5924805513364
79,50,1027.5547990533369
79,49,1085.447917643405
79,48,1144.2669059936154
79,47,1204.020890623043
79,46,1486.5644833933536
79,45,1541.7542853241116
79,44,1597.5803298665828
79,43,1654.0414450512537
79,42,1711.1377545290186
79,41,1768.869008396119
79,40,1827.234918621283
79,39,1886.2351589374264
79,38,1945.870502435442
79,37,2006.1361365683235
79,36,2257.1402286001944
79,35,2313.820752142529
79,34,2370.9952889800097
79,33,2428.6644981890518
79,32,2486.8302520820625
79,31,2545.488046308525
79,30,2710.302989693383
79,29,2770.419377561535
79,28,4891.372386286748
79,27,5032.624793577545
79,26,5175.216999586637
79,25,5319.148543479434
79,24,5464.419185734715
79,23,5611.027682066929
79,22,5758.974246675904
79,21,5908.25811475183
79,20,6058.878470507016
79,19,6210.835721980332
79,18,6613.325937049486
79,17,6742.273430276494
79,16,6872.127003148226
79,15,7002.8865799856085
79,14,7134.552329484925
79,13,7267.123193521468
79,12,7528.053293791932
79,11,7657.721331454232
79,10,17823.399137984154
79,9,18176.170900329635
79,8,18531.44919837988
79,7,18889.233956584852
79,6,19249.525122126855
79,5,19612.322586077997
79,4,20064.4895993009
79,3,20380.98914928976
79,2,83572.16839116054
79,1,84913.13078060556
80,80,47.38193752710212
80,79,54.99605319684694
80,78,22.585905988369674
80,77,38.38020110355937
80,76,55.744475727475795
80,75,74.42634539596492
80,74,94.05924132313156
80,73,114.28068421237282
80,72,134.82391654922466
80,71,155.54291877764533
80,70,176.29493995091818
80,69,197.4561215069397
80,68,318.18367760052075
80,67,340.48830981578027
80,66,363.06884187260613
80,65,385.91727491003724
80,64,409.02177303286385
80,63,432.401130269433
80,62,489.198399137064
80,61,549.2150463476617
80,60,574.8943087061826
80,59,600.036138230572
80,58,650.9234285898989
80,57,702.7570444491878
80,56,755.5337794092038
80,55,809.2507961449751
80,54,863.9056848027158
80,53,919.4956321780448
80,52,976.0189083572654
80,51,1033.473243681537
80,50,1091.856607455307
80,49,1151.1670121597483
80,48,1211.3998040724657
80,47,1272.56335049601
80,46,1561.2610479143634
80,45,1617.6214571052035
80,44,1674.6161893193141
80,43,1732.2450627177568
80,42,1790.5078590750943
80,41,1849.4043232797674
80,40,1908.934163141847
80,39,1969.0970495004424
80,38,2029.8937180671342
80,37,2091.319492541962
80,36,2346.731922058512
80,35,2404.444320710085
80,34,2462.650438604096
80,33,2521.3508943590195
80,32,2580.5474825920155
80,31,2640.235823325775
80,30,2807.7294986595684
80,29,2868.867889013124
80,28,5066.90218593322
80,27,5210.448603001121
80,26,5355.333964441388
80,25,5501.557816170851
80,24,5649.119914818097
80,23,5798.019062265961
80,22,5948.255444057559
80,21,6099.8283188530295
80,20,6252.736892573616
80,19,6406.981549893526
80,18,6815.33120907516
80,17,6946.162439698689
80,16,7077.899318071348
80,15,7210.541768547769
80,14,7344.089951368826
80,13,7478.542842589176
80,12,7743.05968775787
80,11,7874.537798131208
80,10,18319.68357046653
80,9,18677.208819769385
80,8,19037.240378262064
80,7,19399.778172075316
80,6,19764.822149381234
80,5,20132.37220391926
80,4,20590.3974837805
80,3,20910.990126551595
80,2,85718.46574986905
80,1,87076.4359871616
81,81,21.52563434601771
81,80,58.203658412824645
81,79,66.52780441362731
81,78,40.2915213931853
81,77,58.40108229249551
81,76,77.72854815137481
81,75,97.89841158106096
81,74,118.56994031387454
81,73,139.5106829163912
81,72,160.60337405211976
81,71,181.81508407305952
81,70,203.12051859220153
81,69,224.70144774250588
81,68,349.6643095461913
81,67,372.5946750430356
81,66,395.7937422148907
81,65,419.25593662131723
81,64,442.97527824162853
81,63,466.95753312377707
81,62,539.2654174212647
81,61,586.8789179223742
81,60,613.1783067859996
81,59,653.1734285283418
81,58,705.5137858942275
81,57,758.7948680827416
81,56,813.0139418104917
81,55,868.168700703577
81,54,924.2564242636387
81,53,981.2755016263151
81,52,1039.2237570412735
81,51,1098.0992642204244
81,50,1157.9001406651792
81,49,1218.6245272881447
81,48,1280.2680177293985
81,47,1342.8385858836011
81,46,1637.678814672601
81,45,1695.2082349120224
81,44,1753.3707572953122
81,43,1812.166193549684
81,42,1871.5943196786225
81,41,1931.6548757078613
81,40,1992.3475657202316
81,39,2053.6720581269055
81,38,2115.629051892823
81,37,2178.2140070709956
81,36,2438.030494866609
81,35,2496.7744388537544
81,34,2556.0118008848153
81,33,2615.7431609662735
81,32,2675.9702399769003
81,31,2736.6887806930936
81,30,2906.859043812341
81,29,2969.0193320403546
81,28,5245.460863775109
81,27,5391.3008010431795
81,26,5538.4788527759
81,25,5686.994773452391
81,24,5836.847509199604
81,23,5988.037116643847
81,22,6140.562947570723
81,21,6294.424484857249
81,20,6449.620955293589
81,19,6606.152721645735
81,18,7020.361235437771
81,17,7153.076036162502
81,16,7286.696058303415
81,15,7421.221248699553
81,14,7556.651726084359
81,13,7692.986521459506
81,12,7961.089907482837
81,11,8094.378018842371
81,10,18822.77108522178
81,9,19185.049772139453
81,8,19549.83454749771
81,7,19917.125121968744
81,6,20286.922313028743
81,5,20659.224714480064
81,4,21123.108237624816
81,3,21447.793960899253
81,2,87891.97449482349
81,1,89266.95257996363
82,82,24.029408550853663
82,81,31.19979437040396
82,80,70.47420408530076
82,79,79.63847504021463
82,78,61.225112487902
82,77,81.17369054335096
82,76,101.8569808792101
82,75,122.96235388065405
82,74,144.29113648481032
82,73,165.75177581267224
82,72,187.3261199113978
82,71,209.0333168605959
82,70,230.89713387638284
82,69,252.98955515748185
82,68,382.2323726576708
82,67,405.7825426057384
82,66,429.5967726434379
82,65,453.67142893054125
82,64,478.0047038043014
82,63,502.59412758423275
82,62,591.1220699733889
82,61,625.6267739586016
82,60,652.548457983623
82,59,708.0907370152489
82,58,761.8779578409124
82,57,816.6008933986811
82,56,872.257344493071
82,55,928.8446652911952
82,54,986.3613769792653
82,53,1044.8053888135787
82,52,1104.174873473566
82,51,1164.468048983856
82,50,1225.683157171896
82,49,1287.8184479724812
82,48,1350.8697375098668
82,47,1414.8446252688475
82,46,1715.8168946817018
82,45,1774.5141119215132
82,44,1833.8432464651144
82,43,1893.8041037769349
82,42,1954.3964543841853
82,41,2015.620033847356
82,40,2077.474542971077
82,39,2139.9596482023708
82,38,2203.0760125785205
82,37,2266.819231759881
82,36,2531.0357426081805
82,35,2590.8109085384144
82,34,2651.0791841565447
82,33,2711.841114437195
82,32,2773.0983498047885
82,31,2834.846753802911
82,30,3007.691564795677
82,29,3070.873644538713
82,28,5427.048202696854
82,27,5575.181190520938
82,26,5724.651646697073
82,25,5875.4586806726065
82,24,6027.602239754079
82,23,6181.081718035786
82,22,6335.896645069687
82,21,6492.0465146505985
82,20,6649.530573634762
82,19,6808.349164229644
82,18,7228.415967549853
82,17,7363.014177489814
82,16,7498.517199090669
82,15,7634.924978419452
82,14,7772.237628163125
82,13,7910.454209435291
82,12,8182.143940701027
82,11,8317.241983885424
82,10,19332.661673540508
82,9,19699.693750563692
82,8,20069.2317008269
82,7,20441.27523993704
82,6,20815.82517287187
82,5,21192.880116072527
82,4,21662.621860008534
82,3,21991.400651950065
82,2,90092.69462602382
82,1,91484.68055901166
83,83,26.75770748075029
83,82,34.29414814246967
83,81,42.345403863551525
83,80,84.16248697786419
83,79,94.22304003952071
83,78,84.75639829238405
83,77,105.92784840998279
83,76,127.45077443603753
83,75,149.1574699865808
83,74,170.98070374109187
83,73,192.91366312697681
83,72,214.98124964743113
83,71,237.21810542212285
83,70,259.66279069904164
83,69,282.3319750399777
83,68,415.88174248523603
83,67,440.0482784022166
83,66,464.4761923623882
83,65,489.1636683773725
83,64,514.1105788418431
83,63,539.3117143503534
83,62,644.7611528520399
83,61,665.4583971469028
83,60,693.0045255047331
83,59,764.78248618163
83,58,820.0112138205517
83,57,876.1707220969143
83,56,933.2595950675105
83,55,991.275704727623
83,54,1050.2172438381017
83,53,1110.082478019511
83,52,1170.8697206377344
83,51,1232.5773102103717
83,50,1295.2035935327406
83,49,1358.7469137783482
83,48,1423.2032882597439
83,47,1488.579960875947
83,46,1795.674439288708
83,45,1855.5382932559855
83,44,1916.0329139890457
83,43,1977.158100936029
83,42,2038.913619506034
83,41,2101.2992012219643
83,40,2164.3145440624544
83,39,2227.959312965358
83,38,2292.234136002722
83,37,2357.1347433947867
83,36,2625.7474681231147
83,35,2686.5535383005886
83,34,2747.8524042720915
83,33,2809.6445787811394
83,32,2871.931318247231
83,31,2934.7099123063654
83,30,3110.227002259535
83,29,3174.4307659108285
83,28,5611.663996947508
83,27,5762.089584572034
83,26,5913.8518477543585
83,25,6066.949928564359
83,24,6221.383757708594
83,23,6377.1527459025265
83,22,6534.256430241394
83,21,6692.694315201612
83,20,6852.465666965218
83,19,7013.570808399182
83,18,7439.495359258365
83,17,7575.976823618415
83,16,7713.362700225774
83,15,7851.652934492822
83,14,7990.847633415482
83,13,8130.94588685584
83,12,8406.221775727827
83,11,8543.129684019681
83,10,19849.355327137033
83,9,20221.140748499263
83,8,20595.431833244962
83,7,20972.228301766
83,6,21351.530946914743
83,5,21733.33840709024
83,4,22208.93835014517
83,3,22541.81019933976
83,2,92320.6261434703
83,1,93729.61992430566
84,84,29.636975420143465
84,83,37.519183297570876
84,82,45.93633907607514
84,81,54.89493668690585
84,80,99.11445925493659
84,79,110.04385704464225
84,78,110.10208807549044
84,77,132.02667159323127
84,76,154.10296832280235
84,75,176.28334053849284
84,74,198.57134523213176
84,73,220.99623205018352
84,72,243.5936930637496
84,71,266.3988600924843
84,70,289.4494325532213
84,69,312.7398212706928
84,68,450.60873545028534
84,67,475.3900431969291
84,66,500.43175342480635
84,65,525.7322624335854
84,64,551.2950244121347
84,63,577.1116002162477
84,62,672.9012936580076
84,61,700.6866350329848
84,60,767.5079282672258
84,59,823.2439223059489
84,58,879.9085603979431
84,57,937.5004965113638
84,56,996.0177058921075
84,55,1055.4584792960227
84,54,1115.8211744023715
84,53,1177.1041947174201
84,52,1239.3059706710537
84,51,1302.4249420198198
84,50,1366.4595448324258
84,49,1431.4082026325082
84,48,1497.2672449942634
84,47,1564.043060997488
84,46,1877.2506475149019
84,45,1938.2800284852667
84,44,1999.9390583989918
84,43,2062.227531006692
84,42,2125.145206999193
84,41,2188.6918143000576
84,40,2252.8670485107687
84,39,2317.6705734972666
84,38,2383.1029834339206
84,37,2449.160140716178
84,36,2722.165482026819
84,35,2784.002144048621
84,34,2846.3312843655026
84,33,2909.153385302166
84,32,2972.4696537296063
84,31,3036.2774377856804
84,30,3214.4652979612256
84,29,3279.690637107305
84,28,5799.308051414165
84,27,5952.025904963038
84,26,6106.079366662486
84,25,6261.46820322091
84,24,6418.191934363389
84,23,6576.250085909888
84,22,6735.642202231836
84,21,6896.367798261641
84,20,7058.426158751014
84,19,7221.817588429758
84,18,7653.59936669674
84,17,7791.96393647311
84,16,7931.232529051845
84,15,8071.405089300015
84,14,8212.481718850566
84,13,8354.461535033179
84,12,8633.323401425569
84,11,8772.041110439983
84,10,20372.85203812358
84,9,20749.390759717924
84,8,21128.43493998621
84,7,21509.984303964735
84,6,21894.039632734875
84,5,22280.59958600285
84,4,22762.057707285927
84,3,23099.02260272151
84,2,94575.7690471627
84,1,96001.77067584566
85,85,32.584946121432374
85,84,40.80255199118066
85,83,49.559375338926245
85,82,58.86520390853693
85,81,68.71016681011535
85,80,115.15844825243924
85,79,126.89114037299866
85,78,136.6826471676977
85,77,159.1207669298887
85,76,181.65378324770228
85,75,204.29376955124565
85,74,227.07336234527367
85,73,250.02908491191542
85,72,273.1955690611614
85,71,296.6020976822071
85,70,320.2809011981533
85,69,344.2226278035114
85,68,486.4114519302694
85,67,511.8074294953732
85,66,537.4631464653255
85,65,563.3791665166824
85,64,589.5584278699517
85,63,615.993314865834
85,62,714.09919988362
85,61,742.5113703435661
85,60,826.2986629083623
85,59,883.4700474342037
85,58,941.566686832715
85,57,1000.5866435841938
85,56,1060.5283009400487
85,55,1121.3901097450964
85,54,1183.1705624279584
85,53,1245.8681766168872
85,52,1309.481480776067
85,51,1374.009000349757
85,50,1439.4492479111573
85,49,1505.80071676994
85,48,1573.0598839098634
85,47,1641.2328973141052
85,46,1960.544762690391
85,45,2022.7386085232233
85,44,2085.561016750132
85,43,2149.0117757949392
85,42,2213.090642050824
85,41,2277.7973402810526
85,40,2343.1315641495867
85,39,2409.09297686841
85,38,2475.682139852748
85,37,2542.8950452553167
85,36,2820.2896004688864
85,35,2883.1565486386808
85,34,2946.5156546020053
85,33,3010.3673723058146
85,32,3074.7128613931304
85,31,3139.5495286384967
85,30,3320.406394850447
85,29,3386.653200648998
85,28,5989.9801809489945
85,27,6144.9897794974
85,26,6301.334255438087
85,25,6459.013367977262
85,24,6618.026647568524
85,23,6778.373629533921
85,22,6940.053865303484
85,21,7103.066880028568
85,20,7267.41197633478
85,19,7433.089441900226
85,18,7870.7279481445585
85,17,8010.975479843216
85,16,8152.126654513535
85,15,8294.181416574835
85,14,8437.139862604463
85,13,8581.001136192508
85,12,8863.448807173141
85,11,9003.976254750758
85,10,20903.151798986815
85,9,21284.443778285655
85,8,21668.241016511503
85,7,22054.54324320688
85,6,22443.35122802401
85,5,22834.663651352414
85,4,23321.979930716363
85,3,23663.037861764526
85,2,96858.12333710112
85,1,98301.13281363164
86,86,35.54155517721409
86,85,44.08788226370711
86,84,53.17524985923855
86,83,62.80686656507592
86,82,72.9773299637264
86,81,83.6661405596267
86,80,132.1744531335078
86,79,144.6462280694982
86,78,164.20510065153042
86,77,187.0870010284661
86,76,210.07643191293263
86,75,233.2085925486129
86,74,256.52051169585195
86,73,280.04629134042307
86,72,303.8145409885281
86,71,327.84921633963063
86,70,352.17483002020987
86,69,376.78803867122406
86,68,523.289358963639
86,67,549.300087519382
86,66,575.5716830708704
86,65,602.104700426342
86,64,628.9026917788697
86,63,655.9587556123192
86,62,756.3812723435581
86,61,785.4226318724203
86,60,886.854606942986
86,59,945.4575248807662
86,58,1004.9818189829783
86,57,1065.425956850932
86,56,1126.7884780124307
86,55,1189.067963584924
86,54,1252.2630164282095
86,53,1316.3722491117574
86,52,1381.394272711211
86,51,1447.3276857535793
86,50,1514.17106688937
86,49,1581.922970529311
86,48,1650.580010326814
86,47,1720.1480979486823
86,46,2045.5560693952793
86,45,2108.913362805828
86,44,2172.8981620185714
86,43,2237.510250529685
86,42,2302.749380862556
86,41,2368.6152750570136
86,40,2435.1076252619105
86,39,2502.2260944284785
86,38,2569.9712124019225
86,37,2638.339098336317
86,36,2920.11964658376
86,35,2984.0165816677663
86,34,3048.4053519287377
86,33,3113.286384815389
86,32,3178.6607949392564
86,31,3244.5260476012927
86,30,3428.0502371283856
86,29,3495.3184006380984
86,28,6183.680209749939
86,27,6340.981154020112
86,26,6499.616264210172
86,25,6659.5852930579285
86,24,6820.887781315079
86,23,6983.523273701906
86,22,7147.491328515288
86,21,7312.791480893736
86,20,7479.423050673236
86,19,7647.386309486728
86,18,8090.881063900347
86,17,8233.011419271339
86,16,8376.045047058871
86,15,8519.981891323212
86,14,8664.822043872055
86,13,8810.56467341716
86,12,9096.59798283559
86,11,9238.935108943208
86,10,21440.254602565576
86,9,21826.299798547545
86,8,22214.850058493146
86,7,22605.905116321745
86,6,22999.465730581895
86,5,23395.53060174831
86,4,23888.705019755074
86,3,24233.855976153383
86,2,99167.68901328545
86,1,100627.70633766362
87,87,31.106038793588212
87,86,47.34983382718828
87,85,56.76234504758408
87,84,66.71428423677979
87,83,77.19676290161021
87,82,88.19304390123133
87,81,99.67627640726153
87,80,150.09840150208998
87,79,163.25775550827467
87,78,192.5786118277597
87,77,215.91558172063785
87,76,239.39847972076493
87,75,263.0651458806431
87,74,286.94844071500637
87,73,311.0767330825758
87,72,335.47306802656607
87,71,360.15635555137703
87,70,385.1436681325316
87,69,410.44237591736027
87,68,561.2420775899516
87,67,587.8692030124573
87,66,614.758175876161
87,65,641.9102186441784
87,64,669.3288801316942
87,63,697.0090358873257
87,62,799.7480371372737
87,61,829.4197061463769
87,60,949.1724123820852
87,59,1009.2025746805972
87,58,1070.1507355049005
87,57,1132.0155163270356
87,56,1194.7955835906362
87,55,1258.4896250939232
87,54,1323.0963347358477
87,53,1388.6144043971617
87,52,1455.0425152267278
87,51,1522.3793285664017
87,50,1590.623480613846
87,49,1659.7735796998852
87,48,1729.826366640456
87,47,1800.7875228032647
87,46,2132.2838906537672
87,45,2196.803656705819
87,44,2261.949900711716
87,43,2327.722401653487
87,42,2394.1209086154518
87,41,2461.1451413363147
87,40,2528.7947908552
87,39,2597.0695202306497
87,38,2665.9698289535963
87,37,2735.491960172522
87,36,3021.655449930821
87,35,3086.582079264332
87,34,3152.0002198207294
87,33,3217.9102742870477
87,32,3284.3133143277673
87,31,3351.2068634430702
87,30,3537.396770295233
87,29,3605.686182760017
87,28,6380.407970782283
87,27,6539.9998767924835
87,26,6700.925255848661
87,25,6863.183855150084
87,24,7026.775225359375
87,23,7191.698920453789
87,22,7357.954505429356
87,21,7525.541525179995
87,20,7694.4593161193025
87,19,7864.708134775349
87,18,8314.058676160055
87,17,8458.071715580973
87,16,8602.987684920363
87,15,8748.806489747278
87,14,8895.528242844108
87,13,9043.152130597276
87,12,9332.770918737446
87,11,9476.917665373476
87,10,21984.160442030832
87,9,22374.958815109483
87,8,22768.262061804162
87,7,23164.069920284746
87,6,23562.38313830901
87,5,23963.200435864353
87,4,24462.23297375172
87,3,24811.476945586845
87,2,101504.46607571583
87,1,102981.49124794158
88,88,33.34497627696686
88,87,39.66192636091333
88,86,60.31994762125754
88,85,70.58886691719078
88,84,81.38120422171454
88,83,92.67819258067098
88,82,104.4552306976612
88,81,116.68289342698516
88,80,168.9002069382948
88,79,182.70803835496903
88,78,221.80811527562776
88,77,245.6405171663298
88,76,269.6603007532498
88,75,293.8999020100723
88,74,318.3868558636284
88,73,343.1434895411748
88,72,368.18805842257535
88,71,393.53558694466665
88,70,419.1964911231349
88,69,445.1900562443867
88,68,600.2706807343807
88,67,627.5155545887881
88,66,655.0237776475697
88,65,682.7969384242197
88,64,710.8383182338024
88,63,739.1450686757485
88,62,844.1995144456761
88,61,874.5031431840251
88,60,1013.2482934057919
88,59,1074.701965275815
88,58,1137.070502819328
88,57,1200.3526518913307
88,56,1264.5471824593933
88,55,1329.652870087936
88,54,1395.6684843091525
88,53,1462.592783605575
88,52,1530.424508930987
88,51,1599.1623760555794
88,50,1668.8050717033839
88,49,1739.3512521832797
88,48,1810.7977769345653
88,47,1883.1501041695874
88,46,2220.727585374751
88,45,2286.4088891620804
88,44,2352.715670670594
88,43,2419.647704790485
88,42,2487.204737587831
88,41,2555.386486910939
88,40,2624.1926430694416
88,39,2693.62286957399
88,38,2763.6776367868956
88,37,2834.3533086574835
88,36,3124.8968463259966
88,35,3190.852883867629
88,34,3257.300108029456
88,33,3324.238898338169
88,32,3391.6702854868213
88,31,3459.592037993682
88,30,3648.4457538587317
88,29,3717.756494273383
88,28,6580.163305245371
88,27,6742.045803555355
88,26,6905.261099977079
88,25,7069.8089370099515
88,24,7235.688874871539
88,23,7402.900476632132
88,22,7571.443313836442
88,21,7741.316940901951
88,20,7912.520710218968
88,19,8085.0548640854095
88,18,8540.260748907773
88,17,8686.156350507987
88,16,8832.954528300263
88,15,8980.655189175175
88,14,9129.258440645794
88,13,9278.763492385253
88,12,9571.967605637281
88,11,9717.923916741169
88,10,22534.869310866718
88,9,22930.420822824904
88,8,23328.477022506304
88,7,23729.03765220946
88,6,24132.103449201855
88,5,24537.67315243377
88,4,25042.5637920855
88,3,25395.9007697775
88,2,103868.4545243922
88,1,105362.48754446553
89,89,2.8091651056735767
89,88,42.131222675195026
89,87,48.699403155244994
89,86,74.44180903968034
89,85,85.54240163757011
89,84,97.13962237456802
89,83,109.20885602833039
89,82,121.72004282619237
89,81,134.64589512677728
89,80,188.5636814316893
89,79,202.99069412152778
89,78,251.93232129732223
89,77,276.3042183737564
89,76,300.89878509713384
89,75,325.74340055623827
89,74,350.8592083714219
89,73,376.2639824073243
89,72,401.9721956851831
89,71,427.9958942736346
89,70,454.3398561113254
89,69,481.0349105612709
89,68,640.3759103963366
89,67,668.2402649658738
89,66,696.3696964525385
89,65,724.766050931299
89,64,753.4321917341563
89,63,782.3677629905284
89,62,889.735981149599
89,61,920.6731195502758
89,60,1079.0790128735314
89,59,1141.9527538701902
89,58,1205.7384382621944
89,57,1270.4349127425626
89,56,1336.0410320704802
89,55,1402.5556444237839
89,54,1469.9775826126097
89,53,1538.3056614264428
89,52,1607.5386731951053
89,51,1677.6753812188927
89,50,1748.7145169635644
89,49,1820.6547795608199
89,48,1893.493140376444
89,47,1967.2348404233257
89,46,2310.886546001792
89,45,2377.7284904967155
89,44,2445.19493904849
89,43,2513.2856628710515
89,42,2582.0004054239535
89,41,2651.3388830566273
89,40,2721.3007857061907
89,39,2791.88577765555
89,38,2863.094301362363
89,37,2934.9228382512783
89,36,3229.8436776547637
89,35,3296.828844009224
89,34,3364.304872333176
89,33,3432.272120478476
89,32,3500.7315800382426
89,31,3569.681069901297
89,30,3761.197517313284
89,29,3831.5292839965828
89,28,6782.94606207635
89,27,6947.118797077277
89,26,7112.6236725652825
89,25,7279.460427095142
89,24,7447.628630110311
89,23,7617.127853592954
89,22,7787.957675496188
89,21,7960.11765955129
89,20,8133.607173519137
89,19,8308.426446308154
89,18,8769.487247809848
89,17,8917.265287621978
89,16,9065.945558283154
89,15,9215.527967995627
89,14,9366.012619287449
89,13,9517.39874414639
89,12,9814.188034703255
89,11,9961.95385607247
89,10,23092.38120285203
89,9,23492.685816780362
89,8,23895.49493683877
89,7,24300.80830933963
89,6,24708.626661347214
89,5,25118.948750247386
89,4,25629.697474162407
89,3,25987.127448450945
89,2,106259.65435931458
89,1,107770.69522723547
90,90,4.261604551194112
90,89,95.64549825773804
90,88,28.356952466638347
90,87,-4.051546562510727
90,86,89.69474551856536
90,85,101.59194141524551
90,84,113.953334403115
90,83,126.75069209145497
90,82,139.9507940913171
90,81,153.53210984691393
90,80,209.0796493763072
90,79,224.1013988651614
90,78,282.9949782920728
90,77,307.9438843907376
90,76,333.1451138346822
90,75,358.6191647853217
90,74,384.38324588504025
90,73,410.4515089380936
90,72,436.83474098699753
90,71,463.54422253534995
90,70,490.5783102351477
90,69,517.9797530332339
90,68,681.5588544325234
90,67,710.044525519604
90,66,738.7971314737582
90,65,767.8186983296819
90,64,797.1115830072463
90,63,826.6779681229399
90,62,936.3577480273573
90,61,967.929840756808
90,60,1146.6616229188764
90,59,1210.9522492382205
90,58,1276.1520792088427
90,57,1342.2600416338146
90,56,1409.2750608956107
90,55,1477.196045646389
90,54,1546.0218820287519
90,53,1615.7514328067737
90,52,1686.3835347478941
90,51,1757.9169929884513
90,50,1830.3505786481132
90,49,1903.6830309463805
90,48,1977.9114236819578
90,47,2053.040791045962
90,46,2402.7601963524644
90,45,2470.7619204103107
90,44,2539.3872004438103
90,43,2608.635804400378
90,42,2678.507473530211
90,41,2749.0019230514304
90,40,2820.1188428668047
90,39,2891.8578974042653
90,38,2964.219506105163
90,37,3037.200258946309
90,36,3336.4957916857397
90,35,3404.5098140875907
90,34,3473.014374293897
90,33,3542.009809851665
90,32,3611.4970750311268
90,31,3681.4740386168787
90,30,3875.6518160009464
90,29,3947.0045021838177
90,28,6988.756120503482
90,27,7155.218703721344
90,26,7323.012855551207
90,25,7492.138219224313
90,24,7662.594396121009
90,23,7834.380966937647
90,22,8007.497515923786
90,21,8181.943615867307
90,20,8357.718649391425
90,19,8534.822832753069
90,18,9001.738140120207
90,17,9151.398498507782
90,16,9301.960750499133
90,15,9453.424805596205
90,14,9605.790761609473
90,13,9759.057871921783
90,12,10059.43219749134
90,11,10209.007476699811
90,10,23656.69611204507
90,9,24061.753792282034
90,8,24469.31570309467
90,7,24879.38198715664
90,6,25291.952772917004
90,5,25707.027228149494
90,4,26223.634019415393
90,3,26585.15698134447
90,2,108678.06558048284
90,1,110206.1142962514
91,91,19.671360064714985
91,90,82.29675638060851
91,89,17.231371731454193
91,88,9.11718397441154
91,87,24.566751341616733
91,86,106.0489401260495
91,85,118.70291529181583
91,84,131.78592087762735
91,83,145.26819860236571
91,82,159.11553988204776
91,81,173.31438909429528
91,80,230.4395122181749
91,79,246.03508068658016
91,78,315.03387658875795
91,77,340.59095180677883
91,76,366.4224739845688
91,75,392.5451111300021
91,74,418.97251371154124
91,73,445.71506823294493
91,72,472.7836455277073
91,71,500.1848634062534
91,70,527.915837598663
91,69,556.026738833128
91,68,723.8206837134179
91,67,752.9295335756324
91,66,782.3072414459766
91,65,811.955954252847
91,64,841.8774778745174
91,63,872.0764660513995
91,62,984.0651440912504
91,61,1016.2735265196176
91,60,1215.9934275132123
91,59,1281.6979806619581
91,58,1348.3091571811394
91,57,1415.8259529875083
91,56,1484.2473499107098
91,55,1553.5723072258895
91,54,1623.7997563845179
91,53,1694.928601377005
91,52,1766.9577177041494
91,51,1839.8859472387328
91,50,1913.7120985866502
91,49,1988.4349440253102
91,48,2064.0516570936884
91,47,2140.5670714949933
91,46,2496.347989628073
91,45,2565.508666127176
91,44,2635.291975177182
91,43,2705.6976818593193
91,42,2776.7255255907053
91,41,2848.3752208080978
91,40,2920.646457690459
91,39,2993.5389020817383
91,38,3067.0529475952385
91,37,3141.1852953077537
91,36,3444.8530418745745
91,35,3513.8956541521025
91,34,3583.428481017416
91,33,3653.451840985245
91,32,3723.966652689009
91,31,3794.9708342149142
91,30,3991.808600620009
91,29,4064.182100915837
91,28,7197.593295325876
91,27,7366.345447347661
91,26,7536.428536488152
91,25,7707.842212262756
91,24,7880.586082453101
91,23,8054.659736261932
91,22,8230.062764136455
91,21,8406.79474768159
91,20,8584.855083865936
91,19,8764.243977008882
91,18,9237.013387026393
91,17,9388.55596361162
91,16,9541.000081692717
91,15,9694.345682307208
91,14,9848.592851236948
91,13,10003.740862388757
91,12,10307.700085923934
91,11,10459.084772247008
91,10,24227.81403276722
91,9,24637.624744843943
91,8,25049.93951561183
91,7,25464.758485372004
91,6,25882.081782163477
91,5,26301.908585035213
91,4,26824.37342730167
91,3,27189.989368207043
91,2,111123.68818789722
91,1,112668.74475151331
92,92,4.296365684163653
92,91,100.10355819633382
92,90,-1.259602524410208
92,89,10.447850994391727
92,88,22.908205685332586
92,87,44.50731056011434
92,86,123.46952525162759
92,85,136.83877069328918
92,84,150.6015806108699
92,83,164.72863136519925
92,82,179.1856775381434
92,81,193.96875071734982
92,80,252.63481331304578
92,79,268.7859240645651
92,78,348.080042595671
92,77,374.2683953474586
92,76,400.74895888928063
92,75,427.53491345073365
92,74,454.63625041775526
92,73,482.0632351851893
92,72,509.82314405580877
92,71,537.9223576418215
92,70,566.354738055206
92,69,595.1775041359177
92,68,767.1625863913534
92,67,796.8964556078946
92,66,826.9011251655756
92,65,857.1788162196215
92,64,887.7307663406899
92,63,918.5637216878819
92,62,1032.8587497554195
92,61,1065.704407902236
92,60,1287.0719512177445
92,59,1354.1876717839057
92,58,1422.2075758539759
92,57,1491.1307143261242
92,56,1560.956116724332
92,55,1631.6827849447154
92,54,1703.3096892331828
92,53,1775.8357693406012
92,52,1849.2599343556942
92,51,1923.581061162609
92,50,1998.797988156452
92,49,2074.9095220538093
92,48,2151.912928402461
92,47,2229.812848931527
92,46,2591.6494065778975
92,45,2661.9682406826405
92,44,2732.908807697941
92,43,2804.4708702206644
92,42,2876.6541661948886
92,41,2949.458409601603
92,40,3022.883291184829
92,39,3096.9284784424162
92,38,3171.5937935062907
92,37,3246.8782324381327
92,36,3554.9152871701194
92,35,3624.9862296818783
92,34,3695.5470649214712
92,33,3766.5983925622113
92,32,3838.13990115381
92,31,3910.1713514633175
92,30,4109.667823540284
92,29,4183.062033437364
92,28,7409.457481478946
92,27,7580.498883986823
92,26,7752.870608218884
92,25,7926.572309826014
92,24,8101.603602898659
92,23,8277.964084925992
92,22,8455.653352471987
92,21,8634.67099571488
92,20,8815.016425478432
92,19,8996.689834811119
92,18,9475.312974105309
92,17,9628.737641630925
92,16,9783.063529659752
92,15,9938.2905793485
92,14,10094.418872534494
92,13,10251.447702824842
92,12,10558.991692271604
92,11,10712.185736612537
92,10,24805.73495958878
92,9,25220.298670176453
92,8,25637.36627140544
92,7,26056.937901279787
92,6,26479.013687415663
92,5,26903.59281984724
92,4,27431.91569730212
92,3,27801.624608798487
92,2,113596.52218155755
92,1,115158.58659302122
93,93,40.35380398419755
93,92,66.53648207069726
93,91,-2.4723053758092544
93,90,10.350528554713717
93,89,25.47506157167831
93,88,43.966418894571895
93,87,125.30422392065971
93,86,138.82389269027425
93,85,152.79108927241202
93,84,166.47691996651324
93,83,135.7260423513027
93,82,200.13586937460207
93,81,215.47411641612175
93,80,275.65739499940344
93,79,292.34784514602563
93,78,382.15630637453893
93,77,408.9942689773519
93,76,436.13827900019317
93,75,463.5979396884068
93,74,491.38319332153725
93,73,519.5010271986635
93,72,547.9575065260842
93,71,576.7592890152231
93,70,605.8968925806331
93,69,635.4332735452756
93,68,811.5857294276154
93,67,841.9464056946445
93,66,872.5798110686351
93,65,903.488197875688
93,64,934.6722505628125
93,63,966.1408778027953
93,62,1082.7385646853625
93,61,1116.2225518450052
93,60,1359.8949129527425
93,59,1428.4192185608522
93,58,1497.8453922933463
93,57,1568.1725302898462
93,56,1639.399701875743
93,55,1711.5255548057066
93,54,1784.5506539045298
93,53,1858.4716280729474
93,52,1933.2889797973648
93,51,2009.0012223044444
93,50,2085.607226055078
93,49,2163.1058263909886
93,48,2241.4943794683836
93,47,2320.777338303566
93,46,2688.663953800847
93,45,2760.140181339934
93,44,2832.2372651056507
93,43,2904.9549655764786
93,42,2978.2930195617237
93,41,3052.251140891804
93,40,3126.82902033747
93,39,3202.02633048152
93,38,3277.842889057556
93,37,3354.2777038506765
93,36,3666.682391811886
93,35,3737.7814113805684
93,34,3809.3700035109296
93,33,3881.4487394868524
93,32,3954.017321956936
93,31,4027.0754895930677
93,30,4229.229438364957
93,29,4303.644254556942
93,28,7624.348554534392
93,27,7797.678900626373
93,26,7972.338968569651
93,25,8148.328420007347
93,24,8325.646875248933
93,23,8504.293939831536
93,22,8684.269216396595
93,21,8865.572303418774
93,20,9048.202625127169
93,19,9232.160363920233
93,18,9716.636864989468
93,17,9871.943515698731
93,16,10028.151073190775
93,15,10185.259478779613
93,14,10343.26881056533
93,13,10502.178381075351
93,12,10813.307009132088
93,11,10968.310363956321
93,10,25390.458887316603
93,9,25809.775564174768
93,8,26231.595967336038
93,7,26655.920232575107
93,6,27082.748487073808
93,5,27512.07993157419
93,4,28046.26082891944
93,3,28420.06270288896
93,2,116096.56756146386
93,1,117675.6398207751
94,94,39.856780729842114
94,93,46.35896385356282
94,92,-3.7643439596331514
94,91,9.717645669289217
94,90,25.962976797735333
94,89,111.5931352931655
94,88,124.53183013844082
94,87,138.01059973490996
94,86,151.77700281085177
94,85,112.1440982822651
94,84,137.81323409426594
94,83,162.9693583053574
94,82,221.94389892024262
94,81,237.81273132161994
94,80,299.4986149949524
94,79,316.7141095657622
94,78,417.28060222940974
94,77,444.78224718839846
94,76,472.59984338484566
94,75,500.74304943238224
94,74,529.2185586615245
94,73,558.0321435357581
94,72,587.1902756859527
94,71,616.6977913541278
94,70,646.5436762693805
94,69,676.7949448487662
94,68,857.0912356918574
94,67,888.0804362350522
94,66,919.3442494352174
94,65,950.8849228514757
94,64,982.7026543218522
94,63,1014.8082437462615
94,62,1133.704774213928
94,61,1167.8285989883075
94,60,1434.4602037902134
94,59,1504.390670454732
94,58,1575.2208009464716
94,57,1646.949728865641
94,56,1719.576165998894
94,55,1793.1003766731833
94,54,1867.52016128586
94,53,1942.8353126598615
94,52,2019.0437200981648
94,51,2096.145387037758
94,50,2174.1388506447342
94,49,2253.0226487437967
94,48,2332.7955260490326
94,47,2413.4597987994366
94,46,2787.391162172535
94,45,2860.0240481209125
94,44,2933.2769357814013
94,43,3007.1495838639476
94,42,3081.641728358678
94,41,3156.7530832297516
94,40,3232.4833403912066
94,39,3308.832174212096
94,38,3385.7994031888747
94,37,3463.3840446955387
94,36,3780.154225161358
94,35,3852.281074941045
94,34,3924.8975292865234
94,33,3998.0027321828156
94,32,4071.5985001528697
94,31,4145.68315208052
94,30,4350.49340002215
94,29,4425.928720498827
94,28,7842.266395799458
94,27,8017.88538945631
94,26,8194.833520067057
94,25,8373.110455122125
94,24,8552.715821063099
94,23,8733.649231239648
94,22,8915.91029431237
94,21,9099.498616819028
94,20,9284.41363593897
94,19,9470.655524008464
94,18,9960.98503243718
94,17,10118.173562178925
94,16,10276.262692013308
94,15,10435.252363453226
94,14,10595.142651053671
94,13,10755.932885523289
94,12,11070.646029414116
94,11,11227.458648684182
94,10,25981.98581097686
94,9,26406.055422913454
94,8,26832.628600398348
94,7,27261.705477050928
94,6,27693.286179607156
94,5,28127.3699192478
94,4,28667.408821677313
94,3,29045.303650258247
94,2,118623.82432761617
94,1,120219.90443477497
95,95,40.4697297087331
95,94,46.882213464779305
95,93,-5.331332671604667
95,92,8.728678763714857
95,91,25.422031069741752
95,90,46.225566174284815
95,89,129.58081945619014
95,88,143.60103099378063
95,87,158.05792916577053
95,86,172.84629503890616
95,85,141.12460848220306
95,84,166.29076628363347
95,83,190.83549272089536
95,82,244.59054390387027
95,81,260.96894756908665
95,80,324.15069214860534
95,79,341.8783775838003
95,78,453.46651062145713
95,77,481.64171592649967
95,76,510.1426032048376
95,75,538.9755794538664
95,74,568.1461379180876
95,73,597.6605725608597
95,72,627.5235192693426
95,71,657.7394714413564
95,70,688.2960825326984
95,69,719.2631527483925
95,68,903.6801704879675
95,67,935.2995225135937
95,66,967.1953043320134
95,65,999.3697535403396
95,64,1031.8226150202813
95,63,1064.5663376725374
95,62,1185.7579492434752
95,61,1220.5225181555247
95,60,1510.7658681961389
95,59,1582.100214300191
95,58,1654.332119801186
95,57,1727.4607494441725
95,56,1801.48486087914
95,55,1876.4046935001013
95,54,1952.218124747529
95,53,2028.924595907953
95,52,2106.5230977996152
95,51,2185.012578550392
95,50,2264.3919644346406
95,49,2344.6601434886284
95,48,2425.8149300205055
95,47,2507.859530635217
95,46,2887.8305853907545
95,45,2961.6194224436954
95,44,3036.027428117221
95,43,3111.0543596794237
95,42,3186.6999526011055
95,41,3262.963921238939
95,40,3339.845958867838
95,39,3417.3457418481294
95,38,3495.4630893358676
95,37,3574.1970294846533
95,36,3895.330661471137
95,35,3968.4851008834457
95,34,4042.128815595622
95,33,4116.260978047653
95,32,4190.883336376826
95,31,4265.994246440509
95,30,4473.459664746421
95,29,4549.915356387977
95,28,8063.210924470621
95,27,8241.118247578243
95,26,8420.354169669983
95,25,8600.91833146916
95,24,8782.810365456315
95,23,8966.02989256112
95,22,9150.576527414334
95,21,9336.449884374082
95,20,9523.64941314548
95,19,9712.175276550932
95,18,10208.35745040073
95,17,10367.427758467311
95,16,10527.39836674394
95,15,10688.269216973084
95,14,10850.04038034788
95,13,11012.711205051477
95,12,11331.008746328054
95,11,11489.630585436562
95,10,26580.3157258102
95,9,27009.13824263013
95,8,27440.464167714406
95,7,27874.293632594217
95,6,28310.626763548815
95,5,28749.462781940052
95,4,29295.359675119533
95,3,29677.34745069539
95,2,121178.29248001445
95,1,122791.38043502085
96,96,4.200031878461906
96,95,111.17432449481302
96,94,-7.1001843547928365
96,93,7.725252122155492
96,92,25.687339512803774
96,91,48.24350233294328
96,90,196.83577964030803
96,89,143.00388922784003
96,88,157.33404853903048
96,87,117.96601418549038
96,86,144.4219550570226
96,85,169.88163720708468
96,84,194.760858460934
96,83,248.468441208106
96,82,265.0485004320677
96,81,259.0775210568135
96,80,349.60614618190806
96,79,367.83489131101277
96,78,490.72334713786364
96,77,519.5816869777511
96,76,548.7719550403554
96,75,578.2993801891744
96,74,608.1700856038327
96,73,638.3885148769557
96,72,668.9589959455608
96,71,699.8855255889582
96,70,731.1548051269344
96,69,762.8383319950949
96,68,951.3535297148276
96,67,983.604559572817
96,66,1016.1337668429485
96,65,1048.9433710552548
96,64,1082.0327022990716
96,63,1115.4156084028423
96,62,1238.8982407043027
96,61,1274.3046893518872
96,60,1588.8100878190437
96,59,1661.5461604760546
96,58,1735.1777784093929
96,57,1809.704132405686
96,56,1885.1240192895991
96,55,1961.4376590628262
96,54,2038.642991801606
96,53,2116.7394661276603
96,52,2195.7260968947853
96,51,2275.601859367809
96,50,2356.36569825623
96,49,2438.016527805294
96,48,2520.5522187520646
96,47,2603.9758721361845
96,46,2989.9817986202447
96,45,3064.925905857219
96,44,3140.488369332296
96,43,3216.6689451805764
96,42,3293.4673686293368
96,41,3370.8833539855536
96,40,3448.916598821589
96,39,3527.566777559657
96,38,3606.8337126844995
96,37,3686.71644344165
96,36,4012.211579726847
96,35,4086.3937697955503
96,34,4161.063722709842
96,33,4236.223010822374
96,32,4311.87173532903
96,31,4388.008684028657
96,30,4598.128190054997
96,29,4675.60418635627
96,28,8287.181967192664
96,27,8467.377376726918
96,26,8648.900828527747
96,25,8831.751969110928
96,24,9015.930436913206
96,23,9201.435860177766
96,22,9388.267859521557
96,21,9576.426056837567
96,20,9765.909913965554
96,19,9956.719576389836
96,18,10458.754102298648
96,17,10619.70608294103
96,16,10781.558078838243
96,15,10944.310023652528
96,14,11107.961985386337
96,13,11272.513329029498
96,12,11594.395153357893
96,11,11754.826169075552
96,10,27185.448627256934
96,9,27619.02401972091
96,8,28055.10266652687
96,7,28493.684697179742
96,6,28934.770237493653
96,5,29378.358518761925
96,4,29930.113388808437
96,3,30316.194103998245
96,2,123759.97201865874
96,1,125390.0678215127
97,97,41.69822073684647
97,96,47.92263161804338
97,95,-8.870632306700346
97,94,7.033849258615557
97,93,26.551814618263972
97,92,49.95509642371098
97,91,75.53130969548022
97,90,270.4418661294871
97,89,160.3702879607453
97,88,121.14284052334358
97,87,147.78520699471116
97,86,173.48521406595896
97,85,198.6980234926889
97,84,252.32666924340518
97,83,269.0941182147043
97,82,263.84047234403647
97,81,290.11483479079885
97,80,375.85810631759085
97,79,394.5775440111487
97,78,529.0601591191742
97,77,558.6075724119011
97,76,588.4917783043782
97,75,618.7187358116607
97,74,649.2927037469037
97,73,680.2178506189448
97,72,711.4980307705185
97,71,743.1368302550557
97,70,775.1203117506582
97,69,807.520752922512
97,68,1000.1122309305791
97,67,1032.9963668999362
97,66,1066.1603595018582
97,65,1099.6063880271151
97,64,1133.3334166486034
97,63,1167.3564571782988
97,62,1293.1261729842486
97,61,1329.175089486247
97,60,1668.5911676720561
97,59,1742.7269309006647
97,58,1817.7563074454267
97,57,1893.6781182244733
97,56,1970.4927625750663
97,55,2048.1980875633108
97,54,2126.7936614906607
97,53,2206.278547986862
97,52,2286.6517826265354
97,51,2367.9123622081765
97,50,2450.059253685931
97,49,2533.0913944472723
97,48,2617.0067093814037
97,47,2701.808197075548
97,46,3093.84439723655
97,45,3169.943118864194
97,44,3246.659404374332
97,43,3323.9930090591283
97,42,3401.943668158727
97,41,3480.5110968956064
97,40,3559.694994343478
97,39,3639.4950376135416
97,38,3719.911049487226
97,37,3800.9420818865015
97,36,4130.796863453207
97,35,4206.006165455544
97,34,4281.702952097891
97,33,4357.888732626119
97,32,4434.56360558019
97,31,4511.72637985823
97,30,4724.498934722826
97,29,4802.9951380012435
97,28,8514.179453276429
97,27,8696.66268301729
97,26,8880.473411743502
97,25,9065.611291662428
97,24,9252.075967080587
97,23,9439.867073305608
97,22,9628.98423693529
97,21,9819.427087133465
97,20,10011.195097498845
97,19,10204.288405296638
97,18,10712.174947299485
97,17,10875.008514904002
97,16,11038.741810546311
97,15,11203.374768476971
97,14,11368.907453666634
97,13,11535.339247279237
97,12,11860.805244255793
97,11,12023.045394674391
97,10,27797.384510945765
97,9,28235.71275073177
97,8,28676.544094192537
97,7,29119.87866886677
97,6,29565.716600094507
97,5,30014.057128860823
97,4,30571.669962324588
97,3,30961.843609972682
97,2,126368.86294354901
97,1,128015.96659425054
98,98,42.35269532692807
98,97,48.54901665025631
98,96,-10.393686981987388
98,95,6.903891431236049
98,94,28.076823559351944
98,93,52.62161375606595
98,92,78.31716781992063
98,91,103.43534278694256
98,90,333.3279386622956
98,89,124.38394867317001
98,88,151.1679044748772
98,87,177.09072461503447
98,86,202.61633397029826
98,85,256.1657952575486
98,84,273.12036461704787
98,83,268.5517846056569
98,82,295.1734944369839
98,81,322.3020307419399
98,80,402.9003516658377
98,79,422.10215752806494
98,78,568.482041807074
98,77,598.7235493529765
98,76,629.3064571986054
98,75,660.2360237445304
98,74,691.5159693734097
98,73,723.1500105539577
98,72,755.1416104822504
98,71,787.494010808554
98,70,820.1928925137275
98,69,853.310550590153
98,68,1049.95711733517
98,67,1083.4756969422356
98,66,1117.275732252128
98,65,1151.359350193
98,64,1185.7252008138173
98,63,1220.389236392507
98,62,1348.4418924038368
98,61,1385.1340475560548
98,60,1750.1075241175538
98,59,1825.6410485895515
98,58,1902.0663295731217
98,57,1979.382218620624
98,56,2057.589098308372
98,55,2136.684868309406
98,54,2216.6690988709165
98,53,2297.540880586262
98,52,2379.2992622347338
98,51,2461.9432622914437
98,50,2545.4718687029035
98,49,2629.8840408170204
98,48,2715.17775554052
98,47,2801.355912248985
98,46,3199.4179956564
98,45,3276.6706998257305
98,44,3354.540194896943
98,43,3433.026235587834
98,42,3512.1285573911823
98,41,3591.8468766417673
98,40,3672.1808941000677
98,39,3753.130289673975
98,38,3834.6948864300216
98,37,3916.873749654725
98,36,4251.086836100117
98,35,4327.322157108789
98,34,4404.0459925133455
98,33,4481.258049470889
98,32,4558.958859392815
98,31,4637.147252420864
98,30,4852.571858755261
98,29,4932.088172853163
98,28,8744.203283933473
98,27,8928.97407670515
98,26,9115.071838159916
98,25,9302.49622609872
98,24,9491.246890609747
98,23,9681.323473821149
98,22,9872.725608304541
98,21,10065.452930239397
98,20,10259.504924621262
98,19,10454.881720936559
98,18,10968.619971215257
98,17,11133.335034537346
98,16,11298.949544871986
98,15,11465.463437068067
98,14,11632.876773216882
98,13,11801.18895005142
98,12,12130.239013027047
98,11,12294.288257505605
98,10,28416.123372685863
98,9,28859.20443235135
98,8,29304.788448176954
98,7,29752.875545793162
98,6,30203.46585005915
98,5,30656.558611419452
98,4,31220.02939526508
98,3,31614.295968432743
98,2,129004.96525468532
98,1,130669.07675323437
99,99,43.06481817606498
99,98,49.31483413705419
99,97,-11.456969522906853
99,96,7.431670679862752
99,95,30.138245231349753
99,94,55.49412674416659
99,93,81.32758740764672
99,92,106.4048825754294
99,91,130.84681187502233
99,90,332.94831021817896
99,89,154.54159323549862
99,88,180.68113945869644
99,87,206.50741730876885
99,86,259.9870451270794
99,85,277.1243008220504
99,84,273.2119984760856
99,83,300.19289587483445
99,82,327.6422766946222
99,81,355.6603592270014
99,80,430.72741256381215
99,79,450.4042031667784
99,78,608.9940536942328
99,77,639.9331946485186
99,76,671.2184228688449
99,75,702.8532967542467
99,74,734.8413990106575
99,73,767.1860734700153
99,72,799.8904556572734
99,71,832.9574943707928
99,70,866.3726980896498
99,69,900.2077500265857
99,68,1100.8889656270492
99,67,1135.043231644837
99,66,1169.480467730819
99,65,1204.202743643063
99,64,1239.2084440308784
99,63,1274.5142535363736
99,62,1404.8456544376388
99,61,1442.1817564079367
99,60,1833.3576744360214
99,59,1910.2871285208184
99,58,1988.1065514081572
99,57,2066.8148230119104
99,56,2146.4123043024574
99,55,2226.896949353752
99,54,2308.26833087468
99,53,2390.5255567656986
99,52,2473.667693945843
99,51,2557.6937798555805
99,50,2642.6028223553435
99,49,2728.3938017124465
99,48,2815.0647448580835
99,47,2902.618455251721
99,46,3306.7022262493656
99,45,3385.108303940411
99,44,3464.130418301877
99,43,3543.7683237314122
99,42,3624.0217556299294
99,41,3704.8904338672987
99,40,3786.3740576944324
99,39,3868.4723121565394
99,38,3951.185020040691
99,37,4034.5112605617246
99,36,4373.080502725081
99,35,4450.342529554847
99,34,4528.092747691133
99,33,4606.3308710871115
99,32,4685.057412548171
99,31,4764.271223521836
99,30,4982.346923359449
99,29,5062.88325367497
99,28,8977.25336468914
99,27,9164.31147196083
99,26,9352.696030158419
99,25,9542.406702574172
99,24,9733.443144991039
99,23,9925.805006121382
99,22,10119.491924500247
99,21,10314.503543074268
99,20,10510.83935789172
99,19,10708.499491071463
99,18,11228.089152163642
99,17,11394.685622855011
99,16,11562.18126553207
99,15,11730.576015651328
99,14,11899.869932565698
99,13,12070.062428005633
99,12,12402.696453917308
99,11,12568.554753032078
99,10,29041.665208456867
99,9,29489.499061402024
99,8,29939.83572604837
99,7,30392.67532617336
99,6,30848.017986147974
99,5,31305.86296558374
99,4,31875.19168731239
99,3,32273.551179199985
99,2,131668.27895206746
99,1,133349.3982984642
100,100,43.8496062373117
100,99,50.24303603806468
100,98,-11.938273890126855
100,97,8.576755706327788
100,96,32.56288431422473
100,95,58.438738729306344
100,94,84.31388559544101
100,93,109.4192977445339
100,92,133.9828740081645
100,91,158.52246584414323
100,90,335.2565576043131
100,89,184.24591768135156
100,88,210.36605574465182
100,87,263.7919799823411
100,86,281.10819147091985
100,85,277.82250187686515
100,84,305.15169479810055
100,83,332.9571433063303
100,82,361.2778980241774
100,81,390.1966963236137
100,80,459.3344071622579
100,79,479.4802524634148
100,78,650.5989023001443
100,77,682.2398576378235
100,76,714.2297858871892
100,75,746.572140054423
100,74,779.2701476017093
100,73,812.3268405724334
100,72,845.7450760284859
100,71,879.5275504867219
100,70,913.659769032292
100,69,948.2122919603705
100,68,1152.9084840022902
100,67,1187.6995853193628
100,66,1222.7750874328553
100,65,1258.1369997960921
100,64,1293.7834870686665
100,63,1329.7317744544362
100,62,1462.337695740393
100,61,1500.3184010138084
100,60,1918.3402276998513
100,59,1996.6638690407426
100,58,2075.8757564789576
100,57,2155.9747942151707
100,56,2236.9613225671446
100,55,2318.8333406133916
100,54,2401.5904342413332
100,53,2485.2317192505907
100,52,2569.756281683846
100,51,2655.163176955692
100,50,2741.4514318902343
100,49,2828.620046781166
100,48,2916.667096657815
100,47,3005.5952924485496
100,46,3415.6967383194037
100,45,3495.25560229097
100,44,3575.429766853216
100,43,3656.2189857936883
100,42,3737.622997315832
100,41,3819.641519430105
100,40,3902.2742557617858
100,39,3985.520893622363
100,38,4069.3812561359846
100,37,4153.854907787077
100,36,4496.777740761789
100,35,4575.066732235013
100,34,4653.843125094018
100,33,4733.107110754068
100,32,4812.859184181161
100,31,4893.0982181204845
100,30,5113.824090916014
100,29,5195.380344424468
100,28,9213.329605152592
100,27,9402.674786662594
100,26,9593.345913467234
100,25,9785.342654251202
100,24,9978.664670401622
100,23,10173.31161699036
100,22,10369.283138495693
100,21,10566.578884396993
100,20,10765.19836146245
100,19,10965.141684831318
100,18,11490.582469171375
100,17,11659.060261659843
100,16,11828.436956920084
100,15,11998.712491023569
100,14,12169.88692071906
100,13,12341.959672187028
100,12,12678.177561399913
100,11,12845.844876897658
100,10,29674.010014400563
100,9,30126.59663483477
100,8,30581.68592547289
100,7,31039.27800829258
100,6,31499.37300717097
100,5,31961.97019073982
100,4,32537.156837956296
100,3,32939.60924210256
100,2,134358.80403569574
100,1,136056.93122994
101,101,44.71121757836326
101,100,51.3246239530233
101,99,-11.817527543608128
101,98,10.215297535409924
101,97,35.1883227568373
101,96,61.37119960191179
101,95,87.2488174344698
101,94,112.40263947031184
101,93,137.13922396021292
101,92,161.8920546487896
101,91,187.01701928039768
101,90,338.94412691862806
101,89,214.1889933463459
101,88,267.58229166059874
101,87,285.07410678600814
101,86,282.3838945787186
101,85,310.05841985176863
101,84,338.2070336252762
101,83,366.8810233038955
101,82,396.0911763555215
101,81,425.9113875917902
101,80,488.7171073026399
101,79,509.32646845569417
101,78,693.3002917754465
101,77,725.6453971513931
101,76,758.3421854958469
101,75,791.3937709343293
101,74,824.8030841913894
101,73,858.5728925541214
101,72,892.7058132477985
101,71,927.2043228934067
101,70,962.0540585636103
101,69,997.3240505066052
101,68,1206.0163136009005
101,67,1241.4453102525624
101,66,1277.160056775182
101,65,1313.1625001113475
101,64,1349.4506269568506
101,63,1386.0420281911354
101,62,1520.9182367024453
101,61,1559.5441548724255
101,60,2005.0538764428616
101,59,2084.7700474040744
101,58,2165.3723876729673
101,57,2246.861470405607
101,56,2329.235147456757
101,55,2412.4931114497494
101,54,2496.634537630668
101,53,2581.658557031211
101,52,2667.5642718318386
101,51,2754.350754549523
101,50,2842.0170501610805
101,49,2930.562178143645
101,48,3019.9842598837627
101,47,3110.2859171005607
101,46,3526.4011971589653
101,45,3607.1122809584936
101,44,3688.4379468424554
101,43,3770.3779487735187
101,42,3852.932025667591
101,41,3936.09989724922
101,40,4019.8812693510613
101,39,4104.275832211771
101,38,4189.283409303858
101,37,4274.903563138097
101,36,4622.179408603161
101,35,4701.494670591575
101,34,4781.297035746881
101,33,4861.5866851384335
101,32,4942.364096626483
101,31,5023.628164181026
101,30,5247.003324946493
101,29,5329.579410218787
101,28,9452.431918798624
101,27,9644.063942197963
101,26,9837.021416986869
101,25,10031.30401714168
101,24,10226.911409563312
101,23,10423.843255472277
101,22,10622.099205257213
101,21,10821.678914709084
101,20,11022.581900995445
101,19,11224.808272641238
101,18,11756.099902128033
101,17,11926.458933503274
101,16,12097.716604071835
101,15,12269.87285052449
101,14,12442.927727133363
101,13,12616.880674008731
101,12,12956.682330165788
101,11,13126.158624917653
101,10,30313.157786812484
101,9,30770.497149722014
101,8,31230.339044209883
101,7,31692.683590504937
101,6,32157.530911985144
101,5,32624.880286093656
101,4,33205.924846910115
101,3,33612.47015697633
101,2,137076.54050556986
101,1,138791.67554766178
102,102,45.64366988374276
102,101,52.52854792107612
102,100,-11.155665494740271
102,99,12.198102503622831
102,98,37.89018157185756
102,97,64.24405394939438
102,96,90.11990110808408
102,95,115.34658635799613
102,94,140.2681568769266
102,93,165.2778524582151
102,92,190.6520362509007
102,91,216.5907359041074
102,90,343.15386094828045
102,89,271.3596884241769
102,88,289.0238335746054
102,87,286.8970877369258
102,86,314.91448105571345
102,85,343.4049528230389
102,84,372.4178069584556
102,83,401.97878653298574
102,82,432.08398391597575
102,81,462.802023819922
102,80,518.8712924166243
102,79,539.9407684539042
102,78,737.10009707644
102,77,770.151493873877
102,76,803.5568893308813
102,75,837.3191150698495
102,74,871.4408501079928
102,73,905.9246337920491
102,72,940.7728742642894
102,71,975.9878544913776
102,70,1011.5554505775722
102,69,1047.5428456648758
102,68,1260.2130332855804
102,67,1296.2809017124637
102,66,1332.6357897478226
102,65,1369.2795805630121
102,64,1406.2101213371893
102,63,1443.4452116587006
102,62,1580.587481081095
102,61,1619.8591796328094
102,60,2093.497390863577
102,59,2174.604508606276
102,58,2256.5961993441797
102,57,2339.4730075866396
102,56,2423.2328319377543
102,55,2507.8753757803647
102,54,2593.3998164464656
102,53,2679.8053021104265
102,52,2767.0909502798195
102,51,2855.2558498424273
102,50,2944.299063196703
102,49,3034.2196282888767
102,48,3125.015711160109
102,47,3216.689847652734
102,46,3638.815283163688
102,45,3720.6780401881942
102,44,3803.154677407403
102,43,3886.244950777037
102,42,3969.948597673046
102,41,4054.2653412831005
102,40,4139.194889349558
102,39,4224.736935117833
102,38,4310.891302422062
102,37,4397.65755285425
102,36,4749.284921480194
102,35,4829.626253628244
102,34,4910.454394080407
102,33,4991.769514143204
102,32,5073.572075269845
102,31,5155.860992530298
102,30,5381.884590083834
102,29,5465.4804172941895
102,28,9694.560222766508
102,27,9888.478863281167
102,26,10083.722472620726
102,25,10280.290729957549
102,24,10478.183307611505
102,23,10677.399872754057
102,22,10877.940081639264
102,21,11079.803596162586
102,20,11282.989943584062
102,19,11487.499226155645
102,18,12024.641431742073
102,17,12196.881621648217
102,16,12370.020192631739
102,15,12544.057082009454
102,14,12718.992341694744
102,13,12894.82542523104
102,12,13238.210755112661
102,11,13409.495993070015
102,10,30959.108522135557
102,9,31421.20060325173
102,8,31885.795080106454
102,7,32352.89207122875
102,6,32822.49169949255
102,5,33294.593250950405
102,4,33881.49571383137
102,3,34292.13392366231
102,2,139821.48836169028
102,1,141553.63125162956
103,103,21.473742795085727
103,102,56.603759412800365
103,101,64.25731945092619
103,100,14.388079869616938
103,99,40.58567912056082
103,98,67.03405591187011
103,97,92.92194195685194
103,96,118.2472418359
103,95,143.3653764302148
103,94,168.63367006938466
103,93,194.29830787151297
103,92,220.5017704413624
103,91,247.36034367723997
103,90,373.6223363485277
103,89,292.9592680628607
103,88,291.3628256928087
103,87,319.7211691402149
103,86,348.55243495676285
103,85,377.90384362488555
103,84,407.80048231938645
103,83,438.25442281647247
103,82,469.2700570380237
103,81,525.432340360962
103,80,546.6796503818324
103,79,549.8515243768799
103,78,782.0000294820085
103,77,815.7594553571863
103,76,849.8748698467153
103,75,884.3488665928177
103,74,919.1839037483726
103,73,954.3823266106103
103,72,989.9463573930063
103,71,1025.8781069656259
103,70,1062.163773749835
103,69,1098.8684538597888
103,68,1315.4991644074141
103,67,1352.2068025082544
103,66,1389.202653323289
103,65,1426.4885343056173
103,64,1464.0621939483178
103,63,1501.9414932436164
103,62,1641.345616315199
103,61,1681.2636248283484
103,60,2183.669610909832
103,59,2266.166164182124
103,58,2349.5457493004155
103,57,2433.808864651951
103,56,2518.953486220828
103,55,2604.9792966951977
103,54,2691.8854895311715
103,53,2779.671226495155
103,52,2868.3356397338216
103,51,2957.8778338659627
103,50,3048.2968880615717
103,49,3139.5918580840976
103,48,3231.760953036493
103,47,3324.806626141119
103,46,3752.9386910035155
103,45,3835.9525936163623
103,44,3919.579691470051
103,43,4003.8197409090553
103,42,4088.6724806133793
103,41,4174.137635558731
103,40,4260.214915946985
103,39,4346.904018089216
103,38,4434.204766206924
103,37,4522.116721899937
103,36,4878.094186605292
103,35,4959.461393760277
103,34,5041.3151177829905
103,33,5123.655520761097
103,32,5206.483048406996
103,31,5289.7966367219415
103,30,5518.467852042001
103,29,5603.083332971716
103,28,9939.714437669527
103,27,10135.919477778514
103,26,10333.44901512226
103,25,10532.302733970157
103,24,10732.480324572143
103,23,10933.981409448043
103,22,11136.805726287219
103,21,11340.952892478019
103,20,11546.422457679657
103,19,11753.214518194429
103,18,12296.207039500645
103,17,12470.328310031138
103,16,12645.347708824123
103,15,12821.265173822654
103,14,12998.08075469551
103,13,13175.793917945779
103,12,13522.762831334865
103,11,13695.856977489906
103,10,31611.862216950518
103,9,32078.706992721465
103,8,32548.054031094223
103,7,33019.90344894466
103,6,33494.25536863826
103,5,33971.109084641816
103,4,34563.869438390466
103,3,34978.600542008695
103,2,142593.64760405646
103,1,144342.79834184333
104,104,6.9714416084140565
104,103,15.769861338183057
104,102,68.35127907261825
104,101,76.61218061088806
104,100,43.22447894300447
104,99,69.73175270337725
104,98,95.6546667437268
104,97,121.10232793756889
104,96,146.42821586026008
104,95,171.95766766932263
104,94,197.91165886261768
104,93,224.41836322554528
104,92,251.50748803085037
104,91,477.4481057174002
104,78,828.0014273764772
104,77,862.4702940343542
104,76,897.2968628562993
104,75,932.4835268154661
104,74,968.032557305177
104,73,1003.9461197727195
104,72,1040.2262742737162
104,71,1076.874977529822
104,70,1113.8794175354403
104,69,3151.773250457907
104,46,3868.771128850442
104,45,3952.9356672688373
104,44,4037.7127327687213
104,43,4123.10208062612
104,42,4209.103452044605
104,41,4295.716573631409
104,40,4382.941158128409
104,39,4470.776904968667
104,38,4559.223638787974
104,37,4648.280922012762
104,36,5008.6071145936985
104,35,5091.000006670243
104,34,5173.8791276569955
104,33,5257.244630934762
104,32,5341.096947111667
104,31,5425.435032912063
104,30,5656.753077404827
104,29,5742.388125799346
104,28,10187.894487415007
104,27,10386.385716547036
104,26,10586.20098194569
104,25,10787.339972880569
104,24,10989.80238585024
104,23,11193.587844886964
104,22,11398.696099545085
104,21,11605.126768861404
104,20,11812.87941302191
104,19,12021.954122684629
104,18,12570.796707628993
104,17,12746.798983231973
104,16,12923.699139422344
104,15,13101.497114774056
104,14,13280.192956814539
104,13,13459.786144559384
104,12,13810.33855411432
104,11,13985.241574458893
104,10,32271.41886797204
104,9,32743.016315533903
104,8,33217.115895184885
104,7,33693.71772219119
104,6,34172.821918407666
104,5,34654.4277865252
104,4,35253.04602027031
104,2,145393.0182326687
104,1,147159.1768183031
105,105,9.91238670759378
105,104,62.308178238089006
105,103,70.61991304507875
105,102,37.084374619697265
105,101,47.915221326881
105,100,72.33637307897214
105,99,98.31916389958039
105,98,123.9110359466813
105,97,149.45500756660772
105,96,175.24862069692412
105,95,201.4916645459589
105,94,228.30012135863197
105,93,255.73085292727282
105,92,283.77918584741053
105,91,543.7873320449503
105,78,875.105331419562
105,77,910.2847763065262
105,76,945.8234149205446
105,75,981.7234546136502
105,74,1017.9870025844027
105,73,1054.616068352749
105,72,1091.6125650625931
105,71,1128.9783104770856
105,70,1166.7009558717702
105,69,3302.4893954406916
105,46,3986.312317489839
105,45,4071.627000167155
105,44,4157.553555851041
105,43,4244.091741390742
105,42,4331.241299246762
105,41,4419.001958066315
105,40,4507.373433204728
105,39,4596.355427261302
105,38,4685.947765314434
105,37,4776.150011339322
105,36,5140.82361932648
105,35,5224.242011167451
105,34,5308.146347484123
105,33,5392.5367734261135
105,32,5477.41370510846
105,31,5562.776119734104
105,30,5796.740234318077
105,29,5883.394764794789
105,28,10439.100299037014
105,27,10639.877513283918
105,26,10841.97831311147
105,25,11045.402392692464
105,24,11250.149454562545
105,23,11456.21912457943
105,22,11663.611163371575
105,21,11872.325191930431
105,20,12082.360780462795
105,19,12293.71801471548
105,18,12848.410419056521
105,17,13026.29362643897
105,16,13205.074471723628
105,15,13384.752894114248
105,14,13565.328939100757
105,13,13746.802097777056
105,12,14100.93791891065
105,11,14277.649780400705
105,10,32937.77847203982
105,9,33414.128569191605
105,8,33892.98067046546
105,7,34374.334889563484
105,6,34858.191347824744
105,5,35344.549355983145
105,4,35949.02545916602
105,2,148219.60024752686
105,1,150002.76668100886
106,106,12.524477724236457
106,105,64.78061103351111
106,104,73.16384833531635
106,103,40.3070410860714
106,102,51.449053391090935
106,101,63.54682306510171
106,100,100.91791526329712
106,99,126.67325379499016
106,98,152.4447341160151
106,97,178.50569545719284
106,96,205.03805949188518
106,95,232.14745984652683
106,94,259.88547990738664
106,93,288.2735585267466
106,92,317.288233776474
106,91,612.5232215842138
106,78,923.3125445809568
106,77,959.203488473261
106,76,995.4549170081181
106,75,1032.0688794618427
106,74,1069.0473347628745
106,73,1106.3921524759799
106,72,1144.105113098246
106,71,1182.1879083829906
106,70,1220.6286819972047
106,69,3456.2489525529486
106,46,4105.561990375893
106,45,4192.026341281198
106,44,4279.101926765314
106,43,4366.788504566261
106,42,4455.085818706574
106,41,4543.993599964224
106,40,4633.511566369765
106,39,4723.639423724176
106,38,4814.376997582313
106,37,4905.723854098937
106,36,5274.7436177864
106,35,5359.187329085887
106,34,5444.116703893551
106,33,5529.531879691891
106,32,5615.433258651091
106,31,5701.819838187473
106,30,5938.429291363584
106,29,6026.103220506502
106,28,10693.33180253964
106,27,10896.394804380277
106,26,11100.780951072542
106,25,11306.489941601252
106,24,11513.5214843258
106,23,11721.87520722802
106,22,11931.55088125645
106,21,12142.548129644556
106,20,12354.866532356826
106,19,12568.506170035522
106,18,13129.04815738143
106,17,13308.812225421383
106,16,13489.473693521171
106,15,13671.032501515834
106,14,13853.48869295085
106,13,14036.8417705882
106,12,14394.560921355229
106,11,14573.081591873204
106,10,33610.94102611443
106,9,34092.043751291
106,8,34575.64835509656
106,7,35061.75494970932
106,6,35550.36365595117
106,5,36041.47379242038
106,4,36651.807754783666
106,2,151073.39364863108
106,1,152873.56792996058
107,107,14.825011116719766
107,106,67.02237953017371
107,105,75.46349322393417
107,104,43.19875498899793
107,103,54.71154016309724
107,102,66.96786251436363
107,101,80.31335632925739
107,100,129.3892698812345
107,99,155.3967689134318
107,98,181.72831903758885
107,97,208.55066805316412
107,96,235.96058238871652
107,95,264.00511716595963
107,94,292.7034242062944
107,93,322.0554788513922
107,92,352.03159163384726
107,91,683.6415394974624
107,78,972.6236751156047
107,77,1009.226851786023
107,76,1046.1916346617231
107,75,1083.5199321441808
107,74,1121.2135699501566
107,73,1159.2742911109037
107,72,1197.7037556532075
107,71,1236.5035404813846
107,70,1275.662300087431
107,69,3613.0500310544053
107,46,4226.519891676861
107,45,4314.133451179236
107,44,4402.357621305455
107,43,4491.192160892573
107,42,4580.636815632371
107,41,4670.691318510098
107,40,4761.355390285289
107,39,4852.628739989011
107,38,4944.5111936863395
107,37,5037.002320264676
107,36,5410.367030039897
107,35,5495.835885045534
107,34,5581.790126241059
107,33,5668.229883760314
107,32,5755.155546410421
107,31,5842.566131527563
107,30,6081.820218267462
107,29,6170.513464240947
107,28,10950.58893074694
107,27,11155.937528788514
107,26,11362.608840599214
107,25,11570.602569879058
107,24,11779.918430615373
107,23,11990.55605318705
107,22,12202.51521814607
107,21,12415.795551237197
107,20,12630.396641819487
107,19,12846.318565686754
107,18,13412.70990683747
107,17,13594.354766500455
107,16,13776.896793083439
107,15,13960.33592705066
107,14,14144.67221009532
107,13,14329.905156253477
107,12,14691.20755724079
107,11,14871.537005562453
107,10,34290.90652727049
107,9,34776.76185952026
107,8,35265.11894730724
107,7,35755.977901327606
107,6,36249.33884188288
107,5,36745.20109526473
107,4,37361.392906840876
107,2,153954.39843598125
107,1,155771.5805651583
108,108,16.88169351225297
108,107,69.09713289901279
108,106,36.36094238424373
108,105,87.07657563340034
108,104,57.6987363687173
108,103,70.37844019132032
108,102,83.71479849755231
108,101,98.27377576594183
108,100,158.31074657055387
108,99,184.91609026113792
108,98,212.0293643670686
108,97,239.73970538032938
108,96,268.09028088498223
108,95,297.09822640532116
108,94,326.7625062117519
108,93,357.0734694982366
108,92,388.0014328514738
108,91,757.1258235711296
108,78,1023.0391741318929
108,77,1060.355161952311
108,76,1098.033730439942
108,75,1136.0766613203944
108,74,1174.4856597211358
108,73,1213.2623535820794
108,72,1252.4082929525268
108,71,1291.9249496153839
108,70,1331.8014986546414
108,69,3772.8907674676616
108,46,4349.185776842503
108,45,4437.948100425404
108,44,4527.320424792898
108,43,4617.302509999672
108,42,4707.894103498817
108,41,4799.094940551662
108,40,4890.90474469206
108,39,4983.323228202751
108,38,5076.350217693377
108,37,5169.98528526579
108,36,5547.693778952973
108,35,5634.187606491979
108,34,5721.166546488358
108,33,5808.630722121297
108,32,5896.580509364576
108,31,5985.014945163689
108,30,6226.9129856821155
108,29,6316.625468218993
108,28,11210.87161916522
108,27,11418.505627895107
108,26,11627.461928657189
108,25,11837.740229776997
108,24,12049.340250674279
108,23,12262.26162437929
108,22,12476.504140371635
108,21,12692.067427154254
108,20,12908.951083134298
108,19,13127.155179498379
108,18,13699.395652265322
108,17,13882.921236522798
108,16,14067.343759127634
108,15,14252.66316117299
108,14,14438.87948258194
108,13,14625.992248290828
108,12,14990.877822135157
108,11,15173.016018656912
108,10,34977.674972692395
108,9,35468.28289165201
108,8,35961.39244539323
108,7,36457.003743165726
108,6,36955.11690474977
108,5,37455.731263964946
108,4,38077.78091506501
108,2,156862.61460957743
108,1,158696.804586602
109,105,-9.857262539044589
109,102,101.73515680420824
109,101,117.43294620558314
109,100,188.06861076191214
109,99,215.47435184956507
109,98,243.48462391810634
109,97,272.14157181205496
109,96,301.45858317288474
109,95,331.4346660380301
109,94,362.05950003608143
109,93,393.3198466096173
109,92,425.18676779054533
109,91,832.9606100339951
109,78,1074.5593636524202
109,77,1112.5886097750108
109,76,1150.981282362674
109,75,1189.7390483347822
109,74,1228.8635029785253
109,73,1268.3561689944042
109,72,1308.2184955939977
109,71,1348.4518579944945
109,70,1389.0459546350137
109,69,3935.769331753464
109,46,4473.559411538711
109,45,4563.470069244111
109,44,4653.990131587172
109,43,4745.119359946533
109,42,4836.857503619352
109,41,4929.204300203426
109,40,5022.159476044644
109,39,5115.722746692562
109,38,5209.893939334357
109,37,5304.672629707945
109,36,5686.723790176543
109,35,5774.242423476933
109,34,5862.24589909291
109,33,5950.734333616766
109,32,6039.708090563534
109,31,6129.166226691754
109,30,6373.707565159706
109,29,6464.439205542366
109,28,11474.179805848702
109,27,11684.09904540132
109,26,11895.340164306499
109,25,12107.902875425696
109,24,12321.786903425065
109,23,12536.991884221348
109,22,12753.517615582252
109,21,12971.363728994022
109,20,13190.529831584226
109,19,13411.015990159667
109,18,13989.10537908182
109,17,14174.511622836519
109,16,14360.81458080179
109,15,14548.014194698513
109,14,14736.110502760124
109,13,14925.103040464293
109,12,15293.571712904462
109,11,15477.518627312327
109,10,35671.246359667704
109,9,36166.60684554302
109,8,36664.46884771211
109,7,37164.832474016635
109,6,37667.697843713686
109,5,38173.06429798991
109,4,38800.97177919393
109,2,159798.0421694195
109,1,161649.2399942917
110,105,14.446175445770052
110,102,121.02477037794067
110,101,137.75564718602885
110,100,218.88488483310303
110,99,247.1962304314387
110,98,276.1591542605359
110,97,305.7849836449009
110,96,336.0724329038615
110,95,367.01113205414936
110,94,398.58685350779496
110,93,430.7842088887384
110,92,463.57728400277165
110,91,911.1314904837432
110,78,1127.1844594704287
110,77,1165.9272996683173
110,76,1205.0342988911725
110,75,1244.5070193333295
110,74,1284.3469556871873
110,73,1324.555533997446
110,72,1365.1341106765071
110,71,1406.083971944959
110,70,1447.3954085284656
110,69,4101.6838602978
110,46,4599.640571205294
110,45,4690.699147025465
110,44,4782.366544621023
110,43,4874.642526789397
110,42,4967.526844744474
110,41,5061.019238475954
110,40,5155.119437168492
110,39,5249.827159647964
110,38,5345.14223371749
110,37,5441.064239109808
110,36,5827.456992007443
110,35,5916.000268573991
110,34,6005.028120898532
110,33,6094.5406593375
110,32,6184.5382355668835
110,31,6275.019925268211
110,30,6522.203929578133
110,29,6613.954649706688
110,28,11740.513431279354
110,27,11952.717727210054
110,26,12166.243498596172
110,25,12381.090462744214
110,24,12597.258349390137
110,23,12814.746797551283
110,22,13033.55561267961
110,21,13253.68440724423
110,20,13475.13288561407
110,19,13697.900977177676
110,18,14281.839073254896
110,17,14469.125913266198
110,16,14657.309247662586
110,15,14846.389018789303
110,14,15036.365263268151
110,13,15227.237526771845
110,12,15599.289225395096
110,11,15785.044828955437
110,10,36371.62068558464
110,9,36871.73371912748
110,8,37374.34815268224
110,7,37879.46409271784
110,6,38387.08165796694
110,5,38897.200196827886
110,4,39530.96549897466
110,2,162760.68111550782
110,1,164628.8867882274
