Z,N,IE_pred_eV,IE_ref_eV
1,1,13.605693,13.598434599702
2,2,54.422772,24.587389011
2,1,54.422772,54.4177655282
3,3,30.61281,5.391714996
3,2,122.45124,75.640097
3,1,122.45124,122.45435913
4,4,54.422772,9.322699
4,3,54.422772,18.21115
4,2,217.69109,153.896205
4,1,217.69109,217.71858459
5,5,85.035582,8.298019
5,4,85.035582,25.15483
5,3,85.035582,37.93059
5,2,340.14233,259.374379
5,1,340.14233,340.2260225
6,6,122.45124,11.260288
6,5,122.45124,24.383143
6,4,122.45124,47.88778
6,3,122.45124,64.49352
6,2,489.80495,392.09056
6,1,489.80495,489.99320779
7,7,166.66974,14.53413
7,6,166.66974,29.60125
7,5,166.66974,47.4453
7,4,166.66974,77.4735
7,3,166.66974,97.8901
7,2,666.67896,552.06741
7,1,666.67896,667.0461377
8,8,217.69109,13.618055
8,7,217.69109,35.12112
8,6,217.69109,54.93554
8,5,217.69109,77.4135
8,4,217.69109,113.899
8,3,217.69109,138.1189
8,2,870.76436,739.32697
8,1,870.76436,871.4099138
9,9,275.51529,17.42282
9,8,275.51529,34.97081
9,7,275.51529,62.70798
9,6,275.51529,87.175
9,5,275.51529,114.249
9,4,275.51529,157.16311
9,3,275.51529,185.1868
9,2,1102.0611,953.8983
9,1,1102.0611,1103.1175302
10,10,340.14233,21.564541
10,9,340.14233,40.96297
10,8,340.14233,63.4233
10,7,340.14233,97.19
10,6,340.14233,126.247
10,5,340.14233,157.934
10,4,340.14233,207.271
10,3,340.14233,239.097
10,2,1360.5693,1195.8082
10,1,1360.5693,1362.199256
11,11,182.92099,5.13907696
11,10,411.57222,47.28636
11,9,411.57222,71.62
11,8,411.57222,98.936
11,7,411.57222,138.404
11,6,411.57222,172.23
11,5,411.57222,208.504
11,4,411.57222,264.192
11,3,411.57222,299.856
11,2,1646.2889,1465.0992
11,1,1646.2889,1648.702285
12,12,217.69109,7.646236
12,11,217.69109,15.035271
12,10,489.80495,80.1436
12,9,489.80495,109.2654
12,8,489.80495,141.33
12,7,489.80495,186.76
12,6,489.80495,225.02
12,5,489.80495,265.924
12,4,489.80495,327.99
12,3,489.80495,367.489
12,2,1959.2198,1761.8049
12,1,1959.2198,1962.663889
13,13,255.48468,5.985769
13,12,255.48468,18.82855
13,11,255.48468,28.447642
13,10,574.84053,119.9924
13,9,574.84053,153.8252
13,8,574.84053,190.49
13,7,574.84053,241.76
13,6,574.84053,284.64
13,5,574.84053,330.21
13,4,574.84053,398.65
13,3,574.84053,442.005
13,2,2299.3621,2085.97693
13,1,2299.3621,2304.140359
14,14,296.30176,8.15168
14,13,296.30176,16.34585
14,12,296.30176,33.493
14,11,296.30176,45.14179
14,10,666.67896,166.767
14,9,666.67896,205.279
14,8,666.67896,246.57
14,7,666.67896,303.59
14,6,666.67896,351.28
14,5,666.67896,401.38
14,4,666.67896,476.273
14,3,666.67896,523.415
14,2,2666.7159,2437.65805
14,1,2666.7159,2673.177958
15,15,340.14233,10.486686
15,14,340.14233,19.76949
15,13,340.14233,30.20264
15,12,340.14233,51.44387
15,11,340.14233,65.02511
15,10,765.32024,220.43
15,9,765.32024,263.57
15,8,765.32024,309.6
15,7,765.32024,372.31
15,6,765.32024,424.4
15,5,765.32024,479.44
15,4,765.32024,560.62
15,3,765.32024,611.741
15,2,3061.281,2816.90868
15,1,3061.281,3069.842145
16,16,387.00638,10.3600167
16,15,387.00638,23.33788
16,14,387.00638,34.86
16,13,387.00638,47.222
16,12,387.00638,72.5945
16,11,387.00638,88.0529
16,10,870.76436,280.954
16,9,870.76436,328.794
16,8,870.76436,379.84
16,7,870.76436,447.7
16,6,870.76436,504.55
16,5,870.76436,564.41
16,4,870.76436,651.96
16,3,870.76436,706.994
16,2,3483.0574,3223.78057
16,1,3483.0574,3494.188518
17,17,436.89392,12.967633
17,16,436.89392,23.81364
17,15,436.89392,39.8
17,14,436.89392,53.24
17,13,436.89392,67.68
17,12,436.89392,96.94
17,11,436.89392,114.2013
17,10,983.01133,348.306
17,9,983.01133,400.851
17,8,983.01133,456.7
17,7,983.01133,530.0
17,6,983.01133,591.58
17,5,983.01133,656.3
17,4,983.01133,750.23
17,3,983.01133,809.198
17,2,3932.0453,3658.34366
17,1,3932.0453,3946.29179
18,18,489.80495,15.7596119
18,17,489.80495,27.62967
18,16,489.80495,40.735
18,15,489.80495,59.58
18,14,489.80495,74.84
18,13,489.80495,91.29
18,12,489.80495,124.41
18,11,489.80495,143.4567
18,10,1102.0611,422.6
18,9,1102.0611,479.76
18,8,1102.0611,540.4
18,7,1102.0611,619.0
18,6,1102.0611,685.5
18,5,1102.0611,755.13
18,4,1102.0611,855.5
18,3,1102.0611,918.375
18,2,4408.2446,4120.66559
18,1,4408.2446,4426.22407
19,19,306.97845,4.34066373
19,18,545.73947,31.625
19,17,545.73947,45.8031
19,16,545.73947,60.917
19,15,545.73947,82.66
19,14,545.73947,99.44
19,13,545.73947,117.56
19,12,545.73947,154.87
19,11,545.73947,175.8174
19,10,1227.9138,503.67
19,9,1227.9138,565.6
19,8,1227.9138,631.1
19,7,1227.9138,714.7
19,6,1227.9138,786.3
19,5,1227.9138,860.92
19,4,1227.9138,967.7
19,3,1227.9138,1034.542
19,2,4911.6552,4610.80714
19,1,4911.6552,4934.04979
20,20,340.14233,6.113154921
20,19,340.14233,11.871719
20,18,604.69747,50.91316
20,17,604.69747,67.2732
20,16,604.69747,84.34
20,15,604.69747,108.78
20,14,604.69747,127.21
20,13,604.69747,147.24
20,12,604.69747,188.54
20,11,604.69747,211.275
20,10,1360.5693,591.6
20,9,1360.5693,658.2
20,8,1360.5693,728.6
20,7,1360.5693,817.2
20,6,1360.5693,894.0
20,5,1360.5693,973.7
20,4,1360.5693,1086.8
20,3,1360.5693,1157.726
20,2,5442.2772,5128.8576
20,1,5442.2772,5469.86358
21,21,375.00692,6.56149
21,20,375.00692,12.79977
21,19,666.67896,24.756839
21,18,666.67896,73.4894
21,17,666.67896,91.95
21,16,666.67896,110.68
21,15,666.67896,137.99
21,14,666.67896,158.08
21,13,666.67896,180.03
21,12,666.67896,225.18
21,11,666.67896,249.798
21,10,1500.0277,687.36
21,9,1500.0277,757.7
21,8,1500.0277,833.2
21,7,1500.0277,926.5
21,6,1500.0277,1008.6
21,5,1500.0277,1093.5
21,4,1500.0277,1213.1
21,3,1500.0277,1287.957
21,2,6000.1107,5674.9036
21,1,6000.1107,6033.75643
22,22,411.57222,6.82812
22,21,411.57222,13.5755
22,20,731.68394,27.49171
22,19,731.68394,43.26717
22,18,731.68394,99.299
22,17,731.68394,119.533
22,16,731.68394,140.68
22,15,731.68394,170.5
22,14,731.68394,192.1
22,13,731.68394,215.92
22,12,731.68394,265.07
22,11,731.68394,291.5
22,10,1646.2889,787.67
22,9,1646.2889,864.0
22,8,1646.2889,944.5
22,7,1646.2889,1042.5
22,6,1646.2889,1130.2
22,5,1646.2889,1220.3
22,4,1646.2889,1346.3
22,3,1646.2889,1425.257
22,2,6585.1555,6249.0226
22,1,6585.1555,6625.81023
23,23,449.83823,6.746187
23,22,799.71241,14.634
23,21,799.71241,29.3111
23,20,799.71241,46.709
23,19,799.71241,65.28165
23,18,799.71241,128.125
23,17,799.71241,150.72
23,16,799.71241,173.55
23,15,799.71241,206.0
23,14,799.71241,230.5
23,13,799.71241,254.8
23,12,799.71241,308.5
23,11,799.71241,336.274
23,10,1799.3529,896.0
23,9,1799.3529,977.2
23,8,1799.3529,1062.9
23,7,1799.3529,1165.2
23,6,1799.3529,1258.9
23,5,1799.3529,1354.2
23,4,1799.3529,1486.7
23,3,1799.3529,1569.656
23,2,7197.4117,6851.3112
23,1,7197.4117,7246.12624
24,24,489.80495,6.76651
24,23,870.76436,16.486305
24,22,870.76436,30.959
24,21,870.76436,49.16
24,20,870.76436,69.46
24,19,870.76436,90.6349
24,18,870.76436,160.29
24,17,870.76436,184.76
24,16,870.76436,209.5
24,15,870.76436,244.5
24,14,870.76436,270.8
24,13,870.76436,296.7
24,12,870.76436,354.7
24,11,870.76436,384.163
24,10,1959.2198,1011.6
24,9,1959.2198,1097.2
24,8,1959.2198,1188.0
24,7,1959.2198,1294.8
24,6,1959.2198,1394.5
24,5,1959.2198,1495.1
24,4,1959.2198,1634.1
24,3,1959.2198,1721.183
24,2,7836.8792,7481.8624
24,1,7836.8792,7894.80289
25,25,531.47239,7.434038
25,24,531.47239,15.63999
25,23,944.8398,33.668
25,22,944.8398,51.21
25,21,944.8398,72.41
25,20,944.8398,95.604
25,19,944.8398,119.203
25,18,944.8398,195.5
25,17,944.8398,221.89
25,16,944.8398,248.6
25,15,944.8398,286.1
25,14,944.8398,314.4
25,13,944.8398,343.6
25,12,944.8398,402.95
25,11,944.8398,435.172
25,10,2125.8896,1133.7
25,9,2125.8896,1224.1
25,8,2125.8896,1320.3
25,7,2125.8896,1430.9
25,6,2125.8896,1537.2
25,5,2125.8896,1643.2
25,4,2125.8896,1788.7
25,3,2125.8896,1879.873
25,2,8503.5582,8140.7864
25,1,8503.5582,8571.95438
26,26,574.84053,7.9024681
26,25,574.84053,16.19921
26,24,1021.9387,30.651
26,23,1021.9387,54.91
26,22,1021.9387,75.0
26,21,1021.9387,98.985
26,20,1021.9387,124.9671
26,19,1021.9387,151.06
26,18,1021.9387,233.6
26,17,1021.9387,262.1
26,16,1021.9387,290.9
26,15,1021.9387,330.8
26,14,1021.9387,361.0
26,13,1021.9387,392.2
26,12,1021.9387,456.2
26,11,1021.9387,489.312
26,10,2299.3621,1262.7
26,9,2299.3621,1357.8
26,8,2299.3621,1460.0
26,7,2299.3621,1575.6
26,6,2299.3621,1687.0
26,5,2299.3621,1798.4
26,4,2299.3621,1950.4
26,3,2299.3621,2045.759
26,2,9197.4486,8828.1864
26,1,9197.4486,9277.6886
27,27,619.90939,7.88101
27,26,1102.0611,17.0844
27,25,1102.0611,33.5
27,24,1102.0611,51.27
27,23,1102.0611,79.5
27,22,1102.0611,102.0
27,21,1102.0611,128.9
27,20,1102.0611,157.8
27,19,1102.0611,186.14
27,18,1102.0611,275.4
27,17,1102.0611,305.32
27,16,1102.0611,336.1
27,15,1102.0611,378.5
27,14,1102.0611,410.0
27,13,1102.0611,441.1
27,12,1102.0611,511.96
27,11,1102.0611,546.588
27,10,2479.6376,1397.2
27,9,2479.6376,1504.5
27,8,2479.6376,1606.0
27,7,2479.6376,1724.0
27,6,2479.6376,1844.0
27,5,2479.6376,1960.8
27,4,2479.6376,2119.4
27,3,2479.6376,2218.876
27,2,9918.5503,9544.1817
27,1,9918.5503,10012.1297
28,28,666.67896,7.639878
28,27,1185.207,18.168838
28,26,1185.207,35.187
28,25,1185.207,54.92
28,24,1185.207,76.06
28,23,1185.207,108.0
28,22,1185.207,132.0
28,21,1185.207,162.0
28,20,1185.207,193.2
28,19,1185.207,224.7
28,18,1185.207,319.5
28,17,1185.207,351.6
28,16,1185.207,384.5
28,15,1185.207,429.3
28,14,1185.207,462.8
28,13,1185.207,495.4
28,12,1185.207,571.07
28,11,1185.207,607.02
28,10,2666.7159,1540.1
28,9,2666.7159,1646.0
28,8,2666.7159,1758.0
28,7,2666.7159,1880.0
28,6,2666.7159,2008.1
28,5,2666.7159,2130.5
28,4,2666.7159,2295.6
28,3,2666.7159,2399.259
28,2,10666.863,10288.8848
28,1,10666.863,10775.3948
29,29,715.14924,7.72638
29,28,1271.3764,20.29239
29,27,1271.3764,36.841
29,26,1271.3764,57.38
29,25,1271.3764,79.8
29,24,1271.3764,103.0
29,23,1271.3764,139.0
29,22,1271.3764,166.0
29,21,1271.3764,198.0
29,20,1271.3764,232.2
29,19,1271.3764,265.33
29,18,1271.3764,367.0
29,17,1271.3764,401.0
29,16,1271.3764,436.0
29,15,1271.3764,483.1
29,14,1271.3764,518.7
29,13,1271.3764,552.8
29,12,1271.3764,632.5
29,11,1271.3764,670.608
29,10,2860.597,1690.5
29,9,2860.597,1800.0
29,8,2860.597,1918.0
29,7,2860.597,2044.0
29,6,2860.597,2179.4
29,5,2860.597,2307.3
29,4,2860.597,2479.1
29,3,2860.597,2586.954
29,2,11442.388,11062.4309
29,1,11442.388,11567.6237
30,30,765.32024,9.394197
30,29,765.32024,17.96439
30,28,1360.5693,39.7233
30,27,1360.5693,59.573
30,26,1360.5693,82.6
30,25,1360.5693,108.0
30,24,1360.5693,133.9
30,23,1360.5693,173.9
30,22,1360.5693,203.0
30,21,1360.5693,238.0
30,20,1360.5693,274.4
30,19,1360.5693,310.8
30,18,1360.5693,417.6
30,17,1360.5693,453.4
30,16,1360.5693,490.6
30,15,1360.5693,540.0
30,14,1360.5693,577.8
30,13,1360.5693,613.3
30,12,1360.5693,697.5
30,11,1360.5693,737.366
30,10,3061.281,1846.8
30,9,3061.281,1961.0
30,8,3061.281,2085.0
30,7,3061.281,2214.0
30,6,3061.281,2358.0
30,5,3061.281,2491.5
30,4,3061.281,2669.9
30,3,3061.281,2781.996
30,2,12245.124,11864.9401
30,1,12245.124,12388.9427
31,31,817.19194,5.999302
31,30,817.19194,20.51514
31,29,817.19194,30.72576
31,28,1452.7857,63.241
31,27,1452.7857,86.01
31,26,1452.7857,112.7
31,25,1452.7857,140.8
31,24,1452.7857,169.9
31,23,1452.7857,211.0
31,22,1452.7857,244.0
31,21,1452.7857,280.0
31,20,1452.7857,319.0
31,19,1452.7857,356.0
31,18,1452.7857,471.2
31,17,1452.7857,508.8
31,16,1452.7857,548.3
31,15,1452.7857,599.8
31,14,1452.7857,640.0
31,13,1452.7857,677.0
31,12,1452.7857,765.7
31,11,1452.7857,807.308
31,10,3268.7678,2010.0
31,9,3268.7678,2129.0
31,8,3268.7678,2258.0
31,7,3268.7678,2391.0
31,6,3268.7678,2543.9
31,5,3268.7678,2683.0
31,4,3268.7678,2868.0
31,3,3268.7678,2984.426
31,2,13075.071,12696.5581
31,1,13075.071,13239.5029
32,32,870.76436,7.899435
32,31,870.76436,15.93461
32,30,870.76436,34.0576
32,29,870.76436,45.7155
32,28,1548.0255,90.5
32,27,1548.0255,115.9
32,26,1548.0255,144.9
32,25,1548.0255,176.4
32,24,1548.0255,212.5
32,23,1548.0255,252.1
32,22,1548.0255,286.0
32,21,1548.0255,326.0
32,20,1548.0255,367.0
32,19,1548.0255,407.0
32,18,1548.0255,527.9
32,17,1548.0255,567.3
32,16,1548.0255,609.1
32,15,1548.0255,662.8
32,14,1548.0255,706.7
32,13,1548.0255,744.0
32,12,1548.0255,837.1
32,11,1548.0255,880.44
32,10,3483.0574,2178.2
32,9,3483.0574,2304.0
32,8,3483.0574,2439.0
32,7,3483.0574,2575.0
32,6,3483.0574,2737.1
32,5,3483.0574,2881.9
32,4,3483.0574,3074.0
32,3,3483.0574,3194.293
32,2,13932.23,13557.4218
32,1,13932.23,14119.4457
33,33,926.03749,9.78855
33,32,926.03749,18.5892
33,31,926.03749,28.349
33,30,926.03749,50.15
33,29,926.03749,62.77
33,28,1646.2889,121.19
33,27,1646.2889,147.0
33,26,1646.2889,180.0
33,25,1646.2889,213.0
33,24,1646.2889,247.0
33,23,1646.2889,296.0
33,22,1646.2889,333.0
33,21,1646.2889,375.0
33,20,1646.2889,418.0
33,19,1646.2889,460.0
33,18,1646.2889,587.6
33,17,1646.2889,628.8
33,16,1646.2889,672.9
33,15,1646.2889,728.9
33,14,1646.2889,774.0
33,13,1646.2889,814.0
33,12,1646.2889,911.7
33,11,1646.2889,956.79
33,10,3704.15,2356.9
33,9,3704.15,2486.0
33,8,3704.15,2626.0
33,7,3704.15,2766.0
33,6,3704.15,2938.0
33,5,3704.15,3088.1
33,4,3704.15,3287.0
33,3,3704.15,3411.643
33,2,14816.6,14447.6799
33,1,14816.6,15028.9251
34,34,983.01133,9.752368
34,33,983.01133,21.196
34,32,983.01133,31.697
34,31,983.01133,42.947
34,30,983.01133,68.3
34,29,983.01133,81.83
34,28,1747.5757,155.327
34,27,1747.5757,184.0
34,26,1747.5757,219.0
34,25,1747.5757,255.0
34,24,1747.5757,291.0
34,23,1747.5757,342.9
34,22,1747.5757,383.0
34,21,1747.5757,426.0
34,20,1747.5757,473.0
34,19,1747.5757,517.0
34,18,1747.5757,650.5
34,17,1747.5757,693.4
34,16,1747.5757,739.8
34,15,1747.5757,798.0
34,14,1747.5757,845.8
34,13,1747.5757,887.0
34,12,1747.5757,989.6
34,11,1747.5757,1036.36
34,10,3932.0453,2540.7
34,9,3932.0453,2674.0
34,8,3932.0453,2820.0
34,7,3932.0453,2964.0
34,6,3932.0453,3146.0
34,5,3932.0453,3301.8
34,4,3932.0453,3507.0
34,3,3932.0453,3636.526
34,2,15728.181,15367.493
34,1,15728.181,15968.1075
35,35,1041.6859,11.81381
35,34,1041.6859,21.591
35,33,1041.6859,34.871
35,32,1041.6859,47.782
35,31,1041.6859,59.595
35,30,1041.6859,87.39
35,29,1041.6859,103.03
35,28,1851.886,192.61
35,27,1851.886,224.0
35,26,1851.886,261.0
35,25,1851.886,301.0
35,24,1851.886,338.0
35,23,1851.886,393.0
35,22,1851.886,436.0
35,21,1851.886,481.0
35,20,1851.886,530.0
35,19,1851.886,577.0
35,18,1851.886,716.3
35,17,1851.886,761.0
35,16,1851.886,809.8
35,15,1851.886,870.0
35,14,1851.886,920.8
35,13,1851.886,963.0
35,12,1851.886,1070.6
35,11,1851.886,1119.17
35,10,4166.7435,2731.4
35,9,4166.7435,2869.0
35,8,4166.7435,3021.0
35,7,4166.7435,3169.0
35,6,4166.7435,3361.0
35,5,4166.7435,3523.1
35,4,4166.7435,3735.0
35,3,4166.7435,3868.986
35,2,16666.974,16317.014
35,1,16666.974,16937.1497
36,36,1102.0611,13.9996055
36,35,1102.0611,24.35984
36,34,1102.0611,35.838
36,33,1102.0611,50.85
36,32,1102.0611,64.69
36,31,1102.0611,78.49
36,30,1102.0611,109.13
36,29,1102.0611,125.802
36,28,1959.2198,233.0
36,27,1959.2198,268.0
36,26,1959.2198,308.0
36,25,1959.2198,350.0
36,24,1959.2198,391.0
36,23,1959.2198,446.0
36,22,1959.2198,492.0
36,21,1959.2198,540.0
36,20,1959.2198,591.0
36,19,1959.2198,640.0
36,18,1959.2198,785.316
36,17,1959.2198,831.6
36,16,1959.2198,882.8
36,15,1959.2198,945.0
36,14,1959.2198,999.0
36,13,1959.2198,1042.0
36,12,1959.2198,1155.0
36,11,1959.2198,1205.23
36,10,4408.2446,2928.9
36,9,4408.2446,3072.0
36,8,4408.2446,3228.0
36,7,4408.2446,3380.0
36,6,4408.2446,3584.0
36,5,4408.2446,3752.0
36,4,4408.2446,3971.0
36,3,4408.2446,4109.083
36,2,17632.978,17296.424
36,1,17632.978,17936.2405
37,37,745.04776,4.1771281
37,36,1164.1371,27.28954
37,35,1164.1371,39.247
37,34,1164.1371,52.2
37,33,1164.1371,68.44
37,32,1164.1371,82.9
37,31,1164.1371,98.67
37,30,1164.1371,132.79
37,29,1164.1371,150.628
37,28,2069.5771,277.12
37,27,2069.5771,313.1
37,26,2069.5771,356.0
37,25,2069.5771,400.0
37,24,2069.5771,443.0
37,23,2069.5771,502.0
37,22,2069.5771,550.0
37,21,2069.5771,601.0
37,20,2069.5771,654.0
37,19,2069.5771,706.0
37,18,2069.5771,857.0
37,17,2069.5771,905.3
37,16,2069.5771,958.9
37,15,2069.5771,1024.0
37,14,2069.5771,1080.0
37,13,2069.5771,1125.0
37,12,2069.5771,1242.5
37,11,2069.5771,1294.57
37,10,4656.5485,3133.3
37,9,4656.5485,3281.0
37,8,4656.5485,3443.0
37,7,4656.5485,3600.0
37,6,4656.5485,3815.0
37,5,4656.5485,3988.0
37,4,4656.5485,4214.0
37,3,4656.5485,4356.865
37,2,18626.194,18305.886
37,1,18626.194,18965.5484
38,38,785.86483,5.69486745
38,37,785.86483,11.0302765
38,36,1227.9138,42.88353
38,35,1227.9138,56.28
38,34,1227.9138,70.7
38,33,1227.9138,88.0
38,32,1227.9138,104.0
38,31,1227.9138,121.21
38,30,1227.9138,158.33
38,29,1227.9138,177.3
38,28,2182.9579,324.07
38,27,2182.9579,362.0
38,26,2182.9579,408.0
38,25,2182.9579,454.0
38,24,2182.9579,499.0
38,23,2182.9579,562.0
38,22,2182.9579,612.0
38,21,2182.9579,665.0
38,20,2182.9579,722.0
38,19,2182.9579,774.0
38,18,2182.9579,932.0
38,17,2182.9579,982.1
38,16,2182.9579,1038.0
38,15,2182.9579,1105.0
38,14,2182.9579,1165.0
38,13,2182.9579,1211.0
38,12,2182.9579,1333.4
38,11,2182.9579,1387.19
38,10,4911.6552,3344.7
38,9,4911.6552,3497.0
38,8,4911.6552,3664.0
38,7,4911.6552,3830.0
38,6,4911.6552,4053.0
38,5,4911.6552,4232.0
38,4,4911.6552,4465.0
38,3,4911.6552,4612.397
38,2,19646.621,19345.59
38,1,19646.621,20025.2673
39,39,1293.3912,6.21726
39,38,827.77037,12.2236
39,37,1293.3912,20.52441
39,36,1293.3912,60.6072
39,35,1293.3912,75.35
39,34,1293.3912,91.39
39,33,1293.3912,110.02
39,32,1293.3912,128.12
39,31,1293.3912,145.64
39,30,1293.3912,185.7
39,29,1293.3912,205.814
39,28,2299.3621,374.04
39,27,2299.3621,414.0
39,26,2299.3621,463.0
39,25,2299.3621,512.0
39,24,2299.3621,559.0
39,23,2299.3621,624.0
39,22,2299.3621,677.0
39,21,2299.3621,733.0
39,20,2299.3621,790.0
39,19,2299.3621,847.0
39,18,2299.3621,1010.0
39,17,2299.3621,1061.9
39,16,2299.3621,1120.2
39,15,2299.3621,1190.0
39,14,2299.3621,1253.0
39,13,2299.3621,1300.0
39,12,2299.3621,1427.6
39,11,2299.3621,1483.12
39,10,5173.5648,3562.9
39,9,5173.5648,3720.0
39,8,5173.5648,3892.0
39,7,5173.5648,4060.0
39,6,5173.5648,4299.0
39,5,5173.5648,4484.0
39,4,5173.5648,4724.0
39,3,5173.5648,4875.731
39,2,20694.259,20415.719
39,1,20694.259,21115.588
40,40,870.76436,6.634126
40,39,870.76436,13.13
40,38,1360.5693,23.17
40,37,1360.5693,34.41836
40,36,1360.5693,80.348
40,35,1360.5693,96.38
40,34,1360.5693,112.0
40,33,1360.5693,133.7
40,32,1360.5693,153.0
40,31,1360.5693,172.02
40,30,1360.5693,214.9
40,29,1360.5693,236.252
40,28,2418.7899,426.0
40,27,2418.7899,470.0
40,26,2418.7899,520.0
40,25,2418.7899,573.0
40,24,2418.7899,622.0
40,23,2418.7899,690.0
40,22,2418.7899,745.0
40,21,2418.7899,803.0
40,20,2418.7899,863.0
40,19,2418.7899,922.0
40,18,2418.7899,1092.0
40,17,2418.7899,1144.7
40,16,2418.7899,1205.4
40,15,2418.7899,1277.0
40,14,2418.7899,1344.0
40,13,2418.7899,1392.0
40,12,2418.7899,1525.1
40,11,2418.7899,1582.37
40,10,5442.2772,3788.0
40,9,5442.2772,3950.0
40,8,5442.2772,4127.0
40,7,5442.2772,4300.0
40,6,5442.2772,4553.0
40,5,5442.2772,4744.0
40,4,5442.2772,4991.0
40,3,5442.2772,5146.935
40,2,21769.109,21516.471
40,1,21769.109,22236.712
41,41,914.84681,6.75885
41,40,1429.4481,14.32
41,39,1429.4481,25.04
41,38,1429.4481,37.611
41,37,1429.4481,50.5728
41,36,1429.4481,102.069
41,35,1429.4481,119.1
41,34,1429.4481,136.0
41,33,1429.4481,159.2
41,32,1429.4481,180.0
41,31,1429.4481,200.28
41,30,1429.4481,246.1
41,29,1429.4481,268.59
41,28,2541.2411,482.5
41,27,2541.2411,530.0
41,26,2541.2411,581.0
41,25,2541.2411,636.0
41,24,2541.2411,688.0
41,23,2541.2411,758.0
41,22,2541.2411,816.0
41,21,2541.2411,877.0
41,20,2541.2411,940.0
41,19,2541.2411,1000.0
41,18,2541.2411,1176.0
41,17,2541.2411,1230.6
41,16,2541.2411,1293.7
41,15,2541.2411,1368.0
41,14,2541.2411,1439.0
41,13,2541.2411,1488.0
41,12,2541.2411,1625.9
41,11,2541.2411,1684.97
41,10,5717.7925,4020.1
41,9,5717.7925,4187.0
41,8,5717.7925,4369.0
41,7,5717.7925,4540.0
41,6,5717.7925,4815.0
41,5,5717.7925,5011.0
41,4,5717.7925,5265.0
41,3,5717.7925,5426.066
41,2,22871.17,22648.046
41,1,22871.17,23388.85
42,42,960.01771,7.09243
42,41,1500.0277,16.16
42,40,1500.0277,27.13
42,39,1500.0277,40.33
42,38,1500.0277,54.417
42,37,1500.0277,68.82704
42,36,1500.0277,125.638
42,35,1500.0277,143.6
42,34,1500.0277,164.12
42,33,1500.0277,186.3
42,32,1500.0277,209.3
42,31,1500.0277,230.28
42,30,1500.0277,279.1
42,29,1500.0277,302.6
42,28,2666.7159,544.0
42,27,2666.7159,591.0
42,26,2666.7159,646.0
42,25,2666.7159,702.0
42,24,2666.7159,758.0
42,23,2666.7159,829.0
42,22,2666.7159,890.0
42,21,2666.7159,953.0
42,20,2666.7159,1019.0
42,19,2666.7159,1082.0
42,18,2666.7159,1263.0
42,17,2666.7159,1319.6
42,16,2666.7159,1385.1
42,15,2666.7159,1462.0
42,14,2666.7159,1537.0
42,13,2666.7159,1587.0
42,12,2666.7159,1730.1
42,11,2666.7159,1790.93
42,10,6000.1107,4259.0
42,9,6000.1107,4430.0
42,8,6000.1107,4618.0
42,7,6000.1107,4800.0
42,6,6000.1107,5084.0
42,5,6000.1107,5287.0
42,4,6000.1107,5548.0
42,3,6000.1107,5713.194
42,2,24000.443,23810.653
42,1,24000.443,24572.213
43,43,1006.2771,7.11938
43,42,1006.2771,15.26
43,41,1572.3079,29.55
43,40,1572.3079,41.0
43,39,1572.3079,57.0
43,38,1572.3079,72.0
43,37,1572.3079,88.0
43,36,1572.3079,150.0
43,35,1572.3079,169.0
43,34,1572.3079,189.9
43,33,1572.3079,214.0
43,32,1572.3079,239.0
43,31,1572.3079,262.08
43,30,1572.3079,311.0
43,29,1572.3079,338.55
43,28,2795.2141,604.0
43,27,2795.2141,655.0
43,26,2795.2141,713.0
43,25,2795.2141,773.0
43,24,2795.2141,829.0
43,23,2795.2141,904.0
43,22,2795.2141,968.0
43,21,2795.2141,1032.0
43,20,2795.2141,1102.0
43,19,2795.2141,1166.0
43,18,2795.2141,1354.0
43,17,2795.2141,1411.6
43,16,2795.2141,1479.5
43,15,2795.2141,1559.0
43,14,2795.2141,1638.0
43,13,2795.2141,1689.0
43,12,2795.2141,1838.0
43,11,2795.2141,1900.28
43,10,6289.2316,4505.0
43,9,6289.2316,4681.0
43,8,6289.2316,4874.0
43,7,6289.2316,5060.0
43,6,6289.2316,5361.0
43,5,6289.2316,5570.0
43,4,6289.2316,5838.0
43,3,6289.2316,6008.391
43,2,25156.927,25004.531
43,1,25156.927,25787.047
44,44,1053.6249,7.3605
44,43,1646.2889,16.76
44,42,1646.2889,28.47
44,41,1646.2889,45.0
44,40,1646.2889,59.0
44,39,1646.2889,76.0
44,38,1646.2889,93.0
44,37,1646.2889,110.0
44,36,1646.2889,178.41
44,35,1646.2889,198.0
44,34,1646.2889,219.9
44,33,1646.2889,245.0
44,32,1646.2889,271.0
44,31,1646.2889,295.9
44,30,1646.2889,348.0
44,29,1646.2889,376.25
44,28,2926.7358,670.0
44,27,2926.7358,723.0
44,26,2926.7358,784.0
44,25,2926.7358,845.0
44,24,2926.7358,905.0
44,23,2926.7358,981.0
44,22,2926.7358,1048.0
44,21,2926.7358,1115.0
44,20,2926.7358,1187.0
44,19,2926.7358,1253.0
44,18,2926.7358,1447.0
44,17,2926.7358,1506.7
44,16,2926.7358,1577.0
44,15,2926.7358,1659.0
44,14,2926.7358,1743.0
44,13,2926.7358,1794.0
44,12,2926.7358,1949.0
44,11,2926.7358,2013.04
44,10,6585.1555,4758.0
44,9,6585.1555,4939.0
44,8,6585.1555,5136.0
44,7,6585.1555,5330.0
44,6,6585.1555,5647.0
44,5,6585.1555,5861.0
44,4,6585.1555,6137.0
44,3,6585.1555,6311.721
44,2,26340.622,26229.888
44,1,26340.622,27033.564
45,45,1102.0611,7.4589
45,44,1721.9705,18.08
45,43,1721.9705,31.06
45,42,1721.9705,42.0
45,41,1721.9705,63.0
45,40,1721.9705,80.0
45,39,1721.9705,97.0
45,38,1721.9705,115.1
45,37,1721.9705,135.0
45,36,1721.9705,207.51
45,35,1721.9705,228.0
45,34,1721.9705,252.1
45,33,1721.9705,277.0
45,32,1721.9705,306.0
45,31,1721.9705,331.58
45,30,1721.9705,389.3
45,29,1721.9705,415.97
45,28,3061.281,739.0
45,27,3061.281,794.0
45,26,3061.281,857.0
45,25,3061.281,921.0
45,24,3061.281,984.0
45,23,3061.281,1061.0
45,22,3061.281,1131.0
45,21,3061.281,1202.0
45,20,3061.281,1274.0
45,19,3061.281,1344.0
45,18,3061.281,1544.0
45,17,3061.281,1604.9
45,16,3061.281,1677.6
45,15,3061.281,1763.0
45,14,3061.281,1851.0
45,13,3061.281,1903.0
45,12,3061.281,2063.0
45,11,3061.281,2129.22
45,10,6887.8821,5018.0
45,9,6887.8821,5203.0
45,8,6887.8821,5406.0
45,7,6887.8821,5600.0
45,6,6887.8821,5940.0
45,5,6887.8821,6161.0
45,4,6887.8821,6444.0
45,3,6887.8821,6623.262
45,2,27551.529,27486.979
45,1,27551.529,28312.031
46,46,1799.3529,8.336839
46,45,1799.3529,19.43
46,44,1799.3529,32.93
46,43,1799.3529,46.0
46,42,1799.3529,61.0
46,41,1799.3529,84.1
46,40,1799.3529,101.0
46,39,1799.3529,120.0
46,38,1799.3529,141.0
46,37,1799.3529,159.9
46,36,1799.3529,238.57
46,35,1799.3529,260.0
46,34,1799.3529,286.0
46,33,1799.3529,311.0
46,32,1799.3529,342.0
46,31,1799.3529,369.1
46,30,1799.3529,427.0
46,29,1799.3529,457.5
46,28,3198.8496,810.0
46,27,3198.8496,869.0
46,26,3198.8496,933.0
46,25,3198.8496,1000.0
46,24,3198.8496,1065.0
46,23,3198.8496,1145.0
46,22,3198.8496,1218.0
46,21,3198.8496,1290.0
46,20,3198.8496,1366.0
46,19,3198.8496,1438.0
46,18,3198.8496,1644.0
46,17,3198.8496,1706.2
46,16,3198.8496,1781.3
46,15,3198.8496,1869.0
46,14,3198.8496,1962.0
46,13,3198.8496,2016.0
46,12,3198.8496,2181.0
46,11,3198.8496,2248.87
46,10,7197.4117,5284.0
46,9,7197.4117,5475.0
46,8,7197.4117,5683.0
46,7,7197.4117,5880.0
46,6,7197.4117,6242.0
46,5,7197.4117,6469.0
46,4,7197.4117,6759.0
46,3,7197.4117,6943.097
46,2,28789.647,28776.032
46,1,28789.647,29622.678
47,47,1202.199,7.576234
47,46,1878.436,21.4844
47,45,1878.436,34.8
47,44,1878.436,49.0
47,43,1878.436,65.0
47,42,1878.436,82.0
47,41,1878.436,106.0
47,40,1878.436,125.0
47,39,1878.436,145.1
47,38,1878.436,167.0
47,37,1878.436,188.0
47,36,1878.436,271.46
47,35,1878.436,294.0
47,34,1878.436,321.0
47,33,1878.436,347.0
47,32,1878.436,381.0
47,31,1878.436,408.43
47,30,1878.436,469.0
47,29,1878.436,500.87
47,28,3339.4418,885.0
47,27,3339.4418,946.0
47,26,3339.4418,1013.0
47,25,3339.4418,1082.0
47,24,3339.4418,1149.0
47,23,3339.4418,1231.0
47,22,3339.4418,1308.0
47,21,3339.4418,1382.0
47,20,3339.4418,1460.0
47,19,3339.4418,1535.0
47,18,3339.4418,1747.0
47,17,3339.4418,1810.5
47,16,3339.4418,1888.0
47,15,3339.4418,1979.0
47,14,3339.4418,2077.0
47,13,3339.4418,2131.0
47,12,3339.4418,2302.0
47,11,3339.4418,2371.99
47,10,7513.744,5558.0
47,9,7513.744,5753.0
47,8,7513.744,5966.0
47,7,7513.744,6170.0
47,6,7513.744,6551.0
47,5,7513.744,6785.0
47,4,7513.744,7082.0
47,3,7513.744,7271.298
47,2,30054.976,30097.314
47,1,30054.976,30965.78
48,48,1253.9007,8.99382
48,47,1253.9007,16.908313
48,46,1959.2198,37.468
48,45,1959.2198,51.0
48,44,1959.2198,67.9
48,43,1959.2198,87.0
48,42,1959.2198,105.0
48,41,1959.2198,130.1
48,40,1959.2198,150.0
48,39,1959.2198,173.0
48,38,1959.2198,195.0
48,37,1959.2198,218.0
48,36,1959.2198,305.0
48,35,1959.2198,329.0
48,34,1959.2198,358.0
48,33,1959.2198,385.0
48,32,1959.2198,421.0
48,31,1959.2198,452.6
48,30,1959.2198,513.0
48,29,1959.2198,546.19
48,28,3483.0574,963.0
48,27,3483.0574,1026.0
48,26,3483.0574,1095.0
48,25,3483.0574,1167.0
48,24,3483.0574,1237.0
48,23,3483.0574,1320.0
48,22,3483.0574,1401.0
48,21,3483.0574,1477.0
48,20,3483.0574,1558.0
48,19,3483.0574,1635.0
48,18,3483.0574,1852.0
48,17,3483.0574,1917.9
48,16,3483.0574,1998.0
48,15,3483.0574,2091.0
48,14,3483.0574,2195.0
48,13,3483.0574,2250.0
48,12,3483.0574,2427.0
48,11,3483.0574,2498.62
48,10,7836.8792,5839.0
48,9,7836.8792,6039.0
48,8,7836.8792,6257.0
48,7,7836.8792,6460.0
48,6,7836.8792,6869.0
48,5,7836.8792,7109.0
48,4,7836.8792,7414.0
48,3,7836.8792,7607.95
48,2,31347.517,31451.07
48,1,31347.517,32341.587
49,49,1306.6908,5.7863558
49,48,1306.6908,18.87041
49,47,1306.6908,28.04415
49,46,2041.7043,55.45
49,45,2041.7043,69.3
49,44,2041.7043,90.0
49,43,2041.7043,109.0
49,42,2041.7043,130.1
49,41,2041.7043,156.0
49,40,2041.7043,178.0
49,39,2041.7043,201.0
49,38,2041.7043,226.0
49,37,2041.7043,249.0
49,36,2041.7043,341.0
49,35,2041.7043,368.0
49,34,2041.7043,396.0
49,33,2041.7043,425.0
49,32,2041.7043,462.0
49,31,2041.7043,497.1
49,30,2041.7043,560.0
49,29,2041.7043,593.38
49,28,3629.6966,1043.0
49,27,3629.6966,1109.0
49,26,3629.6966,1181.0
49,25,3629.6966,1255.0
49,24,3629.6966,1328.0
49,23,3629.6966,1413.0
49,22,3629.6966,1496.0
49,21,3629.6966,1575.0
49,20,3629.6966,1659.0
49,19,3629.6966,1738.0
49,18,3629.6966,1961.0
49,17,3629.6966,2028.5
49,16,3629.6966,2111.0
49,15,3629.6966,2207.0
49,14,3629.6966,2317.0
49,13,3629.6966,2373.0
49,12,3629.6966,2555.0
49,11,3629.6966,2628.77
49,10,8166.8173,6126.0
49,9,8166.8173,6331.0
49,8,8166.8173,6554.0
49,7,8166.8173,6770.0
49,6,8166.8173,7196.0
49,5,8166.8173,7442.0
49,4,8166.8173,7754.0
49,3,8166.8173,7953.14
49,2,32667.269,32837.593
49,1,32667.269,33750.404
50,50,1360.5693,7.343918
50,49,1360.5693,14.63307
50,48,1360.5693,30.506
50,47,1360.5693,40.74
50,46,2125.8896,77.03
50,45,2125.8896,94.0
50,44,2125.8896,112.9
50,43,2125.8896,135.0
50,42,2125.8896,156.0
50,41,2125.8896,184.0
50,40,2125.8896,208.0
50,39,2125.8896,232.0
50,38,2125.8896,258.0
50,37,2125.8896,282.0
50,36,2125.8896,379.0
50,35,2125.8896,407.0
50,34,2125.8896,437.0
50,33,2125.8896,466.0
50,32,2125.8896,506.0
50,31,2125.8896,537.0
50,30,2125.8896,608.0
50,29,2125.8896,642.35
50,28,3779.3592,1127.0
50,27,3779.3592,1195.0
50,26,3779.3592,1269.0
50,25,3779.3592,1347.0
50,24,3779.3592,1421.0
50,23,3779.3592,1508.0
50,22,3779.3592,1596.0
50,21,3779.3592,1676.0
50,20,3779.3592,1763.0
50,19,3779.3592,1844.0
50,18,3779.3592,2074.0
50,17,3779.3592,2142.1
50,16,3779.3592,2227.0
50,15,3779.3592,2326.0
50,14,3779.3592,2443.0
50,13,3779.3592,2499.0
50,12,3779.3592,2687.0
50,11,3779.3592,2762.49
50,10,8503.5582,6421.0
50,9,8503.5582,6631.0
50,8,8503.5582,6859.0
50,7,8503.5582,7080.0
50,6,8503.5582,7531.0
50,5,8503.5582,7790.0
50,4,8503.5582,8103.0
50,3,8503.5582,8306.95
50,2,34014.233,34257.148
50,1,34014.233,35192.501
51,51,1415.5363,8.608389
51,50,1415.5363,16.626
51,49,1415.5363,25.3235
51,48,1415.5363,43.804
51,47,1415.5363,55.0
51,46,2211.7755,99.51
51,45,2211.7755,117.0
51,44,2211.7755,139.0
51,43,2211.7755,162.0
51,42,2211.7755,185.0
51,41,2211.7755,214.0
51,40,2211.7755,238.0
51,39,2211.7755,265.0
51,38,2211.7755,292.0
51,37,2211.7755,317.0
51,36,2211.7755,420.0
51,35,2211.7755,447.0
51,34,2211.7755,479.0
51,33,2211.7755,510.0
51,32,2211.7755,552.0
51,31,2211.7755,584.0
51,30,2211.7755,657.0
51,29,2211.7755,693.26
51,28,3932.0453,1214.0
51,27,3932.0453,1285.0
51,26,3932.0453,1360.0
51,25,3932.0453,1441.0
51,24,3932.0453,1518.0
51,23,3932.0453,1606.0
51,22,3932.0453,1698.0
51,21,3932.0453,1781.0
51,20,3932.0453,1869.0
51,19,3932.0453,1954.0
51,18,3932.0453,2190.0
51,17,3932.0453,2266.0
51,16,3932.0453,2349.0
51,15,3932.0453,2428.0
51,14,3932.0453,2567.0
51,13,3932.0453,2654.0
51,12,3932.0453,2815.0
51,11,3932.0453,2900.0
51,10,8847.102,6714.0
51,9,8847.102,6929.0
51,8,8847.102,7167.0
51,7,8847.102,7390.0
51,6,8847.102,7887.0
51,5,8847.102,8140.0
51,4,8847.102,8455.0
51,3,8847.102,8669.48
51,2,35388.408,35710.03
51,1,35388.408,36668.183
52,52,1471.5918,9.009808
52,51,1471.5918,18.6
52,50,1471.5918,27.84
52,49,1471.5918,37.4155
52,48,1471.5918,59.3
52,47,1471.5918,69.1
52,46,2299.3621,124.2
52,45,2299.3621,143.0
52,44,2299.3621,167.0
52,43,2299.3621,191.1
52,42,2299.3621,215.0
52,41,2299.3621,245.0
52,40,2299.3621,272.0
52,39,2299.3621,299.0
52,38,2299.3621,328.0
52,37,2299.3621,354.0
52,36,2299.3621,461.0
52,35,2299.3621,491.0
52,34,2299.3621,522.0
52,33,2299.3621,555.0
52,32,2299.3621,599.0
52,31,2299.3621,633.0
52,30,2299.3621,709.0
52,29,2299.3621,746.12
52,28,4087.7549,1304.0
52,27,4087.7549,1377.0
52,26,4087.7549,1455.0
52,25,4087.7549,1538.0
52,24,4087.7549,1618.0
52,23,4087.7549,1707.0
52,22,4087.7549,1803.0
52,21,4087.7549,1889.0
52,20,4087.7549,1979.0
52,19,4087.7549,2066.0
52,18,4087.7549,2309.0
52,17,4087.7549,2386.0
52,16,4087.7549,2472.0
52,15,4087.7549,2552.0
52,14,4087.7549,2700.0
52,13,4087.7549,2788.0
52,12,4087.7549,2954.0
52,11,4087.7549,3041.0
52,10,9197.4486,7022.0
52,9,9197.4486,7243.0
52,8,9197.4486,7485.0
52,7,9197.4486,7714.0
52,6,9197.4486,8240.0
52,5,9197.4486,8499.0
52,4,9197.4486,8821.0
52,3,9197.4486,9040.83
52,2,36789.794,37196.52
52,1,36789.794,38177.74
53,53,1528.7357,10.451236
53,52,1528.7357,19.13126
53,51,1528.7357,29.57
53,50,1528.7357,40.357
53,49,1528.7357,51.52
53,48,1528.7357,74.4
53,47,1528.7357,87.61
53,46,2388.6495,150.81
53,45,2388.6495,171.0
53,44,2388.6495,197.0
53,43,2388.6495,220.9
53,42,2388.6495,247.0
53,41,2388.6495,279.0
53,40,2388.6495,307.0
53,39,2388.6495,335.0
53,38,2388.6495,365.0
53,37,2388.6495,393.0
53,36,2388.6495,505.0
53,35,2388.6495,535.0
53,34,2388.6495,569.0
53,33,2388.6495,601.0
53,32,2388.6495,649.0
53,31,2388.6495,683.0
53,30,2388.6495,762.0
53,29,2388.6495,800.8
53,28,4246.488,1397.0
53,27,4246.488,1472.0
53,26,4246.488,1553.0
53,25,4246.488,1639.0
53,24,4246.488,1720.0
53,23,4246.488,1812.0
53,22,4246.488,1911.0
53,21,4246.488,1999.0
53,20,4246.488,2093.0
53,19,4246.488,2181.0
53,18,4246.488,2431.0
53,17,4246.488,2510.0
53,16,4246.488,2598.0
53,15,4246.488,2680.0
53,14,4246.488,2836.0
53,13,4246.488,2926.0
53,12,4246.488,3096.0
53,11,4246.488,3185.5
53,10,9554.598,7337.0
53,9,9554.598,7563.0
53,8,9554.598,7811.0
53,7,9554.598,8044.0
53,6,9554.598,8601.0
53,5,9554.598,8867.0
53,4,9554.598,9196.0
53,3,9554.598,9421.1
53,2,38218.392,38717.0
53,1,38218.392,39721.549
54,54,1586.968,12.1298437
54,53,1586.968,20.975
54,52,1586.968,31.05
54,51,1586.968,42.2
54,50,1586.968,54.1
54,49,1586.968,66.703
54,48,1586.968,91.6
54,47,1586.968,105.9778
54,46,2479.6376,179.84
54,45,2479.6376,202.0
54,44,2479.6376,229.02
54,43,2479.6376,255.0
54,42,2479.6376,281.0
54,41,2479.6376,314.0
54,40,2479.6376,343.0
54,39,2479.6376,374.0
54,38,2479.6376,404.0
54,37,2479.6376,434.0
54,36,2479.6376,549.0
54,35,2479.6376,582.0
54,34,2479.6376,616.0
54,33,2479.6376,650.0
54,32,2479.6376,700.0
54,31,2479.6376,736.0
54,30,2479.6376,818.0
54,29,2479.6376,857.0
54,28,4408.2446,1493.0
54,27,4408.2446,1571.0
54,26,4408.2446,1653.0
54,25,4408.2446,1742.0
54,24,4408.2446,1826.0
54,23,4408.2446,1919.0
54,22,4408.2446,2023.0
54,21,4408.2446,2113.0
54,20,4408.2446,2209.0
54,19,4408.2446,2300.0
54,18,4408.2446,2556.0
54,17,4408.2446,2637.0
54,16,4408.2446,2726.0
54,15,4408.2446,2811.0
54,14,4408.2446,2975.0
54,13,4408.2446,3068.0
54,12,4408.2446,3243.0
54,11,4408.2446,3333.8
54,10,9918.5503,7660.0
54,9,9918.5503,7889.0
54,8,9918.5503,8144.0
54,7,9918.5503,8382.0
54,6,9918.5503,8971.0
54,5,9918.5503,9243.0
54,4,9918.5503,9581.0
54,3,9918.5503,9810.37
54,2,39674.201,40271.73
54,1,39674.201,41299.892
55,55,1143.2562,3.89390572743
55,54,1646.2889,23.15745
55,53,1646.2889,33.195
55,52,1646.2889,43.0
55,51,1646.2889,56.0
55,50,1646.2889,69.1
55,49,1646.2889,82.9
55,48,1646.2889,110.1
55,47,1646.2889,125.61
55,46,2572.3264,213.3
55,45,2572.3264,233.0
55,44,2572.3264,261.0
55,43,2572.3264,289.0
55,42,2572.3264,316.0
55,41,2572.3264,352.0
55,40,2572.3264,382.0
55,39,2572.3264,413.0
55,38,2572.3264,445.0
55,37,2572.3264,476.0
55,36,2572.3264,597.0
55,35,2572.3264,629.0
55,34,2572.3264,666.0
55,33,2572.3264,700.0
55,32,2572.3264,753.0
55,31,2572.3264,791.0
55,30,2572.3264,875.0
55,29,2572.3264,916.1
55,28,4573.0246,1592.0
55,27,4573.0246,1672.0
55,26,4573.0246,1757.0
55,25,4573.0246,1848.0
55,24,4573.0246,1936.0
55,23,4573.0246,2029.0
55,22,4573.0246,2137.0
55,21,4573.0246,2230.0
55,20,4573.0246,2329.0
55,19,4573.0246,2422.0
55,18,4573.0246,2683.0
55,17,4573.0246,2767.0
55,16,4573.0246,2859.0
55,15,4573.0246,2945.0
55,14,4573.0246,3118.0
55,13,4573.0246,3214.0
55,12,4573.0246,3392.0
55,11,4573.0246,3485.0
55,10,10289.305,7989.0
55,9,10289.305,8224.0
55,8,10289.305,8484.0
55,7,10289.305,8726.0
55,6,10289.305,9350.0
55,5,10289.305,9629.0
55,4,10289.305,9974.0
55,3,10289.305,10208.78
55,2,41157.222,41861.08
55,1,41157.222,42913.144
56,56,1185.207,5.2116646
56,55,1185.207,10.003826
56,54,1706.6981,35.8438
56,53,1706.6981,47.0
56,52,1706.6981,58.0
56,51,1706.6981,71.0
56,50,1706.6981,86.0
56,49,1706.6981,101.0
56,48,1706.6981,130.5
56,47,1706.6981,146.52
56,46,2666.7159,241.0
56,45,2666.7159,267.1
56,44,2666.7159,296.0
56,43,2666.7159,325.0
56,42,2666.7159,354.0
56,41,2666.7159,390.0
56,40,2666.7159,422.0
56,39,2666.7159,455.0
56,38,2666.7159,488.0
56,37,2666.7159,520.0
56,36,2666.7159,646.0
56,35,2666.7159,679.0
56,34,2666.7159,717.0
56,33,2666.7159,752.0
56,32,2666.7159,809.0
56,31,2666.7159,846.0
56,30,2666.7159,935.0
56,29,2666.7159,976.62
56,28,4740.8282,1695.0
56,27,4740.8282,1776.0
56,26,4740.8282,1864.0
56,25,4740.8282,1958.0
56,24,4740.8282,2047.0
56,23,4740.8282,2142.0
56,22,4740.8282,2256.0
56,21,4740.8282,2349.0
56,20,4740.8282,2452.0
56,19,4740.8282,2547.0
56,18,4740.8282,2814.0
56,17,4740.8282,2901.0
56,16,4740.8282,2994.0
56,15,4740.8282,3081.0
56,14,4740.8282,3266.0
56,13,4740.8282,3363.0
56,12,4740.8282,3546.0
56,11,4740.8282,3640.0
56,10,10666.863,8326.0
56,9,10666.863,8565.0
56,8,10666.863,8831.0
56,7,10666.863,9077.0
56,6,10666.863,9739.0
56,5,10666.863,10023.0
56,4,10666.863,10376.0
56,3,10666.863,10616.42
56,2,42667.454,43485.37
56,1,42667.454,44561.633
57,57,1227.9138,5.5769
57,56,1768.1959,11.18496
57,55,1768.1959,19.1773
57,54,1768.1959,49.95
57,53,1768.1959,61.6
57,52,1768.1959,74.0
57,51,1768.1959,88.0
57,50,1768.1959,105.0
57,49,1768.1959,119.0
57,48,1768.1959,151.4
57,47,1768.1959,168.77
57,46,2762.8061,275.0
57,45,2762.8061,303.0
57,44,2762.8061,332.0
57,43,2762.8061,364.0
57,42,2762.8061,393.0
57,41,2762.8061,431.0
57,40,2762.8061,464.0
57,39,2762.8061,498.0
57,38,2762.8061,533.0
57,37,2762.8061,566.0
57,36,2762.8061,696.0
57,35,2762.8061,731.0
57,34,2762.8061,770.0
57,33,2762.8061,806.0
57,32,2762.8061,865.0
57,31,2762.8061,906.0
57,30,2762.8061,995.0
57,29,2762.8061,1039.09
57,28,4911.6552,1800.0
57,27,4911.6552,1884.0
57,26,4911.6552,1974.0
57,25,4911.6552,2069.0
57,24,4911.6552,2162.0
57,23,4911.6552,2259.0
57,22,4911.6552,2377.0
57,21,4911.6552,2473.0
57,20,4911.6552,2577.0
57,19,4911.6552,2674.0
57,18,4911.6552,2950.0
57,17,4911.6552,3036.0
57,16,4911.6552,3133.0
57,15,4911.6552,3222.0
57,14,4911.6552,3416.0
57,13,4911.6552,3515.0
57,12,4911.6552,3704.0
57,11,4911.6552,3800.0
57,10,11051.224,8669.0
57,9,11051.224,8914.0
57,8,11051.224,9184.0
57,7,11051.224,9437.0
57,6,11051.224,10136.0
57,5,11051.224,10426.0
57,4,11051.224,10789.0
57,3,11051.224,11033.4
57,2,44204.897,45145.0
57,1,44204.897,46245.77
58,58,1271.3764,5.5386
58,57,1830.7821,10.956
58,56,2860.597,20.1974
58,55,2860.597,36.906
58,54,1830.7821,65.55
58,53,1830.7821,77.6
58,52,1830.7821,91.0
58,51,1830.7821,106.0
58,50,1830.7821,125.0
58,49,1830.7821,140.0
58,48,1830.7821,172.0
58,47,1830.7821,192.24
58,46,2860.597,312.0
58,45,2860.597,340.0
58,44,2860.597,371.0
58,43,2860.597,403.0
58,42,2860.597,435.0
58,41,2860.597,472.0
58,40,2860.597,509.0
58,39,2860.597,543.0
58,38,2860.597,579.0
58,37,2860.597,613.0
58,36,2860.597,749.0
58,35,2860.597,785.0
58,34,2860.597,824.0
58,33,2860.597,862.0
58,32,2860.597,924.0
58,31,2860.597,965.0
58,30,2860.597,1060.0
58,29,2860.597,1103.5
58,28,5085.5057,1908.0
58,27,5085.5057,1994.0
58,26,5085.5057,2087.0
58,25,5085.5057,2185.0
58,24,5085.5057,2280.0
58,23,5085.5057,2378.0
58,22,5085.5057,2500.0
58,21,5085.5057,2600.0
58,20,5085.5057,2706.0
58,19,5085.5057,2806.0
58,18,5085.5057,3087.0
58,17,5085.5057,3176.0
58,16,5085.5057,3274.0
58,15,5085.5057,3366.0
58,14,5085.5057,3570.0
58,13,5085.5057,3672.0
58,12,5085.5057,3865.0
58,11,5085.5057,3963.0
58,10,11442.388,9020.0
58,9,11442.388,9269.0
58,8,11442.388,9545.0
58,7,11442.388,9803.0
58,6,11442.388,10542.0
58,5,11442.388,10840.0
58,4,11442.388,11210.0
58,3,11442.388,11459.85
58,2,45769.552,46840.31
58,1,45769.552,47965.89
59,59,1315.5949,5.4702
59,58,1315.5949,10.631
59,57,2960.0886,21.6237
59,56,2960.0886,38.981
59,55,2960.0886,57.53
59,54,1894.4567,82.0
59,53,1894.4567,97.0
59,52,1894.4567,112.0
59,51,2960.0886,131.0
59,50,1894.4567,148.0
59,49,1894.4567,162.0
59,48,1894.4567,196.0
59,47,1894.4567,217.02
59,46,2960.0886,350.0
59,45,2960.0886,378.0
59,44,2960.0886,412.0
59,43,2960.0886,445.0
59,42,2960.0886,478.0
59,41,2960.0886,516.0
59,40,2960.0886,554.0
59,39,2960.0886,590.0
59,38,2960.0886,627.0
59,37,2960.0886,663.0
59,36,2960.0886,803.0
59,35,2960.0886,840.0
59,34,2960.0886,880.0
59,33,2960.0886,920.0
59,32,2960.0886,985.0
59,31,2960.0886,1028.0
59,30,2960.0886,1124.0
59,29,2960.0886,1169.9
59,28,5262.3798,2019.0
59,27,5262.3798,2108.0
59,26,5262.3798,2202.0
59,25,5262.3798,2304.0
59,24,5262.3798,2400.0
59,23,5262.3798,2501.0
59,22,5262.3798,2628.0
59,21,5262.3798,2729.0
59,20,5262.3798,2838.0
59,19,5262.3798,2941.0
59,18,5262.3798,3227.0
59,17,5262.3798,3319.0
59,16,5262.3798,3419.0
59,15,5262.3798,3512.0
59,14,5262.3798,3729.0
59,13,5262.3798,3832.0
59,12,5262.3798,4030.0
59,11,5262.3798,4130.0
59,10,11840.354,9378.0
59,9,11840.354,9632.0
59,8,11840.354,9913.0
59,7,11840.354,10175.0
59,6,11840.354,10959.0
59,5,11840.354,11262.0
59,4,11840.354,11641.0
59,3,11840.354,11895.89
59,2,47361.418,48571.71
59,1,47361.418,49722.44
60,60,1360.5693,5.52475
60,59,1360.5693,10.783
60,58,3061.281,22.09
60,57,3061.281,40.6
60,56,1959.2198,60.0
60,55,1959.2198,84.0
60,54,1959.2198,99.0
60,53,1959.2198,114.0
60,52,1959.2198,136.0
60,51,1959.2198,152.0
60,50,3061.281,168.0
60,49,3061.281,195.0
60,48,1959.2198,221.0
60,47,1959.2198,243.0
60,46,3061.281,389.0
60,45,3061.281,420.0
60,44,3061.281,453.0
60,43,3061.281,489.0
60,42,3061.281,522.0
60,41,3061.281,562.0
60,40,3061.281,602.0
60,39,3061.281,638.0
60,38,3061.281,678.0
60,37,3061.281,714.0
60,36,3061.281,859.0
60,35,3061.281,896.0
60,34,3061.281,939.0
60,33,3061.281,978.0
60,32,3061.281,1049.0
60,31,3061.281,1092.0
60,30,3061.281,1191.0
60,29,3061.281,1238.42
60,28,5442.2772,2134.0
60,27,5442.2772,2224.0
60,26,5442.2772,2321.0
60,25,5442.2772,2425.0
60,24,5442.2772,2525.0
60,23,5442.2772,2627.0
60,22,5442.2772,2758.0
60,21,5442.2772,2861.0
60,20,5442.2772,2974.0
60,19,5442.2772,3078.0
60,18,5442.2772,3371.0
60,17,5442.2772,3465.0
60,16,5442.2772,3567.0
60,15,5442.2772,3662.0
60,14,5442.2772,3891.0
60,13,5442.2772,3997.0
60,12,5442.2772,4198.0
60,11,5442.2772,4302.0
60,10,12245.124,9742.0
60,9,12245.124,10002.0
60,8,12245.124,10288.0
60,7,12245.124,10555.0
60,6,12245.124,11384.0
60,5,12245.124,11694.0
60,4,12245.124,12082.0
60,3,12245.124,12341.66
60,2,48980.495,50339.59
60,1,48980.495,51515.78
61,61,1406.2996,5.58187
61,60,1406.2996,10.938
61,59,3164.174,22.44
61,58,3164.174,41.17
61,57,2025.0714,61.7
61,56,2025.0714,85.0
61,55,2025.0714,101.0
61,54,2025.0714,116.0
61,53,2025.0714,138.0
61,52,2025.0714,155.0
61,51,3164.174,174.0
61,50,3164.174,202.0
61,49,3164.174,229.0
61,48,2025.0714,248.0
61,47,2025.0714,269.0
61,46,3164.174,430.0
61,45,3164.174,462.0
61,44,3164.174,497.0
61,43,3164.174,534.0
61,42,3164.174,569.0
61,41,3164.174,609.0
61,40,3164.174,651.0
61,39,3164.174,689.0
61,38,3164.174,730.0
61,37,3164.174,767.0
61,36,3164.174,916.0
61,35,3164.174,956.0
61,34,3164.174,998.0
61,33,3164.174,1040.0
61,32,3164.174,1113.0
61,31,3164.174,1158.0
61,30,3164.174,1261.0
61,29,3164.174,1308.7
61,28,5625.1982,2251.0
61,27,5625.1982,2344.0
61,26,5625.1982,2443.0
61,25,5625.1982,2549.0
61,24,5625.1982,2652.0
61,23,5625.1982,2755.0
61,22,5625.1982,2892.0
61,21,5625.1982,2997.0
61,20,5625.1982,3112.0
61,19,5625.1982,3219.0
61,18,5625.1982,3519.0
61,17,5625.1982,3613.0
61,16,5625.1982,3718.0
61,15,5625.1982,3816.0
61,14,5625.1982,4056.0
61,13,5625.1982,4166.0
61,12,5625.1982,4371.0
61,11,5625.1982,4476.0
61,10,12656.696,10115.0
61,9,12656.696,10378.0
61,8,12656.696,10671.0
61,7,12656.696,10942.0
61,6,12656.696,11819.0
61,5,12656.696,12136.0
61,4,12656.696,12532.0
61,3,12656.696,12797.26
61,2,50626.784,52144.29
61,1,50626.784,53346.31
62,62,1452.7857,5.643722
62,61,1452.7857,11.078
62,60,3268.7678,23.55
62,59,3268.7678,41.64
62,58,3268.7678,62.7
62,57,2092.0114,87.0
62,56,2092.0114,103.0
62,55,2092.0114,118.0
62,54,2092.0114,141.0
62,53,2092.0114,158.0
62,52,3268.7678,179.0
62,51,3268.7678,208.0
62,50,3268.7678,237.0
62,49,2092.0114,257.0
62,48,2092.0114,276.0
62,47,3268.7678,306.5
62,46,3268.7678,474.0
62,45,3268.7678,506.0
62,44,3268.7678,543.0
62,43,3268.7678,581.0
62,42,3268.7678,617.0
62,41,3268.7678,658.0
62,40,3268.7678,702.0
62,39,3268.7678,742.0
62,38,3268.7678,782.0
62,37,3268.7678,822.0
62,36,3268.7678,976.0
62,35,3268.7678,1016.0
62,34,3268.7678,1060.0
62,33,3268.7678,1103.0
62,32,3268.7678,1180.0
62,31,3268.7678,1226.0
62,30,3268.7678,1332.0
62,29,3268.7678,1381.56
62,28,5811.1427,2371.0
62,27,5811.1427,2466.0
62,26,5811.1427,2569.0
62,25,5811.1427,2676.0
62,24,5811.1427,2782.0
62,23,5811.1427,2887.0
62,22,5811.1427,3028.0
62,21,5811.1427,3137.0
62,20,5811.1427,3253.0
62,19,5811.1427,3363.0
62,18,5811.1427,3669.0
62,17,5811.1427,3766.0
62,16,5811.1427,3873.0
62,15,5811.1427,3971.0
62,14,5811.1427,4227.0
62,13,5811.1427,4337.0
62,12,5811.1427,4548.0
62,11,5811.1427,4655.0
62,10,13075.071,10494.0
62,9,13075.071,10762.0
62,8,13075.071,11060.0
62,7,13075.071,11337.0
62,6,13075.071,12264.0
62,5,13075.071,12588.0
62,4,13075.071,12992.0
62,3,13075.071,13262.85
62,2,52300.284,53986.12
62,1,52300.284,55214.3
63,63,1500.0277,5.670385
63,62,1500.0277,11.24
63,61,3375.0623,24.84
63,60,3375.0623,42.94
63,59,2160.0398,63.2
63,58,2160.0398,89.0
63,57,2160.0398,105.0
63,56,2160.0398,120.0
63,55,2160.0398,144.0
63,54,2160.0398,161.0
63,53,3375.0623,183.0
63,52,3375.0623,213.0
63,51,3375.0623,243.0
63,50,2160.0398,263.0
63,49,2160.0398,281.0
63,48,3375.0623,311.0
63,47,3375.0623,344.4
63,46,3375.0623,518.0
63,45,3375.0623,553.0
63,44,3375.0623,590.0
63,43,3375.0623,630.0
63,42,3375.0623,667.0
63,41,3375.0623,709.0
63,40,3375.0623,755.0
63,39,3375.0623,795.0
63,38,3375.0623,838.0
63,37,3375.0623,879.0
63,36,3375.0623,1037.0
63,35,3375.0623,1078.0
63,34,3375.0623,1124.0
63,33,3375.0623,1167.0
63,32,3375.0623,1249.0
63,31,3375.0623,1296.0
63,30,3375.0623,1406.0
63,29,3375.0623,1456.06
63,28,6000.1107,2495.0
63,27,6000.1107,2591.0
63,26,6000.1107,2697.0
63,25,6000.1107,2807.0
63,24,6000.1107,2914.0
63,23,6000.1107,3022.0
63,22,6000.1107,3168.0
63,21,6000.1107,3279.0
63,20,6000.1107,3398.0
63,19,6000.1107,3510.0
63,18,6000.1107,3823.0
63,17,6000.1107,3921.0
63,16,6000.1107,4031.0
63,15,6000.1107,4131.0
63,14,6000.1107,4400.0
63,13,6000.1107,4513.0
63,12,6000.1107,4729.0
63,11,6000.1107,4838.0
63,10,13500.249,10880.0
63,9,13500.249,11153.0
63,8,13500.249,11457.0
63,7,13500.249,11739.0
63,6,13500.249,12718.0
63,5,13500.249,13050.0
63,4,13500.249,13462.0
63,3,13500.249,13738.58
63,2,54000.996,55865.93
63,1,54000.996,57120.64
64,64,1548.0255,6.1498
64,63,1548.0255,12.076
64,62,2229.1568,20.54
64,61,3483.0574,44.44
64,60,2229.1568,64.8
64,59,2229.1568,89.0
64,58,2229.1568,106.0
64,57,2229.1568,123.0
64,56,3483.0574,144.0
64,55,2229.1568,165.0
64,54,2229.1568,183.0
64,53,3483.0574,213.0
64,52,2229.1568,246.0
64,51,3483.0574,268.0
64,50,2229.1568,288.0
64,49,3483.0574,319.0
64,48,3483.0574,352.0
64,47,3483.0574,384.4
64,46,3483.0574,565.0
64,45,3483.0574,601.0
64,44,3483.0574,639.0
64,43,3483.0574,680.0
64,42,3483.0574,719.0
64,41,3483.0574,761.0
64,40,3483.0574,810.0
64,39,3483.0574,851.0
64,38,3483.0574,895.0
64,37,3483.0574,937.0
64,36,3483.0574,1100.0
64,35,3483.0574,1142.0
64,34,3483.0574,1189.0
64,33,3483.0574,1233.0
64,32,3483.0574,1321.0
64,31,3483.0574,1368.0
64,30,3483.0574,1481.0
64,29,3483.0574,1532.3
64,28,6192.1021,2621.0
64,27,6192.1021,2720.0
64,26,6192.1021,2827.0
64,25,6192.1021,2941.0
64,24,6192.1021,3050.0
64,23,6192.1021,3160.0
64,22,6192.1021,3312.0
64,21,6192.1021,3424.0
64,20,6192.1021,3546.0
64,19,6192.1021,3660.0
64,18,6192.1021,3980.0
64,17,6192.1021,4080.0
64,16,6192.1021,4191.0
64,15,6192.1021,4294.0
64,14,6192.1021,4578.0
64,13,6192.1021,4693.0
64,12,6192.1021,4914.0
64,11,6192.1021,5025.0
64,10,13932.23,11273.0
64,9,13932.23,11552.0
64,8,13932.23,11861.0
64,7,13932.23,12147.0
64,6,13932.23,13183.0
64,5,13932.23,13521.0
64,4,13932.23,13943.0
64,3,13932.23,14224.57
64,2,55728.919,57783.91
64,1,55728.919,59065.54
65,65,1596.7793,5.8638
65,64,1596.7793,11.513
65,63,3592.7533,21.82
65,62,3592.7533,39.33
65,61,2299.3621,66.5
65,60,2299.3621,90.0
65,59,3592.7533,108.0
65,58,2299.3621,125.0
65,57,3592.7533,143.0
65,56,2299.3621,168.0
65,55,2299.3621,186.0
65,54,3592.7533,216.0
65,53,3592.7533,250.0
65,52,2299.3621,273.0
65,51,3592.7533,294.0
65,50,3592.7533,325.0
65,49,3592.7533,358.0
65,48,3592.7533,393.0
65,47,3592.7533,426.6
65,46,3592.7533,613.0
65,45,3592.7533,651.0
65,44,3592.7533,690.0
65,43,3592.7533,732.0
65,42,3592.7533,772.0
65,41,3592.7533,816.0
65,40,3592.7533,866.0
65,39,3592.7533,909.0
65,38,3592.7533,954.0
65,37,3592.7533,997.0
65,36,3592.7533,1165.0
65,35,3592.7533,1208.0
65,34,3592.7533,1256.0
65,33,3592.7533,1301.0
65,32,3592.7533,1393.0
65,31,3592.7533,1443.0
65,30,3592.7533,1559.0
65,29,3592.7533,1610.4
65,28,6387.117,2750.0
65,27,6387.117,2852.0
65,26,6387.117,2961.0
65,25,6387.117,3078.0
65,24,6387.117,3189.0
65,23,6387.117,3300.0
65,22,6387.117,3458.0
65,21,6387.117,3573.0
65,20,6387.117,3698.0
65,19,6387.117,3814.0
65,18,6387.117,4139.0
65,17,6387.117,4242.0
65,16,6387.117,4355.0
65,15,6387.117,4460.0
65,14,6387.117,4760.0
65,13,6387.117,4877.0
65,12,6387.117,5103.0
65,11,6387.117,5217.0
65,10,14371.013,11673.0
65,9,14371.013,11957.0
65,8,14371.013,12272.0
65,7,14371.013,12563.0
65,6,14371.013,13658.0
65,5,14371.013,14003.0
65,4,14371.013,14434.0
65,3,14371.013,14721.02
65,2,57484.053,59741.12
65,1,57484.053,61050.1
66,66,1646.2889,5.939061
66,65,1646.2889,11.647
66,64,3704.15,22.89
66,63,3704.15,41.23
66,62,2370.656,62.1
66,61,2370.656,93.0
66,60,2370.656,110.0
66,59,3704.15,127.0
66,58,2370.656,152.0
66,57,2370.656,170.0
66,56,3704.15,192.0
66,55,3704.15,224.0
66,54,2370.656,259.0
66,53,3704.15,279.0
66,52,2370.656,300.0
66,51,3704.15,332.0
66,50,3704.15,366.0
66,49,3704.15,399.0
66,48,3704.15,431.0
66,47,3704.15,464.9
66,46,3704.15,664.0
66,45,3704.15,702.0
66,44,3704.15,743.0
66,43,3704.15,786.0
66,42,3704.15,827.0
66,41,3704.15,872.0
66,40,3704.15,924.0
66,39,3704.15,969.0
66,38,3704.15,1014.0
66,37,3704.15,1059.0
66,36,3704.15,1232.0
66,35,3704.15,1275.0
66,34,3704.15,1325.0
66,33,3704.15,1371.0
66,32,3704.15,1468.0
66,31,3704.15,1520.0
66,30,3704.15,1638.0
66,29,3704.15,1691.7
66,28,6585.1555,2882.0
66,27,6585.1555,2987.0
66,26,6585.1555,3098.0
66,25,6585.1555,3217.0
66,24,6585.1555,3331.0
66,23,6585.1555,3445.0
66,22,6585.1555,3607.0
66,21,6585.1555,3725.0
66,20,6585.1555,3852.0
66,19,6585.1555,3970.0
66,18,6585.1555,4303.0
66,17,6585.1555,4407.0
66,16,6585.1555,4523.0
66,15,6585.1555,4629.0
66,14,6585.1555,4945.0
66,13,6585.1555,5066.0
66,12,6585.1555,5296.0
66,11,6585.1555,5412.0
66,10,14816.6,12081.0
66,9,14816.6,12370.0
66,8,14816.6,12690.0
66,7,14816.6,12986.0
66,6,14816.6,14144.0
66,5,14816.6,14495.0
66,4,14816.6,14936.0
66,3,14816.6,15228.06
66,2,59266.399,61736.62
66,1,59266.399,63073.23
67,67,1696.5543,6.0215
67,66,1696.5543,11.781
67,65,3817.2473,22.79
67,64,3817.2473,42.52
67,63,2443.0383,63.9
67,62,2443.0383,95.0
67,61,2443.0383,112.0
67,60,2443.0383,129.0
67,59,3817.2473,155.0
67,58,2443.0383,173.0
67,57,3817.2473,197.0
67,56,3817.2473,229.0
67,55,3817.2473,263.0
67,54,2443.0383,284.0
67,53,3817.2473,305.0
67,52,2443.0383,340.0
67,51,3817.2473,373.0
67,50,3817.2473,408.0
67,49,3817.2473,441.0
67,48,3817.2473,475.0
67,47,3817.2473,510.0
67,46,3817.2473,715.0
67,45,3817.2473,755.0
67,44,3817.2473,797.0
67,43,3817.2473,842.0
67,42,3817.2473,885.0
67,41,3817.2473,929.0
67,40,3817.2473,985.0
67,39,3817.2473,1029.0
67,38,3817.2473,1077.0
67,37,3817.2473,1122.0
67,36,3817.2473,1300.0
67,35,3817.2473,1346.0
67,34,3817.2473,1395.0
67,33,3817.2473,1443.0
67,32,3817.2473,1545.0
67,31,3817.2473,1598.0
67,30,3817.2473,1719.0
67,29,3817.2473,1773.6
67,28,6786.2174,3018.0
67,27,6786.2174,3125.0
67,26,6786.2174,3238.0
67,25,6786.2174,3359.0
67,24,6786.2174,3476.0
67,23,6786.2174,3592.0
67,22,6786.2174,3760.0
67,21,6786.2174,3880.0
67,20,6786.2174,4009.0
67,19,6786.2174,4131.0
67,18,6786.2174,4469.0
67,17,6786.2174,4576.0
67,16,6786.2174,4693.0
67,15,6786.2174,4802.0
67,14,6786.2174,5135.0
67,13,6786.2174,5258.0
67,12,6786.2174,5494.0
67,11,6786.2174,5611.0
67,10,15268.989,12495.0
67,9,15268.989,12790.0
67,8,15268.989,13116.0
67,7,15268.989,13417.0
67,6,15268.989,14639.0
67,5,15268.989,14998.0
67,4,15268.989,15448.0
67,3,15268.989,15745.77
67,2,61075.956,63772.42
67,1,61075.956,65137.13
68,68,1747.5757,6.1077
68,67,1747.5757,11.916
68,66,3932.0453,22.7
68,65,3932.0453,42.42
68,64,2516.509,65.1
68,63,2516.509,96.0
68,62,2516.509,114.0
68,61,2516.509,131.0
68,60,2516.509,158.0
68,59,2516.509,177.0
68,58,3932.0453,201.0
68,57,3932.0453,235.0
68,56,3932.0453,268.0
68,55,2516.509,290.0
68,54,2516.509,311.0
68,53,3932.0453,345.0
68,52,3932.0453,381.0
68,51,3932.0453,415.0
68,50,3932.0453,450.0
68,49,3932.0453,486.0
68,48,3932.0453,520.0
68,47,3932.0453,555.0
68,46,3932.0453,770.0
68,45,3932.0453,810.0
68,44,3932.0453,853.0
68,43,3932.0453,899.0
68,42,3932.0453,943.0
68,41,3932.0453,989.0
68,40,3932.0453,1046.0
68,39,3932.0453,1092.0
68,38,3932.0453,1142.0
68,37,3932.0453,1188.0
68,36,3932.0453,1370.0
68,35,3932.0453,1416.0
68,34,3932.0453,1468.0
68,33,3932.0453,1516.0
68,32,3932.0453,1625.0
68,31,3932.0453,1678.0
68,30,3932.0453,1803.0
68,29,3932.0453,1858.5
68,28,6990.3028,3157.0
68,27,6990.3028,3265.0
68,26,6990.3028,3381.0
68,25,6990.3028,3505.0
68,24,6990.3028,3624.0
68,23,6990.3028,3742.0
68,22,6990.3028,3916.0
68,21,6990.3028,4038.0
68,20,6990.3028,4170.0
68,19,6990.3028,4294.0
68,18,6990.3028,4639.0
68,17,6990.3028,4748.0
68,16,6990.3028,4866.0
68,15,6990.3028,4978.0
68,14,6990.3028,5329.0
68,13,6990.3028,5455.0
68,12,6990.3028,5695.0
68,11,6990.3028,5815.0
68,10,15728.181,12918.0
68,9,15728.181,13217.0
68,8,15728.181,13548.0
68,7,15728.181,13855.0
68,6,15728.181,15146.0
68,5,15728.181,15511.0
68,4,15728.181,15971.0
68,3,15728.181,16274.56
68,2,62912.725,65848.24
68,1,62912.725,67241.48
69,69,1799.3529,6.184402
69,68,1799.3529,12.065
69,67,4048.5441,23.66
69,66,4048.5441,42.41
69,65,2591.0682,65.4
69,64,2591.0682,98.0
69,63,2591.0682,116.0
69,62,2591.0682,133.0
69,61,2591.0682,160.0
69,60,2591.0682,180.0
69,59,4048.5441,205.0
69,58,4048.5441,239.0
69,57,2591.0682,274.0
69,56,2591.0682,295.0
69,55,4048.5441,317.0
69,54,4048.5441,352.0
69,53,4048.5441,387.0
69,52,4048.5441,424.0
69,51,4048.5441,460.0
69,50,4048.5441,496.0
69,49,4048.5441,530.0
69,48,4048.5441,570.0
69,47,4048.5441,603.0
69,46,4048.5441,825.0
69,45,4048.5441,866.0
69,44,4048.5441,911.0
69,43,4048.5441,958.0
69,42,4048.5441,1004.0
69,41,4048.5441,1050.0
69,40,4048.5441,1110.0
69,39,4048.5441,1157.0
69,38,4048.5441,1207.0
69,37,4048.5441,1255.0
69,36,4048.5441,1442.0
69,35,4048.5441,1490.0
69,34,4048.5441,1542.0
69,33,4048.5441,1591.0
69,32,4048.5441,1706.0
69,31,4048.5441,1761.0
69,30,4048.5441,1889.0
69,29,4048.5441,1945.2
69,28,7197.4117,3298.0
69,27,7197.4117,3409.0
69,26,7197.4117,3528.0
69,25,7197.4117,3653.0
69,24,7197.4117,3775.0
69,23,7197.4117,3895.0
69,22,7197.4117,4075.0
69,21,7197.4117,4199.0
69,20,7197.4117,4335.0
69,19,7197.4117,4461.0
69,18,7197.4117,4812.0
69,17,7197.4117,4922.0
69,16,7197.4117,5044.0
69,15,7197.4117,5157.0
69,14,7197.4117,5527.0
69,13,7197.4117,5656.0
69,12,7197.4117,5901.0
69,11,7197.4117,6023.0
69,10,16194.176,13347.0
69,9,16194.176,13651.0
69,8,16194.176,13988.0
69,7,16194.176,14300.0
69,6,16194.176,15663.0
69,5,16194.176,16036.0
69,4,16194.176,16510.0
69,3,16194.176,16814.34
69,2,64776.705,67965.25
69,1,64776.705,69387.45
70,70,1851.886,6.25416
70,69,1851.886,12.179185
70,68,4166.7435,25.053
70,67,4166.7435,43.61
70,66,2666.7159,65.6
70,65,2666.7159,99.0
70,64,2666.7159,117.0
70,63,2666.7159,135.0
70,62,2666.7159,163.0
70,61,2666.7159,182.0
70,60,4166.7435,209.0
70,59,4166.7435,244.0
70,58,2666.7159,279.0
70,57,2666.7159,301.0
70,56,4166.7435,324.0
70,55,4166.7435,360.0
70,54,4166.7435,396.0
70,53,4166.7435,431.0
70,52,4166.7435,469.0
70,51,4166.7435,505.0
70,50,4166.7435,540.0
70,49,4166.7435,580.0
70,48,4166.7435,610.0
70,47,4166.7435,651.0
70,46,4166.7435,882.0
70,45,4166.7435,924.0
70,44,4166.7435,971.0
70,43,4166.7435,1019.0
70,42,4166.7435,1065.0
70,41,4166.7435,1114.0
70,40,4166.7435,1175.0
70,39,4166.7435,1224.0
70,38,4166.7435,1275.0
70,37,4166.7435,1324.0
70,36,4166.7435,1516.0
70,35,4166.7435,1564.0
70,34,4166.7435,1618.0
70,33,4166.7435,1668.0
70,32,4166.7435,1789.0
70,31,4166.7435,1845.0
70,30,4166.7435,1978.0
70,29,4166.7435,2036.4
70,28,7407.544,3443.0
70,27,7407.544,3555.0
70,26,7407.544,3677.0
70,25,7407.544,3805.0
70,24,7407.544,3929.0
70,23,7407.544,4051.0
70,22,7407.544,4238.0
70,21,7407.544,4364.0
70,20,7407.544,4502.0
70,19,7407.544,4630.0
70,18,7407.544,4988.0
70,17,7407.544,5101.0
70,16,7407.544,5224.0
70,15,7407.544,5339.0
70,14,7407.544,5731.0
70,13,7407.544,5860.0
70,12,7407.544,6111.0
70,11,7407.544,6236.0
70,10,16666.974,13784.0
70,9,16666.974,14093.0
70,8,16666.974,14435.0
70,7,16666.974,14752.0
70,6,16666.974,16191.0
70,5,16666.974,16570.0
70,4,16666.974,17050.0
70,3,16666.974,17365.44
70,2,66667.896,70123.04
70,1,66667.896,71574.63
71,71,2743.452,5.425871
71,70,1905.175,14.13
71,69,1905.175,20.9594
71,68,4286.6437,45.249
71,67,4286.6437,66.8
71,66,2743.452,98.0
71,65,2743.452,117.0
71,64,2743.452,136.0
71,63,4286.6437,159.0
71,62,2743.452,185.0
71,61,2743.452,205.0
71,60,4286.6437,238.0
71,59,4286.6437,276.0
71,58,2743.452,305.0
71,57,2743.452,328.0
71,56,4286.6437,361.0
71,55,4286.6437,399.0
71,54,4286.6437,438.0
71,53,4286.6437,476.0
71,52,4286.6437,520.0
71,51,4286.6437,560.0
71,50,4286.6437,600.0
71,49,4286.6437,630.0
71,48,4286.6437,670.0
71,47,4286.6437,713.0
71,46,4286.6437,941.0
71,45,4286.6437,985.0
71,44,4286.6437,1032.0
71,43,4286.6437,1081.0
71,42,4286.6437,1130.0
71,41,4286.6437,1178.0
71,40,4286.6437,1242.0
71,39,4286.6437,1292.0
71,38,4286.6437,1345.0
71,37,4286.6437,1395.0
71,36,4286.6437,1591.0
71,35,4286.6437,1641.0
71,34,4286.6437,1696.0
71,33,4286.6437,1747.0
71,32,4286.6437,1875.0
71,31,4286.6437,1933.0
71,30,4286.6437,2067.0
71,29,4286.6437,2125.5
71,28,7620.6999,3590.0
71,27,7620.6999,3706.0
71,26,7620.6999,3828.0
71,25,7620.6999,3960.0
71,24,7620.6999,4086.0
71,23,7620.6999,4211.0
71,22,7620.6999,4403.0
71,21,7620.6999,4532.0
71,20,7620.6999,4673.0
71,19,7620.6999,4803.0
71,18,7620.6999,5168.0
71,17,7620.6999,5282.0
71,16,7620.6999,5408.0
71,15,7620.6999,5525.0
71,14,7620.6999,5937.0
71,13,7620.6999,6070.0
71,12,7620.6999,6326.0
71,11,7620.6999,6452.0
71,10,17146.575,14228.0
71,9,17146.575,14542.0
71,8,17146.575,14890.0
71,7,17146.575,15211.0
71,6,17146.575,16730.0
71,5,17146.575,17120.0
71,4,17146.575,17610.0
71,3,17146.575,17928.05
71,2,68586.299,72322.87
71,1,68586.299,73804.35
72,72,2821.2765,6.82507
72,71,1959.2198,14.61
72,70,2821.2765,22.55
72,69,2821.2765,33.37
72,68,4408.2446,68.37
72,67,2821.2765,98.0
72,66,2821.2765,118.0
72,65,2821.2765,137.0
72,64,2821.2765,157.0
72,63,4408.2446,187.0
72,62,2821.2765,209.0
72,61,2821.2765,230.0
72,60,4408.2446,270.0
72,59,2821.2765,310.0
72,58,2821.2765,334.0
72,57,4408.2446,359.0
72,56,4408.2446,399.0
72,55,4408.2446,440.0
72,54,4408.2446,481.0
72,53,4408.2446,520.0
72,52,4408.2446,570.0
72,51,4408.2446,610.0
72,50,4408.2446,650.0
72,49,4408.2446,690.0
72,48,4408.2446,730.0
72,47,4408.2446,772.0
72,46,4408.2446,1002.0
72,45,4408.2446,1047.0
72,44,4408.2446,1094.0
72,43,4408.2446,1146.0
72,42,4408.2446,1195.0
72,41,4408.2446,1245.0
72,40,4408.2446,1311.0
72,39,4408.2446,1362.0
72,38,4408.2446,1417.0
72,37,4408.2446,1467.0
72,36,4408.2446,1669.0
72,35,4408.2446,1719.0
72,34,4408.2446,1776.0
72,33,4408.2446,1827.0
72,32,4408.2446,1963.0
72,31,4408.2446,2022.0
72,30,4408.2446,2159.0
72,29,4408.2446,2218.9
72,28,7836.8792,3741.0
72,27,7836.8792,3858.0
72,26,7836.8792,3984.0
72,25,7836.8792,4118.0
72,24,7836.8792,4246.0
72,23,7836.8792,4372.0
72,22,7836.8792,4573.0
72,21,7836.8792,4703.0
72,20,7836.8792,4846.0
72,19,7836.8792,4980.0
72,18,7836.8792,5350.0
72,17,7836.8792,5468.0
72,16,7836.8792,5595.0
72,15,7836.8792,5713.0
72,14,7836.8792,6149.0
72,13,7836.8792,6284.0
72,12,7836.8792,6545.0
72,11,7836.8792,6674.0
72,10,17632.978,14678.0
72,9,17632.978,14999.0
72,8,17632.978,15351.0
72,7,17632.978,15680.0
72,6,17632.978,17280.0
72,5,17632.978,17680.0
72,4,17632.978,18180.0
72,3,17632.978,18502.32
72,2,70531.913,74565.91
72,1,70531.913,76077.7
73,73,2014.0205,7.549571
73,72,2014.0205,16.2
73,71,2900.1895,23.1
73,70,2900.1895,35.0
73,69,2900.1895,48.272
73,68,4531.5462,94.01
73,67,2900.1895,119.0
73,66,2900.1895,139.0
73,65,2900.1895,159.0
73,64,2900.1895,180.0
73,63,2900.1895,213.0
73,62,2900.1895,235.0
73,61,4531.5462,262.0
73,60,4531.5462,304.0
73,59,2900.1895,338.0
73,58,2900.1895,363.0
73,57,4531.5462,396.0
73,56,4531.5462,439.0
73,55,4531.5462,482.0
73,54,4531.5462,530.0
73,53,4531.5462,570.0
73,52,4531.5462,610.0
73,51,4531.5462,660.0
73,50,4531.5462,700.0
73,49,4531.5462,750.0
73,48,4531.5462,790.0
73,47,4531.5462,832.0
73,46,4531.5462,1064.0
73,45,4531.5462,1110.0
73,44,4531.5462,1160.0
73,43,4531.5462,1211.0
73,42,4531.5462,1262.0
73,41,4531.5462,1313.0
73,40,4531.5462,1382.0
73,39,4531.5462,1434.0
73,38,4531.5462,1490.0
73,37,4531.5462,1542.0
73,36,4531.5462,1748.0
73,35,4531.5462,1799.0
73,34,4531.5462,1857.0
73,33,4531.5462,1910.0
73,32,4531.5462,2053.0
73,31,4531.5462,2113.0
73,30,4531.5462,2254.0
73,29,4531.5462,2314.7
73,28,8056.0821,3898.7
73,27,8056.0821,4014.0
73,26,8056.0821,4143.0
73,25,8056.0821,4278.0
73,24,8056.0821,4410.0
73,23,8056.0821,4537.0
73,22,8056.0821,4745.0
73,21,8056.0821,4877.0
73,20,8056.0821,5024.0
73,19,8056.0821,5159.0
73,18,8056.0821,5537.0
73,17,8056.0821,5655.0
73,16,8056.0821,5785.0
73,15,8056.0821,5907.0
73,14,8056.0821,6364.0
73,13,8056.0821,6502.0
73,12,8056.0821,6769.0
73,11,8056.0821,6900.0
73,10,18126.185,15137.0
73,9,18126.185,15461.0
73,8,18126.185,15820.0
73,7,18126.185,16150.0
73,6,18126.185,17840.0
73,5,18126.185,18250.0
73,4,18126.185,18760.0
73,3,18126.185,19088.51
73,2,72504.739,76852.0
73,1,72504.739,78394.63
74,74,2069.5771,7.86403
74,73,2069.5771,16.37
74,72,2980.191,26.0
74,71,2980.191,38.2
74,70,2980.191,51.6
74,69,2980.191,64.77
74,68,4656.5485,122.01
74,67,2980.191,141.2
74,66,2980.191,160.2
74,65,2980.191,179.0
74,64,4656.5485,208.9
74,63,2980.191,231.6
74,62,4656.5485,258.3
74,61,4656.5485,290.7
74,60,4656.5485,325.3
74,59,2980.191,361.9
74,58,2980.191,387.9
74,57,4656.5485,420.7
74,56,4656.5485,462.1
74,55,4656.5485,502.6
74,54,4656.5485,543.4
74,53,4656.5485,594.5
74,52,4656.5485,640.6
74,51,4656.5485,685.6
74,50,4656.5485,734.1
74,49,4656.5485,784.4
74,48,4656.5485,833.4
74,47,4656.5485,881.4
74,46,4656.5485,1132.2
74,45,4656.5485,1180.0
74,44,4656.5485,1230.4
74,43,4656.5485,1283.4
74,42,4656.5485,1335.1
74,41,4656.5485,1386.8
74,40,4656.5485,1459.9
74,39,4656.5485,1512.4
74,38,4656.5485,1569.1
74,37,4656.5485,1621.7
74,36,4656.5485,1829.8
74,35,4656.5485,1882.9
74,34,4656.5485,1940.6
74,33,4656.5485,1994.8
74,32,4656.5485,2149.1
74,31,4656.5485,2210.0
74,30,4656.5485,2354.5
74,29,4656.5485,2414.1
74,28,8278.3084,4057.0
74,27,8278.3084,4180.0
74,26,8278.3084,4309.0
74,25,8278.3084,4446.0
74,24,8278.3084,4578.0
74,23,8278.3084,4709.0
74,22,8278.3084,4927.0
74,21,8278.3084,5063.0
74,20,8278.3084,5209.0
74,19,8278.3084,5348.0
74,18,8278.3084,5719.0
74,17,8278.3084,5840.0
74,16,8278.3084,5970.0
74,15,8278.3084,6093.0
74,14,8278.3084,6596.0
74,13,8278.3084,6735.0
74,12,8278.3084,7000.0
74,11,8278.3084,7130.0
74,10,18626.194,15566.0
74,9,18626.194,15896.0
74,8,18626.194,16252.0
74,7,18626.194,16588.0
74,6,18626.194,18476.0
74,5,18626.194,18872.0
74,4,18626.194,19362.0
74,3,18626.194,19686.74
74,2,74504.776,79181.94
74,1,74504.776,80755.91
75,75,2125.8896,7.83352
75,74,2125.8896,16.6
75,73,3061.281,27.0
75,72,3061.281,39.1
75,71,3061.281,51.9
75,70,3061.281,67.0
75,69,3061.281,82.71
75,68,3061.281,144.4
75,67,3061.281,165.0
75,66,3061.281,187.0
75,65,3061.281,208.0
75,64,4783.2515,236.0
75,63,3061.281,268.0
75,62,4783.2515,291.0
75,61,4783.2515,330.0
75,60,4783.2515,377.0
75,59,3061.281,403.0
75,58,4783.2515,429.0
75,57,4783.2515,476.0
75,56,4783.2515,520.0
75,55,4783.2515,570.0
75,54,4783.2515,620.0
75,53,4783.2515,670.0
75,52,4783.2515,720.0
75,51,4783.2515,760.0
75,50,4783.2515,810.0
75,49,4783.2515,860.0
75,48,4783.2515,910.0
75,47,4783.2515,953.0
75,46,4783.2515,1194.0
75,45,4783.2515,1242.0
75,44,4783.2515,1294.0
75,43,4783.2515,1349.0
75,42,4783.2515,1402.0
75,41,4783.2515,1454.0
75,40,4783.2515,1530.0
75,39,4783.2515,1583.0
75,38,4783.2515,1641.0
75,37,4783.2515,1696.0
75,36,4783.2515,1912.0
75,35,4783.2515,1966.0
75,34,4783.2515,2025.0
75,33,4783.2515,2080.0
75,32,4783.2515,2240.0
75,31,4783.2515,2302.0
75,30,4783.2515,2450.0
75,29,4783.2515,2514.5
75,28,8503.5582,4214.0
75,27,8503.5582,4335.0
75,26,8503.5582,4468.0
75,25,8503.5582,4609.0
75,24,8503.5582,4745.0
75,23,8503.5582,4877.0
75,22,8503.5582,5099.0
75,21,8503.5582,5236.0
75,20,8503.5582,5388.0
75,19,8503.5582,5528.0
75,18,8503.5582,5919.0
75,17,8503.5582,6042.0
75,16,8503.5582,6176.0
75,15,8503.5582,6300.0
75,14,8503.5582,6810.0
75,13,8503.5582,6952.0
75,12,8503.5582,7230.0
75,11,8503.5582,7366.0
75,10,19133.006,16080.0
75,9,19133.006,16410.0
75,8,19133.006,16780.0
75,7,19133.006,17120.0
75,6,19133.006,19000.0
75,5,19133.006,19420.0
75,4,19133.006,19950.0
75,3,19133.006,20297.4
75,2,76532.024,81556.58
75,1,76532.024,83162.41
76,76,2182.9579,8.43823
76,75,2182.9579,17.0
76,74,3143.4593,25.0
76,73,3143.4593,41.0
76,72,3143.4593,55.0
76,71,3143.4593,70.1
76,70,3143.4593,85.1
76,69,3143.4593,102.02
76,68,3143.4593,168.7
76,67,3143.4593,190.0
76,66,3143.4593,213.0
76,65,3143.4593,235.0
76,64,4911.6552,269.0
76,63,3143.4593,298.0
76,62,4911.6552,322.0
76,61,4911.6552,367.0
76,60,3143.4593,410.0
76,59,3143.4593,436.0
76,58,4911.6552,470.0
76,57,4911.6552,520.0
76,56,4911.6552,570.0
76,55,4911.6552,620.0
76,54,4911.6552,670.0
76,53,4911.6552,720.0
76,52,4911.6552,770.0
76,51,4911.6552,820.0
76,50,4911.6552,870.0
76,49,4911.6552,920.0
76,48,4911.6552,970.0
76,47,4911.6552,1015.0
76,46,4911.6552,1262.0
76,45,4911.6552,1311.0
76,44,4911.6552,1364.0
76,43,4911.6552,1420.0
76,42,4911.6552,1474.0
76,41,4911.6552,1528.0
76,40,4911.6552,1606.0
76,39,4911.6552,1660.0
76,38,4911.6552,1720.0
76,37,4911.6552,1776.0
76,36,4911.6552,1996.0
76,35,4911.6552,2052.0
76,34,4911.6552,2112.0
76,33,4911.6552,2168.0
76,32,4911.6552,2336.0
76,31,4911.6552,2400.0
76,30,4911.6552,2552.0
76,29,4911.6552,2615.5
76,28,8731.8315,4374.0
76,27,8731.8315,4501.0
76,26,8731.8315,4635.0
76,25,8731.8315,4779.0
76,24,8731.8315,4917.0
76,23,8731.8315,5052.0
76,22,8731.8315,5280.0
76,21,8731.8315,5421.0
76,20,8731.8315,5575.0
76,19,8731.8315,5717.0
76,18,8731.8315,6115.0
76,17,8731.8315,6240.0
76,16,8731.8315,6376.0
76,15,8731.8315,6503.0
76,14,8731.8315,7039.0
76,13,8731.8315,7185.0
76,12,8731.8315,7468.0
76,11,8731.8315,7610.0
76,10,19646.621,16560.0
76,9,19646.621,16900.0
76,8,19646.621,17270.0
76,7,19646.621,17620.0
76,6,19646.621,19600.0
76,5,19646.621,20030.0
76,4,19646.621,20570.0
76,3,19646.621,20920.6
76,2,78586.483,83976.18
76,1,78586.483,85614.42
77,77,2240.7821,8.96702
77,76,2240.7821,17.0
77,75,3226.7262,28.0
77,74,3226.7262,40.0
77,73,3226.7262,57.0
77,72,3226.7262,72.0
77,71,3226.7262,89.0
77,70,3226.7262,105.0
77,69,3226.7262,122.7
77,68,3226.7262,194.8
77,67,3226.7262,217.0
77,66,3226.7262,240.0
77,65,3226.7262,264.0
77,64,3226.7262,303.0
77,63,3226.7262,329.0
77,62,5041.7597,356.0
77,61,5041.7597,407.0
77,60,3226.7262,445.0
77,59,3226.7262,472.0
77,58,5041.7597,510.0
77,57,5041.7597,560.0
77,56,5041.7597,610.0
77,55,5041.7597,670.0
77,54,5041.7597,720.0
77,53,5041.7597,770.0
77,52,5041.7597,820.0
77,51,5041.7597,870.0
77,50,5041.7597,920.0
77,49,5041.7597,980.0
77,48,5041.7597,1030.0
77,47,5041.7597,1080.0
77,46,5041.7597,1331.0
77,45,5041.7597,1381.0
77,44,5041.7597,1436.0
77,43,5041.7597,1493.0
77,42,5041.7597,1548.0
77,41,5041.7597,1603.0
77,40,5041.7597,1684.0
77,39,5041.7597,1739.0
77,38,5041.7597,1801.0
77,37,5041.7597,1857.0
77,36,5041.7597,2083.0
77,35,5041.7597,2139.0
77,34,5041.7597,2201.0
77,33,5041.7597,2258.0
77,32,5041.7597,2435.0
77,31,5041.7597,2500.0
77,30,5041.7597,2656.0
77,29,5041.7597,2720.4
77,28,8963.1283,4540.0
77,27,8963.1283,4668.0
77,26,8963.1283,4806.0
77,25,8963.1283,4952.0
77,24,8963.1283,5092.0
77,23,8963.1283,5229.0
77,22,8963.1283,5466.0
77,21,8963.1283,5609.0
77,20,8963.1283,5765.0
77,19,8963.1283,5910.0
77,18,8963.1283,6315.0
77,17,8963.1283,6441.0
77,16,8963.1283,6580.0
77,15,8963.1283,6708.0
77,14,8963.1283,7274.0
77,13,8963.1283,7421.0
77,12,8963.1283,7710.0
77,11,8963.1283,7850.0
77,10,20167.039,17040.0
77,9,20167.039,17390.0
77,8,20167.039,17770.0
77,7,20167.039,18120.0
77,6,20167.039,20210.0
77,5,20167.039,20650.0
77,4,20167.039,21200.0
77,3,20167.039,21556.6
77,2,80668.155,86442.44
77,1,80668.155,88113.6
78,78,2299.3621,8.95883
78,77,3311.0815,18.56
78,76,3311.0815,29.0
78,75,3311.0815,43.0
78,74,3311.0815,56.0
78,73,3311.0815,75.0
78,72,3311.0815,91.0
78,71,3311.0815,109.0
78,70,3311.0815,126.0
78,69,3311.0815,144.9
78,68,3311.0815,220.4
78,67,3311.0815,245.0
78,66,3311.0815,269.0
78,65,3311.0815,293.0
78,64,3311.0815,332.0
78,63,3311.0815,358.0
78,62,5173.5648,392.0
78,61,5173.5648,445.0
78,60,3311.0815,479.0
78,59,3311.0815,507.0
78,58,5173.5648,550.0
78,57,5173.5648,610.0
78,56,5173.5648,660.0
78,55,5173.5648,710.0
78,54,5173.5648,760.0
78,53,5173.5648,820.0
78,52,5173.5648,870.0
78,51,5173.5648,930.0
78,50,5173.5648,980.0
78,49,5173.5648,1040.0
78,48,5173.5648,1090.0
78,47,5173.5648,1140.0
78,46,5173.5648,1402.0
78,45,5173.5648,1454.0
78,44,5173.5648,1509.0
78,43,5173.5648,1567.0
78,42,5173.5648,1624.0
78,41,5173.5648,1680.0
78,40,5173.5648,1763.0
78,39,5173.5648,1821.0
78,38,5173.5648,1883.0
78,37,5173.5648,1941.0
78,36,5173.5648,2171.0
78,35,5173.5648,2228.0
78,34,5173.5648,2291.0
78,33,5173.5648,2350.0
78,32,5173.5648,2536.0
78,31,5173.5648,2603.0
78,30,5173.5648,2762.0
78,29,5173.5648,2827.8
78,28,9197.4486,4715.0
78,27,9197.4486,4839.0
78,26,9197.4486,4980.0
78,25,9197.4486,5128.0
78,24,9197.4486,5270.0
78,23,9197.4486,5410.0
78,22,9197.4486,5654.0
78,21,9197.4486,5800.0
78,20,9197.4486,5959.0
78,19,9197.4486,6106.0
78,18,9197.4486,6517.0
78,17,9197.4486,6646.0
78,16,9197.4486,6787.0
78,15,9197.4486,6918.0
78,14,9197.4486,7512.0
78,13,9197.4486,7660.0
78,12,9197.4486,7960.0
78,11,9197.4486,8100.0
78,10,20694.259,17540.0
78,9,20694.259,17890.0
78,8,20694.259,18280.0
78,7,20694.259,18630.0
78,6,20694.259,20840.0
78,5,20694.259,21280.0
78,4,20694.259,21840.0
78,3,20694.259,22205.7
78,2,82777.037,88955.1
78,1,82777.037,90659.84
79,79,2358.6981,9.225554
79,78,3396.5252,20.203
79,77,3396.5252,30.0
79,76,3396.5252,45.0
79,75,3396.5252,60.0
79,74,3396.5252,74.0
79,73,3396.5252,94.0
79,72,3396.5252,112.0
79,71,3396.5252,130.1
79,70,3396.5252,149.0
79,69,3396.5252,168.2
79,68,3396.5252,248.0
79,67,3396.5252,275.0
79,66,3396.5252,299.0
79,65,3396.5252,324.0
79,64,3396.5252,365.0
79,63,3396.5252,392.0
79,62,5307.0707,433.0
79,61,5307.0707,487.0
79,60,3396.5252,520.0
79,59,3396.5252,550.0
79,58,5307.0707,600.0
79,57,5307.0707,650.0
79,56,5307.0707,710.0
79,55,5307.0707,760.0
79,54,5307.0707,820.0
79,53,5307.0707,870.0
79,52,5307.0707,930.0
79,51,5307.0707,990.0
79,50,5307.0707,1040.0
79,49,5307.0707,1100.0
79,48,5307.0707,1150.0
79,47,5307.0707,1210.0
79,46,5307.0707,1475.0
79,45,5307.0707,1527.0
79,44,5307.0707,1584.0
79,43,5307.0707,1644.0
79,42,5307.0707,1702.0
79,41,5307.0707,1758.0
79,40,5307.0707,1845.0
79,39,5307.0707,1904.0
79,38,5307.0707,1967.0
79,37,5307.0707,2026.0
79,36,5307.0707,2261.0
79,35,5307.0707,2320.0
79,34,5307.0707,2383.0
79,33,5307.0707,2443.0
79,32,5307.0707,2640.0
79,31,5307.0707,2708.0
79,30,5307.0707,2870.0
79,29,5307.0707,2941.0
79,28,9434.7923,4888.0
79,27,9434.7923,5013.0
79,26,9434.7923,5156.0
79,25,9434.7923,5307.0
79,24,9434.7923,5452.0
79,23,9434.7923,5594.0
79,22,9434.7923,5846.0
79,21,9434.7923,5994.0
79,20,9434.7923,6156.0
79,19,9434.7923,6305.0
79,18,9434.7923,6724.0
79,17,9434.7923,6854.0
79,16,9434.7923,6997.0
79,15,9434.7923,7130.0
79,14,9434.7923,7760.0
79,13,9434.7923,7910.0
79,12,9434.7923,8210.0
79,11,9434.7923,8360.0
79,10,21228.283,18040.0
79,9,21228.283,18400.0
79,8,21228.283,18790.0
79,7,21228.283,19150.0
79,6,21228.283,21470.0
79,5,21228.283,21920.0
79,4,21228.283,22500.0
79,3,21228.283,22868.1
79,2,84913.131,91515.8
79,1,84913.131,93254.62
80,80,2418.7899,10.437504
80,79,2418.7899,18.75688
80,78,3483.0574,34.49
80,77,3483.0574,48.55
80,76,3483.0574,61.2
80,75,3483.0574,76.6
80,74,3483.0574,93.0
80,73,3483.0574,113.9
80,72,3483.0574,134.0
80,71,3483.0574,153.0
80,70,3483.0574,173.0
80,69,3483.0574,192.7
80,68,3483.0574,276.9
80,67,3483.0574,307.0
80,66,3483.0574,332.0
80,65,3483.0574,357.0
80,64,3483.0574,402.0
80,63,3483.0574,429.0
80,62,5442.2772,477.0
80,61,3483.0574,530.0
80,60,3483.0574,560.0
80,59,5442.2772,590.0
80,58,5442.2772,650.0
80,57,5442.2772,710.0
80,56,5442.2772,760.0
80,55,5442.2772,820.0
80,54,5442.2772,880.0
80,53,5442.2772,930.0
80,52,5442.2772,990.0
80,51,5442.2772,1050.0
80,50,5442.2772,1110.0
80,49,5442.2772,1160.0
80,48,5442.2772,1220.0
80,47,5442.2772,1280.0
80,46,5442.2772,1549.0
80,45,5442.2772,1603.0
80,44,5442.2772,1661.0
80,43,5442.2772,1723.0
80,42,5442.2772,1780.0
80,41,5442.2772,1839.0
80,40,5442.2772,1928.0
80,39,5442.2772,1989.0
80,38,5442.2772,2052.0
80,37,5442.2772,2113.0
80,36,5442.2772,2354.0
80,35,5442.2772,2412.0
80,34,5442.2772,2478.0
80,33,5442.2772,2539.0
80,32,5442.2772,2745.0
80,31,5442.2772,2815.0
80,30,5442.2772,2981.0
80,29,5442.2772,3049.9
80,28,9675.1596,5055.0
80,27,9675.1596,5191.0
80,26,9675.1596,5335.0
80,25,9675.1596,5490.0
80,24,9675.1596,5636.0
80,23,9675.1596,5780.0
80,22,9675.1596,6041.0
80,21,9675.1596,6192.0
80,20,9675.1596,6356.0
80,19,9675.1596,6508.0
80,18,9675.1596,6933.0
80,17,9675.1596,7066.0
80,16,9675.1596,7211.0
80,15,9675.1596,7350.0
80,14,9675.1596,8010.0
80,13,9675.1596,8160.0
80,12,9675.1596,8470.0
80,11,9675.1596,8620.0
80,10,21769.109,18550.0
80,9,21769.109,18910.0
80,8,21769.109,19310.0
80,7,21769.109,19680.0
80,6,21769.109,22120.0
80,5,21769.109,22580.0
80,4,21769.109,23170.0
80,3,21769.109,23544.1
80,2,87076.436,94124.7
80,1,87076.436,95898.19
81,81,2479.6376,6.1082873
81,80,2479.6376,20.4283
81,79,2479.6376,29.852
81,78,3570.6781,51.14
81,77,3570.6781,62.6
81,76,3570.6781,80.0
81,75,3570.6781,97.9
81,74,3570.6781,116.0
81,73,3570.6781,135.0
81,72,3570.6781,158.0
81,71,3570.6781,177.0
81,70,3570.6781,198.0
81,69,3570.6781,218.3
81,68,3570.6781,306.9
81,67,3570.6781,340.0
81,66,3570.6781,366.0
81,65,3570.6781,392.0
81,64,3570.6781,439.0
81,63,3570.6781,467.0
81,62,5579.1845,520.0
81,61,3570.6781,570.0
81,60,3570.6781,600.0
81,59,5579.1845,640.0
81,58,5579.1845,700.0
81,57,5579.1845,760.0
81,56,5579.1845,820.0
81,55,5579.1845,880.0
81,54,5579.1845,930.0
81,53,5579.1845,990.0
81,52,5579.1845,1060.0
81,51,5579.1845,1110.0
81,50,5579.1845,1170.0
81,49,5579.1845,1230.0
81,48,5579.1845,1290.0
81,47,5579.1845,1350.0
81,46,5579.1845,1625.0
81,45,5579.1845,1681.0
81,44,5579.1845,1740.0
81,43,5579.1845,1802.0
81,42,5579.1845,1862.0
81,41,5579.1845,1920.0
81,40,5579.1845,2014.0
81,39,5579.1845,2075.0
81,38,5579.1845,2140.0
81,37,5579.1845,2202.0
81,36,5579.1845,2447.0
81,35,5579.1845,2508.0
81,34,5579.1845,2574.0
81,33,5579.1845,2635.0
81,32,5579.1845,2854.0
81,31,5579.1845,2925.0
81,30,5579.1845,3094.0
81,29,5579.1845,3164.7
81,28,9918.5503,5234.0
81,27,9918.5503,5371.0
81,26,9918.5503,5518.0
81,25,9918.5503,5674.0
81,24,9918.5503,5824.0
81,23,9918.5503,5969.0
81,22,9918.5503,6241.0
81,21,9918.5503,6392.0
81,20,9918.5503,6560.0
81,19,9918.5503,6714.0
81,18,9918.5503,7146.0
81,17,9918.5503,7281.0
81,16,9918.5503,7430.0
81,15,9918.5503,7570.0
81,14,9918.5503,8260.0
81,13,9918.5503,8420.0
81,12,9918.5503,8730.0
81,11,9918.5503,8880.0
81,10,22316.738,19070.0
81,9,22316.738,19440.0
81,8,22316.738,19840.0
81,7,22316.738,20210.0
81,6,22316.738,22780.0
81,5,22316.738,23250.0
81,4,22316.738,23850.0
81,3,22316.738,24234.1
81,2,89266.953,96783.2
81,1,89266.953,98592.12
82,82,2541.2411,7.4166799
82,81,2541.2411,15.032499
82,80,2541.2411,31.9373
82,79,2541.2411,42.33256
82,78,3659.3872,68.8
82,77,3659.3872,82.9
82,76,3659.3872,100.1
82,75,3659.3872,120.0
82,74,3659.3872,138.0
82,73,3659.3872,158.0
82,72,3659.3872,182.0
82,71,3659.3872,203.0
82,70,3659.3872,224.0
82,69,3659.3872,245.1
82,68,3659.3872,338.1
82,67,3659.3872,374.0
82,66,3659.3872,401.0
82,65,3659.3872,427.0
82,64,3659.3872,478.0
82,63,3659.3872,507.0
82,62,5717.7925,570.0
82,61,3659.3872,610.0
82,60,3659.3872,650.0
82,59,5717.7925,690.0
82,58,5717.7925,750.0
82,57,5717.7925,810.0
82,56,5717.7925,870.0
82,55,5717.7925,930.0
82,54,5717.7925,990.0
82,53,5717.7925,1050.0
82,52,5717.7925,1120.0
82,51,5717.7925,1180.0
82,50,5717.7925,1240.0
82,49,5717.7925,1300.0
82,48,5717.7925,1360.0
82,47,5717.7925,1430.0
82,46,5717.7925,1704.0
82,45,5717.7925,1760.0
82,44,5717.7925,1819.0
82,43,5717.7925,1884.0
82,42,5717.7925,1945.0
82,41,5717.7925,2004.0
82,40,5717.7925,2101.0
82,39,5717.7925,2163.0
82,38,5717.7925,2230.0
82,37,5717.7925,2292.0
82,36,5717.7925,2543.0
82,35,5717.7925,2605.0
82,34,5717.7925,2671.0
82,33,5717.7925,2735.0
82,32,5717.7925,2965.0
82,31,5717.7925,3036.0
82,30,5717.7925,3211.0
82,29,5717.7925,3282.1
82,28,10164.965,5414.0
82,27,10164.965,5555.0
82,26,10164.965,5703.0
82,25,10164.965,5862.0
82,24,10164.965,6015.0
82,23,10164.965,6162.0
82,22,10164.965,6442.0
82,21,10164.965,6597.0
82,20,10164.965,6767.0
82,19,10164.965,6924.0
82,18,10164.965,7362.0
82,17,10164.965,7500.0
82,16,10164.965,7650.0
82,15,10164.965,7790.0
82,14,10164.965,8520.0
82,13,10164.965,8680.0
82,12,10164.965,9000.0
82,11,10164.965,9150.0
82,10,22871.17,19590.0
82,9,22871.17,19970.0
82,8,22871.17,20380.0
82,7,22871.17,20750.0
82,6,22871.17,23460.0
82,5,22871.17,23940.0
82,4,22871.17,24550.0
82,3,22871.17,24938.2
82,2,91484.681,99491.8
82,1,91484.681,101336.7
83,83,2603.6006,7.285516
83,82,2603.6006,16.703
83,81,2603.6006,25.57075
83,80,2603.6006,45.37
83,79,2603.6006,54.856
83,78,3749.1848,88.4
83,77,3749.1848,103.0
83,76,3749.1848,122.0
83,75,3749.1848,143.0
83,74,3749.1848,161.1
83,73,3749.1848,183.0
83,72,3749.1848,208.0
83,71,3749.1848,229.0
83,70,3749.1848,252.0
83,69,3749.1848,272.6
83,68,3749.1848,370.2
83,67,3749.1848,409.0
83,66,3749.1848,436.0
83,65,3749.1848,464.0
83,64,3749.1848,520.0
83,63,3749.1848,550.0
83,62,5858.1012,620.0
83,61,3749.1848,660.0
83,60,3749.1848,690.0
83,59,5858.1012,750.0
83,58,5858.1012,810.0
83,57,5858.1012,870.0
83,56,5858.1012,930.0
83,55,5858.1012,990.0
83,54,5858.1012,1060.0
83,53,5858.1012,1120.0
83,52,5858.1012,1180.0
83,51,5858.1012,1250.0
83,50,5858.1012,1310.0
83,49,5858.1012,1380.0
83,48,5858.1012,1440.0
83,47,5858.1012,1500.0
83,46,5858.1012,1784.0
83,45,5858.1012,1840.0
83,44,5858.1012,1902.0
83,43,5858.1012,1967.0
83,42,5858.1012,2029.0
83,41,5858.1012,2090.0
83,40,5858.1012,2190.0
83,39,5858.1012,2253.0
83,38,5858.1012,2321.0
83,37,5858.1012,2385.0
83,36,5858.1012,2641.0
83,35,5858.1012,2703.0
83,34,5858.1012,2771.0
83,33,5858.1012,2835.0
83,32,5858.1012,3078.0
83,31,5858.1012,3151.0
83,30,5858.1012,3329.0
83,29,5858.1012,3401.8
83,28,10414.402,5599.0
83,27,10414.402,5740.0
83,26,10414.402,5892.0
83,25,10414.402,6054.0
83,24,10414.402,6208.0
83,23,10414.402,6358.0
83,22,10414.402,6648.0
83,21,10414.402,6804.0
83,20,10414.402,6977.0
83,19,10414.402,7137.0
83,18,10414.402,7580.0
83,17,10414.402,7720.0
83,16,10414.402,7870.0
83,15,10414.402,8010.0
83,14,10414.402,8780.0
83,13,10414.402,8950.0
83,12,10414.402,9270.0
83,11,10414.402,9430.0
83,10,23432.405,20130.0
83,9,23432.405,20500.0
83,8,23432.405,20920.0
83,7,23432.405,21300.0
83,6,23432.405,24150.0
83,5,23432.405,24640.0
83,4,23432.405,25260.0
83,3,23432.405,25656.9
83,2,93729.62,102251.8
83,1,93729.62,104133.4
84,84,2666.7159,8.41807
84,83,2666.7159,19.3
84,82,2666.7159,27.3
84,81,2666.7159,36.0
84,80,2666.7159,57.0
84,79,2666.7159,69.1
84,78,3840.0708,108.0
84,77,3840.0708,125.0
84,76,3840.0708,146.1
84,75,3840.0708,166.0
84,74,3840.0708,186.0
84,73,3840.0708,209.0
84,72,3840.0708,235.0
84,71,3840.0708,257.0
84,70,3840.0708,281.0
84,69,3840.0708,304.0
84,68,3840.0708,416.0
84,67,3840.0708,444.0
84,66,3840.0708,473.0
84,65,3840.0708,502.0
84,64,3840.0708,560.0
84,63,3840.0708,590.0
84,62,3840.0708,670.0
84,61,3840.0708,700.0
84,60,6000.1107,740.0
84,59,6000.1107,800.0
84,58,6000.1107,870.0
84,57,6000.1107,930.0
84,56,6000.1107,990.0
84,55,6000.1107,1060.0
84,54,6000.1107,1120.0
84,53,6000.1107,1180.0
84,52,6000.1107,1250.0
84,51,6000.1107,1320.0
84,50,6000.1107,1380.0
84,49,6000.1107,1440.0
84,48,6000.1107,1510.0
84,47,6000.1107,1570.0
84,46,6000.1107,1865.0
84,45,6000.1107,1923.0
84,44,6000.1107,1986.0
84,43,6000.1107,2052.0
84,42,6000.1107,2115.0
84,41,6000.1107,2177.0
84,40,6000.1107,2281.0
84,39,6000.1107,2345.0
84,38,6000.1107,2414.0
84,37,6000.1107,2480.0
84,36,6000.1107,2740.0
84,35,6000.1107,2803.0
84,34,6000.1107,2873.0
84,33,6000.1107,2938.0
84,32,6000.1107,3194.0
84,31,6000.1107,3268.0
84,30,6000.1107,3450.0
84,29,6000.1107,3524.2
84,28,10666.863,5785.0
84,27,10666.863,5930.0
84,26,10666.863,6084.0
84,25,10666.863,6248.0
84,24,10666.863,6405.0
84,23,10666.863,6557.0
84,22,10666.863,6856.0
84,21,10666.863,7015.0
84,20,10666.863,7191.0
84,19,10666.863,7350.0
84,18,10666.863,7810.0
84,17,10666.863,7950.0
84,16,10666.863,8100.0
84,15,10666.863,8240.0
84,14,10666.863,9050.0
84,13,10666.863,9220.0
84,12,10666.863,9550.0
84,11,10666.863,9710.0
84,10,24000.443,20670.0
84,9,24000.443,21050.0
84,8,24000.443,21470.0
84,7,24000.443,21860.0
84,6,24000.443,24860.0
84,5,24000.443,25360.0
84,4,24000.443,25990.0
84,3,24000.443,26390.4
84,2,96001.771,105064.3
84,1,96001.771,106983.4
85,85,2730.587,9.31751
85,84,2730.587,17.88
85,83,2730.587,26.58
85,82,2730.587,39.65
85,81,2730.587,50.39
85,80,2730.587,72.0
85,79,2730.587,85.1
85,78,3932.0453,130.1
85,77,3932.0453,149.0
85,76,3932.0453,169.0
85,75,3932.0453,192.1
85,74,3932.0453,212.0
85,73,3932.0453,236.0
85,72,3932.0453,263.0
85,71,3932.0453,287.0
85,70,3932.0453,311.0
85,69,3932.0453,335.0
85,68,3932.0453,452.0
85,67,3932.0453,481.0
85,66,3932.0453,510.0
85,65,3932.0453,540.0
85,64,3932.0453,600.0
85,63,3932.0453,630.0
85,62,3932.0453,720.0
85,61,3932.0453,750.0
85,60,6143.8208,790.0
85,59,6143.8208,860.0
85,58,6143.8208,920.0
85,57,6143.8208,990.0
85,56,6143.8208,1050.0
85,55,6143.8208,1120.0
85,54,6143.8208,1180.0
85,53,6143.8208,1250.0
85,52,6143.8208,1320.0
85,51,6143.8208,1380.0
85,50,6143.8208,1450.0
85,49,6143.8208,1510.0
85,48,6143.8208,1590.0
85,47,6143.8208,1650.0
85,46,6143.8208,1948.0
85,45,6143.8208,2007.0
85,44,6143.8208,2071.0
85,43,6143.8208,2139.0
85,42,6143.8208,2203.0
85,41,6143.8208,2266.0
85,40,6143.8208,2373.0
85,39,6143.8208,2439.0
85,38,6143.8208,2510.0
85,37,6143.8208,2576.0
85,36,6143.8208,2841.0
85,35,6143.8208,2905.0
85,34,6143.8208,2977.0
85,33,6143.8208,3042.0
85,32,6143.8208,3312.0
85,31,6143.8208,3388.0
85,30,6143.8208,3573.0
85,29,6143.8208,3649.0
85,28,10922.348,5976.0
85,27,10922.348,6122.0
85,26,10922.348,6279.0
85,25,10922.348,6445.0
85,24,10922.348,6604.0
85,23,10922.348,6759.0
85,22,10922.348,7068.0
85,21,10922.348,7230.0
85,20,10922.348,7410.0
85,19,10922.348,7570.0
85,18,10922.348,8030.0
85,17,10922.348,8180.0
85,16,10922.348,8330.0
85,15,10922.348,8480.0
85,14,10922.348,9330.0
85,13,10922.348,9500.0
85,12,10922.348,9830.0
85,11,10922.348,9990.0
85,10,24575.283,21210.0
85,9,24575.283,21600.0
85,8,24575.283,22030.0
85,7,24575.283,22420.0
85,6,24575.283,25580.0
85,5,24575.283,26090.0
85,4,24575.283,26730.0
85,3,24575.283,27139.0
85,2,98301.133,107930.0
85,1,98301.133,109887.2
86,86,2795.2141,10.7485
86,85,2795.2141,18.99
86,84,2795.2141,29.4
86,83,2795.2141,36.9
86,82,2795.2141,52.9
86,81,2795.2141,64.0
86,80,2795.2141,88.0
86,79,2795.2141,102.0
86,78,4025.1083,154.0
86,77,4025.1083,173.9
86,76,4025.1083,195.0
86,75,4025.1083,218.0
86,74,4025.1083,240.0
86,73,4025.1083,264.0
86,72,4025.1083,293.0
86,71,4025.1083,317.0
86,70,4025.1083,342.0
86,69,4025.1083,367.0
86,68,4025.1083,488.0
86,67,4025.1083,520.0
86,66,4025.1083,550.0
86,65,4025.1083,580.0
86,64,4025.1083,640.0
86,63,4025.1083,680.0
86,62,4025.1083,760.0
86,61,4025.1083,800.0
86,60,6289.2316,850.0
86,59,6289.2316,920.0
86,58,6289.2316,980.0
86,57,6289.2316,1050.0
86,56,6289.2316,1110.0
86,55,6289.2316,1180.0
86,54,6289.2316,1250.0
86,53,6289.2316,1310.0
86,52,6289.2316,1390.0
86,51,6289.2316,1460.0
86,50,6289.2316,1520.0
86,49,6289.2316,1590.0
86,48,6289.2316,1660.0
86,47,6289.2316,1720.0
86,46,6289.2316,2033.0
86,45,6289.2316,2094.0
86,44,6289.2316,2158.0
86,43,6289.2316,2227.0
86,42,6289.2316,2293.0
86,41,6289.2316,2357.0
86,40,6289.2316,2467.0
86,39,6289.2316,2535.0
86,38,6289.2316,2606.0
86,37,6289.2316,2674.0
86,36,6289.2316,2944.0
86,35,6289.2316,3010.0
86,34,6289.2316,3082.0
86,33,6289.2316,3149.0
86,32,6289.2316,3433.0
86,31,6289.2316,3510.0
86,30,6289.2316,3699.0
86,29,6289.2316,3777.0
86,28,11180.856,6169.0
86,27,11180.856,6318.0
86,26,11180.856,6476.0
86,25,11180.856,6646.0
86,24,11180.856,6807.0
86,23,11180.856,6964.0
86,22,11180.856,7283.0
86,21,11180.856,7450.0
86,20,11180.856,7630.0
86,19,11180.856,7800.0
86,18,11180.856,8260.0
86,17,11180.856,8410.0
86,16,11180.856,8570.0
86,15,11180.856,8710.0
86,14,11180.856,9610.0
86,13,11180.856,9780.0
86,12,11180.856,10120.0
86,11,11180.856,10290.0
86,10,25156.927,21770.0
86,9,25156.927,22160.0
86,8,25156.927,22600.0
86,7,25156.927,22990.0
86,6,25156.927,26310.0
86,5,25156.927,26830.0
86,4,25156.927,27490.0
86,3,25156.927,27903.1
86,2,100627.71,110846.3
86,1,100627.71,112842.2
87,87,2101.6631,4.0727411
87,86,2860.597,22.4
87,85,2860.597,33.5
87,84,2860.597,39.1
87,83,2860.597,50.0
87,82,2860.597,67.0
87,81,2860.597,80.0
87,80,2860.597,106.0
87,79,2860.597,120.0
87,78,4119.2596,179.0
87,77,4119.2596,200.0
87,76,4119.2596,222.1
87,75,4119.2596,245.0
87,74,4119.2596,269.0
87,73,4119.2596,293.0
87,72,4119.2596,324.0
87,71,4119.2596,349.0
87,70,4119.2596,375.0
87,69,4119.2596,400.0
87,68,4119.2596,530.0
87,67,4119.2596,560.0
87,66,4119.2596,590.0
87,65,4119.2596,620.0
87,64,4119.2596,690.0
87,63,4119.2596,720.0
87,62,4119.2596,810.0
87,61,4119.2596,850.0
87,60,6436.3432,910.0
87,59,6436.3432,980.0
87,58,6436.3432,1040.0
87,57,6436.3432,1110.0
87,56,6436.3432,1180.0
87,55,6436.3432,1250.0
87,54,6436.3432,1320.0
87,53,6436.3432,1380.0
87,52,6436.3432,1460.0
87,51,6436.3432,1530.0
87,50,6436.3432,1600.0
87,49,6436.3432,1670.0
87,48,6436.3432,1740.0
87,47,6436.3432,1810.0
87,46,6436.3432,2119.0
87,45,6436.3432,2182.0
87,44,6436.3432,2247.0
87,43,6436.3432,2317.0
87,42,6436.3432,2384.0
87,41,6436.3432,2450.0
87,40,6436.3432,2564.0
87,39,6436.3432,2631.0
87,38,6436.3432,2706.0
87,37,6436.3432,2774.0
87,36,6436.3432,3049.0
87,35,6436.3432,3115.0
87,34,6436.3432,3190.0
87,33,6436.3432,3257.0
87,32,6436.3432,3556.0
87,31,6436.3432,3635.0
87,30,6436.3432,3828.0
87,29,6436.3432,3907.0
87,28,11442.388,6365.0
87,27,11442.388,6516.0
87,26,11442.388,6678.0
87,25,11442.388,6849.0
87,24,11442.388,7013.0
87,23,11442.388,7172.0
87,22,11442.388,7500.0
87,21,11442.388,7670.0
87,20,11442.388,7850.0
87,19,11442.388,8020.0
87,18,11442.388,8500.0
87,17,11442.388,8640.0
87,16,11442.388,8800.0
87,15,11442.388,8950.0
87,14,11442.388,9890.0
87,13,11442.388,10070.0
87,12,11442.388,10420.0
87,11,11442.388,10590.0
87,10,25745.373,22330.0
87,9,25745.373,22730.0
87,8,25745.373,23170.0
87,7,25745.373,23570.0
87,6,25745.373,27060.0
87,5,25745.373,27590.0
87,4,25745.373,28260.0
87,3,25745.373,28683.4
87,2,102981.49,113821.9
87,1,102981.49,115857.5
88,88,2150.2548,5.2784239
88,87,2150.2548,10.14718
88,86,2926.7358,31.0
88,85,2926.7358,41.0
88,84,2926.7358,52.9
88,83,2926.7358,64.0
88,82,2926.7358,82.0
88,81,2926.7358,97.0
88,80,2926.7358,124.0
88,79,2926.7358,140.0
88,78,4214.4995,204.9
88,77,4214.4995,227.0
88,76,4214.4995,250.0
88,75,4214.4995,274.0
88,74,4214.4995,299.0
88,73,4214.4995,324.0
88,72,4214.4995,356.0
88,71,4214.4995,382.0
88,70,4214.4995,409.0
88,69,4214.4995,435.0
88,68,4214.4995,570.0
88,67,4214.4995,600.0
88,66,4214.4995,630.0
88,65,4214.4995,660.0
88,64,4214.4995,740.0
88,63,4214.4995,770.0
88,62,4214.4995,860.0
88,61,4214.4995,900.0
88,60,6585.1555,970.0
88,59,6585.1555,1040.0
88,58,6585.1555,1110.0
88,57,6585.1555,1180.0
88,56,6585.1555,1250.0
88,55,6585.1555,1320.0
88,54,6585.1555,1390.0
88,53,6585.1555,1460.0
88,52,6585.1555,1530.0
88,51,6585.1555,1610.0
88,50,6585.1555,1680.0
88,49,6585.1555,1750.0
88,48,6585.1555,1820.0
88,47,6585.1555,1880.0
88,46,6585.1555,2208.0
88,45,6585.1555,2271.0
88,44,6585.1555,2338.0
88,43,6585.1555,2409.0
88,42,6585.1555,2477.0
88,41,6585.1555,2544.0
88,40,6585.1555,2662.0
88,39,6585.1555,2731.0
88,38,6585.1555,2806.0
88,37,6585.1555,2876.0
88,36,6585.1555,3155.0
88,35,6585.1555,3224.0
88,34,6585.1555,3298.0
88,33,6585.1555,3368.0
88,32,6585.1555,3682.0
88,31,6585.1555,3762.0
88,30,6585.1555,3959.0
88,29,6585.1555,4040.0
88,28,11706.943,6565.0
88,27,11706.943,6718.0
88,26,11706.943,6881.0
88,25,11706.943,7056.0
88,24,11706.943,7222.0
88,23,11706.943,7380.0
88,22,11706.943,7720.0
88,21,11706.943,7890.0
88,20,11706.943,8080.0
88,19,11706.943,8250.0
88,18,11706.943,8730.0
88,17,11706.943,8880.0
88,16,11706.943,9040.0
88,15,11706.943,9200.0
88,14,11706.943,10190.0
88,13,11706.943,10360.0
88,12,11706.943,10720.0
88,11,11706.943,10890.0
88,10,26340.622,22900.0
88,9,26340.622,23300.0
88,8,26340.622,23750.0
88,7,26340.622,24160.0
88,6,26340.622,27830.0
88,5,26340.622,28370.0
88,4,26340.622,29050.0
88,3,26340.622,29479.8
88,2,105362.49,116853.5
88,1,105362.49,118929.5
89,89,2993.6304,5.380235
89,88,2199.4019,11.75
89,87,2199.4019,17.436
89,86,2993.6304,44.8
89,85,2993.6304,55.0
89,84,2993.6304,67.0
89,83,2993.6304,79.0
89,82,2993.6304,98.9
89,81,2993.6304,113.9
89,80,2993.6304,143.9
89,79,2993.6304,161.1
89,78,4310.8278,233.0
89,77,4310.8278,255.0
89,76,4310.8278,279.0
89,75,4310.8278,305.0
89,74,4310.8278,330.0
89,73,4310.8278,355.0
89,72,4310.8278,390.0
89,71,4310.8278,416.0
89,70,4310.8278,444.0
89,69,4310.8278,470.0
89,68,4310.8278,610.0
89,67,4310.8278,640.0
89,66,4310.8278,670.0
89,65,4310.8278,710.0
89,64,4310.8278,780.0
89,63,4310.8278,820.0
89,62,4310.8278,920.0
89,61,4310.8278,950.0
89,60,6735.6685,1030.0
89,59,6735.6685,1100.0
89,58,6735.6685,1170.0
89,57,6735.6685,1240.0
89,56,6735.6685,1310.0
89,55,6735.6685,1380.0
89,54,6735.6685,1460.0
89,53,6735.6685,1530.0
89,52,6735.6685,1610.0
89,51,6735.6685,1680.0
89,50,6735.6685,1750.0
89,49,6735.6685,1820.0
89,48,6735.6685,1900.0
89,47,6735.6685,1970.0
89,46,6735.6685,2298.0
89,45,6735.6685,2362.0
89,44,6735.6685,2430.0
89,43,6735.6685,2503.0
89,42,6735.6685,2572.0
89,41,6735.6685,2639.0
89,40,6735.6685,2762.0
89,39,6735.6685,2833.0
89,38,6735.6685,2908.0
89,37,6735.6685,2980.0
89,36,6735.6685,3264.0
89,35,6735.6685,3334.0
89,34,6735.6685,3409.0
89,33,6735.6685,3479.0
89,32,6735.6685,3811.0
89,31,6735.6685,3893.0
89,30,6735.6685,4093.0
89,29,6735.6685,4175.0
89,28,11974.522,6767.0
89,27,11974.522,6923.0
89,26,11974.522,7088.0
89,25,11974.522,7265.0
89,24,11974.522,7430.0
89,23,11974.522,7600.0
89,22,11974.522,7950.0
89,21,11974.522,8120.0
89,20,11974.522,8310.0
89,19,11974.522,8480.0
89,18,11974.522,8970.0
89,17,11974.522,9120.0
89,16,11974.522,9290.0
89,15,11974.522,9440.0
89,14,11974.522,10480.0
89,13,11974.522,10660.0
89,12,11974.522,11030.0
89,11,11974.522,11200.0
89,10,26942.674,23480.0
89,9,26942.674,23890.0
89,8,26942.674,24340.0
89,7,26942.674,24760.0
89,6,26942.674,28610.0
89,5,26942.674,29160.0
89,4,26942.674,29850.0
89,3,26942.674,30293.1
89,2,107770.7,119945.7
89,1,107770.7,122063.1
90,90,3061.281,6.3067
90,89,2249.1044,12.1
90,88,3061.281,18.32
90,87,4408.2446,28.648
90,86,3061.281,58.0
90,85,3061.281,69.1
90,84,3061.281,82.0
90,83,3061.281,95.0
90,82,3061.281,118.0
90,81,3061.281,133.0
90,80,3061.281,165.0
90,79,3061.281,181.0
90,78,4408.2446,262.0
90,77,4408.2446,285.0
90,76,4408.2446,310.0
90,75,4408.2446,336.0
90,74,4408.2446,362.0
90,73,4408.2446,389.0
90,72,4408.2446,424.0
90,71,4408.2446,451.0
90,70,4408.2446,480.0
90,69,4408.2446,508.0
90,68,4408.2446,650.0
90,67,4408.2446,680.0
90,66,4408.2446,720.0
90,65,4408.2446,750.0
90,64,4408.2446,830.0
90,63,4408.2446,870.0
90,62,4408.2446,970.0
90,61,4408.2446,1010.0
90,60,6887.8821,1090.0
90,59,6887.8821,1160.0
90,58,6887.8821,1240.0
90,57,6887.8821,1310.0
90,56,6887.8821,1380.0
90,55,6887.8821,1460.0
90,54,6887.8821,1530.0
90,53,6887.8821,1600.0
90,52,6887.8821,1680.0
90,51,6887.8821,1760.0
90,50,6887.8821,1830.0
90,49,6887.8821,1910.0
90,48,6887.8821,1980.0
90,47,6887.8821,2060.0
90,46,6887.8821,2390.0
90,45,6887.8821,2455.0
90,44,6887.8821,2524.0
90,43,6887.8821,2598.0
90,42,6887.8821,2669.0
90,41,6887.8821,2737.0
90,40,6887.8821,2864.0
90,39,6887.8821,2935.0
90,38,6887.8821,3013.0
90,37,6887.8821,3086.0
90,36,6887.8821,3375.0
90,35,6887.8821,3445.0
90,34,6887.8821,3522.0
90,33,6887.8821,3593.0
90,32,6887.8821,3943.0
90,31,6887.8821,4025.0
90,30,6887.8821,4230.0
90,29,6887.8821,4313.0
90,28,12245.124,6972.0
90,27,12245.124,7130.0
90,26,12245.124,7299.0
90,25,12245.124,7480.0
90,24,12245.124,7650.0
90,23,12245.124,7810.0
90,22,12245.124,8180.0
90,21,12245.124,8350.0
90,20,12245.124,8550.0
90,19,12245.124,8720.0
90,18,12245.124,9220.0
90,17,12245.124,9370.0
90,16,12245.124,9540.0
90,15,12245.124,9690.0
90,14,12245.124,10790.0
90,13,12245.124,10970.0
90,12,12245.124,11340.0
90,11,12245.124,11510.0
90,10,27551.529,24060.0
90,9,27551.529,24480.0
90,8,27551.529,24940.0
90,7,27551.529,25360.0
90,6,27551.529,29410.0
90,5,27551.529,29970.0
90,4,27551.529,30680.0
90,3,27551.529,31122.8
90,2,110206.11,123091.0
90,1,110206.11,125250.3
91,91,3129.6874,5.89
91,90,2299.3621,11.9
91,89,3129.6874,18.6
91,88,4506.7498,30.9
91,87,4506.7498,44.3
91,86,3129.6874,72.0
91,85,3129.6874,85.1
91,84,3129.6874,98.9
91,83,3129.6874,111.0
91,82,3129.6874,137.0
91,81,3129.6874,153.0
91,80,3129.6874,187.0
91,79,3129.6874,203.0
91,78,4506.7498,292.0
91,77,4506.7498,316.0
91,76,4506.7498,342.0
91,75,4506.7498,369.0
91,74,4506.7498,395.0
91,73,4506.7498,423.0
91,72,4506.7498,460.0
91,71,4506.7498,488.0
91,70,4506.7498,518.0
91,69,4506.7498,546.0
91,68,4506.7498,690.0
91,67,4506.7498,720.0
91,66,4506.7498,760.0
91,65,4506.7498,790.0
91,64,4506.7498,880.0
91,63,4506.7498,920.0
91,62,4506.7498,1020.0
91,61,4506.7498,1060.0
91,60,7041.7965,1150.0
91,59,7041.7965,1220.0
91,58,7041.7965,1300.0
91,57,7041.7965,1370.0
91,56,7041.7965,1450.0
91,55,7041.7965,1520.0
91,54,7041.7965,1600.0
91,53,7041.7965,1670.0
91,52,7041.7965,1760.0
91,51,7041.7965,1830.0
91,50,7041.7965,1910.0
91,49,7041.7965,1980.0
91,48,7041.7965,2060.0
91,47,7041.7965,2130.0
91,46,7041.7965,2483.0
91,45,7041.7965,2550.0
91,44,7041.7965,2620.0
91,43,7041.7965,2696.0
91,42,7041.7965,2766.0
91,41,7041.7965,2837.0
91,40,7041.7965,2968.0
91,39,7041.7965,3040.0
91,38,7041.7965,3119.0
91,37,7041.7965,3193.0
91,36,7041.7965,3488.0
91,35,7041.7965,3558.0
91,34,7041.7965,3637.0
91,33,7041.7965,3709.0
91,32,7041.7965,4077.0
91,31,7041.7965,4161.0
91,30,7041.7965,4370.0
91,29,7041.7965,4454.0
91,28,12518.749,7181.0
91,27,12518.749,7341.0
91,26,12518.749,7510.0
91,25,12518.749,7690.0
91,24,12518.749,7870.0
91,23,12518.749,8040.0
91,22,12518.749,8410.0
91,21,12518.749,8590.0
91,20,12518.749,8780.0
91,19,12518.749,8960.0
91,18,12518.749,9460.0
91,17,12518.749,9620.0
91,16,12518.749,9790.0
91,15,12518.749,9950.0
91,14,12518.749,11100.0
91,13,12518.749,11290.0
91,12,12518.749,11660.0
91,11,12518.749,11840.0
91,10,28167.186,24660.0
91,9,28167.186,25080.0
91,8,28167.186,25540.0
91,7,28167.186,25970.0
91,6,28167.186,30230.0
91,5,28167.186,30800.0
91,4,28167.186,31520.0
91,3,28167.186,31971.6
91,2,112668.74,126304.8
91,1,112668.74,128507.0
92,92,3198.8496,6.19405
92,91,2350.1752,11.6
92,90,4606.3435,19.8
92,89,4606.3435,36.7
92,88,4606.3435,46.0
92,87,4606.3435,62.0
92,86,3198.8496,89.0
92,85,3198.8496,101.0
92,84,3198.8496,116.0
92,83,3198.8496,128.9
92,82,3198.8496,158.0
92,81,3198.8496,173.0
92,80,3198.8496,210.0
92,79,3198.8496,227.0
92,78,4606.3435,323.0
92,77,4606.3435,348.0
92,76,4606.3435,375.0
92,75,4606.3435,402.0
92,74,4606.3435,431.0
92,73,4606.3435,458.0
92,72,4606.3435,497.0
92,71,4606.3435,525.0
92,70,4606.3435,557.0
92,69,4606.3435,585.0
92,68,4606.3435,730.0
92,67,4606.3435,770.0
92,66,4606.3435,800.0
92,65,4606.3435,840.0
92,64,4606.3435,930.0
92,63,4606.3435,970.0
92,62,4606.3435,1070.0
92,61,4606.3435,1110.0
92,60,7197.4117,1210.0
92,59,7197.4117,1290.0
92,58,7197.4117,1370.0
92,57,7197.4117,1440.0
92,56,7197.4117,1520.0
92,55,7197.4117,1590.0
92,54,7197.4117,1670.0
92,53,7197.4117,1750.0
92,52,7197.4117,1830.0
92,51,7197.4117,1910.0
92,50,7197.4117,1990.0
92,49,7197.4117,2070.0
92,48,7197.4117,2140.0
92,47,7197.4117,2220.0
92,46,7197.4117,2578.0
92,45,7197.4117,2646.0
92,44,7197.4117,2718.0
92,43,7197.4117,2794.0
92,42,7197.4117,2867.0
92,41,7197.4117,2938.0
92,40,7197.4117,3073.0
92,39,7197.4117,3147.0
92,38,7197.4117,3228.0
92,37,7197.4117,3301.0
92,36,7197.4117,3602.0
92,35,7197.4117,3675.0
92,34,7197.4117,3753.0
92,33,7197.4117,3827.0
92,32,7197.4117,4214.0
92,31,7197.4117,4299.0
92,30,7197.4117,4513.0
92,29,7197.4117,4598.0
92,28,12795.399,7393.0
92,27,12795.399,7550.0
92,26,12795.399,7730.0
92,25,12795.399,7910.0
92,24,12795.399,8090.0
92,23,12795.399,8260.0
92,22,12795.399,8650.0
92,21,12795.399,8830.0
92,20,12795.399,9030.0
92,19,12795.399,9210.0
92,18,12795.399,9720.0
92,17,12795.399,9870.0
92,16,12795.399,10040.0
92,15,12795.399,10200.0
92,14,12795.399,11410.0
92,13,12795.399,11600.0
92,12,12795.399,11990.0
92,11,12795.399,12160.0
92,10,28789.647,25260.0
92,9,28789.647,25680.0
92,8,28789.647,26150.0
92,7,28789.647,26590.0
92,6,28789.647,31060.0
92,5,28789.647,31640.0
92,4,28789.647,32400.0
92,3,28789.647,32836.5
92,2,115158.59,129569.9
92,1,115158.59,131816.2
93,93,2401.5437,6.265608
93,92,2401.5437,11.5
93,91,4707.0256,19.7
93,90,4707.0256,33.8
93,89,4707.0256,48.0
93,88,4707.0256,65.0
93,87,3268.7678,92.0
93,86,3268.7678,107.0
93,85,3268.7678,121.0
93,84,3268.7678,136.0
93,83,4707.0256,151.0
93,82,3268.7678,179.0
93,81,3268.7678,196.0
93,80,3268.7678,233.0
93,79,3268.7678,252.0
93,78,4707.0256,355.0
93,77,4707.0256,382.0
93,76,4707.0256,408.0
93,75,4707.0256,438.0
93,74,4707.0256,466.0
93,73,4707.0256,495.0
93,72,4707.0256,535.0
93,71,4707.0256,565.0
93,70,4707.0256,596.0
93,69,4707.0256,626.0
93,68,4707.0256,770.0
93,67,4707.0256,810.0
93,66,4707.0256,850.0
93,65,4707.0256,880.0
93,64,4707.0256,980.0
93,63,4707.0256,1020.0
93,62,4707.0256,1130.0
93,61,4707.0256,1170.0
93,60,7354.7275,1280.0
93,59,7354.7275,1360.0
93,58,7354.7275,1430.0
93,57,7354.7275,1510.0
93,56,7354.7275,1590.0
93,55,7354.7275,1670.0
93,54,7354.7275,1740.0
93,53,7354.7275,1820.0
93,52,7354.7275,1910.0
93,51,7354.7275,1990.0
93,50,7354.7275,2070.0
93,49,7354.7275,2140.0
93,48,7354.7275,2230.0
93,47,7354.7275,2310.0
93,46,7354.7275,2675.0
93,45,7354.7275,2745.0
93,44,7354.7275,2817.0
93,43,7354.7275,2894.0
93,42,7354.7275,2969.0
93,41,7354.7275,3041.0
93,40,7354.7275,3181.0
93,39,7354.7275,3255.0
93,38,7354.7275,3338.0
93,37,7354.7275,3413.0
93,36,7354.7275,3718.0
93,35,7354.7275,3792.0
93,34,7354.7275,3872.0
93,33,7354.7275,3947.0
93,32,7354.7275,4353.0
93,31,7354.7275,4441.0
93,30,7354.7275,4658.0
93,29,7354.7275,4744.0
93,28,13075.071,7610.0
93,27,13075.071,7770.0
93,26,13075.071,7950.0
93,25,13075.071,8130.0
93,24,13075.071,8310.0
93,23,13075.071,8480.0
93,22,13075.071,8890.0
93,21,13075.071,9070.0
93,20,13075.071,9270.0
93,19,13075.071,9450.0
93,18,13075.071,9970.0
93,17,13075.071,10130.0
93,16,13075.071,10300.0
93,15,13075.071,10470.0
93,14,13075.071,11730.0
93,13,13075.071,11930.0
93,12,13075.071,12320.0
93,11,13075.071,12500.0
93,10,29418.91,25870.0
93,9,29418.91,26300.0
93,8,29418.91,26770.0
93,7,29418.91,27210.0
93,6,29418.91,31910.0
93,5,29418.91,32500.0
93,4,29418.91,33300.0
93,3,29418.91,33722.2
93,2,117675.64,132911.0
93,1,117675.64,135202.0
94,94,2453.4674,6.02576
94,93,2453.4674,11.5
94,92,4808.7962,21.1
94,91,4808.7962,35.0
94,90,4808.7962,49.0
94,89,3339.4418,80.0
94,88,3339.4418,95.0
94,87,3339.4418,109.0
94,86,3339.4418,124.0
94,85,4808.7962,139.0
94,84,4808.7962,159.0
94,83,4808.7962,179.0
94,82,3339.4418,200.0
94,81,3339.4418,219.0
94,80,3339.4418,258.0
94,79,3339.4418,278.0
94,78,4808.7962,389.0
94,77,4808.7962,416.0
94,76,4808.7962,444.0
94,75,4808.7962,474.0
94,74,4808.7962,503.0
94,73,4808.7962,532.0
94,72,4808.7962,575.0
94,71,4808.7962,605.0
94,70,4808.7962,637.0
94,69,4808.7962,668.0
94,68,4808.7962,820.0
94,67,4808.7962,850.0
94,66,4808.7962,890.0
94,65,4808.7962,930.0
94,64,4808.7962,1030.0
94,63,4808.7962,1070.0
94,62,4808.7962,1180.0
94,61,4808.7962,1220.0
94,60,7513.744,1340.0
94,59,7513.744,1420.0
94,58,7513.744,1500.0
94,57,7513.744,1580.0
94,56,7513.744,1660.0
94,55,7513.744,1740.0
94,54,7513.744,1820.0
94,53,7513.744,1890.0
94,52,7513.744,1990.0
94,51,7513.744,2070.0
94,50,7513.744,2150.0
94,49,7513.744,2230.0
94,48,7513.744,2310.0
94,47,7513.744,2390.0
94,46,7513.744,2774.0
94,45,7513.744,2844.0
94,44,7513.744,2918.0
94,43,7513.744,2997.0
94,42,7513.744,3072.0
94,41,7513.744,3146.0
94,40,7513.744,3290.0
94,39,7513.744,3366.0
94,38,7513.744,3449.0
94,37,7513.744,3527.0
94,36,7513.744,3836.0
94,35,7513.744,3911.0
94,34,7513.744,3993.0
94,33,7513.744,4068.0
94,32,7513.744,4496.0
94,31,7513.744,4585.0
94,30,7513.744,4807.0
94,29,7513.744,4890.0
94,28,13357.767,7830.0
94,27,13357.767,7990.0
94,26,13357.767,8170.0
94,25,13357.767,8360.0
94,24,13357.767,8540.0
94,23,13357.767,8710.0
94,22,13357.767,9130.0
94,21,13357.767,9310.0
94,20,13357.767,9520.0
94,19,13357.767,9700.0
94,18,13357.767,10230.0
94,17,13357.767,10390.0
94,16,13357.767,10570.0
94,15,13357.767,10730.0
94,14,13357.767,12060.0
94,13,13357.767,12260.0
94,12,13357.767,12660.0
94,11,13357.767,12840.0
94,10,30054.976,26480.0
94,9,30054.976,26920.0
94,8,30054.976,27400.0
94,7,30054.976,27840.0
94,6,30054.976,32800.0
94,5,30054.976,33400.0
94,4,30054.976,34100.0
94,3,30054.976,34625.8
94,2,120219.9,136305.1
94,1,120219.9,138640.2
95,95,2505.9465,5.97381
95,94,2505.9465,11.7
95,93,4911.6552,21.7
95,92,4911.6552,36.8
95,91,4911.6552,50.0
95,90,4911.6552,67.9
95,89,3410.8717,95.0
95,88,3410.8717,110.0
95,87,3410.8717,125.0
95,86,3410.8717,141.0
95,85,4911.6552,163.0
95,84,4911.6552,184.0
95,83,4911.6552,206.0
95,82,3410.8717,225.0
95,81,3410.8717,242.0
95,80,3410.8717,284.0
95,79,3410.8717,305.0
95,78,4911.6552,424.0
95,77,4911.6552,451.0
95,76,4911.6552,481.0
95,75,4911.6552,511.0
95,74,4911.6552,541.0
95,73,4911.6552,571.0
95,72,4911.6552,616.0
95,71,4911.6552,646.0
95,70,4911.6552,680.0
95,69,4911.6552,711.0
95,68,4911.6552,870.0
95,67,4911.6552,900.0
95,66,4911.6552,940.0
95,65,4911.6552,980.0
95,64,4911.6552,1090.0
95,63,4911.6552,1130.0
95,62,4911.6552,1240.0
95,61,4911.6552,1280.0
95,60,7674.4613,1410.0
95,59,7674.4613,1490.0
95,58,7674.4613,1570.0
95,57,7674.4613,1650.0
95,56,7674.4613,1730.0
95,55,7674.4613,1820.0
95,54,7674.4613,1900.0
95,53,7674.4613,1980.0
95,52,7674.4613,2070.0
95,51,7674.4613,2160.0
95,50,7674.4613,2240.0
95,49,7674.4613,2320.0
95,48,7674.4613,2410.0
95,47,7674.4613,2480.0
95,46,7674.4613,2874.0
95,45,7674.4613,2946.0
95,44,7674.4613,3021.0
95,43,7674.4613,3101.0
95,42,7674.4613,3178.0
95,41,7674.4613,3251.0
95,40,7674.4613,3402.0
95,39,7674.4613,3479.0
95,38,7674.4613,3563.0
95,37,7674.4613,3641.0
95,36,7674.4613,3956.0
95,35,7674.4613,4033.0
95,34,7674.4613,4115.0
95,33,7674.4613,4191.0
95,32,7674.4613,4642.0
95,31,7674.4613,4733.0
95,30,7674.4613,4960.0
95,29,7674.4613,5050.0
95,28,13643.487,8040.0
95,27,13643.487,8210.0
95,26,13643.487,8390.0
95,25,13643.487,8590.0
95,24,13643.487,8770.0
95,23,13643.487,8950.0
95,22,13643.487,9380.0
95,21,13643.487,9560.0
95,20,13643.487,9770.0
95,19,13643.487,9960.0
95,18,13643.487,10490.0
95,17,13643.487,10650.0
95,16,13643.487,10830.0
95,15,13643.487,11000.0
95,14,13643.487,12400.0
95,13,13643.487,12600.0
95,12,13643.487,13000.0
95,11,13643.487,13190.0
95,10,30697.845,27110.0
95,9,30697.845,27550.0
95,8,30697.845,28040.0
95,7,30697.845,28500.0
95,6,30697.845,33700.0
95,5,30697.845,34300.0
95,4,30697.845,35100.0
95,3,30697.845,35549.4
95,2,122791.38,139769.5
95,1,122791.38,142153.5
96,96,3483.0574,5.992241
96,95,2558.981,12.4
96,94,5015.6027,20.1
96,93,5015.6027,37.7
96,92,5015.6027,51.0
96,91,5015.6027,69.1
96,90,3483.0574,97.0
96,89,3483.0574,112.0
96,88,3483.0574,128.0
96,87,5015.6027,144.0
96,86,5015.6027,167.0
96,85,5015.6027,190.0
96,84,5015.6027,213.0
96,83,3483.0574,235.0
96,82,3483.0574,253.0
96,81,5015.6027,272.0
96,80,3483.0574,311.0
96,79,3483.0574,332.0
96,78,5015.6027,460.0
96,77,5015.6027,489.0
96,76,5015.6027,518.0
96,75,5015.6027,550.0
96,74,5015.6027,580.0
96,73,5015.6027,611.0
96,72,5015.6027,657.0
96,71,5015.6027,689.0
96,70,5015.6027,723.0
96,69,5015.6027,755.0
96,68,5015.6027,910.0
96,67,5015.6027,950.0
96,66,5015.6027,990.0
96,65,5015.6027,1030.0
96,64,5015.6027,1140.0
96,63,5015.6027,1180.0
96,62,5015.6027,1300.0
96,61,5015.6027,1340.0
96,60,7836.8792,1480.0
96,59,7836.8792,1560.0
96,58,7836.8792,1650.0
96,57,7836.8792,1730.0
96,56,7836.8792,1810.0
96,55,7836.8792,1890.0
96,54,7836.8792,1980.0
96,53,7836.8792,2060.0
96,52,7836.8792,2160.0
96,51,7836.8792,2240.0
96,50,7836.8792,2320.0
96,49,7836.8792,2410.0
96,48,7836.8792,2490.0
96,47,7836.8792,2580.0
96,46,7836.8792,2976.0
96,45,7836.8792,3050.0
96,44,7836.8792,3125.0
96,43,7836.8792,3207.0
96,42,7836.8792,3284.0
96,41,7836.8792,3360.0
96,40,7836.8792,3515.0
96,39,7836.8792,3593.0
96,38,7836.8792,3679.0
96,37,7836.8792,3758.0
96,36,7836.8792,4078.0
96,35,7836.8792,4156.0
96,34,7836.8792,4239.0
96,33,7836.8792,4317.0
96,32,7836.8792,4791.0
96,31,7836.8792,4880.0
96,30,7836.8792,5110.0
96,29,7836.8792,5200.0
96,28,13932.23,8270.0
96,27,13932.23,8440.0
96,26,13932.23,8620.0
96,25,13932.23,8820.0
96,24,13932.23,9000.0
96,23,13932.23,9180.0
96,22,13932.23,9630.0
96,21,13932.23,9820.0
96,20,13932.23,10020.0
96,19,13932.23,10220.0
96,18,13932.23,10760.0
96,17,13932.23,10920.0
96,16,13932.23,11100.0
96,15,13932.23,11270.0
96,14,13932.23,12740.0
96,13,13932.23,12950.0
96,12,13932.23,13350.0
96,11,13932.23,13550.0
96,10,31347.517,27740.0
96,9,31347.517,28180.0
96,8,31347.517,28700.0
96,7,31347.517,29100.0
96,6,31347.517,34600.0
96,5,31347.517,35200.0
96,4,31347.517,36000.0
96,3,31347.517,36493.0
96,2,125390.07,143311.0
96,1,125390.07,145740.1
97,97,2612.5707,6.19785
97,96,2612.5707,11.9
97,95,5120.6387,21.6
97,94,5120.6387,36.0
97,93,5120.6387,56.0
97,92,5120.6387,70.1
97,91,5120.6387,90.0
97,90,3555.9991,114.0
97,89,3555.9991,130.0
97,88,5120.6387,147.0
97,87,5120.6387,171.0
97,86,5120.6387,195.0
97,85,5120.6387,218.0
97,84,3555.9991,240.0
97,83,3555.9991,259.0
97,82,5120.6387,279.0
97,81,5120.6387,303.0
97,80,3555.9991,339.0
97,79,3555.9991,361.0
97,78,5120.6387,497.0
97,77,5120.6387,526.0
97,76,5120.6387,557.0
97,75,5120.6387,590.0
97,74,5120.6387,621.0
97,73,5120.6387,652.0
97,72,5120.6387,700.0
97,71,5120.6387,733.0
97,70,5120.6387,768.0
97,69,5120.6387,800.0
97,68,5120.6387,960.0
97,67,5120.6387,1000.0
97,66,5120.6387,1040.0
97,65,5120.6387,1080.0
97,64,5120.6387,1200.0
97,63,5120.6387,1240.0
97,62,5120.6387,1360.0
97,61,5120.6387,1410.0
97,60,8000.9979,1550.0
97,59,8000.9979,1630.0
97,58,8000.9979,1720.0
97,57,8000.9979,1800.0
97,56,8000.9979,1890.0
97,55,8000.9979,1970.0
97,54,8000.9979,2050.0
97,53,8000.9979,2140.0
97,52,8000.9979,2240.0
97,51,8000.9979,2320.0
97,50,8000.9979,2410.0
97,49,8000.9979,2490.0
97,48,8000.9979,2580.0
97,47,8000.9979,2670.0
97,46,8000.9979,3080.0
97,45,8000.9979,3154.0
97,44,8000.9979,3232.0
97,43,8000.9979,3315.0
97,42,8000.9979,3393.0
97,41,8000.9979,3469.0
97,40,8000.9979,3630.0
97,39,8000.9979,3709.0
97,38,8000.9979,3797.0
97,37,8000.9979,3877.0
97,36,8000.9979,4202.0
97,35,8000.9979,4281.0
97,34,8000.9979,4365.0
97,33,8000.9979,4445.0
97,32,8000.9979,4940.0
97,31,8000.9979,5040.0
97,30,8000.9979,5270.0
97,29,8000.9979,5360.0
97,28,14223.996,8500.0
97,27,14223.996,8670.0
97,26,14223.996,8850.0
97,25,14223.996,9050.0
97,24,14223.996,9240.0
97,23,14223.996,9420.0
97,22,14223.996,9880.0
97,21,14223.996,10070.0
97,20,14223.996,10280.0
97,19,14223.996,10480.0
97,18,14223.996,11020.0
97,17,14223.996,11190.0
97,16,14223.996,11380.0
97,15,14223.996,11550.0
97,14,14223.996,13090.0
97,13,14223.996,13300.0
97,12,14223.996,13720.0
97,11,14223.996,13910.0
97,10,32003.992,28380.0
97,9,32003.992,28800.0
97,8,32003.992,29300.0
97,7,32003.992,29800.0
97,6,32003.992,35500.0
97,5,32003.992,36200.0
97,4,32003.992,37000.0
97,3,32003.992,37457.6
97,2,128015.97,146917.0
97,1,128015.97,149398.0
98,98,2666.7159,6.281878
98,97,2666.7159,12.0
98,96,5226.7631,22.4
98,95,5226.7631,37.7
98,94,5226.7631,51.9
98,93,5226.7631,75.0
98,92,5226.7631,91.0
98,91,5226.7631,112.9
98,90,3629.6966,133.0
98,89,5226.7631,152.0
98,88,5226.7631,178.0
98,87,5226.7631,201.0
98,86,5226.7631,225.0
98,85,3629.6966,247.0
98,84,3629.6966,265.0
98,83,5226.7631,286.0
98,82,5226.7631,310.0
98,81,5226.7631,334.0
98,80,3629.6966,368.0
98,79,3629.6966,390.0
98,78,5226.7631,536.0
98,77,5226.7631,566.0
98,76,5226.7631,597.0
98,75,5226.7631,630.0
98,74,5226.7631,662.0
98,73,5226.7631,695.0
98,72,5226.7631,744.0
98,71,5226.7631,778.0
98,70,5226.7631,814.0
98,69,5226.7631,847.0
98,68,5226.7631,1010.0
98,67,5226.7631,1050.0
98,66,5226.7631,1090.0
98,65,5226.7631,1120.0
98,64,5226.7631,1250.0
98,63,5226.7631,1300.0
98,62,5226.7631,1420.0
98,61,5226.7631,1470.0
98,60,8166.8173,1620.0
98,59,8166.8173,1700.0
98,58,8166.8173,1790.0
98,57,8166.8173,1880.0
98,56,8166.8173,1960.0
98,55,8166.8173,2050.0
98,54,8166.8173,2130.0
98,53,8166.8173,2220.0
98,52,8166.8173,2320.0
98,51,8166.8173,2410.0
98,50,8166.8173,2490.0
98,49,8166.8173,2580.0
98,48,8166.8173,2670.0
98,47,8166.8173,2750.0
98,46,8166.8173,3186.0
98,45,8166.8173,3261.0
98,44,8166.8173,3340.0
98,43,8166.8173,3424.0
98,42,8166.8173,3503.0
98,41,8166.8173,3581.0
98,40,8166.8173,3747.0
98,39,8166.8173,3828.0
98,38,8166.8173,3915.0
98,37,8166.8173,3998.0
98,36,8166.8173,4329.0
98,35,8166.8173,4407.0
98,34,8166.8173,4494.0
98,33,8166.8173,4570.0
98,32,8166.8173,5100.0
98,31,8166.8173,5190.0
98,30,8166.8173,5430.0
98,29,8166.8173,5520.0
98,28,14518.786,8730.0
98,27,14518.786,8900.0
98,26,14518.786,9090.0
98,25,14518.786,9290.0
98,24,14518.786,9480.0
98,23,14518.786,9660.0
98,22,14518.786,10140.0
98,21,14518.786,10330.0
98,20,14518.786,10550.0
98,19,14518.786,10740.0
98,18,14518.786,11300.0
98,17,14518.786,11470.0
98,16,14518.786,11650.0
98,15,14518.786,11820.0
98,14,14518.786,13450.0
98,13,14518.786,13660.0
98,12,14518.786,14080.0
98,11,14518.786,14280.0
98,10,32667.269,29000.0
98,9,32667.269,29500.0
98,8,32667.269,30000.0
98,7,32667.269,30500.0
98,6,32667.269,36500.0
98,5,32667.269,37100.0
98,4,32667.269,37900.0
98,3,32667.269,38443.5
98,2,130669.08,150593.0
98,1,130669.08,153124.0
99,99,2721.4163,6.3684
99,98,2721.4163,12.2
99,97,5333.9759,22.7
99,96,5333.9759,38.8
99,95,5333.9759,54.1
99,94,5333.9759,71.0
99,93,5333.9759,97.0
99,92,5333.9759,112.9
99,91,5333.9759,137.0
99,90,3704.15,157.0
99,89,5333.9759,180.0
99,88,5333.9759,206.0
99,87,5333.9759,231.0
99,86,3704.15,252.0
99,85,3704.15,270.0
99,84,5333.9759,294.0
99,83,5333.9759,317.0
99,82,5333.9759,342.0
99,81,5333.9759,367.0
99,80,3704.15,398.0
99,79,3704.15,421.0
99,78,5333.9759,576.0
99,77,5333.9759,606.0
99,76,5333.9759,638.0
99,75,5333.9759,672.0
99,74,5333.9759,705.0
99,73,5333.9759,738.0
99,72,5333.9759,790.0
99,71,5333.9759,824.0
99,70,5333.9759,861.0
99,69,5333.9759,895.0
99,68,5333.9759,1060.0
99,67,5333.9759,1100.0
99,66,5333.9759,1140.0
99,65,5333.9759,1180.0
99,64,5333.9759,1310.0
99,63,5333.9759,1360.0
99,62,5333.9759,1480.0
99,61,5333.9759,1530.0
99,60,8334.3374,1690.0
99,59,8334.3374,1780.0
99,58,8334.3374,1870.0
99,57,8334.3374,1950.0
99,56,8334.3374,2040.0
99,55,8334.3374,2130.0
99,54,8334.3374,2220.0
99,53,8334.3374,2300.0
99,52,8334.3374,2410.0
99,51,8334.3374,2490.0
99,50,8334.3374,2580.0
99,49,8334.3374,2680.0
99,48,8334.3374,2760.0
99,47,8334.3374,2850.0
99,46,8334.3374,3294.0
99,45,8334.3374,3370.0
99,44,8334.3374,3449.0
99,43,8334.3374,3535.0
99,42,8334.3374,3616.0
99,41,8334.3374,3694.0
99,40,8334.3374,3866.0
99,39,8334.3374,3947.0
99,38,8334.3374,4038.0
99,37,8334.3374,4120.0
99,36,8334.3374,4456.0
99,35,8334.3374,4537.0
99,34,8334.3374,4620.0
99,33,8334.3374,4700.0
99,32,8334.3374,5260.0
99,31,8334.3374,5350.0
99,30,8334.3374,5600.0
99,29,8334.3374,5690.0
99,28,14816.6,8960.0
99,27,14816.6,9140.0
99,26,14816.6,9330.0
99,25,14816.6,9530.0
99,24,14816.6,9720.0
99,23,14816.6,9910.0
99,22,14816.6,10400.0
99,21,14816.6,10590.0
99,20,14816.6,10810.0
99,19,14816.6,11010.0
99,18,14816.6,11570.0
99,17,14816.6,11740.0
99,16,14816.6,11930.0
99,15,14816.6,12110.0
99,14,14816.6,13810.0
99,13,14816.6,14030.0
99,12,14816.6,14460.0
99,11,14816.6,14700.0
99,10,33337.35,29700.0
99,9,33337.35,30100.0
99,8,33337.35,30700.0
99,7,33337.35,31100.0
99,6,33337.35,37400.0
99,5,33337.35,38100.0
99,4,33337.35,38900.0
99,3,33337.35,39451.4
99,2,133349.4,154344.0
99,1,133349.4,156927.0
100,100,2776.6721,6.5
100,99,2776.6721,12.4
100,98,5442.2772,23.2
100,97,5442.2772,39.3
100,96,5442.2772,55.0
100,95,5442.2772,74.0
100,94,5442.2772,93.0
100,93,5442.2772,120.0
100,92,5442.2772,136.0
100,91,5442.2772,162.0
100,90,3779.3592,185.0
100,89,5442.2772,209.0
100,88,5442.2772,237.0
100,87,3779.3592,257.0
100,86,3779.3592,276.0
100,85,5442.2772,300.0
100,84,5442.2772,326.0
100,83,5442.2772,351.0
100,82,5442.2772,377.0
100,81,5442.2772,402.0
100,80,3779.3592,430.0
100,79,3779.3592,453.0
100,78,5442.2772,616.0
100,77,5442.2772,647.0
100,76,5442.2772,680.0
100,75,5442.2772,716.0
100,74,5442.2772,749.0
100,73,5442.2772,782.0
100,72,5442.2772,837.0
100,71,5442.2772,871.0
100,70,5442.2772,909.0
100,69,5442.2772,944.0
100,68,5442.2772,1110.0
100,67,5442.2772,1150.0
100,66,5442.2772,1190.0
100,65,5442.2772,1230.0
100,64,5442.2772,1370.0
100,63,5442.2772,1420.0
100,62,5442.2772,1550.0
100,61,5442.2772,1600.0
100,60,8503.5582,1770.0
100,59,8503.5582,1850.0
100,58,8503.5582,1940.0
100,57,8503.5582,2030.0
100,56,8503.5582,2120.0
100,55,8503.5582,2210.0
100,54,8503.5582,2300.0
100,53,8503.5582,2390.0
100,52,8503.5582,2490.0
100,51,8503.5582,2590.0
100,50,8503.5582,2680.0
100,49,8503.5582,2760.0
100,48,8503.5582,2850.0
100,47,8503.5582,2950.0
100,46,8503.5582,3403.0
100,45,8503.5582,3480.0
100,44,8503.5582,3561.0
100,43,8503.5582,3647.0
100,42,8503.5582,3730.0
100,41,8503.5582,3810.0
100,40,8503.5582,3986.0
100,39,8503.5582,4070.0
100,38,8503.5582,4160.0
100,37,8503.5582,4245.0
100,36,8503.5582,4586.0
100,35,8503.5582,4670.0
100,34,8503.5582,4760.0
100,33,8503.5582,4840.0
100,32,8503.5582,5420.0
100,31,8503.5582,5510.0
100,30,8503.5582,5760.0
100,29,8503.5582,5860.0
100,28,15117.437,9200.0
100,27,15117.437,9370.0
100,26,15117.437,9570.0
100,25,15117.437,9770.0
100,24,15117.437,9970.0
100,23,15117.437,10160.0
100,22,15117.437,10660.0
100,21,15117.437,10860.0
100,20,15117.437,11080.0
100,19,15117.437,11280.0
100,18,15117.437,11850.0
100,17,15117.437,12020.0
100,16,15117.437,12220.0
100,15,15117.437,12390.0
100,14,15117.437,14180.0
100,13,15117.437,14400.0
100,12,15117.437,14800.0
100,11,15117.437,15000.0
100,10,34014.233,30300.0
100,9,34014.233,30800.0
100,8,34014.233,31300.0
100,7,34014.233,31800.0
100,6,34014.233,38400.0
100,5,34014.233,39100.0
100,4,34014.233,40000.0
100,3,34014.233,40482.2
100,2,136056.93,158171.0
100,1,136056.93,160808.0
101,101,2832.4832,6.58
101,100,2832.4832,12.4
101,99,5551.667,24.3
101,98,5551.667,40.0
101,97,5551.667,54.1
101,96,5551.667,76.0
101,95,5551.667,96.0
101,94,5551.667,115.1
101,93,5551.667,143.9
101,92,5551.667,162.0
101,91,5551.667,187.0
101,90,3855.3243,215.0
101,89,5551.667,240.0
101,88,3855.3243,260.0
101,87,3855.3243,282.0
101,86,5551.667,307.0
101,85,5551.667,334.0
101,84,5551.667,360.0
101,83,5551.667,386.0
101,82,5551.667,412.0
101,81,5551.667,438.0
101,80,3855.3243,462.0
101,79,3855.3243,486.0
101,78,5551.667,659.0
101,77,5551.667,690.0
101,76,5551.667,723.0
101,75,5551.667,760.0
101,74,5551.667,794.0
101,73,5551.667,828.0
101,72,5551.667,885.0
101,71,5551.667,920.0
101,70,5551.667,958.0
101,69,5551.667,994.0
101,68,5551.667,1160.0
101,67,5551.667,1210.0
101,66,5551.667,1250.0
101,65,5551.667,1290.0
101,64,5551.667,1430.0
101,63,5551.667,1480.0
101,62,5551.667,1620.0
101,61,5551.667,1660.0
101,60,8674.4797,1840.0
101,59,8674.4797,1930.0
101,58,8674.4797,2020.0
101,57,8674.4797,2110.0
101,56,8674.4797,2200.0
101,55,8674.4797,2290.0
101,54,8674.4797,2390.0
101,53,8674.4797,2480.0
101,52,8674.4797,2580.0
101,51,8674.4797,2680.0
101,50,8674.4797,2760.0
101,49,8674.4797,2860.0
101,48,8674.4797,2950.0
101,47,8674.4797,3050.0
101,46,8674.4797,3513.0
101,45,8674.4797,3592.0
101,44,8674.4797,3675.0
101,43,8674.4797,3762.0
101,42,8674.4797,3845.0
101,41,8674.4797,3926.0
101,40,8674.4797,4109.0
101,39,8674.4797,4194.0
101,38,8674.4797,4286.0
101,37,8674.4797,4371.0
101,36,8674.4797,4720.0
101,35,8674.4797,4800.0
101,34,8674.4797,4890.0
101,33,8674.4797,4970.0
101,32,8674.4797,5580.0
101,31,8674.4797,5680.0
101,30,8674.4797,5930.0
101,29,8674.4797,6030.0
101,28,15421.297,9430.0
101,27,15421.297,9620.0
101,26,15421.297,9810.0
101,25,15421.297,10020.0
101,24,15421.297,10220.0
101,23,15421.297,10410.0
101,22,15421.297,10930.0
101,21,15421.297,11130.0
101,20,15421.297,11350.0
101,19,15421.297,11560.0
101,18,15421.297,12130.0
101,17,15421.297,12310.0
101,16,15421.297,12500.0
101,15,15421.297,12680.0
101,14,15421.297,14560.0
101,13,15421.297,14800.0
101,12,15421.297,15200.0
101,11,15421.297,15400.0
101,10,34697.919,31000.0
101,9,34697.919,31500.0
101,8,34697.919,32000.0
101,7,34697.919,32500.0
101,6,34697.919,39500.0
101,5,34697.919,40100.0
101,4,34697.919,41000.0
101,3,34697.919,41548.0
101,2,138791.68,162066.0
101,1,138791.68,164764.0
102,102,2888.8496,6.62621
102,101,2888.8496,12.93
102,100,5662.1453,25.8
102,99,5662.1453,41.5
102,98,5662.1453,60.0
102,97,5662.1453,74.0
102,96,5662.1453,97.0
102,95,5662.1453,119.0
102,94,5662.1453,140.0
102,93,5662.1453,170.0
102,92,5662.1453,187.0
102,91,5662.1453,216.0
102,90,3932.0453,246.0
102,89,3932.0453,267.0
102,88,3932.0453,285.0
102,87,5662.1453,312.0
102,86,5662.1453,341.0
102,85,5662.1453,367.0
102,84,5662.1453,394.0
102,83,5662.1453,422.0
102,82,5662.1453,448.0
102,81,5662.1453,475.0
102,80,3932.0453,496.0
102,79,3932.0453,520.0
102,78,5662.1453,701.0
102,77,5662.1453,734.0
102,76,5662.1453,768.0
102,75,5662.1453,805.0
102,74,5662.1453,840.0
102,73,5662.1453,875.0
102,72,5662.1453,934.0
102,71,5662.1453,969.0
102,70,5662.1453,1010.0
102,69,5662.1453,1045.0
102,68,5662.1453,1220.0
102,67,5662.1453,1260.0
102,66,5662.1453,1300.0
102,65,5662.1453,1350.0
102,64,5662.1453,1500.0
102,63,5662.1453,1550.0
102,62,5662.1453,1680.0
102,61,5662.1453,1730.0
102,60,8847.102,1920.0
102,59,8847.102,2010.0
102,58,8847.102,2110.0
102,57,8847.102,2200.0
102,56,8847.102,2290.0
102,55,8847.102,2380.0
102,54,8847.102,2470.0
102,53,8847.102,2570.0
102,52,8847.102,2680.0
102,51,8847.102,2760.0
102,50,8847.102,2860.0
102,49,8847.102,2950.0
102,48,8847.102,3050.0
102,47,8847.102,3140.0
102,46,8847.102,3627.0
102,45,8847.102,3705.0
102,44,8847.102,3790.0
102,43,8847.102,3878.0
102,42,8847.102,3962.0
102,41,8847.102,4045.0
102,40,8847.102,4234.0
102,39,8847.102,4320.0
102,38,8847.102,4413.0
102,37,8847.102,4500.0
102,36,8847.102,4850.0
102,35,8847.102,4930.0
102,34,8847.102,5030.0
102,33,8847.102,5110.0
102,32,8847.102,5750.0
102,31,8847.102,5850.0
102,30,8847.102,6110.0
102,29,8847.102,6210.0
102,28,15728.181,9680.0
102,27,15728.181,9860.0
102,26,15728.181,10060.0
102,25,15728.181,10270.0
102,24,15728.181,10470.0
102,23,15728.181,10660.0
102,22,15728.181,11200.0
102,21,15728.181,11410.0
102,20,15728.181,11630.0
102,19,15728.181,11840.0
102,18,15728.181,12420.0
102,17,15728.181,12600.0
102,16,15728.181,12800.0
102,15,15728.181,12980.0
102,14,15728.181,15000.0
102,13,15728.181,15200.0
102,12,15728.181,15600.0
102,11,15728.181,15800.0
102,10,35388.408,31700.0
102,9,35388.408,32200.0
102,8,35388.408,32700.0
102,7,35388.408,33200.0
102,6,35388.408,40500.0
102,5,35388.408,41200.0
102,4,35388.408,42100.0
102,3,35388.408,42632.0
102,2,141553.63,166050.0
102,1,141553.63,168804.0
103,103,2945.7714,4.96
103,102,2945.7714,14.54
103,101,2945.7714,21.8
103,100,5773.7119,43.6
103,99,5773.7119,56.0
103,98,5773.7119,80.0
103,97,5773.7119,96.0
103,96,5773.7119,121.0
103,95,5773.7119,143.0
103,94,5773.7119,165.0
103,93,5773.7119,197.0
103,92,5773.7119,216.0
103,91,5773.7119,244.0
103,90,4009.5222,269.0
103,89,4009.5222,290.0
103,88,5773.7119,322.0
103,87,5773.7119,344.0
103,86,5773.7119,374.0
103,85,5773.7119,403.0
103,84,5773.7119,431.0
103,83,5773.7119,459.0
103,82,5773.7119,487.0
103,81,4009.5222,510.0
103,80,4009.5222,540.0
103,79,5773.7119,560.0
103,78,5773.7119,745.0
103,77,5773.7119,779.0
103,76,5773.7119,814.0
103,75,5773.7119,852.0
103,74,5773.7119,888.0
103,73,5773.7119,922.0
103,72,5773.7119,985.0
103,71,5773.7119,1020.0
103,70,5773.7119,1061.0
103,69,5773.7119,1098.0
103,68,5773.7119,1280.0
103,67,5773.7119,1320.0
103,66,5773.7119,1360.0
103,65,5773.7119,1410.0
103,64,5773.7119,1570.0
103,63,5773.7119,1620.0
103,62,5773.7119,1760.0
103,61,5773.7119,1810.0
103,60,9021.4249,2010.0
103,59,9021.4249,2100.0
103,58,9021.4249,2190.0
103,57,9021.4249,2290.0
103,56,9021.4249,2380.0
103,55,9021.4249,2470.0
103,54,9021.4249,2570.0
103,53,9021.4249,2670.0
103,52,9021.4249,2780.0
103,51,9021.4249,2860.0
103,50,9021.4249,2960.0
103,49,9021.4249,3060.0
103,48,9021.4249,3150.0
103,47,9021.4249,3250.0
103,46,9021.4249,3741.0
103,45,9021.4249,3821.0
103,44,9021.4249,3906.0
103,43,9021.4249,3996.0
103,42,9021.4249,4082.0
103,41,9021.4249,4165.0
103,40,9021.4249,4360.0
103,39,9021.4249,4448.0
103,38,9021.4249,4540.0
103,37,9021.4249,4630.0
103,36,9021.4249,4990.0
103,35,9021.4249,5070.0
103,34,9021.4249,5160.0
103,33,9021.4249,5250.0
103,32,9021.4249,5920.0
103,31,9021.4249,6030.0
103,30,9021.4249,6290.0
103,29,9021.4249,6390.0
103,28,16038.089,9920.0
103,27,16038.089,10110.0
103,26,16038.089,10310.0
103,25,16038.089,10520.0
103,24,16038.089,10720.0
103,23,16038.089,10920.0
103,22,16038.089,11470.0
103,21,16038.089,11680.0
103,20,16038.089,11910.0
103,19,16038.089,12120.0
103,18,16038.089,12710.0
103,17,16038.089,12890.0
103,16,16038.089,13090.0
103,15,16038.089,13300.0
103,14,16038.089,15300.0
103,13,16038.089,15600.0
103,12,16038.089,16000.0
103,11,16038.089,16200.0
103,10,36085.7,32400.0
103,9,36085.7,32900.0
103,8,36085.7,33400.0
103,7,36085.7,33900.0
103,6,36085.7,41600.0
103,5,36085.7,42300.0
103,4,36085.7,43200.0
103,3,36085.7,43759.0
103,2,144342.8,170116.0
103,1,144342.8,172928.0
104,104,4087.7549,6.02
104,103,4087.7549,14.35
104,102,3003.2485,23.84
104,101,3003.2485,31.87
104,100,5886.3671,64.0
104,99,5886.3671,77.0
104,98,5886.3671,102.0
104,97,5886.3671,119.0
104,96,5886.3671,146.1
104,95,5886.3671,169.0
104,94,5886.3671,193.0
104,93,5886.3671,225.0
104,92,5886.3671,244.0
104,91,5886.3671,275.0
104,78,5886.3671,791.0
104,77,5886.3671,825.0
104,76,5886.3671,860.0
104,75,5886.3671,899.0
104,74,5886.3671,936.0
104,73,5886.3671,972.0
104,72,5886.3671,1036.0
104,71,5886.3671,1073.0
104,70,5886.3671,1114.0
104,69,9197.4486,1151.0
104,46,9197.4486,3857.0
104,45,9197.4486,3938.0
104,44,9197.4486,4025.0
104,43,9197.4486,4116.0
104,42,9197.4486,4203.0
104,41,9197.4486,4287.0
104,40,9197.4486,4489.0
104,39,9197.4486,4580.0
104,38,9197.4486,4670.0
104,37,9197.4486,4760.0
104,36,9197.4486,5130.0
104,35,9197.4486,5210.0
104,34,9197.4486,5300.0
104,33,9197.4486,5390.0
104,32,9197.4486,6100.0
104,31,9197.4486,6200.0
104,30,9197.4486,6470.0
104,29,9197.4486,6570.0
104,28,16351.02,10170.0
104,27,16351.02,10360.0
104,26,16351.02,10560.0
104,25,16351.02,10780.0
104,24,16351.02,10980.0
104,23,16351.02,11180.0
104,22,16351.02,11750.0
104,21,16351.02,11960.0
104,20,16351.02,12200.0
104,19,16351.02,12410.0
104,18,16351.02,13010.0
104,17,16351.02,13190.0
104,16,16351.02,13400.0
104,15,16351.02,13600.0
104,14,16351.02,15800.0
104,13,16351.02,16000.0
104,12,16351.02,16400.0
104,11,16351.02,16700.0
104,10,36789.794,33100.0
104,9,36789.794,33600.0
104,8,36789.794,34100.0
104,7,36789.794,34600.0
104,6,36789.794,42700.0
104,5,36789.794,43400.0
104,4,36789.794,44300.0
104,2,147159.18,174265.0
104,1,147159.18,177142.0
105,105,4166.7435,6.8
105,104,3061.281,14.0
105,103,3061.281,23.1
105,102,4166.7435,33.0
105,101,4166.7435,43.0
105,100,6000.1107,86.0
105,99,6000.1107,98.9
105,98,6000.1107,126.0
105,97,6000.1107,145.1
105,96,6000.1107,172.0
105,95,6000.1107,196.0
105,94,6000.1107,220.9
105,93,6000.1107,254.0
105,92,6000.1107,274.0
105,91,6000.1107,307.0
105,78,6000.1107,838.0
105,77,6000.1107,872.0
105,76,6000.1107,908.0
105,75,6000.1107,948.0
105,74,6000.1107,985.0
105,73,6000.1107,1022.0
105,72,6000.1107,1089.0
105,71,6000.1107,1126.0
105,70,6000.1107,1168.0
105,69,9375.1729,1207.0
105,46,9375.1729,3975.0
105,45,9375.1729,4057.0
105,44,9375.1729,4145.0
105,43,9375.1729,4237.0
105,42,9375.1729,4326.0
105,41,9375.1729,4411.0
105,40,9375.1729,4620.0
105,39,9375.1729,4710.0
105,38,9375.1729,4810.0
105,37,9375.1729,4900.0
105,36,9375.1729,5260.0
105,35,9375.1729,5350.0
105,34,9375.1729,5450.0
105,33,9375.1729,5530.0
105,32,9375.1729,6280.0
105,31,9375.1729,6380.0
105,30,9375.1729,6650.0
105,29,9375.1729,6760.0
105,28,16666.974,10420.0
105,27,16666.974,10610.0
105,26,16666.974,10820.0
105,25,16666.974,11040.0
105,24,16666.974,11240.0
105,23,16666.974,11440.0
105,22,16666.974,12040.0
105,21,16666.974,12250.0
105,20,16666.974,12480.0
105,19,16666.974,12700.0
105,18,16666.974,13300.0
105,17,16666.974,13500.0
105,16,16666.974,13700.0
105,15,16666.974,13900.0
105,14,16666.974,16200.0
105,13,16666.974,16400.0
105,12,16666.974,16900.0
105,11,16666.974,17100.0
105,10,37500.692,33800.0
105,9,37500.692,34300.0
105,8,37500.692,34800.0
105,7,37500.692,35300.0
105,6,37500.692,43800.0
105,5,37500.692,44500.0
105,4,37500.692,45400.0
105,2,150002.77,178505.0
105,1,150002.77,181445.0
106,106,4246.488,7.8
106,105,3119.8687,17.1
106,104,3119.8687,25.8
106,103,4246.488,35.5
106,102,4246.488,47.2
106,101,4246.488,59.3
106,100,6114.9427,109.0
106,99,6114.9427,122.0
106,98,6114.9427,152.0
106,97,6114.9427,170.0
106,96,6114.9427,200.0
106,95,6114.9427,224.0
106,94,6114.9427,251.0
106,93,6114.9427,285.0
106,92,6114.9427,306.0
106,91,6114.9427,339.0
106,78,6114.9427,885.0
106,77,6114.9427,921.0
106,76,6114.9427,958.0
106,75,6114.9427,998.0
106,74,6114.9427,1036.0
106,73,6114.9427,1073.0
106,72,6114.9427,1143.0
106,71,6114.9427,1181.0
106,70,6114.9427,1223.0
106,69,9554.598,1263.0
106,46,9554.598,4095.0
106,45,9554.598,4178.0
106,44,9554.598,4267.0
106,43,9554.598,4360.0
106,42,9554.598,4450.0
106,41,9554.598,4540.0
106,40,9554.598,4750.0
106,39,9554.598,4840.0
106,38,9554.598,4940.0
106,37,9554.598,5030.0
106,36,9554.598,5410.0
106,35,9554.598,5490.0
106,34,9554.598,5590.0
106,33,9554.598,5680.0
106,32,9554.598,6460.0
106,31,9554.598,6570.0
106,30,9554.598,6840.0
106,29,9554.598,6950.0
106,28,16985.952,10680.0
106,27,16985.952,10870.0
106,26,16985.952,11080.0
106,25,16985.952,11300.0
106,24,16985.952,11510.0
106,23,16985.952,11710.0
106,22,16985.952,12320.0
106,21,16985.952,12540.0
106,20,16985.952,12780.0
106,19,16985.952,12990.0
106,18,16985.952,13600.0
106,17,16985.952,13800.0
106,16,16985.952,14000.0
106,15,16985.952,14200.0
106,14,16985.952,16600.0
106,13,16985.952,16800.0
106,12,16985.952,17300.0
106,11,16985.952,17500.0
106,10,38218.392,34500.0
106,9,38218.392,35000.0
106,8,38218.392,35600.0
106,7,38218.392,36100.0
106,6,38218.392,44900.0
106,5,38218.392,45700.0
106,4,38218.392,46600.0
106,2,152873.57,182833.0
106,1,152873.57,185835.0
107,107,4326.9883,7.7
107,106,3179.0118,17.5
107,105,3179.0118,26.7
107,104,4326.9883,37.3
107,103,4326.9883,49.0
107,102,4326.9883,62.1
107,101,4326.9883,74.9
107,100,6230.8632,134.0
107,99,6230.8632,148.0
107,98,6230.8632,178.0
107,97,6230.8632,198.0
107,96,6230.8632,228.0
107,95,6230.8632,255.0
107,94,6230.8632,281.0
107,93,6230.8632,318.0
107,92,6230.8632,337.0
107,91,6230.8632,374.0
107,78,6230.8632,934.0
107,77,6230.8632,969.0
107,76,6230.8632,1008.0
107,75,6230.8632,1049.0
107,74,6230.8632,1088.0
107,73,6230.8632,1126.0
107,72,6230.8632,1197.0
107,71,6230.8632,1237.0
107,70,6230.8632,1280.0
107,69,9735.7238,1320.0
107,46,9735.7238,4216.0
107,45,9735.7238,4301.0
107,44,9735.7238,4390.0
107,43,9735.7238,4486.0
107,42,9735.7238,4580.0
107,41,9735.7238,4660.0
107,40,9735.7238,4890.0
107,39,9735.7238,4980.0
107,38,9735.7238,5080.0
107,37,9735.7238,5170.0
107,36,9735.7238,5550.0
107,35,9735.7238,5640.0
107,34,9735.7238,5740.0
107,33,9735.7238,5830.0
107,32,9735.7238,6650.0
107,31,9735.7238,6760.0
107,30,9735.7238,7040.0
107,29,9735.7238,7140.0
107,28,17307.953,10930.0
107,27,17307.953,11130.0
107,26,17307.953,11340.0
107,25,17307.953,11560.0
107,24,17307.953,11780.0
107,23,17307.953,11980.0
107,22,17307.953,12610.0
107,21,17307.953,12830.0
107,20,17307.953,13070.0
107,19,17307.953,13300.0
107,18,17307.953,13900.0
107,17,17307.953,14100.0
107,16,17307.953,14300.0
107,15,17307.953,14500.0
107,14,17307.953,17000.0
107,13,17307.953,17300.0
107,12,17307.953,17700.0
107,11,17307.953,18000.0
107,10,38942.895,35200.0
107,9,38942.895,35700.0
107,8,38942.895,36300.0
107,7,38942.895,36800.0
107,6,38942.895,46100.0
107,5,38942.895,46900.0
107,4,38942.895,47800.0
107,2,155771.58,187260.0
107,1,155771.58,190329.0
108,108,4408.2446,7.6
108,107,3238.7103,18.2
108,106,4408.2446,29.3
108,105,3238.7103,37.7
108,104,4408.2446,51.2
108,103,4408.2446,64.0
108,102,4408.2446,78.1
108,101,4408.2446,91.7
108,100,6347.8722,159.9
108,99,6347.8722,173.9
108,98,6347.8722,206.1
108,97,6347.8722,227.0
108,96,6347.8722,258.0
108,95,6347.8722,285.0
108,94,6347.8722,314.0
108,93,6347.8722,351.0
108,92,6347.8722,371.0
108,91,6347.8722,409.0
108,78,6347.8722,984.0
108,77,6347.8722,1020.0
108,76,6347.8722,1060.0
108,75,6347.8722,1101.0
108,74,6347.8722,1140.0
108,73,6347.8722,1180.0
108,72,6347.8722,1253.0
108,71,6347.8722,1294.0
108,70,6347.8722,1338.0
108,69,9918.5503,1379.0
108,46,9918.5503,4339.0
108,45,9918.5503,4425.0
108,44,9918.5503,4516.0
108,43,9918.5503,4610.0
108,42,9918.5503,4700.0
108,41,9918.5503,4790.0
108,40,9918.5503,5020.0
108,39,9918.5503,5110.0
108,38,9918.5503,5220.0
108,37,9918.5503,5310.0
108,36,9918.5503,5700.0
108,35,9918.5503,5780.0
108,34,9918.5503,5880.0
108,33,9918.5503,5980.0
108,32,9918.5503,6840.0
108,31,9918.5503,6950.0
108,30,9918.5503,7230.0
108,29,9918.5503,7340.0
108,28,17632.978,11200.0
108,27,17632.978,11390.0
108,26,17632.978,11610.0
108,25,17632.978,11830.0
108,24,17632.978,12040.0
108,23,17632.978,12250.0
108,22,17632.978,12910.0
108,21,17632.978,13130.0
108,20,17632.978,13400.0
108,19,17632.978,13600.0
108,18,17632.978,14200.0
108,17,17632.978,14400.0
108,16,17632.978,14600.0
108,15,17632.978,14800.0
108,14,17632.978,17500.0
108,13,17632.978,17700.0
108,12,17632.978,18200.0
108,11,17632.978,18400.0
108,10,39674.201,35900.0
108,9,39674.201,36400.0
108,8,39674.201,37000.0
108,7,39674.201,37500.0
108,6,39674.201,47300.0
108,5,39674.201,48100.0
108,4,39674.201,49000.0
108,2,158696.8,191784.0
108,1,158696.8,194911.0
109,105,4490.2567,50.0
109,102,4490.2567,94.0
109,101,4490.2567,109.0
109,100,6465.9696,187.0
109,99,6465.9696,202.0
109,98,6465.9696,235.9
109,97,6465.9696,257.0
109,96,6465.9696,289.0
109,95,6465.9696,318.0
109,94,6465.9696,346.0
109,93,6465.9696,386.0
109,92,6465.9696,406.0
109,91,6465.9696,445.0
109,78,6465.9696,1035.0
109,77,6465.9696,1072.0
109,76,6465.9696,1112.0
109,75,6465.9696,1154.0
109,74,6465.9696,1195.0
109,73,6465.9696,1234.0
109,72,6465.9696,1311.0
109,71,6465.9696,1352.0
109,70,6465.9696,1397.0
109,69,10103.077,1439.0
109,46,10103.077,4464.0
109,45,10103.077,4551.0
109,44,10103.077,4640.0
109,43,10103.077,4740.0
109,42,10103.077,4830.0
109,41,10103.077,4920.0
109,40,10103.077,5160.0
109,39,10103.077,5250.0
109,38,10103.077,5360.0
109,37,10103.077,5450.0
109,36,10103.077,5840.0
109,35,10103.077,5930.0
109,34,10103.077,6030.0
109,33,10103.077,6130.0
109,32,10103.077,7030.0
109,31,10103.077,7150.0
109,30,10103.077,7430.0
109,29,10103.077,7550.0
109,28,17961.027,11460.0
109,27,17961.027,11660.0
109,26,17961.027,11870.0
109,25,17961.027,12100.0
109,24,17961.027,12320.0
109,23,17961.027,12530.0
109,22,17961.027,13200.0
109,21,17961.027,13400.0
109,20,17961.027,13700.0
109,19,17961.027,13900.0
109,18,17961.027,14500.0
109,17,17961.027,14700.0
109,16,17961.027,14900.0
109,15,17961.027,15100.0
109,14,17961.027,17900.0
109,13,17961.027,18200.0
109,12,17961.027,18700.0
109,11,17961.027,18900.0
109,10,40412.31,36700.0
109,9,40412.31,37200.0
109,8,40412.31,37800.0
109,7,40412.31,38300.0
109,6,40412.31,48500.0
109,5,40412.31,49400.0
109,4,40412.31,50300.0
109,2,161649.24,196392.0
109,1,161649.24,199605.0
110,105,4573.0246,65.0
110,102,4573.0246,112.9
110,101,4573.0246,128.0
110,100,6585.1555,216.0
110,99,6585.1555,231.0
110,98,6585.1555,266.0
110,97,6585.1555,288.0
110,96,6585.1555,322.0
110,95,6585.1555,352.0
110,94,6585.1555,380.0
110,93,6585.1555,422.0
110,92,6585.1555,442.0
110,91,6585.1555,483.0
110,78,6585.1555,1087.0
110,77,6585.1555,1125.0
110,76,6585.1555,1165.0
110,75,6585.1555,1208.0
110,74,6585.1555,1250.0
110,73,6585.1555,1290.0
110,72,6585.1555,1369.0
110,71,6585.1555,1412.0
110,70,6585.1555,1457.0
110,69,10289.305,1500.0
110,46,10289.305,4590.0
110,45,10289.305,4680.0
110,44,10289.305,4770.0
110,43,10289.305,4870.0
110,42,10289.305,4960.0
110,41,10289.305,5060.0
110,40,10289.305,5300.0
110,39,10289.305,5400.0
110,38,10289.305,5500.0
110,37,10289.305,5600.0
110,36,10289.305,5990.0
110,35,10289.305,6080.0
110,34,10289.305,6190.0
110,33,10289.305,6280.0
110,32,10289.305,7230.0
110,31,10289.305,7350.0
110,30,10289.305,7640.0
110,29,10289.305,7750.0
110,28,18292.099,11730.0
110,27,18292.099,11930.0
110,26,18292.099,12140.0
110,25,18292.099,12380.0
110,24,18292.099,12600.0
110,23,18292.099,12810.0
110,22,18292.099,13500.0
110,21,18292.099,13700.0
110,20,18292.099,14000.0
110,19,18292.099,14200.0
110,18,18292.099,14800.0
110,17,18292.099,15000.0
110,16,18292.099,15300.0
110,15,18292.099,15500.0
110,14,18292.099,18400.0
110,13,18292.099,18600.0
110,12,18292.099,19100.0
110,11,18292.099,19400.0
110,10,41157.222,37400.0
110,9,41157.222,37900.0
110,8,41157.222,38500.0
110,7,41157.222,39100.0
110,6,41157.222,49800.0
110,5,41157.222,50700.0
110,4,41157.222,51600.0
110,2,164628.89,201112.0
110,1,164628.89,204394.0
