Z,N,IE_pred_eV,IE_ref_eV
1,1,13.605693,13.598434599702
2,2,24.218134,24.587389011
2,1,54.422772,54.4177655282
3,3,4.5093599,5.391714996
3,2,75.919768,75.640097
3,1,122.45124,122.45435913
4,4,5.9393651,9.322699
4,3,16.221141,18.21115
4,2,154.83279,153.896205
4,1,217.69109,217.71858459
5,5,4.6871602,8.298019
5,4,19.554582,25.15483
5,3,34.735768,37.93059
5,2,260.95719,259.374379
5,1,340.14233,340.2260225
6,6,6.3064604,11.260288
6,5,19.269062,24.383143
6,4,39.972646,47.88778
6,3,60.053242,64.49352
6,2,394.29299,392.09056
6,1,489.80495,489.99320779
7,7,7.9357491,14.53413
7,6,23.165955,29.60125
7,5,40.65381,47.4453
7,4,67.193556,77.4735
7,3,92.173562,97.8901
7,2,554.84017,552.06741
7,1,666.67896,667.0461377
8,8,9.5750262,13.618055
8,7,27.072837,35.12112
8,6,46.828296,54.93554
8,5,68.841405,77.4135
8,4,101.21731,113.899
8,3,131.09673,138.1189
8,2,742.59873,739.32697
8,1,870.76436,871.4099138
9,9,11.224292,17.42282
9,8,30.989707,34.97081
9,7,53.012771,62.70798
9,6,77.293484,87.175
9,5,103.83185,114.249
9,4,142.04392,157.16311
9,3,176.82274,185.1868
9,2,957.56868,953.8983
9,1,1102.0611,1103.1175302
10,10,12.883546,21.564541
10,9,34.916566,40.96297
10,8,59.207234,63.4233
10,7,85.755552,97.19
10,6,114.56152,126.247
10,5,145.62513,157.934
10,4,189.67337,207.271
10,3,229.3516,239.097
10,2,1199.75,1195.8082
10,1,1360.5693,1362.199256
11,11,3.1330475,5.13907696
11,10,38.853413,47.28636
11,9,65.411686,71.62
11,8,94.227608,98.936
11,7,125.30118,138.404
11,6,158.6324,172.23
11,5,194.22127,208.504
11,4,244.10566,264.192
11,3,288.68331,299.856
11,2,1469.1427,1465.0992
11,1,1646.2889,1648.702285
12,12,7.4362001,7.646236
12,11,11.715368,15.035271
12,10,71.626126,80.1436
12,9,102.70965,109.2654
12,8,136.05083,141.33
12,7,171.64965,186.76
12,6,209.50613,225.02
12,5,249.62025,265.924
12,4,305.34081,327.99
12,3,354.81786,367.489
12,2,1765.7469,1761.8049
12,1,1959.2198,1962.663889
13,13,-14.037847,5.985769
13,12,17.529659,18.82855
13,11,23.321175,28.447642
13,10,111.20169,119.9924
13,9,146.81047,153.8252
13,8,184.6769,190.49
13,7,224.80097,241.76
13,6,267.1827,284.64
13,5,311.82208,330.21
13,4,373.3788,398.65
13,3,427.75526,442.005
13,2,2089.5623,2085.97693
13,1,2299.3621,2304.140359
14,14,-15.274984,8.15168
14,13,-5.9640776,16.34585
14,12,30.646606,33.493
14,11,37.95047,45.14179
14,10,157.58009,166.767
14,9,197.71413,205.279
14,8,240.10581,246.57
14,7,284.75514,303.59
14,6,331.66212,351.28
14,5,380.82675,401.38
14,4,448.21963,476.273
14,3,507.49551,523.415
14,2,2440.5892,2437.65805
14,1,2666.7159,2673.177958
15,15,-16.776118,10.486686
15,14,-6.4773912,19.76949
15,13,5.1331792,30.20264
15,12,46.787039,51.44387
15,11,55.603252,65.02511
15,10,210.76135,220.43
15,9,255.42063,263.57
15,8,302.33757,309.6
15,7,351.51215,372.31
15,6,402.94439,424.4
15,5,456.63427,479.44
15,4,529.86331,560.62
15,3,594.0386,611.741
15,2,2818.8275,2816.90868
15,1,3061.281,3069.842145
16,16,-18.541251,10.3600167
16,15,-7.2547029,23.33788
16,14,5.3436885,34.86
16,13,19.253923,47.222
16,12,65.95096,72.5945
16,11,76.279521,88.0529
16,10,270.74544,280.954
16,9,319.92999,328.794
16,8,371.37218,379.84
16,7,425.07201,447.7
16,6,481.0295,504.55
16,5,539.24464,564.41
16,4,618.30984,651.96
16,3,687.38454,706.994
16,2,3224.2772,3223.78057
16,1,3483.0574,3494.188518
17,17,-20.570381,12.967633
17,16,-8.2960125,23.81364
17,15,5.2901997,39.8
17,14,20.188256,53.24
17,13,36.398155,67.68
17,12,88.138369,96.94
17,11,99.979278,114.2013
17,10,337.53239,348.306
17,9,391.24219,400.851
17,8,447.20963,456.7
17,7,505.43472,530.0
17,6,565.91746,591.58
17,5,628.65785,656.3
17,4,713.55922,750.23
17,3,787.53333,809.198
17,2,3656.9382,3658.34366
17,1,3932.0453,3946.29179
18,18,-22.86351,15.7596119
18,17,-9.6013202,27.62967
18,16,4.9727129,40.735
18,15,20.85859,59.58
18,14,38.05631,74.84
18,13,56.565874,91.29
18,12,113.34926,124.41
18,11,126.70252,143.4567
18,10,411.12218,422.6
18,9,469.35723,479.76
18,8,529.84993,540.4
18,7,592.60027,619.0
18,6,657.60827,685.5
18,5,724.87391,755.13
18,4,815.61144,855.5
18,3,894.48496,918.375
18,2,4116.8106,4120.66559
18,1,4408.2446,4426.22407
19,19,-43.631152,4.34066373
19,18,-11.170626,31.625
19,17,4.3912281,45.8031
19,16,21.264926,60.917
19,15,39.450467,82.66
19,14,58.947852,99.44
19,13,79.75708,117.56
19,12,141.58365,154.87
19,11,156.44925,175.8174
19,10,491.51482,503.67
19,9,554.27512,565.6
19,8,619.29307,631.1
19,7,686.56867,714.7
19,6,756.10192,786.3
19,5,827.89282,860.92
19,4,924.46651,967.7
19,3,1008.2394,1034.542
19,2,4603.8944,4610.80714
19,1,4911.6552,4934.04979
20,20,-42.048809,6.113154921
20,19,-41.269695,11.871719
20,18,3.5457453,50.91316
20,17,21.407264,67.2732
20,16,40.580626,84.34
20,15,61.065832,108.78
20,14,82.862881,127.21
20,13,105.97177,147.24
20,12,172.84152,188.54
20,11,189.21947,211.275
20,10,578.71031,591.6
20,9,645.99586,658.2
20,8,715.53907,728.6
20,7,787.33992,817.2
20,6,861.39842,894.0
20,5,937.71457,973.7
20,4,1040.1244,1086.8
20,3,1128.7968,1157.726
20,2,5118.1896,5128.8576
20,1,5442.2772,5469.86358
21,21,-44.246463,6.56149
21,20,-43.415595,12.79977
21,19,-52.308312,24.756839
21,18,21.285604,73.4894
21,17,41.446787,91.95
21,16,62.919813,110.68
21,15,85.704684,137.99
21,14,109.8014,158.08
21,13,135.20995,180.03
21,12,207.12288,225.18
21,11,225.01318,249.798
21,10,672.70864,687.36
21,9,744.51945,757.7
21,8,818.58791,833.2
21,7,894.91401,926.5
21,6,973.49777,1008.6
21,5,1054.3392,1093.5
21,4,1162.5852,1213.1
21,3,1256.1569,1287.957
21,2,5659.6962,5674.9036
21,1,6000.1107,6033.75643
22,22,-46.402356,6.82812
22,21,-45.519734,13.5755
22,20,-50.101709,27.49171
22,19,-39.871802,43.26717
22,18,42.04895,99.299
22,17,64.509797,119.533
22,16,88.282488,140.68
22,15,113.36702,170.5
22,14,139.7634,192.1
22,13,167.47162,215.92
22,12,244.42772,265.07
22,11,263.83037,291.5
22,10,773.50982,787.67
22,9,849.84588,864.0
22,8,928.43959,944.5
22,7,1009.291,1042.5
22,6,1092.4,1130.2
22,5,1177.7666,1220.3
22,4,1291.8488,1346.3
22,3,1390.32,1425.257
22,2,6228.4142,6249.0226
22,1,6585.1555,6625.81023
23,23,-38.085163,6.746187
23,22,-58.013439,14.634
23,21,-47.470706,29.3111
23,20,-36.270161,46.709
23,19,-24.411804,65.28165
23,18,65.835783,128.125
23,17,90.596295,150.72
23,16,116.66865,173.55
23,15,144.05285,206.0
23,14,172.74889,230.5
23,13,202.75678,254.8
23,12,284.75605,308.5
23,11,305.67105,336.274
23,10,881.11385,896.0
23,9,961.97516,977.2
23,8,1045.0941,1062.9
23,7,1130.4707,1165.2
23,6,1218.105,1258.9
23,5,1307.9969,1354.2
23,4,1427.9153,1486.7
23,3,1531.2858,1569.656
23,2,6824.3436,6851.3112
23,1,7197.4117,7246.12624
24,24,-55.275551,6.76651
24,23,-55.928674,16.486305
24,22,-44.415304,30.959
24,21,-32.244121,49.16
24,20,-19.415126,69.46
24,19,-5.9283184,90.6349
24,18,92.646104,160.29
24,17,119.70628,184.76
24,16,148.0783,209.5
24,15,177.76216,244.5
24,14,208.75787,270.8
24,13,241.06542,296.7
24,12,328.10787,354.7
24,11,350.53522,384.163
24,10,995.52072,1011.6
24,9,1080.9073,1097.2
24,8,1168.5515,1188.0
24,7,1258.4534,1294.8
24,6,1350.6129,1394.5
24,5,1445.0301,1495.1
24,4,1570.7846,1634.1
24,3,1679.0545,1721.183
24,2,7447.4843,7481.8624
24,1,7836.8792,7894.80289
25,25,-52.619472,7.434038
25,24,-51.581586,15.63999
25,23,-40.935503,33.668
25,22,-27.793682,51.21
25,21,-13.994049,72.41
25,20,0.46339624,95.604
25,19,15.578654,119.203
25,18,122.47991,195.5
25,17,151.83975,221.89
25,16,182.51144,248.6
25,15,214.49497,286.1
25,14,247.79034,314.4
25,13,282.39755,343.6
25,12,374.48318,402.95
25,11,398.42288,435.172
25,10,1116.7304,1133.7
25,9,1206.6423,1224.1
25,8,1298.8117,1320.3
25,7,1393.2389,1430.9
25,6,1489.9236,1537.2
25,5,1588.866,1643.2
25,4,1720.4567,1788.7
25,3,1833.6261,1879.873
25,2,8097.8364,8140.7864
25,1,8503.5582,8571.95438
26,26,-54.608323,7.9024681
26,25,-53.518682,16.19921
26,24,-37.031302,30.651
26,23,-22.918844,54.91
26,22,-8.1485732,75.0
26,21,7.2795101,98.985
26,20,23.365406,124.9671
26,19,40.109114,151.06
26,18,155.33721,233.6
26,17,186.99671,262.1
26,16,219.96806,290.9
26,15,254.25125,330.8
26,14,289.84629,361.0
26,13,326.75317,392.2
26,12,423.88198,456.2
26,11,449.33402,489.312
26,10,1244.743,1262.7
26,9,1339.1801,1357.8
26,8,1435.8748,1460.0
26,7,1534.8272,1575.6
26,6,1636.0372,1687.0
26,5,1739.5049,1798.4
26,4,1876.9317,1950.4
26,3,1995.0005,2045.759
26,2,8775.4,8828.1864
26,1,9197.4486,9277.6886
27,27,-64.841443,7.88101
27,26,-47.127986,17.0844
27,25,-32.702703,33.5
27,24,-17.619607,51.27
27,23,-1.8786979,79.5
27,22,14.520023,102.0
27,21,31.576557,128.9
27,20,49.290903,157.8
27,19,67.663062,186.14
27,18,191.21799,275.4
27,17,225.17716,305.32
27,16,260.44817,336.1
27,15,297.03103,378.5
27,14,334.92573,410.0
27,13,374.13228,441.1
27,12,476.30426,511.96
27,11,503.26865,546.588
27,10,1379.5584,1397.2
27,9,1478.5207,1504.5
27,8,1579.7407,1606.0
27,7,1683.2183,1724.0
27,6,1788.9536,1844.0
27,5,1896.9466,1960.8
27,4,2040.2095,2119.4
27,3,2163.1777,2218.876
27,2,9480.1749,9544.1817
27,1,9918.5503,10012.1297
28,28,-72.382707,7.639878
28,27,-43.345625,18.168838
28,26,-27.949704,35.187
28,25,-11.89597,54.92
28,24,4.8155767,76.06
28,23,22.184936,108.0
28,22,40.212107,132.0
28,21,58.897091,162.0
28,20,78.239887,193.2
28,19,98.240496,224.7
28,18,230.12226,319.5
28,17,266.38109,351.6
28,16,303.95177,384.5
28,15,342.83429,429.3
28,14,383.02866,462.8
28,13,424.53487,495.4
28,12,531.75003,571.07
28,11,560.22677,607.02
28,10,1521.1767,1540.1
28,9,1624.6643,1646.0
28,8,1730.4095,1758.0
28,7,1838.4124,1880.0
28,6,1948.6729,2008.1
28,5,2061.1911,2130.5
28,4,2210.2902,2295.6
28,3,2338.1578,2399.259
28,2,10212.161,10288.8848
28,1,10666.863,10775.3948
29,29,-65.875929,7.72638
29,28,-39.138865,20.29239
29,27,-22.772305,36.841
29,26,-5.7479337,57.38
29,25,11.934251,79.8
29,24,30.274247,103.0
29,23,49.272057,139.0
29,22,68.927678,166.0
29,21,89.241113,198.0
29,20,110.21236,232.2
29,19,131.84142,265.33
29,18,272.05002,367.0
29,17,310.60852,401.0
29,16,350.47886,436.0
29,15,391.66104,483.1
29,14,434.15507,518.7
29,13,477.96095,552.8
29,12,590.21928,632.5
29,11,620.20837,670.608
29,10,1669.5978,1690.5
29,9,1777.6106,1800.0
29,8,1887.8811,1918.0
29,7,2000.4092,2044.0
29,6,2115.195,2179.4
29,5,2232.2384,2307.3
29,4,2387.1738,2479.1
29,3,2519.9408,2586.954
29,2,10971.359,11062.4309
29,1,11442.388,11567.6237
30,30,-62.146116,9.394197
30,29,-60.849457,17.96439
30,28,-17.170508,39.7233
30,27,0.82450171,59.573
30,26,19.477324,82.6
30,25,38.787958,108.0
30,24,58.756405,133.9
30,23,79.382665,173.9
30,22,100.66674,203.0
30,21,122.60862,238.0
30,20,145.20832,274.4
30,19,168.46583,310.8
30,18,317.00126,417.6
30,17,357.85943,453.4
30,16,400.02943,490.6
30,15,443.51128,540.0
30,14,488.30498,577.8
30,13,534.41052,613.3
30,12,651.71203,697.5
30,11,683.21347,737.366
30,10,1824.8217,1846.8
30,9,1937.3598,1961.0
30,8,2052.1556,2085.0
30,7,2169.2089,2214.0
30,6,2288.52,2358.0
30,5,2410.0887,2491.5
30,4,2570.8601,2669.9
30,3,2708.5266,2781.996
30,2,11757.768,11864.9401
30,1,12245.124,12388.9427
31,31,-85.475126,5.999302
31,30,-55.749211,20.51514
31,29,-54.122273,30.72576
31,28,7.8213363,63.241
31,27,27.444796,86.01
31,26,47.726069,112.7
31,25,68.665153,140.8
31,24,90.262051,169.9
31,23,112.51676,211.0
31,22,135.42928,244.0
31,21,158.99962,280.0
31,20,183.22776,319.0
31,19,208.11372,356.0
31,18,364.97599,471.2
31,17,408.13382,508.8
31,16,452.60349,548.3
31,15,498.38501,599.8
31,14,545.47837,640.0
31,13,593.88357,677.0
31,12,716.22826,765.7
31,11,749.24205,807.308
31,10,1986.8485,2010.0
31,9,2103.9119,2129.0
31,8,2223.2329,2258.0
31,7,2344.8115,2391.0
31,6,2468.6478,2543.9
31,5,2594.7417,2683.0
31,4,2761.3494,2868.0
31,3,2903.9152,2984.426
31,2,12571.388,12696.5581
31,1,13075.071,13239.5029
32,32,-84.453201,7.899435
32,31,-79.091713,15.93461
32,30,-47.651593,34.0576
32,29,-45.694378,45.7155
32,28,35.836668,90.5
32,27,57.088578,115.9
32,26,78.998301,144.9
32,25,101.56584,176.4
32,24,124.79118,212.5
32,23,148.67434,252.1
32,22,173.21532,286.0
32,21,198.4141,326.0
32,20,224.2707,367.0
32,19,250.78511,407.0
32,18,415.97421,527.9
32,17,461.43171,567.3
32,16,508.20104,609.1
32,15,556.28222,662.8
32,14,605.67524,706.7
32,13,656.38011,744.0
32,12,783.76798,837.1
32,11,818.29411,880.44
32,10,2155.6782,2178.2
32,9,2277.2668,2304.0
32,8,2401.113,2439.0
32,7,2527.2169,2575.0
32,6,2655.5785,2737.1
32,5,2786.1976,2881.9
32,4,2958.6414,3074.0
32,3,3106.1067,3194.293
32,2,13412.22,13557.4218
32,1,13932.23,14119.4457
33,33,-83.27622,9.78855
33,32,-77.357189,18.5892
33,31,-71.007588,28.349
33,30,-37.853265,50.15
33,29,-35.565771,62.77
33,28,66.875487,121.19
33,27,89.755847,147.0
33,26,113.29402,180.0
33,25,137.49001,213.0
33,24,162.3438,247.0
33,23,187.85541,296.0
33,22,214.02484,333.0
33,21,240.85207,375.0
33,20,268.33712,418.0
33,19,296.47998,460.0
33,18,469.99592,587.6
33,17,517.75308,628.8
33,16,566.82208,672.9
33,15,617.20292,728.9
33,14,668.89561,774.0
33,13,721.90014,814.0
33,12,854.33119,911.7
33,11,890.36967,956.79
33,10,2331.3107,2356.9
33,9,2457.4245,2486.0
33,8,2585.796,2626.0
33,7,2716.4252,2766.0
33,6,2849.312,2938.0
33,5,2984.4564,3088.1
33,4,3162.7364,3287.0
33,3,3315.101,3411.643
33,2,14280.263,14447.6799
33,1,14816.6,15028.9251
34,34,-81.944185,9.752368
34,33,-75.467611,21.196
34,32,-68.560466,31.697
34,31,-61.222751,42.947
34,30,-26.354224,68.3
34,29,-23.736452,81.83
34,28,100.93779,155.327
34,27,125.4466,184.0
34,26,150.61323,219.0
34,25,176.43766,255.0
34,24,202.91991,291.0
34,23,230.05997,342.9
34,22,257.85784,383.0
34,21,286.31353,426.0
34,20,315.42703,473.0
34,19,345.19834,517.0
34,18,527.04112,650.5
34,17,577.09794,693.4
34,16,628.4666,739.8
34,15,681.14711,798.0
34,14,735.13946,845.8
34,13,790.44366,887.0
34,12,927.91788,989.6
34,11,965.46871,1036.36
34,10,2513.746,2540.7
34,9,2644.3851,2674.0
34,8,2777.2819,2820.0
34,7,2912.4363,2964.0
34,6,3049.8483,3146.0
34,5,3189.518,3301.8
34,4,3373.6341,3507.0
34,3,3530.8982,3636.526
34,2,15175.518,15367.493
34,1,15728.181,15968.1075
35,35,-80.457094,11.81381
35,34,-73.422977,21.591
35,33,-65.958289,34.871
35,32,-58.063031,47.782
35,31,-49.737203,59.595
35,30,-13.154472,87.39
35,29,-10.206422,103.03
35,28,138.02359,192.61
35,27,164.16085,224.0
35,26,190.95592,261.0
35,25,218.40881,301.0
35,24,246.51951,338.0
35,23,275.28802,393.0
35,22,304.71434,436.0
35,21,334.79848,481.0
35,20,365.54042,530.0
35,19,396.94019,577.0
35,18,587.1098,716.3
35,17,639.46628,761.0
35,16,693.13461,809.8
35,15,748.11478,870.0
35,14,804.4068,920.8
35,13,862.01066,963.0
35,12,1004.5281,1070.6
35,11,1043.5912,1119.17
35,10,2702.9842,2731.4
35,9,2838.1485,2869.0
35,8,2975.5705,3021.0
35,7,3115.2502,3169.0
35,6,3257.1875,3361.0
35,5,3401.3825,3523.1
35,4,3591.3347,3735.0
35,3,3753.4982,3868.986
35,2,16097.984,16317.014
35,1,16666.974,16937.1497
36,36,-78.814948,13.9996055
36,35,-71.223288,24.35984
36,34,-63.201057,35.838
36,33,-54.748257,50.85
36,32,-45.864885,64.69
36,31,-36.550943,78.49
36,30,1.7459918,109.13
36,29,5.0243204,125.802
36,28,178.13287,233.0
36,27,205.89858,268.0
36,26,234.3221,308.0
36,25,263.40344,350.0
36,24,293.14259,391.0
36,23,323.53955,446.0
36,22,354.59432,492.0
36,21,386.30691,540.0
36,20,418.67731,591.0
36,19,451.70552,640.0
36,18,650.20197,785.316
36,17,704.85812,831.6
36,16,760.82611,882.8
36,15,818.10595,945.0
36,14,876.69763,999.0
36,13,936.60115,1042.0
36,12,1084.1617,1155.0
36,11,1124.7373,1205.23
36,10,2899.0252,2928.9
36,9,3038.7148,3072.0
36,8,3180.6621,3228.0
36,7,3324.867,3380.0
36,6,3471.3296,3584.0
36,5,3620.0498,3752.0
36,4,3815.8382,3971.0
36,3,3982.9011,4109.083
36,2,17047.661,17296.424
36,1,17632.978,17936.2405
37,37,-101.07399,4.1771281
37,36,-68.868544,27.28954
37,35,-60.28877,39.247
37,34,-51.278426,52.2
37,33,-41.837512,68.44
37,32,-31.966027,82.9
37,31,-21.663972,98.67
37,30,18.347167,132.79
37,29,21.955774,150.628
37,28,221.26564,277.12
37,27,250.6598,313.1
37,26,280.71177,356.0
37,25,311.42156,400.0
37,24,342.78916,443.0
37,23,374.81457,502.0
37,22,407.49779,550.0
37,21,440.83883,601.0
37,20,474.83768,654.0
37,19,509.49434,706.0
37,18,716.31762,857.0
37,17,773.27344,905.3
37,16,831.5411,958.9
37,15,891.1206,1024.0
37,14,952.01194,1080.0
37,13,1014.2151,1125.0
37,12,1166.8189,1242.5
37,11,1208.9068,1294.57
37,10,3101.8691,3133.3
37,9,3246.084,3281.0
37,8,3392.5565,3443.0
37,7,3541.2866,3600.0
37,6,3692.2744,3815.0
37,5,3845.5199,3988.0
37,4,4047.1445,4214.0
37,3,4219.1068,4356.865
37,2,18024.55,18305.886
37,1,18626.194,18965.5484
38,38,-100.73878,5.69486745
38,37,-100.39098,11.0302765
38,36,-57.221428,42.88353
38,35,-47.653541,56.28
38,34,-37.655084,70.7
38,33,-27.226056,88.0
38,32,-16.366457,104.0
38,31,-5.0762886,121.21
38,30,36.649054,158.33
38,29,40.587939,177.3
38,28,267.42189,324.07
38,27,298.4445,362.0
38,26,330.12493,408.0
38,25,362.46316,454.0
38,24,395.45921,499.0
38,23,429.11308,562.0
38,22,463.42475,612.0
38,21,498.39424,665.0
38,20,534.02154,722.0
38,19,570.30665,774.0
38,18,785.45677,932.0
38,17,844.71224,982.1
38,16,905.27957,1038.0
38,15,967.15873,1105.0
38,14,1030.3497,1165.0
38,13,1094.8526,1211.0
38,12,1252.4995,1333.4
38,11,1296.0998,1387.19
38,10,3311.5158,3344.7
38,9,3460.2559,3497.0
38,8,3611.2537,3664.0
38,7,3764.5091,3830.0
38,6,3920.0222,4053.0
38,5,4077.7929,4232.0
38,4,4285.2537,4465.0
38,3,4462.1154,4612.397
38,2,19028.65,19345.59
38,1,19646.621,20025.2673
39,39,-76.304691,6.21726
39,38,-129.44471,12.2236
39,37,-68.353504,20.52441
39,36,-43.873601,60.6072
39,35,-33.3176,75.35
39,34,-22.331029,91.39
39,33,-10.913888,110.02
39,32,0.93382388,128.12
39,31,13.212106,145.64
39,30,56.651653,185.7
39,29,60.920816,205.814
39,28,316.60163,374.04
39,27,349.2527,414.0
39,26,382.56157,463.0
39,25,416.52826,512.0
39,24,451.15276,559.0
39,23,486.43507,624.0
39,22,522.3752,677.0
39,21,558.97313,733.0
39,20,596.22888,790.0
39,19,634.14244,847.0
39,18,857.6194,1010.0
39,17,919.17454,1061.9
39,16,982.04153,1120.2
39,15,1046.2204,1190.0
39,14,1111.711,1253.0
39,13,1178.5136,1300.0
39,12,1341.2037,1427.6
39,11,1386.3162,1483.12
39,10,3527.9654,3562.9
39,9,3681.2308,3720.0
39,8,3836.7538,3892.0
39,7,3994.5344,4060.0
39,6,4154.5728,4299.0
39,5,4316.8687,4484.0
39,4,4530.1657,4724.0
39,3,4711.9268,4875.731
39,2,20059.962,20415.719
39,1,20694.259,21115.588
40,40,-105.36482,6.634126
40,39,-104.95077,13.13
40,38,-65.553946,23.17
40,37,-58.565228,34.41836
40,36,-28.825062,80.348
40,35,-17.280948,96.38
40,34,-5.3062633,112.0
40,33,7.0989915,133.7
40,32,19.934817,153.0
40,31,33.201213,172.02
40,30,78.354963,214.9
40,29,82.954405,236.252
40,28,368.80487,426.0
40,27,403.08438,470.0
40,26,438.0217,520.0
40,25,473.61684,573.0
40,24,509.86979,622.0
40,23,546.78055,690.0
40,22,584.34913,745.0
40,21,622.57551,803.0
40,20,661.45971,863.0
40,19,701.00173,922.0
40,18,932.80552,1092.0
40,17,996.66032,1144.7
40,16,1061.827,1205.4
40,15,1128.3055,1277.0
40,14,1196.0958,1344.0
40,13,1265.198,1392.0
40,12,1432.9313,1525.1
40,11,1479.5562,1582.37
40,10,3751.2178,3788.0
40,9,3909.0084,3950.0
40,8,4069.0567,4127.0
40,7,4231.3626,4300.0
40,6,4395.9262,4553.0
40,5,4562.7474,4744.0
40,4,4781.8805,4991.0
40,3,4968.5411,5146.935
40,2,21118.485,21516.471
40,1,21769.109,22236.712
41,41,-110.76891,6.75885
41,40,-69.680347,14.32
41,39,-62.515664,25.04
41,38,-54.980962,37.611
41,37,-47.07624,50.5728
41,36,-12.075811,102.069
41,35,0.45641652,119.1
41,34,13.419214,136.0
41,33,26.812583,159.2
41,32,40.636521,180.0
41,31,54.891031,200.28
41,30,101.75899,246.1
41,29,106.6887,268.59
41,28,424.03158,482.5
41,27,459.93955,530.0
41,26,496.50532,581.0
41,25,533.72891,636.0
41,24,571.61031,688.0
41,23,610.14952,758.0
41,22,649.34655,816.0
41,21,689.20138,877.0
41,20,729.71403,940.0
41,19,770.8845,1000.0
41,18,1011.0151,1176.0
41,17,1077.1696,1230.6
41,16,1144.6359,1293.7
41,15,1213.4141,1368.0
41,14,1283.5041,1439.0
41,13,1354.9059,1488.0
41,12,1527.6824,1625.9
41,11,1575.8197,1684.97
41,10,3981.2731,4020.1
41,9,4143.5889,4187.0
41,8,4308.1625,4369.0
41,7,4474.9937,4540.0
41,6,4644.0825,4815.0
41,5,4815.429,5011.0
41,4,5040.3982,5265.0
41,3,5231.9582,5426.066
41,2,22204.219,22648.046
41,1,22871.17,23388.85
42,42,-113.12582,7.09243
42,41,-66.949324,16.16
42,40,-59.238658,27.13
42,39,-51.157972,40.33
42,38,-42.707266,54.417
42,37,-33.886541,68.82704
42,36,6.3741515,125.638
42,35,19.894492,143.6
42,34,33.845404,164.12
42,33,48.226885,186.3
42,32,63.038938,209.3
42,31,78.28156,230.28
42,30,126.86372,279.1
42,29,132.12372,302.6
42,28,482.28179,544.0
42,27,519.8182,591.0
42,26,558.01243,646.0
42,25,596.86446,702.0
42,24,636.37432,758.0
42,23,676.54198,829.0
42,22,717.36745,890.0
42,21,758.85074,953.0
42,20,800.99184,1019.0
42,19,843.79076,1082.0
42,18,1092.2482,1263.0
42,17,1160.7024,1319.6
42,16,1230.4683,1385.1
42,15,1301.5462,1462.0
42,14,1373.9358,1537.0
42,13,1447.6373,1587.0
42,12,1625.457,1730.1
42,11,1675.1066,1790.93
42,10,4218.1312,4259.0
42,9,4384.9723,4430.0
42,8,4554.0711,4618.0
42,7,4725.4275,4800.0
42,6,4899.0416,5084.0
42,5,5074.9133,5287.0
42,4,5305.7187,5548.0
42,3,5502.1781,5713.194
42,2,23317.165,23810.653
42,1,24000.443,24572.213
43,43,-112.10343,7.11938
43,42,-111.59001,15.26
43,41,-55.722927,29.55
43,40,-47.096257,41.0
43,39,-38.099568,57.0
43,38,-28.732859,72.0
43,37,-18.996131,88.0
43,36,26.524825,150.0
43,35,41.03328,169.0
43,34,55.972305,189.9
43,33,71.3419,214.0
43,32,87.142065,239.0
43,31,103.3728,262.08
43,30,153.66916,311.0
43,29,159.25944,338.55
43,28,543.55548,604.0
43,27,582.72034,655.0
43,26,622.54302,713.0
43,25,663.02351,773.0
43,24,704.16181,829.0
43,23,745.95792,904.0
43,22,788.41185,968.0
43,21,831.52359,1032.0
43,20,875.29314,1102.0
43,19,919.7205,1166.0
43,18,1176.5048,1354.0
43,17,1247.2586,1411.6
43,16,1319.3242,1479.5
43,15,1392.7017,1559.0
43,14,1467.3911,1638.0
43,13,1543.3922,1689.0
43,12,1726.2551,1838.0
43,11,1777.417,1900.28
43,10,4461.7921,4505.0
43,9,4633.1585,4681.0
43,8,4806.7826,4874.0
43,7,4982.6642,5060.0
43,6,5160.8036,5361.0
43,5,5341.2006,5570.0
43,4,5577.8421,5838.0
43,3,5779.2009,6008.391
43,2,24457.322,25004.531
43,1,25156.927,25787.047
44,44,-117.75947,7.3605
44,43,-60.771105,16.76
44,42,-51.968471,28.47
44,41,-42.795818,45.0
44,40,-33.253145,59.0
44,39,-23.340452,76.0
44,38,-13.05774,93.0
44,37,-2.4050084,110.0
44,36,48.376211,178.41
44,35,63.872779,198.0
44,34,79.799917,219.9
44,33,96.157626,245.0
44,32,112.9459,271.0
44,31,130.16475,295.9
44,30,182.17532,348.0
44,29,188.09588,376.25
44,28,607.85266,670.0
44,27,648.64597,723.0
44,26,690.0971,784.0
44,25,732.20604,845.0
44,24,774.97279,905.0
44,23,818.39735,981.0
44,22,862.47973,1048.0
44,21,907.21992,1115.0
44,20,952.61792,1187.0
44,19,998.67373,1253.0
44,18,1263.7849,1447.0
44,17,1336.8383,1506.7
44,16,1411.2036,1577.0
44,15,1486.8808,1659.0
44,14,1563.8698,1743.0
44,13,1642.1706,1794.0
44,12,1830.0766,1949.0
44,11,1882.7509,2013.04
44,10,4712.2559,4758.0
44,9,4888.1476,4939.0
44,8,5066.2969,5136.0
44,7,5246.7038,5330.0
44,6,5429.3684,5647.0
44,5,5614.2906,5861.0
44,4,5856.7684,6137.0
44,3,6063.0265,6311.721
44,2,25624.69,26229.888
44,1,26340.622,27033.564
45,45,-120.0362,7.4589
45,44,-57.323909,18.08
45,43,-47.975291,31.06
45,42,-38.256654,42.0
45,41,-28.167997,63.0
45,40,-17.709321,80.0
45,39,-6.8806247,97.0
45,38,4.3180906,115.1
45,37,15.886826,135.0
45,36,71.928308,207.51
45,35,88.41299,228.0
45,34,105.32824,252.1
45,33,122.67406,277.0
45,32,140.45046,306.0
45,31,158.65742,331.58
45,30,212.38219,389.3
45,29,218.63302,415.97
45,28,675.17333,739.0
45,27,717.59509,794.0
45,26,760.67467,857.0
45,25,804.41206,921.0
45,24,848.80726,984.0
45,23,893.86027,1061.0
45,22,939.5711,1131.0
45,21,985.93974,1202.0
45,20,1032.9662,1274.0
45,19,1080.6505,1344.0
45,18,1354.0884,1544.0
45,17,1429.4415,1604.9
45,16,1506.1065,1677.6
45,15,1584.0833,1763.0
45,14,1663.372,1851.0
45,13,1743.9725,1903.0
45,12,1936.9217,2063.0
45,11,1991.1083,2129.22
45,10,4969.5226,5018.0
45,9,5149.9395,5203.0
45,8,5332.614,5406.0
45,7,5517.5462,5600.0
45,6,5704.7361,5940.0
45,5,5894.1835,6161.0
45,4,6142.4974,6444.0
45,3,6353.655,6623.262
45,2,26819.27,27486.979
45,1,27551.529,28312.031
46,46,-63.16257,8.336839
46,45,-53.637988,19.43
46,44,-43.743386,32.93
46,43,-33.478765,46.0
46,42,-22.844125,61.0
46,41,-11.839464,84.1
46,40,-0.46478487,101.0
46,39,11.279914,120.0
46,38,23.394633,141.0
46,37,35.879371,159.9
46,36,97.181117,238.57
46,35,114.65391,260.0
46,34,132.55728,286.0
46,33,150.89121,311.0
46,32,169.65572,342.0
46,31,188.8508,369.1
46,30,244.28977,427.0
46,29,250.87088,457.5
46,28,745.51748,810.0
46,27,789.5677,869.0
46,26,834.27572,933.0
46,25,879.64156,1000.0
46,24,925.66521,1065.0
46,23,972.34668,1145.0
46,22,1019.686,1218.0
46,21,1067.683,1290.0
46,20,1116.3379,1366.0
46,19,1165.6507,1438.0
46,18,1447.4155,1644.0
46,17,1525.0683,1706.2
46,16,1604.0329,1781.3
46,15,1684.3094,1869.0
46,14,1765.8977,1962.0
46,13,1848.7979,2016.0
46,12,2046.7902,2181.0
46,11,2102.4892,2248.87
46,10,5233.5921,5284.0
46,9,5418.5342,5475.0
46,8,5605.734,5683.0
46,7,5795.1915,5880.0
46,6,5986.9066,6242.0
46,5,6180.8793,6469.0
46,4,6435.0294,6759.0
46,3,6651.0864,6943.097
46,2,28041.061,28776.032
46,1,28789.647,29622.678
47,47,-124.50948,7.576234
47,46,-49.713342,21.4844
47,45,-39.272757,34.8
47,44,-28.462152,49.0
47,43,-17.281528,65.0
47,42,-5.7308838,82.0
47,41,6.1897796,106.0
47,40,18.480463,125.0
47,39,31.141165,145.1
47,38,44.171887,167.0
47,37,57.572628,188.0
47,36,124.13464,271.46
47,35,142.59555,294.0
47,34,161.48702,321.0
47,33,180.80907,347.0
47,32,200.56169,381.0
47,31,220.74488,408.43
47,30,277.89806,469.0
47,29,284.80945,500.87
47,28,818.88512,885.0
47,27,864.56379,946.0
47,26,910.90027,1013.0
47,25,957.89456,1082.0
47,24,1005.5467,1149.0
47,23,1053.8566,1231.0
47,22,1102.8243,1308.0
47,21,1152.4498,1382.0
47,20,1202.7332,1460.0
47,19,1253.6744,1535.0
47,18,1543.766,1747.0
47,17,1623.7184,1810.5
47,16,1704.9828,1888.0
47,15,1787.5589,1979.0
47,14,1871.4469,2077.0
47,13,1956.6467,2131.0
47,12,2159.6822,2302.0
47,11,2216.8936,2371.99
47,10,5504.4644,5558.0
47,9,5693.9318,5753.0
47,8,5885.6569,5966.0
47,7,6079.6396,6170.0
47,6,6275.8799,6551.0
47,5,6474.3779,6785.0
47,4,6734.3641,7082.0
47,3,6955.3206,7271.298
47,2,29290.064,30097.314
47,1,30054.976,30965.78
48,48,-122.7999,8.99382
48,47,-122.12087,16.908313
48,46,-34.563403,37.468
48,45,-23.206814,51.0
48,44,-11.480206,67.9
48,43,0.61642152,87.0
48,42,13.083069,105.0
48,41,25.919735,130.1
48,40,39.126422,150.0
48,39,52.703127,173.0
48,38,66.649853,195.0
48,37,80.966597,218.0
48,36,152.78887,305.0
48,35,172.23789,329.0
48,34,192.11748,358.0
48,33,212.42765,385.0
48,32,233.16838,421.0
48,31,254.33968,452.6
48,30,313.20707,513.0
48,29,320.44873,546.19
48,28,895.27625,963.0
48,27,942.58337,1026.0
48,26,990.5483,1095.0
48,25,1039.171,1167.0
48,24,1088.4516,1237.0
48,23,1138.39,1320.0
48,22,1188.9861,1401.0
48,21,1240.2401,1477.0
48,20,1292.1519,1558.0
48,19,1344.7215,1635.0
48,18,1643.14,1852.0
48,17,1725.3921,1917.9
48,16,1808.9561,1998.0
48,15,1893.8319,2091.0
48,14,1980.0196,2195.0
48,13,2067.5191,2250.0
48,12,2275.5978,2427.0
48,11,2334.3215,2498.62
48,10,5782.1396,5839.0
48,9,5976.1323,6039.0
48,8,6172.3826,6257.0
48,7,6370.8905,6460.0
48,6,6571.6561,6869.0
48,5,6774.6794,7109.0
48,4,7040.5018,7414.0
48,3,7266.3576,7607.95
48,2,30566.278,31451.07
48,1,31347.517,32341.587
49,49,-97.328689,5.7863558
49,48,-119.53421,18.87041
49,47,-118.6438,28.04415
49,46,-17.712752,55.45
49,45,-5.44016,69.3
49,44,7.2024514,90.0
49,43,20.215082,109.0
49,42,33.597733,130.1
49,41,47.350403,156.0
49,40,61.473092,178.0
49,39,75.965801,201.0
49,38,90.82853,226.0
49,37,106.06128,249.0
49,36,183.14381,341.0
49,35,203.58095,368.0
49,34,224.44865,396.0
49,33,245.74693,425.0
49,32,267.47578,462.0
49,31,289.63519,497.1
49,30,350.21678,560.0
49,29,357.78873,593.38
49,28,974.69087,1043.0
49,27,1023.6264,1109.0
49,26,1073.2198,1181.0
49,25,1123.471,1255.0
49,24,1174.38,1328.0
49,23,1225.9468,1413.0
49,22,1278.1714,1496.0
49,21,1331.0539,1575.0
49,20,1384.5941,1659.0
49,19,1438.7922,1738.0
49,18,1745.5375,1961.0
49,17,1830.0893,2028.5
49,16,1915.9529,2111.0
49,15,2003.1284,2207.0
49,14,2091.6157,2317.0
49,13,2181.4149,2373.0
49,12,2394.5368,2555.0
49,11,2454.7728,2628.77
49,10,6066.6177,6126.0
49,9,6265.1356,6331.0
49,8,6465.9111,6554.0
49,7,6668.9443,6770.0
49,6,6874.2352,7196.0
49,5,7081.7837,7442.0
49,4,7353.4422,7754.0
49,3,7584.1975,7953.14
49,2,31869.703,32837.593
49,1,32667.269,33750.404
50,50,-95.695885,7.343918
50,49,-92.015979,14.63307
50,48,-115.18006,30.506
50,47,-114.07827,40.74
50,46,0.83861076,77.03
50,45,14.027206,94.0
50,44,27.585821,112.9
50,43,41.514455,135.0
50,42,55.813108,156.0
50,41,70.481782,184.0
50,40,85.520475,208.0
50,39,100.92919,232.0
50,38,116.70792,258.0
50,37,132.85667,282.0
50,36,215.19947,379.0
50,35,236.62472,407.0
50,34,258.48054,437.0
50,33,280.76693,466.0
50,32,303.48389,506.0
50,31,326.63142,537.0
50,30,388.92721,608.0
50,29,396.82943,642.35
50,28,1057.129,1127.0
50,27,1107.693,1195.0
50,26,1158.9148,1269.0
50,25,1210.7945,1347.0
50,24,1263.3319,1421.0
50,23,1316.5272,1508.0
50,22,1370.3803,1596.0
50,21,1424.8911,1676.0
50,20,1480.0598,1763.0
50,19,1535.8864,1844.0
50,18,1850.9585,2074.0
50,17,1937.81,2142.1
50,16,2025.9733,2227.0
50,15,2115.4484,2326.0
50,14,2206.2354,2443.0
50,13,2298.3342,2499.0
50,12,2516.4993,2687.0
50,11,2578.2477,2762.49
50,10,6357.8985,6421.0
50,9,6560.9417,6631.0
50,8,6766.2425,6859.0
50,7,6973.801,7080.0
50,6,7183.6171,7531.0
50,5,7395.6908,7790.0
50,4,7673.1855,8103.0
50,3,7908.8402,8306.95
50,2,33200.34,34257.148
50,1,34014.233,35192.501
51,51,-93.963845,8.608389
51,50,-89.927112,16.626
51,49,-85.614813,25.3235
51,48,-109.73745,43.804
51,47,-108.42429,55.0
51,46,21.090685,99.51
51,45,35.195283,117.0
51,44,49.669901,139.0
51,43,64.514539,162.0
51,42,79.729196,185.0
51,41,95.313872,214.0
51,40,111.26857,238.0
51,39,127.59328,265.0
51,38,144.28802,292.0
51,37,161.35277,317.0
51,36,248.95584,420.0
51,35,271.3692,447.0
51,34,294.21313,479.0
51,33,317.48763,510.0
51,32,341.19271,552.0
51,31,365.32835,584.0
51,30,429.33835,657.0
51,29,437.57085,693.26
51,28,1142.5906,1214.0
51,27,1194.783,1285.0
51,26,1247.6333,1360.0
51,25,1301.1414,1441.0
51,24,1355.3073,1518.0
51,23,1410.131,1606.0
51,22,1465.6125,1698.0
51,21,1521.7519,1781.0
51,20,1578.549,1869.0
51,19,1636.004,1954.0
51,18,1959.403,2190.0
51,17,2048.5541,2266.0
51,16,2139.0171,2349.0
51,15,2230.7919,2428.0
51,14,2323.8785,2567.0
51,13,2418.277,2654.0
51,12,2641.4852,2815.0
51,11,2704.746,2900.0
51,10,6655.9823,6714.0
51,9,6863.5507,6929.0
51,8,7073.3767,7167.0
51,7,7285.4605,7390.0
51,6,7499.8018,7887.0
51,5,7716.4008,8140.0
51,4,7999.7317,8455.0
51,3,8240.2858,8669.48
51,2,34558.188,35710.03
51,1,35388.408,36668.183
52,52,-92.13257,9.009808
52,51,-87.739009,18.6
52,50,-83.069883,27.84
52,49,-78.125192,37.4155
52,48,-103.20639,59.3
52,47,-101.68185,69.1
52,46,43.043471,124.2
52,45,58.064073,143.0
52,44,73.454694,167.0
52,43,89.215335,191.1
52,42,105.34599,215.0
52,41,121.84667,245.0
52,40,138.71737,272.0
52,39,155.95809,299.0
52,38,173.56883,328.0
52,37,191.54959,354.0
52,36,284.41292,461.0
52,35,307.81439,491.0
52,34,331.64644,522.0
52,33,355.90905,555.0
52,32,380.60224,599.0
52,31,405.726,633.0
52,30,471.4502,709.0
52,29,480.01298,746.12
52,28,1231.0756,1304.0
52,27,1284.8966,1377.0
52,26,1339.3753,1455.0
52,25,1394.5118,1538.0
52,24,1450.3062,1618.0
52,23,1506.7583,1707.0
52,22,1563.8683,1803.0
52,21,1621.6361,1889.0
52,20,1680.0617,1979.0
52,19,1739.1451,2066.0
52,18,2070.871,2309.0
52,17,2162.3217,2386.0
52,16,2255.0844,2472.0
52,15,2349.1588,2552.0
52,14,2444.5451,2700.0
52,13,2541.2433,2788.0
52,12,2769.4947,2954.0
52,11,2834.2678,3041.0
52,10,6960.8688,7022.0
52,9,7172.9625,7243.0
52,8,7387.3138,7485.0
52,7,7603.9228,7714.0
52,6,7822.7894,8240.0
52,5,8043.9137,8499.0
52,4,8333.0807,8821.0
52,3,8578.5342,9040.83
52,2,35943.248,37196.52
52,1,36789.794,38177.74
53,53,-90.202059,10.451236
53,52,-85.451671,19.13126
53,51,-80.425718,29.57
53,50,-75.124199,40.357
53,49,-69.547115,51.52
53,48,-95.58688,74.4
53,47,-93.850957,87.61
53,46,66.696968,150.81
53,45,82.633573,171.0
53,44,98.940198,197.0
53,43,115.61684,220.9
53,42,132.66351,247.0
53,41,150.08019,279.0
53,40,167.86689,307.0
53,39,186.02361,335.0
53,38,204.55036,365.0
53,37,223.44712,393.0
53,36,321.57071,505.0
53,35,345.96029,535.0
53,34,370.78045,569.0
53,33,396.03118,601.0
53,32,421.71248,649.0
53,31,447.82436,683.0
53,30,515.26276,762.0
53,29,524.15582,800.8
53,28,1322.5842,1397.0
53,27,1378.0336,1472.0
53,26,1434.1408,1553.0
53,25,1490.9057,1639.0
53,24,1548.3286,1720.0
53,23,1606.4092,1812.0
53,22,1665.1476,1911.0
53,21,1724.5438,1999.0
53,20,1784.5979,2093.0
53,19,1845.3098,2181.0
53,18,2185.3624,2431.0
53,17,2279.1129,2510.0
53,16,2374.1751,2598.0
53,15,2470.5493,2680.0
53,14,2568.2353,2836.0
53,13,2667.2331,2926.0
53,12,2900.5277,3096.0
53,11,2966.8131,3185.5
53,10,7272.5583,7337.0
53,9,7489.1772,7563.0
53,8,7708.0538,7811.0
53,7,7929.188,8044.0
53,6,8152.5798,8601.0
53,5,8378.2294,8867.0
53,4,8673.2326,9196.0
53,3,8923.5854,9421.1
53,2,37355.519,38717.0
53,1,38218.392,39721.549
54,54,-88.172314,12.1298437
54,53,-83.065098,20.975
54,52,-77.682317,31.05
54,51,-72.023971,42.2
54,50,-66.09006,54.1
54,49,-59.880583,66.703
54,48,-86.87891,91.6
54,47,-84.931609,105.9778
54,46,92.051177,179.84
54,45,108.90379,202.0
54,44,126.12641,229.02
54,43,143.71906,255.0
54,42,161.68173,281.0
54,41,180.01441,314.0
54,40,198.71712,343.0
54,39,217.78985,374.0
54,38,237.23259,404.0
54,37,257.04536,434.0
54,36,360.42921,549.0
54,35,385.80691,582.0
54,34,411.61518,616.0
54,33,437.85403,650.0
54,32,464.52344,700.0
54,31,491.62342,736.0
54,30,560.77603,818.0
54,29,569.99937,857.0
54,28,1417.1163,1493.0
54,27,1474.1941,1571.0
54,26,1531.9297,1653.0
54,25,1590.3232,1742.0
54,24,1649.3744,1826.0
54,23,1709.0835,1919.0
54,22,1769.4504,2023.0
54,21,1830.475,2113.0
54,20,1892.1575,2209.0
54,19,1954.4979,2300.0
54,18,2302.8773,2556.0
54,17,2398.9275,2637.0
54,16,2496.2894,2726.0
54,15,2594.9632,2811.0
54,14,2694.9489,2975.0
54,13,2796.2463,3068.0
54,12,3034.5841,3243.0
54,11,3102.3819,3333.8
54,10,7591.0505,7660.0
54,9,7812.1947,7889.0
54,8,8035.5965,8144.0
54,7,8261.256,8382.0
54,6,8489.1731,8971.0
54,5,8719.3479,9243.0
54,4,9020.1873,9581.0
54,3,9275.4395,9810.37
54,2,38795.001,40271.73
54,1,39674.201,41299.892
55,55,-158.42455,3.89390572743
55,54,-80.579289,23.15745
55,53,-74.839681,33.195
55,52,-68.824507,43.0
55,51,-62.533768,56.0
55,50,-55.967465,69.1
55,49,-49.125596,82.9
55,48,-77.082484,110.1
55,47,-74.923805,125.61
55,46,119.1061,213.3
55,45,136.87471,233.0
55,44,155.01334,261.0
55,43,173.52199,289.0
55,42,192.40066,316.0
55,41,211.64935,352.0
55,40,231.26806,382.0
55,39,251.25679,413.0
55,38,271.61554,445.0
55,37,292.34431,476.0
55,36,400.98842,597.0
55,35,427.35424,629.0
55,34,454.15062,666.0
55,33,481.37758,700.0
55,32,509.03511,753.0
55,31,537.12321,791.0
55,30,607.99002,875.0
55,29,617.54363,916.1
55,28,1514.6718,1592.0
55,27,1573.3781,1672.0
55,26,1632.7422,1757.0
55,25,1692.764,1848.0
55,24,1753.4437,1936.0
55,23,1814.7813,2029.0
55,22,1876.7766,2137.0
55,21,1939.4297,2230.0
55,20,2002.7407,2329.0
55,19,2066.7095,2422.0
55,18,2423.4158,2683.0
55,17,2521.7656,2767.0
55,16,2621.4272,2859.0
55,15,2722.4006,2945.0
55,14,2824.6859,3118.0
55,13,2928.2831,3214.0
55,12,3171.664,3392.0
55,11,3240.9742,3485.0
55,10,7916.3456,7989.0
55,9,8142.0151,8224.0
55,8,8369.9422,8484.0
55,7,8600.1269,8726.0
55,6,8832.5693,9350.0
55,5,9067.2693,9629.0
55,4,9373.9448,9974.0
55,3,9634.0965,10208.78
55,2,40261.695,41861.08
55,1,41157.222,42913.144
56,56,-159.13083,5.2116646
56,55,-159.07022,10.003826
56,54,-71.897809,35.8438
56,53,-65.525808,47.0
56,52,-58.878242,58.0
56,51,-51.955111,71.0
56,50,-44.756414,86.0
56,49,-37.282153,101.0
56,48,-66.197603,130.5
56,47,-63.827546,146.52
56,46,147.86173,241.0
56,45,166.54635,267.1
56,44,185.60098,296.0
56,43,205.02563,325.0
56,42,224.82031,354.0
56,41,244.985,390.0
56,40,265.51971,422.0
56,39,286.42444,455.0
56,38,307.6992,488.0
56,37,329.34397,520.0
56,36,443.24835,646.0
56,35,470.60228,679.0
56,34,498.38678,717.0
56,33,526.60185,752.0
56,32,555.24749,809.0
56,31,584.3237,846.0
56,30,656.90471,935.0
56,29,666.7886,976.62
56,28,1615.2508,1695.0
56,27,1675.5856,1776.0
56,26,1736.5781,1864.0
56,25,1798.2284,1958.0
56,24,1860.5366,2047.0
56,23,1923.5025,2142.0
56,22,1987.1263,2256.0
56,21,2051.4079,2349.0
56,20,2116.3473,2452.0
56,19,2181.9445,2547.0
56,18,2546.9777,2814.0
56,17,2647.6271,2901.0
56,16,2749.5884,2994.0
56,15,2852.8615,3081.0
56,14,2957.4465,3266.0
56,13,3063.3433,3363.0
56,12,3311.7674,3546.0
56,11,3382.5899,3640.0
56,10,8248.4436,8326.0
56,9,8478.6383,8565.0
56,8,8711.0906,8831.0
56,7,8945.8006,9077.0
56,6,9182.7682,9739.0
56,5,9421.9935,10023.0
56,4,9734.5052,10376.0
56,3,9999.5563,10616.42
56,2,41755.6,43485.37
56,1,42667.454,44561.633
57,57,-179.12942,5.5769
57,56,-144.15783,11.18496
57,55,-140.48444,19.1773
57,54,-62.127874,49.95
57,53,-55.12348,61.6
57,52,-47.843521,74.0
57,51,-40.287998,88.0
57,50,-32.456909,105.0
57,49,-24.350255,119.0
57,48,-54.224267,151.4
57,47,-51.642832,168.77
57,46,178.31807,275.0
57,45,197.91869,303.0
57,44,217.88933,332.0
57,43,238.22999,364.0
57,42,258.94066,393.0
57,41,280.02136,431.0
57,40,301.47208,464.0
57,39,323.29281,498.0
57,38,345.48357,533.0
57,37,368.04434,566.0
57,36,487.20898,696.0
57,35,515.55103,731.0
57,34,544.32364,770.0
57,33,573.52682,806.0
57,32,603.16058,865.0
57,31,633.2249,906.0
57,30,707.52012,995.0
57,29,717.73429,1039.09
57,28,1718.8533,1800.0
57,27,1780.8165,1884.0
57,26,1843.4375,1974.0
57,25,1906.7163,2069.0
57,24,1970.6529,2162.0
57,23,2035.2473,2259.0
57,22,2100.4995,2377.0
57,21,2166.4096,2473.0
57,20,2232.9774,2577.0
57,19,2300.2031,2674.0
57,18,2673.5631,2950.0
57,17,2776.5122,3036.0
57,16,2880.7731,3133.0
57,15,2986.3459,3222.0
57,14,3093.2306,3416.0
57,13,3201.4271,3515.0
57,12,3454.8943,3704.0
57,11,3527.2292,3800.0
57,10,8587.3444,8669.0
57,9,8822.0644,8914.0
57,8,9059.0419,9184.0
57,7,9298.2772,9437.0
57,6,9539.7701,10136.0
57,5,9783.5206,10426.0
57,4,10101.868,10789.0
57,3,10371.819,11033.4
57,2,43276.717,45145.0
57,1,44204.897,46245.77
58,58,-182.20272,5.5386
58,57,-118.20732,10.956
58,56,-172.58154,20.1974
58,55,-171.01257,36.906
58,54,-51.269483,65.55
58,53,-43.632697,77.6
58,52,-35.720346,91.0
58,51,-27.532429,106.0
58,50,-19.068947,125.0
58,49,-10.329901,140.0
58,48,-41.162475,172.0
58,47,-38.369662,192.24
58,46,210.47513,312.0
58,45,230.99175,340.0
58,44,251.87839,371.0
58,43,273.13505,403.0
58,42,294.76173,435.0
58,41,316.75843,472.0
58,40,339.12515,509.0
58,39,361.86189,543.0
58,38,384.96865,579.0
58,37,408.44543,613.0
58,36,532.87033,749.0
58,35,562.20049,785.0
58,34,591.96122,824.0
58,33,622.15251,862.0
58,32,652.77438,924.0
58,31,683.82682,965.0
58,30,759.83624,1060.0
58,29,770.38069,1103.5
58,28,1825.4794,1908.0
58,27,1889.071,1994.0
58,26,1953.3204,2087.0
58,25,2018.2276,2185.0
58,24,2083.7927,2280.0
58,23,2150.0156,2378.0
58,22,2216.8962,2500.0
58,21,2284.4347,2600.0
58,20,2352.631,2706.0
58,19,2421.4852,2806.0
58,18,2803.172,3087.0
58,17,2908.4208,3176.0
58,16,3014.9814,3274.0
58,15,3122.8538,3366.0
58,14,3232.0381,3570.0
58,13,3342.5343,3672.0
58,12,3601.0447,3865.0
58,11,3674.8919,3963.0
58,10,8933.0481,9020.0
58,9,9172.2933,9269.0
58,8,9413.7961,9545.0
58,7,9657.5566,9803.0
58,6,9903.5747,10542.0
58,5,10151.851,10840.0
58,4,10476.035,11210.0
58,3,10750.884,11459.85
58,2,44825.044,46840.31
58,1,45769.552,47965.89
59,59,-168.35072,5.4702
59,58,-168.2901,10.631
59,57,-166.72663,21.6237
59,56,-164.61167,38.981
59,55,-162.12669,57.53
59,54,64.700435,82.0
59,53,-36.982382,97.0
59,52,-28.794466,112.0
59,51,-105.4968,131.0
59,50,-4.5925308,148.0
59,49,4.7789085,162.0
59,48,-27.012227,196.0
59,47,-24.008036,217.02
59,46,244.3329,350.0
59,45,265.76552,378.0
59,44,287.56817,412.0
59,43,309.74083,445.0
59,42,332.28351,478.0
59,41,355.19622,516.0
59,40,378.47894,554.0
59,39,402.13168,590.0
59,38,426.15444,627.0
59,37,450.54722,663.0
59,36,580.23239,803.0
59,35,610.55066,840.0
59,34,641.2995,880.0
59,33,672.47891,920.0
59,32,704.08889,985.0
59,31,736.12945,1028.0
59,30,813.85307,1124.0
59,29,824.7278,1169.9
59,28,1935.1288,2019.0
59,27,2000.3489,2108.0
59,26,2066.2268,2202.0
59,25,2132.7625,2304.0
59,24,2199.956,2400.0
59,23,2267.8073,2501.0
59,22,2336.3164,2628.0
59,21,2405.4834,2729.0
59,20,2475.3081,2838.0
59,19,2545.7907,2941.0
59,18,2935.8044,3227.0
59,17,3043.3528,3319.0
59,16,3152.2131,3419.0
59,15,3262.3852,3512.0
59,14,3373.8692,3729.0
59,13,3486.665,3832.0
59,12,3750.2186,4030.0
59,11,3825.5782,4130.0
59,10,9285.5546,9378.0
59,9,9529.325,9632.0
59,8,9775.3531,9913.0
59,7,10023.639,10175.0
59,6,10274.182,10959.0
59,5,10526.983,11262.0
59,4,10857.003,11641.0
59,3,11136.753,11895.89
59,2,46400.584,48571.71
59,1,47361.418,49722.44
60,60,-171.42401,5.52475
60,59,-171.36339,10.783
60,58,-160.63299,22.09
60,57,-157.97205,40.6
60,56,-53.793557,60.0
60,55,-46.156771,84.0
60,54,-38.244419,99.0
60,53,-30.056503,114.0
60,52,-21.593021,136.0
60,51,-12.853975,152.0
60,50,-66.201895,168.0
60,49,-56.270179,195.0
60,48,-11.773524,221.0
60,47,-8.5579554,243.0
60,46,279.89138,389.0
60,45,302.24,420.0
60,44,324.95865,453.0
60,43,348.04732,489.0
60,42,371.50601,522.0
60,41,395.33471,562.0
60,40,419.53344,602.0
60,39,444.10218,638.0
60,38,469.04095,678.0
60,37,494.34973,714.0
60,36,629.29516,859.0
60,35,660.60155,896.0
60,34,692.3385,939.0
60,33,724.50603,978.0
60,32,757.10412,1049.0
60,31,790.13279,1092.0
60,30,869.57061,1191.0
60,29,880.77562,1238.42
60,28,2047.8018,2134.0
60,27,2114.6503,2224.0
60,26,2182.1567,2321.0
60,25,2250.3208,2425.0
60,24,2319.1428,2525.0
60,23,2388.6225,2627.0
60,22,2458.7601,2758.0
60,21,2529.5555,2861.0
60,20,2601.0087,2974.0
60,19,2673.1197,3078.0
60,18,3071.4602,3371.0
60,17,3181.3083,3465.0
60,16,3292.4683,3567.0
60,15,3404.9401,3662.0
60,14,3518.7237,3891.0
60,13,3633.8192,3997.0
60,12,3902.416,4198.0
60,11,3979.2879,4302.0
60,10,9644.8639,9742.0
60,9,9893.1596,10002.0
60,8,10143.713,10288.0
60,7,10396.524,10555.0
60,6,10651.593,11384.0
60,5,10908.919,11694.0
60,4,11244.775,12082.0
60,3,11529.424,12341.66
60,2,48003.334,50339.59
60,1,48980.495,51515.78
61,61,-174.49731,5.58187
61,60,-174.43669,10.938
61,59,-154.30063,22.44
61,58,-151.0937,41.17
61,57,-55.055594,61.7
61,56,-47.418808,85.0
61,55,-39.506456,101.0
61,54,-31.31854,116.0
61,53,-22.855058,138.0
61,52,-14.116011,155.0
61,51,-58.777565,174.0
61,50,-48.299865,202.0
61,49,-37.452145,229.0
61,48,4.5536339,248.0
61,47,7.9805809,269.0
61,46,317.15057,430.0
61,45,340.4152,462.0
61,44,364.04985,497.0
61,43,388.05452,534.0
61,42,412.42921,569.0
61,41,437.17392,609.0
61,40,462.28865,651.0
61,39,487.7734,689.0
61,38,513.62816,730.0
61,37,539.85295,767.0
61,36,680.05865,916.0
61,35,712.35314,956.0
61,34,745.07821,998.0
61,33,778.23385,1040.0
61,32,811.82006,1113.0
61,31,845.83684,1158.0
61,30,926.98887,1261.0
61,29,938.52415,1308.7
61,28,2163.4983,2251.0
61,27,2231.9753,2344.0
61,26,2301.11,2443.0
61,25,2370.9026,2549.0
61,24,2441.353,2652.0
61,23,2512.4613,2755.0
61,22,2584.2273,2892.0
61,21,2656.6511,2997.0
61,20,2729.7328,3112.0
61,19,2803.4723,3219.0
61,18,3210.1396,3519.0
61,17,3322.2873,3613.0
61,16,3435.747,3718.0
61,15,3550.5184,3816.0
61,14,3666.6017,4056.0
61,13,3783.9968,4166.0
61,12,4057.6368,4371.0
61,11,4136.0211,4476.0
61,10,10010.976,10115.0
61,9,10263.797,10378.0
61,8,10518.876,10671.0
61,7,10776.212,10942.0
61,6,11035.806,11819.0
61,5,11297.657,12136.0
61,4,11639.35,12532.0
61,3,11928.898,12797.26
61,2,49633.296,52144.29
61,1,50626.784,53346.31
62,62,-177.5706,5.643722
62,61,-177.50998,11.078
62,60,-147.72954,23.55
62,59,-143.97663,41.64
62,58,-139.8537,62.7
62,57,34.855222,87.0
62,56,-40.768493,103.0
62,55,-32.580577,118.0
62,54,-24.117095,141.0
62,53,-15.378048,158.0
62,52,-51.114509,179.0
62,51,-40.090825,208.0
62,50,-28.697122,237.0
62,49,1.4803392,257.0
62,48,4.9072862,276.0
62,47,24.255796,306.5
62,46,356.11047,474.0
62,45,380.2911,506.0
62,44,404.84176,543.0
62,43,429.76243,581.0
62,42,455.05313,617.0
62,41,480.71384,658.0
62,40,506.74457,702.0
62,39,533.14532,742.0
62,38,559.91609,782.0
62,37,587.05688,822.0
62,36,732.52284,976.0
62,35,765.80545,1016.0
62,34,799.51863,1060.0
62,33,833.66238,1103.0
62,32,868.23671,1180.0
62,31,903.2416,1226.0
62,30,986.10784,1332.0
62,29,997.9734,1381.56
62,28,2282.2182,2371.0
62,27,2352.3237,2466.0
62,26,2423.0869,2569.0
62,25,2494.5079,2676.0
62,24,2566.5868,2782.0
62,23,2639.3235,2887.0
62,22,2712.7179,3028.0
62,21,2786.7702,3137.0
62,20,2861.4803,3253.0
62,19,2936.8483,3363.0
62,18,3351.8424,3669.0
62,17,3466.2898,3766.0
62,16,3582.0491,3873.0
62,15,3699.1202,3971.0
62,14,3817.5032,4227.0
62,13,3937.198,4337.0
62,12,4215.8812,4548.0
62,11,4295.7778,4655.0
62,10,10383.891,10494.0
62,9,10641.237,10762.0
62,8,10900.841,11060.0
62,7,11162.703,11337.0
62,6,11426.822,12264.0
62,5,11693.199,12588.0
62,4,12040.727,12992.0
62,3,12335.175,13262.85
62,2,51290.47,53986.12
62,1,52300.284,55214.3
63,63,-180.6439,5.670385
63,62,-180.58328,11.24
63,61,-140.91973,24.84
63,60,-136.62083,42.94
63,59,-57.579668,63.2
63,58,-49.942881,89.0
63,57,-42.03053,105.0
63,56,-33.842613,120.0
63,55,-25.379132,144.0
63,54,-16.640085,161.0
63,53,-43.212729,183.0
63,52,-31.643062,213.0
63,51,-19.703375,243.0
63,50,-1.5929556,263.0
63,49,1.8339914,281.0
63,48,33.795527,311.0
63,47,48.652164,344.4
63,46,396.77108,518.0
63,45,421.86772,553.0
63,44,447.33438,590.0
63,43,473.17106,630.0
63,42,499.37775,667.0
63,41,525.95447,709.0
63,40,552.9012,755.0
63,39,580.21796,795.0
63,38,607.90473,838.0
63,37,635.96153,879.0
63,36,786.68775,1037.0
63,35,820.95847,1078.0
63,34,855.65977,1124.0
63,33,890.79163,1167.0
63,32,926.35407,1249.0
63,31,962.34707,1296.0
63,30,1046.9275,1406.0
63,29,1059.1234,1456.06
63,28,2403.9617,2495.0
63,27,2475.6955,2591.0
63,26,2548.0872,2697.0
63,25,2621.1367,2807.0
63,24,2694.844,2914.0
63,23,2769.2091,3022.0
63,22,2844.2321,3168.0
63,21,2919.9128,3279.0
63,20,2996.2514,3398.0
63,19,3073.2477,3510.0
63,18,3496.5688,3823.0
63,17,3613.3158,3921.0
63,16,3731.3748,4031.0
63,15,3850.7456,4131.0
63,14,3971.4282,4400.0
63,13,4093.4226,4513.0
63,12,4377.149,4729.0
63,11,4458.5579,4838.0
63,10,10763.609,10880.0
63,9,11025.481,11153.0
63,8,11289.61,11457.0
63,7,11555.996,11739.0
63,6,11824.641,12718.0
63,5,12095.543,13050.0
63,4,12448.908,13462.0
63,3,12748.255,13738.58
63,2,52974.855,55865.93
63,1,54000.996,57120.64
64,64,-183.1985,6.1498
64,63,-183.11488,12.076
64,62,-161.99751,20.54
64,61,-129.02631,44.44
64,60,-58.841705,64.8
64,59,-51.204918,89.0
64,58,-43.292567,106.0
64,57,-35.10465,123.0
64,56,-67.181525,144.0
64,55,-10.902715,165.0
64,54,-1.531276,183.0
64,53,-22.956574,213.0
64,52,-58.796638,246.0
64,51,50.710523,268.0
64,50,-8.2903417,288.0
64,49,43.573983,319.0
64,48,58.976604,352.0
64,47,74.749244,384.4
64,46,439.13241,565.0
64,45,465.14505,601.0
64,44,491.52771,639.0
64,43,518.28039,680.0
64,42,545.40309,719.0
64,41,572.89581,761.0
64,40,600.75855,810.0
64,39,628.99131,851.0
64,38,657.59409,895.0
64,37,686.56688,937.0
64,36,842.55337,1100.0
64,35,877.81221,1142.0
64,34,913.50161,1189.0
64,33,949.62159,1233.0
64,32,986.17214,1321.0
64,31,1023.1533,1368.0
64,30,1109.4479,1481.0
64,29,1121.974,1532.3
64,28,2528.7286,2621.0
64,27,2602.0909,2720.0
64,26,2676.1111,2827.0
64,25,2750.789,2941.0
64,24,2826.1248,3050.0
64,23,2902.1183,3160.0
64,22,2978.7697,3312.0
64,21,3056.0789,3424.0
64,20,3134.0459,3546.0
64,19,3212.6707,3660.0
64,18,3644.3186,3980.0
64,17,3763.3653,4080.0
64,16,3883.7239,4191.0
64,15,4005.3944,4294.0
64,14,4128.3767,4578.0
64,13,4252.6708,4693.0
64,12,4541.4403,4914.0
64,11,4624.3616,5025.0
64,10,11150.13,11273.0
64,9,11416.526,11552.0
64,8,11685.181,11861.0
64,7,11956.093,12147.0
64,6,12229.263,13183.0
64,5,12504.69,13521.0
64,4,12863.891,13943.0
64,3,13168.137,14224.57
64,2,54686.451,57783.91
64,1,55728.919,59065.54
65,65,-186.79049,5.8638
65,64,-186.72987,11.513
65,63,-126.58393,21.82
65,62,-121.19307,39.33
65,61,-60.103741,66.5
65,60,-14.086953,90.0
65,59,-82.934606,108.0
65,58,-36.366687,125.0
65,57,-58.802296,143.0
65,56,-12.164752,168.0
65,55,-2.7933128,186.0
65,54,-14.031361,216.0
65,53,-0.99970596,250.0
65,52,-50.064722,273.0
65,51,38.012578,294.0
65,50,53.591163,325.0
65,49,69.539768,358.0
65,48,85.858392,393.0
65,47,102.54704,426.6
65,46,483.19445,613.0
65,45,510.12309,651.0
65,44,537.42175,690.0
65,43,565.09044,732.0
65,42,593.12914,772.0
65,41,621.53786,816.0
65,40,650.31661,866.0
65,39,679.46537,909.0
65,38,708.98415,954.0
65,37,738.87295,997.0
65,36,900.1197,1165.0
65,35,936.36665,1208.0
65,34,973.04417,1256.0
65,33,1010.1523,1301.0
65,32,1047.6909,1393.0
65,31,1085.6602,1443.0
65,30,1173.669,1559.0
65,29,1186.5254,1610.4
65,28,2656.519,2750.0
65,27,2731.5098,2852.0
65,26,2807.1584,2961.0
65,25,2883.4648,3078.0
65,24,2960.429,3189.0
65,23,3038.051,3300.0
65,22,3116.3308,3458.0
65,21,3195.2685,3573.0
65,20,3274.8639,3698.0
65,19,3355.1172,3814.0
65,18,3795.0919,4139.0
65,17,3916.4383,4242.0
65,16,4039.0966,4355.0
65,15,4163.0667,4460.0
65,14,4288.3486,4760.0
65,13,4414.9424,4877.0
65,12,4708.7551,5103.0
65,11,4793.1887,5217.0
65,10,11543.453,11673.0
65,9,11814.375,11957.0
65,8,12087.555,12272.0
65,7,12362.992,12563.0
65,6,12640.687,13658.0
65,5,12920.64,14003.0
65,4,13285.677,14434.0
65,3,13594.823,14721.02
65,2,56425.258,59741.12
65,1,57484.053,61050.1
66,66,-189.86378,5.939061
66,65,-189.80316,11.647
66,64,-119.05794,22.89
66,63,-113.1211,41.23
66,62,-61.365778,62.1
66,61,-53.728992,93.0
66,60,-22.600334,110.0
66,59,-60.84503,127.0
66,58,-29.165243,152.0
66,57,-20.426196,170.0
66,56,-18.075042,192.0
66,55,-4.8674232,224.0
66,54,-30.213293,259.0
66,53,61.581382,279.0
66,52,-40.856606,300.0
66,51,63.847068,332.0
66,50,80.341657,366.0
66,49,97.206265,399.0
66,48,114.44089,431.0
66,47,132.04554,464.9
66,46,528.9572,664.0
66,45,556.80184,702.0
66,44,585.01651,743.0
66,43,613.6012,786.0
66,42,642.5559,827.0
66,41,671.88063,872.0
66,40,701.57537,924.0
66,39,731.64014,969.0
66,38,762.07492,1014.0
66,37,792.87973,1059.0
66,36,959.38674,1232.0
66,35,996.6218,1275.0
66,34,1034.2874,1325.0
66,33,1072.3836,1371.0
66,32,1110.9104,1468.0
66,31,1149.8678,1520.0
66,30,1239.5908,1638.0
66,29,1252.7775,1691.7
66,28,2787.3329,2882.0
66,27,2863.9521,2987.0
66,26,2941.2292,3098.0
66,25,3019.164,3217.0
66,24,3097.7567,3331.0
66,23,3177.0071,3445.0
66,22,3256.9154,3607.0
66,21,3337.4815,3725.0
66,20,3418.7054,3852.0
66,19,3500.5872,3970.0
66,18,3948.8887,4303.0
66,17,4072.5347,4407.0
66,16,4197.4927,4523.0
66,15,4323.7624,4629.0
66,14,4451.3441,4945.0
66,13,4580.2375,5066.0
66,12,4879.0934,5296.0
66,11,4965.0394,5412.0
66,10,11943.58,12081.0
66,9,12219.027,12370.0
66,8,12496.732,12690.0
66,7,12776.694,12986.0
66,6,13058.915,14144.0
66,5,13343.392,14495.0
66,4,13714.266,14936.0
66,3,14028.311,15228.06
66,2,58191.277,61736.62
66,1,59266.399,63073.23
67,67,-192.93707,6.0215
67,66,-192.87646,11.781
67,65,-111.29323,22.79
67,64,-104.8104,42.52
67,63,-62.627815,63.9
67,62,-54.991029,95.0
67,61,-47.078677,112.0
67,60,-31.433703,129.0
67,59,-37.884338,155.0
67,58,-21.688233,173.0
67,57,-9.2183638,197.0
67,56,4.5352389,229.0
67,55,18.658861,263.0
67,54,-13.886135,284.0
67,53,95.054802,305.0
67,52,-31.172292,340.0
67,51,91.38227,373.0
67,50,108.79286,408.0
67,49,126.57347,441.0
67,48,144.7241,475.0
67,47,163.24475,510.0
67,46,576.42066,715.0
67,45,605.18131,755.0
67,44,634.31198,797.0
67,43,663.81267,842.0
67,42,693.68338,885.0
67,41,723.92411,929.0
67,40,754.53485,985.0
67,39,785.51562,1029.0
67,38,816.86641,1077.0
67,37,848.58722,1122.0
67,36,1020.3545,1300.0
67,35,1058.5777,1346.0
67,34,1097.2314,1395.0
67,33,1136.3157,1443.0
67,32,1175.8306,1545.0
67,31,1215.7761,1598.0
67,30,1307.2133,1719.0
67,29,1320.7303,1773.6
67,28,2921.1703,3018.0
67,27,2999.418,3125.0
67,26,3078.3235,3238.0
67,25,3157.8868,3359.0
67,24,3238.1079,3476.0
67,23,3318.9868,3592.0
67,22,3400.5235,3760.0
67,21,3482.7181,3880.0
67,20,3565.5704,4009.0
67,19,3649.0806,4131.0
67,18,4105.7089,4469.0
67,17,4231.6547,4576.0
67,16,4358.9123,4693.0
67,15,4487.4817,4802.0
67,14,4617.363,5135.0
67,13,4748.5561,5258.0
67,12,5052.4552,5494.0
67,11,5139.9135,5611.0
67,10,12350.509,12495.0
67,9,12630.482,12790.0
67,8,12912.712,13116.0
67,7,13197.199,13417.0
67,6,13483.945,14639.0
67,5,13772.948,14998.0
67,4,14149.657,15448.0
67,3,14468.602,15745.77
67,2,59984.508,63772.42
67,1,61075.956,65137.13
68,68,-196.01037,6.1077
68,67,-195.94975,11.916
68,66,-103.2898,22.7
68,65,-96.260983,42.42
68,64,-63.889852,65.1
68,63,-56.253066,96.0
68,62,-48.340714,114.0
68,61,-40.152798,131.0
68,60,-31.689316,158.0
68,59,-22.95027,177.0
68,58,-0.12296096,201.0
68,57,14.176625,235.0
68,56,28.846231,268.0
68,55,-16.95943,290.0
68,54,-13.532483,311.0
68,53,85.075052,345.0
68,52,102.66161,381.0
68,51,120.61818,415.0
68,50,138.94478,450.0
68,49,157.64139,486.0
68,48,176.70803,520.0
68,47,196.14468,555.0
68,46,625.58483,770.0
68,45,655.26148,810.0
68,44,685.30816,853.0
68,43,715.72485,899.0
68,42,746.51156,943.0
68,41,777.66829,989.0
68,40,809.19505,1046.0
68,39,841.09182,1092.0
68,38,873.35861,1142.0
68,37,905.99542,1188.0
68,36,1083.023,1370.0
68,35,1122.2342,1416.0
68,34,1161.8761,1468.0
68,33,1201.9485,1516.0
68,32,1242.4515,1625.0
68,31,1283.3851,1678.0
68,30,1376.5366,1803.0
68,29,1390.3838,1858.5
68,28,3058.0312,3157.0
68,27,3137.9073,3265.0
68,26,3218.4412,3381.0
68,25,3299.633,3505.0
68,24,3381.4825,3624.0
68,23,3463.9899,3742.0
68,22,3547.1551,3916.0
68,21,3630.9781,4038.0
68,20,3715.4589,4170.0
68,19,3800.5975,4294.0
68,18,4265.5527,4639.0
68,17,4393.7981,4748.0
68,16,4523.3554,4866.0
68,15,4654.2245,4978.0
68,14,4786.4054,5329.0
68,13,4919.8982,5455.0
68,12,5228.8404,5695.0
68,11,5317.8111,5815.0
68,10,12764.241,12918.0
68,9,13048.739,13217.0
68,8,13335.494,13548.0
68,7,13624.507,13855.0
68,6,13915.778,15146.0
68,5,14209.306,15511.0
68,4,14591.852,15971.0
68,3,14915.696,16274.56
68,2,61804.949,65848.24
68,1,62912.725,67241.48
69,69,-199.08366,6.184402
69,68,-199.02305,12.065
69,67,-95.047638,23.66
69,66,-87.472839,42.41
69,65,-65.151889,65.4
69,64,-57.515103,98.0
69,63,-49.602751,116.0
69,62,-41.414835,133.0
69,61,-32.951353,160.0
69,60,-24.212307,180.0
69,59,9.2111665,205.0
69,58,24.056737,239.0
69,57,-39.433177,274.0
69,56,-36.217608,295.0
69,55,78.284611,317.0
69,54,96.047131,352.0
69,53,114.17967,387.0
69,52,132.68223,424.0
69,51,151.55481,460.0
69,50,170.79741,496.0
69,49,190.41002,530.0
69,48,210.39266,570.0
69,47,230.74532,603.0
69,46,676.44971,825.0
69,45,707.04237,866.0
69,44,738.00505,911.0
69,43,769.33774,958.0
69,42,801.04046,1004.0
69,41,833.11319,1050.0
69,40,865.55595,1110.0
69,39,898.36872,1157.0
69,38,931.55152,1207.0
69,37,965.10433,1255.0
69,36,1147.3921,1442.0
69,35,1187.5915,1490.0
69,34,1228.2215,1542.0
69,33,1269.2821,1591.0
69,32,1310.7732,1706.0
69,31,1352.6949,1761.0
69,30,1447.5605,1889.0
69,29,1461.738,1945.2
69,28,3197.9155,3298.0
69,27,3279.4201,3409.0
69,26,3361.5825,3528.0
69,25,3444.4027,3653.0
69,24,3527.8807,3775.0
69,23,3612.0165,3895.0
69,22,3696.8102,4075.0
69,21,3782.2616,4199.0
69,20,3868.3709,4335.0
69,19,3955.1379,4461.0
69,18,4428.42,4812.0
69,17,4558.965,4922.0
69,16,4690.822,5044.0
69,15,4823.9907,5157.0
69,14,4958.4713,5527.0
69,13,5094.2638,5656.0
69,12,5408.2492,5901.0
69,11,5498.7322,6023.0
69,10,13184.776,13347.0
69,9,13473.799,13651.0
69,8,13765.08,13988.0
69,7,14058.618,14300.0
69,6,14354.414,15663.0
69,5,14652.468,16036.0
69,4,15040.849,16510.0
69,3,15369.593,16814.34
69,2,63652.603,67965.25
69,1,64776.705,69387.45
70,70,-202.15696,6.25416
70,69,-202.09634,12.179185
70,68,-86.566753,25.053
70,67,-78.445971,43.61
70,66,-66.413926,65.6
70,65,-58.777139,99.0
70,64,-50.864788,117.0
70,63,-42.676872,135.0
70,62,-34.21339,163.0
70,61,-25.474343,182.0
70,60,18.784019,209.0
70,59,34.175573,244.0
70,58,-42.506472,279.0
70,57,-39.290903,301.0
70,56,88.94943,324.0
70,55,107.25793,360.0
70,54,125.93646,396.0
70,53,144.985,431.0
70,52,164.40356,469.0
70,51,184.19215,505.0
70,50,204.35075,540.0
70,49,224.87937,580.0
70,48,245.77801,610.0
70,47,267.04667,651.0
70,46,729.01531,882.0
70,45,760.52397,924.0
70,44,792.40265,971.0
70,43,824.65135,1019.0
70,42,857.27007,1065.0
70,41,890.25881,1114.0
70,40,923.61757,1175.0
70,39,957.34634,1224.0
70,38,991.44514,1275.0
70,37,1025.914,1324.0
70,36,1213.462,1516.0
70,35,1254.6495,1564.0
70,34,1296.2676,1618.0
70,33,1338.3163,1668.0
70,32,1380.7955,1789.0
70,31,1423.7053,1845.0
70,30,1520.2852,1978.0
70,29,1534.793,2036.4
70,28,3340.8234,3443.0
70,27,3423.9564,3555.0
70,26,3507.7473,3677.0
70,25,3592.1959,3805.0
70,24,3677.3024,3929.0
70,23,3763.0666,4051.0
70,22,3849.4887,4238.0
70,21,3936.5686,4364.0
70,20,4024.3063,4502.0
70,19,4112.7018,4630.0
70,18,4594.3107,4988.0
70,17,4727.1554,5101.0
70,16,4861.312,5224.0
70,15,4996.7804,5339.0
70,14,5133.5607,5731.0
70,13,5271.6528,5860.0
70,12,5590.6814,6111.0
70,11,5682.6768,6236.0
70,10,13612.114,13784.0
70,9,13905.662,14093.0
70,8,14201.468,14435.0
70,7,14499.532,14752.0
70,6,14799.853,16191.0
70,5,15102.432,16570.0
70,4,15496.65,17050.0
70,3,15830.292,17365.44
70,2,65527.467,70123.04
70,1,66667.896,71574.63
71,71,-188.6704,5.425871
71,70,-202.19354,14.13
71,69,-201.98614,20.9594
71,68,-69.180378,45.249
71,67,-60.143593,66.8
71,66,-67.571547,98.0
71,65,-52.126825,117.0
71,64,-43.938909,136.0
71,63,-3.5137045,159.0
71,62,-19.736973,185.0
71,61,-10.365534,205.0
71,60,44.533133,238.0
71,59,60.84069,276.0
71,58,-26.179314,305.0
71,57,-22.752367,328.0
71,56,118.70746,361.0
71,55,137.93197,399.0
71,54,157.5265,438.0
71,53,177.49104,476.0
71,52,197.82561,520.0
71,51,218.53019,560.0
71,50,239.6048,600.0
71,49,261.04942,630.0
71,48,282.86407,670.0
71,47,305.04873,713.0
71,46,783.28161,941.0
71,45,815.70628,985.0
71,44,848.50096,1032.0
71,43,881.66566,1081.0
71,42,915.20039,1130.0
71,41,949.10513,1178.0
71,40,983.37989,1242.0
71,39,1018.0247,1292.0
71,38,1053.0395,1345.0
71,37,1088.4243,1395.0
71,36,1281.2326,1591.0
71,35,1323.4083,1641.0
71,34,1366.0145,1696.0
71,33,1409.0512,1747.0
71,32,1452.5186,1875.0
71,31,1496.4165,1933.0
71,30,1594.7106,2067.0
71,29,1609.5486,2125.5
71,28,3486.7547,3590.0
71,27,3571.5162,3706.0
71,26,3656.9355,3828.0
71,25,3743.0126,3960.0
71,24,3829.7475,4086.0
71,23,3917.1402,4211.0
71,22,4005.1908,4403.0
71,21,4093.8991,4532.0
71,20,4183.2653,4673.0
71,19,4273.2892,4803.0
71,18,4763.2249,5168.0
71,17,4898.3693,5282.0
71,16,5034.8256,5408.0
71,15,5172.5937,5525.0
71,14,5311.6736,5937.0
71,13,5452.0654,6070.0
71,12,5776.1372,6326.0
71,11,5869.6449,6452.0
71,10,14046.255,14228.0
71,9,14344.328,14542.0
71,8,14644.659,14890.0
71,7,14947.248,15211.0
71,6,15252.094,16730.0
71,5,15559.199,17120.0
71,4,15959.253,17610.0
71,3,16297.795,17928.05
71,2,67429.543,72322.87
71,1,68586.299,73804.35
72,72,-188.18484,6.82507
72,71,-226.20376,14.61
72,70,-182.82524,22.55
72,69,-178.56561,33.37
72,68,-50.093291,68.37
72,67,-55.729116,98.0
72,66,-47.459938,118.0
72,65,-38.915194,137.0
72,64,-30.094884,157.0
72,63,20.843207,187.0
72,62,-4.1721013,209.0
72,61,5.8317306,230.0
72,60,71.982959,270.0
72,59,-29.252609,310.0
72,58,-25.825662,334.0
72,57,130.39571,359.0
72,56,150.16621,399.0
72,55,170.30672,440.0
72,54,190.81725,481.0
72,53,211.6978,520.0
72,52,232.94836,570.0
72,51,254.56895,610.0
72,50,276.55956,650.0
72,49,298.92019,690.0
72,48,321.65084,730.0
72,47,344.7515,772.0
72,46,839.24863,1002.0
72,45,872.5893,1047.0
72,44,906.29999,1094.0
72,43,940.38069,1146.0
72,42,974.83142,1195.0
72,41,1009.6522,1245.0
72,40,1044.8429,1311.0
72,39,1080.4037,1362.0
72,38,1116.3345,1417.0
72,37,1152.6353,1467.0
72,36,1350.7039,1669.0
72,35,1393.8677,1719.0
72,34,1437.462,1776.0
72,33,1481.4869,1827.0
72,32,1525.9423,1963.0
72,31,1570.8284,2022.0
72,30,1670.8366,2159.0
72,29,1686.005,2218.9
72,28,3635.7096,3741.0
72,27,3722.0995,3858.0
72,26,3809.1472,3984.0
72,25,3896.8528,4118.0
72,24,3985.2161,4246.0
72,23,4074.2373,4372.0
72,22,4163.9163,4573.0
72,21,4254.2531,4703.0
72,20,4345.2477,4846.0
72,19,4436.9001,4980.0
72,18,4935.1626,5350.0
72,17,5072.6067,5468.0
72,16,5211.3626,5595.0
72,15,5351.4304,5713.0
72,14,5492.81,6149.0
72,13,5635.5014,6284.0
72,12,5964.6164,6545.0
72,11,6059.6364,6674.0
72,10,14487.198,14678.0
72,9,14789.797,14999.0
72,8,15094.653,15351.0
72,7,15401.767,15680.0
72,6,15711.139,17280.0
72,5,16022.768,17680.0
72,4,16428.659,18180.0
72,3,16772.1,18502.32
72,2,69358.83,74565.91
72,1,70531.913,76077.7
73,73,-209.7651,7.549571
73,72,-209.63547,16.2
73,71,-181.98713,23.1
73,70,-177.37807,35.0
73,69,-172.53219,48.272
73,68,-29.305493,94.01
73,67,-42.693815,119.0
73,66,-33.792243,139.0
73,65,-24.615107,159.0
73,64,-15.162405,180.0
73,63,-5.4341382,213.0
73,62,4.5696937,235.0
73,61,83.363952,262.0
73,60,101.1335,304.0
73,59,-11.836995,338.0
73,58,-8.1986699,363.0
73,57,162.63917,396.0
73,56,183.32566,439.0
73,55,204.38217,482.0
73,54,225.80871,530.0
73,53,247.60526,570.0
73,52,269.77183,610.0
73,51,292.30842,660.0
73,50,315.21504,700.0
73,49,338.49167,750.0
73,48,362.13832,790.0
73,47,386.15499,832.0
73,46,896.91636,1064.0
73,45,931.17303,1110.0
73,44,965.79972,1160.0
73,43,1000.7964,1211.0
73,42,1036.1632,1262.0
73,41,1071.8999,1313.0
73,40,1108.0067,1382.0
73,39,1144.4835,1434.0
73,38,1181.3303,1490.0
73,37,1218.5471,1542.0
73,36,1421.876,1748.0
73,35,1466.0278,1799.0
73,34,1510.6102,1857.0
73,33,1555.6232,1910.0
73,32,1601.0668,2053.0
73,31,1646.941,2113.0
73,30,1748.6634,2254.0
73,29,1764.1621,2314.7
73,28,3787.6879,3898.7
73,27,3875.7063,4014.0
73,26,3964.3824,4143.0
73,25,4053.7164,4278.0
73,24,4143.7082,4410.0
73,23,4234.3579,4537.0
73,22,4325.6653,4745.0
73,21,4417.6305,4877.0
73,20,4510.2536,5024.0
73,19,4603.5345,5159.0
73,18,5110.1238,5537.0
73,17,5249.8676,5655.0
73,16,5390.9231,5785.0
73,15,5533.2906,5907.0
73,14,5676.9698,6364.0
73,13,5821.9609,6502.0
73,12,6156.1191,6769.0
73,11,6252.6515,6900.0
73,10,14934.944,15137.0
73,9,15242.068,15461.0
73,8,15551.45,15820.0
73,7,15863.089,16150.0
73,6,16176.986,17840.0
73,5,16493.141,18250.0
73,4,16904.867,18760.0
73,3,17253.208,19088.51
73,2,71315.329,76852.0
73,1,72504.739,78394.63
74,74,-212.26402,7.86403
74,73,-212.1114,16.37
74,72,-180.99623,26.0
74,71,-176.03774,38.2
74,70,-170.84243,51.6
74,69,-165.41032,64.77
74,68,-6.8169829,122.01
74,67,-72.193149,141.2
74,66,-25.877144,160.2
74,65,-16.424442,179.0
74,64,58.520549,208.9
74,63,-61.909067,231.6
74,62,94.98367,258.3
74,61,113.2992,290.7
74,60,131.98475,325.3
74,59,6.6670743,361.9
74,58,10.516777,387.9
74,57,196.58333,420.7
74,56,218.18583,462.1
74,55,240.15834,502.6
74,54,262.50088,543.4
74,53,285.21344,594.5
74,52,308.29601,640.6
74,51,331.74861,685.6
74,50,355.57122,734.1
74,49,379.76386,784.4
74,48,404.32651,833.4
74,47,429.25918,881.4
74,46,956.2848,1132.2
74,45,991.45748,1180.0
74,44,1027.0002,1230.4
74,43,1062.9129,1283.4
74,42,1099.1956,1335.1
74,41,1135.8484,1386.8
74,40,1172.8711,1459.9
74,39,1210.2639,1512.4
74,38,1248.0267,1569.1
74,37,1286.1596,1621.7
74,36,1494.7487,1829.8
74,35,1539.8887,1882.9
74,34,1585.4592,1940.6
74,33,1631.4603,1994.8
74,32,1677.892,2149.1
74,31,1724.7543,2210.0
74,30,1828.1909,2354.5
74,29,1844.0198,2414.1
74,28,3942.6897,4057.0
74,27,4032.3365,4180.0
74,26,4122.6411,4309.0
74,25,4213.6036,4446.0
74,24,4305.2238,4578.0
74,23,4397.5019,4709.0
74,22,4490.4378,4927.0
74,21,4584.0315,5063.0
74,20,4678.283,5209.0
74,19,4773.1923,5348.0
74,18,5288.1085,5719.0
74,17,5430.1519,5840.0
74,16,5573.5072,5970.0
74,15,5718.1743,6093.0
74,14,5864.1532,6596.0
74,13,6011.444,6735.0
74,12,6350.6453,7000.0
74,11,6448.69,7130.0
74,10,15389.494,15566.0
74,9,15701.143,15896.0
74,8,16015.05,16252.0
74,7,16331.214,16588.0
74,6,16649.637,18476.0
74,5,16970.316,18872.0
74,4,17387.879,19362.0
74,3,17741.119,19686.74
74,2,73299.039,79181.94
74,1,74504.776,80755.91
75,75,-214.74438,7.83352
75,74,-214.56876,16.6
75,73,-179.85255,27.0
75,72,-174.54463,39.1
75,71,-168.99989,51.9
75,70,-163.21835,67.0
75,69,-157.19999,82.71
75,68,-29.832095,144.4
75,67,-20.29813,165.0
75,66,-10.488601,187.0
75,65,-0.40350689,208.0
75,64,87.063592,236.0
75,63,-56.513063,268.0
75,62,125.70362,291.0
75,61,144.93516,330.0
75,60,164.53671,377.0
75,59,-153.49944,403.0
75,58,210.07972,429.0
75,57,232.22821,476.0
75,56,254.74671,520.0
75,55,277.63523,570.0
75,54,300.89377,620.0
75,53,324.52233,670.0
75,52,348.5209,720.0
75,51,372.8895,760.0
75,50,397.62812,810.0
75,49,422.73676,860.0
75,48,448.21542,910.0
75,47,474.06409,953.0
75,46,1017.354,1194.0
75,45,1053.4426,1242.0
75,44,1089.9013,1294.0
75,43,1126.73,1349.0
75,42,1163.9288,1402.0
75,41,1201.4975,1454.0
75,40,1239.4363,1530.0
75,39,1277.7451,1583.0
75,38,1316.4239,1641.0
75,37,1355.4728,1696.0
75,36,1569.3221,1912.0
75,35,1615.4502,1966.0
75,34,1662.0089,2025.0
75,33,1708.9981,2080.0
75,32,1756.4179,2240.0
75,31,1804.2683,2302.0
75,30,1909.4192,2450.0
75,29,1925.5783,2514.5
75,28,4100.715,4214.0
75,27,4191.9902,4335.0
75,26,4283.9233,4468.0
75,25,4376.5142,4609.0
75,24,4469.7629,4745.0
75,23,4563.6695,4877.0
75,22,4658.2338,5099.0
75,21,4753.4559,5236.0
75,20,4849.3359,5388.0
75,19,4945.8737,5528.0
75,18,5469.1167,5919.0
75,17,5613.4598,6042.0
75,16,5759.1147,6176.0
75,15,5906.0814,6300.0
75,14,6054.36,6810.0
75,13,6203.9505,6952.0
75,12,6548.1949,7230.0
75,11,6647.752,7366.0
75,10,15850.846,16080.0
75,9,16167.02,16410.0
75,8,16485.452,16780.0
75,7,16806.142,17120.0
75,6,17129.09,19000.0
75,5,17454.295,19420.0
75,4,17877.693,19950.0
75,3,18235.833,20297.4
75,2,75309.96,81556.58
75,1,76532.024,83162.41
76,76,-217.20619,8.43823
76,75,-217.00756,17.0
76,74,-178.55608,25.0
76,73,-172.89873,41.0
76,72,-167.00457,55.0
76,71,-160.87359,70.1
76,70,-154.50581,85.1
76,69,-147.90121,102.02
76,68,-14.619882,168.7
76,67,-4.4535253,190.0
76,66,5.9883966,213.0
76,65,16.705884,235.0
76,64,117.30735,269.0
76,63,-50.640859,298.0
76,62,158.12429,322.0
76,61,178.27183,367.0
76,60,23.186304,410.0
76,59,27.247385,436.0
76,58,246.50931,470.0
76,57,269.57379,520.0
76,56,293.0083,570.0
76,55,316.81282,620.0
76,54,340.98736,670.0
76,53,365.53193,720.0
76,52,390.44651,770.0
76,51,415.73111,820.0
76,50,441.38573,870.0
76,49,467.41037,920.0
76,48,493.80503,970.0
76,47,520.56971,1015.0
76,46,1080.1238,1262.0
76,45,1117.1285,1311.0
76,44,1154.5032,1364.0
76,43,1192.2479,1420.0
76,42,1230.3627,1474.0
76,41,1268.8474,1528.0
76,40,1307.7022,1606.0
76,39,1346.927,1660.0
76,38,1386.5218,1720.0
76,37,1426.4867,1776.0
76,36,1645.5963,1996.0
76,35,1692.7125,2052.0
76,34,1740.2593,2112.0
76,33,1788.2366,2168.0
76,32,1836.6445,2336.0
76,31,1885.483,2400.0
76,30,1992.3481,2552.0
76,29,2008.8375,2615.5
76,28,4261.7637,4374.0
76,27,4354.6675,4501.0
76,26,4448.229,4635.0
76,25,4542.4483,4779.0
76,24,4637.3255,4917.0
76,23,4732.8605,5052.0
76,22,4829.0533,5280.0
76,21,4925.9039,5421.0
76,20,5023.4123,5575.0
76,19,5121.5785,5717.0
76,18,5653.1484,6115.0
76,17,5799.7911,6240.0
76,16,5947.7457,6376.0
76,15,6097.0121,6503.0
76,14,6247.5903,7039.0
76,13,6399.4804,7185.0
76,12,6748.7681,7468.0
76,11,6849.8376,7610.0
76,10,16319.001,16560.0
76,9,16639.7,16900.0
76,8,16962.658,17270.0
76,7,17287.873,17620.0
76,6,17615.346,19600.0
76,5,17945.076,20030.0
76,4,18374.311,20570.0
76,3,18737.35,20920.6
76,2,77348.093,83976.18
76,1,78586.483,85614.42
77,77,-219.64943,8.96702
77,76,-219.4278,17.0
77,75,-177.10683,28.0
77,74,-171.10005,40.0
77,73,-164.85646,57.0
77,72,-158.37606,72.0
77,71,-151.65884,89.0
77,70,-144.70481,105.0
77,69,-137.51397,122.7
77,68,1.6807859,194.8
77,67,12.479535,217.0
77,66,23.55385,240.0
77,65,34.903729,264.0
77,64,46.529174,303.0
77,63,58.430184,329.0
77,62,192.24567,356.0
77,61,213.30921,407.0
77,60,43.867284,445.0
77,59,48.139743,472.0
77,58,284.6396,510.0
77,57,308.62009,560.0
77,56,332.9706,610.0
77,55,357.69112,670.0
77,54,382.78167,720.0
77,53,408.24224,770.0
77,52,434.07282,820.0
77,51,460.27343,870.0
77,50,486.84405,920.0
77,49,513.7847,980.0
77,48,541.09536,1030.0
77,47,568.77604,1080.0
77,46,1144.5944,1331.0
77,45,1182.5151,1381.0
77,44,1220.8058,1436.0
77,43,1259.4665,1493.0
77,42,1298.4973,1548.0
77,41,1337.898,1603.0
77,40,1377.6688,1684.0
77,39,1417.8096,1739.0
77,38,1458.3204,1801.0
77,37,1499.2013,1857.0
77,36,1723.5712,2083.0
77,35,1771.6755,2139.0
77,34,1820.2104,2201.0
77,33,1869.1758,2258.0
77,32,1918.5718,2435.0
77,31,1968.3984,2500.0
77,30,2076.9777,2656.0
77,29,2093.7975,2720.4
77,28,4425.836,4540.0
77,27,4520.3682,4668.0
77,26,4615.5582,4806.0
77,25,4711.406,4952.0
77,24,4807.9116,5092.0
77,23,4905.075,5229.0
77,22,5002.8962,5466.0
77,21,5101.3753,5609.0
77,20,5200.5121,5765.0
77,19,5300.3068,5910.0
77,18,5840.2035,6315.0
77,17,5989.1459,6441.0
77,16,6139.4001,6580.0
77,15,6290.9662,6708.0
77,14,6443.8441,7274.0
77,13,6598.0339,7421.0
77,12,6952.3647,7710.0
77,11,7054.9466,7850.0
77,10,16793.958,17040.0
77,9,17119.183,17390.0
77,8,17446.666,17770.0
77,7,17776.406,18120.0
77,6,18108.404,20210.0
77,5,18442.66,20650.0
77,4,18877.731,21200.0
77,3,19245.67,21556.6
77,2,79413.438,86442.44
77,1,80668.155,88113.6
78,78,-224.63294,8.95883
78,77,-181.6242,18.56
78,76,-175.5048,29.0
78,75,-169.14859,43.0
78,74,-162.55557,56.0
78,73,-155.72573,75.0
78,72,-148.65909,91.0
78,71,-141.35563,109.0
78,70,-133.81536,126.0
78,69,-126.03827,144.9
78,68,19.069909,220.4
78,67,30.501051,245.0
78,66,42.207758,269.0
78,65,54.190031,293.0
78,64,66.447868,332.0
78,63,78.98127,358.0
78,62,228.06776,392.0
78,61,250.0473,445.0
78,60,65.63672,479.0
78,59,70.120557,507.0
78,58,324.47061,550.0
78,57,349.3671,610.0
78,56,374.63361,660.0
78,55,400.27014,710.0
78,54,426.27669,760.0
78,53,452.65326,820.0
78,52,479.39985,870.0
78,51,506.51646,930.0
78,50,534.00309,980.0
78,49,561.85973,1040.0
78,48,590.0864,1090.0
78,47,618.68309,1140.0
78,46,1210.7657,1402.0
78,45,1249.6024,1454.0
78,44,1288.8091,1509.0
78,43,1328.3858,1567.0
78,42,1368.3326,1624.0
78,41,1408.6493,1680.0
78,40,1449.3361,1763.0
78,39,1490.3929,1821.0
78,38,1531.8197,1883.0
78,37,1573.6166,1941.0
78,36,1803.2467,2171.0
78,35,1852.3392,2228.0
78,34,1901.8622,2291.0
78,33,1951.8157,2350.0
78,32,2002.1999,2536.0
78,31,2053.0146,2603.0
78,30,2163.3081,2762.0
78,29,2180.4581,2827.8
78,28,4592.9318,4715.0
78,27,4689.0924,4839.0
78,26,4785.9108,4980.0
78,25,4883.3871,5128.0
78,24,4981.5211,5270.0
78,23,5080.313,5410.0
78,22,5179.7627,5654.0
78,21,5279.8702,5800.0
78,20,5380.6355,5959.0
78,19,5482.0586,6106.0
78,18,6030.2821,6517.0
78,17,6181.5242,6646.0
78,16,6334.0781,6787.0
78,15,6487.9439,6918.0
78,14,6643.1214,7512.0
78,13,6799.6109,7660.0
78,12,7158.9849,7960.0
78,11,7263.079,8100.0
78,10,17275.719,17540.0
78,9,17605.469,17890.0
78,8,17937.477,18280.0
78,7,18271.743,18630.0
78,6,18608.266,20840.0
78,5,18947.047,21280.0
78,4,19387.954,21840.0
78,3,19760.792,22205.7
78,2,81505.993,88955.1
78,1,82777.037,90659.84
79,79,-227.11595,9.225554
79,78,-180.21881,20.203
79,77,-173.74998,30.0
79,76,-167.04434,45.0
79,75,-160.10189,60.0
79,74,-152.92263,74.0
79,73,-145.50655,94.0
79,72,-137.85366,112.0
79,71,-129.96396,130.1
79,70,-121.83745,149.0
79,69,-113.47412,168.2
79,68,37.547488,248.0
79,67,49.611023,275.0
79,66,61.950123,299.0
79,65,74.564787,324.0
79,64,87.455017,365.0
79,63,100.62081,392.0
79,62,265.59056,433.0
79,61,288.4861,487.0
79,60,88.494611,520.0
79,59,93.189826,550.0
79,58,366.00233,600.0
79,57,391.81482,650.0
79,56,417.99734,710.0
79,55,444.54987,760.0
79,54,471.47242,820.0
79,53,498.765,870.0
79,52,526.42759,930.0
79,51,554.4602,990.0
79,50,582.86283,1040.0
79,49,611.63548,1100.0
79,48,640.77815,1150.0
79,47,670.29084,1210.0
79,46,1278.6377,1475.0
79,45,1318.3904,1527.0
79,44,1358.5131,1584.0
79,43,1399.0058,1644.0
79,42,1439.8686,1702.0
79,41,1481.1013,1758.0
79,40,1522.7041,1845.0
79,39,1564.6769,1904.0
79,38,1607.0198,1967.0
79,37,1649.7326,2026.0
79,36,1884.623,2261.0
79,35,1934.7036,2320.0
79,34,1985.2147,2383.0
79,33,2036.1564,2443.0
79,32,2087.5286,2640.0
79,31,2139.3314,2708.0
79,30,2251.3391,2870.0
79,29,2268.8194,2941.0
79,28,4763.051,4888.0
79,27,4860.8401,5013.0
79,26,4959.287,5156.0
79,25,5058.3917,5307.0
79,24,5158.1542,5452.0
79,23,5258.5745,5594.0
79,22,5359.6526,5846.0
79,21,5461.3886,5994.0
79,20,5563.7823,6156.0
79,19,5666.8339,6305.0
79,18,6223.3843,6724.0
79,17,6376.926,6854.0
79,16,6531.7796,6997.0
79,15,6687.945,7130.0
79,14,6845.4222,7760.0
79,13,7004.2113,7910.0
79,12,7368.6285,8210.0
79,11,7474.235,8360.0
79,10,17764.282,18040.0
79,9,18098.558,18400.0
79,8,18435.091,18790.0
79,7,18773.882,19150.0
79,6,19114.93,21470.0
79,5,19458.236,21920.0
79,4,19904.98,22500.0
79,3,20282.717,22868.1
79,2,83625.76,91515.8
79,1,84913.131,93254.62
80,80,-226.8678,10.437504
80,79,-226.57716,18.75688
80,78,-171.84238,34.49
80,77,-164.78731,48.55
80,76,-157.49543,61.2
80,75,-149.96674,76.6
80,74,-142.20123,93.0
80,73,-134.19892,113.9
80,72,-125.95978,134.0
80,71,-117.48384,153.0
80,70,-108.77109,173.0
80,69,-99.821517,192.7
80,68,57.113523,276.9
80,67,69.80945,307.0
80,66,82.780942,332.0
80,65,96.028,357.0
80,64,109.55062,402.0
80,63,123.34881,429.0
80,62,304.81407,477.0
80,61,85.421316,530.0
80,60,90.116531,560.0
80,59,382.87628,590.0
80,58,409.23476,650.0
80,57,435.96326,710.0
80,56,463.06177,760.0
80,55,490.53031,820.0
80,54,518.36887,880.0
80,53,546.57744,930.0
80,52,575.15604,990.0
80,51,604.10465,1050.0
80,50,633.42329,1110.0
80,49,663.11194,1160.0
80,48,693.17061,1220.0
80,47,723.59931,1280.0
80,46,1348.2104,1549.0
80,45,1388.8791,1603.0
80,44,1429.9178,1661.0
80,43,1471.3265,1723.0
80,42,1513.1053,1780.0
80,41,1555.2541,1839.0
80,40,1597.7729,1928.0
80,39,1640.6617,1989.0
80,38,1683.9205,2052.0
80,37,1727.5493,2113.0
80,36,1967.7,2354.0
80,35,2018.7687,2412.0
80,34,2070.2679,2478.0
80,33,2122.1977,2539.0
80,32,2174.5581,2745.0
80,31,2227.349,2815.0
80,30,2341.0709,2981.0
80,29,2358.8815,3049.9
80,28,4936.1937,5055.0
80,27,5035.6112,5191.0
80,26,5135.6866,5335.0
80,25,5236.4197,5490.0
80,24,5337.8107,5636.0
80,23,5439.8595,5780.0
80,22,5542.5661,6041.0
80,21,5645.9304,6192.0
80,20,5749.9527,6356.0
80,19,5854.6327,6508.0
80,18,6419.5099,6933.0
80,17,6575.3513,7066.0
80,16,6732.5045,7211.0
80,15,6890.9696,7350.0
80,14,7050.7465,8010.0
80,13,7211.8353,8160.0
80,12,7581.2956,8470.0
80,11,7688.4145,8620.0
80,10,18259.649,18550.0
80,9,18598.449,18910.0
80,8,18939.508,19310.0
80,7,19282.824,19680.0
80,6,19628.398,22120.0
80,5,19976.229,22580.0
80,4,20428.809,23170.0
80,3,20811.446,23544.1
80,2,85772.738,94124.7
80,1,87076.436,95898.19
81,81,-211.60168,6.1082873
81,80,-225.71993,20.4283
81,79,-225.28251,29.852
81,78,-162.3775,51.14
81,77,-154.73619,62.6
81,76,-146.85807,80.0
81,75,-138.74313,97.9
81,74,-130.39138,116.0
81,73,-121.80282,135.0
81,72,-112.97745,158.0
81,71,-103.91526,177.0
81,70,-94.616266,198.0
81,69,-85.080456,218.3
81,68,77.768012,306.9
81,67,91.096332,340.0
81,66,104.70022,366.0
81,65,118.57967,392.0
81,64,132.73468,439.0
81,63,147.16526,467.0
81,62,345.7383,520.0
81,61,109.36766,570.0
81,60,114.27426,600.0
81,59,426.89342,640.0
81,58,454.1679,700.0
81,57,481.8124,760.0
81,56,509.82692,820.0
81,55,538.21146,880.0
81,54,566.96602,930.0
81,53,596.0906,990.0
81,52,625.5852,1060.0
81,51,655.44982,1110.0
81,50,685.68445,1170.0
81,49,716.28911,1230.0
81,48,747.26379,1290.0
81,47,778.60848,1350.0
81,46,1419.4838,1625.0
81,45,1461.0685,1681.0
81,44,1503.0232,1740.0
81,43,1545.348,1802.0
81,42,1588.0427,1862.0
81,41,1631.1075,1920.0
81,40,1674.5423,2014.0
81,39,1718.3471,2075.0
81,38,1762.5219,2140.0
81,37,1807.0668,2202.0
81,36,2052.4778,2447.0
81,35,2104.5345,2508.0
81,34,2157.0219,2574.0
81,33,2209.9398,2635.0
81,32,2263.2882,2854.0
81,31,2317.0673,2925.0
81,30,2432.5034,3094.0
81,29,2450.6443,3164.7
81,28,5112.3599,5234.0
81,27,5213.4059,5371.0
81,26,5315.1097,5518.0
81,25,5417.4713,5674.0
81,24,5520.4907,5824.0
81,23,5624.1679,5969.0
81,22,5728.503,6241.0
81,21,5833.4958,6392.0
81,20,5939.1465,6560.0
81,19,6045.4549,6714.0
81,18,6618.659,7146.0
81,17,6776.8,7281.0
81,16,6936.2529,7430.0
81,15,7097.0177,7570.0
81,14,7259.0943,8260.0
81,13,7422.4827,8420.0
81,12,7796.9862,8730.0
81,11,7905.6174,8880.0
81,10,18761.818,19070.0
81,9,19105.144,19440.0
81,8,19450.727,19840.0
81,7,19798.569,20210.0
81,6,20148.668,22780.0
81,5,20501.024,23250.0
81,4,20959.44,23850.0
81,3,21346.976,24234.1
81,2,87946.928,96783.2
81,1,89266.953,98592.12
82,82,-211.51596,7.4166799
82,81,-209.13088,15.032499
82,80,-223.8162,31.9373
82,79,-223.23198,42.33256
82,78,-151.82416,68.8
82,77,-143.59661,82.9
82,76,-135.13224,100.1
82,75,-126.43107,120.0
82,74,-117.49308,138.0
82,73,-108.31827,158.0
82,72,-98.90666,182.0
82,71,-89.258232,203.0
82,70,-79.372992,224.0
82,69,-69.25094,245.1
82,68,99.510958,338.1
82,67,113.47167,374.0
82,66,127.70795,401.0
82,65,142.21979,427.0
82,64,157.0072,478.0
82,63,172.07017,507.0
82,62,388.36323,570.0
82,61,134.40246,610.0
82,60,139.52044,650.0
82,59,472.61127,690.0
82,58,500.80175,750.0
82,57,529.36226,810.0
82,56,558.29278,870.0
82,55,587.59332,930.0
82,54,617.26389,990.0
82,53,647.30447,1050.0
82,52,677.71507,1120.0
82,51,708.49569,1180.0
82,50,739.64633,1240.0
82,49,771.16699,1300.0
82,48,803.05767,1360.0
82,47,835.31837,1430.0
82,46,1492.458,1704.0
82,45,1534.9587,1760.0
82,44,1577.8294,1819.0
82,43,1621.0701,1884.0
82,42,1664.6809,1945.0
82,41,1708.6617,2004.0
82,40,1753.0125,2101.0
82,39,1797.7333,2163.0
82,38,1842.8241,2230.0
82,37,1888.285,2292.0
82,36,2138.9562,2543.0
82,35,2192.0011,2605.0
82,34,2245.4765,2671.0
82,33,2299.3825,2735.0
82,32,2353.7191,2965.0
82,31,2408.4863,3036.0
82,30,2525.6366,3211.0
82,29,2544.1077,3282.1
82,28,5291.5496,5414.0
82,27,5394.2241,5555.0
82,26,5497.5563,5703.0
82,25,5601.5463,5862.0
82,24,5706.1942,6015.0
82,23,5811.4999,6162.0
82,22,5917.4634,6442.0
82,21,6024.0847,6597.0
82,20,6131.3638,6767.0
82,19,6239.3007,6924.0
82,18,6820.8316,7362.0
82,17,6981.2723,7500.0
82,16,7143.0249,7650.0
82,15,7306.0893,7790.0
82,14,7470.4655,8520.0
82,13,7636.1536,8680.0
82,12,8015.7003,9000.0
82,11,8125.8439,9150.0
82,10,19270.79,19590.0
82,9,19618.641,19970.0
82,8,19968.75,20380.0
82,7,20321.117,20750.0
82,6,20675.741,23460.0
82,5,21032.623,23940.0
82,4,21496.875,24550.0
82,3,21889.31,24938.2
82,2,90148.329,99491.8
82,1,91484.681,101336.7
83,83,-211.36133,7.285516
83,82,-208.72846,16.703
83,81,-205.90422,25.57075
83,80,-221.15659,45.37
83,79,-220.42558,54.856
83,78,-140.18237,88.4
83,77,-131.36857,103.0
83,76,-122.31797,122.0
83,75,-113.03055,143.0
83,74,-103.50632,161.1
83,73,-93.745271,183.0
83,72,-83.747414,208.0
83,71,-73.512744,229.0
83,70,-63.041262,252.0
83,69,-52.332968,272.6
83,68,122.34236,370.2
83,67,136.93546,409.0
83,66,151.80413,436.0
83,65,166.94837,464.0
83,64,182.36817,520.0
83,63,198.06353,550.0
83,62,432.68888,620.0
83,61,160.52572,660.0
83,60,165.85507,690.0
83,59,520.02983,750.0
83,58,549.13632,810.0
83,57,578.61283,870.0
83,56,608.45935,930.0
83,55,638.6759,990.0
83,54,669.26247,1060.0
83,53,700.21905,1120.0
83,52,731.54566,1180.0
83,51,763.24228,1250.0
83,50,795.30893,1310.0
83,49,827.74559,1380.0
83,48,860.55227,1440.0
83,47,893.72898,1500.0
83,46,1567.1328,1784.0
83,45,1610.5495,1840.0
83,44,1654.3362,1902.0
83,43,1698.493,1967.0
83,42,1743.0197,2029.0
83,41,1787.9165,2090.0
83,40,1833.1833,2190.0
83,39,1878.8201,2253.0
83,38,1924.827,2321.0
83,37,1971.2038,2385.0
83,36,2227.1353,2641.0
83,35,2281.1683,2703.0
83,34,2335.6319,2771.0
83,33,2390.526,2835.0
83,32,2445.8507,3078.0
83,31,2501.606,3151.0
83,30,2620.4705,3329.0
83,29,2639.2719,3401.8
83,28,5473.7628,5599.0
83,27,5578.0657,5740.0
83,26,5683.0264,5892.0
83,25,5788.6449,6054.0
83,24,5894.9212,6208.0
83,23,6001.8553,6358.0
83,22,6109.4473,6648.0
83,21,6217.697,6804.0
83,20,6326.6046,6977.0
83,19,6436.1699,7137.0
83,18,7026.0277,7580.0
83,17,7188.768,7720.0
83,16,7352.8203,7870.0
83,15,7518.1843,8010.0
83,14,7684.8602,8780.0
83,13,7852.848,8950.0
83,12,8237.4379,9270.0
83,11,8349.0938,9430.0
83,10,19786.565,20130.0
83,9,20138.941,20500.0
83,8,20493.575,20920.0
83,7,20850.467,21300.0
83,6,21209.617,24150.0
83,5,21571.024,24640.0
83,4,22041.112,25260.0
83,3,22438.447,25656.9
83,2,92376.942,102251.8
83,1,93729.62,104133.4
84,84,-211.13779,8.41807
84,83,-208.25712,19.3
84,82,-205.18508,27.3
84,81,-201.92168,36.0
84,80,-217.7411,57.0
84,79,-216.8633,69.1
84,78,-127.45212,108.0
84,77,-118.05208,125.0
84,76,-108.41523,146.1
84,75,-98.541573,166.0
84,74,-88.431099,186.0
84,73,-78.083812,209.0
84,72,-67.499713,235.0
84,71,-56.678801,257.0
84,70,-45.621077,281.0
84,69,-34.32654,304.0
84,68,146.26221,416.0
84,67,161.48771,444.0
84,66,176.98878,473.0
84,65,192.7654,502.0
84,64,208.8176,560.0
84,63,225.14535,590.0
84,62,157.45243,670.0
84,61,162.78178,700.0
84,60,539.49663,740.0
84,59,569.1491,800.0
84,58,599.17159,870.0
84,57,629.56411,930.0
84,56,660.32664,990.0
84,55,691.45919,1060.0
84,54,722.96175,1120.0
84,53,754.83434,1180.0
84,52,787.07695,1250.0
84,51,819.68958,1320.0
84,50,852.67223,1380.0
84,49,886.0249,1440.0
84,48,919.74758,1510.0
84,47,953.84029,1570.0
84,46,1643.5084,1865.0
84,45,1687.8411,1923.0
84,44,1732.5438,1986.0
84,43,1777.6165,2052.0
84,42,1823.0593,2115.0
84,41,1868.8721,2177.0
84,40,1915.0549,2281.0
84,39,1961.6077,2345.0
84,38,2008.5306,2414.0
84,37,2055.8234,2480.0
84,36,2317.0152,2740.0
84,35,2372.0363,2803.0
84,34,2427.488,2873.0
84,33,2483.3702,2938.0
84,32,2539.683,3194.0
84,31,2596.4264,3268.0
84,30,2717.0051,3450.0
84,29,2736.1368,3524.2
84,28,5658.9995,5785.0
84,27,5764.9308,5930.0
84,26,5871.52,6084.0
84,25,5978.7669,6248.0
84,24,6086.6717,6405.0
84,23,6195.2342,6557.0
84,22,6304.4546,6856.0
84,21,6414.3328,7015.0
84,20,6524.8688,7191.0
84,19,6636.0627,7350.0
84,18,7234.2472,7810.0
84,17,7399.2873,7950.0
84,16,7565.6391,8100.0
84,15,7733.3029,8240.0
84,14,7902.2785,9050.0
84,13,8072.5659,9220.0
84,12,8462.1989,9550.0
84,11,8575.3672,9710.0
84,10,20309.142,20670.0
84,9,20666.044,21050.0
84,8,21025.203,21470.0
84,7,21386.621,21860.0
84,6,21750.295,24860.0
84,5,22116.228,25360.0
84,4,22592.152,25990.0
84,3,22994.386,26390.4
84,2,94632.766,105064.3
84,1,96001.771,106983.4
85,85,-210.84534,9.31751
85,84,-207.71687,17.88
85,83,-204.39703,26.58
85,82,-200.88583,39.65
85,81,-197.18327,50.39
85,80,-213.56975,72.0
85,79,-212.54516,85.1
85,78,-113.63342,130.1
85,77,-103.64714,149.0
85,76,-93.424047,169.0
85,75,-82.964143,192.1
85,74,-72.267426,212.0
85,73,-61.333898,236.0
85,72,-50.163556,263.0
85,71,-38.756403,287.0
85,70,-27.112436,311.0
85,69,-15.231658,335.0
85,68,171.27053,452.0
85,67,187.12842,481.0
85,66,203.26187,510.0
85,65,219.67089,540.0
85,64,236.35548,600.0
85,63,253.31563,630.0
85,62,184.66414,720.0
85,61,190.20487,750.0
85,60,589.40061,790.0
85,59,619.96909,860.0
85,58,650.90758,920.0
85,57,682.2161,990.0
85,56,713.89463,1050.0
85,55,745.94318,1120.0
85,54,778.36176,1180.0
85,53,811.15035,1250.0
85,52,844.30896,1320.0
85,51,877.83759,1380.0
85,50,911.73624,1450.0
85,49,946.00491,1510.0
85,48,980.6436,1590.0
85,47,1015.6523,1650.0
85,46,1721.5846,1948.0
85,45,1766.8333,2007.0
85,44,1812.4521,2071.0
85,43,1858.4408,2139.0
85,42,1904.7996,2203.0
85,41,1951.5284,2266.0
85,40,1998.6272,2373.0
85,39,2046.096,2439.0
85,38,2093.9349,2510.0
85,37,2142.1437,2576.0
85,36,2408.5957,2841.0
85,35,2464.605,2905.0
85,34,2521.0448,2977.0
85,33,2577.9151,3042.0
85,32,2635.216,3312.0
85,31,2692.9475,3388.0
85,30,2815.2405,3573.0
85,29,2834.7024,3649.0
85,28,5847.2597,5976.0
85,27,5954.8194,6122.0
85,26,6063.037,6279.0
85,25,6171.9124,6445.0
85,24,6281.4456,6604.0
85,23,6391.6367,6759.0
85,22,6502.4855,7068.0
85,21,6613.9921,7230.0
85,20,6726.1566,7410.0
85,19,6838.9789,7570.0
85,18,7445.4903,8030.0
85,17,7612.83,8180.0
85,16,7781.4815,8330.0
85,15,7951.4449,8480.0
85,14,8122.7202,9330.0
85,13,8295.3072,9500.0
85,12,8689.9835,9830.0
85,11,8804.6641,9990.0
85,10,20838.523,21210.0
85,9,21199.95,21600.0
85,8,21563.634,22030.0
85,7,21929.577,22420.0
85,6,22297.777,25580.0
85,5,22668.234,26090.0
85,4,23149.995,26730.0
85,3,23557.129,27139.0
85,2,96915.801,107930.0
85,1,98301.133,109887.2
86,86,-210.48397,10.7485
86,85,-207.1077,18.99
86,84,-203.54007,29.4
86,83,-199.78108,36.9
86,82,-195.83072,52.9
86,81,-191.68899,64.0
86,80,-208.64252,88.0
86,79,-207.47114,102.0
86,78,-98.726257,154.0
86,77,-88.153736,173.9
86,76,-77.344403,195.0
86,75,-66.298257,218.0
86,74,-55.015299,240.0
86,73,-43.495528,264.0
86,72,-31.738944,293.0
86,71,-19.745549,317.0
86,70,-7.5153402,342.0
86,69,4.9516806,367.0
86,68,197.36729,488.0
86,67,213.85758,520.0
86,66,230.62342,550.0
86,65,247.66484,580.0
86,64,264.98182,640.0
86,63,282.57436,680.0
86,62,212.96431,760.0
86,61,218.71641,800.0
86,60,641.00531,850.0
86,59,672.48978,920.0
86,58,704.34428,980.0
86,57,736.5688,1050.0
86,56,769.16334,1110.0
86,55,802.12789,1180.0
86,54,835.46247,1250.0
86,53,869.16707,1310.0
86,52,903.24168,1390.0
86,51,937.68631,1460.0
86,50,972.50097,1520.0
86,49,1007.6856,1590.0
86,48,1043.2403,1660.0
86,47,1079.165,1720.0
86,46,1801.3616,2033.0
86,45,1847.5263,2094.0
86,44,1894.0611,2158.0
86,43,1940.9658,2227.0
86,42,1988.2406,2293.0
86,41,2035.8854,2357.0
86,40,2083.9002,2467.0
86,39,2132.285,2535.0
86,38,2181.0399,2606.0
86,37,2230.1647,2674.0
86,36,2501.877,2944.0
86,35,2558.8744,3010.0
86,34,2616.3023,3082.0
86,33,2674.1607,3149.0
86,32,2732.4498,3433.0
86,31,2791.1694,3510.0
86,30,2915.1765,3699.0
86,29,2934.9688,3777.0
86,28,6038.5433,6169.0
86,27,6147.7315,6318.0
86,26,6257.5776,6476.0
86,25,6368.0814,6646.0
86,24,6479.2431,6807.0
86,23,6591.0626,6964.0
86,22,6703.5398,7283.0
86,21,6816.6749,7450.0
86,20,6930.4679,7630.0
86,19,7044.9186,7800.0
86,18,7659.7568,8260.0
86,17,7829.3962,8410.0
86,16,8000.3474,8570.0
86,15,8172.6105,8710.0
86,14,8346.1854,9610.0
86,13,8521.0721,9780.0
86,12,8920.7915,10120.0
86,11,9036.9845,10290.0
86,10,21374.706,21770.0
86,9,21740.658,22160.0
86,8,22108.868,22600.0
86,7,22479.336,22990.0
86,6,22852.061,26310.0
86,5,23227.044,26830.0
86,4,23714.641,27490.0
86,3,24126.674,27903.1
86,2,99226.048,110846.3
86,1,100627.71,112842.2
87,87,-257.99477,4.0727411
87,86,-206.42963,22.4
87,85,-202.6142,33.5
87,84,-198.6074,39.1
87,83,-194.40925,50.0
87,82,-190.01972,67.0
87,81,-185.43884,80.0
87,80,-202.95942,106.0
87,79,-201.64125,120.0
87,78,-82.730643,179.0
87,77,-71.57188,200.0
87,76,-60.176304,222.1
87,75,-48.543916,245.0
87,74,-36.674716,269.0
87,73,-24.568703,293.0
87,72,-12.225877,324.0
87,71,0.35376088,349.0
87,70,13.170211,375.0
87,69,26.223474,400.0
87,68,224.55252,530.0
87,67,241.67519,560.0
87,66,259.07343,590.0
87,65,276.74724,620.0
87,64,294.69661,690.0
87,63,312.92154,720.0
87,62,242.35293,810.0
87,61,248.31642,850.0
87,60,694.31071,910.0
87,59,726.71119,980.0
87,58,759.48169,1040.0
87,57,792.62221,1110.0
87,56,826.13275,1180.0
87,55,860.01331,1250.0
87,54,894.26389,1320.0
87,53,928.88449,1380.0
87,52,963.87511,1460.0
87,51,999.23575,1530.0
87,50,1034.9664,1600.0
87,49,1071.0671,1670.0
87,48,1107.5378,1740.0
87,47,1144.3785,1810.0
87,46,1882.8393,2119.0
87,45,1929.92,2182.0
87,44,1977.3708,2247.0
87,43,2025.1915,2317.0
87,42,2073.3823,2384.0
87,41,2121.9431,2450.0
87,40,2170.8739,2564.0
87,39,2220.1747,2631.0
87,38,2269.8456,2706.0
87,37,2319.8865,2774.0
87,36,2596.859,3049.0
87,35,2654.8445,3115.0
87,34,2713.2605,3190.0
87,33,2772.1071,3257.0
87,32,2831.3842,3556.0
87,31,2891.0919,3635.0
87,30,3016.8133,3828.0
87,29,3036.9358,3907.0
87,28,6232.8504,6365.0
87,27,6343.6671,6516.0
87,26,6455.1416,6678.0
87,25,6567.2739,6849.0
87,24,6680.064,7013.0
87,23,6793.5119,7172.0
87,22,6907.6177,7500.0
87,21,7022.3812,7670.0
87,20,7137.8026,7850.0
87,19,7253.8818,8020.0
87,18,7877.0468,8500.0
87,17,8048.9859,8640.0
87,16,8222.2367,8800.0
87,15,8396.7995,8950.0
87,14,8572.674,9890.0
87,13,8749.8605,10070.0
87,12,9154.6231,10420.0
87,11,9272.3283,10590.0
87,10,21917.692,22330.0
87,9,22288.17,22730.0
87,8,22660.905,23170.0
87,7,23035.898,23570.0
87,6,23413.148,27060.0
87,5,23792.657,27590.0
87,4,24286.089,28260.0
87,3,24703.022,28683.4
87,2,101563.51,113821.9
87,1,102981.49,115857.5
88,88,-259.32903,5.2784239
88,87,-259.44158,10.14718
88,86,-201.61941,31.0
88,85,-197.36482,41.0
88,84,-192.91886,52.9
88,83,-188.28154,64.0
88,82,-183.45286,82.0
88,81,-178.43281,97.0
88,80,-196.52045,124.0
88,79,-195.05549,140.0
88,78,-65.646572,204.9
88,77,-53.901567,227.0
88,76,-41.91975,250.0
88,75,-29.70112,274.0
88,74,-17.245677,299.0
88,73,-4.5534219,324.0
88,72,8.3756457,356.0
88,71,21.541526,382.0
88,70,34.944218,409.0
88,69,48.583723,435.0
88,68,252.82619,570.0
88,67,270.58126,600.0
88,66,288.6119,630.0
88,65,306.91809,660.0
88,64,325.49986,740.0
88,63,344.35719,770.0
88,62,272.83001,860.0
88,61,279.00487,900.0
88,60,749.31683,970.0
88,59,782.63331,1040.0
88,58,816.31982,1110.0
88,57,850.37634,1180.0
88,56,884.80288,1250.0
88,55,919.59945,1320.0
88,54,954.76603,1390.0
88,53,990.30263,1460.0
88,52,1026.2093,1530.0
88,51,1062.4859,1610.0
88,50,1099.1326,1680.0
88,49,1136.1492,1750.0
88,48,1173.5359,1820.0
88,47,1211.2927,1880.0
88,46,1966.0177,2208.0
88,45,2014.0144,2271.0
88,44,2062.3812,2338.0
88,43,2111.1179,2409.0
88,42,2160.2247,2477.0
88,41,2209.7015,2544.0
88,40,2259.5483,2662.0
88,39,2309.7652,2731.0
88,38,2360.352,2806.0
88,37,2411.3089,2876.0
88,36,2693.5417,3155.0
88,35,2752.5153,3224.0
88,34,2811.9194,3298.0
88,33,2871.7541,3368.0
88,32,2932.0194,3682.0
88,31,2992.7152,3762.0
88,30,3120.1507,3959.0
88,29,3140.6035,4040.0
88,28,6430.1811,6565.0
88,27,6542.6262,6718.0
88,26,6655.7291,6881.0
88,25,6769.4899,7056.0
88,24,6883.9084,7222.0
88,23,6998.9848,7380.0
88,22,7114.719,7720.0
88,21,7231.111,7890.0
88,20,7348.1608,8080.0
88,19,7465.8684,8250.0
88,18,8097.3603,8730.0
88,17,8271.599,8880.0
88,16,8447.1496,9040.0
88,15,8624.012,9200.0
88,14,8802.1862,10190.0
88,13,8981.6723,10360.0
88,12,9391.4781,10720.0
88,11,9510.6957,10890.0
88,10,22467.481,22900.0
88,9,22842.484,23300.0
88,8,23219.745,23750.0
88,7,23599.263,24160.0
88,6,23981.038,27830.0
88,5,24365.072,28370.0
88,4,24864.341,29050.0
88,3,25286.173,29479.8
88,2,103928.18,116853.5
88,1,105362.49,118929.5
89,89,-251.43886,5.380235
89,88,-260.32836,11.75
89,87,-260.33306,17.436
89,86,-196.05332,44.8
89,85,-191.35957,55.0
89,84,-186.47445,67.0
89,83,-181.39797,79.0
89,82,-176.13013,98.9
89,81,-170.67091,113.9
89,80,-189.32561,143.9
89,79,-187.71386,161.1
89,78,-47.474047,233.0
89,77,-35.142799,255.0
89,76,-22.57474,279.0
89,75,-9.7698676,305.0
89,74,3.2718171,330.0
89,73,16.550314,355.0
89,72,30.065624,390.0
89,71,43.817746,416.0
89,70,57.806681,444.0
89,69,72.032428,470.0
89,68,282.18833,610.0
89,67,300.57579,640.0
89,66,319.23881,670.0
89,65,338.1774,710.0
89,64,357.39156,780.0
89,63,376.88128,820.0
89,62,304.39555,920.0
89,61,310.78178,950.0
89,60,806.02366,1030.0
89,59,840.25614,1100.0
89,58,874.85865,1170.0
89,57,909.83118,1240.0
89,56,945.17373,1310.0
89,55,980.88629,1380.0
89,54,1016.9689,1460.0
89,53,1053.4215,1530.0
89,52,1090.2441,1610.0
89,51,1127.4368,1680.0
89,50,1164.9994,1750.0
89,49,1202.9321,1820.0
89,48,1241.2348,1900.0
89,47,1279.9075,1970.0
89,46,2050.8968,2298.0
89,45,2099.8096,2362.0
89,44,2149.0923,2430.0
89,43,2198.7451,2503.0
89,42,2248.7678,2572.0
89,41,2299.1606,2639.0
89,40,2349.9235,2762.0
89,39,2401.0563,2833.0
89,38,2452.5592,2908.0
89,37,2504.432,2980.0
89,36,2791.9251,3264.0
89,35,2851.8868,3334.0
89,34,2912.279,3409.0
89,33,2973.1018,3479.0
89,32,3034.3552,3811.0
89,31,3096.0392,3893.0
89,30,3225.1889,4093.0
89,29,3245.972,4175.0
89,28,6630.5352,6767.0
89,27,6744.6087,6923.0
89,26,6859.3401,7088.0
89,25,6974.7293,7265.0
89,24,7090.7764,7430.0
89,23,7207.4812,7600.0
89,22,7324.8438,7950.0
89,21,7442.8643,8120.0
89,20,7561.5425,8310.0
89,19,7680.8786,8480.0
89,18,8320.6973,8970.0
89,17,8497.2357,9120.0
89,16,8675.0859,9290.0
89,15,8854.248,9440.0
89,14,9034.7219,10480.0
89,13,9216.5076,10660.0
89,12,9631.3566,11030.0
89,11,9752.0866,11200.0
89,10,23024.073,23480.0
89,9,23403.601,23890.0
89,8,23785.387,24340.0
89,7,24169.43,24760.0
89,6,24555.731,28610.0
89,5,24944.29,29160.0
89,4,25449.395,29850.0
89,3,25876.127,30293.1
89,2,106320.06,119945.7
89,1,107770.7,122063.1
90,90,-252.04876,6.3067
90,89,-243.51861,12.1
90,88,-251.03542,18.32
90,87,-276.94897,28.648
90,86,-189.73136,58.0
90,85,-184.59845,69.1
90,84,-179.27417,82.0
90,83,-173.75852,95.0
90,82,-168.05152,118.0
90,81,-162.15315,133.0
90,80,-181.3749,165.0
90,79,-179.61636,181.0
90,78,-28.213066,262.0
90,77,-15.295576,285.0
90,76,-2.1412745,310.0
90,75,11.24984,336.0
90,74,24.877767,362.0
90,73,38.742506,389.0
90,72,52.844058,424.0
90,71,67.182422,451.0
90,70,81.757599,480.0
90,69,96.569588,508.0
90,68,312.63892,650.0
90,67,331.65877,680.0
90,66,350.95419,720.0
90,65,370.52517,750.0
90,64,390.37172,830.0
90,63,410.49383,870.0
90,62,337.04954,970.0
90,61,343.64715,1010.0
90,60,864.4312,1090.0
90,59,899.57969,1160.0
90,58,935.0982,1240.0
90,57,970.98673,1310.0
90,56,1007.2453,1380.0
90,55,1043.8738,1460.0
90,54,1080.8724,1530.0
90,53,1118.241,1600.0
90,52,1155.9797,1680.0
90,51,1194.0883,1760.0
90,50,1232.567,1830.0
90,49,1271.4157,1910.0
90,48,1310.6344,1980.0
90,47,1350.2231,2060.0
90,46,2137.4767,2390.0
90,45,2187.3054,2455.0
90,44,2237.5041,2524.0
90,43,2288.0729,2598.0
90,42,2339.0117,2669.0
90,41,2390.3205,2737.0
90,40,2441.9993,2864.0
90,39,2494.0482,2935.0
90,38,2546.467,3013.0
90,37,2599.2559,3086.0
90,36,2892.0092,3375.0
90,35,2952.959,3445.0
90,34,3014.3394,3522.0
90,33,3076.1503,3593.0
90,32,3138.3918,3943.0
90,31,3201.0639,4025.0
90,30,3331.9278,4230.0
90,29,3353.0412,4313.0
90,28,6833.9128,6972.0
90,27,6949.6148,7130.0
90,26,7065.9746,7299.0
90,25,7182.9923,7480.0
90,24,7300.6678,7650.0
90,23,7419.001,7810.0
90,22,7537.9921,8180.0
90,21,7657.641,8350.0
90,20,7777.9477,8550.0
90,19,7898.9123,8720.0
90,18,8547.0578,9220.0
90,17,8725.8959,9370.0
90,16,8906.0457,9540.0
90,15,9087.5074,9690.0
90,14,9270.281,10790.0
90,13,9454.3664,10970.0
90,12,9874.2585,11340.0
90,11,9996.5009,11510.0
90,10,23587.468,24060.0
90,9,23971.521,24480.0
90,8,24357.832,24940.0
90,7,24746.401,25360.0
90,6,25137.227,29410.0
90,5,25530.311,29970.0
90,4,26041.252,30680.0
90,3,26472.883,31122.8
90,2,108739.15,123091.0
90,1,110206.11,125250.3
91,91,-257.58544,5.89
91,90,-278.84588,11.9
91,89,-254.10871,18.6
91,88,-273.95878,30.9
91,87,-273.05563,44.3
91,86,-182.65353,72.0
91,85,-177.08145,85.1
91,84,-171.31801,98.9
91,83,-165.36321,111.0
91,82,-159.21704,137.0
91,81,-152.87951,153.0
91,80,-172.66831,187.0
91,79,-170.76298,203.0
91,78,-7.863629,292.0
91,77,5.6401024,316.0
91,76,19.380646,342.0
91,75,33.358003,369.0
91,74,47.572172,395.0
91,73,62.023153,423.0
91,72,76.710947,460.0
91,71,91.635553,488.0
91,70,106.79697,518.0
91,69,122.1952,546.0
91,68,344.17796,690.0
91,67,363.83021,720.0
91,66,383.75802,760.0
91,65,403.96139,790.0
91,64,424.44033,880.0
91,63,445.19484,920.0
91,62,370.79198,1020.0
91,61,377.60098,1060.0
91,60,924.53945,1150.0
91,59,960.60394,1220.0
91,58,997.03846,1300.0
91,57,1033.843,1370.0
91,56,1071.0175,1450.0
91,55,1108.5621,1520.0
91,54,1146.4767,1600.0
91,53,1184.7613,1670.0
91,52,1223.416,1760.0
91,51,1262.4406,1830.0
91,50,1301.8353,1910.0
91,49,1341.6,1980.0
91,48,1381.7347,2060.0
91,47,1422.2394,2130.0
91,46,2225.7572,2483.0
91,45,2276.5019,2550.0
91,44,2327.6167,2620.0
91,43,2379.1014,2696.0
91,42,2430.9562,2766.0
91,41,2483.181,2837.0
91,40,2535.7759,2968.0
91,39,2588.7407,3040.0
91,38,2642.0756,3119.0
91,37,2695.7805,3193.0
91,36,2993.7941,3488.0
91,35,3055.732,3558.0
91,34,3118.1004,3637.0
91,33,3180.8995,3709.0
91,32,3244.1291,4077.0
91,31,3307.7893,4161.0
91,30,3440.3674,4370.0
91,29,3461.8111,4454.0
91,28,7040.3139,7181.0
91,27,7157.6443,7341.0
91,26,7275.6326,7510.0
91,25,7394.2787,7690.0
91,24,7513.5826,7870.0
91,23,7633.5444,8040.0
91,22,7754.1639,8410.0
91,21,7875.4413,8590.0
91,20,7997.3764,8780.0
91,19,8119.9694,8960.0
91,18,8776.4418,9460.0
91,17,8957.5795,9620.0
91,16,9140.029,9790.0
91,15,9323.7904,9950.0
91,14,9508.8636,11100.0
91,13,9695.2487,11290.0
91,12,10120.184,11660.0
91,11,10243.939,11840.0
91,10,24157.666,24660.0
91,9,24546.244,25080.0
91,8,24937.08,25540.0
91,7,25330.174,25970.0
91,6,25725.526,30230.0
91,5,26123.135,30800.0
91,4,26639.912,31520.0
91,3,27076.443,31971.6
91,2,111185.45,126304.8
91,1,112668.74,128507.0
92,92,-260.65874,6.19405
92,91,-267.2696,11.6
92,90,-271.83159,19.8
92,89,-270.81581,36.7
92,88,-269.56323,46.0
92,87,-268.07383,62.0
92,86,-174.81982,89.0
92,85,-168.80858,101.0
92,84,-162.60598,116.0
92,83,-156.21202,128.9
92,82,-149.62669,158.0
92,81,-142.84999,173.0
92,80,-163.20586,210.0
92,79,-161.15374,227.0
92,78,13.574263,323.0
92,77,27.664236,348.0
92,76,41.991023,375.0
92,75,56.554621,402.0
92,74,71.355032,431.0
92,73,86.392256,458.0
92,72,101.66629,497.0
92,71,117.17714,525.0
92,70,132.9248,557.0
92,69,148.90927,585.0
92,68,376.80546,730.0
92,67,397.0901,770.0
92,66,417.6503,800.0
92,65,438.48607,840.0
92,64,459.5974,930.0
92,63,480.9843,970.0
92,62,405.62288,1070.0
92,61,412.64326,1110.0
92,60,986.34841,1210.0
92,59,1023.3289,1290.0
92,58,1060.6794,1370.0
92,57,1098.4,1440.0
92,56,1136.4905,1520.0
92,55,1174.9511,1590.0
92,54,1213.7817,1670.0
92,53,1252.9823,1750.0
92,52,1292.5529,1830.0
92,51,1332.4936,1910.0
92,50,1372.8043,1990.0
92,49,1413.485,2070.0
92,48,1454.5357,2140.0
92,47,1495.9564,2220.0
92,46,2315.7385,2578.0
92,45,2367.3992,2646.0
92,44,2419.4299,2718.0
92,43,2471.8307,2794.0
92,42,2524.6015,2867.0
92,41,2577.7423,2938.0
92,40,2631.2531,3073.0
92,39,2685.134,3147.0
92,38,2739.3849,3228.0
92,37,2794.0058,3301.0
92,36,3097.2796,3602.0
92,35,3160.2056,3675.0
92,34,3223.5622,3753.0
92,33,3287.3494,3827.0
92,32,3351.5671,4214.0
92,31,3416.2154,4299.0
92,30,3550.5077,4513.0
92,29,3572.2816,4598.0
92,28,7249.7384,7393.0
92,27,7368.6974,7550.0
92,26,7488.3141,7730.0
92,25,7608.5887,7910.0
92,24,7729.521,8090.0
92,23,7851.1112,8260.0
92,22,7973.3592,8650.0
92,21,8096.265,8830.0
92,20,8219.8286,9030.0
92,19,8344.05,9210.0
92,18,9008.8493,9720.0
92,17,9192.2866,9870.0
92,16,9377.0358,10040.0
92,15,9563.0969,10200.0
92,14,9750.4698,11410.0
92,13,9939.1545,11600.0
92,12,10369.133,11990.0
92,11,10494.4,12160.0
92,10,24734.666,25260.0
92,9,25127.77,25680.0
92,8,25523.131,26150.0
92,7,25920.75,26590.0
92,6,26320.627,31060.0
92,5,26722.762,31640.0
92,4,27245.375,32400.0
92,3,27686.805,32836.5
92,2,113658.97,129569.9
92,1,115158.59,131816.2
93,93,-274.31443,6.265608
93,92,-265.78012,11.5
93,91,-268.88526,19.7
93,90,-267.52006,33.8
93,89,-265.91804,48.0
93,88,-264.07921,65.0
93,87,-176.73391,92.0
93,86,-170.72267,107.0
93,85,-164.52007,121.0
93,84,-158.12611,136.0
93,83,-217.35394,151.0
93,82,-139.28047,179.0
93,81,-132.06461,196.0
93,80,-152.98753,233.0
93,79,-150.78862,252.0
93,78,36.10061,355.0
93,77,50.776826,382.0
93,76,65.689854,408.0
93,75,80.839695,438.0
93,74,96.226348,466.0
93,73,111.84981,495.0
93,72,127.71009,535.0
93,71,143.80718,565.0
93,70,160.14109,596.0
93,69,176.7118,626.0
93,68,410.52142,770.0
93,67,431.43845,810.0
93,66,452.63104,850.0
93,65,474.0992,880.0
93,64,495.84293,980.0
93,63,517.86222,1020.0
93,62,441.54224,1130.0
93,61,448.77399,1170.0
93,60,1049.8581,1280.0
93,59,1087.7546,1360.0
93,58,1126.0211,1430.0
93,57,1164.6576,1510.0
93,56,1203.6642,1590.0
93,55,1243.0408,1670.0
93,54,1282.7874,1740.0
93,53,1322.904,1820.0
93,52,1363.3906,1910.0
93,51,1404.2473,1990.0
93,50,1445.474,2070.0
93,49,1487.0707,2140.0
93,48,1529.0374,2230.0
93,47,1571.3741,2310.0
93,46,2407.4204,2675.0
93,45,2459.9971,2745.0
93,44,2512.9439,2817.0
93,43,2566.2607,2894.0
93,42,2619.9475,2969.0
93,41,2674.0043,3041.0
93,40,2728.4311,3181.0
93,39,2783.228,3255.0
93,38,2838.3949,3338.0
93,37,2893.9317,3413.0
93,36,3202.4659,3718.0
93,35,3266.38,3792.0
93,34,3330.7247,3872.0
93,33,3395.5,3947.0
93,32,3460.7058,4353.0
93,31,3526.3422,4441.0
93,30,3662.3488,4658.0
93,29,3684.453,4744.0
93,28,7462.1865,7610.0
93,27,7582.7739,7770.0
93,26,7704.0191,7950.0
93,25,7825.9221,8130.0
93,24,7948.4829,8310.0
93,23,8071.7015,8480.0
93,22,8195.5779,8890.0
93,21,8320.1122,9070.0
93,20,8445.3043,9270.0
93,19,8571.1541,9450.0
93,18,9244.2802,9970.0
93,17,9430.0172,10130.0
93,16,9617.0661,10300.0
93,15,9805.4268,10470.0
93,14,9995.0994,11730.0
93,13,10186.084,11930.0
93,12,10621.105,12320.0
93,11,10747.885,12500.0
93,10,25318.469,25870.0
93,9,25716.098,26300.0
93,8,26115.985,26770.0
93,7,26518.129,27210.0
93,6,26922.531,31910.0
93,5,27329.191,32500.0
93,4,27857.641,33300.0
93,3,28303.97,33722.2
93,2,116159.69,132911.0
93,1,117675.64,135202.0
94,94,-277.7688,6.02576
94,93,-277.88135,11.5
94,92,-265.78615,21.1
94,91,-264.07152,35.0
94,90,-262.12007,49.0
94,89,-188.39579,80.0
94,88,-182.82372,95.0
94,87,-177.06028,109.0
94,86,-171.10548,124.0
94,85,-218.30567,139.0
94,84,-212.85711,159.0
94,83,-207.17174,179.0
94,82,-128.17837,200.0
94,81,-120.52335,219.0
94,80,-142.01333,258.0
94,79,-139.66763,278.0
94,78,59.715413,389.0
94,77,74.977871,416.0
94,76,90.477141,444.0
94,75,106.21322,474.0
94,74,122.18612,503.0
94,73,138.39583,532.0
94,72,154.84235,575.0
94,71,171.52568,605.0
94,70,188.44583,637.0
94,69,205.60278,668.0
94,68,445.32583,820.0
94,67,466.87525,850.0
94,66,488.70024,890.0
94,65,510.80079,930.0
94,64,533.17691,1030.0
94,63,555.8286,1070.0
94,62,478.55005,1180.0
94,61,485.99318,1220.0
94,60,1115.0685,1340.0
94,59,1153.881,1420.0
94,58,1193.0635,1500.0
94,57,1232.616,1580.0
94,56,1272.5386,1660.0
94,55,1312.8312,1740.0
94,54,1353.4938,1820.0
94,53,1394.5264,1890.0
94,52,1435.9291,1990.0
94,51,1477.7017,2070.0
94,50,1519.8444,2150.0
94,49,1562.3571,2230.0
94,48,1605.2398,2310.0
94,47,1648.4926,2390.0
94,46,2500.8031,2774.0
94,45,2554.2958,2844.0
94,44,2608.1586,2918.0
94,43,2662.3914,2997.0
94,42,2716.9942,3072.0
94,41,2771.967,3146.0
94,40,2827.3098,3290.0
94,39,2883.0227,3366.0
94,38,2939.1056,3449.0
94,37,2995.5584,3527.0
94,36,3309.3528,3836.0
94,35,3374.2551,3911.0
94,34,3439.5879,3993.0
94,33,3505.3513,4068.0
94,32,3571.5452,4496.0
94,31,3638.1697,4585.0
94,30,3775.8905,4807.0
94,29,3798.325,4890.0
94,28,7677.658,7830.0
94,27,7799.8739,7990.0
94,26,7922.7475,8170.0
94,25,8046.279,8360.0
94,24,8170.4682,8540.0
94,23,8295.3153,8710.0
94,22,8420.8202,9130.0
94,21,8546.9829,9310.0
94,20,8673.8034,9520.0
94,19,8801.2817,9700.0
94,18,9482.7346,10230.0
94,17,9670.7713,10390.0
94,16,9860.1199,10570.0
94,15,10050.78,10730.0
94,14,10242.752,12060.0
94,13,10436.037,12260.0
94,12,10876.101,12660.0
94,11,11004.393,12840.0
94,10,25909.075,26480.0
94,9,26311.23,26920.0
94,8,26715.642,27400.0
94,7,27122.311,27840.0
94,6,27531.239,32800.0
94,5,27942.424,33400.0
94,4,28476.709,34100.0
94,3,28927.938,34625.8
94,2,118687.63,136305.1
94,1,120219.9,138640.2
95,95,-280.8421,5.97381
95,94,-280.95464,11.7
95,93,-262.53426,21.7
95,92,-260.47019,36.8
95,91,-258.16932,50.0
95,90,-255.63163,67.9
95,89,-180.56209,95.0
95,88,-174.55085,110.0
95,87,-168.34825,125.0
95,86,-161.95429,141.0
95,85,-208.2075,163.0
95,84,-202.1727,184.0
95,83,-195.90109,206.0
95,82,-116.32041,225.0
95,81,-108.22623,242.0
95,80,-130.28325,284.0
95,79,-127.79076,305.0
95,78,84.418672,424.0
95,77,100.26737,451.0
95,76,116.35288,481.0
95,75,132.67521,511.0
95,74,149.23435,541.0
95,73,166.0303,571.0
95,72,183.06306,616.0
95,71,200.33263,646.0
95,70,217.83902,680.0
95,69,235.58222,711.0
95,68,481.21869,870.0
95,67,503.40051,900.0
95,66,525.85789,940.0
95,65,548.59084,980.0
95,64,571.59935,1090.0
95,63,594.88343,1130.0
95,62,516.64632,1240.0
95,61,524.30083,1280.0
95,60,1181.9796,1410.0
95,59,1221.7081,1490.0
95,58,1261.8066,1570.0
95,57,1302.2752,1650.0
95,56,1343.1137,1730.0
95,55,1384.3223,1820.0
95,54,1425.9009,1900.0
95,53,1467.8495,1980.0
95,52,1510.1682,2070.0
95,51,1552.8568,2160.0
95,50,1595.9155,2240.0
95,49,1639.3442,2320.0
95,48,1683.143,2410.0
95,47,1727.3117,2480.0
95,46,2595.8865,2874.0
95,45,2650.2952,2946.0
95,44,2705.074,3021.0
95,43,2760.2228,3101.0
95,42,2815.7416,3178.0
95,41,2871.6304,3251.0
95,40,2927.8892,3402.0
95,39,2984.5181,3479.0
95,38,3041.517,3563.0
95,37,3098.8859,3641.0
95,36,3417.9405,3956.0
95,35,3483.8309,4033.0
95,34,3550.1518,4115.0
95,33,3616.9033,4191.0
95,32,3684.0854,4642.0
95,31,3751.698,4733.0
95,30,3891.133,4960.0
95,29,3913.8977,5050.0
95,28,7896.1531,8040.0
95,27,8019.9974,8210.0
95,26,8144.4994,8390.0
95,25,8269.6593,8590.0
95,24,8395.4771,8770.0
95,23,8521.9526,8950.0
95,22,8649.0859,9380.0
95,21,8776.8771,9560.0
95,20,8905.3261,9770.0
95,19,9034.4328,9960.0
95,18,9724.2126,10490.0
95,17,9914.5489,10650.0
95,16,10106.197,10830.0
95,15,10299.157,11000.0
95,14,10493.429,12400.0
95,13,10689.013,12600.0
95,12,11134.121,13000.0
95,11,11263.925,13190.0
95,10,26506.484,27110.0
95,9,26913.164,27550.0
95,8,27322.101,28040.0
95,7,27733.296,28500.0
95,6,28146.749,33700.0
95,5,28562.459,34300.0
95,4,29102.581,35100.0
95,3,29558.709,35549.4
95,2,121242.78,139769.5
95,1,122791.38,142153.5
96,96,-272.95192,5.992241
96,95,-304.55796,12.4
96,94,-259.12958,20.1
96,93,-256.71609,37.7
96,92,-254.06578,51.0
96,91,-251.17867,69.1
96,90,-127.69721,97.0
96,89,-180.88846,112.0
96,88,-174.93366,128.0
96,87,-209.55252,144.0
96,86,-203.4051,167.0
96,85,-197.02087,190.0
96,84,-190.39983,213.0
96,83,-118.23449,235.0
96,82,-110.14032,253.0
96,81,-154.04696,272.0
96,80,-117.79731,311.0
96,79,-115.15803,332.0
96,78,110.21039,460.0
96,77,126.64533,489.0
96,76,143.31708,518.0
96,75,160.22565,550.0
96,74,177.37103,580.0
96,73,194.75322,611.0
96,72,212.37222,657.0
96,71,230.22804,689.0
96,70,248.32067,723.0
96,69,266.65011,755.0
96,68,518.20001,910.0
96,67,541.01422,950.0
96,66,564.104,990.0
96,65,587.46934,1030.0
96,64,611.11024,1140.0
96,63,635.02671,1180.0
96,62,555.83104,1300.0
96,61,563.69693,1340.0
96,60,1250.5914,1480.0
96,59,1291.2359,1560.0
96,58,1332.2504,1650.0
96,57,1373.635,1730.0
96,56,1415.3895,1810.0
96,55,1457.5141,1890.0
96,54,1500.0087,1980.0
96,53,1542.8734,2060.0
96,52,1586.108,2160.0
96,51,1629.7127,2240.0
96,50,1673.6874,2320.0
96,49,1718.0321,2410.0
96,48,1762.7468,2490.0
96,47,1807.8315,2580.0
96,46,2692.6706,2976.0
96,45,2747.9953,3050.0
96,44,2803.6901,3125.0
96,43,2859.7549,3207.0
96,42,2916.1897,3284.0
96,41,2972.9945,3360.0
96,40,3030.1693,3515.0
96,39,3087.7142,3593.0
96,38,3145.6291,3679.0
96,37,3203.914,3758.0
96,36,3528.2289,4078.0
96,35,3595.1074,4156.0
96,34,3662.4164,4239.0
96,33,3730.156,4317.0
96,32,3798.3262,4791.0
96,31,3866.9269,4880.0
96,30,4008.0761,5110.0
96,29,4031.1711,5200.0
96,28,8117.6716,8270.0
96,27,8243.1443,8440.0
96,26,8369.2749,8620.0
96,25,8496.0632,8820.0
96,24,8623.5094,9000.0
96,23,8751.6134,9180.0
96,22,8880.3752,9630.0
96,21,9009.7948,9820.0
96,20,9139.8722,10020.0
96,19,9270.6074,10220.0
96,18,9968.714,10760.0
96,17,10161.35,10920.0
96,16,10355.298,11100.0
96,15,10550.558,11270.0
96,14,10747.129,12740.0
96,13,10945.013,12950.0
96,12,11395.164,13350.0
96,11,11526.48,13550.0
96,10,27110.696,27740.0
96,9,27521.901,28180.0
96,8,27935.364,28700.0
96,7,28351.084,29100.0
96,6,28769.061,34600.0
96,5,29189.297,35200.0
96,4,29735.255,36000.0
96,3,30196.283,36493.0
96,2,123825.14,143311.0
96,1,125390.07,145740.1
97,97,-286.98869,6.19785
97,96,-287.10123,11.9
97,95,-255.57212,21.6
97,94,-252.8092,36.0
97,93,-249.80946,56.0
97,92,-246.57292,70.1
97,91,-243.09956,90.0
97,90,-75.834131,114.0
97,89,-176.84775,130.0
97,88,-204.94677,147.0
97,87,-198.44992,171.0
97,86,-191.71626,195.0
97,85,-184.74579,218.0
97,84,-120.14858,240.0
97,83,-112.05441,259.0
97,82,-148.04349,279.0
97,81,-139.08765,303.0
97,80,-104.55549,339.0
97,79,-101.76942,361.0
97,78,137.09055,497.0
97,77,154.11174,526.0
97,76,171.36974,557.0
97,75,188.86454,590.0
97,74,206.59617,621.0
97,73,224.5646,652.0
97,72,242.76985,700.0
97,71,261.21191,733.0
97,70,279.89078,768.0
97,69,298.80646,800.0
97,68,556.26979,960.0
97,67,579.71639,1000.0
97,66,603.43856,1040.0
97,65,627.43629,1080.0
97,64,651.70959,1200.0
97,63,676.25845,1240.0
97,62,596.10422,1360.0
97,61,604.18148,1410.0
97,60,1320.9039,1550.0
97,59,1362.4644,1630.0
97,58,1404.3949,1720.0
97,57,1446.6955,1800.0
97,56,1489.3661,1890.0
97,55,1532.4067,1970.0
97,54,1575.8173,2050.0
97,53,1619.5979,2140.0
97,52,1663.7486,2240.0
97,51,1708.2692,2320.0
97,50,1753.1599,2410.0
97,49,1798.4206,2490.0
97,48,1844.0514,2580.0
97,47,1890.0521,2670.0
97,46,2791.1554,3080.0
97,45,2847.3961,3154.0
97,44,2904.0069,3232.0
97,43,2960.9877,3315.0
97,42,3018.3385,3393.0
97,41,3076.0593,3469.0
97,40,3134.1502,3630.0
97,39,3192.611,3709.0
97,38,3251.4419,3797.0
97,37,3310.6428,3877.0
97,36,3640.218,4202.0
97,35,3708.0846,4281.0
97,34,3776.3817,4365.0
97,33,3845.1095,4445.0
97,32,3914.2678,4940.0
97,31,3983.8566,5040.0
97,30,4126.72,5270.0
97,29,4150.1453,5360.0
97,28,8342.2136,8500.0
97,27,8469.3148,8670.0
97,26,8597.0738,8850.0
97,25,8725.4906,9050.0
97,24,8854.5652,9240.0
97,23,8984.2976,9420.0
97,22,9114.6879,9880.0
97,21,9245.7359,10070.0
97,20,9377.4418,10280.0
97,19,9509.8055,10480.0
97,18,10216.239,11020.0
97,17,10411.175,11190.0
97,16,10607.422,11380.0
97,15,10804.981,11550.0
97,14,11003.853,13090.0
97,13,11204.036,13300.0
97,12,11659.23,13720.0
97,11,11792.059,13910.0
97,10,27721.711,28380.0
97,9,28137.441,28800.0
97,8,28555.429,29300.0
97,7,28975.674,29800.0
97,6,29398.177,35500.0
97,5,29822.938,36200.0
97,4,30374.732,37000.0
97,3,30840.659,37457.6
97,2,126434.71,146917.0
97,1,128015.97,149398.0
98,98,-290.06198,6.281878
98,97,-290.17453,12.0
98,96,-251.86187,22.4
98,95,-248.74952,37.7
98,94,-245.40036,51.9
98,93,-241.81438,75.0
98,92,-237.99159,91.0
98,91,-233.93199,112.9
98,90,-36.272741,133.0
98,89,-200.18824,152.0
98,88,-193.34196,178.0
98,87,-186.25887,201.0
98,86,-178.93897,225.0
98,85,-122.06267,247.0
98,84,-113.96849,265.0
98,83,-141.88724,286.0
98,82,-132.58197,310.0
98,81,-123.03989,334.0
98,80,-90.557805,368.0
98,79,-87.624942,390.0
98,78,165.05918,536.0
98,77,182.66661,566.0
98,76,200.51084,597.0
98,75,218.5919,630.0
98,74,236.90976,662.0
98,73,255.46444,695.0
98,72,274.25592,744.0
98,71,293.28422,778.0
98,70,312.54934,814.0
98,69,332.05126,847.0
98,68,595.42802,1010.0
98,67,619.50702,1050.0
98,66,643.86158,1090.0
98,65,668.4917,1120.0
98,64,693.39739,1250.0
98,63,718.57865,1300.0
98,62,637.46585,1420.0
98,61,645.75449,1470.0
98,60,1392.9171,1620.0
98,59,1435.3937,1700.0
98,58,1478.2402,1790.0
98,57,1521.4567,1880.0
98,56,1565.0433,1960.0
98,55,1608.9999,2050.0
98,54,1653.3265,2130.0
98,53,1698.0232,2220.0
98,52,1743.0898,2320.0
98,51,1788.5265,2410.0
98,50,1834.3332,2490.0
98,49,1880.5099,2580.0
98,48,1927.0566,2670.0
98,47,1973.9734,2750.0
98,46,2891.3409,3186.0
98,45,2948.4977,3261.0
98,44,3006.0244,3340.0
98,43,3063.9212,3424.0
98,42,3122.188,3503.0
98,41,3180.8249,3581.0
98,40,3239.8317,3747.0
98,39,3299.2086,3828.0
98,38,3358.9555,3915.0
98,37,3419.0724,3998.0
98,36,3753.9078,4329.0
98,35,3822.7625,4407.0
98,34,3892.0478,4494.0
98,33,3961.7636,4570.0
98,32,4031.91,5100.0
98,31,4102.487,5190.0
98,30,4247.0646,5430.0
98,29,4270.8202,5520.0
98,28,8569.7791,8730.0
98,27,8698.5087,8900.0
98,26,8827.8962,9090.0
98,25,8957.9414,9290.0
98,24,9088.6445,9480.0
98,23,9220.0054,9660.0
98,22,9352.0241,10140.0
98,21,9484.7006,10330.0
98,20,9618.0349,10550.0
98,19,9752.027,10740.0
98,18,10466.787,11300.0
98,17,10664.023,11470.0
98,16,10862.57,11650.0
98,15,11062.429,11820.0
98,14,11263.6,13450.0
98,13,11466.082,13660.0
98,12,11926.32,14080.0
98,11,12060.661,14280.0
98,10,28339.528,29000.0
98,9,28759.784,29500.0
98,8,29182.297,30000.0
98,7,29607.067,30500.0
98,6,30034.096,36500.0
98,5,30463.382,37100.0
98,4,31021.012,37900.0
98,3,31491.838,38443.5
98,2,129071.5,150593.0
98,1,130669.08,153124.0
99,99,-293.13528,6.3684
99,98,-293.24782,12.2
99,97,-247.99884,22.7
99,96,-244.53706,38.8
99,95,-240.83847,54.1
99,94,-236.90306,71.0
99,93,-232.73085,97.0
99,92,-228.32182,112.9
99,91,-223.67597,137.0
99,90,-31.312286,157.0
99,89,-188.08121,180.0
99,88,-180.64869,206.0
99,87,-172.97936,231.0
99,86,-123.97676,252.0
99,85,-115.88258,270.0
99,84,-135.5782,294.0
99,83,-125.9235,317.0
99,82,-116.03199,342.0
99,81,-105.90367,367.0
99,80,-75.804245,398.0
99,79,-72.724591,421.0
99,78,194.11626,576.0
99,77,212.30993,606.0
99,76,230.74041,638.0
99,75,249.4077,672.0
99,74,268.31181,705.0
99,73,287.45273,738.0
99,72,306.83046,790.0
99,71,326.445,824.0
99,70,346.29636,861.0
99,69,366.38452,895.0
99,68,635.67471,1060.0
99,67,660.3861,1100.0
99,66,685.37305,1140.0
99,65,710.63557,1180.0
99,64,736.17365,1310.0
99,63,761.9873,1360.0
99,62,679.91594,1480.0
99,61,688.41596,1530.0
99,60,1466.6311,1690.0
99,59,1510.0236,1780.0
99,58,1553.7861,1870.0
99,57,1597.9187,1950.0
99,56,1642.4213,2040.0
99,55,1687.2939,2130.0
99,54,1732.5365,2220.0
99,53,1778.1491,2300.0
99,52,1824.1318,2410.0
99,51,1870.4845,2490.0
99,50,1917.2072,2580.0
99,49,1964.2999,2680.0
99,48,2011.7626,2760.0
99,47,2059.5954,2850.0
99,46,2993.2271,3294.0
99,45,3051.2999,3370.0
99,44,3109.7427,3449.0
99,43,3168.5555,3535.0
99,42,3227.7383,3616.0
99,41,3287.2911,3694.0
99,40,3347.214,3866.0
99,39,3407.5068,3947.0
99,38,3468.1697,4038.0
99,37,3529.2026,4120.0
99,36,3869.2983,4456.0
99,35,3939.1412,4537.0
99,34,4009.4145,4620.0
99,33,4080.1185,4700.0
99,32,4151.253,5260.0
99,31,4222.8181,5350.0
99,30,4369.1099,5600.0
99,29,4393.1957,5690.0
99,28,8800.3681,8960.0
99,27,8930.7262,9140.0
99,26,9061.7421,9330.0
99,25,9193.4158,9530.0
99,24,9325.7473,9720.0
99,23,9458.7366,9910.0
99,22,9592.3838,10400.0
99,21,9726.6887,10590.0
99,20,9861.6515,10810.0
99,19,9997.2721,11010.0
99,18,10720.359,11570.0
99,17,10919.894,11740.0
99,16,11120.741,11930.0
99,15,11322.9,12110.0
99,14,11526.37,13810.0
99,13,11731.153,14030.0
99,12,12196.433,14460.0
99,11,12332.287,14700.0
99,10,28964.149,29700.0
99,9,29388.929,30100.0
99,8,29815.968,30700.0
99,7,30245.264,31100.0
99,6,30676.817,37400.0
99,5,31110.628,38100.0
99,4,31674.095,38900.0
99,3,32149.821,39451.4
99,2,131735.49,154344.0
99,1,133349.4,156927.0
100,100,-296.20857,6.5
100,99,-296.32112,12.4
100,98,-243.98303,23.2
100,97,-240.17182,39.3
100,96,-236.1238,55.0
100,95,-231.83896,74.0
100,94,-227.31732,93.0
100,93,-222.55885,120.0
100,92,-217.56358,136.0
100,91,-212.3315,162.0
100,90,-26.593711,185.0
100,89,-174.88573,209.0
100,88,-166.86697,237.0
100,87,-125.89085,257.0
100,86,-117.79667,276.0
100,85,-129.11638,300.0
100,84,-119.11226,326.0
100,83,-108.87131,351.0
100,82,-98.39356,377.0
100,81,-87.678994,402.0
100,80,-60.294813,430.0
100,79,-57.068369,453.0
100,78,224.2618,616.0
100,77,243.04171,647.0
100,76,262.05843,680.0
100,75,281.31196,716.0
100,74,300.80231,749.0
100,73,320.52947,782.0
100,72,340.49344,837.0
100,71,360.69423,871.0
100,70,381.13183,909.0
100,69,401.80624,944.0
100,68,677.00985,1110.0
100,67,702.35363,1150.0
100,66,727.97298,1190.0
100,65,753.86789,1230.0
100,64,780.03836,1370.0
100,63,806.4844,1420.0
100,62,723.45449,1550.0
100,61,732.16588,1600.0
100,60,1542.0457,1770.0
100,59,1586.3543,1850.0
100,58,1631.0328,1940.0
100,57,1676.0814,2030.0
100,56,1721.4999,2120.0
100,55,1767.2886,2210.0
100,54,1813.4472,2300.0
100,53,1859.9758,2390.0
100,52,1906.8745,2490.0
100,51,1954.1432,2590.0
100,50,2001.7819,2680.0
100,49,2049.7906,2760.0
100,48,2098.1693,2850.0
100,47,2146.9181,2950.0
100,46,3096.8141,3403.0
100,45,3155.8028,3480.0
100,44,3215.1616,3561.0
100,43,3274.8904,3647.0
100,42,3334.9892,3730.0
100,41,3395.4581,3810.0
100,40,3456.2969,3986.0
100,39,3517.5058,4070.0
100,38,3579.0847,4160.0
100,37,3641.0336,4245.0
100,36,3986.3896,4586.0
100,35,4057.2205,4670.0
100,34,4128.482,4760.0
100,33,4200.1741,4840.0
100,32,4272.2967,5420.0
100,31,4344.8499,5510.0
100,30,4492.8559,5760.0
100,29,4517.272,5860.0
100,28,9033.9806,9200.0
100,27,9165.9671,9370.0
100,26,9298.6114,9570.0
100,25,9431.9136,9770.0
100,24,9565.8736,9970.0
100,23,9700.4913,10160.0
100,22,9835.7669,10660.0
100,21,9971.7003,10860.0
100,20,10108.292,11080.0
100,19,10245.541,11280.0
100,18,10976.954,11850.0
100,17,11178.789,12020.0
100,16,11381.936,12220.0
100,15,11586.394,12390.0
100,14,11792.164,14180.0
100,13,11999.246,14400.0
100,12,12469.57,14800.0
100,11,12606.936,15000.0
100,10,29595.572,30300.0
100,9,30024.878,30800.0
100,8,30456.441,31300.0
100,7,30890.262,31800.0
100,6,31326.341,38400.0
100,5,31764.678,39100.0
100,4,32333.981,40000.0
100,3,32814.606,40482.2
100,2,134426.7,158171.0
100,1,136056.93,160808.0
101,101,-299.28186,6.58
101,100,-299.39441,12.4
101,99,-239.81443,24.3
101,98,-235.65379,40.0
101,97,-231.25634,54.1
101,96,-226.62208,76.0
101,95,-221.751,96.0
101,94,-216.64311,115.1
101,93,-211.29841,143.9
101,92,-205.71689,162.0
101,91,-199.89857,187.0
101,90,-22.117015,215.0
101,89,-160.6018,240.0
101,88,-127.80494,260.0
101,87,-119.71076,282.0
101,86,-122.50178,307.0
101,85,-112.14822,334.0
101,84,-101.55785,360.0
101,83,-90.730668,386.0
101,82,-79.666672,412.0
101,81,-68.365864,438.0
101,80,-44.029509,462.0
101,79,-40.656275,486.0
101,78,255.49579,659.0
101,77,274.86194,690.0
101,76,294.4649,723.0
101,75,314.30468,760.0
101,74,334.38127,794.0
101,73,354.69467,828.0
101,72,375.24489,885.0
101,71,396.03192,920.0
101,70,417.05576,958.0
101,69,438.31641,994.0
101,68,719.43345,1160.0
101,67,745.40963,1210.0
101,66,771.66136,1250.0
101,65,798.18866,1290.0
101,64,824.99153,1430.0
101,63,852.06996,1480.0
101,62,768.08149,1620.0
101,61,777.00426,1660.0
101,60,1619.1611,1840.0
101,59,1664.3856,1930.0
101,58,1709.9802,2020.0
101,57,1755.9447,2110.0
101,56,1802.2793,2200.0
101,55,1848.9839,2290.0
101,54,1896.0586,2390.0
101,53,1943.5032,2480.0
101,52,1991.3179,2580.0
101,51,2039.5026,2680.0
101,50,2088.0573,2760.0
101,49,2136.982,2860.0
101,48,2186.2767,2950.0
101,47,2235.9415,3050.0
101,46,3202.1017,3513.0
101,45,3262.0065,3592.0
101,44,3322.2813,3675.0
101,43,3382.9261,3762.0
101,42,3443.9409,3845.0
101,41,3505.3257,3926.0
101,40,3567.0806,4109.0
101,39,3629.2055,4194.0
101,38,3691.7004,4286.0
101,37,3754.5653,4371.0
101,36,4105.1815,4720.0
101,35,4177.0006,4800.0
101,34,4249.2502,4890.0
101,33,4321.9304,4970.0
101,32,4395.0411,5580.0
101,31,4468.5824,5680.0
101,30,4618.3026,5930.0
101,29,4643.049,6030.0
101,28,9270.6165,9430.0
101,27,9404.2315,9620.0
101,26,9538.5043,9810.0
101,25,9673.4349,10020.0
101,24,9809.0233,10220.0
101,23,9945.2695,10410.0
101,22,10082.174,10930.0
101,21,10219.735,11130.0
101,20,10357.955,11350.0
101,19,10496.833,11560.0
101,18,11236.573,12130.0
101,17,11440.708,12310.0
101,16,11646.154,12500.0
101,15,11852.912,12680.0
101,14,12060.982,14560.0
101,13,12270.363,14800.0
101,12,12745.731,15200.0
101,11,12884.609,15400.0
101,10,30233.798,31000.0
101,9,30667.629,31500.0
101,8,31103.718,32000.0
101,7,31542.064,32500.0
101,6,31982.668,39500.0
101,5,32425.53,40100.0
101,4,33000.669,41000.0
101,3,33486.194,41548.0
101,2,137145.11,162066.0
101,1,138791.68,164764.0
102,102,-302.35516,6.62621
102,101,-302.46771,12.93
102,100,-235.49305,25.8
102,99,-230.98299,41.5
102,98,-226.2361,60.0
102,97,-221.25241,74.0
102,96,-216.0319,97.0
102,95,-210.57458,119.0
102,94,-204.88045,140.0
102,93,-198.94951,170.0
102,92,-192.78175,187.0
102,91,-186.37718,216.0
102,90,-17.882197,246.0
102,89,-129.71903,267.0
102,88,-121.62485,285.0
102,87,-115.73439,312.0
102,86,-105.03141,341.0
102,85,-94.091605,367.0
102,84,-82.914992,394.0
102,83,-71.501567,422.0
102,82,-59.851329,448.0
102,81,-47.964278,475.0
102,80,-27.008333,496.0
102,79,-23.488309,520.0
102,78,287.81823,701.0
102,77,307.77063,734.0
102,76,327.95983,768.0
102,75,348.38585,805.0
102,74,369.04869,840.0
102,73,389.94833,875.0
102,72,411.08479,934.0
102,71,432.45806,969.0
102,70,454.06814,1010.0
102,69,475.91503,1045.0
102,68,762.94551,1220.0
102,67,789.55407,1260.0
102,66,816.4382,1300.0
102,65,843.5979,1350.0
102,64,871.03316,1500.0
102,63,898.74398,1550.0
102,62,813.79694,1680.0
102,61,822.9311,1730.0
102,60,1697.9772,1920.0
102,59,1744.1177,2010.0
102,58,1790.6283,2110.0
102,57,1837.5088,2200.0
102,56,1884.7594,2290.0
102,55,1932.38,2380.0
102,54,1980.3707,2470.0
102,53,2028.7313,2570.0
102,52,2077.462,2680.0
102,51,2126.5627,2760.0
102,50,2176.0334,2860.0
102,49,2225.8741,2950.0
102,48,2276.0848,3050.0
102,47,2326.6656,3140.0
102,46,3309.0901,3627.0
102,45,3369.9109,3705.0
102,44,3431.1017,3790.0
102,43,3492.6625,3878.0
102,42,3554.5933,3962.0
102,41,3616.8941,4045.0
102,40,3679.565,4234.0
102,39,3742.6059,4320.0
102,38,3806.0168,4413.0
102,37,3869.7977,4500.0
102,36,4225.6742,4850.0
102,35,4298.4813,4930.0
102,34,4371.7191,5030.0
102,33,4445.3874,5110.0
102,32,4519.4862,5750.0
102,31,4594.0156,5850.0
102,30,4745.45,6110.0
102,29,4770.5267,6210.0
102,28,9510.276,9680.0
102,27,9645.5194,9860.0
102,26,9781.4206,10060.0
102,25,9917.9797,10270.0
102,24,10055.197,10470.0
102,23,10193.071,10660.0
102,22,10331.604,11200.0
102,21,10470.794,11410.0
102,20,10610.642,11630.0
102,19,10751.148,11840.0
102,18,11499.216,12420.0
102,17,11705.65,12600.0
102,16,11913.396,12800.0
102,15,12122.453,12980.0
102,14,12332.823,15000.0
102,13,12544.504,15200.0
102,12,13024.914,15600.0
102,11,13165.305,15800.0
102,10,30878.827,31700.0
102,9,31317.183,32200.0
102,8,31757.797,32700.0
102,7,32200.669,33200.0
102,6,32645.798,40500.0
102,5,33093.185,41200.0
102,4,33674.16,42100.0
102,3,34164.584,42632.0
102,2,139890.74,166050.0
102,1,141553.63,168804.0
103,103,-307.00481,4.96
103,102,-303.35448,14.54
103,101,-303.35919,21.8
103,100,-226.15939,43.6
103,99,-221.06308,56.0
103,98,-215.72996,80.0
103,97,-210.16002,96.0
103,96,-204.35327,121.0
103,95,-198.30971,143.0
103,94,-192.02934,165.0
103,93,-185.51215,197.0
103,92,-178.75815,216.0
103,91,-171.76734,244.0
103,90,-7.2131425,269.0
103,89,-123.53894,290.0
103,88,-108.81422,322.0
103,87,-97.761805,344.0
103,86,-86.472575,374.0
103,85,-74.946532,403.0
103,84,-63.183677,431.0
103,83,-51.18401,459.0
103,82,-38.94753,487.0
103,81,-30.081628,510.0
103,80,-26.561604,540.0
103,79,15.373238,560.0
103,78,321.22913,745.0
103,77,341.76777,779.0
103,76,362.54322,814.0
103,75,383.55548,852.0
103,74,404.80456,888.0
103,73,426.29044,922.0
103,72,448.01314,985.0
103,71,469.97265,1020.0
103,70,492.16898,1061.0
103,69,514.60211,1098.0
103,68,807.54602,1280.0
103,67,834.78697,1320.0
103,66,862.3035,1360.0
103,65,890.09558,1410.0
103,64,918.16324,1570.0
103,63,946.50645,1620.0
103,62,860.60085,1760.0
103,61,869.94638,1810.0
103,60,1778.494,2010.0
103,59,1825.5505,2100.0
103,58,1872.9771,2190.0
103,57,1920.7736,2290.0
103,56,1968.9402,2380.0
103,55,2017.4768,2470.0
103,54,2066.3835,2570.0
103,53,2115.6601,2670.0
103,52,2165.3068,2780.0
103,51,2215.3235,2860.0
103,50,2265.7102,2960.0
103,49,2316.4669,3060.0
103,48,2367.5937,3150.0
103,47,2419.0904,3250.0
103,46,3417.7792,3741.0
103,45,3479.516,3821.0
103,44,3541.6227,3906.0
103,43,3604.0996,3996.0
103,42,3666.9464,4082.0
103,41,3730.1632,4165.0
103,40,3793.7501,4360.0
103,39,3857.707,4448.0
103,38,3922.0339,4540.0
103,37,3986.7308,4630.0
103,36,4347.8676,4990.0
103,35,4421.6628,5070.0
103,34,4495.8887,5160.0
103,33,4570.5451,5250.0
103,32,4645.632,5920.0
103,31,4721.1496,6030.0
103,30,4874.2982,6290.0
103,29,4899.7052,6390.0
103,28,9752.9589,9920.0
103,27,9889.8308,10110.0
103,26,10027.36,10310.0
103,25,10165.548,10520.0
103,24,10304.393,10720.0
103,23,10443.896,10920.0
103,22,10584.057,11470.0
103,21,10724.876,11680.0
103,20,10866.353,11910.0
103,19,11008.487,12120.0
103,18,11764.881,12710.0
103,17,11973.615,12890.0
103,16,12183.661,13090.0
103,15,12395.018,13300.0
103,14,12607.687,15300.0
103,13,12821.668,15600.0
103,12,13307.122,16000.0
103,11,13449.025,16200.0
103,10,31530.659,32400.0
103,9,31973.54,32900.0
103,8,32418.68,33400.0
103,7,32866.076,33900.0
103,6,33315.731,41600.0
103,5,33767.643,42300.0
103,4,34354.455,43200.0
103,3,34849.778,43759.0
103,2,142663.58,170116.0
103,1,144342.8,172928.0
104,104,-295.07489,6.02
104,103,-293.08758,14.35
104,102,-303.79847,23.84
104,101,-303.69533,31.87
104,100,-215.73727,64.0
104,99,-210.05472,77.0
104,98,-204.13535,102.0
104,97,-197.97918,119.0
104,96,-191.58618,146.1
104,95,-184.95638,169.0
104,94,-178.08976,193.0
104,93,-170.98634,225.0
104,92,-163.64609,244.0
104,91,11.935452,275.0
104,78,355.72849,791.0
104,77,376.85337,825.0
104,76,398.21506,860.0
104,75,419.81357,899.0
104,74,441.64888,936.0
104,73,463.72101,972.0
104,72,486.02995,1036.0
104,71,508.57571,1073.0
104,70,531.35827,1114.0
104,69,2947.8922,1151.0
104,46,3528.169,3857.0
104,45,3590.8217,3938.0
104,44,3653.8445,4025.0
104,43,3717.2374,4116.0
104,42,3781.0002,4203.0
104,41,3845.133,4287.0
104,40,3909.6359,4489.0
104,39,3974.5088,4580.0
104,38,4039.7517,4670.0
104,37,4105.3646,4760.0
104,36,4471.7617,5130.0
104,35,4546.545,5210.0
104,34,4621.759,5300.0
104,33,4697.4035,5390.0
104,32,4773.4786,6100.0
104,31,4849.9842,6200.0
104,30,5004.847,6470.0
104,29,5030.5843,6570.0
104,28,9998.6653,10170.0
104,27,10137.166,10360.0
104,26,10276.324,10560.0
104,25,10416.14,10780.0
104,24,10556.614,10980.0
104,23,10697.745,11180.0
104,22,10839.534,11750.0
104,21,10981.982,11960.0
104,20,11125.087,12200.0
104,19,11268.85,12410.0
104,18,12033.571,13010.0
104,17,12244.604,13190.0
104,16,12456.949,13400.0
104,15,12670.606,13600.0
104,14,12885.575,15800.0
104,13,13101.856,16000.0
104,12,13592.353,16400.0
104,11,13735.768,16700.0
104,10,32189.293,33100.0
104,9,32636.7,33600.0
104,8,33086.365,34100.0
104,7,33538.287,34600.0
104,6,33992.467,42700.0
104,5,34448.904,43400.0
104,4,35041.552,44300.0
104,2,145463.64,174265.0
104,1,147159.18,177142.0
105,105,-295.5787,6.8
105,104,-308.55124,14.0
105,103,-308.52214,23.1
105,102,-288.7886,33.0
105,101,-285.60433,43.0
105,100,-204.2267,86.0
105,99,-197.9579,98.9
105,98,-191.4523,126.0
105,97,-184.70988,145.1
105,96,-177.73064,172.0
105,95,-170.5146,196.0
105,94,-163.06174,220.9
105,93,-155.37207,254.0
105,92,-147.44558,274.0
105,91,50.395875,307.0
105,78,391.3163,838.0
105,77,413.02743,872.0
105,76,434.97536,908.0
105,75,457.16011,948.0
105,74,479.58166,985.0
105,73,502.24003,1022.0
105,72,525.13522,1089.0
105,71,548.26721,1126.0
105,70,571.63602,1168.0
105,69,3085.597,1207.0
105,46,3640.2595,3975.0
105,45,3703.8283,4057.0
105,44,3767.7671,4145.0
105,43,3832.0759,4237.0
105,42,3896.7547,4326.0
105,41,3961.8036,4411.0
105,40,4027.2224,4620.0
105,39,4093.0113,4710.0
105,38,4159.1702,4810.0
105,37,4225.6992,4900.0
105,36,4597.3564,5260.0
105,35,4673.1279,5350.0
105,34,4749.33,5450.0
105,33,4825.9626,5530.0
105,32,4903.0258,6280.0
105,31,4980.5196,6380.0
105,30,5137.0966,6650.0
105,29,5163.1641,6760.0
105,28,10247.395,10420.0
105,27,10387.524,10610.0
105,26,10528.311,10820.0
105,25,10669.755,11040.0
105,24,10811.857,11240.0
105,23,10954.617,11440.0
105,22,11098.035,12040.0
105,21,11242.111,12250.0
105,20,11386.844,12480.0
105,19,11532.236,12700.0
105,18,12305.284,13300.0
105,17,12518.617,13500.0
105,16,12733.261,13700.0
105,15,12949.218,13900.0
105,14,13166.487,16200.0
105,13,13385.067,16400.0
105,12,13880.607,16900.0
105,11,14025.534,17100.0
105,10,32854.731,33800.0
105,9,33306.663,34300.0
105,8,33760.853,34800.0
105,7,34217.3,35300.0
105,6,34676.005,43800.0
105,5,35136.968,44500.0
105,4,35735.451,45400.0
105,2,148290.9,178505.0
105,1,150002.77,181445.0
106,106,-295.97641,7.8
106,105,-311.12916,17.1
106,104,-311.08317,25.8
106,103,-288.79688,35.5
106,102,-285.36995,47.2
106,101,-281.77856,59.3
106,100,-191.62767,109.0
106,99,-184.77263,122.0
106,98,-177.68078,152.0
106,97,-170.35212,170.0
106,96,-162.78664,200.0
106,95,-154.98436,224.0
106,94,-146.94526,251.0
106,93,-138.66934,285.0
106,92,-130.15662,306.0
106,91,91.010996,339.0
106,78,427.99257,885.0
106,77,450.28994,921.0
106,76,472.82411,958.0
106,75,495.5951,998.0
106,74,518.6029,1036.0
106,73,541.84751,1073.0
106,72,565.32894,1143.0
106,71,589.04718,1181.0
106,70,613.00223,1223.0
106,69,3226.2798,1263.0
106,46,3754.0507,4095.0
106,45,3818.5355,4178.0
106,44,3883.3903,4267.0
106,43,3948.6151,4360.0
106,42,4014.2099,4450.0
106,41,4080.1748,4540.0
106,40,4146.5097,4750.0
106,39,4213.2146,4840.0
106,38,4280.2895,4940.0
106,37,4347.7344,5030.0
106,36,4724.652,5410.0
106,35,4801.4116,5490.0
106,34,4878.6017,5590.0
106,33,4956.2225,5680.0
106,32,5034.2738,6460.0
106,31,5112.7557,6570.0
106,30,5271.0469,6840.0
106,29,5297.4447,6950.0
106,28,10499.149,10680.0
106,27,10640.906,10870.0
106,26,10783.321,11080.0
106,25,10926.394,11300.0
106,24,11070.124,11510.0
106,23,11214.513,11710.0
106,22,11359.559,12320.0
106,21,11505.263,12540.0
106,20,11651.625,12780.0
106,19,11798.645,12990.0
106,18,12580.02,13600.0
106,17,12795.653,13800.0
106,16,13012.597,14000.0
106,15,13230.853,14200.0
106,14,13450.422,16600.0
106,13,13671.302,16800.0
106,12,14171.885,17300.0
106,11,14318.325,17500.0
106,10,33526.971,34500.0
106,9,33983.428,35000.0
106,8,34442.143,35600.0
106,7,34903.116,36100.0
106,6,35366.346,44900.0
106,5,35831.834,45700.0
106,4,36436.154,46600.0
106,2,151145.37,182833.0
106,1,152873.57,185835.0
107,107,-296.26801,7.7
107,106,-313.69345,17.5
107,105,-313.63056,26.7
107,104,-288.69906,37.3
107,103,-285.02947,49.0
107,102,-281.19542,62.1
107,101,-277.19691,74.9
107,100,-177.94019,134.0
107,99,-170.49891,148.0
107,98,-162.82081,178.0
107,97,-154.90591,198.0
107,96,-146.75419,228.0
107,95,-138.36566,255.0
107,94,-129.74032,281.0
107,93,-120.87816,318.0
107,92,-111.7792,337.0
107,91,133.78081,374.0
107,78,465.7573,934.0
107,77,488.6409,969.0
107,76,511.76132,1008.0
107,75,535.11855,1049.0
107,74,558.71259,1088.0
107,73,582.54345,1126.0
107,72,606.61112,1197.0
107,71,630.9156,1237.0
107,70,655.45689,1280.0
107,69,3369.9409,1320.0
107,46,3869.5426,4216.0
107,45,3934.9434,4301.0
107,44,4000.7142,4390.0
107,43,4066.855,4486.0
107,42,4133.3659,4580.0
107,41,4200.2467,4660.0
107,40,4267.4976,4890.0
107,39,4335.1185,4980.0
107,38,4403.1094,5080.0
107,37,4471.4704,5170.0
107,36,4853.6482,5550.0
107,35,4931.3959,5640.0
107,34,5009.5742,5740.0
107,33,5088.183,5830.0
107,32,5167.2225,6650.0
107,31,5246.6925,6760.0
107,30,5406.6979,7040.0
107,29,5433.426,7140.0
107,28,10753.926,10930.0
107,27,10897.311,11130.0
107,26,11041.355,11340.0
107,25,11186.056,11560.0
107,24,11331.415,11780.0
107,23,11477.432,11980.0
107,22,11624.107,12610.0
107,21,11771.439,12830.0
107,20,11919.43,13070.0
107,19,12068.078,13300.0
107,18,12857.78,13900.0
107,17,13075.712,14100.0
107,16,13294.956,14300.0
107,15,13515.512,14500.0
107,14,13737.38,17000.0
107,13,13960.56,17300.0
107,12,14466.186,17700.0
107,11,14614.138,18000.0
107,10,34206.014,35200.0
107,9,34666.997,35700.0
107,8,35130.237,36300.0
107,7,35595.735,36800.0
107,6,36063.491,46100.0
107,5,36533.504,46900.0
107,4,37143.66,47800.0
107,2,154027.06,187260.0
107,1,155771.58,190329.0
108,108,-296.45352,7.6
108,107,-316.2441,18.2
108,106,-291.04083,29.3
108,105,-313.61862,37.7
108,104,-284.58289,51.2
108,103,-280.50618,64.0
108,102,-276.26502,78.1
108,101,-271.8594,91.7
108,100,-163.16425,159.9
108,99,-155.13672,173.9
108,98,-146.87239,206.1
108,97,-138.37124,227.0
108,96,-129.63328,258.0
108,95,-120.65851,285.0
108,94,-111.44693,314.0
108,93,-101.99853,351.0
108,92,-92.31332,371.0
108,91,178.70533,409.0
108,78,504.61048,984.0
108,77,528.08032,1020.0
108,76,551.78698,1060.0
108,75,575.73046,1101.0
108,74,599.91074,1140.0
108,73,624.32784,1180.0
108,72,648.98175,1253.0
108,71,673.87247,1294.0
108,70,699,1338.0
108,69,3516.58,1379.0
108,46,3986.7353,4339.0
108,45,4053.052,4425.0
108,44,4119.7388,4516.0
108,43,4186.7957,4610.0
108,42,4254.2225,4700.0
108,41,4322.0194,4790.0
108,40,4390.1863,5020.0
108,39,4458.7232,5110.0
108,38,4527.6301,5220.0
108,37,4596.907,5310.0
108,36,4984.3451,5700.0
108,35,5063.0809,5780.0
108,34,5142.2473,5880.0
108,33,5221.8443,5980.0
108,32,5301.8718,6840.0
108,31,5382.33,6950.0
108,30,5544.0496,7230.0
108,29,5571.1079,7340.0
108,28,11011.726,11200.0
108,27,11156.74,11390.0
108,26,11302.412,11610.0
108,25,11448.742,11830.0
108,24,11595.729,12040.0
108,23,11743.375,12250.0
108,22,11891.678,12910.0
108,21,12040.639,13130.0
108,20,12190.258,13400.0
108,19,12340.534,13600.0
108,18,13138.563,14200.0
108,17,13358.795,14400.0
108,16,13580.339,14600.0
108,15,13803.194,14800.0
108,14,14027.362,17500.0
108,13,14252.841,17700.0
108,12,14763.511,18200.0
108,11,14912.975,18400.0
108,10,34891.86,35900.0
108,9,35357.368,36400.0
108,8,35825.134,37000.0
108,7,36295.157,37500.0
108,6,36767.438,47300.0
108,5,37241.976,48100.0
108,4,37857.968,49000.0
108,2,156935.96,191784.0
108,1,158696.8,194911.0
109,105,-226.83049,50.0
109,102,-270.57874,94.0
109,101,-265.76602,109.0
109,100,-147.29985,187.0
109,99,-138.68609,202.0
109,98,-129.83551,235.9
109,97,-120.74812,257.0
109,96,-111.42392,289.0
109,95,-101.86291,318.0
109,94,-92.065079,346.0
109,93,-82.03044,386.0
109,92,-71.758988,406.0
109,91,225.78454,445.0
109,78,544.55211,1035.0
109,77,568.6082,1072.0
109,76,592.9011,1112.0
109,75,617.43082,1154.0
109,74,642.19734,1195.0
109,73,667.20068,1234.0
109,72,692.44083,1311.0
109,71,717.9178,1352.0
109,70,743.63158,1397.0
109,69,3666.1973,1439.0
109,46,4105.6286,4464.0
109,45,4172.8614,4551.0
109,44,4240.4642,4640.0
109,43,4308.437,4740.0
109,42,4376.7799,4830.0
109,41,4445.4927,4920.0
109,40,4514.5756,5160.0
109,39,4584.0285,5250.0
109,38,4653.8515,5360.0
109,37,4724.0444,5450.0
109,36,5116.7427,5840.0
109,35,5196.4667,5930.0
109,34,5276.6212,6030.0
109,33,5357.2063,6130.0
109,32,5438.2219,7030.0
109,31,5519.6682,7150.0
109,30,5683.102,7430.0
109,29,5710.4906,7550.0
109,28,11272.55,11460.0
109,27,11419.192,11660.0
109,26,11566.493,11870.0
109,25,11714.451,12100.0
109,24,11863.067,12320.0
109,23,12012.341,12530.0
109,22,12162.272,13200.0
109,21,12312.862,13400.0
109,20,12464.109,13700.0
109,19,12616.014,13900.0
109,18,13422.37,14500.0
109,17,13644.901,14700.0
109,16,13868.745,14900.0
109,15,14093.9,15100.0
109,14,14320.367,17900.0
109,13,14548.146,18200.0
109,12,15063.859,18700.0
109,11,15214.836,18900.0
109,10,35584.509,36700.0
109,9,36054.542,37200.0
109,8,36526.833,37800.0
109,7,37001.381,38300.0
109,6,37478.187,48500.0
109,5,37957.251,49400.0
109,4,38579.079,50300.0
109,2,159872.06,196392.0
109,1,161649.24,199605.0
110,105,-213.95736,65.0
110,102,-264.1366,112.9
110,101,-258.91676,128.0
110,100,-130.347,216.0
110,99,-121.14699,231.0
110,98,-111.71018,266.0
110,97,-102.03654,288.0
110,96,-92.1261,322.0
110,95,-81.978844,352.0
110,94,-71.594775,380.0
110,93,-60.973894,422.0
110,92,-50.116201,442.0
110,91,275.01845,483.0
110,78,585.5822,1087.0
110,77,610.22453,1125.0
110,76,635.10368,1165.0
110,75,660.21963,1208.0
110,74,685.5724,1250.0
110,73,711.16198,1290.0
110,72,736.98838,1369.0
110,71,763.05158,1412.0
110,70,789.3516,1457.0
110,69,3818.7927,1500.0
110,46,4226.2227,4590.0
110,45,4294.3715,4680.0
110,44,4362.8903,4770.0
110,43,4431.7791,4870.0
110,42,4501.038,4960.0
110,41,4570.6668,5060.0
110,40,4640.6657,5300.0
110,39,4711.0346,5400.0
110,38,4781.7736,5500.0
110,37,4852.8825,5600.0
110,36,5250.8411,5990.0
110,35,5331.5532,6080.0
110,34,5412.6958,6190.0
110,33,5494.269,6280.0
110,32,5576.2727,7230.0
110,31,5658.7071,7350.0
110,30,5823.8551,7640.0
110,29,5851.574,7750.0
110,28,11536.397,11730.0
110,27,11684.668,11930.0
110,26,11833.597,12140.0
110,25,11983.184,12380.0
110,24,12133.428,12600.0
110,23,12284.33,12810.0
110,22,12435.89,13500.0
110,21,12588.108,13700.0
110,20,12740.984,14000.0
110,19,12894.518,14200.0
110,18,13709.2,14800.0
110,17,13934.031,15000.0
110,16,14160.174,15300.0
110,15,14387.629,15500.0
110,14,14616.396,18400.0
110,13,14846.475,18600.0
110,12,15367.231,19100.0
110,11,15519.72,19400.0
110,10,36283.961,37400.0
110,9,36758.519,37900.0
110,8,37235.335,38500.0
110,7,37714.409,39100.0
110,6,38195.74,49800.0
110,5,38679.329,50700.0
110,4,39306.993,51600.0
110,2,162835.38,201112.0
110,1,164628.89,204394.0
